time_seconds,total_vibration,rms_x,rms_y,rms_z
12.86,5.487465,3.973238,3.269943,1.906076
12.87,5.494925,3.969758,3.285793,1.907561
12.88,5.495113,3.949037,3.307381,1.913793
12.89,5.476339,3.927324,3.303014,1.912203
12.9,5.436782,3.939651,3.237825,1.885269
12.91,5.480038,4.044056,3.157177,1.92579
12.92,5.512955,4.060613,3.146639,2.00069
12.93,5.500958,4.034993,3.20486,1.92568
12.94,5.466814,3.991253,3.211618,1.908262
12.95,5.424913,3.961566,3.213055,1.847148
12.96,5.387121,3.988759,3.169082,1.751513
12.97,5.384825,4.054843,3.098094,1.719418
12.98,5.413789,4.114025,3.074335,1.712417
12.99,5.398845,4.101478,3.036797,1.761611
13.0,5.370385,4.060906,3.049541,1.746534
13.01,5.337908,3.986159,3.0632,1.794605
13.02,5.266657,3.948592,2.992759,1.785971
13.03,5.255899,3.981877,2.944263,1.76081
13.04,5.268979,3.988845,2.943282,1.785594
13.05,5.274783,3.969587,2.933751,1.859791
13.06,5.265508,3.944656,2.938836,1.87843
13.07,5.215959,3.892485,2.920328,1.87789
13.08,5.159197,3.885596,2.824911,1.881313
13.09,5.132984,3.886259,2.779537,1.875818
13.1,5.16141,3.887105,2.82176,1.888978
13.11,5.13232,3.848367,2.821574,1.889311
13.12,5.090724,3.792769,2.819763,1.891905
13.13,5.028047,3.77936,2.79087,1.791296
13.14,5.034961,3.788083,2.786774,1.798652
13.15,5.042409,3.782186,2.80881,1.797651
13.16,5.041307,3.757731,2.837431,1.800895
13.17,5.040894,3.734138,2.881349,1.778946
13.18,5.039222,3.734913,2.876786,1.779967
13.19,4.99653,3.751182,2.733514,1.849823
13.2,4.99396,3.779247,2.675272,1.87079
13.21,4.999203,3.717315,2.749212,1.90143
13.22,4.944531,3.606258,2.802209,1.894971
13.23,4.923844,3.551282,2.840653,1.887676
13.24,4.877556,3.552216,2.763263,1.88061
13.25,4.879273,3.589144,2.727533,1.867059
13.26,4.863398,3.573269,2.720437,1.866443
13.27,4.863964,3.580857,2.718752,1.855802
13.28,4.859717,3.565981,2.718597,1.873463
13.29,4.806867,3.520628,2.695096,1.856773
13.3,4.789924,3.501277,2.643079,1.923166
13.31,4.780263,3.515198,2.608862,1.920451
13.32,4.799028,3.517762,2.637079,1.924015
13.33,4.811065,3.494567,2.676909,1.941264
13.34,4.775573,3.462772,2.672224,1.916906
13.35,4.744135,3.453247,2.626231,1.919587
13.36,4.729118,3.473595,2.571597,1.919789
13.37,4.753605,3.510357,2.566666,1.919995
13.38,4.770045,3.502697,2.605424,1.922553
13.39,4.773083,3.455114,2.653366,1.950425
13.4,4.727154,3.378752,2.673253,1.945183
13.41,4.661853,3.300088,2.678122,1.915712
13.42,4.65398,3.33675,2.63974,1.886108
13.43,4.684371,3.425745,2.558833,1.913106
13.44,4.720702,3.481528,2.553855,1.908356
13.45,4.717024,3.481656,2.548887,1.905666
13.46,4.710856,3.428113,2.599999,1.918386
13.47,4.675716,3.347805,2.640045,1.919552
13.48,4.61209,3.275536,2.651845,1.873488
13.49,4.5936,3.29037,2.61414,1.854966
13.5,4.620198,3.357737,2.564786,1.869145
13.51,4.649468,3.435226,2.558734,1.80822
13.52,4.658285,3.427306,2.593882,1.79582
13.53,4.708136,3.391533,2.707076,1.826414
13.54,4.701771,3.35582,2.736671,1.831873
13.55,4.666988,3.341236,2.736497,1.768758
13.56,4.647748,3.317929,2.718608,1.789437
13.57,4.640686,3.336841,2.675549,1.800806
13.58,4.659759,3.37406,2.662721,1.799719
13.59,4.67514,3.383306,2.638326,1.857259
13.6,4.667545,3.370818,2.649712,1.844612
13.61,4.735308,3.332938,2.672966,2.042039
13.62,4.689711,3.294313,2.673815,1.9979
13.63,4.66667,3.275015,2.671328,1.978912
13.64,4.670977,3.309705,2.634032,1.981353
13.65,4.684327,3.350378,2.605957,1.981634
13.66,4.678528,3.372317,2.563581,1.98599
13.67,4.639184,3.340408,2.554287,1.959418
13.68,4.655071,3.304486,2.612227,1.981497
13.69,4.633136,3.276505,2.662511,1.908271
13.7,4.67579,3.24315,2.695679,2.019482
13.71,4.662178,3.258364,2.64451,2.031141
13.72,4.675679,3.28303,2.627349,2.044683
13.73,4.672742,3.300644,2.583207,2.065747
13.74,4.663226,3.291861,2.573782,2.070018
13.75,4.6445,3.268434,2.574949,2.063578
13.76,4.645112,3.246775,2.581146,2.09122
13.77,4.650993,3.204834,2.596279,2.149445
13.78,4.658758,3.190049,2.653186,2.11854
13.79,4.749078,3.169009,2.699843,2.285164
13.8,4.734269,3.177374,2.668619,2.279488
13.81,4.73123,3.179892,2.657574,2.28257
13.82,4.696151,3.180057,2.612206,2.262179
13.83,4.701138,3.216069,2.573694,2.265765
13.84,4.736204,3.217707,2.588475,2.319006
13.85,4.770706,3.208232,2.657969,2.324239
13.86,4.81622,3.15936,2.700607,2.43334
13.87,4.793461,3.125435,2.67842,2.456622
13.88,4.775985,3.147341,2.620477,2.457106
13.89,4.79635,3.222513,2.571729,2.450835
13.9,4.826905,3.284025,2.551809,2.449992
13.91,4.839286,3.325401,2.545059,2.425503
13.92,4.842811,3.322104,2.578157,2.40199
13.93,4.845129,3.285054,2.656445,2.372128
13.94,4.863439,3.249877,2.734299,2.369587
13.95,4.877967,3.205076,2.807943,2.374343
13.96,4.912934,3.213727,2.83178,2.406221
13.97,4.996755,3.244478,2.816951,2.550628
13.98,5.044315,3.287614,2.804817,2.601866
13.99,5.052097,3.287789,2.826312,2.593471
14.0,5.02876,3.265903,2.827159,2.574778
14.01,5.045314,3.254872,2.817703,2.630884
14.02,5.067161,3.261927,2.777722,2.705589
14.03,5.033959,3.260614,2.733624,2.690062
14.04,5.042065,3.248385,2.776363,2.676232
14.05,5.041195,3.219038,2.82291,2.66132
14.06,5.058815,3.196373,2.854365,2.688385
14.07,5.088568,3.214815,2.866987,2.709036
14.08,5.086341,3.193566,2.892614,2.702735
14.09,5.113465,3.210054,2.88861,2.738432
14.1,5.127264,3.220447,2.841019,2.801102
14.11,5.101292,3.259518,2.863947,2.682636
14.12,5.138081,3.258495,2.919049,2.694669
14.13,5.128847,3.2416,2.907644,2.709743
14.14,5.137158,3.233599,2.924934,2.71643
14.15,5.283386,3.210781,2.953936,2.979818
14.16,5.273011,3.165658,2.967275,2.996419
14.17,5.266115,3.178062,2.936347,3.001625
14.18,5.328837,3.214887,2.904158,3.102719
14.19,5.324952,3.198522,2.863489,3.150396
14.2,5.301359,3.202312,2.830015,3.136976
14.21,5.37608,3.213519,2.813317,3.265085
14.22,5.37625,3.187626,2.780134,3.318729
14.23,5.357231,3.170598,2.768745,3.313802
14.24,5.471486,3.194755,2.773687,3.46949
14.25,5.483217,3.175415,2.782605,3.498502
14.26,5.463986,3.142689,2.776443,3.502857
14.27,5.484888,3.15941,2.76142,3.532236
14.28,5.490113,3.150089,2.712766,3.585969
14.29,5.415878,3.149389,2.675861,3.500406
14.3,5.443626,3.165271,2.659959,3.541008
14.31,5.483936,3.162978,2.660571,3.604231
14.32,5.561453,3.13952,2.684429,3.723844
14.33,5.520757,3.067534,2.688006,3.7207
14.34,5.461057,3.00862,2.687467,3.680878
14.35,5.483347,2.958248,2.662184,3.772086
14.36,5.390663,2.947212,2.625566,3.671456
14.37,5.399088,2.97038,2.616658,3.671524
14.38,5.448438,2.995275,2.617878,3.722972
14.39,5.502727,2.935588,2.629133,3.840571
14.4,5.48387,2.845711,2.675895,3.84894
14.41,5.445218,2.760043,2.682477,3.851867
14.42,5.411451,2.747,2.647677,3.837655
14.43,5.402756,2.790603,2.583752,3.837517
14.44,5.427695,2.798741,2.534145,3.899363
14.45,5.395443,2.800144,2.484735,3.885369
14.46,5.372833,2.805233,2.437704,3.880155
14.47,5.264774,2.807503,2.422597,3.737218
14.48,5.258939,2.811209,2.418446,3.728896
14.49,5.283739,2.780271,2.392447,3.803181
14.5,5.265322,2.714448,2.407845,3.815452
14.51,5.276507,2.641029,2.437251,3.863457
14.52,5.20019,2.612628,2.436628,3.778755
14.53,5.169693,2.616527,2.343373,3.793167
14.54,5.16072,2.643531,2.280123,3.800764
14.55,5.21292,2.719739,2.253013,3.834252
14.56,5.144223,2.729047,2.207562,3.760585
14.57,5.113498,2.684793,2.191226,3.760089
14.58,5.145461,2.729356,2.19708,3.768186
14.59,5.14332,2.680232,2.21906,3.787595
14.6,5.138123,2.665007,2.200876,3.801867
14.61,5.098489,2.652818,2.151775,3.785104
14.62,5.135514,2.662647,2.085899,3.864304
14.63,5.188421,2.661503,2.093872,3.930879
14.64,5.155859,2.62747,2.059713,3.928977
14.65,5.119651,2.631203,2.021366,3.898933
14.66,5.126337,2.630928,2.037518,3.899496
14.67,5.128253,2.591745,2.020582,3.936888
14.68,5.160852,2.563786,1.988907,4.013184
14.691,5.161747,2.558018,2.002825,4.011094
14.7,5.155576,2.558825,2.00775,4.000165
14.71,5.173626,2.559631,2.032,4.010695
14.72,5.171534,2.559647,2.091719,3.977146
14.73,5.183949,2.550069,2.085189,4.002807
14.74,5.179225,2.538706,2.058847,4.017523
14.75,5.248849,2.532329,2.06837,4.106042
14.76,5.258971,2.534425,2.070065,4.116831
14.77,5.319041,2.536484,2.083106,4.185584
14.78,5.32864,2.514627,2.110691,4.197146
14.79,5.306476,2.516317,2.097669,4.174521
14.8,5.330514,2.532922,2.102256,4.192756
14.81,5.327722,2.521733,2.125757,4.184094
14.82,5.259366,2.521102,2.111113,4.104653
14.83,5.295608,2.554816,2.129471,4.120889
14.84,5.307428,2.533452,2.172577,4.126781
14.85,5.230932,2.52222,2.119716,4.062986
14.86,5.262743,2.550583,2.128614,4.081666
14.87,5.323833,2.529874,2.164809,4.1541
14.88,5.26297,2.466664,2.16966,4.111812
14.89,5.171175,2.465209,2.163846,3.997695
14.9,5.20627,2.48138,2.179019,4.024907
14.91,5.193613,2.467973,2.177819,4.017441
14.92,5.180451,2.414644,2.181507,4.03083
14.93,5.176654,2.337812,2.211709,4.054717
14.94,5.178614,2.295112,2.20495,4.085181
14.95,5.179078,2.296635,2.184999,4.095619
14.96,5.159468,2.276767,2.133283,4.109203
14.97,5.138818,2.238475,2.124754,4.108783
14.98,5.126697,2.221522,2.121259,4.104647
14.99,5.110274,2.283991,2.12043,4.049946
15.0,5.132427,2.343817,2.127859,4.039869
15.01,5.091043,2.35146,2.127531,3.982833
15.02,5.101778,2.348331,2.161146,3.980318
15.03,5.197347,2.349296,2.194368,4.083867
15.04,5.176116,2.314007,2.179566,4.084978
15.05,5.111887,2.228343,2.152075,4.066257
15.06,5.080723,2.224139,2.135887,4.037937
15.07,5.110244,2.228981,2.17298,4.052702
15.08,5.094052,2.196184,2.121332,4.077511
15.09,5.108239,2.278945,2.084567,4.068796
15.1,5.223886,2.312908,2.079184,4.197194
15.11,5.20617,2.263979,2.104548,4.189211
15.12,5.140523,2.243504,2.092942,4.124471
15.13,5.102888,2.280924,2.086411,4.060018
15.14,5.112619,2.355968,2.087064,4.028952
15.15,5.104427,2.387821,2.085891,4.000318
15.16,5.087211,2.390712,2.118225,3.959462
15.17,5.089091,2.384572,2.174354,3.93508
15.18,5.004844,2.390498,2.180211,3.818464
15.19,4.957591,2.425118,2.15233,3.750198
15.2,4.947246,2.449405,2.153582,3.719912
15.21,4.887078,2.430226,2.116578,3.673912
15.22,4.892445,2.436833,2.057164,3.710248
15.23,4.899241,2.434998,2.079253,3.708107
15.24,4.92224,2.410627,2.063374,3.762953
15.25,4.800046,2.409299,2.044672,3.613175
15.26,4.793695,2.401452,2.045083,3.609733
15.27,4.714342,2.385414,2.032584,3.521849
15.28,4.686394,2.459497,2.002403,3.450152
15.29,4.775024,2.487673,1.994458,3.554502
15.3,4.731239,2.447192,1.994069,3.52414
15.31,4.665094,2.459758,1.955461,3.448024
15.32,4.698014,2.513713,1.941329,3.461766
15.33,4.679064,2.515773,1.911459,3.451211
15.34,4.639492,2.538335,1.873009,3.401996
15.35,4.646684,2.553942,1.882652,3.3948
15.36,4.628213,2.52412,1.88728,3.3893
15.37,4.523742,2.499717,1.892706,3.260877
15.38,4.545729,2.518168,1.874057,3.287915
15.39,4.547627,2.512257,1.891459,3.285097
15.4,4.524526,2.556987,1.847527,3.243424
15.41,4.562501,2.556366,1.84922,3.295724
15.42,4.552957,2.520751,1.854818,3.306793
15.43,4.490283,2.521839,1.805969,3.246759
15.44,4.411304,2.541118,1.761101,3.14656
15.45,4.396438,2.575744,1.730237,3.114561
15.46,4.453247,2.58794,1.736605,3.180907
15.47,4.482148,2.590809,1.758182,3.207204
15.48,4.518778,2.561133,1.77571,3.272125
15.49,4.497469,2.480668,1.806228,3.288017
15.5,4.493401,2.422923,1.794754,3.33151
15.51,4.526993,2.454192,1.792306,3.355331
15.52,4.555704,2.472995,1.758862,3.397814
15.53,4.494395,2.509376,1.713541,3.311554
15.54,4.509837,2.540457,1.699502,3.316082
15.55,4.548835,2.587722,1.697873,3.33359
15.56,4.582583,2.614945,1.752427,3.330335
15.57,4.540759,2.595425,1.715345,3.307545
15.58,4.531642,2.587729,1.716537,3.300445
15.59,4.469698,2.557482,1.714339,3.240144
15.6,4.353261,2.528871,1.71309,3.101775
15.61,4.366848,2.526148,1.67649,3.14282
15.62,4.410386,2.525306,1.676631,3.203629
15.63,4.455503,2.503103,1.712176,3.264113
15.64,4.500402,2.419305,1.715785,3.384769
15.65,4.479375,2.37724,1.702854,3.393202
15.661,4.53438,2.435706,1.63566,3.457247
15.67,4.571358,2.492367,1.567797,3.496775
15.68,4.565191,2.509969,1.535473,3.490466
15.691,4.586933,2.525334,1.527462,3.511339
15.7,4.605511,2.52485,1.561326,3.521097
15.71,4.59794,2.56802,1.567733,3.476857
15.72,4.62502,2.620092,1.610331,3.454382
15.73,4.702177,2.635503,1.58107,3.558764
15.74,4.64711,2.63252,1.577824,3.489404
15.75,4.649393,2.63647,1.587771,3.484948
15.76,4.644768,2.671314,1.586356,3.452742
15.77,4.655673,2.676268,1.589169,3.462286
15.78,4.617212,2.670434,1.585572,3.416634
15.79,4.541587,2.641653,1.617621,3.321293
15.8,4.545776,2.642609,1.623296,3.323492
15.81,4.549776,2.619262,1.667193,3.325717
15.82,4.514411,2.56291,1.672608,3.318702
15.83,4.537128,2.52096,1.763546,3.334696
15.84,4.498582,2.479507,1.733385,3.329364
15.85,4.559145,2.498229,1.737518,3.39495
15.86,4.682678,2.554496,1.734389,3.5205
15.87,4.770186,2.57496,1.692959,3.641173
15.88,4.804803,2.571874,1.741805,3.665748
15.89,4.855207,2.549402,1.72574,3.754384
15.9,4.846325,2.518982,1.692293,3.778589
15.91,4.820218,2.555206,1.681228,3.725438
15.92,4.816067,2.576053,1.66921,3.711091
15.93,4.814046,2.560355,1.657559,3.724529
15.94,4.810133,2.547061,1.667233,3.724271
15.95,4.805701,2.528685,1.668097,3.730679
15.96,4.787574,2.558656,1.672637,3.684621
15.97,4.779098,2.543764,1.729661,3.6575
15.98,4.760393,2.542088,1.78541,3.607138
15.99,4.732814,2.548779,1.764349,3.576356
16.0,4.783931,2.559716,1.813606,3.611743
16.01,4.771498,2.526904,1.878737,3.58501
16.02,4.767549,2.517263,1.956602,3.544661
16.03,4.776744,2.488006,2.031834,3.535359
16.04,4.808149,2.450075,2.136794,3.542533
16.05,4.833911,2.411287,2.201347,3.564613
16.06,4.855799,2.378169,2.212438,3.609462
16.07,4.884657,2.383997,2.262201,3.613708
16.08,4.866013,2.357703,2.278285,3.595655
16.09,4.878906,2.350314,2.284983,3.613668
16.1,4.965627,2.427414,2.335775,3.648187
16.11,4.952812,2.443214,2.335016,3.620601
16.12,4.927717,2.447588,2.325832,3.589181
16.13,4.944255,2.429626,2.320838,3.62716
16.14,4.892458,2.428804,2.349867,3.537681
16.15,4.884019,2.419135,2.386092,3.508275
16.16,4.883515,2.35853,2.443494,3.509329
16.17,4.907352,2.298431,2.511793,3.53415
16.18,4.90606,2.274997,2.527681,3.53619
16.19,4.914375,2.280097,2.536015,3.538484
16.2,4.894792,2.281154,2.51259,3.527353
16.21,4.928256,2.321087,2.556172,3.516568
16.22,4.919344,2.280565,2.587898,3.507385
16.23,4.827341,2.256325,2.614698,3.372769
16.24,4.825459,2.257935,2.689497,3.30959
16.25,4.850391,2.265472,2.713462,3.321303
16.26,4.873953,2.265048,2.737521,3.336309
16.27,4.86434,2.249875,2.739248,3.331124
16.28,4.918394,2.186397,2.773596,3.423073
16.29,4.933124,2.209049,2.750388,3.448358
16.3,5.031331,2.266537,2.761323,3.542908
16.31,5.148158,2.270349,2.747956,3.714536
16.32,5.137176,2.27928,2.753191,3.689905
16.33,5.12081,2.330425,2.692467,3.680005
16.34,5.2138,2.342629,2.707216,3.790354
16.35,5.174443,2.309138,2.70593,3.757749
16.36,5.111141,2.272893,2.686511,3.706801
16.37,5.028283,2.275261,2.691582,3.586392
16.38,5.041031,2.265699,2.654648,3.637505
16.39,5.033566,2.26005,2.646869,3.63635
16.4,5.039195,2.262678,2.647765,3.641857
16.41,5.106019,2.233364,2.648101,3.751144
16.42,5.162569,2.215471,2.656682,3.832212
16.43,5.172621,2.223371,2.658095,3.840204
16.44,5.201255,2.236462,2.662134,3.868376
16.45,5.228999,2.213172,2.696175,3.895502
16.46,5.211317,2.171893,2.707382,3.88726
16.47,5.24667,2.184556,2.647776,3.96794
16.48,5.238449,2.185707,2.605305,3.984521
16.49,5.246705,2.208551,2.601765,3.985102
16.5,5.167436,2.210931,2.590553,3.886285
16.51,5.149029,2.215654,2.536077,3.895086
16.52,5.151619,2.203573,2.540161,3.902694
16.53,5.235138,2.194807,2.514194,4.0334
16.54,5.187226,2.213279,2.457341,3.996271
16.55,5.159073,2.22583,2.401786,3.986621
16.56,5.113499,2.266465,2.371385,3.922696
16.57,5.11919,2.361795,2.304496,3.913736
16.58,5.167313,2.436385,2.291517,3.938795
16.59,5.170702,2.421728,2.291616,3.9522
16.6,5.248498,2.32347,2.253539,4.13156
16.61,5.249151,2.30636,2.27102,4.132404
16.62,5.266611,2.298196,2.270815,4.159193
16.63,5.189409,2.297558,2.262209,4.066153
16.64,5.225543,2.327667,2.274298,4.0885
16.65,5.213407,2.397654,2.238336,4.052248
16.66,5.222414,2.53865,2.162311,4.019114
16.67,5.17887,2.572203,2.084964,3.982135
16.68,5.195101,2.552719,2.098029,4.008862
16.691,5.356976,2.507314,2.101686,4.241872
16.7,5.368444,2.461545,2.107704,4.28002
16.71,5.359925,2.378099,2.052224,4.343019
16.72,5.357218,2.34167,2.068273,4.351852
16.73,5.438493,2.343615,2.075795,4.446993
16.74,5.437142,2.388751,2.050985,4.432815
16.75,5.470455,2.425764,2.076983,4.441587
16.76,5.458457,2.405345,2.088975,4.432296
16.77,5.429082,2.380722,2.085782,4.410965
16.78,5.358182,2.380466,2.044644,4.343147
16.79,5.385128,2.452417,2.051908,4.333005
16.8,5.364889,2.489091,2.07255,4.276798
16.81,5.252353,2.503722,2.071391,4.126492
16.82,5.259339,2.497044,2.096202,4.126906
16.83,5.274739,2.473545,2.141391,4.137499
16.84,5.261183,2.471988,2.172907,4.104606
16.85,5.343288,2.508355,2.221246,4.162325
16.86,5.42326,2.493072,2.284616,4.239913
16.87,5.427419,2.471204,2.302529,4.248339
16.88,5.42198,2.519914,2.307205,4.210072
16.89,5.38235,2.594063,2.307167,4.113091
16.9,5.351599,2.603095,2.30602,4.06765
16.91,5.292591,2.596375,2.304651,3.994864
16.92,5.289788,2.649465,2.346876,3.931204
16.93,5.425934,2.661136,2.39902,4.074778
16.94,5.436465,2.650197,2.438574,4.072464
16.95,5.4317,2.649699,2.490451,4.034862
16.96,5.476097,2.656155,2.573254,4.038669
16.97,5.451207,2.654319,2.686707,3.930886
16.98,5.460858,2.660578,2.710401,3.923777
16.99,5.455675,2.639127,2.702316,3.936609
17.0,5.442401,2.645003,2.682243,3.928009
17.01,5.46865,2.700234,2.679455,3.92879
17.02,5.481924,2.787828,2.640475,3.912468
17.03,5.401314,2.804146,2.595325,3.817753
17.04,5.371228,2.793935,2.59456,3.783156
17.05,5.403912,2.780199,2.67643,3.782788
17.06,5.419098,2.758345,2.744022,3.772069
17.07,5.386523,2.698882,2.744085,3.768378
17.08,5.375736,2.680885,2.768295,3.748057
17.09,5.377831,2.720149,2.788827,3.70733
17.1,5.28991,2.737464,2.826402,3.53566
17.11,5.27255,2.735926,2.866805,3.477919
17.12,5.302058,2.739931,2.947658,3.451943
17.13,5.313671,2.742408,3.000749,3.421959
17.14,5.321477,2.734132,3.03961,3.406377
17.15,5.306177,2.669757,3.060295,3.41504
17.16,5.240492,2.541768,3.060906,3.410723
17.17,5.215469,2.529461,3.066981,3.375881
17.18,5.238909,2.5658,3.053973,3.396481
17.19,5.12419,2.604891,3.046459,3.192327
17.2,5.106816,2.641193,3.044682,3.135854
17.21,5.088649,2.659253,3.049975,3.08551
17.22,5.005771,2.667322,3.014212,2.976183
17.23,4.992749,2.689971,3.025176,2.922311
17.24,4.946728,2.644011,2.997295,2.914712
17.25,4.939139,2.618729,3.011708,2.909804
17.26,4.999478,2.651681,3.083328,2.907999
17.27,5.09419,2.698129,3.168819,2.937594
17.28,5.157416,2.692997,3.23101,2.984507
17.29,5.229028,2.616428,3.296043,3.103729
17.3,5.214728,2.533154,3.315281,3.128168
17.31,5.224763,2.515506,3.347566,3.124769
17.32,5.227797,2.531718,3.339311,3.125583
17.33,5.232722,2.561012,3.303415,3.148023
17.34,5.192895,2.563004,3.279211,3.10547
17.35,5.131926,2.537667,3.31472,2.984886
17.36,5.070275,2.534509,3.308437,2.887594
17.37,5.119329,2.578422,3.354853,2.881707
17.38,5.089618,2.525771,3.351684,2.879393
17.39,5.054901,2.481267,3.352927,2.855384
17.4,5.094224,2.512534,3.358521,2.891129
17.41,5.119997,2.512936,3.362428,2.931484
17.42,5.173595,2.495481,3.451474,2.937003
17.43,5.147923,2.466652,3.488307,2.872012
17.44,5.161464,2.45135,3.509158,2.883991
17.45,5.185806,2.452747,3.529438,2.901669
17.46,5.143882,2.439764,3.478904,2.899017
17.47,5.070781,2.422083,3.404254,2.873567
17.48,5.096112,2.408224,3.414166,2.917925
17.49,5.11958,2.408193,3.447914,2.919349
17.5,5.131794,2.427075,3.450199,2.922455
17.51,5.084315,2.364758,3.423484,2.921974
17.52,5.035314,2.271975,3.407951,2.928889
17.53,5.050087,2.288089,3.414019,2.934707
17.54,5.077764,2.354818,3.409553,2.93487
17.55,5.062948,2.424797,3.334405,2.93863
17.56,5.036033,2.440333,3.283277,2.93709
17.57,5.072598,2.463515,3.322172,2.936924
17.58,5.077463,2.401628,3.361478,2.951826
17.59,5.101465,2.341769,3.404571,2.991648
17.6,5.093346,2.331765,3.388275,3.004104
17.61,5.077024,2.332627,3.341595,3.027998
17.62,5.079212,2.370012,3.294521,3.054108
17.63,5.064541,2.387856,3.236596,3.077688
17.64,5.051716,2.406783,3.174197,3.106718
17.65,5.070814,2.424975,3.160656,3.137341
17.66,5.08595,2.454916,3.184486,3.114375
17.67,5.12238,2.444895,3.221583,3.14367
17.68,5.156261,2.409626,3.35353,3.08781
17.691,5.180797,2.362856,3.45189,3.056472
17.7,5.197242,2.341218,3.504468,3.041173
17.71,5.241559,2.312577,3.596724,3.03142
17.72,5.256273,2.314593,3.600028,3.051371
17.73,5.198575,2.287166,3.584793,2.990536
17.74,5.232072,2.32049,3.590895,3.015854
17.75,5.197143,2.317891,3.54531,3.011388
17.76,5.159227,2.356472,3.463017,3.012006
17.77,5.086645,2.355006,3.384633,2.978618
17.78,5.077258,2.452914,3.335418,2.938835
17.79,4.985878,2.506022,3.289925,2.784821
17.8,4.953415,2.534535,3.278581,2.713551
17.81,4.981335,2.53255,3.306883,2.732108
17.82,5.093469,2.508093,3.413472,2.828623
17.83,5.078612,2.465,3.451905,2.792925
17.84,5.089249,2.442205,3.467569,2.812838
17.85,5.025575,2.438111,3.396542,2.788462
17.86,5.049624,2.453047,3.361324,2.860553
17.87,5.089822,2.433232,3.324509,2.988865
17.88,5.139645,2.432793,3.327736,3.069796
17.89,5.158999,2.396848,3.328617,3.129009
17.9,5.177189,2.347906,3.328922,3.195138
17.91,5.256548,2.340271,3.331541,3.324945
17.92,5.129175,2.299459,3.197276,3.286085
17.93,5.005189,2.300556,3.136207,3.150169
17.94,5.07902,2.300785,3.082676,3.316615
17.95,5.010251,2.297024,3.001928,3.288575
17.96,4.998219,2.324487,2.965027,3.284443
17.97,5.051162,2.330402,2.985041,3.342602
17.98,5.029114,2.326187,2.975122,3.321068
17.99,5.013658,2.343433,2.940006,3.316845
18.0,5.013131,2.303943,2.952605,3.332484
18.01,5.037835,2.2885,2.966288,3.368038
18.02,5.096239,2.305812,2.965354,3.444062
18.03,5.078693,2.276216,2.972985,3.431228
18.04,5.077954,2.19593,2.998177,3.46041
18.05,5.111344,2.127318,3.001188,3.548695
18.06,5.087384,2.091998,2.997093,3.538707
18.07,5.076977,2.05856,2.985017,3.553547
18.08,5.110206,2.060504,2.978069,3.6055
18.09,5.062199,2.058612,2.913585,3.591517
18.101,5.022712,2.053962,2.894769,3.553758
18.11,5.045709,2.060818,2.910753,3.569274
18.12,5.041576,2.003237,2.934651,3.57664
18.13,5.017568,1.990423,2.93493,3.549703
18.14,5.021335,1.946246,2.972238,3.548483
18.15,4.977037,1.919713,2.984837,3.489463
18.16,4.951346,1.903617,2.953222,3.488632
18.17,5.001233,1.917853,2.967728,3.539317
18.18,4.915999,1.903514,2.793695,3.569166
18.19,4.841171,1.931364,2.702352,3.521941
18.2,4.903195,1.969275,2.657528,3.619506
18.21,4.884959,1.965479,2.53414,3.684814
18.22,4.872853,1.983195,2.505016,3.679202
18.23,4.906291,2.010942,2.517487,3.700008
18.24,4.891104,1.981643,2.479367,3.721389
18.25,4.859756,1.966302,2.473386,3.692322
18.26,4.878289,1.903462,2.500665,3.731114
18.27,4.905071,1.824118,2.504628,3.802519
18.28,4.882695,1.73215,2.493432,3.824024
18.29,4.853305,1.668983,2.469997,3.829906
18.3,4.909285,1.653272,2.462258,3.912168
18.31,4.88722,1.648631,2.343306,3.959274
18.32,4.722942,1.666625,2.185855,3.840648
18.33,4.753022,1.702,2.128514,3.894077
18.34,4.829279,1.720838,2.18622,3.94729
18.351,4.885458,1.719622,2.188824,4.014928
18.361,4.830544,1.695317,2.203249,3.950411
18.37,4.717454,1.745992,2.214204,3.781955
18.381,4.787415,1.757932,2.2316,3.853438
18.39,4.777577,1.765543,2.235418,3.835493
18.4,4.701355,1.792004,2.277783,3.701779
18.41,4.726457,1.824438,2.308674,3.698762
18.42,4.806508,1.840989,2.40677,3.73105
18.43,4.925351,1.829997,2.444383,3.864607
18.44,4.848201,1.847321,2.449641,3.753893
18.45,4.860311,1.876378,2.476034,3.737791
18.46,4.878385,1.869548,2.477074,3.763979
18.47,4.844175,1.869491,2.458472,3.731883
18.48,4.944804,1.8686,2.498389,3.836336
18.49,5.027907,1.859951,2.597529,3.882431
18.498,5.119482,1.847866,2.583512,4.014966
18.509,5.101322,1.874022,2.563217,3.992674
18.519,5.084357,1.92392,2.564318,3.946327
18.529,5.178857,1.949875,2.553486,4.061805
18.539,5.179469,1.966386,2.58542,4.034331
18.55,5.230346,1.960313,2.653179,4.058858
18.56,5.292491,1.943899,2.71163,4.108379
18.569,5.345188,1.923175,2.776162,4.143109
18.579,5.310298,1.918152,2.802695,4.082262
18.589,5.340179,1.931268,2.835406,4.092454
18.599,5.363309,1.971078,2.844761,4.097226
18.609,5.364427,2.001889,2.83272,4.092091
18.619,5.453185,2.023619,2.800229,4.219112
18.629,5.466058,2.035643,2.822555,4.215108
18.639,5.534425,2.037618,2.820737,4.303651
18.649,5.637007,2.054939,2.86147,4.400576
18.659,5.745905,2.025532,2.926862,4.510669
18.669,5.648644,2.002924,2.897111,4.416132
18.679,5.657951,2.013302,2.913548,4.412512
18.69,5.650099,2.001199,2.896388,4.419249
18.7,5.561631,1.971506,2.891563,4.322472
18.71,5.635484,1.983736,2.939361,4.379912
18.72,5.699913,1.977733,2.977235,4.440006
18.729,5.705592,1.941656,2.967139,4.469881
18.74,5.715774,1.967,2.959956,4.476566
18.749,5.739029,2.024153,2.958403,4.481864
18.76,5.714676,2.058781,2.944167,4.444189
18.769,5.770188,2.124496,3.05877,4.407439
18.78,5.806331,2.106366,3.170547,4.384556
18.789,5.802291,2.085191,3.163235,4.3946
18.8,5.77012,2.130047,3.151182,4.339037
18.809,5.74463,2.160048,3.154135,4.287936
18.82,5.795112,2.156522,3.19034,4.330643
18.83,5.773822,2.133487,3.197095,4.308577
18.84,5.67749,2.127764,3.149593,4.217415
18.849,5.740313,2.13289,3.176457,4.279264
18.86,5.723709,2.117041,3.165122,4.273287
18.87,5.656926,2.085025,3.136546,4.220848
18.88,5.671523,2.089308,3.12604,4.246038
18.889,5.687808,2.076588,3.128102,4.272461
18.9,5.703482,2.053701,3.103126,4.32234
18.909,5.663343,2.045451,3.075467,4.293144
18.92,5.62433,2.051105,3.012825,4.283566
18.929,5.593618,2.052735,2.987233,4.260433
18.94,5.566293,2.036384,2.968264,4.245723
18.949,5.573725,2.050251,2.947511,4.263222
18.96,5.606591,2.050355,2.968759,4.29143
18.97,5.623729,2.041043,2.992009,4.302134
18.98,5.594957,2.064502,2.930791,4.29556
18.99,5.545447,2.118853,2.872892,4.243694
19.0,5.545204,2.170776,2.91659,4.186946
19.01,5.644753,2.158118,2.935027,4.311773
19.02,5.626701,2.092202,2.935309,4.320464
19.03,5.558674,2.113469,2.93315,4.222409
19.04,5.556313,2.160535,2.877535,4.233732
19.049,5.527846,2.188341,2.829609,4.214446
19.06,5.535897,2.200849,2.827002,4.220246
19.07,5.52484,2.199001,2.723777,4.274259
19.08,5.497296,2.244302,2.643633,4.26551
19.09,5.55023,2.348585,2.592395,4.30914
19.1,5.652552,2.366103,2.625593,4.411254
19.11,5.703186,2.356177,2.768612,4.394263
19.12,5.637341,2.33784,2.77795,4.312437
19.13,5.641317,2.345893,2.783847,4.309459
19.14,5.572527,2.362137,2.774665,4.215993
19.15,5.473052,2.376049,2.707691,4.120328
19.16,5.38273,2.394466,2.638827,4.034465
19.17,5.414766,2.421611,2.637251,4.062068
19.18,5.498066,2.538592,2.669577,4.081377
19.19,5.707391,2.615168,2.706681,4.290581
19.2,5.713466,2.610626,2.722915,4.291161
19.21,5.616362,2.599318,2.702623,4.181256
19.22,5.610379,2.592724,2.756875,4.141711
19.23,5.672146,2.599543,2.83632,4.167842
19.24,5.700007,2.60293,2.906062,4.155676
19.25,5.714244,2.549303,2.9736,4.16069
19.26,5.712168,2.491598,3.019517,4.159727
19.27,5.686128,2.439945,2.94704,4.206385
19.28,5.629653,2.447276,2.859959,4.186223
19.29,5.623056,2.435063,2.879526,4.171037
19.3,5.622119,2.405501,2.890911,4.179046
19.31,5.628581,2.398883,2.945008,4.153698
19.32,5.603066,2.40932,2.921031,4.130024
19.33,5.603941,2.41701,2.906422,4.137019
19.34,5.65021,2.447092,2.922274,4.170963
19.35,5.638251,2.488668,2.919937,4.13163
19.36,5.741218,2.512413,2.930393,4.24996
19.37,5.832171,2.528935,2.953762,4.346723
19.38,5.882076,2.516406,2.959461,4.416799
19.39,5.891697,2.527402,2.960385,4.422719
19.4,5.877015,2.591938,2.951711,4.371334
19.41,5.879819,2.639331,2.948831,4.348632
19.42,5.882761,2.66475,2.92832,4.350968
19.43,5.845943,2.694463,2.912956,4.292971
19.44,5.924851,2.78296,2.957516,4.314174
19.45,6.013922,2.843258,2.984584,4.378972
19.46,6.018495,2.845498,3.061162,4.33067
19.47,6.023861,2.847912,3.086146,4.318796
19.48,5.987757,2.865029,3.103255,4.244368
19.49,5.990139,2.83976,3.137767,4.239333
19.5,5.973123,2.800491,3.141694,4.238538
19.51,5.909532,2.793831,3.192172,4.114257
19.52,5.924236,2.793954,3.203211,4.126722
19.53,5.9262,2.760988,3.210736,4.145837
19.54,5.917535,2.736052,3.197942,4.159856
19.55,5.91203,2.748953,3.191637,4.148349
19.56,5.868975,2.809966,3.146385,4.080346
19.57,5.838864,2.851117,3.153639,4.002253
19.58,5.840727,2.848623,3.156739,4.004302
19.59,5.774391,2.790886,3.177853,3.931387
19.6,5.717602,2.794837,3.148793,3.868457
19.61,5.697583,2.792193,3.067632,3.905861
19.62,5.718649,2.800947,3.06651,3.931179
19.63,5.74469,2.798969,3.091605,3.95085
19.64,5.814238,2.786044,3.10093,4.053092
19.65,5.827459,2.7635,3.114711,4.076875
19.66,5.787316,2.755103,3.112889,4.026457
19.67,5.765077,2.760577,3.094679,4.004784
19.68,5.702029,2.708686,3.085824,3.956495
19.69,5.588787,2.677472,3.121589,3.784359
19.7,5.60988,2.693642,3.148536,3.781768
19.71,5.683848,2.694861,3.202862,3.845195
19.72,5.619781,2.69327,3.138935,3.804644
19.73,5.518338,2.704252,3.079022,3.695768
19.74,5.544404,2.691092,3.081261,3.742227
19.75,5.587626,2.685698,3.126844,3.772457
19.76,5.546886,2.695303,3.091103,3.734752
19.77,5.501971,2.706311,3.03907,3.702921
19.78,5.497733,2.736976,3.010317,3.69757
19.79,5.518133,2.771859,3.011907,3.700677
19.8,5.520737,2.81588,2.993228,3.686453
19.81,5.523314,2.90389,2.934926,3.668874
19.82,5.569536,2.962562,2.951401,3.678612
19.83,5.589961,2.992117,2.963196,3.67619
19.84,5.578564,2.982368,2.972974,3.658864
19.85,5.587136,2.972363,2.995452,3.661749
19.86,5.664846,2.97232,3.050886,3.734687
19.87,5.573439,2.944236,3.047763,3.620198
19.88,5.499289,2.944079,3.075013,3.481217
19.89,5.556085,2.929909,3.119977,3.542804
19.9,5.631164,2.864587,3.154598,3.681393
19.91,5.645943,2.810912,3.185483,3.718621
19.92,5.627906,2.789512,3.224101,3.673843
19.93,5.634177,2.801332,3.229447,3.669763
19.94,5.59091,2.832031,3.18416,3.619254
19.95,5.551363,2.852941,3.188493,3.537212
19.96,5.510994,2.876904,3.092835,3.539612
19.97,5.538614,2.873664,3.085769,3.591145
19.98,5.574642,2.845405,3.131294,3.62978
19.99,5.583915,2.835764,3.149826,3.635539
20.0,5.581129,2.880545,3.137225,3.606838
20.01,5.556622,2.908425,3.133164,3.549704
20.02,5.544214,2.936145,3.114194,3.524083
20.03,5.570845,2.931663,3.114777,3.569009
20.04,5.635498,2.91412,3.124884,3.674485
20.05,5.626655,2.875384,3.177445,3.646265
20.06,5.604069,2.821477,3.197291,3.636233
20.07,5.630664,2.791006,3.201361,3.696748
20.08,5.621158,2.773975,3.201313,3.695142
20.09,5.603091,2.770167,3.181766,3.687435
20.1,5.595509,2.748905,3.180818,3.692646
20.11,5.679739,2.736644,3.158589,3.846235
20.12,5.687245,2.728032,3.156379,3.865212
20.13,5.612442,2.711445,3.101038,3.811972
20.14,5.524764,2.727582,3.070782,3.695078
20.15,5.538705,2.766748,3.051884,3.702481
20.16,5.5707,2.786298,3.069856,3.720917
20.17,5.641645,2.810524,3.17167,3.724194
20.18,5.620764,2.746082,3.152569,3.756771
20.19,5.610919,2.744435,3.09379,3.791959
20.2,5.594784,2.807754,3.018798,3.782194
20.21,5.557567,2.88741,2.954959,3.717208
20.22,5.585873,2.931269,2.945387,3.732871
20.23,5.705499,2.916194,2.985043,3.890765
20.24,5.69154,2.910961,2.962161,3.891726
20.25,5.634464,2.923635,2.87817,3.862083
20.26,5.642221,2.922044,2.876998,3.875462
20.27,5.635668,2.914752,2.878565,3.87025
20.28,5.625816,2.899617,2.877137,3.868346
20.29,5.648751,2.908748,2.859965,3.907452
20.3,5.759226,2.891132,2.882179,4.062399
20.31,5.794716,2.808904,2.945664,4.124543
20.32,5.74357,2.732909,2.918429,4.123419
20.33,5.731142,2.730027,2.900858,4.120432
20.34,5.724771,2.768333,2.877863,4.102101
20.35,5.651562,2.764174,2.833584,4.033646
20.36,5.521475,2.745724,2.837155,3.859823
20.37,5.54055,2.748858,2.850824,3.874826
20.38,5.537955,2.763521,2.814403,3.88729
20.39,5.427018,2.780176,2.757406,3.75764
20.4,5.331494,2.807309,2.714891,3.629492
20.41,5.352516,2.857249,2.69862,3.633594
20.42,5.464851,2.877121,2.722676,3.764813
20.43,5.49393,2.835427,2.796476,3.784619
20.44,5.452547,2.743938,2.797176,3.791686
20.45,5.397969,2.66698,2.764179,3.792704
20.46,5.424097,2.662967,2.773573,3.825798
20.47,5.43446,2.675835,2.741242,3.854719
20.48,5.455507,2.704549,2.683069,3.905011
20.49,5.495243,2.695981,2.606487,4.016915
20.5,5.477997,2.670995,2.550443,4.045921
20.51,5.493,2.724799,2.483019,4.07224
20.52,5.512063,2.755633,2.489736,4.073148
20.53,5.530737,2.775345,2.551926,4.046503
20.54,5.471762,2.771972,2.599514,3.936861
20.55,5.491721,2.786434,2.536415,3.99517
20.56,5.504686,2.793745,2.515346,4.021142
20.57,5.528871,2.78204,2.533109,4.051175
20.58,5.607872,2.769578,2.549916,4.156392
20.59,5.600868,2.733804,2.558556,4.165312
20.6,5.614459,2.72198,2.568614,4.185117
20.61,5.571633,2.723507,2.590319,4.112888
20.62,5.545715,2.723419,2.609172,4.06573
20.63,5.552852,2.751454,2.607303,4.057788
20.64,5.62736,2.78089,2.613384,4.135705
20.65,5.636414,2.755399,2.628715,4.155333
20.66,5.599796,2.715186,2.615699,4.140484
20.67,5.625833,2.678373,2.546398,4.241717
20.68,5.596092,2.678802,2.532325,4.210415
20.69,5.549597,2.647102,2.53435,4.167488
20.7,5.596124,2.596889,2.572035,4.237618
20.71,5.554804,2.496576,2.575671,4.24133
20.72,5.523198,2.45557,2.562156,4.232168
20.73,5.427429,2.461859,2.515972,4.131116
20.74,5.377573,2.457347,2.456601,4.104248
20.75,5.419312,2.453245,2.456715,4.16114
20.76,5.551899,2.446982,2.460423,4.333841
20.77,5.544926,2.44329,2.460198,4.327119
20.78,5.601024,2.436181,2.485753,4.388339
20.79,5.640064,2.39703,2.500586,4.451027
20.8,5.453695,2.338633,2.472041,4.26176
20.81,5.4062,2.338576,2.407561,4.238126
20.82,5.4298,2.349028,2.437874,4.245182
20.83,5.409937,2.29912,2.436789,4.247767
20.84,5.438064,2.244615,2.444989,4.307699
20.85,5.467053,2.209038,2.454243,4.357237
20.86,5.442592,2.216386,2.370953,4.368984
20.87,5.449847,2.232237,2.34767,4.38251
20.88,5.494523,2.211185,2.362667,4.440523
20.89,5.489461,2.200884,2.356471,4.442672
20.9,5.556652,2.196492,2.373053,4.518896
20.91,5.565163,2.126228,2.377203,4.560603
20.92,5.363526,2.080848,2.2995,4.376046
20.93,5.379036,2.103707,2.207714,4.431077
20.94,5.436267,2.075677,2.237275,4.498796
20.95,5.411575,2.03615,2.23469,4.488362
20.96,5.471829,1.996093,2.225738,4.582861
20.97,5.382129,1.978117,2.200567,4.495761
20.98,5.360918,1.956914,2.205092,4.477444
20.99,5.252388,1.941952,2.199971,4.356205
21.0,5.227483,1.915298,2.20443,4.335748
21.01,5.249364,1.828853,2.250736,4.375535
21.02,5.198328,1.7221,2.249933,4.358302
21.03,5.18812,1.711328,2.182256,4.384713
21.04,5.176758,1.722986,2.157321,4.379054
21.05,5.152489,1.708568,2.157967,4.355699
21.06,5.238319,1.692661,2.167648,4.458272
21.07,5.182884,1.683152,2.136081,4.41208
21.08,5.137252,1.697092,2.118881,4.361374
21.09,5.205308,1.690601,2.119119,4.443696
21.1,5.16023,1.684682,2.099203,4.402632
21.11,5.08205,1.680031,2.059126,4.331827
21.12,5.128523,1.735226,2.019583,4.383152
21.13,5.156919,1.683693,2.0385,4.427585
21.14,5.094351,1.591176,2.034472,4.39107
21.15,5.068643,1.595017,2.069842,4.343135
21.16,5.130207,1.594737,2.080274,4.410022
21.17,5.073147,1.598062,2.020264,4.370532
21.18,5.167073,1.597138,2.003826,4.486923
21.19,5.162567,1.554548,2.023474,4.487876
21.2,5.160421,1.547233,2.063294,4.469769
21.21,5.147064,1.550451,2.03183,4.467666
21.22,5.183457,1.545115,2.046176,4.504887
21.23,5.206816,1.570936,2.059746,4.516696
21.24,5.231658,1.571686,2.060191,4.54485
21.25,5.164792,1.58229,2.04545,4.470747
21.26,5.089627,1.640527,2.094187,4.33905
21.27,5.140864,1.651371,2.111309,4.386779
21.28,5.061167,1.621872,2.074413,4.32224
21.29,5.007043,1.660302,2.055848,4.252924
21.3,5.065856,1.690988,2.082102,4.297477
21.31,5.084587,1.659754,2.118962,4.313727
21.32,5.056879,1.663898,2.087486,4.294866
21.33,5.125772,1.690588,2.135942,4.342027
21.34,5.117133,1.716204,2.191647,4.293761
21.35,5.12812,1.718497,2.177702,4.313004
21.36,5.133883,1.713234,2.177331,4.322131
21.37,5.075899,1.723115,2.152287,4.261841
21.38,5.049183,1.783242,2.154785,4.203712
21.39,5.086432,1.847982,2.183377,4.205903
21.4,5.056204,1.814653,2.179562,4.185899
21.41,5.022464,1.825171,2.215143,4.121534
21.42,5.052682,1.857466,2.226079,4.138114
21.43,5.005368,1.849572,2.212636,4.091093
21.44,4.935243,1.866762,2.184788,4.012296
21.45,4.958194,1.887381,2.193119,4.026377
21.46,4.924682,1.918485,2.17318,3.981105
21.47,5.024143,1.953627,2.183452,4.081408
21.48,4.992861,1.956082,2.173323,4.047106
21.49,4.993288,1.956759,2.168109,4.050102
21.5,5.014963,1.938979,2.154959,4.092232
21.51,4.956705,1.946452,2.11906,4.036066
21.52,4.999483,2.014831,2.159751,4.033704
21.53,5.014396,2.07951,2.164521,4.016796
21.54,4.992763,2.115695,2.148232,3.979524
21.55,5.021716,2.1087,2.184298,3.999982
21.56,5.011032,2.1012,2.188632,3.988143
21.57,4.931665,2.115057,2.199185,3.87446
21.58,4.942456,2.150424,2.188959,3.874533
21.59,4.914476,2.205231,2.18142,3.811882
21.6,4.8918,2.224297,2.18269,3.770686
21.61,4.987987,2.248262,2.175066,3.885154
21.62,4.926912,2.197341,2.197512,3.823231
21.63,4.885167,2.197739,2.204251,3.765114
21.64,4.939686,2.197008,2.222427,3.825502
21.65,4.951812,2.176325,2.163662,3.886208
21.66,4.86966,2.19906,2.160083,3.76985
21.67,4.872966,2.227299,2.159217,3.758021
21.68,4.819484,2.28714,2.160475,3.650859
21.69,4.868423,2.359642,2.200974,3.645455
21.7,4.856055,2.380132,2.172524,3.632682
21.71,4.860681,2.386315,2.183927,3.627973
21.72,4.84172,2.378279,2.188976,3.604779
21.73,4.741879,2.355476,2.190172,3.484292
21.74,4.778949,2.394607,2.246447,3.472417
21.75,4.770537,2.382819,2.226611,3.481723
21.76,4.746759,2.382397,2.166711,3.487301
21.77,4.738796,2.38245,2.195117,3.458552
21.78,4.7393,2.408509,2.227766,3.420104
21.79,4.726313,2.386314,2.220282,3.422556
21.8,4.734404,2.384076,2.192554,3.453038
21.81,4.694122,2.385253,2.237742,3.367173
21.82,4.73555,2.381385,2.323685,3.369707
21.83,4.692484,2.369825,2.293141,3.338389
21.84,4.665673,2.334567,2.263013,3.346203
21.85,4.66153,2.343012,2.312887,3.300108
21.86,4.645628,2.337844,2.340148,3.26191
21.87,4.645053,2.302222,2.37256,3.263013
21.88,4.635874,2.264292,2.35686,3.287783
21.89,4.592169,2.224035,2.344894,3.262385
21.9,4.640323,2.312586,2.361688,3.256835
21.91,4.730223,2.319273,2.30312,3.419301
21.92,4.73995,2.286998,2.303267,3.454234
21.93,4.721474,2.28089,2.306083,3.431012
21.94,4.723012,2.287335,2.304286,3.430045
21.95,4.724835,2.287096,2.338083,3.409784
21.96,4.643339,2.271842,2.341588,3.303982
21.97,4.61182,2.320652,2.380073,3.196671
21.98,4.627871,2.337528,2.380578,3.207179
21.99,4.61116,2.35868,2.378957,3.168593
22.0,4.578735,2.372703,2.38752,3.104003
22.01,4.615648,2.350649,2.456658,3.121456
22.02,4.608222,2.299321,2.461846,3.144542
22.03,4.532139,2.205652,2.43516,3.12176
22.04,4.512624,2.182937,2.438682,3.106669
22.05,4.469422,2.192393,2.438706,3.036751
22.06,4.429395,2.203528,2.428754,2.977441
22.07,4.418973,2.19904,2.420354,2.972109
22.08,4.369863,2.156796,2.423277,2.92774
22.09,4.348708,2.119205,2.414182,2.931203
22.1,4.300818,2.092941,2.430685,2.865032
22.11,4.268931,2.118269,2.512138,2.725045
22.12,4.282732,2.145866,2.528073,2.710333
22.13,4.31117,2.194878,2.553106,2.692648
22.14,4.319879,2.203174,2.587721,2.666661
22.15,4.3228,2.205246,2.640374,2.617616
22.16,4.298524,2.189887,2.627599,2.603349
22.17,4.257224,2.162741,2.665823,2.517916
22.18,4.26137,2.152783,2.651759,2.548131
22.19,4.203159,2.118468,2.601263,2.532206
22.2,4.146855,2.119765,2.563245,2.476444
22.21,4.178215,2.180755,2.549129,2.490728
22.22,4.19994,2.210631,2.519687,2.530569
22.23,4.246879,2.239509,2.484224,2.617099
22.24,4.220715,2.20337,2.470092,2.618826
22.25,4.240054,2.202268,2.533171,2.590583
22.26,4.251118,2.158717,2.605728,2.57335
22.27,4.259298,2.167998,2.611314,2.573411
22.28,4.19763,2.135713,2.576979,2.533378
22.29,4.211417,2.178611,2.57597,2.520727
22.3,4.2124,2.185115,2.610592,2.480805
22.31,4.273882,2.196131,2.596501,2.588679
22.32,4.481804,2.186532,2.645727,2.881974
22.33,4.602623,2.185814,2.710721,3.00971
22.34,4.654612,2.185964,2.851002,2.959521
22.35,4.631854,2.178561,2.832539,2.946976
22.36,4.66306,2.256021,2.824063,2.946043
22.37,4.648159,2.281578,2.799348,2.926335
22.38,4.667479,2.321932,2.79586,2.928679
22.39,4.698514,2.314555,2.861973,2.92027
22.4,4.617611,2.225543,2.897238,2.824058
22.41,4.573894,2.237719,2.96438,2.669375
22.42,4.577022,2.309308,2.971311,2.60529
22.43,4.631887,2.431956,2.970281,2.591795
22.44,4.677707,2.51542,2.973228,2.591046
22.45,4.675636,2.513705,2.968406,2.594499
22.46,4.695863,2.502083,2.990112,2.61724
22.47,4.659652,2.438589,3.006708,2.593328
22.48,4.653254,2.438713,3.024288,2.56108
22.49,4.679455,2.439257,3.051977,2.575414
22.5,4.664624,2.43064,3.044564,2.565412
22.51,4.631722,2.448373,2.991021,2.551884
22.52,4.646696,2.492833,3.003172,2.521612
22.53,4.740285,2.533761,3.050235,2.597389
22.54,4.775964,2.531691,3.052196,2.661666
22.55,4.874268,2.521434,3.086806,2.805795
22.56,4.993898,2.543805,3.141251,2.93268
22.57,5.082134,2.607222,3.182674,2.983464
22.58,5.163352,2.631472,3.242205,3.037049
22.59,5.224612,2.648418,3.302427,3.062095
22.6,5.329158,2.675935,3.342067,3.173308
22.61,5.39496,2.690072,3.362328,3.250208
22.62,5.451795,2.690687,3.452621,3.249873
22.63,5.48004,2.673442,3.471859,3.290856
22.64,5.433093,2.708893,3.434007,3.223041
22.65,5.431241,2.772592,3.398894,3.20291
22.66,5.473976,2.840961,3.41121,3.202655
22.67,5.495515,2.914779,3.382151,3.204029
22.68,5.484512,2.90692,3.381338,3.193155
22.69,5.487838,2.934284,3.377909,3.177433
22.7,5.50947,2.914317,3.389504,3.220601
22.71,5.539787,2.899867,3.392742,3.281663
22.72,5.598703,2.868129,3.515085,3.280775
22.73,5.600378,2.875272,3.567222,3.220555
22.74,5.660151,2.870151,3.651037,3.235655
22.75,5.695703,2.868312,3.662662,3.286143
22.76,5.769822,2.866492,3.700302,3.373698
22.77,5.804158,2.861252,3.727875,3.406528
22.78,5.830677,2.853258,3.755954,3.427613
22.79,5.829397,2.834495,3.762076,3.434281
22.8,5.834277,2.880986,3.745142,3.422371
22.81,5.843025,3.019072,3.706266,3.36002
22.82,5.668796,3.037605,3.632246,3.116889
22.83,5.601946,3.047155,3.587601,3.037393
22.84,5.588325,3.048213,3.488043,3.125912
22.85,5.680149,3.059668,3.505468,3.257948
22.86,5.799302,3.033369,3.584988,3.40271
22.87,5.903567,3.03972,3.622658,3.533915
22.88,6.020505,3.035123,3.743048,3.608892
22.89,6.056405,3.039322,3.768902,3.638399
22.9,6.086609,3.037581,3.807881,3.649651
22.91,6.098352,3.017374,3.825309,3.667746
22.92,6.150108,2.978441,3.90752,3.69919
22.93,6.162826,2.864628,3.944875,3.769919
22.94,6.198237,2.845345,4.013731,3.769896
22.95,6.188088,2.852664,3.992913,3.769798
22.96,6.190063,2.916967,3.970689,3.747241
22.97,6.197084,2.94488,3.964871,3.743171
22.98,6.197794,2.93838,3.970824,3.743144
22.99,6.211148,2.933727,4.006505,3.730888
23.0,6.246592,2.964912,4.022286,3.748389
23.01,6.34336,2.97046,4.080155,3.842775
23.02,6.336762,2.924144,4.089606,3.857339
23.03,6.333041,2.893718,4.118122,3.843811
23.04,6.320172,2.891237,4.116068,3.826657
23.05,6.240206,2.889979,4.095185,3.71721
23.06,6.133242,2.866184,4.039528,3.617161
23.07,6.066066,2.819164,4.011622,3.571605
23.08,6.03343,2.803799,3.955647,3.5908
23.09,6.011522,2.782025,3.96683,3.55851
23.1,5.96394,2.744118,3.991957,3.47889
23.11,5.909273,2.69692,3.973249,3.44375
23.12,5.937886,2.681733,3.924687,3.558601
23.13,5.916267,2.650832,3.904857,3.567547
23.14,5.930205,2.630175,3.918439,3.591008
23.15,5.932852,2.575734,3.916142,3.637054
23.16,5.929405,2.528135,3.935706,3.643706
23.17,5.896976,2.449594,3.931387,3.649384
23.18,5.88765,2.419548,3.954813,3.629004
23.19,5.89132,2.347939,4.001738,3.630555
23.2,5.886062,2.32817,4.034729,3.598097
23.21,5.883289,2.301027,4.086129,3.552733
23.22,5.833768,2.298771,3.9952,3.575874
23.23,5.827104,2.292795,3.974874,3.591464
23.24,5.76997,2.357043,3.853541,3.589864
23.25,5.747769,2.432225,3.817607,3.542175
23.26,5.668441,2.444623,3.731151,3.49765
23.27,5.692277,2.44638,3.772796,3.490452
23.28,5.695429,2.447259,3.754658,3.514452
23.29,5.707976,2.47019,3.753641,3.519849
23.3,5.68297,2.411803,3.74087,3.533448
23.31,5.622289,2.273837,3.734349,3.534747
23.32,5.613112,2.234367,3.767262,3.510323
23.33,5.632749,2.233595,3.803238,3.503469
23.34,5.624185,2.228427,3.835669,3.457342
23.35,5.550634,2.212648,3.810525,3.375445
23.36,5.430293,2.202986,3.752425,3.248729
23.37,5.320107,2.195396,3.714588,3.112171
23.38,5.222972,2.172559,3.613656,3.082354
23.39,5.171237,2.153662,3.522226,3.114059
23.4,5.187989,2.164429,3.464706,3.197857
23.41,5.161062,2.170918,3.422179,3.195679
23.42,5.115534,2.164704,3.352699,3.200336
23.43,5.066828,2.149504,3.307123,3.180458
23.44,5.018567,2.09703,3.256692,3.190994
23.45,5.001582,2.061227,3.254806,3.189577
23.46,5.02488,2.006683,3.261151,3.25385
23.47,5.037842,1.96315,3.250713,3.310402
23.48,5.08787,1.978021,3.273326,3.355472
23.49,5.113706,1.980695,3.243384,3.421592
23.5,5.095726,1.935396,3.261008,3.403893
23.51,5.006418,1.91317,3.243973,3.298583
23.52,4.957867,1.918624,3.174884,3.289291
23.53,4.880631,1.922984,3.112006,3.230807
23.54,4.896891,1.927315,3.13107,3.234408
23.55,4.929193,1.944671,3.167287,3.237823
23.56,4.987661,1.937513,3.195797,3.302981
23.57,5.031924,1.92666,3.200763,3.370957
23.58,4.988134,1.908483,3.199883,3.316613
23.59,4.957837,1.937508,3.125472,3.325303
23.6,4.967147,1.984854,3.067385,3.365123
23.61,5.024591,1.997092,3.04409,3.462897
23.62,4.936574,1.997297,2.974316,3.396176
23.63,4.905517,2.019749,2.955321,3.35422
23.64,4.885952,2.041582,2.94135,3.324595
23.65,4.873464,2.04265,2.968477,3.281216
23.66,4.889839,2.012209,3.002938,3.293009
23.67,4.95047,1.993598,3.065923,3.33659
23.68,4.945205,2.000801,3.043337,3.345137
23.69,4.916463,2.020282,2.987613,3.341292
23.7,4.900855,2.014692,2.943182,3.361112
23.71,4.944718,2.012,2.931135,3.436647
23.72,4.961774,2.0158,2.95477,3.438763
23.73,4.916552,1.99722,2.937807,3.398954
23.74,4.883333,1.92271,2.937814,3.394021
23.75,4.904181,1.830501,2.933075,3.47812
23.76,4.963872,1.817399,2.896337,3.598378
23.77,4.96985,1.823125,2.881567,3.615549
23.78,5.004093,1.855811,2.908686,3.624425
23.79,5.037195,1.816752,2.960607,3.647953
23.8,5.045131,1.741801,3.034475,3.634755
23.81,5.041991,1.746551,3.037611,3.625486
23.82,5.03035,1.770968,2.998389,3.630119
23.83,5.012549,1.792716,2.929135,3.651299
23.84,4.970852,1.792815,2.8888,3.626295
23.85,4.988609,1.781301,2.894139,3.652006
23.86,5.010568,1.762406,2.918057,3.672146
23.87,5.018191,1.772007,2.908647,3.685377
23.88,5.016013,1.779773,2.912515,3.675602
23.89,5.07373,1.771837,2.934621,3.740498
23.9,5.02216,1.833924,2.915075,3.655291
23.91,5.023468,1.831066,2.873417,3.691328
23.92,4.991715,1.838991,2.860574,3.654101
23.93,5.056451,1.861588,2.942337,3.66672
23.94,5.124033,1.948929,2.92753,3.72652
23.95,5.235655,1.929679,2.932414,3.884504
23.96,5.248651,1.90455,2.920146,3.923491
23.97,5.233689,1.937489,2.941985,3.870706
23.98,5.201216,1.901322,2.905998,3.872054
23.99,5.159505,1.873099,2.868946,3.857608
24.0,5.17502,1.912404,2.837707,3.882133
24.01,5.209386,1.909403,2.782428,3.968624
24.02,5.318274,1.901241,2.789968,4.109184
24.03,5.317386,1.915423,2.782413,4.106571
24.04,5.282441,1.910331,2.741344,4.091437
24.05,5.333377,1.894724,2.68872,4.198299
24.06,5.252764,1.892147,2.643983,4.125611
24.07,5.241161,1.907909,2.662154,4.09177
24.08,5.333717,1.908777,2.681904,4.196725
24.09,5.306568,1.872774,2.680362,4.179478
24.1,5.276147,1.851574,2.655125,4.166499
24.11,5.217888,1.841707,2.623644,4.117155
24.12,5.193677,1.843152,2.608348,4.095558
24.13,5.215417,1.842346,2.627183,4.111478
24.14,5.304122,1.803365,2.639559,4.23253
24.15,5.279979,1.78012,2.605979,4.232993
24.16,5.257209,1.823907,2.536862,4.227995
24.17,5.277432,1.814635,2.479867,4.290531
24.18,5.255246,1.809804,2.470674,4.270596
24.19,5.258057,1.821725,2.468971,4.269972
24.2,5.311074,1.824368,2.485955,4.324258
24.21,5.171413,1.829903,2.411958,4.192544
24.22,5.146016,1.857356,2.358539,4.179594
24.23,5.193595,1.861475,2.381868,4.223155
24.24,5.176449,1.848458,2.387364,4.204678
24.25,5.161846,1.884391,2.396259,4.165533
24.26,5.064076,1.869354,2.419409,4.036935
24.27,5.012556,1.866109,2.331431,4.025889
24.28,4.89825,1.854513,2.264121,3.927772
24.29,4.923602,1.862713,2.210422,3.985748
24.3,4.887203,1.863071,2.106474,3.997059
24.31,4.883162,1.858738,2.107638,3.993524
24.32,4.918404,1.847937,2.112417,4.039
24.33,4.829631,1.80925,2.092232,3.959105
24.34,4.849185,1.859434,2.066829,3.973075
24.35,4.775878,1.864547,2.030978,3.899693
24.36,4.747457,1.859849,1.983957,3.89143
24.37,4.746219,1.859922,1.973697,3.8951
24.38,4.672352,1.840242,2.001275,3.799905
24.39,4.604902,1.840108,1.944334,3.746824
24.4,4.599174,1.797095,1.971116,3.746672
24.41,4.548288,1.810937,2.003446,3.659732
24.42,4.561962,1.797076,2.005683,3.682289
24.43,4.489161,1.780461,1.88251,3.665881
24.44,4.440802,1.708788,1.882228,3.641151
24.45,4.303569,1.708037,1.889963,3.468625
24.46,4.311018,1.709526,1.893227,3.475354
24.47,4.261265,1.658802,1.820681,3.477338
24.48,4.238969,1.672574,1.775238,3.46697
24.49,4.29331,1.669401,1.798134,3.523113
24.5,4.267844,1.631021,1.779061,3.51983
24.51,4.181668,1.638036,1.773663,3.414279
24.52,4.1609,1.643771,1.784337,3.380421
24.53,4.162201,1.630828,1.782319,3.389345
24.54,4.109324,1.640087,1.765187,3.32878
24.55,4.095783,1.659941,1.762902,3.303364
24.56,4.166883,1.650797,1.767522,3.393177
24.57,4.136365,1.641699,1.729836,3.379646
24.58,4.07189,1.651204,1.715996,3.302903
24.59,4.140478,1.658552,1.740314,3.371064
24.6,4.172115,1.627381,1.731902,3.429095
24.61,4.194325,1.609987,1.703432,3.478307
24.62,4.197719,1.628752,1.706046,3.472379
24.63,4.173434,1.646871,1.7156,3.429589
24.64,4.168965,1.647816,1.766553,3.397684
24.65,4.218876,1.64466,1.833485,3.425251
24.66,4.271072,1.591005,1.843937,3.508655
24.67,4.224672,1.596941,1.822348,3.460734
24.68,4.221165,1.593019,1.821323,3.458802
24.691,4.2219,1.560682,1.815447,3.477479
24.7,4.189668,1.571619,1.829054,3.426061
24.71,4.339359,1.571778,1.854215,3.594641
24.72,4.34629,1.530659,1.863108,3.616096
24.73,4.361344,1.520177,1.829729,3.655472
24.74,4.381801,1.536688,1.82371,3.675983
24.75,4.398875,1.530951,1.816203,3.702391
24.76,4.339772,1.561882,1.768469,3.642342
24.77,4.349722,1.578454,1.761494,3.650439
24.78,4.392568,1.613739,1.806872,3.664112
24.79,4.344529,1.642208,1.819623,3.587069
24.8,4.3879,1.672126,1.87037,3.599914
24.81,4.459594,1.705337,2.004184,3.600424
24.82,4.457016,1.704301,2.020992,3.588307
24.83,4.459547,1.692296,2.025048,3.59484
24.84,4.460894,1.694931,2.018694,3.598842
24.85,4.416049,1.704511,2.037683,3.527602
24.86,4.480128,1.769493,2.119864,3.527977
24.87,4.54056,1.758246,2.18999,3.567801
24.88,4.52838,1.75757,2.203175,3.544459
24.89,4.550388,1.813758,2.201816,3.545181
24.9,4.546721,1.813644,2.198476,3.542608
24.91,4.522841,1.847163,2.170591,3.511783
24.92,4.627529,1.847124,2.168443,3.646919
24.93,4.638034,1.835121,2.170595,3.664998
24.94,4.622913,1.847196,2.161894,3.644915
24.95,4.601607,1.869286,2.15858,3.608475
24.96,4.579214,1.918273,2.207339,3.523788
24.97,4.628877,1.916587,2.211194,3.586617
24.98,4.640925,1.920759,2.211143,3.599961
24.99,4.657582,1.934101,2.208877,3.615686
25.0,4.671305,1.931502,2.23914,3.616165
25.01,4.660724,1.958374,2.228531,3.594547
25.02,4.581977,2.005585,2.211026,3.476134
25.03,4.621264,2.0489,2.253842,3.475383
25.04,4.655086,2.04829,2.295278,3.493713
25.05,4.620331,2.067381,2.293968,3.436729
25.06,4.693102,2.094213,2.320038,3.500986
25.07,4.667537,2.088096,2.373179,3.434208
25.08,4.658351,2.077669,2.367668,3.431862
25.09,4.640321,2.064443,2.356487,3.423101
25.1,4.53059,2.061656,2.362727,3.270067
25.11,4.497733,2.060981,2.362237,3.225181
25.12,4.520326,2.030445,2.398736,3.249109
25.13,4.519417,2.016003,2.389169,3.263853
25.14,4.471342,2.027682,2.329467,3.233417
25.15,4.426424,2.065552,2.299301,3.168586
25.16,4.389411,2.108067,2.276901,3.104626
25.17,4.346288,2.122278,2.279481,3.031522
25.18,4.363369,2.1285,2.294195,3.040584
25.19,4.403805,2.178544,2.319519,3.044221
25.2,4.439143,2.242893,2.294766,3.067486
25.21,4.434712,2.35391,2.30452,2.969001
25.22,4.392683,2.382935,2.280528,2.901116
25.23,4.36908,2.412311,2.271179,2.848045
25.24,4.335025,2.418726,2.283442,2.779946
25.25,4.376901,2.507305,2.279378,2.770402
25.26,4.355977,2.49549,2.286262,2.742275
25.27,4.379959,2.526517,2.286841,2.751566
25.28,4.373321,2.500926,2.305039,2.749201
25.29,4.382245,2.521608,2.306172,2.743563
25.3,4.348843,2.492472,2.278379,2.740257
25.31,4.30946,2.45914,2.16347,2.80062
25.32,4.313068,2.459902,2.137811,2.825103
25.33,4.334763,2.457968,2.165837,2.838612
25.34,4.38989,2.437183,2.162332,2.942039
25.35,4.377601,2.462837,2.116693,2.935547
25.36,4.376135,2.470086,2.057156,2.969401
25.37,4.395202,2.505461,2.064966,2.962496
25.38,4.414151,2.536206,2.064244,2.96501
25.39,4.427277,2.501474,2.123178,2.97246
25.4,4.42604,2.482899,2.145058,2.970482
25.41,4.381978,2.449666,2.117304,2.952607
25.42,4.285891,2.45376,2.098287,2.818708
25.43,4.247966,2.469523,2.090567,2.752489
25.44,4.263283,2.486212,2.087483,2.763466
25.45,4.28133,2.520365,2.088087,2.759971
25.46,4.265776,2.532431,2.043178,2.758453
25.47,4.248692,2.530325,2.072618,2.711659
25.48,4.231027,2.511974,2.113182,2.669464
25.49,4.109443,2.507079,2.091953,2.495157
25.5,4.13354,2.506863,2.078491,2.545912
25.51,4.157,2.472917,2.103793,2.596033
25.52,4.162112,2.47219,2.106864,2.602417
25.53,4.126285,2.440119,2.075962,2.600468
25.54,4.100561,2.436707,2.032818,2.597059
25.55,4.037001,2.406631,2.026646,2.52947
25.56,3.951797,2.396657,1.986912,2.434116
25.57,3.937858,2.394592,1.946724,2.446
25.58,3.938467,2.40483,1.945734,2.43771
25.59,3.953356,2.414041,1.997537,2.410659
25.6,3.934818,2.430063,1.990937,2.369337
25.61,3.961138,2.443325,1.997254,2.394108
25.62,3.944188,2.47129,1.953085,2.373775
25.63,4.007665,2.485169,1.959278,2.458973
25.64,4.139615,2.507291,1.968728,2.640836
25.65,4.207232,2.505345,1.947005,2.762828
25.661,4.249867,2.511749,1.952416,2.8179
25.67,4.283212,2.507297,1.947433,2.875216
25.68,4.354907,2.502812,1.939172,2.990109
25.69,4.337748,2.45944,1.922562,3.011804
25.7,4.276167,2.4075,1.907203,2.975252
25.71,4.235945,2.338188,1.863465,3.000601
25.72,4.318058,2.329573,1.886806,3.107842
25.73,4.314884,2.323164,1.886912,3.108166
25.74,4.312933,2.303445,1.906268,3.108323
25.75,4.282936,2.24401,1.915547,3.104617
25.76,4.264363,2.206841,1.934028,3.094217
25.77,4.277872,2.180088,2.00737,3.085104
25.78,4.292392,2.133428,2.007054,3.137651
25.79,4.302144,2.098368,1.982129,3.190056
25.8,4.330054,2.110823,1.962211,3.231644
25.81,4.359039,2.116485,1.962771,3.266381
25.82,4.389232,2.132161,1.952024,3.302855
25.83,4.439304,2.137492,1.967651,3.35662
25.84,4.401698,2.164,2.001988,3.268653
25.85,4.38209,2.120599,2.005755,3.268443
25.86,4.338023,2.094027,1.995249,3.233029
25.87,4.248997,2.010191,1.865296,3.245578
25.88,4.248886,1.983323,1.883227,3.251602
25.89,4.274969,1.990678,1.824672,3.314081
25.9,4.279221,1.992712,1.779311,3.342886
25.91,4.277564,1.992499,1.786743,3.336923
25.92,4.317449,1.991886,1.78669,3.388288
25.93,4.310508,1.964857,1.796603,3.389991
25.94,4.3071,1.947423,1.79783,3.395065
25.95,4.264499,1.876611,1.77223,3.394626
25.96,4.271853,1.834881,1.781514,3.421717
25.97,4.251208,1.830544,1.783547,3.39718
25.98,4.229764,1.831247,1.776495,3.373648
25.99,4.240977,1.829319,1.805687,3.373273
26.0,4.281342,1.844799,1.837893,3.398346
26.01,4.285249,1.839889,1.795471,3.428477
26.02,4.288231,1.813201,1.794696,3.44678
26.03,4.357263,1.811652,1.796247,3.532301
26.04,4.417847,1.852018,1.814078,3.577222
26.05,4.43433,1.884933,1.812945,3.580997
26.06,4.417293,1.88739,1.816611,3.556706
26.07,4.417127,1.87992,1.833778,3.551643
26.08,4.45004,1.868353,1.913513,3.556765
26.09,4.44354,1.862099,1.890182,3.564385
26.1,4.458535,1.854587,1.863876,3.600696
26.11,4.482813,1.845461,1.862967,3.635827
26.12,4.497829,1.820374,1.862897,3.666923
26.13,4.422826,1.815554,1.82424,3.596846
26.14,4.337942,1.779323,1.843057,3.500699
26.15,4.303396,1.785737,1.929836,3.406772
26.16,4.231505,1.708028,1.950098,3.344457
26.17,4.19322,1.714214,1.949772,3.292864
26.18,4.121744,1.741853,1.947196,3.18797
26.19,4.153176,1.763681,1.963195,3.206893
26.2,4.173493,1.738094,1.993921,3.228212
26.21,4.152999,1.720827,2.02442,3.191846
26.22,4.06724,1.683211,2.051945,3.082006
26.23,4.099901,1.688496,2.057457,3.118499
26.24,4.158524,1.671455,2.069391,3.196433
26.25,4.154383,1.662988,2.062878,3.199672
26.26,4.175616,1.681791,2.071225,3.212067
26.27,4.177532,1.704567,2.015347,3.237993
26.28,4.137475,1.704427,2.002751,3.194154
26.29,4.105891,1.713879,2.015086,3.140126
26.3,4.078759,1.735208,2.014993,3.092756
26.31,4.047319,1.731449,2.055774,3.025999
26.32,4.022603,1.745585,2.085199,2.964154
26.33,3.935487,1.763079,2.054972,2.855994
26.34,3.931899,1.736023,2.057626,2.865698
26.35,3.944467,1.70167,2.101191,2.871956
26.36,3.947266,1.690549,2.106385,2.878557
26.37,3.93963,1.691694,2.103866,2.869251
26.38,3.92649,1.713646,2.050911,2.876544
26.39,3.885713,1.73211,2.03363,2.821862
26.4,3.901509,1.724588,2.032394,2.849025
26.41,3.979313,1.739894,2.03234,2.945724
26.42,4.051455,1.748168,2.033833,3.036729
26.43,4.090313,1.786238,2.020278,3.075466
26.44,4.091808,1.765128,2.026194,3.085735
26.45,4.093725,1.769886,2.024473,3.08668
26.46,4.065753,1.745864,2.028793,3.060442
26.47,4.051087,1.770119,1.979224,3.059519
26.48,4.049185,1.776942,1.954228,3.069099
26.49,4.064569,1.780566,1.94126,3.09545
26.5,4.021799,1.802502,1.913866,3.043513
26.51,3.966335,1.785753,1.919405,2.976371
26.52,3.959569,1.789999,1.935208,2.954498
26.53,3.855869,1.76708,1.91192,2.844242
26.54,3.786214,1.739037,1.890454,2.78161
26.55,3.793049,1.709304,1.912942,2.793948
26.56,3.830064,1.715713,1.934716,2.825348
26.57,3.831994,1.738343,1.92858,2.818318
26.58,3.790434,1.738889,1.835198,2.824128
26.59,3.774019,1.738643,1.811586,2.817534
26.6,3.748517,1.748266,1.817961,2.773079
26.61,3.701609,1.749818,1.841884,2.692121
26.62,3.671883,1.739426,1.89701,2.618868
26.63,3.667358,1.729078,1.896969,2.619412
26.64,3.613751,1.670209,1.888544,2.589015
26.65,3.55285,1.678163,1.802578,2.560707
26.66,3.575751,1.680259,1.808762,2.586718
26.67,3.595742,1.65812,1.847272,2.601458
26.68,3.610907,1.642376,1.85049,2.630007
26.691,3.549649,1.612306,1.856502,2.560054
26.7,3.535401,1.60021,1.823759,2.571438
26.71,3.502224,1.572835,1.775472,2.576715
26.72,3.50162,1.566585,1.737866,2.605183
26.73,3.489586,1.565751,1.732371,2.593169
26.74,3.406685,1.570948,1.697072,2.501514
26.75,3.414355,1.565295,1.688247,2.521407
26.761,3.396174,1.547382,1.681654,2.512298
26.77,3.371663,1.56722,1.653885,2.485275
26.78,3.363389,1.571263,1.639456,2.481068
26.79,3.374468,1.5441,1.639851,2.512704
26.8,3.396059,1.529677,1.641142,2.549502
26.81,3.342096,1.511227,1.586391,2.52372
26.82,3.354842,1.526356,1.565981,2.54419
26.83,3.343792,1.511208,1.561471,2.541457
26.84,3.353117,1.51232,1.526404,2.574174
26.85,3.322804,1.520485,1.458041,2.569682
26.86,3.310787,1.521559,1.45352,2.556062
26.87,3.339714,1.526838,1.456825,2.588458
26.88,3.314973,1.479211,1.476462,2.573138
26.89,3.333347,1.527968,1.496625,2.556684
26.9,3.288499,1.520009,1.538895,2.477014
26.91,3.239819,1.569463,1.55599,2.368989
26.92,3.082569,1.545989,1.567498,2.157568
26.93,3.041549,1.548347,1.565784,2.098085
26.94,3.005566,1.549818,1.554891,2.052755
26.95,3.030884,1.537298,1.556451,2.097721
26.96,3.09642,1.550308,1.533281,2.198502
26.97,3.084272,1.533436,1.525859,2.198423
26.98,3.1289,1.584235,1.525994,2.22521
26.99,3.084346,1.580288,1.489684,2.190142
27.0,3.077727,1.582685,1.507555,2.166747
27.01,3.068477,1.589149,1.494153,2.158162
27.02,3.103198,1.628882,1.527256,2.155011
27.03,3.133622,1.620304,1.581536,2.166321
27.04,3.162556,1.61376,1.620346,2.184495
27.05,3.169142,1.586413,1.63078,2.206198
27.06,3.295056,1.606322,1.685679,2.331439
27.07,3.277293,1.582004,1.675737,2.330198
27.08,3.291795,1.584129,1.72129,2.315946
27.09,3.324708,1.596574,1.73624,2.343098
27.1,3.328655,1.561509,1.795778,2.327405
27.11,3.36318,1.565311,1.793114,2.376031
27.12,3.421331,1.532911,1.757773,2.503184
27.13,3.482683,1.553789,1.743449,2.583642
27.14,3.477128,1.563508,1.733134,2.577229
27.15,3.499462,1.612176,1.733204,2.577426
27.16,3.51965,1.628549,1.699659,2.616663
27.17,3.537052,1.659405,1.663782,2.643661
27.18,3.528017,1.669386,1.657481,2.629222
27.19,3.607114,1.703199,1.620825,2.735564
27.2,3.615049,1.703327,1.647389,2.730086
27.21,3.650704,1.708304,1.651179,2.771812
27.22,3.704874,1.71308,1.685334,2.81977
27.23,3.698778,1.713524,1.68568,2.811277
27.24,3.691227,1.657346,1.685456,2.835066
27.25,3.687245,1.658642,1.682588,2.830826
27.26,3.660588,1.613531,1.66386,2.833372
27.27,3.664204,1.616535,1.657723,2.839923
27.28,3.66747,1.641441,1.641643,2.839193
27.29,3.643616,1.647464,1.637942,2.806946
27.3,3.633176,1.647741,1.659943,2.780199
27.31,3.703583,1.610333,1.739543,2.845584
27.32,3.783525,1.599382,1.794586,2.921729
27.33,3.77237,1.510112,1.829815,2.932936
27.34,3.744645,1.524246,1.824627,2.893057
27.35,3.806539,1.545242,1.822472,2.963201
27.36,3.822086,1.564595,1.832639,2.966785
27.37,3.803097,1.581788,1.829527,2.935017
27.38,3.791383,1.566092,1.834453,2.925188
27.39,3.781349,1.561133,1.817222,2.925605
27.4,3.75262,1.533635,1.785347,2.922783
27.41,3.738724,1.521084,1.767767,2.922219
27.42,3.753357,1.50843,1.7952,2.930799
27.43,3.806832,1.511939,1.826563,2.978201
27.44,3.827826,1.504123,1.878323,2.976872
27.45,3.818744,1.500878,1.923434,2.937784
27.46,3.833438,1.505717,1.971004,2.922877
27.47,3.879178,1.491982,1.972472,2.98854
27.48,3.879051,1.478288,1.979009,2.990857
27.49,3.892925,1.458819,1.999935,3.004492
27.498,3.958726,1.449796,1.987653,3.101425
27.51,3.960448,1.417522,1.988766,3.117786
27.52,3.964421,1.404815,1.954479,3.150102
27.528,3.956073,1.409341,1.911369,3.164007
27.539,3.991857,1.454221,1.87302,3.211224
27.549,3.970548,1.503725,1.854242,3.172673
27.56,3.843445,1.566073,1.765479,3.033573
27.569,3.874192,1.609804,1.765706,3.049619
27.579,3.89728,1.664702,1.720853,3.075098
27.589,3.930797,1.734442,1.717768,3.080933
27.599,3.946649,1.805029,1.641941,3.101924
27.609,3.93918,1.852482,1.621105,3.075299
27.619,3.845133,1.871622,1.605048,2.950576
27.629,3.867335,1.936591,1.645582,2.915124
27.639,3.938206,1.952188,1.673629,2.982849
27.649,3.960819,1.908474,1.765289,2.988239
27.659,3.979528,1.894665,1.804267,2.998585
27.669,3.995606,1.902882,1.804166,3.014779
27.679,3.999417,1.921868,1.802913,3.008532
27.69,3.906082,1.89756,1.813915,2.892483
27.7,3.920855,1.930386,1.845369,2.870771
27.709,3.922926,1.946339,1.843841,2.863803
27.719,3.951379,1.951497,1.85485,2.892159
27.729,4.095144,1.951145,1.861497,3.081894
27.739,4.114002,1.954767,1.860125,3.105452
27.749,4.136124,2.008065,1.860664,3.100505
27.759,4.145691,2.041646,1.858863,3.09242
27.769,4.145406,2.044925,1.856729,3.091153
27.779,4.129545,2.024322,1.843234,3.091561
27.789,4.125737,2.023043,1.844455,3.086583
27.799,4.147444,2.081958,1.820741,3.090575
27.809,4.108396,2.157427,1.757585,3.02247
27.819,4.028126,2.212864,1.693194,2.908973
27.829,4.016364,2.22557,1.656379,2.904209
27.839,4.023911,2.247371,1.651477,2.900656
27.849,3.990434,2.265918,1.653416,2.838202
27.859,4.002107,2.268406,1.647713,2.855912
27.869,4.044509,2.259124,1.695996,2.894479
27.879,4.127644,2.253046,1.757156,2.978864
27.889,4.132018,2.259163,1.758594,2.979446
27.899,4.165258,2.290432,1.77416,2.992599
27.909,4.191266,2.301602,1.814975,2.995865
27.92,4.206252,2.30166,1.875556,2.979465
27.929,4.161867,2.302625,1.873353,2.917123
27.939,4.170047,2.315786,1.857143,2.928728
27.95,4.151363,2.317658,1.819985,2.924026
27.959,4.142954,2.313867,1.814889,2.918264
27.969,4.154411,2.314895,1.876852,2.894446
27.979,4.236157,2.308575,2.018018,2.92286
27.989,4.276221,2.312403,2.050757,2.955208
27.999,4.256684,2.312584,2.085086,2.902366
28.009,4.343213,2.313992,2.084798,3.026972
28.019,4.336339,2.321989,2.081026,3.013558
28.029,4.34917,2.338368,2.084333,3.017096
28.039,4.338859,2.312368,2.133417,2.987839
28.049,4.336488,2.285764,2.157236,2.987766
28.059,4.353453,2.278189,2.159818,3.016221
28.069,4.331271,2.244786,2.161742,3.007943
28.079,4.306806,2.21157,2.196051,2.972356
28.089,4.313835,2.182719,2.184699,3.011976
28.099,4.294898,2.134611,2.197542,3.010049
28.11,4.317539,2.099735,2.231255,3.041999
28.119,4.437918,2.090483,2.233422,3.215093
28.129,4.388055,2.042441,2.190249,3.207222
28.139,4.345162,2.014316,2.225103,3.141954
28.149,4.381886,2.011407,2.139906,3.252071
28.159,4.353351,2.02144,2.118129,3.221642
28.169,4.356883,1.985489,2.136949,3.236312
28.179,4.44449,1.944409,2.121381,3.387109
28.189,4.463755,1.961921,2.150473,3.383997
28.199,4.437803,1.925002,2.112819,3.394769
28.209,4.417822,1.915429,2.118106,3.370743
28.219,4.381016,1.930959,2.089656,3.331371
28.229,4.234891,1.931138,2.097776,3.13119
28.239,4.226364,1.94064,2.092448,3.117327
28.249,4.235724,1.902663,2.138542,3.122159
28.259,4.226584,1.868754,2.146084,3.125076
28.269,4.212211,1.85904,2.13824,3.11683
28.28,4.240154,1.863843,2.177742,3.124489
28.289,4.2395,1.865735,2.18347,3.11847
28.299,4.246311,1.847149,2.192016,3.132773
28.309,4.299241,1.777188,2.226937,3.2196
28.319,4.290459,1.718763,2.225149,3.240771
28.329,4.303795,1.71145,2.255643,3.241244
28.34,4.343005,1.682694,2.296904,3.2794
28.349,4.343233,1.650951,2.298165,3.294916
28.359,4.320388,1.631956,2.300226,3.272833
28.369,4.263776,1.639544,2.267041,3.217484
28.379,4.246817,1.631113,2.22728,3.227096
28.389,4.23325,1.617026,2.229288,3.214951
28.4,4.225371,1.596985,2.269925,3.186038
28.409,4.322319,1.573854,2.22105,3.357433
28.42,4.305172,1.554716,2.154734,3.387402
28.43,4.325169,1.566048,2.135774,3.41951
28.44,4.319734,1.560063,2.148171,3.40759
28.449,4.335146,1.59385,2.152229,3.408966
28.46,4.412917,1.590943,2.129704,3.522371
28.47,4.388589,1.589713,2.083883,3.519937
28.48,4.297395,1.611972,1.955042,3.470873
28.489,4.263298,1.621661,1.918557,3.444571
28.5,4.238576,1.660299,1.889046,3.411808
28.51,4.188191,1.665971,1.889348,3.346019
28.52,4.194285,1.652972,1.931668,3.335921
28.53,4.164075,1.629318,1.932544,3.309096
28.54,4.152044,1.657727,1.902397,3.297317
28.55,4.179828,1.657909,1.943317,3.308447
28.56,4.18911,1.586844,1.948908,3.351466
28.569,4.216324,1.58496,1.944103,3.389063
28.58,4.296317,1.591683,1.908732,3.504516
28.59,4.260641,1.55905,1.91681,3.471061
28.6,4.246473,1.568107,1.907048,3.45496
28.61,4.25718,1.566137,1.868843,3.489731
28.62,4.131044,1.550375,1.883994,3.333532
28.63,4.138656,1.546114,1.88592,3.343847
28.64,4.118885,1.546641,1.840529,3.344483
28.65,4.022001,1.546911,1.826981,3.23198
28.66,4.004971,1.530556,1.870794,3.193324
28.67,3.956949,1.544498,1.84735,3.139947
28.68,3.81322,1.534894,1.8615,2.952891
28.69,3.820632,1.544773,1.863798,2.955869
28.7,3.972538,1.553345,1.945495,3.095679
28.71,3.942551,1.538338,1.939914,3.068217
28.72,3.906329,1.519482,1.960097,3.018046
28.73,3.911791,1.541229,1.962699,3.012397
28.74,3.902785,1.545038,1.981877,2.986093
28.75,3.890145,1.549786,1.959447,2.981939
28.76,3.937416,1.551257,2.007845,3.010881
28.77,3.926233,1.52592,1.998533,3.015417
28.78,3.898131,1.554409,1.965866,2.985734
28.79,3.916636,1.574986,1.998705,2.977354
28.8,3.893446,1.508569,1.994187,2.984352
28.81,3.761796,1.499395,1.947609,2.847762
28.82,3.785524,1.538722,1.967625,2.844464
28.83,3.853419,1.511582,1.923635,2.977177
28.84,3.802673,1.507185,1.88473,2.938793
28.85,3.811094,1.510795,1.883655,2.948522
28.86,3.811104,1.505199,1.88782,2.948733
28.87,3.802712,1.531644,1.913364,2.907529
28.88,3.817505,1.531605,1.923549,2.920187
28.89,3.854727,1.518826,1.919553,2.977819
28.9,3.833889,1.509159,1.869561,2.987622
28.91,3.745555,1.524523,1.869546,2.865277
28.92,3.699712,1.520786,1.906271,2.782304
28.93,3.784132,1.520862,1.898355,2.898772
28.94,3.841772,1.512291,1.855517,3.00487
28.95,3.833313,1.490123,1.859626,3.002601
28.96,3.775501,1.500467,1.846565,2.931416
28.97,3.811437,1.525362,1.82659,2.977229
28.98,3.889516,1.513389,1.827185,3.082107
28.99,3.883131,1.490468,1.810161,3.095243
29.0,3.890595,1.48978,1.814437,3.102436
29.01,3.925939,1.477121,1.816046,3.15168
29.02,3.970335,1.48093,1.782441,3.223865
29.03,3.995875,1.470015,1.784095,3.259306
29.04,3.986123,1.469343,1.761621,3.259892
29.05,3.966098,1.473994,1.715908,3.25775
29.06,3.948519,1.476431,1.706896,3.239978
29.07,3.915974,1.496812,1.708049,3.190137
29.08,3.854397,1.499352,1.716271,3.108494
29.09,3.85923,1.481197,1.707831,3.127783
29.1,3.872568,1.462904,1.718657,3.146889
29.11,3.8295,1.447138,1.719787,3.100515
29.12,3.842671,1.471273,1.729252,3.100188
29.13,3.88153,1.495682,1.744642,3.128168
29.14,3.897073,1.492386,1.731895,3.156027
29.15,3.94349,1.480607,1.731955,3.218579
29.16,3.922675,1.483702,1.687726,3.215212
29.17,3.947793,1.52243,1.705757,3.218334
29.18,4.013226,1.564059,1.746159,3.257396
29.19,3.999712,1.537933,1.715822,3.269315
29.2,3.886277,1.554665,1.584959,3.189681
29.21,3.859503,1.587156,1.594999,3.13571
29.22,3.856963,1.613888,1.52593,3.153264
29.23,3.933629,1.589582,1.538597,3.252596
29.24,3.91924,1.568843,1.521743,3.253225
29.25,3.93775,1.546345,1.516433,3.288635
29.26,4.010832,1.564253,1.452187,3.395739
29.27,4.05354,1.597929,1.466987,3.42429
29.28,4.081857,1.560859,1.474466,3.471488
29.29,4.142972,1.560928,1.427838,3.562162
29.3,4.178117,1.577605,1.420706,3.598531
29.31,4.235775,1.567581,1.408811,3.674198
29.32,4.344824,1.540377,1.411747,3.809423
29.33,4.289832,1.543404,1.459204,3.727101
29.34,4.274123,1.546187,1.458465,3.708141
29.35,4.290435,1.552549,1.482094,3.714945
29.36,4.346576,1.538744,1.509498,3.774441
29.37,4.321589,1.513008,1.461275,3.775131
29.38,4.303664,1.55672,1.475138,3.731236
29.39,4.342798,1.546442,1.512663,3.76567
29.4,4.327954,1.561961,1.505421,3.745019
29.41,4.385958,1.566141,1.558214,3.788904
29.42,4.554671,1.569496,1.531518,3.992013
29.43,4.447836,1.576012,1.534017,3.866035
29.44,4.478026,1.562277,1.548438,3.900557
29.45,4.527843,1.585817,1.541163,3.951122
29.46,4.521298,1.590755,1.597172,3.91927
29.47,4.492424,1.568597,1.601076,3.893319
29.48,4.396711,1.599543,1.628033,3.75793
29.49,4.497594,1.598025,1.652085,3.865913
29.5,4.490979,1.570562,1.647643,3.87137
29.51,4.469044,1.588812,1.692235,3.818949
29.52,4.553657,1.583897,1.694761,3.918526
29.53,4.50324,1.586744,1.713368,3.850426
29.54,4.550694,1.55631,1.72234,3.91411
29.55,4.597258,1.552435,1.706864,3.976347
29.56,4.594227,1.562578,1.755363,3.947654
29.57,4.605072,1.54694,1.756557,3.965876
29.58,4.626354,1.570691,1.78123,3.970302
29.59,4.595096,1.569644,1.817448,3.917653
29.6,4.594246,1.575659,1.805117,3.919943
29.61,4.674366,1.592221,1.853507,3.984851
29.62,4.735713,1.577691,1.826676,4.074448
29.63,4.74021,1.567007,1.825452,4.084336
29.64,4.719953,1.556192,1.834201,4.061026
29.65,4.729124,1.592019,1.859214,4.046408
29.66,4.755009,1.585523,1.927201,4.047484
29.67,4.721344,1.569954,1.905868,4.024177
29.68,4.793897,1.538738,1.879658,4.132871
29.69,4.86033,1.540483,1.877618,4.210021
29.7,4.847384,1.515797,1.871991,4.206559
29.71,4.893879,1.479655,1.89062,4.264531
29.72,4.879954,1.45782,1.880286,4.260662
29.73,4.882382,1.467616,1.943522,4.231605
29.74,4.896895,1.449011,1.950596,4.251485
29.75,4.842501,1.477492,1.947181,4.180349
29.76,4.838467,1.469931,1.993506,4.156441
29.77,4.817778,1.442309,1.977996,4.149489
29.78,4.861958,1.447346,1.99932,4.188859
29.79,4.894579,1.431656,2.005658,4.229018
29.8,4.882184,1.425902,1.999411,4.219583
29.81,4.885359,1.425124,2.008782,4.219069
29.82,4.864179,1.42662,1.992958,4.201561
29.83,4.862894,1.426849,1.996999,4.198076
29.84,4.886833,1.42917,2.014595,4.216636
29.85,4.89695,1.436504,2.009504,4.228295
29.86,4.896546,1.436107,2.05602,4.205537
29.87,4.895529,1.430533,2.065109,4.201799
29.88,4.898066,1.413693,2.063216,4.211373
29.89,4.896691,1.418816,2.086373,4.196617
29.9,4.895027,1.40309,2.089925,4.198195
29.91,4.891016,1.421147,2.068768,4.197925
29.92,4.820716,1.420237,2.097418,4.101594
29.93,4.816878,1.416872,2.088802,4.102644
29.94,4.818068,1.424356,2.104419,4.093459
29.95,4.869275,1.401736,2.10785,4.159561
29.96,4.841718,1.398944,2.081456,4.141585
29.97,4.908861,1.39521,2.124038,4.199853
29.98,4.928753,1.374603,2.101937,4.240865
29.99,4.866284,1.380061,2.110363,4.162033
30.0,4.920638,1.373779,2.137951,4.213618
30.01,4.893649,1.369007,2.097669,4.203975
30.02,4.834932,1.389978,2.131905,4.110901
30.03,4.899819,1.376275,2.151355,4.181599
30.04,4.87709,1.393059,2.127413,4.161672
30.05,4.850124,1.396637,2.163367,4.110104
30.06,4.903174,1.378915,2.152334,4.184157
30.07,4.9421,1.387638,2.150294,4.227889
30.08,4.93154,1.359461,2.154698,4.222467
30.09,4.963639,1.356864,2.138006,4.26914
30.1,4.989306,1.345986,2.137722,4.302515
30.11,4.911389,1.344032,2.124794,4.219073
30.12,4.892062,1.340166,2.130751,4.194774
30.13,4.897647,1.322238,2.123009,4.210874
30.14,4.851892,1.347161,2.144018,4.138744
30.15,4.890913,1.305449,2.132719,4.203373
30.16,4.858391,1.331044,2.072955,4.187499
30.17,4.876098,1.32264,2.119619,4.187383
30.18,4.84637,1.297305,2.110275,4.165458
30.19,4.778334,1.300005,2.11132,4.084701
30.2,4.842817,1.298915,2.117839,4.156977
30.21,4.812253,1.324975,2.126309,4.108653
30.22,4.804166,1.35041,2.188933,4.057706
30.23,4.84312,1.345513,2.151089,4.125315
30.24,4.852256,1.343594,2.146885,4.138844
30.25,4.84437,1.318056,2.121719,4.150778
30.26,4.817386,1.329379,2.087021,4.133316
30.27,4.816638,1.326942,2.097312,4.128015
30.28,4.831345,1.331298,2.067613,4.158668
30.29,4.768424,1.323862,2.073312,4.084927
30.3,4.75699,1.304797,2.073762,4.077495
30.31,4.668731,1.319953,2.084621,3.963474
30.32,4.633942,1.355951,2.110771,3.896083
30.33,4.688458,1.379025,2.120185,3.947752
30.34,4.676285,1.373761,2.144676,3.921835
30.35,4.653301,1.360688,2.131044,3.906455
30.36,4.620085,1.37378,2.066855,3.896925
30.37,4.614698,1.371978,2.058869,3.895404
30.38,4.666001,1.349732,2.061325,3.962415
30.39,4.669097,1.344469,2.041443,3.978113
30.4,4.717665,1.327909,2.03661,4.042925
30.41,4.664368,1.297077,2.024288,3.997021
30.42,4.598585,1.304468,1.998027,3.93106
30.43,4.616137,1.295223,2.005757,3.950703
30.44,4.585186,1.31032,2.002499,3.911136
30.45,4.592273,1.319095,2.008677,3.913333
30.46,4.606172,1.308209,1.995026,3.940213
30.47,4.554042,1.354903,1.949506,3.886253
30.48,4.587939,1.37607,1.97571,3.905404
30.49,4.645018,1.370966,1.983911,3.96998
30.5,4.643857,1.373572,1.964359,3.977437
30.51,4.598034,1.391676,1.964144,3.917562
30.52,4.582583,1.41094,1.923955,3.912508
30.53,4.577146,1.424138,1.886131,3.919771
30.54,4.544168,1.412475,1.939834,3.858941
30.55,4.593243,1.39661,1.922538,3.930802
30.56,4.573396,1.429786,1.887165,3.912834
30.57,4.510355,1.47665,1.884015,3.822734
30.58,4.516419,1.511232,1.894453,3.811203
30.59,4.50274,1.530124,1.942931,3.762765
30.6,4.490507,1.539505,2.039801,3.692396
30.61,4.512166,1.522248,2.131526,3.674099
30.62,4.521205,1.52295,2.156611,3.670279
30.63,4.516668,1.529746,2.155257,3.662655
30.64,4.480071,1.525543,2.136771,3.630146
30.65,4.467309,1.548593,2.156616,3.592732
30.661,4.454635,1.533055,2.197945,3.558448
30.67,4.489877,1.503223,2.291603,3.556384
30.68,4.511241,1.502637,2.342687,3.550379
30.69,4.463245,1.501352,2.376119,3.467067
30.7,4.44327,1.500812,2.368334,3.446912
30.71,4.431582,1.50713,2.344101,3.445674
30.72,4.413555,1.563984,2.32001,3.413353
30.73,4.446751,1.626302,2.392796,3.376871
30.74,4.529383,1.636672,2.416879,3.463425
30.75,4.580066,1.631318,2.426529,3.525303
30.76,4.589788,1.621289,2.424932,3.543625
30.77,4.586773,1.612302,2.42372,3.544651
30.78,4.536234,1.662056,2.468918,3.423365
30.79,4.596617,1.684327,2.502975,3.468004
30.8,4.693693,1.685573,2.546599,3.564328
30.81,4.75772,1.675743,2.521166,3.670355
30.82,4.755808,1.648537,2.507929,3.689218
30.83,4.727961,1.663566,2.479973,3.665501
30.84,4.734125,1.691671,2.478152,3.661824
30.85,4.803995,1.722112,2.551475,3.688181
30.86,4.911897,1.709839,2.554817,3.830939
30.87,4.992601,1.707515,2.558441,3.932536
30.88,4.9549,1.70627,2.534019,3.90108
30.89,4.915557,1.727218,2.516539,3.853109
30.9,4.924702,1.812478,2.560783,3.796051
30.91,4.996606,1.893859,2.626312,3.805503
30.92,5.027383,1.907315,2.671322,3.807987
30.93,5.051161,1.896603,2.693483,3.829135
30.94,5.098888,1.880262,2.710512,3.887981
30.95,5.110088,1.873,2.741322,3.884588
30.96,5.107295,1.866208,2.7474,3.879888
30.97,5.103291,1.835541,2.74433,3.891405
30.98,5.089227,1.813942,2.725351,3.896447
30.99,5.003716,1.813075,2.692635,3.807841
31.0,4.975779,1.827461,2.686323,3.768612
31.01,4.993397,1.862161,2.692804,3.770302
31.02,5.020472,1.893131,2.703582,3.783099
31.03,5.034748,1.94813,2.728859,3.755903
31.04,5.051663,1.982009,2.714492,3.771269
31.05,5.015001,1.985332,2.725501,3.712187
31.06,4.991461,1.96242,2.740966,3.681127
31.07,5.002007,1.923334,2.77085,3.693677
31.08,5.002823,1.897138,2.749917,3.72385
31.09,5.00734,1.893457,2.716291,3.756333
31.1,4.969107,1.880745,2.637385,3.768158
31.11,4.944294,1.884021,2.552705,3.792123
31.12,4.938708,1.8974,2.585265,3.755944
31.13,4.915433,1.917842,2.619681,3.690615
31.14,4.940868,1.980658,2.621199,3.690323
31.15,4.95834,2.010678,2.620624,3.697923
31.16,4.982636,2.02352,2.616026,3.72672
31.17,4.935434,2.030082,2.528787,3.720553
31.18,4.919101,2.051836,2.482403,3.718225
31.19,4.925422,2.077892,2.476245,3.716228
31.2,4.963242,2.108399,2.511949,3.725391
31.21,5.023949,2.099487,2.547737,3.786984
31.22,5.002993,2.035761,2.547942,3.79389
31.23,4.979775,1.997541,2.486382,3.824381
31.24,4.889732,2.003249,2.455625,3.723758
31.25,4.844632,2.007838,2.448299,3.666726
31.26,4.842487,2.012382,2.446843,3.662371
31.27,4.824373,2.01744,2.440903,3.639574
31.28,4.814407,2.017448,2.420903,3.639732
31.29,4.811654,2.126383,2.438222,3.561682
31.3,4.81463,2.205815,2.445035,3.512384
31.31,4.767714,2.210828,2.506525,3.400099
31.32,4.772048,2.198336,2.551795,3.380548
31.33,4.750932,2.176503,2.551198,3.365349
31.34,4.717379,2.157099,2.538208,3.340373
31.35,4.684404,2.126345,2.478756,3.358283
31.36,4.59056,2.123645,2.482153,3.225257
31.37,4.51623,2.13174,2.480077,3.114681
31.38,4.518861,2.141828,2.497499,3.097608
31.39,4.539241,2.129464,2.538044,3.102969
31.4,4.494565,2.07596,2.500902,3.104351
31.41,4.417445,2.024718,2.443142,3.073336
31.42,4.383533,2.031863,2.392614,3.059787
31.43,4.355448,2.044439,2.37895,3.021721
31.44,4.263855,2.04893,2.341383,2.915522
31.45,4.164702,2.048846,2.314342,2.791199
31.46,4.173592,2.051175,2.36636,2.758966
31.47,4.216969,2.049668,2.411604,2.786729
31.48,4.160532,2.05944,2.420593,2.685045
31.49,4.160497,2.051886,2.423968,2.687727
31.5,4.19715,2.046762,2.418919,2.752392
31.51,4.171377,2.014415,2.410528,2.744427
31.52,4.144705,1.982402,2.423625,2.715641
31.53,4.109793,1.945554,2.4201,2.692273
31.54,4.056646,1.927633,2.419879,2.623889
31.55,4.039417,1.932569,2.3981,2.613654
31.56,4.05159,1.936727,2.396187,2.631113
31.57,4.097858,1.938036,2.375104,2.719437
31.58,4.127675,1.928272,2.387034,2.760713
31.59,4.118539,1.92184,2.379394,2.758147
31.6,4.167249,1.930365,2.378156,2.825603
31.61,4.202191,1.939486,2.398173,2.854044
31.62,4.166114,1.933053,2.327918,2.86367
31.63,4.147239,1.915383,2.309165,2.863329
31.64,4.147655,1.892231,2.322488,2.868545
31.65,4.215909,1.90194,2.345286,2.942133
31.66,4.217115,1.92058,2.335725,2.939358
31.67,4.237276,1.920698,2.302915,2.993662
31.68,4.192021,1.896496,2.290011,2.955029
31.69,4.165676,1.882205,2.263114,2.947622
31.7,4.163974,1.866444,2.211225,2.994253
31.71,4.110242,1.922432,2.172141,2.912069
31.72,4.119666,1.964147,2.162096,2.905016
31.73,4.138178,1.95921,2.269667,2.852125
31.74,4.141663,1.953675,2.328501,2.813292
31.75,4.147865,1.946571,2.358481,2.802359
31.76,4.147769,1.94172,2.366113,2.799147
31.77,4.193087,1.935704,2.36003,2.874941
31.78,4.222116,1.905708,2.339037,2.953548
31.79,4.168084,1.80019,2.275722,2.992212
31.8,4.081214,1.73529,2.237496,2.939164
31.81,4.054522,1.755426,2.172798,2.938805
31.82,4.067122,1.782393,2.181616,2.933447
31.83,4.090476,1.790283,2.222445,2.930464
31.84,4.072593,1.790239,2.219588,2.90766
31.85,4.062866,1.808072,2.199558,2.898223
31.86,4.128267,1.835208,2.190014,2.97967
31.87,4.14109,1.861641,2.18626,2.983822
31.88,4.164669,1.883733,2.20053,2.992271
31.89,4.202861,1.900561,2.290322,2.967546
31.9,4.218353,1.89486,2.324354,2.966713
31.91,4.221228,1.870174,2.346652,2.968913
31.92,4.245399,1.843101,2.346379,3.020082
31.93,4.271132,1.838581,2.332053,3.069806
31.94,4.308421,1.854788,2.331565,3.112243
31.95,4.351749,1.91024,2.321148,3.146581
31.96,4.325878,1.950229,2.253709,3.135383
31.97,4.279218,1.965779,2.250654,3.063002
31.98,4.323587,1.966207,2.338294,3.059381
31.99,4.347153,1.963458,2.351144,3.08459
32.0,4.341667,1.958842,2.355738,3.076282
32.01,4.35508,1.973903,2.368111,3.076114
32.02,4.356363,1.991649,2.355622,3.076082
32.03,4.353527,2.001377,2.328542,3.086354
32.04,4.421369,1.98426,2.316252,3.200968
32.05,4.444338,1.97612,2.315322,3.238268
32.06,4.4578,1.971989,2.303024,3.267923
32.07,4.410595,1.974033,2.282947,3.216318
32.08,4.345524,1.97928,2.263933,3.136978
32.09,4.34692,1.997929,2.273536,3.1201
32.1,4.363042,2.071325,2.341449,3.043577
32.11,4.393433,2.113516,2.34216,3.057709
32.12,4.407148,2.110507,2.340935,3.08038
32.13,4.424162,2.10598,2.329023,3.116682
32.14,4.46957,2.093415,2.306599,3.205349
32.15,4.389128,2.100256,2.252112,3.127517
32.16,4.368391,2.12028,2.230898,3.100055
32.17,4.369545,2.150581,2.304276,3.026258
32.18,4.414126,2.163373,2.392279,3.013524
32.19,4.413019,2.151762,2.441165,2.980834
32.2,4.376293,2.143224,2.448058,2.926695
32.21,4.442051,2.110242,2.451585,3.044409
32.22,4.417006,2.107752,2.407685,3.044729
32.23,4.357347,2.120418,2.294299,3.037514
32.24,4.350687,2.123286,2.276098,3.039656
32.25,4.409942,2.122449,2.279558,3.121926
32.26,4.428153,2.124019,2.289759,3.139122
32.27,4.394693,2.111691,2.296522,3.09517
32.28,4.369699,2.104698,2.293585,3.066591
32.29,4.322112,2.083192,2.276047,3.026644
32.3,4.351312,2.126733,2.272998,3.040461
32.31,4.401374,2.232627,2.256355,3.048989
32.32,4.462088,2.286711,2.234625,3.112497
32.33,4.475442,2.285659,2.264439,3.110893
32.34,4.502299,2.295044,2.267726,3.140205
32.35,4.51713,2.317266,2.268431,3.144672
32.36,4.453351,2.315887,2.268324,3.053475
32.37,4.481444,2.305887,2.269161,3.101151
32.38,4.439949,2.288197,2.227927,3.084419
32.39,4.373851,2.287799,2.110531,3.072817
32.4,4.355641,2.299176,2.056903,3.074825
32.41,4.351798,2.316761,2.021111,3.079914
32.42,4.336493,2.352093,2.014163,3.035783
32.43,4.34929,2.374339,2.014208,3.036743
32.44,4.335028,2.404632,2.012846,2.993103
32.45,4.334073,2.377933,2.005439,3.01792
32.46,4.367373,2.354991,2.005653,3.08307
32.47,4.418208,2.337388,1.952776,3.200601
32.48,4.42268,2.332467,1.843497,3.274326
32.49,4.439047,2.332235,1.820139,3.309517
32.5,4.465851,2.327217,1.811966,3.353306
32.51,4.473959,2.298162,1.805832,3.38729
32.52,4.474826,2.261868,1.798703,3.416531
32.53,4.475816,2.243623,1.80377,3.427171
32.54,4.404621,2.251059,1.822022,3.318682
32.55,4.398414,2.259895,1.834203,3.297669
32.56,4.350673,2.277987,1.838038,3.218811
32.57,4.327507,2.281519,1.852337,3.176607
32.58,4.353168,2.278708,1.880205,3.197247
32.59,4.338876,2.256549,1.89029,3.187575
32.6,4.299061,2.189535,1.865795,3.194788
32.61,4.240138,2.135604,1.882506,3.142314
32.62,4.265759,2.135145,1.911327,3.159855
32.63,4.264086,2.1271,1.954778,3.136355
32.64,4.200836,2.08592,1.971436,3.067475
32.65,4.183122,2.051377,1.972541,3.065851
32.66,4.169611,1.994203,1.96293,3.091233
32.67,4.162965,2.010441,1.932554,3.090896
32.68,4.160911,2.018529,1.841595,3.138033
32.69,4.191555,2.057005,1.819106,3.166815
32.7,4.239962,2.046485,1.836265,3.227585
32.71,4.232595,2.02012,1.854423,3.224141
32.72,4.323604,1.997519,1.875338,3.344634
32.73,4.403812,1.989841,1.907983,3.434195
32.74,4.475531,1.984482,1.913194,3.52589
32.751,4.454519,1.982774,1.937115,3.486967
32.761,4.481833,1.982076,1.976841,3.500042
32.77,4.476629,1.994985,1.997992,3.473941
32.78,4.472287,2.002771,2.043029,3.437483
32.79,4.484161,1.993796,2.072313,3.44064
32.8,4.451843,1.919861,2.089607,3.430244
32.81,4.394092,1.77619,2.094146,3.430415
32.82,4.293474,1.674512,2.06691,3.370135
32.83,4.252186,1.661566,1.967052,3.383932
32.84,4.22686,1.652515,1.955462,3.363288
32.85,4.184085,1.609974,1.953559,3.33139
32.86,4.171248,1.602387,1.957611,3.316539
32.87,4.137354,1.619821,1.965977,3.260185
32.88,4.149835,1.646712,1.968898,3.260815
32.89,4.179687,1.633808,1.984746,3.295639
32.9,4.184488,1.627853,1.978368,3.308488
32.91,4.206567,1.648886,1.984139,3.322586
32.92,4.203949,1.66217,1.978929,3.315752
32.93,4.157034,1.632153,1.977707,3.271954
32.94,4.11712,1.581099,1.995371,3.235629
32.95,4.067628,1.568236,2.035823,3.153039
32.96,4.060607,1.584135,2.098593,3.094342
32.97,3.998441,1.586655,2.140007,2.981682
32.98,3.965562,1.58883,2.189809,2.899317
32.99,3.916072,1.601097,2.1899,2.82426
33.0,3.865694,1.625634,2.197938,2.733125
33.01,3.875771,1.650672,2.197319,2.732887
33.02,3.85979,1.68209,2.188694,2.697809
33.03,3.861214,1.692629,2.177654,2.702184
33.04,3.852745,1.674154,2.201338,2.682342
33.05,3.850552,1.666746,2.200311,2.684649
33.06,3.865225,1.640675,2.207321,2.715858
33.07,3.936963,1.634755,2.210628,2.817868
33.08,3.984744,1.643555,2.184346,2.899231
33.09,4.033239,1.653842,2.157697,2.979291
33.1,4.061078,1.693221,2.116969,3.023871
33.11,4.143288,1.739561,2.156255,3.0808
33.12,4.159423,1.75793,2.136327,3.105896
33.13,4.139312,1.771663,2.097406,3.097741
33.14,4.13586,1.79156,2.094829,3.083397
33.15,4.1616,1.831289,2.105467,3.087443
33.16,4.162402,1.869266,2.117057,3.057695
33.17,4.13489,1.839594,2.079762,3.063952
33.18,4.116808,1.815103,2.06196,3.066241
33.19,4.133799,1.811242,2.025922,3.115018
33.2,4.160384,1.870478,2.081134,3.078797
33.21,4.122527,1.90431,2.072983,3.011906
33.22,4.085551,1.909352,2.071676,2.958761
33.23,4.028032,1.903131,2.031049,2.911697
33.24,3.960357,1.923318,1.992754,2.830937
33.25,3.945768,1.98693,1.916168,2.819485
33.26,3.951759,2.071075,1.879286,2.792012
33.27,3.953694,2.06627,1.846007,2.82037
33.28,3.951288,2.062552,1.823422,2.834375
33.29,3.98836,2.073209,1.88387,2.838988
33.3,3.999007,2.098169,1.878529,2.839166
33.31,4.010488,2.102125,1.912041,2.830051
33.32,4.083344,2.10384,1.913518,2.930189
33.33,4.128673,2.102985,1.913456,2.993672
33.34,4.180345,2.103481,1.955234,3.037715
33.35,4.201388,2.129985,1.961284,3.04437
33.36,4.225217,2.160471,1.987292,3.038996
33.37,4.260805,2.128537,1.978131,3.116213
33.38,4.249303,2.094545,1.97086,3.128125
33.39,4.221314,2.087982,1.955869,3.103933
33.4,4.232101,2.077469,1.976107,3.112845
33.41,4.292003,2.062278,2.036545,3.165563
33.42,4.289562,2.025605,2.045919,3.179857
33.43,4.315051,2.029607,2.047056,3.210906
33.44,4.334314,2.058746,2.014819,3.238572
33.45,4.366641,2.098501,1.974841,3.280831
33.46,4.407107,2.124345,1.906994,3.357547
33.47,4.590925,2.153314,1.86942,3.597931
33.48,4.741727,2.175096,1.819026,3.800536
33.49,4.891693,2.17956,1.823084,3.981777
33.5,5.013582,2.173414,1.815245,4.137288
33.51,5.126062,2.158727,1.872685,4.255521
33.52,5.21362,2.127964,1.877705,4.373537
33.53,5.279903,2.113151,1.877686,4.459402
33.54,5.347888,2.114818,1.816819,4.563619
33.55,5.379879,2.11511,1.804567,4.605752
33.56,5.38613,2.112402,1.802289,4.615183
33.57,5.356073,2.12409,1.788899,4.579913
33.58,5.319977,2.128284,1.802497,4.530294
33.59,5.289561,2.124107,1.824241,4.487735
33.6,5.236793,2.090555,1.824474,4.44127
33.61,5.152243,2.053238,1.733046,4.396177
33.62,5.150047,2.035419,1.719754,4.407097
33.63,5.205126,2.022867,1.718548,4.477493
33.64,5.231747,2.017704,1.758333,4.495365
33.65,5.237097,2.009286,1.754153,4.506984
33.66,5.223987,1.987837,1.739353,4.507017
33.67,5.22375,1.968654,1.721283,4.522074
33.68,5.212083,1.966974,1.789328,4.482759
33.691,5.175371,1.952715,1.814114,4.436256
33.7,5.114937,1.95716,1.725867,4.39926
33.71,5.178296,1.979699,1.720882,4.464762
33.72,5.123962,1.966336,1.702228,4.414853
33.73,5.157731,1.955345,1.703089,4.458509
33.74,5.166086,1.934446,1.735989,4.464605
33.75,5.158385,1.878483,1.786902,4.459509
33.76,5.190467,1.791785,1.835488,4.512365
33.77,5.250836,1.780241,1.887231,4.565126
33.78,5.29346,1.798701,1.865487,4.615772
33.79,5.347636,1.770897,1.790996,4.717358
33.8,5.416786,1.74513,1.778748,4.80959
33.81,5.465194,1.738203,1.734694,4.8824
33.82,5.514766,1.749756,1.725233,4.937061
33.83,5.504962,1.749261,1.736955,4.922162
33.84,5.517046,1.752906,1.687571,4.951487
33.85,5.593919,1.716295,1.686106,5.05008
33.86,5.679661,1.671426,1.648473,5.17179
33.87,5.714512,1.676109,1.688706,5.195631
33.88,5.758403,1.685624,1.686367,5.241569
33.89,5.788305,1.673096,1.701268,5.273605
33.9,5.825994,1.672336,1.708903,5.312735
33.91,5.757452,1.636826,1.617034,5.277713
33.92,5.761625,1.666063,1.615271,5.273657
33.93,5.815408,1.665019,1.687792,5.310183
33.94,5.828728,1.660813,1.717315,5.316634
33.95,5.794288,1.571516,1.721772,5.304679
33.96,5.740788,1.539223,1.725514,5.254526
33.97,5.582856,1.489165,1.741386,5.090996
33.98,5.457886,1.472319,1.766272,4.949856
33.99,5.316639,1.438886,1.763297,4.804897
34.0,5.245728,1.430322,1.772575,4.725444
34.01,5.196755,1.415043,1.718367,4.695863
34.02,5.116791,1.421681,1.714981,4.606432
34.03,5.068007,1.459335,1.730517,4.534352
34.04,5.001611,1.468547,1.767407,4.442494
34.05,4.963925,1.48021,1.75892,4.399514
34.06,4.968316,1.480606,1.821145,4.378972
34.07,4.980563,1.453041,1.841728,4.393486
34.08,4.988161,1.472763,1.876027,4.381009
34.09,4.994521,1.478652,1.869338,4.389123
34.1,5.007055,1.479309,1.883463,4.397137
34.11,5.035506,1.462755,1.871315,4.440141
34.12,5.068981,1.476066,1.865672,4.476055
34.13,5.015392,1.498711,1.866084,4.407466
34.14,4.981638,1.508562,1.81002,4.389166
34.15,4.97561,1.501719,1.832711,4.375237
34.16,5.025705,1.46303,1.850432,4.437697
34.17,5.103486,1.465819,1.860521,4.520554
34.18,5.158295,1.465657,1.788477,4.610987
34.19,5.200031,1.478862,1.766458,4.661857
34.2,5.177721,1.431289,1.760279,4.654205
34.21,5.105474,1.419531,1.757845,4.578294
34.22,5.152248,1.459972,1.788583,4.605986
34.23,5.179201,1.465464,1.800813,4.629645
34.24,5.190982,1.484805,1.762818,4.651249
34.25,5.19178,1.583254,1.716742,4.636883
34.26,5.126323,1.620004,1.637394,4.579707
34.27,5.055001,1.617933,1.604574,4.51228
34.28,5.037265,1.623968,1.600895,4.491536
34.29,5.039151,1.636751,1.591345,4.492406
34.3,4.981053,1.651553,1.592308,4.421291
34.31,4.912948,1.661143,1.605347,4.335958
34.32,4.824135,1.682521,1.621184,4.220565
34.33,4.794015,1.692058,1.637521,4.175889
34.34,4.804274,1.728142,1.688248,4.152636
34.35,4.826014,1.72776,1.7372,4.157811
34.36,4.763703,1.726908,1.736671,4.085906
34.37,4.717418,1.763358,1.709573,4.027649
34.38,4.726688,1.805412,1.716018,4.017133
34.39,4.724628,1.829468,1.70473,4.008622
34.4,4.67656,1.86911,1.674613,3.946176
34.41,4.70223,1.887309,1.705391,3.954829
34.42,4.703811,1.886116,1.703864,3.957936
34.43,4.642262,1.860807,1.72865,3.885842
34.44,4.632135,1.843866,1.792023,3.852984
34.45,4.658609,1.833515,1.859447,3.85789
34.46,4.710664,1.830056,1.921445,3.89221
34.47,4.800073,1.816485,1.909885,4.011661
34.48,4.87815,1.820186,1.892306,4.111258
34.49,4.955611,1.848057,1.890536,4.191496
34.5,4.942214,1.893169,1.915361,4.144005
34.51,4.863985,1.920057,1.920148,4.035438
34.52,4.882806,1.965441,1.958649,4.017776
34.53,4.903222,1.96013,1.990458,4.029584
34.54,4.897283,1.954466,1.959817,4.040119
34.55,4.934926,1.96278,1.959585,4.081791
34.56,4.947529,1.994469,1.903556,4.108116
34.57,4.919802,2.008762,1.878596,4.079241
34.58,4.886248,2.012158,1.833775,4.057574
34.59,4.888645,2.049022,1.821978,4.047315
34.6,4.989348,2.060944,1.811533,4.167068
34.61,5.00841,2.063082,1.81835,4.185865
34.62,4.946878,2.073417,1.828342,4.102403
34.63,4.950592,2.075116,1.83163,4.104557
34.64,4.943419,2.041417,1.834794,4.111391
34.65,4.97894,2.022186,1.823362,4.168448
34.66,4.981207,2.011624,1.809683,4.182206
34.67,4.915913,2.03451,1.810036,4.092766
34.68,4.879714,2.041719,1.828955,4.037068
34.69,4.921773,2.023281,1.829562,4.096693
34.7,4.913525,1.988894,1.84329,4.097476
34.71,4.916441,1.970737,1.885707,4.09044
34.72,4.907581,1.946262,1.863166,4.101833
34.73,4.797541,1.944109,1.854041,3.974843
34.74,4.762656,1.943527,1.871394,3.924727
34.75,4.777726,1.867815,1.900679,3.96552
34.76,4.761971,1.83949,1.903714,3.958348
34.77,4.780212,1.850171,1.939711,3.95788
34.78,4.791101,1.83485,1.954882,3.970694
34.79,4.69911,1.833239,1.950797,3.862028
34.8,4.696715,1.830095,1.966725,3.852516
34.81,4.748826,1.820458,1.978012,3.914684
34.82,4.733427,1.802082,1.959302,3.913945
34.83,4.724754,1.793059,1.985006,3.89461
34.84,4.699157,1.756735,1.951694,3.897031
34.85,4.518498,1.759392,1.916853,3.69419
34.86,4.499059,1.762205,1.935602,3.659182
34.87,4.507535,1.716777,1.949304,3.683852
34.88,4.449381,1.680987,1.935552,3.636608
34.89,4.413501,1.671083,1.96615,3.580604
34.9,4.461256,1.62027,1.982344,3.65347
34.91,4.447253,1.60606,1.968295,3.650267
34.92,4.471825,1.583831,1.996205,3.67476
34.93,4.527614,1.573229,1.901763,3.795726
34.94,4.492386,1.575756,1.846193,3.780224
34.95,4.480576,1.590784,1.799612,3.782375
34.96,4.44194,1.599186,1.808028,3.72887
34.97,4.399412,1.596721,1.797916,3.684129
34.98,4.270653,1.616763,1.788184,3.525188
34.99,4.225534,1.605147,1.809905,3.464517
35.0,4.179234,1.577096,1.801804,3.42524
35.01,4.192837,1.566206,1.834777,3.429354
35.02,4.299567,1.503706,1.787031,3.609939
35.03,4.259608,1.499143,1.747229,3.583855
35.04,4.271087,1.539364,1.742057,3.582985
35.05,4.22039,1.535302,1.755147,3.51767
35.06,4.215729,1.513681,1.771869,3.513064
35.07,4.347232,1.486949,1.769871,3.681707
35.08,4.363474,1.461271,1.770577,3.710747
35.09,4.349412,1.426369,1.763344,3.711263
35.1,4.23081,1.414198,1.7543,3.580814
35.11,4.200445,1.418478,1.763113,3.538798
35.12,4.232642,1.389296,1.757438,3.591174
35.13,4.241811,1.356857,1.761097,3.612539
35.14,4.246698,1.360967,1.756894,3.618776
35.15,4.18727,1.365217,1.741412,3.554841
35.16,4.133591,1.369249,1.761296,3.479881
35.17,4.206504,1.334852,1.753577,3.582989
35.18,4.192896,1.323182,1.735583,3.580128
35.19,4.140341,1.318639,1.734967,3.520441
35.2,4.133365,1.309982,1.718393,3.523603
35.21,4.109274,1.299396,1.678118,3.518753
35.22,4.150801,1.298611,1.681461,3.565873
35.23,4.173567,1.292535,1.68685,3.592012
35.24,4.215642,1.262552,1.658786,3.664155
35.25,4.216916,1.27106,1.62735,3.676754
35.26,4.238177,1.285542,1.625374,3.696983
35.27,4.211523,1.287437,1.550111,3.698187
35.28,4.166103,1.297678,1.58732,3.626688
35.29,4.216087,1.282584,1.662494,3.65602
35.3,4.240228,1.268894,1.655196,3.691852
35.31,4.286812,1.276631,1.639213,3.74966
35.32,4.380201,1.306411,1.637279,3.846917
35.33,4.392947,1.322689,1.581228,3.8792
35.34,4.361049,1.352129,1.56714,3.838563
35.35,4.405218,1.389574,1.619957,3.853669
35.36,4.459136,1.363638,1.605374,3.930287
35.37,4.449535,1.368514,1.585781,3.925663
35.38,4.478153,1.377566,1.585959,3.954858
35.39,4.465503,1.375248,1.537763,3.960391
35.4,4.391264,1.384186,1.567341,3.861433
35.41,4.416011,1.374534,1.601762,3.878939
35.42,4.453833,1.367856,1.560185,3.940992
35.43,4.366346,1.390424,1.558368,3.834473
35.44,4.377922,1.424863,1.55225,3.837511
35.45,4.365201,1.415586,1.525655,3.837118
35.46,4.346088,1.42044,1.473196,3.834127
35.47,4.385637,1.463652,1.466985,3.865164
35.48,4.354884,1.446499,1.461866,3.838698
35.49,4.372954,1.425258,1.433813,3.877569
35.5,4.378691,1.394319,1.428786,3.8971
35.51,4.35459,1.387287,1.389574,3.88677
35.52,4.301775,1.403437,1.390044,3.821441
35.53,4.244445,1.375036,1.403737,3.762195
35.54,4.255717,1.347714,1.401055,3.785742
35.55,4.296955,1.3539,1.40402,3.828773
35.56,4.290603,1.339372,1.399465,3.828427
35.57,4.192027,1.368569,1.40493,3.704899
35.58,4.178573,1.402786,1.419929,3.67103
35.59,4.216608,1.373736,1.454594,3.711709
35.6,4.197691,1.387098,1.455727,3.684756
35.61,4.185784,1.391701,1.478851,3.660186
35.62,4.260111,1.391839,1.493674,3.73902
35.63,4.234148,1.392121,1.487762,3.711681
35.64,4.253759,1.3866,1.54231,3.713905
35.65,4.348978,1.379209,1.551492,3.821553
35.666,4.348675,1.376363,1.526364,3.832337
35.672,4.28363,1.382501,1.553182,3.745104
35.68,4.281232,1.38085,1.59153,3.726826
35.691,4.254441,1.380452,1.601779,3.691737
35.7,4.280105,1.369988,1.670014,3.695062
35.71,4.369606,1.358054,1.674037,3.800888
35.72,4.312511,1.367758,1.697277,3.721054
35.73,4.337337,1.370868,1.722105,3.737321
35.74,4.353385,1.373208,1.724651,3.75391
35.75,4.338753,1.3681,1.790761,3.707595
35.76,4.32166,1.349432,1.814505,3.682845
35.77,4.343346,1.335348,1.82368,3.708867
35.78,4.33999,1.337897,1.825604,3.703069
35.79,4.289693,1.339436,1.759487,3.675811
35.8,4.269172,1.358852,1.754525,3.647053
35.81,4.15956,1.352032,1.789372,3.503156
35.82,4.094219,1.346584,1.792888,3.425623
35.83,4.081911,1.340452,1.836572,3.390013
35.84,4.17236,1.310541,1.838454,3.508727
35.85,4.158098,1.298249,1.812208,3.510018
35.86,4.111541,1.289898,1.826116,3.450541
35.87,4.134871,1.305334,1.829771,3.47062
35.88,4.113472,1.292432,1.909785,3.406317
35.89,4.133373,1.268862,1.91956,3.433665
35.9,4.121574,1.281441,1.886946,3.432887
35.91,4.089784,1.290701,1.913168,3.37642
35.92,4.116011,1.277742,1.931395,3.402739
35.93,4.068824,1.254991,1.929475,3.355213
35.94,4.079757,1.212411,1.92665,3.38563
35.95,4.078507,1.21175,1.912554,3.392347
35.96,4.02736,1.210822,1.924453,3.324157
35.97,4.064757,1.153612,1.928435,3.387118
35.98,4.105782,1.129685,1.929858,3.443385
35.99,4.058361,1.139091,1.931393,3.382675
36.0,4.077448,1.151427,1.919517,3.408115
36.01,4.045896,1.147966,1.936266,3.361893
36.02,4.103096,1.123859,1.931737,3.441036
36.03,4.135235,1.117321,1.932371,3.48105
36.04,4.092506,1.115093,1.937207,3.428178
36.05,4.11159,1.085539,1.932399,3.463035
36.06,4.121283,1.097371,1.950626,3.460608
36.07,4.140048,1.061569,1.944642,3.497347
36.08,4.128549,0.990942,1.958743,3.496609
36.09,4.108311,0.992158,1.94744,3.478695
36.1,4.203269,0.959654,1.947493,3.599139
36.11,4.267859,0.942686,1.911748,3.697456
36.12,4.175593,0.945944,1.913259,3.588901
36.13,4.199147,0.94594,1.927686,3.608609
36.14,4.19653,0.943559,1.894246,3.623864
36.15,4.146075,0.943658,1.886106,3.569602
36.16,4.144847,0.945243,1.915393,3.552118
36.17,4.160895,0.939738,1.893258,3.584064
36.18,4.127099,0.944025,1.865695,3.558222
36.19,4.137059,0.95859,1.864725,3.566394
36.2,4.132818,0.964625,1.81027,3.587842
36.21,4.059286,0.987161,1.799063,3.502384
36.22,4.055666,1.020915,1.778215,3.499159
36.23,4.05348,1.016505,1.764648,3.504773
36.24,3.979023,1.032984,1.762131,3.414743
36.25,3.98804,1.072669,1.718402,3.435249
36.26,4.051352,1.072737,1.728095,3.503766
36.27,4.041066,1.084943,1.715115,3.494495
36.28,4.085208,1.095848,1.682087,3.557896
36.29,4.203189,1.097516,1.681059,3.692736
36.3,4.182113,1.074627,1.672619,3.679347
36.31,4.202086,1.073917,1.682003,3.697985
36.32,4.32769,1.049599,1.68093,3.8473
36.33,4.299576,1.03184,1.669819,3.825358
36.34,4.226219,1.024363,1.705559,3.728629
36.35,4.27629,1.026709,1.687847,3.792584
36.36,4.2298,1.035165,1.716096,3.72487
36.37,4.166156,1.013954,1.736802,3.648598
36.38,4.160402,1.054827,1.663601,3.664522
36.39,4.181474,1.064411,1.69377,3.671906
36.4,4.169719,1.045454,1.685936,3.667588
36.41,4.164322,1.08401,1.645288,3.668722
36.42,4.123281,1.089672,1.675608,3.606438
36.43,4.094687,1.097185,1.676394,3.571043
36.44,4.083932,1.109881,1.676204,3.554856
36.45,4.104754,1.105561,1.702751,3.567545
36.46,4.145088,1.115998,1.708925,3.607753
36.47,4.116176,1.126638,1.723691,3.564054
36.48,4.108731,1.125784,1.730573,3.552379
36.49,4.106224,1.123022,1.737841,3.546802
36.498,4.125454,1.127731,1.788875,3.542247
36.509,4.153877,1.129102,1.785879,3.576376
36.519,4.120665,1.128481,1.816401,3.522371
36.529,4.161186,1.127137,1.809614,3.57356
36.539,4.174619,1.125849,1.833275,3.577571
36.549,4.13499,1.122851,1.853521,3.52162
36.56,4.172393,1.116234,1.827042,3.581174
36.569,4.198922,1.123508,1.83413,3.606195
36.579,4.232586,1.12231,1.805003,3.660214
36.589,4.231551,1.129026,1.801552,3.658651
36.599,4.141465,1.16823,1.840216,3.521445
36.609,4.115154,1.170417,1.841044,3.489294
36.619,4.132745,1.169908,1.830889,3.5155
36.629,4.090933,1.169464,1.814585,3.474963
36.639,4.072818,1.179182,1.814581,3.450315
36.649,4.050199,1.226922,1.848417,3.388529
36.659,4.095403,1.258993,1.829513,3.440951
36.669,4.101072,1.271752,1.839328,3.437777
36.679,4.105819,1.269701,1.838831,3.444461
36.69,4.107057,1.275454,1.845005,3.440507
36.7,4.08743,1.295388,1.842421,3.410944
36.709,4.132057,1.293006,1.867988,3.451471
36.719,4.164163,1.271972,1.864847,3.499241
36.729,4.17457,1.271068,1.851267,3.519124
36.739,4.206146,1.287018,1.874066,3.538802
36.749,4.197789,1.309326,1.879662,3.517665
36.759,4.201791,1.319223,1.878939,3.519131
36.769,4.264982,1.301457,1.896442,3.591628
36.779,4.28217,1.282375,1.881632,3.626563
36.789,4.179164,1.289979,1.906127,3.488273
36.799,4.191431,1.30988,1.921745,3.487006
36.809,4.188003,1.331029,1.90261,3.485371
36.819,4.097233,1.340334,1.916119,3.364417
36.829,4.129971,1.337503,1.894187,3.417572
36.839,4.127035,1.36663,1.888183,3.405805
36.849,4.092362,1.365,1.920498,3.346026
36.859,4.098812,1.360177,1.870851,3.383798
36.869,4.124676,1.357785,1.844049,3.430577
36.879,4.123969,1.339899,1.849667,3.433733
36.889,4.093385,1.355427,1.849818,3.390692
36.899,4.116361,1.361718,1.891362,3.393066
36.909,4.128657,1.319856,1.89342,3.423266
36.919,4.129623,1.32301,1.851942,3.445829
36.929,4.162974,1.325696,1.860315,3.480247
36.939,4.190884,1.350219,1.898969,3.483438
36.949,4.217002,1.360318,1.966175,3.473729
36.959,4.213104,1.350885,1.989214,3.459535
36.969,4.213276,1.343995,2.011379,3.449598
36.979,4.288141,1.349043,2.001167,3.544512
36.989,4.313318,1.354596,1.993337,3.577205
36.999,4.287663,1.3577,1.947937,3.570188
37.009,4.300028,1.373505,1.974197,3.564586
37.019,4.290556,1.459754,1.996602,3.505933
37.029,4.31767,1.482747,2.026654,3.512323
37.039,4.31576,1.483284,2.002958,3.523324
37.049,4.37288,1.477332,1.981242,3.607527
37.059,4.391475,1.475776,1.973702,3.634783
37.069,4.30337,1.483214,1.970927,3.526262
37.079,4.289386,1.516059,1.983834,3.487808
37.089,4.325815,1.554168,2.037409,3.48514
37.099,4.373318,1.533258,2.016233,3.565085
37.109,4.362147,1.532098,2.012446,3.554021
37.119,4.36407,1.539874,2.031598,3.542104
37.129,4.409116,1.572871,2.042359,3.577031
37.139,4.425867,1.636392,2.028587,3.577059
37.149,4.432676,1.62171,2.047004,3.581682
37.159,4.439846,1.623799,2.101203,3.558154
37.169,4.481272,1.613265,2.088665,3.621692
37.179,4.496666,1.632784,2.090033,3.631223
37.189,4.508567,1.635963,2.092297,3.643225
37.199,4.545287,1.640044,2.104588,3.679755
37.209,4.535912,1.654517,2.12332,3.650834
37.219,4.527102,1.667487,2.195106,3.591051
37.229,4.539641,1.67373,2.288805,3.545185
37.239,4.517847,1.644244,2.302225,3.52238
37.249,4.536037,1.600154,2.311075,3.560066
37.259,4.511039,1.591043,2.289231,3.546474
37.269,4.502402,1.589462,2.277715,3.543621
37.28,4.499869,1.601339,2.301958,3.519308
37.289,4.522419,1.6518,2.317989,3.514364
37.299,4.521952,1.662267,2.31692,3.50953
37.309,4.50136,1.645931,2.332015,3.48064
37.319,4.48599,1.64978,2.385268,3.4224
37.329,4.524227,1.667661,2.418023,3.441032
37.339,4.522157,1.6627,2.398805,3.454138
37.349,4.525508,1.645441,2.390576,3.472448
37.359,4.550917,1.65445,2.391957,3.500312
37.369,4.562879,1.649131,2.400475,3.512542
37.379,4.562991,1.632717,2.387694,3.529029
37.389,4.560556,1.619702,2.357157,3.55233
37.399,4.574913,1.61034,2.325113,3.595898
37.409,4.544001,1.61403,2.305592,3.567506
37.419,4.503138,1.618063,2.309061,3.511177
37.429,4.477853,1.621087,2.311727,3.47551
37.439,4.4591,1.612271,2.304645,3.460169
37.449,4.506674,1.601644,2.371922,3.481211
37.459,4.537624,1.629482,2.406092,3.485045
37.469,4.506886,1.640225,2.406486,3.439551
37.479,4.45825,1.667467,2.437962,3.339444
37.489,4.413716,1.655539,2.456359,3.272061
37.499,4.407035,1.644922,2.456331,3.268429
37.509,4.393904,1.623696,2.433627,3.278332
37.52,4.479379,1.568649,2.407124,3.436558
37.529,4.415108,1.549383,2.374913,3.384137
37.539,4.430028,1.55709,2.396768,3.384689
37.549,4.472766,1.601148,2.394091,3.42203
37.56,4.433714,1.62287,2.395897,3.359136
37.57,4.466122,1.618484,2.408501,3.394979
37.579,4.499993,1.589995,2.427506,3.439341
37.589,4.553823,1.587253,2.444879,3.498642
37.599,4.596913,1.631337,2.509393,3.489025
37.61,4.627149,1.666455,2.528627,3.498498
37.62,4.669314,1.677829,2.521934,3.553481
37.63,4.711333,1.673094,2.523852,3.609374
37.64,4.758304,1.610119,2.522088,3.699736
37.65,4.775345,1.620526,2.483966,3.74269
37.66,4.749469,1.594375,2.42984,3.756501
37.67,4.732574,1.614735,2.430361,3.726021
37.679,4.737306,1.634077,2.444802,3.714137
37.69,4.737412,1.661425,2.430846,3.711297
37.7,4.718663,1.665864,2.417319,3.694218
37.71,4.75023,1.684341,2.39005,3.743706
37.72,4.792355,1.747313,2.346357,3.79581
37.73,4.807479,1.810002,2.273992,3.829453
37.74,4.871196,1.82174,2.246181,3.919756
37.75,4.907624,1.84382,2.218573,3.970269
37.76,4.914733,1.859984,2.21196,3.975209
37.77,4.874634,1.885965,2.21226,3.91294
37.78,4.84854,1.907957,2.185787,3.884634
37.789,4.810819,1.894145,2.145838,3.866727
37.8,4.832469,1.870156,2.143754,3.906352
37.809,4.827898,1.869502,2.1072,3.920877
37.82,4.823043,1.854616,2.040726,3.956966
37.83,4.770978,1.854483,2.003922,3.91247
37.84,4.748281,1.833909,2.007456,3.892694
37.85,4.748522,1.837123,1.991078,3.899878
37.86,4.716619,1.828161,2.003444,3.858825
37.87,4.680349,1.839157,2.006389,3.807568
37.88,4.695627,1.85774,2.055188,3.791295
37.89,4.781447,1.853636,2.172173,3.835093
37.9,4.774358,1.859777,2.203532,3.805282
37.91,4.830274,1.852987,2.215322,3.871735
37.92,4.840721,1.850519,2.225277,3.880245
37.93,4.85451,1.836169,2.239197,3.896247
37.94,4.843797,1.822602,2.217519,3.901679
37.95,4.761597,1.815693,2.062546,3.888697
37.96,4.708494,1.800491,1.962899,3.882677
37.97,4.693781,1.783078,1.935267,3.886766
37.98,4.669693,1.765603,1.892309,3.886881
37.99,4.678958,1.766468,1.865136,3.910691
38.0,4.692828,1.765473,1.888794,3.916401
38.01,4.691528,1.761977,1.908742,3.906735
38.02,4.715026,1.753047,1.927062,3.929979
38.03,4.964436,1.7535,1.930114,4.224397
38.04,5.046544,1.738392,1.908061,4.336462
38.05,5.027703,1.71,1.939392,4.311896
38.06,5.097492,1.694572,1.935697,4.400673
38.07,5.150107,1.726829,1.922283,4.45494
38.08,5.201114,1.725572,1.873315,4.53483
38.09,5.29993,1.693721,1.813935,4.68297
38.1,5.319642,1.641066,1.715403,4.760556
38.11,5.33916,1.642202,1.699955,4.787479
38.12,5.351865,1.665176,1.754639,4.773981
38.13,5.365109,1.663362,1.778667,4.780582
38.14,5.430404,1.646025,1.812576,4.847108
38.15,5.465431,1.635627,1.812912,4.889684
38.16,5.483428,1.636588,1.819581,4.907004
38.17,5.532946,1.640971,1.831643,4.956389
38.18,5.678033,1.618873,1.812998,5.131505
38.19,5.802478,1.587542,1.841923,5.268376
38.2,5.832259,1.566214,1.870459,5.297509
38.21,5.863974,1.530466,1.964629,5.308869
38.22,5.909388,1.446916,1.970848,5.379875
38.23,5.992105,1.387592,1.992907,5.477977
38.24,6.020034,1.389563,2.035007,5.492602
38.25,5.968934,1.381328,2.034356,5.438888
38.26,5.959426,1.357662,2.031401,5.435524
38.27,5.990876,1.330606,2.0329,5.476076
38.28,5.976085,1.273944,2.045658,5.468633
38.29,5.969634,1.236728,2.076284,5.458578
38.3,5.943868,1.228456,2.058306,5.439103
38.31,5.935565,1.261718,2.058402,5.42236
38.32,5.945804,1.277929,2.055104,5.431025
38.33,5.97871,1.260487,2.054287,5.471385
38.34,6.037492,1.280495,2.070385,5.524957
38.35,6.081595,1.329932,2.085378,5.555922
38.36,6.098588,1.37484,2.073135,5.568187
38.37,6.155316,1.364984,2.077546,5.631033
38.38,6.160402,1.365354,2.111723,5.623788
38.39,6.122207,1.37667,2.056547,5.599715
38.4,6.130392,1.379403,2.046801,5.611556
38.41,6.123258,1.377703,2.049476,5.603202
38.42,6.117743,1.374722,2.050859,5.597401
38.43,6.115037,1.38024,2.01477,5.606185
38.44,6.126532,1.398892,2.013064,5.614719
38.45,6.151865,1.396944,2.018866,5.64076
38.46,6.171984,1.398784,2.020913,5.661511
38.47,6.18311,1.401061,2.026933,5.670927
38.48,6.210057,1.430436,2.025936,5.693351
38.49,6.252354,1.459968,2.045846,5.724939
38.5,6.312366,1.48634,2.034159,5.787828
38.51,6.35952,1.489911,2.026068,5.841122
38.52,6.294627,1.492015,2.04338,5.763751
38.53,6.119094,1.500805,2.049966,5.566735
38.54,6.033257,1.509789,2.052208,5.468927
38.55,6.044224,1.541268,2.065032,5.467429
38.56,5.975182,1.544553,2.107826,5.373474
38.57,5.944399,1.504904,2.124743,5.343839
38.58,5.879425,1.525207,2.139239,5.259756
38.59,5.743546,1.557596,2.119381,5.105922
38.6,5.676674,1.571588,2.159185,5.009257
38.61,5.645315,1.59002,2.20534,4.947514
38.62,5.581093,1.53736,2.158703,4.911734
38.63,5.497997,1.521033,2.125162,4.83716
38.64,5.403269,1.54092,2.125133,4.722783
38.65,5.40301,1.576851,2.132772,4.707158
38.66,5.393944,1.602048,2.127227,4.690732
38.67,5.324767,1.585077,2.117024,4.621568
38.68,5.182161,1.558817,2.167931,4.441279
38.69,5.051673,1.550424,2.176153,4.287184
38.7,4.991888,1.53991,2.149213,4.234207
38.71,4.893967,1.553619,2.050013,4.163488
38.72,4.805941,1.56103,2.008016,4.07776
38.73,4.697489,1.555423,1.966577,3.972359
38.74,4.684462,1.540639,1.932009,3.979693
38.75,4.724213,1.538184,1.967957,4.009904
38.76,4.843125,1.560522,1.990577,4.130161
38.77,4.795675,1.572561,1.991769,4.069202
38.78,4.799317,1.577169,1.990732,4.072218
38.79,4.79501,1.578862,1.956466,4.083082
38.8,4.794675,1.578152,1.953176,4.084537
38.81,4.826554,1.57874,1.953281,4.121638
38.82,4.869152,1.585096,1.947514,4.171727
38.83,4.911873,1.607428,1.960891,4.206849
38.84,4.831545,1.595423,1.917582,4.137793
38.85,4.851718,1.55593,1.937981,4.166831
38.86,4.828611,1.535087,2.001405,4.117447
38.87,4.752538,1.526754,1.986183,4.038653
38.88,4.731072,1.515621,1.925237,4.047147
38.89,4.685559,1.499697,1.839113,4.040178
38.9,4.670791,1.498564,1.841696,4.022282
38.91,4.661959,1.501834,1.83382,4.014407
38.92,4.766381,1.540973,1.831689,4.121736
38.93,4.769601,1.590338,1.831437,4.106794
38.94,4.76358,1.581222,1.857963,4.091382
38.95,4.749604,1.581216,1.873804,4.067843
38.96,4.731167,1.586577,1.880912,4.040901
38.97,4.790746,1.604102,1.887615,4.100611
38.98,4.822754,1.58649,1.910237,4.134369
38.99,4.860473,1.610299,1.917896,4.16567
39.0,4.824928,1.595956,1.921655,4.127965
39.01,4.768586,1.59527,1.933352,4.056683
39.02,4.731364,1.590662,1.931042,4.015803
39.03,4.733812,1.587826,1.925629,4.022405
39.04,4.785399,1.621704,1.948838,4.05859
39.05,4.71885,1.608124,1.905766,4.006187
39.06,4.727522,1.609313,1.866175,4.034472
39.07,4.767831,1.606305,1.925006,4.055409
39.08,4.746017,1.588965,1.963816,4.017872
39.09,4.719868,1.56155,1.975366,3.992072
39.1,4.681905,1.550436,1.940461,3.968752
39.11,4.713144,1.552032,1.930859,4.009577
39.12,4.729481,1.582053,1.944722,4.01038
39.13,4.75772,1.588778,1.955364,4.035869
39.14,4.784146,1.563451,1.986781,4.061573
39.15,4.743217,1.526309,2.01718,4.012415
39.16,4.717896,1.484282,2.016968,3.998411
39.17,4.764362,1.511262,2.02761,4.037825
39.18,4.788341,1.562349,2.036071,4.042486
39.19,4.799198,1.583822,2.03719,4.046439
39.2,4.802595,1.585448,2.039184,4.048828
39.21,4.811261,1.58683,2.053086,4.051548
39.22,4.836568,1.5566,2.067712,4.085824
39.23,4.782486,1.551933,2.070881,4.021831
39.24,4.732435,1.550346,2.096253,3.949442
39.25,4.716204,1.562404,2.069385,3.939432
39.26,4.659049,1.576543,2.056657,3.871875
39.27,4.667902,1.606267,2.074545,3.860762
39.28,4.691525,1.615429,2.080956,3.882064
39.29,4.686407,1.616179,2.084549,3.873633
39.3,4.704701,1.614235,2.116117,3.879498
39.31,4.70916,1.590187,2.126031,3.889407
39.32,4.610067,1.570381,2.1294,3.775219
39.33,4.528644,1.54959,2.112536,3.693857
39.34,4.571828,1.565126,2.119415,3.736318
39.35,4.527077,1.601742,2.15104,3.647174
39.36,4.503724,1.607837,2.117628,3.635112
39.37,4.518327,1.615742,2.138815,3.637325
39.38,4.478464,1.638119,2.124707,3.585921
39.39,4.492755,1.632419,2.147108,3.593046
39.4,4.530209,1.660534,2.245141,3.567179
39.41,4.510232,1.664111,2.237362,3.545016
39.42,4.401724,1.63073,2.231947,3.425537
39.43,4.389175,1.624746,2.233412,3.411294
39.44,4.444253,1.627657,2.200711,3.501284
39.45,4.447848,1.655254,2.181708,3.504802
39.46,4.474788,1.65221,2.190916,3.534659
39.47,4.442622,1.64138,2.209522,3.48723
39.48,4.347109,1.625552,2.197372,3.380309
39.49,4.25488,1.581052,2.209469,3.274526
39.5,4.261147,1.571101,2.227018,3.275577
39.51,4.206372,1.567626,2.177305,3.239669
39.52,4.179112,1.566977,2.149983,3.222908
39.53,4.243963,1.566349,2.145594,3.309713
39.54,4.217256,1.528889,2.121906,3.308362
39.55,4.275119,1.524928,2.167305,3.354703
39.56,4.256936,1.53505,2.190339,3.311728
39.57,4.180249,1.539802,2.123949,3.254586
39.58,4.181967,1.542205,2.120053,3.258194
39.59,4.181508,1.541675,2.115232,3.260987
39.6,4.205929,1.53335,2.108773,3.300266
39.61,4.191802,1.498512,2.115048,3.294273
39.62,4.243402,1.513582,2.124206,3.34713
39.63,4.231075,1.535441,2.107447,3.332129
39.64,4.152441,1.552652,2.064988,3.250825
39.65,4.147734,1.590983,2.028815,3.249059
39.66,4.138605,1.609428,2.039684,3.22141
39.67,4.071498,1.615161,2.025895,3.140716
39.68,4.007904,1.552296,1.95522,3.135408
39.69,3.98899,1.540308,1.931107,3.132142
39.7,3.975302,1.536462,1.919574,3.123708
39.71,4.053562,1.521421,1.911934,3.23437
39.72,3.968412,1.526714,1.892371,3.136299
39.73,3.970776,1.539177,1.890553,3.134296
39.74,3.968954,1.545949,1.867371,3.142541
39.75,3.883617,1.517126,1.854835,3.056206
39.76,3.814355,1.490235,1.854172,2.981703
39.77,3.764118,1.44147,1.831723,2.955595
39.78,3.734187,1.435826,1.820471,2.927189
39.79,3.738873,1.435342,1.816737,2.935717
39.8,3.846361,1.440224,1.794104,3.082441
39.81,3.865712,1.423255,1.791635,3.115786
39.82,3.971045,1.439878,1.801143,3.23293
39.83,4.086216,1.444636,1.80581,3.368863
39.84,4.086422,1.429834,1.796995,3.380123
39.85,4.061514,1.39547,1.727529,3.400618
39.86,4.075435,1.391258,1.755651,3.404594
39.87,4.104483,1.416004,1.815689,3.397791
39.88,4.152326,1.427996,1.893182,3.408592
39.89,4.168728,1.435141,1.904921,3.419056
39.9,4.126316,1.413514,1.829005,3.41807
39.91,4.115457,1.406474,1.84615,3.39861
39.92,4.123895,1.402446,1.847371,3.409821
39.93,4.124274,1.375825,1.864362,3.411875
39.94,4.062375,1.39121,1.87276,3.325686
39.95,4.077715,1.394545,1.875393,3.341543
39.96,4.056714,1.395105,1.854498,3.327378
39.97,4.021557,1.3942,1.832956,3.296877
39.98,4.026034,1.409812,1.826475,3.299298
39.99,4.011701,1.410421,1.774345,3.310008
40.0,3.969915,1.406543,1.749812,3.274144
40.01,4.053596,1.410455,1.760672,3.367832
40.02,4.134725,1.428425,1.783001,3.446224
40.03,4.046572,1.443016,1.7832,3.333564
40.04,3.978981,1.44144,1.771232,3.258417
40.05,3.93513,1.419527,1.754758,3.223509
40.06,3.911227,1.38924,1.720817,3.22591
40.07,3.931895,1.385823,1.720761,3.252426
40.08,3.908637,1.401132,1.649892,3.254555
40.09,3.944067,1.420342,1.663669,3.281843
40.1,3.956446,1.428742,1.674306,3.287684
40.11,3.892029,1.405847,1.601526,3.256778
40.12,3.822847,1.362189,1.593186,3.19693
40.13,3.844312,1.323873,1.591486,3.239331
40.14,3.913899,1.317,1.637447,3.301952
40.15,3.939149,1.323054,1.68187,3.307225
40.16,3.936704,1.314309,1.689363,3.303979
40.17,3.924842,1.286998,1.705479,3.292318
40.18,3.892728,1.284824,1.70208,3.256607
40.19,3.974817,1.287424,1.712582,3.347951
40.2,4.008488,1.32397,1.750578,3.354185
40.21,3.939647,1.355388,1.766806,3.249945
40.22,3.939157,1.351374,1.770173,3.249189
40.23,3.96259,1.332651,1.768435,3.286153
40.24,4.015268,1.322424,1.746516,3.365005
40.25,4.049207,1.351397,1.764062,3.384949
40.26,4.079588,1.377464,1.807039,3.388251
40.27,4.058055,1.377857,1.807528,3.36187
40.28,4.066854,1.381637,1.809644,3.369802
40.29,4.099722,1.390769,1.865192,3.37558
40.3,4.021278,1.402436,1.924312,3.240506
40.31,3.960529,1.402497,1.918199,3.168486
40.32,3.891589,1.395533,1.945032,3.068193
40.33,3.819273,1.404009,1.968225,2.956636
40.34,3.765899,1.384709,1.967977,2.896833
40.35,3.814101,1.386055,1.973882,2.954659
40.36,3.797454,1.373568,1.938888,2.962209
40.37,3.793998,1.348489,1.839239,3.032029
40.38,3.826224,1.324688,1.792216,3.110169
40.39,3.806083,1.332065,1.794093,3.081088
40.4,3.821556,1.339709,1.744253,3.125229
40.41,3.828373,1.335746,1.721286,3.147919
40.42,3.822446,1.339502,1.725199,3.13696
40.43,3.852564,1.342759,1.737619,3.165426
40.44,3.875185,1.322992,1.773076,3.181659
40.45,3.842114,1.302429,1.793579,3.138247
40.46,3.857707,1.287138,1.871708,3.117995
40.47,3.885312,1.277534,1.876026,3.153424
40.48,3.945098,1.263567,1.87504,3.232866
40.49,4.050544,1.258383,1.875647,3.36234
40.5,4.0857,1.292642,1.889916,3.38382
40.51,4.03997,1.310215,1.893722,3.319414
40.52,3.972538,1.311039,1.877821,3.245924
40.53,3.982663,1.323964,1.877786,3.253097
40.54,4.069661,1.33018,1.879232,3.355778
40.55,4.063652,1.332866,1.849784,3.363783
40.56,4.081284,1.338072,1.851577,3.382026
40.57,4.118712,1.344877,1.858253,3.420817
40.58,4.122608,1.347809,1.872051,3.416831
40.59,4.134582,1.332846,1.855674,3.445978
40.6,4.138842,1.325252,1.844855,3.459802
40.61,4.171832,1.340042,1.88934,3.469706
40.62,4.17951,1.369641,1.920981,3.449959
40.63,4.160788,1.404918,1.922688,3.411984
40.64,4.153504,1.38981,1.873882,3.436362
40.651,4.177895,1.348789,1.844055,3.497862
40.66,4.182159,1.346319,1.859884,3.495528
40.67,4.191894,1.352925,1.877764,3.495079
40.68,4.192665,1.356461,1.877753,3.494639
40.69,4.133297,1.351583,1.885104,3.421074
40.7,4.102683,1.334466,1.895852,3.384812
40.71,4.167322,1.311944,1.881436,3.479306
40.72,4.190024,1.302858,1.889088,3.505739
40.73,4.163656,1.320914,1.936326,3.4412
40.74,4.142286,1.327913,1.950822,3.404331
40.75,4.117203,1.29874,1.940693,3.390921
40.76,4.151107,1.278442,1.930555,3.445321
40.77,4.169695,1.280058,1.969203,3.445293
40.78,4.185879,1.292222,1.984892,3.451369
40.79,4.164174,1.272755,1.929388,3.463799
40.8,4.144191,1.264444,1.890204,3.464481
40.81,4.161145,1.293631,1.93142,3.45127
40.82,4.139151,1.290613,1.919287,3.43267
40.83,4.133546,1.272688,1.897937,3.444459
40.84,4.19379,1.272632,1.89696,3.517076
40.85,4.168889,1.266284,1.900445,3.48776
40.86,4.201632,1.283627,1.933086,3.50274
40.87,4.169003,1.302975,1.954341,3.444327
40.88,4.111656,1.291553,1.93484,3.39028
40.89,4.118599,1.272063,1.888254,3.432086
40.9,4.10544,1.259743,1.904591,3.411776
40.91,4.131448,1.276209,1.948003,3.412541
40.92,4.145285,1.309069,1.968704,3.404987
40.93,4.144379,1.304483,1.942471,3.420674
40.94,4.170451,1.28192,1.907694,3.479949
40.95,4.198943,1.286053,1.911509,3.510459
40.96,4.212816,1.334755,1.860227,3.536355
40.97,4.180318,1.36871,1.838019,3.496195
40.98,4.178116,1.373362,1.840949,3.490191
40.99,4.093278,1.370801,1.842455,3.38839
41.0,4.072808,1.343681,1.878356,3.354708
41.01,4.067415,1.36122,1.896941,3.330549
41.02,4.07515,1.402724,1.881479,3.331553
41.03,4.157924,1.39994,1.881423,3.433475
41.04,4.122303,1.385641,1.883922,3.394734
41.05,4.153322,1.397992,1.905428,3.415413
41.06,4.163585,1.433816,1.899121,3.41657
41.07,4.122007,1.454157,1.908786,3.351553
41.08,4.181625,1.440595,1.895441,3.437729
41.09,4.181251,1.436471,1.89243,3.440657
41.1,4.187344,1.435619,1.900045,3.444224
41.11,4.169078,1.429356,1.86131,3.44582
41.12,4.14922,1.412189,1.830306,3.445538
41.13,4.163077,1.38557,1.829501,3.473374
41.14,4.105146,1.388033,1.826607,3.404277
41.15,4.068996,1.383427,1.822699,3.364615
41.16,4.071997,1.388614,1.818218,3.36853
41.17,4.071049,1.401531,1.8051,3.36909
41.18,4.086907,1.40397,1.80441,3.387592
41.19,4.10481,1.403265,1.784419,3.419965
41.2,4.091049,1.394087,1.747578,3.426248
41.21,4.022574,1.397763,1.757327,3.337538
41.22,4.012541,1.414106,1.766748,3.313517
41.23,4.064837,1.411685,1.708366,3.40757
41.24,4.062488,1.39886,1.694403,3.417016
41.25,4.054396,1.400178,1.705863,3.401126
41.26,4.004016,1.413504,1.66589,3.355437
41.27,4.002138,1.450767,1.616271,3.361555
41.28,4.062804,1.471511,1.594925,3.434712
41.29,4.080209,1.472179,1.587969,3.4582
41.3,4.121911,1.472608,1.609388,3.497348
41.31,4.135093,1.489964,1.560215,3.527709
41.32,4.129359,1.500161,1.533792,3.528258
41.33,4.103839,1.521519,1.530691,3.490481
41.34,4.052908,1.543084,1.553398,3.410559
41.35,4.095701,1.541095,1.538155,3.468988
41.36,4.137902,1.531788,1.520731,3.530331
41.37,4.154245,1.534151,1.51125,3.5525
41.38,4.156637,1.571283,1.505001,3.541705
41.39,4.137798,1.589345,1.521405,3.50438
41.4,4.140215,1.585772,1.508333,3.51449
41.41,4.174415,1.577285,1.445054,3.584652
41.42,4.215068,1.545525,1.419205,3.655682
41.43,4.217501,1.570797,1.422419,3.646455
41.44,4.176007,1.620391,1.432055,3.572476
41.45,4.141054,1.637914,1.402144,3.535471
41.46,4.112372,1.614437,1.377696,3.522378
41.47,4.168728,1.583292,1.375961,3.602528
41.48,4.200877,1.599271,1.384282,3.629527
41.49,4.219996,1.602203,1.388342,3.648811
41.5,4.237667,1.609283,1.321957,3.690591
41.51,4.211376,1.601367,1.275463,3.680286
41.52,4.191144,1.545185,1.281706,3.679039
41.53,4.133708,1.538126,1.32607,3.600452
41.54,4.145263,1.543441,1.314425,3.615699
41.55,4.187034,1.532771,1.287616,3.677487
41.56,4.192842,1.534355,1.284528,3.684517
41.57,4.203674,1.559568,1.275772,3.689313
41.58,4.160089,1.590337,1.331266,3.606231
41.59,4.153875,1.594879,1.347223,3.591105
41.6,4.173629,1.597064,1.336884,3.616809
41.61,4.241172,1.595809,1.30044,3.708071
41.62,4.315795,1.592282,1.292607,3.797354
41.63,4.297563,1.59441,1.321116,3.765841
41.64,4.286622,1.597861,1.347702,3.742415
41.65,4.275057,1.599623,1.334691,3.733084
41.66,4.318069,1.588406,1.299204,3.799309
41.67,4.346315,1.570868,1.276805,3.846114
41.68,4.309156,1.565913,1.276866,3.806095
41.69,4.314554,1.577015,1.276686,3.807686
41.7,4.309324,1.584819,1.26386,3.802798
41.71,4.335194,1.57571,1.259398,3.837312
41.72,4.338406,1.558791,1.279867,3.841078
41.73,4.313416,1.550871,1.28134,3.815564
41.74,4.368876,1.550353,1.320091,3.865339
41.75,4.366836,1.553337,1.308153,3.865894
41.76,4.364476,1.554712,1.317942,3.859345
41.77,4.358337,1.518934,1.356687,3.853225
41.78,4.342436,1.504533,1.37366,3.834865
41.79,4.337686,1.513354,1.39406,3.818622
41.8,4.336759,1.504055,1.347424,3.837935
41.81,4.371282,1.470157,1.334835,3.894222
41.82,4.399957,1.464208,1.338407,3.927389
41.83,4.423377,1.473325,1.36384,3.941513
41.84,4.407716,1.460843,1.360761,3.92966
41.85,4.341103,1.486012,1.373907,3.840484
41.86,4.262998,1.474244,1.339393,3.769056
41.87,4.275406,1.45051,1.325704,3.797055
41.88,4.330885,1.415023,1.402279,3.845502
41.89,4.376589,1.38872,1.394263,3.909222
41.9,4.376394,1.405896,1.388956,3.904751
41.91,4.318929,1.416122,1.415367,3.826811
41.92,4.27705,1.424096,1.437101,3.768269
41.93,4.237611,1.407746,1.433161,3.731173
41.94,4.227725,1.362057,1.447453,3.731399
41.95,4.225286,1.338111,1.479157,3.724863
41.96,4.274985,1.320475,1.492549,3.782081
41.97,4.261851,1.31919,1.503715,3.763237
41.98,4.211318,1.304504,1.496123,3.714173
41.99,4.18914,1.309651,1.518144,3.678172
42.0,4.159846,1.315142,1.56237,3.624048
42.01,4.156994,1.299874,1.572956,3.621704
42.02,4.156853,1.306693,1.574729,3.618315
42.03,4.147561,1.318812,1.542627,3.617084
42.04,4.083786,1.316845,1.567607,3.53353
