time_seconds,packet_counter,sample_time_fine,utc_time,euler_roll_deg,euler_pitch_deg,euler_yaw_deg,quat_w,quat_x,quat_y,quat_z,acc_x,acc_y,acc_z,free_acc_x,free_acc_y,free_acc_z,gyro_x_dps,gyro_y_dps,gyro_z_dps,mag_x,mag_y,mag_z,lat,lon,altitude,vel_x,vel_y,vel_z,status_word,temperature,baropressure,delta_v_x,delta_v_y,delta_v_z,delta_q_w,delta_q_x,delta_q_y,delta_q_z
0.000827,57947,5836048,,177.30780029,2.10177255,-172.78472900,,,,,0.31988847,-1.13299870,-10.83704567,-0.50102746,-1.71339703,0.93918884,3.79056844,0.89480868,-1.18795527,0.28082877,0.16616584,1.17029142,,,,,,,3,,,,,,,,,
0.001407,57948,5836148,,177.35443115,2.09148717,-172.75184631,,,,,-0.18160769,0.82911414,-9.25052929,-0.20697260,0.37548208,-0.53647673,-1.81042488,-0.19274975,-0.36323786,0.28035861,0.16617376,1.17028916,,,,,,,3,,,,,,,,,
0.002040,57949,5836248,,177.32911682,2.09046125,-172.75476074,,,,,-0.26932716,1.23980713,-9.58898354,-0.18131426,0.77517056,-0.17612803,-1.23640340,-0.28865732,-0.21080168,0.27950540,0.16426751,1.17173898,,,,,,,3,,,,,,,,,
0.002656,57950,5836348,,177.30955505,2.09640813,-172.74484253,,,,,-0.00762819,-0.76652437,-10.82342052,-0.22062799,-1.30790281,0.95332456,1.34960440,0.65128346,-2.13733246,0.28100210,0.16424124,1.17421997,,,,,,,3,,,,,,,,,
0.003247,57951,5836448,,177.34107971,2.07640338,-172.71086121,,,,,-0.11520126,0.99773932,-9.75700283,-0.30670264,0.50747216,-0.02411067,-0.63446652,-0.33692184,-0.75485543,0.27889687,0.16523924,1.16828799,,,,,,,3,,,,,,,,,
0.003864,57952,5836548,,177.33343506,2.06611300,-172.71154785,,,,,-0.35297376,1.08825171,-9.36495399,-0.06886889,0.64781260,-0.40345919,-0.52553722,0.45353422,0.11721050,0.27752128,0.16430221,1.16876101,,,,,,,3,,,,,,,,,
0.004460,57953,5836648,,177.32121277,2.05060315,-172.70909119,,,,,-0.40655896,-1.11587620,-9.65489292,0.26191902,-1.54434323,-0.21525502,-0.18078285,0.94606679,-2.16417767,0.28077760,0.16520759,1.16829693,,,,,,,3,,,,,,,,,
0.005061,57954,5836748,,177.33663940,2.03802180,-172.66902161,,,,,-0.05570986,1.79434490,-9.65366364,-0.45830894,1.29512906,-0.09235334,-1.15616480,-0.37025271,-0.26362721,0.27931488,0.16619262,1.16731572,,,,,,,3,,,,,,,,,
0.005454,57955,5836848,,177.31071472,2.04463696,-172.66674805,,,,,-0.01985254,1.05269825,-9.56510258,-0.39724052,0.55705619,-0.21704853,-0.58447140,-1.17718204,-0.46449187,0.27797320,0.16621435,1.16928840,,,,,,,3,,,,,,,,,
0.005813,57956,5836948,,177.30058289,2.05277801,-172.66937256,,,,,0.14683296,-2.26017547,-9.82615089,-0.14114262,-2.76098275,-0.11772060,-0.43627310,0.46282184,-1.68881667,0.27895689,0.16571736,1.17027497,,,,,,,3,,,,,,,,,
0.006148,57957,5837048,,177.32028198,2.05087876,-172.64651489,,,,,0.09329437,1.36434948,-9.88188934,-0.55826837,0.83469385,0.11082554,-1.40634235,0.84887656,0.86901052,0.27994114,0.16426061,1.17075157,,,,,,,3,,,,,,,,,
0.006474,57958,5837148,,177.30413818,2.03739142,-172.65078735,,,,,-0.24273118,2.34604144,-10.14723778,-0.35953480,1.83711720,0.43221498,-0.39362359,0.60883981,-0.82288641,0.27994213,0.16234107,1.16973174,,,,,,,3,,,,,,,,,
0.006794,57959,5837248,,177.28242493,2.03131390,-172.65176392,,,,,0.10150445,-1.64257717,-10.33130455,-0.18590540,-2.17165971,0.41730499,-0.78991447,-0.35197366,-2.93343519,0.28089976,0.16232474,1.17023098,,,,,,,3,,,,,,,,,
0.007112,57960,5837348,,177.28096008,2.04058886,-172.62115479,,,,,-0.24268833,-0.09282528,-9.56940174,-0.02596113,-0.55600190,-0.25880969,-1.84510965,-0.15814293,0.05100488,0.27904406,0.16379529,1.17172921,,,,,,,3,,,,,,,,,
0.007432,57961,5837448,,177.28152466,2.03412628,-172.60906982,,,,,-0.51895416,1.98083222,-9.41228867,-0.01752561,1.54309177,-0.30779696,0.01862776,0.32275040,-1.26602391,0.27800921,0.16333403,1.16874814,,,,,,,3,,,,,,,,,
0.007765,57962,5837548,,177.27247620,2.01437020,-172.61033630,,,,,0.04835919,-0.18945888,-10.37084484,-0.32121947,-0.72998697,0.52635884,-0.53730099,0.06368221,-1.35813434,0.27853259,0.16044529,1.16870511,,,,,,,3,,,,,,,,,
0.008103,57963,5837648,,177.26629639,2.00421929,-172.60252380,,,,,-0.36044866,-0.01308233,-9.32063580,0.09314960,-0.44918460,-0.49934435,0.03208207,-0.03520220,-0.57934540,0.27901900,0.16235639,1.17022204,,,,,,,3,,,,,,,,,
0.008521,57964,5837748,,177.27964783,2.00960636,-172.59443665,,,,,-0.16729875,1.52193224,-9.39388657,-0.30158067,1.04442453,-0.35975337,0.92282718,-0.92975171,-1.88362701,0.27701715,0.16335137,1.16725922,,,,,,,3,,,,,,,,,
0.008870,57965,5837848,,177.26925659,2.01170444,-172.59716797,,,,,0.12390912,-0.49770916,-9.77648735,-0.33699915,-1.01539004,-0.08456659,-1.62921388,0.28928706,0.06139375,0.27705264,0.16143084,1.16722894,,,,,,,3,,,,,,,,,
0.009193,57966,5837948,,177.24636841,2.00588608,-172.61344910,,,,,-0.17684178,0.13203688,-9.95233250,-0.12563552,-0.36382332,0.13138092,0.09564701,0.44335324,-0.17557289,0.27896678,0.16331768,1.16924751,,,,,,,3,,,,,,,,,
0.009709,57967,5838048,,177.26591492,2.00319171,-172.60346985,,,,,0.37023616,1.49093664,-10.42562866,-0.85931909,0.88950121,0.64999950,1.65493467,-0.88547469,-2.87686351,0.27741739,0.16526502,1.16630197,,,,,,,3,,,,,,,,,
0.016436,58083,5851727,,,,,,,,,0.10264163,4.05884457,-6.33548069,,,,3.25005502,-2.00052121,-0.13827889,0.27811512,0.15853216,1.16916740,,,,,,,1,,,,,,,,,
0.026404,58084,5851827,,157.14672852,-1.33431160,-179.43399048,,,,,-0.15437910,1.41515958,-10.08026409,0.03614317,-1.55233693,-0.26434767,-1.68814198,0.39255506,0.72783189,0.27531174,0.15761937,1.16913891,,,,,,,3,,,,,,,,,
0.036432,58085,5851927,,157.11477661,-1.33855736,-179.44451904,,,,,-0.33739251,1.57890391,-9.87946320,0.58700347,-2.38041854,-0.11024165,-0.48472225,0.05842322,-0.30321155,0.27550176,0.15665403,1.17407215,,,,,,,3,,,,,,,,,
0.046429,58086,5852027,,157.10678101,-1.33666456,-179.43988037,,,,,-0.10043911,-1.33658290,-10.46144295,0.36780471,-5.29508686,-0.70160365,1.00566478,0.18993355,-3.21698580,0.27692017,0.15806967,1.17509127,,,,,,,3,,,,,,,,,
0.056457,58087,5852127,,157.14012146,-1.31849658,-179.39476013,,,,,-0.50425363,0.61819136,-9.44114494,0.74305850,-3.09250236,-0.88978803,-1.28808254,-1.20258490,0.31059421,0.27531910,0.16001853,1.17066121,,,,,,,3,,,,,,,,,
0.066450,58088,5852227,,157.11457825,-1.32251263,-179.41017151,,,,,-0.71847439,1.89715862,-8.66834736,0.93645722,-1.61325514,-1.11036384,-1.27630078,-0.71459333,0.39156856,0.27524129,0.16050071,1.16868949,,,,,,,3,,,,,,,,,
0.076432,58089,5852327,,157.08300781,-1.30948234,-179.41996765,,,,,0.11490840,-0.45223641,-10.38636684,0.14357091,-4.45803070,-0.42398274,0.07514930,-2.03982660,-2.51591491,0.27725253,0.15806581,1.17113483,,,,,,,3,,,,,,,,,
0.086389,58090,5852427,,157.10113525,-1.27266812,-179.39999390,,,,,0.06233542,0.21421595,-9.70420647,0.17463507,-3.57744312,-0.79418695,-0.71178063,-1.71772566,1.04321054,0.27673852,0.15951465,1.17066038,,,,,,,3,,,,,,,,,
0.096363,58091,5852527,,157.08735657,-1.26955295,-179.42877197,,,,,-0.18566646,0.38591376,-9.11569691,0.40695184,-3.19040108,-1.27537346,-1.91789065,-1.22413735,-0.62197677,0.27425861,0.15907814,1.16668296,,,,,,,3,,,,,,,,,
0.106444,58092,5852627,,157.07696533,-1.25100434,-179.42347717,,,,,0.08955776,-0.23311600,-10.64751148,0.16851914,-4.35952854,-0.09915018,0.34432259,0.21956556,-3.23796921,0.27626884,0.15856279,1.17014813,,,,,,,3,,,,,,,,,
0.116486,58093,5852727,,157.08464050,-1.25346518,-179.38702393,,,,,-0.35970023,1.33901584,-10.02576733,0.60234571,-2.66596246,-0.07064784,-1.39947321,1.10152467,0.55545099,0.27789450,0.15901260,1.17659533,,,,,,,3,,,,,,,,,
0.126514,58094,5852827,,157.04663086,-1.26059091,-179.39053345,,,,,-0.13089810,0.38003188,-9.61485291,0.36390096,-3.39525485,-0.81814873,-1.11370012,-1.24737002,-2.38007141,0.27854300,0.15708584,1.16716766,,,,,,,3,,,,,,,,,
0.136426,58095,5852927,,157.04597473,-1.23525524,-179.36575317,,,,,-0.35812050,-0.72888613,-10.18459702,0.60805899,-4.63664150,-0.73209965,-0.58782123,1.72206027,-1.49017524,0.27842343,0.15516984,1.16268384,,,,,,,3,,,,,,,,,
0.146460,58096,5853027,,157.03802490,-1.25117075,-179.34046936,,,,,-0.71914399,1.34381986,-8.99663925,0.93807197,-2.26436424,-1.02552617,-5.05072383,0.61387259,0.75655327,0.27472880,0.15907022,1.16668522,,,,,,,3,,,,,,,,,
0.156443,58097,5853127,,156.96655273,-1.26764631,-179.35054016,,,,,-0.27665436,1.48553026,-9.63151836,0.51072711,-2.39586043,-0.37916398,-3.63924048,-1.19808626,-1.66984305,0.27215827,0.15767072,1.17308199,,,,,,,3,,,,,,,,,
0.166429,58098,5853227,,156.92742920,-1.23100436,-179.33062744,,,,,0.00633607,-0.73064685,-10.24843502,0.24526341,-4.68670559,-0.67485154,-3.02510316,-1.05234720,-2.53688274,0.27389771,0.15475802,1.18096077,,,,,,,3,,,,,,,,,
0.176444,58099,5853327,,156.89398193,-1.20761991,-179.32411194,,,,,-0.09820136,0.00644010,-9.00487041,0.31335416,-3.52694464,-1.53599775,-6.81068770,-2.17083518,0.58877111,0.27416012,0.15667574,1.17604482,,,,,,,3,,,,,,,,,
0.186412,58100,5853427,,156.83552551,-1.19829202,-179.34680176,,,,,0.06888389,0.69131565,-9.98027515,0.16642398,-3.28884268,-0.36911941,-3.67504860,-0.62015060,-1.26060981,0.27587795,0.15520923,1.17058790,,,,,,,3,,,,,,,,,
0.196389,58101,5853527,,156.81813049,-1.18807244,-179.32962036,,,,,-0.26834974,0.57427055,-10.60218525,0.52100331,-3.64106798,0.14881957,-2.45142469,1.73747291,-1.70799627,0.27788034,0.15325449,1.17304075,,,,,,,3,,,,,,,,,
0.206447,58102,5853627,,156.76745605,-1.20594990,-179.31408691,,,,,-0.17705424,0.42744806,-9.63432217,0.40644172,-3.40632629,-0.80051482,-6.40177751,-0.54482183,-0.25357710,0.27721909,0.15614729,1.16912520,,,,,,,3,,,,,,,,,
0.216371,58103,5853727,,156.71911621,-1.18710029,-179.30856323,,,,,-0.17980905,0.19011457,-9.89479733,0.41568440,-3.73032379,-0.65740395,-2.22911164,-0.03875859,-1.68831476,0.27496320,0.15570420,1.17158067,,,,,,,3,,,,,,,,,
0.226429,58104,5853827,,156.70565796,-1.18950558,-179.28552246,,,,,-0.48218864,-0.08337772,-9.74656487,0.71738356,-3.92452431,-0.91001105,-4.30765688,1.85790366,-1.25114647,0.27318835,0.15093397,1.17199099,,,,,,,3,,,,,,,,,
0.236385,58105,5853927,,156.65225220,-1.20962024,-179.26725769,,,,,-0.53099942,1.14436615,-9.33285713,0.75628901,-2.64152956,-0.80671608,-6.71197994,-0.50315757,0.58193318,0.27394757,0.15140334,1.16705465,,,,,,,3,,,,,,,,,
0.246461,58106,5854027,,156.59606934,-1.19750440,-179.26986694,,,,,-0.27242729,1.09161603,-9.89008999,0.50865161,-2.91918468,-0.31327558,-1.40388807,-1.08131051,-1.52703180,0.27438176,0.15427575,1.16759706,,,,,,,3,,,,,,,,,
0.256417,58107,5854127,,156.58666992,-1.17614782,-179.26461792,,,,,0.13306528,-0.70431674,-9.87635517,0.10572471,-4.57184029,-1.03391862,-3.89610767,-1.09846304,-1.30521553,0.27548710,0.15185569,1.17102754,,,,,,,3,,,,,,,,,
0.266391,58108,5854227,,156.54589844,-1.16668689,-179.27365112,,,,,-0.27154648,-0.21741714,-9.31082439,0.49318239,-3.90074182,-1.36872542,-4.67798931,-0.84594289,1.31765107,0.27457333,0.15043111,1.17100048,,,,,,,3,,,,,,,,,
0.276367,58109,5854327,,156.51000977,-1.15363955,-179.28868103,,,,,-0.04453647,1.91374254,-10.38712311,0.28117609,-2.37994838,0.47074795,-1.50431107,-0.91046080,-1.69727458,0.27366689,0.15140568,1.17249560,,,,,,,3,,,,,,,,,
0.286397,58110,5854427,,156.49504089,-1.14514005,-179.27653503,,,,,0.02979469,-0.38075995,-10.20885944,0.21062174,-4.42081642,-0.60840333,-3.35976216,-0.45177550,-1.56525546,0.27559200,0.14897335,1.17246675,,,,,,,3,,,,,,,,,
0.296468,58111,5854527,,156.46403503,-1.13476372,-179.26034546,,,,,-0.33263549,-0.58343142,-9.42169476,0.55478263,-4.29149342,-1.41931593,-3.39004679,0.58695039,0.18340041,0.27375507,0.14756408,1.17293000,,,,,,,3,,,,,,,,,
0.306394,58112,5854627,,156.45510864,-1.14296937,-179.24638367,,,,,-0.51546514,1.65336037,-9.72084808,0.73770690,-2.35824132,-0.25597465,-1.26442073,1.70500507,-1.79109289,0.27648017,0.14991879,1.17149663,,,,,,,3,,,,,,,,,
0.316391,58113,5854727,,156.42785645,-1.16944695,-179.22380066,,,,,-0.22016072,-0.03522139,-10.08295155,0.46445918,-4.06070805,-0.59574616,-4.35222215,2.25752714,-1.01715946,0.27694198,0.14943126,1.17099655,,,,,,,3,,,,,,,,,
0.326532,58114,5854827,,156.39682007,-1.18358445,-179.19952393,,,,,-0.46656719,0.42114830,-9.52586555,0.69863188,-3.41870070,-0.92984462,-1.04881258,1.33514275,-0.39580205,0.27467722,0.14946830,1.17345953,,,,,,,3,,,,,,,,,
0.336440,58115,5854927,,156.38807678,-1.17668450,-179.19032288,,,,,-0.06008591,1.19079554,-9.51823807,0.28721642,-2.71925235,-0.62118053,-2.54312574,-1.18188409,-1.56229692,0.27311212,0.14853683,1.16848934,,,,,,,3,,,,,,,,,
0.346436,58116,5855027,,156.36015320,-1.16109288,-179.19862366,,,,,-0.09729555,-1.49452710,-9.67090225,0.33896738,-5.24365902,-1.55984902,-3.00550799,-0.01913610,0.11199093,0.27220568,0.14951143,1.16998446,,,,,,,3,,,,,,,,,
0.356409,58117,5855127,,156.35350037,-1.15356195,-179.19451904,,,,,-0.10876877,1.58746934,-10.23194885,0.34948999,-2.64523315,0.18982899,-0.95973667,1.08141147,-0.28249852,0.27242965,0.14950484,1.17641735,,,,,,,3,,,,,,,,,
0.366496,58118,5855227,,156.34834290,-1.17334998,-179.19908142,,,,,0.01592049,1.44006503,-10.11238861,0.22182590,-2.73554826,0.02265406,-1.59090559,-0.73812824,-1.10587305,0.27277088,0.14902082,1.17245340,,,,,,,3,,,,,,,,,
0.376377,58119,5855327,,156.32870483,-1.16450131,-179.18809509,,,,,-0.10253410,-1.99255586,-9.88761234,0.35524377,-5.79032707,-1.56382704,-1.95470494,2.23113102,-1.00922512,0.27230120,0.14806898,1.17194116,,,,,,,3,,,,,,,,,
0.386361,58120,5855427,,156.33114624,-1.17663169,-179.15322876,,,,,-0.52170992,1.42244720,-9.36473274,0.74763978,-2.44809604,-0.68054056,-2.42861228,3.15309472,-0.46612573,0.27573082,0.14704975,1.17540562,,,,,,,3,,,,,,,,,
0.396412,58121,5855527,,156.30599976,-1.21958804,-179.14184570,,,,,-0.25340241,1.56461430,-10.12255955,0.50267029,-2.62777519,0.07475746,-1.51189909,2.07153554,-0.56602301,0.27245778,0.14518511,1.17486489,,,,,,,3,,,,,,,,,
0.406383,58122,5855627,,156.29917908,-1.24342191,-179.11849976,,,,,-0.36129925,-1.27790368,-9.70756149,0.62224889,-5.06302261,-1.45037675,-0.45167166,3.66754222,-1.27505854,0.27025303,0.14570025,1.17931485,,,,,,,3,,,,,,,,,
0.416405,58123,5855727,,156.31063843,-1.25521445,-179.08807373,,,,,-0.42635167,1.68833971,-9.09671307,0.65823132,-2.10026097,-0.81867850,-2.94734082,2.05359755,-0.16252468,0.27305642,0.14661305,1.17934334,,,,,,,3,,,,,,,,,
0.426402,58124,5855827,,156.26771545,-1.27649844,-179.09590149,,,,,-0.18721555,-0.32815820,-9.67818928,0.44790882,-4.18860149,-1.09393895,-1.73427745,0.47968739,-0.26078892,0.27237064,0.14710718,1.17341053,,,,,,,3,,,,,,,,,
0.436371,58125,5855927,,156.27432251,-1.26536906,-179.09291077,,,,,0.21913868,-0.05646318,-10.47807789,0.06259957,-4.26707077,-0.24275780,0.45550676,1.89796443,-1.25321218,0.27201268,0.14663193,1.17636979,,,,,,,3,,,,,,,,,
0.446470,58126,5856027,,156.29402161,-1.27243614,-179.07214355,,,,,-0.07671906,1.74156106,-9.80813789,0.32956445,-2.34547734,-0.13970113,-1.82838422,0.87713706,-1.26826965,0.27566925,0.14945096,1.17494857,,,,,,,3,,,,,,,,,
0.456391,58127,5856127,,156.27021790,-1.27190626,-179.06034851,,,,,-0.33751804,-1.17583072,-9.89313412,0.61106205,-5.04767323,-1.24086189,-0.88379601,-0.16481711,-2.39223384,0.27282357,0.14709976,1.17291796,,,,,,,3,,,,,,,,,
0.466447,58128,5856227,,156.27655029,-1.25304210,-179.03422546,,,,,-0.39801827,0.55378437,-9.49740601,0.65066165,-3.30681014,-0.90957963,-3.75396119,1.75552564,-0.82255349,0.26870415,0.14668784,1.17585933,,,,,,,3,,,,,,,,,
0.476374,58129,5856327,,156.23686218,-1.27887094,-179.01539612,,,,,-0.31846946,2.16032577,-10.10938168,0.58102238,-2.08878946,0.29723001,-4.28923457,2.31988869,-0.70094950,0.26546299,0.14962101,1.17885804,,,,,,,3,,,,,,,,,
0.486387,58130,5856427,,156.20608521,-1.30527866,-178.99478149,,,,,-0.33916873,-0.96396309,-10.02922249,0.62476104,-4.91724062,-1.03648996,-0.63632588,0.07005681,-2.40657959,0.26561907,0.14769691,1.18229175,,,,,,,3,,,,,,,,,
0.496365,58131,5856527,,156.22271729,-1.29282272,-178.96383667,,,,,-0.20986542,0.63943064,-8.87890720,0.45409960,-2.98869658,-1.44050229,-4.67112155,1.23039391,-0.91900868,0.26745856,0.14430732,1.17927873,,,,,,,3,,,,,,,,,
0.506440,58132,5856627,,156.17658997,-1.29306805,-178.96322632,,,,,-0.24715973,0.68488979,-9.41315842,0.50658166,-3.16767240,-0.93575597,-3.71011265,1.27301578,-0.54537700,0.26880956,0.14284572,1.17678857,,,,,,,3,,,,,,,,,
0.516376,58133,5856727,,156.16503906,-1.28946173,-178.95388794,,,,,0.08654647,-0.29683709,-10.87595081,0.21927130,-4.65974140,0.01334167,1.86542562,-0.39202767,-2.63050158,0.27161294,0.14375851,1.17681706,,,,,,,3,,,,,,,,,
0.526471,58134,5856827,,156.19955444,-1.27772796,-178.93983459,,,,,0.08263121,0.92619264,-9.51749992,0.17564470,-2.99398065,-0.73591745,-3.22867781,-0.06133014,-1.26336334,0.27192706,0.14567469,1.17338562,,,,,,,3,,,,,,,,,
0.536424,58135,5856927,,156.17370605,-1.27310503,-178.93460083,,,,,-0.44472358,-0.17820218,-9.78012466,0.72024131,-4.10091686,-0.95338905,-1.31303343,1.70932602,-1.64574646,0.26985279,0.14378661,1.18027198,,,,,,,3,,,,,,,,,
0.546503,58136,5857027,,156.19114685,-1.26705790,-178.89947510,,,,,-0.30594099,0.21011241,-10.18680382,0.58947247,-3.90866423,-0.41953170,1.26119016,0.10549401,-3.11807250,0.27078429,0.14425090,1.18028402,,,,,,,3,,,,,,,,,
0.556394,58137,5857127,,156.21209717,-1.26683247,-178.87319946,,,,,-0.17934808,1.34340382,-9.56819916,0.43763328,-2.62533522,-0.52458775,-2.76198101,0.93710281,-0.48851535,0.26923591,0.14427872,1.17631865,,,,,,,3,,,,,,,,,
0.566480,58138,5857227,,156.19549561,-1.28480017,-178.85214233,,,,,-0.47964412,-0.15995701,-9.90726376,0.76530468,-4.12899113,-0.82855356,0.88388016,3.05262093,-2.72953548,0.26900792,0.14235999,1.18222427,,,,,,,3,,,,,,,,,
0.576452,58139,5857327,,156.23585510,-1.29990447,-178.80697632,,,,,-0.33345756,0.41131741,-9.33722115,0.60173714,-3.37578249,-1.11508060,-1.39902199,1.12281693,-1.43283228,0.27036732,0.14137799,1.18023646,,,,,,,3,,,,,,,,,
0.586413,58140,5857427,,156.21362305,-1.30634320,-178.80934143,,,,,-0.21386936,0.78901362,-8.92218208,0.46902063,-2.86871815,-1.33999836,-4.01929824,1.56213171,0.78670594,0.26729512,0.14383227,1.17432284,,,,,,,3,,,,,,,,,
0.596525,58141,5857527,,156.19058228,-1.30316949,-178.81393433,,,,,0.09290591,0.41846418,-10.94637394,0.22557901,-4.02795362,0.36977470,1.95365331,1.81367008,-2.16996625,0.26461083,0.14579523,1.17928803,,,,,,,3,,,,,,,,,
0.606414,58142,5857627,,156.24137878,-1.30568254,-178.78834534,,,,,0.11873189,-0.08831776,-9.91336060,0.17158389,-4.07382011,-0.78016627,-0.63552568,-1.23535156,-2.01334724,0.26636258,0.14528750,1.17533064,,,,,,,3,,,,,,,,,
0.616400,58143,5857727,,156.23181152,-1.29193330,-178.78482056,,,,,-0.55689400,0.00597855,-8.98251915,0.82070863,-3.59988022,-1.60892010,-3.82847556,1.17125845,-0.91294891,0.26697215,0.14239623,1.17776179,,,,,,,3,,,,,,,,,
0.626481,58144,5857827,,156.21676636,-1.28964067,-178.76605225,,,,,-0.40606460,1.21530962,-10.57442474,0.70548940,-3.13632393,0.33878469,-0.43698406,2.72346771,-2.71980908,0.26770177,0.14046115,1.18416667,,,,,,,3,,,,,,,,,
0.636482,58145,5857927,,156.23094177,-1.30790436,-178.73115540,,,,,-0.01102611,0.20981427,-10.02135944,0.30605280,-3.84405088,-0.56333363,-2.69874925,-0.81305099,-1.36936446,0.26616228,0.14000882,1.18019366,,,,,,,3,,,,,,,,,
0.646420,58146,5858027,,156.22769165,-1.30205858,-178.71951294,,,,,-0.38955837,0.14732239,-9.36202049,0.66736913,-3.62568951,-1.20035648,-1.34059154,1.59133216,-0.72634980,0.26670921,0.14143828,1.18318760,,,,,,,3,,,,,,,,,
0.656429,58147,5858127,,156.25259399,-1.30205107,-178.68431091,,,,,-0.53397697,0.90814632,-9.73900223,0.81621885,-3.07425404,-0.55043173,-1.55503088,2.08294751,-3.17122823,0.26670972,0.14047851,1.18267763,,,,,,,3,,,,,,,,,
0.666419,58148,5858227,,156.24017334,-1.31260240,-178.66561890,,,,,-0.29861403,-0.25066939,-9.13273811,0.57792902,-3.89793873,-1.56828976,-4.10189743,-1.31926619,0.40748564,0.26273313,0.14006829,1.17621934,,,,,,,3,,,,,,,,,
0.676451,58149,5858327,,156.22052002,-1.29000998,-178.67703247,,,,,-0.00317882,1.16515994,-9.98530483,0.29058823,-2.95257974,-0.21042287,0.30172190,0.47910463,-1.18245195,0.26379308,0.14196844,1.18070757,,,,,,,3,,,,,,,,,
0.686425,58150,5858427,,156.25497437,-1.29000306,-178.66621399,,,,,0.27204609,0.37791032,-10.52637672,0.04083991,-3.89488983,-0.02537751,-0.37513064,1.37171767,-3.38396749,0.26696378,0.14191660,1.17725933,,,,,,,3,,,,,,,,,
0.696402,58151,5858527,,156.25050354,-1.29090166,-178.64433289,,,,,-0.30471027,-1.04610527,-9.36951447,0.59960043,-4.72021580,-1.67199552,-3.68332081,-0.27800625,-0.42014150,0.26457942,0.14003764,1.17523861,,,,,,,3,,,,,,,,,
0.706442,58152,5858627,,156.23936462,-1.27899802,-178.62765503,,,,,-0.50448686,1.90998209,-9.76432896,0.77458084,-2.16737962,-0.12347937,-0.56974028,1.91224315,-2.30875292,0.26322839,0.14149927,1.17772877,,,,,,,3,,,,,,,,,
0.716386,58153,5858727,,156.24743652,-1.29228926,-178.60089111,,,,,0.08408881,0.57667267,-10.66594124,0.23394975,-3.76381111,0.17829072,-0.04660612,1.63155877,-3.02682437,0.26516184,0.13954656,1.17820227,,,,,,,3,,,,,,,,,
0.726498,58154,5858827,,156.26463318,-1.29925787,-178.57141113,,,,,-0.52770978,-1.47642088,-9.37337017,0.83587313,-5.10507011,-1.84349906,-0.18197937,0.58602986,-0.70559958,0.26563203,0.13953865,1.17820454,,,,,,,3,,,,,,,,,
0.736360,58155,5858927,,156.28953552,-1.29389036,-178.54920959,,,,,-0.65983421,2.23465252,-9.01588345,0.90710568,-1.55827808,-0.67759669,-1.65947205,0.98561273,-1.30759692,0.26411861,0.13860567,1.17471886,,,,,,,3,,,,,,,,,
0.746488,58156,5859027,,156.25938416,-1.30486679,-178.54214478,,,,,-0.29360101,0.40709278,-9.99430656,0.59873092,-3.63713956,-0.51215792,-1.70779606,0.81883920,-2.45792810,0.26560694,0.13809974,1.17669737,,,,,,,3,,,,,,,,,
0.756509,58157,5859127,,156.24804688,-1.29080904,-178.52865601,,,,,-0.14898598,-0.59312212,-9.79765320,0.45941535,-4.47794342,-1.09192133,-0.37925146,-1.72797169,-0.11503593,0.26621342,0.14096707,1.18218815,,,,,,,3,,,,,,,,,
0.766463,58158,5859227,,156.28398132,-1.26256716,-178.52253723,,,,,0.15009177,1.49141979,-9.64084148,0.12342504,-2.51275301,-0.38866067,-2.07760459,-0.69980870,-1.47979229,0.26341841,0.14053391,1.18266201,,,,,,,3,,,,,,,,,
0.776485,58159,5859327,,156.29832458,-1.25238240,-178.52059937,,,,,-0.02558775,-1.25902057,-10.18149281,0.35660839,-5.24010086,-1.00317538,-1.48308102,1.49573726,-2.47033770,0.26212111,0.13815494,1.18459690,,,,,,,3,,,,,,,,,
0.786435,58160,5859427,,156.33500671,-1.25369656,-178.49577332,,,,,-0.40453622,1.09105980,-9.85594845,0.69052583,-2.94449282,-0.36207831,-2.87983742,1.65408164,-0.07456321,0.26250514,0.13814956,1.18212497,,,,,,,3,,,,,,,,,
0.796387,58161,5859527,,156.33784485,-1.26847112,-178.48696899,,,,,-0.16956568,1.67473912,-9.85991859,0.44702399,-2.41398478,-0.11892533,-1.86297508,0.73775664,-2.17082750,0.26098388,0.13577721,1.17762697,,,,,,,3,,,,,,,,,
0.806438,58162,5859627,,156.32846069,-1.27678013,-178.46583557,,,,,-0.27027258,-1.56328940,-10.33911896,0.62016535,-5.56581497,-0.98057723,0.94081715,2.86320441,-2.64620162,0.26288086,0.13766456,1.17915058,,,,,,,3,,,,,,,,,
0.816446,58163,5859727,,156.38018799,-1.29129505,-178.41867065,,,,,-0.63455677,0.77457863,-9.13201904,0.91265249,-2.92673111,-1.15466464,-1.01954575,2.15672892,-0.43369460,0.26363853,0.14101325,1.17574406,,,,,,,3,,,,,,,,,
0.826453,58164,5859827,,156.36436462,-1.31283379,-178.41410828,,,,,-0.46551335,1.93472743,-9.26882935,0.73180228,-1.92404139,-0.56084776,-1.35585498,0.60273927,-1.04247833,0.26215854,0.14199878,1.17426801,,,,,,,3,,,,,,,,,
0.836419,58165,5859927,,156.34967041,-1.30189252,-178.41056824,,,,,-0.09467386,-0.85473496,-10.31838322,0.43933108,-4.90918922,-0.70906758,1.85008288,0.60891948,-1.95046020,0.26110193,0.14057247,1.18364060,,,,,,,3,,,,,,,,,
0.846400,58166,5860027,,156.40376282,-1.29418254,-178.38032532,,,,,0.08012780,0.61895430,-9.43183804,0.21143955,-3.20662260,-0.92743456,-3.30093843,0.32867671,-0.44680627,0.26149535,0.13912718,1.18065107,,,,,,,3,,,,,,,,,
0.856394,58167,5860127,,156.39878845,-1.29749835,-178.39640808,,,,,-0.11593420,0.36005044,-9.65417957,0.42037776,-3.52587461,-0.83027053,-1.64734867,1.59481032,-1.09991072,0.26068547,0.13673981,1.18308306,,,,,,,3,,,,,,,,,
0.866415,58168,5860227,,156.42692566,-1.30320430,-178.37438965,,,,,-0.18717799,0.16027533,-10.59260845,0.52930671,-4.07778549,-0.04995704,-0.48926582,3.62871686,-2.41723169,0.26175481,0.13720004,1.18705392,,,,,,,3,,,,,,,,,
0.876388,58169,5860327,,156.46878052,-1.32461846,-178.32817078,,,,,-0.24204040,0.92231381,-9.57802963,0.54037410,-2.96869850,-0.67518413,-3.27977061,1.81553024,-0.75638518,0.26105076,0.13961424,1.18164611,,,,,,,3,,,,,,,,,
0.886550,58170,5860427,,156.46723938,-1.32418644,-178.31584167,,,,,-0.21271883,0.08100224,-10.05637169,0.54354131,-3.92478418,-0.57061481,0.96372411,1.64180064,-2.23413204,0.26070955,0.14009823,1.18561006,,,,,,,3,,,,,,,,,
0.896390,58171,5860527,,156.52777100,-1.32441962,-178.27609253,,,,,-0.48315561,-0.07734276,-9.80646992,0.81165797,-3.95633459,-0.86682308,-1.05505185,3.43340654,-2.35483023,0.26016209,0.13962854,1.18312609,,,,,,,3,,,,,,,,,
0.906504,58172,5860627,,156.53358459,-1.34854269,-178.25062561,,,,,-0.66146106,1.34111834,-9.15801525,0.94651186,-2.39104605,-0.89859569,-3.54750911,0.87855021,-0.07475454,0.25896329,0.13965198,1.17569911,,,,,,,3,,,,,,,,,
0.916468,58173,5860727,,156.51844788,-1.34986985,-178.24682617,,,,,-0.27539256,1.01686478,-10.18018532,0.59964955,-3.10345602,-0.08137143,2.86760775,-0.66494816,-2.35952151,0.25720212,0.14159961,1.18017387,,,,,,,3,,,,,,,,,
0.926481,58174,5860827,,156.56529236,-1.32601261,-178.22991943,,,,,0.24248800,-0.64078563,-9.85922432,0.10030374,-4.50957537,-1.02412331,-0.77384250,-0.74660739,-1.97758074,0.25867322,0.14109421,1.18165755,,,,,,,3,,,,,,,,,
0.936549,58175,5860927,,156.58663940,-1.30619299,-178.22937012,,,,,-0.29690701,-0.26242369,-9.29714108,0.61112219,-3.91927147,-1.39831173,-1.44131335,0.09707514,0.14096419,0.25876874,0.13965178,1.18361425,,,,,,,3,,,,,,,,,
0.946481,58176,5861027,,156.61700439,-1.29972517,-178.22389221,,,,,-0.16742833,1.78184104,-10.31321430,0.47497711,-2.44394279,0.35204625,1.11851808,0.98264470,-3.13365365,0.25833201,0.14157821,1.18562162,,,,,,,3,,,,,,,,,
0.956446,58177,5861127,,156.64695740,-1.30359590,-178.19262695,,,,,-0.10875051,-0.19458286,-10.11723518,0.45150816,-4.18068981,-0.61194348,-2.38767704,1.30209926,-2.79035981,0.25785497,0.13822719,1.18358707,,,,,,,3,,,,,,,,,
0.966417,58178,5861227,,156.65567017,-1.30016136,-178.16535950,,,,,-0.32718867,-0.04630908,-9.87610435,0.66000640,-3.93673992,-0.77596033,0.09132075,1.37243633,-1.35410773,0.25600818,0.13921760,1.18507779,,,,,,,3,,,,,,,,,
0.976548,58179,5861327,,156.70198059,-1.29054403,-178.13548279,,,,,-0.44604972,1.03440177,-9.86740685,0.75498116,-2.93069339,-0.35605276,0.68122306,0.02605278,-3.07360455,0.25587821,0.14066105,1.18213153,,,,,,,3,,,,,,,,,
0.986540,58180,5861427,,156.73178101,-1.28875172,-178.11189270,,,,,-0.45290199,-0.28168496,-9.47373009,0.77851784,-3.97900438,-1.23741806,-1.86119517,0.65969590,-1.40180583,0.25633952,0.14113328,1.18214130,,,,,,,3,,,,,,,,,
0.996531,58181,5861527,,156.74949646,-1.28271425,-178.09181213,,,,,-0.61789805,1.46568489,-9.77544308,0.91591793,-2.48291588,-0.27159309,1.37947122,0.29221182,-1.43559104,0.25542423,0.14258800,1.18364394,,,,,,,3,,,,,,,,,
1.006521,58182,5861627,,156.78816223,-1.28100443,-178.07929993,,,,,0.11254884,1.02390909,-10.01822758,0.20170745,-3.00340438,-0.20616293,0.56552200,-1.65545878,-2.25760420,0.25473842,0.14308216,1.17771125,,,,,,,3,,,,,,,,,
1.016479,58183,5861727,,156.81190491,-1.24494195,-178.08201599,,,,,0.04042471,-1.84314740,-9.48249626,0.31502831,-5.42078590,-1.82752788,-0.53671509,-0.81367430,-1.14341166,0.25621790,0.14305636,1.17969728,,,,,,,3,,,,,,,,,
1.026522,58184,5861827,,156.84863281,-1.22615111,-178.06935120,,,,,-0.21479239,1.65872335,-9.66810417,0.49727145,-2.26208353,-0.28045213,-0.29212914,1.63918596,-1.48884122,0.25627744,0.14449424,1.18219411,,,,,,,3,,,,,,,,,
1.036533,58185,5861927,,156.86894226,-1.24527347,-178.05541992,,,,,-0.16834745,1.10273457,-10.19907475,0.48113438,-2.97942495,-0.01005924,-0.92699423,-0.02445877,-2.64964276,0.25451046,0.14116342,1.18361688,,,,,,,3,,,,,,,,,
1.046506,58186,5862027,,156.88301086,-1.23353255,-178.03205872,,,,,-0.08714441,-1.15398896,-10.16583443,0.45419282,-5.04030800,-0.92387080,-0.69883166,2.16351898,-2.03680361,0.25656500,0.13824739,1.18704438,,,,,,,3,,,,,,,,,
1.056402,58187,5862127,,156.92521667,-1.23957062,-177.98851013,,,,,-0.42071739,1.55706012,-9.64376450,0.70960569,-2.32652378,-0.34447980,-1.37597245,3.31281891,-2.24341811,0.25876039,0.13917214,1.18311191,,,,,,,3,,,,,,,,,
1.066489,58188,5862227,,156.92712402,-1.26665938,-177.96273804,,,,,-0.56191993,-0.09482790,-9.80010700,0.89949071,-3.89941812,-0.85144746,-1.46996493,1.38432396,-2.01011976,0.25483447,0.14067993,1.17915797,,,,,,,3,,,,,,,,,
1.076541,58189,5862327,,156.95445251,-1.25581622,-177.93342590,,,,,-0.47180295,0.50896245,-9.64494038,0.79043525,-3.28239274,-0.75403178,-0.65723026,1.30880138,-2.08669622,0.25448436,0.14164406,1.18312955,,,,,,,3,,,,,,,,,
1.086439,58190,5862427,,156.97903442,-1.25399065,-177.91021729,,,,,-0.18748835,1.93740392,-9.58965588,0.46821642,-1.95284152,-0.23879242,-1.29390186,-0.27085657,-1.86973334,0.25588655,0.14114068,1.18263388,,,,,,,3,,,,,,,,,
1.096554,58191,5862527,,156.98922729,-1.23604500,-177.89633179,,,,,-0.10814719,-1.58130503,-9.67529011,0.47808099,-5.22285938,-1.53212392,0.90900896,-1.71583306,-2.74034404,0.25128025,0.13977741,1.18456817,,,,,,,3,,,,,,,,,
1.106526,58192,5862627,,157.04829407,-1.19795775,-177.87565613,,,,,-0.00633410,0.28436723,-9.51450729,0.32164213,-3.44193268,-0.94617891,-1.19081776,1.08908402,-2.65198274,0.25411022,0.13924977,1.18457401,,,,,,,3,,,,,,,,,
1.116647,58193,5862727,,157.07029724,-1.20606220,-177.86312866,,,,,-0.23944671,2.19485664,-10.05077553,0.52389121,-1.87741041,0.28896117,-0.99248059,1.71658726,-1.37633659,0.25645277,0.13873057,1.18408287,,,,,,,3,,,,,,,,,
1.126465,58194,5862827,,157.07867432,-1.20988810,-177.83807373,,,,,-0.22651462,-0.67918420,-10.71126080,0.60923052,-4.77559662,-0.21996331,1.53185989,-0.46312231,-4.02591883,0.25424805,0.13924572,1.18853283,,,,,,,3,,,,,,,,,
1.136517,58195,5862927,,157.14485168,-1.17817020,-177.79298401,,,,,-0.04413586,0.21521416,-9.64965916,0.36600387,-3.54068899,-0.84391868,-0.57831308,0.37736152,-3.47588370,0.25359669,0.13973884,1.18358970,,,,,,,3,,,,,,,,,
1.146546,58196,5863027,,157.16508484,-1.17227113,-177.77119446,,,,,-0.58068329,0.96640474,-9.55326939,0.87903380,-2.78644538,-0.65090883,-1.36355517,2.01552074,-0.33160430,0.25493783,0.14067689,1.18212700,,,,,,,3,,,,,,,,,
1.156467,58197,5863127,,157.18190002,-1.18714118,-177.75862122,,,,,-0.61682588,-0.19987968,-9.86709785,0.95881450,-3.97576046,-0.81275415,1.02530318,-0.30395364,-2.45901410,0.25404915,0.14069119,1.18360710,,,,,,,3,,,,,,,,,
1.166554,58198,5863227,,157.22697449,-1.18328512,-177.72633362,,,,,-0.21370433,1.94673812,-9.50998497,0.48630410,-1.87142920,-0.29889476,-2.65430265,0.68067115,-1.13570038,0.25339782,0.14118433,1.17866397,,,,,,,3,,,,,,,,,
1.176518,58199,5863327,,157.22109985,-1.17665792,-177.72212219,,,,,-0.37318295,-0.04878664,-9.45387840,0.69988191,-3.68056607,-1.12715113,-0.21646125,0.96541778,-1.95699925,0.25213498,0.13880435,1.18158853,,,,,,,3,,,,,,,,,
1.186565,58200,5863427,,157.26400757,-1.16373122,-177.70043945,,,,,0.12104571,-1.25833273,-9.98062992,0.25766778,-5.01184368,-1.09685373,1.91795831,-1.19404097,-3.14698746,0.25459814,0.13828158,1.18456113,,,,,,,3,,,,,,,,,
1.196548,58201,5863527,,157.31878662,-1.13779330,-177.68334961,,,,,0.06652446,1.37655580,-9.57654285,0.22027028,-2.41902900,-0.44920039,-2.18401062,0.92376441,-0.54361326,0.25462371,0.13876072,1.18555844,,,,,,,3,,,,,,,,,
1.206524,58202,5863627,,157.31799316,-1.14638400,-177.69039917,,,,,-0.49653491,0.84923935,-10.23496342,0.82124197,-3.13047576,-0.05639064,0.99429358,2.41335514,-1.58611613,0.25188088,0.13736627,1.18700695,,,,,,,3,,,,,,,,,
1.216506,58203,5863727,,157.38438416,-1.14561713,-177.64619446,,,,,-0.01347893,0.13411143,-10.60688114,0.37034917,-3.94385338,0.02462423,2.44114611,-1.18381223,-4.91072629,0.25458089,0.13828209,1.18406630,,,,,,,3,,,,,,,,,
1.226499,58204,5863827,,157.43615723,-1.10978627,-177.60903931,,,,,-0.40560588,0.33087268,-9.32420349,0.71117330,-3.24812078,-1.09029996,-2.15609606,0.58641550,-1.20052965,0.25406739,0.13877116,1.18308198,,,,,,,3,,,,,,,,,
1.236478,58205,5863927,,157.44184875,-1.11549520,-177.59761047,,,,,-0.72853041,-0.01165381,-9.60052109,1.05560899,-3.65127277,-0.97045541,0.86441145,1.86311403,-3.07688667,0.25088048,0.13690399,1.18501544,,,,,,,3,,,,,,,,,
1.246470,58206,5864027,,157.49963379,-1.12019765,-177.55809021,,,,,-0.19222511,1.12723696,-10.23197365,0.50629199,-2.85656953,0.06401420,1.40856323,-0.80738882,-1.82178498,0.25207391,0.14024577,1.18062150,,,,,,,3,,,,,,,,,
1.256558,58207,5864127,,157.53688049,-1.10951102,-177.53836060,,,,,-0.42726895,0.79077256,-9.22098351,0.71807480,-2.76506448,-1.00259960,-0.43806947,0.54506777,-0.83911323,0.25241259,0.14456059,1.17920732,,,,,,,3,,,,,,,,,
1.266505,58208,5864227,,157.56434631,-1.09755754,-177.53147888,,,,,-0.08668576,0.08989462,-9.86224747,0.42158759,-3.66575193,-0.66869199,2.25544842,0.33794543,-3.49603852,0.25152493,0.14265537,1.17966747,,,,,,,3,,,,,,,,,
1.276534,58209,5864327,,157.62649536,-1.08559644,-177.50392151,,,,,0.07832718,0.23023276,-10.13188744,0.25909814,-3.63732004,-0.36049247,0.68637211,0.02464208,-0.85346181,0.25114241,0.13978146,1.18060946,,,,,,,3,,,,,,,,,
1.286481,58210,5864427,,157.64944458,-1.07858682,-177.51029968,,,,,-0.33805642,0.10030629,-8.98757267,0.64067554,-3.30194902,-1.47388649,-1.72080672,1.23157425,-1.21437071,0.25012323,0.14219898,1.17965317,,,,,,,3,,,,,,,,,
1.296547,58211,5864527,,157.67022705,-1.08195293,-177.49137878,,,,,-0.04413543,1.46558619,-10.75520897,0.36222878,-2.71619034,0.68795288,1.39432218,1.64879187,-3.41609286,0.24915726,0.14173570,1.17865145,,,,,,,3,,,,,,,,,
1.306518,58212,5864627,,157.72055054,-1.08393729,-177.45010376,,,,,-0.22839461,0.02826045,-10.11047840,0.57345319,-3.78663802,-0.45643187,0.26196990,0.27482213,-1.36484725,0.24967964,0.14076647,1.17962825,,,,,,,3,,,,,,,,,
1.316454,58213,5864727,,157.75657654,-1.06886160,-177.43220520,,,,,-0.30177277,-0.57741159,-9.19779778,0.63699991,-3.99212456,-1.52901459,-1.22410480,0.68657835,-2.92099358,0.24986967,0.13980114,1.18456149,,,,,,,3,,,,,,,,,
1.326483,58214,5864827,,157.78799438,-1.06713808,-177.40142822,,,,,-0.47856364,1.52045155,-10.07360172,0.77339011,-2.36862850,0.07483709,0.87434922,2.94489241,-2.03618270,0.24933791,0.14221026,1.18410218,,,,,,,3,,,,,,,,,
1.336447,58215,5864927,,157.82244873,-1.09231067,-177.37533569,,,,,-0.57672977,0.57550979,-9.78524303,0.89718556,-3.12429285,-0.55016339,-0.23170672,0.73987576,-0.93765339,0.24680531,0.14369479,1.17966020,,,,,,,3,,,,,,,,,
1.346453,58216,5865027,,157.84652710,-1.09872973,-177.35769653,,,,,-0.17183004,0.30914780,-9.24576855,0.48548800,-3.18224072,-1.14131165,-0.81246082,0.11066509,-2.53647506,0.24735329,0.14320472,1.18163419,,,,,,,3,,,,,,,,,
1.356498,58217,5865127,,157.88568115,-1.07163131,-177.32795715,,,,,-0.13267922,1.02609277,-10.09892273,0.45021111,-2.83322930,-0.07686877,2.21713426,1.85822639,-2.26150530,0.24978098,0.14460251,1.18463707,,,,,,,3,,,,,,,,,
1.366614,58218,5865227,,157.92887878,-1.08106780,-177.31227112,,,,,-0.14947927,-1.28980100,-9.25886154,0.52106375,-4.65568733,-1.72599590,-0.03413206,-0.37902318,-1.70000111,0.25013942,0.14411801,1.18116784,,,,,,,3,,,,,,,,,
1.376488,58219,5865327,,157.96681213,-1.05549896,-177.30514526,,,,,0.11796343,0.82355493,-9.83129597,0.19556519,-2.92122793,-0.39284909,-0.85401078,1.19472698,-1.76709843,0.25128859,0.14025703,1.18507063,,,,,,,3,,,,,,,,,
1.386543,58220,5865427,,158.00318909,-1.05688334,-177.28305054,,,,,-0.41724330,2.16362190,-10.58632946,0.70959204,-1.92639875,0.80138481,1.69799602,3.43576551,-2.02539527,0.25035605,0.14171225,1.18607855,,,,,,,3,,,,,,,,,
1.396478,58221,5865527,,158.03439331,-1.07825148,-177.25212097,,,,,-0.18846145,-0.96071094,-10.02184010,0.57706439,-4.61890268,-0.88727796,-0.67136235,-1.20485508,-3.57963171,0.24544644,0.14371702,1.18113804,,,,,,,3,,,,,,,,,
1.406585,58222,5865627,,158.06317139,-1.03745580,-177.21792603,,,,,-0.19566250,-0.01952885,-9.47900486,0.52816921,-3.53969431,-1.03644168,-1.64274577,0.37584301,-2.32008378,0.24466164,0.14276852,1.18507719,,,,,,,3,,,,,,,,,
1.416523,58223,5865727,,158.09675598,-1.03259826,-177.19078064,,,,,-0.56593645,1.50385666,-9.85833454,0.85286433,-2.24399829,-0.12006593,0.09756186,2.24127642,-2.56675051,0.24564481,0.14323132,1.18657362,,,,,,,3,,,,,,,,,
1.426448,58224,5865827,,158.11585999,-1.05439031,-177.16226196,,,,,-0.40134192,-0.26880625,-9.69373894,0.75456554,-3.83113027,-0.92984748,-1.44168197,-0.89564719,-2.41410752,0.24533421,0.14420022,1.17817652,,,,,,,3,,,,,,,,,
1.436479,58225,5865927,,158.13941956,-1.03368485,-177.13557434,,,,,-0.39231783,1.30661237,-9.53984737,0.67926973,-2.31061196,-0.48336864,-1.18203563,1.36791165,-1.91438826,0.24550596,0.14515491,1.18363488,,,,,,,3,,,,,,,,,
1.446572,58226,5866027,,158.16076660,-1.03087914,-177.11447144,,,,,-0.03165828,1.38702571,-9.98247623,0.32976669,-2.41417646,-0.03648686,-1.12415853,0.63550609,-2.73916412,0.24793366,0.14655270,1.18663776,,,,,,,3,,,,,,,,,
1.456499,58227,5866127,,158.16944885,-1.02620792,-177.10162354,,,,,-0.11592599,-1.77186167,-9.53946495,0.52340937,-5.17257404,-1.62408793,-1.31733357,-1.19124689,-1.26232557,0.24830985,0.14510792,1.18315339,,,,,,,3,,,,,,,,,
1.466529,58228,5866227,,158.20188904,-0.99117398,-177.09123230,,,,,-0.06417133,0.67384362,-9.37658501,0.36563617,-2.84452510,-0.86173534,-2.42998835,0.53392378,-2.04210212,0.24598503,0.14466685,1.18362951,,,,,,,3,,,,,,,,,
1.476516,58229,5866327,,158.21948242,-0.98817843,-177.07997131,,,,,-0.12896654,2.18923831,-10.35793972,0.40157115,-1.79326057,0.61144066,-1.21339645,0.98272143,-2.46742313,0.24371187,0.14422427,1.18559015,,,,,,,3,,,,,,,,,
1.486533,58230,5866427,,158.23117065,-0.98658752,-177.05142212,,,,,-0.35918492,-0.93139362,-10.36197662,0.75948650,-4.67527056,-0.54537523,-0.27145183,-0.81660765,-3.12802579,0.24294379,0.14423503,1.19053423,,,,,,,3,,,,,,,,,
1.496511,58231,5866527,,158.27647400,-0.95469236,-177.01498413,,,,,-0.00300250,0.69873488,-9.78623486,0.31396249,-2.96436119,-0.46779859,-2.08468686,-0.18233741,-3.19679320,0.24335496,0.14182946,1.18752968,,,,,,,3,,,,,,,,,
1.506546,58232,5866627,,158.28208923,-0.93991697,-176.99304199,,,,,-0.42362720,1.06172383,-9.88006020,0.72163868,-2.63762999,-0.25350213,-2.52530663,1.61205356,-1.28643507,0.24365234,0.14278637,1.18309331,,,,,,,3,,,,,,,,,
1.516510,58233,5866727,,158.29367065,-0.95583600,-176.97537231,,,,,-0.55142343,-1.01535892,-9.53935623,0.92760462,-4.42849922,-1.33864748,-0.47190818,-0.63585209,-3.02797803,0.24212801,0.14617261,1.18165505,,,,,,,3,,,,,,,,,
1.526539,58234,5866827,,158.33747864,-0.94231135,-176.93309021,,,,,-0.21273017,1.76360536,-9.69940567,0.47681874,-1.92140543,-0.15298748,-1.55909196,0.70942251,-2.33955238,0.24268484,0.14520240,1.18362153,,,,,,,3,,,,,,,,,
1.536621,58235,5866927,,158.34899902,-0.93420351,-176.91491699,,,,,-0.45968178,1.50205374,-9.68568802,0.73235339,-2.14155912,-0.26837099,-0.13163273,0.59534661,-1.67257598,0.24280699,0.14231955,1.18555546,,,,,,,3,,,,,,,,,
1.546501,58236,5867027,,158.37402344,-0.91834074,-176.90586853,,,,,0.08819491,-1.13208306,-9.89980507,0.30568582,-4.69109726,-1.03041196,1.20430194,-3.03179376,-3.85842210,0.24404372,0.14518017,1.18214369,,,,,,,3,,,,,,,,,
1.556464,58237,5867127,,158.43595886,-0.86642444,-176.88166809,,,,,0.02686885,0.23655851,-9.73638725,0.29577097,-3.35019112,-0.67539954,-1.33584498,0.25226170,-1.29430228,0.24362472,0.14614634,1.18413591,,,,,,,3,,,,,,,,,
1.566562,58238,5867227,,158.45018005,-0.86308718,-176.88179016,,,,,-0.37680402,1.31904113,-9.42220497,0.63729501,-2.20411539,-0.57474923,-2.01828099,0.90094080,-1.57616028,0.24428594,0.14325354,1.18805158,,,,,,,3,,,,,,,,,
1.576538,58239,5867327,,158.45921326,-0.86202431,-176.86811829,,,,,0.04685340,0.05521199,-10.64945984,0.31023178,-3.84735298,0.10983729,0.35233888,-2.01607057,-3.98110895,0.24526078,0.14323670,1.18904579,,,,,,,3,,,,,,,,,
1.586472,58240,5867427,,158.51538086,-0.82470685,-176.82632446,,,,,-0.14836007,0.60950041,-10.24629688,0.46664616,-3.16721535,-0.06237328,-0.26021879,0.70133834,-2.08048907,0.24538973,0.14371277,1.19301200,,,,,,,3,,,,,,,,,
1.596493,58241,5867527,,158.53607178,-0.82146078,-176.80529785,,,,,-0.26985151,0.72691959,-9.58962822,0.55894977,-2.80751896,-0.63034880,-1.52477890,0.36843105,-2.35220232,0.24497175,0.14275940,1.19398439,,,,,,,3,,,,,,,,,
1.606476,58242,5867627,,158.55606079,-0.81097549,-176.78068542,,,,,-0.29116374,-0.21641925,-10.12133503,0.64163530,-3.87132788,-0.47938263,0.59830952,-0.12774283,-3.12626702,0.24374685,0.14326347,1.18606985,,,,,,,3,,,,,,,,,
1.616546,58243,5867727,,158.60900879,-0.80061746,-176.74298096,,,,,-0.46811172,0.38208738,-9.45224953,0.76882762,-3.05543900,-0.88311839,-1.77782183,1.60980376,-2.41487016,0.24322498,0.14327292,1.18458319,,,,,,,3,,,,,,,,,
1.626555,58244,5867827,,158.61322021,-0.81648010,-176.72604370,,,,,-0.51084828,1.76985395,-9.51023865,0.74980259,-1.78200865,-0.32229650,-2.57201851,0.53546565,-1.06184789,0.24278873,0.14423959,1.18608057,,,,,,,3,,,,,,,,,
1.636571,58245,5867927,,158.61926270,-0.80806011,-176.70375061,,,,,-0.26807234,0.50426328,-10.15010738,0.58828592,-3.20116448,-0.18483794,1.33009695,-0.91621705,-3.62384651,0.24040335,0.14428018,1.18507969,,,,,,,3,,,,,,,,,
1.646506,58246,5868027,,158.67782593,-0.76935500,-176.67312622,,,,,0.23508456,-0.41862029,-9.95508671,0.12029532,-4.01190758,-0.69510174,-1.25891165,-1.06728248,-2.55266559,0.24218020,0.14521132,1.18262959,,,,,,,3,,,,,,,,,
1.656579,58247,5868127,,158.69279480,-0.74831694,-176.67102051,,,,,-0.20712963,0.29494965,-9.13176918,0.49644637,-3.02075148,-1.20531154,-2.54593210,-0.05708195,0.59653773,0.24456611,0.14421096,1.18312049,,,,,,,3,,,,,,,,,
1.666559,58248,5868227,,158.70428467,-0.74289030,-176.67745972,,,,,-0.13534777,0.54070044,-9.81447315,0.43343911,-3.04010630,-0.47776949,1.17963567,0.03749627,-3.44710085,0.24419145,0.14277643,1.18507493,,,,,,,3,,,,,,,,,
1.676480,58249,5868327,,158.76269531,-0.73251355,-176.63961792,,,,,0.15869990,0.75312275,-10.67216301,0.15955508,-3.16350389,0.40504432,-0.31444382,1.32381563,-3.31347845,0.24416587,0.14229731,1.18407762,,,,,,,3,,,,,,,,,
1.686475,58250,5868427,,158.77644348,-0.73639888,-176.61611938,,,,,-0.47078043,0.66482902,-9.69118977,0.75993544,-2.85127640,-0.54929185,-2.41446718,1.27693001,-0.01070327,0.24416484,0.14421685,1.18509758,,,,,,,3,,,,,,,,,
1.696519,58251,5868527,,158.78804016,-0.73580688,-176.60035706,,,,,-0.02055882,0.54378819,-10.20367336,0.33336234,-3.17062426,-0.10771203,0.15031638,-0.24099786,-4.35982757,0.24274592,0.14376096,1.18458843,,,,,,,3,,,,,,,,,
1.706487,58252,5868627,,158.83464050,-0.70375806,-176.55926514,,,,,-0.27015647,-0.41489786,-10.25123119,0.63233608,-4.05980158,-0.41121829,-0.52490927,0.79844394,-2.30893905,0.24138807,0.14186364,1.18504643,,,,,,,3,,,,,,,,,
1.716542,58253,5868727,,158.85621643,-0.70247906,-176.54089355,,,,,-0.62005943,0.32826260,-8.88288212,0.89669538,-2.85116482,-1.42031038,-3.49149729,-0.89857947,-0.27734738,0.24074304,0.14667547,1.18264556,,,,,,,3,,,,,,,,,
1.726539,58254,5868827,,158.85026550,-0.69393390,-176.53533936,,,,,-0.29864827,1.75973368,-9.85386848,0.52996415,-1.88608766,0.00582123,-1.23557749,-1.62457565,-3.36744462,0.24110100,0.14715074,1.17968631,,,,,,,3,,,,,,,,,
1.736539,58255,5868927,,158.88975525,-0.66398853,-176.50231934,,,,,-0.30980480,0.68606704,-10.58868599,0.62137133,-3.14255476,0.30503953,0.51546819,0.31616052,-2.66382244,0.24058603,0.14091566,1.18849075,,,,,,,3,,,,,,,,,
1.746506,58256,5869027,,158.90686035,-0.66649228,-176.48547363,,,,,-0.01235084,-0.02511327,-9.10968494,0.31202042,-3.29020095,-1.32891345,-3.82886702,-2.28634499,-0.63653692,0.24194440,0.14185320,1.18752289,,,,,,,3,,,,,,,,,
1.756515,58257,5869127,,158.90072632,-0.63319510,-176.49252319,,,,,-0.07440591,0.37404934,-9.34553623,0.35810244,-2.99957252,-0.96343970,-1.11865116,-0.50265320,-1.51609005,0.24132650,0.14426485,1.18458939,,,,,,,3,,,,,,,,,
1.766589,58258,5869227,,158.93247986,-0.61128795,-176.48068237,,,,,0.02992998,0.01962359,-10.41419125,0.30500641,-3.71575117,-0.09103513,-0.40362339,1.18799807,-2.31884239,0.24085630,0.14427276,1.18458712,,,,,,,3,,,,,,,,,
1.776501,58259,5869327,,158.96026611,-0.62477416,-176.46260071,,,,,0.11415469,0.28439721,-9.63364220,0.18132192,-3.19122076,-0.72330451,-3.11737731,-0.45995833,-0.18166737,0.24211079,0.14617312,1.18116021,,,,,,,3,,,,,,,,,
1.786537,58260,5869427,,158.96495056,-0.60782063,-176.46276855,,,,,-0.28783119,1.31833148,-9.96515846,0.53747517,-2.31683803,-0.04518890,0.26989727,1.02398836,-2.08785628,0.24174295,0.14809753,1.18514681,,,,,,,3,,,,,,,,,
1.796517,58261,5869527,,159.01373291,-0.59824669,-176.43101501,,,,,-0.01816356,0.62105072,-10.82752991,0.33271942,-3.28470659,0.51537251,0.97101171,0.72910663,-4.01648420,0.24135259,0.14378420,1.18507659,,,,,,,3,,,,,,,,,
1.806618,58262,5869627,,159.04983521,-0.59646112,-176.40167236,,,,,-0.24220501,-0.60161394,-9.54870892,0.58012629,-3.94946480,-1.11838150,-1.96720504,-0.60739810,0.08170932,0.24308665,0.14423674,1.18113446,,,,,,,3,,,,,,,,,
1.816559,58263,5869727,,159.05616760,-0.58175677,-176.39659119,,,,,-0.47678292,0.31610072,-9.11050320,0.74939883,-2.92061067,-1.19940507,-2.09179239,0.36956075,-2.68544298,0.24175337,0.14473808,1.18360949,,,,,,,3,,,,,,,,,
1.826548,58264,5869827,,159.08053589,-0.57672024,-176.36920166,,,,,-0.24493411,1.64863491,-10.59854317,0.49233463,-2.21721458,0.67027533,1.11995860,1.52614206,-2.73235229,0.23936848,0.14381890,1.18209863,,,,,,,3,,,,,,,,,
1.836568,58265,5869927,,159.11897278,-0.59084654,-176.33183289,,,,,-0.32924333,0.42571989,-10.02978516,0.62900865,-3.14527154,-0.29772580,-1.01686522,-0.42661148,-1.38461670,0.23800126,0.14336149,1.18307412,,,,,,,3,,,,,,,,,
1.846495,58266,5870027,,159.13691711,-0.57350039,-176.32740784,,,,,-0.13514747,0.45964435,-9.06758499,0.40035757,-2.78100324,-1.18097103,-1.83192013,-1.98023576,-1.91666250,0.23906273,0.14238235,1.18603241,,,,,,,3,,,,,,,,,
1.856458,58267,5870127,,159.15586853,-0.53687656,-176.31100464,,,,,-0.24422628,0.83201313,-9.93270016,0.51282394,-2.73027968,-0.23914039,0.29781802,0.57765754,-1.43174703,0.23941028,0.14621706,1.18461061,,,,,,,3,,,,,,,,,
1.866584,58268,5870227,,159.18980408,-0.53335202,-176.29924011,,,,,-0.08042834,-0.19725864,-9.59971905,0.39342529,-3.57887316,-0.91601992,-1.94264923,-1.84044143,-0.93929391,0.24020243,0.14956473,1.18219376,,,,,,,3,,,,,,,,,
1.876570,58269,5870327,,159.19374084,-0.50541985,-176.31277466,,,,,0.07204856,-0.05032985,-9.54873085,0.22890005,-3.43319726,-0.90802741,-2.75202003,-0.93408835,-1.06251757,0.23978493,0.14765158,1.18265617,,,,,,,3,,,,,,,,,
1.886563,58270,5870427,,159.21223450,-0.49162009,-176.30659485,,,,,-0.09375025,1.61396396,-10.55439091,0.32916763,-2.21869516,0.62412322,1.61628593,0.87271766,-1.65479678,0.23987943,0.14812869,1.18563282,,,,,,,3,,,,,,,,,
1.896580,58271,5870527,,159.27276611,-0.49633762,-176.28604126,,,,,0.14173849,0.85567206,-10.39607620,0.12920910,-2.87799072,0.20972764,0.91202214,-1.67692168,-2.62481907,0.23832269,0.14767684,1.18116498,,,,,,,3,,,,,,,,,
1.906530,58272,5870627,,159.30216980,-0.46415213,-176.26881409,,,,,-0.17430261,-1.29377484,-9.48743153,0.53881031,-4.53974628,-1.40266871,-1.85518973,-0.59927285,-1.07750418,0.23888890,0.14526673,1.18261397,,,,,,,3,,,,,,,,,
1.916569,58273,5870727,,159.32379150,-0.43855414,-176.26072693,,,,,-0.42388555,0.59369147,-9.45084667,0.67380255,-2.74399209,-0.76735938,-0.23966336,-0.16360387,-1.67610420,0.24130824,0.14618489,1.18511438,,,,,,,3,,,,,,,,,
1.926520,58274,5870827,,159.35673523,-0.43391693,-176.23954773,,,,,-0.20253307,1.76712775,-10.23019409,0.40634972,-1.93225360,0.37941039,-0.02922349,-0.76746364,-1.61484754,0.24106705,0.14619200,1.17818666,,,,,,,3,,,,,,,,,
1.936630,58275,5870927,,159.37052917,-0.43250373,-176.22770691,,,,,-0.28007004,-0.29097337,-10.12866497,0.60459220,-3.81099653,-0.44260478,-1.73036119,1.23276622,-1.54093273,0.23935126,0.14381941,1.18160379,,,,,,,3,,,,,,,,,
1.946576,58276,5871027,,159.39892578,-0.43717667,-176.21343994,,,,,-0.16648695,0.94534826,-9.79038143,0.40629348,-2.53937817,-0.32013559,0.23473682,-0.95021859,-1.41214118,0.24130875,0.14522512,1.18460441,,,,,,,3,,,,,,,,,
1.956534,58277,5871127,,159.45239258,-0.42089164,-176.18656921,,,,,-0.35381916,1.26566374,-9.76671314,0.57271397,-2.21058798,-0.22822845,1.09745057,-0.56014958,-1.49747362,0.24228308,0.14616805,1.18610859,,,,,,,3,,,,,,,,,
1.966598,58278,5871227,,159.48249817,-0.41168231,-176.17358398,,,,,-0.23785564,-1.03858078,-9.20345020,0.57744336,-4.16942692,-1.56419778,-1.69387112,0.13471255,-1.71657477,0.24075925,0.14859450,1.18416023,,,,,,,3,,,,,,,,,
1.976556,58279,5871327,,159.48754883,-0.38835442,-176.16336060,,,,,-0.14266406,0.74491775,-9.24300671,0.37345034,-2.52245569,-0.89833879,-1.87633834,-1.50504531,-0.81319507,0.23884407,0.14862718,1.18316162,,,,,,,3,,,,,,,,,
1.986519,58280,5871427,,159.50714111,-0.37334463,-176.16134644,,,,,-0.18852255,2.05094123,-10.14135742,0.36648270,-1.60835159,0.40096688,0.90899092,0.69114914,-1.67003931,0.23836550,0.14815547,1.18265700,,,,,,,3,,,,,,,,,
1.996621,58281,5871527,,159.54634094,-0.37890708,-176.15853882,,,,,0.53759181,-0.10433990,-10.74226475,-0.21154773,-3.87643909,0.21454346,0.17941566,0.14947109,-1.84048903,0.23875007,0.14719032,1.17967510,,,,,,,3,,,,,,,,,
2.006567,58282,5871627,,159.58421326,-0.36395052,-176.14775085,,,,,-0.15162471,-0.98192126,-9.39865971,0.48552203,-4.17649364,-1.35262883,-0.46952385,-1.21873445,-0.22085776,0.24023739,0.14860395,1.18267357,,,,,,,3,,,,,,,,,
2.016580,58283,5871727,,159.62507629,-0.34014538,-176.13874817,,,,,-0.19920933,1.34148037,-9.47080803,0.39198557,-2.01921725,-0.47085273,0.11965859,-0.34949558,-2.94332702,0.24081980,0.14811285,1.18563724,,,,,,,3,,,,,,,,,
2.026539,58284,5871827,,159.65968323,-0.32880014,-176.10934448,,,,,-0.10978689,0.72238237,-10.46366215,0.36991364,-2.94365716,0.24466181,-0.75547122,1.14190880,-1.86989470,0.24042842,0.14571907,1.18658686,,,,,,,3,,,,,,,,,
2.036532,58285,5871927,,159.66777039,-0.33297667,-176.09675598,,,,,-0.36553681,-0.19848040,-9.66824913,0.65769589,-3.51035833,-0.82086182,-1.46208449,-0.26580327,-0.05295589,0.23998484,0.14428657,1.18656194,,,,,,,3,,,,,,,,,
2.046644,58286,5872027,,159.69456482,-0.32405186,-176.08941650,,,,,0.03773147,1.46346092,-9.86191559,0.15659282,-2.04439425,-0.05860329,0.70763631,0.13947400,-2.49156272,0.24164897,0.14666066,1.18166029,,,,,,,3,,,,,,,,,
2.056603,58287,5872127,,159.75605774,-0.31834310,-176.06111145,,,,,-0.21884239,0.48677501,-10.51161480,0.49504921,-3.15430450,0.21324074,2.09494837,2.27213777,-1.08062557,0.24219590,0.14809012,1.18465424,,,,,,,3,,,,,,,,,
2.066585,58288,5872227,,159.79743958,-0.34193447,-176.04164124,,,,,-0.31214300,-0.79896635,-9.26338577,0.63440746,-3.91437149,-1.40081334,-1.16296510,-0.58487257,-1.31051587,0.24078535,0.14811386,1.18464756,,,,,,,3,,,,,,,,,
2.076727,58289,5872327,,159.82073975,-0.33218828,-176.02894592,,,,,-0.34612349,1.09267533,-9.33469677,0.55111885,-2.16198039,-0.67796552,-0.51763960,0.84709852,-1.40715355,0.23900014,0.14670308,1.18659532,,,,,,,3,,,,,,,,,
2.086662,58290,5872427,,159.85432434,-0.33146688,-175.99873352,,,,,-0.54027271,1.78128445,-9.95780754,0.72134459,-1.71082306,0.14358974,1.71387738,2.68628885,-2.21456355,0.23856388,0.14766975,1.18809283,,,,,,,3,,,,,,,,,
2.096622,58291,5872527,,159.88796997,-0.35250357,-175.98243713,,,,,0.19495974,0.47552139,-9.90793419,0.06886177,-2.96373606,-0.34972453,-0.37356428,-1.64462727,-1.22944109,0.23838273,0.14815496,1.18315184,,,,,,,3,,,,,,,,,
2.106614,58292,5872627,,159.91012573,-0.31364325,-175.98818970,,,,,0.04197174,-0.71096450,-9.35368729,0.27682519,-3.87053251,-1.27533126,0.30618684,-0.65622008,-0.57333077,0.23610021,0.14915228,1.18562996,,,,,,,3,,,,,,,,,
2.116690,58293,5872727,,159.96174622,-0.30166036,-175.97808838,,,,,-0.01608994,0.78451437,-9.81225395,0.25246286,-2.61578083,-0.32848239,1.03952406,1.87089020,-2.02513231,0.23604801,0.15011357,1.18465543,,,,,,,3,,,,,,,,,
2.126604,58294,5872827,,160.00473022,-0.32197520,-175.96095276,,,,,0.12153985,0.84603542,-10.17970943,0.12328202,-2.68549252,0.03934431,0.01804508,1.02098436,-0.41254193,0.23924431,0.15054083,1.18220448,,,,,,,3,,,,,,,,,
2.136611,58295,5872927,,160.02012634,-0.32904950,-175.95703125,,,,,-0.23255786,-0.48720521,-9.62997150,0.54933316,-3.72057915,-0.93420458,-1.29852611,2.30980328,-1.20338905,0.23939100,0.15005665,1.18615556,,,,,,,3,,,,,,,,,
2.146620,58296,5873027,,160.05397034,-0.34079769,-175.93423462,,,,,-0.02768460,1.55410874,-10.16817093,0.23039103,-1.99670160,0.27296603,1.36075137,1.93531852,-2.18713287,0.24017632,0.15004538,1.18170655,,,,,,,3,,,,,,,,,
2.156592,58297,5873127,,160.10867310,-0.34384879,-175.90361023,,,,,-0.23736541,0.97995317,-10.33764076,0.48279801,-2.56769443,0.23683476,1.99390148,1.13060847,-1.57603787,0.23825225,0.15055817,1.18071544,,,,,,,3,,,,,,,,,
2.166580,58298,5873227,,160.14573669,-0.33924776,-175.89169312,,,,,0.02276462,-1.22835314,-9.72778797,0.34953433,-4.44645739,-1.08479464,-1.08361848,0.18350265,-1.23983888,0.23745072,0.14865042,1.18364978,,,,,,,3,,,,,,,,,
2.176661,58299,5873327,,160.16125488,-0.33569655,-175.87962341,,,,,-0.38393000,0.62449837,-9.44815826,0.62580287,-2.58202386,-0.71861660,-0.81011166,1.10180695,-0.04908824,0.23740688,0.15009135,1.18317759,,,,,,,3,,,,,,,,,
2.186655,58300,5873427,,160.19070435,-0.34085715,-175.86247253,,,,,-0.45746633,1.86252129,-9.69011497,0.62532043,-1.49105585,-0.07027268,0.43955309,1.31281828,-1.98288524,0.23699623,0.15153714,1.18567228,,,,,,,3,,,,,,,,,
2.196607,58301,5873527,,160.22000122,-0.35987684,-175.84739685,,,,,0.06846850,0.23728099,-10.44643402,0.23410586,-3.30584598,0.09381199,-1.50202946,1.05087380,-1.20196047,0.23540206,0.14724147,1.19153345,,,,,,,3,,,,,,,,,
2.206583,58302,5873627,,160.22827148,-0.37171710,-175.82943726,,,,,-0.54779321,0.48858580,-9.40822792,0.80352354,-2.67279792,-0.80078506,-1.36531127,0.72957813,-0.04900312,0.23341691,0.14919572,1.18957543,,,,,,,3,,,,,,,,,
2.216553,58303,5873727,,160.25894165,-0.37255210,-175.81159973,,,,,-0.19284537,1.31445336,-9.59958172,0.40043244,-1.98260796,-0.33756447,0.03870703,0.34357354,-3.12448839,0.23456803,0.15109912,1.18317938,,,,,,,3,,,,,,,,,
2.226614,58304,5873827,,160.29273987,-0.36054263,-175.78317261,,,,,0.10895358,-0.22568417,-9.97798729,0.21280847,-3.57241106,-0.49991691,-1.13358056,1.34965936,-0.55988918,0.23413280,0.15014625,1.18365681,,,,,,,3,,,,,,,,,
2.236551,58305,5873927,,160.29243469,-0.35598722,-175.79138184,,,,,-0.31909144,-0.32836834,-8.61995220,0.60424411,-3.18025589,-1.81312764,-2.16903607,-0.74845213,0.37181946,0.23316737,0.14872317,1.18214524,,,,,,,3,,,,,,,,,
2.246619,58306,5874027,,160.30831909,-0.34752274,-175.80307007,,,,,0.08934255,1.57473910,-9.96798229,0.10918517,-1.87307954,0.10091114,0.67012710,0.47115936,-1.42608267,0.23446468,0.15110216,1.18021035,,,,,,,3,,,,,,,,,
2.256665,58307,5874127,,160.35682678,-0.35076568,-175.78419495,,,,,0.13160837,0.64784396,-11.14901257,0.16887873,-3.13438082,0.90415490,1.52151428,2.80100957,-0.79354589,0.23461086,0.15157773,1.18467140,,,,,,,3,,,,,,,,,
2.266617,58308,5874227,,160.39419556,-0.37279814,-175.77612305,,,,,-0.01139196,-0.30310598,-9.46670723,0.32189196,-3.44999886,-1.00297558,-2.19955570,-1.23373579,-0.37829678,0.23691946,0.15009977,1.18268061,,,,,,,3,,,,,,,,,
2.276669,58309,5874327,,160.39256287,-0.34795853,-175.78210449,,,,,-0.31249896,0.60153997,-9.42577457,0.55863136,-2.56353617,-0.73753071,-2.01705347,-0.15539661,-0.60431091,0.23459363,0.15157823,1.18417656,,,,,,,3,,,,,,,,,
2.286621,58310,5874427,,160.41337585,-0.33657154,-175.76068115,,,,,-0.12412328,0.62010586,-10.35638618,0.39842594,-2.86704588,0.14860284,-0.48870436,1.52575626,-2.82920480,0.23151740,0.15210718,1.19060159,,,,,,,3,,,,,,,,,
2.296575,58311,5874527,,160.42828369,-0.34101498,-175.73484802,,,,,-0.08395775,0.52489740,-9.66464996,0.34111178,-2.72894120,-0.53530657,-3.51520680,-1.69077117,-0.05940964,0.23198915,0.14921996,1.18907392,,,,,,,3,,,,,,,,,
2.306611,58312,5874627,,160.41876221,-0.31776029,-175.74539185,,,,,-0.42416462,0.71474028,-9.70744228,0.66714275,-2.53755879,-0.43269253,-1.08361495,-0.15299526,-0.99867312,0.23230529,0.14729707,1.18360257,,,,,,,3,,,,,,,,,
2.316581,58313,5874727,,160.45188904,-0.31803566,-175.73088074,,,,,0.00993257,0.75550133,-10.48900700,0.25466019,-2.78587031,0.32130265,1.30630004,0.60710168,-2.53938813,0.23511752,0.14772971,1.18362355,,,,,,,3,,,,,,,,,
2.326552,58314,5874827,,160.51982117,-0.31938714,-175.69415283,,,,,-0.35169017,0.08188039,-9.94738197,0.64519012,-3.20158052,-0.41288137,1.21182187,-0.93294194,-0.50742297,0.23590969,0.15107739,1.18120670,,,,,,,3,,,,,,,,,
2.336581,58315,5874927,,160.54748535,-0.31279841,-175.70031738,,,,,-0.30998790,0.25375441,-8.89226151,0.55970240,-2.68765235,-1.34816241,-2.28879767,-0.60041626,0.01863953,0.23433673,0.14870654,1.17522418,,,,,,,3,,,,,,,,,
2.346677,58316,5875027,,160.54869080,-0.30733609,-175.69384766,,,,,-0.35347316,1.09164786,-9.63739681,0.56661677,-2.14312720,-0.36663532,0.25449282,0.18135778,-1.64216894,0.23633808,0.14867133,1.17869699,,,,,,,3,,,,,,,,,
2.356698,58317,5875127,,160.58343506,-0.29020521,-175.67105103,,,,,-0.33080944,0.85948843,-9.93341637,0.56665075,-2.45645118,-0.16313410,1.18151376,-1.29521454,-1.78220862,0.23460299,0.15013833,1.18365908,,,,,,,3,,,,,,,,,
2.366700,58318,5875227,,160.60914612,-0.27585208,-175.66845703,,,,,0.36949450,0.69943994,-9.59688282,-0.13326991,-2.54636836,-0.53122938,-2.99859541,-1.18236081,-0.18391055,0.23462075,0.14917806,1.18364394,,,,,,,3,,,,,,,,,
2.376654,58319,5875327,,160.59490967,-0.25007552,-175.69337463,,,,,-0.23117398,0.17733233,-9.55923939,0.49691093,-2.97951269,-0.74085379,-0.48031358,-1.08342894,0.66686621,0.23185915,0.15066341,1.18612742,,,,,,,3,,,,,,,,,
2.386592,58320,5875427,,160.64176941,-0.23744912,-175.69450378,,,,,0.15475386,-0.15245858,-10.16175938,0.14859992,-3.51229572,-0.27936721,1.37766612,-1.64075135,-1.92574537,0.23419337,0.14966458,1.18513381,,,,,,,3,,,,,,,,,
2.396617,58321,5875527,,160.70086670,-0.22663476,-175.67201233,,,,,0.17147632,0.24481466,-10.06552792,0.10215390,-3.09963226,-0.23567605,-1.00855769,1.30437969,-0.52471626,0.23801644,0.14720006,1.18560874,,,,,,,3,,,,,,,,,
2.406670,58322,5875627,,160.69764709,-0.24084149,-175.67636108,,,,,-0.48820734,1.27089715,-9.13905430,0.66313660,-1.77773941,-0.77245700,-2.03618377,1.79873886,0.01087811,0.23515984,0.14916810,1.18562555,,,,,,,3,,,,,,,,,
2.416602,58323,5875727,,160.71022034,-0.24292029,-175.67129517,,,,,-0.01845483,0.88973141,-10.30653381,0.25142241,-2.55089068,0.20617926,2.17154744,-1.36835668,-3.39605138,0.23506382,0.15157031,1.18417883,,,,,,,3,,,,,,,,,
2.426636,58324,5875827,,160.78146362,-0.21107131,-175.62370300,,,,,-0.00440330,-0.26589572,-10.76405907,0.33435088,-3.78099537,0.26112676,2.05930310,1.12647930,-2.38852740,0.23739752,0.15153125,1.18369520,,,,,,,3,,,,,,,,,
2.436654,58325,5875927,,160.81832886,-0.20423752,-175.60636902,,,,,-0.15256950,0.78133076,-9.33200169,0.36140871,-2.30971122,-0.74590087,-2.04581433,-1.74938156,-0.39446912,0.23544785,0.15156493,1.18170691,,,,,,,3,,,,,,,,,
2.446608,58326,5876027,,160.81298828,-0.18837211,-175.61277771,,,,,-0.39629760,0.43867958,-9.40364742,0.62883097,-2.63519812,-0.79157138,0.12436826,-1.17062847,-1.73267940,0.23402007,0.15158918,1.18120539,,,,,,,3,,,,,,,,,
2.456598,58327,5876127,,160.85589600,-0.17170200,-175.59547424,,,,,-0.20760359,-0.32477328,-10.18196678,0.51720554,-3.61721373,-0.30475271,0.82386137,0.76249356,-2.68854004,0.23519379,0.15012686,1.18712533,,,,,,,3,,,,,,,,,
2.466702,58328,5876227,,160.90046692,-0.17898734,-175.56427002,,,,,-0.17971407,1.58038306,-9.68970776,0.33994839,-1.65952837,-0.14089656,-2.22890182,-0.98219305,0.12981271,0.23693568,0.15201879,1.18419528,,,,,,,3,,,,,,,,,
2.476642,58329,5876327,,160.89494324,-0.18101840,-175.57223511,,,,,-0.47351202,1.52909052,-9.58872032,0.63337004,-1.64955044,-0.25613713,-0.37892668,0.40339527,-0.64981118,0.23213881,0.15258060,1.18170631,,,,,,,3,,,,,,,,,
2.486594,58330,5876427,,160.91586304,-0.17492394,-175.55601501,,,,,0.05646481,-0.28528824,-10.36367607,0.25658238,-3.64949656,-0.11518121,0.21130556,-0.17554308,-3.41681643,0.23120730,0.15211630,1.18169439,,,,,,,3,,,,,,,,,
2.496559,58331,5876527,,160.96620178,-0.16154993,-175.50689697,,,,,-0.24185064,0.09844317,-9.31306362,0.49578255,-2.91559696,-0.98170817,-1.08444728,-0.96309733,-0.58571199,0.23364541,0.15015467,1.18315983,,,,,,,3,,,,,,,,,
2.506567,58332,5876627,,160.97056580,-0.14030796,-175.51733398,,,,,-0.22399402,1.31506026,-8.90363026,0.37524319,-1.63630867,-0.97013891,-3.07506941,-0.55878162,-0.50694246,0.23410672,0.15062688,1.18316960,,,,,,,3,,,,,,,,,
2.516648,58333,5876727,,160.95251465,-0.13510185,-175.53323364,,,,,-0.01401268,0.13197945,-9.85542679,0.27842221,-3.07934308,-0.45631146,-0.91181563,0.72622648,-1.35295792,0.23494270,0.15253362,1.18122494,,,,,,,3,,,,,,,,,
2.526628,58334,5876827,,160.98585510,-0.12134922,-175.50991821,,,,,-0.06612593,-0.23492917,-10.04075241,0.35881841,-3.47666883,-0.40002906,0.95810991,-0.97665889,-2.33688626,0.23455864,0.15253901,1.18369687,,,,,,,3,,,,,,,,,
2.536607,58335,5876927,,161.02600098,-0.11105867,-175.48901367,,,,,0.35078806,1.58600807,-9.97124386,-0.19238985,-1.76690710,0.13041437,-2.52179485,0.02073795,-1.59682619,0.23459363,0.15157823,1.18417656,,,,,,,3,,,,,,,,,
2.546611,58336,5877027,,161.01960754,-0.10306463,-175.48368835,,,,,-0.13372341,0.60682207,-9.92455673,0.36161947,-2.63348007,-0.23312640,-0.66514677,1.21052787,-1.60840272,0.23656937,0.15106390,1.18665218,,,,,,,3,,,,,,,,,
2.556598,58337,5877127,,161.05339050,-0.10589415,-175.46980286,,,,,-0.09867350,-0.61062968,-10.16645813,0.42153305,-3.85841417,-0.39916921,0.22832156,-1.34032303,-2.78770905,0.23509775,0.15252906,1.18567848,,,,,,,3,,,,,,,,,
2.566613,58338,5877227,,161.09686279,-0.08280289,-175.43130493,,,,,-0.07541138,0.43163827,-9.77859974,0.31030390,-2.74644208,-0.42592216,-1.56758935,1.12640001,-1.54214978,0.23553400,0.15156239,1.18418109,,,,,,,3,,,,,,,,,
2.576558,58339,5877327,,161.09684753,-0.08228486,-175.41053772,,,,,-0.51032865,1.51816797,-9.18552017,0.64444655,-1.49401784,-0.63514769,-2.31119301,0.83824687,-1.41052798,0.23436514,0.15061928,1.19059229,,,,,,,3,,,,,,,,,
2.586594,58340,5877427,,161.08895874,-0.08765922,-175.40914917,,,,,-0.04078198,0.76721328,-10.21029472,0.26053363,-2.57061458,0.09239638,-0.68962520,-1.23374774,-2.82365122,0.23231995,0.15209539,1.18664718,,,,,,,3,,,,,,,,,
2.596720,58341,5877527,,161.11470032,-0.05678764,-175.38087463,,,,,0.03370893,-0.48673362,-10.46907616,0.28849655,-3.83891487,-0.06839085,-0.32085988,0.37942525,-2.14145171,0.23231211,0.15065600,1.18563485,,,,,,,3,,,,,,,,,
2.606617,58342,5877627,,161.14309692,-0.05195956,-175.35055542,,,,,-0.25464284,1.32992852,-9.62087345,0.41290238,-1.82699990,-0.28088832,-2.71100539,-0.42697538,-1.81061506,0.23323525,0.15064068,1.18514442,,,,,,,3,,,,,,,,,
2.616703,58343,5877727,,161.14729309,-0.05075194,-175.33729553,,,,,-0.36668065,1.12775421,-9.51679611,0.53651512,-1.97179425,-0.44538164,-1.21598712,-0.58443576,-1.68402711,0.23269564,0.15161039,1.18367279,,,,,,,3,,,,,,,,,
2.626594,58344,5877827,,161.16178894,-0.03770548,-175.32237244,,,,,-0.18796860,-1.10796380,-9.86793900,0.53930831,-4.20505762,-0.83524585,-0.83977219,-0.24686518,-2.99239445,0.23272122,0.15208951,1.18467009,,,,,,,3,,,,,,,,,
2.636730,58345,5877927,,161.19551086,-0.02437881,-175.28205872,,,,,-0.24614814,0.89961940,-9.42428303,0.42969137,-2.16039324,-0.60315824,-2.01472416,-1.54072526,-1.80172386,0.23462808,0.15157722,1.18516624,,,,,,,3,,,,,,,,,
2.646651,58346,5878027,,161.20143127,-0.01237273,-175.26176453,,,,,-0.57989860,2.22520185,-9.23043156,0.65300488,-0.81769431,-0.35957229,-1.71798147,0.48544081,-1.84252015,0.23278025,0.15448716,1.18767703,,,,,,,3,,,,,,,,,
2.656577,58347,5878127,,161.19566345,-0.00644871,-175.25588989,,,,,0.16211776,0.67994463,-10.22018909,0.05848932,-2.65554714,0.07776678,-0.84790438,-0.75250248,-3.11494619,0.23374775,0.15207115,1.18714881,,,,,,,3,,,,,,,,,
2.666552,58348,5878227,,161.20877075,0.02307723,-175.23336792,,,,,-0.02798673,-0.71436644,-9.68623638,0.33813632,-3.78128552,-0.87623942,-0.38946699,-2.54753335,-2.16429848,0.23666438,0.15058123,1.18911886,,,,,,,3,,,,,,,,,
2.676633,58349,5878327,,161.23823547,0.07040849,-175.22024536,,,,,0.07249544,0.36491856,-9.34767246,0.13967134,-2.66111755,-0.84814143,-2.04311086,-1.89267914,-2.85793108,0.23578353,0.15203492,1.19161129,,,,,,,3,,,,,,,,,
2.686578,58350,5878427,,161.25048828,0.09322235,-175.20353699,,,,,0.07416850,1.41017556,-10.00013733,0.06872198,-1.88209379,0.10710120,-2.30852881,0.27455576,-0.90533912,0.23710695,0.15393326,1.19016373,,,,,,,3,,,,,,,,,
2.696583,58351,5878527,,161.23487854,0.08824549,-175.20620728,,,,,-0.20308925,-0.23637456,-9.50358295,0.46215934,-3.25553513,-0.89390492,-2.88742320,-1.36208049,-1.92953100,0.23616707,0.15298931,1.18964934,,,,,,,3,,,,,,,,,
2.706698,58352,5878627,,161.23382568,0.11026181,-175.19100952,,,,,0.15692750,-0.14054583,-10.07035351,0.10887402,-3.37766790,-0.32731259,-2.50739980,-0.28847931,-2.86646220,0.23515046,0.15060800,1.18614304,,,,,,,3,,,,,,,,,
2.716750,58353,5878727,,161.25424194,0.12061104,-175.15542603,,,,,-0.16724177,1.74380350,-10.07210732,0.28197396,-1.56829429,0.28384662,-0.43550145,1.41181686,-2.01058144,0.23438236,0.15061878,1.19108713,,,,,,,3,,,,,,,,,
2.726581,58354,5878827,,161.28057861,0.11134160,-175.12866211,,,,,0.00454735,1.47227240,-9.94376278,0.12743556,-1.79350173,0.07411873,-0.73977896,-0.62399557,-3.79347042,0.23433904,0.15109994,1.19010496,,,,,,,3,,,,,,,,,
2.736644,58355,5878927,,161.29188538,0.12645012,-175.10107422,,,,,0.01132287,-0.83830029,-10.14988708,0.31577078,-4.03833485,-0.47145724,-1.02581704,1.01099969,-2.19469837,0.23519379,0.15012686,1.18712533,,,,,,,3,,,,,,,,,
2.746583,58356,5879027,,161.30262756,0.14623110,-175.07533264,,,,,-0.27341104,-0.32616544,-9.20520878,0.53039283,-3.22770286,-1.20047426,-2.69218992,-1.14316599,-2.61268674,0.23479149,0.15205228,1.19012237,,,,,,,3,,,,,,,,,
2.756648,58357,5879127,,161.31587219,0.16469264,-175.04541016,,,,,-0.23168300,1.64227653,-9.50967598,0.33314800,-1.46901226,-0.28022814,-1.40398146,0.60171400,-2.78051281,0.23340651,0.15255515,1.19111288,,,,,,,3,,,,,,,,,
2.766653,58358,5879227,,161.32304382,0.16463478,-175.01669312,,,,,-0.24599573,0.80999619,-9.98509312,0.43060440,-2.40327024,-0.09726274,-1.63076999,2.49790498,-3.01414903,0.23310179,0.14919907,1.19402671,,,,,,,3,,,,,,,,,
2.776645,58359,5879327,,161.31491089,0.14665002,-174.98818970,,,,,-0.03911990,0.37759751,-10.02281570,0.26241812,-2.84417343,-0.19982839,-3.57995465,-1.41070407,-2.48888273,0.23345086,0.15015447,1.19107509,,,,,,,3,,,,,,,,,
2.786623,58360,5879427,,161.31101990,0.16079292,-174.97058105,,,,,-0.29165405,0.32673153,-9.84019375,0.51474810,-2.80928707,-0.38955772,-0.89974306,1.25808189,-2.41609916,0.23291910,0.15256357,1.19061577,,,,,,,3,,,,,,,,,
2.796693,58361,5879527,,161.34020996,0.16327561,-174.92999268,,,,,-0.09990413,1.13002467,-10.04145050,0.26070628,-2.12824059,0.05985868,-0.01128742,1.08315819,-4.36464200,0.23250999,0.15113007,1.19158053,,,,,,,3,,,,,,,,,
2.806640,58362,5879627,,161.38618469,0.15196191,-174.87022400,,,,,-0.32302722,0.73990452,-9.79851532,0.51368850,-2.39091682,-0.29216444,0.52591277,0.66090917,-3.22828336,0.23382758,0.14774992,1.18708086,,,,,,,3,,,,,,,,,
2.816581,58363,5879727,,161.41122437,0.15633480,-174.84353638,,,,,-0.07551026,-0.43497476,-9.49153233,0.36108944,-3.41912031,-0.95897472,-1.46726892,0.67341455,-2.64332846,0.23340958,0.14679654,1.18805313,,,,,,,3,,,,,,,,,
2.826567,58364,5879827,,161.41452026,0.16237515,-174.82702637,,,,,-0.43684971,0.78558820,-8.97402954,0.60288692,-2.07044888,-1.05738258,-2.23836548,-0.14328316,-0.84865282,0.23343465,0.14823544,1.18956029,,,,,,,3,,,,,,,,,
2.836642,58365,5879927,,161.41302490,0.18049236,-174.80761719,,,,,-0.53496325,1.28437996,-9.04964161,0.65565628,-1.61482978,-0.82666707,-0.78733111,-0.18427621,-3.88196320,0.23250265,0.14873089,1.19005823,,,,,,,3,,,,,,,,,
2.846585,58366,5880027,,161.43133545,0.19556513,-174.77371216,,,,,0.17754099,0.91134042,-10.45400810,0.01333109,-2.47637892,0.38360822,-1.47858196,0.19777659,-3.33517710,0.23388660,0.15014757,1.19008768,,,,,,,3,,,,,,,,,
2.856654,58367,5880127,,161.43003845,0.21046340,-174.75016785,,,,,-0.07923196,0.80211556,-9.74270535,0.25729686,-2.33053541,-0.32570124,-2.93089095,-1.18391372,-0.80996332,0.23298903,0.15064201,1.19157529,,,,,,,3,,,,,,,,,
2.866607,58368,5880227,,161.41140747,0.21855360,-174.75946045,,,,,0.06902681,0.42675665,-9.32434750,0.13317716,-2.56864166,-0.84222090,-3.36282080,-0.69496871,-2.65253982,0.23062974,0.15020196,1.19106174,,,,,,,3,,,,,,,,,
2.876649,58369,5880327,,161.41264343,0.24017651,-174.73085022,,,,,-0.11226083,0.04351947,-10.08513832,0.36538565,-3.15308070,-0.24191999,-0.27646378,1.26891937,-3.44881843,0.23304327,0.14584164,1.19051003,,,,,,,3,,,,,,,,,
2.886756,58370,5880427,,161.46044922,0.24525675,-174.68980408,,,,,0.11687709,0.22630897,-10.09805202,0.11932343,-2.99993610,-0.17138886,0.52579976,-0.81683353,-4.04965416,0.23683819,0.14769685,1.19253743,,,,,,,3,,,,,,,,,
2.896662,58371,5880527,,161.49668884,0.26394063,-174.65303040,,,,,0.20094691,0.09828703,-9.93755722,0.04276496,-3.07230783,-0.36294007,-1.55524880,0.93923778,-2.25603325,0.23195067,0.14729568,1.20042276,,,,,,,3,,,,,,,,,
2.906645,58372,5880627,,161.50373840,0.27246973,-174.63540649,,,,,-0.36590546,0.66796869,-8.87265587,0.52699143,-2.14161444,-1.18774438,-0.69401840,0.13668113,-2.94372765,0.23162872,0.14394009,1.20284176,,,,,,,3,,,,,,,,,
2.916740,58373,5880727,,161.52670288,0.27207676,-174.61016846,,,,,-0.40707901,1.04912174,-9.52647972,0.55044723,-1.97920299,-0.44574273,1.97527513,-0.26419721,-4.27549394,0.23409487,0.14726219,1.19449580,,,,,,,3,,,,,,,,,
2.926686,58374,5880827,,161.58532715,0.29273733,-174.56558228,,,,,-0.07413245,0.30328828,-10.64718151,0.31627119,-3.05646110,0.38358152,5.19251172,1.44457284,-3.79714463,0.23396489,0.14870563,1.19154942,,,,,,,3,,,,,,,,,
2.936646,58375,5880927,,161.68760681,0.30208364,-174.51185608,,,,,0.01458223,0.78664458,-10.15897179,0.16553386,-2.44073153,0.07630122,5.02079180,-1.53263970,-4.61879590,0.23618686,0.14818998,1.18759441,,,,,,,3,,,,,,,,,
2.946693,58376,5881027,,161.75968933,0.33537397,-174.47219849,,,,,-0.12675802,0.86986357,-9.74963188,0.28508946,-2.20764661,-0.28365171,4.04234543,-0.58609037,-2.70737130,0.23695239,0.15297805,1.18520010,,,,,,,3,,,,,,,,,
2.956653,58377,5881127,,161.80258179,0.35052174,-174.45582581,,,,,-0.11986573,0.99200308,-9.68906975,0.26281476,-2.06762075,-0.30004168,2.12930635,-0.46369263,-3.88027230,0.23385011,0.15398765,1.19113779,,,,,,,3,,,,,,,,,
2.966680,58378,5881227,,161.84278870,0.35265365,-174.43307495,,,,,-0.28110105,0.10314463,-9.72007847,0.50656652,-2.89319777,-0.54486525,3.91534917,-0.69220584,-3.25614072,0.23066217,0.15404001,1.19409120,,,,,,,3,,,,,,,,,
2.976675,58379,5881327,,161.91094971,0.37884697,-174.39167786,,,,,0.16106988,-0.21802871,-10.19297218,0.10866094,-3.37741065,-0.19562316,2.34555441,0.83984694,-4.68570443,0.22944163,0.15309840,1.19901776,,,,,,,3,,,,,,,,,
2.986683,58380,5881427,,161.96054077,0.38604614,-174.33609009,,,,,-0.31618953,0.86791199,-9.49447346,0.46163991,-2.08174968,-0.51596856,-0.18482362,-0.85028956,-2.83508986,0.23263741,0.15448545,1.19707668,,,,,,,3,,,,,,,,,
2.996618,58381,5881527,,161.97612000,0.39156881,-174.31355286,,,,,-0.40805867,1.22629333,-9.15898323,0.50911927,-1.62548387,-0.72339308,-0.42150682,0.49098148,-3.16335473,0.22754316,0.15409034,1.19902396,,,,,,,3,,,,,,,,,
3.006658,58382,5881627,,161.98748779,0.39097437,-174.28204346,,,,,-0.17524548,1.18136513,-10.00065327,0.30388880,-1.94800234,0.06107676,0.53769426,1.27433603,-4.21496651,0.22669880,0.15170397,1.20046616,,,,,,,3,,,,,,,,,
3.016823,58383,5881727,,162.03097534,0.39106736,-174.23997498,,,,,-0.55746198,0.31707337,-9.68100834,0.75954103,-2.62072301,-0.50537181,3.14752235,-0.61818052,-4.20481642,0.23084381,0.15259504,1.19852197,,,,,,,3,,,,,,,,,
3.026600,58384,5881827,,162.10772705,0.40675035,-174.18531799,,,,,0.17827928,-0.02797570,-10.08856010,0.07119220,-3.13501692,-0.22481918,3.29897774,0.24561619,-5.28266979,0.23107027,0.15739307,1.19414628,,,,,,,3,,,,,,,,,
3.036718,58385,5881927,,162.18574524,0.43704912,-174.12762451,,,,,-0.29082698,0.96631879,-9.67533398,0.42753705,-2.00638533,-0.30534720,4.38716625,-0.68444819,-3.07868813,0.22913681,0.15934578,1.19367278,,,,,,,3,,,,,,,,,
3.046739,58386,5882027,,162.26934814,0.44458374,-174.10032654,,,,,-0.15106697,1.44591522,-9.42683220,0.23058453,-1.47577143,-0.39472461,5.28059171,-0.44501433,-4.15369801,0.22872719,0.15887204,1.19514751,,,,,,,3,,,,,,,,,
3.056763,58387,5882127,,162.33406067,0.45805836,-174.06489563,,,,,-0.14387105,0.89935780,-9.90990067,0.28858039,-2.12941885,-0.09920919,5.98384250,1.21273029,-3.26738748,0.23139323,0.15882911,1.19070733,,,,,,,3,,,,,,,,,
3.066649,58388,5882227,,162.40527344,0.45305905,-174.03471375,,,,,-0.12617701,0.26844952,-9.53980446,0.32690340,-2.60606551,-0.64034390,5.51537519,-0.91874454,-5.33559565,0.23408438,0.16022508,1.18777442,,,,,,,3,,,,,,,,,
3.076626,58389,5882327,,162.49195862,0.50114095,-173.99192810,,,,,0.07322339,-0.24045128,-9.84044552,0.18010734,-3.18685865,-0.50487721,5.17718990,-0.63365565,-4.20081436,0.23182796,0.16074173,1.19073975,,,,,,,3,,,,,,,,,
3.086622,58390,5882427,,162.55648804,0.52929980,-173.94216919,,,,,-0.23083918,0.67123806,-9.38891983,0.37559834,-2.14583230,-0.65516961,2.66233880,-0.49846774,-5.21315811,0.22770646,0.16416886,1.19572103,,,,,,,3,,,,,,,,,
3.096637,58391,5882527,,162.59716797,0.55096006,-173.90187073,,,,,-0.11903176,1.42855752,-9.47852421,0.18418558,-1.46035039,-0.34223473,1.35359558,-1.54449349,-4.28845807,0.22502267,0.16517207,1.20017624,,,,,,,3,,,,,,,,,
3.106701,58392,5882627,,162.62390137,0.58149010,-173.86486816,,,,,-0.00129027,0.80415356,-9.80841732,0.13623230,-2.15883780,-0.21478236,2.06411134,0.29918918,-5.02434137,0.22523093,0.16228668,1.20458448,,,,,,,3,,,,,,,,,
3.116625,58393,5882727,,162.67384338,0.58407485,-173.84112549,,,,,-0.21319306,0.78165793,-9.79509163,0.34584415,-2.14563131,-0.23064160,3.06013520,-2.64373123,-4.04572168,0.23066491,0.16507709,1.20020306,,,,,,,3,,,,,,,,,
3.126635,58394,5882827,,162.72174072,0.62152463,-173.79559326,,,,,0.11246569,-0.27850583,-9.97432709,0.13766581,-3.23048925,-0.37418175,4.25149522,0.99028074,-4.67995000,0.23096231,0.16603401,1.19576681,,,,,,,3,,,,,,,,,
3.136672,58395,5882927,,162.80593872,0.62635839,-173.75389099,,,,,-0.15349513,0.40855223,-9.65719986,0.31699443,-2.44342899,-0.46877444,5.10398778,-1.39427352,-4.78862172,0.23173925,0.16554311,1.19081533,,,,,,,3,,,,,,,,,
3.146807,58396,5883027,,162.89372253,0.64981151,-173.69316101,,,,,-0.03244495,0.71386069,-9.95060158,0.17152217,-2.23711681,-0.09462643,6.83457415,1.70306647,-5.55498816,0.23391587,0.16934769,1.18791795,,,,,,,3,,,,,,,,,
3.156666,58397,5883127,,162.98060608,0.65896171,-173.64094543,,,,,0.10571455,1.31095672,-9.82227802,-0.03667986,-1.63609409,-0.04097450,4.14989573,0.71827235,-4.56324341,0.23155454,0.17274669,1.18944418,,,,,,,3,,,,,,,,,
3.166613,58398,5883227,,163.04307556,0.65843034,-173.59928894,,,,,-0.36309397,1.08782005,-9.83207035,0.45275533,-1.78588331,-0.08942544,4.83508921,-0.42249178,-4.19530325,0.22875065,0.17279367,1.18992567,,,,,,,3,,,,,,,,,
3.176615,58399,5883327,,163.09945679,0.66894996,-173.56060791,,,,,0.23872621,0.40056923,-10.30194855,-0.05818623,-2.63552189,0.15384018,2.36583815,1.15474529,-5.18793464,0.22571981,0.16900241,1.19529283,,,,,,,3,,,,,,,,,
3.186686,58400,5883427,,163.14340210,0.67717040,-173.51799011,,,,,-0.25144485,0.46291360,-9.78617573,0.40613437,-2.36379886,-0.31398678,1.87521456,-1.65060240,-3.54911271,0.22667639,0.17090560,1.19681203,,,,,,,3,,,,,,,,,
3.196769,58401,5883527,,163.18223572,0.71072465,-173.48493958,,,,,0.02112919,0.10047536,-9.59690666,0.17070925,-2.67916346,-0.60229778,1.15959483,-0.20306035,-5.85995440,0.22611067,0.17235596,1.19485307,,,,,,,3,,,,,,,,,
3.206683,58402,5883627,,163.22251892,0.72747910,-173.43280029,,,,,-0.23915388,0.39318496,-9.55494595,0.39345559,-2.35184097,-0.55166507,1.87159243,0.62054286,-3.00695450,0.22514421,0.17285244,1.19436133,,,,,,,3,,,,,,,,,
3.216640,58403,5883727,,163.27352905,0.72696984,-173.39051819,,,,,-0.15522841,0.84106094,-9.49933910,0.25817728,-1.91177607,-0.47451186,2.33817055,0.22211040,-5.84890101,0.22801548,0.17568274,1.19738913,,,,,,,3,,,,,,,,,
3.226644,58404,5883827,,163.33187866,0.74821001,-173.34135437,,,,,0.08321799,0.65438187,-10.29693127,0.05882859,-2.33492041,0.23601699,3.69389095,0.85925530,-3.16754185,0.22796381,0.17568426,1.19590461,,,,,,,3,,,,,,,,,
3.236606,58405,5883927,,163.40452576,0.75081414,-173.28825378,,,,,-0.22836472,0.95835131,-9.71276665,0.31831485,-1.83069086,-0.23137021,3.91105938,-0.80627496,-5.73875055,0.22597131,0.17523931,1.19242418,,,,,,,3,,,,,,,,,
3.246602,58406,5884027,,163.46430969,0.76511443,-173.26092529,,,,,-0.05658977,0.19259450,-10.09336758,0.24267876,-2.67664957,-0.08495069,4.35584429,-0.11339280,-2.27973529,0.22765267,0.17761292,1.18801737,,,,,,,3,,,,,,,,,
3.256612,58407,5884127,,163.52450562,0.76935869,-173.22525024,,,,,-0.20322749,0.55170387,-9.29899597,0.32897565,-2.08280778,-0.74053323,3.72816911,0.07476148,-4.04073479,0.22854972,0.17807822,1.18703961,,,,,,,3,,,,,,,,,
3.266626,58408,5884227,,163.58070374,0.78906953,-173.21293640,,,,,-0.12808435,0.49965325,-9.48254395,0.26065773,-2.18446636,-0.57780945,3.67697599,-1.75494945,-1.78297702,0.22721693,0.17761981,1.18900490,,,,,,,3,,,,,,,,,
3.276628,58409,5884327,,163.62821960,0.81685561,-173.19287109,,,,,-0.34563223,0.66910756,-9.47654438,0.45367298,-1.98835802,-0.53064609,3.24784204,0.57137003,-3.20879641,0.22602250,0.17619756,1.19441867,,,,,,,3,,,,,,,,,
3.286655,58410,5884427,,163.67253113,0.82257515,-173.16816711,,,,,-0.06471049,0.94173867,-9.70612049,0.14294565,-1.82021952,-0.23583770,2.55047844,-2.14426937,-2.74234336,0.22678906,0.17906611,1.19100463,,,,,,,3,,,,,,,,,
3.296626,58411,5884527,,163.72001648,0.86336845,-173.15182495,,,,,-0.15387078,0.37927538,-10.16172218,0.30471560,-2.46568537,0.04676390,2.72360645,-0.11106639,-2.80616636,0.22502004,0.17957437,1.19446719,,,,,,,3,,,,,,,,,
3.306638,58412,5884627,,163.79150391,0.85525167,-173.10716248,,,,,0.01795006,0.80759639,-9.93539715,0.07566145,-2.00408983,-0.05002952,3.19892273,-1.43101076,-2.32011409,0.22836354,0.17855768,1.19545734,,,,,,,3,,,,,,,,,
3.316673,58413,5884727,,163.85493469,0.88339978,-173.09309387,,,,,-0.16030259,0.31456226,-9.71529675,0.30603963,-2.37946177,-0.39367437,4.01669124,0.09309811,-2.05620092,0.22966185,0.17901710,1.19250262,,,,,,,3,,,,,,,,,
3.326627,58414,5884827,,163.91604614,0.86346513,-173.05979919,,,,,-0.12410580,1.01015484,-9.60779858,0.18414849,-1.68085718,-0.30322170,3.61000044,0.36758936,-2.08026389,0.23047227,0.18044473,1.18956065,,,,,,,3,,,,,,,,,
3.336692,58415,5884927,,163.96322632,0.88032442,-173.06877136,,,,,-0.17873611,0.69943649,-9.44176197,0.27068084,-1.91575170,-0.54563355,4.14891303,-1.24853478,-0.55267148,0.22941965,0.18094373,1.18659461,,,,,,,3,,,,,,,,,
3.346618,58416,5885027,,164.00894165,0.89087486,-173.05851746,,,,,-0.27864802,1.10513175,-9.87514400,0.32629541,-1.63071835,-0.01483679,2.30170054,-0.38727656,-2.06389576,0.22999319,0.18093278,1.18956602,,,,,,,3,,,,,,,,,
3.356725,58417,5885127,,164.05041504,0.92294300,-173.06190491,,,,,-0.26058373,0.75612748,-9.70189095,0.33900854,-1.91032565,-0.27563477,3.52397506,-4.13774781,-0.55519961,0.22947134,0.18094221,1.18807924,,,,,,,3,,,,,,,,,
3.366654,58418,5885227,,164.09384155,0.96768278,-173.06217957,,,,,-0.08984164,0.32442409,-10.35162830,0.22682872,-2.51733255,0.22900391,1.52616703,-2.54580232,-2.51116003,0.22626565,0.18195485,1.19104779,,,,,,,3,,,,,,,,,
3.376668,58419,5885327,,164.13250732,0.99211049,-173.02995300,,,,,-0.07089006,0.45691133,-9.92310143,0.17779613,-2.26926446,-0.14577150,1.23346504,-3.59816756,-1.25149716,0.22830930,0.18335804,1.19652259,,,,,,,3,,,,,,,,,
3.386736,58420,5885427,,164.17572021,1.03988004,-173.03305054,,,,,0.14504361,0.34050971,-10.10115337,-0.02608448,-2.45050192,-0.00828862,0.38057753,-3.30218665,-2.16859616,0.23017231,0.18428665,1.19654667,,,,,,,3,,,,,,,,,
3.396651,58421,5885527,,164.20126343,1.05614209,-173.00442505,,,,,-0.12416388,0.73542714,-9.73642445,0.18407917,-1.93613577,-0.24571216,0.21100962,-1.98213136,-0.12833885,0.22638473,0.18483061,1.19604146,,,,,,,3,,,,,,,,,
3.406593,58422,5885627,,164.23551941,1.09050632,-173.02644348,,,,,-0.05462006,0.71395308,-9.56984043,0.10755920,-1.91422510,-0.41240132,1.42246352,-4.09294177,-1.54032623,0.22667377,0.18530791,1.19110286,,,,,,,3,,,,,,,,,
3.416670,58423,5885727,,164.27545166,1.10898376,-173.00987244,,,,,-0.11786759,0.75714928,-9.77382851,0.16609403,-1.91290689,-0.20161736,2.86415915,-0.34924654,0.44049469,0.22946878,0.18574105,1.19062901,,,,,,,3,,,,,,,,,
3.426774,58424,5885827,,164.32864380,1.11870813,-173.03593445,,,,,-0.05997621,0.71767557,-9.56448555,0.10531294,-1.89245057,-0.41330957,4.37616111,-3.19436336,-0.79222281,0.23215991,0.18713701,1.18769610,,,,,,,3,,,,,,,,,
3.436640,58425,5885927,,164.39117432,1.13993394,-173.02659607,,,,,-0.01145414,0.25700915,-10.02809906,0.11847049,-2.45302129,-0.08921981,4.69311049,1.05208926,-0.43658273,0.23242337,0.18713517,1.18176007,,,,,,,3,,,,,,,,,
3.446716,58426,5886027,,164.46270752,1.14813709,-173.02809143,,,,,-0.38146442,0.54467010,-9.71816444,0.43980825,-2.03901744,-0.30170774,5.03384643,-2.90315440,-1.22170228,0.23415588,0.19046703,1.17934775,,,,,,,3,,,,,,,,,
3.456747,58427,5886127,,164.53973389,1.15975308,-173.00202942,,,,,0.13161719,0.13103569,-10.25460052,-0.01164991,-2.62744904,0.09840894,4.41752474,1.22690912,-0.16679562,0.23332773,0.18999967,1.18230474,,,,,,,3,,,,,,,,,
3.466615,58428,5886227,,164.59848022,1.17046440,-173.00715637,,,,,-0.09640731,0.76074588,-9.63278675,0.12464425,-1.82310319,-0.32711077,2.62139672,-2.07588872,0.18528509,0.23108853,0.19051583,1.18576503,,,,,,,3,,,,,,,,,
3.476704,58429,5886327,,164.63795471,1.18070734,-173.00875854,,,,,-0.11411382,0.64461392,-9.62653637,0.15465683,-1.92443585,-0.36222732,0.47114714,-0.47910127,0.09759667,0.23010382,0.19293235,1.18579829,,,,,,,3,,,,,,,,,
3.486667,58430,5886427,,164.66036987,1.18169415,-173.00723267,,,,,-0.15171885,0.82421023,-9.39250183,0.16654149,-1.68112350,-0.53849268,1.42794229,0.50598116,-0.44185358,0.22840372,0.19343857,1.19124031,,,,,,,3,,,,,,,,,
3.496643,58431,5886527,,164.69058228,1.17748058,-173.02885437,,,,,-0.23922680,0.83362031,-9.37245083,0.25084513,-1.65207839,-0.55199277,1.07033077,-2.16302678,0.99160174,0.22829199,0.19296198,1.18776894,,,,,,,3,,,,,,,,,
3.506626,58432,5886627,,164.71704102,1.20177901,-173.04249573,,,,,-0.36686236,0.60810077,-9.76773834,0.40835845,-1.95149195,-0.22652256,2.73587795,0.78005264,0.49722577,0.23014766,0.19149144,1.18627048,,,,,,,3,,,,,,,,,
3.516695,58433,5886727,,164.76222229,1.17914104,-173.04360962,,,,,-0.15732697,0.74765640,-9.79836750,0.18064643,-1.84451199,-0.16411054,2.88059151,-1.61673865,0.29960035,0.23100871,0.19483706,1.18583310,,,,,,,3,,,,,,,,,
3.526700,58434,5886827,,164.81741333,1.21099389,-173.04740906,,,,,0.07892323,0.01997831,-10.14780331,0.03772259,-2.65224838,-0.02026737,4.02351204,-0.16903011,-0.03285678,0.23132282,0.19675325,1.18240166,,,,,,,3,,,,,,,,,
3.536680,58435,5886927,,164.88966370,1.21064854,-173.04199219,,,,,-0.13549455,0.88333327,-9.90092182,0.13645080,-1.72446203,-0.02634132,3.66160252,-2.10569439,0.05178979,0.23318684,0.19576234,1.18140578,,,,,,,3,,,,,,,,,
3.546652,58436,5887027,,164.93928528,1.21989596,-173.03941345,,,,,-0.01222712,0.53206629,-9.82902908,0.05724770,-2.04800439,-0.18761647,2.92016051,0.43498665,0.91279203,0.23330745,0.19575879,1.18486965,,,,,,,3,,,,,,,,,
3.556612,58437,5887127,,164.97503662,1.20545781,-173.03598022,,,,,-0.16802843,1.17567801,-9.67267323,0.13107450,-1.36684608,-0.16777110,0.69383735,-0.19318886,0.05870870,0.23388101,0.19574784,1.18784106,,,,,,,3,,,,,,,,,
3.566614,58438,5887227,,164.99160767,1.21624029,-173.06318665,,,,,-0.17058423,0.76973253,-9.60251522,0.18042827,-1.73352742,-0.33928180,1.29154619,-1.43505028,1.98523589,0.23051140,0.19724517,1.18636346,,,,,,,3,,,,,,,,,
3.576671,58439,5887327,,165.01737976,1.21751237,-173.08230591,,,,,0.01797505,0.94042087,-9.88715839,-0.02459657,-1.66340256,-0.02375150,0.61405001,0.11016612,0.49577120,0.23003235,0.19773322,1.18636870,,,,,,,3,,,,,,,,,
3.586648,58440,5887427,,165.04013062,1.20967257,-173.07843018,,,,,-0.23154002,0.77331036,-9.87364769,0.24187973,-1.78425980,-0.07449257,1.87003216,-0.39302122,0.19806540,0.23371607,0.19815207,1.18441486,,,,,,,3,,,,,,,,,
3.596678,58441,5887527,,165.08317566,1.22654271,-173.08656311,,,,,0.32419202,0.36975023,-10.28030109,-0.25819778,-2.33752060,0.20367634,1.72682571,-0.22830678,-0.10761298,0.23230600,0.19721603,1.18389821,,,,,,,3,,,,,,,,,
3.606699,58442,5887627,,165.14207458,1.22187781,-173.07148743,,,,,-0.34208667,0.53842634,-9.97350883,0.37769502,-2.00588822,-0.03374493,2.58175430,0.01749801,0.38324701,0.23418778,0.19526485,1.18288720,,,,,,,3,,,,,,,,,
3.616729,58443,5887727,,165.18402100,1.21380854,-173.07298279,,,,,0.30372027,0.24549358,-10.07062054,-0.22460556,-2.38321400,-0.02722359,0.75988656,1.30223213,0.22636968,0.23422173,0.19622360,1.18438685,,,,,,,3,,,,,,,,,
3.626714,58444,5887827,,165.21408081,1.20138979,-173.06636047,,,,,-0.24416848,0.62739158,-9.60457134,0.26847127,-1.82552063,-0.36654770,0.56771406,0.43846749,1.21999430,0.23262900,0.19865209,1.18045926,,,,,,,3,,,,,,,,,
3.636692,58445,5887927,,165.23680115,1.20075512,-173.08648682,,,,,0.13638227,0.66256559,-9.60223961,-0.11428940,-1.83379161,-0.36708605,-0.59705208,-0.76433659,0.50580021,0.23361319,0.19719534,1.18093586,,,,,,,3,,,,,,,,,
3.646735,58446,5888027,,165.24484253,1.20214880,-173.09786987,,,,,-0.22907498,0.79835671,-9.58640957,0.23253164,-1.65349293,-0.33875942,-0.01465544,1.18042093,1.97254220,0.23422122,0.19718336,1.18489683,,,,,,,3,,,,,,,,,
3.656697,58447,5888127,,165.25627136,1.18962073,-173.11856079,,,,,-0.28845698,0.73835152,-9.41355419,0.29682776,-1.65835309,-0.51979780,0.11436183,-0.87948136,0.22970369,0.23098159,0.19723724,1.18636560,,,,,,,3,,,,,,,,,
3.666678,58448,5888227,,165.27218628,1.19429123,-173.13101196,,,,,-0.06068398,0.38308400,-9.93622780,0.11890007,-2.15731716,-0.10902226,0.09735508,0.69123665,1.72825066,0.23045035,0.19868660,1.18539643,,,,,,,3,,,,,,,,,
3.676680,58449,5888327,,165.28822327,1.18617535,-173.12594604,,,,,-0.26990038,0.62001318,-9.56935120,0.29374647,-1.80906940,-0.39943063,-0.38100812,-0.59956740,-0.62169417,0.23076394,0.20156254,1.18247497,,,,,,,3,,,,,,,,,
3.686674,58450,5888427,,165.31495667,1.18844056,-173.12416077,,,,,0.25909919,0.27632740,-10.33638191,-0.18157524,-2.39311790,0.24523568,-0.06051879,0.76037518,0.53809095,0.23156649,0.20155078,1.17852080,,,,,,,3,,,,,,,,,
3.696690,58451,5888527,,165.32949829,1.19233859,-173.11634827,,,,,-0.24161197,0.49280283,-9.44563484,0.27845132,-1.89673233,-0.55024195,-1.00255865,-0.54581797,0.40952587,0.23093776,0.19867817,1.18589354,,,,,,,3,,,,,,,,,
3.706690,58452,5888627,,165.33882141,1.18246281,-173.12541199,,,,,0.10196455,0.66677034,-9.92304802,-0.07677080,-1.89041233,-0.05126143,-1.90594401,0.44745324,1.15868652,0.23101604,0.19723623,1.18735528,,,,,,,3,,,,,,,,,
3.716657,58453,5888727,,165.32723999,1.17306161,-173.12948608,,,,,-0.29502463,0.81912333,-9.49751377,0.29602695,-1.58973813,-0.41581988,-1.65349958,1.21603141,1.05949745,0.23328084,0.19719920,1.18489230,,,,,,,3,,,,,,,,,
3.726754,58454,5888827,,165.31794739,1.15704107,-173.14312744,,,,,-0.21414056,1.12868309,-9.70374680,0.18254322,-1.35750341,-0.14002299,-3.27963763,-0.61169520,0.00009738,0.23416904,0.19814464,1.18392217,,,,,,,3,,,,,,,,,
3.736728,58455,5888927,,165.30792236,1.15442050,-173.14176941,,,,,-0.07393569,0.80174071,-9.89747715,0.08762050,-1.73710930,-0.03818679,-1.29642273,2.42530925,1.34422637,0.23186192,0.19674331,1.18438327,,,,,,,3,,,,,,,,,
3.746665,58456,5889027,,165.30804443,1.12811613,-173.15203857,,,,,0.06639409,0.77623373,-9.77686405,-0.05083883,-1.74853849,-0.16548216,-1.58023918,-0.97754756,-0.18854688,0.23283574,0.19864601,1.18639731,,,,,,,3,,,,,,,,,
3.756661,58457,5889127,,165.32272339,1.13907564,-173.14520264,,,,,0.13340162,0.26380664,-10.40319157,-0.04550439,-2.40338230,0.31049669,0.00848294,2.26273282,0.99511940,0.23139907,0.19915038,1.18590331,,,,,,,3,,,,,,,,,
3.766702,58458,5889227,,165.34388733,1.11877179,-173.14140320,,,,,-0.10607514,0.58215088,-9.91755867,0.14711991,-1.94391775,-0.07502341,-0.89601228,-0.87576814,-0.79063943,0.23322812,0.19912025,1.18442774,,,,,,,3,,,,,,,,,
3.776719,58459,5889327,,165.36289978,1.12411761,-173.12892151,,,,,0.10169017,0.17197800,-10.28822708,-0.00380833,-2.45198011,0.17767715,-0.65706420,1.58507634,0.22401414,0.23361218,0.19911487,1.18195570,,,,,,,3,,,,,,,,,
3.786743,58460,5889427,,165.37803650,1.11948109,-173.12731934,,,,,-0.16285734,0.66047978,-9.61826897,0.19186676,-1.77971184,-0.34198093,-1.78398106,-0.88016374,-0.27956391,0.23086885,0.19868019,1.18391418,,,,,,,3,,,,,,,,,
3.796666,58461,5889527,,165.38145447,1.11096931,-173.12429810,,,,,0.09550600,0.54724061,-9.78783321,-0.04711145,-1.96089709,-0.21083534,-1.22896351,0.71784157,0.65590173,0.23186977,0.19818270,1.18539560,,,,,,,3,,,,,,,,,
3.806639,58462,5889627,,165.38185120,1.11935818,-173.13729858,,,,,0.01945750,0.76287991,-9.73534775,0.00004953,-1.73218036,-0.20557237,-2.31048843,-0.43582471,-0.00397192,0.23200810,0.19721888,1.18884444,,,,,,,3,,,,,,,,,
3.816734,58463,5889727,,165.37344360,1.10905170,-173.13941956,,,,,-0.18645933,0.72982740,-9.46459198,0.20701292,-1.67179012,-0.47197437,-1.60326418,-0.31428851,0.34847807,0.23111054,0.19771333,1.19033206,,,,,,,3,,,,,,,,,
3.826754,58464,5889827,,165.37373352,1.11216140,-173.14456177,,,,,-0.04338924,0.47646561,-9.94118404,0.10142684,-2.05263829,-0.07755518,-1.20654801,1.30121763,-0.36963386,0.22911757,0.19822817,1.18736148,,,,,,,3,,,,,,,,,
3.836716,58465,5889927,,165.38450623,1.08805895,-173.13764954,,,,,-0.22898829,0.62241787,-9.63684654,0.26677078,-1.81122661,-0.33161807,-0.76723253,-0.20424299,0.43096303,0.23089597,0.19628002,1.18338156,,,,,,,3,,,,,,,,,
3.846707,58466,5890027,,165.40576172,1.08733201,-173.14193726,,,,,0.31410179,0.01400894,-10.10971737,-0.19126713,-2.57502294,-0.03644025,0.66507927,2.92158610,0.25724755,0.23185407,0.19530392,1.18337083,,,,,,,3,,,,,,,,,
3.856712,58467,5890127,,165.43336487,1.05920208,-173.13140869,,,,,-0.10851355,0.58380473,-9.75087643,0.15851796,-1.88238907,-0.23109007,0.01507414,1.37778619,0.20784475,0.23277672,0.19624837,1.18339050,,,,,,,3,,,,,,,,,
3.866732,58468,5890227,,165.44648743,1.04990220,-173.11836243,,,,,0.12772055,0.14307731,-9.69262314,-0.02145338,-2.31642914,-0.40205240,-0.35364849,2.49056210,-0.34304620,0.23316023,0.19720274,1.18142843,,,,,,,3,,,,,,,,,
3.876806,58469,5890327,,165.45849609,1.03560674,-173.11882019,,,,,-0.28004879,0.86854362,-9.66416264,0.29727912,-1.56218910,-0.23922396,-1.53489761,0.67712174,0.92426910,0.23186243,0.19578354,1.18387330,,,,,,,3,,,,,,,,,
3.886690,58470,5890427,,165.45269775,1.01846814,-173.11917114,,,,,-0.21896419,0.85393327,-9.40067196,0.23735249,-1.51732659,-0.49939811,-1.32107630,1.11729515,-0.15995817,0.23159949,0.19482560,1.18929923,,,,,,,3,,,,,,,,,
3.896698,58471,5890527,,165.44895935,1.01259542,-173.12527466,,,,,-0.10952179,1.08920038,-9.96708202,0.10848767,-1.44854772,0.10517442,-2.41602617,0.41545941,0.16505902,0.23030119,0.19436619,1.19225407,,,,,,,3,,,,,,,,,
3.906724,58472,5890627,,165.44021606,1.01497316,-173.12493896,,,,,-0.24242058,0.84498942,-9.48980904,0.26164764,-1.54817784,-0.41586161,-1.34840378,-1.81203766,-0.37404072,0.22930862,0.19534330,1.19127500,,,,,,,3,,,,,,,,,
3.916677,58473,5890727,,165.44410706,1.02323079,-173.12815857,,,,,0.35934687,0.74485016,-10.44941711,-0.31108546,-1.95776856,0.47641230,-1.55747694,-0.01113705,-0.18928218,0.22976157,0.19533589,1.19078243,,,,,,,3,,,,,,,,,
3.926673,58474,5890827,,165.44189453,1.03292251,-173.11795044,,,,,-0.20450729,0.55164230,-9.80696583,0.26044995,-1.91450393,-0.18369198,-1.35281277,-1.95881629,-0.27419522,0.23149511,0.19674818,1.18735003,,,,,,,3,,,,,,,,,
3.936818,58475,5890927,,165.45800781,1.04254472,-173.11991882,,,,,0.37949875,0.16434425,-10.22785568,-0.26726913,-2.46000266,0.11597991,-0.97128609,-0.16159873,-1.21356443,0.23056361,0.19628389,1.18733799,,,,,,,3,,,,,,,,,
3.946844,58476,5891027,,165.47186279,1.04801536,-173.11219788,,,,,-0.30913469,0.38495070,-9.68039036,0.38133886,-2.02456379,-0.34448135,0.23628818,-0.65783553,1.01438533,0.23239215,0.19721350,1.18637240,,,,,,,3,,,,,,,,,
3.956709,58477,5891127,,165.49661255,1.05153751,-173.13099670,,,,,0.18278177,0.29386988,-9.88331699,-0.09487769,-2.21840072,-0.17933667,-0.04218390,-0.53199287,0.49494555,0.23276734,0.19768827,1.18390799,,,,,,,3,,,,,,,,,
3.966877,58478,5891227,,165.52088928,1.05884123,-173.11938477,,,,,-0.16378371,0.55674940,-9.65287399,0.21438730,-1.86185730,-0.32851517,0.91883888,0.77755615,0.55551086,0.23229817,0.19577664,1.18288589,,,,,,,3,,,,,,,,,
3.976814,58479,5891327,,165.54632568,1.04718220,-173.11700439,,,,,0.07925329,0.83345491,-9.66839886,-0.05973119,-1.62509537,-0.24792159,0.46395826,-0.10485921,-1.88601437,0.23329073,0.19479953,1.18386483,,,,,,,3,,,,,,,,,
3.986656,58480,5891427,,165.57165527,1.04948545,-173.10813904,,,,,-0.03118623,0.73286456,-9.95545483,0.06640977,-1.77579880,0.00717592,0.95353336,1.56583250,1.14986854,0.23479527,0.19621265,1.18735814,,,,,,,3,,,,,,,,,
3.996760,58481,5891527,,165.59083557,1.03871286,-173.10955811,,,,,-0.12901196,0.88924581,-9.75621986,0.14113250,-1.56128287,-0.14445853,-0.56968682,-1.82833150,-1.52589041,0.23298243,0.19816181,1.19034851,,,,,,,3,,,,,,,,,
4.006791,58482,5891627,,165.60115051,1.04744422,-173.10502625,,,,,0.05164134,0.45015407,-10.25881863,0.02088094,-2.12817001,0.22949886,-0.62563311,0.75727097,0.67533378,0.23190576,0.19530240,1.18485534,,,,,,,3,,,,,,,,,
4.016736,58483,5891727,,165.60946655,1.04739952,-173.10704041,,,,,-0.19371927,0.64433628,-9.68315411,0.23268741,-1.76743233,-0.27493238,-1.27233201,-2.53605308,-1.51791808,0.23150450,0.19530828,1.18683255,,,,,,,3,,,,,,,,,
4.026876,58484,5891827,,165.62145996,1.06899738,-173.11306763,,,,,0.29585931,0.14866331,-10.06090450,-0.19285220,-2.39513254,-0.04131627,-1.44598413,-1.21832923,1.06718579,0.23092888,0.19915830,1.18590105,,,,,,,3,,,,,,,,,
4.036847,58485,5891927,,165.62626648,1.08326387,-173.11538696,,,,,-0.16268027,0.31534949,-9.41625023,0.23303163,-2.01840162,-0.61423922,-1.59542856,-0.59684327,-0.56430196,0.23008405,0.19773170,1.18785334,,,,,,,3,,,,,,,,,
4.046746,58486,5892027,,165.62643433,1.07866287,-173.11555481,,,,,0.16793770,0.21563777,-9.63120174,-0.07987756,-2.20732570,-0.43726826,-0.92040470,-0.55728063,0.91400642,0.23096335,0.19915728,1.18689072,,,,,,,3,,,,,,,,,
4.056814,58487,5892127,,165.64018250,1.08761168,-173.11645508,,,,,-0.21086125,0.55468136,-9.37311459,0.25092471,-1.76912034,-0.59489059,0.55832981,1.64370423,-0.22773972,0.23279293,0.19816738,1.18490517,,,,,,,3,,,,,,,,,
4.066857,58488,5892227,,165.65585327,1.05991077,-173.11550903,,,,,-0.08908790,0.85024673,-9.64722157,0.10078865,-1.56476450,-0.25755119,0.48721751,0.58247368,-0.43217168,0.23363042,0.19719483,1.18143070,,,,,,,3,,,,,,,,,
4.076737,58489,5892327,,165.68074036,1.05898130,-173.10816956,,,,,-0.01630680,0.79628712,-9.85933876,0.03923523,-1.67329931,-0.06698799,2.11383939,2.75592605,-0.07603017,0.23259556,0.19673358,1.17844963,,,,,,,3,,,,,,,,,
4.086744,58490,5892427,,165.71522522,1.03402424,-173.10098267,,,,,-0.18470375,0.99337959,-9.88706684,0.18321860,-1.46565032,0.01369309,0.93391919,-0.07260414,-1.08572900,0.23639099,0.19762900,1.17996716,,,,,,,3,,,,,,,,,
4.096743,58491,5892527,,165.73582458,1.04035687,-173.08732605,,,,,0.21261154,0.31674924,-10.07741737,-0.12471074,-2.20630360,0.02381611,1.43491816,1.57010158,-0.14359656,0.23412621,0.19766603,1.18243015,,,,,,,3,,,,,,,,,
4.106753,58492,5892627,,165.76727295,1.03130555,-173.08380127,,,,,-0.19971828,0.73734063,-9.83940506,0.22741556,-1.69086683,-0.09429932,-0.77009278,-2.58609339,-0.79017775,0.23180869,0.19962414,1.18442857,,,,,,,3,,,,,,,,,
4.116822,58493,5892727,,165.77969360,1.05544329,-173.08122253,,,,,0.12118839,0.09327373,-10.02695370,-0.01146016,-2.39137220,-0.07665467,0.34341660,-0.29507815,0.18688479,0.23378396,0.20006958,1.18741405,,,,,,,3,,,,,,,,,
4.126852,58494,5892827,,165.80325317,1.05053103,-173.08041382,,,,,-0.03956310,0.70523810,-9.79539680,0.07027632,-1.72357070,-0.14685786,-0.86088446,-1.02882713,-0.19039019,0.23006579,0.19965175,1.18837845,,,,,,,3,,,,,,,,,
4.136734,58495,5892927,,165.81190491,1.04781795,-173.08595276,,,,,0.15447181,0.33705404,-9.78842354,-0.07637221,-2.09630871,-0.24738729,0.85699216,0.60307139,0.93345741,0.22788227,0.20209168,1.18098462,,,,,,,3,,,,,,,,,
4.146734,58496,5893027,,165.83984375,1.03584647,-173.08819580,,,,,0.12018615,0.88365746,-9.83065224,-0.10686511,-1.57264304,-0.07081008,0.37714717,1.00649636,-0.40572306,0.23018935,0.20349304,1.18052363,,,,,,,3,,,,,,,,,
4.156700,58497,5893127,,165.86196899,1.02758968,-173.09027100,,,,,-0.11909973,0.72618699,-9.62464046,0.14780563,-1.63954282,-0.30448389,2.58204864,0.34626567,0.73028996,0.23355061,0.20151608,1.18149865,,,,,,,3,,,,,,,,,
4.166706,58498,5893227,,165.89813232,1.02258122,-173.09785461,,,,,0.22119281,0.79674041,-10.08289051,-0.19264212,-1.71928418,0.15199280,1.77847614,1.42535056,-0.29239480,0.23635450,0.20146909,1.18101728,,,,,,,3,,,,,,,,,
4.176821,58499,5893327,,165.93107605,1.01049054,-173.09208679,,,,,-0.29375595,0.66892767,-9.69408798,0.32950166,-1.67940617,-0.24587345,2.18999642,-0.25459965,0.00820819,0.23414192,0.20054483,1.18445480,,,,,,,3,,,,,,,,,
4.186790,58500,5893427,,165.95994568,1.02440286,-173.10186768,,,,,0.23324306,0.12224050,-10.22860527,-0.12375787,-2.39522266,0.13101029,0.18102711,-0.52918177,0.11333509,0.23227787,0.20153576,1.18545067,,,,,,,3,,,,,,,,,
4.196860,58501,5893527,,165.98034668,1.03252244,-173.09262085,,,,,-0.20749979,0.40610427,-9.70785236,0.27110714,-1.93910730,-0.29595971,0.18332053,-1.51420022,0.31335934,0.23335709,0.19959635,1.18839407,,,,,,,3,,,,,,,,,
4.206704,58502,5893627,,165.99537659,1.05203545,-173.11053467,,,,,0.32902908,-0.01784408,-9.84039307,-0.21293566,-2.44190669,-0.27966297,-0.87740914,-1.60600949,0.33233390,0.23487154,0.19860978,1.19085991,,,,,,,3,,,,,,,,,
4.216849,58503,5893727,,166.00759888,1.06378388,-173.10751343,,,,,-0.14792149,0.45728570,-9.55780411,0.19866097,-1.85703278,-0.42911720,0.19100453,-0.88072210,0.79075885,0.23531511,0.20004228,1.19088471,,,,,,,3,,,,,,,,,
4.226707,58504,5893827,,166.02517700,1.06970739,-173.12196350,,,,,0.16253705,0.47563744,-9.68580437,-0.11320065,-1.90429711,-0.30546236,0.03545694,-1.00501378,-0.51847934,0.23808505,0.19903654,1.18890369,,,,,,,3,,,,,,,,,
4.236706,58505,5893927,,166.04913330,1.08087587,-173.11576843,,,,,-0.19042501,0.59388959,-9.67800426,0.22262317,-1.74304426,-0.27758539,1.26920859,0.36421608,1.14409084,0.23843414,0.19999194,1.18595195,,,,,,,3,,,,,,,,,
4.246784,58506,5894027,,166.07730103,1.07596457,-173.12356567,,,,,-0.10056239,0.82280171,-9.45892429,0.10160285,-1.47540450,-0.43495762,1.14962703,-1.13058862,-0.28680845,0.23779900,0.20240410,1.18252361,,,,,,,3,,,,,,,,,
4.256868,58507,5894127,,166.10603333,1.07827616,-173.14138794,,,,,0.12018221,0.60573292,-10.12113953,-0.08452246,-1.86553276,0.15117240,1.83674267,0.10813173,2.85281655,0.23782459,0.20288321,1.18352079,,,,,,,3,,,,,,,,,
4.266789,58508,5894227,,166.13128662,1.07223260,-173.15167236,,,,,-0.26402843,0.79886717,-9.40812492,0.26465583,-1.45849800,-0.48579001,0.06813104,-1.21226573,-0.75449402,0.23552483,0.20388104,1.18550408,,,,,,,3,,,,,,,,,
4.276891,58509,5894327,,166.15635681,1.08128774,-173.15910339,,,,,0.23014247,0.38862482,-10.28300190,-0.16841990,-2.11817956,0.25585020,0.86857216,-0.10413060,1.33518406,0.23412366,0.20246488,1.18497992,,,,,,,3,,,,,,,,,
4.286762,58510,5894427,,166.16999817,1.07756376,-173.16743469,,,,,-0.16368252,0.40880442,-9.40051270,0.21027869,-1.83805311,-0.58786500,-0.05070949,-0.67904882,0.20418342,0.23711756,0.20145255,1.18943191,,,,,,,3,,,,,,,,,
4.296799,58511,5894527,,166.18162537,1.07486916,-173.17802429,,,,,0.18006560,0.32454139,-10.00590801,-0.11428908,-2.10367441,-0.02645445,-0.66226704,0.10833994,0.97532871,0.23520339,0.19956569,1.18741322,,,,,,,3,,,,,,,,,
4.306801,58512,5894627,,166.18188477,1.08846772,-173.19360352,,,,,-0.09848755,0.48944199,-9.41966915,0.13362181,-1.77153921,-0.55156600,-0.65049244,-0.72043485,1.95410346,0.23453328,0.20293862,1.18350518,,,,,,,3,,,,,,,,,
4.316705,58513,5894727,,166.18826294,1.08754194,-173.21333313,,,,,-0.18160766,0.90758830,-9.76644421,0.16776675,-1.44080353,-0.11267304,-0.58871444,-1.00441987,0.56617855,0.23729333,0.20433256,1.18255162,,,,,,,3,,,,,,,,,
4.326807,58514,5894827,,166.19480896,1.10537803,-173.22267151,,,,,-0.09557380,0.70985991,-9.65147018,0.10280514,-1.61279821,-0.27441359,0.30476331,-0.83991983,1.46447249,0.23454162,0.20341825,1.18400753,,,,,,,3,,,,,,,,,
4.336753,58515,5894927,,166.21621704,1.11188364,-173.24673462,,,,,-0.11591576,0.99036807,-9.69848251,0.08389109,-1.34867203,-0.15923941,0.11365216,-3.61684685,0.57276451,0.23562923,0.20195846,1.18745327,,,,,,,3,,,,,,,,,
4.346779,58516,5895027,,166.23275757,1.14319754,-173.24789429,,,,,0.14040789,0.26483983,-10.12107754,-0.08114147,-2.17504692,0.07221687,1.43012091,-0.90596152,0.81347980,0.23933902,0.20189667,1.18598664,,,,,,,3,,,,,,,,,
4.356849,58517,5895127,,166.27131653,1.15218532,-173.25657654,,,,,-0.14915240,0.85392880,-9.89565849,0.12672323,-1.51491868,0.00153053,0.98293882,-3.82817333,-0.29599700,0.24077567,0.20139228,1.18648052,,,,,,,3,,,,,,,,,
4.366836,58518,5895227,,166.29367065,1.18814337,-173.26135254,,,,,0.17562048,0.02358331,-10.21951199,-0.09687985,-2.42597842,0.11266243,1.05761648,-2.18322130,1.41560943,0.23832138,0.20143490,1.18350041,,,,,,,3,,,,,,,,,
4.376771,58519,5895327,,166.32571411,1.21263981,-173.28819275,,,,,0.10086948,0.67063451,-9.77283764,-0.11090340,-1.68372190,-0.16501153,0.40428215,-4.29191628,1.44503324,0.23796293,0.20191939,1.18696952,,,,,,,3,,,,,,,,,
4.386719,58520,5895427,,166.34686279,1.23918438,-173.31219482,,,,,0.10793102,0.30227286,-9.93778896,-0.07693634,-2.07475448,-0.09146190,1.13828133,-2.08186172,2.80676827,0.24310000,0.20279311,1.18651438,,,,,,,3,,,,,,,,,
4.396739,58521,5895527,,166.37817383,1.24911678,-173.33345032,,,,,0.02610946,0.74482220,-9.74665451,-0.05292732,-1.58871508,-0.16965115,0.72525659,-2.51076751,1.44500272,0.24008733,0.20668525,1.18309760,,,,,,,3,,,,,,,,,
4.406768,58522,5895627,,166.39442444,1.26150942,-173.35771179,,,,,-0.04546328,0.56275779,-9.62110424,0.03621831,-1.72335625,-0.33300769,1.30601200,-2.17647585,2.43318168,0.23817265,0.20575815,1.18158901,,,,,,,3,,,,,,,,,
4.416769,58523,5895727,,166.42098999,1.27669942,-173.39064026,,,,,0.15336668,0.73715430,-9.99048710,-0.18359515,-1.66111469,0.06297278,0.98366133,-1.43780754,1.64116308,0.24299510,0.20567545,1.18507528,,,,,,,3,,,,,,,,,
4.426713,58524,5895827,,166.44557190,1.27883494,-173.41546631,,,,,-0.21964547,0.72834897,-9.56601906,0.18316504,-1.52240753,-0.34227359,1.71251231,-2.08415859,2.46575848,0.24293351,0.20807664,1.18461823,,,,,,,3,,,,,,,,,
4.436746,58525,5895927,,166.47659302,1.28614354,-173.44381714,,,,,0.26150212,0.38790905,-10.19856739,-0.25322244,-2.04966664,0.18254757,0.98130672,-1.00647843,1.74621449,0.23996520,0.20956810,1.18116355,,,,,,,3,,,,,,,,,
4.446825,58526,5896027,,166.49678040,1.30416393,-173.46688843,,,,,-0.21775100,0.38488042,-9.69583511,0.21474642,-1.87753379,-0.29500031,0.20820767,-3.57185234,2.82614978,0.24201927,0.20761184,1.18510103,,,,,,,3,,,,,,,,,
4.456930,58527,5896127,,166.51368713,1.32545602,-173.49487305,,,,,0.29254508,-0.09041654,-9.96594715,-0.23938374,-2.45477533,-0.15500712,-0.73446182,-1.45254688,1.32678847,0.24128664,0.20570205,1.19001484,,,,,,,3,,,,,,,,,
4.466946,58528,5896227,,166.52342224,1.34722149,-173.51718140,,,,,-0.16618766,0.37306446,-9.45762062,0.15582824,-1.83578777,-0.52953994,-0.55807427,-2.84942984,3.26378519,0.23932761,0.20717566,1.18854403,,,,,,,3,,,,,,,,,
4.477597,58529,5896327,,166.53520203,1.37050748,-173.55287170,,,,,0.10275861,0.28766611,-9.56015396,-0.10753466,-1.97004175,-0.45599878,-0.03874868,-2.75652860,1.49070170,0.23958217,0.20765394,1.18261564,,,,,,,3,,,,,,,,,
4.487158,58530,5896427,,166.55386353,1.39496100,-173.57449341,,,,,-0.19065578,0.76051635,-9.70916557,0.12674469,-1.51413286,-0.19331133,0.15588678,-2.30972494,3.42834259,0.24290793,0.20759752,1.18362093,,,,,,,3,,,,,,,,,
4.496948,58531,5896527,,166.57318115,1.41545224,-173.60803223,,,,,-0.07331182,0.86100316,-9.43987560,-0.00860432,-1.36325550,-0.43394804,0.96741017,-3.54769289,1.69012657,0.24293351,0.20807664,1.18461823,,,,,,,3,,,,,,,,,
4.506911,58532,5896627,,166.60812378,1.44200218,-173.64469910,,,,,-0.10837103,0.63011914,-10.11475086,0.04900214,-1.73469698,0.17033792,1.95867969,-2.50000975,3.97693954,0.24179581,0.20665868,1.17815816,,,,,,,3,,,,,,,,,
4.517611,58533,5896727,,166.64213562,1.45003355,-173.67079163,,,,,-0.25209445,0.78346080,-9.42972183,0.16960928,-1.40557110,-0.45548916,2.20450033,-3.83513116,2.25987310,0.24513981,0.20468222,1.17863846,,,,,,,3,,,,,,,,,
4.527626,58534,5896827,,166.68447876,1.47319746,-173.71063232,,,,,0.23206916,0.50734758,-10.27655792,-0.28433311,-1.91580176,0.29303813,1.68895029,-2.59706844,3.45294963,0.24695012,0.20753188,1.17819786,,,,,,,3,,,,,,,,,
4.536857,58535,5896927,,166.69696045,1.49199235,-173.74639893,,,,,-0.19241351,0.58240479,-9.54858685,0.12356436,-1.62670159,-0.38720739,0.39573153,-3.68766182,3.42102682,0.24602595,0.20946673,1.17970812,,,,,,,3,,,,,,,,,
4.547025,58536,5897027,,166.71855164,1.50540912,-173.79539490,,,,,0.34810466,0.31889090,-10.07001877,-0.38807940,-2.05714869,0.04637790,0.42184927,-2.82733013,3.84371713,0.24608700,0.20802529,1.18067515,,,,,,,3,,,,,,,,,
4.556893,58537,5897127,,166.72921753,1.52845991,-173.83387756,,,,,-0.15465033,0.56576699,-9.60289288,0.08060294,-1.65488803,-0.33869910,0.43736735,-1.67946134,3.97087177,0.24558185,0.20899399,1.18019319,,,,,,,3,,,,,,,,,
4.566880,58538,5897227,,166.74285889,1.53330421,-173.88558960,,,,,0.01625490,0.94385028,-9.69707775,-0.13611254,-1.32714212,-0.16352534,0.18005937,-2.81214704,2.75492329,0.24661824,0.20657596,1.18164432,,,,,,,3,,,,,,,,,
4.576838,58539,5897327,,166.75506592,1.55475843,-173.92155457,,,,,-0.00512399,0.70878577,-9.92700195,-0.09099129,-1.60242748,0.00557709,1.36047763,-0.99259158,4.68822306,0.24613920,0.20706402,1.18164968,,,,,,,3,,,,,,,,,
4.586795,58540,5897427,,166.78999329,1.55449700,-173.96340942,,,,,-0.03343927,0.79201621,-9.75516224,-0.07782686,-1.47431278,-0.13968694,1.43835043,-3.38440036,2.03550267,0.25166866,0.20841199,1.17922497,,,,,,,3,,,,,,,,,
4.596795,58541,5897527,,166.81307983,1.57540524,-173.98233032,,,,,0.15521051,0.16123421,-10.36501408,-0.19802569,-2.23942828,0.30482793,1.68278903,-0.32508083,3.83807753,0.25167754,0.20793185,1.17921746,,,,,,,3,,,,,,,,,
4.606829,58542,5897627,,166.84915161,1.56843162,-174.01985168,,,,,0.00521896,0.58765239,-9.88721752,-0.09778687,-1.69713044,-0.05748451,0.02548285,-3.10700567,2.64865857,0.25165144,0.20841250,1.17873013,,,,,,,3,,,,,,,,,
4.616831,58543,5897727,,166.87124634,1.57669961,-174.04804993,,,,,0.20181182,-0.09225523,-10.09926510,-0.22084013,-2.41924477,-0.00947177,1.06671760,0.16590808,4.69558088,0.25348204,0.20550306,1.17572463,,,,,,,3,,,,,,,,,
4.626915,58544,5897827,,166.90054321,1.58299696,-174.08454895,,,,,-0.05691098,0.70756066,-9.58166122,-0.05127859,-1.49573159,-0.32352948,0.09240634,-3.10306742,2.87860372,0.25122458,0.20793924,1.17971003,,,,,,,3,,,,,,,,,
4.636867,58545,5897927,,166.91331482,1.61086249,-174.13841248,,,,,-0.05671352,0.51600975,-9.66116619,-0.03855877,-1.69787049,-0.28960991,-0.11954480,-4.21244447,5.21298991,0.24941275,0.20796888,1.18168044,,,,,,,3,,,,,,,,,
4.646881,58546,5898027,,166.92211914,1.63764191,-174.18836975,,,,,-0.06642492,0.85652786,-9.76544857,-0.07115275,-1.38945949,-0.11156642,-0.31913448,-2.55313666,3.33340766,0.25034374,0.20939296,1.18220246,,,,,,,3,,,,,,,,,
4.657084,58547,5898127,,166.93676758,1.64902174,-174.24125671,,,,,-0.25204819,0.79697305,-9.48079014,0.11720449,-1.36125970,-0.39621437,0.93436999,-4.21808919,4.72086411,0.25302652,0.21030931,1.17876709,,,,,,,3,,,,,,,,,
4.666934,58548,5898227,,166.95559692,1.66774809,-174.29559326,,,,,0.19479908,0.40071625,-10.01306152,-0.29278862,-1.90740466,0.01946449,1.30643216,-1.42273107,4.14159192,0.25579697,0.20834380,1.17627609,,,,,,,3,,,,,,,,,
4.676764,58549,5898327,,166.99269104,1.66487181,-174.33157349,,,,,-0.13501394,0.28826717,-9.56169033,0.04729551,-1.87487841,-0.43414688,2.18705240,-2.70268067,3.98944733,0.25670290,0.20832899,1.17529082,,,,,,,3,,,,,,,,,
4.686845,58550,5898427,,167.02243042,1.68676412,-174.37249756,,,,,0.25597626,-0.15176387,-9.83614063,-0.30291104,-2.39718413,-0.27632475,1.30185828,-1.19438771,3.02864504,0.25940290,0.20924482,1.17235029,,,,,,,3,,,,,,,,,
4.696810,58551,5898527,,167.04364014,1.69790506,-174.39987183,,,,,-0.23619710,0.51184994,-9.46224976,0.11862850,-1.61934447,-0.47553527,0.02686542,-2.36122606,3.86575900,0.25914884,0.20780674,1.17776859,,,,,,,3,,,,,,,,,
4.706814,58552,5898627,,167.04595947,1.72681415,-174.44383240,,,,,0.02130899,0.52722728,-9.52892303,-0.14676869,-1.64406276,-0.41525340,-0.67835219,-3.21463963,3.42113269,0.25635281,0.20929313,1.17926240,,,,,,,3,,,,,,,,,
4.716902,58553,5898727,,167.05424500,1.75154591,-174.48785400,,,,,-0.17659594,1.01539874,-9.81095314,-0.00520378,-1.21503353,-0.02464938,-0.79734460,-2.11886811,4.92316919,0.25677967,0.20976636,1.17828250,,,,,,,3,,,,,,,,,
4.726769,58554,5898827,,167.06193542,1.75772285,-174.53494263,,,,,-0.29042545,0.87964630,-9.32297230,0.12130505,-1.22424901,-0.52675438,-0.28162372,-3.36431896,3.41090939,0.25697753,0.21024041,1.18422818,,,,,,,3,,,,,,,,,
4.736744,58555,5898927,,167.07589722,1.77567601,-174.57730103,,,,,0.18424821,0.71686584,-10.31608677,-0.34656578,-1.64878440,0.38923860,-0.22840910,-2.07126106,4.85911354,0.25692636,0.20928216,1.18223369,,,,,,,3,,,,,,,,,
4.746775,58556,5899027,,167.08392334,1.78362608,-174.62174988,,,,,-0.29505223,0.67883116,-9.51735878,0.13663739,-1.45965433,-0.38342333,-0.25960284,-3.46781724,3.70928833,0.25953186,0.20972089,1.17631662,,,,,,,3,,,,,,,,,
4.756799,58557,5899127,,167.10165405,1.78851497,-174.67364502,,,,,0.47336566,0.42655325,-10.25310612,-0.61148220,-1.93770075,0.25332642,0.66689759,-1.70153971,4.20188329,0.26178831,0.20920423,1.17335117,,,,,,,3,,,,,,,,,
4.766870,58558,5899227,,167.11375427,1.80183399,-174.71400452,,,,,-0.16328844,0.59073114,-9.72931576,0.00766605,-1.59973991,-0.19978511,0.88844433,-1.70791153,4.46151756,0.26325056,0.20917895,1.17484236,,,,,,,3,,,,,,,,,
4.776787,58559,5899327,,167.12142944,1.80626857,-174.77125549,,,,,0.11213738,0.57707399,-9.78108120,-0.26783532,-1.64930964,-0.16075206,-0.43463130,-2.59235241,3.49465263,0.26325992,0.20773904,1.17432487,,,,,,,3,,,,,,,,,
4.786894,58560,5899427,,167.11759949,1.83437967,-174.81553650,,,,,-0.23916526,0.54141611,-9.58842373,0.08247399,-1.60921168,-0.34482431,-0.07214914,-1.57856291,4.79119926,0.26330224,0.20917743,1.17632687,,,,,,,3,,,,,,,,,
4.796866,58561,5899527,,167.12260437,1.84273088,-174.86842346,,,,,-0.16513978,0.92325824,-9.67547894,-0.03459793,-1.26596904,-0.17824435,-1.29870423,-4.68095574,3.07075892,0.26244015,0.20775133,1.17778420,,,,,,,3,,,,,,,,,
4.806770,58562,5899627,,167.12705994,1.87966514,-174.89979553,,,,,0.10462192,0.28535852,-10.18652058,-0.25314128,-2.02183461,0.16983283,-0.42799331,-1.64729339,4.26158682,0.26202217,0.20679797,1.17875659,,,,,,,3,,,,,,,,,
4.816799,58563,5899727,,167.13119507,1.89593828,-174.94541931,,,,,0.07063013,0.66659325,-9.79033947,-0.25813442,-1.56092858,-0.13214970,-1.83665729,-5.80312936,2.78579233,0.26087737,0.20921326,1.18769479,,,,,,,3,,,,,,,,,
4.826723,58564,5899827,,167.13371277,1.94113147,-174.97755432,,,,,0.34674782,-0.08148187,-10.14365387,-0.47492540,-2.38916206,0.03738880,-1.24879038,-2.99444330,4.23330642,0.26180938,0.20871779,1.18719685,,,,,,,3,,,,,,,,,
4.836766,58565,5899927,,167.12945557,1.96494126,-175.02293396,,,,,-0.00254322,0.33504853,-9.54947376,-0.16288638,-1.82251894,-0.43782210,-2.61853103,-4.47713991,3.50607868,0.26603371,0.20624740,1.18569458,,,,,,,3,,,,,,,,,
4.846931,58566,5900027,,167.12635803,1.98446238,-175.07081604,,,,,0.17316717,0.41139388,-9.69053841,-0.35122356,-1.79515457,-0.28913665,-1.34204423,-2.51380609,4.93118869,0.26917934,0.20475665,1.18073916,,,,,,,3,,,,,,,,,
4.856772,58567,5900127,,167.12541199,1.99974179,-175.11955261,,,,,-0.04066846,0.72052342,-9.62211323,-0.16842382,-1.46177912,-0.27953959,-1.73818870,-1.31846215,3.65331323,0.27158195,0.20471556,1.18223488,,,,,,,3,,,,,,,,,
4.866836,58568,5900227,,167.12649536,1.99386823,-175.16589355,,,,,-0.16784185,0.87663203,-9.49560356,-0.05498354,-1.27022481,-0.36343372,-0.09062480,-2.45713366,4.50673085,0.26964954,0.20474873,1.18074143,,,,,,,3,,,,,,,,,
4.876876,58569,5900327,,167.13351440,2.02581763,-175.22846985,,,,,0.23909961,0.36964786,-9.88743782,-0.42749763,-1.88336229,-0.10818994,0.61410572,-2.89579680,4.08380511,0.27018914,0.20377903,1.18221307,,,,,,,3,,,,,,,,,
4.886797,58570,5900427,,167.14509583,2.04774165,-175.28651428,,,,,-0.13997833,0.55853307,-9.62465191,-0.07012535,-1.60791683,-0.30872440,0.73719384,-5.68362111,5.07477805,0.27159917,0.20471506,1.18272972,,,,,,,3,,,,,,,,,
4.896762,58571,5900527,,167.15640259,2.08756661,-175.34097290,,,,,0.33144751,-0.13960624,-9.86243725,-0.48837093,-2.37658000,-0.24917305,-0.22609548,-2.98775121,3.42171176,0.27193940,0.20615059,1.17978561,,,,,,,3,,,,,,,,,
4.906745,58572,5900627,,167.16213989,2.11313176,-175.37986755,,,,,-0.20933945,0.35366997,-9.60600376,0.00438880,-1.79517293,-0.37005377,-0.73575902,-4.48376690,3.76653087,0.27089512,0.20712924,1.17732203,,,,,,,3,,,,,,,,,
4.916733,58573,5900727,,167.15222168,2.13864660,-175.41954041,,,,,0.11132167,0.17026411,-9.62959862,-0.30356544,-2.00674200,-0.40035212,-2.37356587,-2.53181217,3.06503416,0.27139246,0.20472115,1.17679167,,,,,,,3,,,,,,,,,
4.926836,58574,5900827,,167.13580322,2.15930223,-175.46414185,,,,,-0.05651981,0.73926461,-9.77412415,-0.19233954,-1.47609138,-0.12694883,-2.88087177,-2.25314302,4.54839586,0.27385458,0.20611791,1.18078423,,,,,,,3,,,,,,,,,
4.936828,58575,5900927,,167.12010193,2.16350603,-175.50497437,,,,,0.02840295,0.70605266,-9.46259308,-0.27026483,-1.44741189,-0.44185364,-2.32758098,-2.02018768,3.62405782,0.27245238,0.20662129,1.18127990,,,,,,,3,,,,,,,,,
4.946821,58576,5901027,,167.11808777,2.17033267,-175.54087830,,,,,0.29572815,0.53464305,-10.25116062,-0.53773248,-1.81252599,0.27855062,-1.68354270,-0.07817623,3.55935971,0.27480534,0.20274267,1.17925119,,,,,,,3,,,,,,,,,
4.956818,58577,5901127,,167.12185669,2.15878320,-175.56616211,,,,,-0.16943707,0.52872521,-9.66376400,-0.06258795,-1.64974475,-0.27787650,-1.17483789,-0.83775333,3.06752355,0.27488315,0.20226048,1.18122303,,,,,,,3,,,,,,,,,
4.966947,58578,5901227,,167.14843750,2.14806271,-175.59635925,,,,,0.31046298,0.31278032,-10.40620327,-0.53611767,-2.05775094,0.38129652,0.72668880,0.32694213,2.78142101,0.27577186,0.20224616,1.17974305,,,,,,,3,,,,,,,,,
4.976793,58579,5901327,,167.16609192,2.13512516,-175.61949158,,,,,-0.13042077,0.48413283,-9.78166962,-0.09851944,-1.71349096,-0.17256129,0.76871762,-0.36810283,3.90372973,0.27714795,0.20222345,1.17876005,,,,,,,3,,,,,,,,,
4.986834,58580,5901427,,167.19500732,2.12617469,-175.66000366,,,,,0.30056548,0.51129538,-10.03121090,-0.53565222,-1.77148914,0.06171322,0.37261395,-1.25032514,2.85127656,0.27787217,0.20365360,1.17334390,,,,,,,3,,,,,,,,,
4.996888,58581,5901527,,167.20625305,2.13810277,-175.68692017,,,,,0.03758094,0.76675576,-9.78167152,-0.29096454,-1.44337142,-0.11479521,1.21879123,-0.51008749,3.70411788,0.27700123,0.20270765,1.17480886,,,,,,,3,,,,,,,,,
5.006765,58582,5901627,,167.21359253,2.13198924,-175.73200989,,,,,-0.03796234,1.02782869,-9.67635632,-0.23705381,-1.16086936,-0.15698099,-0.97588676,-2.57689441,2.04911972,0.27531886,0.20225357,1.18023562,,,,,,,3,,,,,,,,,
5.016851,58583,5901727,,167.21002197,2.15100169,-175.76388550,,,,,0.10671162,0.66057444,-9.99733448,-0.35816556,-1.59901512,0.06999278,-0.42408503,-0.11240122,3.84370560,0.27531835,0.20321333,1.18074560,,,,,,,3,,,,,,,,,
5.026958,58584,5901827,,167.20983887,2.14312267,-175.80792236,,,,,-0.11498448,0.81718332,-9.81208420,-0.15069664,-1.39243889,-0.06967533,-2.55547344,-3.01006309,2.50208249,0.27532622,0.20465274,1.18175793,,,,,,,3,,,,,,,,,
5.036895,58585,5901927,,167.21156311,2.16772032,-175.83250427,,,,,0.27589902,0.01691248,-10.18996048,-0.48625439,-2.28037429,0.10842764,-0.75916187,-1.43595837,3.53565425,0.27394328,0.20131654,1.18070865,,,,,,,3,,,,,,,,,
5.046906,58586,5902027,,167.22070312,2.17652106,-175.86280823,,,,,-0.02740634,0.41805214,-9.71125698,-0.21080139,-1.76278591,-0.25994563,-2.31498398,-2.82217312,1.64855474,0.27596238,0.20032105,1.18416631,,,,,,,3,,,,,,,,,
5.056936,58587,5902127,,167.21638489,2.19332051,-175.88336182,,,,,0.23072127,0.04652303,-9.80123520,-0.44262731,-2.16049433,-0.26284242,-0.40465805,-0.70185999,3.19147995,0.27667826,0.20127159,1.17824781,,,,,,,3,,,,,,,,,
5.066841,58588,5902227,,167.22366333,2.20420027,-175.91720581,,,,,-0.01722093,0.40709126,-9.61531734,-0.22299445,-1.75057423,-0.35503411,-0.72445330,-1.32112955,2.23396342,0.27902132,0.19979262,1.17724669,,,,,,,3,,,,,,,,,
5.076904,58589,5902327,,167.23590088,2.20217562,-175.93981934,,,,,-0.05237633,0.57886106,-9.70974445,-0.20458278,-1.59885919,-0.22323775,0.82048192,-1.00671151,2.45539495,0.28047523,0.19928773,1.17823541,,,,,,,3,,,,,,,,,
5.086833,58590,5902427,,167.25874329,2.21328592,-175.96057129,,,,,0.18564455,0.41478741,-10.01751804,-0.43672794,-1.84011626,0.03243613,1.03355234,-0.05585830,1.48565483,0.28274786,0.20069009,1.17678475,,,,,,,3,,,,,,,,,
5.096782,58591,5902527,,167.28237915,2.20776081,-175.97744751,,,,,-0.12084132,0.69253141,-9.83829689,-0.15139845,-1.50449252,-0.06834638,1.33351333,-2.32381072,2.31421622,0.28000554,0.19833587,1.17772329,,,,,,,3,,,,,,,,,
5.106808,58592,5902627,,167.29747009,2.22688031,-176.00141907,,,,,0.38046104,0.16774000,-10.09358025,-0.61737347,-2.10471511,0.04561853,-0.28613976,-0.63828059,1.90464905,0.27767083,0.20029448,1.17922688,,,,,,,3,,,,,,,,,
5.116908,58593,5902727,,167.31311035,2.23506284,-176.01861572,,,,,-0.19048443,0.58893311,-9.81536388,-0.07941774,-1.59127522,-0.11025560,-0.02579166,-3.00228179,2.79410723,0.27911431,0.20314901,1.18175304,,,,,,,3,,,,,,,,,
5.126802,58594,5902827,,167.32131958,2.25430298,-176.05343628,,,,,0.24242553,0.07863679,-9.75959206,-0.47400862,-2.10401535,-0.29436970,-1.28193035,-1.95082710,1.79749704,0.27961111,0.20170069,1.18173265,,,,,,,3,,,,,,,,,
5.136782,58595,5902927,,167.32702637,2.26667380,-176.07714844,,,,,-0.17818674,0.67131627,-9.68533421,-0.10098262,-1.48104084,-0.21968412,-0.30157374,-1.94664746,3.70128506,0.27833939,0.19980083,1.18466473,,,,,,,3,,,,,,,,,
5.146840,58596,5903027,,167.32775879,2.27001119,-176.11828613,,,,,0.00833229,0.54890949,-9.46139431,-0.27563363,-1.56225109,-0.47185135,-0.62653779,-2.42749000,2.10977713,0.27871457,0.20027559,1.18220031,,,,,,,3,,,,,,,,,
5.156858,58597,5903127,,167.33355713,2.28186274,-176.14593506,,,,,-0.01046073,0.70656782,-9.85796452,-0.27788559,-1.49461246,-0.05067468,0.06409709,-0.54971988,3.15622209,0.28042305,0.20024902,1.17726088,,,,,,,3,,,,,,,,,
5.166783,58598,5903227,,167.34501648,2.27266860,-176.17457581,,,,,-0.20962001,0.71683890,-9.44987679,-0.07283571,-1.37784231,-0.43705010,1.17426405,-1.63291414,1.65317845,0.27990115,0.20025845,1.17577422,,,,,,,3,,,,,,,,,
5.176851,58599,5903327,,167.37231445,2.26962280,-176.20123291,,,,,0.27303684,0.48981085,-10.40842152,-0.55715549,-1.83828747,0.42912626,1.43423706,0.52310962,3.10765966,0.28139001,0.19879277,1.17724276,,,,,,,3,,,,,,,,,
5.186911,58600,5903427,,167.39257812,2.26399183,-176.22750854,,,,,-0.19789541,0.47965786,-9.76937485,-0.07395452,-1.67241454,-0.17619133,1.23860326,-1.44702904,2.68352796,0.28235495,0.20117560,1.17926431,,,,,,,3,,,,,,,,,
5.196832,58601,5903527,,167.42404175,2.25297475,-176.25001526,,,,,0.28182209,0.20021796,-10.24441338,-0.54143792,-2.07442808,0.20821953,1.96656642,-0.12349520,2.33588372,0.28084102,0.20120238,1.17628860,,,,,,,3,,,,,,,,,
5.206880,58602,5903627,,167.44264221,2.26019788,-176.27198792,,,,,-0.22058217,0.32841104,-9.70314789,-0.03846452,-1.79528785,-0.27164304,0.77246787,-0.57231489,2.67166777,0.28163469,0.20167075,1.17234194,,,,,,,3,,,,,,,,,
5.216869,58603,5903727,,167.46269226,2.25707006,-176.29977417,,,,,0.05426321,0.63745773,-9.72079849,-0.33811525,-1.51343262,-0.19747519,-0.09761714,-2.00979832,1.86396033,0.28416780,0.19922642,1.17627394,,,,,,,3,,,,,,,,,
5.226814,58604,5903827,,167.46290588,2.27321053,-176.32727051,,,,,-0.06047661,0.60366905,-9.76512146,-0.22291151,-1.54800594,-0.15859640,-0.04297569,-0.37638974,4.00566646,0.28672546,0.19918077,1.18222320,,,,,,,3,,,,,,,,,
5.236815,58605,5903927,,167.47711182,2.26249242,-176.36274719,,,,,-0.10384940,0.85548657,-9.60222435,-0.19714779,-1.26281667,-0.25938368,-0.81768533,-2.30225186,2.14728533,0.28286844,0.20068653,1.18024862,,,,,,,3,,,,,,,,,
5.246823,58606,5904027,,167.48672485,2.27205038,-176.38110352,,,,,0.13234776,0.26623335,-10.17588711,-0.40246516,-1.97432780,0.16261315,-0.06526509,0.78859086,3.57191509,0.28184193,0.20070490,1.17777002,,,,,,,3,,,,,,,,,
5.256816,58607,5904127,,167.51107788,2.26333928,-176.39991760,,,,,-0.13832119,0.74422252,-9.93481445,-0.16424346,-1.43567348,0.04308701,-0.14811403,-2.64323881,1.17425306,0.28150907,0.20166852,1.18223643,,,,,,,3,,,,,,,,,
5.266838,58608,5904227,,167.53602600,2.27168489,-176.41337585,,,,,0.21891448,-0.06789689,-10.11051846,-0.46634683,-2.28133678,0.02618456,1.36751999,0.03731803,3.18187329,0.28342581,0.19875655,1.18170512,,,,,,,3,,,,,,,,,
5.276833,58609,5904327,,167.56893921,2.26940441,-176.43859863,,,,,-0.04991041,0.54900056,-9.66385269,-0.23212260,-1.56187057,-0.26476061,0.60860534,-1.90525181,2.15356782,0.28766686,0.19724539,1.18120778,,,,,,,3,,,,,,,,,
5.286869,58610,5904427,,167.59759521,2.26928115,-176.46315002,,,,,-0.05371207,0.35215008,-9.78106594,-0.21741369,-1.77282310,-0.19151723,2.12255386,-0.26346390,3.55167510,0.29071543,0.20007640,1.17582548,,,,,,,3,,,,,,,,,
5.296843,58611,5904527,,167.63121033,2.27981544,-176.50553894,,,,,-0.14743248,0.83800441,-9.70489979,-0.15980920,-1.27182627,-0.15771675,1.00886259,-2.02803812,3.72951423,0.28794548,0.20108214,1.17780662,,,,,,,3,,,,,,,,,
5.306931,58612,5904627,,167.64941406,2.29038858,-176.54557800,,,,,-0.27839208,0.85857493,-9.52707195,-0.02931684,-1.20226645,-0.32165623,1.82667518,-3.26731106,4.12861243,0.28237218,0.20117509,1.17975914,,,,,,,3,,,,,,,,,
5.316935,58613,5904727,,167.66702271,2.31502914,-176.59405518,,,,,0.14556378,0.73312765,-10.03434372,-0.46267161,-1.45701957,0.12886202,0.27345084,-2.26562519,2.59868848,0.28281575,0.20260760,1.17978406,,,,,,,3,,,,,,,,,
5.326972,58614,5904827,,167.67903137,2.32697034,-176.64042664,,,,,-0.17935061,0.76670384,-9.58881855,-0.13350695,-1.30665457,-0.28509700,1.35939964,-4.35722527,4.57742288,0.28658611,0.20206413,1.17979431,,,,,,,3,,,,,,,,,
5.336825,58615,5904927,,167.69927979,2.35919333,-176.69947815,,,,,0.38556609,0.10676606,-9.95180035,-0.66889226,-2.05783343,-0.09462547,0.53140985,-3.03156303,3.50810170,0.28895530,0.20010452,1.17928040,,,,,,,3,,,,,,,,,
5.346997,58616,5905027,,167.71221924,2.38007879,-176.74179077,,,,,-0.18399295,0.35196698,-9.54349709,-0.11088154,-1.69569349,-0.41602385,0.93303895,-2.95184362,4.83281390,0.29083550,0.20103261,1.17979932,,,,,,,3,,,,,,,,,
5.356834,58617,5905127,,167.72212219,2.39181042,-176.79920959,,,,,0.20900494,-0.05712893,-9.60179710,-0.48086277,-2.12792754,-0.46265829,-0.32278244,-2.11279736,3.32836890,0.29185417,0.19957486,1.18126559,,,,,,,3,,,,,,,,,
5.366841,58618,5905227,,167.72981262,2.40807176,-176.84075928,,,,,-0.14321983,0.33152905,-9.60994244,-0.15829492,-1.72879803,-0.35625970,0.81176425,-1.21308610,5.19429867,0.29181972,0.19957587,1.18027592,,,,,,,3,,,,,,,,,
5.376891,58619,5905327,,167.74328613,2.41270185,-176.89343262,,,,,-0.06209225,0.36194947,-9.44747353,-0.23998606,-1.66644943,-0.51174939,1.24638188,-2.06470279,3.38242878,0.29535621,0.20143870,1.17488086,,,,,,,3,,,,,,,,,
5.386864,58620,5905427,,167.76387024,2.43037391,-176.93640137,,,,,0.14182179,0.35272413,-10.24952221,-0.47053882,-1.85422647,0.26105690,1.67102574,-1.33857524,4.67001976,0.29549909,0.20144039,1.16548121,,,,,,,3,,,,,,,,,
5.396909,58621,5905527,,167.77648926,2.44157887,-176.98121643,,,,,-0.09292379,0.72466308,-9.75673485,-0.24959171,-1.37328172,-0.13221347,-0.21610736,-3.56199744,3.82551510,0.29323429,0.20147744,1.16794419,,,,,,,3,,,,,,,,,
5.406834,58622,5905627,,167.78388977,2.46310949,-177.02537537,,,,,0.21260670,0.41829795,-10.43063068,-0.56038910,-1.83140993,0.44869053,-1.49178674,-2.41616725,5.02432942,0.29365280,0.20147105,1.16646194,,,,,,,3,,,,,,,,,
5.416846,58623,5905727,,167.75634766,2.48072648,-177.06651306,,,,,-0.08680610,0.56193036,-9.73128891,-0.25383484,-1.53302515,-0.19303107,-5.29991858,-4.03806291,3.80493873,0.29689193,0.20237693,1.16550303,,,,,,,3,,,,,,,,,
5.426841,58624,5905827,,167.69805908,2.49807286,-177.12651062,,,,,0.05836313,0.68825984,-9.95424652,-0.41645885,-1.47532868,0.04422724,-8.09970277,-3.74827463,5.22548617,0.29682836,0.19901374,1.17534459,,,,,,,3,,,,,,,,,
5.436868,58625,5905927,,167.59828186,2.52891111,-177.18858337,,,,,-0.02019717,0.56636316,-9.65178776,-0.32685959,-1.54215062,-0.27653778,-10.59839344,-3.60824721,5.63116611,0.29398754,0.19425713,1.18564498,,,,,,,3,,,,,,,,,
5.446876,58626,5906027,,167.49797058,2.54428840,-177.25442505,,,,,-0.17557588,0.94561243,-9.74942303,-0.20180681,-1.20328355,-0.09465563,-11.30568087,-5.46745928,4.39942602,0.29586777,0.19518524,1.18616390,,,,,,,3,,,,,,,,,
5.456853,58627,5906127,,167.39227295,2.58803487,-177.30665588,,,,,0.22009838,0.22623837,-10.27083111,-0.57751727,-2.05467200,0.23663461,-10.47995454,-2.96168784,4.45425963,0.29684412,0.19228908,1.18562818,,,,,,,3,,,,,,,,,
5.466847,58628,5906227,,167.31764221,2.60672736,-177.35852051,,,,,-0.14460336,0.56003380,-10.09165382,-0.23667660,-1.68697762,0.14775181,-9.39849398,-6.54867865,4.16116938,0.29632428,0.18845944,1.18210161,,,,,,,3,,,,,,,,,
5.476845,58629,5906327,,167.25328064,2.66302609,-177.40643311,,,,,0.26050651,-0.15227616,-10.18572998,-0.61162299,-2.42923951,0.06239891,-7.17823768,-4.77657668,4.64139913,0.29852122,0.18650492,1.17663932,,,,,,,3,,,,,,,,,
5.486911,58630,5906427,,167.20208740,2.70218968,-177.46501160,,,,,0.00601339,0.31057641,-9.88683510,-0.38237694,-1.91023016,-0.11765766,-7.17308857,-5.70069146,4.72477866,0.30231181,0.18980578,1.16582584,,,,,,,3,,,,,,,,,
5.496948,58631,5906527,,167.14665222,2.74427223,-177.52256775,,,,,0.00237131,0.40421304,-9.80558014,-0.38814932,-1.80847573,-0.17762971,-6.18960366,-4.94298357,6.01891552,0.30454263,0.18880998,1.16186321,,,,,,,3,,,,,,,,,
5.506905,58632,5906627,,167.08824158,2.78400159,-177.59213257,,,,,0.03011423,0.83795178,-10.04892159,-0.45526016,-1.45264900,0.15272927,-6.99221791,-4.20186963,5.36195548,0.30852076,0.18634091,1.16679168,,,,,,,3,,,,,,,,,
5.516884,58633,5906727,,167.02262878,2.81462383,-177.65040588,,,,,-0.16661577,0.88686198,-9.78355694,-0.25991866,-1.34767854,-0.08704555,-6.92200954,-6.28270426,6.01672346,0.30583745,0.18638435,1.17073703,,,,,,,3,,,,,,,,,
5.526927,58634,5906827,,166.94514465,2.85571265,-177.72846985,,,,,0.24024400,0.30645236,-10.29611301,-0.66268444,-2.06028485,0.25773227,-9.73042495,-4.87159998,5.34686845,0.30409604,0.18353266,1.17315686,,,,,,,3,,,,,,,,,
5.536954,58635,5906927,,166.84916687,2.88841414,-177.79455566,,,,,-0.12154824,0.15540226,-9.91406631,-0.28846148,-2.12188601,-0.13300872,-10.59998316,-6.41607736,6.68621433,0.30427873,0.18016815,1.17656791,,,,,,,3,,,,,,,,,
5.546888,58636,5907027,,166.75215149,2.93555713,-177.87841797,,,,,0.12798138,-0.03187218,-9.86954403,-0.53613138,-2.31861043,-0.23587084,-10.92469292,-6.80218369,5.14580604,0.30784672,0.17818509,1.18348098,,,,,,,3,,,,,,,,,
5.556904,58637,5907127,,166.66033936,2.98504257,-177.95059204,,,,,-0.22128783,0.34443304,-9.63843727,-0.20494714,-1.90172815,-0.35987091,-9.84881091,-5.57953458,7.24870303,0.30641061,0.17772970,1.18247712,,,,,,,3,,,,,,,,,
5.566958,58638,5907227,,166.57775879,3.01897192,-178.01997375,,,,,-0.21076500,0.45759836,-9.31908894,-0.21697491,-1.72934234,-0.64701951,-8.31180832,-6.85229678,4.20358101,0.30531567,0.17679033,1.17750907,,,,,,,3,,,,,,,,,
5.576869,58639,5907327,,166.52606201,3.05859971,-178.07397461,,,,,0.09824917,0.38885793,-10.35645866,-0.57289982,-2.05835319,0.32573628,-5.95327997,-3.93128229,5.60320716,0.30908754,0.17336757,1.17598951,,,,,,,3,,,,,,,,,
5.586934,58640,5907427,,166.49530029,3.07798862,-178.11972046,,,,,-0.28213364,0.57242221,-9.62357044,-0.17442584,-1.69985843,-0.32275152,-4.56775731,-5.08161891,4.75596445,0.31219718,0.17475714,1.17157435,,,,,,,3,,,,,,,,,
5.596833,58641,5907527,,166.46846008,3.09603190,-178.17262268,,,,,0.14910266,0.46075791,-10.08798790,-0.62424731,-1.93569863,0.07809138,-4.67413196,-3.56075008,5.59490549,0.31304356,0.17330445,1.16809225,,,,,,,3,,,,,,,,,
5.606857,58642,5907627,,166.42497253,3.11787081,-178.22604370,,,,,-0.23989947,0.75578487,-9.57251930,-0.23009855,-1.52240705,-0.33482444,-5.30988041,-3.33294384,6.38899694,0.31660423,0.16892225,1.17348313,,,,,,,3,,,,,,,,,
5.616888,58643,5907727,,166.36343384,3.13173580,-178.30554199,,,,,-0.09736000,1.00738227,-9.55335331,-0.38634858,-1.28797090,-0.30326402,-6.79296933,-4.64963932,5.88900660,0.31573325,0.16797628,1.17494798,,,,,,,3,,,,,,,,,
5.626879,58644,5907827,,166.29281616,3.16858888,-178.38201904,,,,,-0.01759529,0.53769952,-9.73315239,-0.46210861,-1.79929543,-0.24579287,-5.26214166,-3.44002947,7.07781640,0.31539151,0.16942003,1.17942202,,,,,,,3,,,,,,,,,
5.636836,58645,5907927,,166.24287415,3.19126368,-178.46447754,,,,,-0.03040105,0.58320665,-9.77728939,-0.46210557,-1.77447009,-0.19459772,-5.49961325,-6.79334542,5.15771276,0.31535757,0.16846128,1.17792237,,,,,,,3,,,,,,,,,
5.646844,58646,5908027,,166.19851685,3.24807024,-178.52676392,,,,,0.32835802,-0.51174653,-10.20127487,-0.80760908,-2.95393872,-0.06537867,-4.80836652,-4.32412788,5.79473932,0.31581002,0.16941364,1.17793965,,,,,,,3,,,,,,,,,
5.656893,58647,5908127,,166.17782593,3.27871871,-178.59071350,,,,,0.21366267,-0.10105546,-9.80991173,-0.69889402,-2.46283579,-0.34400046,-5.09353716,-5.75007245,5.24123915,0.31807429,0.17033637,1.17598665,,,,,,,3,,,,,,,,,
5.666854,58648,5908227,,166.16020203,3.31261849,-178.64564514,,,,,0.26571316,0.17965294,-9.92095852,-0.77302110,-2.22001171,-0.17169654,-3.88920107,-3.67777256,5.95274593,0.31723934,0.16651008,1.17691135,,,,,,,3,,,,,,,,,
5.676862,58649,5908327,,166.14292908,3.33101749,-178.71044922,,,,,0.11219992,0.61706805,-9.78468037,-0.63387674,-1.76100445,-0.19100046,-3.51437587,-2.45378260,5.39089115,0.31858200,0.16456883,1.17391884,,,,,,,3,,,,,,,,,
5.686872,58650,5908427,,166.12248230,3.32840347,-178.78048706,,,,,-0.16965099,1.04269600,-9.73114777,-0.36684090,-1.33099222,-0.12489140,-2.83635131,-3.67759370,6.41492349,0.32167441,0.16595891,1.16900873,,,,,,,3,,,,,,,,,
5.696888,58651,5908527,,166.09069824,3.34859228,-178.85720825,,,,,0.06182732,0.11691868,-9.92601490,-0.57969654,-2.28608298,-0.17288172,-3.02008596,-2.14512358,5.93063703,0.32378066,0.16304135,1.17392075,,,,,,,3,,,,,,,,,
5.707059,58652,5908627,,166.05944824,3.35580039,-178.91810608,,,,,-0.26068121,0.25671557,-9.83365822,-0.26456219,-2.12779403,-0.21193528,-3.94448547,-4.19864535,5.92504951,0.32319036,0.16209304,1.16994464,,,,,,,3,,,,,,,,,
5.716881,58653,5908727,,166.02720642,3.38269424,-178.98226929,,,,,0.02333565,0.04290200,-9.86874485,-0.54730856,-2.35255718,-0.24702501,-3.01170084,-2.43183379,5.11827184,0.32084680,0.16453178,1.17145586,,,,,,,3,,,,,,,,,
5.726945,58654,5908827,,166.01042175,3.39454293,-179.03656006,,,,,0.14931409,0.93309832,-10.14439106,-0.71931779,-1.56143093,0.22681904,-2.90189722,-2.27286604,5.75300217,0.32228446,0.16210787,1.17092991,,,,,,,3,,,,,,,,,
5.736884,58655,5908927,,165.98995972,3.39689875,-179.08552551,,,,,-0.16110779,0.91332102,-9.93908215,-0.40016794,-1.52744114,0.04070878,-2.31231081,-2.47396197,5.54987405,0.32373935,0.15968344,1.17089880,,,,,,,3,,,,,,,,,
5.746911,58656,5909027,,165.98675537,3.40014195,-179.14137268,,,,,0.16838245,0.23443091,-10.47735977,-0.73953372,-2.32207108,0.37840033,-1.69840018,-1.55056970,4.47761631,0.32419181,0.16063580,1.17091620,,,,,,,3,,,,,,,,,
5.756866,58657,5909127,,165.98617554,3.39207149,-179.18846130,,,,,-0.15757640,0.15222692,-9.99107170,-0.38761607,-2.27872515,-0.09304154,-1.92262269,-2.27914811,6.27437996,0.32516617,0.16157871,1.17242026,,,,,,,3,,,,,,,,,
5.766885,58658,5909227,,165.98554993,3.38574409,-179.26017761,,,,,0.07028154,-0.02144823,-9.74206066,-0.59694576,-2.38814187,-0.38921273,-1.74410065,-1.69889344,5.59030322,0.32710797,0.16010563,1.17339623,,,,,,,3,,,,,,,,,
5.777001,58659,5909327,,165.97624207,3.39186764,-179.31747437,,,,,-0.30794680,0.22281098,-9.31477070,-0.20615676,-2.04456115,-0.72236633,-1.45305295,-1.44985589,6.68607389,0.32513273,0.15966021,1.17041063,,,,,,,3,,,,,,,,,
5.786885,58660,5909427,,165.97392273,3.40004182,-179.36900330,,,,,-0.37958926,0.62675500,-9.16274071,-0.14110422,-1.61472845,-0.76729357,-1.04835752,-3.07844972,3.07918076,0.32592535,0.16204809,1.16748393,,,,,,,3,,,,,,,,,
5.796928,58661,5909527,,165.99273682,3.41416597,-179.39659119,,,,,0.01240177,0.46962020,-10.21959019,-0.58714527,-2.02515411,0.19614244,-0.28347806,-0.42501236,5.00704477,0.32565457,0.15965077,1.17189741,,,,,,,3,,,,,,,,,
5.807000,58662,5909627,,166.00579834,3.41154194,-179.43923950,,,,,-0.21540292,0.77232665,-9.40442276,-0.32573247,-1.52917874,-0.50764990,-0.94958007,-3.06633296,5.74227536,0.32514995,0.15965970,1.17090547,,,,,,,3,,,,,,,,,
5.816897,58663,5909727,,165.99726868,3.41393495,-179.51820374,,,,,0.25281140,1.07458043,-9.67967510,-0.81631649,-1.30730331,-0.19581771,-1.72179987,-2.51198904,5.70249548,0.32610804,0.15868358,1.17089486,,,,,,,3,,,,,,,,,
5.826900,58664,5909827,,165.97122192,3.41847801,-179.59298706,,,,,-0.04782821,0.43692756,-9.77209759,-0.50840431,-1.94775438,-0.24170458,-0.40745499,-0.35098245,6.57509313,0.32817781,0.15960613,1.17685699,,,,,,,3,,,,,,,,,
5.836936,58665,5909927,,165.98789978,3.40258098,-179.65899658,,,,,0.00946164,0.08437333,-9.89884186,-0.57015508,-2.31902695,-0.20985234,0.31311804,-3.21571667,4.17671062,0.32980949,0.15814215,1.16892576,,,,,,,3,,,,,,,,,
5.846920,58666,5910027,,166.01654053,3.42869639,-179.69615173,,,,,0.33672583,-0.61826289,-10.67206383,-0.92790365,-3.18351912,0.35336411,1.27324000,-0.03314409,5.09166355,0.32993111,0.15621907,1.17136979,,,,,,,3,,,,,,,,,
5.857002,58667,5910127,,166.05683899,3.41607642,-179.72503662,,,,,0.19670434,0.35561109,-9.84266186,-0.76160383,-2.03230977,-0.20642591,-0.55902889,-1.25347109,4.02526868,0.32903305,0.15767328,1.17336726,,,,,,,3,,,,,,,,,
5.866889,58668,5910227,,166.06927490,3.41628957,-179.77857971,,,,,0.03213250,0.80895537,-9.52255249,-0.58880693,-1.51059771,-0.39770007,-1.44440636,-1.46411145,6.50535519,0.32634977,0.15771672,1.17731261,,,,,,,3,,,,,,,,,
5.876883,58669,5910327,,166.06661987,3.40834284,-179.84663391,,,,,-0.20779802,0.62275141,-9.55880833,-0.34899634,-1.69878936,-0.39319384,-1.27492514,-0.83358884,5.26849331,0.32832602,0.15624261,1.17927825,,,,,,,3,,,,,,,,,
5.886932,58670,5910427,,166.06900024,3.38748193,-179.90699768,,,,,-0.31298947,0.38476470,-9.88844299,-0.25947466,-2.00838423,-0.12401354,-0.43271634,-2.86556510,5.37710100,0.33194232,0.15378419,1.17381513,,,,,,,3,,,,,,,,,
5.896938,58671,5910527,,166.08001709,3.41396213,-179.94763184,,,,,0.12271462,-0.44841951,-10.15639687,-0.69909704,-2.87847233,-0.08984947,0.93591702,-1.23580085,3.97904409,0.33300382,0.15280505,1.17677343,,,,,,,3,,,,,,,,,
5.907013,58672,5910627,,166.13104248,3.40978861,-179.97680664,,,,,0.06777901,0.76749337,-9.99486446,-0.65607810,-1.65310168,0.05117691,1.14593136,-2.36121134,4.84426685,0.32975882,0.15622413,1.16642141,,,,,,,3,,,,,,,,,
5.917011,58673,5910727,,166.14314270,3.41105437,179.97065735,,,,,-0.31940013,1.27339947,-9.83569622,-0.26779294,-1.11926067,0.04020739,0.58832235,-1.10598756,5.37818956,0.32931423,0.15671118,1.16741633,,,,,,,3,,,,,,,,,
5.926969,58674,5910827,,166.15504456,3.38892746,179.90917969,,,,,0.03749757,0.84034556,-10.25547409,-0.64017022,-1.63700521,0.32270205,0.47209344,0.24076097,4.62243639,0.33315349,0.15616569,1.16940606,,,,,,,3,,,,,,,,,
5.936941,58675,5910927,,166.16639709,3.37262845,179.85972595,,,,,-0.24068145,-0.10962912,-9.72077751,-0.32095268,-2.42954087,-0.40476859,1.09062091,-2.11943694,5.96156925,0.33220527,0.15474212,1.16838920,,,,,,,3,,,,,,,,,
5.946995,58676,5911027,,166.18444824,3.37926650,179.80068970,,,,,-0.01341750,-0.71754241,-9.51411247,-0.53133786,-2.96620750,-0.76384330,0.21385478,-1.36286831,3.98299664,0.33305952,0.15472883,1.16591954,,,,,,,3,,,,,,,,,
5.957051,58677,5911127,,166.20320129,3.39686227,179.76818848,,,,,-0.29348472,0.51946205,-9.43269157,-0.26378983,-1.74444878,-0.52948761,0.24608259,-1.78764204,4.82038637,0.33210090,0.15666470,1.16644013,,,,,,,3,,,,,,,,,
5.966999,58678,5911227,,166.22174072,3.40227318,179.72206116,,,,,-0.34077591,1.45365059,-9.11888218,-0.20911539,-0.75858927,-0.60774422,0.95324009,-2.02224484,4.83189438,0.33082029,0.15524499,1.16937971,,,,,,,3,,,,,,,,,
5.977002,58679,5911327,,166.22937012,3.39657378,179.66329956,,,,,0.30333245,1.17084265,-10.29328823,-0.91967678,-1.30751395,0.42402148,0.08193694,-1.02703516,4.63053016,0.33232743,0.15185927,1.17032325,,,,,,,3,,,,,,,,,
5.987094,58680,5911427,,166.21813965,3.39024830,179.58805847,,,,,-0.02298430,-0.15695176,-9.71729565,-0.55192846,-2.46253800,-0.42933905,0.63478716,-2.60843153,6.22025072,0.33416277,0.15614784,1.17138982,,,,,,,3,,,,,,,,,
5.996975,58681,5911527,,166.24487305,3.40316486,179.52804565,,,,,0.18441623,-0.56125641,-9.84207535,-0.76819450,-2.87940598,-0.41783035,1.11387024,-2.34052077,3.29259984,0.33405104,0.15567125,1.16791844,,,,,,,3,,,,,,,,,
6.007023,58682,5911627,,166.28268433,3.41656184,179.49275208,,,,,0.08529203,0.35735151,-10.22256184,-0.69819027,-2.07037258,0.17834949,2.29356194,0.35710310,5.34755659,0.33497471,0.15469615,1.16691816,,,,,,,3,,,,,,,,,
6.016948,58683,5911727,,166.33021545,3.40238976,179.44905090,,,,,0.07327352,1.17986131,-9.76051140,-0.66481102,-1.15481281,-0.07385719,1.24590804,-1.91240494,3.84866902,0.33534151,0.15469128,1.16395128,,,,,,,3,,,,,,,,,
6.026977,58684,5911827,,166.34306335,3.40471506,179.39915466,,,,,0.09465587,0.04079378,-10.12626839,-0.70231873,-2.34466720,0.00978923,-0.31265364,0.27697706,4.95592294,0.33607066,0.15371600,1.17086613,,,,,,,3,,,,,,,,,
6.036995,58685,5911927,,166.33401489,3.39058495,179.34640503,,,,,-0.43645567,-0.29800844,-9.12314510,-0.11323947,-2.44397068,-1.00972414,-0.40790549,-1.12427390,4.78523011,0.33471125,0.15469798,1.17285395,,,,,,,3,,,,,,,,,
6.047052,58686,5912027,,166.34568787,3.38167882,179.29992676,,,,,-0.06437838,0.78247768,-9.96710110,-0.53946739,-1.58650565,0.04094076,0.21219471,-1.76543240,3.73619160,0.33303344,0.15520947,1.16543221,,,,,,,3,,,,,,,,,
6.056981,58687,5912127,,166.36666870,3.39145780,179.26698303,,,,,-0.07559267,0.83174193,-10.45626450,-0.55488735,-1.64788461,0.52848887,1.98037386,0.58014005,3.62376241,0.33595842,0.15419917,1.16790473,,,,,,,3,,,,,,,,,
6.066861,58688,5912227,,166.41119385,3.37023354,179.24374390,,,,,-0.07243352,0.99759668,-10.17018223,-0.54416227,-1.41315269,0.29110658,1.46734747,-2.39933148,2.89242268,0.33603722,0.15179747,1.16885662,,,,,,,3,,,,,,,,,
6.076898,58689,5912327,,166.42590332,3.37534952,179.19743347,,,,,-0.04545566,-0.07423545,-9.92388916,-0.55600202,-2.39390945,-0.20087254,0.03908758,-1.52126786,5.45755081,0.33398902,0.14942877,1.17623019,,,,,,,3,,,,,,,,,
6.086902,58690,5912427,,166.43762207,3.35068631,179.12936401,,,,,-0.37609619,-0.14385785,-9.27748775,-0.18462920,-2.31231403,-0.82299507,0.18114789,-1.62102886,5.29738288,0.33694157,0.15466197,1.16940129,,,,,,,3,,,,,,,,,
6.096921,58691,5912527,,166.45176697,3.35496640,179.09204102,,,,,-0.31048393,0.62757421,-9.32585049,-0.25484449,-1.57092309,-0.59960806,0.85887003,-2.25304270,4.08575513,0.33607411,0.15660107,1.15903759,,,,,,,3,,,,,,,,,
6.106937,58692,5912627,,166.48168945,3.37186480,179.06442261,,,,,-0.10352956,0.44456503,-9.70372868,-0.48593172,-1.82861233,-0.28640115,1.24002405,0.35815628,2.41654377,0.33693424,0.15226279,1.16787899,,,,,,,3,,,,,,,,,
6.116941,58693,5912727,,166.49142456,3.35144496,179.02905273,,,,,0.12129951,1.34330392,-9.77692413,-0.71307278,-0.96654546,-0.02029872,-1.29664087,-1.69368948,4.88769831,0.33743888,0.15225387,1.16887081,,,,,,,3,,,,,,,,,
6.126940,58694,5912827,,166.47216797,3.34367275,178.95700073,,,,,0.03069005,0.34872308,-9.43590164,-0.60287100,-1.85673141,-0.57607591,0.14284512,0.29388175,5.67327124,0.33978879,0.15413383,1.16990197,,,,,,,3,,,,,,,,,
6.136974,58695,5912927,,166.48457336,3.32897139,178.90672302,,,,,0.11062090,-0.24388610,-10.26590347,-0.73549825,-2.62200427,0.08591747,1.65541790,1.46644183,2.78687577,0.34223527,0.15265182,1.17186975,,,,,,,3,,,,,,,,,
6.142131,58696,5913027,,166.54426575,3.30937243,178.90434265,,,,,0.05819777,0.20979589,-10.32601547,-0.68180531,-2.18644333,0.25659227,2.63559327,1.16159384,3.46373599,0.34105268,0.15459427,1.16595745,,,,,,,3,,,,,,,,,
6.156915,58697,5913127,,166.58970642,3.28872848,178.87637329,,,,,0.24767904,0.10500006,-9.74187946,-0.83299917,-2.14244342,-0.34555519,0.42762211,1.96180920,3.69454452,0.34026736,0.15460555,1.17040658,,,,,,,3,,,,,,,,,
6.162161,58698,5913227,,166.58705139,3.26446247,178.83720398,,,,,-0.14649856,0.64241159,-9.49398899,-0.41865265,-1.57037020,-0.43920529,-1.49658740,1.44425972,5.11334343,0.33856982,0.15031292,1.17329860,,,,,,,3,,,,,,,,,
6.175972,58699,5913327,,166.57774353,3.22780943,178.79159546,,,,,-0.46383250,0.49185747,-9.63345432,-0.10758047,-1.75413799,-0.32021236,0.98131601,2.26155973,3.14594607,0.33615047,0.14939477,1.17079818,,,,,,,3,,,,,,,,,
6.185899,58700,5913427,,166.59906006,3.18486118,178.77699280,,,,,0.26032913,0.60183913,-10.74073124,-0.88611406,-1.88517380,0.74157214,1.02083815,4.05049684,2.28203344,0.33786577,0.15272710,1.16789091,,,,,,,3,,,,,,,,,
6.195980,58701,5913527,,166.63893127,3.13719320,178.77052307,,,,,-0.16850604,0.59893948,-10.16363907,-0.41620320,-1.75859070,0.20557296,0.66270791,3.57380983,5.18333195,0.33780521,0.15320875,1.16641402,,,,,,,3,,,,,,,,,
6.205895,58702,5913627,,166.64511108,3.07419014,178.72410583,,,,,-0.05760637,0.39838901,-9.56298447,-0.48467445,-1.81153524,-0.42944431,-1.35209518,4.10354436,4.38179431,0.33577830,0.15276484,1.16194403,,,,,,,3,,,,,,,,,
6.215968,58703,5913727,,166.63320923,3.01519012,178.68212891,,,,,-0.40900093,0.01592825,-9.57714653,-0.12938589,-2.19524288,-0.48582852,0.75906293,6.11245027,4.67923539,0.33244264,0.15522093,1.16196609,,,,,,,3,,,,,,,,,
6.226107,58704,5913827,,166.66699219,2.95612907,178.67120361,,,,,-0.37359741,0.41040263,-9.49946213,-0.14893246,-1.78722179,-0.47037172,2.79582887,3.46359128,1.34911348,0.33302405,0.15664938,1.16594970,,,,,,,3,,,,,,,,,
6.236022,58705,5913927,,166.71406555,2.91121554,178.67677307,,,,,0.04324777,0.81473970,-9.99946594,-0.57903951,-1.49320400,0.08901882,-0.04515567,4.31204058,3.63760678,0.33272764,0.15377292,1.16936600,,,,,,,3,,,,,,,,,
6.245998,58706,5914027,,166.70455933,2.85335016,178.63687134,,,,,-0.22009523,1.11803854,-9.47191429,-0.27526310,-1.08447731,-0.34128594,-1.39182500,4.95187904,6.10985223,0.33088869,0.15620273,1.17186904,,,,,,,3,,,,,,,,,
6.256014,58707,5914127,,166.69641113,2.77835226,178.58201599,,,,,-0.03221742,0.03290604,-9.38899040,-0.46175879,-2.11671233,-0.68005812,1.28514278,3.88308250,3.11692140,0.33113441,0.15716118,1.16594839,,,,,,,3,,,,,,,,,
6.266008,58708,5914227,,166.73747253,2.73209906,178.57427979,,,,,0.32928669,-0.58915049,-10.68357944,-0.88682002,-3.00171185,0.42252326,3.27189903,8.36949951,3.09621824,0.33165732,0.15523219,1.16641521,,,,,,,3,,,,,,,,,
6.276122,58709,5914327,,166.80874634,2.65059209,178.56289673,,,,,0.10146417,0.41139492,-9.75104237,-0.58854461,-1.81173754,-0.24324036,1.66815322,5.95452648,4.07120554,0.33221516,0.15234244,1.16736174,,,,,,,3,,,,,,,,,
6.286021,58710,5914427,,166.81384277,2.58621192,178.51971436,,,,,-0.03813599,1.10686386,-9.48917103,-0.41396666,-1.07749355,-0.33267081,-1.57171948,5.76561966,5.56533205,0.33125755,0.15235879,1.16686249,,,,,,,3,,,,,,,,,
6.295957,58711,5914527,,166.78475952,2.52151394,178.47544861,,,,,-0.51327950,0.13101186,-9.95567703,0.03323521,-2.14761972,-0.07998276,0.39601826,7.67447654,3.40912287,0.32915565,0.15383066,1.17479134,,,,,,,3,,,,,,,,,
6.305956,58712,5914627,,166.81910706,2.45215034,178.47567749,,,,,0.02923966,0.48395985,-10.72678947,-0.53471524,-1.96015048,0.72795737,2.23450172,2.80392947,1.34352489,0.32753837,0.15386049,1.16884661,,,,,,,3,,,,,,,,,
6.316007,58713,5914727,,166.87698364,2.41342330,178.48632812,,,,,-0.10497917,0.31959549,-10.12626266,-0.36227795,-1.97977638,0.11436665,1.75089167,5.43174764,3.81955960,0.32702488,0.15434955,1.16786230,,,,,,,3,,,,,,,,,
6.325905,58714,5914827,,166.88815308,2.34838271,178.44691467,,,,,-0.27502716,0.65740716,-9.35637188,-0.14256200,-1.47966290,-0.55038285,-0.91668663,4.58599733,4.76421148,0.32803369,0.15529147,1.17035604,,,,,,,3,,,,,,,,,
6.335994,58715,5914927,,166.87011719,2.28459215,178.40567017,,,,,-0.34445566,0.16286178,-9.45197868,-0.07879645,-1.98642981,-0.56717348,-0.09510989,3.52052090,3.74897728,0.32562315,0.15389317,1.16784799,,,,,,,3,,,,,,,,,
6.346053,58716,5915027,,166.90545654,2.24108171,178.40098572,,,,,-0.22100772,-0.20572829,-10.01506901,-0.22424525,-2.46397257,-0.10649610,1.58608241,5.99136937,1.71384185,0.32614404,0.15580326,1.17035472,,,,,,,3,,,,,,,,,
6.355981,58717,5915127,,166.95823669,2.16481185,178.41012573,,,,,-0.07340298,1.56862175,-9.76692200,-0.31485483,-0.66859615,0.04987788,-0.03542593,5.48835155,4.11150622,0.32517755,0.15629974,1.16986287,,,,,,,3,,,,,,,,,
6.365920,58718,5915227,,166.93850708,2.09684777,178.36894226,,,,,-0.32340139,0.88169789,-9.17076302,-0.04200780,-1.21250510,-0.67655158,-0.17298808,5.89787774,4.59238783,0.32380348,0.15248339,1.16880608,,,,,,,3,,,,,,,,,
6.375959,58719,5915327,,166.93479919,2.03621864,178.33413696,,,,,0.06773853,-0.58540696,-10.31984138,-0.50017023,-2.88847828,0.09686649,1.57123710,6.32784156,1.87323125,0.32436919,0.15103304,1.17076504,,,,,,,3,,,,,,,,,
6.385951,58720,5915427,,166.99230957,1.97937477,178.34255981,,,,,0.00616705,-0.31483495,-10.18591404,-0.41957125,-2.58832932,0.03232384,2.74665279,4.97964888,2.99751091,0.32240868,0.15538594,1.17082405,,,,,,,3,,,,,,,,,
6.395992,58721,5915527,,167.03630066,1.92585826,178.31585693,,,,,0.10053156,0.91876721,-9.45811272,-0.45063651,-1.21467984,-0.40163612,-0.14871771,5.33667482,4.59232721,0.31856886,0.15689120,1.16934443,,,,,,,3,,,,,,,,,
6.405948,58722,5915627,,167.02348328,1.86634088,178.25555420,,,,,-0.16730963,0.79610747,-9.82981586,-0.19048709,-1.42537534,-0.05736196,0.24957743,4.58172761,4.74684402,0.31859547,0.15545078,1.16932166,,,,,,,3,,,,,,,,,
6.415952,58723,5915727,,167.04513550,1.81986594,178.23068237,,,,,-0.31437567,-0.03620608,-10.36828423,-0.07776120,-2.35473680,0.28589773,3.67159807,3.33129094,2.00508015,0.32064900,0.15445428,1.17376912,,,,,,,3,,,,,,,,,
6.425987,58724,5915827,,167.11801147,1.78398252,178.24406433,,,,,0.18242607,0.11448129,-10.33773899,-0.56120330,-2.17901182,0.27704096,1.72425639,4.03090743,1.55949248,0.32155493,0.15443946,1.17278385,,,,,,,3,,,,,,,,,
6.436054,58725,5915927,,167.13562012,1.72459257,178.23518372,,,,,-0.26768392,1.04200685,-9.68312359,-0.05563623,-1.14065564,-0.14045191,-0.90486848,6.05699127,5.57632054,0.31960577,0.15351339,1.17028558,,,,,,,3,,,,,,,,,
6.445961,58726,5916027,,167.11677551,1.65096247,178.17999268,,,,,-0.56169957,0.01192542,-9.39098835,0.23285538,-2.08848667,-0.64518428,0.76197564,4.23505794,2.37748213,0.32000655,0.15446725,1.16881847,,,,,,,3,,,,,,,,,
6.456084,58727,5916127,,167.15782166,1.60660017,178.18415833,,,,,-0.00099982,-0.07300818,-10.57205391,-0.36161548,-2.40965033,0.47202873,2.88209885,5.12379020,1.66413258,0.32050127,0.15685801,1.17083788,,,,,,,3,,,,,,,,,
6.465901,58728,5916227,,167.19859314,1.54104614,178.19908142,,,,,-0.44444641,1.26879072,-9.46608543,0.16437817,-0.86753887,-0.29495704,-0.75665172,5.20495804,3.36308654,0.31740052,0.15498830,1.17524552,,,,,,,3,,,,,,,,,
6.475944,58729,5916327,,167.18733215,1.48175895,178.15966797,,,,,-0.23867124,1.20897233,-9.10860634,-0.02297434,-0.84095430,-0.66204321,-1.18267938,2.55331041,3.46742728,0.31499943,0.15215009,1.17221999,,,,,,,3,,,,,,,,,
6.485887,58730,5916427,,167.17912292,1.45895791,178.12483215,,,,,-0.05519363,-0.67860699,-10.13602829,-0.28449112,-2.90142226,-0.08326948,1.27908686,4.36358673,3.03418518,0.31599098,0.15309252,1.17421889,,,,,,,3,,,,,,,,,
6.495929,58731,5916527,,167.22868347,1.42722583,178.11929321,,,,,0.05120411,-0.40163407,-9.80743122,-0.37097248,-2.55007935,-0.34466136,1.03855630,1.03801064,2.23182194,0.31646118,0.15308461,1.17422116,,,,,,,3,,,,,,,,,
6.505904,58732,5916627,,167.24644470,1.40505922,178.08091736,,,,,0.13982964,1.46678364,-9.71801662,-0.40105903,-0.70322621,-0.01974893,-2.12189197,2.41066297,5.41855470,0.31391135,0.15456966,1.16928422,,,,,,,3,,,,,,,,,
6.515996,58733,5916727,,167.21395874,1.36754620,178.02397156,,,,,-0.25643763,0.16507736,-9.85636139,-0.04020232,-2.01852083,-0.16318870,-0.55406046,3.96915142,2.43251723,0.31268978,0.15554759,1.17523074,,,,,,,3,,,,,,,,,
6.526135,58734,5916827,,167.23481750,1.32168746,178.02212524,,,,,0.11732742,0.07318613,-10.80241108,-0.44222701,-2.30043793,0.73050678,1.68226930,1.44046961,0.09536367,0.31301379,0.15506411,1.17077184,,,,,,,3,,,,,,,,,
6.535994,58735,5916927,,167.28962708,1.28977621,178.03939819,,,,,-0.08795130,0.59913301,-9.99119759,-0.18635139,-1.61000919,0.06137204,0.43776811,5.48384234,3.75460792,0.31162095,0.15412757,1.17075002,,,,,,,3,,,,,,,,,
6.546022,58736,5917027,,167.28421021,1.21981108,178.00715637,,,,,-0.28638875,0.49645942,-9.38714409,0.03659971,-1.58493710,-0.54504645,-1.42745180,5.82567538,3.31742373,0.31303149,0.15410383,1.17075670,,,,,,,3,,,,,,,,,
6.555995,58737,5917127,,167.27932739,1.15597582,177.98782349,,,,,-0.26694700,-0.03853566,-9.96566296,-0.00630879,-2.23070765,-0.09983277,1.71485826,4.59737899,2.08333896,0.31248355,0.15459390,1.16878271,,,,,,,3,,,,,,,,,
6.566008,58738,5917227,,167.33671570,1.11337745,177.99720764,,,,,-0.37155658,0.21112520,-10.06995964,0.11375180,-2.00778627,0.06140399,1.61446334,6.12366373,1.58544261,0.31311819,0.15314153,1.17272103,,,,,,,3,,,,,,,,,
6.575955,58739,5917327,,167.35540771,1.03726089,177.98902893,,,,,-0.32452285,1.68977737,-9.64895821,0.13315859,-0.46943462,-0.02590644,-1.46921894,3.84098890,3.59405408,0.31061271,0.15222590,1.16774631,,,,,,,3,,,,,,,,,
6.585974,58740,5917427,,167.33088684,0.99892700,177.95172119,,,,,-0.48238790,0.38212645,-9.31778431,0.26334536,-1.68005586,-0.63333821,0.87772867,1.80578996,2.30697067,0.30874765,0.15513635,1.16976213,,,,,,,3,,,,,,,,,
6.595962,58741,5917527,,167.37197876,0.99631011,177.94303894,,,,,0.06818757,-1.02790976,-10.21682072,-0.35179546,-3.22585344,-0.07351744,2.58979301,1.18243008,-0.03195048,0.30985194,0.15463582,1.17421257,,,,,,,3,,,,,,,,,
6.606029,58742,5917627,,167.41842651,0.99345660,177.94546509,,,,,0.03616124,1.00222611,-9.71707535,-0.24431401,-1.13142979,-0.11608720,-0.31734505,0.19470987,4.04661601,0.30637899,0.15613620,1.16976607,,,,,,,3,,,,,,,,,
6.615950,58743,5917727,,167.39920044,0.97544491,177.88447571,,,,,-0.19648339,0.94703799,-9.26155090,-0.00058471,-1.09618926,-0.56824183,-0.25019535,0.58544380,2.88096888,0.30732822,0.15564023,1.16976297,,,,,,,3,,,,,,,,,
6.625989,58744,5917827,,167.41433716,0.96259832,177.85656738,,,,,0.30650350,-0.53512543,-11.03206635,-0.59341371,-2.90384436,0.82885921,2.32045944,1.15308705,0.24971948,0.30931288,0.15464576,1.17223096,,,,,,,3,,,,,,,,,
6.636103,58745,5917927,,167.47023010,0.94122368,177.87944031,,,,,-0.16941363,0.43430832,-10.03616428,-0.05617517,-1.75452936,0.07758224,0.43612092,2.75448232,2.40073081,0.30795398,0.15466799,1.17370880,,,,,,,3,,,,,,,,,
6.646052,58746,5918027,,167.48164368,0.91207242,177.85467529,,,,,-0.25317556,1.24345744,-9.19276047,0.07623468,-0.78322709,-0.56947958,-1.84011913,1.29279249,2.01161301,0.30918443,0.15320991,1.16775477,,,,,,,3,,,,,,,,,
6.655987,58747,5918127,,167.46745300,0.88805926,177.83604431,,,,,-0.11512703,-0.47315317,-10.39427567,-0.13936970,-2.71110773,0.22968638,1.71261252,3.69559295,0.82564052,0.30968067,0.15272135,1.16824424,,,,,,,3,,,,,,,,,
6.666008,58748,5918227,,167.50917053,0.86221099,177.85256958,,,,,-0.35957125,-0.19323690,-9.93528557,0.12782653,-2.34351921,-0.15250945,2.17306353,1.26380399,0.03938389,0.31163037,0.15268765,1.17023253,,,,,,,3,,,,,,,,,
6.675968,58749,5918327,,167.54045105,0.83811718,177.85923767,,,,,-0.29959226,2.08866048,-9.64834976,0.15500759,-0.04973853,0.06136191,-1.23130926,1.16431097,1.89111354,0.31067377,0.15078446,1.16871333,,,,,,,3,,,,,,,,,
6.685993,58750,5918427,,167.53062439,0.82026231,177.82591248,,,,,-0.45738667,0.18539394,-9.86089611,0.24606401,-1.95732415,-0.14135802,1.69779549,1.93324769,2.28491193,0.30978405,0.15271831,1.17121327,,,,,,,3,,,,,,,,,
6.696039,58751,5918527,,167.56237793,0.80783224,177.82147217,,,,,-0.27777091,-1.02781343,-9.58369255,0.03049740,-3.07075453,-0.67591560,1.39818956,-3.01013651,-0.43236029,0.30718154,0.15612443,1.16581178,,,,,,,3,,,,,,,,,
6.705954,58752,5918627,,167.59739685,0.84609628,177.82191467,,,,,-0.03365562,1.61529040,-9.46131992,-0.12291972,-0.45159650,-0.22744930,-1.51182897,-1.50984373,2.71769470,0.30583155,0.15566650,1.16728210,,,,,,,3,,,,,,,,,
6.716030,58753,5918727,,167.57107544,0.85405219,177.77638245,,,,,-0.04476898,0.84818619,-9.89159393,-0.15138492,-1.29535079,0.02676535,-1.02269820,0.04037226,1.64022756,0.30748379,0.15467590,1.17370653,,,,,,,3,,,,,,,,,
6.725976,58754,5918827,,167.57505798,0.85171294,177.75460815,,,,,0.22372298,-1.03939879,-10.55588818,-0.50596905,-3.26710844,0.26458204,1.57199269,-3.45742852,-0.18514188,0.30771175,0.15659462,1.16780090,,,,,,,3,,,,,,,,,
6.736048,58755,5918927,,167.62817383,0.88514090,177.76399231,,,,,0.02033264,0.68907636,-10.05128098,-0.22948718,-1.47379279,0.14923167,1.30491394,0.06226590,1.10959465,0.30690035,0.15708654,1.17176270,,,,,,,3,,,,,,,,,
6.746071,58756,5919027,,167.64555359,0.86888462,177.74967957,,,,,-0.27298051,1.17255521,-9.66598034,0.08960962,-0.92781395,-0.12035084,-1.01370487,0.94073882,0.93344940,0.30838084,0.15514122,1.17272890,,,,,,,3,,,,,,,,,
6.756008,58757,5919127,,167.64077759,0.85835552,177.74159241,,,,,-0.29842103,-0.86240023,-10.02985477,0.03556252,-2.99175262,-0.19848967,0.90027571,-0.70648184,0.54394122,0.31012529,0.15223432,1.16724920,,,,,,,3,,,,,,,,,
6.765997,58758,5919227,,167.67868042,0.87089914,177.74777222,,,,,-0.13522874,0.20548631,-9.80504417,-0.08378284,-1.89012134,-0.19159269,1.21455128,0.80898569,-0.10151693,0.31023854,0.14983161,1.16919076,,,,,,,3,,,,,,,,,
6.776102,58759,5919327,,167.69854736,0.86602211,177.74658203,,,,,-0.30717412,2.29930592,-10.09383678,0.15482645,0.08852088,0.54057622,-0.40550937,0.10698153,1.33961642,0.30832234,0.15178379,1.16921210,,,,,,,3,,,,,,,,,
6.786034,58760,5919427,,167.69010925,0.84958965,177.72024536,,,,,-0.44886935,-0.37330449,-10.11666489,0.20153539,-2.53014827,-0.00467098,1.04107355,-1.57802951,1.62583539,0.30729324,0.15660101,1.16928327,,,,,,,3,,,,,,,,,
6.796031,58761,5919527,,167.71337891,0.86467195,177.71260071,,,,,-0.21885799,-0.79980695,-9.58927536,-0.03326373,-2.82332087,-0.61491036,-0.81856055,-1.97595067,-0.36663327,0.30682305,0.15660892,1.16928101,,,,,,,3,,,,,,,,,
6.806079,58762,5919627,,167.73332214,0.88690507,177.72663879,,,,,-0.44045457,2.19916677,-9.60872364,0.29347619,0.09506810,0.04768705,-1.04066011,-1.54774520,1.81733106,0.30737993,0.15563871,1.17124748,,,,,,,3,,,,,,,,,
6.816030,58763,5919727,,167.71008301,0.88695860,177.69529724,,,,,-0.15551388,0.42565119,-9.49235344,-0.05523410,-1.60439420,-0.44908166,-1.67997030,-2.47001668,0.88678763,0.30684027,0.15660842,1.16977584,,,,,,,3,,,,,,,,,
6.825999,58764,5919827,,167.69808960,0.91696507,177.67279053,,,,,0.35062531,-1.07514441,-9.95574188,-0.63151103,-3.14923167,-0.32538748,-1.86536223,-2.47442130,0.48828601,0.30678025,0.15613031,1.16778886,,,,,,,3,,,,,,,,,
6.836005,58765,5919927,,167.71461487,0.94806409,177.66796875,,,,,-0.06296737,1.24239564,-10.21927452,-0.14270915,-0.95569599,0.43431234,0.39526334,0.05608520,1.20287262,0.30938962,0.15608314,1.17522264,,,,,,,3,,,,,,,,,
6.846011,58766,5920027,,167.73745728,0.94165993,177.65402222,,,,,0.06132431,0.88230127,-10.14325714,-0.28254753,-1.28239131,0.28065825,0.10897227,-2.86772643,-1.01299934,0.31114089,0.15653515,1.17177522,,,,,,,3,,,,,,,,,
6.856161,58767,5920127,,167.73809814,0.96389329,177.65069580,,,,,-0.17982481,-1.21704030,-9.85424995,-0.11135843,-3.28165579,-0.44398117,-1.42665235,-0.48589053,0.55679467,0.30926955,0.15512691,1.17124879,,,,,,,3,,,,,,,,,
6.866086,58768,5920227,,167.74618530,0.98358428,177.65538025,,,,,-0.45215636,0.89187407,-9.86214733,0.23322332,-1.23253512,0.01740623,-0.26485200,-0.82734893,-0.29794761,0.31021878,0.15463094,1.17124569,,,,,,,3,,,,,,,,,
6.875973,58769,5920327,,167.75997925,0.99454463,177.66949463,,,,,-0.14431889,1.91988313,-10.38151169,-0.05585594,-0.32244849,0.73806620,0.62431253,-3.71478536,-1.34540266,0.30907169,0.15465285,1.16530323,,,,,,,3,,,,,,,,,
6.886019,58770,5920427,,167.76130676,1.02052402,177.66090393,,,,,-0.20354526,-1.03595161,-9.88270950,-0.09175395,-3.10683346,-0.37539160,-1.35668154,-1.31503265,1.30486100,0.30961859,0.15608232,1.16829717,,,,,,,3,,,,,,,,,
6.895980,58771,5920527,,167.76406860,1.02891004,177.64498901,,,,,-0.45841193,0.11869571,-9.42188358,0.21397422,-1.89127707,-0.57582104,-0.87589529,-2.22769138,0.05749625,0.31013995,0.15703265,1.17029381,,,,,,,3,,,,,,,,,
6.906003,58772,5920627,,167.78521729,1.05075812,177.66104126,,,,,-0.34973696,1.70144701,-9.96378994,0.14579079,-0.45225754,0.28883076,0.17322159,-2.92050373,-0.68992541,0.30924293,0.15656732,1.17127156,,,,,,,3,,,,,,,,,
6.915962,58773,5920727,,167.79164124,1.06655979,177.65550232,,,,,-0.20627980,-0.01050655,-9.29501724,-0.04450518,-1.97696733,-0.73207819,-2.34738469,-1.64511232,0.47037074,0.30968750,0.15608029,1.17027652,,,,,,,3,,,,,,,,,
6.926020,58774,5920827,,167.76029968,1.09141576,177.63110352,,,,,-0.12080730,0.55404341,-9.49946594,-0.11980468,-1.46906161,-0.41360033,-2.32227286,-3.31828199,1.24480294,0.31053287,0.15654713,1.16781437,,,,,,,3,,,,,,,,,
6.935928,58775,5920927,,167.75566101,1.12919939,177.62045288,,,,,0.06664062,0.57325304,-10.37470818,-0.33664328,-1.62505352,0.44151282,1.74387419,-3.30171088,-0.63575299,0.31121969,0.15413345,1.17272711,,,,,,,3,,,,,,,,,
6.946167,58776,5921027,,167.80282593,1.15864754,177.61767578,,,,,0.34454900,-0.56659740,-10.16245842,-0.65510416,-2.67837930,-0.01334572,-0.41766412,-2.41516108,-0.57782002,0.31255299,0.15363210,1.17025208,,,,,,,3,,,,,,,,,
6.956043,58777,5921127,,167.80140686,1.17898929,177.60992432,,,,,-0.28646392,0.49925512,-9.31576157,0.03509864,-1.48500443,-0.60160840,-3.01374755,-1.78382076,2.15017856,0.31245849,0.15315501,1.16727555,,,,,,,3,,,,,,,,,
6.966052,58778,5921227,,167.78189087,1.18709612,177.58737183,,,,,-0.36457494,0.62836248,-10.03845596,0.09381786,-1.51311779,0.13344157,0.91006102,-1.20198982,-1.40145140,0.31452927,0.15215801,1.17221773,,,,,,,3,,,,,,,,,
6.976031,58779,5921327,,167.81777954,1.20964658,177.61404419,,,,,0.08914100,0.21771100,-10.58450317,-0.39240596,-2.00844002,0.57232165,-0.26513882,-1.61322740,-1.82442933,0.31555676,0.15022011,1.17367649,,,,,,,3,,,,,,,,,
6.986050,58780,5921427,,167.81889343,1.22293103,177.61781311,,,,,-0.34005871,0.82868582,-9.53201294,0.08663931,-1.20797229,-0.31887603,-2.00470406,-1.29780040,2.43290762,0.31398964,0.15312773,1.17074609,,,,,,,3,,,,,,,,,
6.996083,58781,5921527,,167.80415344,1.23307061,177.59233093,,,,,-0.26436028,0.12977096,-9.90971661,-0.02927493,-1.96463490,-0.09850574,1.09442661,-3.10121943,-1.72064439,0.31201386,0.15364204,1.16827059,,,,,,,3,,,,,,,,,
7.005955,58782,5921627,,167.84431458,1.26803839,177.61384583,,,,,-0.18936300,-0.33496901,-10.33139801,-0.13662076,-2.49995017,0.21531451,1.17560565,-1.32959899,-1.08320674,0.31113458,0.15221645,1.16923308,,,,,,,3,,,,,,,,,
7.016029,58783,5921727,,167.86495972,1.25812435,177.62426758,,,,,-0.58385593,1.41065848,-9.21622849,0.35636047,-0.57516688,-0.49751997,-2.43903579,-0.72268199,1.76193331,0.31251016,0.15315349,1.16876006,,,,,,,3,,,,,,,,,
7.026008,58784,5921827,,167.83897400,1.25780773,177.59396362,,,,,-0.27791622,1.22324693,-9.60065937,0.02945548,-0.82811987,-0.16878772,-0.55358758,-2.84310936,0.22768822,0.31203058,0.15460131,1.16927528,,,,,,,3,,,,,,,,,
7.036078,58785,5921927,,167.85029602,1.29244459,177.59162903,,,,,0.04081834,-0.95557868,-10.05476570,-0.38587213,-3.03588820,-0.19012702,1.32833636,-1.46068782,-0.51274780,0.31127974,0.15461156,1.17471409,,,,,,,3,,,,,,,,,
7.046216,58786,5922027,,167.88084412,1.30528748,177.60656738,,,,,0.04128735,0.94651932,-9.40110779,-0.29922202,-1.03879440,-0.42963278,-2.92790893,-1.35852996,1.02116600,0.31439093,0.15312183,1.16876900,,,,,,,3,,,,,,,,,
7.056106,58787,5922127,,167.85342407,1.31289363,177.57536316,,,,,-0.07393248,0.97698665,-9.48481083,-0.18537498,-1.03312802,-0.33790088,-1.17263334,-0.13917574,1.30754303,0.31385183,0.15313178,1.16678739,,,,,,,3,,,,,,,,,
7.066029,58788,5922227,,167.85780334,1.31656170,177.56364441,,,,,0.04672421,-1.34958553,-10.62107849,-0.42628151,-3.53615189,0.28164840,2.44432770,1.14802385,-2.41383197,0.31535789,0.15166558,1.16875076,,,,,,,3,,,,,,,,,
7.076007,58789,5922327,,167.91181946,1.30277956,177.59689331,,,,,0.03673282,1.20244420,-10.09012127,-0.30632040,-0.92829573,0.29957974,-0.69941004,0.20116607,0.08470947,0.31439194,0.15120229,1.16774905,,,,,,,3,,,,,,,,,
7.086009,58790,5922427,,167.91001892,1.29853082,177.58787537,,,,,-0.35291484,1.33442724,-9.43869877,0.10949209,-0.67601949,-0.30175734,0.66724876,0.48570537,0.70128087,0.31291041,0.15506715,1.16780281,,,,,,,3,,,,,,,,,
7.096076,58791,5922527,,167.91433716,1.30113876,177.58581543,,,,,-0.02895712,-1.38867176,-10.46372414,-0.34279382,-3.53671956,0.12444174,0.42179588,0.40071794,-2.50497273,0.31147379,0.15557152,1.16730881,,,,,,,3,,,,,,,,,
7.106136,58792,5922627,,167.95240784,1.30014062,177.62310791,,,,,-0.24006560,0.73641121,-9.67183208,-0.03109731,-1.30146432,-0.19954503,-1.05870355,0.28224196,0.81348087,0.31102082,0.15557893,1.16780150,,,,,,,3,,,,,,,,,
7.116106,58793,5922727,,167.94148254,1.28505445,177.61662292,,,,,-0.40794477,2.07488489,-9.55058193,0.18993208,0.02554417,-0.03575194,-1.40707169,1.69593181,0.18374324,0.31101245,0.15509930,1.16729903,,,,,,,3,,,,,,,,,
7.126096,58794,5922827,,167.92370605,1.25441670,177.60913086,,,,,-0.01609084,-0.93933409,-10.64734268,-0.33747935,-3.13369870,0.39737928,-0.64265778,1.89698771,-1.29699914,0.31003866,0.15319662,1.16528499,,,,,,,3,,,,,,,,,
7.136121,58795,5922927,,167.94871521,1.23078930,177.63957214,,,,,-0.33655405,0.03016636,-9.64608288,0.05361891,-1.98978555,-0.37055886,-0.66327647,2.40691960,0.52465479,0.31065604,0.15174474,1.16872847,,,,,,,3,,,,,,,,,
7.146089,58796,5923027,,167.95823669,1.19879425,177.64712524,,,,,-0.35258037,2.17520976,-9.09672356,0.16735029,0.22242069,-0.45844233,-1.88389659,2.24159061,-0.22642211,0.31016913,0.15079339,1.16772139,,,,,,,3,,,,,,,,,
7.156060,58797,5923127,,167.93324280,1.17333055,177.64520264,,,,,-0.07855875,-0.47906470,-9.94661903,-0.22112677,-2.54060507,-0.18867230,-0.73538833,3.29159986,-0.57762526,0.30875021,0.15033750,1.16721237,,,,,,,3,,,,,,,,,
7.165964,58798,5923227,,167.94430542,1.16323709,177.65261841,,,,,-0.32241538,-0.54208952,-9.40817642,0.03631583,-2.49858856,-0.72374976,0.04180915,0.90293948,0.44806980,0.31054381,0.15222792,1.16576695,,,,,,,3,,,,,,,,,
7.176107,58799,5923327,,167.96264648,1.15381944,177.66049194,,,,,0.16574878,2.24398732,-9.74853611,-0.35852286,0.17559969,0.18222439,-0.35282257,1.40398146,-0.94505411,0.31000468,0.15223786,1.16378534,,,,,,,3,,,,,,,,,
7.186051,58800,5923427,,167.96333313,1.14006352,177.65379333,,,,,0.07376443,-0.59516102,-10.50119591,-0.38570824,-2.75757432,0.32848501,0.88694585,2.96783203,-0.28541565,0.31108290,0.15221797,1.16774857,,,,,,,3,,,,,,,,,
7.196038,58801,5923527,,167.98309326,1.11296570,177.66699219,,,,,-0.14435840,-1.13513696,-9.45155239,-0.15586627,-3.07487655,-0.80723810,-0.31738075,1.09825696,-1.36187398,0.31206658,0.15172099,1.16873515,,,,,,,3,,,,,,,,,
7.206059,58802,5923627,,168.00639343,1.10932064,177.68377686,,,,,-0.06720487,2.35624480,-9.86946106,-0.11691695,0.25873435,0.32882297,-0.04519941,1.39625544,-0.64360435,0.30774930,0.15083499,1.16573095,,,,,,,3,,,,,,,,,
7.216048,58803,5923727,,168.01295471,1.08839595,177.69586182,,,,,-0.24453972,0.26485866,-10.41000175,-0.02245715,-1.90269721,0.42503536,0.48195821,4.14414428,-1.29867445,0.30456135,0.15088736,1.16868424,,,,,,,3,,,,,,,,,
7.226060,58804,5923827,,168.00988770,1.05433166,177.70765686,,,,,-0.08280177,-0.83997518,-9.62039948,-0.19994132,-2.81564951,-0.57896101,-2.01205911,0.15733417,-0.20873768,0.30540571,0.15327373,1.16724205,,,,,,,3,,,,,,,,,
7.236027,58805,5923927,,168.01690674,1.04935944,177.72785950,,,,,-0.24595752,1.48746645,-9.68936348,0.04774791,-0.55964142,-0.02594209,-0.47644241,3.47324361,-0.55390284,0.30545789,0.15231244,1.16821659,,,,,,,3,,,,,,,,,
7.246121,58806,5924027,,168.03106689,1.00493324,177.74758911,,,,,-0.32283285,0.21965252,-10.23583984,0.07453111,-1.91246533,0.24668312,-0.13591459,5.48495438,-1.55799283,0.30597192,0.15086360,1.16869104,,,,,,,3,,,,,,,,,
7.256119,58807,5924127,,168.03164673,0.94956857,177.75999451,,,,,-0.35079524,-0.08584557,-9.47745991,0.11806494,-2.05705476,-0.55717587,-2.54664756,1.83517215,1.16058617,0.30595469,0.15086411,1.16819620,,,,,,,3,,,,,,,,,
7.266091,58808,5924227,,168.01968384,0.93295944,177.76123047,,,,,-0.47851264,1.39113820,-9.52085972,0.29926887,-0.62672830,-0.20730782,0.61577373,2.91488803,-0.89923795,0.30415118,0.15137339,1.17066896,,,,,,,3,,,,,,,,,
7.276112,58809,5924327,,168.04972839,0.91329908,177.79217529,,,,,-0.10786082,0.33624277,-10.30530739,-0.12286776,-1.80179250,0.33657980,0.84661038,1.83095408,-2.67273883,0.30269682,0.15283804,1.17019010,,,,,,,3,,,,,,,,,
7.286199,58810,5924427,,168.05337524,0.89130014,177.80676270,,,,,-0.15730076,-0.12632993,-9.06602383,-0.05787101,-2.00030494,-0.97251952,-3.20485795,0.88431969,2.30094836,0.30356726,0.15474378,1.16923511,,,,,,,3,,,,,,,,,
7.295997,58811,5924527,,168.02398682,0.88970232,177.77894592,,,,,-0.21716335,0.52929348,-9.12088585,0.02559419,-1.37656522,-0.78115368,-1.01755785,1.35928705,-0.73381722,0.30647606,0.15181445,1.17019284,,,,,,,3,,,,,,,,,
7.305969,58812,5924627,,168.04093933,0.87679112,177.79545593,,,,,0.26761639,0.34163466,-10.93359184,-0.50320411,-1.91263163,0.94703615,1.37644811,3.42596227,-1.72517804,0.30517823,0.15039526,1.17263770,,,,,,,3,,,,,,,,,
7.316046,58813,5924727,,168.06053162,0.83206016,177.80892944,,,,,0.00497735,0.37316728,-9.68623734,-0.20592040,-1.63470256,-0.26411724,-2.59080238,3.72457643,1.76066407,0.30267072,0.15331869,1.16970289,,,,,,,3,,,,,,,,,
7.326049,58814,5924827,,168.04026794,0.79249382,177.79100037,,,,,-0.26623669,0.66317636,-9.37221241,0.08854106,-1.29781151,-0.50662923,-1.14544087,2.68967449,-1.16671787,0.30351609,0.15378553,1.16724062,,,,,,,3,,,,,,,,,
7.336033,58815,5924927,,168.06271362,0.77596349,177.81332397,,,,,-0.05602989,-0.48086205,-10.87403202,-0.18539026,-2.71287656,0.72485816,2.27775560,4.45605042,-1.35940540,0.30228817,0.15044476,1.17064488,,,,,,,3,,,,,,,,,
7.346000,58816,5925027,,168.10269165,0.73025739,177.84741211,,,,,-0.35676682,0.62844169,-9.36514091,0.18900494,-1.32631791,-0.51905203,-1.51706570,3.47743372,0.88772273,0.30260181,0.15332071,1.16772354,,,,,,,3,,,,,,,,,
7.356163,58817,5925127,,168.07411194,0.69737554,177.83985901,,,,,-0.27297565,1.66510248,-9.50847340,0.14331874,-0.34185672,-0.16504657,-1.88703058,2.17435294,0.23532259,0.30107903,0.15382764,1.16475534,,,,,,,3,,,,,,,,,
7.366174,58818,5925227,,168.06781006,0.67960036,177.84036255,,,,,-0.26178798,-0.95417464,-10.71178532,0.02600914,-3.14730072,0.47044086,1.85263908,4.34885999,-1.52104663,0.29758584,0.15148368,1.17113256,,,,,,,3,,,,,,,,,
7.376132,58819,5925327,,168.11701965,0.64395374,177.87792969,,,,,-0.33669478,0.59458297,-9.44447041,0.18129890,-1.37335896,-0.44692457,-2.29429405,0.75372183,0.10371920,0.29531220,0.15200086,1.17360318,,,,,,,3,,,,,,,,,
7.386211,58820,5925427,,168.09963989,0.61808670,177.87010193,,,,,-0.41343090,2.09777403,-9.36854076,0.31667921,0.10832453,-0.21128416,-2.38283251,2.18523813,1.85846587,0.29620087,0.15198655,1.17212307,,,,,,,3,,,,,,,,,
7.396156,58821,5925527,,168.07637024,0.59685212,177.85699463,,,,,-0.23873127,-1.30607057,-9.92048168,0.01835352,-3.32959890,-0.37645864,-0.22655116,2.16648649,-1.41279827,0.29866508,0.14954427,1.17407584,,,,,,,3,,,,,,,,,
7.406164,58822,5925627,,168.10418701,0.58656919,177.87838745,,,,,0.00781127,0.60577440,-9.49691105,-0.15466616,-1.36132252,-0.39873803,-0.84408876,-0.13621119,1.06289728,0.30004951,0.15000117,1.17359519,,,,,,,3,,,,,,,,,
7.416143,58823,5925727,,168.10189819,0.58201438,177.86596680,,,,,-0.08853351,1.85195339,-9.67960072,-0.01537574,-0.18278205,0.03832769,-0.21827321,2.22788242,2.17596850,0.29908252,0.15145741,1.17361343,,,,,,,3,,,,,,,,,
7.426066,58824,5925827,,168.10719299,0.55439109,177.83709717,,,,,0.08937939,-1.89175773,-10.03977013,-0.32471263,-3.90985155,-0.38112319,1.77840325,2.29540716,-0.98183724,0.29729193,0.15341184,1.16374016,,,,,,,3,,,,,,,,,
7.436065,58825,5925927,,168.15087891,0.54301363,177.85820007,,,,,-0.05097742,0.21660464,-9.71726608,-0.10483035,-1.78233230,-0.26069760,0.37681198,2.10515971,0.88838531,0.29670116,0.15342329,1.16027415,,,,,,,3,,,,,,,,,
7.446116,58826,5926027,,168.17126465,0.52067918,177.85305786,,,,,-0.29515257,2.65862894,-9.72816849,0.22844264,0.60074526,0.25380135,0.68619362,2.71349969,0.60980996,0.29694235,0.15341620,1.16720188,,,,,,,3,,,,,,,,,
7.456072,58827,5926127,,168.17121887,0.49314505,177.84335327,,,,,-0.01144603,-0.80525929,-10.44712162,-0.18279436,-2.92533112,0.24445415,-0.16659996,1.63015015,-0.88907308,0.29551458,0.15344046,1.16670036,,,,,,,3,,,,,,,,,
7.466177,58828,5926227,,168.17440796,0.48529589,177.86030579,,,,,-0.31778529,-0.35992706,-9.69773960,0.15120660,-2.34752083,-0.39519441,-0.92469033,1.12464433,0.85518942,0.29519159,0.15200441,1.17013931,,,,,,,3,,,,,,,,,
7.476105,58829,5926327,,168.19494629,0.47864291,177.86926270,,,,,-0.28612003,1.97012091,-9.71737480,0.20111915,-0.06664607,0.10129738,1.16875401,1.23390025,-1.25893727,0.29346535,0.15299127,1.17509377,,,,,,,3,,,,,,,,,
7.486023,58830,5926427,,168.21484375,0.45892435,177.87506104,,,,,-0.18544327,-0.23265129,-10.30327225,0.01947860,-2.33582973,0.22322369,-0.86613202,1.56594797,0.46540093,0.29285738,0.15300325,1.17113292,,,,,,,3,,,,,,,,,
7.496047,58831,5926527,,168.21038818,0.43428847,177.87440491,,,,,-0.67633444,-0.04236573,-9.09031963,0.53851515,-1.92065537,-0.92067242,-1.24496451,0.45123869,1.11669890,0.29292732,0.15108168,1.17209232,,,,,,,3,,,,,,,,,
7.506144,58832,5926627,,168.21960449,0.42960152,177.87440491,,,,,-0.15530556,1.89848602,-9.78792286,0.07387751,-0.14183080,0.15454626,1.29188002,-0.82347093,-1.16599419,0.29279733,0.15252514,1.16914594,,,,,,,3,,,,,,,,,
7.516075,58833,5926727,,168.24749756,0.44567180,177.88841248,,,,,-0.03233578,-0.06613629,-9.95155144,-0.12105685,-2.08941698,-0.08752966,-0.26134091,0.19820148,0.59762181,0.29184756,0.15398087,1.16965902,,,,,,,3,,,,,,,,,
7.526117,58834,5926827,,168.22969055,0.44259480,177.86239624,,,,,-0.34680504,-0.38270217,-8.79063892,0.19990435,-2.17719102,-1.28521609,-2.79382549,-1.03216709,1.71475037,0.29227391,0.15541388,1.16918910,,,,,,,3,,,,,,,,,
7.536037,58835,5926927,,168.22955322,0.45590281,177.85072327,,,,,0.28285763,1.12749481,-10.42071247,-0.40428603,-1.00461125,0.61263871,2.45129342,-0.75816183,-1.62726610,0.29122183,0.15495311,1.16571319,,,,,,,3,,,,,,,,,
7.546113,58836,5927027,,168.27612305,0.46726125,177.86360168,,,,,0.07056209,0.03069574,-10.43765259,-0.22962302,-2.08515978,0.40954375,0.60724912,1.44864460,-0.18653537,0.29181260,0.15494165,1.16917932,,,,,,,3,,,,,,,,,
7.556072,58837,5927127,,168.27566528,0.44234613,177.86006165,,,,,-0.27285427,0.40009007,-8.96326351,0.15039027,-1.43864727,-0.95716012,-3.66429489,-0.29410408,0.99715746,0.29191700,0.15301907,1.17112839,,,,,,,3,,,,,,,,,
7.566128,58838,5927227,,168.25531006,0.45403695,177.84931946,,,,,-0.17328590,0.45624316,-10.16020012,0.03288043,-1.62097061,0.22540569,1.03546916,-0.58878547,-0.43628511,0.29287565,0.15108320,1.17060781,,,,,,,3,,,,,,,,,
7.576150,58839,5927327,,168.28845215,0.45411074,177.86982727,,,,,-0.11353977,-0.05620199,-9.98518276,-0.03865585,-2.08419514,-0.04970527,-1.02641564,2.49887529,-0.90748412,0.29334581,0.15107527,1.17061007,,,,,,,3,,,,,,,,,
7.586162,58840,5927427,,168.27685547,0.43260726,177.88085938,,,,,-0.23248866,1.48095822,-9.63604069,0.14061098,-0.51621771,-0.07752681,-3.24701494,0.82923166,1.08144413,0.29381549,0.15202713,1.17112219,,,,,,,3,,,,,,,,,
7.596166,58841,5927527,,168.25733948,0.42052689,177.86474609,,,,,-0.42120829,-0.14234363,-10.17819786,0.26551509,-2.21793032,0.12344730,2.40894283,0.09740045,-1.17375606,0.29344916,0.15107223,1.17357910,,,,,,,3,,,,,,,,,
7.606027,58842,5927627,,168.32119751,0.42191440,177.89913940,,,,,-0.19159871,-0.34569615,-9.62236118,0.03947520,-2.29011941,-0.46122003,1.19543796,0.54497770,-2.00389853,0.29519260,0.15008488,1.16911936,,,,,,,3,,,,,,,,,
7.616073,58843,5927727,,168.33618164,0.41201010,177.92292786,,,,,-0.45157573,2.13422585,-9.23489952,0.39323848,0.20885599,-0.33686924,-1.42235125,0.39451058,1.11898157,0.29414681,0.15394281,1.16818571,,,,,,,3,,,,,,,,,
7.626041,58844,5927827,,168.30331421,0.41643408,177.90341187,,,,,-0.40421975,-0.10862311,-9.49384689,0.26195231,-2.04020071,-0.53739583,0.76597914,-1.66450579,-1.51969009,0.29139361,0.15590781,1.17117155,,,,,,,3,,,,,,,,,
7.636137,58845,5927927,,168.33029175,0.44688249,177.90888977,,,,,0.34538272,-0.40224251,-9.81985283,-0.50638729,-2.36459589,-0.28407562,-0.26198925,-1.79738626,-1.10656556,0.29237884,0.15253153,1.17062831,,,,,,,3,,,,,,,,,
7.646187,58846,5928027,,168.34797668,0.45956251,177.91883850,,,,,-0.10280717,1.85096431,-9.91400909,0.01822083,-0.19181615,0.26901746,-1.62171049,1.77455422,1.55792709,0.29185593,0.15446050,1.17016137,,,,,,,3,,,,,,,,,
7.656056,58847,5928127,,168.32313538,0.43757311,177.89324951,,,,,-0.09096537,-0.81065667,-9.68320084,-0.08233416,-2.75244594,-0.49617851,-0.93346701,-1.50823714,-1.54881284,0.28997570,0.15353240,1.16964257,,,,,,,3,,,,,,,,,
7.666071,58848,5928227,,168.33316040,0.45288333,177.90702820,,,,,0.18237457,-0.02404639,-9.95653915,-0.33267170,-2.02833915,-0.07213902,-1.58109723,0.44702564,-1.12074322,0.29206574,0.14869581,1.17303979,,,,,,,3,,,,,,,,,
7.676125,58849,5928327,,168.34361267,0.44084463,177.93582153,,,,,-0.41867906,2.16787863,-10.08184147,0.34527948,0.07429177,0.49882460,0.02895496,3.29004385,-0.72699904,0.29250881,0.15108807,1.17357457,,,,,,,3,,,,,,,,,
7.686110,58850,5928427,,168.33348083,0.41546720,177.94110107,,,,,-0.07806595,-0.45296076,-9.88057327,-0.08007203,-2.44051957,-0.22955394,-1.14567288,-1.03635602,-2.17258520,0.29315525,0.15300038,1.16618669,,,,,,,3,,,,,,,,,
7.696162,58851,5928527,,168.34024048,0.43644366,177.95954895,,,,,-0.15678345,-0.61491638,-9.53777695,-0.00278918,-2.53181100,-0.59917951,-1.23925960,0.76756428,-0.60886190,0.29472142,0.15201232,1.17013705,,,,,,,3,,,,,,,,,
7.706193,58852,5928627,,168.34886169,0.43513981,177.98641968,,,,,-0.61182529,1.98256004,-9.78385735,0.53571886,-0.05353558,0.17132354,-0.52641506,2.04077771,-2.28600562,0.29284066,0.15204398,1.17012811,,,,,,,3,,,,,,,,,
7.716094,58853,5928727,,168.35949707,0.40180996,178.00881958,,,,,-0.18777597,0.73140442,-10.12007999,0.06905630,-1.32964945,0.24468863,-1.09261778,-0.94432296,-1.52712560,0.28866953,0.15163356,1.17158496,,,,,,,3,,,,,,,,,
7.726201,58854,5928827,,168.34638977,0.41469491,178.02114868,,,,,-0.40970817,-0.44741872,-8.89671135,0.27009276,-2.24631476,-1.19018555,-2.10420263,-0.08368921,-1.20515742,0.28790930,0.15308371,1.17754126,,,,,,,3,,,,,,,,,
7.736133,58855,5928927,,168.35594177,0.42495281,178.03771973,,,,,-0.04230492,0.84232140,-9.64355278,-0.06714702,-1.11854959,-0.20030868,1.96135563,-0.12132700,-2.86971657,0.28959164,0.15353778,1.17211449,,,,,,,3,,,,,,,,,
7.746120,58856,5929027,,168.39433289,0.43278441,178.07368469,,,,,0.13052545,0.37706107,-10.11787415,-0.26303071,-1.65788412,0.16947198,1.77517844,-0.86533486,-1.45698010,0.29207706,0.15302028,1.16222358,,,,,,,3,,,,,,,,,
7.756061,58857,5929127,,168.41473389,0.44447815,178.06365967,,,,,-0.12596685,-0.12853818,-9.04510880,-0.00689515,-1.94347143,-0.98003328,0.23647030,0.60317283,-0.76720137,0.29359937,0.15347312,1.16570175,,,,,,,3,,,,,,,,,
7.766181,58858,5929227,,168.43066406,0.44389188,178.08213806,,,,,-0.02538711,0.78564632,-10.33630180,-0.09730345,-1.29701376,0.46823072,3.92221692,1.47591338,-4.56710588,0.29343143,0.15203252,1.17359424,,,,,,,3,,,,,,,,,
7.776091,58859,5929327,,168.49670410,0.44562119,178.13833618,,,,,-0.11194849,0.32253420,-10.37163258,-0.02502710,-1.75211418,0.41325438,3.11172341,-0.30035181,-3.44994584,0.29006338,0.15065056,1.17058682,,,,,,,3,,,,,,,,,
7.786206,58860,5929427,,168.50753784,0.45435357,178.17045593,,,,,-0.26915404,0.57270598,-9.04223442,0.15748358,-1.24834466,-0.83975208,-3.36883435,0.21681893,-2.64585221,0.28900138,0.15258947,1.16813850,,,,,,,3,,,,,,,,,
7.796129,58861,5929527,,168.47164917,0.45782518,178.18417358,,,,,-0.22551037,0.56155711,-10.09372234,0.10033442,-1.46875238,0.18777931,-0.24442859,1.06606489,-3.30060973,0.28602958,0.15119584,1.17651236,,,,,,,3,,,,,,,,,
7.806128,58862,5929627,,168.50061035,0.45448169,178.23861694,,,,,-0.24700712,-0.14277056,-10.19923115,0.10143036,-2.17607117,0.15261459,1.87102403,-0.39735551,-4.80881390,0.28563666,0.15168136,1.17899191,,,,,,,3,,,,,,,,,
7.816081,58863,5929727,,168.54035950,0.45451084,178.29286194,,,,,-0.21981126,1.48431456,-9.38304329,0.13247739,-0.41528451,-0.32203329,-1.75822068,-0.04200702,-3.28029739,0.28813776,0.15404266,1.17112565,,,,,,,3,,,,,,,,,
7.826116,58864,5929827,,168.52571106,0.44940960,178.31765747,,,,,-0.49347466,0.58694416,-9.45832634,0.38256159,-1.31711733,-0.42610466,0.86541213,2.13837663,-3.09582209,0.28623042,0.15551475,1.17113936,,,,,,,3,,,,,,,,,
7.836089,58865,5929927,,168.55328369,0.44293877,178.35308838,,,,,-0.35401800,-0.98704678,-9.33408928,0.20333695,-2.82521915,-0.86028838,3.01426323,-1.61308759,-4.80930780,0.28620431,0.15599538,1.17065215,,,,,,,3,,,,,,,,,
7.846071,58866,5930027,,168.60980225,0.47571090,178.41052246,,,,,-0.02103853,1.60976291,-9.29456329,-0.06191646,-0.25643885,-0.38442290,0.72614073,-0.18623463,-3.01291128,0.28987181,0.15449521,1.16718352,,,,,,,3,,,,,,,,,
7.856116,58867,5930127,,168.60598755,0.47962955,178.42796326,,,,,-0.12646820,1.39501023,-10.16319942,0.02564697,-0.63967323,0.42389762,1.16554809,2.48009868,-2.95680341,0.28999242,0.15449166,1.17064738,,,,,,,3,,,,,,,,,
7.866170,58868,5930227,,168.61840820,0.46634820,178.44665527,,,,,0.08567223,-1.35961592,-9.88379002,-0.25289333,-3.27632141,-0.39561892,2.01183051,-2.17767348,-4.75793069,0.28849468,0.15643747,1.16918635,,,,,,,3,,,,,,,,,
7.876147,58869,5930327,,168.66125488,0.50082791,178.50062561,,,,,0.04124950,0.49151191,-9.78228474,-0.16144121,-1.43915606,-0.12798500,0.48350183,0.90057143,-3.99835347,0.28693396,0.15406033,1.17705703,,,,,,,3,,,,,,,,,
7.886061,58870,5930427,,168.68243408,0.49993032,178.54667664,,,,,-0.38022396,1.85766351,-9.92370319,0.28980619,-0.13326302,0.28281605,-0.18625731,2.17669058,-4.89417589,0.28708798,0.15597530,1.18253052,,,,,,,3,,,,,,,,,
7.896151,58871,5930527,,168.67144775,0.48297259,178.59098816,,,,,-0.19950406,-0.34294665,-10.00383568,0.05874831,-2.30408072,-0.07241714,-1.16251837,-1.07310489,-4.43293578,0.28786495,0.15548441,1.17757905,,,,,,,3,,,,,,,,,
7.906213,58872,5930627,,168.67330933,0.51087677,178.63935852,,,,,-0.16642024,-0.10885977,-9.70286560,0.03515829,-2.01322222,-0.32220519,-0.05398483,0.54566381,-4.77251315,0.28836957,0.15547548,1.17857087,,,,,,,3,,,,,,,,,
7.916033,58873,5930727,,168.71025085,0.52234972,178.70385742,,,,,-0.25880495,1.51213527,-9.98889256,0.15684307,-0.47602051,0.27837753,1.84421682,1.23941691,-6.71449089,0.28917110,0.15738325,1.17563653,,,,,,,3,,,,,,,,,
7.926077,58874,5930827,,168.74163818,0.50003999,178.76803589,,,,,-0.38227117,0.48029432,-10.08024502,0.26226664,-1.50292337,0.16735435,1.33044753,0.88461803,-4.29460012,0.28865862,0.15595277,1.17363238,,,,,,,3,,,,,,,,,
7.936185,58875,5930927,,168.74676514,0.50085729,178.80456543,,,,,-0.40489808,-0.27081320,-9.00665379,0.28683358,-2.02948976,-1.03180635,-1.60635975,0.76978905,-4.45108914,0.28500050,0.15601304,1.17658353,,,,,,,3,,,,,,,,,
7.946096,58876,5931027,,168.74421692,0.50990659,178.85462952,,,,,-0.39768848,1.23544872,-9.67524052,0.29635409,-0.68200541,-0.08212519,0.69686344,-0.52796108,-5.79226167,0.28545344,0.15600564,1.17609084,,,,,,,3,,,,,,,,,
7.956112,58877,5931127,,168.76783752,0.52807444,178.92549133,,,,,-0.26987383,0.93540090,-10.07370949,0.15780124,-1.04770529,0.24995494,1.28547543,-0.91954132,-5.78863954,0.28439096,0.15890433,1.17415237,,,,,,,3,,,,,,,,,
7.966174,58878,5931227,,168.76525879,0.54135704,178.96815491,,,,,0.25671652,0.01252795,-9.29948711,-0.37557730,-1.79522061,-0.69707990,-4.40515868,-1.03113456,-4.51313757,0.28244179,0.15797824,1.17165422,,,,,,,3,,,,,,,,,
7.976195,58879,5931327,,168.72294617,0.56257153,179.00047302,,,,,-0.34744385,0.24318683,-9.32401276,0.23151080,-1.58862090,-0.62056696,-2.15258812,1.19912060,-4.41369087,0.28284845,0.15460713,1.18149805,,,,,,,3,,,,,,,,,
7.986200,58880,5931427,,168.72947693,0.56926018,179.05175781,,,,,0.04378828,0.45499051,-10.24172497,-0.17054248,-1.55247557,0.31603181,0.79050416,-0.12277125,-7.34015841,0.28430080,0.15698154,1.18401670,,,,,,,3,,,,,,,,,
7.996114,58881,5931527,,168.77006531,0.57813913,179.13516235,,,,,0.15069668,0.38129261,-10.23709202,-0.27505422,-1.61940575,0.29706240,-1.92310721,2.15289548,-6.45037857,0.28461698,0.15505867,1.17854548,,,,,,,3,,,,,,,,,
8.006174,58882,5931627,,168.75244141,0.56726372,179.19296265,,,,,-0.51309991,1.06082296,-9.33930111,0.40972182,-0.78779382,-0.44470727,-2.19378270,2.01138356,-4.56809882,0.28461698,0.15505867,1.17854548,,,,,,,3,,,,,,,,,
8.016105,58883,5931727,,168.73344421,0.56201071,179.23719788,,,,,-0.31454363,0.51139319,-10.00803375,0.19633240,-1.45419168,0.10218346,0.75828445,-0.07649067,-8.08943273,0.28305921,0.15652637,1.17509758,,,,,,,3,,,,,,,,,
8.026131,58884,5931827,,168.76647949,0.58819193,179.33253479,,,,,-0.05242207,-0.74955696,-10.58907986,-0.08177963,-2.79604244,0.42490101,2.00704981,1.42534245,-7.79627418,0.28164813,0.15750988,1.17560089,,,,,,,3,,,,,,,,,
8.036096,58885,5931927,,168.80485535,0.59130979,179.41613770,,,,,-0.37956896,0.99383175,-9.37472057,0.27405035,-0.85022587,-0.42182100,-1.44152583,-0.42869618,-5.59980871,0.28304094,0.15844642,1.17562270,,,,,,,3,,,,,,,,,
8.046180,58886,5932027,,168.78695679,0.59606707,179.46124268,,,,,-0.45739099,1.95555115,-9.33310509,0.35846066,0.09964716,-0.27569437,-1.86129400,-0.76161022,-5.57089908,0.27958572,0.15898651,1.17116106,,,,,,,3,,,,,,,,,
8.056218,58887,5932127,,168.76976013,0.60119551,179.50984192,,,,,-0.37133983,-0.62070233,-10.04724312,0.24858928,-2.56604958,-0.07816529,0.32728879,1.08958475,-7.04682313,0.27520284,0.15857640,1.18003821,,,,,,,3,,,,,,,,,
8.066198,58888,5932227,,168.79409790,0.61069643,179.59461975,,,,,-0.18054676,0.10953060,-9.53125191,0.06736660,-1.74673367,-0.44346356,-1.46494356,-1.78429567,-7.07528965,0.27810174,0.15804674,1.18202341,,,,,,,3,,,,,,,,,
8.076182,58889,5932327,,168.80316162,0.64002681,179.68338013,,,,,-0.46127117,1.86570549,-9.23377991,0.35854766,0.03442073,-0.38959205,-1.37367217,0.98093768,-6.74464233,0.27949661,0.15514418,1.18000543,,,,,,,3,,,,,,,,,
8.086198,58890,5932427,,168.78518677,0.64148784,179.74089050,,,,,0.06667254,0.93366575,-9.93810844,-0.18159065,-1.01693821,0.11280274,-1.57281221,1.72146498,-8.08798302,0.27939272,0.15610701,1.17754638,,,,,,,3,,,,,,,,,
8.096057,58891,5932527,,168.77569580,0.63754910,179.79910278,,,,,-0.12326588,-0.97279781,-9.51797485,0.01080132,-2.80610514,-0.66820061,-0.29693655,-0.74491703,-6.22340199,0.28068113,0.15896612,1.17561901,,,,,,,3,,,,,,,,,
8.106098,58892,5932627,,168.78408813,0.66768122,179.87347412,,,,,-0.12470938,-0.17552428,-9.51374912,0.01415175,-2.02350926,-0.51740229,-0.96203556,1.62467725,-8.40642181,0.28077614,0.15848346,1.17808568,,,,,,,3,,,,,,,,,
8.116196,58893,5932727,,168.80009460,0.67771512,179.96168518,,,,,-0.01601925,2.04617572,-10.23096848,-0.10636365,0.01994225,0.61901128,-0.18337841,1.44827662,-8.34141292,0.28129017,0.15703462,1.17856014,,,,,,,3,,,,,,,,,
8.126315,58894,5932827,,168.80186462,0.67146468,-179.95159912,,,,,-0.30910268,0.83102912,-10.09624863,0.19097757,-1.14494264,0.25278795,-0.48099350,0.23390255,-8.34599427,0.27987811,0.15993765,1.18008327,,,,,,,3,,,,,,,,,
8.136229,58895,5932927,,168.80024719,0.69143236,-179.87449646,,,,,-0.13306282,-0.86028111,-9.56788540,0.02932405,-2.70446157,-0.59703374,-2.49291425,-0.80999224,-9.54867362,0.27572471,0.15856697,1.18152499,,,,,,,3,,,,,,,,,
8.146177,58896,5933027,,168.78970337,0.72148728,-179.78825378,,,,,-0.51876110,0.53874695,-9.68083382,0.40433553,-1.35236478,-0.20930672,-1.10184195,0.95283412,-7.44420610,0.27396458,0.15859507,1.18497992,,,,,,,3,,,,,,,,,
8.156206,58897,5933127,,168.79971313,0.73256904,-179.69177246,,,,,-0.15333998,1.34254968,-9.81516838,0.02902074,-0.58875442,0.07445085,0.46234644,-0.18170606,-10.46313008,0.27394682,0.15955535,1.18499506,,,,,,,3,,,,,,,,,
8.166137,58898,5933227,,168.82575989,0.74514246,-179.59014893,,,,,-0.17060146,0.25299016,-10.27990532,0.05284780,-1.74546313,0.31922019,-0.65508099,1.55187757,-8.30617341,0.27616045,0.15856005,1.18053758,,,,,,,3,,,,,,,,,
8.176218,58899,5933327,,168.82147217,0.73161978,-179.51322937,,,,,-0.53990030,0.43310016,-9.29404354,0.43458325,-1.37443686,-0.60728419,-2.13545438,1.34572176,-6.74766170,0.27603933,0.15952338,1.17758369,,,,,,,3,,,,,,,,,
8.186197,58900,5933427,,168.79981995,0.72688478,-179.45373535,,,,,-0.49086601,1.34431362,-9.39442921,0.37399215,-0.50190210,-0.33279300,-0.85795415,-0.04506058,-8.70229023,0.27501181,0.16146129,1.17612493,,,,,,,3,,,,,,,,,
8.196213,58901,5933527,,168.80511475,0.74515855,-179.35597229,,,,,-0.41298604,0.10218023,-10.30384636,0.30451444,-1.89574790,0.31621742,0.69435234,2.40268361,-9.31570184,0.27279869,0.16149680,1.18007243,,,,,,,3,,,,,,,,,
8.206145,58902,5933627,,168.83958435,0.75265193,-179.23939514,,,,,-0.16296422,0.19509055,-9.53008556,0.06051528,-1.65406108,-0.42701542,-1.34504930,-2.36973563,-9.30208500,0.27330384,0.16052809,1.18055439,,,,,,,3,,,,,,,,,
8.216133,58903,5933727,,168.82766724,0.79614210,-179.15956116,,,,,-0.26378554,1.34151828,-9.20176315,0.14146318,-0.46592426,-0.52584136,-3.90872132,-1.00477632,-6.80968195,0.27108341,0.15816444,1.18297958,,,,,,,3,,,,,,,,,
8.226217,58904,5933827,,168.76789856,0.82292694,-179.11166382,,,,,-0.25053677,0.73805422,-9.27309799,0.13548581,-1.08065438,-0.57249641,-3.38044802,-0.28284027,-8.40678722,0.26968905,0.16010723,1.18448770,,,,,,,3,,,,,,,,,
8.236114,58905,5933927,,168.75148010,0.84162283,-179.03822327,,,,,-0.24880278,-0.12338722,-9.89283562,0.13918802,-2.04762650,-0.13462031,-0.39079450,-2.06771192,-8.91268311,0.27188495,0.16007221,1.18004525,,,,,,,3,,,,,,,,,
8.246118,58906,5934027,,168.77838135,0.88967431,-178.93669128,,,,,0.01746904,-0.59904379,-10.05367088,-0.11894256,-2.54803753,-0.07212126,-0.02562916,0.24531742,-9.64501343,0.27146694,0.15911883,1.18101764,,,,,,,3,,,,,,,,,
8.256094,58907,5934127,,168.80339050,0.90138030,-178.84344482,,,,,-0.00831972,1.52944946,-9.80291080,-0.13999978,-0.40881467,0.09768558,-2.14568002,-0.29996486,-8.20873991,0.27085790,0.16105035,1.17807662,,,,,,,3,,,,,,,,,
8.266087,58908,5934227,,168.78831482,0.91541833,-178.77770996,,,,,-0.36485225,1.72286355,-9.51438046,0.21412271,-0.15418828,-0.14323580,-0.73088723,-0.16270220,-7.52804753,0.27001408,0.15770420,1.17900884,,,,,,,3,,,,,,,,,
8.276192,58909,5934327,,168.78369141,0.93277186,-178.71487427,,,,,-0.11974511,-0.21000004,-10.31874084,0.00813615,-2.21368837,0.26638997,-0.41896492,0.24057546,-9.00016588,0.26976836,0.15674576,1.18492961,,,,,,,3,,,,,,,,,
8.286103,58910,5934427,,168.78993225,0.95619106,-178.62413025,,,,,-0.44347405,-0.75788742,-9.65819740,0.34936953,-2.61396360,-0.48285711,-0.83327716,-1.91831626,-7.77796500,0.27338165,0.16004592,1.18252623,,,,,,,3,,,,,,,,,
8.296100,58911,5934527,,168.80458069,0.99412084,-178.53276062,,,,,-0.26457486,0.44456023,-9.48268890,0.13784397,-1.40267813,-0.42385447,-0.83640069,-0.30949572,-9.65296207,0.27095240,0.16152744,1.18105316,,,,,,,3,,,,,,,,,
8.306103,58912,5934627,,168.80842590,1.01059103,-178.43048096,,,,,-0.23342024,1.83220017,-9.90652180,0.06110132,-0.12434480,0.26100194,-0.60587278,1.47075893,-8.47547843,0.26868811,0.16060472,1.18300629,,,,,,,3,,,,,,,,,
8.316096,58913,5934727,,168.80709839,1.01373744,-178.35243225,,,,,-0.48779175,1.11192751,-9.85365391,0.33443803,-0.81253475,0.07328749,-0.71437311,-0.94417792,-8.44672590,0.26833171,0.15725014,1.18443561,,,,,,,3,,,,,,,,,
8.331504,58914,5934827,,168.80076599,1.02576995,-178.28961182,,,,,-0.00223287,-0.17325370,-10.23520565,-0.11144164,-2.16368675,0.18936729,-2.43761703,-0.62405688,-7.20004733,0.26824456,0.15917221,1.18298137,,,,,,,3,,,,,,,,,
8.336258,58915,5934927,,168.77952576,1.04465771,-178.21044922,,,,,-0.64587522,-0.03112946,-9.44870186,0.53639466,-1.85374427,-0.54299140,-2.02261111,0.40429184,-6.90396631,0.26779994,0.15965925,1.18397629,,,,,,,3,,,,,,,,,
8.346245,58916,5935027,,168.77642822,1.05842233,-178.13471985,,,,,-0.43093067,1.10535336,-9.33126545,0.27918035,-0.72398156,-0.44118786,-1.80108631,-1.39532867,-9.40782487,0.26637217,0.15968351,1.18347478,,,,,,,3,,,,,,,,,
8.356255,58917,5935127,,168.78894043,1.08063984,-178.03804016,,,,,-0.38322496,0.54871184,-10.07993031,0.24559024,-1.41468120,0.18486309,-0.54269188,1.62104551,-7.40741273,0.26728696,0.15918854,1.18248200,,,,,,,3,,,,,,,,,
8.366244,58918,5935227,,168.80596924,1.08057797,-177.95692444,,,,,-0.38042754,0.59907037,-9.42403793,0.24693951,-1.23467493,-0.44937217,-1.68472240,-1.69011110,-7.58704072,0.26803678,0.16109784,1.17806315,,,,,,,3,,,,,,,,,
8.376252,58919,5935327,,168.78890991,1.10456300,-177.89036560,,,,,-0.16766672,0.76260459,-9.46167278,0.02671951,-1.09181714,-0.38508892,-3.31831529,-0.32971127,-6.58568163,0.26664346,0.16112109,1.17855132,,,,,,,3,,,,,,,,,
8.386256,58920,5935427,,168.74261475,1.12166810,-177.84255981,,,,,-0.52704871,0.84400094,-9.08006859,0.38605654,-0.93099868,-0.73584282,-3.04688058,1.00952725,-6.44369865,0.26771331,0.16062155,1.18201208,,,,,,,3,,,,,,,,,
8.396274,58921,5935527,,168.72050476,1.13354278,-177.78424072,,,,,-0.21753572,0.83229363,-9.77131653,0.06489828,-1.09303927,-0.06831253,-1.15403378,-1.68454919,-8.20242284,0.26668629,0.16159970,1.18004346,,,,,,,3,,,,,,,,,
8.406276,58922,5935627,,168.73402405,1.17156363,-177.68928528,,,,,0.04179899,-0.56658548,-10.34568882,-0.13913408,-2.58510256,0.21813166,-0.18405056,1.42619024,-8.32777815,0.26590148,0.16065119,1.18398249,,,,,,,3,,,,,,,,,
8.416176,58923,5935727,,168.74980164,1.17651749,-177.60658264,,,,,-0.00343875,0.48167133,-9.76439953,-0.13650033,-1.44215381,-0.14819670,-2.96359069,-1.14582912,-6.70338030,0.26598710,0.16160843,1.18696666,,,,,,,3,,,,,,,,,
8.426280,58924,5935827,,168.73008728,1.17759085,-177.55316162,,,,,-0.22597755,1.19269681,-9.45227814,0.06083989,-0.67608190,-0.31004226,-2.49409437,1.79018426,-5.00148243,0.26451600,0.16211382,1.18548298,,,,,,,3,,,,,,,,,
8.436569,58925,5935927,,168.70913696,1.17526269,-177.51113892,,,,,-0.07654095,0.79934365,-9.68021870,-0.07099718,-1.11569893,-0.16636062,-1.44011614,2.07378054,-7.29244101,0.26315865,0.15925674,1.18543100,,,,,,,3,,,,,,,,,
8.446169,58926,5936027,,168.70521545,1.17039907,-177.43933105,,,,,-0.43309167,-0.09490824,-9.75190258,0.32671472,-1.99007630,-0.26414013,-0.24269191,0.24185038,-7.44674352,0.26357713,0.15925035,1.18394864,,,,,,,3,,,,,,,,,
8.456136,58927,5936127,,168.73004150,1.18846893,-177.35047913,,,,,-0.08636226,-0.68778992,-9.90627098,0.01194739,-2.61429405,-0.23513889,-0.24497103,2.51354996,-8.30615719,0.26358497,0.16068976,1.18496108,,,,,,,3,,,,,,,,,
8.466123,58928,5936227,,168.74942017,1.18292105,-177.25572205,,,,,-0.29320696,1.00088310,-9.65081406,0.13805740,-0.89793837,-0.15007067,-1.33575224,1.63664790,-6.60838902,0.26536238,0.16066113,1.18200099,,,,,,,3,,,,,,,,,
8.476219,58929,5936327,,168.74037170,1.18727565,-177.18882751,,,,,-0.50196499,1.74940717,-9.40426350,0.30961773,-0.10527486,-0.24264300,-1.18153148,1.11033369,-6.35736634,0.26352546,0.15925187,1.18246412,,,,,,,3,,,,,,,,,
8.486162,58930,5936427,,168.73037720,1.18004310,-177.13160706,,,,,-0.05151882,1.32562733,-10.45920372,-0.12686715,-0.75210238,0.69916928,-1.97862875,1.77497535,-7.23421706,0.26172099,0.16168067,1.18595684,,,,,,,3,,,,,,,,,
8.496204,58931,5936527,,168.71647644,1.17430055,-177.06707764,,,,,-0.40855670,0.05782167,-9.98323441,0.30424070,-1.88343465,-0.00663519,-1.25180783,0.07060231,-5.97795744,0.26035374,0.16122326,1.18693233,,,,,,,3,,,,,,,,,
8.506129,58932,5936627,,168.70468140,1.18735898,-177.00831604,,,,,-0.12288565,-0.39795431,-9.64306927,0.04958862,-2.28081942,-0.43682146,-3.39094859,0.05110103,-7.78709611,0.25848287,0.15885524,1.18589592,,,,,,,3,,,,,,,,,
8.516137,58933,5936727,,168.68618774,1.20693707,-176.92568970,,,,,-0.56999528,0.53233010,-9.60756969,0.44340688,-1.34177780,-0.28134108,-1.93115595,1.28462881,-6.30614419,0.25857687,0.16029210,1.18938255,,,,,,,3,,,,,,,,,
8.526156,58934,5936827,,168.69168091,1.20449865,-176.84814453,,,,,-0.31341079,1.27671385,-9.46406651,0.14474411,-0.59746790,-0.27980840,-1.09186305,-0.29292317,-8.34945035,0.25658339,0.16176672,1.18692195,,,,,,,3,,,,,,,,,
8.536100,58935,5936927,,168.70359802,1.20630622,-176.75857544,,,,,-0.27668720,0.49861974,-10.29669666,0.15032418,-1.52317166,0.38384461,-1.24221045,2.21241012,-6.74132286,0.25614032,0.15937445,1.18638718,,,,,,,3,,,,,,,,,
8.546160,58936,5937027,,168.70306396,1.20225847,-176.68402100,,,,,-0.54456252,0.57110965,-9.26791668,0.42306983,-1.23384821,-0.60630345,-2.50159691,-0.75895717,-6.70030160,0.25844741,0.16077580,1.18592620,,,,,,,3,,,,,,,,,
8.556071,58937,5937127,,168.68255615,1.21884942,-176.62852478,,,,,-0.18126130,0.76007247,-9.43339443,0.04715520,-1.10567379,-0.41497624,-3.22459527,-0.60289706,-6.13489256,0.25902146,0.15980507,1.18838751,,,,,,,3,,,,,,,,,
8.566152,58938,5937227,,168.63604736,1.24848628,-176.58540344,,,,,-0.53427190,0.92199558,-8.99885464,0.39035672,-0.84773993,-0.80118215,-2.82531458,0.20907008,-5.13369867,0.25842670,0.15789124,1.19725990,,,,,,,3,,,,,,,,,
8.576143,58939,5937327,,168.61592102,1.25717545,-176.53996277,,,,,-0.26095495,1.05871499,-9.65658283,0.09917399,-0.86403775,-0.13695335,-1.52965320,-1.83977122,-6.72850516,0.25838336,0.15837239,1.19627786,,,,,,,3,,,,,,,,,
8.586160,58940,5937427,,168.60800171,1.29985523,-176.47328186,,,,,-0.06057274,-0.29575425,-10.20126724,-0.02017621,-2.31120467,0.12552285,-1.75462533,0.46659141,-6.29023796,0.25829569,0.16125423,1.19533348,,,,,,,3,,,,,,,,,
8.596087,58941,5937527,,168.61828613,1.31519771,-176.39485168,,,,,0.01987743,0.23019756,-9.98282909,-0.13690248,-1.75919843,0.01175439,-2.85937759,-2.30786180,-6.96303379,0.25783387,0.16174178,1.19583368,,,,,,,3,,,,,,,,,
8.606292,58942,5937627,,168.61103821,1.33448398,-176.32762146,,,,,-0.12529127,0.59116560,-9.81502342,-0.01311001,-1.36389410,-0.07671189,-2.78073500,1.06755430,-5.87955320,0.25683343,0.16127948,1.19384229,,,,,,,3,,,,,,,,,
8.616296,58943,5937727,,168.59802246,1.33518505,-176.28442383,,,,,-0.13355629,1.13848746,-9.58160877,-0.04017195,-0.78367782,-0.19781697,-3.02766726,0.55473494,-5.91215838,0.25598860,0.15985288,1.19579446,,,,,,,3,,,,,,,,,
8.626173,58944,5937827,,168.57456970,1.33629477,-176.24783325,,,,,-0.40569034,0.99761200,-9.40853977,0.24415430,-0.87085229,-0.38870692,-0.88382530,-0.15647054,-4.89488367,0.25824451,0.16029598,1.19333899,,,,,,,3,,,,,,,,,
8.636168,58945,5937927,,168.56945801,1.35301888,-176.20133972,,,,,-0.15623388,-0.07884269,-10.11406517,0.06347579,-2.08274102,0.08360398,-0.72479476,0.85885958,-6.50306452,0.25585181,0.15793739,1.19081593,,,,,,,3,,,,,,,,,
8.646157,58946,5938027,,168.57818604,1.36717701,-176.13172913,,,,,-0.46420196,0.03789818,-9.90656662,0.35936624,-1.90550399,-0.08985138,-0.46258054,-2.05144668,-6.13133147,0.25674987,0.15648317,1.18881834,,,,,,,3,,,,,,,,,
8.656147,58947,5938127,,168.59040833,1.40666652,-176.06100464,,,,,-0.08528422,-0.01609650,-9.92479515,-0.01547948,-1.98639441,-0.09148598,-1.09352716,-0.48604656,-6.68857800,0.25585181,0.15793739,1.19081593,,,,,,,3,,,,,,,,,
8.666245,58948,5938227,,168.59426880,1.43524468,-175.98937988,,,,,-0.29005039,1.23787987,-9.76157188,0.09417140,-0.71393198,0.00267577,-1.76016227,-1.39814986,-6.15733784,0.25457120,0.15651768,1.19375551,,,,,,,3,,,,,,,,,
8.676163,58949,5938327,,168.58551025,1.44864941,-175.93150330,,,,,-0.50266045,1.49833107,-9.34553623,0.28903377,-0.36140609,-0.34885955,-1.52413473,-0.57629246,-5.68684709,0.25416994,0.15652357,1.19573271,,,,,,,3,,,,,,,,,
8.686212,58950,5938427,,168.56909180,1.46074915,-175.88618469,,,,,-0.10075404,1.02867031,-10.38182640,-0.08785999,-1.05895472,0.56280851,-2.10096469,-0.00379856,-5.77571981,0.25362095,0.15893319,1.19477856,,,,,,,3,,,,,,,,,
8.696234,58951,5938527,,168.55465698,1.46099567,-175.83294678,,,,,-0.45727137,0.61717451,-10.02274513,0.30265650,-1.36534429,0.13932896,-1.18008508,-0.61271487,-4.99234577,0.25542441,0.15842393,1.19230568,,,,,,,3,,,,,,,,,
8.706206,58952,5938627,,168.56130981,1.47199976,-175.78955078,,,,,0.07029381,-0.35936633,-10.12897587,-0.14654183,-2.37885523,0.03624141,-1.05853119,0.29143873,-6.03343010,0.25587839,0.15649697,1.19079328,,,,,,,3,,,,,,,,,
8.716238,58953,5938727,,168.55857849,1.48585498,-175.72651672,,,,,-0.56325895,-0.03043137,-9.64242077,0.46317235,-1.91304648,-0.35895967,-0.81276097,0.33964204,-4.58298052,0.25496310,0.15795171,1.19229591,,,,,,,3,,,,,,,,,
8.726347,58954,5938827,,168.57101440,1.49618793,-175.67576599,,,,,-0.24328434,0.74476188,-9.46358776,0.08213711,-1.14228129,-0.38895154,-0.48138629,-0.77910895,-6.36363987,0.25491089,0.15891300,1.19132137,,,,,,,3,,,,,,,,,
8.736229,58955,5938927,,168.59754944,1.52022421,-175.60253906,,,,,-0.47763622,0.96869069,-9.76283741,0.29511580,-0.96151459,-0.04406190,0.72645294,0.73240284,-5.05205785,0.25254327,0.15799330,1.19030547,,,,,,,3,,,,,,,,,
8.746314,58956,5939027,,168.61798096,1.51347101,-175.53706360,,,,,-0.62507641,1.27633178,-9.54943466,0.41823506,-0.60299003,-0.18772364,-0.22489641,-0.89827574,-6.71987180,0.25162745,0.16040780,1.19231808,,,,,,,3,,,,,,,,,
8.756273,58957,5939127,,168.62963867,1.51580369,-175.48049927,,,,,-0.24135457,0.47644362,-10.23036098,0.09616444,-1.54688478,0.31040621,-0.16422551,0.79532356,-4.77997684,0.25258505,0.16039145,1.19281745,,,,,,,3,,,,,,,,,
8.766184,58958,5939227,,168.63819885,1.52825236,-175.43197632,,,,,-0.42395219,0.55416489,-9.22278786,0.27995801,-1.25499237,-0.65662313,-0.66481411,-1.81307862,-5.29980631,0.25223699,0.15751652,1.19474924,,,,,,,3,,,,,,,,,
8.776145,58959,5939327,,168.64266968,1.54582322,-175.39691162,,,,,-0.16656362,0.47997567,-9.48156071,0.02667153,-1.39840174,-0.42387652,0.17894717,-0.68302740,-5.13330124,0.24941638,0.15660425,1.19422579,,,,,,,3,,,,,,,,,
8.786126,58960,5939427,,168.65124512,1.57361746,-175.35020447,,,,,-0.50829238,0.56448919,-9.26624870,0.35904628,-1.24316430,-0.60802436,2.04666490,0.66340518,-4.69281594,0.24855125,0.16093676,1.19874287,,,,,,,3,,,,,,,,,
8.796153,58961,5939527,,168.68331909,1.58221042,-175.30763245,,,,,-0.29659599,0.90478492,-9.45590782,0.11340630,-0.96059573,-0.36107075,3.32676082,-1.29300305,-5.75483608,0.25125074,0.16281234,1.19631231,,,,,,,3,,,,,,,,,
8.806113,58962,5939627,,168.73559570,1.60777712,-175.24191284,,,,,-0.07246758,0.19363663,-10.22542095,-0.05637364,-1.81474102,0.24990928,5.74632481,1.59701477,-5.38220785,0.25435355,0.16084298,1.18986487,,,,,,,3,,,,,,,,,
8.816161,58963,5939727,,168.82046509,1.60616708,-175.18606567,,,,,-0.14965306,0.86511469,-10.08984089,-0.04128343,-1.11358213,0.25023651,6.00988473,-1.36156790,-6.01999683,0.25526732,0.16226757,1.18989205,,,,,,,3,,,,,,,,,
8.826277,58964,5939827,,168.89784241,1.62793481,-175.12351990,,,,,-0.03723333,0.11534671,-10.27313137,-0.08904371,-1.87749600,0.28565884,5.73798301,0.93753076,-5.06693187,0.25428158,0.16660361,1.19094527,,,,,,,3,,,,,,,,,
8.836175,58965,5939927,,168.96408081,1.63261521,-175.07138062,,,,,-0.20813693,0.75273490,-9.64785862,0.02799881,-1.10880375,-0.20128989,3.41143168,-1.34135972,-5.45727547,0.25061509,0.16618426,1.19339395,,,,,,,3,,,,,,,,,
8.846245,58966,5940027,,168.99760437,1.65383875,-175.03289795,,,,,-0.25727931,0.67461157,-9.50392723,0.08349854,-1.14705586,-0.35431683,2.74742118,-1.14575356,-4.26957942,0.24739374,0.16431810,1.19433784,,,,,,,3,,,,,,,,,
8.856158,58967,5940127,,169.02029419,1.67660677,-175.01527405,,,,,-0.16321121,0.65545958,-9.58158588,-0.01164120,-1.18567121,-0.28328490,2.44042723,-0.36574985,-4.50027034,0.24615444,0.16625632,1.20029938,,,,,,,3,,,,,,,,,
8.866202,58968,5940227,,169.05796814,1.68892348,-174.98101807,,,,,-0.53707838,0.48914751,-9.34699059,0.37458354,-1.26384664,-0.53352046,4.01887050,-2.21071452,-4.05018052,0.24872397,0.16957536,1.19492245,,,,,,,3,,,,,,,,,
8.876274,58969,5940327,,169.12275696,1.71495545,-174.93019104,,,,,-0.07495339,-0.14043777,-10.08193779,-0.03659490,-2.04924989,0.05742681,6.25680802,1.45753825,-5.96583343,0.24852660,0.16814154,1.18846691,,,,,,,3,,,,,,,,,
8.886159,58970,5940427,,169.21276855,1.71629369,-174.85891724,,,,,-0.44735214,0.51773709,-10.01879311,0.26957947,-1.34577894,0.13233018,6.85213841,-0.96262552,-5.62874353,0.24989332,0.16955870,1.18800139,,,,,,,3,,,,,,,,,
8.896235,58971,5940527,,169.30316162,1.73454821,-174.79479980,,,,,-0.00142677,0.23278841,-9.92473888,-0.14467978,-1.63196778,-0.02311778,6.40900812,1.11018482,-5.50360336,0.25322744,0.16998193,1.18950915,,,,,,,3,,,,,,,,,
8.906196,58972,5940627,,169.38943481,1.74355912,-174.73841858,,,,,-0.35243738,1.10030365,-9.73336887,0.12026630,-0.70141065,-0.03867316,5.98056956,-0.41186342,-4.17366564,0.25101432,0.17001745,1.19345665,,,,,,,3,,,,,,,,,
8.916261,58973,5940727,,169.46334839,1.75067890,-174.69953918,,,,,-0.56643987,1.08036339,-9.41091633,0.33694765,-0.62670159,-0.35297477,7.21297005,-0.03420324,-4.12335532,0.24521449,0.17491582,1.19152617,,,,,,,3,,,,,,,,,
8.926243,58974,5940827,,169.53578186,1.76205003,-174.67127991,,,,,-0.35623679,1.23492277,-10.10540867,0.10052902,-0.61048067,0.35151196,7.12678843,-0.61291818,-3.85796875,0.24879381,0.17725725,1.18762302,,,,,,,3,,,,,,,,,
8.936242,58975,5940927,,169.61169434,1.77147472,-174.64115906,,,,,-0.49889433,1.09757710,-9.82718182,0.25517809,-0.66666794,0.05910695,8.34898589,-2.09925331,-3.74104231,0.24841863,0.17678249,1.19008744,,,,,,,3,,,,,,,,,
8.946251,58976,5941027,,169.69729614,1.79777110,-174.61738586,,,,,0.11216725,0.24143781,-10.35053921,-0.27727431,-1.64429128,0.40394616,7.47130317,-1.31110220,-4.70658645,0.24782786,0.17679395,1.18662119,,,,,,,3,,,,,,,,,
8.956250,58977,5941127,,169.77531433,1.81798875,-174.57066345,,,,,-0.51388347,-0.01141548,-9.80780411,0.37180936,-1.72098494,-0.15225315,7.43568886,-1.86847445,-3.95482809,0.25011671,0.18011534,1.18668532,,,,,,,3,,,,,,,,,
8.966288,58978,5941227,,169.86326599,1.84747529,-174.52644348,,,,,0.05148413,-0.13284691,-10.02899075,-0.18584156,-1.91949439,0.02690673,6.57844206,-1.16421524,-5.56183201,0.24869625,0.18253876,1.18770623,,,,,,,3,,,,,,,,,
8.976236,58979,5941327,,169.94276428,1.87649035,-174.46652222,,,,,-0.44855499,0.40498757,-9.74108696,0.25770709,-1.28175497,-0.14354038,5.77133141,-0.97178235,-3.65481373,0.24681552,0.18257041,1.18769729,,,,,,,3,,,,,,,,,
8.986208,58980,5941427,,170.01802063,1.87942195,-174.42301941,,,,,-0.27657816,0.93001777,-9.39064598,0.03643127,-0.70948887,-0.40097988,5.47627321,-0.59466071,-5.07863369,0.24543002,0.18403307,1.18919778,,,,,,,3,,,,,,,,,
8.996214,58981,5941527,,170.07550049,1.88946426,-174.37545776,,,,,-0.31179669,1.02105665,-9.87821484,0.05497418,-0.69361645,0.09573638,4.35922737,0.92728494,-3.27913113,0.24598685,0.18306285,1.19116426,,,,,,,3,,,,,,,,,
9.006229,58982,5941627,,170.13565063,1.88500869,-174.34477234,,,,,-0.61791474,1.24313498,-9.36880875,0.34075138,-0.34566906,-0.35675383,5.42801110,-1.11442295,-4.40837015,0.24680510,0.18592985,1.18923473,,,,,,,3,,,,,,,,,
9.016297,58983,5941727,,170.19557190,1.89380229,-174.31224060,,,,,-0.19024442,0.75168031,-10.27081203,-0.04725496,-1.01573634,0.43383718,5.19729328,0.07511507,-3.36578190,0.24569142,0.18787029,1.18530166,,,,,,,3,,,,,,,,,
9.026378,58984,5941827,,170.24087524,1.89873922,-174.27731323,,,,,-0.58389151,0.45609120,-9.54525471,0.38431859,-1.13374829,-0.31603456,4.32412489,-0.79147021,-4.11651232,0.24711086,0.18736641,1.18530071,,,,,,,3,,,,,,,,,
9.036231,58985,5941927,,170.29583740,1.90354896,-174.24081421,,,,,-0.13299848,0.24124178,-10.01639938,-0.04931980,-1.46111870,0.09794390,4.26353727,-0.32552423,-4.46195939,0.24771988,0.18543491,1.18824196,,,,,,,3,,,,,,,,,
9.046279,58986,5942027,,170.34191895,1.92080736,-174.19578552,,,,,-0.52883655,0.16980840,-9.60890388,0.35600829,-1.41389632,-0.30198705,4.46929672,0.15892477,-3.32583831,0.24677014,0.18689063,1.18875492,,,,,,,3,,,,,,,,,
9.056154,58987,5942127,,170.39965820,1.93004823,-174.15538025,,,,,-0.26778588,0.99002570,-9.59089565,0.00480717,-0.62450880,-0.18999302,4.05267311,-1.37947762,-5.31601990,0.24661304,0.19073427,1.18634117,,,,,,,3,,,,,,,,,
9.066187,58988,5942227,,170.45291138,1.94605327,-174.09851074,,,,,-0.34670490,0.79060543,-9.96815777,0.10130692,-0.86656839,0.15136635,4.25882188,1.86581601,-2.93503325,0.24605671,0.19074471,1.18386471,,,,,,,3,,,,,,,,,
9.076219,58989,5942327,,170.51116943,1.93575799,-174.05625916,,,,,-0.44733933,1.31689584,-9.78114700,0.14368132,-0.29953483,0.05974388,3.26959939,-1.42758936,-4.97279735,0.24599667,0.19026661,1.18187773,,,,,,,3,,,,,,,,,
9.086218,58990,5942427,,170.55848694,1.94261491,-174.00407410,,,,,-0.26357627,0.50592071,-10.31421089,0.04286994,-1.19367337,0.44561553,2.90873189,1.80331081,-3.67749252,0.24574208,0.18978831,1.18780613,,,,,,,3,,,,,,,,,
9.096180,58991,5942527,,170.59219360,1.92785823,-173.97198486,,,,,-0.43132332,0.83097667,-9.75804520,0.18288261,-0.75955069,-0.04432642,0.77752622,-1.12683319,-3.98819868,0.24573271,0.19122823,1.18832362,,,,,,,3,,,,,,,,,
9.106234,58992,5942627,,170.61354065,1.93457532,-173.93942261,,,,,-0.02209028,0.17143992,-9.91019058,-0.15420964,-1.47039747,-0.01524293,1.60347815,0.29958925,-2.38221118,0.24516700,0.19267857,1.18636465,,,,,,,3,,,,,,,,,
9.116178,58993,5942727,,170.63307190,1.95409489,-173.92248535,,,,,-0.33243409,0.49183568,-9.42082596,0.12412775,-1.03950596,-0.43411636,0.69506374,-1.03790157,-3.20646688,0.24439055,0.19220971,1.19080627,,,,,,,3,,,,,,,,,
9.126361,58994,5942827,,170.64489746,1.95984602,-173.89556885,,,,,-0.51658869,0.60385180,-9.31443977,0.29580119,-0.89053875,-0.51428914,1.80259023,-0.29219771,-2.66248180,0.24595079,0.19554660,1.18344545,,,,,,,3,,,,,,,,,
9.136268,58995,5942927,,170.66790771,1.97265899,-173.87500000,,,,,-0.50760520,0.52881569,-9.48128986,0.29087073,-0.98902321,-0.36164784,1.72531443,1.68417865,-2.81711259,0.24542055,0.19507642,1.18145633,,,,,,,3,,,,,,,,,
9.146240,58996,5943027,,170.69653320,1.96731949,-173.83314514,,,,,-0.54706281,1.05131328,-9.69768429,0.26714444,-0.50325263,-0.06191194,2.47442471,-0.92025679,-4.17543765,0.24634473,0.19314155,1.17994595,,,,,,,3,,,,,,,,,
9.156227,58997,5943127,,170.73306274,1.98182869,-173.79153442,,,,,-0.04181804,0.40656030,-10.12254238,-0.16970795,-1.25371575,0.23609269,2.56176362,1.28194444,-3.44776893,0.24601185,0.19410518,1.18441248,,,,,,,3,,,,,,,,,
9.166197,58998,5943227,,170.77508545,1.97614157,-173.75822449,,,,,-0.41829002,1.04279351,-9.86347961,0.13439041,-0.54038304,0.09663272,1.99180611,-1.66661664,-2.69150883,0.24506108,0.19748046,1.18594539,,,,,,,3,,,,,,,,,
9.176217,58999,5943327,,170.80552673,2.00235820,-173.72512817,,,,,-0.11822324,0.37304765,-9.92833710,-0.09140024,-1.23453093,0.04316020,2.47760758,-0.26564268,-2.99995014,0.24087375,0.19515100,1.18588746,,,,,,,3,,,,,,,,,
9.186190,59000,5943427,,170.83520508,2.00732970,-173.70156860,,,,,-0.43906277,1.00995934,-9.82866764,0.15380466,-0.55504793,0.05678463,0.51150588,-1.52621911,-1.81782240,0.24233600,0.19512574,1.18737864,,,,,,,3,,,,,,,,,
9.196237,59001,5943527,,170.84260559,2.01803708,-173.69403076,,,,,-0.26103082,0.65852100,-9.74703503,0.01760437,-0.90374303,-0.08477688,1.09244852,-0.68793281,-1.33115040,0.24555787,0.19603214,1.18592489,,,,,,,3,,,,,,,,,
9.206398,59002,5943627,,170.84796143,2.02562571,-173.68641663,,,,,-0.25564057,0.88737690,-9.78853226,-0.01362786,-0.68649399,-0.00683701,0.29240790,0.33393590,-2.49375116,0.24604580,0.19506393,1.18591201,,,,,,,3,,,,,,,,,
9.216340,59003,5943727,,170.85876465,2.02388549,-173.66886902,,,,,-0.42995107,0.53545010,-9.40085793,0.20469135,-0.94664860,-0.43900108,2.26601323,-0.65720753,-1.86933164,0.24697730,0.19552824,1.18592405,,,,,,,3,,,,,,,,,
9.226343,59004,5943827,,170.87690735,2.03539085,-173.65182495,,,,,-0.01257729,0.38293812,-10.06263542,-0.20354490,-1.24764836,0.17497575,0.85140741,1.31124157,-3.03358946,0.24496505,0.19988266,1.18449867,,,,,,,3,,,,,,,,,
9.236402,59005,5943927,,170.90666199,2.03330684,-173.61726379,,,,,-0.47455138,0.64133936,-9.90532303,0.22630763,-0.91198152,0.07683086,1.98482821,-0.21995681,-1.57798223,0.24352004,0.19990741,1.18350232,,,,,,,3,,,,,,,,,
9.246299,59006,5944027,,170.93841553,2.03477812,-173.59739685,,,,,0.10069027,0.06982921,-10.10554600,-0.28128004,-1.56442869,0.16419864,0.89264297,1.26242525,-2.18874202,0.24311927,0.19895352,1.18496943,,,,,,,3,,,,,,,,,
9.256179,59007,5944127,,170.96524048,2.02416945,-173.57011414,,,,,-0.43628243,0.36749434,-9.78638458,0.22374119,-1.15646887,-0.08396208,0.44794280,0.45649980,-0.68057392,0.24204057,0.19993319,1.18151617,,,,,,,3,,,,,,,,,
9.266229,59008,5944227,,170.97959900,2.01823545,-173.55647278,,,,,-0.13384518,0.40064487,-9.59784603,-0.07535757,-1.12505519,-0.27512550,-0.26844751,1.35098154,-2.30852646,0.24110958,0.19850911,1.18099427,,,,,,,3,,,,,,,,,
9.276297,59009,5944327,,170.98843384,2.00534153,-173.54374695,,,,,-0.41192919,0.92536891,-9.69486809,0.14050220,-0.59237015,-0.08693922,-0.20424069,1.62963159,-0.42947029,0.24167477,0.19801852,1.18346310,,,,,,,3,,,,,,,,,
9.286416,59010,5944427,,170.98374939,1.99000621,-173.54974365,,,,,-0.42096668,0.93359929,-9.21342850,0.15832338,-0.50623232,-0.56010234,0.40111097,0.78042814,-1.19672502,0.24362391,0.19894460,1.18596137,,,,,,,3,,,,,,,,,
9.296233,59011,5944527,,170.98332214,1.97976983,-173.55004883,,,,,-0.20357469,0.92463756,-9.95623589,-0.06496170,-0.65739679,0.16450512,0.39885567,1.88789139,-0.13281148,0.24452096,0.19940993,1.18498373,,,,,,,3,,,,,,,,,
9.306276,59012,5944627,,170.98536682,1.96601081,-173.54840088,,,,,-0.58028263,0.50697577,-9.58909416,0.36360905,-0.96531498,-0.25074029,1.23864744,0.65504881,-0.58207918,0.24352890,0.19942728,1.18349469,,,,,,,3,,,,,,,,,
9.316343,59013,5944727,,171.01281738,1.96334815,-173.53720093,,,,,0.03149735,0.08865739,-10.53354549,-0.20970196,-1.59175158,0.59522104,1.27624059,1.07302677,-1.85629024,0.24206667,0.19945255,1.18200350,,,,,,,3,,,,,,,,,
9.326343,59014,5944827,,171.04791260,1.95761716,-173.50453186,,,,,-0.38760036,0.14012253,-10.15165424,0.20650972,-1.42578876,0.24128914,2.58996355,0.59066942,-1.22931388,0.24289326,0.20279919,1.18057632,,,,,,,3,,,,,,,,,
9.336220,59015,5944927,,171.09060669,1.95316494,-173.49266052,,,,,0.18213457,0.38303581,-10.14441299,-0.38669631,-1.24614310,0.25345969,0.82286747,0.38955997,-0.94997964,0.24105585,0.20234971,1.18154955,,,,,,,3,,,,,,,,,
9.346291,59016,5945027,,171.11402893,1.95227551,-173.47332764,,,,,-0.30923167,0.69047910,-9.82560349,0.07152256,-0.83289623,0.00439692,0.78213846,1.48739589,0.62534672,0.24120355,0.19994597,1.18448079,,,,,,,3,,,,,,,,,
9.356230,59017,5945127,,171.12907410,1.93293071,-173.47734070,,,,,-0.25550824,0.98228371,-9.45102119,-0.00934505,-0.49153653,-0.32277274,-0.35715073,-0.39980059,-1.34664191,0.24155265,0.20090137,1.18152905,,,,,,,3,,,,,,,,,
9.366327,59018,5945227,,171.13063049,1.93236172,-173.47639465,,,,,-0.20870794,0.78050411,-9.88557816,-0.03616524,-0.76109159,0.07356465,0.43327833,2.42396263,1.18937937,0.24100466,0.20139146,1.17955506,,,,,,,3,,,,,,,,,
9.376355,59019,5945327,,171.13018799,1.90574765,-173.48976135,,,,,-0.47511733,0.79402292,-9.48849773,0.23463649,-0.65627515,-0.30778658,-0.38580329,0.05034823,-0.92333315,0.23971573,0.19949211,1.18199229,,,,,,,3,,,,,,,,,
9.386345,59020,5945427,,171.13941956,1.89996481,-173.48533630,,,,,-0.02450784,0.02113862,-10.13653660,-0.12804461,-1.56480289,0.19884872,0.76777698,2.48672887,0.11338857,0.24058719,0.19947831,1.18001747,,,,,,,3,,,,,,,,,
9.396194,59021,5945527,,171.15682983,1.87989342,-173.47451782,,,,,-0.50368589,0.06289549,-9.50559330,0.35328981,-1.36812139,-0.40195942,0.50720398,1.52334894,-0.77742430,0.24157923,0.19946097,1.18150640,,,,,,,3,,,,,,,,,
9.406302,59022,5945627,,171.17192078,1.87082720,-173.46435547,,,,,-0.00120038,0.19713999,-10.05477810,-0.16718736,-1.37731576,0.14463806,-0.05043802,1.58616501,-0.10842554,0.24148373,0.20090342,1.17954969,,,,,,,3,,,,,,,,,
9.416278,59023,5945727,,171.18334961,1.87200463,-173.45608521,,,,,-0.39700443,0.61351275,-9.61728573,0.18391946,-0.85224813,-0.21003485,0.46976953,1.98158238,0.62482058,0.24109916,0.20186855,1.18253171,,,,,,,3,,,,,,,,,
9.426240,59024,5945827,,171.19723511,1.84829295,-173.45950317,,,,,-0.30441657,1.23467827,-9.69898891,0.01766607,-0.26377469,-0.03687525,0.37653024,-0.41617666,0.06427123,0.24204738,0.20329213,1.18354845,,,,,,,3,,,,,,,,,
9.436238,59025,5945927,,171.20457458,1.84591651,-173.45802307,,,,,-0.26971945,1.05389524,-10.19018269,0.00376976,-0.51786786,0.41904211,1.03080254,3.32021493,0.49747309,0.23741597,0.20048994,1.18397570,,,,,,,3,,,,,,,,,
9.446256,59026,5946027,,171.22235107,1.80695021,-173.46618652,,,,,-0.38811243,1.22953761,-9.98955250,0.10189790,-0.29981899,0.25137269,0.25870241,-0.96104155,-0.67905357,0.23828745,0.20047614,1.18200076,,,,,,,3,,,,,,,,,
9.456379,59027,5946127,,171.22566223,1.81700563,-173.46731567,,,,,0.07226410,0.06638229,-10.47616100,-0.22064084,-1.56669235,0.54149711,0.62936559,1.65043901,1.20500065,0.24010763,0.20092613,1.18053269,,,,,,,3,,,,,,,,,
9.466252,59028,5946227,,171.23512268,1.80381739,-173.48098755,,,,,-0.19990709,-0.08456241,-9.81139946,0.07562360,-1.58042085,-0.12883520,-0.54073893,-0.90938334,0.04654320,0.23965466,0.20093353,1.18102539,,,,,,,3,,,,,,,,,
9.476259,59029,5946327,,171.24253845,1.81239927,-173.48242188,,,,,-0.15088138,-0.25621605,-9.91603088,0.04371426,-1.76907110,-0.05440009,0.03907479,0.38501373,1.10308814,0.23915054,0.19998270,1.17952347,,,,,,,3,,,,,,,,,
9.486263,59030,5946427,,171.25404358,1.81182957,-173.48352051,,,,,-0.31782067,0.25278509,-9.65054893,0.15444520,-1.20719266,-0.23331094,0.19025412,0.96445782,0.17224743,0.23904666,0.20094553,1.17706442,,,,,,,3,,,,,,,,,
9.496282,59031,5946527,,171.27760315,1.79839098,-173.48381042,,,,,-0.30656740,0.87018216,-9.71101189,0.07023609,-0.60843873,-0.07956934,1.25497949,0.08250036,0.82029329,0.24041338,0.20236270,1.17659891,,,,,,,3,,,,,,,,,
9.506239,59032,5946627,,171.29740906,1.79503500,-173.47575378,,,,,-0.18911931,0.73101240,-9.91313934,-0.02990929,-0.78591251,0.09483480,0.72937931,2.18732433,0.07398548,0.23962855,0.20141418,1.18053806,,,,,,,3,,,,,,,,,
9.516241,59033,5946727,,171.31356812,1.76165295,-173.47914124,,,,,-0.54243517,1.22179878,-9.93305779,0.26462734,-0.26433235,0.20098114,0.11990880,-0.62181066,0.82793878,0.23852274,0.20479403,1.17761743,,,,,,,3,,,,,,,,,
9.526354,59034,5946827,,171.31040955,1.75887001,-173.49554443,,,,,-0.12132068,0.31158492,-10.09933758,-0.04603844,-1.23093212,0.21367931,-0.34689562,1.23102826,1.48370961,0.23768523,0.20576657,1.18109202,,,,,,,3,,,,,,,,,
9.536324,59035,5946927,,171.31176758,1.74587274,-173.51660156,,,,,-0.30730158,0.55414248,-9.87986660,0.11419564,-0.93848151,0.03990602,-0.96532664,-0.93133610,1.84825175,0.23636183,0.20386826,1.18253958,,,,,,,3,,,,,,,,,
9.546421,59036,5947027,,171.30935669,1.73692083,-173.53202820,,,,,-0.29807597,0.17251229,-9.68941975,0.15321052,-1.28389037,-0.20689607,0.73765056,1.08394579,1.80534279,0.23480560,0.20245667,1.17756176,,,,,,,3,,,,,,,,,
9.556382,59037,5947127,,171.32746887,1.73801351,-173.54827881,,,,,-0.06890256,0.49361485,-9.90198708,-0.11550304,-1.02483451,0.04513049,0.55317659,0.56151674,1.26576724,0.23519750,0.20389068,1.17610216,,,,,,,3,,,,,,,,,
9.566397,59038,5947227,,171.36326599,1.72630537,-173.54344177,,,,,-0.40452033,0.76806563,-9.70116806,0.19126689,-0.68037760,-0.10013771,1.97047948,0.37292817,1.60226718,0.23647706,0.20722993,1.17418242,,,,,,,3,,,,,,,,,
9.576369,59039,5947327,,171.40878296,1.71417022,-173.55061340,,,,,-0.01035929,0.43520314,-10.16024685,-0.16696599,-1.11251009,0.29134130,2.13487722,1.86885139,1.47279476,0.23601624,0.20579794,1.17366266,,,,,,,3,,,,,,,,,
9.586370,59040,5947427,,171.42510986,1.68618441,-173.56712341,,,,,-0.34262085,0.77212524,-9.69565392,0.13301027,-0.67108655,-0.10832465,0.12601806,0.91016369,3.19115381,0.23635647,0.20723347,1.17071855,,,,,,,3,,,,,,,,,
9.596439,59041,5947527,,171.41014099,1.68001950,-173.61718750,,,,,-0.12004450,0.12919852,-9.24445057,-0.00668618,-1.26121044,-0.65533197,-1.20992586,0.89543439,2.62807131,0.23692165,0.20674288,1.17318749,,,,,,,3,,,,,,,,,
9.606402,59042,5947627,,171.38954163,1.67268133,-173.65155029,,,,,-0.36633378,0.47134900,-9.49331379,0.19696102,-0.93869746,-0.35095549,-0.86805749,0.51614955,3.41171385,0.23888019,0.20622908,1.17516816,,,,,,,3,,,,,,,,,
9.616383,59043,5947727,,171.38667297,1.67865908,-173.68309021,,,,,-0.31115517,0.46172059,-9.58238697,0.13913515,-0.96736109,-0.26740527,1.44011433,-0.87346241,1.95039403,0.23662426,0.20578596,1.17762363,,,,,,,3,,,,,,,,,
9.626338,59044,5947827,,171.41613770,1.69750476,-173.69258118,,,,,0.28022400,0.56188554,-10.64635468,-0.47752497,-1.09229755,0.78278375,1.59334493,-1.35621165,0.41672921,0.23520586,0.20437032,1.17660463,,,,,,,3,,,,,,,,,
9.636278,59045,5947927,,171.45455933,1.71215582,-173.69989014,,,,,-0.27685383,0.56382960,-10.34028721,0.07511514,-0.97614127,0.49743509,2.26730541,-2.62403317,2.76972901,0.23753119,0.20385161,1.17561853,,,,,,,3,,,,,,,,,
9.646253,59046,5948027,,171.48284912,1.73745155,-173.73895264,,,,,0.19007197,0.15932664,-10.05402851,-0.34575492,-1.37814558,0.13950872,0.26140070,-3.98091855,2.43873484,0.23878619,0.20479220,1.17168164,,,,,,,3,,,,,,,,,
9.656299,59047,5948127,,171.49397278,1.76965296,-173.78349304,,,,,-0.21746957,0.13433884,-9.49756336,0.06348985,-1.27197754,-0.40081131,0.77715173,-2.93054923,4.69317495,0.23870841,0.20527437,1.16970980,,,,,,,3,,,,,,,,,
9.666267,59048,5948227,,171.49449158,1.80482626,-173.83721924,,,,,-0.27840397,0.16365962,-9.25677013,0.11690634,-1.20084023,-0.63201070,0.96217248,-5.37030838,1.58188483,0.23857741,0.20863736,1.16778338,,,,,,,3,,,,,,,,,
9.676356,59049,5948327,,171.51820374,1.87243211,-173.86045837,,,,,-0.06082697,0.06173620,-10.34189415,-0.11615270,-1.48486364,0.41877425,1.70836350,-4.79157108,2.06289728,0.23907368,0.20814878,1.16827297,,,,,,,3,,,,,,,,,
9.686248,59050,5948427,,171.54986572,1.92182279,-173.87643433,,,,,-0.36252335,0.70674533,-9.81088257,0.10996225,-0.73541331,0.00004017,1.33409667,-6.60922529,2.47775464,0.24161413,0.20810364,1.17372727,,,,,,,3,,,,,,,,,
9.696279,59051,5948527,,171.57031250,1.97919571,-173.90765381,,,,,-0.08756969,1.01391673,-10.10507202,-0.21292999,-0.50532156,0.32566333,-0.44992297,-6.64775652,2.97766814,0.24381000,0.20806862,1.16928494,,,,,,,3,,,,,,,,,
9.706451,59052,5948627,,171.56047058,2.04550791,-173.95700073,,,,,-0.27577445,1.01722598,-10.11331367,-0.03861266,-0.48438168,0.34040320,-0.13578225,-6.73337167,4.41180616,0.24422851,0.20806223,1.16780269,,,,,,,3,,,,,,,,,
9.716223,59053,5948727,,171.55020142,2.10815334,-174.02752686,,,,,-0.16458701,0.32770371,-9.79889965,-0.08164155,-1.12966383,-0.07468271,0.14725855,-9.64909533,3.01811097,0.24530773,0.20612282,1.17074585,,,,,,,3,,,,,,,,,
9.726315,59054,5948827,,171.56214905,2.19484305,-174.05467224,,,,,0.07412668,-0.74291390,-10.40677071,-0.22776268,-2.29568243,0.35938609,1.69920699,-5.77008618,2.38322312,0.24769413,0.20416270,1.17072690,,,,,,,3,,,,,,,,,
9.736343,59055,5948927,,171.60697937,2.24922562,-174.07464600,,,,,-0.24826510,-0.10027450,-9.62474918,0.02859762,-1.50891912,-0.30546510,1.31975370,-7.74028029,1.84870297,0.25035918,0.20603931,1.16730654,,,,,,,3,,,,,,,,,
9.746308,59056,5949027,,171.63240051,2.31045222,-174.10113525,,,,,-0.17588297,0.91191220,-9.78249359,-0.16633055,-0.54279631,-0.00447035,-0.57983392,-6.20321750,3.81411338,0.25127396,0.20554434,1.16631389,,,,,,,3,,,,,,,,,
9.756234,59057,5949127,,171.62535095,2.36140013,-174.15446472,,,,,-0.43660411,1.41212273,-9.58274174,0.03490117,0.00540328,-0.12032652,0.16916420,-4.88079726,4.06892725,0.24994066,0.20604570,1.16878891,,,,,,,3,,,,,,,,,
9.766360,59058,5949227,,171.62077332,2.39033747,-174.21484375,,,,,-0.32434875,0.95182985,-9.80036926,-0.04178596,-0.49199152,0.02429676,1.01222208,-7.76638869,3.19945505,0.25103909,0.20987013,1.16192830,,,,,,,3,,,,,,,,,
9.776392,59059,5949327,,171.64364624,2.45998073,-174.24604797,,,,,-0.06723619,-0.61333144,-10.32678127,-0.15685236,-2.13211346,0.30603087,2.79805401,-5.49780069,2.82609280,0.25032318,0.20891961,1.16784680,,,,,,,3,,,,,,,,,
9.786324,59060,5949427,,171.69474792,2.51538157,-174.26116943,,,,,-0.17310512,-0.20653895,-9.50095272,-0.08144820,-1.59303403,-0.44545412,1.05522517,-7.16960176,2.56748582,0.25443324,0.21077146,1.16542292,,,,,,,3,,,,,,,,,
9.796352,59061,5949527,,171.71836853,2.58352041,-174.29121399,,,,,-0.10855360,1.42576253,-9.30303001,-0.32198015,0.03938833,-0.40797269,-0.13020255,-5.97152852,4.02020879,0.25643021,0.21218193,1.15605485,,,,,,,3,,,,,,,,,
9.806271,59062,5949627,,171.69287109,2.63020205,-174.36486816,,,,,-0.24766934,0.99697828,-9.24332523,-0.14494202,-0.36490548,-0.52329230,-1.43745931,-3.78288064,4.61029146,0.25578427,0.20930985,1.16293275,,,,,,,3,,,,,,,,,
9.816284,59063,5949727,,171.65603638,2.66332269,-174.43060303,,,,,-0.10646106,0.08467709,-9.88190651,-0.22000575,-1.37687516,-0.03125846,-0.94158395,-7.32673026,3.67046981,0.25682852,0.20833120,1.16539633,,,,,,,3,,,,,,,,,
9.826294,59064,5949827,,171.67080688,2.72780967,-174.46409607,,,,,0.23111780,-0.61735320,-10.44202518,-0.51041764,-2.18107986,0.40438902,2.08611181,-4.05696503,2.28985272,0.25736713,0.20928103,1.16788781,,,,,,,3,,,,,,,,,
9.836291,59065,5949927,,171.71710205,2.76689124,-174.48532104,,,,,0.17126518,0.70239097,-10.06201744,-0.58255947,-0.81580555,0.22309208,0.65151483,-4.64149432,2.82841100,0.26110300,0.20873858,1.16690850,,,,,,,3,,,,,,,,,
9.846317,59066,5950027,,171.73815918,2.80325389,-174.52423096,,,,,-0.05249218,1.09643400,-9.52816010,-0.38887811,-0.32238942,-0.23785877,0.88639436,-4.69775203,3.98409715,0.26143587,0.20777495,1.16244209,,,,,,,3,,,,,,,,,
9.856291,59067,5950127,,171.73793030,2.85100198,-174.57728577,,,,,-0.19320135,-0.59027421,-9.54039764,-0.08622500,-1.97235382,-0.46070445,0.17270349,-4.17789310,2.39239713,0.25873590,0.20685914,1.16538250,,,,,,,3,,,,,,,,,
9.866292,59068,5950227,,171.74171448,2.89058995,-174.61103821,,,,,-0.10163368,0.07072040,-10.01445866,-0.27147201,-1.40044403,0.09733558,0.09079402,-5.61581270,3.13641902,0.26095682,0.20826301,1.16244733,,,,,,,3,,,,,,,,,
9.876327,59069,5950327,,171.76521301,2.94047022,-174.63951111,,,,,-0.13486865,1.20645475,-10.25192261,-0.36765438,-0.30843776,0.49678278,2.37064682,-4.18038356,2.68380117,0.26053047,0.20683001,1.16291726,,,,,,,3,,,,,,,,,
9.886558,59070,5950427,,171.79394531,2.97073746,-174.66641235,,,,,0.05353800,0.89994222,-10.29757500,-0.53325987,-0.63119096,0.48816228,1.37227881,-3.42447585,2.43473277,0.26291639,0.20582965,1.16340816,,,,,,,3,,,,,,,,,
9.896347,59071,5950527,,171.80801392,2.99798942,-174.70738220,,,,,-0.15480396,-0.20612676,-9.71240139,-0.20140558,-1.61310732,-0.23620915,0.91056165,-4.90529757,4.56297490,0.26511174,0.20675442,1.15947580,,,,,,,3,,,,,,,,,
9.906280,59072,5950627,,171.81333923,3.03095841,-174.76039124,,,,,-0.25112948,-0.80734873,-9.35574055,-0.03741324,-2.14252329,-0.66995895,0.48996832,-2.33360499,3.01669669,0.26455489,0.20772462,1.15750933,,,,,,,3,,,,,,,,,
9.916360,59073,5950727,,171.83564758,3.04684782,-174.77973938,,,,,-0.20128335,1.50362873,-10.12071705,-0.34696850,0.01955715,0.41290784,1.15217586,-2.31715726,2.58842569,0.26498961,0.20963725,1.15754175,,,,,,,3,,,,,,,,,
9.926267,59074,5950827,,171.86189270,3.04985356,-174.79244995,,,,,-0.32768059,1.80542135,-10.25645161,-0.25649005,0.31407970,0.59655237,1.88388101,-2.51954259,2.64886027,0.26511857,0.21011335,1.16150796,,,,,,,3,,,,,,,,,
9.936359,59075,5950927,,171.87165833,3.06280136,-174.83537292,,,,,0.01908490,-0.59837174,-9.79059029,-0.35244951,-2.01667500,-0.22369075,-0.75053043,-2.63556787,3.01896197,0.26474440,0.20771904,1.16295254,,,,,,,3,,,,,,,,,
9.946366,59076,5951027,,171.86004639,3.08959699,-174.87408447,,,,,-0.36010769,-0.63863766,-8.89312267,0.05864078,-1.89324081,-1.09520710,-0.88049746,-2.98611367,5.17011511,0.26553810,0.20818740,1.15900588,,,,,,,3,,,,,,,,,
9.956350,59077,5951127,,171.86788940,3.12049317,-174.91545105,,,,,-0.32222190,1.14183533,-9.06851959,-0.16080016,-0.16737854,-0.67200947,0.24970657,-2.13710685,3.10580377,0.26649520,0.20913084,1.16001511,,,,,,,3,,,,,,,,,
9.966317,59078,5951227,,171.87945557,3.13233900,-174.94671631,,,,,0.43441796,1.62002504,-10.88169384,-1.03681421,-0.02445590,1.14606678,0.46009792,-1.10456667,2.41069947,0.26791462,0.20862696,1.16001427,,,,,,,3,,,,,,,,,
9.976337,59079,5951327,,171.87495422,3.13735819,-174.98913574,,,,,0.12203624,-0.57309490,-9.79127598,-0.47799408,-2.00000954,-0.22475863,-0.12881059,-2.75015497,4.68970778,0.26698309,0.20816265,1.16000223,,,,,,,3,,,,,,,,,
9.986325,59080,5951427,,171.87800598,3.16311741,-175.05114746,,,,,-0.10631635,-1.07969964,-9.39457607,-0.19004959,-2.42120671,-0.67634237,0.32590661,-2.43681363,2.23125077,0.26784468,0.21054852,1.15905476,,,,,,,3,,,,,,,,,
9.996450,59081,5951527,,171.91242981,3.17333865,-175.05990601,,,,,0.01674865,1.17707837,-10.30453110,-0.56154978,-0.33370662,0.53668201,1.50557582,0.97763240,2.16306115,0.26825482,0.21006249,1.15707016,,,,,,,3,,,,,,,,,
10.006297,59082,5951627,,171.92990112,3.16035151,-175.06977844,,,,,-0.29810935,1.64289367,-10.16740131,-0.28758907,0.17524129,0.48200989,0.15788433,-1.00556809,2.88017701,0.26836857,0.20670001,1.15850174,,,,,,,3,,,,,,,,,
10.016323,59083,5951727,,171.90658569,3.16484952,-175.12533569,,,,,0.22911140,-0.62750924,-9.91211605,-0.59173620,-2.07512212,-0.11727953,-1.62691510,-2.15876069,3.39253853,0.26844636,0.20621784,1.16047347,,,,,,,3,,,,,,,,,
10.026407,59084,5951827,,171.90711975,3.18011403,-175.15695190,,,,,-0.04164210,-0.57853723,-9.80447865,-0.32433575,-1.98613918,-0.20310652,0.97098930,0.60735408,3.76634091,0.26927349,0.20860472,1.15853643,,,,,,,3,,,,,,,,,
10.036319,59085,5951927,,171.94772339,3.17401838,-175.17124939,,,,,-0.50704259,1.17858827,-9.55824566,-0.01236273,-0.17424285,-0.17199588,1.06856410,-0.76725217,2.05355699,0.27205178,0.20807862,1.15705776,,,,,,,3,,,,,,,,,
10.046323,59086,5952027,,171.95510864,3.15629101,-175.19786072,,,,,0.02725775,1.19623685,-10.33010960,-0.57457674,-0.31208920,0.56333339,-1.66047256,0.61191574,3.30527389,0.27097255,0.21001805,1.15411448,,,,,,,3,,,,,,,,,
10.056409,59087,5952127,,171.93093872,3.13666844,-175.23573303,,,,,-0.47815168,0.07339731,-9.60675621,0.06310752,-1.27442455,-0.28098214,0.08458656,0.21050119,3.65522098,0.26936901,0.20716229,1.16049314,,,,,,,3,,,,,,,,,
10.066307,59088,5952227,,171.94905090,3.13204241,-175.25109863,,,,,-0.16574802,-0.16467655,-9.36408520,-0.21626204,-1.49753344,-0.57162082,1.16768658,-1.19397320,0.15738633,0.27225953,0.20615301,1.16197586,,,,,,,3,,,,,,,,,
10.076290,59089,5952327,,171.97944641,3.13729000,-175.24995422,,,,,0.19120255,0.67077273,-10.02842617,-0.67400748,-0.79408216,0.18325543,-0.26154056,1.74328604,3.75002188,0.27205178,0.20807862,1.15705776,,,,,,,3,,,,,,,,,
10.086333,59090,5952427,,171.96020508,3.11094570,-175.30368042,,,,,-0.19461975,0.65996259,-9.38211346,-0.25868344,-0.68212235,-0.43593562,-1.13564680,1.59725948,5.55866194,0.27205127,0.20903839,1.15756774,,,,,,,3,,,,,,,,,
10.096294,59091,5952527,,171.95223999,3.09838247,-175.36201477,,,,,0.23984927,-0.02224465,-10.02014160,-0.65876913,-1.48102140,0.07443607,2.15796049,-0.37998434,0.91045130,0.27152941,0.20904782,1.15608096,,,,,,,3,,,,,,,,,
10.106291,59092,5952627,,172.00694275,3.10360980,-175.35304260,,,,,0.23073389,-0.18077506,-10.56253242,-0.65495080,-1.70663726,0.59400475,2.32114844,2.55187351,1.21239454,0.27106857,0.20761582,1.15556121,,,,,,,3,,,,,,,,,
10.116361,59093,5952727,,172.03111267,3.08536577,-175.37188721,,,,,-0.40120432,0.65978521,-9.10010433,-0.04157224,-0.61560726,-0.70476234,-2.21505084,-0.64933963,3.83687157,0.27105033,0.20953587,1.15608633,,,,,,,3,,,,,,,,,
10.126374,59094,5952827,,171.98124695,3.07539606,-175.42747498,,,,,-0.08771113,1.04473948,-9.87131310,-0.41535047,-0.37697029,0.09631467,-2.43794083,0.11194537,2.86772728,0.26859504,0.21149804,1.15412605,,,,,,,3,,,,,,,,,
10.136461,59095,5952927,,171.98056030,3.07678652,-175.43687439,,,,,0.07375009,-0.35826817,-10.99733162,-0.49898732,-1.92954969,1.00546205,3.00193132,1.95276197,0.63786198,0.26696587,0.20816316,1.15950739,,,,,,,3,,,,,,,,,
10.146376,59096,5953027,,172.04354858,3.04861975,-175.42570496,,,,,-0.14593306,0.01435303,-9.69174767,-0.25834981,-1.35379303,-0.22034097,0.44536830,-0.93601403,1.87723203,0.26921344,0.20812662,1.15654945,,,,,,,3,,,,,,,,,
10.156461,59097,5953127,,172.03135681,3.03034878,-175.45970154,,,,,-0.30279082,1.27889717,-9.12062645,-0.18022394,-0.01352882,-0.60110128,-3.33143992,1.92209976,5.31248656,0.27139208,0.20809212,1.15161228,,,,,,,3,,,,,,,,,
10.166454,59098,5953227,,171.99569702,3.00570393,-175.50541687,,,,,-0.54467076,0.39579886,-10.00368404,0.10118526,-0.99384892,0.15983582,0.67391081,2.80242960,1.33414789,0.27012771,0.20859143,1.15606666,,,,,,,3,,,,,,,,,
10.176421,59099,5953327,,172.03254700,2.97667456,-175.49476624,,,,,0.06559200,0.02809417,-10.01426506,-0.47342512,-1.40210414,0.08878601,1.39775862,-1.03388573,0.01059963,0.27318618,0.20902278,1.14965701,,,,,,,3,,,,,,,,,
10.186432,59100,5953427,,172.03648376,2.99331284,-175.50680542,,,,,0.15311268,0.94620872,-9.18792915,-0.60568255,-0.38565618,-0.60632217,-3.86642239,1.04487722,4.96305408,0.27366573,0.20757495,1.14914167,,,,,,,3,,,,,,,,,
10.196427,59101,5953527,,171.95741272,2.98362756,-175.57748413,,,,,-0.54224128,-0.12389732,-9.39197063,0.17074750,-1.42819202,-0.51693678,-4.50310359,1.55210361,3.05437650,0.27382028,0.20853016,1.15410519,,,,,,,3,,,,,,,,,
10.206482,59102,5953627,,171.91093445,2.98537040,-175.59736633,,,,,0.42923945,0.37951177,-10.91360188,-0.90662509,-1.23589826,1.00474072,-5.42892165,-3.33295430,0.27196330,0.27379417,0.20901081,1.15361798,,,,,,,3,,,,,,,,,
10.216427,59103,5953727,,171.85647583,3.02219343,-175.59812927,,,,,0.02474678,1.37812173,-9.83360958,-0.54354942,-0.07676321,0.09851933,-10.72380852,-2.22195808,2.84253135,0.26815835,0.20382103,1.16439223,,,,,,,3,,,,,,,,,
10.226363,59104,5953827,,171.73101807,3.04913354,-175.64640808,,,,,-0.42835614,-0.02630595,-9.63704967,0.02785087,-1.41867912,-0.27356315,-11.81310501,-3.64066884,1.53625810,0.26663154,0.20240264,1.17376256,,,,,,,3,,,,,,,,,
10.236333,59105,5953927,,171.61587524,3.07510638,-175.65745544,,,,,-0.16541287,-0.79137617,-10.22665024,-0.20040430,-2.30073214,0.17968237,-11.81794762,-4.44959931,2.04956966,0.26814702,0.19949655,1.17520833,,,,,,,3,,,,,,,,,
10.246364,59106,5954027,,171.54016113,3.11726785,-175.67333984,,,,,-0.18958579,1.54436743,-10.01204109,-0.36334056,0.02109522,0.31079280,-10.25208492,-2.78821833,3.21340913,0.27185887,0.19559568,1.17170191,,,,,,,3,,,,,,,,,
10.256298,59107,5954127,,171.44879150,3.13042474,-175.71746826,,,,,-0.21983895,0.83162403,-9.88615990,-0.27436632,-0.67246568,0.08125854,-7.69420981,-4.32277507,1.64480432,0.27438557,0.19843611,1.16483295,,,,,,,3,,,,,,,,,
10.266310,59108,5954227,,171.39288330,3.18490791,-175.74253845,,,,,-0.45721367,-1.38024116,-9.33994102,0.15620562,-2.75978851,-0.77592850,-4.53854971,-8.06609653,2.25881677,0.27749676,0.19694637,1.15888786,,,,,,,3,,,,,,,,,
10.276460,59109,5954327,,171.37063599,3.27423000,-175.75964355,,,,,-0.51464385,0.72640616,-9.18729115,0.03609681,-0.66192722,-0.60835278,-4.62050942,-7.69509346,2.17215938,0.27930173,0.19355781,1.15488517,,,,,,,3,,,,,,,,,
10.286430,59110,5954427,,171.32476807,3.36480618,-175.80299377,,,,,0.33108824,1.92364681,-10.54771137,-0.98462206,0.23842061,0.86317253,-3.90219721,-10.29515865,2.52106487,0.28239313,0.19686744,1.15099502,,,,,,,3,,,,,,,,,
10.296299,59111,5954527,,171.27104187,3.48489475,-175.85755920,,,,,-0.01168154,-1.61627722,-9.85892010,-0.34800923,-3.12773037,-0.33253956,-3.73456900,-14.55539779,2.17471345,0.28117159,0.19784535,1.15694141,,,,,,,3,,,,,,,,,
10.306361,59112,5954627,,171.24562073,3.63680291,-175.90124512,,,,,-0.19515383,-0.09950832,-9.16741085,-0.27569047,-1.52134526,-0.77706993,-6.83136695,-13.78812593,1.42277024,0.28004655,0.19546133,1.16382468,,,,,,,3,,,,,,,,,
10.316495,59113,5954727,,171.18280029,3.75722361,-175.92559814,,,,,-0.09957715,2.39295983,-10.61021709,-0.66601944,0.68895435,1.02028501,-7.59128398,-11.47378975,1.73002480,0.27983683,0.19162257,1.16920519,,,,,,,3,,,,,,,,,
10.326417,59114,5954827,,171.09017944,3.84655809,-175.97119141,,,,,0.01154429,-0.63586920,-10.36839962,-0.53980219,-2.27838087,0.30629230,-6.65089798,-12.36152566,3.02270534,0.28271952,0.18917388,1.16967571,,,,,,,3,,,,,,,,,
10.336377,59115,5954927,,171.04394531,3.94187093,-176.00935364,,,,,-0.02706538,-0.80232990,-9.28832054,-0.44121620,-2.27692628,-0.78625798,-6.65454488,-10.06735647,1.28719355,0.28729343,0.18669911,1.16471183,,,,,,,3,,,,,,,,,
10.346341,59116,5955027,,171.00952148,4.01533270,-176.01589966,,,,,-0.13119581,2.07478428,-10.08330250,-0.62037963,0.42890990,0.45337880,-5.44873987,-4.67440644,1.88852532,0.29188359,0.18614337,1.16126275,,,,,,,3,,,,,,,,,
10.356414,59117,5955127,,170.95018005,4.03337574,-176.05303955,,,,,-0.29023558,0.36433303,-9.77177334,-0.31427813,-1.20326591,-0.11169362,-4.29637981,-5.87548070,2.97402594,0.29595083,0.18751660,1.15734684,,,,,,,3,,,,,,,,,
10.366417,59118,5955227,,170.91149902,4.10374880,-176.09713745,,,,,-0.04478696,-1.15108562,-8.91512966,-0.39965871,-2.57806540,-1.21366262,-3.08489037,-7.87318894,1.98574965,0.29771149,0.18652874,1.15338194,,,,,,,3,,,,,,,,,
10.376369,59119,5955327,,170.90672302,4.19176579,-176.11621094,,,,,0.06831438,1.10965800,-10.44201374,-0.79358244,-0.61118644,0.63929355,-2.31477971,-4.91883287,2.13261430,0.29871392,0.18315195,1.15333354,,,,,,,3,,,,,,,,,
10.386297,59120,5955427,,170.87995911,4.23453808,-176.15457153,,,,,-0.07957014,0.82295305,-10.19828129,-0.62254500,-0.84993309,0.36130524,-3.94855925,-7.07073178,2.50886679,0.29927862,0.18362111,1.15631235,,,,,,,3,,,,,,,,,
10.396465,59121,5955527,,170.82110596,4.30676556,-176.20681763,,,,,-0.00624376,-0.06252747,-9.62183571,-0.60279232,-1.64233553,-0.35396743,-5.21559734,-9.32895668,1.09610534,0.29514244,0.18224992,1.15824890,,,,,,,3,,,,,,,,,
10.406356,59122,5955627,,170.78903198,4.39522743,-176.21345520,,,,,-0.01841097,-0.07885189,-10.51742268,-0.65748304,-1.81062198,0.52466834,-4.09257891,-5.62769595,0.18275028,0.29622170,0.18031049,1.16119218,,,,,,,3,,,,,,,,,
10.416406,59123,5955727,,170.75363159,4.44177675,-176.22399902,,,,,-0.33000594,0.44383788,-9.48718071,-0.33246771,-1.11488366,-0.38332248,-6.52046827,-7.21358220,3.14903012,0.29967642,0.18073015,1.16616368,,,,,,,3,,,,,,,,,
10.426319,59124,5955827,,170.69256592,4.49488592,-176.26637268,,,,,-0.12560421,0.98566031,-9.82999802,-0.61047250,-0.65881586,0.02320457,-3.65979380,-7.77373028,0.89698430,0.29540285,0.18800667,1.15537286,,,,,,,3,,,,,,,,,
10.436326,59125,5955927,,170.69601440,4.54659033,-176.26821899,,,,,-0.20108896,-0.31099582,-10.06686211,-0.45664325,-1.96976531,0.05388856,-1.49685132,-3.60647691,1.04178741,0.29520395,0.18945217,1.15044713,,,,,,,3,,,,,,,,,
10.446392,59126,5956027,,170.67765808,4.57292700,-176.27928162,,,,,-0.34348780,0.62997031,-8.80185318,-0.30787927,-0.82840443,-1.02955472,-6.39638379,-5.39822977,3.11407620,0.30414647,0.17921820,1.15874088,,,,,,,3,,,,,,,,,
10.456386,59127,5956127,,170.60653687,4.62200499,-176.33355713,,,,,0.27468693,0.69885123,-9.95596600,-1.01508582,-1.00083899,0.06573284,-2.09049252,-5.72343087,0.99277611,0.30419180,0.17489797,1.15768313,,,,,,,3,,,,,,,,,
10.466373,59128,5956227,,170.61514282,4.68214464,-176.34788513,,,,,0.34848297,-0.82840461,-10.92553616,-1.04691100,-2.67051649,0.76777625,0.64360675,-3.30103192,0.28646198,0.30027273,0.17976469,1.15576148,,,,,,,3,,,,,,,,,
10.476402,59129,5956327,,170.62773132,4.70892668,-176.35684204,,,,,-0.36154544,0.55645949,-8.94449520,-0.31560624,-0.93294764,-0.90176213,-5.21858554,-4.31736642,3.39124570,0.30694300,0.17677204,1.15673709,,,,,,,3,,,,,,,,,
10.486398,59130,5956427,,170.55790710,4.73459530,-176.40879822,,,,,0.03207210,1.19563365,-10.26143360,-0.85355401,-0.55715001,0.46399891,-2.50807748,-3.92622539,1.25134092,0.30954903,0.17625102,1.15031004,,,,,,,3,,,,,,,,,
10.496348,59131,5956527,,170.56051636,4.78024530,-176.40936279,,,,,0.05970202,-0.82920891,-10.77565670,-0.76730955,-2.63731670,0.63786888,0.04385577,-1.71529764,-0.28328981,0.30435771,0.18017766,1.15183043,,,,,,,3,,,,,,,,,
10.506363,59132,5956627,,170.57049561,4.78294659,-176.40399170,,,,,-0.52322906,1.02577674,-9.07729912,-0.20971251,-0.49264932,-0.68059802,-5.83648501,-2.06285096,2.96668712,0.30513954,0.17728131,1.15920985,,,,,,,3,,,,,,,,,
10.516358,59133,5956727,,170.49803162,4.77489471,-176.44911194,,,,,-0.21215943,1.09191501,-9.72915840,-0.57105106,-0.56562549,-0.05630398,-3.48181123,-2.76130930,1.72891373,0.30084780,0.17687443,1.15720284,,,,,,,3,,,,,,,,,
10.526350,59134,5956827,,170.48770142,4.78822041,-176.44332886,,,,,0.13880551,-0.58792001,-10.23217583,-0.82912970,-2.32696247,0.13316405,-0.84339128,-0.41739361,0.10078123,0.29874939,0.18123139,1.15330327,,,,,,,3,,,,,,,,,
10.536550,59135,5956927,,170.47769165,4.78173542,-176.45132446,,,,,-0.02332206,0.51657343,-8.83736420,-0.65012276,-0.99699020,-1.04388595,-5.35447771,0.05936989,3.41160841,0.30699569,0.17485099,1.15720165,,,,,,,3,,,,,,,,,
10.546420,59136,5957027,,170.43183899,4.75699234,-176.49099731,,,,,0.34870240,0.07506312,-10.38561916,-1.09449601,-1.72075713,0.37316287,-0.86539255,1.84011059,0.67475092,0.30785048,0.17387792,1.15422201,,,,,,,3,,,,,,,,,
10.556433,59137,5957127,,170.44859314,4.73611021,-176.48374939,,,,,0.21900187,0.60564631,-10.50161076,-1.00410712,-1.21121180,0.58874524,-1.67998417,5.10107897,1.17239952,0.30873811,0.17578316,1.15376186,,,,,,,3,,,,,,,,,
10.566508,59138,5957227,,170.42155457,4.67638636,-176.49678040,,,,,-0.46274713,0.49631506,-9.20141220,-0.21931572,-1.06009150,-0.65355051,-5.61106999,5.21355255,2.08717177,0.30790216,0.17387639,1.15570652,,,,,,,3,,,,,,,,,
10.576437,59139,5957327,,170.36218262,4.61923027,-176.50973511,,,,,0.14226784,-0.56530702,-10.47601891,-0.82173115,-2.36443973,0.37328207,-2.70078188,4.64330646,0.75689339,0.30139780,0.17254527,1.15713716,,,,,,,3,,,,,,,,,
10.586453,59140,5957427,,170.37448120,4.56898832,-176.49414062,,,,,-0.34861869,1.58328748,-10.04807281,-0.44939211,-0.15016845,0.35256040,-2.75161278,6.41791340,2.42608405,0.30149233,0.17302237,1.16011369,,,,,,,3,,,,,,,,,
10.596343,59141,5957527,,170.34233093,4.48656654,-176.51184082,,,,,-0.45332551,0.29811391,-9.30829716,-0.18992421,-1.28265929,-0.58230650,-3.61489213,5.73163136,1.91922595,0.30143178,0.17350402,1.15863669,,,,,,,3,,,,,,,,,
10.606373,59142,5957627,,170.30456543,4.42486477,-176.51518250,,,,,-0.12843472,-1.17869997,-9.20174313,-0.39044353,-2.74034071,-0.96077573,-2.66987314,2.91661564,1.54505464,0.29986617,0.17353235,1.15417647,,,,,,,3,,,,,,,,,
10.616349,59143,5957727,,170.30920410,4.39100695,-176.51679993,,,,,0.10194044,2.38088584,-10.04997253,-0.92144608,0.59867102,0.45614052,-1.94702333,6.42890958,2.91466007,0.30000398,0.17352828,1.15813518,,,,,,,3,,,,,,,,,
10.626360,59144,5957827,,170.29339600,4.30446148,-176.55148315,,,,,0.21296118,-0.87534499,-10.02548885,-0.78260750,-2.60518837,-0.12363720,-0.37548685,7.63622236,0.91503020,0.30001181,0.17496768,1.15914750,,,,,,,3,,,,,,,,,
10.636523,59145,5957927,,170.30969238,4.22787380,-176.54205322,,,,,0.08756163,-0.72729248,-9.69487095,-0.63706315,-2.39293742,-0.41438985,-0.78769221,7.18174498,1.70243618,0.29704505,0.17357984,1.15416312,,,,,,,3,,,,,,,,,
10.646344,59146,5958027,,170.32162476,4.15071726,-176.53099060,,,,,-0.24086684,2.80446172,-10.23760033,-0.57929456,1.01026058,0.73808026,-0.22793995,10.25130713,1.75206422,0.29624352,0.17167206,1.15709746,,,,,,,3,,,,,,,,,
10.656473,59147,5958127,,170.30580139,4.04952335,-176.54240417,,,,,-0.10852540,-2.01877069,-9.97978878,-0.33380494,-3.69616270,-0.33299446,-0.98168868,8.52194165,-0.21638836,0.29639909,0.17070773,1.16104102,,,,,,,3,,,,,,,,,
10.666377,59148,5958227,,170.32270813,3.97093201,-176.50456238,,,,,-0.54780316,0.57599884,-9.32531834,-0.03083014,-1.00590467,-0.50954306,-1.98202271,8.29477127,1.46144309,0.29732326,0.16877288,1.15953076,,,,,,,3,,,,,,,,,
10.676374,59149,5958327,,170.32331848,3.89264655,-176.50675964,,,,,-0.32582268,2.94683981,-10.10117340,-0.45286837,1.18168592,0.63570476,-0.25277695,7.63305571,1.98026970,0.29262087,0.16981179,1.16001832,,,,,,,3,,,,,,,,,
10.686346,59150,5958427,,170.28384399,3.81713319,-176.52378845,,,,,-0.07911495,-2.30706525,-9.01665497,-0.25202662,-3.81744981,-1.33022892,-2.30782530,4.61664738,0.01131942,0.28924975,0.17418844,1.16007078,,,,,,,3,,,,,,,,,
10.696394,59151,5958527,,170.29969788,3.77551913,-176.50392151,,,,,0.17109911,0.92599857,-10.03509808,-0.77749759,-0.82797480,0.20066655,-0.85823088,7.16677833,1.44374191,0.29074064,0.16888368,1.15949953,,,,,,,3,,,,,,,,,
10.706426,59152,5958627,,170.30035400,3.69841099,-176.51948547,,,,,0.09218536,1.24944091,-10.17168808,-0.71898460,-0.52777559,0.39362478,-1.47507444,6.69655951,1.68818029,0.29328260,0.16595922,1.16342402,,,,,,,3,,,,,,,,,
10.716515,59153,5958727,,170.27056885,3.63155913,-176.53575134,,,,,-0.11895328,-1.04151309,-9.33665085,-0.29109737,-2.62690163,-0.79887938,-1.72944861,6.11864909,0.44311730,0.28885052,0.17035526,1.16000807,,,,,,,3,,,,,,,,,
10.726414,59154,5958827,,170.29830933,3.58170986,-176.49836731,,,,,-0.18671131,0.82798415,-10.63194180,-0.40840408,-1.00265026,0.79603028,0.79019777,9.71557356,-1.43073146,0.28206697,0.17575061,1.15709090,,,,,,,3,,,,,,,,,
10.736511,59155,5958927,,170.32110596,3.47000360,-176.48159790,,,,,-0.47111338,0.68835819,-9.51973248,-0.04484761,-0.92854327,-0.30468166,-1.38481530,8.07496639,2.48450137,0.28374586,0.17331961,1.16349268,,,,,,,3,,,,,,,,,
10.746490,59156,5959027,,170.31661987,3.38685989,-176.49134827,,,,,-0.19824964,0.26830769,-9.30823898,-0.26518235,-1.31845582,-0.59916282,1.66912502,5.60608224,-0.05675438,0.28460163,0.17042699,1.15949309,,,,,,,3,,,,,,,,,
10.756362,59157,5959127,,170.35992432,3.33874774,-176.45613098,,,,,0.05788635,-0.02468487,-10.01653671,-0.52162910,-1.73774731,0.03595090,1.46122484,7.87377804,-0.17240876,0.28467941,0.16994482,1.16146493,,,,,,,3,,,,,,,,,
10.766340,59158,5959227,,170.35838318,3.26684761,-176.46109009,,,,,-0.55043751,0.66488862,-8.97206688,0.09493472,-0.84404361,-0.84207809,-2.24636982,7.50449020,3.67690555,0.28533909,0.16993134,1.16691041,,,,,,,3,,,,,,,,,
10.776562,59159,5959327,,170.35290527,3.21052551,-176.49069214,,,,,0.47229281,0.19846897,-10.62474632,-0.96077240,-1.64258909,0.64849901,3.77313267,4.27037856,-1.54225084,0.27956790,0.16955024,1.16291726,,,,,,,3,,,,,,,,,
10.786400,59160,5959427,,170.41271973,3.17870998,-176.45907593,,,,,-0.02073571,0.02897026,-9.85477448,-0.41365203,-1.64455080,-0.10928440,-0.89977284,6.48943957,0.94709228,0.28008926,0.17050058,1.16491401,,,,,,,3,,,,,,,,,
10.796478,59161,5959527,,170.39097595,3.11433458,-176.46969604,,,,,-0.63200134,0.89986950,-9.41849422,0.16367200,-0.67668521,-0.35848880,-1.69846005,7.09592536,1.44183661,0.28018376,0.17097767,1.16789055,,,,,,,3,,,,,,,,,
10.806377,59162,5959627,,170.40002441,3.05517650,-176.45504761,,,,,0.06223895,-0.49757898,-10.62146378,-0.47581327,-2.29059339,0.55636013,4.08228753,2.88149246,-3.30495949,0.27627659,0.16960564,1.16290164,,,,,,,3,,,,,,,,,
10.816505,59163,5959727,,170.46612549,3.01630616,-176.41687012,,,,,-0.41750866,1.51046789,-9.11632252,-0.06416303,-0.02563334,-0.56551492,-0.76409550,5.69622452,2.42121882,0.27337667,0.17205483,1.16193640,,,,,,,3,,,,,,,,,
10.826475,59164,5959827,,170.43725586,2.95615959,-176.44360352,,,,,-0.62283617,-0.25697845,-9.14739227,0.27097237,-1.75819612,-0.81700075,0.66290742,5.35035355,0.88844107,0.27565718,0.17489658,1.16149807,,,,,,,3,,,,,,,,,
10.836494,59165,5959927,,170.47113037,2.91951776,-176.42915344,,,,,0.41904476,-0.23841225,-10.19837284,-0.80736077,-1.97704291,0.16730678,1.92599574,2.07676768,-0.35633260,0.27813125,0.17005461,1.16242337,,,,,,,3,,,,,,,,,
10.846429,59166,5960027,,170.49890137,2.90555620,-176.42448425,,,,,0.14358699,1.75130570,-9.82777023,-0.64937133,0.06397200,0.14685440,-0.61033642,5.49879704,2.07200683,0.27722687,0.16719013,1.16187871,,,,,,,3,,,,,,,,,
10.856362,59167,5960127,,170.47023010,2.86512876,-176.45046997,,,,,-0.28426227,-1.76458418,-9.67254257,0.03481375,-3.34450626,-0.56446409,-0.15167536,5.38307358,-1.34450556,0.27383852,0.17156729,1.16143620,,,,,,,3,,,,,,,,,
10.866360,59168,5960227,,170.49987793,2.81829357,-176.41699219,,,,,-0.02193137,2.16183329,-10.50176907,-0.52519280,0.36487347,0.88835871,-0.26060272,5.41083573,0.14002423,0.27062398,0.17306006,1.16441226,,,,,,,3,,,,,,,,,
10.876396,59169,5960327,,170.49475098,2.76875019,-176.41633606,,,,,-0.25652280,0.03111830,-9.83267021,-0.11111894,-1.60316730,-0.11158729,-0.42503590,4.00040039,0.90942368,0.26734990,0.17311496,1.16489148,,,,,,,3,,,,,,,,,
10.886412,59170,5960427,,170.50599670,2.71010137,-176.41236877,,,,,-0.69603491,-0.90743506,-8.85757732,0.43794149,-2.33312082,-1.20641637,-1.42555439,4.98509852,-0.26535378,0.27066627,0.17449844,1.16641438,,,,,,,3,,,,,,,,,
10.896349,59171,5960527,,170.53350830,2.67078400,-176.38252258,,,,,0.12151536,2.84288073,-10.35681248,-0.68404800,1.06034458,0.85204363,1.16825210,4.99679308,-0.48574038,0.27318317,0.17013510,1.16883171,,,,,,,3,,,,,,,,,
10.906414,59172,5960627,,170.52336121,2.63941169,-176.39457703,,,,,-0.11015467,-2.03227282,-9.19890404,-0.07087181,-3.52943516,-1.08006155,-0.10132702,1.71660946,1.52036521,0.27310589,0.16965750,1.16634989,,,,,,,3,,,,,,,,,
10.916397,59173,5960727,,170.54121399,2.64465904,-176.40504456,,,,,0.00993627,0.61782289,-9.53120518,-0.38420856,-0.98317027,-0.32254922,0.77323019,3.23287453,-0.01210890,0.27059990,0.16970164,1.16188526,,,,,,,3,,,,,,,,,
10.926474,59174,5960827,,170.56051636,2.62215471,-176.38926697,,,,,0.17431858,1.54457164,-10.85691643,-0.65460670,-0.29933378,1.12872636,-0.10670456,4.52218501,-1.48487128,0.26824009,0.17022134,1.16188157,,,,,,,3,,,,,,,,,
10.936370,59175,5960927,,170.53890991,2.58286476,-176.37919617,,,,,-0.35639879,-0.88617784,-9.43105793,0.09770969,-2.42283058,-0.65045059,-1.27952890,3.34414642,0.42757611,0.26947385,0.16923712,1.16978836,,,,,,,3,,,,,,,,,
10.946435,59176,5961027,,170.55867004,2.56523490,-176.36479187,,,,,-0.32581225,0.74044490,-9.82612801,-0.05575252,-0.88545001,0.00368845,1.97348861,3.02770525,-2.38668453,0.26838681,0.16973716,1.16583276,,,,,,,3,,,,,,,,,
10.956460,59177,5961127,,170.57373047,2.54174066,-176.35021973,,,,,-0.20068751,1.28701770,-9.62799835,-0.20719117,-0.32319319,-0.10720956,-2.92235641,3.17657883,1.52155943,0.26592314,0.17121968,1.16337001,,,,,,,3,,,,,,,,,
10.966504,59178,5961227,,170.54672241,2.50776911,-176.35644531,,,,,-0.42996159,-0.22177333,-9.39316368,0.13880530,-1.75377679,-0.57530260,2.09322268,3.15562979,-0.69077236,0.26919618,0.17308430,1.16391075,,,,,,,3,,,,,,,,,
10.976406,59179,5961327,,170.58741760,2.50663471,-176.33674622,,,,,0.09926256,-1.00095677,-9.72292900,-0.34480026,-2.60574794,-0.40099537,1.36409859,-0.00883916,-1.71374580,0.26586309,0.17074157,1.16138315,,,,,,,3,,,,,,,,,
10.986491,59180,5961427,,170.60887146,2.51908112,-176.34069824,,,,,0.11726402,2.36026955,-9.40379620,-0.58701837,0.75729561,-0.16589880,-1.59501395,1.62705479,2.19777665,0.26318032,0.16982524,1.16481853,,,,,,,3,,,,,,,,,
10.996473,59181,5961527,,170.58554077,2.51058435,-176.35848999,,,,,-0.13798515,-1.00981355,-10.92953491,-0.14619865,-2.79167080,0.80060625,3.76714943,1.76504169,-2.76464905,0.26778612,0.17214829,1.16339409,,,,,,,3,,,,,,,,,
11.006406,59182,5961627,,170.64604187,2.50444651,-176.31423950,,,,,-0.25457308,0.54033428,-9.47409821,-0.09282233,-1.01765454,-0.37772012,-1.27903627,0.63950666,-0.75528488,0.26540962,0.17170875,1.16238570,,,,,,,3,,,,,,,,,
11.016412,59183,5961727,,170.62049866,2.49799562,-176.32141113,,,,,-0.28972110,1.50537205,-9.72704220,-0.13163143,-0.10849965,0.03024983,-0.83359198,1.04121880,0.53865737,0.25995791,0.16987862,1.16678226,,,,,,,3,,,,,,,,,
11.026377,59184,5961827,,170.61676025,2.46974206,-176.32061768,,,,,-0.28934631,-0.83003592,-9.91796112,0.02959287,-2.43700981,-0.16156590,2.01339591,1.38160874,-0.84935201,0.26422405,0.16980636,1.16779196,,,,,,,3,,,,,,,,,
11.036373,59185,5961927,,170.64903259,2.46398878,-176.29467773,,,,,-0.11041141,1.65297449,-9.05188465,-0.29502824,0.14063370,-0.61940658,-0.83646130,0.27417436,-0.20249290,0.26646328,0.16929018,1.16433179,,,,,,,3,,,,,,,,,
11.046427,59186,5962027,,170.61509705,2.47991395,-176.31407166,,,,,0.04962881,-1.72987616,-9.66261292,-0.23835656,-3.30251026,-0.57351863,0.38186987,-1.92653127,-0.36095629,0.26397449,0.16933382,1.16036189,,,,,,,3,,,,,,,,,
11.056500,59187,5962127,,170.65075684,2.50557494,-176.30653381,,,,,0.12303846,2.20724988,-10.24835300,-0.60821658,0.47645360,0.64097250,2.66199579,1.50102937,-0.68847592,0.26451358,0.16932388,1.16234350,,,,,,,3,,,,,,,,,
11.066554,59188,5962227,,170.65621948,2.49025130,-176.30328369,,,,,-0.08504397,-0.34709984,-10.09174919,-0.21481308,-2.00004768,0.07965481,-0.82462080,1.58474263,-2.12809762,0.26561737,0.16978313,1.16730380,,,,,,,3,,,,,,,,,
11.076461,59189,5962327,,170.62692261,2.48931146,-176.29377747,,,,,-0.26598179,-0.56539798,-9.33417416,0.00491041,-2.08216929,-0.69410014,-1.94033423,-0.11952067,0.31204424,0.26313597,0.17222592,1.16485631,,,,,,,3,,,,,,,,,
11.086426,59190,5962427,,170.65888977,2.48962855,-176.27172852,,,,,-0.37608296,2.47702122,-10.49947929,-0.13736343,0.73499078,0.95334876,3.39386358,1.27347084,-2.03691865,0.26422602,0.17557073,1.15749335,,,,,,,3,,,,,,,,,
11.096404,59191,5962527,,170.67849731,2.47991228,-176.26268005,,,,,-0.30060595,-1.29443491,-8.88313580,0.10781887,-2.71512771,-1.25652552,-2.37969895,-1.16506966,-0.99472527,0.26334670,0.17414513,1.15845585,,,,,,,3,,,,,,,,,
11.106397,59192,5962627,,170.66909790,2.49983931,-176.24942017,,,,,-0.25091293,0.64587802,-9.05094337,-0.08820722,-0.83695418,-0.77755046,0.35336939,-0.40774143,-0.27021453,0.26110852,0.17274177,1.16089618,,,,,,,3,,,,,,,,,
11.116382,59193,5962727,,170.68893433,2.50326896,-176.24838257,,,,,0.25126663,0.85083383,-10.68168163,-0.65834010,-0.93388730,0.84205902,0.66858390,-1.34442413,-0.14512062,0.26266575,0.17223383,1.16485405,,,,,,,3,,,,,,,,,
11.126404,59194,5962827,,170.68215942,2.50859642,-176.26132202,,,,,0.05592806,0.24715537,-9.14072132,-0.37056190,-1.26469517,-0.76716042,-2.63662249,-1.19117784,-0.73104662,0.26347667,0.17270169,1.16140223,,,,,,,3,,,,,,,,,
11.136507,59195,5962927,,170.67678833,2.52490950,-176.24613953,,,,,-0.15688111,-0.47934121,-10.47485161,-0.14911270,-2.18306589,0.44073498,0.56363890,1.33636045,-2.91882478,0.26204941,0.17176618,1.16039073,,,,,,,3,,,,,,,,,
11.146451,59196,5963027,,170.68653870,2.51036000,-176.21096802,,,,,-0.36072770,1.46736062,-9.51336384,-0.05453169,-0.09907222,-0.18352914,-3.30078369,0.46316270,0.78263568,0.26374450,0.17125417,1.16830730,,,,,,,3,,,,,,,,,
11.156443,59197,5963127,,170.66014099,2.49641204,-176.22294617,,,,,-0.16046830,-0.06083487,-9.73895168,-0.15090470,-1.65123582,-0.21816671,1.67888857,-0.63694001,-2.86371284,0.26655725,0.17072706,1.16781831,,,,,,,3,,,,,,,,,
11.166543,59198,5963227,,170.70066833,2.52164340,-176.18598938,,,,,-0.24171463,-0.22197635,-9.42697239,-0.04922593,-1.75056601,-0.54686177,0.07078454,0.24846942,-1.18452449,0.26779550,0.17070839,1.16287661,,,,,,,3,,,,,,,,,
11.176487,59199,5963327,,170.68719482,2.52211452,-176.18876648,,,,,-0.51719260,2.00289631,-9.03737259,0.07649937,0.52005410,-0.56011915,-1.76746790,1.44019053,1.16840204,0.26737753,0.16975501,1.16384888,,,,,,,3,,,,,,,,,
11.186419,59200,5963427,,170.65931702,2.53242421,-176.20663452,,,,,0.58092463,-1.80113244,-10.45355320,-0.79286969,-3.53022265,0.17272758,2.49259600,-3.60626048,-3.79492952,0.26641107,0.17025147,1.16335714,,,,,,,3,,,,,,,,,
11.196463,59201,5963527,,170.70460510,2.58035159,-176.18066406,,,,,-0.03797397,1.88305151,-9.41479969,-0.41254956,0.30820030,-0.22781909,-2.29652518,0.15903336,0.75908503,0.26509550,0.16979256,1.16581714,,,,,,,3,,,,,,,,,
11.206403,59202,5963627,,170.66726685,2.58583999,-176.19528198,,,,,-0.59445351,-0.30046287,-9.89512539,0.28352436,-1.88493812,-0.08234549,-0.64987937,0.53273410,-2.27567496,0.26467651,0.17075872,1.16780937,,,,,,,3,,,,,,,,,
11.216424,59203,5963727,,170.66746521,2.59359717,-176.16841125,,,,,0.00866370,-0.00610611,-9.98543739,-0.34759498,-1.65170217,0.02590680,-0.03763183,-3.32517152,-1.91024468,0.26311925,0.17126666,1.16385150,,,,,,,3,,,,,,,,,
11.226460,59204,5963827,,170.69442749,2.60982680,-176.13591003,,,,,-0.26254672,1.84206069,-9.77884769,-0.20463069,0.22229755,0.13500881,0.00315156,-0.14366547,-0.71054671,0.26260522,0.17271550,1.16337705,,,,,,,3,,,,,,,,,
11.236596,59205,5963927,,170.67906189,2.59421182,-176.14332581,,,,,-0.55930883,-1.49965775,-8.65857124,0.37731558,-2.86286640,-1.49753356,-1.71603434,-0.58139072,-1.23024033,0.26416299,0.17124778,1.16682494,,,,,,,3,,,,,,,,,
11.246491,59206,5964027,,170.68536377,2.61144853,-176.11875916,,,,,0.20483501,2.15061259,-10.17921734,-0.70936191,0.42906833,0.55698907,0.90793822,-1.80890858,-1.33028414,0.26871917,0.16973330,1.16187632,,,,,,,3,,,,,,,,,
11.256455,59207,5964127,,170.69001770,2.64542866,-176.12799072,,,,,0.29369321,-1.01499152,-9.99388027,-0.56377649,-2.66166687,-0.14108658,0.94034821,-2.71683133,-0.50864835,0.26735878,0.17263483,1.16488397,,,,,,,3,,,,,,,,,
11.266438,59208,5964227,,170.70352173,2.68382287,-176.13665771,,,,,-0.33934164,0.08615758,-8.90324879,0.01868167,-1.35615134,-1.00934076,-1.07468011,-1.64965461,-1.37650585,0.26562470,0.17218229,1.16882610,,,,,,,3,,,,,,,,,
11.276443,59209,5964327,,170.71235657,2.69380736,-176.10983276,,,,,0.04494505,1.81635809,-11.16000843,-0.57328844,-0.04746622,1.47724020,0.08632174,0.40181835,-2.82292487,0.26591581,0.16882052,1.16184771,,,,,,,3,,,,,,,,,
11.286403,59210,5964427,,170.69400024,2.68981647,-176.09332275,,,,,-0.42060831,-0.95418876,-9.27541637,0.16257197,-2.43614674,-0.80597067,-1.63752067,-1.85848551,0.25460234,0.26547953,0.16978718,1.16334510,,,,,,,3,,,,,,,,,
11.296436,59211,5964527,,170.70233154,2.70593929,-176.07989502,,,,,-0.39843810,0.99189478,-9.49296093,-0.01496166,-0.55631387,-0.27883744,1.44413923,-1.69764459,-3.05951387,0.26418805,0.17268668,1.16833222,,,,,,,3,,,,,,,,,
11.306422,59212,5964627,,170.71340942,2.70952821,-176.05516052,,,,,-0.00035268,0.75221586,-9.47786331,-0.39294574,-0.81771183,-0.35228825,-3.00790731,-1.53564061,-0.20968234,0.26417133,0.17172742,1.16732740,,,,,,,3,,,,,,,,,
11.316489,59213,5964727,,170.67805481,2.71661377,-176.06062317,,,,,-0.24680039,-0.22715963,-9.68337727,-0.08184536,-1.80021513,-0.29504144,0.71999383,-1.06103350,-0.24831836,0.26558241,0.17074391,1.16682410,,,,,,,3,,,,,,,,,
11.326446,59214,5964827,,170.71481323,2.73069167,-176.05441284,,,,,0.48258430,-0.34392560,-10.28152084,-0.82418925,-2.06048822,0.24123240,1.71276481,-2.73136832,-2.75854265,0.26661730,0.17120516,1.16980517,,,,,,,3,,,,,,,,,
11.336483,59215,5964927,,170.73367310,2.75200248,-176.04231262,,,,,-0.36928287,1.59452832,-9.12091637,-0.08022738,0.09714198,-0.54917908,-3.07086073,-0.17308069,0.74473245,0.26513883,0.16931140,1.16679919,,,,,,,3,,,,,,,,,
11.346486,59216,5965027,,170.69285583,2.74429202,-176.04122925,,,,,-0.18973705,-0.13621613,-11.08488560,-0.19738424,-1.93762779,1.09896994,2.57598493,0.94550437,-3.81861405,0.26640269,0.16977185,1.16285479,,,,,,,3,,,,,,,,,
11.356494,59217,5965127,,170.73117065,2.73977160,-175.99760437,,,,,-0.24597710,0.17941841,-9.38784885,-0.10624582,-1.34773409,-0.52086246,-1.78464455,-2.41584026,-0.57657511,0.26565915,0.17218128,1.16981578,,,,,,,3,,,,,,,,,
11.366488,59218,5965227,,170.71179199,2.74195766,-175.99671936,,,,,-0.48975801,1.20402575,-8.98810577,0.07444128,-0.25805616,-0.73739266,-1.18198430,-1.12173232,0.24412027,0.26551196,0.17362525,1.16637468,,,,,,,3,,,,,,,,,
11.376507,59219,5965327,,170.71405029,2.76068425,-175.99526978,,,,,-0.09498491,-0.37490416,-9.89559937,-0.23533222,-1.98745060,-0.11656630,0.78243787,-2.20780038,-1.47851461,0.26684627,0.17120434,1.16287971,,,,,,,3,,,,,,,,,
11.386533,59220,5965427,,170.72047424,2.77937293,-175.98782349,,,,,0.16502367,1.06803012,-9.67733860,-0.60011154,-0.55132681,-0.11257577,-2.16380841,-2.04490634,0.37092564,0.26593983,0.17217894,1.16437483,,,,,,,3,,,,,,,,,
11.396475,59221,5965527,,170.70843506,2.79249549,-175.99504089,,,,,0.23735169,-1.26900685,-10.19014168,-0.51408446,-2.93963671,0.01322746,0.47122532,-2.41481317,-2.35209602,0.26415461,0.17076816,1.16632259,,,,,,,3,,,,,,,,,
11.406559,59222,5965627,,170.73591614,2.80179811,-175.96688843,,,,,-0.49634847,1.97058213,-9.49512959,-0.00660945,0.41419506,-0.11372900,-2.25839906,0.18382943,-0.11144826,0.26467752,0.16883919,1.16678941,,,,,,,3,,,,,,,,,
11.416486,59223,5965727,,170.70010376,2.77967143,-175.96803284,,,,,-0.08956788,-0.05140404,-10.34373760,-0.28375363,-1.74353397,0.37721944,0.82455228,-0.28740099,-2.32851437,0.26830903,0.17021932,1.16386092,,,,,,,3,,,,,,,,,
11.426548,59224,5965827,,170.72320557,2.78580785,-175.93809509,,,,,-0.34939960,-0.89329529,-9.39514065,0.07399052,-2.39700747,-0.68143129,0.66083030,-1.47753854,-0.79856806,0.27065057,0.17161965,1.16438961,,,,,,,3,,,,,,,,,
11.436444,59225,5965927,,170.74713135,2.80412722,-175.93069458,,,,,-0.48877192,2.89637327,-8.91897869,-0.06589040,1.42329955,-0.53271747,-1.17076475,-0.52636426,-0.11914111,0.26739374,0.17167404,1.16536367,,,,,,,3,,,,,,,,,
11.446490,59226,5966027,,170.71382141,2.80746913,-175.94868469,,,,,0.24664703,-1.83237994,-10.02783680,-0.47374278,-3.46672010,-0.23739898,0.36400722,-2.84890435,-1.67949272,0.26831788,0.16973919,1.16385341,,,,,,,3,,,,,,,,,
11.456441,59227,5966127,,170.74224854,2.84013844,-175.92771912,,,,,0.12078153,1.33606410,-10.04193211,-0.59784275,-0.34004414,0.29279780,0.77420493,-0.90297353,0.79660048,0.27072835,0.17113748,1.16636145,,,,,,,3,,,,,,,,,
11.466536,59228,5966227,,170.73588562,2.84374166,-175.95303345,,,,,-0.33897614,-0.42682657,-9.42230797,0.01748399,-1.94298637,-0.57929611,-1.67051721,-1.75671889,-0.76819634,0.26979735,0.16971341,1.16583943,,,,,,,3,,,,,,,,,
11.476654,59229,5966327,,170.72836304,2.85697937,-175.94274902,,,,,0.03771440,0.76184201,-9.92688751,-0.47124523,-0.88345110,0.08991277,-0.80158689,-0.63909162,-1.67690354,0.26737070,0.16639607,1.16181672,,,,,,,3,,,,,,,,,
11.486463,59230,5966427,,170.72412109,2.86332822,-175.91662598,,,,,-0.21013215,1.18866777,-10.64758587,-0.28262898,-0.56385982,0.88158178,0.34905957,1.28610093,-2.01113084,0.26737803,0.16879524,1.16333902,,,,,,,3,,,,,,,,,
11.496560,59231,5966527,,170.71430969,2.83186555,-175.91401672,,,,,-0.66289335,-1.48824096,-8.74322987,0.45227632,-2.85371304,-1.40421653,-1.61233904,-1.88433521,-0.19125665,0.26618257,0.16929254,1.16977274,,,,,,,3,,,,,,,,,
11.506528,59232,5966627,,170.71382141,2.83438706,-175.89355469,,,,,0.06841636,3.02905869,-9.56029606,-0.66064262,1.40414929,0.09299874,0.29054099,-0.93588639,-0.65962675,0.26644602,0.16929069,1.16383696,,,,,,,3,,,,,,,,,
11.516545,59233,5966727,,170.68997192,2.83593273,-175.90684509,,,,,-0.01903255,-1.62680542,-9.96435547,-0.22331132,-3.24063993,-0.25487447,-0.31954808,-0.31215459,-0.39648440,0.26733419,0.17023616,1.16286683,,,,,,,3,,,,,,,,,
11.526542,59234,5966827,,170.71275330,2.83778000,-175.89529419,,,,,0.09169687,0.19596620,-9.66978264,-0.46700490,-1.40417600,-0.25719190,1.27376603,-0.68302420,-1.77687361,0.26741096,0.17167354,1.16585851,,,,,,,3,,,,,,,,,
11.536521,59235,5966927,,170.73970032,2.83482265,-175.87731934,,,,,-0.04071165,1.26924622,-10.33027363,-0.44317055,-0.44449535,0.57372653,-0.60351237,-0.14152253,-0.60156640,0.26691568,0.17024255,1.16434908,,,,,,,3,,,,,,,,,
11.546427,59236,5967027,,170.71192932,2.82359934,-175.87742615,,,,,-0.43685254,0.07459997,-9.52435780,0.07792765,-1.46210861,-0.39377642,-2.16665319,0.43923706,0.05705422,0.26841238,0.17021628,1.16682994,,,,,,,3,,,,,,,,,
11.556475,59237,5967127,,170.72286987,2.81613874,-175.85026550,,,,,-0.20887901,0.42082900,-10.40749359,-0.20768332,-1.27860641,0.52209866,2.42297482,-0.25116286,-3.56640270,0.26838577,0.17165670,1.16685259,,,,,,,3,,,,,,,,,
11.566534,59238,5967227,,170.73814392,2.80497241,-175.82212830,,,,,-0.44963205,0.10666314,-8.61000347,0.12580198,-1.27592587,-1.28975117,-4.03655130,-2.01832880,1.80470396,0.26653951,0.17168733,1.16783345,,,,,,,3,,,,,,,,,
11.576455,59239,5967327,,170.70129395,2.81795406,-175.82958984,,,,,-0.21203731,1.02693713,-9.62977219,-0.22380891,-0.55794823,-0.14863861,0.67121672,-1.58611741,-1.27754174,0.26848233,0.16829471,1.16778946,,,,,,,3,,,,,,,,,
11.586528,59240,5967427,,170.72456360,2.82548261,-175.83030701,,,,,0.64312845,-0.16697128,-10.69769669,-1.02151442,-1.96922112,0.67054772,0.86989086,-1.45144593,-1.15607515,0.26943156,0.16779874,1.16778636,,,,,,,3,,,,,,,,,
11.596478,59241,5967527,,170.71127319,2.83099127,-175.83773804,,,,,-0.40933463,0.20631847,-9.15704346,0.05384874,-1.27536261,-0.73678970,-2.53186425,-0.47978984,1.50140247,0.26803824,0.16782199,1.16827452,,,,,,,3,,,,,,,,,
11.606483,59242,5967627,,170.69049072,2.82911849,-175.83238220,,,,,-0.24996060,0.35984281,-10.46013355,-0.16682199,-1.34938669,0.56448424,1.26167628,-1.59762927,-3.35050063,0.26973784,0.16827552,1.16334260,,,,,,,3,,,,,,,,,
11.616432,59243,5967727,,170.70785522,2.83756924,-175.81442261,,,,,-0.11622765,0.99392182,-9.32579422,-0.30840161,-0.55107296,-0.45705879,-2.17237133,-1.21792540,-0.17630734,0.26642931,0.16833143,1.16283214,,,,,,,3,,,,,,,,,
11.626494,59244,5967827,,170.68859863,2.82786131,-175.80470276,,,,,-0.46812621,-0.41084346,-9.93627644,0.13383752,-2.00607467,-0.06524658,2.01525863,0.82830841,-2.62576719,0.26754194,0.16831054,1.16778493,,,,,,,3,,,,,,,,,
11.636512,59245,5967927,,170.69873047,2.81214643,-175.78291321,,,,,-0.22062799,0.79123181,-8.98064709,-0.17273176,-0.68687725,-0.82614064,-3.24087033,-2.16897950,1.17031545,0.26713231,0.16783680,1.16925967,,,,,,,3,,,,,,,,,
11.646508,59246,5968027,,170.64814758,2.80733752,-175.80039978,,,,,0.20730405,0.73753816,-10.06121540,-0.63265353,-0.95354688,0.20873415,-0.17094959,-1.78060107,-0.84310660,0.26600194,0.16881798,1.16432190,,,,,,,3,,,,,,,,,
11.656549,59247,5968127,,170.67547607,2.81937456,-175.78713989,,,,,0.20437194,-0.70011967,-10.63656616,-0.53406370,-2.45921659,0.54600680,2.08922701,-0.25946843,-1.98167928,0.27018929,0.17114742,1.16437984,,,,,,,3,,,,,,,,,
11.666571,59248,5968227,,170.69505310,2.81651616,-175.76502991,,,,,-0.63276631,0.99229801,-8.96766376,0.22311199,-0.45837569,-0.78523755,-3.43956587,-0.03743744,0.26049827,0.27065891,0.17209928,1.16489208,,,,,,,3,,,,,,,,,
11.676457,59249,5968327,,170.67172241,2.82231688,-175.75558472,,,,,0.11709336,-0.07822959,-10.59626389,-0.49868774,-1.83361113,0.60886180,0.89318256,-1.60383162,-3.13721389,0.26847398,0.16781509,1.16728699,,,,,,,3,,,,,,,,,
11.686427,59250,5968427,,170.70013428,2.81740451,-175.72671509,,,,,-0.41952100,1.46443069,-9.60819244,-0.04919044,-0.11369646,-0.08745134,-1.30406123,0.48408720,1.11538761,0.26802099,0.16782250,1.16777968,,,,,,,3,,,,,,,,,
11.696475,59251,5968527,,170.66552734,2.78229690,-175.73898315,,,,,-0.53898758,-0.46414602,-9.23364258,0.24479318,-1.94195330,-0.76307559,-0.40053798,-0.01696882,-1.61009287,0.26918885,0.17068514,1.16238844,,,,,,,3,,,,,,,,,
11.706440,59252,5968627,,170.67700195,2.79272151,-175.72190857,,,,,0.25528109,-0.19440345,-9.82582378,-0.59280062,-1.83252764,-0.17592847,0.30423413,-2.52536255,-0.14547789,0.27052265,0.16922402,1.15940344,,,,,,,3,,,,,,,,,
11.716505,59253,5968727,,170.69241333,2.82186747,-175.73779297,,,,,0.10391130,2.15651870,-10.09556961,-0.64356256,0.44964486,0.47810519,0.96635683,0.79209213,0.55124402,0.26884967,0.16733007,1.16431272,,,,,,,3,,,,,,,,,
11.726546,59254,5968827,,170.68768311,2.81516099,-175.75387573,,,,,-0.05462677,-2.00648761,-10.05938435,-0.14579017,-3.62761164,-0.22123766,0.50184799,-0.77422969,-3.46588899,0.27184305,0.16727751,1.16927445,,,,,,,3,,,,,,,,,
11.736527,59255,5968927,,170.69619751,2.81137586,-175.71173096,,,,,-0.29226506,2.03497267,-9.67734337,-0.22241902,0.42498279,0.06696582,-3.14926021,1.74104137,0.45942115,0.26944879,0.16779824,1.16828120,,,,,,,3,,,,,,,,,
11.746523,59256,5969027,,170.64865112,2.77192140,-175.72500610,,,,,-0.58560854,-0.38847977,-10.16025734,0.25288439,-2.01729155,0.16338301,0.69888742,0.25501272,-1.46192558,0.26744696,0.16879322,1.16531837,,,,,,,3,,,,,,,,,
11.756489,59257,5969127,,170.67889404,2.75500393,-175.68782043,,,,,-0.14791587,1.14165723,-9.27241993,-0.27247462,-0.39803937,-0.48388445,-0.73032764,-0.72338117,-2.02251698,0.26841292,0.16925651,1.16631997,,,,,,,3,,,,,,,,,
11.766609,59258,5969227,,170.65235901,2.76200604,-175.67953491,,,,,-0.17024559,-0.03376220,-9.61480618,-0.16613525,-1.61242437,-0.33659172,-1.84581337,-0.14927188,0.58241850,0.26940444,0.17019892,1.16831899,,,,,,,3,,,,,,,,,
11.776537,59259,5969327,,170.64695740,2.75900602,-175.67826843,,,,,0.14388867,-0.65985096,-9.91140556,-0.43948963,-2.30137873,-0.16169560,-0.32445277,-2.06407997,-0.64407339,0.26777878,0.16974913,1.16187179,,,,,,,3,,,,,,,,,
11.786455,59260,5969427,,170.66648865,2.77119517,-175.67608643,,,,,0.03722976,2.73681617,-10.19652367,-0.62241101,1.00127673,0.67644131,-1.50099565,-0.16423421,-0.86464944,0.26603588,0.16977674,1.16582155,,,,,,,3,,,,,,,,,
11.796599,59261,5969527,,170.64270020,2.75536013,-175.66000366,,,,,-0.17101070,-2.23255897,-10.01477051,0.00468650,-3.84052277,-0.29931664,-1.14925510,0.36495726,-1.49271287,0.26675665,0.16832180,1.17223406,,,,,,,3,,,,,,,,,
11.806476,59262,5969627,,170.65728760,2.71520424,-175.60305786,,,,,-0.60509157,1.74986756,-9.37774181,0.13764036,0.21428072,-0.25970936,-0.45519193,1.67470241,-0.85277644,0.26702946,0.16688007,1.16578066,,,,,,,3,,,,,,,,,
11.816531,59263,5969727,,170.64147949,2.67357516,-175.60781860,,,,,-0.08977868,0.64560461,-9.79254723,-0.29334837,-0.98023558,-0.05481744,-0.51478271,-0.77654091,-0.49902813,0.26460963,0.16692168,1.16379023,,,,,,,3,,,,,,,,,
11.826477,59264,5969827,,170.62318420,2.67792201,-175.60746765,,,,,-0.17260297,-0.49727327,-8.98414516,-0.08805284,-1.96658480,-1.03411436,-0.87294465,-0.67068397,0.02361051,0.26799542,0.16734336,1.16678238,,,,,,,3,,,,,,,,,
11.836590,59265,5969927,,170.63432312,2.67656851,-175.60485840,,,,,0.19036666,0.76626223,-10.59946632,-0.60678834,-1.01813602,0.74710703,0.75473644,1.27034827,-1.19191475,0.26859558,0.16589200,1.16973102,,,,,,,3,,,,,,,,,
11.846499,59266,5970027,,170.62374878,2.64447927,-175.60809326,,,,,-0.10931020,-0.25737211,-9.67379284,-0.18961534,-1.85091412,-0.31843066,-1.56782510,-1.10201634,-0.30534145,0.26329306,0.16838229,1.16727006,,,,,,,3,,,,,,,,,
11.856497,59267,5970127,,170.63807678,2.62755895,-175.57342529,,,,,-0.25324780,1.78462565,-10.51328850,-0.23851176,0.03540871,0.84788680,2.83417974,1.21970818,-2.14337782,0.26674676,0.17072149,1.17326152,,,,,,,3,,,,,,,,,
11.866487,59268,5970227,,170.65580750,2.58426476,-175.52713013,,,,,-0.39275604,-1.40395582,-9.33250046,0.21264732,-2.89288521,-0.82681656,-0.77655372,0.46462858,-1.44134686,0.26987463,0.17019100,1.16832113,,,,,,,3,,,,,,,,,
11.876499,59269,5970327,,170.67564392,2.57255888,-175.49302673,,,,,-0.44522163,1.31044912,-9.47036552,0.03495950,-0.23881751,-0.24729586,1.32650897,-0.07002008,-0.84374415,0.26730758,0.17167658,1.16288948,,,,,,,3,,,,,,,,,
11.886478,59270,5970427,,170.69258118,2.57697558,-175.48564148,,,,,0.01037936,0.72018278,-9.95720577,-0.38654381,-0.93317580,0.11613011,0.68531311,-1.76741678,0.02204808,0.26638344,0.17361143,1.16439974,,,,,,,3,,,,,,,,,
11.896585,59271,5970527,,170.70356750,2.58293176,-175.47842407,,,,,0.20899396,-0.53802407,-9.39670944,-0.45989555,-2.09230399,-0.64869583,-0.34954232,-1.64519428,-0.73996258,0.26460758,0.17076075,1.16583002,,,,,,,3,,,,,,,,,
11.906493,59272,5970627,,170.72167969,2.58501387,-175.45222473,,,,,0.07234484,1.00350404,-10.66761208,-0.49254230,-0.77110934,0.86107957,0.22343725,1.48096441,-1.81117023,0.26727849,0.16831237,1.17372084,,,,,,,3,,,,,,,,,
11.916474,59273,5970727,,170.70724487,2.52134776,-175.43356323,,,,,-0.59492505,0.02699025,-9.26671505,0.30758542,-1.45198393,-0.64804316,-3.20198009,2.01653609,1.68004393,0.26765418,0.16782737,1.17074645,,,,,,,3,,,,,,,,,
11.926453,59274,5970827,,170.69390869,2.49062681,-175.42321777,,,,,0.01714681,0.76092511,-10.39212132,-0.39465249,-0.96070051,0.55086911,2.09969855,0.59768830,-3.18550204,0.26625252,0.16737098,1.17073214,,,,,,,3,,,,,,,,,
11.936538,59275,5970927,,170.72067261,2.45636940,-175.39753723,,,,,-0.32061556,0.14749771,-9.35294151,0.03328234,-1.36568201,-0.55699265,-1.63141822,1.45572772,1.07243660,0.26627964,0.16497080,1.17019951,,,,,,,3,,,,,,,,,
11.946457,59276,5971027,,170.67976379,2.41923451,-175.41874695,,,,,-0.62412393,0.26130301,-8.98418236,0.34156191,-1.17110980,-0.88886738,1.28438975,0.94231958,-0.58745993,0.26708114,0.16687855,1.16726518,,,,,,,3,,,,,,,,,
11.956461,59277,5971127,,170.70249939,2.42097068,-175.42189026,,,,,0.53305024,0.10709330,-10.61596870,-0.84773427,-1.68041432,0.64513898,3.28015545,-2.89504185,-1.98248268,0.26934439,0.16972081,1.16633201,,,,,,,3,,,,,,,,,
11.966532,59278,5971227,,170.73365784,2.45343757,-175.42852783,,,,,-0.25976330,0.94175321,-9.18973732,-0.08943796,-0.56034607,-0.59210753,-0.50452297,-0.24532348,1.55746093,0.26924938,0.17020348,1.16386545,,,,,,,3,,,,,,,,,
11.976555,59279,5971327,,170.73353577,2.46360540,-175.44279480,,,,,-0.36919609,-0.67414272,-10.47871304,0.11927359,-2.34851480,0.42475307,1.50444265,1.03699721,-3.16627762,0.26846460,0.16925499,1.16780448,,,,,,,3,,,,,,,,,
11.986515,59280,5971427,,170.74256897,2.44032478,-175.41554260,,,,,-0.05228249,1.56375313,-9.62801170,-0.36089057,-0.03757489,-0.06695700,-2.85405751,0.23298728,0.67878142,0.26700336,0.16736071,1.16529346,,,,,,,3,,,,,,,,,
11.996535,59281,5971527,,170.72126770,2.43036270,-175.42224121,,,,,-0.31051871,-0.28848746,-10.07804680,0.04213777,-1.90868139,0.08896077,2.95868427,-0.09331400,-2.87488852,0.26730514,0.16687196,1.17369807,,,,,,,3,,,,,,,,,
12.006473,59282,5971627,,170.74548340,2.41600847,-175.39547729,,,,,-0.30022570,0.88921505,-8.79285145,-0.02926791,-0.54177898,-0.99016225,-2.90203489,-0.45021512,0.41934848,0.26622590,0.16881140,1.17075479,,,,,,,3,,,,,,,,,
12.016478,59283,5971727,,170.70419312,2.40669179,-175.40373230,,,,,-0.05173024,-0.02499317,-9.90755844,-0.22781765,-1.64612114,-0.04799187,0.22730315,0.09109195,0.12721443,0.26554948,0.16786562,1.16430461,,,,,,,3,,,,,,,,,
12.026613,59284,5971827,,170.73858643,2.41006327,-175.41146851,,,,,0.32841843,0.01429404,-10.58316708,-0.63062894,-1.74339199,0.60946143,3.19191581,-0.65839144,-0.83182910,0.26844737,0.16925550,1.16730964,,,,,,,3,,,,,,,,,
12.036569,59285,5971927,,170.76484680,2.42103601,-175.41401672,,,,,-0.48275989,1.33270705,-9.19851494,0.10205346,-0.15518451,-0.51039743,-2.19683771,-0.27431659,-0.23109758,0.26901257,0.16876492,1.16977859,,,,,,,3,,,,,,,,,
12.046661,59286,5972027,,170.74328613,2.42621565,-175.40502930,,,,,-0.02984799,-1.16435206,-10.54137993,-0.17217821,-2.86483502,0.39389300,1.11260985,0.02528963,-2.89307838,0.26783484,0.16830193,1.17619717,,,,,,,3,,,,,,,,,
12.056518,59287,5972127,,170.76876831,2.40822339,-175.36373901,,,,,-0.55760396,2.37351608,-9.68458366,0.07742572,0.79531229,0.13996673,-1.46650949,0.30283733,1.41263936,0.26530173,0.17074625,1.17226517,,,,,,,3,,,,,,,,,
12.066596,59288,5972227,,170.75521851,2.38463664,-175.37388611,,,,,-0.26429853,-0.99463445,-9.22103024,0.09038070,-2.46273041,-0.87006950,1.00208640,-2.25235584,-1.82868198,0.26756549,0.17262875,1.17082202,,,,,,,3,,,,,,,,,
12.076576,59289,5972327,,170.77822876,2.41556644,-175.34532166,,,,,0.14834364,0.63609791,-9.60271358,-0.47459978,-0.95436227,-0.24934435,-1.86842792,-0.68582090,0.32361124,0.26808003,0.17022014,1.17078650,,,,,,,3,,,,,,,,,
12.086498,59290,5972427,,170.76911926,2.41564775,-175.36238098,,,,,-0.05191641,0.80167085,-10.40567780,-0.31199414,-0.90406650,0.57732928,0.99529751,1.64327126,-0.14894504,0.26567793,0.16930147,1.16878080,,,,,,,3,,,,,,,,,
12.096515,59291,5972527,,170.78128052,2.39691138,-175.36192322,,,,,-0.03904580,-0.78386337,-9.80017662,-0.17105249,-2.36590648,-0.27468848,0.04756170,-1.66139015,-1.87789029,0.26571289,0.16834068,1.16926050,,,,,,,3,,,,,,,,,
12.106490,59292,5972627,,170.79042053,2.41749811,-175.34049988,,,,,-0.19958347,1.80383849,-9.83845139,-0.23622237,0.18599105,0.18446088,-1.13897353,0.78110193,0.57799329,0.26481637,0.16691560,1.16972828,,,,,,,3,,,,,,,,,
12.116524,59293,5972727,,170.77764893,2.40234971,-175.34976196,,,,,-0.71973962,-1.32436037,-9.69174385,0.55820441,-2.82288599,-0.43938708,0.34874650,0.51172844,-1.33814814,0.26385927,0.16597216,1.16871893,,,,,,,3,,,,,,,,,
12.126521,59294,5972827,,170.80120850,2.38519335,-175.32472229,,,,,-0.06236603,2.78842115,-9.57587624,-0.44749275,1.18811131,0.07800329,-1.55779123,-0.17679334,0.43814362,0.26315472,0.16934611,1.16382122,,,,,,,3,,,,,,,,,
12.136511,59295,5972927,,170.76817322,2.38939524,-175.34359741,,,,,-0.04722878,-2.09475422,-9.67184544,-0.04306252,-3.63258553,-0.60938275,0.51364805,-2.12757468,-0.83121001,0.26455539,0.17172204,1.16485548,,,,,,,3,,,,,,,,,
12.146515,59296,5973027,,170.81529236,2.42648482,-175.32928467,,,,,0.09823789,1.49137211,-9.68544006,-0.50381583,-0.11580255,-0.02828121,1.38906528,-0.78362285,-1.04686715,0.26780489,0.16926847,1.16235912,,,,,,,3,,,,,,,,,
12.156582,59297,5973127,,170.83018494,2.43797374,-175.33544922,,,,,-0.15505143,0.74692327,-10.44637299,-0.21173716,-0.94810098,0.61303461,0.25020741,-0.55559267,-1.70704068,0.26558292,0.16978414,1.16631413,,,,,,,3,,,,,,,,,
12.166560,59298,5973227,,170.82800293,2.44105935,-175.31594849,,,,,-0.25092965,-0.95552093,-9.77323627,0.04940182,-2.50441670,-0.31733215,0.18777312,-1.38309047,-0.25666581,0.26470992,0.17267725,1.16981888,,,,,,,3,,,,,,,,,
12.176529,59299,5973327,,170.85113525,2.45134711,-175.29890442,,,,,-0.33624700,2.01614714,-9.87559223,-0.12873180,0.40994534,0.26101685,-0.41422130,-0.46600540,-1.17722601,0.26514667,0.17075081,1.16781163,,,,,,,3,,,,,,,,,
12.186627,59300,5973427,,170.83857727,2.43816137,-175.30255127,,,,,-0.25576475,-0.80001366,-9.25148010,0.05797219,-2.26611972,-0.80737233,-2.06567097,-1.04623632,-0.34018728,0.26531947,0.16978598,1.17225003,,,,,,,3,,,,,,,,,
12.196510,59301,5973527,,170.83764648,2.45223498,-175.28388977,,,,,-0.12474106,1.64134645,-10.02545643,-0.30919206,-0.00068611,0.33977914,0.30263808,0.10774499,0.06348686,0.26806179,0.17214018,1.17131150,,,,,,,3,,,,,,,,,
12.206465,59302,5973627,,170.83584595,2.45094538,-175.29708862,,,,,0.05899396,-1.83258557,-9.67260075,-0.18003809,-3.37560678,-0.56876385,0.10868628,-2.81945278,-0.91431698,0.26735142,0.17023565,1.16336167,,,,,,,3,,,,,,,,,
12.216539,59303,5973727,,170.87345886,2.48922396,-175.28834534,,,,,-0.03482717,2.17166805,-9.84741116,-0.44723058,0.54615611,0.24492800,0.19669758,-0.76609232,-0.90601051,0.26420835,0.16692756,1.16576731,,,,,,,3,,,,,,,,,
12.226556,59304,5973827,,170.86666870,2.48995876,-175.28576660,,,,,-0.28855732,-0.07865703,-10.60410023,-0.01872772,-1.76734972,0.64422965,0.35888367,0.95485372,-1.31144584,0.26656610,0.17024691,1.16781068,,,,,,,3,,,,,,,,,
12.236570,59305,5973927,,170.87544250,2.47933483,-175.26544189,,,,,-0.44780144,-0.28523278,-9.41928005,0.19187585,-1.76525950,-0.54992700,0.14606278,-2.03045644,-1.51547906,0.26587147,0.17122120,1.16188550,,,,,,,3,,,,,,,,,
12.246522,59306,5974027,,170.89828491,2.49459600,-175.25091553,,,,,-0.07787523,1.95166922,-9.84854889,-0.38823879,0.33785063,0.21227479,0.12863511,-1.66211938,-0.18838602,0.26465976,0.16979946,1.16680455,,,,,,,3,,,,,,,,,
12.256543,59307,5974127,,170.87425232,2.50932574,-175.26353455,,,,,-0.48187315,-1.14876378,-8.80958557,0.31638294,-2.51413989,-1.28661466,-2.12587119,-1.67797823,0.65843589,0.26523182,0.17266782,1.17130566,,,,,,,3,,,,,,,,,
12.266526,59308,5974227,,170.89332581,2.52171469,-175.25395203,,,,,0.46493196,1.36653662,-10.86863613,-0.91211283,-0.44632643,1.10188651,2.18499032,-0.54630222,-2.47580249,0.27062398,0.17306006,1.16441226,,,,,,,3,,,,,,,,,
12.276577,59309,5974327,,170.90989685,2.53486466,-175.24780273,,,,,-0.16453701,-0.85693228,-9.49548244,-0.04978046,-2.36112094,-0.57801127,-2.37576220,-1.75315513,0.35976170,0.26782212,0.16926797,1.16285396,,,,,,,3,,,,,,,,,
12.286494,59310,5974427,,170.90646362,2.55454969,-175.24333191,,,,,-0.37045050,1.52782881,-9.97617435,-0.07342321,-0.07200366,0.28223443,1.59892466,0.29950281,-2.26913975,0.26520723,0.17026915,1.16928852,,,,,,,3,,,,,,,,,
12.296628,59311,5974527,,170.91609192,2.54220510,-175.22418213,,,,,-0.07809239,-0.27020136,-10.02987671,-0.20442654,-1.87548447,0.03881240,-1.74929565,-0.30606739,-1.21070279,0.26720020,0.16975431,1.17225897,,,,,,,3,,,,,,,,,
12.306506,59312,5974627,,170.91430664,2.53282022,-175.20835876,,,,,-0.57575768,0.65362811,-9.20105267,0.23562318,-0.79112959,-0.61030662,-0.59282787,-0.96106119,0.45295782,0.26526779,0.16978750,1.17076552,,,,,,,3,,,,,,,,,
12.316633,59313,5974727,,170.91076660,2.54157448,-175.21130371,,,,,-0.04948976,0.69226301,-9.77610779,-0.31127471,-0.89015734,-0.06055450,-0.35646995,-1.91465186,-0.25881809,0.26565969,0.17122151,1.16930592,,,,,,,3,,,,,,,,,
12.326579,59314,5974827,,170.90596008,2.55603671,-175.21603394,,,,,0.16494194,-0.48774844,-9.59848499,-0.41583687,-2.04146433,-0.43232810,-1.37504952,-2.10552833,-0.91534652,0.26754093,0.17023008,1.16880488,,,,,,,3,,,,,,,,,
12.336629,59315,5974927,,170.92747498,2.57502437,-175.20159912,,,,,0.00239238,1.18276000,-10.72624302,-0.43864340,-0.56027478,0.95298696,1.92949258,0.94330643,-2.02909510,0.26767039,0.16974640,1.17226112,,,,,,,3,,,,,,,,,
12.346604,59316,5975027,,170.93055725,2.55531001,-175.18383789,,,,,-0.53844070,-0.89259064,-9.29775047,0.33094972,-2.32895064,-0.75926590,-2.60865607,-0.12055077,-0.04866510,0.26530278,0.16882671,1.17124522,,,,,,,3,,,,,,,,,
12.356525,59317,5975127,,170.93136597,2.55804324,-175.16856384,,,,,-0.04132451,1.94790232,-10.28993988,-0.45122606,0.26670960,0.64346814,1.78989867,-0.38540796,-2.69819195,0.26526779,0.16978750,1.17076552,,,,,,,3,,,,,,,,,
12.366588,59318,5975227,,170.95706177,2.54629183,-175.15092468,,,,,-0.33000061,-0.21699166,-9.61900520,0.05500335,-1.72868979,-0.34623635,-0.70028067,0.38143906,-0.01191173,0.26801947,0.17070180,1.16930950,,,,,,,3,,,,,,,,,
12.376539,59319,5975327,,170.94906616,2.53916216,-175.14881897,,,,,-0.50683928,-0.19226710,-8.91638279,0.25090948,-1.57594585,-1.02629006,1.12454230,-0.94853121,-0.53753861,0.26842910,0.17117554,1.16783476,,,,,,,3,,,,,,,,,
12.386545,59320,5975427,,170.98237610,2.55980659,-175.14071655,,,,,0.55401254,0.70633322,-10.76629353,-0.94758606,-1.07304037,0.89218915,2.30610793,-2.33582054,-1.14984623,0.26882100,0.17260957,1.16637516,,,,,,,3,,,,,,,,,
12.396501,59321,5975527,,171.00007629,2.58277321,-175.14636230,,,,,-0.28466681,0.39580885,-9.35394573,-0.04258496,-1.08102822,-0.51215076,-0.78874427,-0.45878076,0.16097035,0.26653063,0.17216747,1.16784096,,,,,,,3,,,,,,,,,
12.406550,59322,5975627,,171.00608826,2.58417296,-175.13864136,,,,,-0.21751527,0.36790258,-10.68591881,-0.14770648,-1.32378018,0.79560661,0.49130901,1.06062913,-2.84981148,0.26723519,0.16879353,1.17273867,,,,,,,3,,,,,,,,,
12.416514,59323,5975727,,170.99562073,2.56327963,-175.11514282,,,,,-0.24437939,-0.02076153,-9.43604469,-0.04498473,-1.50874674,-0.49703944,-3.25676803,-0.84331364,1.30238677,0.26675665,0.16832180,1.17223406,,,,,,,3,,,,,,,,,
12.426546,59324,5975827,,170.99696350,2.56345677,-175.10723877,,,,,-0.41286820,1.71664083,-10.11977196,-0.05644765,0.10972840,0.45614862,2.44172497,-0.31681061,-2.39411236,0.26770437,0.17070515,1.17376077,,,,,,,3,,,,,,,,,
12.436495,59325,5975927,,171.00093079,2.55979300,-175.09413147,,,,,-0.31857336,-1.08640254,-8.79330158,0.14715216,-2.44555950,-1.29612124,-2.87436324,-1.50525971,-0.36513847,0.26818341,0.17021710,1.17375553,,,,,,,3,,,,,,,,,
12.446548,59326,5976027,,170.99702454,2.57469034,-175.08866882,,,,,0.24051028,0.58220357,-10.38199425,-0.61264515,-1.10362720,0.50828779,1.67546237,-0.92967135,-0.63087992,0.26616433,0.17121258,1.17029774,,,,,,,3,,,,,,,,,
12.456597,59327,5976127,,171.02604675,2.57639384,-175.09016418,,,,,0.00387927,1.00660658,-10.38003063,-0.41665837,-0.66421169,0.58357954,-0.11981202,-0.30023110,0.03691314,0.26704413,0.17167841,1.16882527,,,,,,,3,,,,,,,,,
12.466618,59328,5976227,,171.01721191,2.57339334,-175.09451294,,,,,-0.31811526,-0.23715876,-9.34313107,0.05043969,-1.69540596,-0.61889052,-1.56760109,-0.53186486,-1.43726283,0.26658335,0.17024641,1.16830552,,,,,,,3,,,,,,,,,
12.476544,59329,5976327,,171.02699280,2.58329868,-175.06137085,,,,,-0.11444634,0.71208197,-10.74915218,-0.28233066,-1.00035751,0.90740323,1.02301485,0.81350867,-2.13370030,0.26540613,0.16882367,1.17421424,,,,,,,3,,,,,,,,,
12.486500,59330,5976427,,171.02552795,2.54789686,-175.04861450,,,,,-0.78476256,0.24196237,-9.07196236,0.48411608,-1.14048219,-0.79104841,-2.70325184,0.20647717,1.81225388,0.26383847,0.17269105,1.17179382,,,,,,,3,,,,,,,,,
12.496548,59331,5976527,,171.02104187,2.54312420,-175.04121399,,,,,0.14516431,1.25627792,-9.85325241,-0.56006229,-0.34573916,0.09586620,1.22142565,-2.32757202,-3.11599889,0.26561585,0.17266244,1.16883373,,,,,,,3,,,,,,,,,
12.506467,59332,5976627,,171.02149963,2.56330371,-175.03086853,,,,,0.01077705,-1.32044137,-9.60593700,-0.18145435,-2.83174944,-0.54473066,-3.03089879,-0.45012457,0.20238904,0.26814947,0.16925834,1.17225587,,,,,,,3,,,,,,,,,
12.516528,59333,5976727,,171.02735901,2.57279301,-175.02525330,,,,,-0.12223496,1.57073569,-10.49055195,-0.34416461,-0.11157048,0.78675592,2.30480806,0.52274645,-2.05799149,0.26761872,0.16974792,1.17077661,,,,,,,3,,,,,,,,,
12.526572,59334,5976827,,171.04280090,2.56524038,-175.01495361,,,,,-0.06584507,-0.28885236,-9.92056656,-0.21232066,-1.85743582,-0.06839895,-1.68973864,-2.20468197,-0.89227708,0.26698411,0.17120029,1.16683841,,,,,,,3,,,,,,,,,
12.536565,59335,5976927,,171.03393555,2.58749104,-175.00537109,,,,,-0.43266881,0.31743506,-9.48319626,0.10855529,-1.15908134,-0.38959789,-0.17298395,-0.41993332,-0.45808227,0.26477152,0.17027605,1.17027593,,,,,,,3,,,,,,,,,
12.546564,59336,5977027,,171.05540466,2.58156586,-174.99079895,,,,,-0.49677542,1.23040104,-10.38676167,0.06063594,-0.39602944,0.64820886,0.44245773,0.65309799,-1.14792417,0.26566020,0.17026174,1.16879594,,,,,,,3,,,,,,,,,
12.556612,59337,5977127,,171.02813721,2.55952191,-174.99061584,,,,,-0.27745911,-0.27577901,-8.82540512,0.03278898,-1.65285158,-1.13775277,-3.20525111,-3.40210250,0.06621931,0.26504332,0.17075385,1.16484261,,,,,,,3,,,,,,,,,
12.566633,59338,5977227,,171.02429199,2.60078430,-174.98960876,,,,,0.36284879,0.65600049,-10.70248795,-0.75429124,-1.08912516,0.83092546,1.98047610,-2.37158832,-1.46121705,0.26665175,0.17120415,1.17079484,,,,,,,3,,,,,,,,,
12.576511,59339,5977327,,171.04359436,2.61903238,-174.98847961,,,,,-0.24929300,-0.25001451,-9.19925022,-0.01649410,-1.69002318,-0.76679790,-3.11874143,-0.50873543,0.02387314,0.26860189,0.17021070,1.17227316,,,,,,,3,,,,,,,,,
12.586570,59340,5977427,,171.04353333,2.62078357,-174.97709656,,,,,-0.03107484,1.32200384,-10.78551865,-0.43195960,-0.41061419,1.03437519,1.41556909,-0.11017711,-3.04506460,0.26746365,0.16975248,1.16632307,,,,,,,3,,,,,,,,,
12.596588,59341,5977527,,171.03520203,2.61701727,-174.95913696,,,,,-0.25804561,-0.64839435,-9.75503731,0.01174684,-2.16921544,-0.27900219,-2.43807466,-1.01905569,1.09520856,0.26703680,0.16927923,1.16730297,,,,,,,3,,,,,,,,,
12.606524,59342,5977627,,171.03414917,2.61154175,-174.96122742,,,,,-0.66626805,0.95164806,-9.22986507,0.28591126,-0.47477078,-0.52959573,0.19220974,0.64036241,-1.46074513,0.26943105,0.16875851,1.16829634,,,,,,,3,,,,,,,,,
12.616571,59343,5977727,,171.04273987,2.61447930,-174.95147705,,,,,0.07950912,0.96388406,-10.03646755,-0.48392934,-0.65621322,0.23402619,-0.53252290,-1.35361095,-1.07150439,0.26796046,0.16830415,1.16630268,,,,,,,3,,,,,,,,,
12.626636,59344,5977827,,171.01991272,2.62601161,-174.95816040,,,,,-0.21902546,-1.01511848,-9.51007938,0.01358236,-2.49457455,-0.57959473,-0.34300559,-1.45179107,1.03989043,0.26745430,0.17119238,1.16684067,,,,,,,3,,,,,,,,,
12.636629,59345,5977927,,171.05052185,2.64031172,-174.96015930,,,,,0.18482748,1.52239370,-10.40926743,-0.65630794,-0.17374760,0.68446922,1.36570241,-0.49256720,-1.81054036,0.26847243,0.17069440,1.16881692,,,,,,,3,,,,,,,,,
12.646525,59346,5978027,,171.05119324,2.64170742,-174.95960999,,,,,-0.22245605,-0.25313428,-9.65016460,-0.05945370,-1.76581979,-0.32284355,-2.89014588,-0.16060516,-0.52607019,0.26520774,0.16930938,1.16877854,,,,,,,3,,,,,,,,,
12.656675,59347,5978127,,171.03483582,2.63959908,-174.93261719,,,,,-0.30938059,0.87418354,-10.52926064,-0.10498920,-0.78683883,0.72417665,0.95110651,1.07685061,-2.12822185,0.26590139,0.17025465,1.17572367,,,,,,,3,,,,,,,,,
12.666665,59348,5978227,,171.05068970,2.60528612,-174.91000366,,,,,-0.62951863,-0.72975963,-9.06501675,0.41442102,-2.10380793,-0.95517147,-2.74605578,-1.43020575,0.39838671,0.26861027,0.17069034,1.17277563,,,,,,,3,,,,,,,,,
12.676573,59349,5978327,,171.04837036,2.61196923,-174.89968872,,,,,-0.04735686,2.06467915,-9.43122387,-0.44125649,0.53537589,-0.18536544,0.01676576,-0.86359546,-1.24104185,0.26659274,0.16880651,1.16778803,,,,,,,3,,,,,,,,,
12.686598,59350,5978427,,171.03872681,2.61810279,-174.90234375,,,,,0.03762234,-0.62503189,-10.46348286,-0.30279645,-2.28265524,0.41077781,-0.12952921,0.63583907,0.52906037,0.26800328,0.16878277,1.16779470,,,,,,,3,,,,,,,,,
12.696568,59351,5978527,,171.04217529,2.61317778,-174.90759277,,,,,-0.08446524,-0.10027755,-9.53492355,-0.20315522,-1.60891640,-0.41866231,-0.77958616,-0.85685678,-1.00177019,0.26789889,0.17070535,1.16584563,,,,,,,3,,,,,,,,,
12.706592,59352,5978627,,171.05082703,2.62735128,-174.89698792,,,,,-0.02939796,1.37414527,-10.48298550,-0.42954540,-0.31404293,0.74361730,-1.06994753,-0.73406193,-1.60725664,0.26660109,0.16928613,1.16829050,,,,,,,3,,,,,,,,,
12.716689,59353,5978727,,171.03294373,2.62841964,-174.88946533,,,,,-0.48250249,-0.42041504,-9.54598522,0.22193900,-1.89121294,-0.44001043,-2.01623086,0.56334669,-0.07709859,0.26673156,0.16688292,1.17072690,,,,,,,3,,,,,,,,,
12.726648,59354,5978827,,171.03425598,2.61363053,-174.87416077,,,,,-0.33923817,1.16313279,-10.19902706,-0.08955239,-0.44986510,0.44507265,0.08810362,0.48488111,-2.18783467,0.26765418,0.16782737,1.17074645,,,,,,,3,,,,,,,,,
12.736860,59355,5978927,,171.01928711,2.59810066,-174.86495972,,,,,-0.30884042,-0.26585838,-8.95075607,0.05786557,-1.66258490,-1.01193476,-3.99223020,-2.51240889,1.12274543,0.26478037,0.16979592,1.17026842,,,,,,,3,,,,,,,,,
12.746613,59356,5979027,,171.00622559,2.61834621,-174.86244202,,,,,-0.01799520,1.14210057,-10.05082035,-0.40112552,-0.47859314,0.28045249,1.58187789,-1.02570669,-1.25527116,0.26671177,0.17168227,1.17278183,,,,,,,3,,,,,,,,,
12.756521,59357,5979127,,171.03178406,2.61582923,-174.85278320,,,,,0.12444096,-0.94051641,-9.95004845,-0.34106007,-2.52278471,-0.15036106,-0.68041032,-0.19461804,-0.92864148,0.26948324,0.16779722,1.16927087,,,,,,,3,,,,,,,,,
12.766667,59358,5979227,,171.03999329,2.62026525,-174.84353638,,,,,-0.28323978,1.05863667,-9.82515717,-0.12360983,-0.49863818,0.05700529,-0.67980723,-0.02082303,-1.01704985,0.26890084,0.16828832,1.16630709,,,,,,,3,,,,,,,,,
12.776577,59359,5979327,,171.03454590,2.63028932,-174.83374023,,,,,-0.15377639,0.64745724,-10.66529942,-0.24035555,-1.04710460,0.81603456,0.48307159,-0.26309403,-1.20956194,0.26767039,0.16974640,1.17226112,,,,,,,3,,,,,,,,,
12.786616,59360,5979427,,171.04022217,2.62190866,-174.81614685,,,,,-0.56724787,-0.31932601,-9.01669216,0.31554011,-1.69873977,-0.94233847,-1.77528046,-0.89138446,-1.54188362,0.26756805,0.16782990,1.16827226,,,,,,,3,,,,,,,,,
12.796666,59361,5979527,,171.04310608,2.62319255,-174.79301453,,,,,-0.21353585,1.69506943,-10.03030109,-0.26133466,0.08931828,0.35589576,-0.71360963,0.25944860,-1.41670396,0.26607871,0.17025535,1.16731369,,,,,,,3,,,,,,,,,
12.806678,59362,5979627,,171.02056885,2.62146640,-174.79460144,,,,,-0.40161914,-1.24778223,-9.26468182,0.23187521,-2.66800213,-0.84975660,-1.34514983,-2.54342008,1.21263808,0.26556519,0.17074442,1.16632926,,,,,,,3,,,,,,,,,
12.816585,59363,5979727,,171.04032898,2.64399600,-174.79866028,,,,,0.51258600,1.81484652,-10.33756256,-1.00866890,0.09124863,0.64387798,0.64105872,-1.56241826,-1.91103058,0.26568833,0.16594203,1.16724336,,,,,,,3,,,,,,,,,
12.826572,59364,5979827,,171.03424072,2.65171432,-174.80818176,,,,,-0.27749598,-0.81586313,-9.81031322,0.04875155,-2.34249449,-0.25069618,-2.72606446,-0.08677596,-0.06652715,0.26580894,0.16593848,1.17070723,,,,,,,3,,,,,,,,,
12.836565,59365,5979927,,171.02856445,2.63837028,-174.78811646,,,,,-0.40016264,1.06512284,-10.29390144,-0.02465758,-0.55542433,0.52547598,1.60267774,1.11337975,-1.63771170,0.26627809,0.16785011,1.17172945,,,,,,,3,,,,,,,,,
12.846622,59366,5980027,,171.04708862,2.61929989,-174.76632690,,,,,-0.19916496,-0.06592580,-9.75844955,-0.09756684,-1.59969473,-0.18727422,0.04722015,-1.94797145,-1.27703289,0.26706290,0.16879860,1.16779029,,,,,,,3,,,,,,,,,
12.856635,59367,5980127,,171.05458069,2.62593770,-174.75971985,,,,,-0.55130863,0.69675529,-8.81125546,0.20914274,-0.66594648,-0.98686326,-1.13104656,-0.76499784,0.14553691,0.26567844,0.16834170,1.16827083,,,,,,,3,,,,,,,,,
12.866606,59368,5980227,,171.03749084,2.63232279,-174.76615906,,,,,-0.22682072,1.06144488,-10.48490143,-0.20113614,-0.60469425,0.70626414,-0.03858582,0.06276430,0.68635637,0.26904652,0.16972367,1.17127824,,,,,,,3,,,,,,,,,
12.876629,59369,5980327,,171.04438782,2.61976552,-174.77278137,,,,,0.25757688,-1.24504578,-9.69994259,-0.43630356,-2.79161429,-0.45055389,-0.54788314,-2.89424528,-0.30815847,0.26946601,0.16779773,1.16877604,,,,,,,3,,,,,,,,,
12.886727,59370,5980427,,171.05641174,2.65649748,-174.77206421,,,,,-0.07680350,2.13578343,-9.99256802,-0.44349974,0.51733321,0.38055897,-1.16727655,-0.60488374,-0.39165129,0.26667938,0.16784421,1.16975224,,,,,,,3,,,,,,,,,
12.896588,59371,5980527,,171.03633118,2.65122676,-174.77006531,,,,,-0.40825281,-1.16600716,-10.05864143,0.20595118,-2.71120644,-0.05307758,-1.70570944,0.64295153,-1.11134744,0.26619041,0.17073195,1.17078507,,,,,,,3,,,,,,,,,
12.906543,59372,5980627,,171.05352783,2.62872505,-174.73115540,,,,,-0.27566141,1.68641579,-9.91800404,-0.19675946,0.10490915,0.24682140,-0.31658711,0.20678827,-1.38637462,0.26630318,0.16928899,1.17323661,,,,,,,3,,,,,,,,,
12.916615,59373,5980727,,171.04708862,2.60463190,-174.71003723,,,,,-0.49629253,-0.40943664,-9.32702732,0.24979009,-1.84198129,-0.65316951,-2.46607480,-1.15177832,-0.46963676,0.26553661,0.16642044,1.17665064,,,,,,,3,,,,,,,,,
12.926627,59374,5980827,,171.03903198,2.60046983,-174.69865417,,,,,-0.28859150,0.83578944,-9.33892632,-0.07817474,-0.63849723,-0.45712197,0.22820382,-1.06102133,-0.66661595,0.26851577,0.17021324,1.16979897,,,,,,,3,,,,,,,,,
12.936560,59375,5980927,,171.05766296,2.61260676,-174.68914795,,,,,0.35874486,0.02306551,-10.65207005,-0.68359786,-1.70352101,0.68326735,0.96760366,-0.70454858,-1.68245873,0.26977077,0.17115381,1.16586208,,,,,,,3,,,,,,,,,
12.946564,59376,5981027,,171.08187866,2.62802863,-174.68360901,,,,,-0.28879380,-0.23876649,-9.42387390,0.02090980,-1.70388687,-0.53999329,-0.85390828,-1.04067121,1.14576466,0.26880583,0.16877100,1.16384053,,,,,,,3,,,,,,,,,
12.958923,59377,5981127,,171.07991028,2.64105797,-174.68867493,,,,,-0.41227698,1.90194714,-10.29014015,-0.09489849,0.27618164,0.65271902,-0.07333335,0.95485949,-1.04292549,0.26810765,0.16686019,1.16974390,,,,,,,3,,,,,,,,,
12.967492,59378,5981227,,171.06941223,2.62686253,-174.68147278,,,,,-0.21277790,-1.18199944,-9.79746914,0.02701025,-2.69764328,-0.32116711,-1.41635125,-1.28486381,-2.33722585,0.26583350,0.16833714,1.17272437,,,,,,,3,,,,,,,,,
12.976701,59379,5981327,,171.08650208,2.61989093,-174.64030457,,,,,-0.53094131,2.04942346,-9.58448124,0.03349569,0.54438543,-0.01464808,-0.62973261,0.06885311,0.08509017,0.26309800,0.16934186,1.17569518,,,,,,,3,,,,,,,,,
12.986816,59380,5981427,,171.05590820,2.59196925,-174.63676453,,,,,-0.47464123,-1.33757067,-9.20022011,0.32667115,-2.73326898,-0.92221725,-2.09594621,-2.89445509,-0.44458843,0.26740748,0.16878846,1.17768705,,,,,,,3,,,,,,,,,
12.997729,59381,5981527,,171.07899475,2.61799312,-174.61062622,,,,,0.55450970,1.50271630,-10.16531944,-1.01067185,-0.18774867,0.42371738,0.49398169,-3.03053722,-1.46969983,0.26859456,0.16781154,1.17075086,,,,,,,3,,,,,,,,,
13.007604,59382,5981627,,171.09544373,2.63321924,-174.60786438,,,,,-0.26780802,-0.27873805,-10.19088554,-0.01549768,-1.86340237,0.21049404,-0.04580624,0.59946409,-1.77564524,0.26863840,0.16637062,1.17122304,,,,,,,3,,,,,,,,,
13.016708,59383,5981727,,171.09294128,2.61314273,-174.58857727,,,,,-0.49852878,0.17625526,-9.81323624,0.18102232,-1.33429921,-0.08066308,-0.43838948,0.42269042,-1.15991265,0.26637363,0.16640766,1.17368603,,,,,,,3,,,,,,,,,
13.027686,59384,5981827,,171.09757996,2.59203601,-174.56901550,,,,,-0.02192333,1.52458739,-10.28017044,-0.43981177,-0.12623078,0.56676042,0.71730551,-0.33750457,-1.59074903,0.26519001,0.17026965,1.16879368,,,,,,,3,,,,,,,,,
13.036590,59385,5981927,,171.11442566,2.57794189,-174.54821777,,,,,-0.54024142,-0.95411205,-9.03014183,0.36543971,-2.31378269,-1.02683985,-0.82174059,0.17969044,-0.13692424,0.26605207,0.17169577,1.16733634,,,,,,,3,,,,,,,,,
13.046616,59386,5982027,,171.12512207,2.58074832,-174.53337097,,,,,-0.42393383,1.90195251,-9.37899494,-0.04790562,0.42922866,-0.24611485,-0.44804792,0.05232946,-0.03199326,0.26746315,0.17071225,1.16683304,,,,,,,3,,,,,,,,,
13.059687,59387,5982127,,171.11975098,2.58118391,-174.53840637,,,,,0.38180152,-1.60794687,-10.41409302,-0.52883255,-3.25941014,0.19749308,1.50486025,-3.22613100,-1.66133178,0.26707962,0.16975786,1.16879511,,,,,,,3,,,,,,,,,
13.067806,59388,5982227,,171.15527344,2.60899544,-174.52626038,,,,,-0.15977034,2.23766375,-9.60276890,-0.35386860,0.70213526,0.01480782,-1.56845273,0.33166329,0.46698612,0.26653117,0.17120770,1.16733098,,,,,,,3,,,,,,,,,
13.076606,59389,5982327,,171.13865662,2.59968305,-174.52925110,,,,,-0.62093598,-1.14735818,-10.14335346,0.43237793,-2.66618133,0.04851437,-0.63057096,0.99677017,-2.20745738,0.26849017,0.16973412,1.16880178,,,,,,,3,,,,,,,,,
13.086586,59390,5982427,,171.16113281,2.59039927,-174.48202515,,,,,-0.05455008,1.22035837,-10.00811005,-0.36796743,-0.37006485,0.25379336,0.04008644,-0.95519939,-1.99827429,0.26726177,0.16735311,1.17271602,,,,,,,3,,,,,,,,,
13.096574,59391,5982527,,171.15911865,2.58461404,-174.46807861,,,,,-0.42764702,0.56018263,-9.57836628,0.08458912,-0.91512597,-0.25533712,-0.54650489,-0.67421198,-0.61592821,0.26765522,0.16590783,1.16972649,,,,,,,3,,,,,,,,,
13.106579,59392,5982627,,171.14739990,2.59351730,-174.47792053,,,,,-0.46175891,-0.35050294,-8.94876575,0.22845364,-1.70929050,-1.01559412,-0.86079791,-1.93930180,-0.92367722,0.26939711,0.16779976,1.16679668,,,,,,,3,,,,,,,,,
13.116703,59393,5982727,,171.16018677,2.61620569,-174.47213745,,,,,0.24428470,1.27439415,-10.52141380,-0.68966323,-0.42408395,0.75463927,2.01163286,-0.89111242,-1.25879383,0.26890969,0.16780819,1.16629958,,,,,,,3,,,,,,,,,
13.126594,59394,5982827,,171.17643738,2.62739944,-174.48139954,,,,,0.00017120,-1.12499666,-9.84301186,-0.18497898,-2.65123916,-0.27169943,0.90903916,-1.44607997,-0.63972683,0.27083427,0.16633560,1.16678071,,,,,,,3,,,,,,,,,
13.136599,59395,5982927,,171.17915344,2.64877248,-174.47943115,,,,,-0.62441623,2.15125895,-9.44052601,0.11176822,0.69017982,-0.13736856,-2.93195475,0.61847539,-0.88534940,0.26819432,0.16589789,1.17170811,,,,,,,3,,,,,,,,,
13.146659,59396,5983027,,171.14535522,2.63787317,-174.47918701,,,,,0.01169171,-1.09458542,-10.75034618,-0.22688714,-2.76770878,0.62727296,0.47713951,-0.56565514,-3.47600600,0.26592013,0.16737483,1.17468870,,,,,,,3,,,,,,,,,
13.156659,59397,5983127,,171.17027283,2.61378813,-174.42739868,,,,,-0.50928146,1.70024407,-9.45362663,0.05002788,0.23241389,-0.19905245,-1.84674868,0.37038069,0.81535767,0.26721743,0.16975380,1.17275381,,,,,,,3,,,,,,,,,
13.166553,59398,5983227,,171.14907837,2.60103607,-174.43270874,,,,,-0.60215771,-0.44326118,-8.95768738,0.37728259,-1.78780901,-1.01385057,-0.50424491,-1.84351224,-1.24455193,0.26796728,0.17166309,1.16833496,,,,,,,3,,,,,,,,,
13.176536,59399,5983327,,171.16595459,2.63042641,-174.40806580,,,,,0.36606592,0.67321479,-10.15352154,-0.74039853,-0.97125190,0.29293227,0.13174920,-2.32716178,-1.84998150,0.26749814,0.16975147,1.16731274,,,,,,,3,,,,,,,,,
13.186530,59400,5983427,,171.18780518,2.64773464,-174.40849304,,,,,-0.16361457,0.20154375,-10.09442711,-0.16399346,-1.36930287,0.18781865,1.25826481,0.86161807,-0.28621556,0.26848966,0.17069389,1.16931176,,,,,,,3,,,,,,,,,
13.196568,59401,5983527,,171.20118713,2.63822293,-174.40032959,,,,,-0.40603572,-0.44269007,-9.65222073,0.15517253,-1.90883875,-0.33608484,-0.72071388,-1.59922316,-1.14269748,0.26735926,0.17167506,1.16437399,,,,,,,3,,,,,,,,,
13.206663,59402,5983627,,171.20919800,2.65643620,-174.38063049,,,,,-0.01307730,2.25117326,-9.98833179,-0.52667505,0.64910483,0.38928676,-0.41863366,-0.73950613,-1.18938001,0.26607972,0.16833581,1.16629374,,,,,,,3,,,,,,,,,
13.216774,59403,5983727,,171.20375061,2.65388107,-174.37199402,,,,,-0.56240034,-1.50675201,-10.00027561,0.41068113,-2.99087811,-0.14732790,0.86432784,0.59588139,-2.24072317,0.26734844,0.16639081,1.17468023,,,,,,,3,,,,,,,,,
13.226612,59404,5983827,,171.22163391,2.62993932,-174.34355164,,,,,-0.69045246,1.93195105,-8.59877491,0.22628024,0.62121904,-0.99957275,-3.15521912,-0.14608171,0.45845900,0.26805547,0.16782148,1.16876936,,,,,,,3,,,,,,,,,
13.236685,59405,5983927,,171.18054199,2.63362002,-174.35554504,,,,,0.31381407,-0.70394093,-10.54174423,-0.55904198,-2.37458062,0.46793818,1.57117680,-2.84285344,-3.24961746,0.26616484,0.17025281,1.16978788,,,,,,,3,,,,,,,,,
13.246649,59406,5984027,,171.22724915,2.66579771,-174.32948303,,,,,0.11628503,1.03160763,-9.76276207,-0.52192825,-0.52480471,-0.02599025,0.04712284,-0.54545485,0.65206823,0.26810613,0.16973950,1.17127371,,,,,,,3,,,,,,,,,
13.256621,59407,5984127,,171.22821045,2.66453624,-174.33764648,,,,,-0.76528382,-0.49149209,-9.71197891,0.51497996,-1.92498469,-0.26690090,0.06926776,-0.11335956,-2.21143874,0.26987463,0.17019100,1.16832113,,,,,,,3,,,,,,,,,
13.266679,59408,5984227,,171.23976135,2.66969442,-174.30667114,,,,,0.12996531,0.86550212,-10.35276222,-0.53990638,-0.77893257,0.53086734,0.31396437,-2.35773221,-1.25844069,0.27035370,0.16970296,1.16831589,,,,,,,3,,,,,,,,,
13.276610,59409,5984327,,171.25349426,2.68146443,-174.29635620,,,,,-0.50488448,0.81383353,-9.59650421,0.12030466,-0.64607549,-0.19422293,0.77668866,0.71143032,-0.92480697,0.26943105,0.16875851,1.16829634,,,,,,,3,,,,,,,,,
13.286624,59410,5984427,,171.26715088,2.67095280,-174.28553772,,,,,-0.53854430,-0.37501544,-9.31228065,0.28871864,-1.76460123,-0.65346515,-0.21448217,-0.18735633,-2.39640986,0.26884866,0.16924961,1.16533256,,,,,,,3,,,,,,,,,
13.296582,59411,5984527,,171.25350952,2.67476678,-174.27751160,,,,,-0.17950328,1.41689289,-9.42902946,-0.26082605,-0.06028104,-0.28282595,-2.26343206,-1.04060355,0.96174442,0.26789051,0.17022571,1.16534328,,,,,,,3,,,,,,,,,
13.306743,59412,5984627,,171.24240112,2.69643140,-174.28865051,,,,,0.37414691,-1.04042208,-10.74917984,-0.59802330,-2.73417401,0.62202573,2.39561585,-2.25266682,-1.66711588,0.26713967,0.17023596,1.17078197,,,,,,,3,,,,,,,,,
13.316709,59413,5984727,,171.28118896,2.70713067,-174.27825928,,,,,-0.56641024,1.19911349,-8.82830143,0.16028845,-0.14092863,-0.89052022,-3.71127763,0.00925197,0.15424196,0.26573062,0.16738041,1.16924548,,,,,,,3,,,,,,,,,
13.326616,59414,5984827,,171.24079895,2.69515276,-174.27339172,,,,,-0.02498339,0.22627346,-11.04439259,-0.34112141,-1.49563837,1.12379897,0.71062798,1.20832001,-3.40206984,0.26559126,0.17026377,1.16681659,,,,,,,3,,,,,,,,,
13.336691,59415,5984927,,171.26599121,2.68166375,-174.23614502,,,,,-0.39856726,0.59111494,-9.67571735,0.03524936,-0.88786447,-0.15436482,-0.96263843,-0.49319206,0.96184997,0.26704466,0.17071864,1.16831529,,,,,,,3,,,,,,,,,
13.346579,59416,5985027,,171.26856995,2.66401744,-174.23904419,,,,,-0.71685976,0.35115966,-8.95702362,0.40194559,-0.97690964,-0.88511908,0.02419781,-0.31010609,-1.59432880,0.26613924,0.16977370,1.16879058,,,,,,,3,,,,,,,,,
13.356600,59417,5985127,,171.26353455,2.67272568,-174.22750854,,,,,0.11850562,0.74533808,-9.84328461,-0.49851465,-0.81391650,0.01026464,-2.05477896,-1.09124844,-0.21929511,0.26572910,0.17025971,1.17077529,,,,,,,3,,,,,,,,,
13.366669,59418,5985227,,171.25230408,2.66479373,-174.21846008,,,,,-0.27969730,-0.25124875,-9.93272686,0.00290120,-1.76632190,-0.03369904,0.64201569,0.78439509,-0.68985887,0.26753154,0.17166999,1.16932237,,,,,,,3,,,,,,,,,
13.376745,59419,5985327,,171.28894043,2.66870284,-174.20797729,,,,,0.05968855,-0.23841304,-9.91845322,-0.33775932,-1.78171110,-0.06112862,1.23104800,-2.04981362,-2.39988323,0.26756704,0.16974944,1.16929209,,,,,,,3,,,,,,,,,
13.386632,59420,5985427,,171.29081726,2.68903160,-174.19004822,,,,,-0.48864159,1.75212348,-9.39613628,0.00992182,0.30900872,-0.24916208,-3.48533838,-0.25029463,-0.32335100,0.26765317,0.16974691,1.17176628,,,,,,,3,,,,,,,,,
13.396697,59421,5985527,,171.26713562,2.69608235,-174.17817688,,,,,-0.32744712,-0.29853165,-11.06015682,0.01735331,-1.97690892,1.07492757,2.16517957,-0.51443832,-2.97867901,0.26774716,0.17118376,1.17525291,,,,,,,3,,,,,,,,,
13.406684,59422,5985627,,171.30200195,2.68315220,-174.14331055,,,,,-0.61482990,0.36305940,-8.84948635,0.29997960,-0.95563853,-0.99396348,-3.60224561,-3.11736749,0.41718411,0.26623476,0.16833125,1.17074728,,,,,,,3,,,,,,,,,
13.416620,59423,5985727,,171.27458191,2.70174575,-174.13882446,,,,,-0.08740593,1.12819207,-9.57971287,-0.33274996,-0.37277821,-0.18238640,0.10688602,-3.12618121,-2.47005339,0.26682708,0.16544047,1.17268348,,,,,,,3,,,,,,,,,
13.426638,59424,5985827,,171.26899719,2.72404671,-174.13203430,,,,,0.00592227,-0.25955629,-9.98159790,-0.28999257,-1.81088805,-0.00046659,-0.67327981,-1.40178704,0.07082645,0.27062201,0.16729568,1.17471099,,,,,,,3,,,,,,,,,
13.436621,59425,5985927,,171.27662659,2.71880317,-174.13540649,,,,,-0.06385468,-0.06611560,-9.66761017,-0.23067492,-1.56330431,-0.27727211,0.65780421,-0.27341181,-1.79555129,0.26842964,0.17021577,1.16732478,,,,,,,3,,,,,,,,,
13.446645,59426,5986027,,171.29194641,2.72987461,-174.11811829,,,,,-0.14266965,0.97037143,-10.16765785,-0.28200752,-0.61470580,0.37668335,-1.53840716,-0.89708452,-0.80138151,0.26704568,0.16879910,1.16729546,,,,,,,3,,,,,,,,,
13.456707,59427,5986127,,171.27206421,2.73234963,-174.11178589,,,,,-0.46005026,0.55228716,-9.77735233,0.09098911,-0.93229115,-0.05707300,-0.29563833,0.20306967,-1.56177718,0.26902980,0.16876441,1.17027342,,,,,,,3,,,,,,,,,
13.466655,59428,5986227,,171.29325867,2.72920585,-174.08865356,,,,,-0.36454225,-0.31660873,-10.21380806,0.07800904,-1.86015332,0.23867857,1.34476158,-0.11969069,-3.04601059,0.27141416,0.17064336,1.17229414,,,,,,,3,,,,,,,,,
13.476646,59429,5986327,,171.30961609,2.71820617,-174.06083679,,,,,-0.70981729,0.94955844,-8.53671074,0.33853233,-0.31903136,-1.20908213,-3.13130236,-1.11346950,2.45323960,0.26788113,0.17166562,1.16586077,,,,,,,3,,,,,,,,,
13.486726,59430,5986427,,171.28993225,2.73699832,-174.07817078,,,,,-0.02644418,1.09520280,-10.47321510,-0.42224216,-0.54568690,0.69131804,2.76695787,-2.15235931,-1.80837689,0.26648682,0.17360839,1.16736877,,,,,,,3,,,,,,,,,
13.496601,59431,5986527,,171.32331848,2.75242305,-174.06591797,,,,,0.10330731,-1.16867447,-9.40669441,-0.27301949,-2.61847115,-0.71049345,-1.32585647,-2.12534164,-1.00144938,0.26858416,0.17117098,1.17228830,,,,,,,3,,,,,,,,,
13.506541,59432,5986627,,171.33244324,2.77090812,-174.05039978,,,,,-0.19608483,1.21197891,-10.09683418,-0.25948882,-0.35233670,0.34656000,-0.25963657,-0.33332284,-1.55243636,0.26860243,0.16925094,1.17176318,,,,,,,3,,,,,,,,,
13.516598,59433,5986727,,171.32371521,2.76025128,-174.02868652,,,,,-0.40383792,0.42872727,-10.21399307,0.02954325,-1.12100971,0.35401201,-1.56203694,-0.66583848,-0.78021731,0.26723415,0.17071307,1.17375851,,,,,,,3,,,,,,,,,
13.526636,59434,5986827,,171.32392883,2.75506568,-174.00788879,,,,,-0.32964602,0.08476691,-9.22807693,0.02582581,-1.31254220,-0.67527092,-0.23384465,-1.57224583,-2.47589896,0.26752269,0.17215012,1.16932988,,,,,,,3,,,,,,,,,
13.536719,59435,5986927,,171.34902954,2.75698614,-173.97250366,,,,,-0.34857878,0.91886336,-10.22030735,-0.07639934,-0.64206594,0.43179345,-0.87669549,1.03490343,-1.08693485,0.26713079,0.17071611,1.17078948,,,,,,,3,,,,,,,,,
13.546618,59436,5987027,,171.32711792,2.73098874,-173.96336365,,,,,-0.71316290,0.36051610,-8.93054199,0.39041239,-0.95496947,-0.90879703,-1.69582957,-1.04371406,0.07879764,0.26769549,0.17118528,1.17376840,,,,,,,3,,,,,,,,,
13.556745,59437,5987127,,171.32717896,2.74619317,-173.95230103,,,,,0.43535042,0.31947744,-10.41448975,-0.79506308,-1.34397757,0.49418187,2.00159163,-3.13275826,-2.87018465,0.27003020,0.16922668,1.17226481,,,,,,,3,,,,,,,,,
13.566622,59438,5987227,,171.35604858,2.77195907,-173.94477844,,,,,-0.13887793,-0.41111958,-9.27880478,-0.10917437,-1.82541585,-0.70955586,-2.31551844,-0.67596130,0.26466215,0.27143240,0.16872332,1.17176902,,,,,,,3,,,,,,,,,
13.576635,59439,5987327,,171.34713745,2.78124332,-173.93417358,,,,,-0.60888439,1.87664056,-10.49483585,0.06265302,0.28584266,0.85904276,-0.22568031,0.85976543,-2.28475185,0.26771271,0.17118478,1.17426324,,,,,,,3,,,,,,,,,
13.586713,59440,5987427,,171.33953857,2.75478172,-173.90444946,,,,,-0.07039382,-1.03711462,-9.78364754,-0.12207942,-2.52526379,-0.30656695,-1.11589998,-2.87922163,-2.23001536,0.26760098,0.17070819,1.17079175,,,,,,,3,,,,,,,,,
13.596687,59441,5987527,,171.34948730,2.77777219,-173.87541199,,,,,-0.49873906,1.23085308,-9.36768246,0.06131354,-0.18804097,-0.35559189,-1.24123950,-0.83758439,-1.00028046,0.26823559,0.16925581,1.17473006,,,,,,,3,,,,,,,,,
13.606677,59442,5987627,,171.34251404,2.76101971,-173.86650085,,,,,-0.55850190,0.75659674,-9.64382172,0.16736895,-0.69082463,-0.15276074,-1.97195608,0.48613573,-0.27566852,0.26966390,0.16827178,1.17472160,,,,,,,3,,,,,,,,,
13.616762,59443,5987727,,171.31567383,2.74726892,-173.86329651,,,,,-0.07644342,-0.47692293,-9.30453587,-0.16114801,-1.90414429,-0.69739139,-1.43048120,-2.92106359,-0.34494571,0.27087504,0.17065330,1.17031252,,,,,,,3,,,,,,,,,
13.626709,59444,5987827,,171.33534241,2.78092265,-173.84880066,,,,,0.31484771,1.00366521,-10.58055878,-0.75830853,-0.68674552,0.76795995,0.76211341,-0.58513073,-0.87357479,0.27138856,0.17016423,1.17129695,,,,,,,3,,,,,,,,,
13.636651,59445,5987927,,171.33432007,2.78092718,-173.84613037,,,,,-0.48379713,-0.20367900,-9.29184914,0.21144715,-1.58977783,-0.64872527,-2.84103234,0.46797564,-1.77045515,0.27201587,0.16631268,1.17371285,,,,,,,3,,,,,,,,,
13.646740,59446,5988027,,171.32313538,2.77744722,-173.81593323,,,,,-0.17900011,1.46364760,-10.66270542,-0.32359374,-0.19637778,0.94173717,0.24285778,0.65745496,-3.39093941,0.26929811,0.16635713,1.17666852,,,,,,,3,,,,,,,,,
13.656717,59447,5988127,,171.31607056,2.75498891,-173.79251099,,,,,-0.57637852,-1.41858518,-9.52703667,0.43784088,-2.81001997,-0.59461689,-1.63495145,-0.89955619,-0.16215140,0.26922867,0.16731893,1.17519915,,,,,,,3,,,,,,,,,
13.666589,59448,5988227,,171.33959961,2.75475502,-173.78303528,,,,,-0.62188238,2.54419398,-9.07923889,0.04631168,1.15982771,-0.43566012,-0.38177382,-0.47831788,-0.23936238,0.27011633,0.16922414,1.17473900,,,,,,,3,,,,,,,,,
13.676622,59449,5988327,,171.30145264,2.75215721,-173.78063965,,,,,-0.10045664,-0.54535174,-9.98210430,-0.14707474,-2.07708812,-0.03721786,-2.22198156,-2.15673084,-1.82266479,0.26872250,0.17020716,1.17573702,,,,,,,3,,,,,,,,,
13.686599,59450,5988427,,171.31634521,2.76914001,-173.75305176,,,,,0.11206487,-0.44660902,-9.91995716,-0.36966217,-1.99000573,-0.09347808,1.49219004,-2.04909688,-0.09887549,0.26960233,0.17067298,1.17426455,,,,,,,3,,,,,,,,,
13.696639,59451,5988527,,171.34962463,2.78249502,-173.74600220,,,,,-0.22104348,1.31735337,-9.72461891,-0.23671120,-0.18825704,-0.00419962,-0.09426417,-0.68279037,-1.44045189,0.27135462,0.16920547,1.16979730,,,,,,,3,,,,,,,,,
13.706691,59452,5988627,,171.34593201,2.78337502,-173.74021912,,,,,-0.09590837,0.00088879,-10.17805290,-0.22348273,-1.56466126,0.23921633,-0.42670836,-0.17967983,-2.46862503,0.27123454,0.16824925,1.16582346,,,,,,,3,,,,,,,,,
13.716752,59453,5988727,,171.34280396,2.78951764,-173.71270752,,,,,-0.44868350,1.07632852,-10.10481834,0.00739790,-0.45931718,0.34548128,-0.65115262,2.29393141,-0.72924099,0.26922032,0.16683930,1.17469668,,,,,,,3,,,,,,,,,
13.726661,59454,5988827,,171.34086609,2.75161815,-173.70588684,,,,,-0.69038880,-1.11540413,-9.26200581,0.52999306,-2.45369983,-0.80416286,-1.01247597,-0.60763583,-1.64338748,0.26917648,0.16828021,1.17422450,,,,,,,3,,,,,,,,,
13.736843,59455,5988927,,171.34297180,2.75192523,-173.68075562,,,,,-0.04607323,3.05229115,-9.34666443,-0.59262389,1.55395126,-0.12303317,-2.76025874,-0.39713385,-0.08368781,0.26769701,0.16830598,1.17223847,,,,,,,3,,,,,,,,,
13.746641,59456,5989027,,171.30267334,2.76153684,-173.69395447,,,,,-0.15831213,-2.01235795,-10.31723881,0.07411980,-3.55909014,0.07828426,1.05863525,-0.29589028,-1.46221437,0.26686001,0.16831876,1.17520308,,,,,,,3,,,,,,,,,
13.756672,59457,5989127,,171.35076904,2.76162195,-173.67037964,,,,,-0.04964458,1.08970141,-9.68206406,-0.37619087,-0.42529851,-0.08868194,-1.23436075,-1.28576785,-0.39032386,0.26957774,0.16827431,1.17224741,,,,,,,3,,,,,,,,,
13.766662,59458,5989227,,171.32942200,2.76512623,-173.67500305,,,,,-0.38897532,1.22271085,-10.06149578,-0.06575036,-0.31770563,0.32216656,-1.62889361,-0.29807685,-1.71208478,0.26999676,0.16730815,1.17025518,,,,,,,3,,,,,,,,,
13.776682,59459,5989327,,171.31646729,2.77560067,-173.66084290,,,,,-0.12782538,-0.79863423,-10.32414436,-0.09823695,-2.37088823,0.26452351,0.86701082,-0.23317401,-2.22794431,0.26733905,0.16783072,1.17519772,,,,,,,3,,,,,,,,,
13.786664,59460,5989427,,171.34492493,2.76879930,-173.62500000,,,,,-0.56344783,1.11821091,-9.37231731,0.14008972,-0.29290372,-0.36554515,-1.63434132,-0.04522542,-1.14065856,0.26865357,0.17020918,1.17375767,,,,,,,3,,,,,,,,,
13.796743,59461,5989527,,171.33499146,2.75152159,-173.60757446,,,,,-0.33895883,-0.01293829,-9.56395721,0.04578680,-1.45796680,-0.35752046,-1.02186076,-1.36715148,-1.04949699,0.26949060,0.17019638,1.17079318,,,,,,,3,,,,,,,,,
13.806724,59462,5989627,,171.32102966,2.76767850,-173.59521484,,,,,-0.28766355,1.62880528,-9.32241821,-0.18957177,0.18223691,-0.35076213,-2.62308954,0.07322104,0.27761651,0.26867968,0.16972855,1.17424500,,,,,,,3,,,,,,,,,
13.816949,59463,5989727,,171.31295776,2.76554132,-173.59968567,,,,,0.23275013,-1.58363783,-10.58626556,-0.36704695,-3.22310805,0.38886619,2.11707391,-0.27877569,-3.45270203,0.26776594,0.16830395,1.17421782,,,,,,,3,,,,,,,,,
13.826770,59464,5989827,,171.34840393,2.76353574,-173.56323242,,,,,-0.21449709,1.54244471,-9.53600693,-0.25845730,0.05817705,-0.15726316,-3.44143500,0.39819072,0.26393436,0.26997066,0.16778880,1.16976786,,,,,,,3,,,,,,,,,
13.836664,59465,5989927,,171.30804443,2.76568794,-173.57551575,,,,,-0.48135972,0.57947785,-10.15924740,0.10013592,-0.95473099,0.32553899,-0.30566196,0.63239233,-1.87229999,0.26821938,0.16733678,1.17321527,,,,,,,3,,,,,,,,,
13.846882,59466,5990027,,171.32420349,2.76087427,-173.54074097,,,,,-0.15967755,-0.37493604,-10.12238789,-0.10414861,-1.92145145,0.13013566,0.15300313,-0.05097933,-3.54189235,0.26639086,0.16640715,1.17418087,,,,,,,3,,,,,,,,,
13.856686,59467,5990127,,171.33428955,2.74296260,-173.50903320,,,,,-0.80818766,1.24750769,-9.14608479,0.38110927,-0.10410655,-0.55793869,-2.94984195,1.39133173,0.39416672,0.26572126,0.16882032,1.16976297,,,,,,,3,,,,,,,,,
13.866635,59468,5990227,,171.30223083,2.73216319,-173.51463318,,,,,-0.27323788,0.15909466,-9.82147694,-0.04165509,-1.34003031,-0.08098841,-0.10915407,-1.85360192,-1.47574038,0.26622489,0.17073093,1.17177474,,,,,,,3,,,,,,,,,
13.876724,59469,5990327,,171.29789734,2.75325060,-173.50054932,,,,,0.10360697,0.37814137,-9.23004723,-0.42542487,-1.07976747,-0.65072727,-3.41225942,-2.16164303,-0.29885234,0.26875746,0.16924638,1.17621672,,,,,,,3,,,,,,,,,
13.886691,59470,5990427,,171.30056763,2.77956128,-173.49642944,,,,,0.08323268,-0.07258759,-10.71277523,-0.39815363,-1.74654758,0.74781132,1.31931859,0.26384508,-2.24134109,0.27016017,0.16778323,1.17521119,,,,,,,3,,,,,,,,,
13.896802,59471,5990527,,171.31939697,2.76960444,-173.46870422,,,,,-0.67257369,0.77974212,-9.39986229,0.28879043,-0.62309486,-0.38481307,-4.23485688,-0.13051408,-0.35607748,0.26911697,0.16684234,1.17172766,,,,,,,3,,,,,,,,,
13.906672,59472,5990627,,171.27595520,2.77000690,-173.46694946,,,,,-0.02331687,0.70801413,-10.23046303,-0.37262580,-0.89715713,0.39221430,0.31432138,-0.93155232,-3.27620482,0.26867285,0.16636960,1.17221272,,,,,,,3,,,,,,,,,
13.916654,59473,5990727,,171.29988098,2.77638435,-173.43026733,,,,,-0.44086361,-0.01923169,-10.11444283,0.13424884,-1.54481006,0.18893743,-0.05390540,0.72242078,-1.23397730,0.26927251,0.16587801,1.17567122,,,,,,,3,,,,,,,,,
13.926687,59474,5990827,,171.29940796,2.76169777,-173.41676331,,,,,-0.99298114,0.63595569,-8.30486679,0.65958619,-0.55643231,-1.47229862,-3.31938250,-0.73311867,0.12832135,0.26908046,0.17068243,1.17277777,,,,,,,3,,,,,,,,,
13.936668,59475,5990927,,171.26692200,2.78227711,-173.41165161,,,,,0.37106210,0.78906214,-10.60582066,-0.78753167,-0.92492199,0.75491405,-0.36292509,-3.49994709,-2.62303341,0.26814058,0.16973849,1.17226338,,,,,,,3,,,,,,,,,
13.946660,59476,5991027,,171.27848816,2.81442928,-173.39471436,,,,,-0.00739836,-0.33193392,-9.59100819,-0.24769519,-1.82443309,-0.39749789,-1.56980020,-1.14841253,-0.63336974,0.26749513,0.16590662,1.17863142,,,,,,,3,,,,,,,,,
13.956650,59477,5991127,,171.28341675,2.83224726,-173.38404846,,,,,-0.36326298,0.72586811,-10.13930893,-0.04223967,-0.82924002,0.32280910,-0.41815520,-0.73514383,-3.95195983,0.26652765,0.16832262,1.17915952,,,,,,,3,,,,,,,,,
13.966810,59478,5991227,,171.27368164,2.81960201,-173.34405518,,,,,-0.27961195,0.16115427,-9.78503895,-0.04470929,-1.34241629,-0.11700463,-3.64997241,-2.13764900,-0.72307520,0.26628596,0.16928950,1.17274177,,,,,,,3,,,,,,,,,
13.976703,59479,5991327,,171.26266479,2.83855367,-173.33134460,,,,,-0.50082630,0.85576570,-9.88716507,0.08580992,-0.64877534,0.09852314,0.95279954,-1.00160626,-1.57066870,0.26549280,0.16786137,1.17617846,,,,,,,3,,,,,,,,,
13.986940,59480,5991427,,171.29124451,2.82259607,-173.30540466,,,,,-0.41968533,0.40234259,-9.81991386,0.06511518,-1.09017968,-0.03991961,-1.05537351,0.21415436,-2.37160240,0.26821837,0.16925631,1.17423522,,,,,,,3,,,,,,,,,
13.996686,59481,5991527,,171.27720642,2.81484771,-173.27995300,,,,,-0.44410595,0.13424601,-8.78658676,0.15567252,-1.19040322,-1.09907484,-2.51658982,-1.75508434,-0.14467479,0.26814947,0.16925834,1.17225587,,,,,,,3,,,,,,,,,
14.006706,59482,5991627,,171.27172852,2.84748602,-173.27227783,,,,,0.13201165,1.28681386,-10.78225040,-0.62359369,-0.43655238,1.01665878,2.34505516,-2.17277581,-1.91221092,0.26740748,0.16878846,1.17768705,,,,,,,3,,,,,,,,,
14.016683,59483,5991727,,171.29730225,2.86569929,-173.26510620,,,,,-0.03864061,-1.31424975,-9.47928143,-0.09681541,-2.76582289,-0.65540969,-1.49597098,-2.89182013,-1.79589814,0.26911643,0.16780211,1.17223763,,,,,,,3,,,,,,,,,
14.026651,59484,5991827,,171.30418396,2.88946700,-173.23838806,,,,,-0.45422646,1.99705720,-10.01607513,-0.11244553,0.44801551,0.39789486,-2.09769901,0.13736590,-1.29981232,0.26780924,0.16782281,1.17519999,,,,,,,3,,,,,,,,,
14.036703,59485,5991927,,171.26977539,2.87499666,-173.22755432,,,,,-0.45107546,-0.23260307,-10.18733788,0.15605262,-1.76990509,0.22912228,-2.18843679,-0.80204532,-1.20742686,0.26711997,0.16543184,1.18109572,,,,,,,3,,,,,,,,,
14.046684,59486,5992027,,171.26870728,2.87116170,-173.19989014,,,,,-0.27971518,0.33481130,-9.48346996,-0.06199662,-1.12488401,-0.38899994,-1.49556554,-2.17636315,-3.11006922,0.26989824,0.16490574,1.17961705,,,,,,,3,,,,,,,,,
14.056695,59487,5992127,,171.27745056,2.87232542,-173.16816711,,,,,-0.40364730,1.28978038,-9.76857281,-0.06397361,-0.21664536,0.04311085,-1.48299458,1.37841894,-0.38557923,0.26927936,0.16923694,1.17770350,,,,,,,3,,,,,,,,,
14.066725,59488,5992227,,171.25582886,2.86553240,-173.15554810,,,,,-0.48543438,-0.90374351,-9.09221935,0.31075373,-2.25400543,-0.95294595,-1.06771769,-2.84140800,-1.08067808,0.27093509,0.17113140,1.17229950,,,,,,,3,,,,,,,,,
14.076637,59489,5992327,,171.28034973,2.89690018,-173.14045715,,,,,0.32898831,2.22867107,-10.30959797,-0.93013072,0.53250432,0.68301475,0.56845066,-1.52291597,-1.57884486,0.27100503,0.16920984,1.17325890,,,,,,,3,,,,,,,,,
14.086720,59490,5992427,,171.29476929,2.91777396,-173.13166809,,,,,-0.23162176,-1.59503818,-10.12318611,0.10986036,-3.11790752,-0.05101848,0.81203697,-0.38238505,-2.29813796,0.26920155,0.16971911,1.17573178,,,,,,,3,,,,,,,,,
14.096688,59491,5992527,,171.31500244,2.91727281,-173.09167480,,,,,-0.66686600,1.53716612,-9.55716991,0.16253626,0.09408796,-0.11435175,-2.19234942,-0.21115078,-1.07457360,0.27062047,0.17017499,1.17624080,,,,,,,3,,,,,,,,,
14.106650,59492,5992627,,171.29951477,2.91291451,-173.07133484,,,,,-0.15813291,0.50673252,-10.20227337,-0.23281346,-1.07730079,0.34070420,-0.09056842,-2.12164224,-2.33431491,0.27016854,0.16826285,1.17571354,,,,,,,3,,,,,,,,,
14.116779,59493,5992727,,171.31645203,2.93173480,-173.04716492,,,,,-0.42293990,-0.28123686,-9.70317650,0.14481223,-1.73942327,-0.25725496,-0.58856204,-1.16211122,-0.55218734,0.26941136,0.16395442,1.17861009,,,,,,,3,,,,,,,,,
14.126683,59494,5992827,,171.31214905,2.92694283,-173.04302979,,,,,-0.78470457,1.55093110,-8.80052853,0.29954398,0.24095595,-0.85373843,-3.25871975,-0.84045254,0.10025813,0.27161458,0.16631857,1.17569005,,,,,,,3,,,,,,,,,
14.136815,59495,5992927,,171.27328491,2.93354249,-173.05110168,,,,,0.16714524,-0.81406718,-10.22930336,-0.39184695,-2.41918898,0.14938486,0.09368547,-3.85026557,-1.37299299,0.27015078,0.16922313,1.17572868,,,,,,,3,,,,,,,,,
14.146858,59496,5993027,,171.30328369,2.96496224,-173.04443359,,,,,0.04269892,1.37105763,-9.74124241,-0.53124386,-0.18464920,0.00586009,-0.58058086,-0.51569748,1.43778876,0.27031577,0.16681889,1.17915475,,,,,,,3,,,,,,,,,
14.156743,59497,5993127,,171.31015015,2.96419215,-173.04876709,,,,,-0.40278682,-0.88604569,-10.08490276,0.18625447,-2.39377666,0.02796888,0.90977298,-0.17522525,-3.21669573,0.27207640,0.16583103,1.17518985,,,,,,,3,,,,,,,,,
14.166727,59498,5993227,,171.33242798,2.96237826,-173.01403809,,,,,-0.28342089,1.30220580,-9.91147614,-0.20666130,-0.23587942,0.18095684,-1.44301801,-0.85656485,0.06394331,0.27340031,0.16676958,1.17323232,,,,,,,3,,,,,,,,,
14.176689,59499,5993327,,171.31278992,2.97051024,-173.01795959,,,,,-0.59723341,0.65449816,-9.79275036,0.19042367,-0.81324929,-0.01905990,0.64545400,0.18293352,-1.10194121,0.26984605,0.16586705,1.17864251,,,,,,,3,,,,,,,,,
14.186682,59500,5993427,,171.34620667,2.96441174,-172.99835205,,,,,-0.32510495,-0.37079078,-10.07259178,0.04198939,-1.89069784,0.09029174,1.77197999,-1.74727776,-2.26122676,0.26839218,0.16637194,1.17765367,,,,,,,3,,,,,,,,,
14.196671,59501,5993527,,171.35485840,2.96361160,-172.98371887,,,,,-0.59879965,1.21465182,-8.51770306,0.16260597,-0.06104553,-1.19239676,-2.89493214,-1.77869022,2.45957246,0.26778263,0.16926321,1.17522264,,,,,,,3,,,,,,,,,
14.206684,59502,5993627,,171.33512878,2.98662472,-173.00079346,,,,,0.01915870,0.14189975,-10.65415001,-0.38827777,-1.51787186,0.72229147,3.40509754,-3.28328389,-1.68528066,0.26783431,0.16926169,1.17670715,,,,,,,3,,,,,,,,,
14.216820,59503,5993727,,171.39974976,3.00726080,-172.98884583,,,,,0.17288028,0.09251646,-9.68003845,-0.50561565,-1.43062782,-0.25429106,0.55805474,-2.50089959,-1.13118242,0.26787868,0.16686101,1.17666936,,,,,,,3,,,,,,,,,
14.226755,59504,5993827,,171.41731262,3.01623321,-172.98776245,,,,,-0.46929809,0.20296992,-9.95755959,0.10667826,-1.27999306,0.07161188,2.87197118,0.05423364,-1.20815300,0.26877522,0.16828610,1.17620170,,,,,,,3,,,,,,,,,
14.236846,59505,5993927,,171.45144653,3.00559449,-172.96986389,,,,,-0.41820836,0.72346938,-9.98308182,-0.01220934,-0.77458882,0.17257798,2.99270651,-1.06504058,-0.47492829,0.27239937,0.16726705,1.17175090,,,,,,,3,,,,,,,,,
14.246729,59506,5994027,,171.48063660,3.01201963,-172.97286987,,,,,-0.41490132,0.39500511,-9.42982388,0.04383363,-1.00763071,-0.42234790,2.19539996,-1.40060083,-0.73280305,0.27505606,0.16866405,1.16782820,,,,,,,3,,,,,,,,,
14.256669,59507,5994127,,171.52117920,3.02586889,-172.96206665,,,,,-0.43108746,0.99134815,-10.12938213,-0.04133537,-0.52056712,0.35817456,3.45590091,0.79896682,-0.68600163,0.27467102,0.17058897,1.17132008,,,,,,,3,,,,,,,,,
14.266724,59508,5994227,,171.52685547,3.02476430,-172.97511292,,,,,-0.64873934,-0.59826458,-8.53940105,0.43010601,-1.81116319,-1.43537533,-1.50509216,-2.68525472,1.53452590,0.27228510,0.17158931,1.17082918,,,,,,,3,,,,,,,,,
14.276824,59509,5994327,,171.53540039,3.05985498,-172.99031067,,,,,0.32106185,1.89627266,-10.50955009,-0.92551184,0.22063130,0.82515538,3.32460995,-2.98540931,-1.16172510,0.26999474,0.17114723,1.17229497,,,,,,,3,,,,,,,,,
14.286704,59510,5994427,,171.57043457,3.07914162,-172.99137878,,,,,-0.20956504,-1.08442664,-9.96636772,0.00059798,-2.55279875,-0.11850953,1.65746130,-0.40010253,-0.03842299,0.27147421,0.17112146,1.17428100,,,,,,,3,,,,,,,,,
14.296714,59511,5994527,,171.60076904,3.08435988,-172.98081970,,,,,-0.65856361,0.50462693,-9.35841370,0.25885513,-0.84341323,-0.46181536,0.04924630,-1.74724414,-0.99849116,0.27239734,0.17110613,1.17379069,,,,,,,3,,,,,,,,,
14.306693,59512,5994627,,171.61012268,3.09219623,-172.96910095,,,,,-0.00155695,1.60728657,-10.51231289,-0.57636821,-0.01296425,0.80316913,1.98058517,-1.63602571,-0.98289752,0.27003807,0.17066608,1.17327714,,,,,,,3,,,,,,,,,
14.316688,59513,5994727,,171.63269043,3.09494066,-172.96812439,,,,,-0.53719574,-0.94290012,-9.60773087,0.31486052,-2.30825329,-0.43188119,2.69008921,-0.76031249,-0.40989828,0.26952401,0.17211491,1.17280269,,,,,,,3,,,,,,,,,
14.326861,59514,5994827,,171.68193054,3.08636570,-172.95509338,,,,,-0.56376594,1.88670683,-9.24465466,-0.01018099,0.53251386,-0.37818956,1.19084700,-0.49669072,0.31297565,0.27318898,0.17541356,1.17188382,,,,,,,3,,,,,,,,,
14.336731,59515,5994927,,171.67367554,3.09133697,-172.96565247,,,,,-0.25923419,-1.03394938,-9.42329025,0.05534561,-2.39719081,-0.64056277,1.06021825,-3.65348313,0.73021520,0.27036837,0.17450128,1.17136049,,,,,,,3,,,,,,,,,
14.346674,59516,5995027,,171.72554016,3.12485385,-172.96936035,,,,,0.05870654,1.87458026,-10.24460793,-0.66531754,0.30357587,0.57401466,4.23180464,-0.45259795,0.72792218,0.26841870,0.17453498,1.16937220,,,,,,,3,,,,,,,,,
14.356745,59517,5995127,,171.76016235,3.11766911,-172.98837280,,,,,-0.27557763,-0.93433225,-9.93333244,0.03789973,-2.36055827,-0.11757517,2.69312587,-0.44154836,-1.92181993,0.27116990,0.17640905,1.16842616,,,,,,,3,,,,,,,,,
14.366868,59518,5995227,,171.80078125,3.12392688,-172.95851135,,,,,-0.29502305,0.57647961,-9.70413017,-0.13285990,-0.83662164,-0.12690079,1.62566923,-1.67604326,-0.69371916,0.27302456,0.17685804,1.16794777,,,,,,,3,,,,,,,,,
14.376718,59519,5995327,,171.82067871,3.14274979,-172.96116638,,,,,-0.43442872,1.43854845,-9.87657738,-0.11435705,0.00643390,0.17334342,2.78396611,-0.46898096,0.56171705,0.27124768,0.17592689,1.17039788,,,,,,,3,,,,,,,,,
14.386807,59520,5995427,,171.85911560,3.13136268,-172.95396423,,,,,-0.36892140,-1.03862524,-10.00383759,0.13614665,-2.44428492,-0.05356646,3.88987896,-0.75296358,-2.93423454,0.27076861,0.17641494,1.17040324,,,,,,,3,,,,,,,,,
14.396803,59521,5995527,,171.91181946,3.12379122,-172.92538452,,,,,-0.60558045,2.02064991,-8.79140377,0.02188212,0.77217066,-0.80684853,-0.42554432,-0.49889681,1.60420866,0.27155241,0.17928298,1.16748405,,,,,,,3,,,,,,,,,
14.406679,59522,5995627,,171.90908813,3.13744760,-172.94522095,,,,,-0.24223964,-0.19294155,-10.03586388,-0.10207590,-1.62259901,0.09268117,5.78896781,-1.92315139,-1.51594288,0.27029690,0.17930216,1.17193091,,,,,,,3,,,,,,,,,
14.416788,59523,5995727,,171.99125671,3.14893532,-172.92802429,,,,,0.27893618,0.11065651,-9.92667484,-0.65751845,-1.36462212,-0.00149226,4.07497154,-1.74033049,-0.96569366,0.27127275,0.17736578,1.17190516,,,,,,,3,,,,,,,,,
14.426727,59524,5995827,,172.03656006,3.15937352,-172.92443848,,,,,-0.34707204,0.32661334,-9.63413429,-0.05555764,-1.02390695,-0.22454798,4.47668485,-0.20386790,-0.91228403,0.27492148,0.17874542,1.16947150,,,,,,,3,,,,,,,,,
14.436728,59525,5995927,,172.08116150,3.16233921,-172.92205811,,,,,-0.39969650,0.83185703,-10.21883678,-0.09279332,-0.59798300,0.42693782,4.11077454,-0.15079222,-1.24500656,0.27411059,0.17827755,1.17292333,,,,,,,3,,,,,,,,,
14.446734,59526,5996027,,172.11466980,3.16144419,-172.90629578,,,,,-0.29569221,0.37151250,-9.46003151,-0.10853292,-0.94949847,-0.39180231,2.59618884,-0.51348626,-2.10905057,0.27253610,0.17878599,1.16847062,,,,,,,3,,,,,,,,,
14.456721,59527,5996127,,172.16438293,3.16043305,-172.88624573,,,,,-0.54944098,0.42112726,-10.34545135,0.10397305,-0.98441488,0.50587094,5.90614483,1.05024735,-2.01750384,0.27260399,0.18070351,1.17146993,,,,,,,3,,,,,,,,,
14.466764,59528,5996227,,172.21267700,3.14031339,-172.86946106,,,,,-0.78452241,0.18950193,-8.46921062,0.43835229,-0.91203785,-1.36834836,0.99295764,-1.81691634,0.81320873,0.27256852,0.18262406,1.17150009,,,,,,,3,,,,,,,,,
14.476779,59529,5996327,,172.22335815,3.15765095,-172.87269592,,,,,0.08907879,1.62455666,-9.84885216,-0.67012465,0.19931936,0.14123130,4.63192864,-2.70881268,-2.18423644,0.27005365,0.18314832,1.16704297,,,,,,,3,,,,,,,,,
14.486858,59530,5996427,,172.27624512,3.18425250,-172.86279297,,,,,0.04453414,-0.59544134,-10.41620827,-0.36012533,-2.04947305,0.40825629,3.71622311,0.22303277,-0.97098791,0.26911277,0.18412392,1.16754842,,,,,,,3,,,,,,,,,
14.496678,59531,5996527,,172.32130432,3.17492795,-172.85760498,,,,,-0.41963467,-0.05783592,-9.24951458,0.07177311,-1.29406738,-0.64768445,2.34070156,-1.21972462,-1.32596682,0.27433702,0.18307558,1.16854751,,,,,,,3,,,,,,,,,
14.506706,59532,5996627,,172.34262085,3.18206692,-172.84463501,,,,,-0.19093777,2.16937375,-10.47699928,-0.49418467,0.69913483,0.85085142,1.99270940,-0.54414559,-2.50374394,0.27489388,0.18210536,1.17051399,,,,,,,3,,,,,,,,,
14.516821,59533,5996727,,172.35311890,3.19051790,-172.83073425,,,,,-0.31493002,-1.46546412,-9.82719517,0.12990981,-2.76219034,-0.26685190,2.90205496,0.12393530,-2.01374702,0.26979959,0.18171026,1.17246127,,,,,,,3,,,,,,,,,
14.526740,59534,5996827,,172.39340210,3.17685747,-172.80259705,,,,,-0.60521537,1.71758080,-9.55529594,0.01123126,0.44244295,-0.09781730,1.61196274,0.21780219,-1.44036651,0.27255028,0.18454410,1.17202520,,,,,,,3,,,,,,,,,
14.536892,59535,5996927,,172.40751648,3.16402173,-172.79698181,,,,,-0.56642663,0.27943704,-9.52592754,0.16323295,-0.96738422,-0.31907511,2.05858230,-2.32038153,-1.80887870,0.27305442,0.18549493,1.17352700,,,,,,,3,,,,,,,,,
14.546880,59536,5997027,,172.43499756,3.19016433,-172.76856995,,,,,-0.21490793,0.31866664,-9.55152607,-0.19457573,-0.97152394,-0.30780864,3.85096268,-1.94675567,-2.48968122,0.27113083,0.18504798,1.17202604,,,,,,,3,,,,,,,,,
14.556892,59537,5997127,,172.47326660,3.20169234,-172.75706482,,,,,-0.04864347,0.32053354,-9.83714199,-0.37271893,-1.02503812,-0.03392065,3.04428831,-0.90599247,-1.63816879,0.27285552,0.18694042,1.16860127,,,,,,,3,,,,,,,,,
14.566762,59538,5997227,,172.51956177,3.20936322,-172.74618530,,,,,0.06135274,-0.39582416,-10.06249332,-0.39910161,-1.76528764,0.09061813,4.26108651,-2.12886452,-2.04689585,0.27289784,0.18837880,1.17060339,,,,,,,3,,,,,,,,,
14.576785,59539,5997327,,172.57292175,3.22566247,-172.72619629,,,,,-0.55741191,2.17742133,-9.76506233,-0.11596271,0.88965046,0.16481197,2.58709295,0.80811111,-1.02114167,0.26879662,0.18604682,1.17301965,,,,,,,3,,,,,,,,,
14.586755,59540,5997427,,172.58255005,3.19392061,-172.71485901,,,,,-0.09174383,-1.00798249,-10.56418037,-0.17997168,-2.39963794,0.52119374,5.21544707,0.81400199,-4.67475265,0.27019882,0.18554343,1.17252398,,,,,,,3,,,,,,,,,
14.596819,59541,5997527,,172.65901184,3.18346834,-172.66343689,,,,,-0.50815874,0.54206491,-9.52915668,0.06544609,-0.67675054,-0.28135622,4.46573050,-0.57224718,-0.60703360,0.27182695,0.19079787,1.16816247,,,,,,,3,,,,,,,,,
14.606761,59542,5997627,,172.70463562,3.17582965,-172.65458679,,,,,-0.95425665,1.56004703,-8.84992886,0.39748371,0.48032820,-0.79961050,3.74518269,0.28587650,-1.64501179,0.27061877,0.19226119,1.16125298,,,,,,,3,,,,,,,,,
14.616760,59543,5997727,,172.73896790,3.17916536,-172.64775085,,,,,0.00818997,-0.03486044,-10.38114738,-0.40411738,-1.40554464,0.46181536,6.37796789,-1.60148299,-4.12257113,0.26892018,0.18988810,1.16516495,,,,,,,3,,,,,,,,,
14.626982,59544,5997827,,172.78463745,3.20006704,-172.62170410,,,,,-0.29927245,-0.09901767,-9.22579575,-0.04980186,-1.27402949,-0.67363489,0.79781727,-2.06201085,0.79078810,0.26999739,0.19178776,1.17014802,,,,,,,3,,,,,,,,,
14.636831,59545,5997927,,172.80743408,3.21655893,-172.62867737,,,,,0.07484140,0.77063942,-9.95901775,-0.56810832,-0.55664778,0.14156389,4.80876181,-1.40331423,-3.24888513,0.27231336,0.19270897,1.16967940,,,,,,,3,,,,,,,,,
14.646874,59546,5998027,,172.85289001,3.23277164,-172.59951782,,,,,-0.11003701,0.80016404,-10.31392574,-0.40556395,-0.54722577,0.50697386,1.31765288,-0.96927172,-3.03892661,0.27096283,0.19321083,1.17165971,,,,,,,3,,,,,,,,,
14.656888,59547,5998127,,172.85824585,3.22595739,-172.57772827,,,,,-0.49645448,-0.24191357,-9.69444180,0.14212961,-1.43726301,-0.21319532,2.03198170,-0.09604044,-0.66923058,0.27011746,0.19274399,1.17412186,,,,,,,3,,,,,,,,,
14.666801,59548,5998227,,172.89233398,3.22107720,-172.55061340,,,,,-0.29220247,0.97940809,-10.18606949,-0.24432386,-0.32142159,0.41358852,2.80249876,-0.51820891,-3.67747673,0.27230397,0.19414887,1.17019701,,,,,,,3,,,,,,,,,
14.676834,59549,5998327,,172.92449951,3.20869660,-172.52433777,,,,,-0.40185326,-0.10913493,-9.56610203,0.03986594,-1.29243255,-0.32832551,0.88930072,1.06163829,-1.36522429,0.27285245,0.19269903,1.17166102,,,,,,,3,,,,,,,,,
14.686824,59550,5998427,,172.95130920,3.19202805,-172.49862671,,,,,-0.56056648,1.72953117,-9.97035408,-0.06695700,0.49182767,0.30662251,5.23879522,1.32919249,-2.34901753,0.27287856,0.19221838,1.17214835,,,,,,,3,,,,,,,,,
14.696800,59551,5998527,,172.97990417,3.18257475,-172.49179077,,,,,-0.27418619,-0.29510453,-9.24094963,-0.04695912,-1.43989086,-0.67907238,2.21153052,-2.95998499,-2.15145004,0.27297550,0.19750008,1.16431630,,,,,,,3,,,,,,,,,
14.706751,59552,5998627,,173.00946045,3.22361898,-172.47854614,,,,,-0.01202318,-0.60602713,-9.60500050,-0.28253621,-1.82214177,-0.37007177,2.33050814,-0.54640953,-2.23705002,0.27248862,0.19654873,1.16330922,,,,,,,3,,,,,,,,,
14.716878,59553,5998727,,173.04907227,3.23273611,-172.45965576,,,,,-0.19342786,2.66735435,-10.50171661,-0.58706039,1.31293452,0.92603850,2.57968476,2.04265281,-2.04742348,0.27010861,0.19322412,1.17412937,,,,,,,3,,,,,,,,,
14.726856,59554,5998827,,173.05998230,3.20921350,-172.45088196,,,,,-0.15676089,-1.37194836,-10.01041031,-0.05154720,-2.59855199,-0.04958749,2.70604347,-3.01230382,-4.15115846,0.26989096,0.19754940,1.17023873,,,,,,,3,,,,,,,,,
14.736914,59555,5998927,,173.10383606,3.23306823,-172.39799500,,,,,-0.31467468,0.93037987,-9.53399467,-0.19303131,-0.25010630,-0.23645425,0.53590678,0.78235703,-1.71587329,0.27102381,0.20137285,1.16436779,,,,,,,3,,,,,,,,,
14.746944,59556,5999027,,173.10200500,3.21764946,-172.38291931,,,,,-0.71803313,0.62428045,-9.64913177,0.24653512,-0.51030916,-0.13700151,0.34725255,2.98506438,-1.87249807,0.27020505,0.19946559,1.16680729,,,,,,,3,,,,,,,,,
14.756893,59557,5999127,,173.12986755,3.18362856,-172.36238098,,,,,-0.18137811,0.16361259,-10.25160313,-0.24348494,-1.10421741,0.37617433,3.05449560,-0.96690346,-2.72423803,0.27026612,0.19802417,1.16777432,,,,,,,3,,,,,,,,,
14.766825,59558,5999227,,173.16279602,3.17855310,-172.33540344,,,,,-0.59940195,1.64760983,-8.95977974,0.01945165,0.57642436,-0.70365989,-0.50009941,1.64456793,0.62183157,0.27012676,0.20090753,1.16534543,,,,,,,3,,,,,,,,,
14.776788,59559,5999327,,173.15022278,3.16949821,-172.33798218,,,,,-0.40671769,-0.88077801,-9.59444141,0.15684849,-2.01380849,-0.38564372,1.82542505,1.10740141,-3.11991878,0.26876006,0.19949034,1.16581094,,,,,,,3,,,,,,,,,
14.786806,59560,5999427,,173.17370605,3.16934896,-172.30554199,,,,,0.12065352,0.80103034,-10.09899807,-0.62057155,-0.49356216,0.28391981,-0.78003866,-1.11140262,-0.73646456,0.27072796,0.19753662,1.16727412,,,,,,,3,,,,,,,,,
14.796898,59561,5999527,,173.17065430,3.18116355,-172.31140137,,,,,-0.36465928,0.89984524,-9.60738850,-0.13502997,-0.26848927,-0.16403139,0.63113851,0.47236366,-1.08707007,0.27128378,0.19848594,1.17026055,,,,,,,3,,,,,,,,,
14.806878,59562,5999627,,173.19100952,3.18003273,-172.29766846,,,,,-0.13214466,-0.19260900,-10.62148094,-0.25102702,-1.49645948,0.70017278,1.90439292,1.06049775,-4.56576759,0.27175394,0.19847801,1.17026269,,,,,,,3,,,,,,,,,
14.816866,59563,5999727,,173.20370483,3.17334723,-172.25679016,,,,,-0.48338243,0.22755100,-9.36174965,0.08551547,-0.88121670,-0.48026037,-2.81649723,-0.53567973,-0.15676669,0.26935288,0.19563982,1.16723716,,,,,,,3,,,,,,,,,
14.826879,59564,5999827,,173.18524170,3.17391562,-172.25367737,,,,,-0.60337347,1.37621653,-10.00500202,0.01843125,0.18714190,0.29828084,2.16980916,0.80022555,-2.88509112,0.26850700,0.19613275,1.17020929,,,,,,,3,,,,,,,,,
14.836868,59565,5999927,,173.21743774,3.16222668,-172.22378540,,,,,-0.24712083,0.50166696,-10.47932625,-0.22853182,-0.77717841,0.64740324,1.29425938,-0.31989391,-3.14180420,0.26991653,0.19802853,1.17123592,,,,,,,3,,,,,,,,,
14.846796,59566,6000027,,173.21664429,3.16046238,-172.20109558,,,,,-0.69121295,-0.51844835,-8.53748131,0.42992270,-1.47906888,-1.37424397,-2.49150082,-1.94390129,1.04985728,0.26932475,0.19995953,1.16878974,,,,,,,3,,,,,,,,,
14.856756,59567,6000127,,173.19848633,3.18489337,-172.20606995,,,,,-0.40422156,2.04927588,-9.39918709,-0.25160426,0.89679271,-0.23230183,0.12818640,-1.11506584,-1.44592949,0.26605016,0.20097420,1.16977894,,,,,,,3,,,,,,,,,
14.866833,59568,6000227,,173.19859314,3.18499351,-172.20455933,,,,,0.18684669,-0.62933546,-10.54025173,-0.50299048,-1.95993233,0.54935789,-0.11978303,-0.93348729,-1.88177539,0.26689604,0.20048127,1.16680682,,,,,,,3,,,,,,,,,
14.876802,59569,6000327,,173.21917725,3.19278026,-172.17559814,,,,,-0.10023794,-0.12553002,-9.92813969,-0.26798442,-1.34602141,0.01867592,0.66160361,-0.32262241,-1.79179426,0.26883781,0.19900818,1.16778278,,,,,,,3,,,,,,,,,
14.886837,59570,6000427,,173.23080444,3.19911313,-172.16087341,,,,,-0.58855993,1.71587741,-9.38511658,-0.02637821,0.59904319,-0.27580619,-1.00153518,-0.27377317,-1.91767700,0.26893234,0.19948527,1.17075932,,,,,,,3,,,,,,,,,
14.896925,59571,6000527,,173.21804810,3.19734788,-172.14514160,,,,,-0.12755916,-0.89124757,-10.51435757,-0.15294673,-2.16666865,0.51154828,0.37675812,0.37137969,-2.59408642,0.26942962,0.19707718,1.17022896,,,,,,,3,,,,,,,,,
14.906762,59572,6000627,,173.23266602,3.19482732,-172.11082458,,,,,-0.54194534,1.54553771,-10.18525410,-0.07594743,0.32559210,0.49548376,-0.57952933,0.70860977,-0.46306548,0.26758385,0.19614807,1.17069972,,,,,,,3,,,,,,,,,
14.916788,59573,6000727,,173.21905518,3.17084527,-172.11174011,,,,,-0.61515439,0.65635115,-9.36578274,0.15612975,-0.43688947,-0.41792774,-1.34679378,-0.50098589,-1.95893667,0.26893437,0.19564621,1.16871953,,,,,,,3,,,,,,,,,
14.926765,59574,6000827,,173.21331787,3.17828631,-172.08612061,,,,,-0.36581463,-0.71713036,-9.74491119,0.09132743,-1.86876011,-0.21834564,-0.31386875,-0.40008289,-2.89611397,0.27028283,0.19898343,1.16877913,,,,,,,3,,,,,,,,,
14.936831,59575,6000927,,173.20832825,3.18745708,-172.06619263,,,,,-0.54096121,1.76002443,-9.18062210,-0.06924316,0.65704310,-0.47552168,-3.03179995,-0.54993663,0.84436511,0.26891407,0.20140532,1.17128432,,,,,,,3,,,,,,,,,
14.946822,59576,6001027,,173.17501831,3.20089316,-172.07847595,,,,,0.08180606,-0.05218893,-10.04662704,-0.46300653,-1.32022846,0.13251996,0.58803937,-3.53111431,-3.08942540,0.26871571,0.20189103,1.16584873,,,,,,,3,,,,,,,,,
14.956858,59577,6001127,,173.21563721,3.23918343,-172.04502869,,,,,0.09594920,-0.11424679,-10.56152821,-0.49065298,-1.44435906,0.63709497,0.19525715,-0.32066727,-1.91336266,0.26962110,0.20283599,1.16537344,,,,,,,3,,,,,,,,,
14.966835,59578,6001227,,173.21659851,3.23609257,-172.04011536,,,,,-0.83790368,0.45674726,-8.85915947,0.41540518,-0.54311109,-0.93187368,-4.06713304,-0.24164558,0.37328665,0.26868960,0.20237167,1.16536140,,,,,,,3,,,,,,,,,
14.976797,59579,6001327,,173.18370056,3.23139811,-172.03413391,,,,,-0.01720553,1.42727077,-10.63745689,-0.60733992,0.07502580,0.89841712,0.81136591,-0.99813524,-3.52791928,0.26539046,0.20098770,1.16433346,,,,,,,3,,,,,,,,,
14.986872,59580,6001427,,173.20491028,3.23928380,-171.99261475,,,,,-0.20050439,-0.24914610,-10.38752365,-0.16996475,-1.51615906,0.46374750,-0.71132439,1.21310691,-1.39508652,0.26639974,0.20096983,1.16631722,,,,,,,3,,,,,,,,,
14.996792,59581,6001527,,173.20693970,3.22125864,-171.98245239,,,,,-0.84874433,-0.40414101,-8.95637226,0.55064285,-1.39767206,-0.93575680,-1.08654137,-0.35674054,-0.11947105,0.26869062,0.20045213,1.16434157,,,,,,,3,,,,,,,,,
15.006863,59582,6001627,,173.20935059,3.21255183,-171.97341919,,,,,-0.40619946,2.59292126,-9.85589600,-0.35565615,1.37338471,0.28587997,-0.35619231,-0.14866096,-1.00152323,0.26965711,0.19995567,1.16483331,,,,,,,3,,,,,,,,,
15.016820,59583,6001727,,173.20063782,3.21749759,-171.96319580,,,,,-0.43961695,-0.80976218,-9.71370888,0.17757376,-1.94848299,-0.25640082,-0.72992930,0.37337093,-1.54856696,0.26602459,0.20049506,1.16878164,,,,,,,3,,,,,,,,,
15.026766,59584,6001827,,173.20260620,3.22157121,-171.94638062,,,,,-0.08214235,-0.25045580,-9.50890446,-0.25092241,-1.42342675,-0.41420698,-0.35370124,-2.13443753,-1.46123498,0.26699051,0.20095837,1.16978335,,,,,,,3,,,,,,,,,
15.036869,59585,6001927,,173.21611023,3.23819923,-171.93130493,,,,,-0.06510390,1.80892575,-10.04805946,-0.58976924,0.53197634,0.36360943,-0.11870845,-0.46971664,-0.73488417,0.26890624,0.19996592,1.17027199,,,,,,,3,,,,,,,,,
15.046792,59586,6002027,,173.21046448,3.23940897,-171.93835449,,,,,-0.32497379,-1.20613301,-9.83895016,0.11548649,-2.36756372,-0.18469536,0.16257793,0.50490610,-1.60464228,0.26892397,0.19900565,1.17025685,,,,,,,3,,,,,,,,,
15.057051,59587,6002127,,173.23327637,3.23564601,-171.91317749,,,,,-0.21148638,1.73491180,-10.13333988,-0.43964243,0.46983165,0.44776738,-0.70116203,-0.36924566,-1.12765740,0.26844543,0.19853394,1.16975224,,,,,,,3,,,,,,,,,
15.066777,59588,6002227,,173.21856689,3.23490596,-171.90597534,,,,,-0.47448105,0.35209790,-9.75790310,0.03791282,-0.80446404,-0.07302892,0.00365375,-0.14248072,-0.73911153,0.26893234,0.19948527,1.17075932,,,,,,,3,,,,,,,,,
15.076821,59589,6002327,,173.22007751,3.23079586,-171.89480591,,,,,-0.48126808,-1.19764614,-9.81005859,0.27299190,-2.33146071,-0.20431352,-0.27532332,1.15423292,-2.47994692,0.26700827,0.19999810,1.16976821,,,,,,,3,,,,,,,,,
15.086913,59590,6002427,,173.24409485,3.20589304,-171.86488342,,,,,-0.52071244,2.57486749,-9.63685799,-0.23086320,1.40318775,0.07335353,-1.68976041,0.67714245,0.83454458,0.26789695,0.19998379,1.16828823,,,,,,,3,,,,,,,,,
15.096789,59591,6002527,,173.20851135,3.18678498,-171.88658142,,,,,-0.63268191,0.21428010,-9.45307159,0.23480412,-0.87946433,-0.38236594,0.51569049,-0.00995084,0.32809214,0.26894957,0.19948477,1.17125416,,,,,,,3,,,,,,,,,
15.106771,59592,6002627,,173.22715759,3.20112777,-171.87191772,,,,,-0.02779650,-0.97606552,-9.89580822,-0.20640106,-2.18800259,-0.11792231,0.32384037,-0.64561216,-1.71346736,0.26891509,0.19948578,1.17026448,,,,,,,3,,,,,,,,,
15.116870,59593,6002727,,173.23320007,3.21425509,-171.86219788,,,,,-0.26596427,1.16705978,-9.44685555,-0.27048269,0.00588572,-0.29663396,-3.11573444,-0.21967233,1.26728280,0.26734063,0.19999424,1.16581178,,,,,,,3,,,,,,,,,
15.126844,59594,6002827,,173.20960999,3.20973969,-171.88183594,,,,,-0.14104049,0.79247260,-10.47660255,-0.37983757,-0.50603569,0.67224419,2.06239547,-0.33300171,-2.14412701,0.26467457,0.20003717,1.17025197,,,,,,,3,,,,,,,,,
15.136808,59595,6002927,,173.24656677,3.21137214,-171.85333252,,,,,-0.13286412,0.11630359,-10.27057457,-0.27991891,-1.14569521,0.38797879,-0.37661332,-0.39453699,-2.26041311,0.26623183,0.19952922,1.17420983,,,,,,,3,,,,,,,,,
15.142017,59596,6003027,,173.22975159,3.21493721,-171.83927917,,,,,-0.63959324,-0.15844518,-9.23806381,0.30058673,-1.21756518,-0.63912272,-2.55896282,-0.65343214,1.40457152,0.26888013,0.20044656,1.16978478,,,,,,,3,,,,,,,,,
15.156919,59597,6003127,,173.21659851,3.21461439,-171.84056091,,,,,-0.57467550,1.32143247,-10.05817795,-0.01362684,0.12489986,0.34355736,0.27839243,-0.33014586,-1.55925983,0.26705110,0.20047671,1.17126036,,,,,,,3,,,,,,,,,
15.162012,59598,6003227,,173.23011780,3.20282888,-171.82560730,,,,,-0.20082803,0.51877749,-10.19317341,-0.26724315,-0.73359966,0.36271119,-1.74325136,-0.36769491,-0.68390001,0.26659814,0.20048411,1.17175293,,,,,,,3,,,,,,,,,
15.175817,59599,6003327,,173.21318054,3.18697858,-171.80830383,,,,,-0.65130347,-0.12873517,-9.19186211,0.31506416,-1.18154037,-0.68129051,-1.04240415,0.55450667,-0.12704135,0.26571831,0.20001830,1.17322540,,,,,,,3,,,,,,,,,
15.185922,59600,6003427,,173.21191406,3.17835975,-171.79776001,,,,,-0.25187278,1.50131428,-9.38480854,-0.32704756,0.33770806,-0.31991708,-0.73242248,-0.75062600,-1.12699274,0.26608461,0.20097318,1.17076862,,,,,,,3,,,,,,,,,
15.195778,59601,6003527,,173.20303345,3.17920303,-171.79873657,,,,,-0.04092179,-1.05503607,-9.91180134,-0.17481929,-2.26986504,-0.11151385,-1.82172650,0.88632398,0.03699875,0.26780978,0.20190586,1.16683388,,,,,,,3,,,,,,,,,
15.205770,59602,6003627,,173.20532227,3.17632198,-171.78721619,,,,,-0.07274050,1.16070008,-10.38533974,-0.48754084,-0.14710289,0.62249517,-0.15092209,2.07107173,-0.06265206,0.26580444,0.20001577,1.17569959,,,,,,,3,,,,,,,,,
15.215816,59603,6003727,,173.21745300,3.13650346,-171.78532410,,,,,-0.32258081,1.17954826,-9.65626335,-0.21287906,-0.00077730,-0.08504605,-1.15818835,1.46115025,-0.94431186,0.26695308,0.19711453,1.18011224,,,,,,,3,,,,,,,,,
15.225772,59604,6003827,,173.19584656,3.10877299,-171.76969910,,,,,-0.26967627,-1.56010485,-10.18168259,0.13156009,-2.76520252,0.10961664,-1.46794372,3.99156127,-1.25473414,0.26709545,0.19807602,1.17122257,,,,,,,3,,,,,,,,,
15.235805,59605,6003927,,173.21342468,3.06961489,-171.74205017,,,,,-0.62609965,1.74931324,-9.80816078,0.01218195,0.58517969,0.15004754,0.51449280,4.50811610,0.04424290,0.26708606,0.19951592,1.17174006,,,,,,,3,,,,,,,,,
15.245849,59606,6004027,,173.21281433,3.01527977,-171.74452209,,,,,-0.37707880,1.30221236,-9.77477551,-0.16093130,0.11658287,0.05080378,0.32002803,2.34083155,-0.86897268,0.26853055,0.20045094,1.17324638,,,,,,,3,,,,,,,,,
15.255745,59607,6004127,,173.23526001,2.99440908,-171.73001099,,,,,-0.46899730,-1.29735374,-9.82184792,0.31999305,-2.42354655,-0.20378244,1.74793666,3.54006314,-1.03154074,0.26582217,0.19905549,1.17568445,,,,,,,3,,,,,,,,,
15.265804,59608,6004227,,173.25396729,2.96292233,-171.70909119,,,,,-0.67179769,1.52040446,-8.74821472,0.14248449,0.50687146,-0.92580724,-2.67666789,2.61287478,1.65061052,0.26577887,0.19953664,1.17470241,,,,,,,3,,,,,,,,,
15.275767,59609,6004327,,173.20722961,2.93719244,-171.73638916,,,,,-0.20915857,0.64024258,-9.78841591,-0.21537860,-0.55697364,-0.02277231,-0.54273430,0.86107709,-0.53876628,0.26331517,0.20101915,1.17223966,,,,,,,3,,,,,,,,,
15.285855,59610,6004427,,173.23339844,2.93223166,-171.71467590,,,,,0.20663524,-0.41691303,-11.11370087,-0.50810760,-1.81372499,1.14914656,2.35117053,3.26744703,-2.17470982,0.25989875,0.20011257,1.18160868,,,,,,,3,,,,,,,,,
15.295810,59611,6004527,,173.26052856,2.88907290,-171.68670654,,,,,-0.35234115,0.20635298,-8.99063015,0.02462929,-0.85828400,-0.85778868,-3.32637811,2.09178321,0.50698968,0.26128373,0.19960968,1.18061805,,,,,,,3,,,,,,,,,
15.305837,59612,6004627,,173.22750854,2.84943771,-171.68449402,,,,,-0.21252443,0.97440964,-9.78740406,-0.24545258,-0.22327766,0.01605928,-0.89472517,3.93740555,-1.03144906,0.26167718,0.19816442,1.17762864,,,,,,,3,,,,,,,,,
15.315777,59613,6004727,,173.23529053,2.79316068,-171.66154480,,,,,-0.21320023,0.82751948,-11.05159950,-0.24576791,-0.52018476,1.25404429,0.50125115,8.68050876,-0.94950366,0.25938627,0.19868210,1.17960441,,,,,,,3,,,,,,,,,
15.325764,59614,6004827,,173.24394226,2.69615984,-171.64178467,,,,,-0.32824454,-0.68205619,-9.48403645,0.15234117,-1.79045522,-0.47240269,-1.58620012,5.02264962,-0.34004289,0.26237479,0.20103499,1.17223525,,,,,,,3,,,,,,,,,
15.335774,59615,6004927,,173.25021362,2.63544869,-171.61747742,,,,,-0.65848500,1.37519157,-9.35497379,0.18585682,0.29672506,-0.34329164,0.55920466,8.09114540,-1.37786239,0.25953850,0.19724391,1.16968715,,,,,,,3,,,,,,,,,
15.345953,59616,6005027,,173.26100159,2.54998970,-171.60557556,,,,,-0.60986692,1.06671977,-9.71344090,0.18855971,-0.05361259,-0.02762699,-0.23253168,9.78709161,-0.36166407,0.25689906,0.19584644,1.17410469,,,,,,,3,,,,,,,,,
15.355768,59617,6005127,,173.23077393,2.46863627,-171.60263062,,,,,-0.14202838,-0.87988889,-9.49038696,0.03494869,-2.00790024,-0.49786985,-1.13038606,4.18331969,-1.21749360,0.25745487,0.19679573,1.17709100,,,,,,,3,,,,,,,,,
15.365837,59618,6005227,,173.24943542,2.44139981,-171.59498596,,,,,-0.12503478,1.48869836,-9.99505043,-0.34031534,0.25661132,0.28219628,0.54603921,6.52769290,1.25709888,0.25696695,0.19776393,1.17710388,,,,,,,3,,,,,,,,,
15.375843,59619,6005327,,173.24322510,2.38358545,-171.61572266,,,,,-0.34190530,-0.21960905,-9.81500435,0.14298216,-1.36753905,-0.08882296,-1.18701623,6.83137634,-0.55278322,0.25263089,0.19975774,1.17513466,,,,,,,3,,,,,,,,,
15.385783,59620,6005427,,173.25297546,2.32216406,-171.59883118,,,,,-0.25365913,-0.16449621,-10.19242287,0.04435657,-1.36876309,0.28861463,0.88650765,3.36273051,-1.03251767,0.25167328,0.19977407,1.17463541,,,,,,,3,,,,,,,,,
15.395770,59621,6005527,,173.27293396,2.28358984,-171.57328796,,,,,-0.46859062,1.86003780,-10.08022594,-0.03368621,0.66813487,0.42344618,0.18049986,6.24782206,-0.00961087,0.25320444,0.19974679,1.17810595,,,,,,,3,,,,,,,,,
15.405792,59622,6005627,,173.27444458,2.22763753,-171.57608032,,,,,-0.30527362,-0.62251300,-9.98798561,0.18820767,-1.77751410,0.03582227,1.42663911,5.17486508,-1.28430939,0.25252700,0.20072055,1.17267561,,,,,,,3,,,,,,,,,
15.415814,59623,6005727,,173.31428528,2.17788935,-171.54806519,,,,,-0.52423787,0.04544793,-9.78590012,0.31533009,-1.05991960,-0.07741976,1.34743752,4.20768041,0.07962302,0.25003925,0.19884464,1.16768587,,,,,,,3,,,,,,,,,
15.425816,59624,6005827,,173.32719421,2.12685943,-171.55043030,,,,,-0.86941582,1.71602011,-8.87124634,0.43256152,0.74469733,-0.77811444,-1.81250446,5.92056549,1.56630923,0.24781780,0.19840054,1.17113101,,,,,,,3,,,,,,,,,
15.435805,59625,6005927,,173.29411316,2.06713939,-171.56048584,,,,,-0.34795219,0.40925053,-10.04934788,0.09948736,-0.75766063,0.21893334,1.52573363,4.72019731,-1.82606986,0.24757993,0.19888149,1.17806399,,,,,,,3,,,,,,,,,
15.445804,59626,6006027,,173.33099365,2.03318572,-171.52551270,,,,,-0.07852660,-0.26440954,-10.14270306,-0.06208314,-1.46517885,0.22440517,2.04345258,2.55525210,-0.68128805,0.25037494,0.19931465,1.17759013,,,,,,,3,,,,,,,,,
15.455762,59627,6006127,,173.34729004,2.01666355,-171.53756714,,,,,-0.31761366,-0.36101183,-8.88849831,0.21439821,-1.37291110,-1.02376163,-2.13529066,3.21232292,0.99832852,0.25031489,0.19883654,1.17560327,,,,,,,3,,,,,,,,,
15.465806,59628,6006227,,173.32981873,2.00077415,-171.55267334,,,,,-0.10972457,1.55485165,-10.47054672,-0.30319127,0.28919008,0.76197898,0.49821369,3.37262511,-1.03945767,0.24750166,0.20032343,1.17660224,,,,,,,3,,,,,,,,,
15.475801,59629,6006327,,173.34918213,1.96590793,-171.53515625,,,,,-0.44397950,1.03224456,-10.64131927,0.10666275,-0.19270331,0.88226652,1.17452050,2.16730184,-0.48110449,0.24428862,0.19893689,1.17804837,,,,,,,3,,,,,,,,,
15.485797,59630,6006427,,173.34536743,1.94006705,-171.53266907,,,,,-0.22373542,-1.41595984,-9.59936905,0.28040448,-2.50484276,-0.44312203,-1.65918614,2.06438562,-1.30803469,0.24421972,0.19893892,1.17606902,,,,,,,3,,,,,,,,,
15.495816,59631,6006527,,173.34765625,1.91783118,-171.50398254,,,,,-0.58558381,1.35640538,-9.81720638,0.22343022,0.24503788,0.10656905,-0.35751246,4.18224094,-0.20251424,0.24603105,0.19986905,1.17460859,,,,,,,3,,,,,,,,,
15.505765,59632,6006627,,173.34997559,1.86357105,-171.50859070,,,,,-0.77411920,1.42107296,-9.70752811,0.40786707,0.35121465,0.01105821,-0.27247009,2.84407604,0.35751590,0.24449939,0.20085612,1.17164803,,,,,,,3,,,,,,,,,
15.515794,59633,6006727,,173.35090637,1.83391118,-171.52053833,,,,,-0.21190800,-0.72643059,-9.59821606,0.18072897,-1.82562923,-0.36429715,0.38573787,0.85711259,0.05631454,0.24269642,0.20040561,1.17361081,,,,,,,3,,,,,,,,,
15.525781,59634,6006827,,173.36943054,1.83000684,-171.50233459,,,,,-0.30444142,1.46041524,-9.55494022,-0.05248806,0.34294242,-0.15088630,-0.01549031,2.98503941,1.35330231,0.24421921,0.19989869,1.17657900,,,,,,,3,,,,,,,,,
15.535857,59635,6006927,,173.35369873,1.79504287,-171.52870178,,,,,-0.51097232,-0.56336975,-9.26292610,0.46356833,-1.58045268,-0.66809094,-0.26885959,1.84894416,0.26255677,0.24457665,0.20133373,1.17412972,,,,,,,3,,,,,,,,,
15.545939,59636,6007027,,173.37812805,1.79001629,-171.53309631,,,,,0.29633272,-0.07224306,-10.60335445,-0.42547613,-1.37173295,0.69484603,1.84594229,2.26778929,-0.91581706,0.24535361,0.20084281,1.16917825,,,,,,,3,,,,,,,,,
15.555898,59637,6007127,,173.40686035,1.76213121,-171.51872253,,,,,-0.49542388,1.76737416,-10.01370239,0.09495634,0.62624621,0.34464753,0.28743048,4.29457408,1.16716428,0.24264473,0.20040713,1.17212629,,,,,,,3,,,,,,,,,
15.565875,59638,6007227,,173.39987183,1.72368920,-171.53408813,,,,,-0.51385754,-0.70299995,-9.66147804,0.49146461,-1.75352490,-0.28672135,1.38343689,1.02965134,-1.54256589,0.24221684,0.20185342,1.17412615,,,,,,,3,,,,,,,,,
15.575806,59639,6007327,,173.44706726,1.72632110,-171.50854492,,,,,-0.25590906,-0.19899160,-10.18898964,0.15657341,-1.35297239,0.28712142,1.57892384,3.09452905,-0.36554839,0.24131981,0.20138812,1.17510378,,,,,,,3,,,,,,,,,
15.585882,59640,6007427,,173.45314026,1.68896532,-171.51266479,,,,,-0.87382442,1.98827553,-9.44214535,0.45355475,0.97439086,-0.18618965,-1.35897766,2.80060061,3.17626336,0.23842040,0.20287754,1.17362857,,,,,,,3,,,,,,,,,
15.595831,59641,6007527,,173.44291687,1.64733958,-171.53498840,,,,,-0.43973210,0.55670452,-9.92512226,0.23440650,-0.54881048,0.11623192,2.66221841,-0.63162185,-1.85546038,0.23885664,0.20191087,1.17213118,,,,,,,3,,,,,,,,,
15.605894,59642,6007627,,173.48359680,1.65607154,-171.50671387,,,,,-0.21612465,-0.24767183,-9.79995060,0.13690710,-1.35386574,-0.10567725,0.15117071,0.92533044,0.63492206,0.24191996,0.19993675,1.17805231,,,,,,,3,,,,,,,,,
15.615892,59643,6007727,,173.46142578,1.65448856,-171.53105164,,,,,-0.73545903,-0.22536293,-8.36213112,0.66370344,-1.09058881,-1.51529038,-3.23748171,-0.27024503,3.05855764,0.24234682,0.20040998,1.17707253,,,,,,,3,,,,,,,,,
15.625807,59644,6007827,,173.44387817,1.66320240,-171.56240845,,,,,0.15133440,1.63422394,-10.54052734,-0.51927638,0.35100964,0.83225858,1.69643532,-1.04164152,-0.68812406,0.23983930,0.20333342,1.17413759,,,,,,,3,,,,,,,,,
15.635856,59645,6007927,,173.47210693,1.66771948,-171.56217957,,,,,0.03173747,0.28763029,-10.65473366,-0.19847447,-0.96572351,0.79750371,0.04388543,1.54221573,0.93975708,0.23723431,0.20193490,1.17954481,,,,,,,3,,,,,,,,,
15.645756,59646,6008027,,173.47511292,1.64570773,-171.57264709,,,,,-0.69771940,-1.18699098,-9.16322517,0.76065356,-2.13253069,-0.83020627,-1.34598184,-0.31294958,0.44598918,0.23966354,0.20045340,1.18101776,,,,,,,3,,,,,,,,,
15.655800,59647,6008127,,173.47648621,1.64618158,-171.56370544,,,,,-0.33996585,1.80027378,-9.83293915,-0.04537121,0.67282927,0.16361642,0.48825570,0.61450497,-0.09311678,0.24139707,0.20186572,1.17758548,,,,,,,3,,,,,,,,,
15.665905,59648,6008227,,173.47923279,1.63217247,-171.56291199,,,,,-0.38548461,0.43772072,-10.46766281,0.20029691,-0.73198003,0.64028430,0.25308916,2.95746700,0.32160255,0.24230298,0.20185089,1.17660034,,,,,,,3,,,,,,,,,
15.675816,59649,6008327,,173.48754883,1.60440052,-171.56356812,,,,,-0.44588900,-0.60765231,-9.61638641,0.42569873,-1.64897084,-0.32108450,0.67933334,-1.10441277,-0.62962909,0.24194504,0.20137563,1.17955959,,,,,,,3,,,,,,,,,
15.685833,59650,6008427,,173.52069092,1.61735737,-171.55599976,,,,,-0.58395576,1.99834633,-9.26927948,0.17794400,0.97587818,-0.36614692,0.01103517,-0.05148959,1.63153871,0.23954242,0.20141673,1.17806387,,,,,,,3,,,,,,,,,
15.695804,59651,6008527,,173.48695374,1.61354256,-171.58372498,,,,,-0.58492792,-0.57045966,-9.32693577,0.56106430,-1.55907345,-0.59994459,-1.27295420,0.85009378,0.55066122,0.23861980,0.20047230,1.17804432,,,,,,,3,,,,,,,,,
15.705878,59652,6008627,,173.49496460,1.61221659,-171.57987976,,,,,0.11505615,0.09497899,-10.27562237,-0.24416956,-1.11651444,0.39629316,1.12998052,-2.24448938,-0.16931947,0.24092740,0.20091386,1.17707336,,,,,,,3,,,,,,,,,
15.715798,59653,6008727,,173.51602173,1.63210344,-171.58509827,,,,,-0.10287364,1.52606750,-9.78248024,-0.23533776,0.38119096,0.07576680,0.20509871,0.19249299,1.19532302,0.23845588,0.20095699,1.17359829,,,,,,,3,,,,,,,,,
15.725794,59654,6008827,,173.51557922,1.63297606,-171.60977173,,,,,-0.28080177,-1.26207376,-9.90528870,0.35259750,-2.34553361,-0.11121535,0.92431445,0.01040813,-0.97943910,0.23855036,0.20143409,1.17657495,,,,,,,3,,,,,,,,,
15.735786,59655,6008927,,173.54249573,1.62503004,-171.58778381,,,,,-0.32056412,0.83629721,-10.01691723,0.07903204,-0.28937995,0.23735619,-0.72332658,0.30242295,0.82679221,0.24092638,0.20283340,1.17809319,,,,,,,3,,,,,,,,,
15.745792,59656,6009027,,173.52935791,1.61352539,-171.60617065,,,,,-0.49889103,1.77863801,-9.90376663,0.11947845,0.67599654,0.23535109,-0.53701535,1.58637728,1.63715920,0.23947351,0.20141876,1.17608452,,,,,,,3,,,,,,,,,
15.755795,59657,6009127,,173.53234863,1.60566115,-171.62046814,,,,,-0.21081157,-0.81599468,-10.46540356,0.21369909,-1.97614217,0.49412787,2.54263568,0.06787593,-1.51379019,0.23857647,0.20095344,1.17706215,,,,,,,3,,,,,,,,,
15.765827,59658,6009227,,173.58403015,1.59626245,-171.58872986,,,,,-0.58786887,0.38193524,-9.46823025,0.42006987,-0.62495959,-0.35119152,0.15641676,-0.95124002,1.62514277,0.24046557,0.20140141,1.17757344,,,,,,,3,,,,,,,,,
15.775860,59659,6009327,,173.55918884,1.59745002,-171.62635803,,,,,-0.87660325,1.28251159,-8.53634357,0.58385611,0.40619433,-1.16674662,-1.92548476,-0.31127893,3.16207684,0.23817521,0.20095932,1.17903924,,,,,,,3,,,,,,,,,
15.785995,59660,6009427,,173.54440308,1.60141897,-171.64982605,,,,,0.09643881,0.49470690,-10.56625271,-0.28832197,-0.74151105,0.73207855,3.06484377,-1.17973461,-0.78074905,0.23706988,0.20337939,1.17560875,,,,,,,3,,,,,,,,,
15.795878,59661,6009527,,173.59703064,1.61063290,-171.63790894,,,,,-0.01109809,-0.44437414,-9.94834805,-0.03966138,-1.57421637,0.01601410,1.09225055,-1.90316967,2.07692563,0.23990873,0.20237163,1.17560697,,,,,,,3,,,,,,,,,
15.805851,59662,6009627,,173.60194397,1.62648606,-171.67463684,,,,,-0.42338017,-0.26737031,-8.94236374,0.35321066,-1.22404110,-0.95039320,-0.42707121,-0.90428482,1.29944093,0.24058719,0.19947831,1.18001747,,,,,,,3,,,,,,,,,
15.815876,59663,6009727,,173.60609436,1.63100421,-171.68540955,,,,,-0.10477756,1.97101760,-10.83005047,-0.31373858,0.71792448,1.16509259,1.89653180,0.83881580,-0.13405498,0.23917715,0.19854230,1.17950082,,,,,,,3,,,,,,,,,
15.825878,59664,6009827,,173.61048889,1.61373246,-171.69134521,,,,,-0.32239199,-0.46154526,-10.15067577,0.26708728,-1.56510091,0.22673678,0.86275945,-0.52097487,2.14109227,0.24137984,0.20186622,1.17709064,,,,,,,3,,,,,,,,,
15.835839,59665,6009927,,173.63114929,1.62434125,-171.70388794,,,,,-0.24849330,-0.69712114,-9.53600788,0.23485368,-1.73366261,-0.41284478,1.04033045,-0.61401154,-0.56800291,0.24364412,0.20278895,1.17513764,,,,,,,3,,,,,,,,,
15.845977,59666,6010027,,173.66113281,1.62073493,-171.70080566,,,,,-0.49088308,2.16980338,-9.99235630,0.05269951,1.07161391,0.36601138,0.54608632,2.98391648,2.12283155,0.24161668,0.20330481,1.17117751,,,,,,,3,,,,,,,,,
15.855871,59667,6010127,,173.65429688,1.58439028,-171.72758484,,,,,-0.86245948,-0.10552953,-9.64258766,0.75873876,-1.07146835,-0.22315741,1.02470425,-0.00976022,1.12674450,0.23851489,0.20335464,1.17660511,,,,,,,3,,,,,,,,,
15.865846,59668,6010227,,173.68127441,1.58815491,-171.72494507,,,,,-0.06171588,0.45796031,-9.64777184,-0.11679459,-0.62968576,-0.17820919,1.77837187,-1.59191283,-0.26812198,0.23901066,0.20382585,1.17760456,,,,,,,3,,,,,,,,,
15.875839,59669,6010327,,173.69151306,1.59957874,-171.73258972,,,,,-0.12780483,0.54828155,-9.64257240,-0.06501722,-0.52949005,-0.17140341,-0.14967718,0.97556958,3.17658289,0.23977926,0.20285530,1.17215073,,,,,,,3,,,,,,,,,
15.885861,59670,6010427,,173.69104004,1.59675169,-171.77198792,,,,,-0.25569296,-1.13163030,-9.59079266,0.30428702,-2.15601730,-0.40345478,1.80048802,-1.35118409,0.75991543,0.24210460,0.20233661,1.17116463,,,,,,,3,,,,,,,,,
15.895866,59671,6010527,,173.72581482,1.61132014,-171.78404236,,,,,0.09764043,2.17616892,-10.37424946,-0.53557700,0.96108830,0.72881222,-0.03119241,0.08282616,1.26527771,0.24365300,0.20230882,1.17513001,,,,,,,3,,,,,,,,,
15.905874,59672,6010627,,173.71020508,1.61057127,-171.81819153,,,,,-0.49051189,-0.11280450,-9.97439957,0.38295144,-1.16065919,0.09695840,0.65524844,0.97158203,2.08319681,0.24146599,0.20186368,1.17956483,,,,,,,3,,,,,,,,,
15.915828,59673,6010727,,173.72305298,1.60586274,-171.82469177,,,,,-0.30619389,-1.00546622,-9.97591305,0.32818663,-2.06286192,-0.00383067,1.37893569,-1.49860327,-0.70602785,0.24174616,0.20282112,1.17463386,,,,,,,3,,,,,,,,,
15.925952,59674,6010827,,173.73460388,1.61164987,-171.81854248,,,,,-0.21149360,1.88600874,-9.68739605,-0.17767341,0.79726112,0.02376890,-3.29001034,1.06988030,2.44961255,0.24120757,0.20187129,1.17214227,,,,,,,3,,,,,,,,,
15.935904,59675,6010927,,173.69927979,1.59069836,-171.85076904,,,,,-0.73999000,0.46446860,-10.09900951,0.54700911,-0.57209086,0.28921556,1.32223199,1.88980897,1.17688023,0.23833077,0.19999498,1.18298292,,,,,,,3,,,,,,,,,
15.945899,59676,6011027,,173.71734619,1.56271422,-171.84382629,,,,,-0.21890134,-0.00666738,-9.75493526,0.10605985,-1.07009697,-0.11798322,0.51781596,-1.32610492,0.05216549,0.24039564,0.20332298,1.17661405,,,,,,,3,,,,,,,,,
15.955917,59677,6011127,,173.71186829,1.57824421,-171.86354065,,,,,-0.32171795,0.08762012,-8.83671570,0.20463663,-0.86103612,-1.01693797,-3.15161129,0.18723077,3.90761142,0.24055520,0.20428395,1.16821921,,,,,,,3,,,,,,,,,
15.965862,59678,6011227,,173.70863342,1.58013093,-171.89865112,,,,,-0.07585640,0.83186400,-10.75085068,-0.16779861,-0.37356347,0.95942628,3.86239983,2.03428391,0.72728452,0.23943019,0.20189990,1.17510235,,,,,,,3,,,,,,,,,
15.976063,59679,6011327,,173.76101685,1.55616343,-171.90902710,,,,,0.18014714,0.56763649,-10.34676075,-0.38093865,-0.61948335,0.52194917,2.79021701,-2.01006918,0.33087883,0.24205241,0.20329791,1.17019010,,,,,,,3,,,,,,,,,
15.985842,59680,6011427,,173.77525330,1.58446920,-171.93479919,,,,,-0.42193183,-1.01351810,-9.13550663,0.45302710,-1.95425034,-0.83658338,-0.27122057,0.17167021,3.27870787,0.24146999,0.20378900,1.16722643,,,,,,,3,,,,,,,,,
15.995834,59681,6011527,,173.78340149,1.59191573,-171.95802307,,,,,-0.49234188,1.65502858,-10.15305805,0.12997897,0.57130945,0.46581650,1.60398530,1.73436304,0.89237601,0.23826483,0.20384187,1.16968489,,,,,,,3,,,,,,,,,
16.005869,59682,6011627,,173.79225159,1.55476177,-171.96255493,,,,,-0.22688806,0.47364268,-10.33559418,0.03483155,-0.64824957,0.51308417,0.27833362,-1.02660785,0.73454026,0.24099930,0.20475668,1.16773415,,,,,,,3,,,,,,,,,
16.015971,59683,6011727,,173.79267883,1.56105340,-171.97369385,,,,,-0.41703844,-0.56298226,-9.47554588,0.38108325,-1.54617572,-0.44918787,-0.21263491,0.20159889,1.53530486,0.23842040,0.20287754,1.17362857,,,,,,,3,,,,,,,,,
16.025925,59684,6011827,,173.80195618,1.54749906,-171.97833252,,,,,-0.51349026,1.60285854,-9.29046249,0.17490053,0.61983633,-0.39610100,-1.87872827,1.48252276,2.20733913,0.23895949,0.20286760,1.17561007,,,,,,,3,,,,,,,,,
16.035914,59685,6011927,,173.75546265,1.53666353,-172.00112915,,,,,-0.09008284,-0.49084681,-9.72064877,0.04633567,-1.55308986,-0.20722866,-2.00897656,-2.68933704,1.50118583,0.24212866,0.20569503,1.17369175,,,,,,,3,,,,,,,,,
16.045997,59686,6012027,,173.77061462,1.56783581,-172.02064514,,,,,0.06975234,0.83867806,-10.37650299,-0.30751491,-0.33845672,0.58561730,0.27840702,0.09128518,1.84094772,0.23984665,0.20573258,1.17565989,,,,,,,3,,,,,,,,,
16.055947,59687,6012127,,173.78608704,1.55357575,-172.04895020,,,,,-0.19561839,0.23440871,-9.63236904,0.04926103,-0.81179911,-0.21337461,-0.94112365,1.45698746,1.21110759,0.24162403,0.20570397,1.17269981,,,,,,,3,,,,,,,,,
16.065873,59688,6012227,,173.77421570,1.54176307,-172.06210327,,,,,-0.13610928,-0.49430180,-10.05869102,0.08754372,-1.58564556,0.13016474,-0.92978511,-0.31822033,0.74248089,0.24382825,0.20614859,1.16875982,,,,,,,3,,,,,,,,,
16.075843,59689,6012327,,173.79794312,1.55123699,-172.07000732,,,,,-0.20867753,1.85721874,-10.37189770,-0.17196733,0.70837629,0.69794905,0.52396158,2.33545341,1.77188287,0.24029279,0.20236625,1.17313504,,,,,,,3,,,,,,,,,
16.085985,59690,6012427,,173.79200745,1.52180517,-172.09318542,,,,,-0.36188221,-0.88670903,-9.76275253,0.37337151,-1.90245342,-0.19908476,0.77645623,1.61516439,0.29779996,0.24110267,0.20475364,1.17070317,,,,,,,3,,,,,,,,,
16.095873,59691,6012527,,173.81919861,1.49610066,-172.08892822,,,,,-0.43047991,0.40686956,-9.62396336,0.26566410,-0.60203761,-0.19525826,-0.23698606,1.41875526,2.06844552,0.24234828,0.20713413,1.16728377,,,,,,,3,,,,,,,,,
16.105895,59692,6012627,,173.81944275,1.48210585,-172.11737061,,,,,-0.55008948,2.37530732,-9.29103947,0.11751184,1.38891423,-0.31075513,-2.59309028,2.45205541,3.02743887,0.23737614,0.20385617,1.17116499,,,,,,,3,,,,,,,,,
16.115883,59693,6012727,,173.78443909,1.45766819,-172.14505005,,,,,0.11988489,-1.26515305,-10.20057106,-0.04717956,-2.38865781,0.18330383,0.81333637,0.64109708,-0.60844029,0.23602664,0.20243850,1.17212534,,,,,,,3,,,,,,,,,
16.125844,59694,6012827,,173.81181335,1.44888937,-172.13070679,,,,,0.07021647,-0.14582507,-9.82250023,-0.14915237,-1.23760664,-0.07184744,-1.70482290,0.53861351,2.92767628,0.24017952,0.20476896,1.17119348,,,,,,,3,,,,,,,,,
16.135897,59695,6012927,,173.79582214,1.44437730,-172.17875671,,,,,-0.47413054,1.61106420,-9.04646111,0.15824690,0.65031672,-0.63862395,-2.81982567,2.20476351,2.79263853,0.23976938,0.20525499,1.17317820,,,,,,,3,,,,,,,,,
16.145901,59696,6013027,,173.78434753,1.43130505,-172.20254517,,,,,0.07653765,-0.24991769,-11.09998035,-0.15038231,-1.48065507,1.18764210,1.85622472,1.08868349,-1.87823692,0.23934354,0.20286220,1.17313814,,,,,,,3,,,,,,,,,
16.155890,59697,6013127,,173.81532288,1.41428232,-172.18104553,,,,,-0.18791589,-0.16411930,-9.72381496,0.11532116,-1.20902836,-0.16521573,-1.97157765,1.76920437,3.09536831,0.24028544,0.19996707,1.17161274,,,,,,,3,,,,,,,,,
16.165912,59698,6013227,,173.78147888,1.40024471,-172.22099304,,,,,-0.71926010,0.79245323,-9.10904217,0.51837504,-0.12921339,-0.65999985,-1.35029766,2.07432141,1.56862285,0.23832589,0.20240045,1.17065191,,,,,,,3,,,,,,,,,
16.175985,59699,6013327,,173.79174805,1.37074244,-172.21447754,,,,,-0.13145927,0.90711713,-10.78108501,-0.09148698,-0.27740437,1.00071788,1.42296212,1.74333225,-1.58543098,0.23589617,0.20484172,1.16968894,,,,,,,3,,,,,,,,,
16.185988,59700,6013427,,173.80238342,1.34606397,-172.20230103,,,,,-0.41664666,-0.29155630,-8.70043755,0.37801769,-1.18987215,-1.19143438,-2.70322666,0.56834666,3.21120725,0.23795857,0.20336509,1.17412865,,,,,,,3,,,,,,,,,
16.195859,59701,6013527,,173.78865051,1.35324967,-172.23579407,,,,,-0.35341084,0.13854042,-9.18057346,0.25311226,-0.82789886,-0.66844034,0.91416106,0.53778962,0.50502664,0.23858431,0.20239285,1.17807448,,,,,,,3,,,,,,,,,
16.206063,59702,6013627,,173.81858826,1.34639180,-172.24134827,,,,,0.49406579,1.21108723,-11.16635895,-0.74938959,-0.10066263,1.40247655,0.82843690,1.72350411,0.14170465,0.23935241,0.20238207,1.17313063,,,,,,,3,,,,,,,,,
16.215928,59703,6013727,,173.81027222,1.32976818,-172.25555420,,,,,-0.27007738,-0.49699858,-9.32610798,0.25799951,-1.47924685,-0.59398866,-1.70805091,1.53645105,1.63606285,0.23651457,0.20147030,1.17211246,,,,,,,3,,,,,,,,,
16.225970,59704,6013827,,173.80479431,1.32609904,-172.26789856,,,,,-0.37192491,0.37477404,-9.81189346,0.23657340,-0.65954667,-0.01477933,0.16903164,0.86632620,-1.34310996,0.23466778,0.20246072,1.17360306,,,,,,,3,,,,,,,,,
16.235913,59705,6013927,,173.81031799,1.30752337,-172.25267029,,,,,-0.02722382,0.81606954,-10.34044743,-0.16412762,-0.33185744,0.55042064,-2.51988197,2.50817054,0.91024448,0.23693991,0.20482284,1.17266238,,,,,,,3,,,,,,,,,
16.245956,59706,6014027,,173.79740906,1.27918923,-172.26490784,,,,,-0.61691117,0.00603459,-9.78981400,0.53789937,-0.98723793,-0.07128382,0.80609658,1.87297768,1.64078166,0.23695764,0.20386256,1.17264724,,,,,,,3,,,,,,,,,
16.255916,59707,6014127,,173.83145142,1.25825500,-172.26853943,,,,,-0.37339097,0.89337975,-9.45651722,0.18048295,-0.10521622,-0.31130755,0.34505435,0.31465833,-0.19438309,0.23514736,0.20101289,1.17308784,,,,,,,3,,,,,,,,,
16.265983,59708,6014227,,173.81948853,1.25101423,-172.27838135,,,,,-0.12594749,0.01401471,-9.19611645,0.05930075,-0.97792304,-0.67123699,-2.86041386,0.96832542,1.84833926,0.23600003,0.20387891,1.17214799,,,,,,,3,,,,,,,,,
16.275861,59709,6014327,,173.80758667,1.25331700,-172.29449463,,,,,-0.03102646,0.40637687,-10.43167400,-0.09658115,-0.73714262,0.59739685,2.47883893,1.32778387,0.57116075,0.23476279,0.20197804,1.17606974,,,,,,,3,,,,,,,,,
16.285857,59710,6014427,,173.85050964,1.23332989,-172.30111694,,,,,0.14697854,0.39446893,-9.97442055,-0.26789704,-0.71997881,0.13777685,0.48123501,-0.16362948,-0.19110072,0.23522514,0.20053074,1.17505968,,,,,,,3,,,,,,,,,
16.295870,59711,6014527,,173.83235168,1.24202704,-172.31347656,,,,,-0.28554928,-0.35644174,-9.20911694,0.26944518,-1.32161880,-0.69428086,-3.16346359,1.10995195,1.66835994,0.23653233,0.20051003,1.17209733,,,,,,,3,,,,,,,,,
16.305993,59712,6014627,,173.81831360,1.23943543,-172.32305908,,,,,-0.29283309,1.48251343,-10.83979225,0.01824373,0.31614774,1.12334490,1.93568073,2.81926986,-0.05642285,0.23388399,0.19959268,1.17652237,,,,,,,3,,,,,,,,,
16.315900,59713,6014727,,173.83876038,1.19582450,-172.31756592,,,,,-0.12321859,-0.24211298,-9.89180470,0.09291324,-1.30197132,-0.00661004,-0.08093780,0.62583935,-0.62404829,0.23390122,0.19959217,1.17701721,,,,,,,3,,,,,,,,,
16.325969,59714,6014827,,173.82321167,1.18215168,-172.32066345,,,,,-0.56350452,-0.12609519,-9.09416008,0.52249503,-1.04426897,-0.77845442,-2.52320187,2.01891897,2.15259943,0.23378012,0.20055549,1.17406321,,,,,,,3,,,,,,,,,
16.335834,59715,6014927,,173.81434631,1.16080546,-172.32475281,,,,,-0.45438856,2.30076051,-10.16007233,0.08508942,1.21608663,0.53956151,0.64292202,2.66904113,0.90407703,0.23182057,0.20298885,1.17310238,,,,,,,3,,,,,,,,,
16.345913,59716,6015027,,173.80039978,1.13032615,-172.34187317,,,,,-0.00930993,-1.37058640,-9.15908527,0.14623064,-2.35351062,-0.86046326,-1.91361794,-2.05164795,1.21882218,0.23256153,0.20537828,1.16869116,,,,,,,3,,,,,,,,,
16.355919,59717,6015127,,173.81607056,1.16225553,-172.35476685,,,,,0.04529594,-0.33554697,-9.47953129,-0.05128698,-1.37477660,-0.43039739,-0.72673079,0.22721451,1.57594310,0.23409370,0.20343144,1.17114174,,,,,,,3,,,,,,,,,
16.365970,59718,6015227,,173.84266663,1.15543664,-172.37339783,,,,,-0.11513817,2.45725131,-10.72056293,-0.27157336,1.26898944,1.10806251,0.65999798,3.34002718,0.96997427,0.23409370,0.20343144,1.17114174,,,,,,,3,,,,,,,,,
16.375909,59719,6015327,,173.83084106,1.12341702,-172.39727783,,,,,-0.14264672,-1.51981282,-9.58277702,0.29515070,-2.52437639,-0.45050228,-1.45561395,-1.01597271,0.23070818,0.23362404,0.20247959,1.17062962,,,,,,,3,,,,,,,,,
16.385896,59720,6015427,,173.83587646,1.14024675,-172.38825989,,,,,-0.13901460,0.45325649,-9.62666798,0.02779597,-0.58539581,-0.19544005,-0.95125805,1.67519471,0.84795038,0.23144743,0.19867502,1.17352700,,,,,,,3,,,,,,,,,
16.396013,59721,6015527,,173.84751892,1.11006343,-172.38804626,,,,,-0.40516299,1.63954091,-10.41580391,0.13406171,0.53656709,0.72112048,0.27383226,4.14582195,0.57146176,0.23001912,0.19965905,1.17353547,,,,,,,3,,,,,,,,,
16.405876,59722,6015627,,173.83329773,1.04770219,-172.40133667,,,,,-0.40334299,-0.86898279,-9.18445015,0.48025739,-1.80218685,-0.77108550,-0.40692173,0.09616326,1.36490552,0.23259699,0.20345773,1.16866088,,,,,,,3,,,,,,,,,
16.415931,59723,6015727,,173.85879517,1.06286526,-172.40325928,,,,,-0.23418073,1.29733324,-9.16808510,0.02278331,0.31503963,-0.55788314,1.13325015,0.29367215,1.38732060,0.23315589,0.19864844,1.16858757,,,,,,,3,,,,,,,,,
16.426051,59724,6015827,,173.83911133,1.05710244,-172.43707275,,,,,-0.24455476,0.04346530,-9.71338272,0.19967403,-0.98235160,-0.15074766,-1.91007521,2.79298815,2.37443394,0.23757860,0.19569232,1.17252100,,,,,,,3,,,,,,,,,
16.435966,59725,6015927,,173.81921387,1.04906845,-172.47552490,,,,,0.27379930,-0.27696189,-10.12795734,-0.27555913,-1.41138291,0.21677756,1.84721868,-0.07463677,0.16416069,0.23792668,0.19856726,1.17058921,,,,,,,3,,,,,,,,,
16.445978,59726,6016027,,173.84899902,1.07083356,-172.48091125,,,,,-0.02198746,0.87206942,-9.86143017,-0.13388661,-0.20959091,0.08140790,0.22941309,1.62531555,0.14109353,0.23267682,0.19913648,1.16859293,,,,,,,3,,,,,,,,,
16.455938,59727,6016127,,173.83351135,1.05954409,-172.50198364,,,,,-0.52784085,-0.25106066,-9.38837147,0.51942271,-1.20219219,-0.50041986,-2.74685236,2.90493858,2.00301573,0.23089895,0.20012486,1.17206299,,,,,,,3,,,,,,,,,
16.465905,59728,6016227,,173.81692505,1.03780401,-172.50675964,,,,,0.01053685,0.58339936,-10.33731365,-0.12768963,-0.55117625,0.52150691,1.82051008,0.59007712,-0.62599340,0.23022936,0.20253803,1.16764498,,,,,,,3,,,,,,,,,
16.475948,59729,6016327,,173.86814880,1.01697850,-172.49223328,,,,,-0.35320511,0.39538014,-9.79865360,0.26410389,-0.62583411,-0.02554333,0.53272647,1.30563303,0.96491875,0.22971687,0.20110756,1.16564071,,,,,,,3,,,,,,,,,
16.485949,59730,6016427,,173.86424255,0.99297845,-172.51710510,,,,,-0.83575600,0.79387754,-8.40211105,0.69913733,-0.01816010,-1.36284351,-2.34093848,1.82674754,3.53174546,0.22841856,0.20064813,1.16859543,,,,,,,3,,,,,,,,,
16.496036,59731,6016527,,173.84254456,0.97953057,-172.53656006,,,,,0.24467821,0.13427667,-10.32486153,-0.29207057,-1.01585996,0.45807290,3.22220364,-0.29290533,-1.35120373,0.22789566,0.20257710,1.16812861,,,,,,,3,,,,,,,,,
16.505901,59732,6016627,,173.89582825,0.97860825,-172.52101135,,,,,0.21607110,-0.52358067,-9.68468857,-0.17618278,-1.58788228,-0.24802971,0.54166506,-0.66924029,2.12623213,0.23172656,0.20155199,1.16961586,,,,,,,3,,,,,,,,,
16.515878,59733,6016727,,173.89352417,0.99412858,-172.56890869,,,,,-0.45919830,1.16770673,-8.84230232,0.27557418,0.25761580,-0.89220166,-1.22309425,0.80396481,2.65613229,0.23187429,0.19914825,1.17254710,,,,,,,3,,,,,,,,,
16.525903,59734,6016827,,173.89495850,0.98865962,-172.58712769,,,,,0.12695211,-0.01513017,-10.98692226,-0.16001377,-1.21017385,1.10391796,3.16411523,0.50860353,-2.81782699,0.23134354,0.19963783,1.17106795,,,,,,,3,,,,,,,,,
16.536038,59735,6016927,,173.91716003,0.99120313,-172.55805969,,,,,-0.19546615,0.00183518,-9.47499561,0.16203387,-0.99207985,-0.39246094,-2.06758300,0.35228003,1.93579621,0.23190874,0.19914724,1.17353678,,,,,,,3,,,,,,,,,
16.546069,59736,6017027,,173.88743591,0.98724079,-172.59355164,,,,,-0.60551482,0.69936121,-9.53535652,0.47833222,-0.25901031,-0.25206852,-0.05547269,0.93207355,1.15621122,0.23007080,0.19965753,1.17501998,,,,,,,3,,,,,,,,,
16.555974,59737,6017127,,173.90733337,0.96333468,-172.58374023,,,,,-0.05737239,0.24138466,-10.06153679,-0.00455290,-0.83438981,0.21492231,1.98677695,0.73899483,-1.46636456,0.23041052,0.20205282,1.17258573,,,,,,,3,,,,,,,,,
16.565907,59738,6017227,,173.92243958,0.95925677,-172.57682800,,,,,-0.30264062,0.70375365,-8.65149021,0.18397537,-0.19513285,-1.13541329,-2.45009131,0.44128516,3.46221457,0.23270139,0.20153515,1.17061007,,,,,,,3,,,,,,,,,
16.575902,59739,6017327,,173.89437866,0.97254384,-172.62930298,,,,,-0.24907666,-0.64743185,-9.85487080,0.30035317,-1.66405904,-0.08281350,1.87384340,-0.66583811,0.57122873,0.23278856,0.19961308,1.17206430,,,,,,,3,,,,,,,,,
16.586010,59740,6017427,,173.94308472,0.99028981,-172.63725281,,,,,0.48162016,1.24093032,-10.33532715,-0.67315930,0.05705473,0.58402789,1.63762088,-0.11788405,0.32798534,0.23129186,0.19963935,1.16958344,,,,,,,3,,,,,,,,,
16.595903,59741,6017527,,173.94132996,0.98693490,-172.65344238,,,,,-0.36730602,0.05242769,-9.32036018,0.32697484,-0.89798993,-0.53760922,-1.07371054,1.96605501,2.04830650,0.23027320,0.20109710,1.16811717,,,,,,,3,,,,,,,,,
16.605923,59742,6017627,,173.92283630,0.97385871,-172.67657471,,,,,-0.24189419,-0.81398624,-10.03127956,0.31145811,-1.84478748,0.07634020,0.23948455,-0.23607322,0.21874372,0.23080343,0.20156731,1.17010629,,,,,,,3,,,,,,,,,
16.615989,59743,6017727,,173.95520020,0.97491807,-172.66557312,,,,,0.04356058,2.22543859,-10.02932739,-0.36266664,1.11861777,0.39124250,0.18598116,0.22951687,0.18970169,0.22897539,0.19967791,1.17056191,,,,,,,3,,,,,,,,,
16.625994,59744,6017827,,173.93724060,0.95465589,-172.67628479,,,,,-0.55282062,-0.99986297,-9.43659592,0.64944303,-1.92361498,-0.52941227,-0.37288983,2.14373491,1.48623742,0.23089010,0.20060501,1.17207050,,,,,,,3,,,,,,,,,
16.635956,59745,6017927,,173.94300842,0.94168663,-172.69013977,,,,,-0.52972454,0.66215885,-9.12693119,0.41526735,-0.25464579,-0.66220796,-0.80360884,-0.10245972,2.21825356,0.23186439,0.20154794,1.17357457,,,,,,,3,,,,,,,,,
16.646018,59746,6018027,,173.94361877,0.95303935,-172.71348572,,,,,0.30580354,1.62778950,-9.88371563,-0.54147494,0.51199311,0.17774355,0.82975945,-1.19263694,0.55418634,0.23039430,0.20013379,1.17107105,,,,,,,3,,,,,,,,,
16.655898,59747,6018127,,173.94204712,0.96088630,-172.73402405,,,,,0.08585626,-2.33969879,-9.75141525,0.18358952,-3.35949850,-0.36846161,-0.07304156,0.92634217,0.52017931,0.23053214,0.20012973,1.17502975,,,,,,,3,,,,,,,,,
16.665881,59748,6018227,,173.95530701,0.96138358,-172.73661804,,,,,-0.29941124,2.29709077,-9.89144421,-0.02525838,1.24885905,0.26679373,-0.86916911,1.83138417,1.56252882,0.23195890,0.20202503,1.17655122,,,,,,,3,,,,,,,,,
16.675933,59749,6018327,,173.94555664,0.95010763,-172.76625061,,,,,0.11987670,0.14713982,-10.15779209,-0.17062449,-0.95340496,0.29781866,0.27093946,-1.47753864,-0.14644152,0.23129971,0.20107874,1.17059577,,,,,,,3,,,,,,,,,
16.685912,59750,6018427,,173.95246887,0.97636235,-172.76965332,,,,,-0.23353894,-1.53255296,-9.30990410,0.39387220,-2.47450542,-0.71754742,-0.09746632,0.36529167,0.56294168,0.23183095,0.19962941,1.17156506,,,,,,,3,,,,,,,,,
16.696007,59751,6018527,,173.97943115,0.96324450,-172.76759338,,,,,-0.59135526,2.90419531,-10.09690952,0.18794505,1.86801779,0.53935134,1.25827026,3.20490042,1.53713215,0.23190823,0.20010701,1.17404675,,,,,,,3,,,,,,,,,
16.705984,59752,6018627,,173.96939087,0.92639065,-172.79591370,,,,,-0.20201649,-1.05693960,-9.20371819,0.30819169,-1.99429691,-0.77154970,0.13458946,-1.95231907,0.28036926,0.23335375,0.19912249,1.17453313,,,,,,,3,,,,,,,,,
16.715943,59753,6018727,,173.96145630,0.96758562,-172.80563354,,,,,-0.02282185,-0.40168193,-9.01980591,0.04332548,-1.35303223,-0.88905704,-0.23891618,-0.51339784,1.50350372,0.23141246,0.19963580,1.17304730,,,,,,,3,,,,,,,,,
16.726095,59754,6018827,,173.97795105,0.97630638,-172.82467651,,,,,0.12723202,1.91329050,-10.83036900,-0.40345067,0.72329575,1.15257990,1.42569441,2.60168672,1.27138731,0.23373680,0.20103663,1.17308116,,,,,,,3,,,,,,,,,
16.736090,59755,6018927,,173.97602844,0.96537286,-172.86999512,,,,,-0.02752383,-1.06744766,-9.35082054,0.12691462,-2.04303145,-0.62903666,-0.39057618,-1.91275350,1.40799942,0.23709750,0.20001943,1.17456615,,,,,,,3,,,,,,,,,
16.745918,59756,6019027,,173.98374939,1.01592934,-172.89389038,,,,,-0.20373450,0.83561492,-9.89323139,0.05513074,-0.20051521,0.11239958,0.19066301,-0.06329385,0.48235458,0.23223121,0.20154306,1.17060781,,,,,,,3,,,,,,,,,
16.755983,59757,6019127,,173.98620605,1.01625574,-172.90718079,,,,,-0.32214165,0.74730569,-10.20497799,0.18225577,-0.30769646,0.41487765,-1.78734866,1.68652344,1.28006603,0.23373729,0.20007686,1.17257118,,,,,,,3,,,,,,,,,
16.766027,59758,6019227,,173.95410156,0.99956578,-172.93507385,,,,,-0.35503384,0.00377975,-9.55012035,0.30997944,-0.97103333,-0.31339180,-1.40418711,-1.13796032,0.26727939,0.23463434,0.20054220,1.17159355,,,,,,,3,,,,,,,,,
16.775994,59759,6019327,,173.94480896,1.02291286,-172.93838501,,,,,-0.18900280,0.67993337,-9.44762802,0.05958319,-0.31763178,-0.34709740,-3.52587001,-1.48690710,1.20980921,0.23433846,0.19670597,1.17449987,,,,,,,3,,,,,,,,,
16.786046,59760,6019427,,173.86462402,1.05318570,-172.97242737,,,,,-0.35922042,0.16181110,-8.96218777,0.29213801,-0.76941425,-0.88194990,-7.47786613,-1.06874030,2.85048340,0.23889953,0.19278602,1.18188202,,,,,,,3,,,,,,,,,
16.795946,59761,6019527,,173.79037476,1.10135663,-173.01304626,,,,,0.59230793,0.29092944,-10.94675541,-0.68561566,-0.98392761,1.08534706,-2.58182922,-1.36536463,-1.37953311,0.23463187,0.19573757,1.18240213,,,,,,,3,,,,,,,,,
16.805931,59762,6019627,,173.75663757,1.12518764,-173.03610229,,,,,-0.14671880,-0.19303331,-9.33087921,0.11197573,-1.20695138,-0.56242681,-8.44009122,-1.62965517,3.23239044,0.23296827,0.19240372,1.18679380,,,,,,,3,,,,,,,,,
16.816005,59763,6019727,,173.65892029,1.14757514,-173.06974792,,,,,-0.36965349,0.97395378,-9.90412998,0.18509290,-0.10324669,0.14027977,-4.41970058,0.33779026,0.90732265,0.23289150,0.19096634,1.18380213,,,,,,,3,,,,,,,,,
16.825969,59764,6019827,,173.62461853,1.16390336,-173.06816101,,,,,0.07438149,-0.50465137,-10.60061169,-0.08154155,-1.69907379,0.66043389,-0.96409091,-1.22151519,-1.82491470,0.23228495,0.19770247,1.17005253,,,,,,,3,,,,,,,,,
16.835950,59765,6019927,,173.62960815,1.15140152,-173.05990601,,,,,-0.71649206,0.39864156,-8.56999493,0.60947561,-0.48726642,-1.24188304,-6.66623347,-0.22570136,3.76865719,0.24327558,0.18983720,1.17097259,,,,,,,3,,,,,,,,,
16.845958,59766,6020027,,173.54049683,1.18438339,-173.12823486,,,,,-0.25090262,1.51964366,-9.78634071,-0.00312367,0.41272926,0.08132029,-3.10883680,-1.54683358,1.18792977,0.23839104,0.19328088,1.16753936,,,,,,,3,,,,,,,,,
16.856034,59767,6020127,,173.51339722,1.21484959,-173.15367126,,,,,0.32481271,-0.79695165,-10.11615372,-0.30079722,-1.98894131,0.13509250,-5.51243096,-2.77038663,0.12174013,0.23034364,0.19821577,1.16856658,,,,,,,3,,,,,,,,,
16.865990,59768,6020227,,173.47375488,1.22728670,-173.17883301,,,,,-0.04013832,0.70191932,-9.40840054,-0.11549386,-0.39296761,-0.39047968,-8.22270679,-0.80319444,3.45461363,0.23559356,0.18804310,1.17882180,,,,,,,3,,,,,,,,,
16.875916,59769,6020327,,173.36993408,1.25094509,-173.21922302,,,,,-0.21786760,0.46801114,-10.43705750,0.07631794,-0.73794770,0.60768104,-8.10921381,-3.10317927,0.92753051,0.23391272,0.18470974,1.18271875,,,,,,,3,,,,,,,,,
16.885949,59770,6020427,,173.27600098,1.29160845,-173.21934509,,,,,-0.00368527,0.24762426,-9.44684124,-0.10728332,-0.88415992,-0.40736723,-11.37161952,-4.60944580,1.23998338,0.23555765,0.18131997,1.18762100,,,,,,,3,,,,,,,,,
16.895941,59771,6020527,,173.16963196,1.33239818,-173.22915649,,,,,-0.38647741,-0.43760282,-10.10300446,0.34710574,-1.60853052,0.16859770,-8.20683770,-1.27691251,0.39012904,0.23236817,0.18425164,1.19210422,,,,,,,3,,,,,,,,,
16.905940,59772,6020627,,173.10664368,1.32033086,-173.22802734,,,,,-0.37737098,1.61690521,-9.62065125,0.09887427,0.45987177,-0.06373906,-9.75142010,-2.08659846,3.03896610,0.23571166,0.18323494,1.19309449,,,,,,,3,,,,,,,,,
16.915937,59773,6020727,,173.00828552,1.33623052,-173.27091980,,,,,-0.05011632,-0.63802963,-8.93721867,0.04743558,-1.72883010,-1.02344954,-5.89944826,-3.87410037,0.52072791,0.23816368,0.18079892,1.18119383,,,,,,,3,,,,,,,,,
16.925952,59774,6020827,,172.98448181,1.37712729,-173.28468323,,,,,0.37406150,-0.70233172,-10.33396530,-0.38392764,-2.01971555,0.34356475,-3.18423483,-1.21992045,1.32492010,0.23855853,0.18607779,1.16841567,,,,,,,3,,,,,,,,,
16.935935,59775,6020927,,172.94763184,1.39225185,-173.30763245,,,,,-0.34677273,2.15862083,-9.80563068,-0.00499383,0.94063503,0.18629825,-6.22501307,-1.51517576,3.61212591,0.24780628,0.17824015,1.17328548,,,,,,,3,,,,,,,,,
16.946012,59776,6021027,,172.86997986,1.41268837,-173.34411621,,,,,-0.01758622,-1.60552955,-10.12108994,0.10575962,-2.85577321,0.02576697,-4.66884667,-4.60685673,-1.24390498,0.24146783,0.18218870,1.16886342,,,,,,,3,,,,,,,,,
16.955962,59777,6021127,,172.82270813,1.46908283,-173.34033203,,,,,-0.24467763,1.58689296,-9.47865582,-0.04484627,0.38008606,-0.20800889,-11.52738369,-3.24702988,3.84451455,0.24604815,0.17442918,1.17470062,,,,,,,3,,,,,,,,,
16.965897,59778,6021227,,172.67547607,1.48617208,-173.38439941,,,,,-0.65088582,1.41746867,-10.26798820,0.36670429,0.13631666,0.56205773,-11.83565232,-3.19669651,1.86982981,0.24759509,0.16767722,1.18845487,,,,,,,3,,,,,,,,,
16.976042,59779,6021327,,172.54125977,1.51418197,-173.40055847,,,,,-0.05936682,-1.21650386,-9.05761623,0.09891242,-2.39182997,-0.99660265,-14.87329016,-8.28390017,1.02481332,0.23366812,0.17222832,1.19587851,,,,,,,3,,,,,,,,,
16.985950,59780,6021427,,172.39776611,1.59334278,-173.41958618,,,,,0.03690060,1.06668317,-9.42912388,-0.27506140,-0.22957557,-0.33243752,-15.99222541,-4.96593855,3.42479751,0.23499995,0.16500282,1.20319211,,,,,,,3,,,,,,,,,
16.996032,59781,6021527,,172.26657104,1.64221013,-173.46743774,,,,,0.35148880,-0.31508526,-10.84865761,-0.45205179,-1.83936560,0.87723887,-11.52076182,-3.75111897,1.18026907,0.23997310,0.16636124,1.19829106,,,,,,,3,,,,,,,,,
17.005965,59782,6021627,,172.16763306,1.66815448,-173.48738098,,,,,-0.30230215,0.17068474,-9.29478073,0.15578152,-1.09349835,-0.58040118,-13.45346203,-4.22125498,1.98297254,0.24717917,0.16288477,1.18738747,,,,,,,3,,,,,,,,,
17.015959,59783,6021727,,172.04634094,1.71082532,-173.51301575,,,,,0.09458916,0.10984179,-10.28361988,-0.24886487,-1.35283399,0.37619412,-8.59967433,-3.69210443,1.59924354,0.24804378,0.15951204,1.18338013,,,,,,,3,,,,,,,,,
17.026012,59784,6021827,,171.99363708,1.73208559,-173.52706909,,,,,-0.45426524,0.78347176,-9.81598091,0.22213976,-0.57396644,0.02330852,-6.85476931,-2.65293128,2.57047446,0.25225720,0.16136084,1.18392527,,,,,,,3,,,,,,,,,
17.035961,59785,6021927,,171.90731812,1.74777973,-173.55461121,,,,,-0.49250728,-0.00211416,-8.75299168,0.36377925,-1.20446551,-1.13965726,-9.34325909,-3.74323736,2.11852810,0.25498381,0.16083628,1.18096209,,,,,,,3,,,,,,,,,
17.045952,59786,6022027,,171.81767273,1.78921592,-173.58642578,,,,,0.47715780,-0.57508677,-10.54887390,-0.56745857,-2.14919472,0.52234888,-7.32481525,-5.38601739,2.30065403,0.25028348,0.15803611,1.17940998,,,,,,,3,,,,,,,,,
17.056084,59787,6022127,,171.75642395,1.83636236,-173.62011719,,,,,0.10428031,1.97146702,-9.70518303,-0.47932392,0.50507236,0.06417239,-9.01242010,-3.16196692,3.21713543,0.24773172,0.15375678,1.18477178,,,,,,,3,,,,,,,,,
17.065955,59788,6022227,,171.65771484,1.86060059,-173.65527344,,,,,-0.37610781,-2.00124383,-9.98603439,0.44605148,-3.40293503,-0.21927059,-8.98750783,-2.42240684,-1.13301793,0.25169158,0.15320776,1.19022536,,,,,,,3,,,,,,,,,
17.076012,59789,6022327,,171.58801270,1.87649059,-173.64208984,,,,,0.06531104,2.25045300,-10.27027416,-0.48412091,0.66826451,0.66713595,-9.50969799,-1.55981190,3.08481353,0.25192645,0.14888197,1.19461095,,,,,,,3,,,,,,,,,
17.085955,59790,6022427,,171.49613953,1.88230181,-173.68089294,,,,,-0.50626779,-0.24410452,-9.55081081,0.37592348,-1.62424994,-0.39450681,-6.46749460,-3.03297794,1.89186165,0.25224108,0.14983839,1.19066954,,,,,,,3,,,,,,,,,
17.096027,59791,6022527,,171.44403076,1.90878391,-173.70538330,,,,,-0.34283915,-0.46737540,-8.91172314,0.24605352,-1.77503836,-1.06750798,-8.37437114,-3.45262135,3.08933021,0.25538570,0.15026717,1.18673396,,,,,,,3,,,,,,,,,
17.106054,59792,6022627,,171.37164307,1.94712687,-173.73167419,,,,,0.30516794,1.27183342,-10.83374023,-0.63203794,-0.43944407,1.06915486,-4.70779668,-3.17653529,1.35052722,0.25395894,0.14837188,1.18521249,,,,,,,3,,,,,,,,,
17.116024,59793,6022727,,171.33815002,1.97816968,-173.76452637,,,,,0.15049627,-1.20763433,-9.91011238,-0.19028109,-2.72466302,-0.21138299,-3.68072705,-5.29415220,1.15377082,0.25099847,0.15130273,1.18277025,,,,,,,3,,,,,,,,,
17.125977,59794,6022827,,171.30070496,2.02259326,-173.77732849,,,,,-0.52135795,1.45249438,-9.31951046,0.18423419,0.04236877,-0.37038541,-7.25234438,-2.24894715,2.37349010,0.25498545,0.14835352,1.18769121,,,,,,,3,,,,,,,,,
17.135978,59795,6022927,,171.24467468,2.04475617,-173.80717468,,,,,0.05295431,-0.15742323,-10.93666744,-0.24062960,-1.85513103,0.96066797,-2.06814265,-3.13182700,-0.19931464,0.25231102,0.14791682,1.19162905,,,,,,,3,,,,,,,,,
17.145973,59796,6023027,,171.23007202,2.05259633,-173.80548096,,,,,-0.29697058,0.66387385,-8.98226452,0.05192655,-0.71552992,-0.83306909,-7.16638047,-2.78742902,4.12496724,0.25372157,0.14789307,1.19163573,,,,,,,3,,,,,,,,,
17.156062,59797,6023127,,171.14997864,2.08072186,-173.85403442,,,,,-0.37117121,0.09146246,-9.62679195,0.17244783,-1.37965083,-0.28227317,-3.17460896,-3.65105628,2.05590508,0.25779137,0.14446746,1.18516994,,,,,,,3,,,,,,,,,
17.165983,59798,6023227,,171.14941406,2.12282205,-173.88117981,,,,,0.53999180,-0.15316677,-10.49978256,-0.73162442,-1.85673130,0.50801206,-1.16312679,-5.00247708,0.79695560,0.25670329,0.14688702,1.18223417,,,,,,,3,,,,,,,,,
17.176037,59799,6023327,,171.13845825,2.17510462,-173.89508057,,,,,-0.54726654,0.52859682,-9.42141056,0.28866220,-0.90691429,-0.41227818,-4.70814075,-3.15093339,2.20575666,0.25503865,0.14547269,1.18764591,,,,,,,3,,,,,,,,,
17.186036,59800,6023427,,171.09930420,2.20766854,-173.92535400,,,,,-0.04856047,0.03422939,-10.69663143,-0.18730931,-1.64790320,0.75136960,-0.66193759,-4.49622943,1.14493522,0.25692877,0.14400113,1.18713737,,,,,,,3,,,,,,,,,
17.196081,59801,6023527,,171.10357666,2.24493957,-173.94296265,,,,,-0.28789636,1.15766263,-9.17726803,-0.04740304,-0.28419566,-0.56473982,-3.53620729,-5.82088272,1.84826349,0.25941804,0.14299773,1.19059730,,,,,,,3,,,,,,,,,
17.207653,59802,6023627,,171.06234741,2.28623247,-173.96670532,,,,,-0.17588036,-0.77863222,-9.58552265,0.03945941,-2.26736689,-0.46807516,-2.75875802,-4.57293972,1.11064191,0.25854710,0.14205177,1.19206214,,,,,,,3,,,,,,,,,
17.216138,59803,6023727,,171.04301453,2.33112931,-173.98742676,,,,,-0.01538036,0.99985152,-10.01615715,-0.33228695,-0.61045152,0.22588086,-2.01924447,-4.44672977,3.75610160,0.26160455,0.14440261,1.18667221,,,,,,,3,,,,,,,,,
17.226088,59804,6023827,,171.04003906,2.35909081,-174.02224731,,,,,0.34189296,-0.64170241,-9.98179913,-0.51309466,-2.25378418,-0.07781053,0.71853686,-4.53435256,-1.60028867,0.26194578,0.14391862,1.18270826,,,,,,,3,,,,,,,,,
17.236727,59805,6023927,,171.04791260,2.40538621,-174.02812195,,,,,-0.22913401,0.93786752,-9.60426235,-0.11358604,-0.58778489,-0.18119502,-4.86464728,-1.67521830,2.84861513,0.25935954,0.13964032,1.18708050,,,,,,,3,,,,,,,,,
17.246672,59806,6024027,,171.01406860,2.41012859,-174.05410767,,,,,-0.19117516,0.08219998,-10.59175587,-0.08459884,-1.58536315,0.65846646,2.37624885,-0.64336769,0.46396669,0.26356459,0.14100949,1.18712330,,,,,,,3,,,,,,,,,
17.256097,59807,6024127,,171.05314636,2.40564084,-174.05488586,,,,,-0.51292568,-0.05943762,-8.96277618,0.28985721,-1.43126214,-0.95815420,-1.79735788,-3.02808347,2.30755977,0.26253656,0.14390716,1.18617439,,,,,,,3,,,,,,,,,
17.268659,59808,6024227,,171.01744080,2.43419814,-174.08618164,,,,,-0.04353557,1.13466060,-9.36727333,-0.32048446,-0.37635744,-0.39262462,-1.42285615,-3.60078566,2.60577565,0.26152676,0.14488478,1.18470049,,,,,,,3,,,,,,,,,
17.276562,59809,6024327,,171.03552246,2.47330499,-174.11645508,,,,,0.54652703,-0.58741128,-11.04205894,-0.77170515,-2.38935256,0.96821761,3.62781229,-2.73981022,0.23343041,0.26391315,0.14292467,1.18468142,,,,,,,3,,,,,,,,,
17.286002,59810,6024427,,171.06072998,2.49076796,-174.13058472,,,,,-0.76873362,0.35486302,-8.79103661,0.48912731,-0.97333366,-1.05224490,-3.44517239,-2.17162962,2.32737074,0.26461771,0.13955073,1.18957925,,,,,,,3,,,,,,,,,
17.298695,59811,6024527,,171.03790283,2.51786089,-174.14660645,,,,,0.42382520,0.60421515,-11.17979813,-0.79501116,-1.22779536,1.29132009,2.12222537,-3.81087929,-1.16192414,0.26366898,0.13908692,1.18907237,,,,,,,3,,,,,,,,,
17.306668,59812,6024627,,171.06515503,2.54004669,-174.14488220,,,,,-0.51548296,0.32541814,-8.98957443,0.22764453,-1.05863309,-0.87127006,-1.51034724,-1.42048970,2.31843642,0.26321551,0.14005409,1.19007492,,,,,,,3,,,,,,,,,
17.316043,59813,6024727,,171.06115723,2.54556823,-174.16542053,,,,,-0.49903882,0.37058115,-9.53696918,0.18959707,-1.10103714,-0.32423294,1.06234169,-1.12718847,0.72952242,0.26527742,0.13953723,1.19502473,,,,,,,3,,,,,,,,,
17.326082,59814,6024827,,171.06314087,2.54424357,-174.17828369,,,,,0.36966223,-0.16176003,-10.10421944,-0.63452643,-1.80306673,0.11325359,-0.61176841,-2.78579660,2.30874759,0.26794246,0.14141382,1.19160450,,,,,,,3,,,,,,,,,
17.336008,59815,6024927,,171.08555603,2.57332635,-174.20439148,,,,,0.31028411,0.56028765,-10.14615536,-0.65678096,-1.08826125,0.27098560,3.42512216,-1.30662084,-0.03118479,0.26496577,0.14242564,1.18764746,,,,,,,3,,,,,,,,,
17.346173,59816,6025027,,171.11024475,2.58649325,-174.22033691,,,,,-0.59792399,0.04171243,-9.69251537,0.31177163,-1.43477583,-0.21649694,-1.33152692,0.28660730,2.63465839,0.26498401,0.14050560,1.18712234,,,,,,,3,,,,,,,,,
17.355999,59817,6025127,,171.12054443,2.57914424,-174.23297119,,,,,0.03063431,0.68936294,-10.51459885,-0.40763474,-0.98358214,0.66716945,4.42682276,-1.21760480,-0.52164102,0.26913741,0.14187631,1.18568051,,,,,,,3,,,,,,,,,
17.366095,59818,6025227,,171.16450500,2.57807851,-174.23803711,,,,,-0.38252917,-0.17885920,-8.96968937,0.14015874,-1.54887950,-0.97300565,-1.01780267,-1.59288997,3.89026231,0.26826543,0.14284988,1.18816555,,,,,,,3,,,,,,,,,
17.376014,59819,6025327,,171.14562988,2.59662342,-174.27909851,,,,,-0.24842006,1.06064403,-9.76682377,-0.15100911,-0.46944389,-0.00139737,2.82708381,-2.44509033,1.92042871,0.26834321,0.14236771,1.19013727,,,,,,,3,,,,,,,,,
17.386011,59820,6025427,,171.18656921,2.62448215,-174.30386353,,,,,0.47015822,-0.61979055,-10.45829773,-0.71497047,-2.29773998,0.39172029,1.95201727,-3.36279198,0.35489047,0.27013832,0.14137882,1.18716204,,,,,,,3,,,,,,,,,
17.395964,59821,6025527,,171.20198059,2.64997458,-174.31265259,,,,,-0.39790305,0.41153362,-9.40794659,0.06801254,-1.03266191,-0.44742775,-1.48678629,-1.54728480,2.40535677,0.26832753,0.13948892,1.18811262,,,,,,,3,,,,,,,,,
17.405981,59822,6025627,,171.19480896,2.66699505,-174.33572388,,,,,0.06281519,0.88725108,-10.99131680,-0.49248451,-0.85560381,1.16669691,1.59136802,-1.89850487,0.79111445,0.26889223,0.13995810,1.19109142,,,,,,,3,,,,,,,,,
17.416096,59823,6025727,,171.21789551,2.67115140,-174.34976196,,,,,-0.65178418,-0.14692853,-8.69742393,0.39425337,-1.44159257,-1.22170842,-0.83998659,-2.48503904,1.25195895,0.26811576,0.13948923,1.19553292,,,,,,,3,,,,,,,,,
17.426105,59824,6025827,,171.21488953,2.68934774,-174.36167908,,,,,0.09795908,0.56553513,-9.83405590,-0.46324787,-0.99246216,-0.02593517,0.58734888,-1.77600969,2.06438306,0.27031898,0.14185339,1.19261289,,,,,,,3,,,,,,,,,
17.436133,59825,6025927,,171.22740173,2.69746757,-174.38987732,,,,,0.13125668,-0.22735682,-10.17769051,-0.42813283,-1.82522368,0.19120073,2.67928193,-2.15876923,2.71375731,0.27399379,0.14275236,1.19066644,,,,,,,3,,,,,,,,,
17.445998,59826,6026027,,171.26773071,2.71670556,-174.42140198,,,,,-0.19622852,0.42757541,-9.67363644,-0.15794215,-1.06774986,-0.19089317,0.53549403,-1.87690952,0.63230572,0.27162668,0.14087291,1.18914056,,,,,,,3,,,,,,,,,
17.456016,59827,6026127,,171.26225281,2.73361301,-174.43148804,,,,,0.09573385,0.12049040,-10.11391354,-0.43250209,-1.46618819,0.18352163,-0.23965947,-0.58470411,1.41335301,0.27064347,0.14041011,1.18764400,,,,,,,3,,,,,,,,,
17.465980,59828,6026227,,171.28903198,2.73129773,-174.43826294,,,,,-0.23675209,1.24858880,-10.33792305,-0.22560313,-0.35337165,0.59239507,3.10432930,0.42051279,1.12291213,0.27529263,0.14225203,1.18720174,,,,,,,3,,,,,,,,,
17.475998,59829,6026327,,171.30485535,2.71072531,-174.45393372,,,,,-0.69738346,-1.19521677,-8.35389137,0.54846632,-2.40210795,-1.71487761,-0.98697237,-1.62142917,2.89054246,0.27399483,0.14083283,1.18964660,,,,,,,3,,,,,,,,,
17.486079,59830,6026427,,171.31170654,2.73329759,-174.48492432,,,,,0.57346219,2.09189796,-10.93631935,-1.13868928,0.31207550,1.26995587,3.23276994,-1.84709339,1.42122800,0.26990601,0.14090578,1.18022668,,,,,,,3,,,,,,,,,
17.496149,59831,6026527,,171.33836365,2.74218893,-174.51454163,,,,,-0.05562646,-1.38876438,-9.75326824,-0.12139301,-2.86756086,-0.39240468,-0.01922012,-0.38547373,1.54095759,0.27093202,0.14184718,1.18321526,,,,,,,3,,,,,,,,,
17.506028,59832,6026627,,171.34562683,2.74625325,-174.51890564,,,,,-0.50847745,1.28096282,-9.96003819,0.04996699,-0.22914612,0.23634076,-0.27781173,0.86283170,1.62428707,0.27212092,0.14422342,1.19166994,,,,,,,3,,,,,,,,,
17.516017,59833,6026727,,171.34689331,2.73912263,-174.53521729,,,,,-0.02248872,-0.31234637,-10.08722973,-0.27877939,-1.86012864,0.09945416,1.19765585,-2.98702486,0.52644201,0.27107820,0.14232275,1.18767655,,,,,,,3,,,,,,,,,
17.526043,59834,6026827,,171.37489319,2.76065183,-174.54148865,,,,,-0.23322210,1.49212074,-9.08137512,-0.21999663,0.09242296,-0.61209989,-0.11486827,-2.23874818,2.36923724,0.27248040,0.14181939,1.18718076,,,,,,,3,,,,,,,,,
17.536013,59835,6026927,,171.36453247,2.78046227,-174.57972717,,,,,-0.10457676,-1.32959449,-10.31751537,-0.10903399,-2.88436842,0.17985606,2.04292239,-1.92427026,1.57150892,0.27477911,0.14274110,1.18621731,,,,,,,3,,,,,,,,,
17.546087,59836,6027027,,171.41392517,2.78944683,-174.59260559,,,,,0.25607124,1.77566814,-10.00591087,-0.77233458,0.19006383,0.31870878,1.93542332,-1.52288672,1.58700075,0.27429223,0.14178975,1.18521023,,,,,,,3,,,,,,,,,
17.556172,59837,6027127,,171.41369629,2.79583955,-174.62162781,,,,,-0.13122192,-1.72551477,-9.95321941,-0.03541192,-3.20881605,-0.23591399,0.40324882,-0.95630343,1.91309330,0.27102703,0.14136450,1.18568194,,,,,,,3,,,,,,,,,
17.566137,59838,6027227,,171.44380188,2.79254889,-174.62515259,,,,,-0.21757868,3.05563331,-10.00083351,-0.42551765,1.50021923,0.52801681,1.19228881,1.89510173,2.08047434,0.27426612,0.14227039,1.18472302,,,,,,,3,,,,,,,,,
17.576002,59839,6027327,,171.44816589,2.76633453,-174.64547729,,,,,-0.42682564,-2.05159807,-9.30737591,0.31680214,-3.39617491,-0.90571654,1.79460190,-0.74666182,-1.04129542,0.27575499,0.14080472,1.18619156,,,,,,,3,,,,,,,,,
17.586041,59840,6027427,,171.47595215,2.77574158,-174.63781738,,,,,0.16278893,1.43144178,-9.57182980,-0.62643838,-0.06120706,-0.15649605,0.57164676,-0.19049410,3.78992939,0.27329963,0.14276688,1.18423128,,,,,,,3,,,,,,,,,
17.596103,59841,6027527,,171.49070740,2.77537537,-174.68763733,,,,,0.33677271,-0.10806264,-10.69157028,-0.68879271,-1.75591397,0.71410191,4.29469147,-0.81001983,0.86123499,0.27421394,0.14323168,1.18374836,,,,,,,3,,,,,,,,,
17.606014,59842,6027627,,171.52812195,2.78419304,-174.69587708,,,,,-0.47665659,0.38485849,-9.16461563,0.12227252,-0.96461421,-0.68222725,-2.07068689,-0.13314560,1.40618803,0.27621630,0.14127694,1.18620133,,,,,,,3,,,,,,,,,
17.616001,59843,6027727,,171.51103210,2.78407741,-174.70558167,,,,,-0.06092007,0.21528172,-10.62979984,-0.32369810,-1.38969612,0.72000468,1.23744010,0.72890674,-0.05090691,0.27515534,0.14129631,1.18273294,,,,,,,3,,,,,,,,,
17.626186,59844,6027827,,171.53753662,2.76310062,-174.70541382,,,,,-0.43175453,1.07177067,-8.97953033,0.01968217,-0.26143813,-0.76606822,-0.15841016,-0.31020988,3.51245253,0.27664265,0.14270994,1.18573141,,,,,,,3,,,,,,,,,
17.636135,59845,6027927,,171.52731323,2.75638914,-174.74554443,,,,,0.04428433,-1.61045516,-9.85855007,-0.22134802,-3.07614493,-0.31396639,2.57806643,-0.81544823,1.00409032,0.27778924,0.14364780,1.19218397,,,,,,,3,,,,,,,,,
17.646159,59846,6028027,,171.57696533,2.76727486,-174.76300049,,,,,0.29768789,2.69460964,-10.13995934,-0.90312475,1.10073233,0.58468509,0.13832004,0.10999338,2.76222754,0.27659932,0.14319108,1.18474925,,,,,,,3,,,,,,,,,
17.656001,59847,6028127,,171.57356262,2.76589513,-174.79382324,,,,,-0.14133839,-1.83943772,-10.51837540,-0.03871483,-3.37506580,0.31571269,2.23696080,1.06991552,0.07430324,0.27735069,0.14222106,1.17880058,,,,,,,3,,,,,,,,,
17.666023,59848,6028227,,171.60662842,2.75361156,-174.77746582,,,,,-0.71200740,1.70177889,-9.30262280,0.22848931,0.34602690,-0.34083688,-0.59970763,1.76815914,2.45080464,0.27691343,0.14510727,1.18131781,,,,,,,3,,,,,,,,,
17.676046,59849,6028327,,171.60021973,2.73291850,-174.80477905,,,,,0.20299631,0.14182061,-9.93807507,-0.55371982,-1.36558437,0.01513124,1.75481444,-2.51265712,0.49325625,0.27415338,0.14371334,1.18227148,,,,,,,3,,,,,,,,,
17.686025,59850,6028427,,171.61566162,2.75069594,-174.81903076,,,,,-0.08539742,-0.22535385,-9.48713684,-0.21682793,-1.63271272,-0.46970773,0.30394531,-0.93427447,2.65834463,0.27568504,0.14272629,1.18523204,,,,,,,3,,,,,,,,,
17.696179,59851,6028527,,171.62823486,2.76592588,-174.85575867,,,,,0.03279152,1.09250772,-10.68989849,-0.50412858,-0.52253956,0.90534842,0.58565654,0.36301724,1.20382991,0.27718124,0.14365977,1.18822300,,,,,,,3,,,,,,,,,
17.705998,59852,6028627,,171.63337708,2.75257397,-174.86103821,,,,,-0.21152489,-0.72024679,-9.77734470,-0.05665761,-2.14902782,-0.24803054,-0.22479639,-0.68430016,0.51059410,0.27652991,0.14415288,1.18327987,,,,,,,3,,,,,,,,,
17.716121,59853,6028727,,171.64379883,2.75690770,-174.86563110,,,,,-0.03752580,0.95632511,-9.92869186,-0.39438194,-0.53543937,0.13741159,-0.98865964,0.17639138,2.17277282,0.27372652,0.14324009,1.18325138,,,,,,,3,,,,,,,,,
17.725965,59854,6028827,,171.63246155,2.74425507,-174.88581848,,,,,-0.38809988,1.00189686,-9.32922935,-0.02880833,-0.37030238,-0.43186963,-0.00071414,-0.78880142,1.81774706,0.27757415,0.14317425,1.18574345,,,,,,,3,,,,,,,,,
17.736053,59855,6028927,,171.62817383,2.75345898,-174.91249084,,,,,0.10991123,-1.56564343,-9.84669876,-0.30029407,-3.02130532,-0.31805289,-0.19245895,-1.66497344,1.04981918,0.28184026,0.14310201,1.18675315,,,,,,,3,,,,,,,,,
17.746065,59856,6029027,,171.65818787,2.77023649,-174.92658997,,,,,-0.03253443,1.89696085,-10.18910217,-0.49990577,0.35501176,0.53095281,0.29114474,0.18953483,1.45215243,0.27656537,0.14223233,1.18324959,,,,,,,3,,,,,,,,,
17.756084,59857,6029127,,171.64836121,2.76581621,-174.94561768,,,,,0.04632760,-0.85089517,-10.22376347,-0.32176280,-2.36275387,0.16307235,0.48829102,-0.41125140,1.78528584,0.27694890,0.14318672,1.18128765,,,,,,,3,,,,,,,,,
17.766037,59858,6029227,,171.67933655,2.75561881,-174.95402527,,,,,-0.65481591,1.21308100,-9.32277966,0.21450195,-0.13007495,-0.39407444,1.53066428,0.65778937,0.68730358,0.28032532,0.14504832,1.18479741,,,,,,,3,,,,,,,,,
17.776148,59859,6029327,,171.67056274,2.74970913,-174.97225952,,,,,0.02309819,-0.05092294,-9.39597321,-0.34389150,-1.44796050,-0.53835022,-1.99755542,-1.14025152,2.50649586,0.27650380,0.14463353,1.18279254,,,,,,,3,,,,,,,,,
17.786093,59860,6029427,,171.67535400,2.75831246,-174.99124146,,,,,0.44999942,0.25754300,-10.87591839,-0.84881681,-1.39610648,0.94990754,2.68081851,0.41024069,0.72117465,0.27650431,0.14367376,1.18228257,,,,,,,3,,,,,,,,,
17.796055,59861,6029527,,171.69946289,2.74748492,-175.01329041,,,,,-0.62588114,0.32359180,-9.71315384,0.25685334,-1.06690001,-0.13936234,-2.45573881,1.17986523,3.19559600,0.27521434,0.14369397,1.18573976,,,,,,,3,,,,,,,,,
17.806205,59862,6029627,,171.69113159,2.73214722,-175.03036499,,,,,0.35646993,0.54786885,-10.50894737,-0.76975083,-1.04320073,0.63209701,3.24145431,-0.82754070,-0.89537291,0.27627933,0.14559990,1.17686963,,,,,,,3,,,,,,,,,
17.816029,59863,6029727,,171.71560669,2.72691584,-175.03570557,,,,,-0.66685021,0.15640032,-8.46153450,0.35887688,-1.03903008,-1.39886367,-3.91700293,1.18027761,4.29483448,0.27733243,0.14414111,1.17932558,,,,,,,3,,,,,,,,,
17.826197,59864,6029827,,171.69145203,2.71848989,-175.06706238,,,,,0.07133079,0.72473520,-10.59863567,-0.50065720,-0.85605085,0.76122749,2.64284330,0.94232993,1.44412098,0.27940321,0.14314410,1.18426776,,,,,,,3,,,,,,,,,
17.836060,59865,6029927,,171.72106934,2.70715117,-175.08602905,,,,,0.10562846,-0.43656990,-9.69745064,-0.39815143,-1.87050128,-0.29840302,0.17685343,-1.27671497,1.20285042,0.27892363,0.14459194,1.18478310,,,,,,,3,,,,,,,,,
17.846026,59866,6030027,,171.72146606,2.73239875,-175.10156250,,,,,-0.08241216,0.43132231,-10.12498474,-0.30764842,-1.06299305,0.25883198,-1.56340159,-0.59968933,1.02546198,0.27558953,0.14416872,1.18327534,,,,,,,3,,,,,,,,,
17.855999,59867,6030127,,171.72570801,2.73427963,-175.10719299,,,,,-0.28613207,1.06642902,-9.66203022,-0.14820534,-0.34844464,-0.09826159,0.98590344,-0.31545493,1.25704103,0.27837670,0.14316247,1.18178916,,,,,,,3,,,,,,,,,
17.866117,59868,6030227,,171.72328186,2.73549032,-175.12646484,,,,,-0.68036753,-0.65253228,-9.10291004,0.41882598,-1.92831802,-0.88076413,-2.55863582,-1.09022604,1.44668817,0.27954990,0.14265992,1.18821907,,,,,,,3,,,,,,,,,
17.876087,59869,6030327,,171.72286987,2.74611330,-175.13801575,,,,,0.60767943,1.10673785,-10.66526508,-1.08218908,-0.52946830,0.85520387,3.13521883,-3.50828099,1.12340059,0.28088319,0.14215857,1.18574393,,,,,,,3,,,,,,,,,
17.886059,59870,6030427,,171.74234009,2.77851319,-175.17005920,,,,,-0.10634117,-1.04595113,-9.63201523,-0.14385410,-2.44088125,-0.44030309,-0.96714038,-2.51228189,1.89854628,0.28076208,0.14312188,1.18279004,,,,,,,3,,,,,,,,,
17.896075,59871,6030527,,171.74285889,2.79868746,-175.17561340,,,,,-0.21792042,2.20724249,-10.34312439,-0.35347477,0.67095846,0.73565650,-0.72101574,0.40294765,0.82548604,0.27879518,0.14315608,1.18030691,,,,,,,3,,,,,,,,,
17.906016,59872,6030627,,171.73327637,2.78590584,-175.19572449,,,,,-0.30328175,-0.75591022,-9.60984993,0.02446164,-2.13496375,-0.41076756,-0.67859103,-1.17943386,0.04454002,0.27983946,0.14217743,1.18277037,,,,,,,3,,,,,,,,,
17.916052,59873,6030727,,171.72772217,2.79116893,-175.19033813,,,,,-0.13771923,0.72368944,-9.30417919,-0.26253530,-0.64775449,-0.50873423,-2.21811909,-0.51358892,1.93511063,0.28011611,0.14024979,1.18966806,,,,,,,3,,,,,,,,,
17.926035,59874,6030827,,171.70791626,2.79709268,-175.22341919,,,,,0.35718232,0.20675282,-10.53510857,-0.75570065,-1.38022852,0.60928726,0.46205291,-1.48798563,2.57032889,0.28229529,0.13925552,1.18422079,,,,,,,3,,,,,,,,,
17.936109,59875,6030927,,171.71672058,2.81560707,-175.25596619,,,,,-0.40072119,-0.34065336,-9.57153511,0.07928132,-1.71712565,-0.38488889,-1.86906270,-1.71661608,0.22314731,0.28225195,0.13973667,1.18323863,,,,,,,3,,,,,,,,,
17.946084,59876,6031027,,171.70889282,2.83519316,-175.26190186,,,,,-0.02194729,1.48231828,-9.94433880,-0.47663710,-0.00694734,0.22746110,-0.65034057,-1.24184482,1.26685474,0.28038740,0.14168736,1.18474448,,,,,,,3,,,,,,,,,
17.956048,59877,6031127,,171.71130371,2.83814335,-175.26841736,,,,,-0.50662875,-0.70266879,-9.64726830,0.20903757,-2.07529736,-0.35683560,0.95502811,-0.97241851,0.68754685,0.28140607,0.14022960,1.18621075,,,,,,,3,,,,,,,,,
17.966082,59878,6031227,,171.72033691,2.84890795,-175.28260803,,,,,-0.04338345,0.84452683,-9.61351109,-0.39060652,-0.58307511,-0.19095910,-0.34417972,-2.58688634,2.96071668,0.28213769,0.14405891,1.18231702,,,,,,,3,,,,,,,,,
17.976062,59879,6031327,,171.72303772,2.87300396,-175.32843018,,,,,0.49423361,-0.28408101,-10.43498325,-0.86311775,-1.85829341,0.43199944,1.76407116,-3.97126195,0.14514360,0.28222534,0.14117707,1.18326128,,,,,,,3,,,,,,,,,
17.986149,59880,6031427,,171.74743652,2.91264772,-175.32719421,,,,,-0.28531045,0.99566311,-9.78203011,-0.17890559,-0.43726465,0.01010442,-1.98176509,-1.55875429,1.60840923,0.28403369,0.13826239,1.19311953,,,,,,,3,,,,,,,,,
17.996075,59881,6031527,,171.72778320,2.92660809,-175.34353638,,,,,-0.51371574,0.61633092,-10.20132923,0.06240939,-0.85393518,0.38087606,0.61418635,-0.97834114,0.23300382,0.28333902,0.13923666,1.18719435,,,,,,,3,,,,,,,,,
18.006017,59882,6031627,,171.72558594,2.91929126,-175.34582520,,,,,-0.24115552,-0.38443860,-9.00739098,-0.07539582,-1.68921232,-0.95742059,-1.66691951,-2.59769426,0.46549575,0.28472400,0.13873379,1.18620372,,,,,,,3,,,,,,,,,
18.016068,59883,6031727,,171.70545959,2.94020343,-175.36317444,,,,,0.52210623,0.67606068,-10.32004833,-0.98173553,-0.90159822,0.45298970,-1.08982253,-2.37066347,1.70840288,0.28336459,0.13971578,1.18819165,,,,,,,3,,,,,,,,,
18.026139,59884,6031827,,171.70741272,2.96562481,-175.38526917,,,,,-0.16274571,0.17133081,-10.27368069,-0.25834024,-1.33692706,0.36987364,0.09974938,-1.78503248,0.35037494,0.28416663,0.14066377,1.18474722,,,,,,,3,,,,,,,,,
18.036126,59885,6031927,,171.71168518,2.98146009,-175.39437866,,,,,-0.34214970,0.62120849,-9.25775528,-0.08174613,-0.73084760,-0.55969143,-2.88822020,-1.38709157,1.72606372,0.28551665,0.14112167,1.18327689,,,,,,,3,,,,,,,,,
18.046175,59886,6032027,,171.70082092,2.98979902,-175.40699768,,,,,-0.21026966,0.16911492,-10.08584309,-0.20920384,-1.30775928,0.18662405,1.08936373,-1.44374095,-0.92934233,0.28513312,0.14016730,1.18523896,,,,,,,3,,,,,,,,,
18.056111,59887,6032127,,171.70286560,3.00743294,-175.39825439,,,,,-0.10038748,-0.20438524,-9.45544529,-0.26478830,-1.59415865,-0.49699616,-1.75716691,-3.48291815,2.08041202,0.28705719,0.13965449,1.18622994,,,,,,,3,,,,,,,,,
18.066128,59888,6032227,,171.69505310,3.02897906,-175.43536377,,,,,0.21598074,1.35160363,-10.71470547,-0.76704073,-0.27087408,0.95504808,0.27704667,-1.33692693,1.68955305,0.28582394,0.13967894,1.17781329,,,,,,,3,,,,,,,,,
18.076208,59889,6032327,,171.70388794,3.04073358,-175.45310974,,,,,-0.16186942,-0.54224187,-9.67883873,-0.18835256,-1.95485544,-0.32169867,-1.10127195,-2.03878948,-0.76535877,0.28664908,0.13630144,1.18617487,,,,,,,3,,,,,,,,,
18.086174,59890,6032427,,171.69572449,3.06517148,-175.44837952,,,,,-0.22829534,1.17422068,-9.61862659,-0.27051258,-0.25049341,-0.12950993,-1.60989480,-1.00248682,1.05660262,0.28677854,0.13581775,1.18963134,,,,,,,3,,,,,,,,,
18.096124,59891,6032527,,171.67799377,3.05810714,-175.45759583,,,,,-0.21391287,-0.22858675,-9.64461040,-0.16575021,-1.63918781,-0.30692148,0.87569935,-1.27841078,0.39077292,0.28697103,0.13965702,1.18375576,,,,,,,3,,,,,,,,,
18.106144,59892,6032627,,171.69743347,3.05876827,-175.46835327,,,,,0.08624768,-0.10599353,-9.63647461,-0.47513708,-1.54049838,-0.31445456,-1.35916752,-0.88249694,2.04549161,0.28823543,0.13915770,1.17930138,,,,,,,3,,,,,,,,,
18.116177,59893,6032727,,171.68675232,3.07002497,-175.49085999,,,,,0.26779893,0.87282288,-10.64565372,-0.78399807,-0.73799461,0.81399834,0.78764744,-0.52099829,-1.57933045,0.28745216,0.13532990,1.18171072,,,,,,,3,,,,,,,,,
18.126164,59894,6032827,,171.69758606,3.07357335,-175.47476196,,,,,-0.36897656,0.09407862,-9.41602421,-0.03113964,-1.27453470,-0.47903693,-1.80041759,0.74104756,0.62819843,0.29035836,0.13719942,1.18521821,,,,,,,3,,,,,,,,,
18.136101,59895,6032927,,171.68386841,3.06906891,-175.48808289,,,,,-0.48724091,1.32751453,-10.02858829,-0.04329997,-0.14111537,0.31090999,-1.21037825,0.93659407,0.82044563,0.29020232,0.13912351,1.18178451,,,,,,,3,,,,,,,,,
18.146090,59896,6033027,,171.67617798,3.06326342,-175.49346924,,,,,0.14607671,-1.45706785,-9.68722820,-0.42289358,-2.88511419,-0.46156490,1.34588536,-2.61737289,-1.13106257,0.29068920,0.14007485,1.18279159,,,,,,,3,,,,,,,,,
18.156156,59897,6033127,,171.69848633,3.09999943,-175.50630188,,,,,0.07024524,1.36674964,-9.76724911,-0.59581143,-0.10812992,0.02883506,-2.68052866,-1.91082930,2.43257443,0.28821921,0.13723868,1.17778671,,,,,,,3,,,,,,,,,
18.166234,59898,6033227,,171.66990662,3.11912966,-175.52421570,,,,,0.04723530,0.34281021,-10.76437187,-0.53280848,-1.26273060,0.86597192,0.53666509,-1.73325676,-0.58822667,0.28745061,0.13820921,1.18324053,,,,,,,3,,,,,,,,,
18.176083,59899,6033327,,171.68324280,3.12574935,-175.52593994,,,,,-0.77059704,0.21364735,-8.63633537,0.38118190,-1.01266921,-1.21067286,-3.66706880,-1.39136386,1.72077097,0.28703159,0.13917537,1.18523276,,,,,,,3,,,,,,,,,
18.186190,59900,6033427,,171.65194702,3.13055253,-175.53607178,,,,,0.23218668,0.29779571,-10.09172726,-0.68792760,-1.22639894,0.18458414,-0.25511512,-2.02956275,-0.21712344,0.28791243,0.13772166,1.18274033,,,,,,,3,,,,,,,,,
18.196114,59901,6033527,,171.66909790,3.14595723,-175.53718567,,,,,0.24634320,0.11068990,-10.17780018,-0.69183421,-1.42303622,0.24221265,0.79757143,-1.86612870,1.06852226,0.29066414,0.13863596,1.18128431,,,,,,,3,,,,,,,,,
18.206176,59902,6033627,,171.67590332,3.16690850,-175.56481934,,,,,-0.40430623,0.52629936,-10.19020653,-0.08202584,-0.96631980,0.35033369,-2.06713029,-0.56903304,1.77398956,0.28913245,0.13962303,1.17832375,,,,,,,3,,,,,,,,,
18.216081,59903,6033727,,171.67823792,3.16774344,-175.56384277,,,,,0.06695866,0.37695312,-9.91005135,-0.52897334,-1.10330892,0.02570355,2.82028308,-1.86556329,-1.81504743,0.28979316,0.13768999,1.18274927,,,,,,,3,,,,,,,,,
18.226152,59904,6033827,,171.70213318,3.17886209,-175.55976868,,,,,-0.44886684,0.58091944,-8.59757423,0.02407458,-0.66718602,-1.21339202,-3.03505368,-0.77230470,2.29602871,0.29239869,0.13812874,1.17683220,,,,,,,3,,,,,,,,,
18.236246,59905,6033927,,171.66984558,3.18665862,-175.57824707,,,,,0.48239833,-0.23177105,-10.97990799,-0.94027174,-1.89261389,0.97215796,2.49697607,-0.80538613,-0.72201754,0.29432225,0.13857569,1.17833316,,,,,,,3,,,,,,,,,
18.246191,59906,6034027,,171.70521545,3.19460320,-175.58187866,,,,,-0.51272351,0.58345741,-9.43654442,0.04750085,-0.78605002,-0.38060069,-2.78394092,-0.31860655,0.30227536,0.29010046,0.13624726,1.17728567,,,,,,,3,,,,,,,,,
18.256062,59907,6034127,,171.67004395,3.19748235,-175.59136963,,,,,0.19574673,-0.29950500,-10.27119637,-0.62082148,-1.83604300,0.27738833,-0.69681819,-0.82544522,-0.13670070,0.28747723,0.13676879,1.18321788,,,,,,,3,,,,,,,,,
18.266063,59908,6034227,,171.68572998,3.19751239,-175.57742310,,,,,-0.28539252,1.88439786,-9.45690250,-0.28918660,0.47492555,-0.18302810,-1.38990582,-0.76941670,0.55504241,0.29008955,0.14056645,1.17933297,,,,,,,3,,,,,,,,,
18.276098,59909,6034327,,171.66159058,3.20766926,-175.59689331,,,,,-0.23671626,-1.04898775,-9.83579254,-0.11018980,-2.48052073,-0.23753071,-1.77573947,-1.31229118,0.81454072,0.28945595,0.14009930,1.17437482,,,,,,,3,,,,,,,,,
18.286086,59910,6034427,,171.67689514,3.22197819,-175.60064697,,,,,0.21440773,0.73522931,-10.20444679,-0.72863621,-0.80759054,0.35986340,0.94279801,-1.69363505,-1.13748455,0.28962874,0.13913447,1.17881322,,,,,,,3,,,,,,,,,
18.296152,59911,6034527,,171.68194580,3.22509146,-175.59899902,,,,,-0.15790398,0.35542345,-9.79098034,-0.30676618,-1.09407687,-0.08292127,-2.58823551,-0.01836512,1.02966180,0.29014277,0.13768563,1.17928767,,,,,,,3,,,,,,,,,
18.306186,59912,6034627,,171.67225647,3.21940947,-175.59996033,,,,,-0.01457452,-0.04262593,-9.93333054,-0.42193094,-1.51634169,-0.00808060,1.03902321,0.37952723,0.40610491,0.29162174,0.13861962,1.18178368,,,,,,,3,,,,,,,,,
18.316089,59913,6034727,,171.69113159,3.20224118,-175.59677124,,,,,-0.34145176,1.31039596,-9.14493656,-0.17255974,-0.03942436,-0.57246876,-1.32679552,0.22979873,0.44781020,0.29062918,0.13959675,1.18080461,,,,,,,3,,,,,,,,,
18.326086,59914,6034827,,171.68640137,3.20250869,-175.61358643,,,,,0.37450001,-0.71797007,-10.33488560,-0.76805484,-2.26847005,0.27105212,1.79199959,-0.55730112,-0.44706366,0.29017672,0.13864438,1.18078732,,,,,,,3,,,,,,,,,
18.336188,59915,6034927,,171.71223450,3.20619345,-175.60455322,,,,,-0.38256097,0.63968611,-10.08707333,-0.11587236,-0.83560520,0.26383555,-2.05444150,1.61031624,-0.28580889,0.28978381,0.13912991,1.18326676,,,,,,,3,,,,,,,,,
18.346172,59916,6035027,,171.71023560,3.19052625,-175.59071350,,,,,-0.12752804,0.74438113,-10.07824230,-0.37707776,-0.74622327,0.25614464,1.43262631,0.67480108,0.08276676,0.28874841,0.13962840,1.18079567,,,,,,,3,,,,,,,,,
18.356110,59917,6035127,,171.72000122,3.17415833,-175.59562683,,,,,-0.50588673,-0.80289257,-8.65947342,0.19360226,-2.03320312,-1.34746945,-1.52397497,-0.99382113,0.30119445,0.28833979,0.13723512,1.18125057,,,,,,,3,,,,,,,,,
18.366232,59918,6035227,,171.72993469,3.19094777,-175.58972168,,,,,0.72197670,1.78566980,-10.63998795,-1.33616972,0.13676029,0.91266763,1.97252939,-2.22762778,-0.37511271,0.29073355,0.13767417,1.18275380,,,,,,,3,,,,,,,,,
18.376095,59919,6035327,,171.73088074,3.21380138,-175.61331177,,,,,-0.29397675,-0.60513520,-9.80259991,-0.08977535,-2.02306557,-0.20165157,-1.89444155,-1.18118922,-0.19488425,0.29003155,0.13624929,1.17530632,,,,,,,3,,,,,,,,,
18.386110,59920,6035427,,171.72215271,3.21430254,-175.60298157,,,,,-0.44359505,0.59768611,-10.34915829,-0.06469464,-0.90680557,0.51974797,-1.28857580,1.68806226,0.10599392,0.29174232,0.13861607,1.18524754,,,,,,,3,,,,,,,,,
18.396212,59921,6035527,,171.73068237,3.18433666,-175.58879089,,,,,-0.14559677,0.96637720,-9.41005898,-0.34907526,-0.42597771,-0.37104762,-0.89625241,-0.81335963,-0.34689712,0.29318681,0.13955109,1.18675387,,,,,,,3,,,,,,,,,
18.406075,59922,6035627,,171.71466064,3.19290972,-175.58869934,,,,,0.11199289,-1.58681726,-9.45153999,-0.39318198,-2.97103786,-0.71148503,-0.65779935,-1.15972322,-0.53695319,0.29206631,0.13813259,1.18078864,,,,,,,3,,,,,,,,,
18.416071,59923,6035727,,171.74853516,3.21184945,-175.58320618,,,,,0.45400938,2.32574725,-10.26155281,-1.10006785,0.74782133,0.63174677,2.12868993,-0.12119748,-0.26212414,0.29440784,0.13953291,1.18131733,,,,,,,3,,,,,,,,,
18.426187,59924,6035827,,171.75279236,3.20493984,-175.59822083,,,,,-0.70708334,-0.78892207,-9.73968983,0.34270471,-2.15826058,-0.26619816,-1.67765774,2.38984520,0.03883101,0.29287672,0.13956022,1.17784679,,,,,,,3,,,,,,,,,
18.436212,59925,6035927,,171.76841736,3.18553042,-175.56904602,,,,,-0.07967258,0.77898800,-10.16143417,-0.43116957,-0.71789402,0.34185243,2.21264320,1.31862896,-1.87641433,0.29282153,0.13667665,1.18819094,,,,,,,3,,,,,,,,,
18.446103,59926,6036027,,171.77708435,3.16782856,-175.55130005,,,,,-0.10816122,0.60439360,-9.10168362,-0.33923289,-0.73317111,-0.72991753,-2.24796061,-0.10295266,0.85738052,0.29139376,0.13670090,1.18768942,,,,,,,3,,,,,,,,,
18.456183,59927,6036127,,171.76902771,3.17237830,-175.57012939,,,,,0.35295251,-0.48759127,-10.55192852,-0.77051771,-2.05442643,0.52339840,3.29864605,-0.36458552,-0.51803853,0.28882620,0.13914624,1.18276751,,,,,,,3,,,,,,,,,
18.466092,59928,6036227,,171.81330872,3.18001819,-175.55587769,,,,,-0.50979871,0.68339854,-9.43949223,0.03658025,-0.66935968,-0.36070442,-1.71658950,-0.30974137,-2.00081641,0.29165620,0.13861860,1.18277335,,,,,,,3,,,,,,,,,
18.476167,59929,6036327,,171.79217529,3.18176699,-175.54862976,,,,,0.00405765,0.97621775,-10.01170731,-0.52428830,-0.50474727,0.21708679,-0.48270366,0.22499441,-0.32025359,0.28987044,0.13816760,1.18523109,,,,,,,3,,,,,,,,,
18.486208,59930,6036427,,171.79450989,3.16989279,-175.53146362,,,,,-0.36958915,-0.68498373,-9.26876163,0.02273273,-2.00604367,-0.73374152,-1.42807751,-0.04195914,-0.88177278,0.29084477,0.13911054,1.18673515,,,,,,,3,,,,,,,,,
18.496194,59931,6036527,,171.79986572,3.16264939,-175.51440430,,,,,0.31709367,1.44048095,-10.54249287,-0.89395916,-0.14707401,0.79055893,0.43381621,0.58428741,0.34674496,0.29216918,0.13908932,1.18426764,,,,,,,3,,,,,,,,,
18.506184,59932,6036627,,171.80895996,3.15776992,-175.53309631,,,,,-0.14835824,-0.82518989,-9.93622875,-0.21074179,-2.25598526,-0.10486758,-0.13765985,-0.27952539,-2.00716144,0.29067299,0.13815583,1.18127680,,,,,,,3,,,,,,,,,
18.516144,59933,6036727,,171.82821655,3.16394687,-175.49667358,,,,,-0.08445294,0.92709184,-9.95944786,-0.42540747,-0.53368533,0.16435003,-0.00150905,0.88503820,-1.46995500,0.29123873,0.13670546,1.18323576,,,,,,,3,,,,,,,,,
18.526187,59934,6036827,,171.83181763,3.15087748,-175.49095154,,,,,-0.21968170,1.39722514,-9.14560509,-0.29404199,0.06052220,-0.56562269,-0.05383359,0.85019628,0.45980102,0.29250988,0.13956508,1.18081355,,,,,,,3,,,,,,,,,
18.536114,59935,6036927,,171.81654358,3.14085793,-175.49702454,,,,,-0.27972969,-2.15822124,-9.82256031,0.04311445,-3.54088569,-0.39755070,0.55105822,1.16946542,-1.44869625,0.29091769,0.14103380,1.17637599,,,,,,,3,,,,,,,,,
18.546126,59936,6037027,,171.85307312,3.13680196,-175.47013855,,,,,0.27187303,2.39837980,-10.40867710,-0.92121643,0.82752973,0.79793000,-0.14927965,1.29510162,-1.26009658,0.29057848,0.13767874,1.17830026,,,,,,,3,,,,,,,,,
18.556394,59937,6037127,,171.82498169,3.12730503,-175.47856140,,,,,-0.15710606,-0.66182524,-9.85215569,-0.20555821,-2.07973528,-0.16327727,-2.91774710,0.73431220,-0.27603473,0.28598154,0.13487552,1.17971706,,,,,,,3,,,,,,,,,
18.566231,59938,6037227,,171.82206726,3.11514330,-175.46835327,,,,,-0.23928748,1.00951529,-9.87706089,-0.26587108,-0.42766181,0.10313606,0.52219011,1.64803713,0.01873637,0.28619561,0.13726862,1.18717754,,,,,,,3,,,,,,,,,
18.576144,59939,6037327,,171.81860352,3.08560109,-175.47090149,,,,,-0.18646242,0.20640127,-8.84660816,-0.20372815,-1.07527089,-1.03285551,-2.17140508,-0.85739477,0.48247037,0.28714484,0.13677265,1.18717444,,,,,,,3,,,,,,,,,
18.586322,59940,6037427,,171.81741333,3.09508848,-175.47798157,,,,,0.32406530,-0.02418575,-10.55153942,-0.76446760,-1.58854246,0.59288990,2.15626767,-0.71960162,-1.85209266,0.28802520,0.13627872,1.18519187,,,,,,,3,,,,,,,,,
18.596128,59941,6037527,,171.85392761,3.09797215,-175.45724487,,,,,-0.43217698,0.13675611,-10.09826469,-0.00584006,-1.30156481,0.20848870,0.34464828,0.72111643,-1.03957475,0.28986156,0.13864774,1.18523860,,,,,,,3,,,,,,,,,
18.606105,59942,6037627,,171.87948608,3.09069610,-175.44104004,,,,,-0.26981023,1.28769767,-9.86892319,-0.25740486,-0.13819528,0.13606524,3.75579637,-0.70628345,-0.18426846,0.29241490,0.14004776,1.17834699,,,,,,,3,,,,,,,,,
18.616235,59943,6037727,,171.90620422,3.10553288,-175.44522095,,,,,-0.13083233,-1.62874520,-8.93799305,-0.10764125,-2.88729000,-1.20099354,2.58061323,-2.42522707,-1.46599808,0.29463634,0.14049187,1.17490184,,,,,,,3,,,,,,,,,
18.626255,59944,6037827,,171.96020508,3.14103127,-175.43907166,,,,,0.75206965,2.62156200,-10.52035904,-1.42519414,1.01659894,0.91096509,3.87179860,-0.83035026,-0.43737999,0.29372054,0.14290637,1.17691445,,,,,,,3,,,,,,,,,
18.636146,59945,6037927,,171.97930908,3.16159773,-175.45042419,,,,,-0.38737118,-0.62407821,-9.96944809,0.00990981,-2.01411963,-0.02492237,0.76212590,0.59155233,-1.95640929,0.29010576,0.14248548,1.18084776,,,,,,,3,,,,,,,,,
18.646360,59946,6038027,,171.99681091,3.14639258,-175.41430664,,,,,-0.57247376,0.09153774,-9.77115536,0.14227360,-1.26243615,-0.11081028,0.53482654,2.21614772,-1.70892197,0.28787696,0.13964221,1.18277061,,,,,,,3,,,,,,,,,
18.656212,59947,6038127,,172.00173950,3.12002087,-175.39468384,,,,,0.05145521,1.87557733,-9.49674702,-0.61951983,0.48656464,-0.16742826,-1.85287045,-0.55008145,-0.54575351,0.28568208,0.13775767,1.18619311,,,,,,,3,,,,,,,,,
18.666213,59948,6038227,,171.96180725,3.11325765,-175.40713501,,,,,0.30745113,-1.86759496,-10.00838661,-0.56927717,-3.30351472,-0.19609678,-0.43684572,-1.09635123,-0.58114339,0.28550828,0.14064205,1.18277454,,,,,,,3,,,,,,,,,
18.676201,59949,6038327,,171.99470520,3.12174296,-175.38928223,,,,,-0.18488874,2.05341315,-10.07103634,-0.42196205,0.59783608,0.43888032,0.09302836,0.85502832,-1.08708266,0.28725907,0.14205384,1.17983711,,,,,,,3,,,,,,,,,
18.686172,59950,6038427,,171.99765015,3.10352802,-175.38702393,,,,,-0.39535174,-0.23857500,-9.33527088,0.02004275,-1.53884757,-0.59660316,-0.13209515,0.78591113,-1.23605400,0.28775585,0.14060552,1.17981672,,,,,,,3,,,,,,,,,
18.696108,59951,6038527,,172.01890564,3.09907150,-175.36958313,,,,,-0.15783621,0.16018102,-9.75450993,-0.26862335,-1.22010577,-0.13908887,2.07594657,0.21492482,-1.57675589,0.28908861,0.14106394,1.17785156,,,,,,,3,,,,,,,,,
18.706126,59952,6038627,,172.03938293,3.09676909,-175.35382080,,,,,0.19368142,0.44821742,-9.98468971,-0.65325475,-0.99383712,0.10975301,1.89003799,-0.57191746,-0.28410228,0.29260689,0.14484680,1.17298150,,,,,,,3,,,,,,,,,
18.716254,59953,6038727,,172.06422424,3.11343646,-175.36279297,,,,,0.00692119,0.71377999,-10.17406559,-0.50036848,-0.73969126,0.34418392,1.93294652,0.06313235,-1.12018731,0.29116288,0.14295201,1.17096531,,,,,,,3,,,,,,,,,
18.726227,59954,6038827,,172.08236694,3.12031627,-175.35700989,,,,,-0.19094612,-0.87448013,-9.66674614,-0.14358275,-2.21683216,-0.36533928,-0.09014312,0.58732951,-2.91555824,0.28949040,0.14009829,1.17536449,,,,,,,3,,,,,,,,,
18.736164,59955,6038927,,172.09100342,3.11556149,-175.32899475,,,,,-0.09351337,2.70997977,-9.72975826,-0.55805433,1.30446148,0.18596983,0.07904462,0.66864697,-0.98295771,0.28782374,0.14252304,1.18281591,,,,,,,3,,,,,,,,,
18.746254,59956,6039027,,172.06941223,3.11328387,-175.32971191,,,,,-0.28545895,-1.68119967,-9.19791508,0.04169112,-2.94039583,-0.93483591,-1.33609546,-0.73633052,-0.11905289,0.28877297,0.14202705,1.18281281,,,,,,,3,,,,,,,,,
18.756138,59957,6039127,,172.08337402,3.11071324,-175.31336975,,,,,0.19605984,1.50228024,-10.74289513,-0.78057814,-0.05440164,1.00574934,1.11155993,1.52181513,-1.71412797,0.29055089,0.14103867,1.17934275,,,,,,,3,,,,,,,,,
18.766300,59958,6039227,,172.08685303,3.09858227,-175.30039978,,,,,-0.20235530,0.02273068,-9.84793377,-0.21468270,-1.35673618,-0.06196260,-1.73947330,0.45657835,-3.19251857,0.28709462,0.14349833,1.17590106,,,,,,,3,,,,,,,,,
18.776317,59959,6039327,,172.07397461,3.10141349,-175.27626038,,,,,-0.18578357,-0.12389527,-9.54178905,-0.20510916,-1.46071267,-0.38587141,-1.42418900,-0.10088874,-0.87128540,0.28447241,0.14210032,1.18081343,,,,,,,3,,,,,,,,,
18.786117,59960,6039427,,172.07363892,3.09501505,-175.26107788,,,,,-0.04492090,1.66774130,-9.52010345,-0.50249624,0.29774237,-0.16727638,-1.01833510,-0.58528265,-0.47951839,0.28787595,0.14156175,1.18379045,,,,,,,3,,,,,,,,,
18.796226,59961,6039527,,172.06695557,3.10001969,-175.26850891,,,,,0.01793259,-0.81983095,-9.71864986,-0.35312998,-2.18952751,-0.31745386,0.31007002,-1.01553110,-1.08736665,0.28952283,0.14393635,1.17839396,,,,,,,3,,,,,,,,,
18.806362,59962,6039627,,172.07986450,3.11413145,-175.25613403,,,,,-0.21257040,0.55415779,-10.17974758,-0.26735532,-0.88144726,0.34001637,-1.80049614,-0.02877657,-3.10736724,0.28840914,0.14587678,1.17446113,,,,,,,3,,,,,,,,,
18.816282,59963,6039727,,172.07568359,3.12056160,-175.21640015,,,,,-0.09821948,0.76380873,-10.07830906,-0.39637122,-0.66901278,0.26211739,-1.09809933,0.03623976,-1.90405055,0.28671005,0.14446348,1.17888296,,,,,,,3,,,,,,,,,
18.826239,59964,6039827,,172.06976318,3.10875154,-175.20783997,,,,,-0.34373039,0.39241439,-9.23044968,-0.08085129,-0.89602268,-0.61477184,-2.29488124,0.21984474,0.81991357,0.28681394,0.14350066,1.18134212,,,,,,,3,,,,,,,,,
18.836133,59965,6039927,,172.07051086,3.10224152,-175.20429993,,,,,0.35404909,-0.53411949,-9.87458229,-0.71935153,-1.95613396,-0.14282060,2.73887149,-1.62522409,-2.93718561,0.28705913,0.14541888,1.17593133,,,,,,,3,,,,,,,,,
18.846151,59966,6040027,,172.11639404,3.12283516,-175.18183899,,,,,-0.03212935,1.83353019,-9.86798668,-0.55063033,0.41586202,0.19780278,-0.19446937,-0.25008674,-1.70830566,0.28658161,0.14302762,1.17440677,,,,,,,3,,,,,,,,,
18.856186,59967,6040127,,172.08390808,3.12726355,-175.17439270,,,,,-0.28599760,-0.84899056,-10.07591820,-0.06226864,-2.24251103,0.04789007,-3.00664138,0.90631872,-1.75164545,0.28555211,0.13920113,1.18324673,,,,,,,3,,,,,,,,,
18.866222,59968,6040227,,172.07872009,3.10973930,-175.14387512,,,,,-0.50785637,1.64410830,-9.94052601,-0.06119788,0.25530550,0.26972342,0.67094784,0.61089212,-2.21616437,0.28696063,0.14301646,1.18529320,,,,,,,3,,,,,,,,,
18.876162,59969,6040327,,172.07083130,3.10316753,-175.12695312,,,,,-0.09682954,-1.27332926,-9.05389977,-0.16697942,-2.53462172,-1.03246117,-2.51228616,-2.77541855,-0.94019176,0.28811175,0.14491984,1.17889726,,,,,,,3,,,,,,,,,
18.886157,59970,6040427,,172.07383728,3.13592792,-175.11502075,,,,,0.60362780,1.47422004,-10.42176151,-1.17670703,-0.07777520,0.66081119,-0.45036314,-1.50407051,-2.94672568,0.28820878,0.14059810,1.17932403,,,,,,,3,,,,,,,,,
18.896224,59971,6040527,,172.08082581,3.15287089,-175.09353638,,,,,-0.29634711,0.31406075,-10.07659245,-0.16250660,-1.09504390,0.20871270,-0.20173073,-0.71867373,-2.63659987,0.28783363,0.14012335,1.18178844,,,,,,,3,,,,,,,,,
18.906182,59972,6040627,,172.06950378,3.16069651,-175.07852173,,,,,-0.67308909,0.67791200,-9.15336514,0.21710947,-0.57629603,-0.63346398,-2.62669780,-0.56092534,-0.41562888,0.28715366,0.14589596,1.17890787,,,,,,,3,,,,,,,,,
18.916181,59973,6040727,,172.04505920,3.16286540,-175.05784607,,,,,0.12547004,-0.16107476,-9.82306957,-0.52915859,-1.57037616,-0.13124406,-1.16464885,-2.10225133,-4.01482105,0.28910381,0.14490250,1.18038619,,,,,,,3,,,,,,,,,
18.926196,59974,6040827,,172.06111145,3.18494701,-175.02139282,,,,,0.34901026,0.44064736,-10.14235306,-0.82318127,-1.04090190,0.25518310,-0.97424143,-1.55586352,-1.95022093,0.29062712,0.14343582,1.18284440,,,,,,,3,,,,,,,,,
18.936363,59975,6040927,,172.04673767,3.20162821,-175.01145935,,,,,-0.26847267,0.39124015,-10.02731514,-0.20092958,-1.02322435,0.16898024,-2.99105296,-0.58922681,-2.10174867,0.28771988,0.14348584,1.18035686,,,,,,,3,,,,,,,,,
18.946156,59976,6041027,,172.04435730,3.20316458,-174.97914124,,,,,-0.31756657,0.48156506,-9.72286320,-0.14822498,-0.88448054,-0.11730647,0.47679896,-0.53633431,-3.43004011,0.28676328,0.14158264,1.17883766,,,,,,,3,,,,,,,,,
18.956226,59977,6041127,,172.05395508,3.20446897,-174.95697021,,,,,-0.16568601,0.99462855,-8.90396309,-0.31262085,-0.27596879,-0.86485684,-3.59496890,-1.23854851,-0.57386540,0.28581455,0.14111884,1.17833078,,,,,,,3,,,,,,,,,
18.966138,59978,6041227,,172.00704956,3.21127009,-174.95222473,,,,,0.36430919,-0.87435412,-10.67574787,-0.73923641,-2.42144227,0.59897625,0.45182523,-0.79930294,-3.21974072,0.29001909,0.14344779,1.17888355,,,,,,,3,,,,,,,,,
18.976269,59979,6041327,,172.03932190,3.22302723,-174.91108704,,,,,-0.39090019,1.50549054,-10.02894497,-0.18643464,0.08299440,0.33154929,-1.66373483,0.67527215,-2.23331135,0.28909647,0.14250335,1.17886388,,,,,,,3,,,,,,,,,
18.986165,59980,6041427,,172.01596069,3.21466684,-174.90159607,,,,,-0.14211087,-0.58395445,-9.52061558,-0.21116668,-1.92803025,-0.47491133,-3.23509584,-0.12263835,-2.32237019,0.28549993,0.14016241,1.18227220,,,,,,,3,,,,,,,,,
18.996224,59981,6041527,,172.00668335,3.21360040,-174.86712646,,,,,-0.00682243,1.35857522,-9.89184189,-0.54967475,-0.07933089,0.15384841,-0.22826586,-1.07661412,-3.52070446,0.28710836,0.14061274,1.18822455,,,,,,,3,,,,,,,,,
19.006240,59982,6041627,,171.99844360,3.22940111,-174.84422302,,,,,-0.17750782,-0.57091409,-9.22743511,-0.16739757,-1.87347329,-0.76233196,-1.93351279,-2.67134077,-0.24973845,0.29070339,0.14583296,1.18634605,,,,,,,3,,,,,,,,,
19.016173,59983,6041727,,172.01425171,3.25793552,-174.83399963,,,,,-0.00734931,1.44203413,-10.67366600,-0.59738106,-0.10924393,0.93791294,0.32966650,-1.49233689,-2.47078849,0.29002696,0.14488718,1.17989588,,,,,,,3,,,,,,,,,
19.026148,59984,6041827,,172.02258301,3.27088809,-174.79441833,,,,,-0.19057758,-0.65082580,-9.91678143,-0.18006039,-2.04602051,-0.09059727,-0.96085543,-1.98616138,-4.95239642,0.28866908,0.14298986,1.18035376,,,,,,,3,,,,,,,,,
19.036199,59985,6041927,,172.02116394,3.28264523,-174.75416565,,,,,-0.13014770,1.35862386,-9.29757786,-0.41069382,0.01604021,-0.42714894,-2.75668377,-1.56986946,-0.15558198,0.28797829,0.14347824,1.18777955,,,,,,,3,,,,,,,,,
19.046263,59986,6042027,,172.00016785,3.28393197,-174.73730469,,,,,0.08095518,-0.25026903,-9.84297657,-0.48755032,-1.66832662,-0.12403250,0.06726669,-1.56476806,-3.18613576,0.28843173,0.14251105,1.18677688,,,,,,,3,,,,,,,,,
19.056191,59987,6042127,,172.02403259,3.29481387,-174.70816040,,,,,-0.00363218,0.85393488,-9.83575153,-0.51283485,-0.57022882,0.02733994,-0.70061247,-0.89649840,-1.44149488,0.28971386,0.14105146,1.18230736,,,,,,,3,,,,,,,,,
19.066218,59988,6042227,,172.00526428,3.30120730,-174.69790649,,,,,-0.10013216,0.12616970,-9.99240685,-0.35100394,-1.30500841,0.08635640,-3.49418199,-0.37487757,-4.51997245,0.28926978,0.14057873,1.18279243,,,,,,,3,,,,,,,,,
19.076149,59989,6042327,,171.99758911,3.30065155,-174.64140320,,,,,-0.14822587,0.39791036,-10.23336315,-0.33970988,-1.06655490,0.36506033,-0.10549260,1.13530657,-3.24589394,0.28759578,0.14060432,1.18872166,,,,,,,3,,,,,,,,,
19.086167,59990,6042427,,171.99893188,3.27518058,-174.60797119,,,,,-0.26560208,0.94973242,-8.99898434,-0.22111905,-0.33626258,-0.77212381,-3.25540305,0.23006678,0.07899257,0.28741461,0.14108951,1.18378067,,,,,,,3,,,,,,,,,
19.096211,59991,6042527,,171.97889709,3.26530075,-174.60556030,,,,,0.22622703,-1.12708867,-10.10082054,-0.54658592,-2.58572531,0.00085974,2.13284012,-0.92050342,-4.23856866,0.29060256,0.14103715,1.18082726,,,,,,,3,,,,,,,,,
19.106242,59992,6042627,,172.01898193,3.27983308,-174.56790161,,,,,-0.08584788,2.03567767,-9.86260414,-0.54794621,0.59502858,0.22339225,-0.98786872,-0.14788380,-2.76395984,0.29013237,0.14104506,1.18082511,,,,,,,3,,,,,,,,,
19.116168,59993,6042727,,171.99182129,3.29458308,-174.55087280,,,,,-0.16137555,-0.53631020,-10.04064751,-0.21916698,-1.96065760,0.04517746,-2.93577795,-0.05170468,-3.20011054,0.28702325,0.13869573,1.18473041,,,,,,,3,,,,,,,,,
19.126142,59994,6042827,,171.99182129,3.28390169,-174.50634766,,,,,-0.44338611,1.23404908,-10.11243725,-0.12180838,-0.19729933,0.37933111,2.05747240,0.95125720,-3.21867350,0.28939036,0.14057519,1.18625629,,,,,,,3,,,,,,,,,
19.136161,59995,6042927,,171.99417114,3.26705909,-174.47808838,,,,,-0.26086649,-0.65361059,-8.59211349,-0.04278594,-1.85801744,-1.39872289,-3.49863975,-2.32140734,-1.36533753,0.28774545,0.14396496,1.18135405,,,,,,,3,,,,,,,,,
19.146225,59996,6043027,,171.99165344,3.30121374,-174.45906067,,,,,0.89591628,1.08182490,-10.95423126,-1.47829139,-0.59823996,1.11169124,1.26877989,-2.44238878,-3.99762947,0.28550726,0.14256158,1.18379450,,,,,,,3,,,,,,,,,
19.156198,59997,6043127,,172.01065063,3.30729580,-174.42083740,,,,,-0.45720538,0.61261547,-9.58175468,-0.02525945,-0.73380250,-0.23213911,-2.97023775,-0.27119085,-3.11111808,0.28568995,0.13919708,1.18720555,,,,,,,3,,,,,,,,,
19.166243,59998,6043227,,171.97729492,3.29284072,-174.38932800,,,,,-0.41641715,0.20863283,-10.02696800,-0.03844756,-1.20174158,0.14965940,-1.30533656,1.43910400,-3.08275337,0.28934705,0.14105633,1.18527412,,,,,,,3,,,,,,,,,
19.176325,59999,6043327,,171.99241638,3.26620579,-174.34271240,,,,,-0.22016506,0.51801437,-9.39764786,-0.23525187,-0.82340443,-0.43989062,0.53477702,0.13658814,-3.84927947,0.28732747,0.14301158,1.18232644,,,,,,,3,,,,,,,,,
19.186285,60000,6043427,,171.99143982,3.25823784,-174.31654358,,,,,0.35057372,-0.30149785,-9.66431713,-0.72491544,-1.72629619,-0.32349849,-2.13631669,0.20169674,-0.30909645,0.28495145,0.14161228,1.18080807,,,,,,,3,,,,,,,,,
19.196194,60001,6043527,,171.99226379,3.26056314,-174.30717468,,,,,0.25299603,1.12006378,-10.45117855,-0.81179857,-0.42720255,0.65779567,1.53694902,0.89198850,-4.54337097,0.28688389,0.14157909,1.18230152,,,,,,,3,,,,,,,,,
19.206262,60002,6043627,,172.00552368,3.24301505,-174.25930786,,,,,-0.63538319,0.26151964,-9.26380634,0.21613657,-1.01468587,-0.58484864,-2.70311353,2.01065935,-3.09703978,0.28685725,0.14301950,1.18232417,,,,,,,3,,,,,,,,,
19.216191,60003,6043727,,171.99772644,3.22347593,-174.21708679,,,,,-0.04974317,0.45430312,-10.16522026,-0.42008048,-1.01206446,0.30055714,0.00957044,1.63952565,-4.14191764,0.28363541,0.14211310,1.18377793,,,,,,,3,,,,,,,,,
19.226182,60004,6043827,,172.00514221,3.20063758,-174.16323853,,,,,-0.15374666,0.34677261,-9.44013214,-0.27143860,-1.00283480,-0.42531681,-0.65803072,0.25511832,-3.75977069,0.28500995,0.14496969,1.18432486,,,,,,,3,,,,,,,,,
19.236170,60005,6043927,,172.00915527,3.19793487,-174.12870789,,,,,0.23762795,0.12186190,-10.07012463,-0.65997040,-1.35381734,0.14492655,-0.26399121,0.34896434,-1.69633116,0.28586417,0.14495638,1.18185508,,,,,,,3,,,,,,,,,
19.246168,60006,6044027,,172.02807617,3.19384909,-174.09617615,,,,,-0.33836818,0.62428457,-9.96614361,-0.13755186,-0.78329062,0.14423227,-0.63943991,0.51095418,-5.41041824,0.28545609,0.14160334,1.18180001,,,,,,,3,,,,,,,,,
19.256155,60007,6044127,,172.02044678,3.20443249,-174.04434204,,,,,-0.01010884,0.87551606,-9.73137569,-0.48253727,-0.53821182,-0.07166696,-2.13839925,-0.36025747,-3.52750776,0.28420162,0.13970299,1.18522692,,,,,,,3,,,,,,,,,
19.266179,60008,6044227,,172.00181580,3.19206238,-174.01589966,,,,,-0.21222518,0.15362008,-9.64285660,-0.19570470,-1.21760225,-0.24848557,-2.48398804,0.15726109,-3.37324132,0.28464520,0.14113548,1.18525183,,,,,,,3,,,,,,,,,
19.276292,60009,6044327,,171.98747253,3.18062282,-173.96846008,,,,,-0.22225282,0.37743741,-10.06877899,-0.22435161,-1.05860305,0.20450544,-0.40654268,0.67244755,-3.50676042,0.28597745,0.14255367,1.18379664,,,,,,,3,,,,,,,,,
19.286266,60010,6044427,,171.99263000,3.17376900,-173.94570923,,,,,0.20694865,-0.17796917,-9.66242695,-0.57078385,-1.59307098,-0.29890323,-1.83884701,-0.63520871,-4.19919048,0.28498694,0.13969173,1.18077791,,,,,,,3,,,,,,,,,
19.296175,60011,6044527,,171.98948669,3.18175173,-173.90608215,,,,,0.08907601,1.39096153,-10.39101219,-0.65913093,-0.14168054,0.64677262,-0.58902527,1.30153257,-4.94728189,0.28421831,0.14066225,1.18623173,,,,,,,3,,,,,,,,,
19.306293,60012,6044627,,171.98245239,3.17372918,-173.86326599,,,,,-0.36830938,0.07130072,-9.24345207,-0.00868466,-1.22739744,-0.64654720,-1.26943783,0.87794184,-1.91124979,0.28642103,0.14398617,1.18382156,,,,,,,3,,,,,,,,,
19.316255,60013,6044727,,171.98429871,3.15318251,-173.82766724,,,,,-0.42497110,0.50534016,-9.52415085,-0.00847021,-0.83384436,-0.30525160,-0.82646884,1.76050068,-3.90449941,0.28426462,0.14402595,1.17589521,,,,,,,3,,,,,,,,,
19.326376,60014,6044827,,171.99003601,3.15220332,-173.78421021,,,,,0.45781964,0.12250706,-10.33486462,-0.87351054,-1.42087793,0.39441013,1.04002522,-1.01924853,-4.52564194,0.28284571,0.14357007,1.17538619,,,,,,,3,,,,,,,,,
19.336329,60015,6044927,,171.99815369,3.16828251,-173.76039124,,,,,-0.07460263,0.10888210,-9.67947197,-0.31673843,-1.28424966,-0.22587132,-2.41630727,0.62247121,-3.74264527,0.28303522,0.14356448,1.18082941,,,,,,,3,,,,,,,,,
19.346143,60016,6045027,,171.99645996,3.16342974,-173.70231628,,,,,-0.27720508,1.74314106,-10.26474190,-0.32634926,0.26309276,0.59087634,-0.34833183,2.12008111,-4.34267013,0.28315583,0.14356093,1.18429327,,,,,,,3,,,,,,,,,
19.356157,60017,6045127,,171.99182129,3.13543248,-173.66380310,,,,,-0.46930858,-0.84499645,-9.17912579,0.21227229,-2.10540342,-0.83248186,-2.57892042,1.50589940,-4.12633029,0.28312340,0.13972287,1.18126380,,,,,,,3,,,,,,,,,
19.366293,60018,6045227,,171.97692871,3.13252878,-173.61634827,,,,,0.24534951,1.56064773,-9.97660351,-0.80951881,0.06358489,0.25277328,-0.99521865,0.02163511,-4.68709011,0.28115499,0.14263637,1.18031049,,,,,,,3,,,,,,,,,
19.376286,60019,6045327,,171.97694397,3.12593699,-173.59027100,,,,,0.24178648,-0.69621044,-9.95158386,-0.53734803,-2.15110970,-0.08594561,0.29875528,0.43470968,-2.40929651,0.28070152,0.14360355,1.18131304,,,,,,,3,,,,,,,,,
19.386162,60020,6045427,,171.99291992,3.12345815,-173.55947876,,,,,-0.53506398,1.30592227,-10.07029533,-0.00566413,-0.11253256,0.35274124,-1.47128369,1.95682935,-4.57050561,0.28164342,0.14070842,1.17978764,,,,,,,3,,,,,,,,,
19.396213,60021,6045527,,171.98078918,3.11108732,-173.51994324,,,,,0.05375941,0.20345727,-9.66981697,-0.44211239,-1.20473504,-0.22920430,-0.63333895,0.28336683,-4.73239091,0.28222483,0.14213684,1.18377125,,,,,,,3,,,,,,,,,
19.406284,60022,6045627,,171.98200989,3.10164499,-173.47169495,,,,,-0.26561064,0.35223913,-9.57790089,-0.13555020,-1.01000500,-0.28218687,-1.77864839,2.16141422,-3.22580400,0.28129077,0.14647140,1.18630898,,,,,,,3,,,,,,,,,
19.416289,60023,6045727,,171.97416687,3.08827376,-173.40708923,,,,,-0.05369154,1.07453203,-9.95978451,-0.44573891,-0.38041630,0.18477249,-1.18234182,0.03218547,-3.95590128,0.27870700,0.14699769,1.17987251,,,,,,,3,,,,,,,,,
19.426261,60024,6045827,,171.97790527,3.08551741,-173.38351440,,,,,0.20515679,-1.31337190,-9.81169033,-0.40541714,-2.73559856,-0.30792403,-0.80180034,-0.66523988,-4.33090428,0.27738515,0.14222005,1.17979026,,,,,,,3,,,,,,,,,
19.436237,60025,6045927,,171.99096680,3.09013104,-173.32759094,,,,,-0.08618472,2.73324013,-10.05491829,-0.61967099,1.23948443,0.51328874,-2.48928187,1.56139896,-5.37855242,0.27631232,0.13887474,1.18764818,,,,,,,3,,,,,,,,,
19.446208,60026,6046027,,171.95385742,3.06860328,-173.28466797,,,,,-0.26944417,-1.37617683,-9.86511421,0.07914531,-2.75117826,-0.23881650,-0.81442802,1.32084407,-5.08471170,0.27652588,0.14222759,1.19561851,,,,,,,3,,,,,,,,,
19.456254,60027,6046127,,171.98204041,3.02513981,-173.20794678,,,,,-0.55724627,2.16719961,-9.31731701,-0.04593186,0.84607261,-0.27031839,-0.83452841,2.39373563,-3.33488298,0.27486476,0.14369833,1.18920159,,,,,,,3,,,,,,,,,
19.466294,60028,6046227,,171.98011780,3.00004697,-173.16728210,,,,,0.34920248,-1.85856986,-9.94570923,-0.46326047,-3.30368924,-0.25689316,2.90945461,-2.63826836,-5.90197244,0.27560675,0.14416821,1.18377018,,,,,,,3,,,,,,,,,
19.476182,60029,6046327,,172.05155945,3.02747726,-173.11015320,,,,,0.14114201,1.95087266,-10.02906895,-0.73962623,0.46088737,0.36573994,3.89302939,-0.38345362,-4.98855160,0.27805218,0.14460574,1.18675792,,,,,,,3,,,,,,,,,
19.486382,60030,6046427,,172.09153748,3.03256106,-173.06192017,,,,,-0.38924715,0.13139817,-9.91215515,0.01777682,-1.23899484,0.02707076,3.29949705,-0.17842766,-5.05322880,0.27878529,0.14555576,1.18133438,,,,,,,3,,,,,,,,,
19.496184,60031,6046527,,172.14660645,3.02933812,-173.00552368,,,,,-0.32251289,-0.45823920,-9.82282639,0.03160062,-1.80193710,-0.14404774,6.61652207,1.27713321,-5.97449795,0.27960405,0.14746302,1.17889488,,,,,,,3,,,,,,,,,
19.506336,60032,6046627,,172.21925354,3.01577616,-172.94400024,,,,,0.01160583,2.40908980,-9.17448235,-0.64392138,1.07473123,-0.41283786,3.16670366,-0.13784122,-4.78403141,0.27911562,0.14939097,1.17941773,,,,,,,3,,,,,,,,,
19.516230,60033,6046727,,172.23843384,3.03451872,-172.91300964,,,,,0.21286446,-2.16020060,-10.12768269,-0.29014879,-3.56545782,-0.09446692,6.56192154,-0.77816457,-5.67835034,0.27695420,0.14942497,1.18484974,,,,,,,3,,,,,,,,,
19.526224,60034,6046827,,172.33267212,3.03432441,-172.85841370,,,,,-0.17318463,3.14451647,-9.38068390,-0.56857741,1.80764627,-0.10187399,2.74450362,2.44733981,-3.88607839,0.27641511,0.14943491,1.18286812,,,,,,,3,,,,,,,,,
19.536260,60035,6046927,,172.33531189,3.00638032,-172.83222961,,,,,-0.05337599,-1.49130166,-10.71942997,-0.12297758,-2.94227743,0.59943759,3.12581793,2.32067502,-6.72868274,0.27555150,0.15088812,1.18585539,,,,,,,3,,,,,,,,,
19.546263,60036,6047027,,172.38612366,2.99134994,-172.74517822,,,,,-0.18358648,2.07096291,-9.56211185,-0.42019022,0.73798591,-0.06622028,1.58051655,1.61389334,-3.03594054,0.27141330,0.15335597,1.18983185,,,,,,,3,,,,,,,,,
19.556221,60037,6047127,,172.40252686,2.95529151,-172.70701599,,,,,-0.54886335,-0.39320713,-9.43437958,0.27498651,-1.61439764,-0.49980545,1.58701121,0.29605759,-4.73592895,0.26938584,0.15387183,1.18587172,,,,,,,3,,,,,,,,,
19.566284,60038,6047227,,172.42425537,2.95076704,-172.64140320,,,,,0.21472047,0.82604003,-9.50492287,-0.64486074,-0.52111053,-0.30899668,0.91843996,-1.53296072,-5.74119192,0.27215528,0.15382586,1.18440056,,,,,,,3,,,,,,,,,
19.576373,60039,6047327,,172.45172119,2.96634889,-172.60437012,,,,,0.27393332,-0.09207683,-10.16167450,-0.60321689,-1.51594388,0.21825421,2.14385764,-0.27546396,-5.53983325,0.27365300,0.15188004,1.18586159,,,,,,,3,,,,,,,,,
19.586220,60040,6047427,,172.47875977,2.96633720,-172.54606628,,,,,-0.40632007,1.34200418,-10.29159641,-0.12757277,-0.03291130,0.56996584,1.68331101,0.69334744,-4.72753891,0.27319902,0.15380700,1.18737423,,,,,,,3,,,,,,,,,
19.596262,60041,6047527,,172.49607849,2.94760132,-172.49540710,,,,,-0.17972729,-0.86115366,-9.28970242,-0.01699883,-2.08512259,-0.72038054,1.84982035,-1.06909707,-5.56883380,0.27224040,0.15574287,1.18789482,,,,,,,3,,,,,,,,,
19.606241,60042,6047627,,172.53744507,2.94310498,-172.42936707,,,,,-0.20404451,2.56848812,-9.68184185,-0.47282594,1.23793328,0.11703932,0.67430915,1.08116462,-4.69596807,0.27124000,0.15528058,1.18590331,,,,,,,3,,,,,,,,,
19.616235,60043,6047727,,172.52531433,2.93272543,-172.38766479,,,,,0.06676275,-1.27189267,-9.49659157,-0.20620057,-2.54431009,-0.57983828,1.09124364,-1.10851793,-4.92976801,0.26993230,0.15626106,1.18937576,,,,,,,3,,,,,,,,,
19.626278,60044,6047827,,172.57569885,2.92827940,-172.32221985,,,,,-0.11750354,0.64777809,-10.08823395,-0.30533266,-0.70706046,0.26502609,3.44054664,1.51688822,-5.80076526,0.27181253,0.15718916,1.18989456,,,,,,,3,,,,,,,,,
19.636196,60045,6047927,,172.62759399,2.91151476,-172.26841736,,,,,0.07314279,0.88961393,-9.99108410,-0.52609378,-0.47481692,0.18993711,2.87406847,-1.45341804,-5.11604562,0.27197364,0.15527083,1.17996967,,,,,,,3,,,,,,,,,
19.646203,60046,6048027,,172.66418457,2.93387198,-172.22935486,,,,,-0.27111304,-0.27947745,-10.05171204,-0.02413547,-1.57426739,0.11890614,6.02203521,0.26065600,-6.35431410,0.26775816,0.15726109,1.18146431,,,,,,,3,,,,,,,,,
19.656199,60047,6048127,,172.73852539,2.92200947,-172.18203735,,,,,-0.48419869,2.13921690,-9.41899204,-0.13353564,0.92310715,-0.18917787,4.43522859,0.05405519,-3.43534311,0.27007258,0.16106160,1.18252563,,,,,,,3,,,,,,,,,
19.666201,60048,6048227,,172.77545166,2.91901445,-172.14633179,,,,,-0.03577096,-1.53771937,-9.48383331,-0.05863211,-2.74791503,-0.60836160,6.92692130,-1.72609478,-6.18480716,0.27443773,0.16243200,1.17366362,,,,,,,3,,,,,,,,,
19.676250,60049,6048327,,172.85696411,2.95276237,-172.10279846,,,,,0.60355306,1.55103397,-9.85205936,-1.14837456,0.15821713,0.10883772,3.98262696,-1.24205763,-3.47232687,0.27181602,0.16007425,1.17806590,,,,,,,3,,,,,,,,,
19.686207,60050,6048427,,172.89790344,2.97228813,-172.08526611,,,,,-0.23677266,0.49089986,-10.42831230,-0.18944180,-0.83033854,0.59170055,6.75277837,0.48104857,-7.16540376,0.27016810,0.15961917,1.18448234,,,,,,,3,,,,,,,,,
19.696190,60051,6048527,,172.94831848,2.96076035,-172.03182983,,,,,-0.28436318,0.23597838,-9.14845943,-0.06219007,-0.90604699,-0.70463836,1.67061657,-0.06606547,-5.44450985,0.27011490,0.16249998,1.18452764,,,,,,,3,,,,,,,,,
19.706300,60052,6048627,,172.97087097,2.95415020,-171.97109985,,,,,-0.28594819,0.48726431,-10.27817249,-0.13275167,-0.79753590,0.44584751,3.79911386,1.85959093,-6.36597451,0.27015769,0.16297860,1.18601978,,,,,,,3,,,,,,,,,
19.716254,60053,6048727,,173.01051331,2.92306519,-171.91555786,,,,,-0.10654003,1.62476492,-9.01490974,-0.42904508,0.45988059,-0.67679071,0.98641784,0.24824443,-2.71250632,0.26870331,0.16444327,1.18554091,,,,,,,3,,,,,,,,,
19.726185,60054,6048827,,173.02124023,2.92230749,-171.88752747,,,,,-0.06707834,-1.72378910,-9.82179546,-0.00472364,-2.93044829,-0.28310287,5.43273417,-0.99139310,-7.23082672,0.26951268,0.16779044,1.18361890,,,,,,,3,,,,,,,,,
19.736369,60055,6048927,,173.09271240,2.93764949,-171.81990051,,,,,0.31949431,2.67847705,-9.89241314,-1.03836966,1.33358741,0.29857087,1.06129475,-0.15594282,-4.30315706,0.27147174,0.16631684,1.18508971,,,,,,,3,,,,,,,,,
19.746196,60056,6049027,,173.09959412,2.93775177,-171.78126526,,,,,-0.22103471,-1.32511544,-10.54354572,0.06708544,-2.59406757,0.49182200,4.39797119,1.46325885,-7.39700608,0.26989725,0.16682528,1.18063700,,,,,,,3,,,,,,,,,
19.756260,60057,6049127,,173.15284729,2.91948867,-171.70793152,,,,,-0.48847780,1.63694811,-9.14983845,-0.06085438,0.52972257,-0.52210379,0.21188565,2.25972305,-3.55404795,0.26842612,0.16733068,1.17915332,,,,,,,3,,,,,,,,,
19.766228,60058,6049227,,173.16172791,2.89845133,-171.67526245,,,,,0.03254132,0.36336634,-10.32772827,-0.42460394,-0.93549711,0.46647525,5.67969973,0.04558386,-8.12434609,0.26852062,0.16780779,1.18212998,,,,,,,3,,,,,,,,,
19.776225,60059,6049327,,173.20602417,2.90629387,-171.61444092,,,,,-0.34032020,0.64523262,-8.40932655,-0.03457576,-0.36376864,-1.38328624,-1.25137571,-0.35684958,-2.91365603,0.26765752,0.16830121,1.18460727,,,,,,,3,,,,,,,,,
19.786240,60060,6049427,,173.20999146,2.91458917,-171.58018494,,,,,0.13940981,-0.08603159,-11.17473793,-0.48786190,-1.48813021,1.25028336,4.74556122,1.18910723,-6.43159470,0.26625532,0.16880460,1.18510294,,,,,,,3,,,,,,,,,
19.796288,60061,6049527,,173.25186157,2.90668583,-171.53216553,,,,,-0.01615227,1.17243266,-9.25898361,-0.46497491,0.00566018,-0.49461579,-1.13565747,-1.88595247,-4.08986178,0.26514268,0.16882549,1.18015003,,,,,,,3,,,,,,,,,
19.806347,60062,6049627,,173.24107361,2.92472768,-171.48515320,,,,,0.08657225,-0.39063162,-10.46546268,-0.36713019,-1.68950140,0.51336086,2.00014619,0.02972410,-7.53437057,0.26660442,0.16976000,1.18215120,,,,,,,3,,,,,,,,,
19.816268,60063,6049727,,173.27044678,2.90435433,-171.41384888,,,,,-0.56081498,1.78950596,-9.25242043,-0.01854061,0.69639766,-0.40042043,-0.58033337,2.61283337,-3.23267752,0.26527062,0.17122111,1.18513620,,,,,,,3,,,,,,,,,
19.826396,60064,6049827,,173.27449036,2.87531161,-171.37501526,,,,,-0.13842890,-0.37068874,-9.84854889,-0.11836970,-1.55469596,-0.08319807,2.60081672,1.03806421,-6.95736132,0.26555914,0.17265818,1.18070757,,,,,,,3,,,,,,,,,
19.836235,60065,6049927,,173.29142761,2.87270451,-171.31042480,,,,,0.03758841,0.48116794,-8.82488537,-0.39017132,-0.62015301,-1.00808990,-2.63384730,0.04749993,-2.69851980,0.26650786,0.17312197,1.18121445,,,,,,,3,,,,,,,,,
19.846291,60066,6050027,,173.29835510,2.87489581,-171.28059387,,,,,0.47702697,0.93311650,-11.23400593,-0.97033656,-0.53004396,1.41260815,5.60623250,1.80943877,-6.78635131,0.26368725,0.17220969,1.18069112,,,,,,,3,,,,,,,,,
19.856328,60067,6050127,,173.34204102,2.85377526,-171.22579956,,,,,-0.66452646,-0.13730863,-8.74085140,0.40602994,-1.10281348,-1.12869477,-2.31286171,1.50777675,-4.52395445,0.26503879,0.16978832,1.17769098,,,,,,,3,,,,,,,,,
19.866340,60068,6050227,,173.32604980,2.84669518,-171.18064880,,,,,0.04192460,0.95227623,-10.83376217,-0.52456099,-0.39559132,1.03973436,1.39368868,3.18359493,-6.01769036,0.26559409,0.17169739,1.18118727,,,,,,,3,,,,,,,,,
19.876265,60069,6050327,,173.33517456,2.81044745,-171.13316345,,,,,-0.31797090,0.71227914,-9.31124401,-0.07996543,-0.39162320,-0.48034537,-1.64883264,1.94818788,-2.15583822,0.26197931,0.17127651,1.18512058,,,,,,,3,,,,,,,,,
19.886311,60070,6050427,,173.33473206,2.79378152,-171.09268188,,,,,-0.20091960,0.60897607,-9.50457668,-0.18272465,-0.53237808,-0.30580568,1.02231956,0.50219489,-6.85769349,0.26039544,0.17322487,1.18118536,,,,,,,3,,,,,,,,,
19.896310,60071,6050527,,173.32775879,2.79478288,-171.03965759,,,,,0.01447343,-0.33964115,-9.28263664,-0.23564690,-1.47205818,-0.64730847,-3.22592182,-0.10528454,-2.83314454,0.26132697,0.17368917,1.18119740,,,,,,,3,,,,,,,,,
19.906219,60072,6050627,,173.33447266,2.80379295,-171.00479126,,,,,0.34019089,1.20796680,-10.91879177,-0.85420275,-0.19849372,1.14060462,3.58973953,1.37881381,-5.27585668,0.26479888,0.17410833,1.18666387,,,,,,,3,,,,,,,,,
19.916267,60073,6050727,,173.35426331,2.78666997,-170.96788025,,,,,-0.58380336,-0.63304180,-9.02483463,0.41228518,-1.63026762,-0.90707958,-2.60934165,0.27274653,-3.65248080,0.26307771,0.17510098,1.17825997,,,,,,,3,,,,,,,,,
19.926239,60074,6050827,,173.35845947,2.79089880,-170.90782166,,,,,0.14212365,2.10086608,-10.52245235,-0.79218221,0.75658917,0.85911012,2.33411598,1.42156930,-7.12346511,0.26126590,0.17513059,1.18023050,,,,,,,3,,,,,,,,,
19.936367,60075,6050927,,173.37657166,2.77192092,-170.85224915,,,,,-0.45102125,-0.34844795,-9.54881382,0.22417535,-1.43079972,-0.36064208,-0.53002471,1.86201309,-3.13477807,0.26100245,0.17513242,1.18616629,,,,,,,3,,,,,,,,,
19.946281,60076,6051027,,173.38079834,2.75661922,-170.80957031,,,,,-0.36480033,0.98048860,-9.05076599,-0.06206128,-0.08030212,-0.70515990,-0.07521827,0.17637787,-4.31488279,0.25888884,0.17565081,1.17973197,,,,,,,3,,,,,,,,,
19.956237,60077,6051127,,173.36543274,2.75634742,-170.77972412,,,,,0.34376335,-0.50558501,-10.15404797,-0.54788250,-1.78658652,0.18320918,-1.36186149,-1.21822720,-3.99512236,0.25605941,0.17521867,1.17921615,,,,,,,3,,,,,,,,,
19.966222,60078,6051227,,173.38572693,2.77216911,-170.73498535,,,,,0.14018440,1.73551810,-10.01053619,-0.71361172,0.46285507,0.30968630,1.15680865,0.19059137,-4.71460510,0.25711149,0.17567943,1.18269205,,,,,,,3,,,,,,,,,
19.976244,60079,6051327,,173.38455200,2.77031779,-170.68905640,,,,,-0.59990096,-0.70436805,-9.94591904,0.42467761,-1.80216217,-0.00023055,-2.30678519,1.30663931,-4.74605812,0.25867710,0.17565112,1.18715239,,,,,,,3,,,,,,,,,
19.986512,60080,6051427,,173.38917542,2.75408554,-170.62927246,,,,,0.08423044,1.28017330,-9.91794586,-0.57926011,0.03704952,0.16787577,1.19457234,-0.04420847,-4.27064878,0.25717151,0.17615755,1.18467903,,,,,,,3,,,,,,,,,
19.996301,60081,6051527,,173.41285706,2.74568653,-170.58734131,,,,,-0.22181067,0.53358555,-9.96836948,-0.15184852,-0.64712858,0.14730906,0.74759302,0.88386613,-3.63118043,0.25754723,0.17567253,1.18170464,,,,,,,3,,,,,,,,,
20.006257,60082,6051627,,173.42202759,2.72800708,-170.54855347,,,,,-0.56541729,0.45625466,-8.52023411,0.24272674,-0.48918337,-1.28196025,-0.20616907,0.29866403,-3.43671619,0.26136088,0.17464791,1.18269706,,,,,,,3,,,,,,,,,
20.016451,60083,6051727,,173.42327881,2.73835874,-170.51531982,,,,,0.47269297,0.30070868,-11.01621056,-0.82458186,-1.11071837,1.12735403,3.02103877,0.20215830,-5.93122614,0.26033387,0.17562605,1.18072832,,,,,,,3,,,,,,,,,
20.026403,60084,6051827,,173.46511841,2.74129152,-170.48101807,,,,,0.01262191,0.07120547,-9.41673565,-0.28948277,-1.06383038,-0.46381092,1.33981877,-0.78877794,-2.31532527,0.25981149,0.17659526,1.17975163,,,,,,,3,,,,,,,,,
20.036355,60085,6051927,,173.47798157,2.75359368,-170.45591736,,,,,-0.41467538,1.54691863,-10.15392208,-0.14046265,0.36566699,0.45624983,0.48947478,1.68444674,-4.62923371,0.25905225,0.17612588,1.18468797,,,,,,,3,,,,,,,,,
20.046375,60086,6052027,,173.47270203,2.74347067,-170.41209412,,,,,0.11195773,-0.47813332,-9.98191547,-0.30822977,-1.68388915,0.03033984,-0.19199826,-0.50691711,-5.15919022,0.25734484,0.17423294,1.18860757,,,,,,,3,,,,,,,,,
20.056342,60087,6052127,,173.47911072,2.72775149,-170.35240173,,,,,-0.43423879,1.74139285,-9.82068062,-0.14051509,0.59937662,0.14881122,-0.38333394,2.50209978,-2.95087971,0.25215453,0.17624004,1.18910813,,,,,,,3,,,,,,,,,
20.066243,60088,6052227,,173.46018982,2.69858074,-170.32699585,,,,,-0.43221503,-1.03741276,-8.80623722,0.36582837,-2.00048733,-1.17358172,-1.69039957,-1.21319133,-2.90679404,0.25338241,0.17958081,1.18570375,,,,,,,3,,,,,,,,,
20.076416,60089,6052327,,173.46697998,2.70383549,-170.27450562,,,,,0.41894406,2.27048230,-10.22335243,-1.08033037,0.92365396,0.56868219,-0.25089449,0.13340987,-3.95690660,0.25669980,0.17904477,1.18620658,,,,,,,3,,,,,,,,,
20.086336,60090,6052427,,173.47082520,2.70044088,-170.24966431,,,,,0.05768196,-1.58170402,-10.37652111,-0.05927800,-2.80029678,0.30118096,1.53202594,1.26579446,-4.78696412,0.25767669,0.17518885,1.18516099,,,,,,,3,,,,,,,,,
20.096300,60091,6052527,,173.49618530,2.69094777,-170.19818115,,,,,-0.47236165,2.12416410,-9.62445164,-0.16173506,1.00569701,-0.00088716,-1.43998669,1.90185550,-3.43749782,0.25758168,0.17567152,1.18269432,,,,,,,3,,,,,,,,,
20.106358,60092,6052627,,173.47375488,2.68066192,-170.16734314,,,,,0.03476463,-0.37192282,-10.41459084,-0.24505548,-1.61511445,0.47656584,1.76721721,-0.32264194,-5.88518298,0.25706714,0.17808013,1.18272984,,,,,,,3,,,,,,,,,
20.116241,60093,6052727,,173.51026917,2.69442606,-170.11772156,,,,,-0.40159410,1.21596265,-9.35189533,-0.06696486,0.13992238,-0.37706602,-0.78835495,-0.72661703,-2.30766863,0.25529861,0.17762859,1.18568242,,,,,,,3,,,,,,,,,
20.126312,60094,6052827,,173.49546814,2.69378352,-170.09205627,,,,,-0.54991877,0.40413532,-9.26214314,0.22422600,-0.61829317,-0.55207193,-1.05399861,0.35392733,-4.22554776,0.25298113,0.17958669,1.18768096,,,,,,,3,,,,,,,,,
20.136334,60095,6052927,,173.49371338,2.68945408,-170.05035400,,,,,0.56406814,-0.17877580,-10.16472816,-0.79488748,-1.48736584,0.22434807,1.32167255,-3.12455733,-4.01168343,0.25297228,0.18006684,1.18768847,,,,,,,3,,,,,,,,,
20.146445,60096,6053027,,173.52294922,2.71550918,-170.00798035,,,,,-0.07647440,1.33833420,-9.87754345,-0.42596310,0.14395367,0.14235950,0.99245541,-0.14702600,-3.25034871,0.25396535,0.17812996,1.18815756,,,,,,,3,,,,,,,,,
20.156327,60097,6053127,,173.51959229,2.71448398,-169.98045349,,,,,-0.33971184,-0.69013512,-9.95165443,0.19233526,-1.80381691,-0.00067616,-1.42316330,0.12414859,-4.05836564,0.25292212,0.17718905,1.18467402,,,,,,,3,,,,,,,,,
20.166381,60098,6053227,,173.51177979,2.70496464,-169.93157959,,,,,-0.00390229,1.88638973,-10.10987568,-0.59998333,0.63565439,0.43187428,-1.48357066,1.21618082,-3.07200372,0.25427946,0.18004614,1.18472612,,,,,,,3,,,,,,,,,
20.176362,60099,6053327,,173.51687622,2.68689966,-169.89744568,,,,,-0.24382137,-0.61513513,-10.28221321,0.08128992,-1.78279984,0.33240068,2.76340062,0.33899363,-4.61999716,0.25294566,0.18150724,1.18771124,,,,,,,3,,,,,,,,,
20.186364,60100,6053427,,173.54795837,2.67325521,-169.84465027,,,,,-0.66108406,1.56305325,-8.22078514,0.15663683,0.66738594,-1.44874763,-3.24463590,0.10517209,-1.51907697,0.25372261,0.18101636,1.18275964,,,,,,,3,,,,,,,,,
20.196274,60101,6053527,,173.50439453,2.68629432,-169.83522034,,,,,0.22688639,-0.30553091,-10.80073833,-0.44849429,-1.62577569,0.85913002,1.06127928,-1.06846624,-4.03120753,0.25368816,0.18101737,1.18176997,,,,,,,3,,,,,,,,,
20.206361,60102,6053627,,173.54234314,2.69070053,-169.80519104,,,,,0.35620049,0.84234703,-9.96821976,-0.76254857,-0.42708749,0.15577769,-0.42695395,-0.68834257,-0.21153228,0.25140613,0.18105492,1.18373811,,,,,,,3,,,,,,,,,
20.216268,60103,6053727,,173.53460693,2.70021820,-169.79464722,,,,,-0.51105022,0.39014941,-9.50614071,0.18315789,-0.66012919,-0.31248045,-0.39668298,-0.77365174,-5.02222358,0.25148392,0.18057275,1.18570995,,,,,,,3,,,,,,,,,
20.226506,60104,6053827,,173.53269958,2.70117927,-169.73759460,,,,,0.08128696,0.43773261,-10.47817993,-0.43191767,-0.83665115,0.62985229,-1.20392991,0.19797615,-4.00972957,0.25151891,0.17961197,1.18618965,,,,,,,3,,,,,,,,,
20.236351,60105,6053927,,173.53486633,2.68833256,-169.69406128,,,,,-0.45780647,0.63244772,-9.74141598,0.08435440,-0.46047252,-0.05446362,0.74327159,1.43810999,-1.97049101,0.25110877,0.18009800,1.18817437,,,,,,,3,,,,,,,,,
20.246398,60106,6054027,,173.55043030,2.66035199,-169.66369629,,,,,-0.21517244,0.44240388,-9.48756409,-0.10975182,-0.65728962,-0.33871353,-0.88300253,-0.41369789,-2.83467834,0.25247598,0.18055539,1.18719888,,,,,,,3,,,,,,,,,
20.256411,60107,6054127,,173.53063965,2.66725254,-169.64120483,,,,,-0.23970667,0.97105920,-8.97151375,-0.16880108,-0.07815635,-0.78982794,-2.68355678,-0.68867453,-1.93071497,0.25148493,0.17865321,1.18469000,,,,,,,3,,,,,,,,,
20.266302,60108,6054227,,173.51599121,2.67479062,-169.62370300,,,,,0.38745403,-0.04709243,-11.49645424,-0.66212010,-1.48148394,1.57353663,3.85756107,0.36162895,-4.24892621,0.25101376,0.18058066,1.18570769,,,,,,,3,,,,,,,,,
20.276399,60109,6054327,,173.56271362,2.66692519,-169.58750916,,,,,-0.41717714,-0.05953037,-8.84859848,0.19750369,-1.03487062,-1.02094054,-2.43802300,-1.16609792,-1.63116048,0.25271282,0.18199398,1.18128574,,,,,,,3,,,,,,,,,
20.286247,60110,6054427,,173.54731750,2.68237734,-169.56370544,,,,,-0.03221510,1.78555012,-10.60052776,-0.56823421,0.49002856,0.90752077,0.61172727,0.19113097,-3.79944299,0.25125945,0.18153910,1.17978692,,,,,,,3,,,,,,,,,
20.296402,60111,6054527,,173.55058289,2.67520785,-169.54179382,,,,,-0.24919151,-0.21431537,-10.08501244,0.03124756,-1.36325586,0.18196011,-0.77389352,1.36131572,-1.03296835,0.24948259,0.18060794,1.18223715,,,,,,,3,,,,,,,,,
20.306410,60112,6054627,,173.56803894,2.65049314,-169.51579285,,,,,-0.36008832,0.78871465,-9.44080830,-0.02810040,-0.28318274,-0.33906984,1.02923961,0.27520676,-3.21756210,0.25080496,0.18442582,1.18180943,,,,,,,3,,,,,,,,,
20.316268,60113,6054727,,173.56974792,2.64919734,-169.48281860,,,,,0.00352558,0.48672622,-9.41803360,-0.32746172,-0.64266300,-0.41279757,-1.75946281,-1.19941558,-1.26788215,0.25031704,0.18539400,1.18182230,,,,,,,3,,,,,,,,,
20.326482,60114,6054827,,173.55761719,2.66170263,-169.46282959,,,,,-0.20378852,0.17057942,-9.87448788,-0.07630703,-0.96720141,0.01445246,0.77334454,0.13050044,-1.70683727,0.25091770,0.18298288,1.18426096,,,,,,,3,,,,,,,,,
20.336464,60115,6054927,,173.59454346,2.66089296,-169.44181824,,,,,0.26811570,0.86998463,-10.72113705,-0.69252539,-0.46697915,0.91204417,1.08396457,0.62580424,-3.53733384,0.25228545,0.18248050,1.18277562,,,,,,,3,,,,,,,,,
20.346384,60116,6055027,,173.59445190,2.65209246,-169.42318726,,,,,-0.48623165,-0.34669077,-9.20533848,0.31519479,-1.33815253,-0.69413984,-2.58863977,-0.59706787,-0.66000011,0.25075430,0.18250781,1.17930496,,,,,,,3,,,,,,,,,
20.356387,60117,6055127,,173.58749390,2.66871619,-169.40406799,,,,,-0.12100548,2.08968306,-10.69752312,-0.53953046,0.80053562,1.04039311,2.88174902,0.28154950,-2.55693980,0.24855892,0.18158305,1.18323743,,,,,,,3,,,,,,,,,
20.366429,60118,6055227,,173.61114502,2.65142918,-169.38748169,,,,,-0.23170069,-1.05399144,-9.45241070,0.19187512,-2.09999228,-0.53925097,-0.59433014,-1.37684810,-2.08342882,0.25078875,0.18250678,1.18029463,,,,,,,3,,,,,,,,,
20.376384,60119,6055327,,173.61845398,2.66295123,-169.35366821,,,,,-0.33396471,2.08250284,-9.32594776,-0.29560727,0.99508548,-0.30991924,-1.23916216,-0.28280380,-1.19179843,0.25077987,0.18298693,1.18030226,,,,,,,3,,,,,,,,,
20.386374,60120,6055427,,173.58740234,2.66664004,-169.35926819,,,,,-0.18643774,-1.13702679,-9.78367233,0.15338904,-2.23156261,-0.22091711,-0.65909362,-1.69269483,-1.22300311,0.24848013,0.18398476,1.18228555,,,,,,,3,,,,,,,,,
20.396260,60121,6055527,,173.61961365,2.68572855,-169.33883667,,,,,0.50823772,1.63535404,-10.07210159,-1.06290126,0.31491154,0.34094656,1.84014944,-2.00066593,-2.60645440,0.24793217,0.18447483,1.18031156,,,,,,,3,,,,,,,,,
20.406322,60122,6055627,,173.63444519,2.69096375,-169.31256104,,,,,-0.40377346,-0.13464563,-10.12462997,0.16781816,-1.24819255,0.23883426,-0.72197559,1.13428973,-1.60045057,0.24937665,0.18540983,1.18181789,,,,,,,3,,,,,,,,,
20.416378,60123,6055727,,173.62902832,2.67525506,-169.29014587,,,,,-0.29690969,0.17252043,-9.58910561,0.01825067,-0.90440595,-0.26279831,-0.14532756,-0.24172330,-0.63151459,0.24940276,0.18492919,1.18230510,,,,,,,3,,,,,,,,,
20.426311,60124,6055827,,173.64920044,2.67661786,-169.27105713,,,,,0.03262933,2.13408041,-10.52178478,-0.70170331,0.84150434,0.86469817,1.01281119,-0.11892797,-2.38435650,0.24836840,0.18350817,1.17881405,,,,,,,3,,,,,,,,,
20.436403,60125,6055927,,173.65417480,2.66868949,-169.25834656,,,,,-0.46485230,-1.25027287,-9.13899803,0.46565491,-2.20494556,-0.86002052,-1.17520608,-1.11556477,-0.51327137,0.24882972,0.18398039,1.17882395,,,,,,,3,,,,,,,,,
20.446351,60126,6056027,,173.64445496,2.68986845,-169.24559021,,,,,-0.31599647,2.09646773,-9.14559269,-0.32036060,1.02948308,-0.48983085,-1.15402962,-1.87715092,-0.09159466,0.25075224,0.18634687,1.18134487,,,,,,,3,,,,,,,,,
20.456418,60127,6056127,,173.63490295,2.70044732,-169.24746704,,,,,0.33976296,-1.42968833,-10.42963982,-0.32870081,-2.68361068,0.36323500,1.32716275,-4.00980385,-2.57117605,0.24944608,0.18444803,1.18328726,,,,,,,3,,,,,,,,,
20.466333,60128,6056227,,173.67362976,2.72971606,-169.20939636,,,,,-0.07234217,2.38391328,-9.72139740,-0.63391310,1.19918871,0.10244036,-0.88117685,-0.42856291,-1.04223052,0.24955882,0.18300509,1.18573880,,,,,,,3,,,,,,,,,
20.476331,60129,6056327,,173.64443970,2.72363353,-169.20861816,,,,,-0.52748251,-1.02342105,-10.09542942,0.45559019,-2.08578444,0.11909246,-1.36456966,0.08374063,-2.44969281,0.25008070,0.18299566,1.18722546,,,,,,,3,,,,,,,,,
20.486317,60130,6056427,,173.64953613,2.71599770,-169.16825867,,,,,0.23419175,0.99286354,-10.02346992,-0.67747557,-0.25393087,0.23361278,-0.06065491,-1.85446616,-2.14819076,0.25088325,0.18298389,1.18327129,,,,,,,3,,,,,,,,,
20.496350,60131,6056527,,173.65631104,2.72436857,-169.14973450,,,,,-0.41059059,1.26178336,-9.75728226,-0.08904596,0.16178334,0.02961767,0.03122961,0.11577646,-0.71725668,0.25076163,0.18490697,1.18082726,,,,,,,3,,,,,,,,,
20.506282,60132,6056627,,173.64709473,2.71381545,-169.14187622,,,,,-0.40348253,-0.72526032,-8.89485836,0.30914536,-1.67727256,-1.04686368,-2.09706999,-1.04881418,-1.60506724,0.25168478,0.18489164,1.18033695,,,,,,,3,,,,,,,,,
20.516377,60133,6056727,,173.63436890,2.71999097,-169.12159729,,,,,0.16958241,2.04048300,-10.13322449,-0.81592703,0.76377201,0.46226382,-1.89876335,0.08289274,-0.62099947,0.25181580,0.18152864,1.18226337,,,,,,,3,,,,,,,,,
20.526284,60134,6056827,,173.62478638,2.72181177,-169.12815857,,,,,0.23072851,-1.32201993,-10.54013920,-0.24137898,-2.57292271,0.49138582,2.06998530,-1.63128642,-2.49162846,0.24942100,0.18300915,1.18178010,,,,,,,3,,,,,,,,,
20.536320,60135,6056927,,173.65449524,2.73475051,-169.10781860,,,,,-0.52415431,1.78880787,-8.99404812,-0.06173322,0.78392434,-0.66396618,-3.09633755,-0.35031448,-0.85014399,0.25023142,0.18443678,1.17883813,,,,,,,3,,,,,,,,,
20.546283,60136,6057027,,173.61709595,2.73843908,-169.09786987,,,,,-0.04672894,-0.34777218,-10.78048611,-0.16239356,-1.60085583,0.84949744,0.11433909,0.13462141,-2.62495397,0.25081432,0.18298592,1.18129194,,,,,,,3,,,,,,,,,
20.556318,60137,6057127,,173.64416504,2.74492168,-169.06858826,,,,,-0.22368141,0.94603896,-9.85337448,-0.21730925,-0.19627386,0.08165669,0.47617987,-1.74190965,0.40030522,0.24854119,0.18254332,1.18325257,,,,,,,3,,,,,,,,,
20.566286,60138,6057227,,173.64186096,2.73178554,-169.06962585,,,,,-0.57339352,1.08784688,-9.04213905,0.12001026,0.10409349,-0.69120908,-2.09773103,-1.13148828,-1.44242731,0.24935994,0.18445057,1.18081307,,,,,,,3,,,,,,,,,
20.576495,60139,6057327,,173.61582947,2.73730016,-169.05332947,,,,,0.10816424,-0.39749599,-9.69535828,-0.27804807,-1.55359447,-0.24097741,-1.02415250,-2.19152575,-1.44655317,0.24997683,0.18395847,1.18476641,,,,,,,3,,,,,,,,,
20.586428,60140,6057427,,173.61540222,2.74139309,-169.02607727,,,,,-0.04025614,1.09733093,-10.11630917,-0.43086559,-0.11824858,0.35005164,-0.19369733,0.40076834,0.04143995,0.25090882,0.18346301,1.18426847,,,,,,,3,,,,,,,,,
20.596395,60141,6057527,,173.62959290,2.73524594,-169.03298950,,,,,0.17908692,-0.69347692,-9.95795059,-0.29566664,-1.88447583,-0.01560688,1.27999709,-2.17463213,-2.54104552,0.25222489,0.18296216,1.18129861,,,,,,,3,,,,,,,,,
20.606328,60142,6057627,,173.63151550,2.76083136,-169.00971985,,,,,-0.45342651,1.84707022,-9.37579441,-0.15446606,0.77683163,-0.28100193,-4.56059329,0.25691146,0.09110108,0.25222489,0.18296216,1.18129861,,,,,,,3,,,,,,,,,
20.616501,60143,6057727,,173.60057068,2.75401092,-169.00398254,,,,,-0.17778304,-0.31512174,-11.04853058,-0.04615217,-1.57524276,1.12550616,3.02496378,1.05784092,-3.17072130,0.24946433,0.18252799,1.18276215,,,,,,,3,,,,,,,,,
20.626276,60144,6057827,,173.64273071,2.72787142,-168.97573853,,,,,-0.26023182,0.74316621,-9.29133701,-0.12512626,-0.32164744,-0.49709415,-1.31006113,-1.52532948,0.01737979,0.24936931,0.18301067,1.18029559,,,,,,,3,,,,,,,,,
20.636244,60145,6057927,,173.61791992,2.73696566,-168.97236633,,,,,-0.45469919,1.32564175,-8.88013649,-0.03783475,0.32894266,-0.83118010,-2.24803681,-1.52818236,-0.34990035,0.25030920,0.18395461,1.18080997,,,,,,,3,,,,,,,,,
20.646295,60146,6058027,,173.59609985,2.75568748,-168.96662903,,,,,0.04434142,-0.71794784,-10.54691410,-0.17330971,-1.95570457,0.57211065,1.30153267,-1.28359564,-1.36380255,0.24936882,0.18397044,1.18080544,,,,,,,3,,,,,,,,,
20.656295,60147,6058127,,173.62789917,2.74541950,-168.95558167,,,,,0.07106005,1.10560000,-9.59612083,-0.53094125,-0.07112686,-0.17089164,-1.11114414,-0.56424657,-0.30895075,0.24980505,0.18300378,1.17930806,,,,,,,3,,,,,,,,,
20.666285,60148,6058227,,173.61587524,2.74848056,-168.94973755,,,,,0.02837026,-0.05767411,-10.31920433,-0.28061280,-1.28139138,0.42019761,0.08589571,-1.43766656,-2.64508766,0.24955048,0.18252546,1.18523633,,,,,,,3,,,,,,,,,
20.676262,60149,6058327,,173.61447144,2.75140262,-168.91699219,,,,,-0.31791800,1.20240510,-9.66811275,-0.16928740,0.08657062,-0.06968904,-2.41765111,0.67554914,-0.21787168,0.24871451,0.18061872,1.18718100,,,,,,,3,,,,,,,,,
20.686413,60150,6058427,,173.59999084,2.72462034,-168.90357971,,,,,-0.11689924,-0.26682577,-10.36819172,-0.09210947,-1.46213830,0.45228720,2.57257709,0.77590730,-3.41677374,0.25087488,0.18250425,1.18276882,,,,,,,3,,,,,,,,,
20.696316,60151,6058527,,173.63679504,2.70688343,-168.86714172,,,,,-0.42537618,1.03355682,-9.15215015,-0.01163123,0.00923824,-0.59525931,-1.85384888,-0.64085691,0.52300535,0.25161535,0.18585344,1.17886758,,,,,,,3,,,,,,,,,
20.706298,60152,6058627,,173.59996033,2.71115851,-168.87153625,,,,,-0.54075456,0.86934835,-9.13506031,0.13388553,-0.13041347,-0.62503839,-1.07256136,-0.34106478,-0.73533614,0.25209391,0.18632516,1.17937219,,,,,,,3,,,,,,,,,
20.716369,60153,6058727,,173.61906433,2.72756529,-168.85392761,,,,,0.57437450,-0.67003596,-10.93354225,-0.70491552,-2.05386806,0.93645608,2.99258869,-2.57789098,-3.27863744,0.25167590,0.18537177,1.18034446,,,,,,,3,,,,,,,,,
20.726294,60154,6058827,,173.66523743,2.75379562,-168.81945801,,,,,-0.38412011,1.21719337,-9.05897808,-0.09406865,0.19296724,-0.67051399,-1.99192905,-1.40389234,0.34238274,0.25084779,0.18490444,1.18330145,,,,,,,3,,,,,,,,,
20.736322,60155,6058927,,173.63938904,2.76830173,-168.80929565,,,,,-0.16924722,0.33630395,-10.60679436,-0.17405158,-0.88831174,0.75861585,0.76434059,-2.11053144,-3.49326546,0.24968779,0.18348117,1.18970513,,,,,,,3,,,,,,,,,
20.746428,60156,6059027,,173.64643860,2.76777530,-168.76582336,,,,,-0.01683568,0.65273303,-9.60475540,-0.35986650,-0.49621329,-0.20774150,-2.63051033,-2.51087060,-0.94957292,0.24909803,0.18157309,1.18521905,,,,,,,3,,,,,,,,,
20.756405,60157,6059127,,173.62414551,2.75781226,-168.75518799,,,,,-0.48345965,0.18933998,-9.96416950,0.18295398,-0.89830101,0.11975050,0.84090973,-0.23444227,-1.74181585,0.24862733,0.18254079,1.18572676,,,,,,,3,,,,,,,,,
20.766377,60158,6059227,,173.62886047,2.73709774,-168.72473145,,,,,-0.23384678,0.83170140,-9.07913971,-0.16377616,-0.21832681,-0.69980979,-2.20198767,-2.03705248,-0.43800661,0.24937615,0.18636960,1.18232775,,,,,,,3,,,,,,,,,
20.776462,60159,6059327,,173.59942627,2.73752666,-168.70690918,,,,,-0.08056284,0.47668138,-9.53134537,-0.25294191,-0.65039986,-0.29797983,-1.14208980,-1.60733871,-1.13590421,0.24794888,0.18543409,1.18131626,,,,,,,3,,,,,,,,,
20.786466,60160,6059427,,173.62664795,2.74702430,-168.67182922,,,,,0.35813159,-0.16161034,-10.90222549,-0.58961445,-1.51408005,0.97304940,2.69211565,0.05516101,-2.06273655,0.24757370,0.18495934,1.18378067,,,,,,,3,,,,,,,,,
20.796540,60161,6059527,,173.64103699,2.72414327,-168.64878845,,,,,-0.53061354,0.70701027,-8.79706669,0.16113871,-0.24759138,-0.97920561,-3.40129333,-0.27710747,1.02920343,0.25117227,0.18346119,1.17833269,,,,,,,3,,,,,,,,,
20.806437,60162,6059627,,173.61279297,2.72612023,-168.64668274,,,,,0.22375512,1.15767431,-11.00568199,-0.72365302,-0.21568781,1.22586322,2.05913000,-0.63097581,-4.15302182,0.25281671,0.18103117,1.18374479,,,,,,,3,,,,,,,,,
20.816373,60163,6059727,,173.63401794,2.73003745,-168.62431335,,,,,-0.30540574,-0.31395978,-9.64245796,0.12558645,-1.38510728,-0.26467431,-1.13853565,-0.01546894,-0.32137067,0.25010681,0.18251501,1.18771291,,,,,,,3,,,,,,,,,
20.826388,60164,6059827,,173.62583923,2.69795752,-168.60865784,,,,,-0.78638655,0.82796121,-8.89739418,0.38955289,-0.08955234,-0.85422194,-0.43298976,0.23510813,-0.79493429,0.25177979,0.18440896,1.18280351,,,,,,,3,,,,,,,,,
20.836407,60165,6059927,,173.62648010,2.69193983,-168.58981323,,,,,0.37698847,0.80858022,-10.18263721,-0.77765119,-0.48912334,0.36390924,1.10085883,-2.32210893,-1.98023726,0.25407067,0.18389130,1.18082786,,,,,,,3,,,,,,,,,
20.846316,60166,6060027,,173.63417053,2.71408510,-168.58721924,,,,,-0.17449360,-0.28123942,-9.50734329,-0.00175012,-1.36105442,-0.40048301,-0.04664419,-0.19938774,-0.10668820,0.25308698,0.18438827,1.17984128,,,,,,,3,,,,,,,,,
20.856445,60167,6060127,,173.64654541,2.71739244,-168.58033752,,,,,0.11401992,0.92241794,-10.41407681,-0.54990816,-0.35045767,0.62009060,1.20873271,0.66363633,-3.38612114,0.24985725,0.18204248,1.18028271,,,,,,,3,,,,,,,,,
20.866435,60168,6060227,,173.63551331,2.69811654,-168.57215881,,,,,-0.16153574,-0.00123094,-9.58712387,-0.07051931,-1.10240483,-0.29077959,-3.50903423,-0.47281061,-0.87266510,0.25139678,0.18249482,1.18425560,,,,,,,3,,,,,,,,,
20.876359,60169,6060327,,173.62631226,2.69893408,-168.55357361,,,,,-0.24509045,1.18028319,-10.22998428,-0.24146591,-0.00705057,0.48109412,2.69166208,1.31401271,-2.08818114,0.25061095,0.18346585,1.18921471,,,,,,,3,,,,,,,,,
20.886321,60170,6060427,,173.65463257,2.66345978,-168.52555847,,,,,-0.40032220,-0.07924338,-9.75318241,0.18042776,-1.14439046,-0.12342894,-0.23161780,0.78511354,-1.26613255,0.25045639,0.18251064,1.18425119,,,,,,,3,,,,,,,,,
20.896299,60171,6060527,,173.62478638,2.63529325,-168.51640320,,,,,-0.39385295,1.09305871,-8.92135143,-0.03856631,0.08928859,-0.81905878,-2.90400989,-0.50216634,-0.26724748,0.24974400,0.18444520,1.17834103,,,,,,,3,,,,,,,,,
20.906362,60172,6060627,,173.61187744,2.65727425,-168.51040649,,,,,0.09878301,0.44007427,-10.68600941,-0.43316585,-0.84999406,0.83728182,3.17950877,-2.27638530,-2.48183888,0.24836686,0.18638746,1.18034399,,,,,,,3,,,,,,,,,
20.916390,60173,6060727,,173.65383911,2.66486263,-168.48643494,,,,,-0.01017529,-0.74367428,-9.18133163,-0.05278631,-1.80266380,-0.78361702,-1.16420276,-2.01974350,-0.43522456,0.24993351,0.18443961,1.18378425,,,,,,,3,,,,,,,,,
20.926327,60174,6060827,,173.64329529,2.67602825,-168.46867371,,,,,-0.12840320,1.67632675,-10.32230759,-0.45628881,0.44209373,0.62346184,-0.10054011,-0.32972904,-1.54304325,0.25044650,0.18491033,1.18527865,,,,,,,3,,,,,,,,,
20.936279,60175,6060927,,173.63589478,2.65870881,-168.44107056,,,,,-0.07143500,-0.04701183,-10.38264751,-0.16055633,-1.25503469,0.49063456,-0.66560055,-0.94344731,-0.84668989,0.25098661,0.18298085,1.18624032,,,,,,,3,,,,,,,,,
20.946390,60176,6061027,,173.62849426,2.64949560,-168.42990112,,,,,-0.35447812,0.49319541,-9.18026733,0.03614132,-0.53223330,-0.63069022,-0.81671960,-0.94594097,-1.84023225,0.25098816,0.18010154,1.18471038,,,,,,,3,,,,,,,,,
20.956348,60177,6061127,,173.62574768,2.63833761,-168.42903137,,,,,-0.29305840,1.05914009,-10.21974564,-0.16013807,-0.11596505,0.46132898,-0.08321637,1.11887282,-1.50783235,0.24859339,0.18158203,1.18422711,,,,,,,3,,,,,,,,,
20.966311,60178,6061227,,173.58538818,2.60783172,-168.43063354,,,,,-0.42031956,-0.07511695,-8.78800869,0.23316085,-1.03121710,-1.08054149,-3.65141017,-0.82583454,0.98797918,0.25133520,0.18489602,1.18379855,,,,,,,3,,,,,,,,,
20.976364,60179,6061327,,173.58436584,2.61195445,-168.41967773,,,,,0.42278641,0.85783207,-10.45494652,-0.81900048,-0.48717701,0.63872802,3.06867337,-0.65529246,-2.88197185,0.25369498,0.18437630,1.18380213,,,,,,,3,,,,,,,,,
20.986397,60180,6061427,,173.61473083,2.61538768,-168.41165161,,,,,-0.10766401,-0.25592354,-9.81348515,-0.05708775,-1.38813472,-0.09825647,-1.33465482,0.50470039,0.09102004,0.25321695,0.18294482,1.18278754,,,,,,,3,,,,,,,,,
20.996399,60181,6061527,,173.60151672,2.60875773,-168.41889954,,,,,-0.44647726,0.75589776,-10.02305126,0.06247507,-0.35898805,0.23887694,0.70119368,0.86206560,-0.56569649,0.25036973,0.18347295,1.18228686,,,,,,,3,,,,,,,,,
21.006371,60182,6061627,,173.61550903,2.60354996,-168.40715027,,,,,0.12464437,0.72176594,-10.47306728,-0.50142241,-0.55713594,0.65582037,2.52676488,-1.78083960,-2.58097417,0.25069323,0.18394925,1.17833805,,,,,,,3,,,,,,,,,
21.016358,60183,6061727,,173.63121033,2.61421323,-168.40150452,,,,,-0.70909858,-0.05155687,-8.74643517,0.51141834,-0.93924165,-1.10658777,-2.99002886,-0.65793286,1.20412137,0.25021365,0.18539706,1.17885327,,,,,,,3,,,,,,,,,
21.026467,60184,6061827,,173.61576843,2.61728311,-168.39968872,,,,,-0.36011836,1.72525835,-9.79793644,-0.21770358,0.59464818,0.11897564,0.59782709,-0.25228133,-1.04045275,0.24714632,0.18544586,1.18527055,,,,,,,3,,,,,,,,,
21.036380,60185,6061927,,173.59477234,2.59853125,-168.38197327,,,,,0.33942533,-0.94889539,-9.73112774,-0.35241625,-2.14378238,-0.27766812,-2.32208161,-3.35603074,-0.06242978,0.24754760,0.18543997,1.18329346,,,,,,,3,,,,,,,,,
21.046388,60186,6062027,,173.60600281,2.61466241,-168.35508728,,,,,0.08860313,0.96994650,-9.77962589,-0.50001705,-0.22999913,-0.00284386,1.19065320,-0.94899523,-0.43356285,0.24836686,0.18638746,1.18034399,,,,,,,3,,,,,,,,,
21.056354,60187,6062127,,173.62397766,2.61656451,-168.32931519,,,,,-0.35173851,0.33327854,-10.21201134,0.05209863,-0.80948979,0.37545943,0.27011813,0.65592051,-1.81165688,0.24795827,0.18399419,1.18079877,,,,,,,3,,,,,,,,,
21.066392,60188,6062227,,173.61253357,2.59822488,-168.31245422,,,,,0.00187614,0.10233805,-9.75361919,-0.23508230,-1.05283022,-0.12044537,-0.93447361,-1.53167013,-0.52227879,0.24937665,0.18540983,1.18181789,,,,,,,3,,,,,,,,,
21.076408,60189,6062327,,173.63780212,2.59965205,-168.28779602,,,,,-0.35411146,1.39061952,-10.15625000,-0.16009818,0.23110124,0.43763888,3.43605942,0.41463232,-1.19652641,0.24850470,0.18638341,1.18430269,,,,,,,3,,,,,,,,,
21.086427,60190,6062427,,173.65515137,2.57170486,-168.26341248,,,,,-0.57938570,-0.53798395,-8.78198624,0.49083653,-1.43591499,-1.13102949,-2.29689315,-0.78985914,0.07935967,0.25073552,0.18538761,1.18034005,,,,,,,3,,,,,,,,,
21.096414,60191,6062527,,173.63742065,2.57500267,-168.25639343,,,,,0.14941956,1.43246150,-9.88225555,-0.65325952,0.20257905,0.14709282,1.78032648,-0.93053878,-1.24699714,0.24975969,0.18732399,1.18036580,,,,,,,3,,,,,,,,,
21.106393,60192,6062627,,173.66558838,2.58085299,-168.23217773,,,,,0.23164092,-0.24184936,-10.46499729,-0.40130442,-1.50672615,0.53826618,2.81659670,-1.42587819,-1.09464187,0.25067344,0.18874857,1.18039298,,,,,,,3,,,,,,,,,
21.116321,60193,6062727,,173.69720459,2.59631419,-168.22012329,,,,,-0.44061118,0.04205034,-8.80842400,0.23138039,-0.89876688,-1.04547250,-1.65895348,-1.42515109,-0.13382611,0.25385404,0.18629706,1.17591727,,,,,,,3,,,,,,,,,
21.126530,60194,6062827,,173.68161011,2.62585783,-168.22586060,,,,,0.03356156,1.87290215,-11.07737923,-0.66650909,0.51851797,1.38729072,-0.09266329,-0.55891278,-2.25186940,0.25025702,0.18491590,1.17983544,,,,,,,3,,,,,,,,,
21.136421,60195,6062927,,173.67710876,2.62096071,-168.22261047,,,,,-0.22279346,-1.10584843,-9.68523121,0.23330715,-2.16271639,-0.31008053,-0.30703947,-1.50977692,0.03778290,0.24809507,0.18590966,1.18577743,,,,,,,3,,,,,,,,,
21.146375,60196,6063027,,173.69168091,2.60807872,-168.18911743,,,,,-0.53282362,1.55888700,-9.17571640,-0.00400454,0.55202305,-0.50820708,0.03846063,-0.59800030,-1.64638722,0.24806011,0.18687044,1.18529773,,,,,,,3,,,,,,,,,
21.156394,60197,6063127,,173.67864990,2.58660483,-168.15896606,,,,,0.00015762,0.54552233,-9.83671856,-0.32526737,-0.62133944,0.01099730,-1.62348869,-0.85568717,-0.33090060,0.24709463,0.18544738,1.18378603,,,,,,,3,,,,,,,,,
21.166461,60198,6063227,,173.65620422,2.57696223,-168.15237427,,,,,-0.24122360,-0.62362266,-9.43117905,0.16502979,-1.66140580,-0.50935233,0.57497210,-1.56885646,0.75140309,0.25076112,0.18586673,1.18133724,,,,,,,3,,,,,,,,,
21.176407,60199,6063327,,173.69131470,2.59089971,-168.15138245,,,,,0.29156852,1.54552364,-10.35277367,-0.83032602,0.23416024,0.62060916,2.70184055,-1.09097427,-2.02119982,0.25438428,0.18676725,1.17790639,,,,,,,3,,,,,,,,,
21.186442,60200,6063427,,173.70512390,2.60297632,-168.15771484,,,,,-0.29322150,-0.83286136,-9.61499214,0.25443527,-1.87233222,-0.34788299,-2.01521082,-0.29643904,-0.76124796,0.25391409,0.18677516,1.17790413,,,,,,,3,,,,,,,,,
21.196375,60201,6063527,,173.69833374,2.61491179,-168.15559387,,,,,-0.17831680,1.73215795,-10.47650146,-0.41476750,0.50037670,0.78376150,2.12652177,0.85464860,-0.37691454,0.24937615,0.18636960,1.18232775,,,,,,,3,,,,,,,,,
21.206362,60202,6063627,,173.71499634,2.59185243,-168.14825439,,,,,-0.11829591,-0.37983310,-9.76833725,-0.01651322,-1.48175049,-0.15186083,0.42499772,-1.68949958,-1.07706299,0.24975969,0.18732399,1.18036580,,,,,,,3,,,,,,,,,
21.216439,60203,6063727,,173.72413635,2.59300828,-168.12980652,,,,,-0.63244456,0.55228984,-8.73195839,0.31532443,-0.34881258,-1.05550575,-1.99807067,-0.44341964,0.40084107,0.25258130,0.18631673,1.17986917,,,,,,,3,,,,,,,,,
21.226500,60204,6063827,,173.70533752,2.60333443,-168.13825989,,,,,-0.06588577,1.88028252,-10.36287212,-0.55262649,0.63500059,0.68282187,1.19839458,0.03035848,-0.35881534,0.25180486,0.18584785,1.18431079,,,,,,,3,,,,,,,,,
21.236421,60205,6063927,,173.70155334,2.59154606,-168.14739990,,,,,0.29478052,-1.91449034,-9.67150688,-0.09766455,-3.04847097,-0.43630970,-0.01136579,-3.16924129,-0.83711578,0.25407699,0.18821000,1.18336999,,,,,,,3,,,,,,,,,
21.246465,60206,6064027,,173.72799683,2.62336183,-168.12721252,,,,,-0.16075924,2.29474092,-9.61973953,-0.53325319,1.14427185,-0.00440335,-0.67522103,-0.64550026,-0.29052263,0.25264919,0.18823424,1.18286848,,,,,,,3,,,,,,,,,
21.256388,60207,6064127,,173.70994568,2.61094594,-168.12525940,,,,,-0.42574704,-0.49538085,-10.34756660,0.29585123,-1.59882998,0.42492485,-0.55659212,0.95326698,-0.68355872,0.24900150,0.18493508,1.18428218,,,,,,,3,,,,,,,,,
21.266534,60208,6064227,,173.71107483,2.59116101,-168.10720825,,,,,0.08175831,0.05816568,-9.71969128,-0.30216834,-1.09195280,-0.16172528,0.19167058,-1.46147244,-1.09620769,0.25168478,0.18489164,1.18033695,,,,,,,3,,,,,,,,,
21.276389,60209,6064327,,173.72831726,2.59023309,-168.10411072,,,,,-0.42233193,1.96653473,-9.90537453,-0.21057433,0.84751368,0.25472569,0.53345613,1.37232769,-0.04469063,0.25448817,0.18580443,1.18036544,,,,,,,3,,,,,,,,,
21.286337,60210,6064427,,173.71443176,2.57570887,-168.13131714,,,,,-0.43802592,-1.14947188,-8.90531731,0.48033875,-2.06250429,-1.07921696,-1.33857471,-0.47127873,0.13818853,0.25356501,0.18581975,1.18085587,,,,,,,3,,,,,,,,,
21.296427,60211,6064527,,173.72171021,2.58320951,-168.13331604,,,,,0.28826320,1.85449123,-10.18275547,-0.88773906,0.56150103,0.48489285,2.36792093,-0.45726430,-0.52060155,0.25260741,0.18583608,1.18035650,,,,,,,3,,,,,,,,,
21.306399,60212,6064627,,173.73756409,2.58327651,-168.15512085,,,,,0.04326778,-0.82042813,-10.02825832,-0.08656651,-1.96806502,0.05209208,1.95594655,-0.66344973,0.25256247,0.25298157,0.18823040,1.17891204,,,,,,,3,,,,,,,,,
21.316381,60213,6064727,,173.75360107,2.59408879,-168.15882874,,,,,-0.50656247,0.42098016,-9.15916061,0.20965113,-0.54858017,-0.65155458,-1.84374745,0.43084679,-0.22510380,0.25257245,0.18679686,1.17987680,,,,,,,3,,,,,,,,,
21.326444,60214,6064827,,173.73983765,2.59248662,-168.14918518,,,,,0.14794298,1.85902262,-11.03613472,-0.77075571,0.49739650,1.33928645,-0.42340103,1.00773283,-1.51497875,0.25226721,0.18440054,1.18330061,,,,,,,3,,,,,,,,,
21.336354,60215,6064927,,173.72595215,2.57346416,-168.15451050,,,,,-0.37389255,-1.43393040,-9.60634327,0.46009713,-2.43176270,-0.41547573,-0.51427760,-0.58611523,0.19678826,0.25129187,0.18537717,1.18281639,,,,,,,3,,,,,,,,,
21.346331,60216,6065027,,173.73005676,2.56222963,-168.14595032,,,,,-0.64473909,2.43531513,-8.82887459,-0.06416987,1.47413278,-0.75180089,-2.65209223,0.06242215,-0.17395088,0.24969913,0.18780565,1.17888880,,,,,,,3,,,,,,,,,
21.356464,60217,6065127,,173.68664551,2.55933094,-168.15447998,,,,,0.07473168,-0.60546303,-9.97790527,-0.15569890,-1.76821947,0.02263618,-2.00405434,-0.95402962,-0.05702816,0.24922058,0.18733394,1.17838418,,,,,,,3,,,,,,,,,
21.366424,60218,6065227,,173.69544983,2.56907654,-168.14672852,,,,,0.16766217,-0.04800735,-10.10251141,-0.36716849,-1.25868785,0.20292687,0.72794123,-0.95363742,0.93546954,0.25211063,0.18728441,1.18037701,,,,,,,3,,,,,,,,,
21.376501,60219,6065327,,173.71611023,2.57580400,-168.15489197,,,,,-0.16221124,1.68792582,-9.67095375,-0.39981222,0.54763865,-0.02052534,-0.97249728,-0.53158727,-0.68832672,0.25205058,0.18680631,1.17839003,,,,,,,3,,,,,,,,,
21.386409,60220,6065427,,173.69511414,2.57578421,-168.15426636,,,,,-0.11655366,-1.19254053,-10.08001995,0.15106657,-2.31083059,0.06772220,-1.52598560,0.23648204,-1.18234886,0.25008419,0.18588074,1.17539692,,,,,,,3,,,,,,,,,
21.396458,60221,6065527,,173.70562744,2.56972671,-168.14102173,,,,,-0.33436283,2.04670548,-10.10726547,-0.31127372,0.88199872,0.45943117,1.44917319,1.68728756,0.95274351,0.24831468,0.18734875,1.17936945,,,,,,,3,,,,,,,,,
21.406485,60222,6065627,,173.71714783,2.54009843,-168.14593506,,,,,-0.38477015,-0.75633442,-9.28551674,0.34231785,-1.73440897,-0.66054237,-0.20933004,-1.14580660,-0.39077084,0.25054449,0.18827251,1.17642665,,,,,,,3,,,,,,,,,
21.416451,60223,6065727,,173.71939087,2.55644345,-168.13444519,,,,,-0.30874020,0.76090133,-8.76038265,-0.03977260,-0.21507215,-1.01918614,-1.23554280,-1.02851625,0.63513769,0.25092068,0.18682772,1.17294240,,,,,,,3,,,,,,,,,
