time_seconds,total_vibration,rms_x,rms_y,rms_z
8.54,0.961566,0.219741,0.461386,0.814522
8.55,0.95097,0.219796,0.462908,0.801094
8.56,0.947019,0.220025,0.467407,0.793703
8.57,0.944952,0.220284,0.463561,0.793424
8.58,0.938479,0.218519,0.461083,0.787651
8.59,0.920464,0.214885,0.442349,0.778079
8.6,0.936849,0.220665,0.43692,0.798808
8.61,0.942733,0.222438,0.448295,0.798936
8.62,0.925002,0.205121,0.450742,0.781272
8.63,0.925352,0.206139,0.446781,0.783689
8.64,0.926773,0.209279,0.446303,0.784808
8.65,0.926595,0.198717,0.44486,0.788156
8.66,0.91838,0.198747,0.429212,0.78721
8.67,0.90371,0.196463,0.428959,0.770771
8.681,0.903184,0.196504,0.416148,0.777141
8.69,0.865763,0.199808,0.397318,0.742806
8.7,0.831394,0.197033,0.407524,0.697365
8.71,0.838627,0.197036,0.406076,0.706805
8.72,0.837801,0.184085,0.41122,0.706343
8.73,0.842342,0.183554,0.421185,0.70601
8.741,0.840851,0.177014,0.404552,0.715566
8.75,0.839228,0.177624,0.399415,0.716395
8.761,0.851647,0.179218,0.423644,0.716735
8.77,0.857832,0.185638,0.417398,0.72608
8.78,0.862593,0.187831,0.426602,0.725808
8.79,0.858955,0.186624,0.419092,0.72618
8.801,0.853453,0.185178,0.419841,0.7196
8.81,0.832278,0.186002,0.417946,0.695278
8.82,0.817728,0.186501,0.412512,0.680977
8.83,0.805684,0.182819,0.409622,0.669263
8.84,0.802106,0.175393,0.410587,0.666355
8.849,0.806491,0.173442,0.406342,0.674709
8.859,0.810792,0.173955,0.414495,0.674772
8.869,0.821624,0.165841,0.414291,0.689874
8.879,0.822943,0.166217,0.414233,0.691389
8.889,0.808463,0.156817,0.416885,0.674706
8.899,0.818715,0.153296,0.414412,0.689244
8.909,0.824221,0.153366,0.41601,0.694805
8.919,0.830702,0.160838,0.429668,0.692519
8.929,0.835629,0.160091,0.426554,0.700499
8.94,0.845902,0.160871,0.423062,0.714625
8.95,0.852392,0.160558,0.433986,0.715856
8.96,0.848554,0.161487,0.433676,0.711259
8.97,0.84307,0.162775,0.433675,0.704412
8.981,0.839711,0.161406,0.429458,0.703298
8.99,0.836887,0.163251,0.429324,0.699578
9.0,0.828302,0.155223,0.424177,0.694308
9.011,0.826262,0.157704,0.418796,0.694585
9.02,0.823659,0.158327,0.418243,0.691679
9.03,0.821171,0.158528,0.418506,0.688508
9.041,0.834359,0.158853,0.422885,0.70149
9.05,0.851624,0.162412,0.44306,0.708932
9.06,0.852809,0.162043,0.439384,0.712718
9.07,0.861165,0.166752,0.436951,0.723099
9.081,0.853043,0.167564,0.437931,0.712616
9.09,0.864057,0.16721,0.437297,0.726227
9.1,0.859079,0.162746,0.440104,0.71961
9.11,0.845633,0.156775,0.44152,0.703972
9.12,0.838409,0.157113,0.432626,0.700771
9.13,0.836902,0.155602,0.432891,0.699141
9.14,0.833517,0.151193,0.432006,0.696608
9.15,0.829945,0.15092,0.432085,0.69234
9.161,0.834312,0.150596,0.438588,0.693568
9.171,0.840343,0.149535,0.439238,0.700633
9.18,0.83307,0.148807,0.441157,0.690828
9.19,0.83852,0.144814,0.446777,0.694647
9.201,0.855675,0.144934,0.435383,0.72223
9.21,0.848337,0.149941,0.436029,0.71209
9.221,0.840204,0.14992,0.431489,0.705184
9.23,0.828487,0.151613,0.419926,0.697902
9.241,0.823443,0.152978,0.420276,0.691393
9.251,0.821193,0.153223,0.4188,0.689556
9.261,0.810102,0.149067,0.398958,0.689113
9.27,0.810832,0.142868,0.402055,0.689485
9.281,0.81646,0.139813,0.394517,0.70101
9.29,0.829357,0.14334,0.413206,0.704662
9.3,0.820408,0.143335,0.416466,0.692156
9.31,0.821744,0.141674,0.416745,0.693913
9.32,0.835236,0.140603,0.415691,0.710669
9.331,0.838533,0.141964,0.417781,0.713051
9.341,0.845315,0.143101,0.425028,0.71654
9.35,0.837686,0.143553,0.425988,0.706855
9.361,0.833675,0.14209,0.417893,0.707242
9.371,0.827121,0.142673,0.421738,0.697073
9.381,0.830102,0.154316,0.420333,0.698982
9.391,0.824322,0.154323,0.417771,0.693656
9.401,0.810852,0.154015,0.41316,0.680484
9.411,0.792077,0.153102,0.404709,0.663443
9.421,0.801368,0.155197,0.387834,0.683879
9.43,0.800854,0.157804,0.393151,0.679631
9.441,0.794013,0.160438,0.395804,0.66937
9.451,0.780029,0.159629,0.379408,0.662581
9.461,0.771548,0.158687,0.381317,0.651691
9.471,0.778639,0.158848,0.375067,0.663604
9.481,0.779526,0.160597,0.372488,0.665674
9.491,0.775917,0.159373,0.372093,0.661962
9.501,0.779691,0.156076,0.373075,0.666613
9.511,0.779399,0.154442,0.373087,0.666645
9.521,0.80346,0.166508,0.377629,0.689361
9.531,0.817835,0.169902,0.379895,0.704037
9.541,0.80372,0.179488,0.375698,0.68746
9.551,0.78981,0.17608,0.35509,0.68316
9.561,0.791338,0.176112,0.348643,0.688221
9.571,0.781455,0.17226,0.358738,0.672537
9.581,0.785085,0.172547,0.360539,0.67572
9.591,0.78997,0.173905,0.358016,0.682374
9.601,0.762825,0.171412,0.358357,0.651229
9.611,0.767951,0.171371,0.345831,0.663913
9.621,0.775279,0.171648,0.338748,0.675902
9.631,0.789114,0.17163,0.342844,0.689712
9.641,0.785182,0.171686,0.343448,0.684893
9.651,0.800091,0.172404,0.347909,0.699559
9.661,0.815959,0.172549,0.343094,0.719932
9.671,0.803965,0.173254,0.355632,0.699906
9.681,0.804922,0.172963,0.353412,0.702199
9.691,0.791023,0.173607,0.34927,0.688178
9.701,0.81585,0.179052,0.348327,0.715696
9.711,0.789372,0.175932,0.341196,0.689741
9.721,0.789473,0.180834,0.338873,0.689733
9.731,0.780042,0.179555,0.342096,0.67764
9.741,0.782569,0.178358,0.344479,0.67966
9.751,0.779353,0.180578,0.335741,0.679751
9.761,0.776528,0.180531,0.334507,0.677133
9.771,0.77992,0.187022,0.339816,0.676626
9.781,0.739679,0.18602,0.336797,0.631736
9.791,0.73406,0.183573,0.325148,0.632
9.801,0.728649,0.184537,0.320178,0.627982
9.811,0.732561,0.185562,0.320499,0.632054
9.821,0.741642,0.184252,0.320295,0.643035
9.831,0.737066,0.191342,0.316572,0.637524
9.841,0.733968,0.190163,0.308304,0.638354
9.851,0.733284,0.19196,0.308585,0.636892
9.861,0.733281,0.191981,0.313412,0.634522
9.871,0.736165,0.192777,0.308576,0.639966
9.881,0.707417,0.185318,0.307966,0.609305
9.891,0.70576,0.187455,0.307582,0.606919
9.901,0.729843,0.19704,0.310032,0.630655
9.911,0.731247,0.197056,0.31073,0.631932
9.921,0.734443,0.191016,0.320005,0.632863
9.931,0.722326,0.188264,0.312437,0.623454
9.941,0.723384,0.19032,0.310437,0.625053
9.951,0.73383,0.190955,0.310623,0.636833
9.961,0.743928,0.190922,0.314816,0.646428
9.971,0.767046,0.191942,0.311293,0.674251
9.981,0.791479,0.188997,0.309427,0.703544
9.991,0.838596,0.190117,0.309562,0.755824
10.001,0.861709,0.188678,0.309105,0.781919
10.011,0.876501,0.189226,0.309582,0.797877
10.021,0.876004,0.179114,0.3096,0.799655
10.031,0.905623,0.176981,0.30944,0.832513
10.041,0.917238,0.166059,0.310472,0.846969
10.051,0.939616,0.165917,0.309033,0.871693
10.061,0.945418,0.165922,0.327825,0.8711
10.071,0.970856,0.16683,0.321345,0.900814
10.081,0.961395,0.166833,0.318614,0.891589
10.091,0.964991,0.165695,0.322871,0.894152
10.101,0.961786,0.168922,0.316184,0.892483
10.111,0.970795,0.170323,0.315583,0.902131
10.121,0.956716,0.169985,0.318507,0.885982
10.131,0.955631,0.169819,0.313766,0.886534
10.141,0.956641,0.173934,0.320565,0.884391
10.151,0.944032,0.173363,0.318228,0.871707
10.161,0.912306,0.174493,0.315056,0.838209
10.171,0.925608,0.188511,0.309287,0.851796
10.181,0.928777,0.188628,0.319003,0.851636
10.191,0.924365,0.188328,0.311869,0.849542
10.201,0.864852,0.190679,0.311078,0.784118
10.211,0.861395,0.189796,0.316172,0.778469
10.221,0.863452,0.185379,0.326633,0.777493
10.231,0.855406,0.189759,0.328043,0.766876
10.241,0.834583,0.189805,0.321699,0.746332
10.251,0.830237,0.187533,0.32459,0.740788
10.261,0.82589,0.189714,0.325116,0.73512
10.271,0.804463,0.182779,0.320828,0.714718
10.281,0.791693,0.182328,0.324385,0.698791
10.291,0.778059,0.182379,0.314023,0.688115
10.301,0.75465,0.181538,0.316396,0.660632
10.311,0.75811,0.180898,0.330148,0.658035
10.321,0.761708,0.181053,0.330221,0.662098
10.331,0.718205,0.173169,0.33385,0.611862
10.341,0.706657,0.173446,0.330819,0.599866
10.351,0.704411,0.174833,0.328045,0.598344
10.361,0.690269,0.178576,0.326177,0.581541
10.371,0.696085,0.176636,0.335128,0.583972
10.381,0.685695,0.176383,0.334981,0.571712
10.391,0.663231,0.172583,0.335789,0.545286
10.401,0.659697,0.16183,0.335342,0.54457
10.411,0.666262,0.163093,0.336392,0.551494
10.421,0.661589,0.163774,0.33031,0.549339
10.431,0.669642,0.164166,0.334223,0.556565
10.441,0.659526,0.156959,0.332922,0.547268
10.451,0.670593,0.157548,0.338788,0.556862
10.461,0.675998,0.162728,0.338802,0.561877
10.471,0.687462,0.162652,0.342848,0.57324
10.481,0.681235,0.163406,0.340404,0.567014
10.491,0.672799,0.162567,0.345472,0.553967
10.501,0.674017,0.164559,0.349282,0.552468
10.511,0.694382,0.167775,0.349166,0.576282
10.521,0.692545,0.169317,0.344747,0.576282
10.531,0.679514,0.168842,0.342763,0.561912
10.541,0.68095,0.168761,0.347517,0.560753
10.551,0.67296,0.16866,0.347787,0.550885
10.561,0.662735,0.169354,0.335257,0.546022
10.571,0.652484,0.169641,0.329166,0.537221
10.581,0.651875,0.169572,0.328071,0.537173
10.591,0.641066,0.169351,0.323747,0.526758
10.601,0.642846,0.170047,0.327627,0.526304
10.611,0.641829,0.170501,0.328262,0.524517
10.621,0.642707,0.170238,0.330202,0.52446
10.631,0.629185,0.176935,0.329383,0.506038
10.641,0.627617,0.172916,0.322248,0.510058
10.651,0.617109,0.17491,0.318749,0.498628
10.661,0.612886,0.174598,0.317964,0.494008
10.671,0.571409,0.162067,0.310154,0.451716
10.681,0.571115,0.165477,0.301874,0.4557
10.691,0.561172,0.16663,0.317127,0.431948
10.701,0.5528,0.158861,0.317148,0.42399
10.711,0.567276,0.166897,0.312734,0.442883
10.721,0.557076,0.166429,0.302046,0.437497
10.731,0.556765,0.161513,0.301464,0.439341
10.741,0.575255,0.163606,0.303719,0.460333
10.751,0.590647,0.165486,0.300338,0.480911
10.761,0.595595,0.165842,0.313422,0.478536
10.771,0.603936,0.165872,0.314859,0.487944
10.781,0.607518,0.168502,0.310606,0.494175
10.791,0.60405,0.168773,0.309238,0.490677
10.801,0.612605,0.171556,0.314081,0.497198
10.811,0.648864,0.176733,0.303141,0.545798
10.821,0.672711,0.182117,0.308575,0.569346
10.831,0.68648,0.180221,0.31312,0.583722
10.841,0.696816,0.181618,0.312686,0.595646
10.851,0.706281,0.179549,0.31258,0.607363
10.861,0.710515,0.176338,0.321166,0.608759
10.871,0.722494,0.181549,0.313987,0.624859
10.881,0.721381,0.180573,0.314095,0.623801
10.891,0.724682,0.18255,0.323467,0.62226
10.901,0.720968,0.182616,0.324801,0.617212
10.911,0.720584,0.182004,0.328428,0.615021
10.921,0.727862,0.181989,0.328129,0.623694
10.931,0.730931,0.181245,0.330199,0.626401
10.941,0.725495,0.179579,0.33612,0.617348
10.951,0.731479,0.180461,0.330525,0.627095
10.961,0.743558,0.177418,0.327323,0.643631
10.971,0.749072,0.181687,0.32747,0.648739
10.981,0.75449,0.180954,0.329536,0.654153
10.991,0.757991,0.181988,0.324231,0.660534
11.001,0.7562,0.181688,0.338424,0.651381
11.011,0.74735,0.179883,0.340283,0.64061
11.021,0.746619,0.179807,0.347455,0.635912
11.031,0.752005,0.186135,0.346158,0.641124
11.041,0.743801,0.186176,0.339834,0.634895
11.051,0.754626,0.1945,0.34419,0.642778
11.061,0.753122,0.195345,0.340876,0.642523
11.071,0.778061,0.196694,0.341233,0.671007
11.081,0.792831,0.208868,0.35839,0.675657
11.091,0.792818,0.209922,0.357862,0.675595
11.101,0.795771,0.208092,0.359181,0.678924
11.111,0.793447,0.206913,0.368669,0.671437
11.121,0.814512,0.212154,0.37036,0.693725
11.131,0.818907,0.218116,0.371423,0.696476
11.141,0.812105,0.218529,0.371382,0.688356
11.151,0.825204,0.217336,0.370761,0.70446
11.161,0.829249,0.217287,0.382035,0.7032
11.171,0.846335,0.214145,0.393315,0.718143
11.181,0.840012,0.212924,0.394031,0.71065
11.191,0.834498,0.211442,0.38087,0.711771
11.201,0.844715,0.211021,0.380797,0.723883
11.211,0.843863,0.205824,0.390124,0.719405
11.221,0.846203,0.205876,0.395812,0.719032
11.231,0.852019,0.207126,0.39336,0.726845
11.241,0.835283,0.206078,0.397218,0.7053
11.251,0.833018,0.206756,0.407247,0.69665
11.261,0.826171,0.205167,0.397847,0.694394
11.271,0.824044,0.207788,0.39465,0.69291
11.281,0.831404,0.205504,0.39869,0.700034
11.291,0.838691,0.207932,0.408908,0.702112
11.301,0.833802,0.205276,0.405836,0.698846
11.311,0.820138,0.204465,0.402688,0.684589
11.321,0.815874,0.208162,0.404278,0.677405
11.331,0.808366,0.20797,0.398289,0.67199
11.341,0.810922,0.206489,0.398355,0.675478
11.351,0.811193,0.20823,0.403584,0.672157
11.361,0.809851,0.207949,0.402595,0.671218
11.371,0.799325,0.205434,0.401114,0.66017
11.381,0.805026,0.21689,0.401117,0.663423
11.391,0.808466,0.216424,0.398691,0.669196
11.401,0.807332,0.21733,0.395992,0.669136
11.411,0.808642,0.21855,0.395848,0.670404
11.421,0.815642,0.219126,0.401155,0.675523
11.431,0.820242,0.221453,0.399225,0.68145
11.441,0.820318,0.221263,0.396974,0.682917
11.451,0.817154,0.220922,0.399754,0.677591
11.461,0.829369,0.225127,0.399835,0.690871
11.471,0.82429,0.220813,0.401407,0.68525
11.481,0.826025,0.220927,0.410572,0.681864
11.491,0.819631,0.218825,0.41309,0.673251
11.501,0.816919,0.217719,0.405119,0.675155
11.511,0.842008,0.219185,0.404644,0.705124
11.521,0.852229,0.220851,0.411626,0.7128
11.531,0.861602,0.217166,0.427289,0.715975
11.541,0.858726,0.217466,0.426913,0.712646
11.551,0.856752,0.212698,0.42638,0.712028
11.561,0.859383,0.215647,0.426132,0.714456
11.571,0.840314,0.213469,0.428434,0.690654
11.581,0.831975,0.203829,0.426775,0.684471
11.591,0.835686,0.20423,0.426127,0.689259
11.601,0.840307,0.207301,0.421554,0.696731
11.611,0.851974,0.218819,0.420783,0.707757
11.621,0.831307,0.214099,0.417869,0.686017
11.631,0.82706,0.202143,0.420792,0.682715
11.641,0.828615,0.201853,0.424446,0.682425
11.651,0.825903,0.205621,0.426077,0.676975
11.661,0.832709,0.207291,0.418454,0.689443
11.671,0.820158,0.206791,0.416866,0.675366
11.681,0.838129,0.207136,0.420008,0.695088
11.691,0.853408,0.210721,0.420064,0.712354
11.701,0.847707,0.2107,0.426313,0.701762
11.711,0.84511,0.21033,0.417696,0.703919
11.721,0.845693,0.21257,0.412175,0.707194
11.731,0.839499,0.213119,0.413973,0.698544
11.741,0.838773,0.214076,0.410969,0.699153
11.751,0.83452,0.213134,0.404139,0.698333
11.761,0.834903,0.213745,0.404109,0.698621
11.771,0.839013,0.211145,0.403474,0.704677
11.781,0.832992,0.211396,0.414803,0.690744
11.791,0.830589,0.208846,0.411266,0.69074
11.801,0.830185,0.209016,0.40927,0.691387
11.811,0.827406,0.209527,0.412678,0.685854
11.821,0.822168,0.2005,0.424811,0.674756
11.831,0.841772,0.200675,0.429159,0.695795
11.841,0.840971,0.206938,0.430346,0.692251
11.851,0.840414,0.206021,0.426333,0.694328
11.861,0.840137,0.206173,0.421522,0.69688
11.871,0.862944,0.212651,0.422758,0.721615
11.881,0.862549,0.197385,0.434038,0.718777
11.891,0.857062,0.19683,0.431083,0.714129
11.901,0.857582,0.19682,0.431847,0.714295
11.911,0.856905,0.197276,0.431147,0.713779
11.921,0.854137,0.196396,0.427533,0.712877
11.931,0.847658,0.193613,0.427246,0.706045
11.941,0.846146,0.193148,0.428336,0.703694
11.951,0.858774,0.198166,0.424204,0.719913
11.961,0.850654,0.198133,0.430626,0.70634
11.971,0.863903,0.198173,0.457188,0.705716
11.981,0.869727,0.199144,0.456531,0.712984
11.991,0.874523,0.200492,0.454661,0.719636
12.001,0.874147,0.205273,0.447441,0.722352
12.011,0.847527,0.203087,0.448425,0.689908
12.021,0.840915,0.201203,0.436866,0.689786
12.031,0.830031,0.202994,0.424192,0.683964
12.041,0.853326,0.207374,0.423864,0.710986
12.051,0.855687,0.205923,0.434085,0.708072
12.061,0.855062,0.2024,0.434445,0.708113
12.071,0.85813,0.208429,0.438307,0.707694
12.081,0.858487,0.205377,0.428879,0.714761
12.091,0.859014,0.205919,0.429694,0.714748
12.101,0.849707,0.201989,0.430236,0.704344
12.111,0.844303,0.189364,0.422765,0.705875
12.121,0.846014,0.189318,0.422105,0.708326
12.131,0.848186,0.189902,0.422816,0.710341
12.141,0.861971,0.191264,0.423653,0.7259
12.151,0.857386,0.193609,0.422163,0.720697
12.161,0.855603,0.191762,0.419588,0.720576
12.171,0.855666,0.191923,0.417731,0.721686
12.181,0.843899,0.190213,0.416,0.709174
12.191,0.828927,0.188009,0.42379,0.68715
12.201,0.827809,0.188095,0.416353,0.690317
12.211,0.824746,0.193027,0.415151,0.686
12.221,0.8259,0.190287,0.41557,0.687898
12.231,0.839132,0.187818,0.433537,0.693478
12.241,0.839367,0.185499,0.432683,0.69492
12.248,0.846438,0.190405,0.438186,0.698711
12.26,0.85356,0.190028,0.438422,0.707276
12.27,0.851624,0.18961,0.440579,0.703705
12.28,0.852532,0.193444,0.427165,0.711984
12.29,0.84624,0.194512,0.418608,0.709263
12.3,0.841438,0.19665,0.42101,0.701496
12.31,0.837602,0.192943,0.417701,0.699911
12.32,0.834566,0.2001,0.409309,0.699233
12.33,0.816953,0.19964,0.404099,0.681366
12.34,0.813363,0.193939,0.418528,0.669911
12.35,0.810482,0.19302,0.422129,0.664404
12.36,0.810708,0.192733,0.424109,0.663501
12.37,0.796963,0.183708,0.424739,0.648844
12.38,0.791187,0.184929,0.413688,0.648568
12.39,0.801491,0.18471,0.409899,0.663516
12.4,0.811117,0.188588,0.410121,0.673904
12.41,0.812997,0.186254,0.413688,0.674638
12.42,0.805326,0.186268,0.417124,0.663221
12.43,0.812821,0.186243,0.425223,0.667216
12.44,0.812862,0.187375,0.420357,0.670026
12.45,0.796127,0.182401,0.422055,0.649937
12.46,0.784461,0.176555,0.415021,0.641846
12.47,0.77629,0.176441,0.396765,0.643484
12.48,0.765113,0.175524,0.387193,0.636137
12.49,0.76885,0.175684,0.39216,0.637555
12.5,0.781331,0.169393,0.396506,0.651588
12.51,0.794433,0.184145,0.402676,0.659596
12.52,0.794826,0.184217,0.407494,0.657085
12.53,0.799735,0.182671,0.418486,0.656564
12.54,0.785341,0.183969,0.423419,0.63532
12.55,0.777602,0.183838,0.409176,0.635172
12.56,0.772582,0.184293,0.408856,0.629092
12.57,0.772161,0.178296,0.40014,0.63587
12.58,0.767772,0.178301,0.406747,0.62629
12.59,0.770069,0.176981,0.406008,0.629954
12.6,0.770019,0.178573,0.404391,0.630483
12.61,0.76037,0.182209,0.403772,0.618005
12.62,0.777622,0.187074,0.404236,0.637411
12.63,0.786466,0.18946,0.408554,0.644761
12.64,0.773698,0.18749,0.408405,0.629811
12.65,0.772363,0.182579,0.409993,0.628581
12.66,0.769414,0.18256,0.415606,0.621242
12.67,0.775485,0.184869,0.40963,0.631984
12.68,0.788006,0.187169,0.410228,0.646247
12.69,0.797537,0.185897,0.418069,0.653242
12.7,0.795365,0.186051,0.418433,0.650311
12.71,0.800158,0.182179,0.429801,0.649873
12.72,0.797012,0.185464,0.433018,0.642905
12.73,0.7933,0.192426,0.427241,0.640127
12.74,0.800617,0.195582,0.436444,0.642069
12.75,0.799344,0.18904,0.43017,0.646659
12.76,0.801685,0.191611,0.430423,0.64863
12.77,0.804754,0.197247,0.43661,0.646602
12.78,0.79856,0.197613,0.435683,0.639396
12.79,0.807238,0.197688,0.449647,0.640601
12.8,0.815661,0.196261,0.459009,0.645054
12.81,0.838897,0.20741,0.461992,0.668799
12.82,0.853738,0.205334,0.47306,0.680383
12.83,0.850926,0.20685,0.476754,0.67379
12.84,0.841071,0.206507,0.461217,0.672334
12.85,0.843874,0.209611,0.462087,0.674287
12.86,0.843827,0.210143,0.467381,0.670402
12.87,0.840644,0.216961,0.466446,0.664859
12.88,0.846068,0.215738,0.476643,0.664905
12.89,0.840346,0.218437,0.479753,0.65445
12.9,0.849809,0.228009,0.481415,0.662139
12.91,0.861091,0.231928,0.480148,0.676126
12.92,0.864081,0.233411,0.486193,0.675108
12.93,0.854912,0.233412,0.477218,0.669818
12.94,0.863748,0.232417,0.494538,0.668937
12.95,0.868797,0.233379,0.492306,0.67674
12.96,0.881274,0.235746,0.502777,0.684313
12.97,0.886608,0.240155,0.514567,0.680897
12.98,0.887326,0.23977,0.515518,0.681248
12.99,0.881861,0.240691,0.509369,0.678446
13.0,0.867654,0.24725,0.507031,0.659251
13.01,0.858142,0.243369,0.499415,0.654036
13.02,0.862619,0.248442,0.502424,0.655712
13.03,0.864347,0.247185,0.509652,0.652879
13.04,0.869757,0.247883,0.510784,0.658886
13.05,0.872255,0.257525,0.51752,0.65321
13.06,0.87694,0.256623,0.51743,0.659874
13.07,0.884785,0.257385,0.523638,0.665133
13.08,0.889252,0.257502,0.531739,0.664617
13.09,0.899499,0.264366,0.538043,0.67061
13.1,0.897346,0.266749,0.540617,0.664686
13.11,0.899484,0.263933,0.540801,0.668539
13.12,0.884176,0.260274,0.539793,0.650115
13.13,0.877681,0.257631,0.538597,0.643322
13.14,0.878084,0.257279,0.538355,0.644215
13.15,0.884265,0.257333,0.545578,0.646568
13.16,0.899393,0.271808,0.556236,0.652403
13.17,0.89265,0.270059,0.565411,0.635769
13.18,0.881928,0.269298,0.562417,0.623668
13.19,0.871186,0.272417,0.548979,0.619174
13.2,0.868124,0.272868,0.55088,0.612955
13.21,0.875738,0.276939,0.552931,0.620073
13.22,0.877042,0.274366,0.555939,0.620369
13.23,0.872285,0.27065,0.554988,0.616131
13.24,0.865945,0.274482,0.546103,0.613426
13.25,0.859143,0.274343,0.545714,0.6042
13.26,0.849232,0.273528,0.545989,0.590148
13.27,0.842114,0.274581,0.538715,0.586129
13.28,0.855338,0.275172,0.541668,0.602063
13.29,0.867442,0.281336,0.535983,0.621312
13.3,0.866703,0.281383,0.540789,0.616072
13.31,0.839278,0.273737,0.537373,0.583683
13.32,0.814913,0.271017,0.522371,0.563703
13.33,0.816398,0.279314,0.517822,0.565995
13.34,0.814849,0.279796,0.51766,0.563668
13.35,0.811381,0.28004,0.514084,0.561814
13.36,0.809067,0.282271,0.508652,0.562303
13.37,0.805861,0.275654,0.50865,0.560983
13.38,0.800562,0.275694,0.499598,0.561511
13.39,0.801801,0.274179,0.50274,0.561215
13.4,0.798519,0.270516,0.499783,0.560955
13.41,0.791121,0.268752,0.498037,0.552814
13.42,0.789137,0.269444,0.492264,0.55481
13.43,0.797969,0.269324,0.496152,0.563961
13.44,0.793096,0.276827,0.480662,0.566862
13.45,0.787025,0.278141,0.486241,0.552825
13.46,0.768494,0.276302,0.475926,0.536409
13.47,0.752832,0.275687,0.451083,0.535983
13.48,0.756738,0.275437,0.455658,0.537739
13.49,0.753932,0.274286,0.457144,0.533103
13.5,0.753955,0.267293,0.457654,0.536241
13.51,0.752683,0.258915,0.457758,0.538472
13.52,0.753211,0.260933,0.451018,0.543897
13.53,0.741625,0.260984,0.43274,0.542799
13.54,0.734658,0.260147,0.435648,0.531278
13.55,0.729549,0.259978,0.428688,0.52998
13.56,0.738293,0.260481,0.452773,0.52175
13.57,0.726798,0.263689,0.446583,0.509183
13.58,0.717317,0.264858,0.431739,0.507933
13.59,0.703309,0.264021,0.423105,0.495901
13.6,0.700411,0.26042,0.420537,0.495889
13.61,0.702978,0.260484,0.420928,0.499146
13.62,0.728975,0.273574,0.454219,0.500247
13.63,0.725335,0.276633,0.449297,0.497711
13.64,0.718055,0.276798,0.445397,0.490518
13.65,0.71109,0.281524,0.442763,0.479952
13.66,0.692193,0.272292,0.424099,0.474477
13.67,0.698129,0.273918,0.431937,0.475167
13.68,0.699297,0.273339,0.439265,0.470477
13.69,0.697588,0.271257,0.440519,0.467965
13.7,0.701829,0.280305,0.438158,0.47118
13.71,0.688535,0.274998,0.423615,0.467981
13.72,0.686133,0.275239,0.420016,0.467557
13.73,0.680957,0.27237,0.415186,0.46598
13.74,0.693646,0.268661,0.421423,0.481007
13.75,0.693677,0.269029,0.420153,0.481957
13.76,0.69365,0.26615,0.420236,0.483443
13.77,0.694039,0.262738,0.422015,0.484317
13.78,0.688302,0.257018,0.437702,0.464885
13.79,0.681623,0.253552,0.430143,0.464002
13.8,0.676413,0.255556,0.411982,0.471696
13.81,0.686797,0.266331,0.422929,0.471052
13.82,0.686801,0.266365,0.423844,0.470215
13.83,0.681958,0.252514,0.424659,0.470072
13.84,0.682165,0.253905,0.426571,0.467888
13.85,0.684991,0.255424,0.427445,0.470385
13.86,0.689694,0.25765,0.436743,0.467494
13.87,0.690406,0.264793,0.435395,0.465807
13.88,0.697365,0.263774,0.436023,0.476051
13.89,0.7021,0.281815,0.42976,0.478363
13.9,0.688591,0.279327,0.429216,0.460335
13.91,0.688564,0.275934,0.440832,0.451273
13.92,0.688384,0.275599,0.437829,0.454119
13.93,0.679419,0.276936,0.431787,0.445508
13.94,0.691327,0.281197,0.455042,0.437947
13.95,0.706082,0.283374,0.44984,0.464645
13.96,0.753056,0.283391,0.492771,0.493923
13.97,0.753679,0.284768,0.494392,0.492459
13.98,0.758624,0.284238,0.487456,0.507056
13.99,0.806677,0.308155,0.491464,0.560564
14.0,0.811462,0.308758,0.49126,0.567277
14.01,0.830691,0.309579,0.514169,0.574316
14.02,0.837561,0.307613,0.520254,0.579844
14.03,0.841529,0.307042,0.520094,0.586002
14.04,0.843306,0.321252,0.51181,0.588228
14.05,0.84928,0.318287,0.516088,0.594661
14.06,0.856044,0.318605,0.502491,0.615471
14.07,0.895359,0.327628,0.510558,0.658527
14.08,0.913208,0.325193,0.511497,0.683059
14.09,0.937854,0.322954,0.548471,0.688804
14.1,0.953081,0.322959,0.551549,0.707003
14.11,0.977791,0.327565,0.565035,0.727675
14.12,0.974095,0.32752,0.544175,0.738556
14.13,0.982989,0.333406,0.555769,0.739072
14.14,0.989668,0.333441,0.56227,0.743042
14.15,0.991835,0.329773,0.561048,0.748473
14.16,0.992401,0.32693,0.561105,0.750425
14.17,0.990125,0.3262,0.560778,0.747977
14.18,0.995042,0.324434,0.554265,0.760028
14.19,1.001379,0.326288,0.554271,0.767515
14.2,0.996573,0.321995,0.553801,0.763401
14.21,1.00565,0.32171,0.574857,0.759851
14.22,1.010265,0.320842,0.572181,0.768312
14.23,1.009267,0.320413,0.570457,0.768463
14.24,1.002572,0.320602,0.567852,0.761518
14.25,1.011561,0.320165,0.569229,0.772481
14.26,1.01745,0.324291,0.577738,0.772179
14.27,1.023083,0.321194,0.577443,0.781084
14.28,1.016804,0.320417,0.559905,0.785958
14.29,1.013987,0.333268,0.563012,0.774673
14.3,1.010845,0.331187,0.563845,0.770845
14.31,1.00433,0.321227,0.559558,0.769667
14.32,1.002377,0.317656,0.556968,0.770481
14.33,1.001054,0.316336,0.557636,0.768819
14.34,1.001235,0.317949,0.554005,0.771011
14.35,1.005423,0.318494,0.563344,0.769467
14.36,0.998189,0.316012,0.552716,0.76878
14.37,1.002171,0.310415,0.552484,0.77637
14.38,1.000239,0.31678,0.55284,0.771036
14.39,0.990717,0.302095,0.552841,0.764608
14.4,0.988314,0.302621,0.552595,0.761461
14.41,0.984921,0.301618,0.548685,0.76029
14.42,0.988144,0.300086,0.550741,0.763584
14.43,0.991195,0.302434,0.551356,0.766165
14.44,0.972943,0.295749,0.523831,0.764691
14.45,0.958719,0.293241,0.521048,0.74944
14.46,0.916019,0.293704,0.469174,0.729867
14.47,0.916391,0.291686,0.468469,0.731593
14.48,0.906756,0.298009,0.466178,0.718384
14.49,0.864885,0.270292,0.465885,0.676697
14.5,0.860724,0.270148,0.465569,0.671648
14.51,0.842476,0.27137,0.452327,0.656906
14.52,0.835153,0.270559,0.454394,0.646378
14.53,0.836314,0.273523,0.462132,0.641124
14.54,0.828003,0.257917,0.458105,0.639693
14.55,0.826797,0.255574,0.457151,0.639756
14.56,0.804441,0.25498,0.442765,0.621344
14.57,0.763001,0.230279,0.447077,0.573815
14.58,0.738558,0.230358,0.441176,0.54568
14.59,0.712749,0.229918,0.41038,0.535478
14.6,0.696472,0.230507,0.402094,0.519866
14.61,0.659753,0.221406,0.391356,0.482798
14.62,0.633417,0.212238,0.374151,0.464955
14.63,0.627034,0.202207,0.369077,0.464828
14.64,0.61065,0.201694,0.350776,0.45735
14.65,0.606267,0.196702,0.351602,0.453039
14.66,0.603403,0.197968,0.350926,0.44917
14.67,0.604588,0.198063,0.35354,0.448673
14.68,0.587245,0.198068,0.350179,0.427785
14.69,0.576077,0.193329,0.350186,0.414558
14.7,0.57194,0.190399,0.348418,0.411665
14.71,0.558094,0.190834,0.322227,0.413788
14.72,0.546326,0.19697,0.316783,0.399154
14.73,0.547619,0.197784,0.320115,0.397862
14.741,0.551048,0.200357,0.32284,0.399106
14.75,0.565211,0.207523,0.321246,0.416172
14.76,0.558345,0.200436,0.310595,0.418456
14.77,0.551162,0.200523,0.3218,0.400019
14.78,0.547271,0.202024,0.32706,0.389518
14.79,0.535035,0.184223,0.325011,0.383004
14.8,0.546023,0.187007,0.325951,0.396139
14.81,0.548913,0.188151,0.328047,0.397857
14.82,0.555259,0.186623,0.331967,0.404083
14.83,0.558725,0.187226,0.332253,0.408323
14.84,0.552742,0.183194,0.332144,0.40205
14.85,0.559745,0.178817,0.320459,0.422664
14.86,0.566883,0.178818,0.318449,0.433557
14.87,0.567251,0.175339,0.329292,0.427314
14.88,0.574349,0.164633,0.32858,0.44137
14.89,0.57284,0.161449,0.328401,0.440718
14.9,0.584577,0.160778,0.346559,0.442467
14.91,0.582549,0.159945,0.343362,0.442588
14.92,0.586751,0.155484,0.356097,0.439655
14.93,0.580786,0.147087,0.35275,0.437315
14.94,0.589149,0.149836,0.352785,0.447425
14.95,0.591474,0.149933,0.354888,0.448794
14.96,0.59689,0.151619,0.350038,0.45909
14.97,0.600376,0.153869,0.345352,0.466377
14.98,0.599685,0.144449,0.352118,0.463432
14.99,0.599895,0.143131,0.359538,0.458389
15.0,0.599795,0.143932,0.360103,0.457562
15.01,0.599601,0.141751,0.359686,0.458316
15.02,0.605624,0.143824,0.353812,0.470013
15.03,0.599233,0.144935,0.353078,0.461963
15.04,0.610628,0.143749,0.35377,0.476497
15.05,0.614963,0.145704,0.358147,0.478205
15.06,0.620035,0.147063,0.359861,0.483028
15.07,0.622248,0.149482,0.357747,0.486687
15.08,0.632101,0.151001,0.357537,0.498916
15.09,0.644345,0.158267,0.363741,0.507764
15.1,0.64232,0.157141,0.366444,0.503588
15.11,0.641197,0.156631,0.367161,0.50179
15.12,0.645564,0.16718,0.368527,0.502982
15.13,0.644558,0.168305,0.364823,0.504017
15.14,0.649675,0.174245,0.366762,0.507151
15.15,0.646829,0.175913,0.36507,0.504148
15.16,0.653402,0.174663,0.371384,0.508429
15.17,0.669023,0.179361,0.358053,0.535928
15.18,0.682557,0.179431,0.380399,0.537573
15.19,0.706174,0.180412,0.391345,0.559448
15.2,0.713231,0.182608,0.39016,0.568443
15.21,0.711534,0.182337,0.389492,0.56686
15.22,0.710412,0.178873,0.389432,0.566597
15.23,0.710176,0.177927,0.389133,0.566805
15.24,0.705781,0.1737,0.38602,0.564751
15.25,0.691221,0.17158,0.386408,0.546842
15.26,0.69691,0.1702,0.393042,0.549758
15.27,0.697043,0.171979,0.38949,0.551896
15.28,0.705347,0.171802,0.385241,0.565321
15.29,0.703298,0.169056,0.383663,0.564668
15.3,0.69484,0.166813,0.382171,0.555807
15.31,0.695892,0.16516,0.379195,0.559643
15.32,0.696739,0.165087,0.386191,0.555921
15.33,0.71431,0.165123,0.386487,0.577582
15.34,0.719552,0.166473,0.38757,0.582951
15.35,0.714631,0.168027,0.39594,0.570697
15.36,0.726105,0.168074,0.396476,0.584624
15.37,0.72817,0.178548,0.392967,0.586455
15.38,0.728794,0.184903,0.404728,0.577189
15.39,0.73482,0.190155,0.413895,0.576621
15.4,0.726463,0.189907,0.400953,0.575258
15.41,0.730795,0.189782,0.401047,0.580694
15.42,0.726602,0.196464,0.391294,0.579863
15.43,0.730498,0.196983,0.404123,0.575768
15.44,0.721304,0.195871,0.405334,0.563577
15.45,0.722075,0.199154,0.405152,0.563544
15.46,0.712144,0.197923,0.404386,0.551768
15.47,0.714308,0.207364,0.404033,0.551355
15.48,0.710069,0.204703,0.399333,0.550298
15.49,0.713614,0.206366,0.39837,0.554941
15.5,0.738846,0.214912,0.398131,0.584122
15.51,0.73852,0.215195,0.398505,0.58335
15.52,0.735852,0.213721,0.401065,0.578748
15.53,0.737563,0.210942,0.393695,0.586947
15.54,0.73468,0.211125,0.395893,0.581765
15.55,0.733937,0.210176,0.409648,0.571559
15.56,0.730548,0.209872,0.406298,0.569716
15.57,0.723352,0.2081,0.405375,0.561786
15.58,0.72767,0.206835,0.408976,0.565209
15.59,0.719635,0.201679,0.403703,0.560556
15.6,0.717909,0.203031,0.397615,0.562204
15.61,0.71766,0.203324,0.398689,0.56102
15.62,0.722366,0.193956,0.396958,0.571505
15.63,0.720804,0.193838,0.39559,0.57052
15.64,0.723331,0.187919,0.402406,0.570932
15.65,0.731021,0.193345,0.406299,0.576134
15.66,0.726666,0.193935,0.402839,0.572847
15.67,0.721566,0.190692,0.407092,0.56442
15.681,0.726986,0.198027,0.390806,0.580141
15.69,0.707994,0.1975,0.382365,0.56218
15.7,0.697689,0.196187,0.381931,0.549918
15.71,0.699555,0.199851,0.384126,0.54944
15.72,0.702566,0.196681,0.388284,0.551498
15.73,0.711963,0.200252,0.388883,0.561747
15.741,0.713869,0.200392,0.390587,0.562933
15.75,0.710443,0.195401,0.39815,0.554999
15.76,0.716162,0.195368,0.404037,0.558098
15.77,0.708956,0.194561,0.397604,0.553784
15.78,0.711147,0.194046,0.397211,0.557045
15.79,0.722257,0.200557,0.392312,0.572297
15.8,0.726424,0.206097,0.39762,0.571939
15.81,0.727854,0.205838,0.398498,0.573238
15.82,0.726426,0.206608,0.386797,0.579134
15.83,0.718197,0.222274,0.394629,0.557378
15.84,0.712115,0.221655,0.39324,0.550762
15.85,0.707997,0.224069,0.38603,0.549576
15.86,0.688817,0.224193,0.385596,0.524902
15.87,0.690028,0.21704,0.381571,0.532387
15.88,0.685414,0.214517,0.367012,0.537658
15.89,0.687344,0.210986,0.365004,0.542862
15.9,0.697905,0.211419,0.379515,0.546207
15.91,0.719028,0.217278,0.381268,0.569584
15.92,0.731061,0.220847,0.385479,0.580589
15.93,0.727722,0.220299,0.37946,0.580567
15.94,0.730702,0.219349,0.385761,0.580516
15.95,0.730319,0.221756,0.381264,0.58209
15.96,0.730921,0.221478,0.382832,0.581921
15.97,0.72628,0.211106,0.383755,0.579353
15.98,0.725875,0.211075,0.383215,0.579214
15.99,0.720466,0.209412,0.380494,0.574841
16.0,0.714292,0.203023,0.380007,0.569727
16.01,0.724211,0.207597,0.381674,0.579405
16.02,0.738887,0.217738,0.394758,0.585415
16.03,0.740152,0.215956,0.394591,0.587781
16.04,0.749502,0.217687,0.39317,0.599819
16.05,0.75315,0.222572,0.387273,0.606396
16.06,0.755523,0.22233,0.387518,0.609274
16.07,0.760014,0.223209,0.37767,0.620616
16.08,0.762678,0.228392,0.391273,0.613531
16.09,0.759986,0.228722,0.395557,0.607289
16.1,0.761269,0.230503,0.395635,0.608172
16.11,0.763748,0.230453,0.398536,0.609403
16.12,0.768937,0.231177,0.402063,0.613324
16.13,0.789147,0.23385,0.401805,0.637668
16.14,0.785448,0.233878,0.395902,0.636782
16.15,0.787166,0.226977,0.401031,0.638189
16.16,0.806917,0.232578,0.400813,0.660585
16.17,0.799516,0.232279,0.398957,0.652768
16.18,0.78594,0.226803,0.39902,0.638001
16.19,0.787712,0.228754,0.401002,0.638247
16.2,0.786437,0.227624,0.401829,0.636556
16.21,0.797234,0.224594,0.399178,0.65253
16.22,0.79682,0.224002,0.398204,0.652824
16.23,0.796566,0.221567,0.406587,0.648161
16.24,0.819362,0.226491,0.40611,0.674634
16.25,0.823856,0.229063,0.397236,0.684451
16.26,0.828494,0.23117,0.409255,0.682256
16.27,0.842925,0.231147,0.427112,0.688963
16.28,0.836729,0.23191,0.42837,0.680318
16.29,0.82496,0.224474,0.429182,0.667813
16.3,0.822498,0.226605,0.422512,0.668309
16.31,0.821657,0.232665,0.427216,0.662173
16.32,0.817082,0.23541,0.426726,0.655828
16.33,0.815102,0.217505,0.420049,0.663808
16.34,0.817996,0.221465,0.420076,0.666037
16.35,0.819955,0.220168,0.421724,0.667833
16.36,0.826964,0.222118,0.420503,0.676543
16.37,0.853012,0.22992,0.427997,0.701131
16.38,0.862762,0.226415,0.437789,0.708121
16.39,0.858512,0.230522,0.4287,0.707191
16.4,0.858999,0.230702,0.415431,0.715593
16.41,0.850743,0.233159,0.424519,0.699417
16.42,0.839621,0.222102,0.422681,0.690633
16.43,0.84025,0.222091,0.415462,0.695764
16.44,0.857239,0.233008,0.409321,0.716256
16.45,0.865508,0.230173,0.424718,0.718149
16.46,0.878821,0.230136,0.437293,0.726731
16.47,0.903841,0.24494,0.435522,0.753162
16.48,0.913683,0.250527,0.436453,0.762601
16.49,0.919926,0.250399,0.444211,0.765663
16.5,0.91112,0.249022,0.44802,0.753264
16.51,0.910083,0.249828,0.447387,0.752119
16.52,0.899334,0.24333,0.435535,0.748265
16.53,0.894223,0.242965,0.437097,0.741315
16.54,0.895118,0.242808,0.437103,0.742443
16.55,0.885107,0.237415,0.427891,0.737535
16.56,0.884072,0.236497,0.429043,0.735917
16.57,0.876046,0.236722,0.429618,0.725842
16.58,0.866572,0.2355,0.416451,0.722534
16.59,0.870348,0.235888,0.413364,0.728693
16.6,0.873678,0.231627,0.415825,0.732634
16.61,0.870532,0.232649,0.409956,0.731872
16.62,0.857989,0.232952,0.406348,0.71886
16.63,0.843355,0.23423,0.411558,0.697856
16.64,0.841597,0.234721,0.412549,0.694979
16.65,0.834789,0.235548,0.411882,0.686836
16.66,0.814143,0.228326,0.410987,0.66467
16.67,0.811256,0.228388,0.408295,0.662775
16.68,0.812049,0.229978,0.408354,0.66316
16.69,0.810101,0.229316,0.405107,0.662997
16.7,0.812726,0.230164,0.408725,0.663696
16.71,0.801353,0.229504,0.408572,0.650049
16.72,0.802826,0.229578,0.407383,0.652581
16.73,0.801872,0.233756,0.399683,0.654684
16.741,0.784301,0.230059,0.414621,0.624732
16.75,0.784593,0.226678,0.415788,0.625559
16.76,0.774836,0.228676,0.389299,0.629701
16.77,0.776926,0.237253,0.388298,0.629722
16.78,0.782177,0.236851,0.399092,0.629626
16.79,0.795469,0.239212,0.397767,0.646012
16.8,0.804217,0.237811,0.400834,0.655396
16.81,0.805562,0.233711,0.402256,0.657647
16.82,0.812761,0.231736,0.41524,0.659132
16.83,0.827634,0.239613,0.413587,0.675655
16.84,0.834486,0.244212,0.416003,0.680932
16.85,0.838101,0.243797,0.423574,0.680853
16.86,0.833868,0.242682,0.424247,0.675615
16.87,0.820768,0.244228,0.414273,0.665124
16.88,0.814673,0.246886,0.405533,0.662029
16.89,0.813384,0.242438,0.410736,0.658873
16.9,0.807932,0.242553,0.4088,0.653303
16.91,0.806175,0.240946,0.401449,0.656279
16.92,0.801314,0.240946,0.399538,0.651474
16.93,0.796402,0.243143,0.396358,0.646558
16.94,0.775549,0.230969,0.396863,0.625003
16.95,0.765635,0.230349,0.380899,0.622939
16.96,0.757772,0.236042,0.373403,0.615688
16.97,0.734006,0.22904,0.372775,0.589358
16.98,0.726889,0.222725,0.384299,0.575392
16.99,0.723577,0.224819,0.380997,0.572591
17.0,0.726982,0.228383,0.378812,0.576928
17.01,0.728756,0.223562,0.378412,0.581299
17.02,0.729267,0.223396,0.38157,0.579938
17.03,0.730984,0.223631,0.379408,0.583418
17.04,0.726746,0.223927,0.387842,0.57236
17.05,0.725401,0.223114,0.385759,0.572379
17.06,0.730196,0.22432,0.387067,0.577102
17.07,0.729971,0.224175,0.386471,0.577272
17.08,0.733095,0.222013,0.393498,0.577319
17.09,0.733586,0.222108,0.393039,0.578219
17.1,0.739616,0.22822,0.391769,0.58435
17.11,0.751095,0.232785,0.410537,0.584306
17.12,0.755161,0.232073,0.417667,0.584777
17.13,0.752375,0.228977,0.413073,0.585669
17.14,0.752837,0.229456,0.413438,0.585818
17.15,0.753627,0.228606,0.409467,0.58994
17.16,0.75921,0.229015,0.413887,0.593843
17.17,0.772689,0.234595,0.429264,0.598118
17.18,0.775725,0.2354,0.423638,0.605696
17.19,0.788557,0.23479,0.423734,0.62221
17.2,0.797978,0.239415,0.430825,0.627566
17.21,0.803721,0.238282,0.439304,0.629445
17.22,0.797364,0.240267,0.437782,0.621617
17.23,0.791691,0.237873,0.434683,0.617448
17.24,0.785771,0.238568,0.422287,0.61822
17.25,0.793273,0.242587,0.421982,0.62639
17.26,0.806105,0.25517,0.430102,0.632224
17.27,0.793297,0.247839,0.416956,0.627729
17.28,0.793583,0.248554,0.407773,0.633811
17.29,0.791846,0.250896,0.408446,0.630273
17.3,0.782194,0.250381,0.408069,0.61856
17.31,0.778932,0.256214,0.397114,0.619185
17.32,0.775623,0.265806,0.386381,0.617776
17.33,0.753641,0.260401,0.389057,0.590593
17.34,0.747231,0.251919,0.386488,0.587808
17.35,0.747368,0.256146,0.374226,0.594056
17.36,0.744535,0.257909,0.37379,0.589997
17.37,0.724416,0.255737,0.373702,0.565441
17.38,0.715799,0.256286,0.374304,0.553698
17.39,0.714994,0.25606,0.373823,0.553088
17.4,0.721062,0.25624,0.383846,0.554015
17.41,0.727581,0.263528,0.378845,0.562497
17.42,0.736107,0.266026,0.379962,0.571587
17.43,0.73548,0.264276,0.380322,0.571353
17.44,0.733961,0.266455,0.378761,0.569422
17.45,0.7309,0.266621,0.375107,0.567824
17.46,0.726829,0.260947,0.371179,0.567814
17.47,0.734063,0.257844,0.372671,0.577478
17.48,0.735346,0.259843,0.368147,0.581105
17.49,0.733577,0.258825,0.357438,0.58599
17.5,0.730674,0.263135,0.357219,0.580551
17.51,0.719998,0.262343,0.356974,0.567577
17.52,0.717401,0.262344,0.355163,0.565419
17.53,0.711474,0.262329,0.354834,0.558096
17.54,0.711886,0.261089,0.367485,0.550971
17.55,0.733822,0.263276,0.388212,0.564333
17.56,0.749717,0.264531,0.385861,0.585841
17.57,0.75842,0.266579,0.384311,0.597028
17.58,0.764434,0.267433,0.397128,0.595926
17.59,0.761045,0.268212,0.405147,0.585755
17.6,0.753694,0.26719,0.408346,0.574385
17.61,0.746405,0.26193,0.392824,0.578102
17.62,0.750068,0.264034,0.386499,0.586095
17.63,0.755175,0.264057,0.383663,0.594446
17.64,0.755215,0.264597,0.383636,0.594274
17.65,0.755745,0.264676,0.384786,0.594168
17.66,0.760041,0.273858,0.377728,0.599988
17.67,0.75056,0.274535,0.366658,0.594586
17.68,0.751181,0.272699,0.367199,0.59588
17.69,0.743476,0.274813,0.366516,0.585578
17.7,0.738684,0.271778,0.355528,0.587699
17.71,0.73252,0.274051,0.347653,0.583626
17.72,0.735858,0.272823,0.350856,0.586476
17.73,0.749262,0.284841,0.350738,0.597697
17.741,0.752164,0.284476,0.360138,0.595923
17.75,0.738669,0.284136,0.359712,0.579228
17.76,0.721199,0.270875,0.351341,0.568607
17.77,0.724604,0.279169,0.346318,0.571996
17.78,0.718155,0.278921,0.346233,0.563978
17.79,0.715681,0.283189,0.344792,0.559572
17.8,0.719033,0.281401,0.343177,0.565731
17.81,0.713833,0.275723,0.343501,0.56173
17.82,0.712139,0.26917,0.34183,0.563774
17.83,0.715785,0.26773,0.341445,0.569284
17.84,0.717824,0.269165,0.350838,0.56545
17.85,0.711965,0.264106,0.353474,0.558747
17.86,0.724838,0.269451,0.353318,0.572672
17.87,0.730687,0.265476,0.354122,0.581397
17.88,0.731195,0.261459,0.356466,0.582424
17.89,0.730159,0.260499,0.353807,0.583175
17.9,0.724777,0.265155,0.346747,0.578586
17.91,0.713832,0.256536,0.347875,0.568092
17.92,0.703256,0.253226,0.346736,0.556974
17.93,0.712767,0.253931,0.346039,0.569045
17.94,0.723552,0.257758,0.346038,0.580814
17.95,0.733702,0.270203,0.350498,0.5852
17.96,0.743055,0.276917,0.357024,0.5899
17.97,0.743469,0.274188,0.357288,0.591533
17.98,0.763655,0.279277,0.35163,0.61768
17.99,0.773222,0.279404,0.350824,0.629864
18.0,0.76892,0.270427,0.367091,0.619154
18.01,0.772951,0.279774,0.368863,0.618967
18.02,0.77826,0.280093,0.375362,0.621562
18.03,0.78192,0.289664,0.375587,0.621634
18.04,0.788112,0.299239,0.354632,0.637034
18.05,0.775591,0.296801,0.332975,0.63449
18.06,0.771058,0.297686,0.334723,0.627594
18.07,0.777126,0.296613,0.371928,0.614505
18.08,0.777698,0.298765,0.353679,0.624872
18.091,0.800262,0.314986,0.35149,0.646264
18.1,0.804969,0.31064,0.350193,0.654861
18.11,0.801856,0.310979,0.346893,0.652633
18.12,0.800129,0.310261,0.359061,0.64422
18.13,0.799136,0.310527,0.361219,0.641648
18.14,0.800373,0.310212,0.364206,0.641654
18.15,0.806391,0.312189,0.361864,0.649507
18.16,0.80267,0.304586,0.362631,0.648078
18.17,0.804811,0.306105,0.357947,0.652605
18.18,0.805007,0.305605,0.36869,0.647077
18.19,0.813991,0.307417,0.373512,0.654649
18.2,0.822532,0.3107,0.37358,0.663673
18.21,0.840591,0.311274,0.376082,0.684299
18.22,0.847713,0.317436,0.387954,0.683625
18.23,0.845928,0.312816,0.389001,0.682949
18.24,0.848041,0.31752,0.37902,0.688984
18.25,0.854619,0.318602,0.379224,0.696459
18.26,0.854223,0.31874,0.382694,0.694007
18.27,0.849763,0.316296,0.382685,0.689642
18.28,0.850543,0.316067,0.384048,0.689951
18.29,0.84463,0.307552,0.390291,0.682997
18.3,0.866587,0.30675,0.390464,0.710222
18.31,0.884593,0.313152,0.390055,0.729587
18.32,0.890023,0.311653,0.399354,0.731798
18.33,0.889115,0.312306,0.401222,0.729392
18.34,0.894014,0.31336,0.391671,0.74004
18.35,0.892038,0.313193,0.39639,0.735199
18.36,0.887151,0.308287,0.397499,0.730746
18.37,0.885453,0.311171,0.397368,0.727529
18.38,0.896984,0.319119,0.417255,0.727077
18.39,0.897152,0.320216,0.417881,0.726442
18.4,0.907245,0.322334,0.421074,0.736132
18.41,0.912181,0.331755,0.420888,0.73815
18.42,0.917984,0.33619,0.433108,0.736267
18.43,0.913746,0.334793,0.434135,0.731008
18.44,0.913041,0.334684,0.434008,0.730251
18.45,0.904518,0.321213,0.42702,0.729814
18.46,0.8943,0.311822,0.428835,0.720167
18.47,0.8853,0.311867,0.427192,0.709931
18.48,0.865293,0.308659,0.430642,0.684112
18.49,0.857713,0.306851,0.434038,0.673146
18.5,0.854227,0.314111,0.422732,0.672559
18.51,0.854516,0.309185,0.422962,0.67506
18.52,0.85052,0.309339,0.413592,0.675748
18.53,0.846193,0.298808,0.413666,0.675008
18.54,0.833378,0.28653,0.412854,0.664808
18.55,0.828093,0.286736,0.42258,0.651879
18.56,0.826742,0.282248,0.432388,0.645662
18.57,0.812123,0.281911,0.405985,0.644396
18.58,0.804473,0.281344,0.401689,0.637705
18.59,0.78213,0.267871,0.407161,0.611712
18.601,0.782285,0.267765,0.414065,0.607307
18.61,0.78287,0.267702,0.41443,0.607839
18.62,0.780407,0.270254,0.408691,0.607428
18.63,0.773453,0.270213,0.406004,0.600312
18.64,0.789017,0.267467,0.436852,0.600141
18.65,0.784022,0.266124,0.437053,0.594014
18.661,0.781854,0.272856,0.440924,0.585176
18.67,0.782819,0.263032,0.452636,0.582014
18.68,0.780913,0.26375,0.454388,0.577748
18.69,0.771239,0.261554,0.449637,0.569408
18.7,0.755953,0.263378,0.451252,0.546322
18.71,0.739407,0.25922,0.449654,0.52663
18.721,0.738619,0.253529,0.456249,0.522606
18.731,0.734059,0.248074,0.454532,0.52029
18.741,0.723612,0.242175,0.454547,0.508284
18.751,0.714582,0.235194,0.454673,0.498582
18.761,0.714311,0.234266,0.456992,0.496505
18.77,0.715585,0.2308,0.458975,0.498131
18.781,0.716821,0.234517,0.459519,0.49767
18.791,0.719199,0.239289,0.454975,0.502977
18.801,0.695294,0.238416,0.465725,0.457921
18.811,0.675841,0.233626,0.467509,0.428504
18.821,0.668092,0.23681,0.461769,0.420758
18.831,0.677544,0.239271,0.470508,0.42478
18.841,0.667681,0.239456,0.476465,0.401796
18.851,0.713238,0.239648,0.518781,0.426782
18.861,0.71703,0.238251,0.523396,0.428282
18.871,0.73002,0.236988,0.551134,0.415953
18.881,0.731007,0.231369,0.529822,0.447357
18.891,0.740132,0.232794,0.538553,0.45118
18.901,0.725635,0.223554,0.539036,0.431289
18.911,0.713633,0.214798,0.53907,0.415376
18.921,0.699775,0.205593,0.52371,0.416106
18.931,0.721295,0.205526,0.546215,0.42388
18.941,0.7281,0.23317,0.545584,0.422018
18.951,0.73018,0.232951,0.55232,0.41694
18.961,0.729832,0.232348,0.54463,0.426671
18.971,0.728473,0.231179,0.543908,0.425904
18.981,0.730549,0.235183,0.546619,0.423792
18.99,0.751046,0.235801,0.551231,0.452342
19.001,0.753657,0.230661,0.553436,0.456621
19.011,0.746288,0.22858,0.549364,0.45044
19.021,0.743184,0.228864,0.54934,0.445163
19.031,0.756733,0.246877,0.557298,0.44846
19.041,0.773797,0.253231,0.558318,0.472141
19.051,0.760255,0.250492,0.546682,0.465167
19.061,0.778903,0.250507,0.553296,0.487647
19.071,0.790971,0.257262,0.55488,0.501557
19.081,0.793219,0.25722,0.558125,0.501529
19.091,0.790782,0.265021,0.55398,0.498203
19.101,0.790502,0.267371,0.54885,0.502165
19.111,0.796639,0.267393,0.548506,0.512129
19.121,0.795479,0.271736,0.544636,0.512169
19.131,0.800633,0.273144,0.549443,0.514313
19.141,0.797463,0.272643,0.543754,0.515698
19.151,0.811693,0.2715,0.545239,0.536514
19.161,0.808584,0.269655,0.542599,0.535425
19.17,0.806057,0.264329,0.534019,0.542846
19.181,0.810243,0.27105,0.528806,0.550808
19.191,0.814055,0.273338,0.532125,0.5521
19.201,0.820199,0.273034,0.5395,0.554183
19.211,0.828033,0.273142,0.551528,0.55394
19.221,0.817097,0.27327,0.534907,0.553936
19.231,0.813484,0.271701,0.535078,0.549205
19.241,0.815336,0.275958,0.53574,0.549184
19.251,0.819973,0.278804,0.535735,0.554628
19.261,0.821813,0.277123,0.539536,0.554509
19.271,0.822368,0.268378,0.545241,0.554052
19.281,0.824464,0.270791,0.542057,0.559096
19.291,0.819722,0.270223,0.542011,0.552401
19.301,0.811425,0.26938,0.529222,0.552963
19.311,0.807461,0.259483,0.529173,0.55194
19.321,0.813814,0.26165,0.525614,0.563527
19.331,0.808187,0.264298,0.519628,0.559733
19.341,0.810125,0.256463,0.520519,0.565322
19.351,0.758321,0.253032,0.46329,0.544415
19.361,0.752199,0.262682,0.448757,0.543524
19.371,0.717944,0.256441,0.394717,0.542107
19.381,0.68346,0.233947,0.38665,0.512726
19.391,0.673337,0.234235,0.361258,0.517696
19.401,0.69209,0.234026,0.3599,0.542855
19.411,0.698692,0.223722,0.371359,0.547916
19.421,0.706135,0.223745,0.370714,0.557796
19.431,0.703663,0.221681,0.357108,0.564334
19.441,0.692632,0.204582,0.352198,0.560216
19.451,0.703703,0.201498,0.350624,0.575898
19.461,0.695364,0.200093,0.351511,0.565627
19.471,0.723423,0.205932,0.353675,0.596529
19.481,0.721487,0.206491,0.353684,0.59398
19.491,0.72286,0.209078,0.368009,0.585988
19.501,0.718355,0.207358,0.369013,0.580402
19.511,0.723397,0.210083,0.370004,0.585035
19.521,0.724246,0.212726,0.369824,0.585243
19.531,0.719569,0.19968,0.373007,0.582043
19.541,0.7141,0.197737,0.377932,0.572718
19.551,0.728878,0.196742,0.403335,0.574349
19.561,0.710854,0.194736,0.402848,0.552363
19.571,0.709639,0.196193,0.409751,0.545161
19.581,0.710654,0.195482,0.409416,0.546987
19.591,0.723797,0.191909,0.408179,0.566078
19.601,0.725312,0.191142,0.411693,0.565731
19.611,0.7194,0.189523,0.409475,0.56031
19.621,0.720833,0.188467,0.408021,0.56356
19.631,0.744684,0.204268,0.417241,0.582013
19.641,0.743981,0.208437,0.419511,0.57799
19.651,0.739537,0.20856,0.41991,0.571921
19.661,0.743004,0.208758,0.424391,0.573033
19.671,0.735244,0.210549,0.424211,0.562404
19.681,0.729426,0.207885,0.416084,0.56189
19.691,0.733414,0.205495,0.416633,0.567526
19.701,0.732368,0.205279,0.410906,0.570421
19.711,0.731528,0.205561,0.404559,0.573768
19.721,0.740732,0.21445,0.415288,0.574658
19.731,0.739335,0.214466,0.415135,0.57296
19.741,0.738117,0.211479,0.414956,0.57263
19.751,0.744706,0.21037,0.426747,0.572903
19.761,0.743425,0.211318,0.424444,0.572602
19.771,0.740816,0.211813,0.423661,0.56961
19.781,0.739898,0.210259,0.422857,0.56959
19.791,0.743901,0.210241,0.428946,0.570256
19.801,0.752315,0.211519,0.437916,0.573992
19.811,0.754505,0.210329,0.439488,0.576099
19.821,0.748621,0.205905,0.443605,0.56679
19.831,0.747462,0.201582,0.444573,0.566057
19.841,0.73615,0.200786,0.43049,0.562387
19.851,0.735869,0.202292,0.429083,0.562556
19.861,0.732266,0.193533,0.431011,0.559453
19.871,0.732683,0.19251,0.429257,0.561696
19.881,0.742932,0.197406,0.441946,0.563616
19.891,0.741644,0.197438,0.442287,0.561637
19.901,0.724867,0.19293,0.447547,0.536574
19.911,0.711157,0.194214,0.434363,0.52854
19.921,0.702258,0.192733,0.432729,0.518427
19.931,0.688464,0.195437,0.433656,0.497724
19.941,0.689706,0.196103,0.438516,0.494916
19.951,0.67705,0.201143,0.437396,0.476049
19.961,0.676635,0.200893,0.435212,0.477563
19.971,0.657545,0.194568,0.434287,0.453765
19.981,0.665044,0.19823,0.433284,0.463954
19.991,0.648173,0.197278,0.417668,0.454712
20.001,0.64887,0.197174,0.418693,0.454808
20.011,0.642845,0.193762,0.417612,0.448671
20.021,0.650729,0.191057,0.429067,0.450385
20.031,0.651614,0.194473,0.430745,0.448597
20.041,0.641212,0.196108,0.422166,0.440987
20.051,0.629129,0.20057,0.409784,0.433189
20.061,0.628507,0.199044,0.414951,0.428041
20.071,0.622369,0.195082,0.405991,0.429486
20.081,0.622075,0.199094,0.408621,0.424696
20.091,0.609179,0.198739,0.408805,0.405561
20.101,0.600588,0.2006,0.395246,0.405273
20.111,0.605837,0.200436,0.396744,0.411653
20.121,0.60613,0.200589,0.400546,0.408314
20.131,0.57341,0.184896,0.398759,0.368244
20.141,0.560879,0.181976,0.380862,0.369342
20.151,0.557907,0.182167,0.383036,0.362435
20.161,0.559868,0.18191,0.381275,0.367409
20.171,0.571423,0.187505,0.382164,0.381203
20.181,0.566898,0.187178,0.372715,0.383955
20.191,0.562754,0.187028,0.374273,0.376341
20.201,0.554226,0.184299,0.369148,0.37004
20.211,0.557832,0.181749,0.378619,0.367139
20.221,0.550515,0.170699,0.375844,0.36424
20.231,0.564198,0.172176,0.375585,0.384201
20.241,0.567535,0.173489,0.37592,0.388177
20.251,0.568328,0.175477,0.38143,0.383035
20.261,0.558927,0.174603,0.368369,0.382384
20.271,0.557929,0.175714,0.365658,0.383019
20.281,0.554696,0.176871,0.370362,0.373143
20.291,0.553294,0.178549,0.367038,0.373548
20.301,0.545414,0.184185,0.359656,0.366332
20.311,0.548083,0.185633,0.358619,0.370577
20.321,0.543065,0.186402,0.349924,0.371117
20.331,0.541837,0.184715,0.348361,0.371634
20.341,0.544782,0.185324,0.356172,0.368218
20.351,0.544603,0.183712,0.356726,0.368224
20.361,0.565002,0.186883,0.361264,0.392161
20.371,0.561609,0.187424,0.361915,0.386386
20.381,0.58009,0.187497,0.348333,0.42428
20.391,0.579158,0.19079,0.34521,0.424091
20.401,0.588916,0.18994,0.361682,0.424183
20.411,0.589363,0.190983,0.3627,0.423465
20.421,0.595415,0.19128,0.369157,0.426208
20.431,0.600159,0.188222,0.370229,0.433236
20.441,0.598699,0.187736,0.367021,0.434156
20.451,0.606481,0.183544,0.369271,0.444713
20.461,0.607609,0.184221,0.375539,0.440706
20.471,0.601793,0.183909,0.377267,0.431279
20.481,0.598291,0.17902,0.383041,0.4233
20.491,0.597421,0.177625,0.381732,0.423841
20.501,0.599384,0.177634,0.38524,0.423436
20.511,0.598403,0.177844,0.384075,0.423018
20.521,0.594308,0.177045,0.372163,0.428196
20.531,0.587845,0.175249,0.360386,0.430082
20.541,0.589569,0.173349,0.360539,0.433074
20.551,0.588282,0.167212,0.357655,0.436118
20.561,0.587297,0.167433,0.35391,0.437757
20.571,0.58871,0.174829,0.351397,0.438787
20.581,0.58761,0.170668,0.347775,0.441826
20.591,0.587181,0.170643,0.350231,0.439319
20.601,0.595378,0.17193,0.357755,0.443763
20.611,0.610489,0.175776,0.360361,0.460369
20.621,0.62879,0.183458,0.372853,0.471912
20.631,0.627448,0.184694,0.368403,0.473136
20.641,0.625773,0.181006,0.364796,0.475134
20.651,0.640537,0.180534,0.382525,0.48101
20.661,0.644949,0.180868,0.392204,0.478981
20.671,0.641699,0.17534,0.402203,0.46826
20.681,0.676486,0.180699,0.409104,0.507559
20.691,0.673613,0.18054,0.407109,0.505392
20.701,0.678861,0.18273,0.406013,0.51246
20.711,0.675651,0.185723,0.398976,0.512669
20.721,0.67554,0.185105,0.396536,0.514635
20.731,0.672961,0.186426,0.396658,0.51067
20.741,0.674114,0.185147,0.400965,0.509291
20.751,0.670649,0.182627,0.391818,0.512735
20.761,0.675499,0.188394,0.391767,0.517035
20.771,0.67778,0.186183,0.397582,0.516382
20.781,0.680727,0.184396,0.392827,0.524475
20.791,0.676778,0.181913,0.392286,0.520623
20.801,0.684875,0.17605,0.39158,0.533596
20.811,0.699425,0.175235,0.393603,0.550968
20.821,0.704682,0.173685,0.402157,0.551978
20.831,0.707414,0.173735,0.402129,0.555466
20.841,0.71044,0.17248,0.401888,0.559876
20.851,0.71422,0.172671,0.402639,0.564072
20.861,0.706417,0.169141,0.401676,0.555944
20.871,0.706073,0.167578,0.401721,0.555947
20.881,0.680621,0.160811,0.393558,0.531504
20.891,0.68791,0.162276,0.393487,0.540421
20.901,0.682589,0.162206,0.383338,0.540988
20.911,0.691934,0.157499,0.383222,0.554173
20.921,0.693718,0.162964,0.375889,0.559817
20.931,0.693314,0.164133,0.374601,0.559838
20.941,0.698106,0.166752,0.374499,0.565064
20.951,0.692545,0.168938,0.375074,0.557133
20.961,0.691681,0.176879,0.368626,0.557899
20.971,0.692949,0.175838,0.368506,0.559877
20.981,0.69552,0.181916,0.371732,0.55899
20.991,0.699434,0.183084,0.372054,0.563263
21.001,0.703802,0.183011,0.369064,0.570645
21.011,0.718432,0.183425,0.377172,0.583302
21.021,0.719518,0.183034,0.383028,0.580943
21.031,0.72059,0.187075,0.382775,0.58115
21.041,0.728015,0.187432,0.382609,0.590326
21.051,0.749332,0.193311,0.377402,0.617816
21.061,0.749669,0.195474,0.375168,0.618905
21.071,0.749683,0.190787,0.379515,0.617733
21.081,0.753021,0.190782,0.38038,0.621252
21.091,0.750148,0.190635,0.385094,0.614884
21.101,0.744764,0.189146,0.377652,0.613414
21.111,0.727936,0.188821,0.372388,0.596293
21.121,0.712942,0.1837,0.362788,0.585598
21.131,0.713964,0.184236,0.364155,0.585827
21.141,0.71179,0.185715,0.362636,0.583653
21.151,0.708391,0.196768,0.351341,0.582803
21.161,0.702611,0.195006,0.340117,0.583057
21.171,0.723449,0.195174,0.32562,0.615838
21.181,0.70007,0.192278,0.323315,0.590418
21.191,0.706253,0.192256,0.33839,0.589341
21.201,0.70283,0.18828,0.338632,0.586386
21.211,0.705265,0.187788,0.343977,0.586357
21.221,0.711888,0.187302,0.342776,0.595153
21.231,0.710862,0.188658,0.344917,0.592255
21.241,0.717448,0.187813,0.359585,0.59174
21.248,0.712821,0.189602,0.354949,0.588367
21.261,0.711358,0.185896,0.357847,0.586019
21.271,0.70847,0.20089,0.34411,0.5858
21.278,0.70938,0.200441,0.34412,0.587048
21.29,0.720274,0.198785,0.344094,0.600731
21.3,0.709354,0.200618,0.343905,0.587081
21.31,0.700088,0.200791,0.34551,0.57483
21.32,0.705276,0.205048,0.336808,0.584748
21.33,0.702433,0.204742,0.335265,0.582315
21.34,0.704487,0.204358,0.33816,0.583256
21.35,0.704058,0.211683,0.336084,0.581322
21.36,0.700666,0.211028,0.339535,0.575428
21.37,0.708683,0.211286,0.338836,0.585474
21.38,0.709512,0.208787,0.339388,0.587053
21.39,0.705409,0.212421,0.344082,0.578002
21.4,0.704941,0.212361,0.336298,0.582021
21.41,0.710755,0.215086,0.342655,0.584379
21.42,0.707741,0.208028,0.34817,0.579999
21.43,0.714218,0.208788,0.347955,0.587743
21.44,0.716409,0.210284,0.347903,0.589903
21.45,0.713123,0.20698,0.344439,0.589122
21.46,0.714274,0.204327,0.346424,0.590279
21.47,0.708659,0.202482,0.34501,0.58495
21.48,0.706081,0.200376,0.339994,0.585494
21.49,0.714864,0.200249,0.339015,0.596657
21.5,0.71254,0.203632,0.336573,0.594109
21.51,0.699387,0.203959,0.330762,0.581497
21.52,0.69631,0.203716,0.330439,0.578064
21.53,0.694704,0.201759,0.330482,0.576793
21.54,0.684594,0.201705,0.330358,0.564666
21.55,0.674678,0.195887,0.3307,0.554487
21.56,0.689783,0.195027,0.340264,0.567438
21.57,0.69546,0.200948,0.347205,0.568095
21.58,0.689799,0.201092,0.346749,0.561382
21.59,0.686979,0.200874,0.339387,0.5625
21.6,0.686909,0.199135,0.339187,0.563153
21.61,0.690949,0.195507,0.339424,0.569191
21.62,0.697939,0.206355,0.342422,0.572087
21.63,0.697077,0.207456,0.34192,0.570936
21.64,0.699519,0.210721,0.342028,0.57266
21.65,0.690299,0.204174,0.33259,0.569394
21.66,0.688468,0.204045,0.332593,0.567218
21.67,0.665884,0.205539,0.335951,0.536929
21.68,0.656139,0.207795,0.329866,0.527757
21.69,0.649787,0.207774,0.324554,0.52318
21.7,0.648792,0.209566,0.323944,0.521607
21.71,0.656138,0.208573,0.317429,0.535027
21.72,0.656206,0.214339,0.31118,0.5365
21.73,0.650204,0.209713,0.311863,0.530592
21.74,0.647563,0.209647,0.306704,0.530394
21.75,0.647553,0.20847,0.309462,0.529244
21.76,0.653231,0.208717,0.313744,0.533585
21.77,0.664657,0.196226,0.318485,0.549392
21.78,0.661679,0.196496,0.323795,0.542554
21.79,0.657652,0.196318,0.337431,0.52925
21.8,0.659091,0.195959,0.339358,0.529941
21.81,0.660006,0.196107,0.339984,0.530623
21.82,0.663341,0.190542,0.340232,0.536616
21.83,0.672108,0.192894,0.355869,0.536543
21.84,0.668273,0.194116,0.353113,0.533121
21.85,0.676514,0.188794,0.360751,0.540265
21.86,0.680117,0.189094,0.363473,0.542853
21.87,0.681214,0.189303,0.365415,0.542852
21.88,0.678396,0.194936,0.365722,0.537092
21.89,0.676211,0.185207,0.363362,0.539377
21.9,0.677204,0.189008,0.36444,0.538576
21.91,0.667718,0.187999,0.358377,0.531102
21.92,0.6642,0.188212,0.353652,0.52978
21.93,0.659077,0.198551,0.358529,0.516156
21.94,0.655251,0.194263,0.358529,0.512905
21.95,0.675057,0.199259,0.362755,0.533298
21.96,0.673343,0.193531,0.362575,0.533362
21.97,0.674488,0.191135,0.362555,0.535683
21.98,0.674861,0.195951,0.35891,0.536865
21.99,0.66349,0.195551,0.360136,0.521805
22.0,0.668852,0.20373,0.359198,0.52615
22.01,0.667053,0.201536,0.355296,0.527359
22.02,0.669265,0.20217,0.359204,0.527272
22.03,0.676061,0.205631,0.360135,0.533926
22.04,0.681575,0.206656,0.362438,0.538959
22.05,0.689849,0.210476,0.362252,0.548056
22.06,0.676197,0.211606,0.353046,0.536492
22.07,0.678316,0.209384,0.359377,0.535835
22.08,0.677664,0.209686,0.358251,0.535646
22.09,0.685116,0.209132,0.371483,0.536328
22.1,0.69462,0.208181,0.375717,0.545888
22.11,0.688379,0.211782,0.376777,0.535773
22.12,0.686802,0.205446,0.381139,0.533125
22.13,0.686489,0.204445,0.381194,0.533068
22.14,0.694543,0.20285,0.387868,0.539259
22.15,0.708765,0.199468,0.387754,0.558756
22.16,0.712862,0.200425,0.395147,0.558446
22.17,0.71293,0.202366,0.396396,0.556945
22.18,0.737932,0.209971,0.400132,0.583395
22.19,0.744977,0.210619,0.401141,0.591369
22.2,0.746889,0.207762,0.403856,0.592941
22.21,0.739603,0.208041,0.403056,0.584189
22.22,0.730767,0.203926,0.403141,0.574379
22.23,0.743074,0.209137,0.400703,0.589794
22.24,0.742199,0.209472,0.389843,0.595822
22.25,0.741251,0.210918,0.387059,0.595947
22.26,0.743701,0.211925,0.382406,0.601619
22.27,0.73096,0.21142,0.380557,0.58718
22.28,0.743587,0.218929,0.376497,0.602696
22.29,0.741416,0.220919,0.363177,0.60745
22.3,0.745438,0.220862,0.368135,0.609405
22.31,0.741057,0.220848,0.364917,0.605993
22.32,0.732093,0.226197,0.364708,0.593113
22.33,0.730001,0.226699,0.358726,0.59399
22.34,0.725465,0.22746,0.350348,0.593142
22.35,0.717361,0.223751,0.350567,0.584505
22.36,0.720215,0.224344,0.34355,0.591906
22.37,0.721743,0.230299,0.342496,0.592091
22.38,0.720506,0.224918,0.341663,0.593133
22.39,0.718291,0.225833,0.343259,0.589164
22.4,0.715144,0.223005,0.34529,0.585214
22.41,0.710125,0.223192,0.345826,0.578677
22.42,0.732957,0.228104,0.343536,0.605951
22.43,0.739571,0.222381,0.343438,0.616087
22.44,0.748025,0.224705,0.361229,0.615274
22.45,0.739133,0.220552,0.361587,0.605746
22.46,0.743764,0.221037,0.36217,0.610869
22.47,0.743296,0.220947,0.363942,0.609276
22.48,0.74161,0.21334,0.366507,0.608395
22.49,0.742918,0.213013,0.37548,0.604621
22.5,0.738898,0.205378,0.375366,0.602405
22.51,0.74549,0.20568,0.375815,0.610094
22.52,0.751552,0.213452,0.370318,0.618169
22.53,0.75402,0.21462,0.381463,0.613979
22.54,0.754044,0.213281,0.380345,0.615168
22.55,0.73865,0.211354,0.380307,0.596909
22.56,0.734245,0.211266,0.378724,0.592496
22.57,0.725536,0.213458,0.359202,0.593137
22.58,0.726849,0.214327,0.361057,0.593305
22.59,0.721875,0.215592,0.350149,0.593313
22.6,0.727141,0.218738,0.346647,0.600603
22.61,0.735683,0.217211,0.350738,0.609124
22.62,0.732105,0.216462,0.338083,0.612227
22.63,0.737827,0.216502,0.336193,0.620072
22.64,0.734904,0.219283,0.335806,0.61582
22.65,0.724547,0.218536,0.337869,0.602541
22.66,0.715479,0.219254,0.330465,0.595509
22.67,0.714092,0.219628,0.326006,0.596164
22.68,0.688586,0.213298,0.31927,0.571595
22.69,0.693367,0.223628,0.312216,0.577295
22.7,0.690069,0.222766,0.309454,0.57516
22.71,0.694311,0.222058,0.31461,0.577736
22.72,0.713186,0.222308,0.317315,0.598769
22.73,0.721194,0.220863,0.322615,0.60602
22.74,0.718056,0.219855,0.322504,0.60271
22.75,0.73117,0.21675,0.337867,0.611127
22.76,0.744348,0.215349,0.339365,0.626506
22.77,0.748013,0.216048,0.339505,0.630542
22.78,0.735497,0.210508,0.342624,0.615834
22.79,0.733072,0.207652,0.345193,0.612468
22.8,0.733553,0.210607,0.338037,0.616015
22.81,0.731764,0.210351,0.339551,0.613136
22.82,0.728386,0.206557,0.337575,0.611493
22.83,0.726085,0.206317,0.329603,0.613184
22.84,0.726092,0.206577,0.330243,0.612761
22.85,0.727791,0.208023,0.323997,0.617602
22.86,0.721008,0.207165,0.324769,0.609475
22.87,0.714476,0.202534,0.331025,0.599898
22.88,0.718771,0.201887,0.33264,0.604338
22.89,0.726525,0.202079,0.327768,0.616093
22.9,0.731202,0.206815,0.335136,0.616091
22.91,0.736211,0.206108,0.334519,0.622594
22.92,0.71869,0.201781,0.335977,0.602428
22.93,0.7225,0.20976,0.33395,0.605379
22.94,0.717753,0.212885,0.32528,0.603359
22.95,0.715991,0.213032,0.320994,0.603509
22.96,0.73272,0.220868,0.318925,0.621597
22.97,0.744516,0.228756,0.324142,0.630005
22.98,0.750082,0.228728,0.334537,0.631183
22.99,0.753138,0.227998,0.331488,0.636671
23.0,0.752876,0.231793,0.331705,0.634875
23.01,0.746054,0.231742,0.332571,0.626329
23.02,0.734297,0.223417,0.32552,0.619124
23.03,0.729531,0.220423,0.312615,0.621209
23.04,0.725277,0.221779,0.313446,0.615299
23.05,0.721627,0.222757,0.317882,0.608339
23.06,0.726313,0.219077,0.329279,0.609189
23.07,0.725971,0.216861,0.329766,0.609311
23.08,0.737452,0.217299,0.327668,0.6239
23.09,0.747455,0.218225,0.328038,0.635183
23.1,0.7341,0.21558,0.329645,0.619485
23.11,0.724547,0.209442,0.326213,0.612117
23.12,0.735492,0.209586,0.322834,0.626737
23.13,0.742966,0.211302,0.322627,0.635029
23.14,0.736704,0.207636,0.317112,0.631713
23.15,0.737748,0.20438,0.315243,0.634919
23.16,0.746838,0.20091,0.315292,0.646525
23.17,0.749952,0.202639,0.313819,0.650294
23.18,0.756039,0.203772,0.323881,0.652053
23.19,0.745638,0.193589,0.322383,0.64387
23.2,0.754897,0.193634,0.323876,0.653819
23.21,0.752193,0.197637,0.323282,0.649786
23.22,0.735833,0.198477,0.320799,0.631779
23.23,0.716216,0.202838,0.317745,0.608983
23.24,0.719782,0.203608,0.314527,0.614576
23.25,0.705059,0.203729,0.297757,0.605759
23.26,0.683582,0.201877,0.296676,0.581819
23.27,0.687054,0.201558,0.29783,0.585418
23.28,0.691291,0.204231,0.295241,0.590767
23.29,0.688616,0.204073,0.294633,0.587995
23.3,0.685853,0.203834,0.294361,0.584977
23.31,0.689733,0.20438,0.29878,0.587104
23.32,0.688064,0.204188,0.299862,0.584656
23.33,0.685451,0.202855,0.299902,0.582024
23.34,0.686658,0.199041,0.300349,0.584528
23.35,0.682228,0.19866,0.298115,0.5806
23.36,0.681371,0.197894,0.303152,0.577237
23.37,0.683516,0.19639,0.30181,0.580978
23.38,0.675575,0.19632,0.300021,0.57258
23.39,0.670209,0.198215,0.305618,0.562573
23.4,0.665809,0.196966,0.291255,0.5654
23.41,0.666605,0.197392,0.291965,0.565822
23.42,0.666778,0.20284,0.296987,0.56147
23.43,0.653674,0.184751,0.304466,0.548141
23.44,0.664169,0.180971,0.293347,0.56773
23.45,0.668061,0.185716,0.291488,0.571707
23.46,0.657163,0.193638,0.306435,0.548147
23.47,0.646946,0.181826,0.307365,0.539449
23.48,0.648478,0.18182,0.293243,0.549067
23.49,0.655084,0.187071,0.286342,0.558701
23.5,0.663244,0.185996,0.303791,0.559473
23.51,0.668349,0.186563,0.308914,0.562545
23.52,0.682052,0.188283,0.309372,0.577956
23.53,0.705248,0.20214,0.309977,0.600357
23.54,0.712708,0.201371,0.323829,0.60211
23.55,0.717149,0.199843,0.320106,0.609834
23.56,0.725122,0.207281,0.308446,0.622653
23.57,0.730882,0.207445,0.30844,0.629301
23.58,0.719323,0.205659,0.309452,0.61593
23.59,0.714902,0.205159,0.308949,0.611183
23.6,0.723374,0.210193,0.309009,0.619356
23.61,0.718584,0.210689,0.306816,0.614684
23.62,0.704185,0.2144,0.308833,0.595425
23.63,0.692988,0.2138,0.309897,0.581795
23.64,0.690504,0.213504,0.309404,0.579207
23.65,0.690673,0.215125,0.309337,0.578844
23.66,0.685618,0.215144,0.320185,0.566804
23.67,0.681242,0.212518,0.321887,0.561529
23.68,0.679984,0.210736,0.315525,0.564281
23.69,0.680711,0.208913,0.316223,0.565443
23.7,0.669654,0.208497,0.316017,0.552358
23.71,0.668031,0.205207,0.315947,0.551665
23.72,0.688711,0.204535,0.319054,0.575059
23.73,0.69079,0.19995,0.316748,0.580415
23.741,0.685682,0.200775,0.317458,0.573646
23.75,0.687774,0.20083,0.318876,0.575343
23.76,0.701067,0.200309,0.318141,0.591741
23.77,0.702565,0.200131,0.320865,0.592107
23.78,0.704011,0.19594,0.334447,0.587695
23.79,0.707585,0.196981,0.331762,0.593135
23.8,0.714938,0.19501,0.337524,0.59932
23.81,0.714515,0.203787,0.331383,0.599322
23.82,0.715013,0.206109,0.330577,0.599568
23.83,0.720347,0.217972,0.338868,0.597124
23.84,0.721066,0.217972,0.343591,0.595289
23.85,0.728286,0.217904,0.351232,0.599629
23.86,0.737866,0.22235,0.347228,0.611914
23.87,0.74545,0.228994,0.350264,0.616906
23.88,0.749185,0.228995,0.354143,0.61921
23.89,0.752525,0.225397,0.352065,0.625732
23.9,0.76266,0.235008,0.352066,0.634407
23.91,0.764405,0.234115,0.358449,0.633261
23.92,0.757263,0.231167,0.352694,0.62898
23.93,0.75914,0.230991,0.346266,0.634852
23.94,0.742739,0.232317,0.349311,0.612921
23.95,0.733537,0.227723,0.350305,0.602914
23.96,0.72826,0.21916,0.342254,0.604312
23.97,0.725457,0.219952,0.336274,0.60401
23.98,0.719774,0.220035,0.345489,0.591859
23.99,0.72011,0.214713,0.344227,0.59495
24.0,0.720527,0.213456,0.328882,0.60451
24.01,0.729786,0.216869,0.339466,0.608538
24.02,0.724531,0.215014,0.353432,0.594811
24.03,0.710592,0.199288,0.356149,0.581708
24.04,0.705738,0.2006,0.342641,0.583458
24.05,0.699661,0.205795,0.34241,0.574396
24.06,0.704165,0.202307,0.347778,0.577901
24.07,0.718856,0.207083,0.354906,0.589841
24.08,0.718368,0.20765,0.353529,0.589875
24.09,0.714732,0.206276,0.354998,0.585037
24.1,0.716751,0.207232,0.354207,0.587642
24.11,0.720112,0.206462,0.357625,0.589948
24.12,0.718892,0.201884,0.358089,0.589764
24.13,0.718089,0.201825,0.35844,0.58859
24.14,0.722396,0.201584,0.360322,0.59278
24.15,0.721209,0.199668,0.366598,0.588116
24.16,0.722886,0.20217,0.355912,0.595833
24.17,0.727183,0.205042,0.357069,0.599379
24.18,0.725198,0.204939,0.355831,0.597742
24.19,0.740631,0.207277,0.361349,0.61237
24.2,0.759598,0.208531,0.360926,0.635009
24.21,0.770254,0.214331,0.362147,0.645138
24.22,0.761574,0.214974,0.369085,0.630521
24.23,0.783154,0.21623,0.369139,0.655982
24.24,0.798602,0.213642,0.36886,0.675325
24.25,0.807806,0.21962,0.372375,0.682389
24.26,0.796695,0.219644,0.372176,0.669301
24.27,0.792381,0.220037,0.368617,0.666013
24.28,0.790011,0.221872,0.359247,0.667707
24.29,0.785782,0.223167,0.359131,0.662326
24.3,0.787487,0.230868,0.359271,0.661635
24.31,0.788117,0.22826,0.363538,0.660958
24.32,0.792415,0.225909,0.371773,0.662322
24.33,0.794997,0.216328,0.364981,0.672318
24.34,0.807275,0.228212,0.36043,0.685348
24.35,0.805115,0.228182,0.349319,0.688563
24.36,0.803175,0.224268,0.357795,0.683211
24.37,0.812361,0.217808,0.352047,0.698966
24.38,0.826107,0.218706,0.349414,0.715913
24.39,0.825674,0.219368,0.352013,0.713934
24.4,0.819394,0.211016,0.364165,0.703038
24.41,0.821057,0.211507,0.358464,0.707745
24.42,0.824562,0.211279,0.359973,0.711114
24.43,0.819102,0.210915,0.360139,0.704799
24.44,0.82358,0.21034,0.359682,0.710401
24.45,0.837392,0.223213,0.382149,0.71089
24.46,0.835552,0.220635,0.38788,0.706411
24.47,0.840137,0.221157,0.387174,0.712051
24.48,0.848867,0.227995,0.375839,0.726181
24.49,0.84898,0.233195,0.384368,0.720173
24.5,0.842219,0.237471,0.386031,0.709874
24.51,0.833718,0.23452,0.373449,0.707546
24.52,0.838556,0.232029,0.365167,0.718326
24.53,0.831316,0.237144,0.360585,0.710513
24.54,0.829181,0.237898,0.360458,0.707825
24.55,0.834518,0.241503,0.363486,0.711319
24.56,0.820909,0.239291,0.362347,0.696661
24.57,0.811055,0.233235,0.364278,0.686086
24.58,0.823649,0.237258,0.365809,0.698777
24.59,0.835108,0.23928,0.362822,0.7131
24.6,0.82875,0.240042,0.372477,0.700334
24.61,0.831708,0.24146,0.379357,0.69966
24.62,0.833848,0.24076,0.384004,0.699912
24.63,0.837677,0.240839,0.389453,0.701445
24.64,0.85091,0.240864,0.385568,0.719284
24.65,0.860663,0.241081,0.384525,0.731273
24.66,0.861065,0.238281,0.387249,0.731227
24.67,0.86015,0.236274,0.386459,0.731219
24.68,0.864731,0.241818,0.386175,0.734951
24.69,0.84684,0.241894,0.384756,0.714555
24.7,0.84385,0.240893,0.390502,0.70821
24.71,0.850543,0.246458,0.388924,0.715136
24.72,0.856595,0.252114,0.401116,0.713652
24.73,0.836693,0.248115,0.41212,0.684582
24.741,0.825841,0.247912,0.413669,0.670396
24.75,0.818271,0.243883,0.411892,0.663652
24.76,0.820471,0.250675,0.411565,0.664041
24.77,0.839594,0.256697,0.415751,0.68277
24.78,0.860951,0.269707,0.428539,0.696311
24.79,0.864441,0.268576,0.432349,0.698713
24.801,0.857767,0.264694,0.429294,0.693835
24.811,0.859931,0.264182,0.424421,0.699683
24.82,0.855969,0.263425,0.418652,0.698584
24.83,0.861992,0.260515,0.417759,0.707559
24.84,0.86758,0.269217,0.418151,0.710892
24.85,0.869808,0.268956,0.422449,0.711172
24.86,0.864691,0.277294,0.415239,0.705957
24.87,0.84827,0.276266,0.41232,0.687919
24.88,0.830115,0.276886,0.413806,0.664221
24.89,0.837745,0.276525,0.408091,0.677357
24.9,0.846812,0.279499,0.399801,0.692192
24.91,0.846603,0.279269,0.410238,0.685894
24.92,0.844277,0.286708,0.408586,0.680926
24.93,0.851687,0.290458,0.421649,0.680601
24.94,0.848832,0.28969,0.421327,0.677554
24.95,0.851823,0.283043,0.40578,0.69342
24.96,0.879318,0.289334,0.406754,0.723904
24.97,0.883263,0.293188,0.416189,0.72179
24.98,0.873973,0.288552,0.418483,0.710942
24.99,0.866228,0.292035,0.410119,0.704889
25.0,0.864524,0.293515,0.40859,0.703068
25.01,0.871512,0.296628,0.408559,0.710369
25.02,0.87196,0.298577,0.40175,0.713977
25.03,0.873421,0.298134,0.402069,0.715766
25.04,0.871854,0.297796,0.402062,0.713998
25.05,0.872056,0.297255,0.406304,0.712066
25.06,0.876264,0.29728,0.413837,0.712883
25.07,0.875912,0.295067,0.410688,0.715187
25.08,0.883975,0.297376,0.40905,0.725023
25.09,0.884989,0.303549,0.417194,0.719036
25.1,0.88502,0.301998,0.418348,0.719057
25.11,0.883114,0.304582,0.413355,0.718511
25.12,0.884149,0.304204,0.415975,0.718432
25.13,0.88315,0.306571,0.408576,0.72044
25.14,0.875209,0.306484,0.408781,0.710603
25.15,0.886705,0.315532,0.420825,0.713857
25.16,0.888321,0.315246,0.427198,0.712205
25.17,0.891617,0.315712,0.426205,0.716698
25.18,0.893517,0.312471,0.426072,0.720553
25.19,0.894532,0.312953,0.425802,0.721762
25.2,0.8875,0.313103,0.424542,0.713713
25.21,0.880064,0.317972,0.431648,0.697915
25.22,0.867846,0.315227,0.411034,0.696304
25.23,0.868262,0.315469,0.403775,0.700945
25.24,0.882275,0.316815,0.402715,0.718232
25.25,0.894289,0.326448,0.403875,0.728059
25.26,0.892956,0.322581,0.405143,0.727441
25.27,0.873507,0.319407,0.399808,0.707918
25.28,0.851942,0.305883,0.387539,0.694302
25.29,0.850363,0.310694,0.383811,0.692297
25.3,0.854049,0.315095,0.384671,0.694365
25.31,0.850603,0.315368,0.387122,0.688625
25.32,0.850504,0.315548,0.389287,0.687198
25.33,0.840025,0.315392,0.391479,0.672989
25.34,0.840389,0.314182,0.399069,0.669543
25.35,0.843578,0.319478,0.407684,0.665846
25.36,0.845819,0.312591,0.416243,0.666662
25.37,0.85718,0.312267,0.419222,0.679338
25.38,0.873462,0.316926,0.423677,0.694976
25.39,0.868177,0.315866,0.431854,0.683712
25.4,0.856755,0.312513,0.434808,0.66881
25.41,0.869476,0.312212,0.426578,0.690322
25.42,0.880203,0.31133,0.427475,0.70363
25.43,0.875582,0.307705,0.418806,0.704673
25.44,0.878454,0.307578,0.423744,0.705349
25.45,0.886537,0.315997,0.427667,0.709363
25.46,0.878363,0.321256,0.427263,0.696967
25.47,0.876764,0.317052,0.435827,0.691555
25.48,0.879203,0.315672,0.43933,0.693064
25.49,0.903415,0.322758,0.445154,0.716815
25.5,0.917871,0.323288,0.446819,0.733706
25.51,0.913785,0.321332,0.453898,0.725069
25.52,0.908405,0.32058,0.457627,0.716244
25.53,0.920726,0.322283,0.457655,0.731041
25.54,0.933638,0.325284,0.469003,0.738855
25.55,0.933691,0.32023,0.4697,0.740684
25.56,0.935685,0.320309,0.465331,0.745906
25.57,0.935162,0.321853,0.459816,0.748002
25.58,0.916228,0.316994,0.462913,0.724362
25.59,0.90515,0.309029,0.460529,0.71534
25.6,0.904366,0.308378,0.456889,0.716962
25.61,0.90336,0.305435,0.457151,0.716785
25.62,0.901012,0.305223,0.449857,0.718533
25.63,0.900315,0.303748,0.449691,0.718388
25.64,0.903384,0.305109,0.467056,0.710542
25.65,0.899619,0.295167,0.458111,0.715769
25.66,0.905923,0.29712,0.448544,0.728851
25.67,0.908832,0.297553,0.457823,0.726524
25.681,0.911886,0.297873,0.459755,0.728994
25.69,0.92698,0.297237,0.461232,0.747133
25.7,0.935024,0.297073,0.460507,0.757595
25.71,0.924237,0.282332,0.45198,0.755127
25.72,0.925972,0.281466,0.448305,0.759752
25.73,0.920287,0.279792,0.447076,0.754167
25.741,0.91051,0.286107,0.455805,0.734448
25.75,0.902574,0.275818,0.451717,0.731106
25.76,0.911214,0.276403,0.461102,0.735729
25.77,0.913489,0.277264,0.461105,0.73822
25.78,0.924913,0.275761,0.465045,0.750435
25.79,0.944601,0.27758,0.486695,0.760492
25.8,0.946178,0.271378,0.496619,0.758272
25.81,0.94694,0.267107,0.49653,0.760794
25.82,0.947193,0.271313,0.494196,0.76114
25.83,0.952614,0.271446,0.501024,0.76339
25.84,0.938207,0.259552,0.492692,0.755063
25.85,0.943487,0.254338,0.494114,0.762451
25.86,0.946925,0.256081,0.489059,0.769357
25.87,0.953124,0.257519,0.498525,0.770456
25.88,0.939322,0.252467,0.494571,0.757618
25.89,0.940042,0.258417,0.488684,0.760321
25.9,0.934175,0.255949,0.483697,0.757107
25.91,0.922252,0.255794,0.484458,0.741902
25.92,0.921055,0.248892,0.483898,0.743128
25.93,0.929541,0.252254,0.480866,0.754442
25.94,0.932038,0.251183,0.483246,0.756356
25.95,0.910834,0.241009,0.475262,0.738688
25.96,0.89407,0.230859,0.466716,0.726803
25.97,0.887784,0.230618,0.451584,0.72873
25.98,0.892484,0.231194,0.446064,0.737634
25.99,0.870347,0.214956,0.441665,0.718491
26.0,0.863589,0.20759,0.450058,0.707206
26.01,0.882024,0.208997,0.446818,0.731191
26.02,0.872997,0.206675,0.44137,0.724293
26.03,0.859591,0.207217,0.442804,0.707023
26.04,0.844955,0.201576,0.429496,0.699178
26.05,0.840243,0.199787,0.422819,0.698082
26.06,0.837114,0.19944,0.413208,0.700173
26.07,0.850595,0.201048,0.41663,0.7138
26.08,0.854556,0.202114,0.416226,0.718451
26.09,0.856185,0.202829,0.410894,0.723242
26.1,0.857355,0.204179,0.412215,0.723497
26.11,0.858515,0.206217,0.411616,0.724634
26.12,0.867217,0.207443,0.414194,0.733128
26.13,0.883108,0.217677,0.428388,0.740931
26.14,0.87577,0.217216,0.41722,0.738727
26.15,0.858478,0.217469,0.420939,0.715892
26.16,0.848252,0.218568,0.425706,0.700382
26.17,0.841958,0.217244,0.41756,0.698099
26.18,0.841996,0.222707,0.413481,0.698851
26.19,0.830201,0.222085,0.426402,0.676827
26.2,0.82588,0.223557,0.43788,0.663597
26.21,0.828289,0.226686,0.436354,0.666537
26.22,0.828145,0.226006,0.442975,0.662207
26.23,0.828851,0.226337,0.442843,0.663065
26.24,0.830207,0.21685,0.448426,0.664179
26.25,0.827507,0.219676,0.456335,0.654423
26.26,0.837824,0.225775,0.447032,0.671668
26.27,0.843104,0.229448,0.446947,0.677065
26.28,0.830284,0.229146,0.448233,0.660266
26.29,0.809715,0.220679,0.430152,0.649545
26.3,0.800879,0.220878,0.417901,0.646513
26.31,0.815766,0.220879,0.417691,0.664997
26.32,0.826735,0.219548,0.421174,0.676685
26.33,0.830086,0.222066,0.435608,0.670802
26.34,0.826605,0.218409,0.43679,0.666924
26.35,0.812379,0.218811,0.42515,0.656757
26.36,0.811299,0.233069,0.43247,0.645643
26.37,0.79176,0.23246,0.41814,0.630877
26.38,0.799003,0.232557,0.42669,0.634239
26.39,0.793724,0.224938,0.428147,0.629357
26.4,0.823247,0.240256,0.431777,0.658469
26.41,0.827936,0.24618,0.431343,0.662432
26.42,0.815825,0.244591,0.434629,0.645634
26.43,0.804604,0.241291,0.434834,0.632523
26.44,0.797888,0.242852,0.428279,0.627873
26.45,0.804492,0.242632,0.429441,0.635545
26.46,0.804586,0.238602,0.430961,0.636161
26.47,0.810128,0.238565,0.446654,0.632372
26.48,0.80025,0.234527,0.445957,0.621707
26.49,0.797116,0.234537,0.445724,0.617831
26.5,0.786748,0.235548,0.436585,0.610641
26.51,0.768656,0.234639,0.435181,0.588552
26.52,0.779443,0.234665,0.443723,0.5963
26.53,0.786587,0.230696,0.449776,0.602661
26.54,0.808791,0.234464,0.449296,0.63032
26.55,0.810035,0.240009,0.449199,0.629898
26.56,0.805171,0.238743,0.454688,0.620131
26.57,0.784565,0.235038,0.452385,0.596362
26.58,0.783547,0.235748,0.45819,0.590281
26.59,0.78797,0.235408,0.457962,0.596448
26.6,0.79227,0.238775,0.456029,0.602259
26.61,0.795466,0.236101,0.464091,0.601366
26.62,0.790201,0.23447,0.46207,0.5966
26.63,0.772323,0.225426,0.447692,0.58757
26.64,0.773553,0.224361,0.444142,0.592271
26.65,0.77823,0.225092,0.439996,0.601148
26.66,0.777308,0.220918,0.440301,0.60128
26.67,0.778959,0.220452,0.44443,0.600549
26.68,0.767333,0.21563,0.446177,0.585859
26.69,0.772428,0.215957,0.439461,0.597395
26.7,0.776091,0.216116,0.426513,0.611308
26.71,0.774199,0.219612,0.426817,0.607438
26.72,0.774492,0.222601,0.41894,0.61219
26.73,0.783275,0.227076,0.427771,0.615604
26.741,0.776993,0.231077,0.415091,0.614835
26.75,0.774398,0.229246,0.404825,0.619076
26.76,0.755206,0.221605,0.40846,0.595304
26.77,0.745399,0.217213,0.409824,0.583509
26.78,0.74769,0.216777,0.40549,0.589597
26.79,0.748187,0.217356,0.404933,0.590397
26.8,0.765445,0.217671,0.423162,0.599549
26.81,0.747436,0.217755,0.423034,0.576443
26.82,0.749104,0.215889,0.418529,0.582565
26.83,0.749126,0.22469,0.402614,0.590428
26.84,0.754497,0.225049,0.415595,0.588132
26.85,0.755881,0.225407,0.418864,0.587454
26.86,0.751451,0.210492,0.417565,0.588228
26.87,0.754337,0.210362,0.420334,0.589993
26.88,0.75396,0.210222,0.415979,0.592642
26.89,0.759554,0.210629,0.428619,0.590629
26.9,0.733646,0.191472,0.433327,0.56018
26.91,0.726485,0.186577,0.433437,0.55236
26.92,0.735726,0.186546,0.439912,0.559437
26.93,0.746058,0.189738,0.439281,0.572394
26.94,0.751931,0.186789,0.432677,0.585919
26.95,0.759529,0.187966,0.433238,0.594859
26.96,0.762379,0.186719,0.442238,0.59227
26.97,0.755964,0.187817,0.429246,0.593257
26.98,0.756403,0.188292,0.434395,0.589909
26.99,0.755438,0.18711,0.434821,0.588734
27.0,0.761073,0.190828,0.435303,0.594414
27.01,0.762898,0.201329,0.442555,0.587898
27.02,0.750457,0.201248,0.432722,0.579169
27.03,0.742543,0.201254,0.426472,0.573575
27.04,0.722789,0.195728,0.437281,0.541202
27.05,0.739568,0.19393,0.448272,0.555341
27.06,0.736995,0.195404,0.442144,0.556316
27.07,0.744457,0.196423,0.441391,0.5664
27.08,0.740109,0.195519,0.433689,0.566963
27.09,0.749519,0.195584,0.46474,0.554565
27.1,0.742355,0.192172,0.461761,0.548578
27.11,0.740648,0.192385,0.455049,0.551795
27.12,0.739129,0.192001,0.453798,0.550922
27.13,0.740642,0.197612,0.453654,0.551088
27.14,0.736921,0.19751,0.455513,0.544564
27.15,0.728728,0.19691,0.454826,0.534233
27.16,0.727065,0.202646,0.450657,0.533355
27.17,0.7217,0.203606,0.444985,0.530457
27.18,0.725325,0.204439,0.446104,0.534127
27.19,0.712011,0.204315,0.441339,0.520033
27.2,0.703026,0.209444,0.442118,0.504886
27.21,0.704976,0.20032,0.449096,0.50515
27.22,0.708452,0.195448,0.463088,0.499254
27.23,0.699478,0.193437,0.456303,0.493599
27.24,0.724336,0.196485,0.45772,0.525879
27.25,0.731968,0.20464,0.462288,0.52933
27.26,0.735602,0.204081,0.468985,0.528691
27.27,0.733256,0.201558,0.468116,0.527168
27.28,0.737353,0.201441,0.481664,0.520683
27.29,0.741908,0.205684,0.475224,0.531305
27.3,0.727892,0.206144,0.461379,0.523891
27.31,0.733973,0.208282,0.47024,0.523651
27.32,0.720598,0.206643,0.471759,0.503988
27.33,0.709334,0.194775,0.469421,0.494834
27.34,0.709311,0.195343,0.455923,0.507048
27.35,0.711633,0.195733,0.456429,0.509689
27.36,0.708038,0.19895,0.448366,0.510593
27.37,0.70918,0.199215,0.453624,0.507421
27.38,0.698746,0.196407,0.448426,0.498582
27.39,0.69471,0.202638,0.433699,0.503454
27.4,0.689792,0.2031,0.427649,0.501677
27.41,0.688064,0.20187,0.426722,0.500589
27.42,0.678291,0.202055,0.41458,0.497369
27.43,0.671327,0.199838,0.418192,0.485655
27.44,0.663921,0.199859,0.418702,0.474906
27.45,0.651425,0.198913,0.423165,0.453563
27.46,0.642221,0.198341,0.414159,0.448977
27.47,0.638639,0.197511,0.409919,0.448125
27.48,0.642862,0.198919,0.403317,0.459389
27.49,0.658523,0.201093,0.403111,0.480329
27.5,0.655471,0.195844,0.404427,0.477207
27.51,0.647339,0.186496,0.396768,0.47628
27.52,0.657167,0.185657,0.399924,0.487299
27.53,0.657127,0.185687,0.397677,0.489069
27.54,0.65156,0.184783,0.386957,0.490561
27.55,0.635096,0.180469,0.379455,0.476226
27.56,0.632272,0.179281,0.378839,0.473399
27.57,0.639014,0.178502,0.386246,0.476749
27.58,0.64178,0.178629,0.390248,0.477159
27.59,0.622417,0.178512,0.359228,0.475912
27.6,0.623785,0.180407,0.359187,0.477018
27.61,0.62198,0.189965,0.356549,0.472911
27.62,0.627202,0.190481,0.361359,0.47594
27.63,0.621754,0.184358,0.364807,0.468515
27.64,0.621971,0.188644,0.361891,0.469358
27.65,0.634109,0.188657,0.3734,0.476524
27.661,0.658291,0.200337,0.382202,0.497126
27.67,0.658495,0.19921,0.382636,0.497514
27.68,0.656016,0.198262,0.383277,0.494113
27.69,0.65548,0.198398,0.383268,0.493354
27.7,0.662982,0.196908,0.387232,0.500823
27.71,0.676348,0.19817,0.389831,0.515952
27.72,0.667485,0.198789,0.377896,0.513044
27.73,0.673359,0.197344,0.379218,0.520251
27.741,0.643602,0.191626,0.377813,0.484521
27.751,0.63179,0.183718,0.373889,0.474988
27.761,0.623058,0.184095,0.359244,0.474609
27.77,0.627478,0.184148,0.365357,0.475744
27.78,0.625549,0.184807,0.34514,0.48789
27.79,0.630402,0.182721,0.348099,0.492796
27.8,0.646362,0.182118,0.37623,0.493019
27.811,0.639609,0.17985,0.364433,0.493905
27.821,0.640222,0.179276,0.364643,0.494752
27.83,0.651846,0.178431,0.37885,0.499538
27.84,0.646727,0.174762,0.390688,0.484847
27.85,0.649478,0.173739,0.397147,0.483643
27.861,0.666722,0.170644,0.409091,0.49804
27.87,0.669262,0.170346,0.400232,0.508633
27.881,0.670447,0.173868,0.400152,0.509065
27.89,0.668241,0.170499,0.401959,0.505871
27.9,0.670911,0.175662,0.401161,0.508266
27.91,0.673546,0.177572,0.405767,0.50743
27.92,0.684903,0.178112,0.405877,0.522143
27.93,0.691034,0.181742,0.401825,0.532009
27.941,0.691167,0.182738,0.411021,0.524766
27.95,0.704712,0.186027,0.410267,0.541936
27.96,0.707784,0.196028,0.408923,0.543427
27.971,0.714089,0.196327,0.409565,0.551031
27.981,0.711506,0.194787,0.409461,0.548307
27.99,0.695863,0.19166,0.409315,0.529105
28.0,0.708142,0.193012,0.416995,0.53882
28.01,0.717928,0.194371,0.42189,0.547402
28.02,0.715229,0.1956,0.422851,0.542669
28.03,0.715371,0.195481,0.424497,0.541613
28.04,0.715219,0.19812,0.424273,0.540628
28.05,0.712305,0.200848,0.418111,0.540575
28.061,0.719205,0.200674,0.417725,0.549993
28.07,0.723766,0.201502,0.439165,0.538858
28.081,0.724867,0.200311,0.43322,0.545553
28.09,0.730815,0.2003,0.43437,0.552534
28.101,0.730207,0.202197,0.436326,0.54949
28.111,0.736124,0.195673,0.448054,0.550307
28.121,0.733251,0.195593,0.452439,0.542862
28.13,0.730804,0.196188,0.448383,0.542714
28.141,0.737071,0.191884,0.451839,0.549814
28.151,0.73924,0.202865,0.441489,0.557144
28.161,0.723946,0.18662,0.442542,0.541689
28.17,0.730724,0.186479,0.452516,0.542597
28.181,0.741793,0.199646,0.450228,0.554701
28.19,0.741204,0.201234,0.448588,0.554668
28.201,0.729183,0.196358,0.445022,0.543238
28.21,0.715254,0.195035,0.436404,0.532073
28.22,0.71531,0.197012,0.433947,0.533428
28.23,0.71544,0.196858,0.434827,0.532942
28.241,0.722408,0.199414,0.435406,0.54086
28.25,0.73209,0.202391,0.446887,0.543402
28.261,0.734765,0.202242,0.446172,0.547639
28.271,0.737869,0.204699,0.441196,0.554883
28.281,0.737547,0.209162,0.450434,0.545285
28.291,0.722188,0.210943,0.447439,0.526172
28.301,0.70681,0.210891,0.424265,0.524505
28.311,0.706109,0.211443,0.423628,0.523852
28.321,0.716201,0.212612,0.425213,0.535661
28.331,0.720047,0.216915,0.415152,0.546867
28.341,0.716291,0.215992,0.408682,0.547173
28.351,0.710281,0.215579,0.398697,0.546869
28.361,0.695079,0.216175,0.386559,0.535701
28.371,0.692413,0.218481,0.393891,0.525882
28.381,0.699578,0.215786,0.40771,0.525946
28.391,0.694156,0.211822,0.405835,0.521806
28.401,0.697468,0.209702,0.413251,0.521259
28.411,0.701069,0.209191,0.408387,0.530053
28.421,0.694527,0.208791,0.40895,0.52109
28.431,0.703334,0.213576,0.429153,0.514676
28.441,0.700326,0.212264,0.426953,0.512945
28.451,0.689855,0.208441,0.428451,0.498881
28.461,0.691457,0.209703,0.428704,0.50035
28.471,0.689278,0.209792,0.43475,0.492021
28.481,0.686997,0.209746,0.43645,0.487322
28.491,0.683862,0.211499,0.435971,0.48256
28.501,0.671657,0.212812,0.427936,0.471916
28.511,0.664336,0.213101,0.423031,0.465806
28.521,0.675541,0.214163,0.419658,0.484125
28.531,0.679767,0.214122,0.426137,0.484398
28.541,0.68556,0.210913,0.432612,0.488216
28.551,0.692815,0.211338,0.432927,0.497899
28.561,0.685428,0.211878,0.433647,0.486693
28.571,0.669462,0.21007,0.405181,0.489774
28.581,0.663095,0.211836,0.403772,0.481444
28.591,0.658208,0.211931,0.401214,0.476812
28.601,0.658337,0.208924,0.398745,0.480376
28.611,0.6665,0.209649,0.385579,0.501595
28.621,0.671431,0.219065,0.383929,0.505399
28.631,0.672015,0.216984,0.384189,0.506875
28.641,0.665522,0.217617,0.378972,0.501939
28.651,0.656454,0.209485,0.384452,0.489125
28.661,0.65436,0.213419,0.375218,0.491783
28.671,0.649,0.217429,0.363704,0.491574
28.681,0.635497,0.203914,0.365525,0.478192
28.691,0.639191,0.203642,0.371221,0.478843
28.701,0.659631,0.208009,0.369474,0.505306
28.711,0.670045,0.216296,0.367898,0.516554
28.721,0.669605,0.215039,0.370433,0.514693
28.731,0.673293,0.214383,0.385449,0.508717
28.741,0.663983,0.211471,0.385603,0.497458
28.751,0.66193,0.209181,0.385807,0.495527
28.761,0.670979,0.208878,0.387239,0.506585
28.771,0.666514,0.20488,0.387721,0.501934
28.781,0.662292,0.201516,0.382924,0.50139
28.791,0.670761,0.19645,0.395601,0.504805
28.801,0.67525,0.196406,0.395098,0.51116
28.811,0.676551,0.197918,0.397017,0.51081
28.821,0.668569,0.202295,0.3971,0.498371
28.831,0.65164,0.202598,0.392771,0.478873
28.841,0.649434,0.204961,0.388073,0.478701
28.851,0.653012,0.207897,0.392524,0.478674
28.861,0.650049,0.20595,0.392056,0.475857
28.871,0.668355,0.225047,0.38861,0.49501
28.881,0.663169,0.228294,0.377232,0.495349
28.891,0.665091,0.226879,0.381456,0.495342
28.901,0.668458,0.226128,0.379698,0.501529
28.911,0.663677,0.22889,0.380583,0.493187
28.921,0.658804,0.228891,0.380056,0.48702
28.931,0.65087,0.218716,0.357919,0.497685
28.941,0.648931,0.218786,0.351014,0.500033
28.951,0.651389,0.21868,0.360741,0.496339
28.961,0.652463,0.211219,0.360241,0.501319
28.971,0.652894,0.210681,0.355572,0.505423
28.981,0.65517,0.215608,0.356892,0.50536
28.991,0.658004,0.212778,0.36101,0.507313
29.001,0.672816,0.21835,0.366939,0.519962
29.011,0.668787,0.217996,0.372102,0.511169
29.021,0.6613,0.216187,0.379905,0.496239
29.031,0.658083,0.217417,0.372025,0.497394
29.041,0.652612,0.217839,0.368034,0.49295
29.051,0.644963,0.217234,0.36839,0.482779
29.061,0.647573,0.217459,0.367653,0.486718
29.071,0.645854,0.219103,0.367986,0.483433
29.081,0.644501,0.218092,0.369117,0.481217
29.091,0.65853,0.221238,0.367359,0.499763
29.101,0.65504,0.220501,0.368564,0.494588
29.111,0.639821,0.21665,0.369975,0.474923
29.121,0.64422,0.208348,0.382297,0.474826
29.131,0.649268,0.208657,0.383176,0.48082
29.141,0.650264,0.210598,0.388302,0.477193
29.151,0.6546,0.210446,0.383394,0.487055
29.161,0.656083,0.21361,0.383009,0.487976
29.171,0.656358,0.210606,0.389891,0.484187
29.181,0.656004,0.20891,0.387263,0.486544
29.191,0.65364,0.208033,0.383812,0.486472
29.201,0.637388,0.207484,0.38847,0.460766
29.211,0.632075,0.200729,0.387082,0.457596
29.221,0.633482,0.204887,0.383446,0.46075
29.231,0.626558,0.20608,0.369366,0.46225
29.241,0.625063,0.20359,0.367879,0.462515
29.251,0.62148,0.202416,0.357665,0.466199
29.261,0.609159,0.202666,0.360927,0.446915
29.271,0.618232,0.202819,0.379697,0.443741
29.281,0.621162,0.206815,0.374562,0.450304
29.291,0.618778,0.208444,0.373117,0.44746
29.301,0.616303,0.208622,0.372823,0.444195
29.311,0.618322,0.204245,0.371462,0.450136
29.321,0.623327,0.206326,0.377984,0.450659
29.331,0.623411,0.203847,0.378287,0.451649
29.341,0.634262,0.207919,0.386873,0.457588
29.351,0.635584,0.205324,0.385278,0.461921
29.361,0.635963,0.205498,0.385882,0.46186
29.371,0.619477,0.190736,0.383052,0.447932
29.381,0.615335,0.186733,0.378837,0.447494
29.391,0.614863,0.186476,0.374793,0.450348
29.401,0.604312,0.184942,0.367851,0.442352
29.411,0.602699,0.181968,0.367675,0.441531
29.421,0.600459,0.182766,0.36804,0.437829
29.431,0.59957,0.189348,0.369154,0.432847
29.441,0.605092,0.201373,0.376374,0.428868
29.451,0.604734,0.201446,0.361246,0.441162
29.461,0.601169,0.204265,0.365645,0.431258
29.471,0.599105,0.204671,0.364612,0.429063
29.481,0.600741,0.201932,0.363074,0.433924
29.491,0.601689,0.202691,0.364903,0.43335
29.501,0.585177,0.193368,0.357746,0.420784
29.511,0.606419,0.202086,0.353208,0.44961
29.521,0.604175,0.201633,0.347763,0.451035
29.531,0.606805,0.200513,0.356153,0.448511
29.541,0.611927,0.202953,0.352248,0.457369
29.551,0.619814,0.204601,0.366429,0.456112
29.561,0.624633,0.203728,0.365797,0.463522
29.571,0.630526,0.202625,0.368133,0.47009
29.581,0.628963,0.203517,0.367296,0.468261
29.591,0.617792,0.198827,0.374201,0.449565
29.601,0.618679,0.199263,0.377822,0.447559
29.611,0.619481,0.198904,0.376179,0.450203
29.621,0.621992,0.198952,0.372868,0.456356
29.631,0.624792,0.205951,0.377554,0.453212
29.641,0.627515,0.204964,0.38172,0.453933
29.651,0.620677,0.206555,0.384352,0.441416
29.661,0.617009,0.201051,0.38485,0.438371
29.671,0.615735,0.202686,0.378471,0.441371
29.681,0.619139,0.203561,0.377524,0.446511
29.691,0.619304,0.203763,0.37767,0.446524
29.701,0.621758,0.197925,0.38028,0.450329
29.711,0.636134,0.208933,0.382993,0.462958
29.721,0.64531,0.214347,0.392231,0.465441
29.731,0.647501,0.213485,0.397067,0.464779
29.741,0.65833,0.217318,0.396912,0.478154
29.751,0.655837,0.222675,0.392662,0.475767
29.761,0.664635,0.224377,0.393686,0.486216
29.771,0.662265,0.225618,0.376272,0.496096
29.781,0.658159,0.221792,0.376483,0.492182
29.791,0.651145,0.221576,0.365537,0.491199
29.801,0.667659,0.225253,0.365072,0.511617
29.811,0.669726,0.227623,0.369634,0.509992
29.821,0.665879,0.2204,0.361637,0.513845
29.831,0.670825,0.219935,0.364434,0.518481
29.841,0.662274,0.217587,0.359261,0.512048
29.851,0.664762,0.217555,0.364097,0.511871
29.861,0.675314,0.21733,0.363797,0.525803
29.871,0.690569,0.222386,0.375149,0.535438
29.881,0.694696,0.226775,0.380283,0.535313
29.891,0.698177,0.227738,0.380458,0.539295
29.901,0.703127,0.227586,0.38048,0.545735
29.911,0.703768,0.228703,0.381072,0.545682
29.921,0.714338,0.228962,0.3829,0.557892
29.931,0.720403,0.2268,0.380651,0.56802
29.941,0.715072,0.21509,0.371758,0.571717
29.951,0.716374,0.216858,0.386949,0.562525
29.961,0.717336,0.216908,0.388285,0.562811
29.971,0.720977,0.22087,0.386131,0.567387
29.981,0.726743,0.219545,0.40247,0.563891
29.991,0.724482,0.221162,0.401352,0.56114
30.001,0.727072,0.223425,0.405897,0.560323
30.011,0.711792,0.216658,0.409478,0.540403
30.021,0.712744,0.226309,0.406871,0.53967
30.031,0.716247,0.226259,0.402037,0.54789
30.041,0.71454,0.223183,0.403368,0.54594
30.051,0.705992,0.221732,0.388818,0.545968
30.061,0.701971,0.223268,0.389191,0.539856
30.071,0.705606,0.222824,0.387411,0.546024
30.081,0.713361,0.225911,0.386099,0.555676
30.091,0.710416,0.225805,0.381885,0.554857
30.101,0.710833,0.225297,0.380656,0.556441
30.111,0.721375,0.229869,0.382005,0.56711
30.121,0.707948,0.22986,0.368821,0.558861
30.131,0.709317,0.225913,0.374911,0.558153
30.141,0.703132,0.224391,0.364692,0.557712
30.151,0.704905,0.223865,0.37227,0.555149
30.161,0.704944,0.223718,0.372066,0.555395
30.171,0.718208,0.222662,0.3709,0.573304
30.181,0.71996,0.225807,0.371599,0.573818
30.191,0.719383,0.225719,0.370577,0.573791
30.201,0.715599,0.225703,0.368086,0.57066
30.211,0.703872,0.214783,0.367374,0.56066
30.221,0.710859,0.22148,0.354873,0.574745
30.229,0.714971,0.222566,0.362765,0.5745
30.239,0.710873,0.218628,0.373616,0.563874
30.245,0.71614,0.215131,0.374905,0.570983
30.258,0.711337,0.219989,0.370372,0.566066
30.268,0.703544,0.218441,0.370264,0.556922
30.278,0.705613,0.218031,0.370318,0.559658
30.288,0.706785,0.219098,0.367129,0.562812
30.298,0.693407,0.219194,0.367861,0.545385
30.308,0.691609,0.222252,0.369549,0.540704
30.318,0.691351,0.222221,0.374632,0.536876
30.33,0.685603,0.222781,0.370785,0.53192
30.34,0.685117,0.221741,0.373378,0.529911
30.35,0.687035,0.22121,0.365811,0.537834
30.36,0.682099,0.223908,0.36568,0.530474
30.37,0.673527,0.22011,0.366065,0.520756
30.38,0.674798,0.216867,0.364635,0.524749
30.39,0.674948,0.216063,0.366077,0.524269
30.4,0.687437,0.217108,0.366716,0.539401
30.41,0.690771,0.217553,0.367789,0.542739
30.42,0.682037,0.217148,0.373193,0.527966
30.43,0.681494,0.217523,0.386739,0.517253
30.44,0.687943,0.217506,0.387226,0.525369
30.45,0.679917,0.223094,0.370367,0.524732
30.46,0.674295,0.221921,0.36589,0.521104
30.47,0.675661,0.22492,0.367651,0.520347
30.48,0.666889,0.224093,0.350169,0.521446
30.49,0.66662,0.225876,0.346771,0.522602
30.5,0.674496,0.223946,0.341206,0.537002
30.51,0.672862,0.225133,0.337169,0.537005
30.52,0.670525,0.215428,0.339364,0.536681
30.53,0.664554,0.219514,0.339634,0.527347
30.54,0.662941,0.220181,0.336767,0.526877
30.55,0.663709,0.219063,0.335565,0.529073
30.56,0.675098,0.217155,0.335257,0.544246
30.57,0.674954,0.218248,0.335244,0.543638
30.58,0.672429,0.216843,0.338216,0.539212
30.59,0.677463,0.216492,0.342535,0.542915
30.6,0.695972,0.216531,0.338818,0.568061
30.61,0.687266,0.21978,0.337903,0.556644
30.62,0.687304,0.220199,0.340264,0.555086
30.63,0.684894,0.221117,0.331729,0.556905
30.64,0.684982,0.220803,0.330657,0.557775
30.65,0.679041,0.220438,0.320509,0.556577
30.66,0.689705,0.218786,0.320849,0.569984
30.67,0.683428,0.219093,0.319762,0.562872
30.681,0.678164,0.217621,0.322364,0.555544
30.69,0.681254,0.218647,0.328315,0.555436
30.7,0.680672,0.219891,0.324405,0.556528
30.71,0.672518,0.219078,0.325051,0.546467
30.72,0.673563,0.207707,0.327507,0.550712
30.73,0.682411,0.206299,0.317336,0.567824
30.74,0.689888,0.206407,0.324633,0.572673
30.75,0.69388,0.203786,0.334972,0.572481
30.76,0.693681,0.198331,0.335227,0.574004
30.77,0.693352,0.19987,0.336013,0.572611
30.78,0.698128,0.20108,0.337885,0.576874
30.79,0.696864,0.201798,0.337452,0.575346
30.8,0.691805,0.199496,0.336775,0.57042
30.81,0.689222,0.19358,0.331965,0.572147
30.82,0.703909,0.200354,0.327365,0.590066
30.83,0.710479,0.203737,0.32956,0.595535
30.84,0.708342,0.202856,0.325337,0.595613
30.85,0.704175,0.202236,0.328249,0.58925
30.86,0.699656,0.200064,0.328095,0.584676
30.87,0.69088,0.195466,0.315956,0.582478
30.88,0.704215,0.196428,0.315502,0.598159
30.89,0.70259,0.195138,0.323041,0.59262
30.9,0.690707,0.192763,0.325232,0.578051
30.91,0.692566,0.192246,0.322612,0.581903
30.92,0.693384,0.192268,0.313283,0.587935
30.93,0.679968,0.191068,0.301004,0.579004
30.94,0.672696,0.190841,0.301501,0.570261
30.95,0.677446,0.184942,0.304965,0.575957
30.96,0.680007,0.185893,0.312669,0.574536
30.97,0.681359,0.173522,0.328184,0.571345
30.98,0.681102,0.178706,0.32822,0.569417
30.99,0.67865,0.175444,0.325758,0.568918
31.0,0.672959,0.176639,0.325775,0.561732
31.01,0.693249,0.182077,0.326884,0.583599
31.02,0.703772,0.18366,0.328048,0.594936
31.03,0.711247,0.18156,0.336403,0.599784
31.04,0.718635,0.179784,0.337502,0.608446
31.05,0.725294,0.185983,0.338529,0.613889
31.06,0.712533,0.18494,0.338499,0.599098
31.07,0.703797,0.186925,0.339131,0.587691
31.08,0.70781,0.184726,0.335246,0.595383
31.09,0.704466,0.186356,0.32881,0.594498
31.1,0.692682,0.18636,0.343661,0.571818
31.11,0.699637,0.182339,0.357848,0.572878
31.12,0.71326,0.189137,0.35491,0.589072
31.13,0.708398,0.186629,0.350899,0.586402
31.14,0.707659,0.18678,0.350802,0.585519
31.15,0.708424,0.185117,0.350834,0.586951
31.16,0.703274,0.191136,0.350562,0.578937
31.17,0.694982,0.190687,0.352439,0.567825
31.18,0.700494,0.190412,0.357907,0.57126
31.19,0.712423,0.193533,0.351339,0.588772
31.2,0.719035,0.193498,0.355492,0.594302
31.21,0.729867,0.194889,0.375547,0.594717
31.22,0.710884,0.193837,0.374862,0.572068
31.23,0.698888,0.193422,0.371664,0.559372
31.24,0.683039,0.194449,0.356716,0.549077
31.25,0.672837,0.194463,0.344569,0.544211
31.26,0.667856,0.197869,0.345134,0.536434
31.27,0.669826,0.196747,0.34473,0.539554
31.28,0.66854,0.198794,0.349041,0.534413
31.29,0.666626,0.196202,0.348353,0.533428
31.3,0.670515,0.197574,0.349058,0.537321
31.31,0.684078,0.203715,0.362591,0.543131
31.32,0.672212,0.19813,0.367976,0.526504
31.33,0.66601,0.196855,0.367079,0.519684
31.34,0.670598,0.196066,0.366875,0.525987
31.35,0.666322,0.198988,0.363387,0.521861
31.36,0.66469,0.195844,0.363401,0.520958
31.37,0.660234,0.197184,0.363153,0.514925
31.38,0.650781,0.199677,0.359204,0.504596
31.39,0.651304,0.202604,0.35146,0.509534
31.4,0.653231,0.202105,0.360509,0.505863
31.41,0.658214,0.202049,0.375847,0.501159
31.42,0.666888,0.204641,0.377322,0.510383
31.43,0.676052,0.203797,0.374307,0.524792
31.44,0.679685,0.205702,0.379681,0.524882
31.45,0.678896,0.20559,0.383759,0.520924
31.46,0.679755,0.203946,0.380197,0.525284
31.47,0.677571,0.204918,0.367018,0.531422
31.48,0.679869,0.206237,0.369368,0.532217
31.49,0.680191,0.206385,0.370148,0.532029
31.5,0.683293,0.205028,0.371074,0.53587
31.51,0.669709,0.200917,0.372794,0.518813
31.52,0.67498,0.208278,0.378367,0.518706
31.53,0.664462,0.210751,0.36846,0.511205
31.54,0.657736,0.210946,0.368828,0.50208
31.55,0.655998,0.207215,0.367956,0.501999
31.56,0.656762,0.207312,0.367963,0.502952
31.57,0.65519,0.206086,0.36796,0.501406
31.58,0.647218,0.203834,0.367695,0.492081
31.59,0.652708,0.207331,0.365503,0.499449
31.6,0.647422,0.207791,0.352547,0.501686
31.61,0.63533,0.205187,0.342459,0.49423
31.62,0.629101,0.199121,0.343928,0.48768
31.63,0.645391,0.197952,0.343068,0.509558
31.64,0.66326,0.204912,0.343339,0.529191
31.65,0.666823,0.206602,0.352154,0.527215
31.66,0.664481,0.201666,0.3535,0.525265
31.67,0.670415,0.201836,0.35185,0.53378
31.68,0.672502,0.210338,0.342424,0.539224
31.69,0.655336,0.21257,0.341176,0.51757
31.7,0.648279,0.214603,0.335051,0.511813
31.71,0.647863,0.213342,0.312966,0.525608
31.72,0.66214,0.225232,0.311798,0.538964
31.73,0.664648,0.227139,0.317845,0.537716
31.74,0.666807,0.225451,0.32345,0.537758
31.75,0.679861,0.225566,0.335475,0.546614
31.76,0.690306,0.22695,0.335988,0.558685
31.77,0.687014,0.22565,0.335847,0.555228
31.78,0.684469,0.223735,0.330339,0.556162
31.79,0.684356,0.2225,0.330694,0.556308
31.8,0.68214,0.220438,0.33026,0.554663
31.81,0.667214,0.212434,0.318613,0.546381
31.82,0.6621,0.211576,0.308602,0.546239
31.83,0.66388,0.211923,0.310033,0.547453
31.84,0.667939,0.212338,0.306785,0.55402
31.85,0.675333,0.216232,0.31279,0.558104
31.86,0.677991,0.217958,0.312742,0.560677
31.87,0.679506,0.220516,0.314708,0.560411
31.88,0.676471,0.218383,0.315381,0.557186
31.89,0.673433,0.220151,0.315271,0.552856
31.9,0.667478,0.220237,0.301607,0.553223
31.91,0.659705,0.22071,0.282752,0.553669
31.92,0.650207,0.22196,0.28639,0.539892
31.93,0.646675,0.224807,0.28643,0.534424
31.94,0.641993,0.224267,0.277862,0.533528
31.95,0.64577,0.224816,0.286723,0.533166
31.96,0.643522,0.223618,0.284589,0.532094
31.97,0.643212,0.222107,0.283066,0.533164
31.98,0.642109,0.224242,0.279783,0.532673
31.99,0.644082,0.224561,0.279842,0.534886
32.0,0.637625,0.225278,0.281806,0.525739
32.01,0.623704,0.220999,0.283272,0.509827
32.02,0.61305,0.224452,0.271721,0.501617
32.03,0.610968,0.222359,0.271102,0.500342
32.04,0.612154,0.227482,0.274499,0.497629
32.05,0.603088,0.224212,0.275787,0.487222
32.06,0.606026,0.228559,0.276164,0.488633
32.07,0.61123,0.228882,0.286784,0.488846
32.08,0.618664,0.22894,0.304119,0.487691
32.09,0.607477,0.222686,0.307412,0.474275
32.1,0.61427,0.222581,0.318619,0.475676
32.11,0.615039,0.22191,0.316289,0.478529
32.12,0.612836,0.22265,0.322406,0.471221
32.13,0.593717,0.222256,0.323093,0.445773
32.14,0.578621,0.216939,0.323188,0.428123
32.15,0.579752,0.215458,0.313804,0.437284
32.16,0.58196,0.217146,0.318063,0.436304
32.17,0.577821,0.217172,0.324326,0.426058
32.18,0.571664,0.208936,0.327064,0.419732
32.19,0.599055,0.209743,0.332415,0.452078
32.2,0.616245,0.215028,0.338598,0.467839
32.21,0.60515,0.213839,0.342813,0.45051
32.22,0.594671,0.203367,0.351786,0.434192
32.23,0.600055,0.201988,0.346117,0.446621
32.24,0.600437,0.204072,0.336036,0.453827
32.25,0.584838,0.205625,0.322615,0.44235
32.26,0.573364,0.200624,0.324741,0.427831
32.27,0.57827,0.200895,0.325848,0.433428
32.28,0.589866,0.200667,0.335723,0.441548
32.29,0.59178,0.202989,0.336683,0.442317
32.3,0.591337,0.2062,0.337631,0.439507
32.31,0.592384,0.204519,0.339298,0.440417
32.32,0.607055,0.20448,0.33915,0.460088
32.33,0.618869,0.208708,0.336028,0.475946
32.34,0.622716,0.216515,0.339058,0.475328
32.35,0.617664,0.206533,0.345034,0.468833
32.36,0.622158,0.205813,0.350463,0.47106
32.37,0.638361,0.20831,0.348499,0.492606
32.38,0.639903,0.210774,0.348067,0.493862
32.39,0.638733,0.204113,0.352265,0.492166
32.4,0.640754,0.204814,0.354606,0.49282
32.41,0.639142,0.204304,0.355588,0.490224
32.42,0.636595,0.201971,0.35537,0.488029
32.43,0.631651,0.199502,0.361616,0.477929
32.44,0.6485,0.203719,0.361892,0.498081
32.45,0.656586,0.208013,0.346408,0.517531
32.46,0.66287,0.216188,0.356152,0.515573
32.47,0.662145,0.216178,0.363767,0.509291
32.48,0.67114,0.210777,0.363068,0.523625
32.49,0.681794,0.210449,0.361087,0.538674
32.5,0.689303,0.223557,0.362178,0.542207
32.51,0.693876,0.223576,0.370243,0.542584
32.52,0.692936,0.215747,0.374713,0.541483
32.53,0.694839,0.217435,0.375282,0.542851
32.54,0.692688,0.214367,0.372574,0.543187
32.55,0.691959,0.214635,0.372516,0.542191
32.56,0.698948,0.214733,0.374119,0.549956
32.57,0.698759,0.218621,0.365995,0.553639
32.58,0.692036,0.219432,0.352573,0.553585
32.59,0.691807,0.219409,0.351791,0.553805
32.6,0.697507,0.219635,0.343021,0.566227
32.61,0.714977,0.22456,0.343045,0.585735
32.62,0.710801,0.223358,0.33625,0.585051
32.63,0.714132,0.223971,0.343197,0.58484
32.64,0.71281,0.223886,0.34633,0.581403
32.65,0.710063,0.222175,0.346351,0.578679
32.66,0.70815,0.219865,0.346367,0.577204
32.67,0.705987,0.219485,0.340524,0.578176
32.68,0.709655,0.220451,0.33827,0.583597
32.69,0.69197,0.224202,0.332921,0.563666
32.7,0.681739,0.214423,0.333755,0.554436
32.71,0.685105,0.217784,0.335593,0.556162
32.72,0.692215,0.218304,0.326268,0.570135
32.73,0.696478,0.221198,0.326515,0.574056
32.741,0.701,0.219811,0.333008,0.576359
32.75,0.706369,0.219107,0.344377,0.576501
32.76,0.708168,0.219274,0.34777,0.576609
32.77,0.710739,0.219188,0.346969,0.580275
32.78,0.70285,0.218829,0.337178,0.576561
32.79,0.700556,0.217377,0.336114,0.574938
32.8,0.70131,0.213309,0.334515,0.578303
32.81,0.701016,0.215244,0.334568,0.577198
32.82,0.690668,0.217123,0.341388,0.559763
32.83,0.684882,0.214927,0.351194,0.547296
32.84,0.694384,0.20529,0.354072,0.560944
32.85,0.710154,0.213358,0.347963,0.581135
32.86,0.715765,0.218537,0.346199,0.587118
32.87,0.708158,0.214913,0.35511,0.573757
32.88,0.708022,0.210737,0.363778,0.569694
32.89,0.725546,0.217854,0.360266,0.590902
32.9,0.732167,0.219623,0.356987,0.600329
32.91,0.733216,0.220491,0.356817,0.601391
32.92,0.730915,0.219582,0.355381,0.59977
32.93,0.730906,0.217466,0.350652,0.603304
32.94,0.727806,0.215353,0.362283,0.593359
32.95,0.71623,0.208074,0.365683,0.579626
32.96,0.708824,0.202156,0.355581,0.578901
32.97,0.703391,0.204038,0.347114,0.576749
32.98,0.697082,0.207992,0.347108,0.567608
32.99,0.694575,0.214641,0.347003,0.562097
33.0,0.691727,0.208428,0.3449,0.562216
33.01,0.686764,0.211959,0.331651,0.562785
33.02,0.687656,0.209247,0.334863,0.562986
33.03,0.689057,0.210442,0.333867,0.564842
33.04,0.689329,0.209139,0.335196,0.56487
33.05,0.694763,0.20847,0.339003,0.569485
33.06,0.68727,0.202278,0.338143,0.563101
33.07,0.684636,0.19911,0.339437,0.560235
33.08,0.698172,0.199453,0.365869,0.560181
33.09,0.706288,0.199203,0.37768,0.562599
33.1,0.692002,0.198389,0.37416,0.547278
33.11,0.674971,0.197913,0.372742,0.526763
33.12,0.67899,0.200325,0.376627,0.528251
33.13,0.676779,0.203664,0.370721,0.528315
33.14,0.675522,0.205936,0.366979,0.528438
33.15,0.678943,0.207572,0.371017,0.529362
33.16,0.677989,0.210032,0.36757,0.529573
33.17,0.68072,0.211061,0.373659,0.528404
33.18,0.675085,0.211845,0.375975,0.519138
33.19,0.678843,0.199196,0.381912,0.524682
33.2,0.699776,0.205147,0.377745,0.552187
33.21,0.707603,0.204668,0.379703,0.560926
33.22,0.712324,0.206194,0.406345,0.547516
33.23,0.708443,0.202125,0.417979,0.535098
33.24,0.722425,0.204666,0.415037,0.554755
33.25,0.733652,0.213233,0.407454,0.571627
33.26,0.735218,0.221618,0.40415,0.572795
33.27,0.730731,0.222712,0.407222,0.56439
33.28,0.730777,0.225811,0.406644,0.563636
33.29,0.737702,0.22598,0.406354,0.572724
33.3,0.741536,0.230486,0.407895,0.574782
33.31,0.739185,0.229986,0.404537,0.574326
33.32,0.738872,0.227506,0.400565,0.577685
33.33,0.744053,0.226206,0.391394,0.590978
33.34,0.738458,0.22962,0.387724,0.585034
33.35,0.723161,0.223924,0.384782,0.56988
33.36,0.71937,0.217497,0.39302,0.561893
33.37,0.722968,0.217245,0.387569,0.570331
33.38,0.726496,0.217951,0.380627,0.579152
33.39,0.716244,0.212617,0.38513,0.565221
33.4,0.71663,0.21247,0.398788,0.556222
33.41,0.718,0.213378,0.401033,0.556027
33.42,0.728454,0.215242,0.408105,0.563708
33.43,0.729281,0.216309,0.406648,0.565419
33.44,0.723684,0.223721,0.395344,0.563356
33.45,0.721711,0.225324,0.393264,0.56164
33.46,0.722139,0.225573,0.393857,0.561675
33.47,0.726917,0.222015,0.399473,0.565278
33.48,0.733343,0.220453,0.401903,0.572422
33.49,0.723779,0.216692,0.403071,0.560744
33.5,0.720264,0.211649,0.403351,0.557936
33.51,0.719949,0.205433,0.403965,0.559407
33.52,0.724412,0.205667,0.399456,0.568251
33.53,0.722377,0.204494,0.401326,0.564754
33.54,0.728817,0.204325,0.407351,0.568762
33.55,0.727107,0.206799,0.407022,0.565908
33.56,0.724621,0.208647,0.408015,0.561308
33.57,0.72527,0.208593,0.406928,0.562952
33.58,0.720539,0.211016,0.381508,0.573672
33.59,0.721937,0.214798,0.370654,0.581094
33.6,0.727031,0.217027,0.378079,0.581833
33.61,0.733155,0.211499,0.391102,0.582944
33.62,0.739159,0.210895,0.393195,0.589302
33.63,0.757884,0.220459,0.39614,0.607338
33.64,0.764313,0.218409,0.396923,0.615569
33.65,0.75962,0.214262,0.398271,0.610323
33.66,0.761721,0.213331,0.398925,0.612836
33.67,0.76591,0.217034,0.39376,0.620055
33.68,0.775278,0.218499,0.395285,0.630129
33.69,0.765133,0.218863,0.39217,0.61946
33.7,0.748235,0.215709,0.400103,0.594342
33.71,0.74149,0.211374,0.392755,0.592344
33.72,0.735624,0.210935,0.36425,0.6033
33.73,0.734939,0.212582,0.364273,0.601872
33.741,0.722206,0.210903,0.375671,0.579632
33.75,0.711944,0.201294,0.37516,0.570614
33.76,0.71835,0.195803,0.372726,0.582033
33.77,0.725991,0.202081,0.370905,0.59047
33.78,0.722646,0.195856,0.371753,0.587927
33.79,0.714711,0.194588,0.372115,0.578341
33.8,0.717936,0.192825,0.370709,0.583803
33.81,0.729147,0.199327,0.370842,0.595316
33.82,0.726031,0.199264,0.369494,0.592358
33.83,0.712304,0.198165,0.369963,0.57553
33.84,0.706419,0.195631,0.366888,0.571095
33.85,0.710122,0.193848,0.365691,0.577032
33.86,0.703361,0.193772,0.354847,0.575546
33.87,0.694933,0.194193,0.358315,0.562878
33.88,0.685767,0.198377,0.357757,0.550394
33.89,0.680084,0.197104,0.353369,0.546621
33.9,0.671874,0.1962,0.340083,0.545219
33.91,0.67445,0.196067,0.339905,0.548548
33.92,0.664358,0.193004,0.33128,0.542563
33.93,0.660378,0.190686,0.333236,0.5373
33.94,0.65869,0.194852,0.333341,0.533656
33.95,0.659707,0.194191,0.332705,0.535546
33.96,0.663139,0.198954,0.334037,0.537206
33.97,0.662023,0.204698,0.327483,0.537707
33.98,0.655037,0.205267,0.32746,0.528875
33.99,0.655829,0.204586,0.32553,0.531307
34.0,0.655928,0.200936,0.324562,0.533409
34.01,0.655215,0.200954,0.325248,0.532107
34.02,0.659443,0.201433,0.346321,0.523787
34.03,0.661844,0.201626,0.344406,0.527985
34.04,0.653722,0.201817,0.335232,0.523681
34.05,0.651841,0.201551,0.330859,0.52422
34.06,0.654663,0.197972,0.329331,0.53003
34.07,0.654021,0.200271,0.329813,0.528071
34.08,0.648497,0.199661,0.337181,0.516713
34.09,0.642828,0.204957,0.337348,0.507363
34.1,0.639343,0.200686,0.330458,0.509197
34.11,0.633491,0.201191,0.32368,0.506028
34.12,0.625967,0.206383,0.315943,0.49942
34.13,0.604263,0.197406,0.312133,0.478265
34.14,0.602944,0.196948,0.31229,0.476685
34.15,0.604152,0.20032,0.305171,0.481396
34.16,0.601619,0.202408,0.303605,0.478331
34.17,0.598346,0.200814,0.305471,0.473686
34.18,0.592684,0.194746,0.303935,0.470077
34.19,0.591764,0.193901,0.301615,0.47076
34.2,0.584513,0.194313,0.290147,0.468735
34.21,0.580307,0.194988,0.29111,0.462591
34.22,0.579644,0.195549,0.291016,0.461582
34.23,0.571335,0.195767,0.278479,0.458855
34.24,0.569047,0.195656,0.273564,0.459017
34.25,0.568288,0.192012,0.271236,0.460992
34.26,0.567094,0.192348,0.274169,0.457635
34.27,0.559123,0.190502,0.277528,0.446436
34.28,0.561602,0.193243,0.280416,0.446566
34.29,0.567419,0.191493,0.280819,0.454352
34.3,0.568295,0.196168,0.280046,0.45393
34.31,0.558594,0.190682,0.289035,0.438322
34.32,0.565305,0.192002,0.297619,0.4406
34.33,0.584106,0.191553,0.307914,0.457905
34.34,0.587109,0.197206,0.308229,0.459131
34.35,0.574686,0.197278,0.308977,0.442582
34.36,0.573046,0.197178,0.306974,0.441893
34.37,0.57238,0.196627,0.299143,0.446621
34.38,0.577564,0.197851,0.299063,0.452765
34.39,0.576784,0.199785,0.304299,0.447401
34.4,0.580907,0.199921,0.310336,0.448527
34.41,0.577943,0.199635,0.307239,0.446954
34.42,0.578424,0.202198,0.308286,0.445702
34.43,0.578393,0.201176,0.307254,0.446835
34.44,0.582153,0.191834,0.311926,0.452553
34.45,0.57976,0.19192,0.312806,0.448821
34.46,0.578177,0.187539,0.311338,0.449651
34.47,0.579224,0.187173,0.312814,0.450126
34.48,0.581225,0.187661,0.313301,0.45216
34.49,0.581471,0.190561,0.315002,0.450076
34.5,0.587854,0.190384,0.315485,0.458034
34.51,0.603165,0.193155,0.316094,0.476009
34.52,0.598096,0.192366,0.303509,0.478118
34.53,0.602904,0.193566,0.316238,0.475415
34.54,0.60754,0.195166,0.31635,0.480559
34.55,0.60924,0.197304,0.316813,0.481532
34.56,0.609827,0.20031,0.32351,0.476556
34.57,0.614642,0.199061,0.328605,0.479769
34.58,0.61735,0.201496,0.321592,0.486929
34.59,0.613037,0.193151,0.321002,0.485247
34.6,0.616284,0.192234,0.335673,0.479766
34.61,0.612242,0.193172,0.327605,0.479792
34.62,0.608166,0.190015,0.327171,0.47615
34.63,0.609754,0.192913,0.327171,0.477015
34.64,0.608051,0.189297,0.329254,0.474852
34.65,0.604319,0.190144,0.329291,0.469696
34.66,0.605009,0.189861,0.329615,0.47047
34.67,0.607186,0.189402,0.330245,0.473012
34.68,0.625102,0.19525,0.333493,0.491337
34.69,0.628624,0.195227,0.339384,0.491806
34.7,0.634457,0.194732,0.349572,0.492356
34.71,0.640175,0.193145,0.349247,0.500545
34.72,0.637462,0.194047,0.34928,0.496696
34.73,0.635266,0.191878,0.348117,0.495541
34.741,0.627613,0.191868,0.337088,0.493413
34.75,0.625668,0.190927,0.337176,0.491243
34.76,0.6182,0.193729,0.335783,0.48155
34.77,0.624842,0.192508,0.343358,0.485257
34.78,0.629218,0.19255,0.340724,0.492693
34.79,0.624508,0.192479,0.344182,0.484253
34.8,0.621852,0.187454,0.346314,0.481277
34.81,0.628586,0.187675,0.339916,0.494324
34.82,0.627965,0.187575,0.3334,0.497997
34.83,0.615037,0.187373,0.332125,0.48255
34.84,0.612703,0.179703,0.331997,0.482586
34.85,0.63025,0.183145,0.332678,0.502989
34.86,0.635326,0.183447,0.339339,0.504812
34.87,0.6378,0.183293,0.351849,0.499395
34.88,0.635873,0.178907,0.352502,0.498065
34.89,0.632319,0.17711,0.347698,0.49756
34.9,0.636107,0.17831,0.355224,0.496642
34.91,0.637052,0.17802,0.361037,0.493757
34.92,0.634199,0.173213,0.357098,0.494658
34.93,0.631536,0.174391,0.356629,0.491163
34.94,0.637152,0.171303,0.356545,0.499494
34.95,0.643498,0.177686,0.357239,0.504875
34.96,0.645443,0.17769,0.359716,0.505596
34.97,0.647978,0.177267,0.358952,0.509514
34.98,0.65866,0.17558,0.35652,0.525259
34.99,0.665532,0.174849,0.354943,0.535141
35.0,0.660397,0.179032,0.358241,0.525105
35.01,0.663216,0.175881,0.361955,0.527172
35.02,0.678994,0.179609,0.354072,0.550823
35.03,0.680919,0.181236,0.346576,0.557395
35.04,0.679029,0.179922,0.351072,0.552682
35.05,0.692019,0.182022,0.353966,0.566097
35.06,0.69698,0.183841,0.34719,0.57571
35.07,0.694394,0.185563,0.345357,0.573129
35.08,0.692823,0.185872,0.352996,0.566435
35.09,0.695062,0.183686,0.350413,0.571473
35.1,0.693752,0.19199,0.335973,0.575807
35.11,0.69568,0.193206,0.335788,0.57783
35.12,0.703924,0.198385,0.337651,0.584931
35.13,0.701859,0.194826,0.338231,0.583309
35.14,0.698865,0.197848,0.337612,0.579039
35.15,0.704879,0.195415,0.337168,0.587354
35.16,0.712685,0.199382,0.336286,0.595885
35.17,0.706184,0.199547,0.334403,0.589111
35.18,0.685513,0.190741,0.32808,0.570884
35.19,0.704901,0.194155,0.32332,0.595528
35.2,0.707222,0.197391,0.311502,0.603461
35.21,0.701149,0.198056,0.312577,0.595549
35.22,0.701925,0.197876,0.313422,0.59608
35.23,0.720145,0.198401,0.328041,0.609618
35.24,0.722344,0.198785,0.331436,0.610258
35.25,0.725583,0.198928,0.345227,0.606397
35.26,0.727675,0.19513,0.343476,0.611113
35.27,0.725659,0.197895,0.335306,0.612363
35.28,0.72125,0.197178,0.334698,0.607701
35.29,0.720857,0.198993,0.330828,0.60876
35.3,0.713807,0.19557,0.327686,0.603237
35.31,0.705801,0.200341,0.327432,0.59229
35.32,0.706796,0.199598,0.326299,0.594348
35.33,0.717135,0.205415,0.326692,0.60445
35.34,0.709134,0.206002,0.327261,0.59442
35.35,0.709383,0.20237,0.351342,0.582091
35.36,0.72776,0.204333,0.349486,0.604767
35.37,0.73942,0.208318,0.335068,0.625359
35.38,0.7399,0.211594,0.336826,0.623881
35.39,0.744721,0.21189,0.344998,0.625051
35.4,0.747441,0.210316,0.331845,0.635857
35.41,0.759264,0.217813,0.323937,0.651232
35.42,0.76849,0.224389,0.332706,0.655387
35.43,0.772894,0.222905,0.339745,0.657458
35.44,0.770215,0.222735,0.336726,0.655923
35.45,0.770067,0.224795,0.335306,0.655775
35.46,0.765428,0.225264,0.330701,0.652513
35.47,0.758481,0.220834,0.331609,0.645416
35.48,0.752691,0.222257,0.334465,0.636616
35.49,0.748205,0.223863,0.334063,0.63095
35.5,0.745512,0.22133,0.331487,0.630014
35.51,0.730607,0.221152,0.330922,0.612673
35.52,0.71201,0.217891,0.328213,0.593092
35.53,0.704006,0.216218,0.325026,0.585861
35.54,0.706518,0.216134,0.318774,0.592315
35.55,0.691293,0.210991,0.316916,0.577003
35.56,0.686412,0.207735,0.32439,0.568136
35.57,0.685332,0.211959,0.319364,0.568119
35.58,0.683811,0.209478,0.311117,0.571772
35.59,0.683959,0.217495,0.311102,0.568956
35.6,0.679971,0.209606,0.314945,0.565009
35.61,0.679781,0.211634,0.315392,0.563774
35.62,0.682116,0.209,0.316351,0.567031
35.63,0.696311,0.217404,0.316297,0.580983
35.64,0.694423,0.212717,0.316484,0.580356
35.65,0.687594,0.212162,0.31633,0.572458
35.66,0.681225,0.210234,0.317415,0.564905
35.67,0.687569,0.213264,0.322003,0.568844
35.686,0.683382,0.213566,0.321055,0.564202
35.691,0.66431,0.210137,0.324399,0.540291
35.7,0.660864,0.207938,0.324101,0.537087
35.71,0.665686,0.213043,0.326137,0.539802
35.72,0.665505,0.216587,0.339665,0.52973
35.73,0.652107,0.216047,0.334182,0.516613
35.741,0.651897,0.216106,0.331185,0.518251
35.75,0.641147,0.219398,0.316517,0.512593
35.76,0.638615,0.220467,0.318239,0.507886
35.77,0.641612,0.225047,0.31634,0.510831
35.78,0.640399,0.224661,0.315711,0.509867
35.79,0.639502,0.226941,0.316729,0.507093
35.8,0.643522,0.226736,0.3223,0.508758
35.81,0.648036,0.225804,0.327125,0.511813
35.82,0.647285,0.22732,0.330766,0.507835
35.83,0.63174,0.226689,0.322293,0.493796
35.84,0.636358,0.225889,0.32706,0.496948
35.85,0.624487,0.22584,0.303511,0.496851
35.86,0.60181,0.225722,0.30189,0.469135
35.87,0.579288,0.224837,0.30099,0.44094
35.88,0.578631,0.221405,0.3004,0.442215
35.89,0.578871,0.222115,0.298372,0.443544
35.9,0.579251,0.226033,0.297858,0.442404
35.91,0.574946,0.226463,0.297853,0.436533
35.92,0.57102,0.229772,0.294781,0.431709
35.93,0.569349,0.229398,0.296757,0.428334
35.94,0.569886,0.22926,0.297029,0.428933
35.95,0.580129,0.226902,0.299527,0.441983
35.96,0.586052,0.229135,0.305348,0.444654
35.97,0.589976,0.231127,0.312592,0.443777
35.98,0.586547,0.229614,0.308615,0.442799
35.99,0.593387,0.234136,0.3086,0.449504
36.0,0.596734,0.23448,0.314179,0.449891
36.01,0.602067,0.236106,0.322505,0.450255
36.02,0.617396,0.235845,0.332925,0.463375
36.03,0.634153,0.240881,0.336054,0.480827
36.04,0.633126,0.240866,0.345144,0.472977
36.05,0.633327,0.241175,0.349314,0.470019
36.06,0.637549,0.240874,0.345163,0.478865
36.07,0.646966,0.2358,0.353031,0.488193
36.08,0.643305,0.235477,0.351508,0.484597
36.09,0.639385,0.227015,0.354818,0.481022
36.1,0.645466,0.227431,0.351157,0.491518
36.11,0.654657,0.225461,0.351078,0.504467
36.12,0.649762,0.22604,0.359603,0.491713
36.13,0.640483,0.216679,0.364888,0.479714
36.14,0.648957,0.219417,0.362256,0.491703
36.15,0.653124,0.219603,0.364381,0.495552
36.16,0.651917,0.219462,0.367063,0.492034
36.17,0.64468,0.217825,0.361943,0.486993
36.18,0.649204,0.218265,0.364656,0.490767
36.19,0.650846,0.224977,0.360536,0.49295
36.2,0.648964,0.225471,0.367032,0.485392
36.21,0.640956,0.220483,0.364835,0.478652
36.22,0.63995,0.221293,0.354689,0.484521
36.23,0.63828,0.222813,0.346482,0.487551
36.24,0.639612,0.223542,0.347818,0.488012
36.25,0.63756,0.217817,0.346914,0.488558
36.26,0.644402,0.218596,0.345546,0.498064
36.27,0.646451,0.213359,0.348251,0.501097
36.28,0.653543,0.213549,0.361159,0.501078
36.29,0.668904,0.209335,0.368511,0.517505
36.3,0.688654,0.211885,0.365004,0.54417
36.31,0.698151,0.213663,0.367226,0.553993
36.32,0.699071,0.214551,0.369514,0.553288
36.33,0.711245,0.212082,0.377331,0.564369
36.34,0.721804,0.21409,0.37316,0.579585
36.35,0.740349,0.233831,0.3773,0.592524
36.36,0.745218,0.231755,0.384301,0.594938
36.37,0.759091,0.229569,0.384289,0.613057
36.38,0.769892,0.238808,0.385168,0.622375
36.39,0.769575,0.239698,0.386748,0.620658
36.4,0.759757,0.237514,0.386755,0.609294
36.41,0.750877,0.230348,0.389619,0.599127
36.42,0.745543,0.220786,0.386775,0.597908
36.43,0.748494,0.226191,0.379394,0.60427
36.44,0.741341,0.227459,0.378722,0.595331
36.45,0.740214,0.224466,0.39405,0.585027
36.46,0.74843,0.222839,0.400063,0.59198
36.47,0.769308,0.225685,0.39198,0.622296
36.48,0.780085,0.225692,0.398793,0.631316
36.49,0.787172,0.218502,0.416837,0.630986
36.5,0.796721,0.218309,0.423825,0.63834
36.51,0.792302,0.216667,0.412729,0.640666
36.52,0.777551,0.217193,0.405705,0.626751
36.53,0.765357,0.211597,0.403173,0.615183
36.54,0.763544,0.214284,0.398007,0.615364
36.55,0.762238,0.219825,0.392665,0.615222
36.56,0.759416,0.219681,0.392256,0.612036
36.57,0.769403,0.236096,0.396295,0.615784
36.58,0.77893,0.236905,0.409588,0.618745
36.59,0.793081,0.237784,0.418632,0.630225
36.6,0.812563,0.240823,0.42391,0.650049
36.61,0.817448,0.2428,0.437793,0.646225
36.62,0.815238,0.243709,0.433429,0.646033
36.63,0.811134,0.24371,0.430411,0.642876
36.64,0.806607,0.244915,0.435275,0.633378
36.65,0.809502,0.245498,0.433712,0.637901
36.66,0.812547,0.244858,0.43335,0.64225
36.67,0.81838,0.243461,0.44318,0.643478
36.68,0.824521,0.243211,0.45468,0.643389
36.69,0.834431,0.24317,0.454287,0.656329
36.7,0.836253,0.245608,0.451234,0.659836
36.71,0.850427,0.244553,0.476922,0.660277
36.72,0.846737,0.240866,0.476799,0.65697
36.73,0.845356,0.239536,0.47706,0.655487
36.741,0.849026,0.240029,0.476623,0.660349
36.75,0.858746,0.24039,0.478241,0.671523
36.76,0.862468,0.244282,0.488912,0.667189
36.77,0.865379,0.242016,0.493955,0.66807
36.78,0.881343,0.243048,0.486077,0.693846
36.79,0.874643,0.251888,0.481555,0.685316
36.801,0.863249,0.251116,0.493247,0.662455
36.81,0.853889,0.247588,0.488118,0.655414
36.82,0.851472,0.246936,0.486997,0.653347
36.83,0.843271,0.248422,0.482916,0.645125
36.84,0.836481,0.247648,0.485015,0.634926
36.85,0.822228,0.229677,0.491557,0.617801
36.86,0.829544,0.229569,0.504342,0.617317
36.87,0.82936,0.235559,0.511121,0.609184
36.88,0.823718,0.237962,0.510616,0.600963
36.89,0.828807,0.238404,0.519026,0.600581
36.9,0.828633,0.236851,0.519376,0.600652
36.91,0.833186,0.240309,0.525626,0.60014
36.92,0.845139,0.242245,0.524048,0.617212
36.93,0.856888,0.240213,0.528752,0.630061
36.94,0.860739,0.23893,0.529887,0.634825
36.95,0.852915,0.239199,0.518821,0.633303
36.96,0.864926,0.252717,0.513755,0.648296
36.97,0.855856,0.255714,0.513808,0.634902
36.98,0.841487,0.25975,0.508807,0.617855
36.99,0.830782,0.259899,0.494439,0.614964
37.0,0.821175,0.259863,0.488957,0.606399
37.01,0.830314,0.260275,0.490062,0.617671
37.02,0.841304,0.260922,0.490909,0.631443
37.03,0.863345,0.260791,0.525746,0.633201
37.04,0.871384,0.259251,0.538867,0.633815
37.05,0.870521,0.254674,0.538142,0.635099
37.061,0.870588,0.259859,0.537719,0.633447
37.07,0.864296,0.248954,0.531066,0.634821
37.08,0.87734,0.255165,0.525959,0.654204
37.09,0.870287,0.254776,0.522632,0.647569
37.1,0.868995,0.25193,0.52208,0.647392
37.11,0.8656,0.256228,0.512076,0.649144
37.12,0.865172,0.256882,0.510809,0.649314
37.13,0.870537,0.259636,0.511518,0.654807
37.14,0.87395,0.256684,0.514821,0.657922
37.15,0.875417,0.260223,0.514786,0.658508
37.16,0.878111,0.260077,0.513154,0.66341
37.17,0.884816,0.261107,0.522898,0.664305
37.18,0.874506,0.261147,0.515361,0.65648
37.19,0.867765,0.257538,0.517589,0.647141
37.2,0.866418,0.258253,0.520514,0.64269
37.21,0.883993,0.263237,0.505714,0.675577
37.221,0.900862,0.263976,0.509822,0.694226
37.23,0.91208,0.269324,0.523117,0.696923
37.24,0.916373,0.268505,0.523882,0.702277
37.25,0.90523,0.269835,0.521789,0.688743
37.26,0.901715,0.266135,0.512075,0.692849
37.27,0.906899,0.266335,0.510385,0.700741
37.28,0.903454,0.265746,0.524699,0.685784
37.29,0.903215,0.258021,0.522673,0.689953
37.3,0.899954,0.261247,0.511662,0.692726
37.31,0.899838,0.260139,0.51065,0.693738
37.32,0.905304,0.25986,0.509677,0.701625
37.33,0.905728,0.255917,0.509607,0.703669
37.34,0.914905,0.260747,0.516658,0.708609
37.35,0.912159,0.258625,0.508028,0.712077
37.36,0.904442,0.259146,0.488383,0.71578
37.37,0.897224,0.254323,0.486022,0.71001
37.381,0.900894,0.241454,0.499783,0.709596
37.391,0.911501,0.242302,0.487334,0.731184
37.4,0.91376,0.243724,0.487187,0.733624
37.41,0.911192,0.243128,0.485004,0.732073
37.42,0.903301,0.240399,0.489886,0.719842
37.43,0.887543,0.23741,0.487789,0.702446
37.44,0.89334,0.238925,0.487443,0.709486
37.45,0.90077,0.240968,0.497573,0.711155
37.461,0.880868,0.227747,0.49629,0.691199
37.47,0.876149,0.218447,0.511103,0.677267
37.481,0.889775,0.216397,0.512907,0.694117
37.49,0.897933,0.216263,0.513255,0.704332
37.5,0.894393,0.219813,0.507508,0.702891
37.511,0.888273,0.219441,0.506482,0.695953
37.52,0.878892,0.216875,0.507689,0.683862
37.53,0.869806,0.217525,0.475229,0.695272
37.541,0.862736,0.217379,0.461476,0.695773
37.55,0.863332,0.21779,0.463119,0.695292
37.56,0.860884,0.210516,0.463274,0.694393
37.571,0.852149,0.210472,0.464391,0.682788
37.581,0.85709,0.205738,0.466539,0.688925
37.59,0.849522,0.209852,0.462363,0.68108
37.601,0.830764,0.211399,0.458947,0.659429
37.61,0.828362,0.201786,0.459819,0.658811
37.621,0.840229,0.198426,0.464539,0.671428
37.63,0.847493,0.202313,0.461497,0.681421
37.641,0.843945,0.202258,0.457092,0.680001
37.65,0.841115,0.199546,0.45617,0.677912
37.661,0.837826,0.199576,0.4588,0.67203
37.67,0.840389,0.203062,0.443601,0.68428
37.681,0.850415,0.217604,0.44559,0.690872
37.691,0.849479,0.2154,0.443545,0.691726
37.7,0.855812,0.213077,0.457019,0.69148
37.71,0.832351,0.207211,0.447527,0.670515
37.721,0.815002,0.206008,0.448087,0.64885
37.73,0.808322,0.199587,0.43063,0.654299
37.741,0.827095,0.200153,0.460839,0.657003
37.751,0.828649,0.199389,0.461803,0.658514
37.761,0.82622,0.199749,0.468367,0.650671
37.771,0.813707,0.19936,0.463557,0.638349
37.781,0.802767,0.199205,0.448111,0.635569
37.791,0.794092,0.195262,0.450185,0.62433
37.801,0.798771,0.194316,0.45817,0.624785
37.811,0.798306,0.193038,0.4607,0.622723
37.821,0.807533,0.193304,0.473464,0.62496
37.831,0.803978,0.193593,0.470489,0.622529
37.841,0.802116,0.187817,0.460462,0.629356
37.851,0.802032,0.190413,0.458867,0.629633
37.861,0.798896,0.188484,0.462349,0.623652
37.871,0.796555,0.192245,0.459275,0.621779
37.881,0.789749,0.191714,0.44479,0.623788
37.891,0.7666,0.185612,0.450175,0.592086
37.901,0.778397,0.185317,0.465978,0.595335
37.911,0.77994,0.184784,0.464837,0.598404
37.921,0.78108,0.185115,0.462398,0.60167
37.931,0.77905,0.187288,0.459076,0.600908
37.941,0.776733,0.182959,0.469794,0.590875
37.951,0.770382,0.182581,0.456472,0.593115
37.961,0.781408,0.182729,0.464477,0.601224
37.971,0.776337,0.185509,0.447897,0.606361
37.981,0.76278,0.184144,0.445962,0.590797
37.991,0.749389,0.182707,0.445476,0.574241
38.001,0.749583,0.180814,0.445642,0.574964
38.011,0.758281,0.186137,0.45077,0.580645
38.021,0.762036,0.185986,0.459487,0.578774
38.031,0.761176,0.184268,0.459323,0.578321
38.041,0.771203,0.185238,0.48119,0.573495
38.051,0.769917,0.185196,0.480575,0.572296
38.061,0.775998,0.184495,0.486907,0.575374
38.071,0.776657,0.18223,0.48429,0.579181
38.081,0.758697,0.180663,0.479126,0.55984
38.091,0.765116,0.174298,0.485489,0.565087
38.101,0.764299,0.173812,0.485377,0.564226
38.111,0.760304,0.17472,0.488103,0.556139
38.121,0.746058,0.173328,0.484892,0.539852
38.131,0.73508,0.169418,0.484842,0.525898
38.141,0.748102,0.169973,0.488599,0.540405
38.151,0.747583,0.170585,0.488024,0.540013
38.161,0.745223,0.170924,0.489796,0.535017
38.171,0.726766,0.162518,0.485588,0.515732
38.181,0.718145,0.147731,0.484481,0.509103
38.191,0.717067,0.147797,0.48522,0.506855
38.201,0.715962,0.148754,0.472087,0.517309
38.211,0.710639,0.149696,0.477973,0.504123
38.221,0.712984,0.150952,0.475401,0.509463
38.231,0.707956,0.147317,0.474891,0.503963
38.241,0.681658,0.146757,0.452099,0.488596
38.251,0.686446,0.146352,0.458805,0.48917
38.261,0.689879,0.14674,0.45636,0.496122
38.271,0.691284,0.147216,0.456439,0.497861
38.281,0.703523,0.149658,0.455226,0.515089
38.291,0.705465,0.150139,0.457935,0.515204
38.301,0.705647,0.15306,0.455898,0.516398
38.311,0.717138,0.152514,0.461312,0.527464
38.321,0.69865,0.153692,0.450871,0.511083
38.331,0.717672,0.153445,0.451933,0.53597
38.341,0.706751,0.145877,0.458708,0.517498
38.351,0.706626,0.144981,0.463389,0.513391
38.361,0.708627,0.148405,0.46367,0.514917
38.371,0.713933,0.144625,0.461659,0.525028
38.381,0.717537,0.147855,0.47353,0.518428
38.391,0.71378,0.149624,0.464492,0.520905
38.401,0.723468,0.15096,0.458966,0.538486
38.411,0.72574,0.151714,0.455635,0.54413
38.421,0.731659,0.151101,0.453782,0.553693
38.431,0.741316,0.155626,0.457556,0.562114
38.441,0.730885,0.15573,0.452513,0.552425
38.451,0.73251,0.157496,0.457062,0.550327
38.461,0.735472,0.157801,0.447172,0.562188
38.471,0.74218,0.157828,0.466712,0.555069
38.481,0.742765,0.157832,0.46766,0.555053
38.491,0.760041,0.157597,0.471387,0.574995
38.501,0.769669,0.157229,0.47198,0.587286
38.511,0.772009,0.15001,0.485614,0.581098
38.521,0.766137,0.151932,0.473052,0.583184
38.531,0.769864,0.156009,0.491785,0.571401
38.541,0.755694,0.154347,0.468045,0.572873
38.551,0.768285,0.156543,0.477616,0.581066
38.561,0.766822,0.157219,0.479775,0.57716
38.571,0.766103,0.158698,0.481471,0.574382
38.581,0.764359,0.162797,0.481668,0.570734
38.591,0.760676,0.165387,0.473688,0.571747
38.601,0.763276,0.172089,0.474285,0.572738
38.611,0.765531,0.173299,0.473229,0.576245
38.621,0.763783,0.172478,0.472592,0.574693
38.631,0.768561,0.172477,0.473005,0.580693
38.641,0.768417,0.186013,0.473763,0.575685
38.651,0.765993,0.181414,0.476092,0.571989
38.661,0.766466,0.181373,0.472274,0.575787
38.671,0.767583,0.183149,0.475356,0.574174
38.681,0.772891,0.18904,0.47026,0.583507
38.691,0.775742,0.189344,0.470394,0.587073
38.701,0.769682,0.187914,0.46974,0.580037
38.711,0.781123,0.18861,0.472287,0.592895
38.721,0.779826,0.186776,0.467644,0.595443
38.731,0.781762,0.18675,0.47888,0.589024
38.741,0.780722,0.186016,0.476607,0.589721
38.751,0.778017,0.187704,0.470019,0.590898
38.761,0.769128,0.187746,0.464544,0.583531
38.771,0.766045,0.187372,0.474256,0.571662
38.781,0.756092,0.183996,0.474773,0.558938
38.791,0.756357,0.183666,0.469678,0.563689
38.801,0.745182,0.180038,0.461677,0.55654
38.811,0.733705,0.180729,0.451873,0.549064
38.821,0.736203,0.182114,0.454839,0.549501
38.831,0.715849,0.182557,0.456701,0.520132
38.841,0.710242,0.182743,0.450927,0.517411
38.851,0.708591,0.185431,0.448282,0.516488
38.861,0.707177,0.182646,0.445493,0.517953
38.871,0.702887,0.18312,0.446538,0.511
38.881,0.692608,0.181362,0.431124,0.510829
38.891,0.695194,0.180486,0.434504,0.511787
38.901,0.682235,0.18126,0.432309,0.49568
38.911,0.672065,0.180904,0.435441,0.478892
38.921,0.654564,0.181944,0.431921,0.456941
38.931,0.650569,0.179967,0.43242,0.451514
38.941,0.650999,0.179299,0.43258,0.452246
38.951,0.650716,0.179792,0.430106,0.453999
38.961,0.639358,0.179757,0.430765,0.436929
38.971,0.626288,0.177121,0.411613,0.437538
38.981,0.640641,0.184383,0.409484,0.456887
38.991,0.630965,0.186729,0.406519,0.444963
39.001,0.626644,0.191644,0.412785,0.430771
39.011,0.624882,0.191923,0.398152,0.441722
39.021,0.636605,0.193168,0.397727,0.458002
39.031,0.621187,0.196272,0.362578,0.464637
39.041,0.622918,0.196778,0.365392,0.464536
39.051,0.613888,0.19482,0.356629,0.460129
39.061,0.620559,0.193343,0.366276,0.46212
39.071,0.617019,0.196406,0.366096,0.456192
39.081,0.620802,0.192761,0.374898,0.455731
39.091,0.61397,0.192137,0.37292,0.4483
39.101,0.616953,0.187843,0.37705,0.450754
39.111,0.607859,0.187458,0.368179,0.445866
39.121,0.612511,0.190532,0.368937,0.450281
39.131,0.609488,0.188773,0.372006,0.444356
39.141,0.601635,0.175978,0.380644,0.4314
39.151,0.604647,0.175833,0.384378,0.432359
39.161,0.61641,0.175431,0.396303,0.438326
39.171,0.614255,0.172303,0.394149,0.438483
39.181,0.615886,0.167545,0.412071,0.425959
39.191,0.62401,0.168884,0.412195,0.436991
39.201,0.616791,0.168686,0.400885,0.437341
39.211,0.62074,0.170032,0.413431,0.430677
39.221,0.623096,0.170992,0.424181,0.423179
39.231,0.624414,0.171941,0.414525,0.434163
39.241,0.630114,0.176077,0.412745,0.44236
39.248,0.632269,0.174775,0.414491,0.444314
39.261,0.634116,0.17509,0.418166,0.443378
39.271,0.63561,0.175906,0.414913,0.448222
39.278,0.640636,0.187116,0.414843,0.450896
39.29,0.643252,0.187066,0.42431,0.445803
39.3,0.648053,0.187272,0.431464,0.445804
39.31,0.649582,0.187285,0.43137,0.448108
39.32,0.646318,0.184385,0.4281,0.447727
39.33,0.646671,0.183289,0.425796,0.450873
39.34,0.646853,0.182319,0.425584,0.451727
39.35,0.643939,0.180019,0.42135,0.452454
39.36,0.643773,0.179762,0.422013,0.451701
39.37,0.647149,0.179044,0.421052,0.457669
39.38,0.647279,0.179415,0.421215,0.457557
39.39,0.647718,0.179164,0.426007,0.453825
39.4,0.655912,0.178257,0.422779,0.468724
39.41,0.658751,0.181064,0.421133,0.473092
39.42,0.664897,0.1791,0.432014,0.472626
39.43,0.664938,0.175669,0.433599,0.472519
39.44,0.661858,0.176012,0.429213,0.472073
39.45,0.661127,0.185002,0.427797,0.468884
39.46,0.660967,0.184976,0.425271,0.470962
39.47,0.658666,0.185007,0.421797,0.47085
39.48,0.645893,0.178539,0.42187,0.455332
39.49,0.644606,0.178677,0.421849,0.45347
39.5,0.643569,0.180689,0.413778,0.458606
39.51,0.637478,0.181083,0.420861,0.443242
39.52,0.632461,0.174757,0.431466,0.42814
39.53,0.628951,0.171977,0.433107,0.422399
39.54,0.625743,0.17261,0.427243,0.423348
39.55,0.623301,0.172858,0.430719,0.416059
39.56,0.618326,0.172074,0.424645,0.415204
39.57,0.61933,0.169423,0.425562,0.416848
39.58,0.61376,0.169895,0.417207,0.416865
39.59,0.62062,0.164113,0.416986,0.429371
39.6,0.617248,0.164348,0.412082,0.429155
39.61,0.621755,0.164178,0.417196,0.430781
39.62,0.623509,0.163425,0.414735,0.435947
39.63,0.627614,0.169791,0.412306,0.441672
39.64,0.623588,0.180714,0.40091,0.442126
39.65,0.620509,0.181814,0.395093,0.442579
39.66,0.606577,0.182195,0.383938,0.432819
39.67,0.611549,0.186779,0.387119,0.435023
39.68,0.603834,0.186284,0.367947,0.441055
39.69,0.606488,0.187483,0.367854,0.444254
39.7,0.602168,0.187138,0.367371,0.43889
39.71,0.584332,0.183006,0.350178,0.430497
39.72,0.589602,0.183024,0.339089,0.446264
39.73,0.58273,0.182791,0.339228,0.437133
39.74,0.578158,0.179602,0.350434,0.423327
39.75,0.573937,0.183641,0.346874,0.418758
39.76,0.570929,0.182116,0.34277,0.418692
39.77,0.561708,0.184517,0.338339,0.408651
39.78,0.567819,0.179714,0.338348,0.419096
39.79,0.577939,0.180937,0.33719,0.433102
39.8,0.577814,0.183466,0.335009,0.433564
39.81,0.58441,0.182441,0.348533,0.432174
39.82,0.588804,0.187187,0.346587,0.43764
39.83,0.589842,0.187058,0.355618,0.431808
39.84,0.593763,0.187179,0.364202,0.429972
39.85,0.597128,0.18693,0.36642,0.432846
39.86,0.589649,0.186797,0.366256,0.42267
39.87,0.594417,0.189728,0.364909,0.429157
39.88,0.603098,0.187921,0.366563,0.440504
39.89,0.613511,0.200808,0.369522,0.446682
39.9,0.603793,0.200697,0.375386,0.428219
39.91,0.603135,0.199282,0.371072,0.4317
39.92,0.599311,0.203782,0.359429,0.434117
39.93,0.596166,0.203073,0.352955,0.435428
39.94,0.601627,0.206684,0.350809,0.442911
39.95,0.598029,0.196619,0.352219,0.441499
39.96,0.596472,0.20004,0.352915,0.43728
39.97,0.600592,0.200127,0.354723,0.441397
39.98,0.606277,0.199383,0.355789,0.448589
39.99,0.602719,0.198878,0.359711,0.440823
40.0,0.595092,0.189837,0.364513,0.430381
40.01,0.592234,0.189627,0.350836,0.437832
40.02,0.585375,0.189821,0.337709,0.438844
40.03,0.589191,0.188435,0.348492,0.43611
40.04,0.587772,0.186372,0.348606,0.434989
40.05,0.587287,0.186037,0.348048,0.434924
40.06,0.584005,0.186057,0.338983,0.437647
40.07,0.591494,0.189774,0.337984,0.446786
40.08,0.592185,0.190554,0.338845,0.446718
40.09,0.588934,0.189661,0.343386,0.43927
40.1,0.592969,0.187932,0.342727,0.445906
40.11,0.592154,0.187523,0.342426,0.445226
40.12,0.592405,0.186444,0.344713,0.444247
40.13,0.584288,0.179334,0.345177,0.435987
40.14,0.585487,0.171518,0.349378,0.437392
40.15,0.583578,0.173336,0.345895,0.436892
40.16,0.583123,0.173097,0.350183,0.432946
40.17,0.58099,0.16641,0.34711,0.435169
40.18,0.578358,0.167499,0.35034,0.428607
40.19,0.576739,0.166259,0.356724,0.421584
40.2,0.573806,0.167391,0.356367,0.417417
40.21,0.575109,0.167505,0.355334,0.420035
40.22,0.559907,0.16698,0.353487,0.400824
40.23,0.565309,0.167154,0.354459,0.407422
40.24,0.564178,0.167099,0.339881,0.418157
40.25,0.563143,0.163543,0.339863,0.418182
40.26,0.565498,0.166267,0.335337,0.423901
40.27,0.566334,0.163165,0.337047,0.424866
40.28,0.557471,0.160655,0.33917,0.412223
40.29,0.545425,0.158506,0.327939,0.405981
40.3,0.549586,0.155063,0.332245,0.409406
40.31,0.550269,0.158644,0.331835,0.409284
40.32,0.554331,0.157957,0.336156,0.411498
40.33,0.569461,0.158527,0.339755,0.428628
40.34,0.564509,0.158039,0.332192,0.428185
40.35,0.570495,0.158405,0.336037,0.432956
40.36,0.57977,0.163446,0.337735,0.441989
40.37,0.572317,0.158659,0.338785,0.433127
40.38,0.564563,0.156941,0.339158,0.42317
40.39,0.557101,0.142828,0.330328,0.425258
40.4,0.555148,0.147741,0.323618,0.426184
40.41,0.550213,0.14705,0.32388,0.419777
40.42,0.551755,0.139714,0.334494,0.415966
40.43,0.55088,0.138499,0.334255,0.415404
40.44,0.554462,0.134619,0.334305,0.421362
40.45,0.567439,0.140558,0.349162,0.424637
40.46,0.568564,0.13461,0.348251,0.428797
40.47,0.578388,0.137297,0.355132,0.435388
40.48,0.583305,0.157273,0.3616,0.429832
40.49,0.58475,0.158773,0.366429,0.427145
40.5,0.585952,0.162389,0.36355,0.429886
40.51,0.579062,0.162078,0.365938,0.418488
40.52,0.585006,0.166941,0.365312,0.425335
40.53,0.597215,0.166926,0.35085,0.453548
40.54,0.60842,0.171461,0.350705,0.466671
40.55,0.607618,0.17241,0.348728,0.466758
40.56,0.616467,0.188731,0.349237,0.471642
40.57,0.611286,0.185473,0.351391,0.464538
40.58,0.615754,0.184634,0.359274,0.464743
40.59,0.611695,0.183896,0.357496,0.461031
40.6,0.607558,0.18745,0.358345,0.453407
40.61,0.613484,0.189943,0.352122,0.465075
40.62,0.61505,0.191389,0.36298,0.458151
40.63,0.616076,0.191044,0.364702,0.458306
40.64,0.628394,0.191542,0.358722,0.479071
40.65,0.6329,0.188872,0.36626,0.480358
40.66,0.6452,0.188935,0.361669,0.499782
40.671,0.67082,0.196462,0.362012,0.52948
40.68,0.67049,0.195999,0.360713,0.53012
40.69,0.666304,0.201303,0.354077,0.527321
40.7,0.680991,0.20434,0.355688,0.543581
40.71,0.684611,0.205975,0.363905,0.54207
40.72,0.695412,0.206756,0.364649,0.55487
40.73,0.690762,0.206602,0.36368,0.549731
40.74,0.685628,0.20594,0.365608,0.542222
40.75,0.702983,0.216331,0.367335,0.558974
40.76,0.699448,0.215738,0.367542,0.554615
40.77,0.700845,0.219915,0.36584,0.555862
40.78,0.702438,0.221848,0.365135,0.557565
40.79,0.69474,0.221906,0.364739,0.548075
40.8,0.694402,0.221679,0.355305,0.553905
40.81,0.687925,0.218876,0.343311,0.554502
40.82,0.682699,0.215842,0.342554,0.549679
40.83,0.685753,0.219636,0.333984,0.5572
40.84,0.685137,0.220517,0.334769,0.555621
40.85,0.675936,0.219961,0.330234,0.547223
40.86,0.674668,0.217735,0.327846,0.547982
40.87,0.675953,0.217472,0.32833,0.549379
40.88,0.671727,0.218008,0.326834,0.544858
40.89,0.668513,0.218134,0.324133,0.542463
40.9,0.6651,0.214371,0.32327,0.540277
40.91,0.666003,0.215557,0.326984,0.538681
40.92,0.672618,0.216234,0.316597,0.552653
40.93,0.685309,0.22266,0.319234,0.564058
40.94,0.693754,0.224898,0.328085,0.568397
40.95,0.692952,0.223041,0.309993,0.578221
40.96,0.70961,0.225425,0.309938,0.597217
40.97,0.704189,0.230511,0.306232,0.590735
40.98,0.697526,0.218639,0.299048,0.591025
40.99,0.699202,0.216735,0.292163,0.597118
41.0,0.705595,0.221548,0.292101,0.602874
41.01,0.705693,0.222857,0.288551,0.604215
41.02,0.696317,0.220422,0.294338,0.591301
41.03,0.701343,0.225213,0.295908,0.594642
41.04,0.69273,0.224895,0.297981,0.583528
41.05,0.690549,0.223172,0.297831,0.581678
41.06,0.684698,0.212486,0.297267,0.579045
41.07,0.693405,0.216152,0.293607,0.589817
41.08,0.690423,0.215554,0.281738,0.592321
41.09,0.693763,0.215121,0.292213,0.591304
41.1,0.701635,0.212953,0.291106,0.60183
41.11,0.69766,0.211491,0.291119,0.597704
41.12,0.690883,0.210042,0.282799,0.594329
41.13,0.687849,0.210009,0.280474,0.591918
41.14,0.682167,0.209901,0.286832,0.582255
41.15,0.681902,0.210888,0.276191,0.586716
41.16,0.674157,0.212712,0.275603,0.577308
41.17,0.656122,0.207898,0.27872,0.556408
41.18,0.663607,0.208658,0.277871,0.565353
41.19,0.676764,0.206782,0.277886,0.581403
41.2,0.692793,0.210011,0.280804,0.5975
41.21,0.68473,0.208493,0.267327,0.594913
41.22,0.679744,0.208698,0.270101,0.587828
41.23,0.680477,0.209757,0.272095,0.58738
41.24,0.683129,0.209869,0.271205,0.59082
41.25,0.682899,0.20816,0.277537,0.588212
41.26,0.691972,0.206977,0.286312,0.594988
41.27,0.694102,0.206421,0.293204,0.594306
41.28,0.695477,0.205968,0.292379,0.596473
41.29,0.700355,0.207064,0.296181,0.599915
41.3,0.696664,0.207962,0.298116,0.594323
41.31,0.704199,0.209232,0.2965,0.603495
41.32,0.705619,0.219599,0.293127,0.603118
41.33,0.693783,0.215361,0.298951,0.587863
41.34,0.701244,0.215846,0.314954,0.588181
41.35,0.711458,0.223102,0.318838,0.595602
41.36,0.710138,0.223075,0.320676,0.593043
41.37,0.70808,0.223074,0.320568,0.590636
41.38,0.708675,0.223667,0.319442,0.591734
41.39,0.719747,0.227129,0.323095,0.601712
41.4,0.724708,0.226915,0.323374,0.607569
41.41,0.726523,0.225088,0.327579,0.608163
41.42,0.739568,0.228461,0.336471,0.6177
41.43,0.73969,0.227005,0.335397,0.618966
41.44,0.729731,0.224225,0.331072,0.610427
41.45,0.718221,0.22016,0.327803,0.59993
41.46,0.705027,0.217271,0.33361,0.58186
41.47,0.698446,0.210814,0.329155,0.578827
41.48,0.700562,0.2109,0.330783,0.580423
41.49,0.696806,0.216703,0.324427,0.577343
41.5,0.682757,0.20738,0.324288,0.563904
41.51,0.683015,0.207933,0.325025,0.563589
41.52,0.689901,0.208645,0.334477,0.566176
41.53,0.685755,0.210932,0.331588,0.561976
41.54,0.684152,0.206672,0.337485,0.558082
41.55,0.687065,0.209836,0.341251,0.558189
41.56,0.68556,0.209362,0.341208,0.55654
41.57,0.683,0.209204,0.341352,0.553354
41.58,0.679837,0.208934,0.341292,0.549585
41.59,0.681525,0.210664,0.327472,0.559337
41.6,0.675594,0.214579,0.333203,0.547136
41.61,0.684828,0.214487,0.346803,0.550194
41.62,0.694865,0.213993,0.352015,0.55958
41.63,0.719576,0.216368,0.35205,0.589097
41.64,0.718215,0.216903,0.343469,0.592296
41.65,0.71587,0.218124,0.346639,0.58714
41.66,0.708943,0.217481,0.346667,0.578899
41.67,0.709625,0.217559,0.352811,0.575985
41.68,0.706679,0.216157,0.350854,0.574085
41.69,0.690069,0.212881,0.350139,0.555229
41.7,0.667968,0.209204,0.342689,0.533835
41.71,0.668554,0.209468,0.34112,0.535467
41.72,0.6747,0.212564,0.340929,0.542037
41.73,0.678734,0.215326,0.344414,0.543777
41.741,0.672766,0.22065,0.340665,0.53654
41.75,0.661891,0.214032,0.335122,0.529134
41.76,0.656207,0.216508,0.337986,0.519131
41.77,0.660517,0.214158,0.335753,0.526962
41.78,0.668048,0.216405,0.335748,0.535472
41.79,0.668112,0.217393,0.335575,0.53526
41.8,0.677248,0.218348,0.337485,0.545063
41.81,0.677246,0.218587,0.3391,0.543961
41.82,0.673689,0.20745,0.342642,0.54168
41.83,0.677184,0.207484,0.339915,0.54771
41.84,0.677896,0.206359,0.329857,0.555116
41.85,0.669628,0.198634,0.332863,0.546029
41.86,0.687409,0.197701,0.335305,0.566583
41.87,0.704706,0.200641,0.334264,0.587045
41.88,0.7066,0.206891,0.337463,0.585319
41.89,0.696714,0.202786,0.33555,0.575929
41.9,0.693245,0.207369,0.337797,0.568752
41.91,0.687847,0.207509,0.328097,0.567825
41.92,0.661642,0.207935,0.321955,0.539332
41.93,0.655181,0.204238,0.324196,0.531457
41.94,0.654372,0.208721,0.322876,0.529518
41.95,0.663398,0.21066,0.322905,0.539863
41.96,0.664355,0.217586,0.314353,0.543329
41.97,0.663127,0.217101,0.31554,0.541331
41.98,0.662445,0.221692,0.314917,0.538993
41.99,0.66419,0.216833,0.326478,0.536231
42.0,0.668844,0.214617,0.336445,0.536747
42.01,0.679362,0.214169,0.33251,0.552359
42.02,0.690519,0.217813,0.327398,0.567614
42.03,0.68028,0.212607,0.328542,0.556453
42.04,0.678522,0.213699,0.321143,0.558205
42.05,0.680439,0.212957,0.317159,0.563077
42.06,0.684931,0.213803,0.326893,0.562637
42.07,0.689686,0.213573,0.327033,0.568421
42.08,0.696801,0.213867,0.329468,0.575538
42.09,0.69008,0.211622,0.331638,0.56696
42.1,0.691958,0.208054,0.325807,0.573906
42.11,0.688003,0.208969,0.312061,0.576453
42.12,0.675701,0.209083,0.304702,0.565696
42.13,0.650492,0.211298,0.304625,0.534506
42.14,0.653932,0.217512,0.314576,0.530431
42.15,0.651677,0.216218,0.313663,0.528722
42.16,0.65581,0.215228,0.315436,0.533164
42.17,0.659469,0.217244,0.306332,0.542094
42.18,0.655662,0.216638,0.306047,0.537862
42.19,0.656576,0.220653,0.307842,0.536318
42.2,0.657006,0.220421,0.309203,0.536157
42.21,0.655352,0.223166,0.307907,0.533738
42.22,0.655591,0.219318,0.307428,0.535898
42.23,0.656189,0.218227,0.306455,0.53763
42.24,0.660408,0.212525,0.317164,0.538868
42.25,0.664842,0.216716,0.309104,0.547269
42.26,0.662203,0.215862,0.303721,0.547421
42.27,0.654964,0.213931,0.302936,0.539853
42.28,0.643718,0.209582,0.303331,0.527673
42.29,0.651042,0.20825,0.31618,0.529639
42.3,0.660365,0.209441,0.324894,0.535407
42.31,0.672284,0.210218,0.324065,0.550232
42.32,0.681727,0.217828,0.322569,0.559689
42.33,0.68196,0.219749,0.323936,0.558431
42.34,0.682537,0.219916,0.326742,0.557435
42.35,0.683461,0.219954,0.327621,0.558036
42.36,0.668791,0.219761,0.323879,0.5423
42.37,0.665015,0.219678,0.322242,0.538652
42.38,0.679188,0.223321,0.333172,0.548106
42.39,0.683774,0.226682,0.337166,0.549983
42.4,0.682129,0.223665,0.333804,0.551224
42.41,0.689951,0.227275,0.332266,0.560338
42.42,0.689348,0.225649,0.332602,0.560053
42.43,0.681978,0.227207,0.328404,0.55283
42.44,0.684356,0.224024,0.328302,0.557112
42.45,0.690479,0.227321,0.328782,0.563017
42.46,0.682968,0.222265,0.331566,0.554173
42.47,0.691981,0.222316,0.331205,0.565435
42.48,0.702328,0.221148,0.334116,0.576823
42.49,0.697957,0.220884,0.323976,0.577402
42.5,0.703059,0.220884,0.323707,0.583709
42.51,0.705351,0.220294,0.328347,0.584105
42.52,0.692323,0.216449,0.324154,0.572176
42.53,0.695294,0.216326,0.327151,0.574116
42.54,0.697379,0.21362,0.326736,0.577882
42.55,0.705773,0.214436,0.333396,0.583935
42.56,0.702501,0.213573,0.326566,0.584165
42.57,0.710313,0.21309,0.3254,0.59435
42.58,0.718497,0.214512,0.322584,0.605114
42.59,0.722345,0.216281,0.324053,0.608272
42.6,0.717869,0.216521,0.323627,0.603093
42.61,0.720067,0.215558,0.331345,0.601865
42.62,0.727782,0.216153,0.328659,0.612313
42.63,0.730803,0.210975,0.333927,0.614862
42.64,0.733023,0.204864,0.329101,0.62213
42.65,0.735904,0.203842,0.326266,0.627339
42.66,0.730012,0.207838,0.32571,0.619382
42.67,0.727808,0.207386,0.33067,0.61429
42.68,0.735221,0.208693,0.346244,0.614094
42.69,0.72966,0.206589,0.347839,0.607234
42.7,0.730281,0.2057,0.34559,0.609562
42.71,0.730663,0.203586,0.34774,0.609507
42.72,0.728458,0.203467,0.354808,0.602796
42.73,0.725194,0.199338,0.352067,0.601847
42.741,0.725761,0.203996,0.343529,0.60589
42.75,0.725426,0.198744,0.351101,0.602887
42.76,0.732473,0.197811,0.365294,0.603281
42.77,0.759879,0.205899,0.36844,0.631881
42.78,0.773576,0.211257,0.370778,0.645223
42.79,0.771556,0.211805,0.365026,0.645904
42.8,0.759897,0.209277,0.355833,0.637989
42.81,0.748586,0.208932,0.362473,0.620759
42.82,0.73757,0.201995,0.35952,0.611517
42.83,0.731134,0.201659,0.35508,0.606473
42.84,0.72892,0.201627,0.353253,0.604883
42.85,0.726029,0.20144,0.348062,0.604478
42.86,0.720357,0.20399,0.347838,0.596918
42.87,0.715254,0.203761,0.351308,0.588772
42.88,0.700216,0.193513,0.347081,0.576533
42.89,0.710019,0.191665,0.347739,0.588617
42.9,0.723372,0.191288,0.345998,0.605774
42.91,0.720876,0.188262,0.348034,0.602571
42.92,0.722891,0.184326,0.354762,0.602278
42.93,0.725081,0.181968,0.358703,0.603293
42.94,0.724025,0.181769,0.362609,0.59974
42.95,0.733158,0.176243,0.362252,0.612563
42.96,0.747272,0.175715,0.360259,0.630677
42.97,0.755518,0.181911,0.384556,0.624366
42.98,0.748256,0.178352,0.383329,0.617362
42.99,0.758052,0.177931,0.391932,0.623997
43.0,0.747769,0.177954,0.381976,0.617726
43.01,0.742795,0.177999,0.378706,0.613711
43.02,0.759637,0.185922,0.390653,0.624398
43.03,0.762884,0.186291,0.393871,0.626222
43.04,0.76165,0.185972,0.395499,0.623783
43.05,0.758683,0.182019,0.390245,0.624642
43.06,0.758243,0.183522,0.389612,0.624064
43.07,0.745521,0.188523,0.391684,0.605677
43.08,0.738535,0.195602,0.398598,0.590164
43.09,0.736422,0.194647,0.397986,0.588249
43.1,0.747594,0.197169,0.398297,0.60115
43.11,0.755208,0.205107,0.391667,0.612264
43.12,0.751782,0.204685,0.391975,0.607977
43.13,0.747536,0.204561,0.388188,0.605206
43.14,0.74356,0.204149,0.386753,0.601354
43.15,0.745502,0.205547,0.396366,0.597007
43.16,0.756001,0.201693,0.399622,0.609229
43.17,0.765885,0.205489,0.395518,0.622832
43.18,0.759383,0.204345,0.381408,0.624046
43.19,0.758197,0.202425,0.379896,0.624152
43.2,0.755992,0.202254,0.379576,0.621724
43.21,0.766011,0.201899,0.397233,0.62307
43.22,0.77895,0.203809,0.393503,0.640609
43.23,0.796834,0.205818,0.393491,0.661625
43.24,0.793932,0.202241,0.397505,0.656823
43.25,0.789986,0.202818,0.391257,0.655638
43.26,0.791247,0.208202,0.389252,0.656663
43.27,0.771398,0.200477,0.396892,0.630349
43.28,0.76205,0.19609,0.395198,0.621359
43.29,0.761409,0.196013,0.389033,0.624481
43.3,0.757795,0.198292,0.38662,0.620853
43.31,0.754167,0.195486,0.379512,0.62171
43.32,0.757864,0.206172,0.379415,0.622812
43.33,0.761743,0.20484,0.37814,0.628731
43.34,0.781601,0.219713,0.377847,0.647965
43.35,0.783804,0.223485,0.377923,0.64929
43.36,0.788067,0.22392,0.380818,0.6526
43.37,0.78718,0.230042,0.37765,0.65124
43.38,0.788677,0.23267,0.376148,0.652985
43.39,0.790869,0.241569,0.372536,0.654473
43.4,0.776076,0.239861,0.371841,0.63757
43.41,0.773993,0.241673,0.371918,0.6343
43.42,0.774401,0.24417,0.367595,0.636358
43.43,0.772556,0.243677,0.363736,0.636523
43.44,0.772208,0.243147,0.360259,0.638278
43.45,0.754462,0.244074,0.362402,0.615066
43.46,0.739791,0.242023,0.364832,0.596332
43.47,0.722416,0.238606,0.33883,0.591732
43.48,0.719883,0.238592,0.337997,0.58912
43.49,0.711275,0.241242,0.331501,0.581224
43.5,0.717901,0.244279,0.342774,0.581563
43.51,0.709292,0.243851,0.342464,0.571271
43.52,0.692197,0.238012,0.336559,0.55607
43.53,0.687591,0.237953,0.330632,0.553934
43.54,0.688437,0.239119,0.329426,0.555199
43.55,0.685818,0.241487,0.330531,0.550254
43.56,0.688425,0.240794,0.330072,0.554076
43.57,0.6947,0.23725,0.329511,0.563687
43.58,0.692538,0.233059,0.333654,0.560328
43.59,0.707223,0.237879,0.333311,0.576612
43.6,0.713097,0.24587,0.335283,0.579345
43.61,0.697264,0.239068,0.339749,0.559995
43.62,0.699986,0.245175,0.339795,0.560722
43.63,0.699937,0.246169,0.338864,0.560789
43.64,0.69717,0.247399,0.337258,0.55776
43.65,0.691888,0.246106,0.328931,0.556726
43.66,0.681712,0.245791,0.332697,0.541878
43.67,0.674336,0.24061,0.336116,0.532787
43.68,0.679346,0.240611,0.341402,0.535782
43.69,0.687676,0.241087,0.350794,0.54011
43.7,0.703312,0.242997,0.349732,0.559722
43.71,0.697806,0.243676,0.327725,0.565819
43.72,0.682877,0.242918,0.328871,0.546952
43.73,0.661405,0.241337,0.330161,0.519814
43.741,0.659436,0.24397,0.326594,0.518335
43.75,0.657408,0.242761,0.325932,0.516741
43.76,0.651251,0.240215,0.319309,0.514262
43.77,0.646663,0.238522,0.313841,0.512625
43.78,0.651227,0.238463,0.317874,0.515934
43.79,0.653676,0.239463,0.31487,0.520391
43.8,0.65448,0.241137,0.315322,0.520355
43.81,0.654253,0.243613,0.315874,0.518578
43.82,0.66659,0.248653,0.32069,0.52884
43.83,0.66877,0.248734,0.329524,0.526117
43.84,0.64359,0.236922,0.331166,0.498403
43.85,0.64121,0.236114,0.326803,0.498598
43.86,0.634885,0.233105,0.32373,0.493903
43.87,0.642109,0.230857,0.324386,0.503768
43.88,0.645499,0.232152,0.317668,0.511723
43.89,0.628229,0.221004,0.317406,0.495058
43.9,0.628824,0.222843,0.317491,0.494934
43.91,0.626376,0.220389,0.316923,0.49329
43.92,0.624994,0.217784,0.31877,0.491501
43.93,0.636375,0.218553,0.31869,0.505612
43.94,0.638999,0.219401,0.319083,0.508301
43.95,0.635592,0.218475,0.316206,0.50622
43.96,0.637066,0.218529,0.313331,0.509825
43.97,0.638227,0.219062,0.314826,0.510128
43.98,0.643639,0.218702,0.320458,0.513564
43.99,0.650323,0.218358,0.317421,0.523912
44.0,0.647329,0.215568,0.306531,0.527829
44.01,0.644955,0.215516,0.307188,0.524553
44.02,0.644039,0.2225,0.297764,0.525944
44.03,0.651036,0.225674,0.309637,0.52635
44.04,0.645244,0.223565,0.312335,0.518465
44.05,0.651963,0.223066,0.312728,0.526781
44.06,0.655991,0.228503,0.313011,0.529278
44.07,0.645741,0.227889,0.312903,0.516855
44.08,0.650354,0.23205,0.306638,0.524486
44.09,0.641874,0.229232,0.320419,0.506742
44.1,0.630936,0.218493,0.318076,0.499168
44.11,0.645315,0.219988,0.313978,0.51909
44.12,0.649847,0.222463,0.313552,0.523924
44.13,0.650605,0.224062,0.314026,0.5239
44.14,0.654319,0.226849,0.319144,0.524233
44.15,0.655697,0.226966,0.322128,0.524079
44.16,0.659257,0.227021,0.319453,0.530123
44.17,0.676058,0.232981,0.319951,0.548093
44.18,0.681866,0.237901,0.318378,0.554057
44.19,0.67412,0.237822,0.308256,0.550324
44.2,0.660865,0.236059,0.308486,0.534654
44.21,0.662025,0.241739,0.310928,0.532131
44.22,0.664221,0.241905,0.313359,0.533365
44.23,0.670734,0.247672,0.314448,0.538206
44.24,0.671468,0.245228,0.317075,0.538699
44.25,0.674203,0.245769,0.321336,0.539343
44.26,0.68138,0.246856,0.313515,0.552312
44.27,0.691502,0.24971,0.313666,0.563412
44.28,0.68204,0.251009,0.308308,0.554184
44.29,0.672594,0.249761,0.308508,0.542978
44.3,0.672156,0.247179,0.308833,0.543432
44.31,0.667064,0.244949,0.311443,0.536636
44.32,0.664602,0.229628,0.306989,0.542885
44.33,0.666769,0.229952,0.29912,0.549754
44.34,0.669791,0.233971,0.300114,0.551189
44.35,0.680208,0.231151,0.309088,0.560104
44.36,0.69583,0.232074,0.309931,0.578156
44.37,0.69356,0.23142,0.309822,0.575744
44.38,0.68849,0.226372,0.316465,0.568
44.39,0.689891,0.229978,0.314314,0.569444
44.4,0.691237,0.228138,0.317488,0.570056
44.41,0.69226,0.229846,0.317425,0.570645
44.42,0.706908,0.230158,0.313152,0.590492
44.43,0.714597,0.244257,0.317618,0.591697
44.44,0.724056,0.243246,0.337515,0.592598
44.45,0.738576,0.242924,0.347104,0.60498
44.46,0.772658,0.256917,0.352587,0.637712
44.47,0.784748,0.257416,0.355632,0.650455
44.48,0.784847,0.259359,0.355376,0.649943
44.49,0.780263,0.256959,0.355257,0.645426
44.5,0.785221,0.257602,0.36637,0.644971
44.51,0.788796,0.258085,0.371657,0.646113
44.52,0.789425,0.257473,0.371332,0.647311
44.53,0.787812,0.254652,0.371647,0.646281
44.54,0.791364,0.254809,0.383067,0.643885
44.55,0.789342,0.255475,0.382767,0.641314
44.56,0.787161,0.252062,0.382319,0.64025
44.57,0.787091,0.250325,0.383287,0.640267
44.58,0.781501,0.244827,0.384285,0.634924
44.59,0.779709,0.244058,0.371175,0.64079
44.6,0.77628,0.245075,0.371365,0.636111
44.61,0.777306,0.244451,0.397404,0.621706
44.62,0.77853,0.237203,0.408187,0.619053
44.63,0.787222,0.235856,0.407916,0.630631
44.64,0.788603,0.235417,0.406158,0.633648
44.65,0.790362,0.23596,0.408855,0.633903
44.66,0.785763,0.237715,0.407131,0.628617
44.67,0.770185,0.230949,0.411125,0.608953
44.68,0.759676,0.22653,0.40805,0.599405
44.69,0.760204,0.225903,0.407936,0.600388
44.7,0.766518,0.235557,0.415317,0.599646
44.71,0.766771,0.228849,0.424314,0.596257
44.72,0.767255,0.228585,0.421105,0.599249
44.73,0.765035,0.224903,0.419493,0.598935
44.741,0.772318,0.227382,0.425639,0.602996
44.75,0.774427,0.227632,0.428924,0.603279
44.76,0.766544,0.225121,0.429125,0.593938
44.77,0.765877,0.224609,0.423648,0.597195
44.78,0.768896,0.225717,0.424662,0.599929
44.79,0.771867,0.228751,0.427827,0.600347
44.8,0.7737,0.2287,0.428654,0.602133
44.81,0.779424,0.231588,0.426664,0.609776
44.82,0.766559,0.230696,0.42665,0.5936
44.83,0.762795,0.233964,0.428515,0.586082
44.84,0.756961,0.23006,0.426262,0.58169
44.85,0.74823,0.229854,0.423876,0.57214
44.86,0.745806,0.230168,0.433946,0.561196
44.87,0.75861,0.23149,0.436796,0.575423
44.88,0.765784,0.23174,0.440389,0.582048
44.89,0.780138,0.228159,0.459163,0.587987
44.9,0.803697,0.228854,0.469065,0.611174
44.91,0.82715,0.229841,0.468783,0.641555
44.92,0.820586,0.231833,0.476412,0.626616
44.93,0.807274,0.215619,0.478924,0.613051
44.94,0.796203,0.219522,0.4652,0.607732
44.95,0.782726,0.219562,0.460534,0.593601
44.96,0.754244,0.204264,0.455536,0.565373
44.97,0.751969,0.203993,0.45413,0.563569
44.98,0.760195,0.211989,0.458975,0.567714
44.99,0.766667,0.212167,0.473374,0.564518
45.0,0.77282,0.212088,0.464422,0.580157
45.01,0.782661,0.216512,0.459097,0.595744
45.02,0.788655,0.213982,0.467223,0.59824
45.03,0.784023,0.220351,0.457492,0.597359
45.04,0.779302,0.22093,0.447275,0.598705
45.05,0.776234,0.221828,0.451179,0.591414
45.06,0.772226,0.21828,0.454064,0.585246
45.07,0.771415,0.221819,0.450986,0.585225
45.08,0.77378,0.222514,0.452405,0.586987
45.09,0.770977,0.22376,0.452341,0.582859
45.1,0.765709,0.221477,0.452212,0.576855
45.11,0.756504,0.227632,0.429454,0.579699
45.12,0.745466,0.226382,0.420543,0.572376
45.13,0.750098,0.226534,0.438152,0.565113
45.14,0.761764,0.223304,0.440857,0.579711
45.15,0.769297,0.223557,0.43674,0.592536
45.16,0.76949,0.22626,0.434847,0.593151
45.17,0.772683,0.227175,0.439058,0.593851
45.18,0.776511,0.226198,0.439002,0.599233
45.19,0.776651,0.226938,0.439882,0.598489
45.2,0.767065,0.217648,0.432703,0.5948
45.21,0.76269,0.217658,0.427504,0.592927
45.22,0.765381,0.217564,0.426445,0.597176
45.23,0.766762,0.216693,0.430383,0.596439
45.24,0.764692,0.21718,0.427561,0.595632
45.25,0.768082,0.219727,0.424776,0.601028
45.26,0.777872,0.219359,0.425227,0.613309
45.27,0.774777,0.224104,0.433406,0.601844
45.28,0.777915,0.223131,0.443919,0.598582
45.29,0.783951,0.220544,0.446365,0.605556
45.3,0.795372,0.225443,0.452321,0.614164
45.31,0.797221,0.226505,0.463679,0.607666
45.32,0.799043,0.228644,0.466188,0.607339
45.33,0.80566,0.225755,0.46286,0.619584
45.34,0.82718,0.246797,0.467004,0.636573
45.35,0.832621,0.246872,0.47486,0.637824
45.36,0.824628,0.245572,0.471994,0.630022
45.37,0.836951,0.25688,0.482829,0.633542
45.38,0.841719,0.257164,0.479274,0.642381
45.39,0.834146,0.257515,0.470485,0.63885
45.4,0.817054,0.257021,0.461795,0.623107
45.41,0.800434,0.256736,0.46142,0.601559
45.42,0.79302,0.253796,0.454789,0.598026
45.43,0.792833,0.258723,0.4508,0.598688
45.44,0.804618,0.256064,0.450175,0.615779
45.45,0.808556,0.257551,0.448612,0.621431
45.46,0.805837,0.261373,0.448917,0.616061
45.47,0.795627,0.259839,0.449543,0.602841
45.48,0.788241,0.252537,0.442568,0.601401
45.49,0.781728,0.253679,0.423326,0.606251
45.5,0.769914,0.253704,0.425213,0.589572
45.51,0.765837,0.249921,0.438534,0.575963
45.52,0.760551,0.245658,0.434486,0.573857
45.53,0.768275,0.240205,0.435048,0.585901
45.54,0.771397,0.240515,0.442026,0.584653
45.55,0.774291,0.237785,0.44669,0.586048
45.56,0.787976,0.249447,0.446216,0.599644
45.57,0.795721,0.248425,0.446863,0.60973
45.58,0.80036,0.248402,0.455009,0.609785
45.59,0.814461,0.246156,0.462583,0.623516
45.6,0.822414,0.245832,0.470204,0.628363
45.61,0.816536,0.24023,0.468855,0.623855
45.62,0.817181,0.239937,0.468846,0.624818
45.63,0.815185,0.243486,0.469148,0.620597
45.64,0.801436,0.24151,0.46524,0.606238
45.65,0.79006,0.241865,0.463725,0.592162
45.66,0.787468,0.237914,0.461468,0.592073
45.671,0.781863,0.23696,0.455621,0.589551
45.68,0.7933,0.237285,0.455902,0.604296
45.69,0.794715,0.238108,0.454548,0.606846
45.7,0.80719,0.23786,0.469463,0.612032
45.71,0.817632,0.239847,0.466113,0.627482
45.72,0.82684,0.240208,0.469024,0.637166
45.73,0.827084,0.241923,0.475557,0.63197
45.741,0.822838,0.237769,0.471261,0.631222
45.75,0.826211,0.23572,0.469063,0.637998
45.76,0.830422,0.245204,0.472762,0.637159
45.77,0.824184,0.240261,0.469819,0.633107
45.78,0.825162,0.239538,0.462671,0.639883
45.79,0.82235,0.242122,0.457817,0.63878
45.8,0.812146,0.237225,0.452242,0.631492
45.81,0.804231,0.238149,0.44102,0.628947
45.82,0.808913,0.235949,0.446751,0.631729
45.83,0.797586,0.236363,0.450164,0.614514
45.84,0.782116,0.214177,0.449916,0.602834
45.85,0.774218,0.214852,0.439354,0.600184
45.86,0.769021,0.216199,0.430061,0.599749
45.87,0.741493,0.203183,0.416254,0.579017
45.88,0.740646,0.204836,0.4097,0.582018
45.89,0.744813,0.204286,0.420733,0.579653
45.9,0.747449,0.204433,0.423794,0.580763
45.91,0.748735,0.202824,0.425054,0.582062
45.92,0.753707,0.202424,0.423588,0.589637
45.93,0.753274,0.197848,0.428108,0.587369
45.94,0.748951,0.197512,0.428121,0.581919
45.95,0.745386,0.196351,0.429193,0.576923
45.96,0.746101,0.19049,0.43401,0.576207
45.97,0.745526,0.188878,0.435491,0.574875
45.98,0.750829,0.189011,0.438392,0.579509
45.99,0.747537,0.188986,0.438028,0.575523
46.0,0.747124,0.188756,0.439765,0.573736
46.01,0.745935,0.19517,0.436762,0.572334
46.02,0.739601,0.195276,0.434485,0.565774
46.03,0.734998,0.196762,0.434935,0.558873
46.04,0.731644,0.198464,0.426381,0.560459
46.05,0.729662,0.199612,0.4234,0.559727
46.06,0.711585,0.182507,0.424449,0.541191
46.07,0.711588,0.181091,0.428507,0.538466
46.08,0.700602,0.186761,0.413329,0.533969
46.09,0.692232,0.186518,0.417428,0.51976
46.1,0.685504,0.186838,0.414459,0.513061
46.11,0.70805,0.19754,0.416374,0.537537
46.12,0.710647,0.200384,0.41762,0.538943
46.13,0.702064,0.194477,0.403479,0.540627
46.14,0.705241,0.194421,0.405416,0.543327
46.15,0.710253,0.194558,0.406749,0.548782
46.16,0.710886,0.195973,0.406639,0.549179
46.17,0.721002,0.196185,0.420803,0.551616
46.18,0.715783,0.197408,0.420536,0.544541
46.19,0.712075,0.194764,0.421031,0.540231
46.2,0.699354,0.194986,0.407144,0.534145
46.21,0.68497,0.193633,0.407056,0.515747
46.22,0.673808,0.195673,0.403673,0.50277
46.23,0.664462,0.191333,0.394357,0.499383
46.24,0.663242,0.189986,0.394243,0.498364
46.25,0.662476,0.187128,0.393481,0.499029
46.26,0.650085,0.186146,0.387583,0.487585
46.27,0.650158,0.190009,0.387225,0.486475
46.28,0.641852,0.191978,0.382013,0.478732
46.29,0.637407,0.18678,0.390145,0.468175
46.301,0.639668,0.192051,0.391818,0.46773
46.31,0.637292,0.189362,0.391519,0.465829
46.32,0.629877,0.190375,0.384649,0.461029
46.33,0.629348,0.193328,0.381676,0.461548
46.34,0.627161,0.190764,0.37689,0.463566
46.35,0.639561,0.196046,0.377158,0.477867
46.36,0.641606,0.1949,0.381166,0.477896
46.37,0.635644,0.191198,0.384159,0.468944
46.38,0.645045,0.191185,0.38683,0.479472
46.39,0.628971,0.190985,0.365028,0.475273
46.4,0.634957,0.191145,0.37787,0.473125
46.41,0.628143,0.19113,0.382582,0.46007
46.42,0.623399,0.191953,0.380249,0.455183
46.43,0.623437,0.191088,0.381174,0.454824
46.44,0.619186,0.191111,0.38132,0.448847
46.45,0.613338,0.191741,0.378976,0.442489
46.46,0.621441,0.19595,0.388727,0.44349
46.47,0.620277,0.195924,0.383678,0.44626
46.481,0.619908,0.196406,0.383575,0.445623
46.49,0.621837,0.19723,0.382871,0.448543
46.5,0.632231,0.19762,0.386758,0.459435
46.51,0.632274,0.19147,0.386732,0.462112
46.52,0.628279,0.191456,0.380743,0.461643
46.53,0.634705,0.191988,0.379761,0.470927
46.54,0.634311,0.199036,0.381412,0.466111
46.55,0.631924,0.198031,0.378061,0.466027
46.56,0.631495,0.198523,0.375222,0.467528
46.57,0.637048,0.200691,0.387989,0.4637
46.58,0.649544,0.194747,0.39129,0.480492
46.59,0.651614,0.199833,0.38313,0.487729
46.601,0.650887,0.199525,0.386062,0.484562
46.61,0.629226,0.189682,0.382368,0.462321
46.621,0.625491,0.18674,0.382896,0.457992
46.63,0.626909,0.185871,0.38196,0.461056
46.641,0.625034,0.18909,0.377903,0.460546
46.65,0.632028,0.19035,0.38278,0.465516
46.661,0.63933,0.188687,0.387472,0.472235
46.67,0.639926,0.190668,0.370101,0.48598
46.68,0.626705,0.189818,0.369948,0.4689
46.69,0.627444,0.18995,0.370327,0.469535
46.7,0.62729,0.190965,0.368813,0.470109
46.71,0.628133,0.193184,0.367981,0.470979
46.72,0.623622,0.191605,0.367264,0.466165
46.73,0.622128,0.189562,0.36562,0.466295
46.741,0.621158,0.191863,0.362782,0.466278
46.75,0.610846,0.191044,0.362559,0.452974
46.761,0.607182,0.182226,0.365306,0.449461
46.77,0.605666,0.177976,0.362455,0.451422
46.78,0.605188,0.175025,0.363827,0.450831
46.79,0.607217,0.178791,0.35981,0.455283
46.8,0.606668,0.176987,0.354969,0.459041
46.81,0.607278,0.179779,0.354815,0.458882
46.82,0.607484,0.180405,0.355334,0.458506
46.83,0.609365,0.17735,0.353645,0.463473
46.841,0.612896,0.177569,0.357817,0.464842
46.85,0.60158,0.177675,0.362246,0.446215
46.86,0.603131,0.178444,0.362352,0.447913
46.87,0.591512,0.178527,0.359461,0.434515
46.881,0.571186,0.174789,0.355981,0.411072
46.89,0.571927,0.175956,0.356011,0.411578
46.901,0.555287,0.176029,0.33245,0.408453
46.91,0.550306,0.176357,0.326256,0.406561
46.92,0.556903,0.174923,0.326774,0.415646
46.93,0.554368,0.175398,0.320805,0.416705
46.941,0.553098,0.175301,0.320448,0.415331
46.95,0.552639,0.180151,0.321167,0.412076
46.961,0.545691,0.174313,0.305422,0.417266
46.97,0.544885,0.17305,0.305059,0.417004
46.98,0.536936,0.17295,0.299971,0.410373
46.99,0.53708,0.1715,0.298632,0.412143
47.0,0.526462,0.175754,0.29187,0.401354
47.01,0.526571,0.172405,0.29086,0.403676
47.021,0.52508,0.172303,0.287755,0.404002
47.031,0.517554,0.16938,0.291365,0.392783
47.041,0.535158,0.160078,0.289188,0.420879
47.05,0.547193,0.171153,0.2918,0.430093
47.06,0.552045,0.174356,0.301297,0.428455
47.07,0.538573,0.173034,0.276935,0.428284
47.081,0.518807,0.170784,0.272587,0.40705
47.09,0.516806,0.167648,0.285861,0.396568
47.101,0.511841,0.170583,0.273907,0.397312
47.111,0.516264,0.169889,0.281724,0.397867
47.121,0.519102,0.170284,0.278433,0.403665
47.13,0.5197,0.172931,0.27833,0.40338
47.141,0.512492,0.171082,0.280254,0.393493
47.151,0.502282,0.169301,0.27072,0.38773
47.161,0.494355,0.171306,0.266586,0.379437
47.171,0.482919,0.167681,0.266742,0.365982
47.181,0.495792,0.17132,0.266844,0.381121
47.19,0.493625,0.170804,0.265005,0.379821
47.201,0.498419,0.168012,0.27236,0.382117
47.211,0.498266,0.163731,0.274931,0.381934
47.221,0.496582,0.1597,0.274935,0.381445
47.231,0.50212,0.159668,0.281679,0.383781
47.241,0.505425,0.15897,0.287779,0.383883
47.251,0.504082,0.158868,0.288243,0.381806
47.261,0.503543,0.158512,0.2855,0.383301
47.27,0.504875,0.161334,0.289533,0.380842
47.281,0.504303,0.16135,0.287567,0.381566
47.291,0.497733,0.15981,0.281591,0.378029
47.301,0.495752,0.160813,0.283823,0.373302
47.311,0.498431,0.155303,0.284384,0.378735
47.321,0.507342,0.15574,0.292412,0.384235
47.331,0.504252,0.154386,0.293445,0.379902
47.341,0.515009,0.163117,0.288734,0.39403
47.35,0.513588,0.16778,0.283512,0.39401
47.361,0.51047,0.168614,0.280058,0.392067
47.37,0.510371,0.170551,0.27949,0.391505
47.381,0.510436,0.169654,0.284027,0.388704
47.391,0.520786,0.172587,0.284117,0.400885
47.401,0.529564,0.175498,0.286394,0.409411
47.411,0.522337,0.176213,0.287393,0.398987
47.421,0.518164,0.175802,0.291093,0.390963
47.431,0.516632,0.176587,0.288849,0.390246
47.441,0.518253,0.177808,0.288895,0.391804
47.451,0.518706,0.175509,0.287515,0.394446
47.461,0.512745,0.174528,0.284705,0.389089
47.471,0.520112,0.175137,0.285581,0.397853
47.481,0.536708,0.17815,0.283251,0.419627
47.491,0.532684,0.17875,0.284561,0.41331
47.501,0.535926,0.174886,0.298695,0.409161
47.511,0.526058,0.174485,0.287282,0.404675
47.521,0.532702,0.174821,0.288101,0.412561
47.531,0.539849,0.174843,0.284655,0.424073
47.541,0.52468,0.175086,0.295592,0.396559
47.551,0.512057,0.164746,0.292884,0.386367
47.561,0.508604,0.161306,0.283192,0.390463
47.571,0.523375,0.162289,0.308219,0.390622
47.581,0.531312,0.161714,0.320019,0.392083
47.591,0.523091,0.160847,0.304184,0.393985
47.601,0.521731,0.158355,0.305038,0.392529
47.611,0.527795,0.158379,0.297378,0.406263
47.621,0.528166,0.16141,0.302296,0.4019
47.631,0.527239,0.159033,0.303954,0.400377
47.641,0.538776,0.158929,0.29934,0.418828
47.651,0.54614,0.169515,0.302256,0.422108
47.661,0.547737,0.167567,0.307072,0.421479
47.671,0.545291,0.168353,0.306902,0.418103
47.681,0.542903,0.170172,0.307834,0.413549
47.691,0.549604,0.170141,0.319758,0.413367
47.701,0.544543,0.170787,0.312746,0.411763
47.711,0.543194,0.171401,0.311954,0.410325
47.721,0.541225,0.171851,0.312332,0.407235
47.731,0.547223,0.177218,0.310088,0.414599
47.741,0.548796,0.178952,0.310254,0.415808
47.751,0.551292,0.178689,0.315002,0.415652
47.761,0.577019,0.182868,0.320562,0.443565
47.771,0.579161,0.183012,0.319561,0.447006
47.781,0.583136,0.183266,0.324157,0.448757
47.791,0.602981,0.188025,0.324452,0.472191
47.801,0.60572,0.187741,0.322374,0.477206
47.811,0.603565,0.1872,0.326139,0.472101
47.821,0.597455,0.188021,0.315348,0.471335
47.831,0.603155,0.191298,0.314429,0.477845
47.841,0.595344,0.184791,0.32275,0.464885
47.851,0.591969,0.174683,0.322716,0.464507
47.861,0.594191,0.172742,0.328098,0.4643
47.871,0.5985,0.171811,0.328203,0.47007
47.881,0.603178,0.171097,0.324767,0.478619
47.891,0.595658,0.168581,0.324638,0.470106
47.901,0.590683,0.164312,0.325809,0.464495
47.911,0.599011,0.163451,0.326672,0.474746
47.921,0.59653,0.163782,0.325461,0.472333
47.931,0.602574,0.16427,0.327623,0.478304
47.941,0.628018,0.164187,0.3279,0.509834
47.951,0.637408,0.163694,0.328873,0.520899
47.961,0.641311,0.164471,0.331581,0.523721
47.971,0.6463,0.163235,0.334535,0.528341
47.981,0.634396,0.163187,0.336779,0.512258
47.991,0.651931,0.163685,0.339158,0.532159
48.001,0.645752,0.163979,0.328275,0.531359
48.011,0.656785,0.165467,0.327853,0.544517
48.021,0.705744,0.174741,0.326952,0.600536
48.031,0.717304,0.174763,0.342077,0.605778
48.041,0.754318,0.175007,0.337898,0.651301
48.051,0.790189,0.174472,0.337986,0.692621
48.061,0.812884,0.174385,0.340341,0.717313
48.071,0.837919,0.173004,0.320207,0.754749
48.081,0.861373,0.173798,0.305924,0.786237
48.091,0.875592,0.173691,0.305866,0.801834
48.101,0.894016,0.173717,0.304937,0.822253
48.111,0.948699,0.181669,0.304842,0.879828
48.121,0.971689,0.182815,0.301507,0.905457
48.131,0.983745,0.183387,0.299062,0.919068
48.141,0.986264,0.183694,0.297781,0.922117
48.151,1.000951,0.17244,0.293824,0.941188
48.161,1.001829,0.172068,0.289974,0.943381
48.171,1.013031,0.170622,0.295188,0.953931
48.181,1.012555,0.165992,0.29511,0.954267
48.191,1.013237,0.165838,0.278176,0.960087
48.201,1.01018,0.167335,0.275511,0.95737
48.211,1.006075,0.167412,0.275423,0.953049
48.221,1.004632,0.167601,0.27549,0.951473
48.231,0.982253,0.160047,0.268839,0.931092
48.241,0.982134,0.15979,0.265365,0.932006
48.248,0.974568,0.166913,0.263182,0.923395
48.261,0.971157,0.165196,0.251885,0.92326
48.271,0.953123,0.162234,0.249756,0.905398
48.279,0.947958,0.161694,0.238695,0.903052
48.29,0.917132,0.152581,0.238989,0.8722
48.3,0.916171,0.151747,0.242461,0.870376
48.31,0.92215,0.153824,0.240229,0.87692
48.32,0.935831,0.152721,0.239291,0.891738
48.33,0.911281,0.149438,0.248516,0.86391
48.34,0.930977,0.149534,0.247059,0.885054
48.35,0.925065,0.149991,0.247593,0.878605
48.36,0.972478,0.161707,0.249592,0.925888
48.37,0.974804,0.164987,0.247084,0.928424
48.38,0.977688,0.167125,0.249561,0.93041
48.39,0.980491,0.166902,0.250962,0.933019
48.4,0.976685,0.167586,0.248183,0.929642
48.41,0.997152,0.170437,0.247603,0.950766
48.42,1.000755,0.169967,0.246582,0.954893
48.43,1.019711,0.169931,0.243337,0.975562
48.44,0.98059,0.170919,0.248894,0.93295
48.45,1.004867,0.171674,0.248011,0.958529
48.46,1.03461,0.178208,0.255546,0.986588
48.47,1.064089,0.185628,0.256072,1.015999
48.48,1.070989,0.186793,0.255582,1.023135
48.49,1.074331,0.188042,0.25358,1.0269
48.5,1.10867,0.188686,0.254915,1.062339
48.51,1.124812,0.1913,0.255537,1.078567
48.52,1.124542,0.184088,0.259246,1.078656
48.53,1.121844,0.183976,0.242803,1.079691
48.54,1.120833,0.18462,0.234562,1.080353
48.55,1.126768,0.1924,0.242065,1.083509
48.56,1.136802,0.19348,0.240375,1.094122
48.57,1.119996,0.192118,0.244192,1.076035
48.58,1.115366,0.191392,0.245641,1.071014
48.59,1.102707,0.191691,0.249237,1.056928
48.6,1.124162,0.196372,0.262526,1.075295
48.61,1.070548,0.188373,0.262442,1.020643
48.62,1.062301,0.182304,0.295585,1.003932
48.63,1.049428,0.182175,0.29718,0.989846
48.64,1.046059,0.180611,0.299957,0.985721
48.65,1.016199,0.178752,0.309723,0.9512
48.66,1.014636,0.179316,0.310724,0.949096
48.67,0.984531,0.178268,0.303854,0.919345
48.68,0.949221,0.178421,0.305571,0.880802
48.69,0.916455,0.178438,0.312265,0.842935
48.7,0.931819,0.180387,0.317125,0.857426
48.71,0.921078,0.182252,0.315742,0.845858
48.72,0.912661,0.182257,0.328247,0.831858
48.73,0.902498,0.182378,0.327467,0.820978
48.74,0.87344,0.177841,0.328215,0.789649
48.75,0.833216,0.165553,0.332037,0.746051
48.76,0.831052,0.167427,0.336495,0.741207
48.77,0.805768,0.168092,0.341381,0.710257
48.78,0.779964,0.167583,0.342977,0.680167
48.79,0.78477,0.168991,0.341949,0.68584
48.8,0.776554,0.171977,0.342421,0.675432
48.81,0.79135,0.172074,0.345049,0.691062
48.82,0.814208,0.172112,0.353784,0.712845
48.83,0.791459,0.1779,0.363988,0.679906
48.84,0.784383,0.178606,0.349679,0.67903
48.85,0.772844,0.180091,0.349535,0.665343
48.86,0.767038,0.183582,0.355578,0.654377
48.87,0.764277,0.182781,0.354735,0.651823
48.88,0.773004,0.17732,0.377183,0.651019
48.89,0.775852,0.178697,0.377541,0.653818
48.9,0.791254,0.183072,0.389628,0.663896
48.91,0.801575,0.183212,0.392764,0.674309
48.92,0.807775,0.183753,0.395976,0.67966
48.93,0.819638,0.182389,0.394028,0.695186
48.94,0.811893,0.179365,0.391286,0.688399
48.95,0.812609,0.179331,0.389233,0.690414
48.96,0.81653,0.180443,0.385785,0.696657
48.97,0.813973,0.180165,0.382971,0.695289
48.98,0.834401,0.171392,0.38898,0.718015
48.99,0.840143,0.179028,0.397434,0.718216
49.0,0.837411,0.181622,0.401175,0.71227
49.01,0.852956,0.192387,0.400677,0.727997
49.02,0.867944,0.203627,0.4014,0.742119
49.03,0.865998,0.207339,0.400473,0.739314
49.04,0.872501,0.204625,0.403596,0.745987
49.05,0.867659,0.200972,0.399735,0.743407
49.06,0.875824,0.203409,0.403558,0.750222
49.07,0.899489,0.204008,0.417199,0.770329
49.08,0.907726,0.20383,0.415833,0.780706
49.09,0.919017,0.202354,0.414593,0.794832
49.1,0.914191,0.209994,0.411396,0.788924
49.11,0.915559,0.210016,0.419435,0.786267
49.12,0.906474,0.20998,0.395274,0.788265
49.13,0.903246,0.214084,0.395939,0.783106
49.14,0.89126,0.215103,0.408053,0.762606
49.15,0.891412,0.215074,0.402059,0.765968
49.16,0.886338,0.220606,0.399522,0.759809
49.17,0.890794,0.238616,0.402013,0.758262
49.18,0.89181,0.237193,0.401258,0.7603
49.19,0.907659,0.247682,0.395813,0.778351
49.2,0.889428,0.247922,0.393897,0.757932
49.21,0.883139,0.256292,0.394246,0.747542
49.22,0.886621,0.265551,0.386783,0.752315
49.23,0.885663,0.266336,0.387151,0.750718
49.24,0.893812,0.278738,0.387193,0.755835
49.25,0.893527,0.278754,0.385256,0.756481
49.26,0.900213,0.292829,0.381564,0.760949
49.27,0.898914,0.296058,0.376029,0.76092
49.28,0.901924,0.295364,0.374915,0.765288
49.29,0.898489,0.30066,0.375436,0.758903
49.3,0.893308,0.299489,0.380142,0.750865
49.31,0.876843,0.299289,0.378438,0.732164
49.32,0.862159,0.303249,0.371027,0.716726
49.33,0.851001,0.2977,0.356842,0.71291
49.34,0.853985,0.305029,0.356685,0.713459
49.35,0.854356,0.305519,0.359802,0.712127
49.36,0.856884,0.305988,0.352107,0.718779
49.37,0.859651,0.313785,0.352466,0.718544
49.38,0.854212,0.313695,0.327948,0.723688
49.39,0.851046,0.315197,0.327833,0.719344
49.4,0.834252,0.31328,0.31954,0.704078
49.41,0.83192,0.317034,0.319659,0.69957
49.42,0.827249,0.317146,0.315026,0.696073
49.43,0.820192,0.317915,0.315367,0.687159
49.44,0.823444,0.320072,0.317409,0.689105
49.45,0.822851,0.320141,0.329517,0.682651
49.46,0.814998,0.31832,0.329353,0.674106
49.47,0.809555,0.315899,0.326213,0.670203
49.48,0.795116,0.32017,0.320079,0.653644
49.49,0.782134,0.316404,0.30602,0.646508
49.5,0.779276,0.317027,0.300657,0.645268
49.51,0.759591,0.312052,0.300797,0.623798
49.52,0.746721,0.306332,0.296328,0.613142
49.53,0.747123,0.304031,0.300376,0.612806
49.54,0.741659,0.305826,0.295505,0.607623
49.55,0.745669,0.30753,0.294319,0.612229
49.56,0.724856,0.306223,0.28765,0.590679
49.57,0.701425,0.30532,0.266776,0.572371
49.58,0.681316,0.306218,0.26664,0.547106
49.59,0.667778,0.306705,0.267427,0.529474
49.6,0.643638,0.299744,0.277444,0.497442
49.61,0.648476,0.30062,0.268222,0.50814
49.62,0.631567,0.302472,0.270135,0.484163
49.63,0.615423,0.298015,0.272001,0.464702
49.64,0.625246,0.303241,0.249112,0.486745
49.65,0.623303,0.303472,0.246946,0.48521
49.66,0.615059,0.301541,0.246899,0.475827
49.67,0.621194,0.289463,0.250811,0.489067
49.68,0.623085,0.290625,0.24916,0.491621
49.69,0.581434,0.280452,0.250336,0.443559
49.7,0.586327,0.279631,0.255824,0.44737
49.71,0.583947,0.270269,0.265372,0.444439
49.72,0.565314,0.26073,0.263325,0.426918
49.73,0.586089,0.266461,0.281569,0.439565
49.74,0.599072,0.257394,0.28116,0.462152
49.75,0.60306,0.25784,0.281194,0.467043
49.76,0.575864,0.24236,0.287454,0.436178
49.77,0.581432,0.239628,0.306307,0.432225
49.78,0.595063,0.243486,0.310501,0.445426
49.79,0.594677,0.235726,0.30977,0.449574
49.8,0.602842,0.235358,0.306852,0.462458
49.81,0.607609,0.235437,0.306918,0.468572
49.82,0.617635,0.228821,0.31109,0.482014
49.83,0.616937,0.229428,0.30813,0.482732
49.84,0.62152,0.220808,0.316833,0.486978
49.85,0.637879,0.219341,0.312577,0.510955
49.86,0.63069,0.213162,0.314,0.503722
49.87,0.6358,0.204578,0.327175,0.505318
49.88,0.645666,0.205093,0.327189,0.517464
49.89,0.65619,0.200611,0.327494,0.53206
49.9,0.664503,0.200867,0.328164,0.541779
49.91,0.668954,0.199029,0.326354,0.548981
49.92,0.683379,0.198231,0.329854,0.564719
49.93,0.699377,0.198637,0.357724,0.567191
49.94,0.707109,0.193579,0.355597,0.579725
49.95,0.729748,0.199317,0.353156,0.6067
49.96,0.734627,0.198386,0.358516,0.609743
49.97,0.736008,0.201375,0.358364,0.610517
49.98,0.747503,0.208237,0.357864,0.62236
49.99,0.75311,0.20751,0.369923,0.622312
50.0,0.75317,0.203838,0.370116,0.623481
50.01,0.754152,0.205813,0.37109,0.62344
50.02,0.75649,0.206666,0.371104,0.625978
50.03,0.760781,0.206687,0.381038,0.625202
50.04,0.760431,0.202795,0.38369,0.624429
50.05,0.785154,0.204266,0.384692,0.653264
50.06,0.818968,0.205217,0.394568,0.687685
50.07,0.833858,0.205284,0.41848,0.691413
50.08,0.856383,0.211931,0.421141,0.714924
50.09,0.863463,0.214871,0.419952,0.723214
50.1,0.857098,0.214668,0.410147,0.721328
50.11,0.862854,0.213968,0.427577,0.71827
50.12,0.87637,0.21118,0.426429,0.735925
50.13,0.892957,0.211396,0.425016,0.756337
50.14,0.887914,0.205216,0.428652,0.750023
50.15,0.914655,0.204577,0.428868,0.781546
50.16,0.917447,0.203228,0.429155,0.785006
50.17,0.912495,0.203938,0.427261,0.780067
50.18,0.916541,0.203043,0.437987,0.779095
50.19,0.921008,0.202986,0.437711,0.784513
50.2,0.928509,0.203887,0.434699,0.79473
50.21,0.933253,0.20399,0.436161,0.799446
50.22,0.950306,0.20377,0.440687,0.816918
50.23,0.947342,0.195287,0.427737,0.822412
50.24,0.93288,0.193153,0.428384,0.805881
50.25,0.933839,0.191696,0.42827,0.807399
50.26,0.941747,0.189546,0.431475,0.815346
50.27,0.944606,0.191217,0.420088,0.824162
50.28,0.936042,0.188408,0.415851,0.817156
50.29,0.928327,0.187255,0.415827,0.808588
50.3,0.920698,0.186965,0.411062,0.802344
50.31,0.924705,0.200596,0.413261,0.802531
50.32,0.913873,0.200318,0.413773,0.789828
50.33,0.924261,0.201274,0.435544,0.789967
50.34,0.921058,0.204311,0.428712,0.789183
50.35,0.909326,0.203769,0.431258,0.774188
50.36,0.901699,0.198359,0.431259,0.766635
50.37,0.908064,0.198774,0.434764,0.772042
50.38,0.905164,0.200364,0.444163,0.76282
50.39,0.895619,0.203669,0.442259,0.751704
50.4,0.887349,0.202911,0.438879,0.744043
50.41,0.892895,0.200976,0.438867,0.751176
50.42,0.880176,0.200546,0.438407,0.736403
50.43,0.865343,0.198388,0.416164,0.732304
50.44,0.861046,0.198223,0.420146,0.724973
50.45,0.837932,0.191283,0.415246,0.70222
50.46,0.841062,0.190336,0.422915,0.701641
50.47,0.849187,0.191473,0.439161,0.701137
50.48,0.838943,0.179817,0.440137,0.69121
50.49,0.835535,0.184702,0.428938,0.692833
50.5,0.855547,0.189472,0.429315,0.715367
50.51,0.860012,0.187196,0.434321,0.718292
50.52,0.863065,0.191581,0.438032,0.718544
50.53,0.859539,0.190258,0.427823,0.720817
50.54,0.86095,0.191112,0.428786,0.721703
50.55,0.840998,0.192756,0.429158,0.697098
50.56,0.818739,0.195749,0.420018,0.674982
50.57,0.803181,0.195602,0.398514,0.669347
50.58,0.783903,0.186184,0.396263,0.650243
50.59,0.783591,0.189444,0.398781,0.647379
50.6,0.784377,0.18945,0.398488,0.648509
50.61,0.774857,0.191177,0.376057,0.64995
50.62,0.750356,0.190341,0.375033,0.621414
50.63,0.734871,0.190337,0.380154,0.599408
50.64,0.73091,0.192827,0.377901,0.595179
50.65,0.70191,0.192757,0.377646,0.55938
50.66,0.68791,0.188452,0.378153,0.542868
50.671,0.692048,0.18661,0.380611,0.547031
50.68,0.685493,0.187634,0.36634,0.548169
50.69,0.680508,0.187679,0.366484,0.541809
50.7,0.67522,0.187852,0.368087,0.53399
50.71,0.663621,0.189609,0.363792,0.521629
50.72,0.643774,0.189507,0.353866,0.5033
50.73,0.626945,0.199917,0.353889,0.477343
50.741,0.624187,0.197501,0.353868,0.474743
50.75,0.621425,0.198022,0.354713,0.47025
50.76,0.610146,0.202092,0.344326,0.461386
50.77,0.592751,0.19982,0.342579,0.440529
50.78,0.608538,0.204345,0.342488,0.459635
50.79,0.614449,0.207848,0.342931,0.465559
50.8,0.616957,0.208967,0.347207,0.465205
50.81,0.605487,0.196565,0.341311,0.459873
50.82,0.606889,0.198105,0.342389,0.460259
50.83,0.591853,0.196625,0.301014,0.470126
50.84,0.615227,0.19691,0.301901,0.498584
50.85,0.613785,0.197058,0.294335,0.501265
50.86,0.619767,0.197053,0.306946,0.501065
50.87,0.615266,0.196557,0.298199,0.500993
50.88,0.612638,0.195502,0.292883,0.501323
50.89,0.622283,0.193809,0.288969,0.515918
50.9,0.644372,0.209776,0.289003,0.536365
50.91,0.637095,0.209277,0.2976,0.522999
50.92,0.637292,0.209288,0.297621,0.523222
50.93,0.638527,0.213271,0.298036,0.522883
50.94,0.626454,0.214397,0.283849,0.515663
50.95,0.641964,0.215212,0.283936,0.534024
50.96,0.654117,0.218405,0.274503,0.552102
50.97,0.653381,0.217414,0.258818,0.559152
50.98,0.65606,0.220828,0.256936,0.561812
50.99,0.663239,0.216008,0.259999,0.570637
51.0,0.643323,0.215994,0.254648,0.549878
51.01,0.640253,0.222879,0.249302,0.545983
51.02,0.636362,0.218377,0.246227,0.544647
51.03,0.638543,0.21858,0.259266,0.541055
51.04,0.640761,0.217828,0.264891,0.541257
51.05,0.643809,0.215335,0.260912,0.547765
51.06,0.654871,0.21863,0.266115,0.556992
51.07,0.664609,0.221874,0.283267,0.558781
51.08,0.666439,0.221663,0.283072,0.561138
51.09,0.659284,0.216385,0.283238,0.554626
51.1,0.659505,0.216482,0.285824,0.553522
51.11,0.668686,0.215519,0.288239,0.56357
51.12,0.681703,0.21799,0.301325,0.571316
51.13,0.689651,0.218466,0.306296,0.577991
51.14,0.694404,0.221016,0.309344,0.581081
51.15,0.704238,0.221132,0.307996,0.593456
51.16,0.705643,0.227402,0.309631,0.591903
51.17,0.700709,0.229139,0.30584,0.587325
51.18,0.699338,0.22908,0.304107,0.586612
51.19,0.696958,0.230673,0.306641,0.581817
51.2,0.693688,0.230196,0.302931,0.580039
51.21,0.702114,0.230751,0.30252,0.590085
51.22,0.705244,0.233519,0.306592,0.590627
51.23,0.70409,0.225433,0.314698,0.588122
51.24,0.715841,0.225321,0.310432,0.604394
51.25,0.720725,0.224987,0.308954,0.611043
51.26,0.722414,0.22066,0.312289,0.612916
51.27,0.722762,0.219285,0.312115,0.613909
51.28,0.716927,0.216574,0.31257,0.607766
51.29,0.716121,0.21456,0.316844,0.605312
51.3,0.718188,0.21372,0.316311,0.60833
51.31,0.716725,0.215239,0.314232,0.607145
51.32,0.719914,0.215158,0.315356,0.610356
51.33,0.718384,0.21535,0.321145,0.605447
51.34,0.693458,0.213429,0.322916,0.575376
51.35,0.690159,0.214092,0.319395,0.573125
51.36,0.686716,0.216248,0.30951,0.573602
51.37,0.692277,0.217015,0.313345,0.577898
51.38,0.688889,0.216052,0.308729,0.576694
51.39,0.681464,0.215287,0.322389,0.560455
51.4,0.664575,0.200726,0.327124,0.542549
51.41,0.668658,0.201772,0.320585,0.551015
51.42,0.668274,0.201986,0.319139,0.55131
51.43,0.664512,0.19701,0.317213,0.549672
51.44,0.667511,0.196552,0.317521,0.553279
51.45,0.664718,0.202039,0.317653,0.547839
51.46,0.656022,0.19971,0.342698,0.522531
51.47,0.657392,0.196048,0.341154,0.526634
51.48,0.649292,0.190774,0.34127,0.518382
51.49,0.642927,0.193573,0.338436,0.51122
51.5,0.632774,0.189483,0.338849,0.499681
51.51,0.646438,0.18011,0.338781,0.52026
51.52,0.647309,0.18042,0.339954,0.52047
51.53,0.647933,0.179794,0.332129,0.52648
51.54,0.644046,0.179156,0.322448,0.527945
51.55,0.641946,0.180263,0.321004,0.525886
51.56,0.657575,0.18181,0.317797,0.546219
51.57,0.657061,0.177883,0.3091,0.551855
51.58,0.675689,0.179418,0.309829,0.573037
51.59,0.673807,0.179758,0.308725,0.571308
51.6,0.67833,0.179612,0.303826,0.579276
51.61,0.698106,0.18365,0.302523,0.601752
51.62,0.686078,0.179063,0.297481,0.59173
51.63,0.701703,0.178959,0.290814,0.613015
51.64,0.703501,0.173761,0.286975,0.618358
51.65,0.714601,0.174154,0.290994,0.629005
51.66,0.710682,0.165277,0.289819,0.627501
51.67,0.712119,0.161467,0.292359,0.628942
51.68,0.706134,0.159541,0.291609,0.623006
51.69,0.727656,0.16259,0.290829,0.64689
51.7,0.74234,0.167305,0.293814,0.660871
51.71,0.721992,0.161601,0.302941,0.635126
51.72,0.738503,0.159214,0.295435,0.657841
51.73,0.721972,0.158034,0.292801,0.640731
51.741,0.721118,0.160773,0.2928,0.639086
51.75,0.695625,0.159648,0.290827,0.611413
51.76,0.693735,0.162967,0.282932,0.612094
51.77,0.678319,0.163156,0.281522,0.595183
51.78,0.689912,0.158861,0.282752,0.608928
51.79,0.665348,0.153244,0.278481,0.584511
51.8,0.65988,0.153737,0.269655,0.582317
51.81,0.648733,0.153154,0.270586,0.56937
51.82,0.657423,0.153831,0.269812,0.579433
51.83,0.66504,0.158134,0.26787,0.587807
51.84,0.649041,0.152254,0.26733,0.571496
51.85,0.650428,0.156053,0.271048,0.570295
51.86,0.646426,0.155226,0.27214,0.56543
51.87,0.658085,0.156693,0.27207,0.578361
51.88,0.645186,0.155235,0.27467,0.562782
51.89,0.632951,0.15902,0.256745,0.556257
51.9,0.616606,0.161355,0.253032,0.538648
51.91,0.617977,0.160865,0.255359,0.539268
51.92,0.643208,0.165193,0.256562,0.566219
51.93,0.638996,0.165077,0.255579,0.561912
51.94,0.611838,0.162572,0.257695,0.530575
51.95,0.620227,0.158488,0.25776,0.541408
51.96,0.598271,0.153188,0.227496,0.531703
51.97,0.644779,0.156767,0.22501,0.583553
51.98,0.637571,0.155534,0.226601,0.575289
51.99,0.65112,0.155038,0.223482,0.591588
52.0,0.647426,0.154483,0.224102,0.58743
52.01,0.649247,0.155426,0.223322,0.589484
52.02,0.694894,0.155459,0.223155,0.639462
52.03,0.72195,0.154515,0.254127,0.657843
52.04,0.762622,0.154848,0.260515,0.699819
52.05,0.774147,0.157834,0.261734,0.711258
52.06,0.812153,0.151063,0.261015,0.754084
52.07,0.843147,0.153116,0.273808,0.782612
52.08,0.869326,0.154405,0.279706,0.808487
52.09,0.886221,0.156746,0.28859,0.823125
52.1,0.920157,0.158769,0.291707,0.858131
52.11,0.938693,0.154762,0.296252,0.87717
52.12,0.939663,0.155786,0.29167,0.879561
52.13,0.962342,0.158657,0.302543,0.899665
52.14,0.959492,0.160231,0.30877,0.894211
52.15,0.993624,0.15998,0.308651,0.930822
52.16,0.984558,0.158887,0.309204,0.921142
52.17,1.003585,0.165428,0.312391,0.93927
52.18,1.01206,0.165065,0.328252,0.943011
52.19,0.998523,0.168721,0.330441,0.927033
52.2,0.976569,0.163017,0.326231,0.905917
52.21,0.976651,0.165445,0.314156,0.909824
52.22,0.946034,0.165387,0.313316,0.877189
52.23,0.93695,0.173427,0.312224,0.866207
52.24,0.936424,0.171194,0.317176,0.864281
52.25,0.925876,0.172113,0.327127,0.848888
52.26,0.918559,0.167529,0.325268,0.842547
52.27,0.900688,0.16957,0.324106,0.823068
52.28,0.86312,0.166656,0.325624,0.781775
52.29,0.861647,0.166576,0.328958,0.778765
52.3,0.851549,0.168793,0.3294,0.766903
52.31,0.843355,0.169019,0.339134,0.753437
52.32,0.842399,0.169568,0.338358,0.752593
52.33,0.796654,0.160904,0.339148,0.702671
52.34,0.785182,0.167419,0.346295,0.684516
52.35,0.774733,0.166321,0.342147,0.674896
52.36,0.755204,0.165444,0.342404,0.652473
52.37,0.755776,0.165569,0.342138,0.653243
52.38,0.749801,0.178619,0.342477,0.642656
52.39,0.724482,0.170021,0.34249,0.615359
52.4,0.71901,0.171321,0.343352,0.608057
52.41,0.685061,0.170963,0.342931,0.567872
52.42,0.729982,0.18587,0.340464,0.618393
52.43,0.730392,0.186217,0.342511,0.617642
52.44,0.717947,0.184779,0.341835,0.603699
52.45,0.72217,0.184891,0.341859,0.608668
52.46,0.706344,0.185151,0.345349,0.587686
52.47,0.763489,0.195199,0.344033,0.653034
52.48,0.780544,0.19634,0.342583,0.673302
52.49,0.781519,0.196515,0.340987,0.67519
52.5,0.795454,0.196974,0.338857,0.692188
52.51,0.828207,0.202799,0.3407,0.727134
52.52,0.841475,0.199741,0.362291,0.732755
52.53,0.869346,0.199671,0.345641,0.772286
52.54,0.879376,0.202224,0.33852,0.78601
52.55,0.87917,0.199475,0.33673,0.78725
52.56,0.884464,0.204475,0.336785,0.79186
52.57,0.905846,0.205988,0.326384,0.819512
52.58,0.904958,0.203784,0.331712,0.816939
52.59,0.903828,0.198978,0.324262,0.819858
52.6,0.903466,0.195894,0.32282,0.82077
52.61,0.895384,0.201428,0.320791,0.811315
52.62,0.904527,0.20196,0.321373,0.821037
52.63,0.900918,0.198903,0.304105,0.824385
52.64,0.89207,0.196333,0.297389,0.817803
52.65,0.852548,0.2013,0.293697,0.774635
52.66,0.874445,0.206388,0.292752,0.797718
52.67,0.843448,0.197543,0.286069,0.76847
52.68,0.829452,0.196793,0.268327,0.759779
52.69,0.812348,0.193513,0.269227,0.741605
52.7,0.811767,0.193356,0.273694,0.739372
52.71,0.794503,0.188785,0.27808,0.719907
52.72,0.790083,0.188103,0.281506,0.713864
52.73,0.804436,0.187409,0.281527,0.729888
52.741,0.794267,0.187803,0.277208,0.72024
52.75,0.775951,0.184765,0.26323,0.706168
52.76,0.756049,0.194576,0.269982,0.678866
52.77,0.75673,0.194065,0.2725,0.678766
52.78,0.776258,0.193648,0.273701,0.700117
52.79,0.758506,0.200611,0.270438,0.679668
52.8,0.761591,0.201537,0.269721,0.683121
52.81,0.761621,0.203406,0.261809,0.685673
52.82,0.778184,0.205719,0.270952,0.699882
52.83,0.773884,0.208472,0.269282,0.694927
52.84,0.768812,0.208762,0.253788,0.695041
52.85,0.813209,0.209358,0.251032,0.744621
52.86,0.811376,0.209271,0.255147,0.74124
52.87,0.815514,0.210094,0.260986,0.743512
52.88,0.821523,0.20406,0.257923,0.752818
52.89,0.858618,0.211098,0.265787,0.788682
52.9,0.86003,0.208297,0.264188,0.791498
52.91,0.852029,0.209006,0.267499,0.781482
52.92,0.878107,0.199652,0.269682,0.81147
52.93,0.889386,0.201097,0.284908,0.818166
52.94,0.897259,0.200035,0.294847,0.823483
52.95,0.898063,0.20093,0.294776,0.824167
52.96,0.944442,0.2051,0.291974,0.874446
52.97,0.921412,0.198226,0.296299,0.849655
52.98,0.918854,0.198184,0.303532,0.844324
52.99,0.919533,0.198915,0.304132,0.844676
53.0,0.939274,0.199442,0.304289,0.865948
53.01,0.934913,0.206401,0.316969,0.854981
53.02,0.937822,0.213483,0.312682,0.858001
53.03,0.917153,0.213795,0.314222,0.834701
53.04,0.928436,0.212369,0.314171,0.847461
53.05,0.9409,0.218202,0.32629,0.855112
53.06,0.935114,0.217893,0.326552,0.84872
53.07,0.90931,0.217288,0.325554,0.820758
53.08,0.918675,0.217829,0.314182,0.835347
53.09,0.932691,0.228797,0.317822,0.846495
53.1,0.923026,0.230011,0.326246,0.832248
53.11,0.9165,0.224617,0.327922,0.825825
53.12,0.921765,0.22947,0.331347,0.828977
53.13,0.918811,0.241237,0.339065,0.819178
53.14,0.921656,0.241094,0.346892,0.819139
