time_seconds,total_vibration,rms_x,rms_y,rms_z
11.974,1.058136,0.501698,0.85656,0.36641
11.984,1.050266,0.491754,0.857168,0.355665
11.994,1.04463,0.494218,0.85612,0.337728
12.004,1.043971,0.494362,0.85524,0.337707
12.014,1.052379,0.487375,0.865185,0.348457
12.024,1.048571,0.489137,0.86081,0.345329
12.034,1.039429,0.489099,0.848435,0.348359
12.044,1.036221,0.477996,0.850489,0.349202
12.054,1.03895,0.46766,0.859903,0.34825
12.064,1.021569,0.463894,0.845151,0.337827
12.074,1.0127,0.463784,0.834153,0.338607
12.084,1.022599,0.460538,0.847245,0.340277
12.094,1.022451,0.454757,0.850137,0.340395
12.104,1.00587,0.424673,0.845492,0.341423
12.114,0.981806,0.390494,0.832281,0.344624
12.124,0.958457,0.34488,0.825029,0.344998
12.134,0.935097,0.32064,0.814847,0.328058
12.144,0.933256,0.319603,0.813461,0.327264
12.154,0.907953,0.318426,0.781683,0.334597
12.164,0.904734,0.321891,0.776723,0.334113
12.174,0.90725,0.314026,0.779681,0.341449
12.185,0.868817,0.312303,0.742097,0.326501
12.194,0.867642,0.313674,0.740341,0.326047
12.204,0.859534,0.311401,0.732714,0.323973
12.214,0.843768,0.30889,0.713725,0.327303
12.225,0.846649,0.302513,0.725771,0.313938
12.234,0.860706,0.295897,0.740314,0.324335
12.245,0.857178,0.295975,0.736784,0.32296
12.254,0.857272,0.299473,0.735402,0.323133
12.264,0.852172,0.280174,0.737198,0.322861
12.274,0.8468,0.277493,0.737833,0.309307
12.284,0.857099,0.27796,0.743616,0.323099
12.294,0.860453,0.280487,0.744708,0.327286
12.304,0.835114,0.277564,0.7204,0.318429
12.314,0.824462,0.273897,0.709437,0.318461
12.324,0.825837,0.274549,0.711043,0.317879
12.334,0.835362,0.282082,0.71918,0.317869
12.344,0.831214,0.275634,0.713764,0.324782
12.354,0.83135,0.272909,0.713637,0.327696
12.364,0.832694,0.270511,0.716834,0.326118
12.374,0.828472,0.272174,0.712899,0.322587
12.384,0.82231,0.275222,0.704742,0.322158
12.394,0.82221,0.268516,0.70779,0.320875
12.404,0.822223,0.273045,0.706426,0.320092
12.414,0.840041,0.270002,0.727717,0.32124
12.425,0.835389,0.284764,0.716536,0.321497
12.434,0.846762,0.287803,0.728328,0.322046
12.444,0.837587,0.286898,0.716407,0.325579
12.454,0.822646,0.284679,0.702487,0.319713
12.464,0.795051,0.284829,0.66961,0.320314
12.474,0.792096,0.281525,0.668845,0.317498
12.485,0.794608,0.288662,0.669077,0.316881
12.494,0.799101,0.285481,0.67582,0.316748
12.505,0.794802,0.28599,0.670932,0.315865
12.514,0.782439,0.285548,0.661284,0.305576
12.525,0.793184,0.286329,0.674758,0.303081
12.535,0.792246,0.289594,0.673631,0.300016
12.545,0.785043,0.271703,0.672927,0.299399
12.555,0.776351,0.272648,0.662449,0.29924
12.565,0.778939,0.271865,0.664128,0.302936
12.575,0.781654,0.281839,0.663435,0.30233
12.585,0.771092,0.281134,0.652326,0.300028
12.595,0.769793,0.280668,0.650708,0.300641
12.605,0.780483,0.284274,0.660946,0.302478
12.615,0.813426,0.285259,0.696786,0.307862
12.625,0.825837,0.295598,0.702432,0.318149
12.635,0.834599,0.298465,0.711579,0.318008
12.645,0.836046,0.298998,0.711923,0.320529
12.655,0.834737,0.300258,0.712633,0.314302
12.665,0.827642,0.29568,0.709503,0.306872
12.675,0.813349,0.296325,0.693386,0.304869
12.685,0.827896,0.304566,0.706035,0.306867
12.695,0.85748,0.302542,0.741415,0.306665
12.705,0.858828,0.304088,0.741541,0.308598
12.715,0.860323,0.300102,0.746865,0.303787
12.725,0.842406,0.305791,0.732593,0.281865
12.735,0.82617,0.301998,0.720411,0.269003
12.745,0.825417,0.299495,0.720703,0.268705
12.755,0.826088,0.297345,0.720425,0.273853
12.765,0.826976,0.297281,0.718403,0.281798
12.775,0.842362,0.304616,0.730738,0.28776
12.785,0.841268,0.307134,0.733409,0.274794
12.795,0.834345,0.298138,0.729907,0.272911
12.805,0.822076,0.300249,0.715116,0.272523
12.815,0.82439,0.301969,0.713355,0.282059
12.825,0.828059,0.303302,0.712945,0.292232
12.835,0.859628,0.302951,0.74714,0.298263
12.845,0.884718,0.304521,0.776456,0.295143
12.855,0.871844,0.309028,0.76145,0.291217
12.865,0.864063,0.308767,0.75293,0.290456
12.875,0.869564,0.306632,0.754965,0.303556
12.885,0.868852,0.305936,0.755501,0.300874
12.895,0.889242,0.307145,0.778621,0.300273
12.905,0.903218,0.31753,0.790427,0.300336
12.915,0.885544,0.318132,0.770431,0.299027
12.925,0.876753,0.306428,0.763944,0.301971
12.935,0.865384,0.306651,0.751281,0.300717
12.945,0.87286,0.30619,0.76325,0.292544
12.955,0.894727,0.309109,0.787195,0.292083
12.965,0.887402,0.31419,0.777082,0.291393
12.975,0.891634,0.313379,0.781797,0.292571
12.985,0.891378,0.308893,0.783301,0.292542
12.995,0.892327,0.308869,0.784502,0.292239
13.005,0.92348,0.309774,0.81966,0.291571
13.015,0.93017,0.318791,0.823234,0.293044
13.025,0.920394,0.317855,0.813028,0.291684
13.035,0.919162,0.313434,0.81289,0.292962
13.045,0.915651,0.314479,0.808387,0.293308
13.055,0.934947,0.314797,0.828831,0.296765
13.065,0.955942,0.324175,0.84958,0.294871
13.075,0.953701,0.318073,0.849357,0.294902
13.085,0.952502,0.316822,0.848609,0.294529
13.095,0.956004,0.326296,0.849213,0.293789
13.105,0.975574,0.323619,0.869988,0.300228
13.115,0.979236,0.327422,0.873514,0.297779
13.125,0.966588,0.325113,0.863875,0.286905
13.135,0.959874,0.31758,0.859032,0.287342
13.145,0.958392,0.316818,0.858844,0.283777
13.155,0.981829,0.315036,0.885573,0.283727
13.165,1.010283,0.315992,0.910653,0.30254
13.175,1.002411,0.324156,0.89898,0.302629
13.185,0.992812,0.311614,0.891298,0.306857
13.195,0.972284,0.313264,0.865666,0.312767
13.205,0.971252,0.310506,0.865548,0.312637
13.215,0.98744,0.309656,0.87951,0.324983
13.225,0.983653,0.305544,0.876921,0.324385
13.235,0.99162,0.308024,0.882528,0.331024
13.245,0.991861,0.309777,0.881906,0.331764
13.255,0.996013,0.311204,0.885159,0.334199
13.265,0.997874,0.313732,0.888782,0.327705
13.275,0.98839,0.305751,0.882323,0.323941
13.285,0.983335,0.30722,0.875957,0.324441
13.295,0.988443,0.30716,0.879081,0.331497
13.305,0.991862,0.31205,0.881316,0.331205
13.315,0.990118,0.30976,0.881305,0.328151
13.325,0.983396,0.312726,0.876257,0.318504
13.335,0.951818,0.314352,0.840068,0.318472
13.345,0.951388,0.309709,0.84102,0.319224
13.355,0.958402,0.306102,0.847817,0.325642
13.365,0.96825,0.317995,0.854966,0.324684
13.375,0.969765,0.318005,0.860236,0.315138
13.385,0.971175,0.317015,0.863708,0.310952
13.395,0.954746,0.317328,0.843349,0.315604
13.405,0.938887,0.301807,0.829603,0.319655
13.415,0.944097,0.311662,0.831909,0.319553
13.425,0.944235,0.311465,0.833942,0.314818
13.435,0.946503,0.309943,0.83371,0.323623
13.445,0.934314,0.309922,0.821263,0.320027
13.455,0.916939,0.316768,0.799336,0.318588
13.465,0.927156,0.31183,0.81258,0.319522
13.475,0.92851,0.323221,0.809827,0.319122
13.485,0.92889,0.323435,0.809288,0.321371
13.495,0.943429,0.327183,0.822566,0.326182
13.505,0.93189,0.324869,0.807957,0.331789
13.515,0.925225,0.321389,0.802806,0.329016
13.525,0.92555,0.320548,0.803018,0.330233
13.535,0.928987,0.322944,0.806547,0.328945
13.545,0.937042,0.323502,0.814412,0.331856
13.555,0.914288,0.325637,0.787305,0.331714
13.565,0.890304,0.315652,0.763278,0.332281
13.575,0.895796,0.316962,0.764837,0.342067
13.585,0.900211,0.323495,0.768545,0.339219
13.595,0.909532,0.314069,0.7831,0.339653
13.605,0.882127,0.313593,0.748939,0.344814
13.615,0.862373,0.308198,0.726414,0.347884
13.625,0.856106,0.307153,0.718237,0.350301
13.635,0.855095,0.30734,0.716732,0.350746
13.645,0.866137,0.30886,0.728261,0.352754
13.655,0.853376,0.308964,0.705384,0.367729
13.665,0.820591,0.326094,0.666271,0.350877
13.675,0.814598,0.317661,0.665857,0.345392
13.685,0.828472,0.318248,0.682357,0.34565
13.695,0.837924,0.316474,0.69585,0.343154
13.705,0.841114,0.326391,0.695455,0.342469
13.715,0.819635,0.327997,0.673618,0.332351
13.725,0.819371,0.328417,0.672549,0.333448
13.735,0.820523,0.328373,0.6768,0.327674
13.745,0.81892,0.330612,0.674037,0.327109
13.755,0.815197,0.328623,0.670764,0.32654
13.765,0.808314,0.32623,0.664111,0.325426
13.775,0.804898,0.326276,0.660063,0.325148
13.785,0.801831,0.330595,0.65587,0.321674
13.795,0.795063,0.333261,0.651585,0.310644
13.805,0.789663,0.326141,0.649592,0.308592
13.815,0.795999,0.330871,0.657137,0.303827
13.825,0.834672,0.32614,0.699225,0.318425
13.835,0.842853,0.329498,0.709572,0.313591
13.845,0.811808,0.337314,0.670108,0.310174
13.855,0.799645,0.331882,0.663906,0.297515
13.865,0.813846,0.320719,0.685698,0.298835
13.875,0.830777,0.32982,0.702155,0.297301
13.885,0.833783,0.333433,0.703065,0.299526
13.895,0.828188,0.332779,0.699802,0.292287
13.905,0.836621,0.339073,0.707234,0.291177
13.915,0.83285,0.332172,0.705789,0.291825
13.925,0.827174,0.332015,0.699242,0.291621
13.935,0.825851,0.334525,0.697954,0.288069
13.945,0.822863,0.334591,0.694934,0.28674
13.955,0.81967,0.321978,0.694289,0.293515
13.965,0.832599,0.322681,0.707505,0.297549
13.975,0.861179,0.327442,0.739299,0.296392
13.985,0.880106,0.325737,0.761039,0.298834
13.995,0.863446,0.327884,0.741272,0.297568
14.005,0.84118,0.327858,0.716161,0.295305
14.015,0.839832,0.323758,0.716413,0.295383
14.025,0.842006,0.325945,0.717403,0.296758
14.035,0.841419,0.323643,0.719279,0.29305
14.045,0.834722,0.324838,0.71111,0.292512
14.055,0.843442,0.323793,0.720487,0.295722
14.065,0.842257,0.327192,0.7191,0.291955
14.075,0.841249,0.325628,0.720743,0.286697
14.085,0.838315,0.324375,0.717939,0.286559
14.095,0.823687,0.32587,0.701313,0.2836
14.105,0.828866,0.330417,0.705441,0.283191
14.115,0.823784,0.33473,0.702749,0.269666
14.125,0.834844,0.330416,0.715007,0.276686
14.135,0.834692,0.330705,0.714776,0.276477
14.145,0.8242,0.336378,0.701051,0.273281
14.155,0.814101,0.337121,0.694097,0.259499
14.165,0.808842,0.320812,0.694472,0.262703
14.175,0.820909,0.325164,0.706325,0.263183
14.185,0.808823,0.324378,0.693102,0.261883
14.195,0.800864,0.332848,0.681967,0.255963
14.205,0.80417,0.32225,0.687851,0.264017
14.215,0.809707,0.322651,0.690606,0.273104
14.225,0.817145,0.322118,0.69965,0.272864
14.235,0.816478,0.320595,0.699795,0.272289
14.245,0.820334,0.319294,0.704687,0.27279
14.255,0.818914,0.31925,0.701988,0.275519
14.265,0.826055,0.321992,0.708639,0.27662
14.275,0.860102,0.321964,0.739818,0.297965
14.285,0.8654,0.324802,0.744912,0.297534
14.295,0.867268,0.32857,0.745158,0.298219
14.305,0.868647,0.329105,0.746735,0.297698
14.315,0.864623,0.328097,0.740753,0.302011
14.325,0.832622,0.32829,0.708666,0.288579
14.335,0.824599,0.320478,0.701815,0.291053
14.346,0.821838,0.318998,0.699083,0.291445
14.355,0.823379,0.320609,0.701694,0.28773
14.365,0.794079,0.321345,0.667087,0.286868
14.375,0.77572,0.310798,0.650165,0.287108
14.386,0.773325,0.313343,0.647022,0.284974
14.396,0.779817,0.313472,0.655493,0.28316
14.406,0.787056,0.309189,0.661614,0.293473
14.416,0.806788,0.310606,0.675178,0.313951
14.426,0.81511,0.313526,0.681382,0.319098
14.436,0.816677,0.315089,0.682641,0.318876
14.446,0.818088,0.314911,0.684285,0.319144
14.456,0.813653,0.314358,0.682508,0.31208
14.466,0.798918,0.318145,0.668002,0.301376
14.476,0.773509,0.302271,0.643122,0.305519
14.486,0.757918,0.307721,0.62366,0.301324
14.496,0.760544,0.30331,0.622973,0.313584
14.506,0.780661,0.308347,0.639351,0.324938
14.516,0.795113,0.307779,0.65524,0.328842
14.526,0.794337,0.308988,0.654619,0.327064
14.536,0.792334,0.309598,0.651935,0.32699
14.546,0.789984,0.307979,0.64923,0.328214
14.556,0.785593,0.306873,0.643926,0.329159
14.566,0.79465,0.303621,0.652674,0.3366
14.576,0.805736,0.305923,0.663957,0.338796
14.586,0.811301,0.30815,0.668138,0.341824
14.596,0.813494,0.306543,0.668184,0.348329
14.606,0.797793,0.300177,0.654662,0.3432
14.616,0.792747,0.295558,0.648746,0.34673
14.626,0.782097,0.292104,0.636285,0.348558
14.636,0.785098,0.29683,0.637762,0.348612
14.646,0.785447,0.289307,0.642161,0.347647
14.656,0.790581,0.288561,0.641901,0.360159
14.666,0.802099,0.29133,0.651021,0.366962
14.676,0.791674,0.286618,0.639528,0.368243
14.686,0.783619,0.288171,0.629466,0.367135
14.696,0.772375,0.277271,0.619528,0.368605
14.706,0.764822,0.277955,0.614058,0.361422
14.716,0.759818,0.276653,0.609937,0.358835
14.726,0.757411,0.276316,0.60664,0.359596
14.736,0.750814,0.276375,0.597647,0.360773
14.746,0.76417,0.273458,0.616624,0.359099
14.756,0.768082,0.277818,0.621202,0.356195
14.766,0.761394,0.274375,0.615464,0.354462
14.776,0.724231,0.2795,0.575042,0.340172
14.786,0.714022,0.264655,0.566881,0.344138
14.796,0.741913,0.257689,0.600378,0.351537
14.806,0.766081,0.268113,0.619726,0.361849
14.816,0.762432,0.265484,0.618208,0.358664
14.826,0.758864,0.265619,0.615385,0.355839
14.836,0.754302,0.26465,0.611125,0.354202
14.846,0.754825,0.259561,0.613439,0.35508
14.856,0.754208,0.258059,0.613301,0.355102
14.866,0.772634,0.256916,0.63441,0.358442
14.876,0.788828,0.265019,0.651356,0.357422
14.886,0.788385,0.256367,0.654147,0.357657
14.896,0.782343,0.254647,0.647788,0.357192
14.906,0.767486,0.25251,0.634247,0.35072
14.916,0.756333,0.249187,0.632584,0.331334
14.926,0.747659,0.247746,0.625036,0.327026
14.936,0.757912,0.234783,0.641895,0.327534
14.946,0.775523,0.236684,0.661961,0.327452
14.956,0.775923,0.235519,0.662268,0.328616
14.966,0.761658,0.229232,0.647515,0.329088
14.976,0.750114,0.230058,0.636416,0.323603
14.986,0.74819,0.221471,0.636524,0.324925
14.996,0.746833,0.22356,0.638373,0.316639
15.006,0.757093,0.218633,0.656393,0.307471
15.016,0.758162,0.227308,0.655036,0.306706
15.026,0.757585,0.222615,0.654569,0.309705
15.036,0.75616,0.224828,0.651899,0.310255
15.046,0.754376,0.223179,0.650682,0.309655
15.056,0.753767,0.222407,0.651567,0.306855
15.066,0.744845,0.22235,0.644164,0.300679
15.076,0.760344,0.231878,0.655987,0.306654
15.086,0.763329,0.228525,0.658821,0.310485
15.096,0.778029,0.228123,0.678737,0.304313
15.106,0.782604,0.228855,0.678519,0.315762
15.116,0.780032,0.227335,0.677469,0.312737
15.126,0.777654,0.227271,0.677023,0.307789
15.136,0.777206,0.225885,0.67666,0.308474
15.146,0.776492,0.228114,0.676624,0.305094
15.156,0.771206,0.22806,0.676343,0.292075
15.166,0.81308,0.227614,0.728214,0.28106
15.176,0.8133,0.228341,0.729025,0.278997
15.186,0.812743,0.22628,0.728773,0.279712
15.196,0.834912,0.226867,0.743536,0.30457
15.206,0.837085,0.226946,0.743489,0.310533
15.216,0.842828,0.228813,0.746573,0.317228
15.226,0.842608,0.236683,0.742094,0.321349
15.236,0.843925,0.239948,0.742211,0.322113
15.246,0.828024,0.239988,0.720668,0.329646
15.256,0.825284,0.235085,0.718479,0.331085
15.266,0.825818,0.23451,0.716259,0.337569
15.276,0.825462,0.228293,0.718114,0.337021
15.286,0.841108,0.227979,0.737506,0.334025
15.296,0.812157,0.226916,0.708475,0.325839
15.306,0.801354,0.218056,0.702828,0.317258
15.316,0.802025,0.217612,0.703981,0.3167
15.326,0.801867,0.219384,0.703223,0.316765
15.336,0.815611,0.225552,0.714207,0.322886
15.346,0.81753,0.222412,0.712589,0.333324
15.356,0.815233,0.222817,0.708641,0.335835
15.366,0.790135,0.223656,0.681528,0.331378
15.376,0.806248,0.216885,0.701134,0.333777
15.386,0.802967,0.218242,0.697201,0.333223
15.396,0.803816,0.218505,0.696603,0.336332
15.406,0.82792,0.221352,0.720177,0.343221
15.416,0.822254,0.221166,0.711976,0.34681
15.426,0.823321,0.218622,0.713761,0.347285
15.436,0.811687,0.218711,0.699376,0.349106
15.446,0.823453,0.21937,0.712761,0.349176
15.456,0.821913,0.220836,0.711032,0.348147
15.466,0.824439,0.219769,0.714366,0.347969
15.476,0.847611,0.218675,0.731888,0.367375
15.486,0.84677,0.220515,0.726735,0.374499
15.496,0.84846,0.219055,0.729459,0.373884
15.506,0.832658,0.217108,0.7109,0.375239
15.516,0.840472,0.207835,0.723985,0.372885
15.526,0.840788,0.212751,0.724647,0.369524
15.536,0.840808,0.210703,0.72484,0.370362
15.546,0.854276,0.209844,0.735633,0.380259
15.556,0.852638,0.211473,0.732836,0.38108
15.566,0.87192,0.211484,0.75718,0.377091
15.576,0.846542,0.199258,0.733039,0.373608
15.586,0.854913,0.193634,0.748137,0.365613
15.596,0.845393,0.202284,0.734887,0.365664
15.606,0.839423,0.20129,0.735003,0.35197
15.616,0.842376,0.201248,0.735473,0.358017
15.626,0.844809,0.203148,0.736349,0.360865
15.636,0.862949,0.196565,0.759206,0.36007
15.646,0.868602,0.201659,0.764023,0.360656
15.657,0.873836,0.202339,0.769507,0.361259
15.666,0.825762,0.200247,0.715016,0.361298
15.676,0.825476,0.201478,0.713799,0.362365
15.686,0.825397,0.200972,0.713931,0.362206
15.696,0.802568,0.201201,0.697794,0.341639
15.706,0.834007,0.200164,0.738076,0.332786
15.716,0.838413,0.209347,0.744558,0.323642
15.726,0.834768,0.200225,0.744304,0.320561
15.736,0.83308,0.195607,0.744319,0.318982
15.746,0.842582,0.199817,0.747592,0.333352
15.756,0.857407,0.206301,0.755529,0.348945
15.766,0.865271,0.222047,0.757351,0.354694
15.776,0.868507,0.222054,0.759327,0.358357
15.786,0.860257,0.221748,0.749091,0.360186
15.796,0.86336,0.222097,0.750539,0.364355
15.806,0.850192,0.217444,0.737643,0.362531
15.816,0.855516,0.219537,0.738711,0.371506
15.826,0.869633,0.2205,0.750384,0.380217
15.836,0.89468,0.230037,0.778113,0.376928
15.846,0.896293,0.230364,0.784133,0.36798
15.856,0.895365,0.22958,0.784535,0.365344
15.866,0.892837,0.228783,0.781922,0.365259
15.876,0.862461,0.225621,0.747688,0.365919
15.886,0.870744,0.227521,0.7562,0.366865
15.896,0.876683,0.233238,0.759072,0.37146
15.906,0.862238,0.230774,0.745488,0.36667
15.916,0.866945,0.231248,0.746716,0.374878
15.926,0.869365,0.231045,0.746289,0.381401
15.936,0.869202,0.230798,0.746373,0.381014
15.946,0.843088,0.22793,0.71359,0.386826
15.957,0.870786,0.229965,0.742589,0.392359
15.966,0.903431,0.239914,0.776395,0.394767
15.977,0.885381,0.240496,0.764102,0.377106
15.987,0.882073,0.238887,0.764101,0.370316
15.997,0.877899,0.238285,0.759298,0.370666
16.007,0.872622,0.23925,0.754581,0.3672
16.017,0.866725,0.247647,0.743456,0.370345
16.027,0.890529,0.257536,0.766467,0.373155
16.037,0.898933,0.267531,0.770901,0.377119
16.047,0.892578,0.272537,0.761587,0.377365
16.057,0.890892,0.270948,0.762058,0.373555
16.067,0.874812,0.275919,0.739123,0.377972
16.077,0.875412,0.279318,0.738991,0.377121
16.087,0.87652,0.288656,0.735641,0.379208
16.097,0.885114,0.307087,0.734298,0.38721
16.107,0.894982,0.307407,0.746077,0.38712
16.117,0.905943,0.307429,0.758823,0.387824
16.127,0.909316,0.309104,0.76484,0.38253
16.137,0.894285,0.325902,0.739681,0.382631
16.147,0.884133,0.320155,0.731258,0.38007
16.157,0.909733,0.320046,0.762683,0.378813
16.166,0.948848,0.326196,0.805254,0.381412
16.176,0.952572,0.329594,0.80823,0.381478
16.186,0.958137,0.330669,0.813749,0.382749
16.196,0.972991,0.330414,0.830577,0.384293
16.206,0.949171,0.331451,0.801304,0.385978
16.217,0.948311,0.333493,0.797108,0.390762
16.226,0.9552,0.336292,0.805158,0.388631
16.237,0.973457,0.341326,0.823615,0.390861
16.246,0.968727,0.339929,0.82506,0.377037
16.257,0.984735,0.347806,0.849592,0.356268
16.267,1.00519,0.339387,0.875691,0.358315
16.277,1.023793,0.361912,0.889808,0.354138
16.287,1.035871,0.362182,0.903884,0.353337
16.297,1.048258,0.362668,0.916625,0.356533
16.307,1.063692,0.371559,0.929307,0.36024
16.317,1.0651,0.374549,0.931995,0.354311
16.327,1.052721,0.372162,0.923255,0.342517
16.337,1.035625,0.366248,0.906684,0.341035
16.347,1.032114,0.365179,0.903191,0.340806
16.357,1.034692,0.370595,0.903619,0.341645
16.367,1.035064,0.370686,0.903449,0.343117
16.377,1.055159,0.373457,0.925684,0.342053
16.387,1.050448,0.375864,0.919132,0.342585
16.397,1.046834,0.373514,0.916884,0.340107
16.407,1.05045,0.373355,0.9164,0.352507
16.417,1.045791,0.374568,0.91533,0.339924
16.427,1.043765,0.378865,0.914397,0.331337
16.437,1.055764,0.379899,0.92651,0.334505
16.447,1.076739,0.380264,0.947064,0.343271
16.457,1.058573,0.387506,0.925956,0.336186
16.467,1.042842,0.383383,0.910342,0.334386
16.477,1.046871,0.382973,0.910775,0.346064
16.487,1.058021,0.383501,0.92313,0.346648
16.497,1.061111,0.385627,0.924878,0.34907
16.507,1.054948,0.385378,0.918663,0.347069
16.517,1.042325,0.380012,0.905976,0.348193
16.527,1.02287,0.378654,0.88533,0.345072
16.537,1.0185,0.37319,0.88235,0.345731
16.547,1.018269,0.368541,0.884004,0.345812
16.557,1.022855,0.368117,0.885255,0.356437
16.567,1.038768,0.370843,0.898086,0.367363
16.577,1.061873,0.363828,0.928433,0.364987
16.587,1.050153,0.363011,0.915625,0.364245
16.597,1.043002,0.338449,0.920143,0.355869
16.607,1.038156,0.342744,0.911327,0.360246
16.617,1.027126,0.347349,0.900917,0.350263
16.627,1.024335,0.344571,0.898728,0.350459
16.637,1.024904,0.334183,0.900753,0.356921
16.647,1.037498,0.334006,0.906715,0.37777
16.657,1.024205,0.339641,0.885862,0.385859
16.667,1.015143,0.336337,0.878705,0.381141
16.677,1.017295,0.336955,0.880928,0.381205
16.687,1.024007,0.343721,0.885258,0.383097
16.697,1.010116,0.343987,0.869087,0.383009
16.707,1.015712,0.34158,0.874881,0.386751
16.717,1.013278,0.342628,0.871017,0.388158
16.727,1.014851,0.345481,0.869641,0.392796
16.737,1.009212,0.338079,0.865703,0.393408
16.747,1.006629,0.340097,0.861694,0.393852
16.757,0.976051,0.322016,0.832856,0.394123
16.767,0.956964,0.322131,0.809762,0.395343
16.777,0.93909,0.315751,0.791997,0.393614
16.787,0.920703,0.315657,0.770957,0.392021
16.797,0.915049,0.315613,0.76332,0.393759
16.807,0.912619,0.310668,0.762203,0.394215
16.817,0.913149,0.316078,0.760337,0.394745
16.827,0.913462,0.316307,0.760467,0.395035
16.837,0.916815,0.317163,0.765417,0.392549
16.847,0.914631,0.315649,0.762292,0.394748
16.857,0.916599,0.312977,0.76459,0.396992
16.867,0.918766,0.314287,0.766747,0.396805
16.877,0.900547,0.31182,0.741668,0.404575
16.887,0.901001,0.308531,0.742095,0.407316
16.897,0.905062,0.309229,0.747793,0.405363
16.907,0.891363,0.312169,0.740662,0.385355
16.917,0.892745,0.310902,0.741851,0.387287
16.927,0.898074,0.305387,0.745654,0.39658
16.937,0.895851,0.304396,0.741585,0.399929
16.947,0.878623,0.316385,0.719336,0.392982
16.957,0.881455,0.305028,0.727,0.394196
16.967,0.866854,0.307923,0.708871,0.392583
16.977,0.888342,0.315678,0.734124,0.388022
16.987,0.891412,0.31942,0.735154,0.390044
16.997,0.916892,0.317739,0.764801,0.393462
17.007,0.923599,0.31902,0.772166,0.393726
17.017,0.929354,0.316861,0.779559,0.394443
17.027,0.942284,0.310035,0.797144,0.395399
17.037,0.962731,0.304306,0.82332,0.395465
17.047,0.971074,0.316159,0.826132,0.400666
17.057,0.979227,0.325686,0.837666,0.388754
17.067,0.959384,0.323065,0.821362,0.376047
17.077,0.957863,0.326421,0.818551,0.375401
17.087,0.969759,0.323009,0.835201,0.372205
17.097,0.976521,0.336124,0.835326,0.377946
17.107,0.998491,0.334083,0.862052,0.377145
17.117,1.003293,0.335091,0.867061,0.377511
17.127,0.997228,0.330973,0.861511,0.377782
17.137,0.994856,0.331811,0.861021,0.371865
17.147,0.983086,0.331792,0.856939,0.349324
17.157,0.967583,0.329711,0.843285,0.341143
17.167,0.960815,0.33175,0.832918,0.345478
17.177,0.961517,0.323875,0.834779,0.350376
17.187,0.954026,0.320621,0.82864,0.347452
17.197,0.978665,0.320373,0.858354,0.344054
17.207,0.972346,0.321462,0.852679,0.339202
17.217,0.970815,0.312783,0.853702,0.340355
17.227,0.968035,0.309786,0.851527,0.340628
17.237,0.977488,0.309649,0.861417,0.342872
17.247,1.002078,0.308677,0.889116,0.344023
17.257,1.027215,0.320597,0.913301,0.343905
17.267,1.027556,0.320151,0.917161,0.334949
17.277,1.034232,0.31111,0.922087,0.350145
17.287,1.037853,0.311828,0.922982,0.357779
17.297,1.0316,0.312397,0.919562,0.347868
17.307,1.036274,0.312425,0.926665,0.342853
17.317,1.031689,0.300117,0.925543,0.343047
17.327,1.031906,0.304585,0.924541,0.342463
17.337,1.015962,0.29918,0.908624,0.342159
17.347,1.015396,0.300431,0.908591,0.339459
17.357,1.01873,0.321154,0.9063,0.336588
17.367,1.016179,0.320519,0.903734,0.33638
17.377,1.014346,0.321886,0.901665,0.335093
17.387,1.011872,0.319701,0.90156,0.329947
17.397,1.011419,0.320022,0.900717,0.330551
17.407,1.013568,0.32064,0.901945,0.333172
17.417,1.014163,0.318763,0.90369,0.332057
17.427,1.010262,0.316842,0.901535,0.327834
17.437,0.996278,0.317859,0.891398,0.311361
17.447,0.989317,0.308208,0.887,0.311427
17.457,0.990931,0.311045,0.887221,0.313104
17.467,0.992234,0.31056,0.888276,0.314718
17.477,0.96823,0.308274,0.862166,0.314813
17.487,0.956327,0.303159,0.852333,0.310135
17.497,0.932169,0.307926,0.826166,0.302607
17.507,0.935276,0.305588,0.830632,0.302335
17.517,0.928124,0.308432,0.823467,0.29696
17.528,0.912574,0.310354,0.80547,0.296124
17.537,0.901621,0.308742,0.793681,0.29609
17.547,0.905543,0.301991,0.804738,0.284967
17.557,0.909937,0.296907,0.811004,0.286538
17.567,0.922859,0.296249,0.823639,0.292444
17.577,0.897531,0.29518,0.795296,0.293147
17.587,0.886482,0.295702,0.782051,0.294629
17.597,0.879083,0.282859,0.781229,0.287155
17.607,0.861557,0.279707,0.764089,0.283218
17.617,0.855816,0.273779,0.759795,0.283154
17.627,0.860644,0.287991,0.760458,0.281911
17.637,0.865971,0.287709,0.764669,0.287073
17.647,0.87155,0.303565,0.765203,0.286204
17.657,0.875748,0.299844,0.770926,0.28758
17.667,0.85809,0.297379,0.752656,0.285293
17.678,0.847554,0.297446,0.743451,0.277768
17.687,0.852415,0.293433,0.749118,0.281659
17.698,0.826615,0.293686,0.718863,0.283332
17.708,0.819342,0.296373,0.709291,0.283532
17.718,0.819605,0.300275,0.707755,0.284023
17.728,0.813154,0.308114,0.70026,0.275539
17.738,0.788552,0.308622,0.674212,0.268338
17.748,0.761732,0.308614,0.641338,0.271436
17.758,0.727171,0.297836,0.603344,0.275769
17.767,0.719789,0.299932,0.592957,0.276656
17.778,0.701385,0.294727,0.583805,0.253473
17.788,0.72202,0.300662,0.606702,0.250654
17.798,0.730253,0.308288,0.611811,0.252814
17.808,0.723886,0.306794,0.604735,0.253345
17.818,0.741417,0.306958,0.623698,0.257832
17.828,0.743688,0.30315,0.627216,0.260331
17.838,0.749736,0.304278,0.632664,0.263165
17.848,0.760457,0.305757,0.642241,0.268951
17.858,0.74925,0.274953,0.641107,0.27342
17.867,0.758838,0.282511,0.649189,0.273086
17.877,0.755806,0.279274,0.650281,0.265298
17.887,0.774527,0.287761,0.665084,0.2734
17.897,0.779048,0.288316,0.667547,0.27959
17.907,0.788872,0.29223,0.67766,0.278744
17.917,0.807175,0.294082,0.694632,0.287285
17.927,0.809026,0.305954,0.692323,0.285661
17.937,0.814334,0.302103,0.699109,0.288304
17.947,0.819297,0.305436,0.69596,0.305935
17.957,0.827735,0.306574,0.706581,0.303152
17.968,0.819784,0.304114,0.699667,0.300046
17.978,0.819688,0.305883,0.699265,0.298921
17.988,0.819772,0.301168,0.700334,0.301422
17.998,0.827438,0.300747,0.703411,0.315308
18.008,0.822013,0.314938,0.690549,0.315691
18.018,0.832272,0.307501,0.705653,0.316501
18.028,0.835115,0.307609,0.708376,0.317801
18.038,0.839232,0.314861,0.711931,0.313571
18.048,0.823672,0.314196,0.693445,0.314405
18.058,0.816486,0.311669,0.682389,0.322267
18.068,0.801965,0.311564,0.667863,0.316282
18.078,0.805,0.320659,0.666762,0.317225
18.087,0.80006,0.314654,0.663698,0.317165
18.098,0.803942,0.316877,0.664917,0.322177
18.108,0.79196,0.316669,0.650551,0.322031
18.118,0.787541,0.315649,0.645607,0.322145
18.128,0.789298,0.309769,0.64622,0.330809
18.138,0.792882,0.309717,0.652711,0.32666
18.148,0.832937,0.302477,0.696564,0.342184
18.158,0.86631,0.32967,0.72468,0.341541
18.168,0.875209,0.329699,0.73696,0.337905
18.178,0.878828,0.333426,0.738561,0.340137
18.188,0.876957,0.335857,0.735414,0.339736
18.198,0.875803,0.339006,0.733383,0.338018
18.208,0.887084,0.337416,0.747347,0.338438
18.218,0.888162,0.335119,0.751276,0.334831
18.228,0.907463,0.345274,0.769527,0.334819
18.238,0.914228,0.347044,0.7764,0.335523
18.248,0.91289,0.345997,0.77814,0.328866
18.258,0.917193,0.347457,0.782419,0.329144
18.268,0.919043,0.358513,0.779974,0.32825
18.278,0.919534,0.35898,0.780297,0.328348
18.288,0.92822,0.356765,0.793813,0.322758
18.298,0.941816,0.349697,0.811142,0.326769
18.308,0.940816,0.376068,0.798572,0.32556
18.318,0.946623,0.37583,0.803309,0.33097
18.328,0.945535,0.378398,0.79994,0.333088
18.338,0.945581,0.377071,0.80192,0.329947
18.348,0.941063,0.379989,0.795991,0.328032
18.358,0.941064,0.379925,0.798315,0.322416
18.368,0.935285,0.375868,0.793248,0.32286
18.378,0.942794,0.378959,0.799623,0.325351
18.388,0.935527,0.378768,0.791708,0.323952
18.398,0.966241,0.378854,0.829255,0.320042
18.408,0.954545,0.379574,0.81727,0.31488
18.418,0.942845,0.384643,0.802985,0.310194
18.428,0.948843,0.380841,0.805699,0.32575
18.438,0.953874,0.388481,0.808965,0.323316
18.448,0.951548,0.384942,0.814251,0.307016
18.458,0.943247,0.385245,0.801667,0.314056
18.468,0.943639,0.385813,0.801898,0.313946
18.478,0.96016,0.386973,0.820476,0.314607
18.488,0.960934,0.387465,0.819024,0.320102
18.498,0.953362,0.392048,0.812681,0.307811
18.508,0.951215,0.38332,0.814468,0.307437
18.518,0.942224,0.386475,0.802198,0.30806
18.528,0.955692,0.386473,0.816018,0.313209
18.538,0.953592,0.377792,0.815458,0.318807
18.548,0.953324,0.383382,0.813644,0.315956
18.558,0.970337,0.384217,0.836843,0.305984
18.568,0.974005,0.384414,0.83785,0.314516
18.578,0.974916,0.389859,0.836845,0.313306
18.588,0.974753,0.391435,0.836664,0.311314
18.598,0.982944,0.39552,0.841248,0.319443
18.608,0.986265,0.397822,0.84427,0.318849
18.618,0.985273,0.396935,0.84281,0.320743
18.628,0.981226,0.397219,0.841362,0.311658
18.638,1.019294,0.398553,0.878171,0.330049
18.648,1.003025,0.403122,0.862929,0.314492
18.658,0.980673,0.393239,0.841319,0.315061
18.668,0.977493,0.393369,0.837637,0.31483
18.678,0.986734,0.406626,0.842528,0.313762
18.688,0.985529,0.40276,0.842949,0.313828
18.698,1.010844,0.401313,0.871257,0.318849
18.708,1.032207,0.401153,0.89553,0.320239
18.718,1.044088,0.413586,0.903442,0.320716
18.728,1.032279,0.402244,0.894864,0.320965
18.738,1.031697,0.401832,0.892952,0.32491
18.748,1.032664,0.403685,0.892683,0.326419
18.758,1.033996,0.41972,0.887057,0.325748
18.768,1.028723,0.408039,0.88641,0.325658
18.778,1.06028,0.409378,0.922061,0.326203
18.788,1.053192,0.408488,0.914235,0.326382
18.798,1.033878,0.415708,0.891097,0.319434
18.808,1.024874,0.390174,0.891959,0.320218
18.818,1.011227,0.390168,0.876403,0.319792
18.828,1.01141,0.389001,0.877089,0.319913
18.838,1.019433,0.394896,0.882347,0.323673
18.848,1.017806,0.391524,0.881872,0.323942
18.858,1.015867,0.391595,0.879397,0.3245
18.868,1.016879,0.390922,0.879749,0.327512
18.878,1.037306,0.38619,0.896823,0.3501
18.888,1.038049,0.384177,0.894511,0.360283
18.898,1.019691,0.384768,0.872692,0.360739
18.908,1.049657,0.381345,0.909042,0.360553
18.918,1.055853,0.394406,0.910836,0.360065
18.928,1.049501,0.392049,0.908551,0.349694
18.938,1.043156,0.384839,0.902391,0.354632
18.948,1.048132,0.384083,0.905158,0.362974
18.958,1.045633,0.383443,0.904756,0.357403
18.968,1.043766,0.378846,0.904362,0.357845
18.978,1.030552,0.374298,0.889763,0.360916
18.988,1.040842,0.376883,0.90237,0.356425
18.998,1.08377,0.373683,0.951006,0.361256
19.008,1.093435,0.380972,0.958626,0.362625
19.018,1.094399,0.382194,0.958405,0.364825
19.028,1.079734,0.383063,0.943044,0.360217
19.038,1.074608,0.386252,0.93858,0.353072
19.048,1.077651,0.376723,0.938743,0.371715
19.058,1.056554,0.376435,0.914075,0.372922
19.068,1.052305,0.380827,0.909834,0.366769
19.078,1.049861,0.373034,0.910108,0.367092
19.085,1.05183,0.378469,0.909817,0.367886
19.098,1.038821,0.373374,0.90126,0.35703
19.105,1.040148,0.373005,0.899652,0.36524
19.117,1.040258,0.373857,0.900117,0.363534
19.127,1.047252,0.372961,0.90847,0.363756
19.137,1.014826,0.369906,0.874485,0.358213
19.147,1.009702,0.362842,0.871531,0.358159
19.157,1.00209,0.35809,0.864262,0.359175
19.167,1.003658,0.361127,0.86091,0.368441
19.177,1.000603,0.3462,0.863551,0.368282
19.187,1.020011,0.346178,0.886414,0.367225
19.197,0.99144,0.347991,0.850232,0.372776
19.207,0.964711,0.349386,0.818855,0.371581
19.217,0.951537,0.3306,0.811245,0.371494
19.227,0.952239,0.332127,0.810805,0.37289
19.237,0.973347,0.332308,0.832284,0.379842
19.247,0.969259,0.337437,0.826203,0.378139
19.257,0.978594,0.325293,0.843096,0.375527
19.267,0.983092,0.326021,0.847624,0.376448
19.277,0.946666,0.328241,0.802928,0.379132
19.287,0.968546,0.325083,0.822527,0.394779
19.297,0.976665,0.317211,0.832818,0.399581
19.307,0.976962,0.31983,0.831866,0.400204
19.317,0.970428,0.321107,0.826667,0.394007
19.327,0.980754,0.327551,0.837626,0.391115
19.337,0.971406,0.321193,0.825066,0.399662
19.347,0.971645,0.321161,0.825194,0.400006
19.357,0.982795,0.321441,0.838624,0.399089
19.367,0.98344,0.320095,0.840321,0.398187
19.377,0.958937,0.321257,0.82128,0.376633
19.387,0.946156,0.313027,0.817153,0.35984
19.397,0.939106,0.321104,0.803159,0.365716
19.407,0.909115,0.320035,0.768982,0.364326
19.417,0.905725,0.307149,0.769982,0.364863
19.427,0.907112,0.307074,0.772342,0.363381
19.437,0.904474,0.307426,0.77179,0.357634
19.447,0.898307,0.314979,0.764803,0.350456
19.457,0.901455,0.311032,0.769939,0.350819
19.467,0.918042,0.313062,0.78857,0.350644
19.477,0.921873,0.325933,0.789846,0.346065
19.487,0.909093,0.322993,0.77755,0.342844
19.497,0.854103,0.325935,0.715554,0.333528
19.507,0.841325,0.31817,0.704245,0.332617
19.517,0.845898,0.313075,0.708955,0.338984
19.527,0.866651,0.328839,0.726636,0.339042
19.537,0.873475,0.324201,0.736053,0.340702
19.547,0.868291,0.325945,0.737297,0.322617
19.557,0.864571,0.327204,0.733751,0.31942
19.567,0.865798,0.320731,0.737789,0.320009
19.577,0.868393,0.322384,0.738023,0.324803
19.587,0.881578,0.31577,0.755672,0.326235
19.597,0.896259,0.316208,0.770426,0.331265
19.607,0.895092,0.328409,0.767193,0.323653
19.617,0.895406,0.324451,0.769239,0.323657
19.627,0.896965,0.324215,0.771568,0.322666
19.637,0.900265,0.329239,0.772732,0.32398
19.647,0.91257,0.327927,0.781519,0.338341
19.657,0.920776,0.336752,0.788658,0.33533
19.667,0.911777,0.335762,0.782179,0.326799
19.677,0.902277,0.335724,0.771898,0.324911
19.687,0.875503,0.342687,0.738485,0.322043
19.697,0.902336,0.336279,0.767754,0.334188
19.707,0.919633,0.334347,0.78648,0.339687
19.717,0.937016,0.342503,0.803442,0.339368
19.727,0.936822,0.34269,0.803064,0.33954
19.737,0.919218,0.351941,0.784797,0.324336
19.747,0.916073,0.346371,0.78369,0.32411
19.757,0.905473,0.337483,0.772058,0.331532
19.767,0.901774,0.340124,0.766172,0.332405
19.777,0.912839,0.335112,0.781032,0.333113
19.787,0.881445,0.336005,0.751236,0.315738
19.797,0.880676,0.344572,0.749083,0.309411
19.807,0.896433,0.343143,0.765964,0.314872
19.817,0.897966,0.342328,0.76827,0.314508
19.827,0.888244,0.333809,0.760389,0.31521
19.837,0.88792,0.33806,0.761186,0.307755
19.847,0.900528,0.366803,0.762498,0.308225
19.857,0.899866,0.366449,0.761657,0.308794
19.868,0.897746,0.363408,0.761801,0.305847
19.878,0.897166,0.363536,0.760515,0.307191
19.888,0.90544,0.368943,0.766822,0.309332
19.898,0.911266,0.364298,0.778637,0.302352
19.908,0.929702,0.364477,0.794902,0.315647
19.918,0.945802,0.360121,0.815736,0.315325
19.928,0.948042,0.36931,0.81462,0.314306
19.938,0.949676,0.368393,0.817029,0.314062
19.948,0.952211,0.361136,0.82321,0.314024
19.958,0.94561,0.361819,0.815025,0.314643
19.968,0.943027,0.366389,0.805683,0.325474
19.978,0.948444,0.365486,0.812428,0.325463
19.988,0.970523,0.365202,0.838245,0.325404
19.998,0.977221,0.369341,0.84307,0.328299
20.008,0.979414,0.372106,0.843065,0.331709
20.018,0.986514,0.373173,0.850426,0.332755
20.028,0.968984,0.357295,0.835376,0.336774
20.038,0.953928,0.358649,0.818236,0.334424
20.048,0.951721,0.356704,0.81666,0.334067
20.058,0.956201,0.36805,0.816748,0.33434
20.068,0.957254,0.365638,0.817875,0.337232
20.078,0.96522,0.365995,0.825253,0.341546
20.088,0.953392,0.365467,0.811799,0.341133
20.098,0.94718,0.365966,0.802946,0.344233
20.108,0.943265,0.356534,0.802751,0.343834
20.118,0.941488,0.355903,0.800489,0.344891
20.128,0.934179,0.357952,0.787133,0.353528
20.138,0.921619,0.355394,0.777824,0.343609
20.148,0.932707,0.359387,0.795383,0.32886
20.158,0.938313,0.353476,0.802547,0.333774
20.168,0.943187,0.362095,0.803691,0.335514
20.178,0.948603,0.362095,0.808419,0.339403
20.188,0.948076,0.353822,0.809894,0.343116
20.198,0.922719,0.354026,0.784009,0.333774
20.208,0.913956,0.353709,0.773755,0.33393
20.218,0.904521,0.361509,0.758897,0.333983
20.228,0.908881,0.35831,0.764522,0.336429
20.238,0.912327,0.360434,0.76671,0.338503
20.248,0.915501,0.364473,0.766686,0.342774
20.258,0.916902,0.364639,0.765113,0.349784
20.268,0.917205,0.365045,0.76438,0.351755
20.278,0.903148,0.366354,0.749459,0.346082
20.288,0.884921,0.364017,0.728568,0.346073
20.298,0.880065,0.361362,0.724246,0.345543
20.308,0.885036,0.361024,0.731754,0.342763
20.318,0.88883,0.363351,0.730599,0.352447
20.328,0.891388,0.365618,0.731296,0.355111
20.338,0.893876,0.359876,0.741441,0.346076
20.348,0.881927,0.332304,0.739946,0.346192
20.358,0.878861,0.333141,0.734829,0.348484
20.368,0.87418,0.33434,0.727417,0.351102
20.378,0.878366,0.335748,0.730084,0.354652
20.388,0.890412,0.332337,0.745417,0.356004
20.398,0.891522,0.333796,0.74627,0.35563
20.408,0.868293,0.349867,0.716858,0.342986
20.418,0.851,0.349882,0.694122,0.346378
20.428,0.851088,0.342652,0.697774,0.346486
20.438,0.849833,0.341789,0.695138,0.349543
20.448,0.842914,0.341673,0.686093,0.350771
20.458,0.843682,0.343757,0.685104,0.352508
20.468,0.841325,0.337326,0.689787,0.343852
20.478,0.833803,0.337388,0.68061,0.343752
20.488,0.806844,0.338346,0.646177,0.344927
20.498,0.80278,0.338636,0.64157,0.343757
20.508,0.801049,0.334914,0.64193,0.342693
20.518,0.784948,0.33384,0.626366,0.335201
20.528,0.78368,0.332146,0.626818,0.333065
20.538,0.789862,0.339683,0.629306,0.335366
20.548,0.792335,0.341953,0.631183,0.335367
20.558,0.800445,0.328986,0.644414,0.342362
20.568,0.794207,0.328497,0.637081,0.342027
20.578,0.789822,0.33173,0.633331,0.335658
20.588,0.789379,0.340826,0.6291,0.333452
20.598,0.782903,0.339311,0.624288,0.328738
20.608,0.783584,0.334019,0.625855,0.332777
20.618,0.823925,0.333983,0.672166,0.339853
20.628,0.841341,0.351239,0.689422,0.33043
20.638,0.846828,0.352429,0.696257,0.328843
20.648,0.804778,0.349394,0.647273,0.326541
20.658,0.794599,0.355092,0.632323,0.324753
20.668,0.801693,0.345336,0.640198,0.337047
20.678,0.803604,0.352525,0.639667,0.33516
20.688,0.803999,0.355048,0.638409,0.33584
20.698,0.805762,0.355433,0.645034,0.326881
20.708,0.833279,0.359091,0.678103,0.324936
20.718,0.825993,0.345403,0.676343,0.324842
20.728,0.808858,0.34799,0.656237,0.320166
20.738,0.803066,0.33723,0.654921,0.319797
20.748,0.802319,0.33698,0.656037,0.315873
20.758,0.794906,0.336044,0.653952,0.302153
20.768,0.793636,0.331785,0.656132,0.298777
20.778,0.793962,0.334251,0.655363,0.29858
20.788,0.796741,0.334199,0.658607,0.298906
20.798,0.793531,0.326659,0.658675,0.298551
20.808,0.771341,0.328363,0.630987,0.29833
20.818,0.76764,0.330675,0.630212,0.287675
20.828,0.767864,0.328189,0.634373,0.28192
20.838,0.756874,0.328306,0.620809,0.282259
20.848,0.774958,0.321132,0.6452,0.28487
20.858,0.771776,0.323715,0.641462,0.281732
20.868,0.772179,0.324113,0.640957,0.283523
20.878,0.761922,0.320729,0.632861,0.27775
20.888,0.738674,0.319015,0.606603,0.275501
20.898,0.725724,0.314381,0.590502,0.281329
20.908,0.721215,0.301725,0.591264,0.281994
20.918,0.720239,0.303222,0.591219,0.277958
20.928,0.716372,0.297846,0.588574,0.279388
20.938,0.738355,0.300013,0.615988,0.275172
20.948,0.741996,0.300641,0.62057,0.27398
20.958,0.745703,0.299658,0.62636,0.271941
20.968,0.741084,0.299629,0.621278,0.271002
20.978,0.738908,0.293401,0.621649,0.271022
20.988,0.739687,0.295138,0.622493,0.269319
20.998,0.736788,0.290123,0.622217,0.267454
21.008,0.738839,0.294889,0.624208,0.263226
21.018,0.739151,0.295918,0.624253,0.26284
21.028,0.748233,0.295964,0.635963,0.260402
21.038,0.754306,0.284622,0.644129,0.270306
21.048,0.761567,0.300602,0.644824,0.271706
21.058,0.752151,0.300487,0.63736,0.26308
21.068,0.771017,0.300259,0.657369,0.268658
21.078,0.790022,0.298913,0.679491,0.27033
21.088,0.804314,0.304185,0.693919,0.269942
21.098,0.805117,0.304224,0.695234,0.268908
21.108,0.803087,0.310361,0.692124,0.263796
21.118,0.766684,0.313416,0.651323,0.255643
21.128,0.744024,0.292299,0.63008,0.266708
21.138,0.743553,0.294595,0.628239,0.267208
21.148,0.74834,0.294911,0.626157,0.284549
21.158,0.755083,0.288992,0.632944,0.293284
21.168,0.767517,0.287754,0.655024,0.27789
21.178,0.766237,0.291039,0.653016,0.275655
21.188,0.762776,0.287952,0.652363,0.270802
21.198,0.758007,0.289083,0.647771,0.267206
21.208,0.730585,0.283949,0.616969,0.269215
21.218,0.733125,0.296277,0.61414,0.269302
21.228,0.742123,0.293898,0.624203,0.273388
21.238,0.74107,0.294502,0.618192,0.283357
21.248,0.739921,0.2942,0.616429,0.284509
21.258,0.757046,0.29514,0.63676,0.283808
21.268,0.757719,0.299805,0.635595,0.283329
21.278,0.756607,0.296342,0.63596,0.283181
21.288,0.757025,0.297563,0.633763,0.287904
21.298,0.773255,0.295337,0.649512,0.29805
21.308,0.776868,0.310382,0.64947,0.292192
21.318,0.777313,0.305445,0.653225,0.2902
21.328,0.776992,0.305492,0.647709,0.301436
21.338,0.778932,0.311318,0.647767,0.300356
21.348,0.764064,0.312697,0.630538,0.297381
21.358,0.76244,0.307778,0.630655,0.298097
21.368,0.763209,0.310614,0.632463,0.293253
21.378,0.76712,0.315135,0.63277,0.297935
21.389,0.777421,0.315007,0.642998,0.302833
21.398,0.780571,0.32341,0.645321,0.297084
21.408,0.780422,0.325059,0.644516,0.29664
21.418,0.782246,0.322633,0.644624,0.30377
21.428,0.786037,0.329393,0.646538,0.302231
21.439,0.763218,0.328634,0.619565,0.301064
21.449,0.761366,0.327553,0.617031,0.302754
21.458,0.759464,0.332093,0.612782,0.30166
21.469,0.757304,0.332206,0.609058,0.303641
21.478,0.766045,0.331029,0.616551,0.311625
21.488,0.783488,0.333161,0.635727,0.31418
21.498,0.786803,0.334679,0.638976,0.314259
21.508,0.785588,0.332329,0.637914,0.315867
21.518,0.791813,0.33745,0.642558,0.316569
21.528,0.778667,0.337314,0.627088,0.315124
21.538,0.774629,0.340017,0.624307,0.3077
21.548,0.767626,0.333352,0.619894,0.306361
21.558,0.771072,0.337266,0.619555,0.311378
21.569,0.761215,0.34574,0.607084,0.302261
21.579,0.767569,0.344871,0.612904,0.30753
21.589,0.769771,0.351161,0.6122,0.307318
21.599,0.771167,0.351714,0.6142,0.306194
21.609,0.768262,0.346145,0.61336,0.306919
21.619,0.775047,0.356821,0.613793,0.310862
21.629,0.793255,0.357435,0.636099,0.311242
21.639,0.803417,0.37483,0.637424,0.314122
21.649,0.802022,0.373424,0.641479,0.303808
21.659,0.794551,0.373564,0.636843,0.293584
21.669,0.804961,0.373829,0.646869,0.299624
21.678,0.81482,0.369545,0.660565,0.301698
21.688,0.817849,0.371317,0.663357,0.301592
21.698,0.818517,0.369212,0.665366,0.301564
21.708,0.820908,0.384658,0.660289,0.299911
21.718,0.84932,0.375627,0.691399,0.319712
21.728,0.85823,0.387042,0.695119,0.321818
21.738,0.85956,0.392102,0.696387,0.316456
21.749,0.8583,0.390044,0.697034,0.314146
21.758,0.869259,0.389212,0.710702,0.314686
21.769,0.883024,0.385972,0.729489,0.314011
21.779,0.885312,0.391197,0.729411,0.31417
21.789,0.887952,0.39114,0.733319,0.312588
21.799,0.878773,0.39858,0.722715,0.301759
21.809,0.89236,0.38782,0.735165,0.324707
21.819,0.905328,0.38994,0.746826,0.331386
21.829,0.906448,0.397477,0.746573,0.326019
21.839,0.906935,0.392529,0.748135,0.329769
21.849,0.929134,0.390696,0.775594,0.330303
21.859,0.948672,0.389856,0.799977,0.328677
21.869,0.951138,0.393306,0.800318,0.330857
21.879,0.950458,0.390859,0.801636,0.328604
21.889,0.946279,0.393787,0.79759,0.322842
21.899,0.948059,0.390326,0.796055,0.335794
21.909,0.961366,0.387621,0.808774,0.346207
21.919,0.963423,0.393518,0.810257,0.341775
21.929,0.976411,0.388494,0.825521,0.347801
21.939,1.000527,0.391676,0.851337,0.350528
21.949,1.027065,0.391601,0.882784,0.349575
21.959,1.025112,0.387851,0.881795,0.350519
21.969,1.025778,0.391748,0.88132,0.349328
21.979,1.023664,0.390318,0.882494,0.341677
21.989,1.009338,0.390895,0.866067,0.34043
21.999,1.014564,0.388387,0.872648,0.342024
22.009,1.014225,0.392993,0.87044,0.341385
22.019,1.019723,0.384576,0.87874,0.346052
22.029,1.021101,0.386526,0.879555,0.345874
22.039,1.020506,0.385599,0.879146,0.346191
22.049,1.020205,0.384971,0.879097,0.346128
22.059,1.020283,0.38675,0.879528,0.343269
22.069,1.013682,0.377418,0.876816,0.341027
22.079,0.985664,0.377192,0.844834,0.339875
22.089,0.972613,0.355351,0.837674,0.343519
22.099,0.967857,0.35625,0.831365,0.34448
22.109,0.96834,0.352178,0.831401,0.349894
22.119,0.999283,0.344651,0.865673,0.361099
22.129,1.017618,0.343299,0.890257,0.353745
22.139,1.014371,0.327117,0.893461,0.35167
22.149,1.012161,0.327155,0.891414,0.350459
22.159,1.012061,0.32519,0.891678,0.351326
22.169,0.977023,0.324891,0.853449,0.34734
22.179,0.970915,0.321116,0.846567,0.350548
22.189,0.974195,0.325288,0.848762,0.350494
22.199,0.985062,0.329369,0.858529,0.353259
22.209,0.973671,0.312405,0.853157,0.350087
22.219,0.956741,0.317117,0.836702,0.338702
22.229,0.955918,0.303015,0.843907,0.331336
22.239,0.954614,0.296696,0.843415,0.334532
22.249,0.956453,0.29604,0.843461,0.340199
22.259,0.929533,0.295333,0.813349,0.339518
22.269,0.920362,0.293523,0.802675,0.341502
22.279,0.933664,0.28678,0.818968,0.34464
22.289,0.939747,0.289654,0.824939,0.344528
22.299,0.938362,0.288301,0.823669,0.34493
22.309,0.925426,0.289462,0.814143,0.331355
22.319,0.910618,0.287328,0.800951,0.32426
22.329,0.910781,0.278016,0.804739,0.323457
22.339,0.908746,0.277556,0.803887,0.320231
22.349,0.87853,0.283155,0.764957,0.326313
22.359,0.866907,0.284076,0.751246,0.326278
22.369,0.863593,0.274357,0.750642,0.327198
22.379,0.882423,0.28373,0.766162,0.33341
22.389,0.8781,0.279464,0.762993,0.332868
22.399,0.874297,0.27895,0.762301,0.324776
22.409,0.858642,0.278869,0.746885,0.318842
22.419,0.872501,0.293549,0.750406,0.33463
22.429,0.87309,0.292367,0.751211,0.335395
22.439,0.845422,0.284105,0.7238,0.331869
22.449,0.823395,0.284212,0.695708,0.336441
22.459,0.849726,0.29499,0.721949,0.337351
22.469,0.854611,0.286694,0.731486,0.336295
22.479,0.848185,0.283085,0.72585,0.335295
22.489,0.849753,0.281483,0.72726,0.33755
22.499,0.840851,0.281588,0.717667,0.335698
22.509,0.853551,0.276002,0.734564,0.33584
22.519,0.844768,0.277373,0.725635,0.331891
22.529,0.843084,0.272478,0.725629,0.331676
22.539,0.847571,0.273701,0.730211,0.332051
22.549,0.846398,0.269582,0.73046,0.33188
22.559,0.844576,0.26017,0.731688,0.332042
22.569,0.850164,0.265267,0.735438,0.333982
22.579,0.848646,0.265697,0.735486,0.329644
22.589,0.849116,0.269353,0.734863,0.329278
22.599,0.852326,0.269611,0.738554,0.329102
22.609,0.851334,0.274392,0.738152,0.323434
22.619,0.830828,0.274347,0.719578,0.311795
22.629,0.784396,0.274893,0.667204,0.307489
22.639,0.791321,0.272882,0.676226,0.307316
22.649,0.794304,0.272495,0.678484,0.310362
22.659,0.79138,0.272443,0.675671,0.309073
22.669,0.794197,0.27414,0.678182,0.3093
22.679,0.795385,0.278897,0.67828,0.307878
22.689,0.798406,0.271065,0.68477,0.308329
22.699,0.786873,0.268586,0.673714,0.305187
22.709,0.78774,0.268147,0.674648,0.305747
22.719,0.7823,0.26346,0.670254,0.305518
22.729,0.758568,0.26346,0.642099,0.306142
22.739,0.761329,0.263483,0.643389,0.31024
22.749,0.758795,0.263864,0.643803,0.30276
22.759,0.7548,0.263819,0.638203,0.304662
22.769,0.752735,0.264451,0.635665,0.304311
22.779,0.734881,0.26268,0.616744,0.301126
22.789,0.724321,0.260837,0.601673,0.307561
22.799,0.747736,0.255189,0.628702,0.314199
22.809,0.746953,0.258234,0.626641,0.313965
22.819,0.747322,0.256472,0.626163,0.317226
22.829,0.742407,0.257756,0.619581,0.317568
22.839,0.745249,0.257578,0.620163,0.323183
22.849,0.754039,0.251883,0.636076,0.317077
22.859,0.751454,0.251627,0.628655,0.325822
22.869,0.756174,0.254543,0.632192,0.327628
22.879,0.757305,0.246484,0.639661,0.321854
22.889,0.760895,0.250258,0.642656,0.321443
22.899,0.754848,0.246549,0.639265,0.316781
22.909,0.755379,0.245493,0.643006,0.311246
22.919,0.738837,0.214553,0.641684,0.296798
22.929,0.717859,0.215237,0.619711,0.291466
22.939,0.710693,0.21057,0.61301,0.291484
22.949,0.704437,0.209956,0.608859,0.285379
22.959,0.675041,0.199724,0.57621,0.289435
22.969,0.669551,0.200094,0.567937,0.292761
22.979,0.663769,0.201514,0.56038,0.293183
22.989,0.66113,0.200722,0.559429,0.289556
22.999,0.655081,0.200341,0.552873,0.288663
23.009,0.639557,0.195709,0.531744,0.296614
23.019,0.634982,0.195019,0.526532,0.296536
23.029,0.636142,0.195046,0.523304,0.304611
23.039,0.647726,0.200341,0.527177,0.318585
23.049,0.67564,0.205456,0.555222,0.325585
23.059,0.675239,0.210781,0.552733,0.325584
23.069,0.666786,0.207993,0.544129,0.324446
23.079,0.666416,0.207987,0.544317,0.323374
23.089,0.664579,0.204871,0.544255,0.321682
23.099,0.675469,0.209973,0.555482,0.321885
23.109,0.6841,0.204438,0.568191,0.321491
23.119,0.663313,0.201796,0.544347,0.320855
23.129,0.668661,0.201661,0.549689,0.322928
23.139,0.652879,0.202771,0.529116,0.324301
23.149,0.651083,0.204394,0.527253,0.322701
23.159,0.651188,0.204722,0.527618,0.32211
23.169,0.648873,0.203429,0.524882,0.322726
23.179,0.660924,0.195099,0.541882,0.324223
23.189,0.647171,0.204307,0.52193,0.323539
23.199,0.644013,0.203584,0.518133,0.323796
23.209,0.642373,0.204872,0.518226,0.319549
23.219,0.644629,0.20467,0.519864,0.321555
23.229,0.646279,0.207362,0.518755,0.324916
23.239,0.641913,0.208408,0.517535,0.317452
23.249,0.641734,0.208764,0.517183,0.317429
23.259,0.643216,0.208581,0.518038,0.319151
23.269,0.656926,0.208009,0.529852,0.327934
23.279,0.670802,0.208872,0.546964,0.32738
23.289,0.668188,0.205113,0.548836,0.321221
23.299,0.641087,0.202422,0.51618,0.321833
23.31,0.637127,0.19529,0.517429,0.316323
23.319,0.636925,0.195671,0.520356,0.310831
23.33,0.644881,0.195687,0.529291,0.312137
23.339,0.661453,0.198067,0.552147,0.305652
23.35,0.647731,0.198068,0.536183,0.304683
23.359,0.650229,0.204314,0.538663,0.30149
23.37,0.650859,0.203516,0.540254,0.30054
23.379,0.62575,0.202918,0.510913,0.298924
23.389,0.619126,0.198511,0.505459,0.297357
23.399,0.625676,0.198994,0.51312,0.297624
23.409,0.61791,0.198727,0.504002,0.297156
23.419,0.611602,0.203541,0.498045,0.290826
23.429,0.608652,0.204612,0.493371,0.29185
23.439,0.607654,0.202428,0.492831,0.292206
23.449,0.611029,0.20253,0.496278,0.293335
23.459,0.614006,0.203384,0.495956,0.299443
23.469,0.616011,0.204001,0.499277,0.297617
23.48,0.618424,0.202679,0.503695,0.296077
23.49,0.618826,0.202593,0.502841,0.298417
23.5,0.618482,0.201678,0.502641,0.29866
23.51,0.620926,0.200428,0.510523,0.291108
23.52,0.643231,0.202473,0.530254,0.302624
23.53,0.65479,0.20136,0.548179,0.296147
23.54,0.638978,0.197754,0.539382,0.279739
23.55,0.612602,0.183703,0.517663,0.271218
23.56,0.613513,0.183762,0.518647,0.271357
23.57,0.620008,0.183778,0.526197,0.271573
23.579,0.642954,0.183408,0.545186,0.287269
23.59,0.661889,0.193105,0.557965,0.299137
23.6,0.654129,0.194186,0.54864,0.298615
23.609,0.643636,0.192043,0.53756,0.297349
23.619,0.652482,0.194866,0.548275,0.29522
23.63,0.645048,0.194618,0.540358,0.29364
23.639,0.651895,0.192731,0.546313,0.298937
23.65,0.66367,0.198506,0.554779,0.305408
23.659,0.667529,0.198116,0.562456,0.29998
23.67,0.666066,0.198179,0.561282,0.298884
23.68,0.657862,0.200151,0.553569,0.293739
23.69,0.655064,0.195078,0.552014,0.293827
23.7,0.654049,0.19315,0.552118,0.292643
23.71,0.653498,0.195172,0.550199,0.29368
23.72,0.645996,0.195053,0.545714,0.285414
23.73,0.643621,0.193827,0.545135,0.281968
23.74,0.648998,0.197367,0.549222,0.283901
23.75,0.65076,0.198111,0.551028,0.283917
23.76,0.649449,0.198603,0.5496,0.283339
23.77,0.636432,0.19805,0.537685,0.276977
23.78,0.626095,0.198406,0.524091,0.279212
23.79,0.625082,0.198845,0.522345,0.279899
23.8,0.621646,0.200281,0.521613,0.27249
23.81,0.618156,0.200483,0.517161,0.272887
23.82,0.615944,0.20327,0.511301,0.276839
23.83,0.628025,0.201282,0.521504,0.286242
23.84,0.624069,0.205208,0.512617,0.29082
23.85,0.625782,0.207022,0.51254,0.293338
23.86,0.620396,0.204146,0.507612,0.292482
23.87,0.613219,0.202128,0.50242,0.287673
23.88,0.616218,0.195244,0.505276,0.293771
23.89,0.647057,0.20269,0.528944,0.312758
23.9,0.674363,0.217138,0.551779,0.32118
23.91,0.675064,0.220305,0.551169,0.321544
23.92,0.675781,0.215376,0.553433,0.322498
23.93,0.674957,0.214223,0.553271,0.321817
23.94,0.680694,0.211972,0.55854,0.32626
23.95,0.708326,0.21925,0.587633,0.329153
23.96,0.739763,0.227269,0.6221,0.32953
23.97,0.741263,0.232453,0.618429,0.336128
23.98,0.736458,0.229859,0.613917,0.335621
23.99,0.736029,0.229902,0.613988,0.334518
24.0,0.740579,0.230167,0.617721,0.337493
24.01,0.757733,0.233861,0.633964,0.342866
24.02,0.762123,0.240984,0.634808,0.346088
24.03,0.748467,0.240998,0.620499,0.342204
24.04,0.743565,0.236418,0.615376,0.343959
24.05,0.742034,0.236353,0.612215,0.346328
24.06,0.7504,0.235784,0.616563,0.356871
24.07,0.758253,0.240255,0.624129,0.357335
24.08,0.756306,0.242434,0.627572,0.34551
24.09,0.74404,0.240519,0.617316,0.338627
24.1,0.736814,0.236889,0.607418,0.343253
24.11,0.746077,0.236415,0.61585,0.348523
24.12,0.746618,0.235781,0.615324,0.35103
24.13,0.769962,0.239559,0.640379,0.354073
24.14,0.771545,0.247603,0.641914,0.349173
24.15,0.762911,0.246192,0.635733,0.34244
24.16,0.755662,0.244134,0.627047,0.343853
24.17,0.770376,0.244535,0.638803,0.35442
24.18,0.77903,0.242274,0.646978,0.360014
24.19,0.791638,0.244778,0.661093,0.360182
24.2,0.811512,0.251871,0.682123,0.360305
24.21,0.813797,0.254112,0.68308,0.362071
24.22,0.818588,0.254078,0.685106,0.368999
24.23,0.828874,0.255328,0.69441,0.373677
24.24,0.844184,0.251478,0.710433,0.380382
24.25,0.855828,0.257499,0.720004,0.384357
24.26,0.862571,0.263824,0.728012,0.380032
24.27,0.862056,0.266397,0.726951,0.379098
24.28,0.863516,0.265374,0.727002,0.38302
24.29,0.878008,0.265958,0.739147,0.392207
24.3,0.890213,0.265969,0.747714,0.403316
24.31,0.901119,0.271264,0.758472,0.40392
24.32,0.908522,0.27474,0.767933,0.400261
24.33,0.894927,0.277639,0.752191,0.397516
24.34,0.888887,0.272704,0.745102,0.400718
24.35,0.896771,0.272754,0.753292,0.402934
24.36,0.914293,0.270457,0.771642,0.40909
24.37,0.933099,0.279799,0.788311,0.413463
24.38,0.936588,0.287605,0.792101,0.408725
24.39,0.917052,0.28409,0.77543,0.39873
24.4,0.895591,0.272098,0.757246,0.393224
24.41,0.913549,0.270754,0.774766,0.40125
24.42,0.922935,0.27333,0.782733,0.405497
24.43,0.935998,0.282187,0.794154,0.407163
24.44,0.942932,0.286063,0.803143,0.402802
24.45,0.920209,0.282063,0.778136,0.402158
24.46,0.89468,0.273164,0.753114,0.398313
24.47,0.895202,0.269237,0.756346,0.396029
24.48,0.906926,0.269171,0.766478,0.403204
24.49,0.916408,0.275816,0.774158,0.405473
24.5,0.914418,0.277398,0.772558,0.402944
24.51,0.895776,0.275227,0.752474,0.400559
24.52,0.880533,0.26836,0.738972,0.396537
24.53,0.886424,0.268414,0.744683,0.398934
24.54,0.901782,0.272193,0.756026,0.409324
24.55,0.904768,0.274664,0.759611,0.407622
24.56,0.901335,0.274684,0.760239,0.398736
24.57,0.894056,0.27219,0.748474,0.406246
24.58,0.87915,0.267642,0.731062,0.408438
24.59,0.889952,0.265287,0.744979,0.408219
24.6,0.89972,0.265835,0.757323,0.406559
24.61,0.899974,0.26893,0.757646,0.404478
24.62,0.898438,0.272153,0.756267,0.401477
24.63,0.879947,0.269849,0.734024,0.403358
24.64,0.875845,0.257956,0.731334,0.40708
24.65,0.885856,0.257602,0.740669,0.412056
24.66,0.903166,0.261294,0.757853,0.416044
24.67,0.897911,0.268721,0.753558,0.407655
24.68,0.895957,0.269447,0.753262,0.403402
24.69,0.887289,0.266412,0.739045,0.412456
24.7,0.872409,0.257302,0.721877,0.416877
24.71,0.888064,0.256012,0.73938,0.420039
24.72,0.900897,0.260666,0.752578,0.421066
24.73,0.908739,0.266978,0.760813,0.419157
24.74,0.901519,0.276597,0.750959,0.41508
24.75,0.891907,0.272403,0.74026,0.416304
24.76,0.892792,0.264331,0.739827,0.424102
24.77,0.903484,0.264736,0.750644,0.42747
24.78,0.915502,0.270706,0.761494,0.430105
24.79,0.906069,0.274588,0.753889,0.420966
24.8,0.898436,0.277578,0.75018,0.409106
24.81,0.889626,0.272122,0.740735,0.410725
24.82,0.886955,0.267952,0.734659,0.41853
24.83,0.909058,0.269962,0.760423,0.418646
24.84,0.925156,0.272325,0.779331,0.417609
24.85,0.917288,0.275993,0.769867,0.415391
24.86,0.902624,0.283373,0.754392,0.406598
24.87,0.88337,0.277105,0.735787,0.402707
24.88,0.881826,0.280643,0.730566,0.406363
24.89,0.88454,0.279486,0.734276,0.40637
24.9,0.896153,0.279487,0.748873,0.405176
24.91,0.87804,0.285645,0.728104,0.399032
24.92,0.868647,0.286329,0.718874,0.394693
24.93,0.873213,0.286507,0.723709,0.395801
24.94,0.875068,0.281773,0.726127,0.398859
24.95,0.888231,0.290807,0.738723,0.39834
24.96,0.887283,0.290912,0.738744,0.396104
24.97,0.880974,0.292374,0.732668,0.392212
24.98,0.870242,0.291893,0.723589,0.385406
24.99,0.862409,0.285635,0.71496,0.38858
25.0,0.874705,0.293805,0.724901,0.391544
25.01,0.926405,0.293582,0.786046,0.392641
25.02,0.934995,0.294174,0.799012,0.386338
25.03,0.932235,0.304037,0.793497,0.383386
25.04,0.920093,0.301129,0.785813,0.372011
25.05,0.92084,0.298521,0.786867,0.373726
25.06,0.931822,0.29835,0.800025,0.37315
25.07,0.934125,0.308411,0.803148,0.363903
25.08,0.936187,0.308488,0.805438,0.364074
25.09,0.922246,0.31255,0.78959,0.359719
25.1,0.916716,0.311406,0.782957,0.36107
25.11,0.910063,0.309372,0.773275,0.366809
25.12,0.910409,0.318298,0.77014,0.366625
25.13,0.908785,0.318258,0.770952,0.360881
25.14,0.920024,0.31869,0.783746,0.361419
25.15,0.937454,0.318206,0.803052,0.364242
25.16,0.927789,0.316362,0.793633,0.361737
25.17,0.922388,0.312019,0.78924,0.361307
25.18,0.917167,0.317258,0.781204,0.360919
25.19,0.930753,0.317112,0.801246,0.351776
25.2,0.954196,0.321442,0.826853,0.351397
25.21,0.948462,0.323315,0.821698,0.346207
25.22,0.935353,0.323652,0.810436,0.336642
25.23,0.915565,0.318928,0.791006,0.332948
25.24,0.909332,0.31208,0.787664,0.330266
25.25,0.919561,0.311128,0.802872,0.322783
25.26,0.918675,0.314567,0.803935,0.314167
25.27,0.905529,0.316208,0.790254,0.309021
25.28,0.900706,0.311841,0.789842,0.300291
25.29,0.896168,0.307573,0.786249,0.300548
25.3,0.89415,0.302794,0.784471,0.304015
25.31,0.888769,0.302884,0.780073,0.299429
25.32,0.888259,0.303238,0.780316,0.296913
25.33,0.869765,0.300659,0.762268,0.29162
25.34,0.87861,0.300177,0.774068,0.287519
25.35,0.882039,0.296042,0.779848,0.286686
25.36,0.88436,0.29353,0.783017,0.28778
25.37,0.885238,0.29106,0.782739,0.293684
25.38,0.888772,0.28055,0.790877,0.292781
25.39,0.89711,0.282565,0.801758,0.286614
25.4,0.891518,0.294413,0.791281,0.286355
25.41,0.898247,0.288746,0.801709,0.284141
25.42,0.90558,0.287687,0.809105,0.287508
25.43,0.890507,0.279561,0.796196,0.284467
25.441,0.879716,0.286901,0.781876,0.283298
25.45,0.868329,0.277323,0.774597,0.277646
25.461,0.880378,0.278458,0.787927,0.276944
25.47,0.883342,0.276757,0.791838,0.27693
25.481,0.886667,0.282955,0.793185,0.27744
25.49,0.885083,0.282726,0.794183,0.26965
25.501,0.873806,0.273744,0.786678,0.264083
25.511,0.836648,0.273879,0.746372,0.260576
25.521,0.826113,0.273422,0.734829,0.260248
25.531,0.821814,0.262854,0.733777,0.260494
25.541,0.824572,0.262438,0.734657,0.267066
25.551,0.822093,0.267824,0.729032,0.269479
25.561,0.806801,0.267172,0.712012,0.269415
25.571,0.815271,0.255993,0.724647,0.272068
25.581,0.835248,0.25594,0.744885,0.277995
25.591,0.848545,0.261632,0.755189,0.285076
25.601,0.852116,0.262536,0.760349,0.28115
25.611,0.848974,0.265106,0.760142,0.269555
25.621,0.852732,0.251362,0.768842,0.269909
25.631,0.860259,0.258059,0.775555,0.268266
25.641,0.861599,0.260459,0.774464,0.273349
25.651,0.831785,0.269437,0.742294,0.261284
25.661,0.82851,0.27254,0.738427,0.258605
25.671,0.826849,0.272106,0.73705,0.257674
25.681,0.825011,0.264332,0.737426,0.258795
25.691,0.808953,0.26438,0.720792,0.254887
25.701,0.803548,0.259602,0.717921,0.25077
25.711,0.787461,0.259541,0.70153,0.246148
25.721,0.78552,0.253736,0.701483,0.246135
25.731,0.786378,0.252388,0.701893,0.249071
25.741,0.786321,0.254884,0.700887,0.249184
25.751,0.773379,0.2579,0.681709,0.258603
25.761,0.778451,0.254441,0.685505,0.267073
25.771,0.778185,0.251399,0.685875,0.268227
25.781,0.771959,0.251136,0.678177,0.270051
25.791,0.780711,0.251096,0.68815,0.270017
25.801,0.78078,0.254748,0.686577,0.270802
25.811,0.781628,0.25659,0.686896,0.2707
25.821,0.779179,0.257606,0.686375,0.263911
25.831,0.774165,0.256254,0.67491,0.279573
25.841,0.746543,0.260971,0.642947,0.275389
25.851,0.748241,0.260302,0.639883,0.287502
25.861,0.758189,0.257161,0.650451,0.292629
25.871,0.770706,0.257092,0.665549,0.291437
25.881,0.767327,0.258466,0.662256,0.288795
25.891,0.749173,0.258084,0.641077,0.289263
25.901,0.749351,0.24654,0.641849,0.297952
25.911,0.747542,0.248188,0.63121,0.314319
25.921,0.743337,0.255816,0.624912,0.310794
25.931,0.741308,0.25518,0.621103,0.314089
25.941,0.754609,0.250075,0.63516,0.321666
25.951,0.755919,0.250037,0.636734,0.321661
25.961,0.754412,0.250634,0.633772,0.3235
25.971,0.762018,0.250906,0.635638,0.337167
25.981,0.759403,0.247819,0.634222,0.336216
25.991,0.759884,0.247791,0.633507,0.338661
26.001,0.761539,0.261922,0.629714,0.338818
26.011,0.740963,0.263747,0.604823,0.337125
26.021,0.740848,0.266557,0.603235,0.337506
26.031,0.740579,0.267364,0.602135,0.338243
26.041,0.739687,0.268358,0.603905,0.332295
26.051,0.737602,0.260519,0.602622,0.336204
26.061,0.73936,0.265228,0.602776,0.336108
26.071,0.731982,0.270175,0.591721,0.335662
26.081,0.710442,0.271409,0.566923,0.331155
26.091,0.693966,0.264013,0.554924,0.322404
26.101,0.689892,0.264788,0.543929,0.331632
26.111,0.699627,0.268237,0.553576,0.333287
26.121,0.69537,0.27546,0.544923,0.332746
26.131,0.691077,0.268581,0.537458,0.341454
26.141,0.673671,0.269191,0.522196,0.329667
26.151,0.693703,0.258361,0.55261,0.330295
26.161,0.702008,0.270588,0.551936,0.339062
26.171,0.702707,0.270385,0.551135,0.341965
26.181,0.713516,0.274357,0.558128,0.349753
26.191,0.726008,0.274559,0.572914,0.351389
26.201,0.710797,0.286905,0.546733,0.352138
26.211,0.752722,0.282877,0.59821,0.35877
26.221,0.774976,0.292615,0.616016,0.368088
26.231,0.781694,0.291193,0.62566,0.367153
26.241,0.797157,0.293445,0.643058,0.368545
26.251,0.809754,0.292629,0.658785,0.368879
26.261,0.809742,0.318588,0.648141,0.366194
26.271,0.814693,0.318305,0.653599,0.367716
26.281,0.831373,0.335999,0.666837,0.365532
26.291,0.848446,0.335703,0.679662,0.381081
26.301,0.869507,0.348367,0.696324,0.38706
26.311,0.883786,0.347863,0.7135,0.38857
26.321,0.896477,0.347109,0.723397,0.399854
26.331,0.901977,0.347938,0.735057,0.390118
26.341,0.908315,0.353942,0.739771,0.390513
26.351,0.902541,0.355508,0.737602,0.379653
26.361,0.918565,0.36201,0.756041,0.375649
26.371,0.926325,0.363003,0.767255,0.370981
26.381,0.950735,0.383936,0.781082,0.382622
26.391,0.971134,0.383758,0.804939,0.384584
26.401,0.976828,0.388983,0.812152,0.378543
26.411,0.984289,0.389143,0.824216,0.371566
26.421,0.9861,0.389157,0.826663,0.370915
26.431,0.988724,0.389413,0.831094,0.367718
26.441,1.00243,0.387758,0.850594,0.361938
26.451,1.011169,0.387268,0.860087,0.36433
26.461,1.003438,0.399466,0.847386,0.359516
26.471,0.99984,0.400276,0.844028,0.356476
26.481,1.005635,0.402973,0.845892,0.365214
26.491,1.006782,0.403221,0.844547,0.371166
26.501,1.003863,0.396667,0.844199,0.371113
26.511,1.0131,0.396036,0.846476,0.39116
26.521,1.012928,0.393622,0.84715,0.391692
26.531,1.011955,0.392438,0.847192,0.390272
26.541,1.009746,0.394175,0.844466,0.388702
26.551,1.015504,0.401695,0.850226,0.383412
26.561,1.015931,0.402688,0.850645,0.38257
26.571,1.01141,0.401652,0.846926,0.379924
26.582,1.007716,0.402063,0.842725,0.379012
26.591,1.015468,0.404656,0.849,0.382921
26.601,1.024825,0.406441,0.861194,0.378705
26.611,1.034512,0.408974,0.868283,0.386058
26.621,1.030511,0.40062,0.866604,0.387885
26.631,1.048331,0.40163,0.88504,0.392933
26.641,1.06292,0.411305,0.888633,0.413471
26.651,1.064718,0.414529,0.888258,0.415677
26.661,1.064168,0.408366,0.893959,0.408079
26.671,1.064624,0.412066,0.894232,0.404937
26.681,1.057236,0.408454,0.889412,0.399823
26.691,1.046769,0.407946,0.877205,0.39977
26.701,1.040729,0.400933,0.873538,0.399124
26.711,1.01933,0.408818,0.841735,0.404206
26.721,1.035591,0.404497,0.856956,0.417682
26.731,1.045087,0.408416,0.861141,0.428764
26.741,1.035842,0.412005,0.84928,0.426548
26.751,1.024811,0.412089,0.835935,0.426185
26.761,1.025407,0.389027,0.847945,0.425568
26.771,1.024472,0.389256,0.84734,0.424308
26.781,1.006141,0.369798,0.833927,0.424422
26.791,0.987474,0.373841,0.815298,0.413083
26.801,0.97235,0.371927,0.798943,0.410884
26.811,0.969686,0.371736,0.79451,0.413349
26.821,0.959234,0.371643,0.787678,0.401965
26.831,0.966044,0.375074,0.788422,0.413463
26.841,0.976233,0.36966,0.797722,0.424291
26.851,0.990875,0.369506,0.814331,0.426809
26.861,0.961426,0.358822,0.783198,0.426835
26.871,0.956899,0.366042,0.772545,0.429936
26.881,0.933709,0.348241,0.757116,0.421089
26.891,0.925238,0.347721,0.746969,0.420941
26.901,0.917452,0.343953,0.740935,0.417647
26.911,0.905228,0.351703,0.723068,0.415829
26.921,0.920478,0.344745,0.740511,0.424351
26.931,0.927625,0.349318,0.743753,0.430462
26.941,0.900024,0.348289,0.709934,0.429804
26.951,0.893649,0.347226,0.699755,0.434034
26.961,0.910349,0.333849,0.719575,0.446645
26.971,0.927665,0.338754,0.742671,0.440735
26.981,0.932173,0.338567,0.75182,0.434839
26.991,0.928532,0.338448,0.751732,0.427227
27.001,0.936185,0.354965,0.753291,0.427778
27.011,0.931353,0.355674,0.754112,0.415006
27.021,0.929822,0.352727,0.75284,0.416394
27.031,0.930757,0.352077,0.753067,0.418617
27.041,0.936597,0.350515,0.753483,0.431991
27.051,0.961174,0.343553,0.774258,0.454258
27.061,0.9871,0.343798,0.804406,0.457274
27.071,0.993348,0.350591,0.809307,0.457001
27.081,0.993223,0.349873,0.809441,0.45704
27.091,0.988086,0.353909,0.802882,0.454361
27.101,0.977549,0.348253,0.792692,0.453831
27.111,0.960913,0.339637,0.77678,0.452342
27.121,0.960744,0.339781,0.776905,0.451659
27.131,0.945202,0.338182,0.760308,0.4483
27.141,0.949411,0.326759,0.767999,0.452536
27.151,0.963207,0.322864,0.786431,0.452828
27.161,0.96263,0.330152,0.781638,0.454641
27.171,0.958319,0.326202,0.777958,0.454697
27.181,0.959187,0.329526,0.778647,0.452947
27.191,0.962386,0.333497,0.775652,0.461877
27.201,0.979109,0.325372,0.791766,0.475283
27.211,0.98389,0.32534,0.802173,0.467666
27.221,0.957348,0.327397,0.779812,0.448576
27.231,0.944159,0.320919,0.7704,0.441509
27.241,0.95604,0.317504,0.783635,0.44623
27.251,0.956727,0.319791,0.784123,0.445211
27.261,0.946664,0.322635,0.768875,0.448231
27.271,0.943357,0.322267,0.766809,0.445052
27.281,0.950408,0.320018,0.769058,0.457618
27.291,0.961489,0.311365,0.781547,0.465508
27.301,0.982561,0.30113,0.809365,0.468696
27.311,0.981339,0.30697,0.808136,0.464447
27.322,0.979649,0.307393,0.806214,0.463942
27.331,0.962433,0.313012,0.788759,0.454049
27.341,0.957558,0.307335,0.787022,0.450622
27.352,0.962398,0.31127,0.784296,0.462818
27.362,0.98257,0.334677,0.795234,0.470147
27.371,0.993272,0.321809,0.816343,0.465416
27.382,0.985888,0.322917,0.807332,0.464667
27.392,0.985063,0.323681,0.806782,0.463338
27.402,0.985683,0.323609,0.806622,0.464984
27.412,0.995979,0.323786,0.816989,0.468684
27.422,0.992033,0.325144,0.812991,0.466321
27.432,0.999527,0.325313,0.826293,0.458765
27.442,1.00016,0.329486,0.821194,0.466261
27.452,1.001076,0.331603,0.822228,0.464901
27.462,0.98412,0.330353,0.809458,0.451815
27.472,0.965209,0.321956,0.790227,0.451125
27.482,0.958446,0.320758,0.782497,0.451035
27.492,0.958962,0.321804,0.782497,0.451387
27.502,0.953106,0.307235,0.780088,0.4533
27.512,0.950762,0.30693,0.777366,0.453261
27.522,0.951254,0.308191,0.778154,0.452082
27.532,0.954217,0.309682,0.78251,0.449782
27.542,0.949267,0.310767,0.781754,0.439764
27.552,0.924839,0.311212,0.766443,0.413569
27.562,0.900613,0.306764,0.738364,0.414511
27.572,0.896291,0.304258,0.732412,0.417537
27.582,0.897441,0.306053,0.732032,0.419358
27.592,0.89625,0.297649,0.728339,0.429175
27.602,0.897212,0.298304,0.726064,0.434553
27.612,0.89945,0.299796,0.730777,0.43023
27.622,0.903449,0.298805,0.737244,0.428258
27.632,0.900717,0.301234,0.737125,0.420945
27.642,0.874764,0.299702,0.720288,0.395697
27.652,0.847269,0.299886,0.679535,0.407634
27.662,0.847238,0.290423,0.677769,0.417249
27.672,0.857607,0.289417,0.684966,0.427257
27.682,0.855139,0.28607,0.683518,0.426885
27.692,0.856397,0.282709,0.69135,0.41896
27.702,0.838333,0.287124,0.678089,0.400696
27.712,0.821338,0.274305,0.662861,0.399959
27.722,0.819976,0.272025,0.657962,0.406754
27.732,0.819194,0.273902,0.655407,0.408041
27.742,0.802763,0.27181,0.637487,0.405165
27.752,0.809518,0.269118,0.64811,0.403545
27.762,0.809343,0.270436,0.650615,0.398248
27.772,0.806777,0.271653,0.646134,0.399504
27.782,0.800231,0.271258,0.645177,0.387988
27.792,0.785533,0.270856,0.636305,0.372578
27.802,0.758819,0.268152,0.608616,0.365359
27.812,0.76427,0.258191,0.618933,0.366563
27.822,0.774128,0.264227,0.628721,0.366289
27.832,0.774304,0.254702,0.632085,0.367617
27.842,0.762228,0.255655,0.61874,0.364408
27.852,0.75304,0.246669,0.621031,0.347196
27.862,0.742109,0.220989,0.621778,0.339532
27.872,0.726645,0.224166,0.601493,0.340542
27.882,0.733505,0.225055,0.60667,0.345443
27.892,0.720258,0.221976,0.592025,0.34497
27.902,0.721216,0.221695,0.592623,0.346122
27.912,0.713702,0.209528,0.590387,0.341924
27.922,0.70333,0.211233,0.579607,0.3378
27.932,0.686145,0.205321,0.559108,0.340643
27.942,0.687329,0.203651,0.565059,0.334149
27.952,0.681886,0.2022,0.561048,0.330619
27.962,0.680179,0.201854,0.559167,0.3305
27.972,0.688716,0.202298,0.568752,0.331551
27.982,0.691825,0.202754,0.572348,0.331558
27.992,0.695972,0.198932,0.576441,0.335437
28.002,0.705947,0.199231,0.581111,0.347818
28.012,0.70679,0.198325,0.582608,0.347545
28.022,0.707832,0.194112,0.586959,0.344712
28.032,0.704953,0.193746,0.583538,0.344827
28.042,0.704903,0.190787,0.584713,0.344383
28.052,0.711566,0.196056,0.587018,0.351138
28.062,0.74147,0.196156,0.613434,0.367424
28.072,0.775189,0.19235,0.652097,0.37241
28.082,0.78749,0.20331,0.664627,0.370238
28.092,0.78654,0.211239,0.667095,0.359176
28.102,0.786375,0.216572,0.669226,0.351595
28.112,0.783506,0.216566,0.665412,0.35243
28.122,0.778892,0.215938,0.6586,0.355371
28.129,0.778104,0.213961,0.658447,0.355125
28.141,0.781954,0.215842,0.663067,0.353845
28.151,0.781949,0.219713,0.670667,0.336715
28.161,0.779184,0.223448,0.672741,0.323447
28.171,0.784064,0.226818,0.679769,0.318157
28.181,0.812596,0.229416,0.706699,0.329025
28.191,0.82344,0.234144,0.718247,0.327646
28.201,0.825171,0.232848,0.720799,0.327319
28.211,0.825761,0.233052,0.721728,0.326615
28.221,0.822287,0.234041,0.720474,0.319841
28.231,0.854963,0.233571,0.759214,0.316228
28.241,0.861389,0.239462,0.762371,0.32162
28.251,0.85053,0.241132,0.749496,0.321734
28.261,0.857999,0.23443,0.755843,0.331522
28.271,0.873704,0.239014,0.764407,0.349162
28.281,0.877087,0.239628,0.764087,0.357817
28.291,0.873751,0.239751,0.760017,0.358239
28.301,0.876785,0.23989,0.763463,0.358232
28.311,0.862458,0.238439,0.747581,0.357914
28.321,0.861919,0.243335,0.742495,0.363859
28.331,0.859733,0.240142,0.741686,0.362456
28.341,0.859086,0.244462,0.739635,0.362225
28.351,0.852719,0.244665,0.732788,0.360958
28.361,0.844725,0.256525,0.718388,0.362871
28.371,0.834301,0.25343,0.706416,0.364429
28.381,0.845504,0.249404,0.722893,0.360693
28.391,0.846429,0.250198,0.722782,0.362532
28.401,0.855677,0.263372,0.730328,0.359778
28.411,0.852148,0.26358,0.725561,0.360891
28.421,0.846951,0.261614,0.719247,0.362723
28.431,0.849675,0.261317,0.722671,0.362503
28.441,0.849403,0.270458,0.721248,0.357967
28.451,0.853929,0.270182,0.723513,0.364313
28.461,0.85562,0.276376,0.723496,0.363671
28.471,0.842562,0.277581,0.707974,0.36281
28.481,0.843634,0.27719,0.70887,0.363851
28.491,0.841771,0.276872,0.707328,0.362778
28.501,0.834984,0.278691,0.701784,0.356411
28.511,0.833085,0.278272,0.701424,0.352986
28.521,0.82837,0.279713,0.694087,0.355248
28.531,0.827309,0.281188,0.691045,0.357535
28.541,0.832729,0.284411,0.696148,0.357668
28.551,0.823418,0.282334,0.689469,0.350624
28.561,0.783156,0.282853,0.65071,0.331516
28.571,0.757455,0.283703,0.62475,0.32084
28.581,0.745827,0.275724,0.608741,0.331162
28.591,0.750615,0.267365,0.617364,0.332866
28.601,0.750252,0.264371,0.619105,0.331201
28.611,0.748891,0.263051,0.62037,0.326777
28.621,0.747785,0.26422,0.619765,0.32444
28.631,0.756024,0.267578,0.623605,0.333304
28.641,0.752555,0.269651,0.618292,0.333679
28.651,0.748631,0.268186,0.613435,0.334995
28.661,0.780443,0.26628,0.647632,0.344614
28.671,0.77023,0.264838,0.638701,0.339376
28.681,0.744265,0.265319,0.61406,0.326292
28.691,0.725988,0.264964,0.591642,0.326821
28.701,0.725531,0.27056,0.588721,0.326497
28.711,0.751351,0.270411,0.616855,0.333011
28.721,0.761256,0.268612,0.627641,0.336788
28.731,0.726622,0.26852,0.586697,0.334159
28.741,0.724214,0.267176,0.588382,0.32697
28.751,0.728206,0.270646,0.59088,0.328474
28.761,0.717034,0.273926,0.579952,0.320559
28.771,0.724438,0.269954,0.599382,0.304428
28.781,0.739864,0.293339,0.614373,0.289651
28.791,0.801107,0.308365,0.676754,0.297802
28.801,0.833758,0.324056,0.706239,0.302268
28.811,0.84952,0.344127,0.717069,0.298449
28.821,0.8393,0.332849,0.715131,0.286747
28.831,0.848301,0.334442,0.72553,0.285252
28.841,0.86653,0.345182,0.740469,0.288842
28.851,0.877425,0.346198,0.754722,0.283577
28.861,0.881529,0.342523,0.762109,0.281001
28.871,0.882777,0.344581,0.762042,0.282579
28.881,0.869757,0.343407,0.748487,0.279849
28.891,0.870767,0.34528,0.748916,0.279539
28.901,0.863915,0.33733,0.745004,0.278435
28.911,0.856227,0.338902,0.735864,0.277083
28.921,0.855236,0.343899,0.733079,0.275241
28.931,0.853295,0.348939,0.726874,0.279299
28.941,0.865775,0.341137,0.74157,0.288557
28.951,0.881214,0.351786,0.752252,0.294792
28.961,0.895137,0.356773,0.766443,0.294193
28.971,0.897196,0.36436,0.765297,0.294148
28.981,0.89767,0.365714,0.76577,0.292679
28.991,0.908591,0.369126,0.777987,0.289862
29.002,0.90673,0.369721,0.778611,0.281478
29.012,0.906648,0.37017,0.777255,0.284359
29.022,0.916328,0.371993,0.788752,0.281332
29.032,0.913777,0.369825,0.787528,0.279315
29.042,0.918579,0.366472,0.792513,0.285321
29.052,0.941171,0.36706,0.80898,0.310838
29.062,0.964951,0.368481,0.82893,0.32898
29.072,0.980046,0.36947,0.845905,0.329284
29.082,0.982328,0.376651,0.847823,0.322952
29.092,0.979132,0.379815,0.840554,0.328495
29.102,0.980951,0.389729,0.838497,0.327564
29.112,0.980573,0.388948,0.838324,0.327803
29.122,0.980612,0.387843,0.838057,0.329905
29.132,0.995989,0.385768,0.856927,0.329929
29.142,1.027977,0.386905,0.89316,0.330615
29.152,1.036954,0.386264,0.903873,0.330284
29.162,1.014786,0.387778,0.879555,0.325273
29.172,1.008715,0.387993,0.872663,0.324694
29.182,1.021098,0.381768,0.885732,0.335221
29.192,1.022998,0.383476,0.883717,0.344259
29.202,1.02037,0.374129,0.88404,0.345914
29.211,1.010132,0.374748,0.873159,0.342818
29.222,1.000162,0.37506,0.863257,0.338292
29.232,0.99448,0.373335,0.854133,0.346509
29.242,0.992779,0.371654,0.852743,0.346864
29.251,1.002543,0.369376,0.864658,0.347881
29.262,1.009378,0.365545,0.869819,0.358659
29.272,1.019121,0.364416,0.875489,0.373267
29.282,1.034975,0.33803,0.904184,0.373311
29.291,1.000033,0.338648,0.86614,0.367675
29.302,0.974926,0.313245,0.847204,0.366884
29.312,0.965175,0.302158,0.83893,0.369407
29.322,0.965323,0.301167,0.838426,0.371737
29.332,0.974415,0.305356,0.847303,0.371912
29.342,0.960909,0.29953,0.834066,0.371431
29.352,0.949876,0.293345,0.824194,0.370025
29.362,0.946565,0.293092,0.818488,0.374379
29.372,0.944004,0.287569,0.817894,0.373493
29.382,0.951775,0.286947,0.827214,0.373169
29.392,0.981789,0.291296,0.856059,0.382386
29.402,1.004957,0.290728,0.877739,0.393689
29.412,1.026082,0.306889,0.895303,0.396354
29.422,1.042663,0.305782,0.912583,0.401044
29.432,1.044617,0.316823,0.913422,0.39561
29.442,1.03716,0.317671,0.906969,0.390121
29.452,1.028467,0.309923,0.899988,0.389506
29.462,1.023835,0.295503,0.899643,0.389305
29.472,1.031667,0.29049,0.909583,0.390654
29.482,1.031992,0.296996,0.907945,0.390431
29.492,1.02411,0.294602,0.898472,0.393394
29.502,1.032279,0.305913,0.903045,0.395635
29.512,1.037154,0.310754,0.908486,0.39214
29.522,1.028228,0.307599,0.899443,0.391968
29.532,1.032578,0.314199,0.900991,0.394604
29.542,1.038454,0.322668,0.906103,0.391473
29.552,1.016937,0.319979,0.892198,0.36845
29.562,0.997642,0.318334,0.876001,0.355774
29.572,0.983723,0.316631,0.860974,0.355217
29.582,0.981095,0.318655,0.857907,0.353556
29.592,0.980385,0.314854,0.861974,0.344994
29.602,0.983104,0.305782,0.868164,0.345375
29.612,0.98279,0.307824,0.867661,0.343926
29.622,0.981739,0.308189,0.866809,0.342744
29.632,0.967889,0.305946,0.856559,0.330929
29.642,0.934758,0.303084,0.819603,0.331908
29.652,0.927347,0.31006,0.807285,0.334851
29.662,0.933011,0.310946,0.814612,0.332009
29.672,0.938422,0.325687,0.815101,0.331927
29.682,0.935442,0.325139,0.815998,0.321688
29.692,0.932794,0.320102,0.815291,0.320842
29.702,0.935029,0.31768,0.819929,0.317923
29.712,0.946832,0.314657,0.837081,0.311091
29.722,0.952767,0.31263,0.842877,0.315573
29.732,0.950728,0.314501,0.842137,0.309481
29.742,0.952549,0.316653,0.842202,0.31269
29.752,0.953153,0.318838,0.842024,0.31279
29.762,0.952986,0.318275,0.84402,0.307431
29.772,0.958076,0.31286,0.858851,0.287061
29.782,0.937119,0.31211,0.83568,0.287086
29.792,0.928977,0.299357,0.830055,0.290503
29.802,0.918797,0.302265,0.819411,0.285288
29.812,0.917947,0.298645,0.820149,0.28424
29.822,0.919304,0.298876,0.82152,0.284425
29.832,0.91045,0.302976,0.808261,0.289549
29.842,0.905927,0.303859,0.804713,0.284272
29.852,0.905802,0.306266,0.803551,0.284575
29.862,0.913787,0.306048,0.813067,0.283305
29.872,0.921732,0.302227,0.822159,0.286885
29.882,0.927754,0.307002,0.827128,0.286945
29.892,0.895159,0.306999,0.796566,0.269339
29.902,0.883366,0.315253,0.783977,0.257548
29.912,0.859927,0.30861,0.761071,0.254962
29.922,0.841209,0.302655,0.743523,0.251407
29.932,0.848087,0.296586,0.753594,0.251763
29.942,0.842515,0.296746,0.746497,0.253999
29.952,0.845071,0.29957,0.748228,0.254083
29.962,0.832365,0.300089,0.733248,0.2552
29.972,0.840469,0.295518,0.741287,0.263724
29.982,0.888285,0.294062,0.788997,0.282951
29.992,0.888973,0.295901,0.790093,0.280121
30.002,0.887082,0.293394,0.789724,0.277796
30.012,0.894254,0.296262,0.796925,0.277182
30.022,0.904966,0.30389,0.805168,0.279855
30.032,0.912956,0.306482,0.813798,0.278012
30.042,0.913475,0.290675,0.818715,0.282225
30.052,0.910071,0.290896,0.815674,0.279794
30.062,0.911326,0.295638,0.814425,0.282534
30.072,0.910295,0.299987,0.811225,0.283831
30.082,0.911046,0.29335,0.814535,0.283694
30.092,0.908507,0.293407,0.811527,0.284114
30.102,0.903401,0.293444,0.805688,0.284411
30.112,0.907755,0.293442,0.805953,0.29724
30.122,0.909568,0.295313,0.805783,0.301362
30.132,0.897191,0.293853,0.791666,0.303098
30.142,0.90268,0.300172,0.795404,0.303414
30.152,0.900548,0.297115,0.79472,0.301877
30.162,0.896534,0.296008,0.79177,0.298753
30.172,0.902897,0.287017,0.800768,0.302681
30.182,0.912633,0.288654,0.812154,0.299972
30.192,0.921797,0.297617,0.82073,0.295865
30.202,0.932944,0.297643,0.833754,0.29436
30.213,0.919243,0.297362,0.813834,0.307016
30.222,0.927503,0.296658,0.820838,0.313817
30.233,0.931031,0.303652,0.822709,0.312672
30.242,0.938497,0.30524,0.830261,0.313484
30.253,0.95221,0.307006,0.844998,0.313734
30.263,0.95478,0.320232,0.845781,0.306122
30.273,0.937234,0.313592,0.827846,0.307798
30.282,0.925923,0.315312,0.814318,0.307893
30.293,0.945348,0.315597,0.836211,0.307948
30.302,0.985944,0.314118,0.879729,0.315423
30.312,0.996621,0.317376,0.890397,0.315784
30.322,0.992832,0.318449,0.886297,0.314299
30.332,0.989895,0.315163,0.886006,0.309125
30.342,0.993519,0.313898,0.890406,0.309393
30.352,0.992174,0.318349,0.887305,0.309442
30.362,0.981914,0.314318,0.87794,0.307539
30.372,0.971348,0.313464,0.864742,0.312213
30.382,0.961469,0.312038,0.854098,0.312362
30.392,0.967925,0.312115,0.86129,0.312475
30.402,0.969794,0.303776,0.863255,0.320954
30.412,0.996015,0.304027,0.888707,0.33138
30.422,1.028406,0.304511,0.925056,0.330396
30.432,1.028329,0.308825,0.919164,0.342382
30.442,1.026757,0.304169,0.920969,0.336939
30.452,1.022427,0.300627,0.91802,0.334992
30.462,1.022274,0.300982,0.918062,0.334091
30.472,1.015224,0.312741,0.906668,0.332905
30.482,0.985786,0.312221,0.880237,0.315396
30.492,0.988142,0.311056,0.882672,0.317113
30.502,0.98855,0.310684,0.882567,0.319034
30.513,1.023009,0.307033,0.918096,0.330723
30.523,1.030837,0.298779,0.930226,0.32869
30.533,1.034656,0.293086,0.936805,0.327121
30.543,1.019676,0.293,0.921449,0.323763
30.553,1.024018,0.305831,0.921783,0.324648
30.563,1.025122,0.309252,0.921958,0.324397
30.573,1.059562,0.306984,0.957031,0.335448
30.583,1.0754,0.313535,0.971782,0.337373
30.593,1.078006,0.324455,0.971138,0.33722
30.603,1.080989,0.322621,0.974785,0.338005
30.612,1.075095,0.317844,0.973858,0.326199
30.622,1.073941,0.312417,0.974073,0.326999
30.632,1.078461,0.32322,0.975459,0.327242
30.642,1.072798,0.31743,0.971346,0.326526
30.652,1.076123,0.317422,0.975626,0.324712
30.663,1.082971,0.318843,0.978832,0.336235
30.672,1.074789,0.318697,0.969558,0.33699
30.682,1.055121,0.322823,0.94685,0.335472
30.692,1.054378,0.31426,0.948608,0.336296
30.702,1.057638,0.316864,0.946613,0.349455
30.713,1.082668,0.316913,0.97221,0.355729
30.722,1.083164,0.322482,0.973142,0.349635
30.733,1.081614,0.319178,0.972061,0.350874
30.743,1.078765,0.315524,0.97141,0.347191
30.753,1.077221,0.312625,0.971429,0.34496
30.763,1.067915,0.306693,0.961656,0.348711
30.773,1.052002,0.31295,0.942187,0.347929
30.783,1.053676,0.309206,0.945166,0.348261
30.793,1.043824,0.314253,0.932907,0.34713
30.803,1.004796,0.318286,0.89139,0.337243
30.812,0.994275,0.315901,0.880282,0.337479
30.822,1.004515,0.313278,0.892401,0.338421
30.832,1.010874,0.321018,0.897179,0.337466
30.842,1.011996,0.321101,0.892469,0.352887
30.852,1.011932,0.312358,0.895546,0.352756
30.862,1.016458,0.312286,0.899623,0.355446
30.872,1.025765,0.308181,0.911163,0.356369
30.882,1.048236,0.310389,0.93484,0.358513
30.892,1.040849,0.310674,0.92569,0.360482
30.902,1.031615,0.312839,0.916986,0.354257
30.913,1.006781,0.311719,0.893721,0.34308
30.923,1.000416,0.313076,0.882951,0.351018
30.933,1.031261,0.32248,0.910273,0.361815
30.943,1.049973,0.329958,0.926819,0.366849
30.953,1.055731,0.329714,0.933643,0.366287
30.963,1.057933,0.330817,0.934392,0.369723
30.973,1.056879,0.328718,0.935239,0.36642
30.983,1.041183,0.326252,0.918233,0.366702
30.993,1.038675,0.326902,0.915997,0.364597
31.003,1.035622,0.337395,0.909964,0.361448
31.013,1.021164,0.337821,0.891082,0.366913
31.022,1.004351,0.338762,0.870303,0.369506
31.033,0.989926,0.34119,0.852804,0.369144
31.042,0.991079,0.340999,0.853127,0.371658
31.053,0.997609,0.334623,0.862711,0.372802
31.062,1.001049,0.330188,0.869138,0.371045
31.073,0.960999,0.3326,0.827516,0.35793
31.083,0.948567,0.328846,0.814064,0.359082
31.093,0.952731,0.338034,0.815046,0.359345
31.103,0.961169,0.339482,0.820883,0.367082
31.113,0.965545,0.338771,0.823854,0.372526
31.123,0.967559,0.347108,0.823842,0.370096
31.133,0.966349,0.337207,0.82642,0.370339
31.143,0.96715,0.340425,0.826781,0.368678
31.153,0.964073,0.340491,0.823398,0.368129
31.163,0.958773,0.345902,0.819936,0.356794
31.173,0.95944,0.344555,0.82093,0.357605
31.183,0.959747,0.346331,0.820173,0.358449
31.193,0.965213,0.346193,0.817765,0.378216
31.203,0.97047,0.343584,0.825516,0.377207
31.213,0.95051,0.356641,0.80417,0.359981
31.223,0.936307,0.351832,0.790846,0.356997
31.233,0.94075,0.349777,0.79719,0.356589
31.243,0.93269,0.349725,0.787735,0.356478
31.253,0.928208,0.349921,0.776593,0.368818
31.263,0.931382,0.353627,0.778776,0.368684
31.273,0.935188,0.348518,0.784177,0.371724
31.283,0.933882,0.349933,0.783357,0.368828
31.293,0.921918,0.344943,0.7699,0.371754
31.303,0.928434,0.340431,0.778714,0.373766
31.313,0.936547,0.341859,0.786916,0.375522
31.323,0.925173,0.346774,0.771717,0.37436
31.333,0.920892,0.34092,0.767767,0.377292
31.343,0.919676,0.346857,0.767507,0.369359
31.353,0.926542,0.346821,0.769216,0.382756
31.363,0.936055,0.346975,0.778557,0.386854
31.373,0.933447,0.353311,0.77563,0.380647
31.383,0.90522,0.350375,0.744394,0.377543
31.393,0.910564,0.349569,0.75105,0.377959
31.403,0.913065,0.347487,0.752785,0.382432
31.413,0.916862,0.348265,0.751343,0.393487
31.423,0.898938,0.35072,0.724241,0.400699
31.433,0.853792,0.338151,0.686117,0.379286
31.443,0.830884,0.327789,0.664494,0.375992
31.453,0.826647,0.327309,0.659614,0.375663
31.463,0.824439,0.327805,0.655299,0.377924
31.473,0.818668,0.318014,0.654013,0.375966
31.483,0.821684,0.320085,0.652272,0.383735
31.493,0.827259,0.317982,0.659894,0.384428
31.503,0.841996,0.305624,0.683904,0.384482
31.513,0.838667,0.310595,0.682186,0.376185
31.523,0.841844,0.311963,0.686654,0.374015
31.533,0.839245,0.307532,0.686595,0.371944
31.543,0.838666,0.307036,0.685878,0.372373
31.553,0.823034,0.301164,0.670483,0.370321
31.563,0.82556,0.299529,0.674532,0.369916
31.573,0.829137,0.30765,0.674351,0.371579
31.583,0.823974,0.306752,0.669449,0.369694
31.593,0.820923,0.286647,0.674305,0.370217
31.603,0.806981,0.286805,0.661114,0.363165
31.613,0.8233,0.287269,0.680897,0.362876
31.623,0.838123,0.275777,0.702472,0.364595
31.633,0.868397,0.284175,0.733326,0.368225
31.643,0.872764,0.277975,0.740941,0.368041
31.653,0.876638,0.283088,0.742339,0.370525
31.663,0.874046,0.277012,0.738722,0.37618
31.673,0.878055,0.277847,0.742701,0.377062
31.683,0.875186,0.271472,0.742592,0.375248
31.693,0.885501,0.269431,0.764544,0.356357
31.703,0.863103,0.274474,0.74006,0.349173
31.713,0.846885,0.257573,0.727836,0.34803
31.723,0.847352,0.257515,0.728916,0.346948
31.733,0.844069,0.261115,0.721604,0.351509
31.743,0.845237,0.264415,0.721333,0.352406
31.753,0.826223,0.269765,0.70461,0.336744
31.763,0.820067,0.259065,0.703875,0.331595
31.773,0.813414,0.256244,0.69886,0.327987
31.783,0.827732,0.255013,0.715305,0.329313
31.793,0.836634,0.250899,0.727629,0.327967
31.803,0.837705,0.253755,0.728569,0.326412
31.813,0.830619,0.251508,0.722998,0.322407
31.823,0.829613,0.248893,0.721106,0.326061
31.833,0.829979,0.248657,0.724992,0.318467
31.843,0.831396,0.248538,0.727318,0.316948
31.853,0.821638,0.249014,0.724402,0.297191
31.863,0.815412,0.259448,0.716406,0.290423
31.873,0.802369,0.247944,0.705138,0.291719
31.883,0.810377,0.254205,0.711327,0.293436
31.893,0.804556,0.255495,0.706506,0.287893
31.903,0.812145,0.259828,0.712581,0.290339
31.913,0.83128,0.259959,0.742273,0.269218
31.923,0.840167,0.270063,0.752778,0.257434
31.933,0.866785,0.269399,0.778606,0.269284
31.943,0.8719,0.289853,0.777104,0.268894
31.953,0.871264,0.290397,0.775039,0.272185
31.963,0.889438,0.289606,0.795295,0.273374
31.973,0.896422,0.289655,0.800219,0.281643
31.983,0.91274,0.302913,0.814929,0.277901
31.993,0.919644,0.303512,0.823442,0.274897
32.003,0.90308,0.30705,0.802564,0.277785
32.013,0.889713,0.302329,0.790156,0.275391
32.023,0.887806,0.311111,0.784451,0.275765
32.033,0.904908,0.312,0.799641,0.286511
32.043,0.938756,0.31666,0.836376,0.285418
32.053,0.952283,0.31729,0.850569,0.287582
32.063,0.9506,0.336076,0.841211,0.288196
32.073,0.947545,0.326103,0.841571,0.288544
32.083,0.944472,0.32627,0.837423,0.290339
32.093,0.943212,0.326904,0.835925,0.289847
32.103,0.949955,0.33298,0.840092,0.292889
32.113,0.950569,0.333878,0.84198,0.288404
32.123,0.929953,0.335305,0.819339,0.284722
32.133,0.907549,0.328401,0.798117,0.280726
32.143,0.90236,0.33916,0.787553,0.28104
32.153,0.898681,0.335152,0.785921,0.278621
32.163,0.900532,0.337905,0.786938,0.278401
32.173,0.899871,0.339239,0.787025,0.274365
32.183,0.912039,0.351213,0.793268,0.281408
32.193,0.888336,0.351276,0.766368,0.280045
32.203,0.884245,0.347482,0.764121,0.277965
32.213,0.882416,0.347316,0.762096,0.277921
32.223,0.886734,0.349881,0.763005,0.285839
32.233,0.886484,0.349194,0.764054,0.28309
32.243,0.893753,0.351631,0.767065,0.294551
32.253,0.897584,0.349611,0.772452,0.294528
32.263,0.898341,0.351182,0.77219,0.295653
32.273,0.897135,0.350852,0.771734,0.293566
32.283,0.894665,0.350984,0.769159,0.292625
32.293,0.889231,0.355281,0.763263,0.286246
32.303,0.889395,0.354457,0.760583,0.294782
32.313,0.884305,0.356889,0.753264,0.29533
32.323,0.888623,0.356163,0.75901,0.294455
32.333,0.891128,0.357347,0.760854,0.295825
32.343,0.887459,0.356664,0.757013,0.295475
32.353,0.881649,0.356231,0.752139,0.291019
32.363,0.888221,0.349601,0.762443,0.292226
32.373,0.887229,0.354036,0.760593,0.288672
32.383,0.883689,0.356211,0.756192,0.286695
32.393,0.886245,0.355992,0.758815,0.287923
32.403,0.87051,0.352403,0.743533,0.284179
32.413,0.846596,0.357504,0.713046,0.283691
32.423,0.843628,0.350639,0.710903,0.28875
32.433,0.816686,0.35168,0.684546,0.273302
32.443,0.810694,0.336185,0.684574,0.274887
32.453,0.818012,0.339292,0.692378,0.273199
32.463,0.800124,0.340423,0.672686,0.267965
32.473,0.801872,0.341635,0.6771,0.260421
32.483,0.783584,0.328332,0.661556,0.261813
32.493,0.771254,0.331027,0.646348,0.259786
32.503,0.769035,0.331147,0.643354,0.260485
32.513,0.770968,0.331005,0.64465,0.263159
32.523,0.769235,0.320658,0.647373,0.264214
32.533,0.753928,0.328697,0.628825,0.254844
32.543,0.719997,0.327487,0.588656,0.254227
32.553,0.710527,0.329538,0.576657,0.25243
32.563,0.717081,0.312055,0.58628,0.270375
32.573,0.714749,0.312337,0.581816,0.273499
32.583,0.716392,0.316852,0.58055,0.275289
32.593,0.717843,0.317992,0.58059,0.277659
32.603,0.703241,0.310484,0.569503,0.271688
32.613,0.69112,0.309855,0.552389,0.276592
32.623,0.69575,0.315481,0.555192,0.276227
32.633,0.696995,0.315888,0.554713,0.279838
32.643,0.696805,0.304449,0.555208,0.290847
32.653,0.707581,0.303034,0.565849,0.297753
32.663,0.71513,0.319169,0.566467,0.297754
32.673,0.713106,0.318011,0.565459,0.296049
32.683,0.717486,0.303159,0.581313,0.291472
32.693,0.742154,0.302392,0.605322,0.304856
32.703,0.753047,0.327333,0.605956,0.304548
32.714,0.759929,0.325527,0.615225,0.304996
32.724,0.757265,0.323309,0.611772,0.307664
32.734,0.758796,0.321057,0.616955,0.303414
32.744,0.753153,0.321364,0.614534,0.293789
32.754,0.743825,0.31935,0.603674,0.294735
32.764,0.758594,0.314976,0.623119,0.29661
32.774,0.764862,0.316047,0.625211,0.306984
32.784,0.763646,0.341739,0.610217,0.306604
32.794,0.754573,0.338524,0.600421,0.307045
32.804,0.762922,0.336238,0.614867,0.301551
32.814,0.783462,0.333546,0.641852,0.300974
32.823,0.788125,0.343977,0.643243,0.298429
32.834,0.782088,0.342931,0.637097,0.296932
32.843,0.783375,0.34039,0.639775,0.297487
32.854,0.785973,0.343776,0.640608,0.298651
32.863,0.778522,0.351493,0.626727,0.299604
32.874,0.778377,0.347679,0.626924,0.303244
32.883,0.781126,0.344147,0.629627,0.308692
32.894,0.776077,0.343581,0.624163,0.307681
32.903,0.787543,0.343643,0.638305,0.307736
32.914,0.782894,0.344789,0.633049,0.305439
32.924,0.770373,0.341692,0.621814,0.300113
32.934,0.76963,0.340084,0.622122,0.299395
32.944,0.772681,0.340811,0.626028,0.298282
32.954,0.767983,0.341587,0.619448,0.298999
32.964,0.76162,0.339958,0.613631,0.296564
32.974,0.754757,0.340476,0.603896,0.298402
32.984,0.752925,0.340934,0.602263,0.296547
32.994,0.760544,0.34083,0.611673,0.296846
33.004,0.753831,0.336963,0.606388,0.294976
33.014,0.743715,0.337294,0.594098,0.293927
33.024,0.7397,0.335638,0.590612,0.292712
33.034,0.740372,0.329352,0.593133,0.296431
33.044,0.741485,0.328486,0.589727,0.306789
33.054,0.758584,0.327501,0.612486,0.305046
33.064,0.749079,0.331108,0.60588,0.290511
33.074,0.748453,0.33096,0.607338,0.285984
33.084,0.747712,0.32922,0.608805,0.282921
33.094,0.748931,0.3313,0.608809,0.283709
33.104,0.755632,0.331665,0.611482,0.295072
33.114,0.757613,0.339595,0.611832,0.290369
33.124,0.748795,0.333989,0.603919,0.290564
33.134,0.76065,0.334065,0.618705,0.290161
33.144,0.772432,0.334003,0.636237,0.283365
33.154,0.758596,0.338661,0.621517,0.272933
33.164,0.746367,0.319565,0.616975,0.272548
33.174,0.746303,0.317769,0.616787,0.27489
33.184,0.725186,0.319963,0.591271,0.271875
33.194,0.71084,0.320027,0.576328,0.265936
33.204,0.71277,0.306145,0.58677,0.264609
33.214,0.703063,0.308376,0.57387,0.264338
33.224,0.711265,0.309791,0.587024,0.255599
33.234,0.723489,0.310529,0.598639,0.261992
33.244,0.722293,0.306463,0.599378,0.261789
33.254,0.721344,0.306461,0.597352,0.263798
33.264,0.703005,0.305882,0.577152,0.259901
33.274,0.704515,0.309255,0.580334,0.252815
33.284,0.69926,0.281826,0.584055,0.26157
33.294,0.704712,0.286285,0.58799,0.26254
33.304,0.69318,0.294459,0.570539,0.261299
33.314,0.68039,0.297311,0.553826,0.260409
33.324,0.686351,0.281389,0.565299,0.268952
33.334,0.687504,0.283796,0.566053,0.267781
33.344,0.689177,0.283587,0.565666,0.273067
33.354,0.688262,0.280665,0.566433,0.272185
33.364,0.701652,0.270715,0.585811,0.275418
33.374,0.702784,0.270736,0.585399,0.279133
33.384,0.697533,0.265915,0.583916,0.27365
33.394,0.702753,0.272022,0.585579,0.277422
33.404,0.697061,0.275158,0.576373,0.279243
33.414,0.69729,0.266466,0.578975,0.282839
33.424,0.694138,0.266298,0.575559,0.282214
33.434,0.712236,0.268041,0.592775,0.289919
33.444,0.727135,0.2682,0.606923,0.297386
33.454,0.735668,0.267051,0.61663,0.29943
33.464,0.735373,0.266462,0.616889,0.298696
33.474,0.756393,0.268463,0.642106,0.296241
33.484,0.769717,0.271072,0.65647,0.296701
33.494,0.763888,0.267025,0.651362,0.296565
33.504,0.771194,0.26695,0.659681,0.297152
33.514,0.777843,0.273484,0.663978,0.298965
33.524,0.801725,0.272881,0.68519,0.314346
33.534,0.804592,0.275965,0.68709,0.314832
33.544,0.79992,0.283624,0.681712,0.307729
33.554,0.78492,0.285554,0.661968,0.310414
33.564,0.822643,0.279405,0.708226,0.311592
33.574,0.841167,0.281559,0.729062,0.311054
33.584,0.840022,0.281687,0.727419,0.31169
33.594,0.837655,0.27743,0.727465,0.309019
33.604,0.831841,0.276826,0.725838,0.297465
33.614,0.828093,0.264689,0.724318,0.301729
33.624,0.829059,0.264521,0.724648,0.303732
33.634,0.822528,0.267696,0.713204,0.310211
33.644,0.820072,0.27193,0.706705,0.314866
33.654,0.84242,0.273523,0.731487,0.315885
33.664,0.849335,0.271855,0.742658,0.309716
33.674,0.855734,0.274695,0.747134,0.31403
33.684,0.856925,0.27185,0.747175,0.319606
33.694,0.848554,0.273127,0.741343,0.309607
33.704,0.838086,0.260681,0.73362,0.310219
33.714,0.837919,0.259269,0.73395,0.31017
33.724,0.834184,0.259054,0.728402,0.313344
33.734,0.833923,0.262633,0.726416,0.314279
33.744,0.840593,0.274201,0.729627,0.314729
33.754,0.839255,0.274421,0.728892,0.312664
33.764,0.840464,0.273379,0.730547,0.312963
33.774,0.833262,0.266684,0.725861,0.310372
33.784,0.82752,0.270817,0.721688,0.301022
33.794,0.829549,0.264452,0.723059,0.308873
33.804,0.835293,0.258622,0.727102,0.319611
33.814,0.836429,0.260439,0.725764,0.324116
33.824,0.8274,0.261183,0.717404,0.318912
33.834,0.833593,0.264412,0.722087,0.3218
33.844,0.837354,0.263347,0.729874,0.314793
33.854,0.834147,0.262863,0.725859,0.315963
33.864,0.825537,0.267637,0.714326,0.315627
33.874,0.823576,0.267667,0.715264,0.308266
33.884,0.82049,0.268652,0.71165,0.307545
33.894,0.817047,0.263194,0.710558,0.305617
33.904,0.814084,0.262694,0.708818,0.302162
33.914,0.813531,0.261371,0.707983,0.303774
33.924,0.818628,0.264276,0.707115,0.316697
33.934,0.808693,0.262137,0.69842,0.312216
33.944,0.82963,0.258919,0.725169,0.30883
33.954,0.826299,0.265829,0.71953,0.307217
33.964,0.825283,0.26641,0.718924,0.305395
33.974,0.802378,0.263998,0.693285,0.305731
33.984,0.793351,0.262589,0.682677,0.307255
33.994,0.791135,0.262459,0.677113,0.313891
34.004,0.787902,0.270722,0.67078,0.312336
34.014,0.780085,0.264468,0.665439,0.309483
34.024,0.762716,0.266238,0.653623,0.28919
34.034,0.767111,0.261497,0.659591,0.291578
34.044,0.764771,0.253105,0.661123,0.289358
34.054,0.756739,0.249219,0.653583,0.288744
34.064,0.713495,0.250317,0.602625,0.288548
34.074,0.700309,0.250436,0.584702,0.292983
34.084,0.698677,0.244559,0.585882,0.291688
34.094,0.700806,0.247117,0.586573,0.293249
34.104,0.700752,0.247285,0.586289,0.293543
34.114,0.703675,0.246992,0.586888,0.299526
34.125,0.708407,0.254692,0.587999,0.302043
34.135,0.703651,0.253585,0.587667,0.292349
34.145,0.688789,0.246856,0.577022,0.283792
34.155,0.686958,0.241472,0.569946,0.297931
34.165,0.68644,0.250664,0.561465,0.305163
34.175,0.683368,0.249107,0.559858,0.302484
34.185,0.679064,0.249335,0.557604,0.29671
34.195,0.679489,0.246891,0.556898,0.301023
34.205,0.685189,0.247059,0.563489,0.301541
34.215,0.688177,0.253624,0.564268,0.301436
34.224,0.682009,0.255173,0.558565,0.296694
34.234,0.661595,0.249742,0.538796,0.29161
34.244,0.658111,0.23868,0.537955,0.294527
34.254,0.66567,0.240212,0.541442,0.303736
34.264,0.668372,0.24238,0.542844,0.305438
34.274,0.673068,0.243939,0.544575,0.311372
34.284,0.69357,0.246446,0.565605,0.316852
34.294,0.741148,0.248314,0.623887,0.313696
34.304,0.738604,0.248677,0.626069,0.302876
34.314,0.730482,0.249291,0.618483,0.298222
34.324,0.721938,0.248877,0.60841,0.298482
34.334,0.714036,0.246959,0.601294,0.295473
34.344,0.706087,0.246534,0.592019,0.295454
34.354,0.704429,0.246235,0.590394,0.294997
34.364,0.702246,0.241346,0.591371,0.291859
34.374,0.706621,0.244306,0.595792,0.290965
34.385,0.707924,0.243576,0.596912,0.292442
34.394,0.710743,0.243849,0.594852,0.303059
34.405,0.716522,0.252827,0.593681,0.31149
34.414,0.746926,0.252904,0.623845,0.323658
34.424,0.753618,0.255889,0.635567,0.313872
34.434,0.748054,0.261616,0.628781,0.309478
34.444,0.709783,0.261737,0.580696,0.313173
34.454,0.719767,0.249637,0.598067,0.313148
34.464,0.738821,0.250225,0.620546,0.313315
34.474,0.739175,0.249739,0.621305,0.313035
34.484,0.741982,0.249943,0.625388,0.311377
34.494,0.748962,0.254051,0.635244,0.30474
34.504,0.751943,0.248884,0.639139,0.308183
34.514,0.756218,0.249506,0.643031,0.310038
34.525,0.754888,0.254515,0.639128,0.310794
34.535,0.745726,0.255622,0.6304,0.305549
34.545,0.751755,0.256135,0.637239,0.305709
34.555,0.751812,0.256153,0.637613,0.305052
34.565,0.745356,0.255972,0.626703,0.311892
34.575,0.75584,0.253311,0.639239,0.313847
34.585,0.763437,0.255226,0.647228,0.314312
34.595,0.767732,0.25572,0.649558,0.319523
34.605,0.770665,0.255733,0.649792,0.326031
34.615,0.773708,0.257016,0.65654,0.318626
34.624,0.773576,0.248596,0.658903,0.320103
34.634,0.772946,0.247087,0.659045,0.319459
34.644,0.772539,0.246729,0.658791,0.319274
34.654,0.750863,0.248151,0.638495,0.307473
34.664,0.752922,0.241242,0.642121,0.310442
34.674,0.753978,0.255343,0.638934,0.308297
34.684,0.757465,0.254636,0.643591,0.307741
34.694,0.77514,0.255175,0.665373,0.304969
34.705,0.77206,0.255585,0.660637,0.307102
34.715,0.771966,0.248923,0.663148,0.306926
34.725,0.772793,0.247303,0.664424,0.307557
34.735,0.772817,0.247353,0.664391,0.307647
34.745,0.771336,0.244536,0.664389,0.306185
34.755,0.767509,0.245066,0.665485,0.2935
34.765,0.76755,0.245445,0.662048,0.300969
34.775,0.772229,0.246174,0.6697,0.295359
34.785,0.766414,0.23754,0.666499,0.294523
34.795,0.715021,0.236389,0.605056,0.298801
34.805,0.716809,0.23324,0.602622,0.310259
34.815,0.719152,0.229652,0.604545,0.314587
34.825,0.72851,0.229085,0.613995,0.31821
34.835,0.74391,0.22772,0.632455,0.318662
34.845,0.74433,0.226977,0.633243,0.318609
34.855,0.748508,0.229019,0.637452,0.318542
34.865,0.746836,0.225116,0.636727,0.31885
34.875,0.751284,0.223786,0.633968,0.33531
34.885,0.756161,0.233651,0.636691,0.334381
34.895,0.754885,0.233223,0.639898,0.32556
34.905,0.748517,0.221807,0.639529,0.319503
34.915,0.713291,0.222208,0.606074,0.303451
34.925,0.70416,0.216724,0.597231,0.303624
34.935,0.706956,0.211459,0.596746,0.31459
34.945,0.712478,0.213566,0.604128,0.311517
34.955,0.716505,0.216694,0.605613,0.315683
34.965,0.696368,0.214988,0.580322,0.319272
34.975,0.703143,0.214433,0.582202,0.330862
34.985,0.704512,0.212545,0.581883,0.33552
34.995,0.696007,0.206582,0.573686,0.33561
35.005,0.692139,0.205209,0.568872,0.336647
35.015,0.688137,0.202459,0.565779,0.335316
35.025,0.68344,0.200453,0.561031,0.334892
35.035,0.683073,0.203225,0.557249,0.338766
35.045,0.690635,0.20012,0.567949,0.338176
35.055,0.705135,0.200014,0.58455,0.339869
35.065,0.709195,0.205634,0.584375,0.345222
35.075,0.696341,0.208102,0.570389,0.340942
35.085,0.702144,0.210096,0.573543,0.346286
35.095,0.709054,0.208886,0.584586,0.342614
35.105,0.70723,0.211444,0.584325,0.337683
35.115,0.719734,0.210693,0.601923,0.333639
35.125,0.712902,0.212451,0.595708,0.328977
35.135,0.721436,0.212507,0.605132,0.330343
35.145,0.732141,0.212558,0.615271,0.3351
35.155,0.727585,0.211305,0.610894,0.333975
35.165,0.729356,0.223123,0.612454,0.327226
35.175,0.725878,0.205995,0.615785,0.324459
35.185,0.764085,0.205955,0.66012,0.32504
35.195,0.750638,0.214353,0.643479,0.321629
35.205,0.750685,0.215356,0.644069,0.319882
35.215,0.755212,0.21856,0.645996,0.324447
35.225,0.763097,0.21848,0.653395,0.328114
35.235,0.774767,0.222953,0.664387,0.330373
35.245,0.781373,0.240169,0.666501,0.329604
35.255,0.783861,0.241994,0.668057,0.331024
35.265,0.784114,0.238945,0.671361,0.32713
35.275,0.79424,0.242529,0.667593,0.35541
35.285,0.800097,0.248423,0.670457,0.359065
35.295,0.834525,0.249692,0.712014,0.356541
35.305,0.830215,0.253881,0.706669,0.354148
35.315,0.84093,0.253936,0.722073,0.348269
35.325,0.860305,0.26071,0.737697,0.357712
35.335,0.86769,0.260258,0.746533,0.357548
35.345,0.876201,0.274461,0.747484,0.365603
35.355,0.873468,0.274138,0.744916,0.364547
35.365,0.874475,0.275985,0.745654,0.364059
35.375,0.867056,0.273945,0.743238,0.352617
35.385,0.86335,0.27186,0.740128,0.351676
35.395,0.889104,0.275665,0.764252,0.361156
35.405,0.916587,0.274628,0.793631,0.367235
35.415,0.92169,0.28008,0.797932,0.366569
35.425,0.927707,0.281412,0.799743,0.376641
35.435,0.946992,0.282646,0.815906,0.388847
35.445,0.98566,0.288812,0.852246,0.402232
35.455,0.98887,0.298317,0.854561,0.398241
35.465,0.99017,0.298241,0.857063,0.396147
35.475,0.985437,0.300347,0.8547,0.38777
35.485,0.982987,0.30352,0.851832,0.385385
35.495,0.988288,0.303582,0.855343,0.391075
35.505,0.98752,0.307566,0.85432,0.388248
35.515,0.988078,0.30751,0.854399,0.389535
35.525,1.003831,0.307957,0.869927,0.395051
35.535,1.014146,0.308242,0.879448,0.400062
35.545,1.009796,0.317314,0.869755,0.403144
35.555,1.001002,0.317985,0.861392,0.398617
35.565,0.995402,0.312345,0.861311,0.389112
35.575,0.991239,0.312093,0.857041,0.388115
35.585,0.98486,0.309995,0.853005,0.382406
35.595,0.978462,0.310375,0.846047,0.381129
35.605,0.991823,0.309238,0.862284,0.380198
35.615,0.989784,0.321317,0.853515,0.38463
35.625,1.00591,0.321963,0.869271,0.390591
35.635,1.005583,0.330069,0.865465,0.391435
35.645,0.995349,0.330446,0.855336,0.387204
35.655,0.999771,0.329884,0.860773,0.387027
35.666,0.994132,0.323364,0.857553,0.385146
35.675,0.988658,0.323196,0.850896,0.385958
35.685,0.966156,0.322878,0.824518,0.386493
35.695,0.966408,0.318445,0.826224,0.38716
35.705,0.964978,0.324006,0.823954,0.383799
35.715,0.964393,0.321625,0.825579,0.380828
35.725,0.964101,0.327607,0.82324,0.380054
35.735,0.961836,0.324301,0.821093,0.381791
35.745,0.959762,0.313519,0.822599,0.382336
35.755,0.960968,0.31093,0.825769,0.380643
35.765,0.960145,0.310579,0.823238,0.384314
35.775,0.95615,0.307438,0.828419,0.365277
35.785,0.948108,0.302461,0.825041,0.355996
35.795,0.930459,0.30825,0.802791,0.355335
35.805,0.941071,0.310056,0.815096,0.353693
35.815,0.927473,0.311742,0.798493,0.354164
35.825,0.903933,0.307861,0.776239,0.346076
35.835,0.88502,0.306675,0.754548,0.34622
35.845,0.875556,0.293901,0.752704,0.337131
35.855,0.874701,0.294291,0.751782,0.336629
35.865,0.872988,0.293158,0.750388,0.336279
35.875,0.874495,0.296772,0.750835,0.336027
35.885,0.880544,0.295618,0.756073,0.341058
35.895,0.856894,0.297238,0.730956,0.334096
35.905,0.842383,0.301417,0.710189,0.338214
35.915,0.846484,0.299115,0.715281,0.339763
35.925,0.838574,0.296296,0.71234,0.328613
35.935,0.816265,0.293556,0.697487,0.305985
35.945,0.76185,0.28621,0.64594,0.285063
35.955,0.739323,0.274378,0.62467,0.284784
35.965,0.753883,0.274763,0.641303,0.285613
35.975,0.778641,0.278574,0.657589,0.310251
35.985,0.786031,0.285794,0.663511,0.309709
35.995,0.790161,0.289603,0.667723,0.30762
36.005,0.787403,0.281684,0.667323,0.308767
36.015,0.804345,0.28211,0.688398,0.305769
36.025,0.781653,0.280173,0.664395,0.301766
36.035,0.767545,0.274797,0.655187,0.290417
36.045,0.763163,0.26845,0.653729,0.288081
36.055,0.761251,0.267555,0.65042,0.291327
36.065,0.77842,0.272096,0.657302,0.316
36.075,0.80255,0.275714,0.683314,0.318043
36.085,0.802573,0.287768,0.678364,0.318019
36.095,0.801474,0.283132,0.677264,0.32173
36.105,0.802324,0.283088,0.676131,0.326239
36.116,0.788145,0.273122,0.66546,0.322085
36.125,0.775711,0.276708,0.654089,0.311975
36.135,0.778901,0.271517,0.659064,0.314006
36.145,0.784609,0.271907,0.661685,0.32226
36.155,0.796195,0.280572,0.668546,0.329017
36.165,0.821532,0.307114,0.687894,0.327717
36.175,0.826857,0.312436,0.687931,0.335898
36.185,0.821079,0.314395,0.676787,0.342471
36.195,0.83291,0.316228,0.681264,0.360025
36.205,0.835389,0.317258,0.682527,0.362463
36.215,0.859383,0.315702,0.710429,0.366282
36.225,0.858693,0.317932,0.707746,0.367924
36.235,0.856841,0.315866,0.708546,0.363824
36.246,0.854006,0.316516,0.699853,0.373296
36.255,0.849706,0.317527,0.694347,0.372908
36.265,0.851242,0.326676,0.694411,0.36836
36.275,0.838668,0.328116,0.680967,0.363301
36.286,0.837004,0.328111,0.674141,0.372093
36.295,0.819032,0.325761,0.652864,0.372105
36.306,0.826089,0.319778,0.665989,0.369626
36.316,0.842821,0.318776,0.686511,0.370718
36.325,0.843605,0.316802,0.68976,0.368153
36.335,0.858036,0.315726,0.700912,0.381137
36.345,0.864243,0.315841,0.702055,0.392783
36.355,0.870419,0.315427,0.708153,0.395795
36.365,0.878754,0.317261,0.717243,0.396379
36.375,0.922404,0.315065,0.760454,0.41626
36.385,0.935611,0.324705,0.774681,0.412073
36.395,0.945196,0.328194,0.786345,0.409079
36.405,0.929419,0.325235,0.773509,0.399657
36.416,0.922773,0.325728,0.765537,0.399205
36.426,0.929827,0.326806,0.77572,0.395012
36.436,0.927597,0.326769,0.773234,0.394673
36.446,0.927343,0.327106,0.772962,0.39433
36.456,0.927617,0.326817,0.773402,0.394353
36.466,0.922217,0.332109,0.763637,0.39629
36.476,0.914898,0.32762,0.765832,0.378424
36.486,0.91739,0.319334,0.770786,0.38147
36.496,0.915421,0.316339,0.771196,0.378395
36.506,0.919237,0.327766,0.771396,0.377512
36.516,0.908796,0.328675,0.75797,0.378635
36.526,0.908482,0.32819,0.758849,0.376534
36.535,0.917383,0.328551,0.77069,0.373742
36.545,0.919587,0.327183,0.773031,0.375519
36.555,0.920028,0.327285,0.772079,0.378459
36.566,0.902695,0.324821,0.765282,0.351701
36.575,0.887699,0.321056,0.749098,0.351831
36.586,0.88265,0.312002,0.746055,0.353735
36.595,0.880234,0.312022,0.746029,0.347701
36.606,0.880825,0.314429,0.742029,0.355499
36.616,0.888756,0.31254,0.751875,0.356216
36.626,0.887113,0.312071,0.750178,0.356111
36.636,0.887291,0.315875,0.75162,0.350107
36.646,0.887076,0.316102,0.752502,0.347454
36.656,0.883683,0.31385,0.749106,0.348185
36.666,0.863479,0.296787,0.731708,0.349452
36.676,0.861577,0.291714,0.733072,0.346156
36.686,0.857348,0.290159,0.73003,0.343379
36.696,0.846281,0.293708,0.722636,0.328215
36.706,0.840306,0.285869,0.719224,0.327278
36.716,0.817295,0.284444,0.693262,0.326268
36.726,0.811035,0.276875,0.689895,0.324289
36.736,0.80696,0.281239,0.684778,0.321197
36.746,0.81899,0.281715,0.702918,0.311911
36.756,0.831735,0.282543,0.710485,0.327358
36.766,0.841732,0.273762,0.725361,0.327749
36.776,0.860531,0.275521,0.741809,0.338115
36.786,0.859682,0.282852,0.741001,0.331611
36.796,0.877498,0.278949,0.759816,0.338925
36.806,0.860797,0.278023,0.739608,0.341546
36.816,0.850407,0.28007,0.727283,0.340312
36.826,0.854513,0.287415,0.723896,0.351511
36.836,0.859276,0.289805,0.724025,0.360772
36.846,0.86618,0.29705,0.737059,0.344636
36.856,0.865525,0.305733,0.733624,0.34272
36.866,0.861136,0.302049,0.730557,0.341479
36.876,0.833812,0.303751,0.706282,0.322712
36.886,0.818123,0.287616,0.686584,0.339419
36.896,0.816017,0.301168,0.677983,0.339883
36.906,0.824211,0.300753,0.686468,0.342976
36.916,0.852961,0.298119,0.71804,0.350835
36.926,0.856797,0.298239,0.721479,0.353021
36.936,0.859477,0.302537,0.722887,0.352996
36.946,0.868265,0.301004,0.727999,0.365099
36.956,0.872477,0.312735,0.728014,0.365251
36.966,0.866621,0.30575,0.723858,0.365484
36.976,0.85548,0.307575,0.71123,0.362487
36.986,0.858741,0.306285,0.716499,0.360908
36.996,0.853037,0.315641,0.705883,0.36024
37.006,0.849064,0.306274,0.70559,0.359511
37.016,0.858462,0.305513,0.70961,0.374262
37.026,0.864471,0.307399,0.716161,0.374071
37.036,0.86051,0.307494,0.711793,0.373197
37.046,0.858595,0.305239,0.711371,0.371438
37.056,0.860405,0.31341,0.711041,0.369448
37.066,0.89509,0.318109,0.746923,0.37696
37.076,0.896976,0.319298,0.746959,0.380351
37.086,0.89828,0.320038,0.744716,0.387145
37.096,0.913277,0.322991,0.76125,0.387621
37.106,0.908778,0.338044,0.752799,0.380654
37.116,0.905995,0.337901,0.748854,0.381928
37.126,0.909672,0.332916,0.748669,0.395175
37.132,0.911701,0.334719,0.746372,0.402605
37.145,0.914561,0.341971,0.746239,0.403244
37.155,0.908045,0.336584,0.737996,0.408189
37.165,0.94504,0.331239,0.779423,0.41938
37.175,0.955718,0.330728,0.789084,0.425867
37.185,0.959202,0.341134,0.789085,0.425488
37.195,0.96755,0.335039,0.801977,0.42513
37.205,0.968707,0.340473,0.801909,0.423572
37.215,0.969382,0.341711,0.800502,0.426769
37.225,0.987779,0.344162,0.800686,0.464931
37.235,0.989154,0.345165,0.800442,0.467524
37.245,0.995846,0.345418,0.788626,0.500464
37.255,0.982971,0.343765,0.782091,0.486203
37.265,0.98154,0.345725,0.774691,0.493708
37.275,0.990965,0.342359,0.791662,0.487927
37.285,0.990153,0.345923,0.789954,0.486531
37.295,0.995,0.348591,0.791681,0.491682
37.305,1.008263,0.350154,0.793992,0.513384
37.315,1.010992,0.357308,0.794038,0.513751
37.325,1.003568,0.354868,0.79315,0.502125
37.335,0.996531,0.354196,0.789052,0.494992
37.345,0.98808,0.349027,0.77867,0.498152
37.355,1.02186,0.346692,0.816924,0.506593
37.365,1.0268,0.354433,0.818644,0.508447
37.375,1.036563,0.356004,0.829635,0.509342
37.385,1.036727,0.359495,0.828058,0.509791
37.395,1.038679,0.344393,0.825069,0.528686
37.405,1.035661,0.354867,0.819281,0.524826
37.415,1.03114,0.35938,0.810149,0.527024
37.425,1.030057,0.359044,0.808833,0.527156
37.435,1.035179,0.373378,0.80801,0.528493
37.445,1.02459,0.373321,0.803085,0.515238
37.455,1.021344,0.362859,0.805078,0.513154
37.465,1.031191,0.365047,0.816063,0.513943
37.475,1.043244,0.377273,0.819232,0.524291
37.485,1.035606,0.380072,0.807508,0.525314
37.495,1.034638,0.373436,0.809343,0.525343
37.505,1.042907,0.376889,0.81228,0.534612
37.515,1.051758,0.380982,0.806839,0.556829
37.525,1.049361,0.379892,0.800446,0.562252
37.535,1.053235,0.381822,0.804906,0.56182
37.545,1.106507,0.384353,0.859773,0.580879
37.555,1.108364,0.391987,0.861168,0.57724
37.565,1.082506,0.387803,0.830849,0.575429
37.575,1.07974,0.386491,0.832332,0.568934
37.585,1.077988,0.391092,0.832433,0.562282
37.595,1.063562,0.388959,0.815447,0.561178
37.605,1.070068,0.377054,0.822019,0.571979
37.615,1.061736,0.377054,0.808795,0.575294
37.625,1.063641,0.377938,0.812725,0.57269
37.635,1.085578,0.373955,0.840328,0.576617
37.645,1.090239,0.367949,0.837952,0.592512
37.655,1.097324,0.367941,0.850612,0.587535
37.665,1.07243,0.369127,0.81625,0.589565
37.675,1.063788,0.369607,0.808786,0.583866
37.685,1.087577,0.363386,0.83941,0.588358
37.695,1.082395,0.363177,0.832559,0.588665
37.705,1.091241,0.358306,0.835868,0.603116
37.715,1.089867,0.357385,0.834448,0.603144
37.725,1.083292,0.356515,0.843836,0.578238
37.735,1.087249,0.355074,0.85041,0.576919
37.745,1.071634,0.358221,0.847293,0.549701
37.755,1.074413,0.366827,0.845778,0.55178
37.765,1.066363,0.364374,0.841121,0.544864
37.775,1.037978,0.367448,0.806926,0.539678
37.785,1.040584,0.356654,0.815106,0.539643
37.795,1.038834,0.35697,0.820203,0.528218
37.805,1.044404,0.357232,0.839107,0.508982
37.815,1.043401,0.355756,0.839569,0.507194
37.825,1.040733,0.353974,0.839687,0.502746
37.835,1.04984,0.366607,0.844976,0.503765
37.845,1.04659,0.369477,0.841508,0.500702
37.855,1.009305,0.366513,0.800534,0.493467
37.865,1.001016,0.35903,0.792121,0.495656
37.875,1.015175,0.357663,0.801587,0.510016
37.885,1.043621,0.364502,0.836172,0.507051
37.895,1.05056,0.363555,0.860403,0.480843
37.905,1.045523,0.354271,0.858949,0.479393
37.915,1.036524,0.358823,0.847063,0.47761
37.925,1.026507,0.358888,0.834993,0.477181
37.935,1.020624,0.342371,0.83522,0.476301
37.945,1.029177,0.34269,0.845745,0.475904
37.955,1.038045,0.347341,0.853644,0.477685
37.965,1.03758,0.345079,0.85466,0.476495
37.975,1.015995,0.331659,0.846684,0.453183
37.985,1.01339,0.328396,0.846756,0.449577
37.995,1.013254,0.331911,0.845625,0.448817
38.005,1.008343,0.329377,0.84158,0.447225
38.015,0.999237,0.323422,0.841832,0.430338
38.025,0.996126,0.326908,0.839687,0.424645
38.035,0.98632,0.324187,0.828711,0.425403
38.045,0.949919,0.321696,0.798456,0.401654
38.055,0.951196,0.302479,0.807695,0.401135
38.065,0.953709,0.303449,0.810472,0.400768
38.075,0.952822,0.304623,0.809178,0.400383
38.085,0.950651,0.30264,0.808977,0.397117
38.095,0.949758,0.30271,0.808577,0.395739
38.105,0.93786,0.298583,0.803318,0.380934
38.115,0.93936,0.301239,0.805134,0.378697
38.126,0.934341,0.296631,0.801516,0.37759
38.135,0.903649,0.299747,0.769708,0.366448
38.146,0.891432,0.302002,0.77029,0.331813
38.156,0.877469,0.302177,0.751969,0.336426
38.166,0.884067,0.300373,0.761734,0.333333
38.176,0.884411,0.30016,0.763203,0.331071
38.186,0.850164,0.295801,0.727487,0.325644
38.196,0.849895,0.298094,0.727156,0.323581
38.206,0.836319,0.297896,0.720809,0.301865
38.216,0.849107,0.299863,0.73319,0.305774
38.226,0.853035,0.298042,0.735557,0.31272
38.235,0.858281,0.302568,0.739889,0.31251
38.245,0.861271,0.299236,0.744124,0.313887
38.255,0.857223,0.289779,0.745386,0.30864
38.265,0.85805,0.289981,0.745289,0.310973
38.275,0.864531,0.285536,0.753541,0.313145
38.285,0.858301,0.286613,0.74551,0.314243
38.295,0.843384,0.283019,0.728396,0.31723
38.305,0.82177,0.280743,0.705361,0.31457
38.315,0.83542,0.273062,0.722077,0.319324
38.325,0.846604,0.280992,0.731626,0.320164
38.336,0.828015,0.263295,0.71711,0.319434
38.346,0.828886,0.261888,0.718457,0.319823
38.356,0.82726,0.259381,0.717143,0.320604
38.366,0.829871,0.259382,0.72293,0.314292
38.376,0.787085,0.256637,0.690056,0.278321
38.386,0.738425,0.242058,0.642542,0.271695
38.396,0.733439,0.242406,0.637067,0.270772
38.406,0.740975,0.251316,0.6419,0.27175
38.416,0.735861,0.242485,0.638317,0.274307
38.426,0.736669,0.244402,0.639889,0.271094
38.435,0.737968,0.24006,0.643078,0.270959
38.446,0.730284,0.242185,0.6328,0.272443
38.456,0.713174,0.235903,0.616214,0.270642
38.466,0.705309,0.237857,0.605488,0.272522
38.476,0.729111,0.241732,0.6302,0.275711
38.486,0.782747,0.242795,0.686496,0.28717
38.495,0.795239,0.257569,0.69421,0.290061
38.506,0.794325,0.259663,0.69526,0.283093
38.515,0.789273,0.260524,0.695243,0.267799
38.526,0.786899,0.253212,0.69415,0.270645
38.536,0.783053,0.249004,0.688279,0.278283
38.546,0.76672,0.247869,0.676704,0.26171
38.556,0.75666,0.252114,0.662603,0.264441
38.566,0.756319,0.251658,0.661738,0.266063
38.576,0.763927,0.249492,0.668923,0.27181
38.586,0.764958,0.247637,0.670731,0.27195
38.596,0.769738,0.248729,0.675802,0.271887
38.606,0.772714,0.250394,0.678573,0.271897
38.616,0.779551,0.246656,0.684061,0.280927
38.626,0.782199,0.247061,0.687062,0.280609
38.636,0.802682,0.237922,0.713749,0.27974
38.646,0.810282,0.236131,0.722342,0.281107
38.656,0.812652,0.236825,0.727998,0.272647
38.666,0.802916,0.238147,0.718038,0.26904
38.676,0.827263,0.240148,0.738118,0.286138
38.686,0.873522,0.246484,0.782092,0.30103
38.696,0.895591,0.249076,0.80528,0.302601
38.706,0.899726,0.252113,0.808896,0.302709
38.716,0.884923,0.254005,0.795316,0.293331
38.726,0.868918,0.254356,0.778455,0.290395
38.736,0.860007,0.250625,0.768778,0.29288
38.746,0.855212,0.246065,0.766034,0.289882
38.756,0.855951,0.246645,0.765277,0.293547
38.766,0.863263,0.246587,0.772778,0.295351
38.776,0.854169,0.246583,0.762174,0.296467
38.786,0.857568,0.242641,0.766334,0.298797
38.796,0.871802,0.250696,0.778535,0.301783
38.806,0.864208,0.257047,0.772463,0.289969
38.816,0.849838,0.264929,0.75447,0.28777
38.826,0.839797,0.259698,0.74433,0.289462
38.836,0.83875,0.257056,0.744021,0.289582
38.846,0.837316,0.256946,0.743454,0.286971
38.856,0.838969,0.258031,0.744404,0.288362
38.866,0.837453,0.259123,0.737322,0.300899
38.876,0.863967,0.260293,0.764308,0.307441
38.886,0.909218,0.264542,0.810765,0.315207
38.896,0.897586,0.266129,0.797227,0.315065
38.906,0.892557,0.262102,0.792982,0.314864
38.916,0.899387,0.257563,0.801463,0.316568
38.926,0.926485,0.260695,0.830613,0.317009
38.936,0.936087,0.272657,0.836422,0.319868
38.946,0.936595,0.275255,0.835485,0.321575
38.956,0.936576,0.272446,0.836702,0.320746
38.966,0.935062,0.272381,0.835432,0.319692
38.976,0.917843,0.269713,0.819517,0.313182
38.986,0.878036,0.267472,0.778656,0.305125
38.996,0.862683,0.252841,0.767135,0.302978
39.006,0.860983,0.248551,0.766644,0.302938
39.016,0.866499,0.248194,0.771999,0.305349
39.026,0.86632,0.251092,0.771801,0.302965
39.036,0.866815,0.252206,0.775597,0.293615
39.046,0.865966,0.251092,0.771677,0.302264
39.056,0.88171,0.250954,0.788355,0.304846
39.066,0.881404,0.259484,0.786689,0.301102
39.076,0.873726,0.260642,0.77927,0.296986
39.086,0.87625,0.259649,0.782502,0.296794
39.096,0.871736,0.256117,0.778682,0.296618
39.106,0.864871,0.250701,0.772095,0.298363
39.116,0.856192,0.247532,0.766844,0.289385
39.126,0.850334,0.246864,0.759659,0.291625
39.136,0.843219,0.250527,0.748356,0.297015
39.146,0.852109,0.254948,0.757632,0.295103
39.156,0.84816,0.254168,0.752685,0.297051
39.166,0.872863,0.253263,0.777863,0.304429
39.176,0.873776,0.257056,0.778364,0.302583
39.186,0.835575,0.258982,0.740413,0.287928
39.196,0.80669,0.253415,0.710607,0.285598
39.206,0.812692,0.249349,0.718808,0.285672
39.216,0.818797,0.247573,0.726338,0.285603
39.226,0.819189,0.247161,0.727157,0.285
39.236,0.820652,0.248009,0.72914,0.283402
39.246,0.822364,0.25236,0.728085,0.28721
39.256,0.827852,0.252256,0.731092,0.295313
39.266,0.823917,0.26487,0.723624,0.291638
39.276,0.822287,0.266542,0.723442,0.285907
39.286,0.832831,0.266485,0.73606,0.284266
39.296,0.82977,0.264462,0.733679,0.28336
39.306,0.826521,0.26206,0.730916,0.283238
39.316,0.831427,0.256841,0.738441,0.282858
39.326,0.830985,0.257368,0.73788,0.282544
39.336,0.830156,0.256146,0.737465,0.2823
39.346,0.830689,0.256009,0.737419,0.284108
39.356,0.849292,0.254322,0.75776,0.287083
39.366,0.877337,0.25464,0.79334,0.274754
39.376,0.857487,0.261334,0.771933,0.26666
39.386,0.807139,0.259811,0.718857,0.25926
39.396,0.808207,0.254177,0.721917,0.259668
39.406,0.813826,0.254222,0.728036,0.260095
39.416,0.805265,0.25545,0.719537,0.255858
39.426,0.774013,0.251915,0.683613,0.261358
39.436,0.761577,0.242423,0.670248,0.268323
39.446,0.767979,0.241219,0.677657,0.269046
39.456,0.767769,0.243627,0.676552,0.269057
39.466,0.768662,0.244274,0.677063,0.269736
39.476,0.777441,0.243775,0.682606,0.281134
39.486,0.789144,0.249669,0.693084,0.282926
39.496,0.798146,0.25432,0.702198,0.281561
39.506,0.798628,0.255759,0.702226,0.281553
39.516,0.792607,0.255747,0.696346,0.279143
39.526,0.795076,0.253153,0.699945,0.279528
39.536,0.798008,0.251705,0.703714,0.279728
39.546,0.798751,0.25153,0.707176,0.2732
39.556,0.803234,0.248493,0.713539,0.272578
39.566,0.811452,0.248516,0.722982,0.272015
39.576,0.812755,0.251942,0.722885,0.273009
39.586,0.823949,0.251949,0.735118,0.27389
39.596,0.837203,0.253187,0.749369,0.27432
39.606,0.839514,0.25473,0.751111,0.27519
39.616,0.839361,0.255471,0.750256,0.276364
39.626,0.839673,0.255773,0.749616,0.278758
39.636,0.825066,0.251076,0.735113,0.278034
39.646,0.810729,0.244844,0.721192,0.277875
39.656,0.819965,0.248419,0.727078,0.286335
39.666,0.798009,0.249075,0.703916,0.281572
39.676,0.779823,0.248198,0.688889,0.268243
39.686,0.766585,0.241465,0.676061,0.268866
39.696,0.776476,0.236681,0.686552,0.27485
39.706,0.777732,0.240231,0.684684,0.279936
39.716,0.771558,0.243381,0.676522,0.279974
39.726,0.777919,0.243431,0.683478,0.280636
39.736,0.781092,0.243249,0.687656,0.279397
39.746,0.77805,0.238995,0.687674,0.274497
39.756,0.771356,0.23823,0.683903,0.265541
39.766,0.769398,0.223715,0.686606,0.265514
39.776,0.776548,0.225276,0.693769,0.266388
39.786,0.758433,0.224745,0.673325,0.267103
39.796,0.748998,0.226847,0.664146,0.261626
39.806,0.747104,0.220857,0.664144,0.261342
39.816,0.744304,0.229728,0.657812,0.261719
39.826,0.744243,0.229286,0.658512,0.260169
39.836,0.746207,0.229538,0.659757,0.262409
39.846,0.748521,0.229727,0.660914,0.2659
39.856,0.727713,0.233936,0.637647,0.261238
39.866,0.695086,0.232828,0.601223,0.259744
39.876,0.688552,0.22637,0.594918,0.262552
39.886,0.692383,0.227298,0.599913,0.260451
39.896,0.719417,0.227802,0.630907,0.260045
39.906,0.716258,0.232438,0.626461,0.257962
39.916,0.715764,0.236328,0.624473,0.257877
39.926,0.722202,0.236235,0.634072,0.252432
39.936,0.740004,0.235351,0.65925,0.240011
39.946,0.736897,0.246557,0.653851,0.233893
39.957,0.741873,0.242928,0.655786,0.2476
39.966,0.748966,0.241541,0.661711,0.254453
39.976,0.731223,0.241533,0.646276,0.242232
39.986,0.722821,0.237861,0.635776,0.248356
39.997,0.71081,0.233345,0.623205,0.249831
40.006,0.712759,0.232967,0.623232,0.255604
40.017,0.718121,0.234067,0.623216,0.26928
40.026,0.723891,0.236499,0.627351,0.272978
40.036,0.723937,0.237329,0.62282,0.282587
40.046,0.720596,0.240733,0.617706,0.282393
40.056,0.698362,0.240509,0.592043,0.281691
40.066,0.686108,0.232375,0.576515,0.290477
40.076,0.687693,0.227688,0.576349,0.298165
40.086,0.673495,0.226536,0.556432,0.304401
40.096,0.657385,0.225432,0.537866,0.303374
40.106,0.661255,0.224973,0.534529,0.317686
40.116,0.68439,0.225466,0.555396,0.330287
40.126,0.68768,0.225386,0.563629,0.323153
40.137,0.689907,0.228045,0.562737,0.327558
40.147,0.693301,0.227741,0.56123,0.337374
40.157,0.683046,0.221543,0.555821,0.329444
40.167,0.675402,0.219158,0.547743,0.328809
40.177,0.664595,0.214929,0.536001,0.32893
40.187,0.676192,0.212626,0.537859,0.350334
40.197,0.674686,0.213881,0.534757,0.351412
40.207,0.65966,0.21087,0.522397,0.343201
40.217,0.661383,0.205077,0.52371,0.347993
40.227,0.658091,0.205141,0.513163,0.357303
40.237,0.650599,0.206359,0.50608,0.352957
40.246,0.657134,0.208229,0.507261,0.362149
40.256,0.658399,0.208245,0.506821,0.365042
40.266,0.659065,0.208266,0.50726,0.365621
40.276,0.64692,0.205696,0.497104,0.359279
40.286,0.648887,0.205072,0.498078,0.361826
40.296,0.651871,0.199816,0.504307,0.361502
40.306,0.65333,0.200133,0.506297,0.361179
40.317,0.651338,0.196216,0.505268,0.361172
40.326,0.649334,0.197215,0.506535,0.355194
40.337,0.652994,0.197234,0.518389,0.344635
40.347,0.659537,0.196509,0.525702,0.346424
40.357,0.656036,0.192698,0.521276,0.3486
40.367,0.646762,0.193954,0.515602,0.338877
40.377,0.655408,0.189657,0.518771,0.352798
40.387,0.652033,0.194556,0.514342,0.350353
40.397,0.619702,0.195526,0.472171,0.350507
40.407,0.626894,0.184954,0.487389,0.348197
40.417,0.621719,0.1805,0.487571,0.340925
40.427,0.640349,0.178544,0.51303,0.339071
40.437,0.643643,0.177981,0.515135,0.342397
40.447,0.637635,0.163393,0.511255,0.344238
40.457,0.651936,0.165735,0.528279,0.344201
40.467,0.676437,0.174584,0.563734,0.330592
40.477,0.676307,0.177847,0.564439,0.327369
40.487,0.686387,0.174447,0.574512,0.332613
40.497,0.680172,0.174713,0.574783,0.318959
40.507,0.681808,0.173748,0.576666,0.319579
40.517,0.686597,0.1728,0.578061,0.327719
40.527,0.674561,0.1702,0.572331,0.31385
40.537,0.671814,0.169355,0.568761,0.314903
40.547,0.666692,0.16434,0.564108,0.315043
40.557,0.67694,0.164938,0.566827,0.331287
40.567,0.681689,0.165459,0.570827,0.333886
40.577,0.688847,0.168091,0.577264,0.336188
40.587,0.69137,0.16884,0.577836,0.339987
40.597,0.69571,0.174036,0.582725,0.337869
40.607,0.701786,0.179512,0.589548,0.335726
40.617,0.688004,0.177578,0.574697,0.333974
40.627,0.684818,0.178266,0.568253,0.338061
40.637,0.691331,0.174431,0.576326,0.339648
40.647,0.707132,0.176814,0.589789,0.347738
40.657,0.707234,0.177997,0.591121,0.345069
40.667,0.715536,0.178642,0.595621,0.353997
40.677,0.711446,0.179266,0.594317,0.347572
40.687,0.706592,0.17937,0.600013,0.327236
40.697,0.70009,0.180151,0.591661,0.328039
40.707,0.701721,0.188692,0.591737,0.326581
40.717,0.706256,0.188708,0.600152,0.320942
40.727,0.709928,0.188733,0.609696,0.310884
40.737,0.71049,0.1906,0.607711,0.314889
40.747,0.71245,0.190283,0.614908,0.305393
40.757,0.733706,0.198449,0.636739,0.30579
40.767,0.736254,0.199162,0.638264,0.308259
40.777,0.743939,0.199284,0.639097,0.324479
40.787,0.742301,0.201337,0.639394,0.318825
40.797,0.732647,0.19947,0.631386,0.313582
40.807,0.733409,0.201329,0.631998,0.312945
40.817,0.735028,0.192363,0.638058,0.310071
40.827,0.775929,0.193101,0.678625,0.322871
40.837,0.791158,0.202455,0.68903,0.331933
40.847,0.791021,0.208187,0.686937,0.332399
40.857,0.798409,0.209029,0.699569,0.323058
40.867,0.801979,0.213468,0.702196,0.323298
40.877,0.797284,0.213506,0.69924,0.318026
40.887,0.792852,0.209028,0.697832,0.312973
40.897,0.794395,0.215357,0.695769,0.317159
40.907,0.787297,0.216126,0.687492,0.316987
40.917,0.796237,0.219424,0.696281,0.317868
40.927,0.776716,0.219529,0.675312,0.314718
40.937,0.756971,0.218802,0.652007,0.316256
40.947,0.755711,0.216854,0.652162,0.314257
40.957,0.743301,0.21837,0.638389,0.311883
40.967,0.734845,0.214332,0.617687,0.335443
40.977,0.769531,0.230498,0.646486,0.348001
40.987,0.783757,0.261986,0.64638,0.357535
40.997,0.799209,0.272758,0.657839,0.362747
41.007,0.803384,0.275348,0.661315,0.363692
41.017,0.802932,0.277573,0.660242,0.362951
41.027,0.801891,0.278307,0.661443,0.357865
41.037,0.808469,0.279142,0.669001,0.357965
41.047,0.824168,0.281419,0.68568,0.360416
41.057,0.825552,0.286295,0.683261,0.364317
41.067,0.84358,0.290914,0.701321,0.367621
41.077,0.858551,0.291369,0.718067,0.369585
41.087,0.87865,0.291651,0.732812,0.387237
41.097,0.891714,0.293735,0.743797,0.394512
41.107,0.910405,0.292552,0.762247,0.402778
41.117,0.912832,0.299892,0.762194,0.402973
41.127,0.912479,0.299851,0.762169,0.40225
41.137,0.906051,0.30196,0.756686,0.396453
41.147,0.900072,0.300165,0.752865,0.39144
41.157,0.904527,0.30884,0.755151,0.390556
41.167,0.925541,0.309641,0.782076,0.386143
41.177,0.927593,0.310645,0.782076,0.390238
41.187,0.931005,0.310782,0.786144,0.390079
41.197,0.931522,0.309272,0.787607,0.389563
41.207,0.932218,0.305558,0.790039,0.389236
41.217,0.94908,0.310326,0.804545,0.396433
41.227,0.983205,0.313742,0.838694,0.406019
41.237,1.006594,0.31546,0.866174,0.404298
41.247,1.006827,0.317278,0.867676,0.400215
41.257,1.010869,0.311601,0.872217,0.404967
41.267,1.04358,0.322211,0.907589,0.401898
41.277,1.04254,0.324763,0.910121,0.391278
41.287,1.042003,0.325883,0.909158,0.391156
41.297,1.043051,0.32678,0.909184,0.393135
41.307,1.042336,0.327443,0.907988,0.39345
41.317,1.041528,0.327823,0.903162,0.402008
41.327,1.01337,0.328434,0.875738,0.390043
41.337,0.998611,0.326524,0.861307,0.38569
41.347,1.000352,0.322996,0.865017,0.384868
41.357,0.993715,0.323534,0.857567,0.383892
41.367,0.999784,0.320924,0.865448,0.384155
41.377,1.00275,0.322114,0.868161,0.384767
41.387,1.005354,0.320307,0.868222,0.39285
41.397,1.019709,0.315221,0.8885,0.388599
41.407,1.016773,0.314577,0.881391,0.397516
41.417,1.019582,0.313809,0.875104,0.418647
41.427,1.019683,0.313846,0.87183,0.425637
41.437,1.017927,0.313926,0.869651,0.425832
41.447,1.026794,0.314019,0.869193,0.447437
41.457,1.036389,0.317899,0.873381,0.458528
41.467,1.039432,0.323971,0.870282,0.466979
41.477,1.014744,0.312627,0.850984,0.455847
41.487,1.010585,0.287637,0.852226,0.460715
41.497,1.037319,0.286537,0.88234,0.464117
41.507,1.045567,0.293341,0.887971,0.467621
41.517,1.05427,0.291411,0.898755,0.467763
41.527,1.056895,0.292141,0.898582,0.473531
41.537,1.055833,0.29544,0.894609,0.476627
41.547,1.051938,0.294442,0.890886,0.475604
41.557,1.05246,0.290417,0.897137,0.467414
41.567,1.038264,0.286557,0.885245,0.460673
41.577,1.026568,0.284285,0.871716,0.461666
41.587,1.038986,0.287416,0.889194,0.454113
41.597,1.034856,0.285926,0.885474,0.45289
41.607,1.022652,0.285849,0.874257,0.446968
41.617,1.02359,0.281134,0.876404,0.447903
41.627,1.024614,0.281433,0.877561,0.44779
41.637,1.030538,0.279734,0.884344,0.449101
41.647,1.028552,0.279741,0.878378,0.456199
41.657,1.044387,0.279233,0.896958,0.456333
41.667,1.022049,0.282607,0.869753,0.45634
41.677,1.019454,0.280695,0.869791,0.451618
41.687,1.012426,0.285471,0.859939,0.451683
41.697,1.022174,0.287292,0.871039,0.451214
41.707,1.022012,0.285952,0.869107,0.455403
41.717,1.027874,0.280354,0.878238,0.454558
41.727,0.99921,0.284094,0.846052,0.44934
41.737,0.992704,0.281412,0.837189,0.453191
41.747,1.004925,0.282206,0.848164,0.459186
41.757,0.990467,0.284588,0.835174,0.45002
41.767,0.96316,0.277297,0.805238,0.449861
41.777,0.962993,0.275368,0.805448,0.450312
41.787,0.961922,0.27279,0.805625,0.449276
41.797,0.962738,0.271819,0.80617,0.450631
41.807,0.985597,0.269956,0.833096,0.452191
41.817,0.985345,0.271594,0.83482,0.447456
41.827,0.986868,0.269693,0.832589,0.456037
41.837,0.99175,0.265364,0.84204,0.451795
41.847,0.986609,0.265266,0.834629,0.454342
41.857,0.985916,0.263732,0.831686,0.459101
41.867,0.98877,0.273444,0.828497,0.465284
41.877,1.005822,0.283858,0.843677,0.468307
41.887,1.004171,0.285518,0.843282,0.464452
41.897,0.98538,0.285037,0.82207,0.462524
41.907,1.001883,0.290909,0.842389,0.457736
41.917,0.990453,0.289684,0.842379,0.432987
41.927,0.99868,0.289799,0.850804,0.435328
41.937,0.99668,0.292469,0.85089,0.428742
41.947,0.990585,0.293814,0.851406,0.412359
41.957,0.999645,0.288317,0.867354,0.404796
41.967,1.00481,0.292375,0.879933,0.38714
41.977,1.00566,0.292921,0.882242,0.383663
41.987,1.01316,0.290966,0.889953,0.387061
41.997,1.001378,0.291255,0.87907,0.381004
42.007,0.999925,0.285471,0.877349,0.385507
42.017,1.000646,0.288172,0.880018,0.379232
42.027,1.013353,0.285442,0.889788,0.392028
42.037,1.012829,0.286659,0.891293,0.386323
42.047,1.010762,0.291025,0.887937,0.385372
42.057,1.016772,0.2905,0.895371,0.384378
42.067,1.014487,0.288829,0.89227,0.386804
42.077,1.00875,0.290972,0.8859,0.384831
42.087,0.987794,0.291126,0.86581,0.375973
42.098,0.978669,0.28678,0.858703,0.371723
42.108,0.97246,0.284686,0.85066,0.375512
42.118,0.971766,0.27993,0.847946,0.383348
42.127,0.971175,0.279624,0.846747,0.38472
42.138,0.965254,0.281464,0.838132,0.387336
42.148,0.9731,0.281423,0.848547,0.384306
42.158,0.957327,0.274054,0.830256,0.389928
42.168,0.95592,0.268903,0.829917,0.390784
42.178,0.965078,0.270237,0.839402,0.392112
42.188,0.976611,0.263842,0.854611,0.392168
42.198,0.985122,0.267254,0.85784,0.403921
42.208,0.983643,0.268796,0.85851,0.39782
42.218,0.957557,0.27079,0.830399,0.392462
42.228,0.969482,0.264616,0.844925,0.394938
42.238,0.949319,0.262516,0.823446,0.39272
42.248,0.93289,0.261681,0.809981,0.381757
42.258,0.941128,0.261377,0.819564,0.38173
42.268,0.936825,0.256867,0.817274,0.379109
42.278,0.935899,0.256947,0.814753,0.382181
42.288,0.936833,0.257596,0.815475,0.382493
42.298,0.942449,0.259006,0.821502,0.38244
42.308,0.922638,0.258362,0.797086,0.386219
42.318,0.922172,0.257355,0.796882,0.3862
42.328,0.920914,0.261499,0.801058,0.371492
42.338,0.915088,0.260207,0.794042,0.373064
42.348,0.91607,0.260811,0.795603,0.371724
42.358,0.919352,0.26067,0.79799,0.374796
42.368,0.910914,0.254088,0.792721,0.369862
42.378,0.902047,0.244816,0.787529,0.365447
42.388,0.911365,0.255867,0.795049,0.364713
42.398,0.920862,0.260251,0.804512,0.364714
42.408,0.933749,0.267085,0.817151,0.364441
42.418,0.957951,0.276874,0.842441,0.362361
42.428,0.94947,0.283113,0.832194,0.358879
42.438,0.951406,0.28603,0.832709,0.360495
42.448,0.95302,0.285022,0.832752,0.365424
42.458,0.931112,0.285642,0.814823,0.348486
42.468,0.90712,0.269893,0.793849,0.346162
42.478,0.932147,0.271439,0.822892,0.343609
42.488,0.932622,0.27455,0.820541,0.348021
42.498,0.908397,0.265549,0.798652,0.341794
42.508,0.900974,0.274607,0.788896,0.337621
42.518,0.891364,0.274384,0.778211,0.337092
42.528,0.879772,0.275619,0.768649,0.327433
42.538,0.87768,0.270218,0.769204,0.325006
42.548,0.869548,0.263958,0.761901,0.325494
42.558,0.878208,0.274609,0.767799,0.326074
42.568,0.882828,0.276314,0.768111,0.336218
42.578,0.885211,0.278385,0.770114,0.336192
42.588,0.881456,0.281519,0.764051,0.337547
42.598,0.877624,0.281757,0.760213,0.336026
42.608,0.88304,0.282027,0.76613,0.33655
42.618,0.900776,0.28665,0.780728,0.345967
42.628,0.915404,0.296297,0.790335,0.354321
42.638,0.916953,0.295332,0.792415,0.354486
42.648,0.944093,0.295186,0.823824,0.354248
42.658,0.950754,0.302834,0.830349,0.350351
42.668,0.952249,0.303167,0.832325,0.349433
42.678,0.947098,0.304425,0.827846,0.344951
42.688,0.937823,0.307474,0.815987,0.345161
42.698,0.920463,0.304488,0.801512,0.33484
42.708,0.922123,0.302883,0.805364,0.331605
42.718,0.928812,0.300941,0.805553,0.351014
42.728,0.921276,0.305958,0.79442,0.352187
42.738,0.921005,0.306725,0.794102,0.351527
42.748,0.952908,0.308678,0.82821,0.356118
42.758,0.949353,0.309805,0.821806,0.360455
42.768,0.952389,0.309238,0.815901,0.381737
42.778,0.962124,0.307902,0.82716,0.382995
42.788,0.988652,0.310982,0.852052,0.393358
42.798,0.986183,0.311863,0.849214,0.392599
42.808,1.037878,0.316064,0.90326,0.401765
42.818,1.070861,0.325591,0.937189,0.403002
42.828,1.073643,0.323268,0.936349,0.414073
42.838,1.072028,0.326517,0.933773,0.413157
42.848,1.09435,0.328584,0.960668,0.40835
42.858,1.1104,0.333947,0.97746,0.40748
42.868,1.111247,0.329547,0.982194,0.401949
42.878,1.115103,0.330146,0.986692,0.401121
42.888,1.108785,0.318026,0.983112,0.402189
42.898,1.103049,0.314385,0.977045,0.404057
42.908,1.075106,0.301735,0.949417,0.404247
42.918,1.065436,0.296802,0.939105,0.406381
42.928,1.067782,0.292998,0.938509,0.416547
42.938,1.067476,0.289826,0.939969,0.414685
42.948,1.06723,0.290046,0.940742,0.412137
42.958,1.062837,0.289986,0.937461,0.408284
42.968,1.059164,0.291548,0.932893,0.40809
42.978,1.033939,0.286829,0.904937,0.409691
42.988,1.039726,0.288127,0.906804,0.41919
42.998,1.050337,0.298312,0.912245,0.426645
43.008,1.050477,0.279773,0.915267,0.433029
43.018,1.050554,0.274576,0.916816,0.433268
43.028,1.046694,0.270987,0.914108,0.431905
43.038,1.045302,0.274699,0.911983,0.430677
43.048,1.059454,0.274595,0.926312,0.434726
43.058,1.056584,0.276592,0.921232,0.437261
43.068,1.054142,0.276332,0.921191,0.431582
43.078,1.052137,0.274072,0.919589,0.431547
43.088,1.047776,0.270983,0.916633,0.429171
43.098,1.046893,0.270282,0.916212,0.428357
43.108,1.040464,0.270382,0.909938,0.425995
43.118,1.025432,0.267225,0.896083,0.420877
43.128,1.009316,0.261142,0.886368,0.406048
43.138,1.0079,0.260586,0.885384,0.405033
43.148,0.975036,0.262023,0.847399,0.404913
43.158,0.971861,0.256624,0.840632,0.414722
43.168,0.989326,0.269025,0.851612,0.425617
43.178,0.99305,0.275073,0.849952,0.433665
43.188,0.991048,0.274548,0.849355,0.430578
43.198,0.98882,0.272277,0.847569,0.430416
43.208,0.990948,0.272404,0.849153,0.432103
43.218,0.990406,0.276688,0.852238,0.421946
43.228,0.977563,0.273712,0.841832,0.414766
43.238,0.980781,0.273294,0.845834,0.414494
43.248,0.947765,0.268024,0.810933,0.410863
43.258,0.931772,0.26624,0.79552,0.40554
43.268,0.928758,0.26769,0.796053,0.396527
43.278,0.921048,0.273873,0.785364,0.395633
43.288,0.91241,0.273546,0.781614,0.383071
43.298,0.912926,0.269874,0.783251,0.38356
43.308,0.857212,0.264861,0.726493,0.369958
43.318,0.823614,0.254702,0.690189,0.370278
43.328,0.841174,0.262452,0.706003,0.374503
43.338,0.842816,0.263298,0.707234,0.375278
43.348,0.846047,0.268235,0.707151,0.379188
43.358,0.826957,0.260948,0.685645,0.381647
43.368,0.829461,0.266176,0.680759,0.392076
43.378,0.805967,0.262219,0.653594,0.391969
43.388,0.801047,0.263892,0.648372,0.389423
43.398,0.806667,0.260321,0.65239,0.39665
43.408,0.813125,0.260318,0.660499,0.396417
43.418,0.807141,0.260746,0.654102,0.394511
43.428,0.810126,0.260868,0.662247,0.386885
43.438,0.816083,0.262028,0.65951,0.402963
43.448,0.815042,0.259958,0.659177,0.402743
43.458,0.826946,0.261591,0.669668,0.4086
43.468,0.837656,0.262507,0.680566,0.411809
43.478,0.848424,0.263037,0.687915,0.421199
43.488,0.825312,0.268126,0.665885,0.40724
43.498,0.81144,0.255114,0.658302,0.399989
43.508,0.812968,0.254808,0.664603,0.392801
43.518,0.810563,0.255941,0.661083,0.393033
43.528,0.813413,0.256144,0.665395,0.391512
43.538,0.818333,0.253978,0.6733,0.389655
43.549,0.797399,0.259222,0.648031,0.385622
43.559,0.77883,0.248444,0.629641,0.385233
43.569,0.781728,0.249079,0.633799,0.383873
43.579,0.785438,0.248214,0.636315,0.387822
43.589,0.799656,0.248348,0.650831,0.392673
43.599,0.81269,0.247587,0.666745,0.393214
43.609,0.811478,0.249517,0.665825,0.391044
43.619,0.818875,0.240722,0.678463,0.390253
43.629,0.820247,0.24006,0.678289,0.393828
43.639,0.828198,0.239939,0.678242,0.410279
43.648,0.825485,0.239362,0.675467,0.409726
43.658,0.829236,0.240648,0.686554,0.397951
43.668,0.805839,0.229355,0.668437,0.387254
43.678,0.803661,0.220348,0.672465,0.38093
43.688,0.803506,0.218048,0.669724,0.386713
43.698,0.817368,0.226561,0.673486,0.403952
43.708,0.813324,0.228182,0.668639,0.402926
43.718,0.805347,0.225935,0.660048,0.402336
43.728,0.80556,0.225788,0.659315,0.404042
43.738,0.803195,0.225945,0.655344,0.405703
43.749,0.814729,0.229074,0.668381,0.405679
43.759,0.814514,0.227741,0.668384,0.405992
43.769,0.828561,0.240751,0.683975,0.400912
43.779,0.83019,0.236002,0.688692,0.399027
43.789,0.817261,0.234582,0.663209,0.415981
43.799,0.817464,0.237131,0.660603,0.419069
43.809,0.812792,0.235139,0.651487,0.425328
43.819,0.806917,0.232126,0.645774,0.42451
43.829,0.779563,0.226623,0.624077,0.408521
43.839,0.781848,0.2339,0.62369,0.409376
43.848,0.747846,0.228842,0.5855,0.405087
43.858,0.745079,0.227107,0.586902,0.398887
43.868,0.755254,0.222922,0.606645,0.390763
43.878,0.764214,0.227689,0.616471,0.390056
43.888,0.768815,0.224663,0.619503,0.396004
43.898,0.762241,0.22648,0.6167,0.386524
43.908,0.765263,0.228496,0.61947,0.386878
43.918,0.757544,0.230774,0.609162,0.386702
43.928,0.750038,0.229982,0.604375,0.379995
43.938,0.749521,0.230037,0.612439,0.365763
43.949,0.772141,0.235634,0.637557,0.366333
43.959,0.779424,0.232721,0.635801,0.386135
43.969,0.819021,0.262158,0.658618,0.410233
43.979,0.813808,0.260298,0.650977,0.413229
43.989,0.810628,0.255295,0.652992,0.406869
43.999,0.810589,0.256111,0.649021,0.412593
44.009,0.806481,0.257095,0.643161,0.413109
44.019,0.841193,0.260186,0.684554,0.413879
44.029,0.850504,0.263777,0.693129,0.416355
44.039,0.853219,0.271063,0.690274,0.421935
44.049,0.854595,0.266957,0.693473,0.422091
44.059,0.854519,0.267712,0.692942,0.422332
44.069,0.861364,0.269508,0.69518,0.431321
44.079,0.867488,0.278148,0.701413,0.428005
44.089,0.85816,0.28016,0.69133,0.424277
44.099,0.849194,0.278284,0.68076,0.424563
44.109,0.865461,0.282935,0.692804,0.434733
44.119,0.869599,0.290937,0.690315,0.441614
44.129,0.870404,0.291111,0.690107,0.443407
44.139,0.864067,0.293908,0.6904,0.428459
44.149,0.86783,0.292757,0.69154,0.434966
44.159,0.858263,0.290694,0.678636,0.43768
44.169,0.856119,0.291418,0.679836,0.431088
44.179,0.854166,0.290625,0.67907,0.428953
44.189,0.854885,0.288966,0.681971,0.426899
44.199,0.840573,0.283611,0.679417,0.405612
44.209,0.842771,0.281538,0.681818,0.407582
44.219,0.853871,0.283794,0.696543,0.404208
44.229,0.859024,0.284694,0.701101,0.406607
44.239,0.858086,0.283996,0.7007,0.405803
44.249,0.856733,0.282482,0.69556,0.412785
44.259,0.87536,0.279487,0.716844,0.417465
44.269,0.857555,0.266076,0.702303,0.413974
44.279,0.860756,0.265309,0.698449,0.427412
44.289,0.860032,0.267558,0.700771,0.420698
44.299,0.872303,0.269139,0.718387,0.415208
44.309,0.872531,0.268857,0.717184,0.417941
44.319,0.871744,0.272818,0.713393,0.420214
44.329,0.887455,0.273355,0.728162,0.427357
44.339,0.893798,0.264983,0.738603,0.427929
44.349,0.88873,0.262834,0.733274,0.427867
44.359,0.887293,0.261935,0.730301,0.43051
44.369,0.871269,0.263474,0.709549,0.431545
44.379,0.867007,0.264589,0.705353,0.429152
44.389,0.864919,0.264614,0.705604,0.424486
44.399,0.864491,0.266985,0.705412,0.422443
44.409,0.856503,0.265192,0.697705,0.420092
44.419,0.866726,0.260825,0.709248,0.424443
44.429,0.870153,0.263972,0.712002,0.424898
44.439,0.863282,0.262041,0.703047,0.426984
44.449,0.850723,0.260968,0.68791,0.427088
44.459,0.837726,0.26194,0.680546,0.412346
44.469,0.790237,0.237069,0.653551,0.37569
44.479,0.785552,0.237591,0.650421,0.370936
44.489,0.786192,0.240869,0.65587,0.360437
44.499,0.790951,0.239806,0.661869,0.360591
44.509,0.785321,0.238207,0.655396,0.36117
44.519,0.750352,0.23583,0.6125,0.363669
44.529,0.761431,0.234483,0.61904,0.376276
44.539,0.759794,0.234687,0.621871,0.368084
44.549,0.756886,0.235685,0.617642,0.368576
44.559,0.760423,0.235002,0.622612,0.367927
44.569,0.759201,0.233954,0.625205,0.361623
44.579,0.751351,0.225415,0.61849,0.362198
44.589,0.748498,0.221437,0.61493,0.364795
44.599,0.76465,0.228471,0.632004,0.364776
44.609,0.753837,0.224206,0.625813,0.355472
44.619,0.736562,0.216564,0.616234,0.340412
44.629,0.735925,0.217139,0.61552,0.339958
44.639,0.734892,0.214853,0.617906,0.334808
44.649,0.729672,0.216619,0.614199,0.329025
44.659,0.731511,0.218325,0.614688,0.331061
44.669,0.74916,0.220039,0.633388,0.33413
44.679,0.747373,0.226087,0.628974,0.334429
44.689,0.742212,0.227881,0.62329,0.332354
44.699,0.74731,0.228381,0.629584,0.33157
44.709,0.746296,0.231682,0.627278,0.331365
44.719,0.735159,0.227218,0.615165,0.332268
44.729,0.745516,0.226092,0.625746,0.336332
44.739,0.774945,0.231695,0.658404,0.336694
44.749,0.764467,0.232176,0.650468,0.327713
44.759,0.760632,0.230903,0.649454,0.321643
44.769,0.757734,0.230288,0.64764,0.318892
44.779,0.749347,0.22992,0.647087,0.299893
44.789,0.738445,0.225825,0.638191,0.294987
44.799,0.732196,0.222539,0.628232,0.30317
44.809,0.735846,0.227973,0.633027,0.297949
44.819,0.733011,0.224146,0.633205,0.293455
44.829,0.718077,0.221661,0.621453,0.283367
44.839,0.723531,0.217713,0.629406,0.282749
44.849,0.725992,0.218906,0.629376,0.288149
44.859,0.727806,0.218945,0.629398,0.292614
44.869,0.72623,0.217252,0.628176,0.292587
44.879,0.725447,0.211927,0.629159,0.292436
44.889,0.733779,0.2142,0.633562,0.30191
44.899,0.755004,0.215837,0.650844,0.315987
44.909,0.756788,0.222118,0.650995,0.315591
44.919,0.749782,0.222127,0.645788,0.309499
44.929,0.752112,0.216744,0.650946,0.308164
44.939,0.752431,0.217563,0.652426,0.305219
44.949,0.747198,0.212637,0.646785,0.30783
44.959,0.744492,0.212872,0.643513,0.307968
44.969,0.744329,0.213582,0.640971,0.312353
44.979,0.743533,0.215145,0.641237,0.308818
44.989,0.731995,0.212773,0.630176,0.305652
44.999,0.753172,0.210629,0.654821,0.306779
45.009,0.759971,0.219489,0.659129,0.308107
45.019,0.760911,0.220565,0.661683,0.304158
45.029,0.731333,0.216265,0.638421,0.283719
45.039,0.723881,0.206575,0.63474,0.280062
45.049,0.727358,0.208392,0.638046,0.280213
45.059,0.733526,0.211891,0.63121,0.307793
45.069,0.728308,0.215647,0.621484,0.312549
45.079,0.726015,0.216218,0.619693,0.310367
45.089,0.743521,0.217307,0.639665,0.310531
45.099,0.751349,0.213787,0.641956,0.32667
45.109,0.747183,0.219364,0.63521,0.326605
45.119,0.755624,0.218803,0.645208,0.326801
45.129,0.77067,0.218017,0.651726,0.348788
45.139,0.774241,0.231354,0.650293,0.350775
45.149,0.773141,0.232227,0.649809,0.348662
45.159,0.783978,0.231102,0.653548,0.366181
45.169,0.77201,0.229149,0.634092,0.376055
45.179,0.783357,0.223678,0.649867,0.375883
45.189,0.786036,0.228169,0.651482,0.375982
45.199,0.782665,0.230533,0.646503,0.376102
45.209,0.78212,0.228574,0.643992,0.380446
45.219,0.779932,0.230256,0.640257,0.381243
45.229,0.773789,0.231436,0.628992,0.386725
45.239,0.74397,0.227008,0.593662,0.386684
45.249,0.746853,0.224654,0.598567,0.386053
45.259,0.755142,0.224781,0.608651,0.386337
45.269,0.757078,0.229742,0.607463,0.389069
45.279,0.764186,0.230475,0.616308,0.388621
45.289,0.765142,0.230584,0.616284,0.39047
45.299,0.755493,0.230027,0.608076,0.384838
45.309,0.749813,0.22616,0.600704,0.387588
45.319,0.75223,0.221939,0.607033,0.384841
45.329,0.767729,0.221592,0.62605,0.385183
45.339,0.755453,0.223823,0.610873,0.383988
45.349,0.776257,0.225654,0.637027,0.381906
45.359,0.775839,0.226887,0.637845,0.378948
45.369,0.777347,0.227425,0.638007,0.381435
45.379,0.77446,0.226883,0.634685,0.381427
45.389,0.7619,0.230307,0.624471,0.370793
45.399,0.746377,0.228316,0.604412,0.37368
45.409,0.744286,0.224022,0.60394,0.37287
45.419,0.749152,0.226159,0.609584,0.37214
45.429,0.745582,0.22682,0.604997,0.372055
45.439,0.761095,0.228543,0.622108,0.374187
45.449,0.764646,0.229996,0.626616,0.373011
45.459,0.762525,0.229605,0.62624,0.369528
45.469,0.762334,0.232396,0.625379,0.368844
45.479,0.764526,0.237946,0.625108,0.370299
45.49,0.767921,0.237834,0.625817,0.376153
45.499,0.744822,0.2391,0.596216,0.376985
45.509,0.742438,0.232083,0.596994,0.375433
45.521,0.741568,0.231964,0.59645,0.374649
45.53,0.741316,0.232323,0.596114,0.374464
45.54,0.741403,0.234954,0.591958,0.379554
45.55,0.737229,0.232523,0.588524,0.378258
45.559,0.731396,0.230876,0.596476,0.354756
45.569,0.733329,0.226048,0.600305,0.355398
45.579,0.741485,0.22695,0.609924,0.355368
45.589,0.730624,0.230804,0.593191,0.358699
45.599,0.701591,0.229053,0.567852,0.342504
45.609,0.704997,0.223326,0.570912,0.348147
45.619,0.697186,0.227201,0.559084,0.349104
45.629,0.696513,0.229178,0.57158,0.325428
45.639,0.696017,0.218635,0.575378,0.324929
45.649,0.700193,0.217797,0.580957,0.324536
45.66,0.695827,0.224647,0.586654,0.299243
45.67,0.692725,0.245775,0.584369,0.279241
45.68,0.686594,0.244247,0.576315,0.282161
45.69,0.6868,0.235109,0.579388,0.284125
45.7,0.723614,0.231558,0.623173,0.285751
45.71,0.722919,0.244164,0.623752,0.271899
45.72,0.723641,0.243636,0.625615,0.270008
45.73,0.729523,0.245419,0.629855,0.27433
45.74,0.728766,0.245946,0.630386,0.270599
45.75,0.727534,0.246393,0.628194,0.27197
45.759,0.70586,0.246093,0.603795,0.270386
45.769,0.715902,0.240383,0.616164,0.273996
45.779,0.710421,0.243142,0.608223,0.275036
45.789,0.70618,0.243209,0.605011,0.271112
45.799,0.737955,0.255382,0.632649,0.281271
45.809,0.736954,0.25751,0.632643,0.27668
45.819,0.738134,0.264222,0.632888,0.272913
45.829,0.71719,0.263093,0.60986,0.270582
45.839,0.717418,0.266603,0.608689,0.270386
45.85,0.709156,0.262562,0.60056,0.270723
45.86,0.733448,0.264216,0.629119,0.268972
45.87,0.754092,0.276577,0.645138,0.275601
45.88,0.753512,0.27659,0.644569,0.275335
45.89,0.756334,0.276474,0.647798,0.275611
45.9,0.787431,0.273584,0.685059,0.275488
45.91,0.791801,0.285856,0.685659,0.274058
45.92,0.780602,0.28289,0.672351,0.277953
45.93,0.786204,0.280205,0.678459,0.281596
45.94,0.771318,0.276084,0.66173,0.284293
45.95,0.793647,0.275883,0.685836,0.288779
45.96,0.811059,0.288297,0.696261,0.299869
45.97,0.82166,0.288878,0.708052,0.300561
45.98,0.822198,0.285065,0.712835,0.294302
45.99,0.821093,0.284057,0.71209,0.293997
46.0,0.834807,0.290986,0.724108,0.296476
46.01,0.830396,0.290382,0.720287,0.293977
46.02,0.864043,0.290624,0.755087,0.303234
46.03,0.865608,0.295864,0.755265,0.302184
46.04,0.871776,0.298535,0.761592,0.30141
46.05,0.896579,0.302817,0.783167,0.314333
46.06,0.898207,0.3081,0.781458,0.318079
46.07,0.912769,0.312874,0.796615,0.317271
46.08,0.906491,0.311428,0.79017,0.316813
46.09,0.918584,0.310378,0.804118,0.317578
46.1,0.916139,0.308979,0.803994,0.312148
46.11,0.929239,0.308402,0.816224,0.319614
46.12,0.93326,0.308634,0.821874,0.316612
46.13,0.925111,0.31006,0.81342,0.313114
46.137,0.937182,0.311856,0.826135,0.31394
46.149,0.937211,0.312083,0.826053,0.314014
46.159,0.929205,0.305543,0.819559,0.313669
46.169,0.932269,0.278767,0.832046,0.314822
46.179,0.927402,0.279933,0.826363,0.314383
46.189,0.926936,0.27771,0.822706,0.324411
46.199,0.903925,0.276181,0.794519,0.330972
46.209,0.902446,0.27425,0.794385,0.32886
46.219,0.903751,0.275147,0.793385,0.334066
46.229,0.920449,0.275708,0.815207,0.326573
46.239,0.919795,0.275261,0.814918,0.325825
46.249,0.935113,0.277226,0.831869,0.324924
46.259,0.936136,0.27533,0.831801,0.329624
46.269,0.929752,0.272205,0.828148,0.323285
46.279,0.941637,0.272826,0.841249,0.323336
46.289,0.954374,0.271907,0.855274,0.324658
46.299,0.937098,0.268347,0.840557,0.315606
46.309,0.936995,0.261422,0.840843,0.320314
46.319,0.933745,0.260917,0.837756,0.319324
46.329,0.931384,0.263922,0.832765,0.322992
46.339,0.931874,0.262294,0.833206,0.32459
46.349,0.925892,0.262653,0.827064,0.322885
46.359,0.91367,0.263261,0.813614,0.321743
46.369,0.898837,0.264202,0.796305,0.322494
46.379,0.909242,0.269186,0.806042,0.323352
46.389,0.909576,0.273021,0.803682,0.32693
46.399,0.886198,0.270735,0.777593,0.327718
46.409,0.881935,0.262501,0.775281,0.328392
46.419,0.881903,0.26627,0.773139,0.330317
46.429,0.870604,0.274869,0.758341,0.327593
46.439,0.883893,0.273857,0.775303,0.324305
46.449,0.877824,0.272587,0.770547,0.3202
46.459,0.858807,0.269614,0.757519,0.3017
46.469,0.854183,0.26823,0.752686,0.301901
46.479,0.846373,0.264856,0.745302,0.301202
46.489,0.846757,0.264474,0.745849,0.301264
46.499,0.829557,0.253946,0.732341,0.295556
46.509,0.830916,0.262663,0.732613,0.291047
46.52,0.807165,0.262429,0.708834,0.283197
46.529,0.815632,0.257979,0.719625,0.284327
46.539,0.815052,0.255524,0.718449,0.287833
46.549,0.805328,0.252994,0.710779,0.281676
46.559,0.80262,0.245924,0.709198,0.284181
46.569,0.799544,0.240505,0.708082,0.282929
46.579,0.801641,0.244891,0.709031,0.282721
46.589,0.784587,0.245392,0.691664,0.277418
46.599,0.789028,0.245385,0.696204,0.27866
46.609,0.779338,0.247885,0.688455,0.268236
46.619,0.781238,0.239188,0.690983,0.275071
46.629,0.787217,0.262468,0.686755,0.281403
46.639,0.776222,0.261566,0.674211,0.282034
46.649,0.777727,0.261717,0.675234,0.283589
46.659,0.779303,0.258372,0.677822,0.284805
46.669,0.769961,0.26036,0.666647,0.283963
46.679,0.771334,0.259807,0.668495,0.283851
46.689,0.788562,0.259351,0.691765,0.275733
46.699,0.813331,0.260898,0.724382,0.262126
46.709,0.815737,0.264121,0.724796,0.265214
46.719,0.820005,0.267058,0.729262,0.26318
46.729,0.79024,0.2683,0.694684,0.264403
46.739,0.804652,0.269543,0.707404,0.272746
46.749,0.796745,0.268788,0.699666,0.270227
46.759,0.79936,0.279695,0.699643,0.266922
46.769,0.796987,0.279176,0.696719,0.268013
46.779,0.793768,0.281311,0.691614,0.269447
46.789,0.781349,0.28073,0.67756,0.269462
46.799,0.789509,0.284511,0.683276,0.274793
46.809,0.787827,0.28374,0.684284,0.268176
46.819,0.788926,0.285767,0.684722,0.268136
46.829,0.79038,0.283389,0.685743,0.272301
46.839,0.790857,0.283459,0.684743,0.276105
46.849,0.783188,0.282855,0.675593,0.2774
46.859,0.784284,0.282121,0.677277,0.277137
46.869,0.780965,0.27359,0.679612,0.270521
46.879,0.776155,0.266704,0.677042,0.27
46.889,0.770194,0.261004,0.673749,0.266717
46.899,0.768689,0.26447,0.674304,0.257397
46.909,0.773274,0.267579,0.678309,0.25739
46.919,0.78052,0.269236,0.686825,0.254942
46.929,0.78336,0.264714,0.686792,0.268136
46.939,0.766077,0.26645,0.665253,0.27077
46.949,0.770881,0.269697,0.666248,0.278631
46.959,0.780243,0.262544,0.671408,0.29843
46.969,0.787908,0.258127,0.677153,0.309245
46.979,0.790807,0.257443,0.6798,0.311403
46.989,0.792248,0.259351,0.681127,0.310581
46.999,0.820281,0.262581,0.705079,0.326767
47.009,0.834458,0.258125,0.72319,0.326629
47.019,0.832137,0.257766,0.719822,0.328427
47.029,0.825695,0.256012,0.706774,0.341616
47.039,0.825465,0.255388,0.706676,0.341727
47.049,0.815742,0.249023,0.704009,0.32832
47.059,0.815185,0.24995,0.702145,0.330219
47.069,0.816049,0.251743,0.680177,0.37406
47.079,0.820568,0.252441,0.684549,0.375497
47.089,0.840748,0.250805,0.704763,0.383748
47.099,0.84829,0.251075,0.70316,0.402645
47.109,0.849565,0.254148,0.693909,0.419118
47.119,0.846198,0.262976,0.685757,0.420276
47.129,0.843905,0.231637,0.702036,0.40702
47.139,0.849851,0.232992,0.707427,0.409277
47.149,0.849233,0.238912,0.704816,0.409089
47.159,0.847128,0.23893,0.703635,0.406737
47.169,0.839478,0.239154,0.700208,0.396531
47.179,0.845002,0.238812,0.70004,0.408584
47.189,0.818577,0.245543,0.670155,0.400837
47.199,0.800242,0.244441,0.646144,0.403898
47.209,0.796616,0.237302,0.650244,0.394294
47.219,0.806076,0.235059,0.65445,0.407679
47.229,0.799943,0.236315,0.646609,0.407383
47.239,0.791389,0.232261,0.637025,0.408106
47.249,0.779913,0.231146,0.626631,0.402703
47.259,0.772937,0.223153,0.622364,0.400373
47.269,0.772174,0.227664,0.620563,0.399152
47.279,0.794152,0.225114,0.64444,0.40583
47.289,0.778121,0.223318,0.633529,0.392737
47.299,0.773466,0.220393,0.628248,0.393676
47.31,0.771491,0.220739,0.62776,0.390373
47.319,0.775721,0.215877,0.630043,0.397726
47.329,0.77319,0.216164,0.640069,0.376043
47.339,0.801112,0.220876,0.669651,0.380213
47.35,0.791728,0.221059,0.666747,0.365259
47.359,0.78783,0.221004,0.665349,0.359366
47.369,0.788758,0.221616,0.666231,0.35939
47.379,0.790546,0.221307,0.667267,0.36158
47.389,0.788516,0.218387,0.670438,0.352955
47.399,0.792204,0.216102,0.675116,0.353703
47.409,0.798831,0.211347,0.680191,0.36167
47.419,0.794208,0.203467,0.676142,0.363593
47.429,0.794963,0.203248,0.675897,0.365814
47.439,0.796656,0.204976,0.677275,0.365985
47.449,0.802201,0.207578,0.674145,0.382054
47.459,0.80122,0.207699,0.670146,0.386936
47.469,0.800079,0.212135,0.66685,0.387861
47.479,0.801664,0.215464,0.664947,0.392538
47.489,0.801511,0.21052,0.66814,0.389473
47.499,0.784028,0.204006,0.646328,0.394133
47.509,0.769859,0.201712,0.632346,0.390043
47.521,0.777939,0.205204,0.630478,0.406913
47.529,0.780748,0.202016,0.637029,0.403673
47.539,0.791914,0.205068,0.640503,0.418127
47.549,0.777835,0.204302,0.623127,0.418331
47.559,0.785735,0.201335,0.627854,0.427368
47.57,0.777258,0.193514,0.634998,0.404301
47.58,0.77903,0.19594,0.629227,0.415413
47.59,0.766669,0.198696,0.610988,0.418323
47.6,0.756918,0.202321,0.60307,0.410241
47.61,0.750773,0.201572,0.602678,0.399761
47.62,0.750557,0.195542,0.604992,0.398853
47.63,0.746452,0.196775,0.599669,0.398582
47.64,0.783628,0.198325,0.64007,0.406264
47.65,0.776612,0.196638,0.631999,0.406248
47.66,0.775578,0.195356,0.626709,0.41303
47.67,0.773889,0.18708,0.626696,0.413712
47.679,0.763895,0.183046,0.624254,0.40042
47.69,0.768169,0.180748,0.622791,0.411758
47.699,0.75939,0.18312,0.616671,0.403555
47.71,0.76286,0.182072,0.625004,0.397714
47.72,0.762114,0.191625,0.626306,0.389664
47.73,0.777948,0.191415,0.639867,0.398916
47.74,0.781736,0.19441,0.64287,0.400042
47.75,0.779003,0.194629,0.636674,0.40449
47.76,0.779511,0.194044,0.636751,0.405626
47.77,0.795219,0.193485,0.63441,0.438703
47.78,0.80691,0.201465,0.646129,0.439355
47.79,0.838022,0.214437,0.673373,0.450407
47.8,0.846088,0.214474,0.684739,0.448328
47.81,0.851561,0.217891,0.685361,0.456026
47.82,0.85027,0.216882,0.68406,0.456052
47.83,0.859249,0.220364,0.690972,0.460768
47.84,0.840351,0.219735,0.663331,0.466797
47.85,0.859117,0.233409,0.685785,0.461845
47.86,0.87045,0.239823,0.688273,0.475866
47.87,0.873437,0.240411,0.693461,0.473504
47.88,0.883056,0.242454,0.688214,0.497358
47.89,0.882498,0.248388,0.684479,0.498592
47.9,0.873412,0.250144,0.683298,0.483095
47.91,0.864142,0.250485,0.671211,0.483193
47.92,0.874042,0.248769,0.681816,0.487021
47.93,0.878714,0.251717,0.685357,0.488941
47.94,0.879299,0.253572,0.69701,0.472276
47.95,0.876301,0.252704,0.693523,0.472302
47.96,0.878052,0.248624,0.696609,0.473179
47.97,0.869031,0.238389,0.691813,0.468807
47.98,0.87382,0.237994,0.698826,0.467507
47.99,0.875438,0.237757,0.7041,0.462717
48.0,0.874097,0.237976,0.702518,0.462472
48.01,0.867092,0.237923,0.696846,0.457872
48.02,0.869022,0.237404,0.699103,0.45836
48.03,0.857941,0.236787,0.69327,0.446512
48.04,0.868274,0.236942,0.70584,0.446709
48.05,0.86302,0.234973,0.707411,0.434928
48.06,0.862127,0.23756,0.702192,0.440176
48.07,0.854009,0.236134,0.693873,0.438305
48.08,0.853801,0.234968,0.693952,0.438404
48.09,0.836909,0.230346,0.696417,0.40294
48.1,0.840012,0.229405,0.69988,0.403932
48.11,0.840633,0.229402,0.700918,0.403427
48.12,0.837952,0.229336,0.698256,0.4025
48.13,0.838287,0.23366,0.702464,0.393285
48.14,0.80255,0.230203,0.656751,0.399715
48.15,0.807607,0.228973,0.667532,0.392686
48.16,0.808358,0.23021,0.667468,0.393615
48.17,0.806898,0.23052,0.667012,0.391203
48.18,0.814302,0.231634,0.667861,0.404222
48.19,0.815805,0.23263,0.668703,0.405285
48.2,0.822774,0.228339,0.673661,0.413519
48.21,0.814688,0.229397,0.663466,0.413408
48.22,0.819027,0.229637,0.6645,0.420133
48.23,0.81384,0.233237,0.658888,0.416896
