time_seconds,packet_counter,sample_time_fine,utc_time,euler_roll_deg,euler_pitch_deg,euler_yaw_deg,quat_w,quat_x,quat_y,quat_z,acc_x,acc_y,acc_z,free_acc_x,free_acc_y,free_acc_z,gyro_x_dps,gyro_y_dps,gyro_z_dps,mag_x,mag_y,mag_z,lat,lon,altitude,vel_x,vel_y,vel_z,status_word,temperature,baropressure,delta_v_x,delta_v_y,delta_v_z,delta_q_w,delta_q_x,delta_q_y,delta_q_z
0.000485,7657,20519818,,178.47669983,0.37473372,136.81280518,,,,,-0.05460475,0.20166676,-9.81213570,-0.04789286,-0.03663137,-0.00146770,-0.18211072,0.02751665,0.07675042,0.11433432,0.26310781,1.03047955,,,,,,,3,,,,,,,,,
0.000871,7658,20519918,,178.47946167,0.37959787,136.82392883,,,,,-0.04338440,0.21483837,-9.81589890,-0.04748902,-0.01833169,0.00257063,-0.04793845,-0.71924645,-0.80049230,0.11484732,0.26357853,1.03197384,,,,,,,3,,,,,,,,,
0.001218,7659,20520018,,178.48156738,0.38070711,136.82772827,,,,,-0.05092863,0.20917912,-9.80523014,-0.04545444,-0.02714551,-0.00819492,-0.10081181,-0.44452637,-0.28711514,0.11722435,0.26305830,1.03247225,,,,,,,3,,,,,,,,,
0.001560,7660,20520118,,178.48200989,0.37956890,136.83261108,,,,,-0.05794478,0.22237687,-9.81752968,-0.03134136,-0.02289078,0.00449824,-0.40224427,-0.03110586,-0.60367464,0.11680584,0.26306468,1.03395462,,,,,,,3,,,,,,,,,
0.001908,7661,20520218,,178.48025513,0.37668476,136.83929443,,,,,-0.05951937,0.21967103,-9.81546783,-0.03196664,-0.02632510,0.00237679,-0.48994921,-0.17167017,-0.53959711,0.11584774,0.26404083,1.03396523,,,,,,,3,,,,,,,,,
0.002252,7662,20520318,,178.48062134,0.37522095,136.84001160,,,,,-0.05643784,0.20859158,-9.80245399,-0.04110422,-0.03241064,-0.01094675,-0.40503259,0.01952875,0.23409641,0.11634505,0.26163271,1.03343487,,,,,,,3,,,,,,,,,
0.002589,7663,20520418,,178.48225403,0.37570724,136.83891296,,,,,-0.05598235,0.21404859,-9.81207180,-0.03787477,-0.02765314,-0.00118756,-0.11134854,-0.41508580,-0.13726606,0.11534514,0.26021066,1.03093350,,,,,,,3,,,,,,,,,
0.002933,7664,20520518,,178.48455811,0.38123196,136.83703613,,,,,-0.05130844,0.21751644,-9.81482887,-0.03969083,-0.02087849,0.00162959,-0.17971827,-1.04807214,0.25331555,0.11443871,0.26118523,1.03242862,,,,,,,3,,,,,,,,,
0.003272,7665,20520618,,178.48225403,0.37892807,136.84022522,,,,,-0.05396803,0.21691634,-9.80655670,-0.03755646,-0.02386356,-0.00664186,-0.34381523,-0.07360555,-0.30074209,0.11685804,0.26210341,1.03492916,,,,,,,3,,,,,,,,,
0.003615,7666,20520718,,178.48425293,0.37909645,136.84223938,,,,,-0.06411560,0.19938399,-9.81004333,-0.04237478,-0.04329342,-0.00355172,-0.35309194,-0.57602368,-0.36298475,0.11686692,0.26162326,1.03492153,,,,,,,3,,,,,,,,,
0.003946,7667,20520818,,178.48454285,0.38132718,136.84521484,,,,,-0.06230316,0.19933490,-9.80901909,-0.04369599,-0.04199644,-0.00458789,-0.42187301,-0.28640717,-0.50956845,0.11638786,0.26211134,1.03492689,,,,,,,3,,,,,,,,,
0.004261,7668,20520918,,178.48442078,0.38128737,136.85232544,,,,,-0.05480332,0.20970760,-9.82035446,-0.04218918,-0.02926991,0.00696754,-0.13024053,-0.21609222,-0.67270965,0.11783287,0.26208657,1.03592324,,,,,,,3,,,,,,,,,
0.004570,7669,20521018,,178.48480225,0.37880147,136.84815979,,,,,-0.04522008,0.21196367,-9.80798149,-0.04709230,-0.02124617,-0.00540328,-0.27532260,-0.09498056,0.00419524,0.11782452,0.26160693,1.03542089,,,,,,,3,,,,,,,,,
0.004906,7670,20521118,,178.48379517,0.37850866,136.84794617,,,,,-0.05641668,0.21517451,-9.80964947,-0.03686143,-0.02674763,-0.00357747,-0.35997197,-0.20387448,-0.41123134,0.11739765,0.26113370,1.03640079,,,,,,,3,,,,,,,,,
0.005223,7671,20521218,,178.48149109,0.37979963,136.84797668,,,,,-0.05016107,0.21613960,-9.80175018,-0.04117964,-0.02180267,-0.01149392,-0.56830418,-0.42143743,0.13503369,0.11922569,0.26302311,1.03594506,,,,,,,3,,,,,,,,,
0.005598,7672,20521318,,178.48274231,0.38201314,136.83891296,,,,,-0.05365672,0.20089370,-9.81592083,-0.04951508,-0.03502356,0.00229168,-0.32409290,-0.53354290,0.19858968,0.11925179,0.26254246,1.03643239,,,,,,,3,,,,,,,,,
0.005947,7673,20521418,,178.48222351,0.38126287,136.83374023,,,,,-0.05838744,0.21323287,-9.80931282,-0.03729465,-0.02973395,-0.00395632,-0.65162283,0.08603014,-0.07614636,0.11684917,0.26258352,1.03493667,,,,,,,3,,,,,,,,,
0.006278,7674,20521518,,178.47888184,0.38134563,136.83845520,,,,,-0.05381204,0.21198168,-9.81415176,-0.04226378,-0.02729229,0.00081515,-0.40675649,-0.73736006,-0.33585692,0.11445543,0.26214451,1.03343344,,,,,,,3,,,,,,,,,
0.006609,7675,20521618,,178.47778320,0.38115913,136.84599304,,,,,-0.05438003,0.21109414,-9.80175877,-0.04213479,-0.02882371,-0.01159334,-0.62662877,-0.18637221,-0.74175812,0.11640559,0.26115105,1.03491175,,,,,,,3,,,,,,,,,
0.006944,7676,20521718,,178.47851562,0.38084230,136.85083008,,,,,-0.06196121,0.20436925,-9.80005455,-0.04088882,-0.03847341,-0.01342320,-0.10558777,-0.35617134,-0.38255719,0.11650845,0.26210779,1.03839076,,,,,,,3,,,,,,,,,
0.007431,7677,20521818,,178.48220825,0.38420177,136.85578918,,,,,-0.05098343,0.22018033,-9.81412411,-0.03824995,-0.01883743,0.00099039,0.12417617,-0.37766829,-0.18650821,0.11455880,0.26214147,1.03640246,,,,,,,3,,,,,,,,,
0.019978,7762,20532434,,,,,,,,,-0.03600093,0.14752682,-7.35612345,,,,-0.44762456,-0.59138590,-0.88636075,0.11810468,0.26256436,1.03048980,,,,,,,1,,,,,,,,,
0.028502,7763,20532534,,178.78233337,0.29365411,179.99531555,,,,,-0.04583739,0.21342951,-9.80521965,-0.01741768,-0.00093565,-0.00803709,-0.31069178,0.09926667,-0.07878261,0.11632730,0.26259297,1.03344989,,,,,,,3,,,,,,,,,
0.038740,7764,20532634,,178.78085327,0.29731002,179.99804688,,,,,-0.05471767,0.21770920,-9.81308651,0.00358759,0.00876259,0.00000477,-0.20543335,-0.39714527,-0.71123934,0.11637011,0.26307160,1.03494203,,,,,,,3,,,,,,,,,
0.051119,7765,20532734,,178.77847290,0.30575985,179.99926758,,,,,-0.04186801,0.23472852,-9.81064796,-0.01093245,0.02542216,-0.00213814,-0.24247019,-0.93402709,0.33564641,0.11632730,0.26259297,1.03344989,,,,,,,3,,,,,,,,,
0.058499,7766,20532834,,178.77175903,0.30959591,-179.99818420,,,,,-0.05020732,0.22188731,-9.80722618,-0.00273571,0.01144447,-0.00578785,-0.53851255,-0.10528200,-0.48300184,0.11587588,0.25972110,1.03241265,,,,,,,3,,,,,,,,,
0.070247,7767,20532934,,178.77059937,0.31313720,-179.99369812,,,,,-0.05003110,0.21933776,-9.81206989,-0.00383072,0.00839930,-0.00099945,-0.48653369,-0.42363355,-0.55249347,0.11790281,0.26016501,1.03688276,,,,,,,3,,,,,,,,,
0.078623,7768,20533034,,178.76562500,0.31474456,-179.99415588,,,,,-0.04559083,0.21661346,-9.80486298,-0.00834905,0.00522364,-0.00828695,-0.38617548,-0.16354920,0.37946143,0.11974807,0.26205391,1.03692186,,,,,,,3,,,,,,,,,
0.088482,7769,20533134,,178.75740051,0.31908381,-179.99449158,,,,,-0.05425895,0.20951153,-9.80554962,-0.00055743,-0.00360067,-0.00770736,-0.90423284,-0.44423961,-0.09459106,0.11735484,0.26065508,1.03490865,,,,,,,3,,,,,,,,,
0.098536,7770,20533234,,178.75268555,0.32555345,-179.99111938,,,,,-0.06086529,0.21116042,-9.81103420,0.00473577,-0.00251245,-0.00215197,-0.30274477,-0.74805710,-0.35486955,0.11774673,0.26208910,1.03344905,,,,,,,3,,,,,,,,,
0.109684,7771,20533334,,178.74705505,0.33033207,-179.98620605,,,,,-0.06570259,0.22018692,-9.80030727,0.00897581,0.00547196,-0.01264930,-0.71495661,-0.46628346,-0.71883147,0.11821692,0.26208121,1.03345132,,,,,,,3,,,,,,,,,
0.118731,7772,20533434,,178.73777771,0.33142510,-179.98095703,,,,,-0.04190056,0.21906358,-9.80761528,-0.01489289,0.00260478,-0.00550485,-0.88076938,-0.10146939,-0.32830889,0.11626777,0.26115510,1.03095305,,,,,,,3,,,,,,,,,
0.128431,7773,20533534,,178.73312378,0.33383581,-179.97512817,,,,,-0.05549805,0.21744354,-9.81308556,-0.00172773,0.00049641,0.00000715,-0.15320805,-0.14784146,-0.59032439,0.11482275,0.26117986,1.02995670,,,,,,,3,,,,,,,,,
0.139130,7774,20533634,,178.73347473,0.33614039,-179.96961975,,,,,-0.05192069,0.21978156,-9.80930805,-0.00588456,0.00278901,-0.00373769,-0.12153118,-0.38162724,-0.61593744,0.11723374,0.26161841,1.03195477,,,,,,,3,,,,,,,,,
0.148544,7775,20533734,,178.72929382,0.33970052,-179.96620178,,,,,-0.06031027,0.21791302,-9.80549335,0.00192037,0.00009923,-0.00754309,-0.57385787,-0.44901562,-0.37445408,0.11726034,0.26017800,1.03193212,,,,,,,3,,,,,,,,,
0.158534,7776,20533834,,178.72315979,0.34535742,-179.96406555,,,,,-0.05929877,0.21438384,-9.81067753,0.00027844,-0.00452320,-0.00244474,-0.58679713,-0.13306727,-0.07870992,0.11622445,0.26163626,1.02997100,,,,,,,3,,,,,,,,,
0.168509,7777,20533934,,178.72291565,0.34274068,-179.96075439,,,,,-0.05767683,0.22049302,-9.81100464,-0.00111031,0.00172118,-0.00199127,-0.07600381,0.04618453,-0.46917018,0.11578821,0.26260293,1.03146839,,,,,,,3,,,,,,,,,
0.178525,7778,20534034,,178.71783447,0.34618127,-179.95579529,,,,,-0.05909169,0.21272099,-9.80036068,-0.00015553,-0.00677319,-0.01279736,-0.42540627,-0.18921282,-0.49897878,0.11862604,0.26351470,1.03248656,,,,,,,3,,,,,,,,,
0.188488,7779,20534134,,178.71098328,0.34910315,-179.95056152,,,,,-0.06359099,0.21494536,-9.81168747,0.00361431,-0.00606166,-0.00139737,-0.61783367,-0.35121879,-0.45239550,0.11863542,0.26207480,1.03196907,,,,,,,3,,,,,,,,,
0.198479,7780,20534234,,178.71456909,0.35410413,-179.95146179,,,,,-0.06291798,0.21459639,-9.81549358,0.00206575,-0.00565962,0.00239611,0.16815437,-0.46384861,0.19026278,0.11722589,0.26017901,1.03094244,,,,,,,3,,,,,,,,,
0.208567,7781,20534334,,178.71154785,0.35836673,-179.95187378,,,,,-0.06151337,0.22003967,-9.81237030,-0.00009330,-0.00076689,-0.00061274,-0.28004277,-0.46451738,-0.13395076,0.11674682,0.26066703,1.03094780,,,,,,,3,,,,,,,,,
0.218484,7782,20534434,,178.70594788,0.36294502,-179.94807434,,,,,-0.05349572,0.22158884,-9.80447197,-0.00896632,0.00006361,-0.00852513,-0.32790772,-0.61582741,-0.36556744,0.11476220,0.26166153,1.02847970,,,,,,,3,,,,,,,,,
0.228499,7783,20534534,,178.70314026,0.36558646,-179.94775391,,,,,-0.05549037,0.22282140,-9.81031418,-0.00716332,0.00038029,-0.00264359,-0.54270250,-0.17898894,0.00804783,0.11379625,0.26119822,1.02747810,,,,,,,3,,,,,,,,,
0.238655,7784,20534634,,178.69737244,0.36801890,-179.94679260,,,,,-0.05284630,0.20167431,-9.79905796,-0.01004970,-0.02139718,-0.01439571,-0.57441784,-0.07340616,-0.14302575,0.11619835,0.26211691,1.02948368,,,,,,,3,,,,,,,,,
0.248517,7785,20534734,,178.69041443,0.37009919,-179.94393921,,,,,-0.05975113,0.21130301,-9.81618977,-0.00387141,-0.01333100,0.00299573,-0.61503095,-0.34780961,-0.21106174,0.11623331,0.26115611,1.02996337,,,,,,,3,,,,,,,,,
0.258576,7786,20534834,,178.69007874,0.37320220,-179.94557190,,,,,-0.06273433,0.21327981,-9.82134151,-0.00119105,-0.01104684,0.00820875,0.27796471,-0.09394226,-0.01640143,0.11572918,0.26020530,1.02846158,,,,,,,3,,,,,,,,,
0.268494,7787,20534934,,178.68469238,0.37412220,-179.94230652,,,,,-0.05658925,0.20834254,-9.81243038,-0.00787584,-0.01759173,-0.00085640,-1.00592956,-0.50698141,-0.03730154,0.11720866,0.26017952,1.03044760,,,,,,,3,,,,,,,,,
0.278378,7788,20535034,,178.67361450,0.38135427,-179.94372559,,,,,-0.05416955,0.22397240,-9.81270790,-0.01143788,-0.00355767,-0.00023675,-0.92432630,-0.68171734,-0.39141170,0.11768618,0.26257074,1.03197217,,,,,,,3,,,,,,,,,
0.288393,7789,20535134,,178.66638184,0.38464692,-179.93745422,,,,,-0.05208377,0.21889028,-9.81274319,-0.01370593,-0.01010320,-0.00033689,-0.99068169,-0.04712107,-0.38939023,0.11577098,0.26260343,1.03097355,,,,,,,3,,,,,,,,,
0.298418,7790,20535234,,178.65653992,0.38702756,-179.93606567,,,,,-0.04986661,0.20634395,-9.81487370,-0.01664632,-0.02381837,0.00148511,-0.45788094,-0.37998869,-0.12772044,0.11672072,0.26114768,1.03046048,,,,,,,3,,,,,,,,,
0.308458,7791,20535334,,178.65402222,0.38867560,-179.93170166,,,,,-0.06204444,0.22483823,-9.81474590,-0.00473547,-0.00603052,0.00187111,-0.42886499,-0.28901513,-0.57760962,0.11725096,0.26161790,1.03244960,,,,,,,3,,,,,,,,,
0.318392,7792,20535434,,178.64994812,0.39512876,-179.92874146,,,,,-0.05595033,0.21621461,-9.80999184,-0.01187577,-0.01520666,-0.00312686,-0.45600024,-0.52481333,-0.09132272,0.11625839,0.26259500,1.03147054,,,,,,,3,,,,,,,,,
0.328410,7793,20535534,,178.64634705,0.39782745,-179.93173218,,,,,-0.05720955,0.20648895,-9.80315208,-0.01096569,-0.02553595,-0.01018691,-0.60952950,-0.28212259,0.17039513,0.11669412,0.26258808,1.03048313,,,,,,,3,,,,,,,,,
0.338399,7794,20535634,,178.63870239,0.40303460,-179.93193054,,,,,-0.04809875,0.21292923,-9.81450653,-0.02113053,-0.02048979,0.00124550,-0.58046859,-0.49597995,0.12743972,0.11720815,0.26113927,1.03095758,,,,,,,3,,,,,,,,,
0.348385,7795,20535734,,178.63514709,0.40861714,-179.93286133,,,,,-0.05885609,0.21391721,-9.81206036,-0.01127678,-0.01986727,-0.00110269,-0.17081215,-0.47414762,0.26522099,0.11533626,0.26069078,1.03094101,,,,,,,3,,,,,,,,,
0.358360,7796,20535834,,178.63195801,0.41274911,-179.93153381,,,,,-0.05480344,0.22296952,-9.80721474,-0.01607531,-0.01173365,-0.00576210,-0.71829871,-0.46043495,-0.35449141,0.11434421,0.26070812,1.02945209,,,,,,,3,,,,,,,,,
0.368366,7797,20535934,,178.62454224,0.41228619,-179.92857361,,,,,-0.06102213,0.20932432,-9.81378841,-0.00958743,-0.02649050,0.00052762,-0.57480135,0.02283864,-0.42191618,0.11633720,0.26019332,1.03242242,,,,,,,3,,,,,,,,,
0.378493,7798,20536034,,178.61659241,0.41529992,-179.92959595,,,,,-0.05901063,0.21500339,-9.81858540,-0.01234192,-0.02259623,0.00543904,-0.94885127,-0.37830129,0.05491963,0.11826911,0.26111990,1.03442585,,,,,,,3,,,,,,,,,
0.388496,7799,20536134,,178.60787964,0.41887864,-179.92671204,,,,,-0.05993391,0.21441476,-9.80757141,-0.01178034,-0.02409049,-0.00558329,-0.61624848,-0.20597451,-0.14609182,0.11779006,0.26160794,1.03443122,,,,,,,3,,,,,,,,,
0.398392,7800,20536234,,178.60684204,0.42191380,-179.92330933,,,,,-0.04934184,0.20928988,-9.80833054,-0.02286964,-0.02924539,-0.00502515,-0.02297199,-0.14925946,-0.49283961,0.11731987,0.26161587,1.03442895,,,,,,,3,,,,,,,,,
0.408434,7801,20536334,,178.60008240,0.42586595,-179.91523743,,,,,-0.04896800,0.21272749,-9.80796814,-0.02451028,-0.02737552,-0.00531435,-0.79410223,-0.87993930,-0.87513901,0.11824302,0.26160055,1.03393865,,,,,,,3,,,,,,,,,
0.418480,7802,20536434,,178.59210205,0.43225166,-179.90753174,,,,,-0.05642630,0.22020775,-9.81477833,-0.01754835,-0.02161844,0.00172830,-1.08026581,-0.24307347,-0.51342500,0.11678861,0.26306519,1.03345966,,,,,,,3,,,,,,,,,
0.428374,7803,20536534,,178.58752441,0.43375692,-179.90820312,,,,,-0.05147287,0.22147030,-9.81445789,-0.02318541,-0.02044925,0.00140047,-0.09852737,-0.50991610,0.03096640,0.11487342,0.26309788,1.03246117,,,,,,,3,,,,,,,,,
0.438490,7804,20536634,,178.58943176,0.43771917,-179.90402222,,,,,-0.05308290,0.21776798,-9.80552483,-0.02170847,-0.02387446,-0.00761032,-0.09479318,-0.07791021,-0.23843974,0.11634453,0.26259246,1.03394473,,,,,,,3,,,,,,,,,
0.448422,7805,20536734,,178.58131409,0.44326547,-179.90145874,,,,,-0.05072327,0.22205888,-9.81032372,-0.02565303,-0.02123581,-0.00273180,-0.75420961,-0.84489205,-0.49258551,0.11636176,0.26259196,1.03443956,,,,,,,3,,,,,,,,,
0.458385,7806,20536834,,178.57690430,0.44353050,-179.89808655,,,,,-0.04925253,0.21719551,-9.80828381,-0.02648783,-0.02653663,-0.00490332,-0.25490573,0.17333422,-0.08050836,0.11487342,0.26309788,1.03246117,,,,,,,3,,,,,,,,,
0.468491,7807,20536934,,178.57615662,0.44655257,-179.90020752,,,,,-0.04581966,0.22333385,-9.81688595,-0.03103579,-0.02089321,0.00381947,-0.23711690,-0.57084955,-0.08449284,0.11595213,0.26211825,1.03591430,,,,,,,3,,,,,,,,,
0.478387,7808,20537034,,178.57189941,0.45238429,-179.89707947,,,,,-0.06404183,0.21087110,-9.80207443,-0.01329488,-0.03373064,-0.01115751,-0.47075206,-0.26842134,-0.25686058,0.11784174,0.26160643,1.03591573,,,,,,,3,,,,,,,,,
0.488480,7809,20537134,,178.56930542,0.45641816,-179.89698792,,,,,-0.06378102,0.21903259,-9.80307865,-0.01434049,-0.02602550,-0.00995350,-0.36500438,-0.26714673,-0.02888227,0.11644056,0.26019028,1.03539145,,,,,,,3,,,,,,,,,
0.498388,7810,20537234,,178.56584167,0.45960417,-179.89050293,,,,,-0.05168860,0.21884407,-9.80965710,-0.02744007,-0.02659409,-0.00348163,0.05800777,-0.69247654,-0.68144109,0.11643118,0.26163018,1.03590906,,,,,,,3,,,,,,,,,
0.508407,7811,20537334,,178.56494141,0.46419066,-179.88664246,,,,,-0.04870868,0.22646482,-9.80515099,-0.03056079,-0.01949224,-0.00782347,-0.35718029,-0.04760181,-0.17877843,0.11739714,0.26209348,1.03691065,,,,,,,3,,,,,,,,,
0.518489,7812,20537434,,178.56187439,0.46498775,-179.88549805,,,,,-0.07235507,0.20757732,-9.80585098,-0.00717965,-0.03873960,-0.00740862,-0.31319211,-0.04674353,-0.39036324,0.11733761,0.26065558,1.03441381,,,,,,,3,,,,,,,,,
0.528491,7813,20537534,,178.55665588,0.46732506,-179.88391113,,,,,-0.05938446,0.22248290,-9.81407738,-0.02106470,-0.02496835,0.00108051,-0.42110784,-0.61340739,-0.26888432,0.11496109,0.26021606,1.03340542,,,,,,,3,,,,,,,,,
0.538422,7814,20537634,,178.55599976,0.47679716,-179.88104248,,,,,-0.05737078,0.21409455,-9.80793667,-0.02459751,-0.03335213,-0.00529099,-0.22778563,-0.93706044,-0.09301077,0.11685804,0.26210341,1.03492916,,,,,,,3,,,,,,,,,
0.548383,7815,20537734,,178.55534363,0.48450589,-179.87950134,,,,,-0.05283317,0.21874842,-9.81309700,-0.03033249,-0.02864536,-0.00005436,0.13373333,-0.64301834,-0.11438026,0.11781564,0.26208708,1.03542840,,,,,,,3,,,,,,,,,
0.558430,7816,20537834,,178.55221558,0.48766500,-179.87637329,,,,,-0.05873862,0.22308142,-9.81132221,-0.02468104,-0.02509211,-0.00167203,-0.33955280,-0.08158939,-0.45177283,0.11631059,0.26163372,1.03244519,,,,,,,3,,,,,,,,,
0.568483,7817,20537934,,178.55236816,0.48741990,-179.87007141,,,,,-0.06314714,0.21328053,-9.81446171,-0.02055679,-0.03504818,0.00125408,-0.30710203,-0.29331346,-0.41198567,0.11630222,0.26115409,1.03194273,,,,,,,3,,,,,,,,,
0.578394,7818,20538034,,178.54855347,0.49190381,-179.86703491,,,,,-0.04618413,0.22886598,-9.81066036,-0.03818107,-0.01991654,-0.00229907,-0.33032326,-0.39498245,-0.67031685,0.11873094,0.26063234,1.03392565,,,,,,,3,,,,,,,,,
0.588409,7819,20538134,,178.54574585,0.49280772,-179.86607361,,,,,-0.05487262,0.20130131,-9.80662441,-0.02946547,-0.04759569,-0.00695896,-0.00151714,-0.14542010,0.13203487,0.11874817,0.26063183,1.03442049,,,,,,,3,,,,,,,,,
0.598384,7820,20538234,,178.54551697,0.49720630,-179.86311340,,,,,-0.05387000,0.21312241,-9.80967712,-0.03125758,-0.03613912,-0.00361657,-0.15265143,-0.29224963,-0.19427513,0.11726819,0.26161739,1.03294444,,,,,,,3,,,,,,,,,
0.608397,7821,20538334,,178.54566956,0.49917799,-179.86236572,,,,,-0.05239035,0.22085474,-9.80964851,-0.03314019,-0.02831848,-0.00346541,-0.05291279,-0.21949144,-0.39371513,0.11593592,0.26019922,1.03439963,,,,,,,3,,,,,,,,,
0.618395,7822,20538434,,178.54164124,0.49687654,-179.86021423,,,,,-0.05026914,0.22807468,-9.81167316,-0.03459317,-0.02222274,-0.00127578,-0.70026589,0.34611992,-0.11887062,0.11537908,0.26116940,1.03243315,,,,,,,3,,,,,,,,,
0.628414,7823,20538534,,178.53562927,0.50114828,-179.85646057,,,,,-0.05826789,0.21634769,-9.81273842,-0.02764898,-0.03457422,-0.00044560,-0.31922084,-0.38073606,-0.48406095,0.11572765,0.26308459,1.02999139,,,,,,,3,,,,,,,,,
0.638512,7824,20538634,,178.53126526,0.50076354,-179.84735107,,,,,-0.05883045,0.21400039,-9.81170940,-0.02692224,-0.03783515,-0.00153255,-0.46253401,-0.05287907,-0.82006768,0.11760788,0.26401269,1.03051031,,,,,,,3,,,,,,,,,
0.648510,7825,20538734,,178.52925110,0.50571835,-179.84497070,,,,,-0.06071828,0.21063963,-9.80897141,-0.02620460,-0.04133832,-0.00434470,-0.18639910,-0.75766894,0.05498220,0.11719928,0.26161942,1.03096509,,,,,,,3,,,,,,,,,
0.658466,7826,20538834,,178.53137207,0.50884104,-179.84854126,,,,,-0.06255651,0.21332739,-9.81239891,-0.02443516,-0.03800773,-0.00083113,0.44295772,-0.06899055,-0.12926185,0.11618214,0.26019788,1.02796888,,,,,,,3,,,,,,,,,
0.668380,7827,20538934,,178.53196716,0.51604688,-179.84182739,,,,,-0.06365097,0.21484050,-9.80515289,-0.02480612,-0.03655371,-0.00802994,-0.03564496,-0.61566893,-0.21390514,0.11623331,0.26115611,1.02996337,,,,,,,3,,,,,,,,,
0.678401,7828,20539034,,178.53216553,0.51752192,-179.84202576,,,,,-0.05656842,0.21584043,-9.80449200,-0.03192021,-0.03579687,-0.00873089,-0.37463147,-0.08242165,0.04005224,0.11816472,0.26304248,1.03247678,,,,,,,3,,,,,,,,,
0.688487,7829,20539134,,178.52696228,0.51819581,-179.83824158,,,,,-0.05496181,0.21741010,-9.80964184,-0.03384441,-0.03513480,-0.00356102,-0.50469858,-0.20444003,-0.82766888,0.11765121,0.26353154,1.03149235,,,,,,,3,,,,,,,,,
0.698416,7830,20539234,,178.52163696,0.52021867,-179.83677673,,,,,-0.05585130,0.21863413,-9.81204796,-0.03345240,-0.03498450,-0.00111985,-0.62091313,-0.44314411,0.07238829,0.11763398,0.26353204,1.03099751,,,,,,,3,,,,,,,,,
0.708380,7831,20539334,,178.51583862,0.52559197,-179.83238220,,,,,-0.05336405,0.21847044,-9.81618595,-0.03677040,-0.03621753,0.00298381,-0.59623453,-0.46503156,-0.07052640,0.11724209,0.26209804,1.03245711,,,,,,,3,,,,,,,,,
0.718429,7832,20539434,,178.51179504,0.52779716,-179.83613586,,,,,-0.05442512,0.21432082,-9.81069469,-0.03591119,-0.04072763,-0.00260568,-0.29235656,-0.17183578,-0.27531884,0.11673744,0.26210696,1.03146529,,,,,,,3,,,,,,,,,
0.728376,7833,20539534,,178.50970459,0.52523428,-179.82601929,,,,,-0.05714177,0.21407872,-9.80758858,-0.03256343,-0.04130307,-0.00569201,-0.27044721,0.26161372,-0.76688404,0.11526735,0.26069281,1.02896166,,,,,,,3,,,,,,,,,
0.738404,7834,20539634,,178.50932312,0.52744138,-179.82682800,,,,,-0.04948119,0.22396247,-9.81411362,-0.04105455,-0.03154920,0.00101233,-0.02134786,-0.42048475,0.15905165,0.11525849,0.26117295,1.02896929,,,,,,,3,,,,,,,,,
0.748399,7835,20539734,,178.51029968,0.53391224,-179.82415771,,,,,-0.05940219,0.21908084,-9.80240059,-0.03203694,-0.03610817,-0.01073432,-0.16339365,-0.52894090,-0.32397444,0.11670350,0.26114818,1.02996564,,,,,,,3,,,,,,,,,
0.758536,7836,20539834,,178.50956726,0.53350383,-179.82322693,,,,,-0.06793486,0.21385083,-9.79861069,-0.02323505,-0.04139226,-0.01458049,-0.31128755,-0.02433341,0.12373133,0.11663458,0.26115021,1.02798629,,,,,,,3,,,,,,,,,
0.768470,7837,20539934,,178.50477600,0.53710765,-179.82373047,,,,,-0.05030135,0.21536699,-9.81931210,-0.04193378,-0.04107918,0.00598097,-0.26505435,-0.51104921,-0.35870825,0.11663407,0.26210999,1.02849627,,,,,,,3,,,,,,,,,
0.778377,7838,20540034,,178.50100708,0.54228723,-179.81828308,,,,,-0.05077856,0.21204075,-9.81622219,-0.04217707,-0.04515674,0.00280476,-0.42898705,-0.44757965,-0.36223730,0.11645241,0.26355496,1.02406538,,,,,,,3,,,,,,,,,
0.788388,7839,20540134,,178.49868774,0.54916018,-179.81631470,,,,,-0.05680863,0.21828470,-9.80310440,-0.03747871,-0.03880817,-0.01009393,-0.18397536,-0.83484138,-0.39553807,0.11537524,0.26165533,1.01908231,,,,,,,3,,,,,,,,,
0.798443,7840,20540234,,178.49858093,0.55311233,-179.81283569,,,,,-0.05311820,0.23104830,-9.80890560,-0.04149337,-0.02619237,-0.00399494,-0.02426743,-0.16372859,-0.34953728,0.11559033,0.26212889,1.02552271,,,,,,,3,,,,,,,,,
0.808485,7841,20540334,,178.49743652,0.55946326,-179.79418945,,,,,-0.04158220,0.22810631,-9.78556347,-0.05407804,-0.02921096,-0.02752590,-0.59000823,-0.49761204,-1.53582513,0.10375782,0.27241236,1.01523614,,,,,,,3,,,,,,,,,
0.818469,7842,20540434,,178.49319458,0.56181067,-179.76216125,,,,,0.01078127,0.20904478,-9.79890633,-0.10702192,-0.04951636,-0.01521158,-0.66394364,-0.43039167,-4.37180857,0.09394890,0.28266591,0.99555898,,,,,,,3,,,,,,,,,
0.828473,7843,20540534,,178.48368835,0.56419694,-179.74597168,,,,,-0.15815817,0.23622265,-9.82159042,0.06098546,-0.02368442,0.00984359,-0.73599723,-0.70407458,-1.40774927,0.09332264,0.28459793,0.99212307,,,,,,,3,,,,,,,,,
0.838498,7844,20540634,,178.47817993,0.57318252,-179.77247620,,,,,-0.08326294,0.19227631,-9.80622578,-0.01455235,-0.06875671,-0.00743699,-0.78902612,-0.50904898,3.98731204,0.09483810,0.28169182,0.99356896,,,,,,,3,,,,,,,,,
0.848422,7845,20540734,,178.47547913,0.57096714,-179.82369995,,,,,-0.03439271,0.24903691,-9.81060505,-0.06332125,-0.01213194,-0.00203276,0.05187935,0.00086057,6.12612986,0.09397704,0.27834618,0.99400645,,,,,,,3,,,,,,,,,
0.858501,7846,20540834,,178.47378540,0.57159030,-179.87028503,,,,,0.00799549,0.19859104,-9.79859352,-0.10592400,-0.06291571,-0.01581192,-0.30910947,-0.48557768,4.19077526,0.09288946,0.27980599,0.99056077,,,,,,,3,,,,,,,,,
0.868463,7847,20540934,,178.47103882,0.57906222,-179.88145447,,,,,-0.08502434,0.12887537,-9.79652882,-0.01411596,-0.13283980,-0.01880836,-0.42827711,-0.86218342,0.21527386,0.09774689,0.27876249,0.99452668,,,,,,,3,,,,,,,,,
0.878400,7848,20541034,,178.46873474,0.58614880,-179.87687683,,,,,-0.00024050,0.15965000,-9.82110977,-0.10039742,-0.10354584,0.00569963,-0.68821594,-0.80059433,-0.08333871,0.09689215,0.27973554,0.99750638,,,,,,,3,,,,,,,,,
0.888441,7849,20541134,,178.46604919,0.59209269,-179.88760376,,,,,-0.10074911,0.26385555,-9.80481815,-0.00136414,0.00100867,-0.00675750,-0.44868030,-1.19570337,1.00719581,0.09687442,0.28069583,0.99752146,,,,,,,3,,,,,,,,,
0.898363,7850,20541234,,178.46081543,0.59761930,-179.89572144,,,,,-0.08354681,0.26741332,-9.80762291,-0.01875203,0.00381458,-0.00402832,-0.28349527,-0.21892014,0.14688961,0.09886892,0.27730167,0.99896204,,,,,,,3,,,,,,,,,
0.908421,7851,20541334,,178.45365906,0.60971993,-179.88563538,,,,,-0.08445746,0.25355694,-9.82693768,-0.02050907,-0.01237145,0.01490021,-1.08092962,-1.03969673,-0.55036336,0.09940068,0.27489257,0.99942130,,,,,,,3,,,,,,,,,
0.918384,7852,20541434,,178.43905640,0.62815046,-179.86576843,,,,,-0.02159266,0.21442428,-9.80289841,-0.08617055,-0.05319816,-0.01089978,-1.10115701,-1.31854315,-2.56239669,0.09976698,0.27584746,0.99696445,,,,,,,3,,,,,,,,,
0.928409,7853,20541534,,178.43249512,0.63553053,-179.83898926,,,,,-0.01282797,0.22768983,-9.81938744,-0.09634479,-0.04167385,0.00583243,-0.82240968,-0.68929511,-3.34613977,0.09854594,0.27586561,1.00240099,,,,,,,3,,,,,,,,,
0.938386,7854,20541634,,178.42555237,0.63541645,-179.80419922,,,,,-0.08897065,0.23330504,-9.80222321,-0.01990705,-0.03644549,-0.01032400,-0.70433818,-0.20293315,-3.67967776,0.10497835,0.27335396,1.01030958,,,,,,,3,,,,,,,,,
0.948423,7855,20541734,,178.42687988,0.63591635,-179.77326965,,,,,-0.07669818,0.25768614,-9.80905628,-0.03228248,-0.01155233,-0.00296164,0.36527065,-0.09452808,-2.65111125,0.10694575,0.27235997,1.01228273,,,,,,,3,,,,,,,,,
0.958447,7856,20541834,,178.42958069,0.63582081,-179.75117493,,,,,-0.11203011,0.22514649,-9.78602314,0.00373654,-0.04283180,-0.02648520,0.43820634,0.23080930,-2.11831700,0.10508326,0.27047160,1.01174879,,,,,,,3,,,,,,,,,
0.968411,7857,20541934,,178.43638611,0.62621504,-179.74040222,,,,,-0.08155429,0.17987400,-9.86549568,-0.02560832,-0.08962640,0.05138707,0.19428821,0.81784301,-0.67594450,0.10464702,0.27143827,1.01324618,,,,,,,3,,,,,,,,,
0.978509,7858,20542034,,178.43208313,0.62523001,-179.74078369,,,,,-0.03650966,0.22108005,-9.76461124,-0.06983253,-0.04650082,-0.04882479,-0.21289429,0.06346225,0.48651875,0.10421026,0.27336472,1.01525354,,,,,,,3,,,,,,,,,
0.988410,7859,20542134,,178.42738342,0.62590337,-179.74147034,,,,,-0.04239807,0.16996419,-9.83503056,-0.06438972,-0.10073088,0.02021527,-0.72513290,0.19841933,0.16871013,0.10421129,0.27144518,1.01423359,,,,,,,3,,,,,,,,,
0.998518,7860,20542234,,178.41415405,0.63144964,-179.73858643,,,,,-0.05618498,0.19433741,-9.81351185,-0.05221332,-0.07837071,-0.00049853,-1.60753625,-0.93914994,-0.80647966,0.10593596,0.27333763,1.01080883,,,,,,,3,,,,,,,,,
1.008489,7861,20542334,,178.40634155,0.64562035,-179.73875427,,,,,-0.03822380,0.26916054,-9.80085087,-0.07301774,-0.00438995,-0.01129460,-1.01823638,-1.62759566,0.11966837,0.10544854,0.27334604,1.01031184,,,,,,,3,,,,,,,,,
1.018502,7862,20542434,,178.40097046,0.65841997,-179.75392151,,,,,-0.11062787,0.24123292,-9.80934525,-0.00277087,-0.03252921,-0.00276256,-0.16130658,-1.59661403,1.93468417,0.09903285,0.27681699,1.00340796,,,,,,,3,,,,,,,,,
1.028421,7863,20542534,,178.39674377,0.66781759,-179.78230286,,,,,-0.10375495,0.19096652,-9.80856419,-0.01047557,-0.08377057,-0.00503421,-0.40652632,-0.77732462,2.98150628,0.09508969,0.27832526,0.99895930,,,,,,,3,,,,,,,,,
1.038410,7864,20542634,,178.38722229,0.67095590,-179.80151367,,,,,0.00285958,0.17233731,-9.81485653,-0.11749230,-0.10491282,-0.00053501,-1.09470078,-0.26080744,2.08651180,0.09662187,0.27637845,1.00140989,,,,,,,3,,,,,,,,,
1.048413,7865,20542734,,178.37510681,0.67885482,-179.79513550,,,,,-0.00226621,0.25621745,-9.81925774,-0.11449980,-0.02387961,0.00626063,-1.94376704,-0.90680281,-1.50655606,0.09528022,0.27640015,1.00338256,,,,,,,3,,,,,,,,,
1.058433,7866,20542834,,178.37159729,0.68993187,-179.78121948,,,,,-0.11379491,0.27075091,-9.81196308,-0.00510834,-0.00825794,0.00070906,-0.26024123,-1.35968149,-2.07463154,0.09704873,0.27685168,1.00043011,,,,,,,3,,,,,,,,,
1.068516,7867,20542934,,178.37150574,0.69084030,-179.78024292,,,,,-0.12735003,0.18579207,-9.77513790,0.00982423,-0.09156834,-0.03834176,0.56716957,-0.04773419,0.84386192,0.09992204,0.27584291,1.00141799,,,,,,,3,,,,,,,,,
1.078429,7868,20543034,,178.36515808,0.69898516,-179.77267456,,,,,0.01369101,0.18221743,-9.84100819,-0.13366958,-0.09987089,0.02564478,-1.16535620,-0.75241353,-0.66220877,0.10099086,0.27726290,1.00589859,,,,,,,3,,,,,,,,,
1.088408,7869,20543134,,178.35054016,0.71625143,-179.74345398,,,,,-0.08117429,0.29037392,-9.78512287,-0.04234232,0.00770504,-0.02597404,-1.57460641,-2.03306450,-4.15533427,0.10010370,0.27439794,1.00584877,,,,,,,3,,,,,,,,,
1.098439,7870,20543234,,178.34651184,0.71701962,-179.73141479,,,,,-0.16802529,0.22294058,-9.80925083,0.04574684,-0.06021879,-0.00270939,-0.49507682,0.26836864,-1.33306275,0.10202830,0.27292535,1.00632989,,,,,,,3,,,,,,,,,
1.108398,7871,20543334,,178.34306335,0.71612263,-179.71974182,,,,,0.07300811,0.18665589,-9.81263447,-0.19481131,-0.09789100,-0.00338602,0.08780359,0.48734824,0.20229961,0.10397743,0.27385142,1.00882816,,,,,,,3,,,,,,,,,
1.118391,7872,20543434,,178.33425903,0.72791702,-179.69596863,,,,,-0.12711003,0.28393105,-9.78463268,0.00158127,-0.00193864,-0.02607846,-2.04918162,-1.86869344,-3.47335226,0.10351662,0.27241945,1.00830841,,,,,,,3,,,,,,,,,
1.128403,7873,20543534,,178.32420349,0.72131592,-179.69367981,,,,,-0.20253286,0.18824288,-9.83029556,0.07980889,-0.09869453,0.01771975,-0.27031301,0.95060876,0.16752015,0.10215878,0.27052212,1.00876629,,,,,,,3,,,,,,,,,
1.138413,7874,20543634,,178.31904602,0.73159182,-179.70362854,,,,,0.12435885,0.23071815,-9.82638931,-0.24955040,-0.05904000,0.01089883,-0.40208971,-0.54685712,2.01155965,0.10505715,0.27095225,1.01126146,,,,,,,3,,,,,,,,,
1.148440,7875,20543734,,178.31555176,0.73477525,-179.69316101,,,,,-0.20909731,0.26042303,-9.74457073,0.08294725,-0.02623738,-0.06575561,-0.84889540,-1.58104760,-2.26499190,0.10509998,0.27143088,1.01275349,,,,,,,3,,,,,,,,,
1.158446,7876,20543834,,178.31611633,0.71852702,-179.70867920,,,,,-0.11051057,0.14648877,-9.83978176,-0.01067945,-0.14223468,0.02481270,0.66802436,2.50140246,2.05942114,0.10412515,0.27144772,1.01175940,,,,,,,3,,,,,,,,,
1.168453,7877,20543934,,178.31161499,0.73610407,-179.70989990,,,,,0.15520962,0.26521963,-9.85457706,-0.28280196,-0.02759900,0.03962564,-1.32921041,-2.16857311,0.80572791,0.10654550,0.27044633,1.01323998,,,,,,,3,,,,,,,,,
1.178428,7878,20544034,,178.30654907,0.73775774,-179.70275879,,,,,-0.38288441,0.20902239,-9.75939178,0.25671840,-0.07811144,-0.05021763,-0.25963203,-1.01652862,-2.06972512,0.10753756,0.27042899,1.01472890,,,,,,,3,,,,,,,,,
1.188453,7879,20544134,,178.30154419,0.73227894,-179.71563721,,,,,0.15035467,0.18591319,-9.83700275,-0.27348933,-0.10730944,0.01980734,-0.50317054,2.62620496,2.26329716,0.10751197,0.26994985,1.01373172,,,,,,,3,,,,,,,,,
1.198492,7880,20544234,,178.29899597,0.75555474,-179.69779968,,,,,-0.02962788,0.36256874,-9.78676701,-0.10270845,0.07082859,-0.02292824,-0.78145848,-4.38571996,-2.05110133,0.10844450,0.26849464,1.01272380,,,,,,,3,,,,,,,,,
1.208491,7881,20544334,,178.29983521,0.72268420,-179.70593262,,,,,-0.38195100,0.10296068,-9.83027840,0.26086611,-0.18692300,0.01736784,0.55258301,3.91685095,-0.02116000,0.10663266,0.26852426,1.01469421,,,,,,,3,,,,,,,,,
1.218458,7882,20544434,,178.29878235,0.73927641,-179.70420837,,,,,0.40662336,0.31496161,-9.83670712,-0.53343838,0.01979290,0.02001119,-0.38999964,-0.56269302,1.24926113,0.10563959,0.27046114,1.01422513,,,,,,,3,,,,,,,,,
1.228517,7883,20544534,,178.30778503,0.72726101,-179.68702698,,,,,-0.55514097,0.19012220,-9.78064346,0.42949653,-0.09552723,-0.02738953,1.42309339,-1.64746479,-2.98006660,0.10612752,0.26949298,1.01421225,,,,,,,3,,,,,,,,,
1.238420,7884,20544634,,178.30885315,0.70907652,-179.70252991,,,,,0.17296554,0.18033797,-9.82816696,-0.29037237,-0.11154322,0.01068878,-0.24984218,5.11961781,2.10162295,0.10763359,0.26802677,1.01617563,,,,,,,3,,,,,,,,,
1.248528,7885,20544734,,178.32205200,0.74694484,-179.68424988,,,,,0.01665298,0.36015919,-9.81332397,-0.14900647,0.07200176,0.00283051,0.79456738,-6.45304661,-1.77529007,0.10661492,0.26948455,1.01470935,,,,,,,3,,,,,,,,,
1.258457,7886,20544834,,178.33276367,0.69503510,-179.68952942,,,,,-0.42922533,0.05265391,-9.83368111,0.31425315,-0.23101026,0.01983690,1.31943289,6.14161603,-0.22774255,0.10561348,0.27094179,1.01373792,,,,,,,3,,,,,,,,,
1.268415,7887,20544934,,178.33616638,0.73294812,-179.68428040,,,,,0.53472608,0.36569721,-9.76933479,-0.66102540,0.07789450,-0.04746962,-0.34196655,-2.87430006,0.82374877,0.10705015,0.27043739,1.01423192,,,,,,,3,,,,,,,,,
1.278524,7888,20545034,,178.33773804,0.69613093,-179.67158508,,,,,-0.80102533,0.16354553,-9.78949547,0.68135476,-0.11584464,-0.01651430,0.79277776,0.36469350,-2.92259825,0.10755479,0.27042848,1.01522374,,,,,,,3,,,,,,,,,
1.288484,7889,20545134,,178.33859253,0.70836639,-179.67646790,,,,,0.60301793,0.16983628,-9.77568245,-0.71967196,-0.11787806,-0.04727101,-0.19952856,3.37810634,2.09025773,0.10567302,0.27237967,1.01623476,,,,,,,3,,,,,,,,,
1.298440,7890,20545234,,178.34971619,0.73039520,-179.64634705,,,,,-0.38646123,0.28255993,-9.89021015,0.25547460,-0.00035118,0.08268380,0.95569042,-6.55322329,-3.81966633,0.08520547,0.29386562,0.96650159,,,,,,,3,,,,,,,,,
1.308471,7891,20545334,,178.35087585,0.66857708,-179.63914490,,,,,0.10235257,-0.08879355,-9.75625515,-0.20755666,-0.37103689,-0.06823802,-0.32515300,10.36924827,-1.03837392,0.05785595,0.30874106,0.93147200,,,,,,,3,,,,,,,,,
1.318512,7892,20545434,,178.36830139,0.72483724,-179.61164856,,,,,0.15681262,0.78216904,-9.88595104,-0.29164833,0.49802512,0.08546114,0.25490525,-9.92933884,-1.77925916,0.06176114,0.30434868,0.94675958,,,,,,,3,,,,,,,,,
1.328616,7893,20545534,,178.34489441,0.63352782,-179.61898804,,,,,-0.83981466,-0.34509820,-9.85349751,0.74065936,-0.62356097,0.03220820,-0.18108139,10.92251494,-0.11705760,0.06947517,0.30133715,0.95070869,,,,,,,3,,,,,,,,,
1.338562,7894,20545634,,178.36978149,0.75738412,-179.60034180,,,,,0.74311727,1.03337717,-9.67218208,-0.88257420,0.75089180,-0.12917757,0.12567311,-13.19606806,-1.61464637,0.06889957,0.30518720,0.94977719,,,,,,,3,,,,,,,,,
1.348562,7895,20545734,,178.33555603,0.66773885,-179.59361267,,,,,-0.84165812,-0.81293237,-9.86314869,0.73978561,-1.09243655,0.02857757,-0.62149535,10.22800252,-2.17615846,0.06757515,0.30520841,0.95224470,,,,,,,3,,,,,,,,,
1.358467,7896,20545834,,178.37657166,0.77533084,-179.55920410,,,,,0.37265700,1.54913664,-9.95481491,-0.52378917,1.26128840,0.17239332,0.24551870,-12.30377385,-2.57324346,0.06927279,0.29989758,0.95761150,,,,,,,3,,,,,,,,,
1.368536,7897,20545934,,178.30796814,0.72717679,-179.54846191,,,,,0.27930984,-1.31581116,-9.53452015,-0.38217926,-1.60017157,-0.32961130,-4.02686780,8.50635260,-1.32490409,0.07143907,0.29745814,0.96451038,,,,,,,3,,,,,,,,,
1.378478,7898,20546034,,178.35926819,0.73367548,-179.50994873,,,,,-0.99102378,2.39573097,-10.21052265,0.83486021,2.10946965,0.47063780,2.00281253,-7.24231169,-3.26674352,0.07364331,0.29790276,0.96057039,,,,,,,3,,,,,,,,,
1.388540,7899,20546134,,178.28268433,0.79041898,-179.48623657,,,,,1.12236524,-1.63433588,-9.45164871,-1.23305500,-1.93150508,-0.43444085,-7.84445348,0.01252237,-1.38827458,0.07749297,0.29399782,0.96102262,,,,,,,3,,,,,,,,,
1.398613,7900,20546234,,178.25527954,0.73899293,-179.49208069,,,,,-1.82693875,0.99090266,-9.96122360,1.68858433,0.70442855,0.19282937,0.58826920,-0.07368701,-0.85828691,0.07939786,0.28772113,0.97181749,,,,,,,3,,,,,,,,,
1.408495,7901,20546334,,178.25520325,0.81962246,-179.44583130,,,,,1.08883774,0.48646644,-10.02108479,-1.23465824,0.16844910,0.19935393,-1.53547423,-3.82108359,-3.28652887,0.08291210,0.28957868,0.97928602,,,,,,,3,,,,,,,,,
1.418490,7902,20546434,,178.19088745,0.80656433,-179.46206665,,,,,0.16826470,-0.98806691,-9.02326298,-0.28189528,-1.27599251,-0.83211958,-4.24547910,1.93100056,0.94722056,0.07591833,0.29209507,0.98225933,,,,,,,3,,,,,,,,,
1.428450,7903,20546534,,178.24128723,0.77048689,-179.44941711,,,,,-1.96779966,2.98038173,-10.76975822,1.79434073,2.66423035,1.06530881,0.67764991,0.12308887,-2.84139477,0.07364185,0.29117858,0.97035909,,,,,,,3,,,,,,,,,
1.438471,7904,20546634,,178.18601990,0.80042690,-179.41593933,,,,,1.65462399,-1.90509689,-9.28305626,-1.76311386,-2.21932459,-0.62293363,-6.87617214,-2.87846007,-0.55584282,0.08172320,0.28720242,0.97083145,,,,,,,3,,,,,,,,,
1.448452,7905,20546734,,178.11891174,0.80967104,-179.45072937,,,,,-1.43051422,0.54990149,-10.12518501,1.28642726,0.23300946,0.33860970,-0.50362304,1.85232788,0.78316987,0.08497655,0.28426298,0.98168600,,,,,,,3,,,,,,,,,
1.458465,7906,20546834,,178.18493652,0.74755800,-179.39135742,,,,,0.33002311,1.11226416,-9.90878010,-0.46698660,0.79359525,0.11547041,1.92742474,4.48812627,-4.49426575,0.08339952,0.28957027,0.97978306,,,,,,,3,,,,,,,,,
1.468562,7907,20546934,,178.13093567,0.78724641,-179.38555908,,,,,1.07786226,-1.49615371,-8.65354252,-1.17593610,-1.79408050,-1.23255789,-6.44561580,-1.87732402,1.06883635,0.07770561,0.28966677,0.97827178,,,,,,,3,,,,,,,,,
1.478559,7908,20547034,,178.11276245,0.74822223,-179.41003418,,,,,-2.40090322,1.54027927,-11.00795364,2.24480128,1.20296693,1.26375437,1.09280188,3.00664244,0.33247202,0.08106001,0.28433087,0.97721457,,,,,,,3,,,,,,,,,
1.488463,7909,20547134,,178.16403198,0.70346677,-179.36752319,,,,,1.53680837,0.45786792,-9.83116913,-1.65867877,0.12773234,0.00410342,5.27502126,2.72424272,-2.61765143,0.08494107,0.28618354,0.98171622,,,,,,,3,,,,,,,,,
1.498476,7910,20547234,,178.13714600,0.77325773,-179.37905884,,,,,1.07388210,-1.76288426,-8.53576469,-1.16517949,-2.05287623,-1.36033261,-1.41894448,-3.39544434,1.46556191,0.07972417,0.28963104,0.98223937,,,,,,,3,,,,,,,,,
1.508467,7911,20547334,,178.17982483,0.71421856,-179.40786743,,,,,-3.08354616,3.01313615,-10.95933723,2.91886163,2.69400883,1.26949930,1.51482198,4.12142878,0.99435922,0.08138299,0.28576690,0.97377557,,,,,,,3,,,,,,,,,
1.518494,7912,20547434,,178.20674133,0.68959546,-179.36665344,,,,,1.95187986,-0.74708283,-9.59810066,-2.05558920,-1.06769836,-0.27127433,3.32090222,0.31039829,-3.33409751,0.08339372,0.28429180,0.97673082,,,,,,,3,,,,,,,,,
1.528477,7913,20547534,,178.16807556,0.79367870,-179.37280273,,,,,1.03440690,-2.08794236,-9.06994915,-1.13210607,-2.38839793,-0.83739448,-0.32080086,-6.19683555,1.14550362,0.07746091,0.28678879,0.98317254,,,,,,,3,,,,,,,,,
1.538553,7914,20547634,,178.20196533,0.75240308,-179.39337158,,,,,-3.17443204,3.76352930,-11.06182289,2.99049377,3.44344592,1.39953756,-2.99653205,1.26577119,0.67360313,0.08183493,0.28767902,0.97430289,,,,,,,3,,,,,,,,,
1.548450,7915,20547734,,178.20985413,0.70972723,-179.34800720,,,,,1.80150437,-0.91723299,-9.44918919,-1.90607774,-1.23160028,-0.42569673,2.43448497,0.01478700,-3.36577656,0.08236566,0.28718945,0.97578204,,,,,,,3,,,,,,,,,
1.558567,7916,20547834,,178.16632080,0.84605682,-179.35494995,,,,,1.62826550,-2.78237724,-8.52469730,-1.71718788,-3.07259393,-1.41557300,-0.71169643,-6.73281799,0.80898719,0.07931454,0.28915730,0.98371410,,,,,,,3,,,,,,,,,
1.568564,7917,20547934,,178.18368530,0.83569562,-179.37084961,,,,,-2.91959906,3.17594790,-11.59724140,2.71736503,2.83342004,1.91542816,-4.36077440,-0.84137104,0.31617693,0.08393964,0.28764078,0.98074472,,,,,,,3,,,,,,,,,
1.578536,7918,20548034,,178.21919250,0.73196828,-179.31770325,,,,,0.80807835,0.64870095,-9.61569595,-0.93337947,0.34380722,-0.19551826,8.18487864,6.79039521,-4.22665553,0.08490662,0.28618455,0.98072654,,,,,,,3,,,,,,,,,
1.588519,7919,20548134,,178.23869324,0.81857067,-179.28604126,,,,,1.17504478,-2.53770828,-7.02675676,-1.24192262,-2.77283192,-2.88884258,-2.51050198,-7.09916373,-2.01630920,0.08276541,0.29006287,0.97533476,,,,,,,3,,,,,,,,,
1.598595,7920,20548234,,178.19424438,0.87995583,-179.31753540,,,,,-0.41912821,0.62447518,-13.07743168,0.21959186,0.21481609,3.27468657,-2.67987851,-2.61629713,2.29440504,0.08367968,0.29052767,0.97485197,,,,,,,3,,,,,,,,,
1.608483,7921,20548334,,178.23460388,0.74666321,-179.29106140,,,,,-1.49171221,3.55749774,-9.59299850,1.33032203,3.28166461,-0.09946966,8.55545653,12.51512125,-3.92477397,0.08295543,0.28909752,0.98026812,,,,,,,3,,,,,,,,,
1.618551,7922,20548434,,178.30070496,0.71103895,-179.24343872,,,,,1.12646008,-1.96655118,-8.22323799,-1.20662189,-2.23703909,-1.66606402,-7.79697769,-6.76548508,-1.12831374,0.08184278,0.28911841,0.97531521,,,,,,,3,,,,,,,,,
1.628486,7923,20548534,,178.13389587,0.85040784,-179.29481506,,,,,0.72214335,-1.41385853,-11.37994576,-0.86249936,-1.78682280,1.49298358,-3.11120602,-2.31025642,0.26445855,0.07866473,0.28677112,0.97724122,,,,,,,3,,,,,,,,,
1.638489,7924,20548634,,178.18147278,0.74420869,-179.27815247,,,,,-2.57918549,5.96789265,-10.73186588,2.37433052,5.65656471,1.13071942,-1.01860810,6.68664335,-2.96902069,0.07958686,0.28867531,0.97777075,,,,,,,3,,,,,,,,,
1.648512,7925,20548734,,178.20397949,0.71279669,-179.19665527,,,,,1.30429244,-4.10480118,-7.61135960,-1.33835697,-4.36327982,-2.36272192,-1.59658692,-6.46693666,-4.19315772,0.08041499,0.28914267,0.97481370,,,,,,,3,,,,,,,,,
1.658461,7926,20548834,,178.01649475,0.93641007,-179.23237610,,,,,1.70272350,-1.27217543,-10.14418888,-1.83442914,-1.64806855,0.25185239,-11.43874405,-7.47259407,0.50567658,0.07905714,0.28724536,0.97527158,,,,,,,3,,,,,,,,,
1.668477,7927,20548934,,177.95124817,0.83190137,-179.23771667,,,,,-4.74080753,2.70040131,-12.08907223,4.54052353,2.32000184,2.43662882,3.00187134,7.83928132,-3.89636551,0.08014472,0.28578559,0.97871733,,,,,,,3,,,,,,,,,
1.678430,7928,20549034,,178.12997437,0.66601038,-179.08786011,,,,,2.58003426,-0.24645236,-7.53668690,-2.66756082,-0.53446788,-2.34437799,6.73806870,1.58183019,-8.47465369,0.08265419,0.28862649,0.97135341,,,,,,,3,,,,,,,,,
1.688492,7929,20549134,,178.18177795,0.92911553,-179.07299805,,,,,3.07734871,-5.97475815,-7.30797577,-3.07952166,-6.25940514,-2.74520802,4.63509401,-7.79271138,-1.84100172,0.08099255,0.29105702,0.96544647,,,,,,,3,,,,,,,,,
1.698495,7930,20549234,,178.16690063,0.95447189,-179.07247925,,,,,-5.12285995,7.04477882,-14.09823418,4.77876186,6.66642237,4.58295202,-3.51162373,-3.46066048,-1.21230202,0.08025943,0.29010701,0.97087008,,,,,,,3,,,,,,,,,
1.708456,7931,20549334,,178.26216125,0.68274015,-178.96081543,,,,,1.58630276,0.24678437,-9.15901470,-1.69500458,-0.05870068,-0.69467211,6.63853364,17.37678331,-6.53932258,0.07050306,0.29602829,0.97734684,,,,,,,3,,,,,,,,,
1.718522,7932,20549434,,178.27835083,0.76882899,-178.94303894,,,,,1.35438597,-0.95464045,-6.73884583,-1.43227696,-1.18604112,-3.12912273,-0.31706328,-12.38919903,-1.56143482,0.06512018,0.30379957,0.97546375,,,,,,,3,,,,,,,,,
1.728648,7933,20549534,,178.13279724,1.03022408,-179.01866150,,,,,1.32103801,1.67611265,-13.01366711,-1.56810260,1.22850561,3.20926762,-8.92350469,-12.66137097,2.53903168,0.07041588,0.29795036,0.97589248,,,,,,,3,,,,,,,,,
1.738523,7934,20549634,,178.14134216,0.87701195,-178.99349976,,,,,-4.25615311,3.48488498,-10.66851234,4.05294657,3.20341110,1.03330278,6.29716505,16.50654549,-9.06001200,0.06671700,0.29369295,0.97531176,,,,,,,3,,,,,,,,,
1.748470,7935,20549734,,178.22375488,0.64850527,-178.80116272,,,,,1.55160391,-4.30735874,-7.06699657,-1.54681540,-4.56434584,-2.92650652,-2.46277305,0.49689029,-8.45056190,0.06779484,0.29704404,0.95409560,,,,,,,3,,,,,,,,,
1.758488,7936,20549834,,178.11868286,0.93736047,-178.82714844,,,,,4.30110598,-3.63162088,-8.71576691,-4.34429741,-4.00454855,-1.29361081,-3.50955653,-8.17353029,-1.78558999,0.06690615,0.29705834,0.95557564,,,,,,,3,,,,,,,,,
1.768433,7937,20549934,,178.08528137,0.94676614,-178.82022095,,,,,-3.44169807,7.06613874,-12.64987755,3.09204698,6.71139574,3.10499001,-4.10732188,1.85786482,-3.35433642,0.06837428,0.29270810,0.96837783,,,,,,,3,,,,,,,,,
1.778551,7938,20550034,,178.22552490,0.71604568,-178.66098022,,,,,-0.19795732,-1.15125263,-9.47999191,0.11197025,-1.43635726,-0.38545108,11.27986788,15.32693937,-11.95561008,0.07584326,0.29018959,0.95204836,,,,,,,3,,,,,,,,,
1.788469,7939,20550134,,178.27081299,0.69575346,-178.53224182,,,,,-0.66841263,-2.94108701,-5.73484182,0.68647766,-3.11036348,-4.15797615,-3.65979764,-1.42546219,-6.65300595,0.06775203,0.29656541,0.95260352,,,,,,,3,,,,,,,,,
1.798468,7940,20550234,,178.10932922,0.78355587,-178.57081604,,,,,1.11633480,1.28595436,-14.20124340,-1.32822073,0.79055095,4.39466953,-6.79596138,-4.02169222,-1.65930556,0.06130905,0.30002534,0.97192156,,,,,,,3,,,,,,,,,
1.808501,7941,20550334,,178.19999695,0.72229594,-178.54064941,,,,,-1.18622088,3.00287223,-10.95758057,0.98583972,2.68696880,1.25087786,14.65957184,7.21659175,-5.25602907,0.06544725,0.29755747,0.96794522,,,,,,,3,,,,,,,,,
1.818450,7942,20550434,,178.36187744,0.71508676,-178.44761658,,,,,-0.06020318,-2.26671767,-6.41205835,0.04338455,-2.46078396,-3.47593737,2.38809069,-9.73562102,-7.03428760,0.06523257,0.30572760,0.95273596,,,,,,,3,,,,,,,,,
1.828474,7943,20550534,,178.23661804,0.98927450,-178.42883301,,,,,3.02683830,-4.65156937,-10.01539421,-3.05269742,-5.04067469,-0.00949383,-4.99708038,-13.80729742,-5.18707233,0.05895957,0.30678907,0.96212173,,,,,,,3,,,,,,,,,
1.838461,7944,20550634,,178.20875549,0.95531565,-178.35569763,,,,,-4.21835089,5.76176643,-14.40333557,3.81660891,5.41878557,4.81224203,4.08096460,2.54044020,-8.12895049,0.05832350,0.30151731,0.96797216,,,,,,,3,,,,,,,,,
1.848481,7945,20550734,,178.39576721,0.64933693,-178.21406555,,,,,0.88522416,0.46426016,-6.89893198,-0.96380025,0.24719644,-2.95345545,-0.38020008,13.86032444,-6.29990780,0.06510268,0.29756761,0.95804846,,,,,,,3,,,,,,,,,
1.858450,7946,20550834,,178.26533508,0.78612077,-178.18855286,,,,,0.47382089,-1.46413565,-5.20069695,-0.49178600,-1.62654662,-4.67717934,-3.86678311,-6.63884654,-5.69363374,0.06940531,0.29365528,0.95800805,,,,,,,3,,,,,,,,,
1.868488,7947,20550934,,178.13305664,0.92212260,-178.20210266,,,,,4.18016052,1.59815788,-15.51162910,-4.44455099,0.94796610,5.66346645,-13.56210131,-0.77942768,-0.38019936,0.06535326,0.29612061,0.96445864,,,,,,,3,,,,,,,,,
1.878581,7948,20551034,,178.09120178,0.87095487,-178.22326660,,,,,-3.30525088,1.74410379,-10.42705536,3.11161566,1.49638796,0.72326517,6.57432986,3.78146807,-6.74573303,0.05725366,0.30201679,0.96451139,,,,,,,3,,,,,,,,,
1.888529,7949,20551134,,178.30017090,0.73584735,-178.02458191,,,,,-1.23909783,-0.71324229,-7.77283621,1.18115568,-0.90739429,-2.04560947,1.21839913,3.52357165,-10.72118828,0.05117409,0.31460145,0.95874304,,,,,,,3,,,,,,,,,
1.898503,7950,20551234,,178.20190430,0.87877619,-177.93321228,,,,,1.19932401,-4.60759211,-7.62415695,-1.13847208,-4.88186169,-2.36353588,1.58986249,-11.75131400,-8.35458750,0.05175702,0.31315055,0.96119678,,,,,,,3,,,,,,,,,
1.908498,7951,20551334,,178.22767639,0.94295108,-177.88078308,,,,,-0.64686424,4.97509670,-14.36714840,0.24030542,4.53928900,4.70795155,-0.36468186,-9.54878204,-2.76671647,0.05886209,0.30246711,0.97046369,,,,,,,3,,,,,,,,,
1.918502,7952,20551434,,178.31974792,0.83134919,-177.83462524,,,,,-1.26572144,1.13326573,-8.60773277,1.12608981,0.92079234,-1.17194223,10.94000108,7.78368699,-9.40596023,0.06425877,0.30382490,0.95072186,,,,,,,3,,,,,,,,,
1.928474,7953,20551534,,178.38905334,0.92091370,-177.78195190,,,,,-0.03910741,-1.89084983,-6.44003057,-0.00324988,-2.07321119,-3.45493698,5.15560224,-15.76866308,-4.72211318,0.06161241,0.30867195,0.94484824,,,,,,,3,,,,,,,,,
1.938528,7954,20551634,,178.46510315,1.25133324,-177.71311951,,,,,3.53143930,-3.54397035,-9.55264950,-3.56737924,-3.94389749,-0.44702911,8.61286001,-8.45338619,-10.16901018,0.06360923,0.30767119,0.96116948,,,,,,,3,,,,,,,,,
1.948513,7955,20551734,,178.43814087,1.22573960,-177.64167786,,,,,0.67786694,5.82847023,-15.64368057,-1.23341489,5.34282303,5.94985008,-7.46496219,1.44808399,-0.34196273,0.06289256,0.30144796,0.95067739,,,,,,,3,,,,,,,,,
1.958504,7956,20551834,,178.46974182,0.94961756,-177.62821960,,,,,-3.19397926,-0.61764067,-6.96211958,3.14121222,-0.68297768,-2.81038094,12.07950630,23.71243434,-10.37048625,0.05334207,0.31169391,0.93842274,,,,,,,3,,,,,,,,,
1.968529,7957,20551934,,178.61210632,0.73072249,-177.49903870,,,,,-2.28555250,0.06528179,-9.34425831,2.17026949,-0.07296658,-0.47594738,3.10301961,7.03882157,-4.35285352,0.04947595,0.32087204,0.95388621,,,,,,,3,,,,,,,,,
1.978507,7958,20552034,,178.63374329,0.85906792,-177.42749023,,,,,3.90423942,-4.23129368,-6.99805403,-3.81244683,-4.57208586,-2.99662113,7.16822206,-0.94472135,-10.60429984,0.05398684,0.31407431,0.95825404,,,,,,,3,,,,,,,,,
1.988522,7959,20552134,,178.58036804,0.87744790,-177.37590027,,,,,1.46917868,1.57994759,-13.20850372,-1.72191715,1.16043568,3.40356660,-9.21777144,-4.24118718,1.37823132,0.05734279,0.30585909,0.95566702,,,,,,,3,,,,,,,,,
1.998493,7960,20552234,,178.48770142,0.86150748,-177.41532898,,,,,-4.95661879,4.52639771,-10.50896454,4.60771322,4.45682335,0.89604425,6.70516000,4.32439340,-4.91303404,0.05634971,0.30779600,0.95519793,,,,,,,3,,,,,,,,,
2.008586,7961,20552334,,178.72338867,0.70603722,-177.28871155,,,,,-0.02040322,-1.30914116,-6.75330591,-0.00339949,-1.45816350,-3.12374020,5.33939110,2.00131864,-7.91057483,0.05681734,0.31258693,0.95774990,,,,,,,3,,,,,,,,,
2.018583,7962,20552434,,178.68768311,0.87750614,-177.24339294,,,,,3.75945234,-3.89109182,-9.58783245,-3.68848562,-4.28608227,-0.39434052,0.22067302,-1.73541297,-6.75516296,0.04435362,0.31519321,0.96564484,,,,,,,3,,,,,,,,,
2.028542,7963,20552534,,178.60556030,1.00330877,-177.23698425,,,,,2.34933281,2.09052777,-12.31148434,-2.65195966,1.65473890,2.48992038,-12.89054516,-13.66696264,1.07996913,0.04359747,0.30896524,0.96752143,,,,,,,3,,,,,,,,,
2.038537,7964,20552634,,178.58773804,0.97050786,-177.22961426,,,,,-4.43457270,3.11170697,-9.96769142,4.12878132,3.07434273,0.30859327,10.89824216,12.36174508,-6.48212529,0.05820487,0.30728522,0.95420963,,,,,,,3,,,,,,,,,
2.048526,7965,20552734,,178.75837708,0.78795707,-177.12702942,,,,,-0.99015182,-1.02705610,-8.42933273,0.91308296,-1.17249370,-1.42873192,3.75613191,-3.77678597,-4.31564137,0.05318677,0.31889069,0.95139962,,,,,,,3,,,,,,,,,
2.058536,7966,20552834,,178.74530029,0.94740433,-177.07331848,,,,,3.61595869,-5.23400450,-8.07872486,-3.46476746,-5.59169436,-1.92350948,4.08247408,-5.80862638,-8.36207510,0.04818548,0.32185200,0.95785332,,,,,,,3,,,,,,,,,
2.068500,7967,20552934,,178.66696167,1.04868042,-177.03042603,,,,,1.49940681,5.27368355,-14.29322624,-2.01288486,4.82670593,4.55946064,-10.50454664,-10.20807459,2.27963092,0.05537284,0.31165192,0.95624357,,,,,,,3,,,,,,,,,
2.078511,7968,20553034,,178.69247437,0.94292313,-177.04832458,,,,,-3.56332397,0.18403143,-8.25431824,3.44915390,0.17058927,-1.48531461,12.44084209,11.83054078,-8.99109710,0.05170098,0.31459779,0.94687140,,,,,,,3,,,,,,,,,
2.088515,7969,20553134,,178.88363647,0.78417814,-176.92826843,,,,,-2.27521920,0.24434295,-8.49171448,2.14576125,0.18283939,-1.30245471,-2.34406692,2.30863126,-2.42854014,0.04079444,0.32629955,0.95046526,,,,,,,3,,,,,,,,,
2.098500,7970,20553234,,178.79617310,0.87291932,-176.88975525,,,,,3.94699907,-2.54832482,-9.43842697,-3.93652725,-2.94825745,-0.52630115,3.97834613,1.16921665,-7.29130976,0.03674289,0.32780513,0.95640588,,,,,,,3,,,,,,,,,
2.108536,7971,20553334,,178.68980408,0.97800410,-176.89080811,,,,,4.59895945,-2.05232573,-10.19015789,-4.64598846,-2.54945278,0.22833657,-17.37313769,-11.02459639,4.47232975,0.04279150,0.31810659,0.94935608,,,,,,,3,,,,,,,,,
2.118523,7972,20553434,,178.58276367,1.06897008,-176.97323608,,,,,-5.87226486,6.43360233,-11.42847919,5.32486296,6.45034313,1.86023176,9.45233465,3.33605990,-2.46243538,0.04994971,0.31414574,0.95031875,,,,,,,3,,,,,,,,,
2.128582,7973,20553534,,178.91419983,0.80927336,-176.80419922,,,,,-2.74627113,-0.41702703,-9.71542168,2.63528872,-0.45874715,-0.10118747,9.65096338,9.06966733,-7.47297657,0.04212286,0.32820368,0.93565929,,,,,,,3,,,,,,,,,
2.138509,7974,20553634,,178.86650085,0.77837831,-176.76647949,,,,,1.32008052,-2.34747291,-6.08811569,-1.26106834,-2.53946686,-3.80671215,1.93844547,-1.39958367,-2.62150131,0.04644954,0.32764980,0.93814605,,,,,,,3,,,,,,,,,
2.148534,7975,20553734,,178.78684998,0.94014245,-176.79740906,,,,,7.65815687,-5.92471457,-11.52583408,-7.49033737,-6.59419155,1.43808413,-6.00922519,-9.45775014,-0.28218521,0.04948686,0.31655285,0.95183885,,,,,,,3,,,,,,,,,
2.158493,7976,20553834,,178.73924255,1.11751592,-176.80841064,,,,,-3.21263075,9.25212002,-13.75115204,2.42681885,9.11500740,4.13506222,9.87277036,-7.40902380,-3.20137562,0.05226516,0.31602672,0.95036018,,,,,,,3,,,,,,,,,
2.168511,7977,20553934,,179.07397461,0.91858578,-176.70812988,,,,,-4.61687279,-0.10393912,-7.60462570,4.49152374,0.04274023,-2.19528103,12.45116250,12.87175445,-5.72515890,0.05474085,0.32032016,0.91580737,,,,,,,3,,,,,,,,,
2.178539,7978,20554034,,179.07334900,0.77503985,-176.69032288,,,,,-1.37036765,-1.93887353,-8.41832542,1.36306953,-2.00444555,-1.43942308,-0.37207210,-0.35628190,-1.69013938,0.05132690,0.32421815,0.91436774,,,,,,,3,,,,,,,,,
2.188564,7979,20554134,,179.03956604,0.91902471,-176.63296509,,,,,6.88434458,-4.31626511,-9.08026218,-6.75388432,-4.85392952,-0.96094859,2.83036657,-0.98025616,-7.92864154,0.04449059,0.31951988,0.94493413,,,,,,,3,,,,,,,,,
2.198532,7980,20554234,,178.90344238,1.07794333,-176.62062073,,,,,3.04408550,2.58686113,-11.40976238,-3.39663029,2.15798330,1.55700624,-16.34817731,-16.37688118,4.15485573,0.04689422,0.31755927,0.94540989,,,,,,,3,,,,,,,,,
2.208514,7981,20554334,,178.83734131,1.22216034,-176.70536804,,,,,-6.51153564,5.64257431,-12.88004208,5.91733980,5.73279095,3.30294108,11.80067748,-6.90145536,-4.42430754,0.04389776,0.32337046,0.94350785,,,,,,,3,,,,,,,,,
2.218542,7982,20554434,,179.20597839,0.99157923,-176.54191589,,,,,-3.99916959,-0.62275541,-6.64590883,3.91009712,-0.44794440,-3.19047880,4.33372216,9.07884795,-3.90232015,0.03887967,0.33497596,0.94069785,,,,,,,3,,,,,,,,,
2.228545,7983,20554534,,179.05177307,1.05527925,-176.61216736,,,,,-0.25629947,-2.09834003,-9.05506516,0.21643782,-2.24424171,-0.81478667,-4.58966856,-11.12366401,2.84633534,0.04715154,0.32907465,0.94559348,,,,,,,3,,,,,,,,,
2.238497,7984,20554634,,178.95144653,1.22945189,-176.56755066,,,,,6.94265270,-2.58296919,-11.16271305,-6.99219513,-3.19164419,1.09520245,-3.19904930,-0.88215756,-8.32564628,0.04409767,0.32000542,0.94741362,,,,,,,3,,,,,,,,,
2.248537,7985,20554734,,178.77923584,1.32917404,-176.56973267,,,,,1.96124315,1.22326255,-9.43128967,-2.24994612,0.87273502,-0.41113043,-23.77413314,-16.75785035,5.23529219,0.04421980,0.31712255,0.94934762,,,,,,,3,,,,,,,,,
2.258528,7986,20554834,,178.69277954,1.42989278,-176.59095764,,,,,-8.75676537,5.69930363,-14.11332893,8.07022953,5.85775709,4.62591171,6.25232571,-7.53813999,-7.37009001,0.03746185,0.32299703,0.94742769,,,,,,,3,,,,,,,,,
2.268564,7987,20554934,,178.94573975,1.25383389,-176.45153809,,,,,-4.48888969,1.68502331,-5.44657087,4.22819328,1.88681030,-4.34400368,-2.80866365,0.09438155,2.27831696,0.03473029,0.33553052,0.92980111,,,,,,,3,,,,,,,,,
2.278571,7988,20555034,,178.80989075,1.19494283,-176.47479248,,,,,2.48702121,-5.70004702,-6.19616127,-2.25666809,-5.98050404,-3.81406879,0.87132915,4.95862684,-4.90301245,0.04911074,0.33001229,0.92137498,,,,,,,3,,,,,,,,,
2.288554,7989,20555134,,178.80412292,1.55036390,-176.49366760,,,,,11.08518982,-4.36814022,-11.33580017,-11.05637741,-5.27864265,1.09810495,5.65875452,-10.81982817,-4.52934859,0.04710948,0.32044405,0.92616105,,,,,,,3,,,,,,,,,
2.298537,7990,20555234,,178.74902344,1.71262658,-176.47431946,,,,,0.45021930,0.91198862,-11.36027527,-0.84901190,0.62193251,1.46896791,-15.95844842,-11.83414627,2.30796233,0.04842452,0.32186276,0.92421103,,,,,,,3,,,,,,,,,
2.308566,7991,20555334,,178.64869690,1.64513361,-176.44580078,,,,,-8.86195278,8.44461441,-14.00527096,7.92450333,8.61349678,4.60040283,9.58149353,9.51497517,-8.36019936,0.04728125,0.32139874,0.93161935,,,,,,,3,,,,,,,,,
2.318560,7992,20555434,,178.93106079,1.14803183,-176.29785156,,,,,-4.55213022,-0.74202186,-6.86654234,4.43226337,-0.56450891,-3.00884438,1.84433101,22.92527894,-1.58316784,0.04423165,0.32048729,0.93802148,,,,,,,3,,,,,,,,,
2.328586,7993,20555534,,178.81387329,1.04652035,-176.34545898,,,,,0.28449470,-2.32354188,-7.94687033,-0.30554962,-2.50192761,-2.01750183,-3.88482078,-4.18448210,0.38692763,0.05069468,0.31846049,0.93356901,,,,,,,3,,,,,,,,,
2.338562,7994,20555634,,178.73101807,1.46070838,-176.37370300,,,,,7.65177679,-2.71627092,-9.93597031,-7.68725395,-3.41725636,-0.18787885,-4.22438364,-10.25469746,-3.99728113,0.03992168,0.32200047,0.93653959,,,,,,,3,,,,,,,,,
2.348654,7995,20555734,,178.58262634,1.56051612,-176.35021973,,,,,1.49509251,-2.77706504,-10.21363544,-1.58815289,-3.13986444,0.24958658,-15.92227915,-15.81734866,0.75194636,0.03646144,0.32253477,0.94543636,,,,,,,3,,,,,,,,,
2.358570,7996,20555834,,178.49700928,1.64224482,-176.30522156,,,,,-7.92492390,9.57054901,-13.73608971,6.91159534,9.66846371,4.33612919,2.77022868,-3.05627230,-5.80923170,0.04483181,0.31903592,0.94097006,,,,,,,3,,,,,,,,,
2.368711,7997,20555934,,178.70831299,1.31659639,-176.22502136,,,,,-3.55230427,-0.05698641,-5.68157339,3.40504503,0.06616068,-4.14287090,4.49994121,17.07955567,1.22483712,0.04699826,0.31900766,0.92217964,,,,,,,3,,,,,,,,,
2.378541,7998,20556034,,178.72502136,1.18200493,-176.28242493,,,,,1.70032084,-3.06294942,-8.12581444,-1.65677953,-3.37211561,-1.85068130,0.79731029,9.49611360,-0.77996614,0.04827731,0.32330671,0.92076987,,,,,,,3,,,,,,,,,
2.388564,7999,20556134,,178.59649658,1.43588257,-176.32388306,,,,,5.46017790,-1.91763067,-11.41671944,-5.57759953,-2.53537560,1.33686161,-5.87428584,-1.12448819,-2.69343067,0.03554178,0.32543519,0.93409818,,,,,,,3,,,,,,,,,
2.398550,8000,20556234,,178.47660828,1.39538360,-176.26786804,,,,,2.93710160,-3.90520954,-9.25990677,-2.89145327,-4.35873365,-0.73454094,-14.48471216,-9.06447980,-1.38695422,0.03740401,0.32109109,0.91771168,,,,,,,3,,,,,,,,,
2.408526,8001,20556334,,178.37690735,1.49800479,-176.24235535,,,,,-5.79933405,7.78278208,-17.19788551,4.83451700,7.61756420,7.66351938,0.85037200,-1.63460717,-0.66871116,0.04295276,0.31859949,0.91374201,,,,,,,3,,,,,,,,,
2.418514,8002,20556434,,178.57913208,1.27213466,-176.20565796,,,,,-5.55928230,2.80386806,-3.28195214,5.27238846,3.11186671,-6.40720654,7.58645674,10.04761210,4.14491439,0.04414720,0.32002172,0.90832812,,,,,,,3,,,,,,,,,
2.428603,8003,20556534,,178.67424011,1.01739836,-176.21269226,,,,,2.75187016,-4.67893314,-9.84722328,-2.57987022,-5.10918760,-0.16878319,2.80698748,20.91693012,-6.09406724,0.04048602,0.32584062,0.91433901,,,,,,,3,,,,,,,,,
2.438541,8004,20556634,,178.59254456,1.18689704,-176.18659973,,,,,5.52731085,-2.29552579,-7.60361099,-5.55248594,-2.85353422,-2.46976614,-1.77868926,-10.17373582,-1.31030872,0.02716202,0.33037394,0.93908191,,,,,,,3,,,,,,,,,
2.448565,8005,20556734,,178.44595337,1.34576702,-176.22628784,,,,,2.73528171,-3.04736304,-11.74237823,-2.79378057,-3.56496954,1.74922323,-12.65921348,-15.42396392,4.08938495,0.03187633,0.32309631,0.93552703,,,,,,,3,,,,,,,,,
2.458547,8006,20556834,,178.39195251,1.44657862,-176.22773743,,,,,-5.38391495,9.64678860,-10.90007687,4.46220636,9.64260483,1.46030807,4.57930204,-6.17164410,-3.96245783,0.03704154,0.31965029,0.93351936,,,,,,,3,,,,,,,,,
2.468658,8007,20556934,,178.60523987,1.20254946,-176.13426208,,,,,-7.43988466,1.08860409,-13.82396507,7.07507992,1.23500538,4.11830950,3.58504805,11.99200218,-3.71308336,0.03183767,0.32695419,0.89600718,,,,,,,3,,,,,,,,,
2.478696,8008,20557034,,178.61738586,1.08588386,-176.10362244,,,,,-1.06007564,-1.67039931,-5.07428741,1.00963926,-1.72316694,-4.86397552,-4.18762697,-21.68007740,-0.34435050,0.03061756,0.33465630,0.89216489,,,,,,,3,,,,,,,,,
2.488544,8009,20557134,,178.46850586,1.43638015,-176.14126587,,,,,5.41347551,-2.88831472,-6.71221972,-5.33564615,-3.45060301,-3.32369280,-10.68189421,-7.37035980,4.80593753,0.02212243,0.33382219,0.93119508,,,,,,,3,,,,,,,,,
2.498610,8010,20557234,,178.32286072,1.66158605,-176.17471313,,,,,5.51774311,-4.09711742,-8.69023991,-5.47350121,-4.74043083,-1.42623138,-6.04409459,-13.20662326,-3.83580009,0.03245875,0.32260522,0.93849075,,,,,,,3,,,,,,,,,
2.508609,8011,20557334,,178.27453613,1.69903386,-176.09498596,,,,,-0.86785567,2.85410857,-17.01952934,0.21171117,2.34486294,7.27650738,-6.74832124,2.39255038,-3.73483068,0.04366952,0.31521925,0.93249291,,,,,,,3,,,,,,,,,
2.518574,8012,20557434,,178.25129700,1.55488849,-176.10371399,,,,,-6.00935984,5.90263939,-13.20096684,5.30610180,5.84920025,3.70693493,6.41030543,-0.85193168,-0.35713506,0.03533775,0.32305363,0.89992106,,,,,,,3,,,,,,,,,
2.528597,8013,20557534,,178.39074707,1.50339770,-176.11250305,,,,,-4.47568130,-0.23763171,-5.74754047,4.31881237,-0.10032201,-4.04297018,-4.07713500,2.91571982,3.59809029,0.04063091,0.32200325,0.90289950,,,,,,,3,,,,,,,,,
2.538705,8014,20557634,,178.35311890,1.54829383,-176.14300537,,,,,0.17682540,-0.51463938,-1.52696002,-0.18808317,-0.58526325,-8.33482742,-0.49273198,-4.30558946,-1.66785717,0.04998381,0.31751573,0.92612910,,,,,,,3,,,,,,,,,
2.548551,8015,20557734,,178.27192688,1.76484835,-176.14053345,,,,,3.76163840,-4.94738483,-7.89674234,-3.63972092,-5.47530222,-2.21751976,-11.40771280,-9.15191732,-1.56306563,0.04002223,0.32056379,0.92513788,,,,,,,3,,,,,,,,,
2.558664,8016,20557834,,178.14384460,1.91160583,-176.07312012,,,,,4.53224897,-1.93343401,-14.42057323,-4.81172943,-2.73879838,4.36839294,-2.29081685,-13.24139405,-6.93621035,0.02458132,0.32514164,0.92958570,,,,,,,3,,,,,,,,,
2.568569,8017,20557934,,178.06393433,2.00565290,-176.01710510,,,,,0.28943640,4.90064478,-19.14776039,-1.23542213,4.16726828,9.42389774,-11.24950854,-2.68075875,1.88565280,0.02999908,0.32601303,0.92368960,,,,,,,3,,,,,,,,,
2.578543,8018,20558034,,177.93943787,1.90753973,-176.08843994,,,,,-4.92234325,6.22967768,-8.45944691,4.20592165,6.21309376,-0.98355770,-2.64522469,14.49591709,-0.54242614,0.03286701,0.32836944,0.91285658,,,,,,,3,,,,,,,,,
2.588542,8019,20558134,,178.00393677,1.60953009,-176.07989502,,,,,-5.82412481,0.55382264,-3.92842007,5.67133284,0.79245234,-5.75425577,-7.31680344,17.44575456,-0.54965761,0.03702832,0.32157612,0.92068601,,,,,,,3,,,,,,,,,
2.598603,8020,20558234,,177.94900513,1.52073109,-176.07856750,,,,,0.41807458,-3.70793724,-3.95400572,-0.29371929,-3.88923216,-6.05347681,-5.30350443,-4.55951669,-1.30558543,0.04683340,0.31180847,0.92701244,,,,,,,3,,,,,,,,,
2.608587,8021,20558334,,177.79649353,1.76124084,-176.06350708,,,,,6.51851749,-2.85916805,-14.85518932,-6.68838120,-3.90361404,4.69782829,-13.04389059,-9.49147249,-1.68688213,0.03064461,0.32024145,0.92558050,,,,,,,3,,,,,,,,,
2.618677,8022,20558434,,177.64309692,2.06078839,-176.06278992,,,,,6.71911383,-3.93830419,-18.06293678,-7.00402021,-5.15370703,7.78267574,-7.22057632,-11.30885008,-3.32900475,0.01219103,0.32871142,0.92661154,,,,,,,3,,,,,,,,,
2.628613,8023,20558534,,177.56910706,2.04324389,-176.04757690,,,,,-3.20783901,9.35627556,-10.57520962,2.17345238,9.06313610,1.23519564,-17.61462074,-0.50337806,2.41726670,0.02134775,0.32328176,0.91667628,,,,,,,3,,,,,,,,,
2.638587,8024,20558634,,177.53799438,1.87348676,-176.07641602,,,,,-7.88562012,0.47063878,-5.65506124,7.68790245,0.72914147,-3.86724758,8.65297285,6.91124943,-4.15544526,0.03206223,0.31638438,0.91018897,,,,,,,3,,,,,,,,,
2.648608,8025,20558734,,177.81494141,1.71502674,-175.97778320,,,,,-3.33560181,0.54867762,-3.63375497,3.17056847,0.60737228,-6.11415911,8.23710996,0.43500450,0.06681368,0.02427164,0.33379447,0.91190982,,,,,,,3,,,,,,,,,
2.658635,8026,20558834,,177.81042480,1.59474075,-175.98554993,,,,,4.78692436,-3.42187881,-11.18601704,-4.79818344,-4.19260406,1.07206798,9.94315546,10.86177748,-2.04479194,0.03183257,0.33655187,0.90110672,,,,,,,3,,,,,,,,,
2.668605,8027,20558934,,177.80334473,1.93006885,-176.05986023,,,,,7.78546429,-3.53450179,-15.51587105,-7.97239399,-4.65119076,5.25510168,10.16766719,-0.57084144,-2.89106540,0.03969258,0.31818002,0.90085524,,,,,,,3,,,,,,,,,
2.678568,8028,20559034,,177.89776611,1.75334537,-175.92723083,,,,,-0.36860040,-0.55906147,-8.90064335,0.15334082,-0.88551235,-0.94114852,-0.50143348,10.09476431,-6.12135128,0.01750973,0.33633357,0.85402918,,,,,,,3,,,,,,,,,
2.688612,8029,20559134,,177.82458496,1.65190959,-175.88533020,,,,,-4.15590477,7.11876440,-10.30555916,3.35275793,6.95941257,0.84189796,-1.54094372,3.57807314,0.99534607,0.01095169,0.33884308,0.85601509,,,,,,,3,,,,,,,,,
2.698757,8030,20559234,,177.89456177,1.51168358,-175.86833191,,,,,-6.68070459,1.15622044,-7.05915976,6.40319920,1.34696460,-2.55414629,7.45344820,8.71132743,-3.84012018,0.02276820,0.32085836,0.91565555,,,,,,,3,,,,,,,,,
2.708616,8031,20559334,,178.17936707,1.02183211,-175.73474121,,,,,2.90331721,-2.47123766,-10.10671234,-2.84106350,-3.01384449,0.11899137,18.12788555,35.03920171,-8.69507158,0.01624889,0.33152458,0.92321312,,,,,,,3,,,,,,,,,
2.718656,8032,20559434,,178.29469299,1.07607865,-175.83096313,,,,,-0.77297771,0.00489579,-7.06162834,0.61985731,-0.14908075,-2.79781175,9.83667964,-11.90379029,5.18708599,0.01933388,0.34011891,0.90852189,,,,,,,3,,,,,,,,,
2.728636,8033,20559534,,178.40081787,1.26180685,-175.84216309,,,,,1.69124103,-5.20365238,-7.76575947,-1.45609045,-5.54022646,-2.25870323,15.32153670,-2.12138675,-0.59581720,0.02375896,0.33814618,0.85903686,,,,,,,3,,,,,,,,,
2.738619,8034,20559634,,178.56903076,1.38509095,-175.77957153,,,,,3.34101176,-1.24999762,-11.41287708,-3.48238659,-1.79386687,1.45509815,20.10094620,-3.55130542,-2.26451101,0.01860005,0.34591088,0.86358672,,,,,,,3,,,,,,,,,
2.748663,8035,20559734,,178.71881104,1.45012712,-175.71247864,,,,,0.41547304,0.00859912,-12.37834263,-0.69188952,-0.32134342,2.51639557,13.49991414,0.97669528,-2.22498983,0.02534038,0.34481794,0.90813166,,,,,,,3,,,,,,,,,
2.758693,8036,20559834,,178.76884460,1.36732662,-175.71336365,,,,,-1.65988302,3.77249765,-12.02707291,1.09326649,3.61320257,2.28991652,8.50303227,3.01019158,0.85526823,0.03165628,0.33463162,0.90849680,,,,,,,3,,,,,,,,,
2.768577,8037,20559934,,178.87100220,1.15783584,-175.69697571,,,,,-3.82759047,6.45972586,-11.44154072,3.11455989,6.48099232,1.80369616,12.38335324,11.59881124,-6.22990604,0.02462908,0.33522949,0.90946054,,,,,,,3,,,,,,,,,
2.778697,8038,20560034,,179.03533936,0.91087264,-175.65716553,,,,,-1.67780721,-0.79208088,-7.69473410,1.63840544,-0.79339361,-2.14944553,9.55331644,2.48273919,-1.94824700,0.00945793,0.34412423,0.91051477,,,,,,,3,,,,,,,,,
2.788638,8039,20560134,,179.16275024,0.85434133,-175.64346313,,,,,0.74960732,-1.44343054,-8.84992123,-0.76730311,-1.63691318,-1.03656483,5.37017306,0.98643652,0.33732597,0.00957802,0.34508047,0.91448861,,,,,,,3,,,,,,,,,
2.798561,8040,20560234,,179.22882080,0.90753239,-175.69911194,,,,,0.58368635,-0.10869120,-9.14090919,-0.70301151,-0.28907824,-0.69398713,6.52458687,-1.18245558,2.76609705,0.02612271,0.34096181,0.91500115,,,,,,,3,,,,,,,,,
2.808734,8041,20560334,,179.26322937,1.01124513,-175.75282288,,,,,-0.48852241,-0.19624040,-9.50057411,0.34333944,-0.28328633,-0.33278775,9.36049166,-3.80315861,-0.38308399,0.02899850,0.34475765,0.90518045,,,,,,,3,,,,,,,,,
2.818662,8042,20560434,,179.35574341,1.12992024,-175.76519775,,,,,-0.09486604,-1.76635957,-9.36381435,0.05674076,-1.87425900,-0.49112177,6.35740860,-3.59124986,1.31310461,0.02730291,0.34622940,0.89777386,,,,,,,3,,,,,,,,,
2.828574,8043,20560534,,179.37144470,1.24278164,-175.76881409,,,,,1.53626823,-0.33028248,-9.42497826,-1.70860147,-0.56380999,-0.44252861,0.72841326,-9.66430274,1.51926150,0.02575888,0.34481153,0.90664935,,,,,,,3,,,,,,,,,
2.838738,8044,20560634,,179.36161804,1.45383525,-175.76374817,,,,,0.70704830,-0.51406991,-8.36812592,-0.87776387,-0.67958498,-1.49785137,-1.16468076,-12.46041912,0.45875478,0.02036416,0.34921810,0.91609251,,,,,,,3,,,,,,,,,
2.848632,8045,20560734,,179.34106445,1.62327957,-175.74316406,,,,,0.87804186,-2.52225351,-10.88258743,-0.98132300,-2.72928810,0.98972940,-2.33965932,-9.49315869,-1.83094597,0.01666271,0.34975955,0.91806155,,,,,,,3,,,,,,,,,
2.858600,8046,20560834,,179.31982422,1.71279728,-175.69950867,,,,,0.25942782,0.75070786,-10.83350086,-0.63303924,0.57836628,0.99154234,-0.13498646,-8.94207171,-1.71296299,0.01838840,0.34973246,0.91361696,,,,,,,3,,,,,,,,,
2.868582,8047,20560934,,179.29270935,1.71208990,-175.66184998,,,,,-0.86475855,1.36766398,-10.68084240,0.44799757,1.26972437,0.88064289,-0.11993044,-1.68203323,-1.43557343,0.02365161,0.34964862,0.90275729,,,,,,,3,,,,,,,,,
2.873838,8048,20561034,,179.27012634,1.61065531,-175.65377808,,,,,-1.55526233,1.12987518,-11.18293095,1.15860891,1.07454824,1.40573597,-0.85606059,4.01170734,0.11952456,0.02813889,0.34813616,0.89582926,,,,,,,3,,,,,,,,,
2.888700,8049,20561134,,179.27169800,1.44400156,-175.65464783,,,,,-1.67475867,4.17053080,-10.96384907,1.08620644,4.12117052,1.22033119,0.17192888,5.68699608,0.80458775,0.02536110,0.34770247,0.89679796,,,,,,,3,,,,,,,,,
2.898589,8050,20561234,,179.30532837,1.28059971,-175.67835999,,,,,-1.51339591,0.96057516,-8.72378063,1.25474274,0.94761419,-1.06680775,2.65059770,6.82271353,0.57039603,0.02407114,0.34772268,0.90025514,,,,,,,3,,,,,,,,,
2.903819,8051,20561334,,179.37261963,1.18435061,-175.67395020,,,,,-0.84096521,-1.44432878,-8.25359631,0.78542137,-1.47950625,-1.59112287,-1.32948458,5.83798082,-0.25581529,0.01955828,0.34875602,0.90618598,,,,,,,3,,,,,,,,,
2.917614,8052,20561434,,179.38803101,1.12950146,-175.71142578,,,,,0.14841986,-0.26778030,-10.00331783,-0.31705701,-0.40836096,0.15958714,-2.87024655,4.78221159,3.43443234,0.01723345,0.34831497,0.90666205,,,,,,,3,,,,,,,,,
2.927539,8053,20561534,,179.35710144,1.12192214,-175.77070618,,,,,1.00577712,-1.20422411,-9.88567162,-1.09375238,-1.40656853,0.02151728,-2.33147312,1.10179628,2.73167824,0.02225931,0.34775230,0.90222555,,,,,,,3,,,,,,,,,
2.937617,8054,20561634,,179.29531860,1.22949314,-175.84017944,,,,,0.07046649,-0.60491431,-7.55829525,-0.18457842,-0.70921326,-2.29535842,0.82028251,-2.07813628,3.34092770,0.02668398,0.35056058,0.89586031,,,,,,,3,,,,,,,,,
2.947690,8055,20561734,,179.34967041,1.32432199,-175.83206177,,,,,0.57795835,-2.80918860,-8.90501118,-0.56743574,-2.96787262,-0.97818279,3.31451194,-0.10487130,-0.21510763,0.02345775,0.35109988,0.88447315,,,,,,,3,,,,,,,,,
2.957669,8056,20561834,,179.38526917,1.43168437,-175.81622314,,,,,1.77149606,-1.11537766,-10.19972801,-1.92867088,-1.37917924,0.31418705,0.24950398,-6.03792394,1.49758888,0.02107185,0.35210025,0.88398224,,,,,,,3,,,,,,,,,
2.967607,8057,20561934,,179.36740112,1.55481684,-175.83145142,,,,,0.91376275,0.13626146,-10.32597542,-1.19464099,-0.06493640,0.45776415,0.77510732,-7.05588679,2.24422663,0.02098751,0.35545594,0.89689875,,,,,,,3,,,,,,,,,
2.977526,8058,20562034,,179.36933899,1.62826622,-175.80609131,,,,,-0.40703365,-0.95506096,-10.15833664,0.19552422,-1.05860758,0.32234478,4.14860568,-6.68437189,-2.24672648,0.02048236,0.35642460,0.89641684,,,,,,,3,,,,,,,,,
2.987597,8059,20562134,,179.39250183,1.61752129,-175.74546814,,,,,-0.68336558,0.60886115,-11.98258018,0.30605793,0.50347710,2.17009211,-0.52119898,-1.37890399,-1.13497414,0.01658305,0.35649201,0.89244020,,,,,,,3,,,,,,,,,
2.997610,8060,20562234,,179.34548950,1.51062047,-175.74264526,,,,,-0.95173073,2.60113597,-11.35476398,0.46441674,2.51063490,1.57393885,-0.26801558,3.70932419,0.01466890,0.01473727,0.35556290,0.89291096,,,,,,,3,,,,,,,,,
3.007602,8061,20562334,,179.33183289,1.43082094,-175.75343323,,,,,-0.71994990,1.81042385,-9.24879837,0.36134505,1.72907913,-0.54251981,2.03921701,2.26703648,0.35745502,0.01714040,0.35456201,0.89389676,,,,,,,3,,,,,,,,,
3.017673,8062,20562434,,179.35058594,1.37040329,-175.76669312,,,,,-1.08573115,0.99395663,-9.47202778,0.79311222,0.94489604,-0.32171774,-3.83764253,3.29356652,1.69808929,0.01412875,0.35653463,0.88946003,,,,,,,3,,,,,,,,,
3.027749,8063,20562534,,179.34188843,1.29263151,-175.78096008,,,,,-0.99223787,1.42656732,-10.43947220,0.65511155,1.35459328,0.64533138,-2.77096677,1.82123046,-0.76963191,0.01014765,0.35515884,0.89585018,,,,,,,3,,,,,,,,,
3.037589,8064,20562634,,179.33465576,1.24320483,-175.79138184,,,,,-1.22024155,-0.15019788,-8.93699741,1.03527141,-0.18602991,-0.88205409,-5.78129879,-0.61739355,1.13040634,0.01094619,0.35322174,0.90423441,,,,,,,3,,,,,,,,,
3.047597,8065,20562734,,179.32670593,1.18918860,-175.82289124,,,,,0.51620883,-0.61978364,-10.24037933,-0.67315131,-0.79400229,0.38795233,0.21799094,3.92571184,2.11005568,0.01038048,0.35467210,0.90227550,,,,,,,3,,,,,,,,,
3.057591,8066,20562834,,179.33831787,1.17661190,-175.87780762,,,,,-0.47873533,0.27577209,-8.28637218,0.29436851,0.19975662,-1.53340888,-1.78193798,-1.15760479,4.03777732,0.01237696,0.35704237,0.89341736,,,,,,,3,,,,,,,,,
3.067595,8067,20562934,,179.35049438,1.21259236,-175.93614197,,,,,0.44038528,-1.77640688,-8.65577030,-0.49116588,-1.91472507,-1.20630765,4.15576798,0.66870951,3.22245038,0.01774405,0.35599574,0.88501674,,,,,,,3,,,,,,,,,
3.077584,8068,20563034,,179.39921570,1.25485218,-175.98367310,,,,,0.49173230,-0.04086195,-10.00011730,-0.69482493,-0.19398832,0.15468025,6.03494000,4.30920050,2.26957432,0.01497069,0.36613104,0.86487818,,,,,,,3,,,,,,,,,
3.087584,8069,20563134,,179.45146179,1.26298738,-176.02239990,,,,,1.00755191,-0.56913084,-10.22955513,-1.17496657,-0.74898148,0.37623274,5.37454651,4.54544735,2.99051018,0.01141610,0.36859953,0.84510905,,,,,,,3,,,,,,,,,
3.097577,8070,20563234,,179.49046326,1.21097386,-176.02346802,,,,,-0.11371610,-0.18928137,-9.30075073,-0.06031084,-0.27535558,-0.52853346,2.83726208,8.17643482,0.97371369,0.01467099,0.36278072,0.85443372,,,,,,,3,,,,,,,,,
3.107591,8071,20563334,,179.50544739,1.16383266,-176.03044128,,,,,0.81344229,-0.48421967,-9.94575405,-0.97420955,-0.63697088,0.10096622,2.25348325,5.41776496,2.28353010,0.01200877,0.36233774,0.87222469,,,,,,,3,,,,,,,,,
3.117680,8072,20563434,,179.49690247,1.17510605,-176.04287720,,,,,-1.09251380,-0.43545821,-8.32788086,0.94892883,-0.44919738,-1.48498321,-3.77142812,2.64538008,1.28131521,0.00348871,0.36247596,0.88405836,,,,,,,3,,,,,,,,,
3.127715,8073,20563534,,179.43949890,1.15564048,-176.02355957,,,,,-0.26822293,-0.08255327,-9.92394352,0.07646978,-0.18542564,0.10411406,-7.81175907,0.28471892,0.44215342,-0.00096257,0.36110812,0.89044625,,,,,,,3,,,,,,,,,
3.137790,8074,20563634,,179.30934143,1.21008277,-176.01026917,,,,,0.21033216,-1.46185946,-10.52467823,-0.32218975,-1.62811732,0.67839527,-13.91386117,-6.32406959,1.12362140,-0.00124274,0.36015069,0.89537734,,,,,,,3,,,,,,,,,
3.147649,8075,20563734,,179.14547729,1.31185627,-176.02055359,,,,,0.02624285,1.18323183,-10.19395542,-0.33327550,0.99810195,0.38283515,-17.33550847,-9.34574186,2.52791619,-0.01836150,0.36524007,0.89240342,,,,,,,3,,,,,,,,,
3.157563,8076,20563834,,178.95697021,1.40639007,-176.05415344,,,,,-0.07643444,-0.57284206,-11.38729572,-0.15624905,-0.80049491,1.54481697,-16.16096865,-8.96597737,3.09347955,-0.02483724,0.36823288,0.88351268,,,,,,,3,,,,,,,,,
3.167583,8077,20563934,,178.80618286,1.43091106,-176.08489990,,,,,-0.13799153,2.03859448,-9.70659637,-0.23322153,1.81477070,-0.07856107,-11.76418635,-6.17583698,3.23942810,-0.00441678,0.35972869,0.88496470,,,,,,,3,,,,,,,,,
3.177604,8078,20564034,,178.71055603,1.46449435,-176.10333252,,,,,-0.12348555,-0.75841218,-10.10509777,-0.07294774,-1.00176620,0.26181006,-6.95517096,-2.16154783,0.59480553,0.01603968,0.34834418,0.88587660,,,,,,,3,,,,,,,,,
3.187633,8079,20564134,,178.68278503,1.46234846,-176.12989807,,,,,-0.68217754,1.75213540,-9.84121799,0.31973934,1.54309940,0.06955433,-4.12688482,3.49268062,5.88861259,0.01600871,0.35123026,0.87305838,,,,,,,3,,,,,,,,,
3.197618,8080,20564234,,178.65908813,1.39937627,-176.18336487,,,,,-1.15725124,-0.02830249,-8.48120785,0.96232986,-0.16880679,-1.31429350,0.44015142,2.24128346,2.81414701,0.01536138,0.35364869,0.85577685,,,,,,,3,,,,,,,,,
3.207630,8081,20564334,,178.69868469,1.35620654,-176.20338440,,,,,-0.46584505,1.00059509,-12.08466721,0.12881327,0.73672509,2.28986502,5.74663686,3.00828574,4.11196598,0.01816526,0.35360169,0.85529542,,,,,,,3,,,,,,,,,
3.217592,8082,20564434,,178.72906494,1.31227279,-176.24232483,,,,,-0.44401997,-0.69519633,-8.36299992,0.31420898,-0.86644888,-1.46565342,2.59506293,0.92217554,1.50340969,0.01595114,0.35555676,0.86026287,,,,,,,3,,,,,,,,,
3.227743,8083,20564534,,178.76068115,1.33648765,-176.24755859,,,,,-0.10900047,1.30930579,-11.79680157,-0.23510718,1.03810024,2.00236225,0.39547582,3.16354854,1.43985820,0.01116749,0.35419279,0.87060720,,,,,,,3,,,,,,,,,
3.237617,8084,20564634,,178.74746704,1.31882095,-176.26618958,,,,,-0.89711267,0.29096866,-9.11499786,0.67454982,0.13065100,-0.68106008,-1.35777491,-0.36087947,2.28877547,0.00966577,0.35421330,0.88148469,,,,,,,3,,,,,,,,,
3.247612,8085,20564734,,178.70104980,1.34461498,-176.29429626,,,,,-0.66808176,0.99644166,-10.31812477,0.36858392,0.78146982,0.53153396,-6.52149237,-5.33313892,4.31951024,0.00389843,0.35334626,0.89084250,,,,,,,3,,,,,,,,,
3.257629,8086,20564834,,178.63023376,1.41277444,-176.33192444,,,,,-0.63048667,0.35464448,-9.21958733,0.39042473,0.15261650,-0.57830358,-6.84614577,-9.48703372,1.16090762,-0.00319871,0.35586569,0.89084679,,,,,,,3,,,,,,,,,
3.267591,8087,20564934,,178.57405090,1.53065908,-176.33578491,,,,,-0.17194240,-1.11173809,-9.65461063,-0.00344062,-1.36160469,-0.19374847,-6.41451026,-9.28985982,0.98789263,-0.00372007,0.35491535,0.88885009,,,,,,,3,,,,,,,,,
3.277630,8088,20565034,,178.50721741,1.61782241,-176.34878540,,,,,-0.29781741,1.08417106,-10.13034439,-0.04626584,0.81430435,0.33861840,-6.04577951,-7.19982876,1.95766476,-0.00079457,0.35294527,0.89081258,,,,,,,3,,,,,,,,,
3.287730,8089,20565134,,178.48762512,1.66462827,-176.37945557,,,,,-0.19047607,-0.64052904,-10.45336533,-0.06114531,-0.92324066,0.61880267,0.90334663,-6.23837975,1.76854056,0.01316004,0.34503427,0.88234645,,,,,,,3,,,,,,,,,
3.297623,8090,20565234,,178.54154968,1.69573092,-176.41452026,,,,,-0.54323977,-0.49880600,-8.78304958,0.32561588,-0.70632935,-1.04010105,2.54780613,-2.01856529,5.19084857,0.01993079,0.35020840,0.86366147,,,,,,,3,,,,,,,,,
3.307645,8091,20565334,,178.55009460,1.70285141,-176.45336914,,,,,-0.50130194,0.65545839,-9.98712254,0.17815423,0.41340494,0.18925977,2.60944304,1.73475674,3.05832350,0.01723419,0.36178106,0.84651458,,,,,,,3,,,,,,,,,
3.317746,8092,20565434,,178.56787109,1.69488084,-176.47999573,,,,,-0.78229886,0.47095758,-9.43697071,0.48711598,0.26401281,-0.35372853,0.95677343,2.01087237,2.63205352,0.01215033,0.35802650,0.84692436,,,,,,,3,,,,,,,,,
3.327634,8093,20565534,,178.57704163,1.65809631,-176.51229858,,,,,-1.12127173,-0.13233714,-9.22272682,0.87246990,-0.31334329,-0.57259524,-1.13707591,2.73104901,2.32185728,0.00443870,0.35382801,0.86611485,,,,,,,3,,,,,,,,,
3.337634,8094,20565634,,178.55389404,1.66700590,-176.55079651,,,,,-0.52148795,0.95892614,-9.91229534,0.19332165,0.71190906,0.12831044,-6.22336699,-1.66312598,5.80147005,0.00108029,0.35723859,0.87951052,,,,,,,3,,,,,,,,,
3.347656,8095,20565734,,178.49537659,1.68856072,-176.59893799,,,,,-0.55140692,-0.11011970,-9.67584133,0.28447381,-0.35096598,-0.13951755,-4.03725438,-2.46775460,1.80398124,0.00770877,0.35184780,0.87797415,,,,,,,3,,,,,,,,,
3.357640,8096,20565834,,178.47119141,1.68744624,-176.61827087,,,,,-0.68876535,1.67333245,-10.19261837,0.31007898,1.40869164,0.43118596,-6.49370673,1.84693310,3.15968116,0.00801555,0.35136482,0.87302041,,,,,,,3,,,,,,,,,
3.367660,8097,20565934,,178.41003418,1.63748789,-176.64955139,,,,,-0.99035835,0.12734525,-10.32426548,0.69662654,-0.12096953,0.52935886,-3.70293967,1.40576670,0.56357348,0.00940990,0.34942204,0.87151235,,,,,,,3,,,,,,,,,
3.377729,8098,20566034,,178.37232971,1.60796523,-176.67428589,,,,,-0.80076492,0.82020092,-9.29771805,0.50392985,0.57377827,-0.48080707,-6.58496958,0.86471412,3.75828939,0.01217097,0.34889641,0.86953884,,,,,,,3,,,,,,,,,
3.387745,8099,20566134,,178.34666443,1.60215139,-176.71423340,,,,,0.05172088,0.68295586,-11.49879360,-0.38774562,0.32858729,1.68339944,-0.02625476,3.14786215,2.61904393,0.01100510,0.35179818,0.86463135,,,,,,,3,,,,,,,,,
3.397754,8100,20566234,,178.32620239,1.56656790,-176.74371338,,,,,-1.30347383,-0.48156977,-9.79663086,1.07287109,-0.71326923,-0.00920963,-2.71199641,2.07214172,2.79222061,0.01651991,0.34834781,0.85916203,,,,,,,3,,,,,,,,,
3.407641,8101,20566334,,178.31594849,1.54028404,-176.75910950,,,,,-0.93460643,2.32718134,-11.25346088,0.51695645,2.02571678,1.51440740,0.58439083,0.56970437,1.51223472,0.01372438,0.34887439,0.86014587,,,,,,,3,,,,,,,,,
3.417721,8102,20566434,,178.33273315,1.51080024,-176.79479980,,,,,-0.67428470,-0.96190393,-9.28453445,0.49278665,-1.20552671,-0.54901719,2.45009792,-1.56389924,1.00065025,0.01277565,0.34841061,0.85963905,,,,,,,3,,,,,,,,,
3.427698,8103,20566534,,178.38078308,1.51780558,-176.78894043,,,,,-0.88804048,2.11473155,-10.98969078,0.50018668,1.83251226,1.24437475,3.94461567,2.63481847,0.77448598,0.01075555,0.35132563,0.85720128,,,,,,,3,,,,,,,,,
3.437665,8104,20566634,,178.41528320,1.49128520,-176.81660461,,,,,-0.96809638,-0.48879874,-10.21779442,0.74196100,-0.73473513,0.40531957,2.47662467,-2.34886513,1.58983069,0.01353385,0.35079950,0.85572255,,,,,,,3,,,,,,,,,
3.447628,8105,20566734,,178.45057678,1.48277819,-176.82833862,,,,,-1.17717350,2.59373689,-9.82721043,0.78920376,2.36824536,0.10556245,1.74954399,-0.08546471,1.37966812,0.01419508,0.34790671,0.85963815,,,,,,,3,,,,,,,,,
3.457642,8106,20566834,,178.42005920,1.48183537,-176.83360291,,,,,-0.30764353,0.12981790,-10.36681461,0.04159117,-0.15855026,0.55008304,-1.75231609,-2.53554551,-1.46150147,0.01372438,0.34887439,0.86014587,,,,,,,3,,,,,,,,,
3.467767,8107,20566934,,178.36167908,1.49011266,-176.81211853,,,,,-0.37427336,2.29878187,-10.20088768,-0.00283110,2.00193238,0.45454443,-7.60891270,2.32976109,-0.73847536,0.00534564,0.35189366,0.86410975,,,,,,,3,,,,,,,,,
3.477741,8108,20567034,,178.26483154,1.47847879,-176.81121826,,,,,-0.14772083,0.12999669,-12.57966423,-0.16349611,-0.26420784,2.75661993,-6.18410109,-1.02936927,-1.18193809,-0.00214390,0.35393882,0.86608356,,,,,,,3,,,,,,,,,
3.487743,8109,20567134,,178.17282104,1.50521791,-176.79542542,,,,,-0.69652063,0.66909248,-9.29264069,0.43176255,0.39035487,-0.49678016,-11.36801915,-6.33403569,-0.31122395,-0.00310048,0.35203561,0.86456436,,,,,,,3,,,,,,,,,
3.497726,8110,20567234,,178.02604675,1.58150589,-176.79905701,,,,,-0.18021637,1.08807600,-11.93208408,-0.19399369,0.65625262,2.14536572,-13.33638063,-5.84354188,0.90909754,-0.00763108,0.35402924,0.87051034,,,,,,,3,,,,,,,,,
3.507765,8111,20567334,,177.89646912,1.65538275,-176.79763794,,,,,-0.12578973,-1.18556821,-10.63303280,-0.09462476,-1.59569764,0.76176357,-11.82950088,-6.69224923,-0.80211047,-0.00112720,0.34671667,0.87784857,,,,,,,3,,,,,,,,,
3.517677,8112,20567434,,177.82658386,1.71813560,-176.78996277,,,,,-0.45259175,0.00403309,-8.49544621,0.21453702,-0.31379464,-1.32235193,-7.05826712,-5.97090271,-0.23216600,0.00400255,0.34519124,0.87587112,,,,,,,3,,,,,,,,,
3.527656,8113,20567534,,177.79878235,1.78797531,-176.76477051,,,,,0.32316905,0.21625467,-10.05615616,-0.63348949,-0.20856273,0.22324586,0.95514849,-6.86372796,-2.42579142,0.01101703,0.34555942,0.86156410,,,,,,,3,,,,,,,,,
3.537715,8114,20567634,,177.79048157,1.85240984,-176.75726318,,,,,0.17680958,-0.58243644,-8.82598495,-0.41055143,-0.94981039,-1.03303146,-1.32872344,-2.24940690,0.84534941,0.01883356,0.34687561,0.84381282,,,,,,,3,,,,,,,,,
3.547627,8115,20567734,,177.77114868,1.89109409,-176.75784302,,,,,0.22641255,1.29514837,-11.06797791,-0.64115775,0.82797629,1.28338408,0.50655009,0.07353768,0.20807534,0.01493118,0.35270160,0.84289598,,,,,,,3,,,,,,,,,
3.557666,8116,20567834,,177.78170776,1.89204144,-176.75709534,,,,,-0.26984844,-2.13348389,-8.32344723,0.14669669,-2.45645332,-1.57816195,0.84297992,-1.17996000,-0.60168700,0.00947846,0.35279098,0.84831238,,,,,,,3,,,,,,,,,
3.567657,8117,20567934,,177.76722717,1.92470872,-176.74263000,,,,,0.31250829,1.14239311,-10.69212151,-0.70896888,0.68100405,0.88980293,-4.63246225,3.35218876,2.55153840,0.00269296,0.35242197,0.85569388,,,,,,,3,,,,,,,,,
3.577663,8118,20568034,,177.72337341,1.90861845,-176.75369263,,,,,-0.59436274,-0.66469979,-10.77082348,0.29560471,-1.08268380,0.93096590,-3.63486787,3.32433268,-0.64663519,0.00386770,0.34904009,0.86059386,,,,,,,3,,,,,,,,,
3.587833,8119,20568134,,177.65579224,1.91494596,-176.75611877,,,,,-0.83627069,0.44719154,-9.02847099,0.52703536,0.09838200,-0.75528860,-10.28561346,-3.41202057,2.13323862,0.00056753,0.34957564,0.86058575,,,,,,,3,,,,,,,,,
3.597640,8120,20568234,,177.56214905,1.97178984,-176.77322388,,,,,-0.09018552,1.13042331,-10.16953659,-0.30291665,0.67549467,0.38817978,-8.21486574,-6.37069545,1.04223970,-0.00138213,0.34960935,0.85859746,,,,,,,3,,,,,,,,,
3.607744,8121,20568334,,177.49035645,2.04411864,-176.78987122,,,,,-0.95541316,-0.63739616,-8.56556892,0.70132267,-0.98332953,-1.26461935,-7.63864451,-3.83562976,1.28327152,0.00096880,0.34956977,0.85860866,,,,,,,3,,,,,,,,,
3.617706,8122,20568434,,177.45945740,2.05041671,-176.81158447,,,,,-1.08670712,-0.01444264,-10.00150013,0.75053704,-0.42328799,0.20208204,-4.46625387,-0.07855897,1.92084236,-0.00190502,0.35153830,0.85813063,,,,,,,3,,,,,,,,,
3.627651,8123,20568534,,177.48332214,2.00337696,-176.82798767,,,,,-0.76188356,0.15974052,-9.44091511,0.43914187,-0.23166037,-0.35589957,4.49894614,-1.16304226,-0.85192176,0.00999657,0.34366402,0.84470713,,,,,,,3,,,,,,,,,
3.637628,8124,20568634,,177.57211304,2.00283670,-176.84132385,,,,,-0.60056603,2.71687269,-10.69055271,0.10794806,2.26524425,0.99193454,6.69287633,3.13590484,2.01254000,0.01736798,0.34642702,0.82846081,,,,,,,3,,,,,,,,,
3.647742,8125,20568734,,177.63307190,1.92683268,-176.88566589,,,,,-0.46761340,1.12381852,-11.65939617,0.04195392,0.65125108,1.88384092,9.38253183,5.25169958,1.37053978,0.01584868,0.34981900,0.81366414,,,,,,,3,,,,,,,,,
3.657864,8126,20568834,,177.68818665,1.84617841,-176.91621399,,,,,-1.24121928,1.13785446,-9.26164055,0.89714694,0.81249118,-0.47803533,3.37008769,2.27557827,1.28497758,0.01110145,0.35421839,0.81469947,,,,,,,3,,,,,,,,,
3.667678,8127,20568934,,177.68669128,1.82286716,-176.91021729,,,,,-0.17984550,2.61328173,-12.28621197,-0.32744676,2.09835529,2.56475520,1.82642545,3.19787600,-1.97937644,0.00423946,0.35864449,0.83600980,,,,,,,3,,,,,,,,,
3.677659,8128,20569034,,177.66754150,1.77959514,-176.87483215,,,,,-0.20284528,-0.31837898,-10.45233059,-0.07713687,-0.75472307,0.60958910,-4.42549514,0.98373262,-2.91725448,-0.00079825,0.35584238,0.85177243,,,,,,,3,,,,,,,,,
3.687717,8129,20569134,,177.62379456,1.78673339,-176.83732605,,,,,0.47756192,0.90018594,-9.70805931,-0.80534077,0.44897974,-0.10101414,-2.60270911,-2.86490065,-1.56975986,-0.01124085,0.35361412,0.86108524,,,,,,,3,,,,,,,,,
3.697744,8130,20569234,,177.58438110,1.81540513,-176.80938721,,,,,0.13367532,-0.47149128,-9.22883415,-0.37452877,-0.88557065,-0.62484944,-3.06442285,1.25399701,-1.28906000,-0.00977025,0.35406849,0.86307883,,,,,,,3,,,,,,,,,
3.707665,8131,20569334,,177.59683228,1.82562101,-176.78701782,,,,,0.72404146,-0.62881613,-11.78941822,-1.03134847,-1.18039560,1.90908837,3.58212088,5.51219275,0.45449690,0.00101409,0.35485297,0.84929210,,,,,,,3,,,,,,,,,
3.717677,8132,20569434,,177.66241455,1.78473961,-176.78227234,,,,,-0.10646956,-1.01397061,-8.69912243,-0.08246303,-1.37497306,-1.16602170,9.65492233,2.28463702,-0.64608638,0.00637529,0.35813135,0.82958049,,,,,,,3,,,,,,,,,
3.727637,8133,20569534,,177.75996399,1.82211304,-176.78132629,,,,,-0.38446254,-0.00619881,-9.77971840,0.09749663,-0.38527322,-0.03734422,9.58438099,1.04702905,2.34032675,0.00542118,0.36103275,0.81725270,,,,,,,3,,,,,,,,,
3.737683,8134,20569634,,177.85592651,1.83213568,-176.80439758,,,,,-0.65613651,0.24850571,-10.73171425,0.32092506,-0.13555527,0.92843378,7.22009393,2.48167261,2.23338243,0.00451629,0.35912803,0.81721801,,,,,,,3,,,,,,,,,
3.747642,8135,20569734,,177.90673828,1.80087078,-176.81913757,,,,,-1.29575706,0.16318648,-8.87047768,1.02298546,-0.10883760,-0.90965366,1.54992787,0.97492082,1.53453262,-0.00094930,0.35777229,0.83498043,,,,,,,3,,,,,,,,,
3.757660,8136,20569834,,177.89164734,1.80376291,-176.87023926,,,,,-1.36334956,4.40798616,-10.43277836,0.81013167,4.05536938,0.81796455,-9.34545500,-3.45668126,4.32304102,-0.01161457,0.35986352,0.85376090,,,,,,,3,,,,,,,,,
3.767689,8137,20569934,,177.74580383,1.80950606,-176.94697571,,,,,-0.76463401,2.23410368,-11.55130482,0.29994798,1.78807640,1.83338571,-12.74976301,-4.73051986,1.60313408,-0.01998444,0.36240259,0.85771722,,,,,,,3,,,,,,,,,
3.777668,8138,20570034,,177.61491394,1.81706405,-176.95799255,,,,,-0.38905403,-0.47565582,-10.37469006,0.10506749,-0.90762782,0.53393960,-9.34906731,-6.83564777,-1.37701982,-0.01959153,0.36191711,0.85523766,,,,,,,3,,,,,,,,,
3.787698,8139,20570134,,177.55459595,1.85718822,-176.92662048,,,,,0.24290429,0.44675270,-9.08987427,-0.54186380,0.02600837,-0.73252535,-7.02448628,-6.04386193,-1.08237271,-0.01370104,0.35798171,0.84679401,,,,,,,3,,,,,,,,,
3.797752,8140,20570234,,177.48889160,1.90113854,-176.90893555,,,,,1.01456583,0.27401111,-11.55217171,-1.38215899,-0.31080589,1.69866121,-2.85309680,-1.06430569,-1.47722723,-0.00282852,0.35492462,0.83344167,,,,,,,3,,,,,,,,,
3.807680,8141,20570334,,177.46214294,1.92289019,-176.87100220,,,,,0.19866587,-1.60210395,-9.36614323,-0.39781868,-2.04384232,-0.54369068,-0.97182461,-0.17863231,-0.90437820,0.00532524,0.35383153,0.82406479,,,,,,,3,,,,,,,,,
3.817751,8142,20570434,,177.44207764,1.99497771,-176.85334778,,,,,-0.03610382,0.63563752,-9.59074306,-0.30678880,0.18802524,-0.21395063,-2.66921872,-3.30420070,1.63417772,0.00380244,0.35433847,0.82109666,,,,,,,3,,,,,,,,,
3.827692,8143,20570534,,177.41178894,2.07802916,-176.88676453,,,,,-0.02738975,-0.48511931,-11.09070301,-0.31997061,-1.00726593,1.23489141,-0.37805711,-2.87445459,2.32316420,0.00078730,0.35342598,0.82848847,,,,,,,3,,,,,,,,,
3.837689,8144,20570634,,177.44497681,2.13211226,-176.91029358,,,,,-1.45960772,-1.06085014,-8.41636658,1.21938396,-1.37585783,-1.40698326,-0.17178169,-6.40392133,1.68866982,0.00180392,0.35580727,0.83199459,,,,,,,3,,,,,,,,,
3.847753,8145,20570734,,177.49021912,2.19009995,-176.93135071,,,,,-0.86451799,3.05499959,-10.36793041,0.32486284,2.61151361,0.70277178,1.32524432,-6.89990278,1.97915062,-0.00292608,0.36020613,0.83352476,,,,,,,3,,,,,,,,,
3.857725,8146,20570834,,177.49389648,2.21185017,-176.99569702,,,,,-0.40460163,2.41849661,-12.32034206,-0.17454535,1.86995268,2.60367489,0.85049692,-3.97807122,1.29159411,-0.00325291,0.35925600,0.82361293,,,,,,,3,,,,,,,,,
3.867704,8147,20570934,,177.49841309,2.19662666,-177.00459290,,,,,-0.39196312,0.56535655,-9.73220062,0.00539529,0.14020288,-0.06148577,2.02462602,-6.35775395,-2.57998998,0.00791249,0.35619029,0.81867278,,,,,,,3,,,,,,,,,
3.877716,8148,20571034,,177.47338867,2.23825979,-176.96630859,,,,,0.89207011,1.12867796,-11.25506210,-1.36785495,0.55875701,1.43457294,-0.24173771,-5.49002110,-2.14391613,0.00959768,0.35807797,0.82761681,,,,,,,3,,,,,,,,,
3.887834,8149,20571134,,177.45193481,2.28101087,-176.91635132,,,,,0.82829261,-1.88233149,-10.59813976,-1.11661148,-2.41780424,0.64994717,-0.66443781,0.89320812,-0.20583399,0.00020966,0.36111507,0.82959682,,,,,,,3,,,,,,,,,
3.897801,8150,20571234,,177.42774963,2.30118346,-176.91540527,,,,,-0.22198248,-0.26049292,-8.37882423,-0.07563162,-0.64873409,-1.45563793,-6.01452798,3.03714500,4.71642022,-0.00751221,0.36268717,0.82463539,,,,,,,3,,,,,,,,,
3.907825,8151,20571334,,177.37559509,2.29392314,-176.96878052,,,,,-1.01749969,0.38375360,-10.79642105,0.60324240,-0.08528954,1.01364195,-5.79116585,8.41234785,3.60628737,-0.00840038,0.36174175,0.82560551,,,,,,,3,,,,,,,,,
3.917824,8152,20571434,,177.36216736,2.20550656,-177.01699829,,,,,-0.69518405,2.50315762,-11.45784664,0.14964819,1.97935987,1.76158834,-3.67084675,5.46011811,1.35345631,-0.00085865,0.35873526,0.82460618,,,,,,,3,,,,,,,,,
3.930151,8153,20571534,,177.30064392,2.12279296,-177.05860901,,,,,-1.42504346,1.82841873,-9.74302673,0.98143518,1.41361547,0.05110562,-8.35002067,-1.08996810,0.65689494,0.00051898,0.35583326,0.82209337,,,,,,,3,,,,,,,,,
3.937852,8154,20571634,,177.19375610,2.09374380,-177.06010437,,,,,0.19757123,0.50032467,-11.52474689,-0.61535037,-0.10061812,1.70348096,-6.34502333,1.17519552,-0.99608768,-0.00301905,0.35684973,0.82901835,,,,,,,3,,,,,,,,,
3.948123,8155,20571734,,177.10940552,2.09233904,-177.02717590,,,,,0.66372472,0.75663453,-11.08806419,-1.08063531,0.13652687,1.26187468,-4.60018619,-4.31231208,-2.16247418,-0.00184431,0.35346788,0.83391827,,,,,,,3,,,,,,,,,
3.957850,8156,20571834,,177.04530334,2.13161945,-176.98294067,,,,,0.72061604,-0.95338291,-10.04230309,-1.01199758,-1.53149366,0.12652540,-7.96580374,-1.11832203,-0.47624364,-0.00290477,0.35252750,0.82994002,,,,,,,3,,,,,,,,,
3.967737,8157,20571934,,176.95571899,2.17405224,-176.97160339,,,,,0.45410404,-0.75661802,-9.25748253,-0.73548865,-1.29466891,-0.63640738,-10.16484120,5.54977501,3.12731652,-0.00858145,0.35262349,0.82892352,,,,,,,3,,,,,,,,,
3.977889,8158,20572034,,176.87316895,2.14269495,-177.00007629,,,,,-0.33935669,-0.79572117,-10.33560085,0.02814630,-1.36288202,0.46598935,-6.24680094,4.71309861,1.86102207,-0.00731810,0.35404369,0.82548904,,,,,,,3,,,,,,,,,
3.989170,8159,20572134,,176.88563538,2.09385943,-177.02323914,,,,,-0.82065898,0.62258929,-9.24659634,0.47972846,0.13594693,-0.52510440,-4.38261863,7.54529119,2.45885722,-0.00423303,0.35303459,0.81905663,,,,,,,3,,,,,,,,,
3.998180,8160,20572234,,176.84979248,2.01468253,-177.07820129,,,,,-1.69160008,1.77026153,-10.48227596,1.25388932,1.25247252,0.79498899,-2.97878061,6.97471042,2.83830389,-0.00349940,0.35302484,0.81312305,,,,,,,3,,,,,,,,,
4.007761,8161,20572334,,176.84497070,1.91416883,-177.11799622,,,,,-0.52337325,2.07248211,-11.49519634,0.05530190,1.44363379,1.78259754,3.20886449,1.15975417,0.56933986,0.00055898,0.35487822,0.80921471,,,,,,,3,,,,,,,,,
4.017815,8162,20572434,,176.86128235,1.87911224,-177.12059021,,,,,-0.15355203,0.46902665,-11.65951252,-0.22092217,-0.18437529,1.84902799,1.13038916,0.67625180,-1.14743187,-0.00059752,0.35634005,0.80378962,,,,,,,3,,,,,,,,,
4.027784,8163,20572534,,176.85913086,1.85725653,-177.08503723,,,,,0.20021166,0.72262216,-10.06844425,-0.53326094,0.14227754,0.26389289,1.14115567,-2.28419967,-2.68982134,-0.00741645,0.35405251,0.80916160,,,,,,,3,,,,,,,,,
4.037779,8164,20572634,,176.84698486,1.89704192,-177.05039978,,,,,1.08643830,-0.69591475,-10.98994541,-1.38067293,-1.37159538,1.07671595,1.21967264,-1.11249822,0.20832508,-0.00990136,0.35361022,0.81854260,,,,,,,3,,,,,,,,,
4.047882,8165,20572734,,176.84745789,1.94091082,-177.03695679,,,,,0.53844130,-0.90793502,-10.26177788,-0.80570656,-1.51652348,0.35558844,-0.54573131,2.91671105,2.78999717,-0.00802113,0.35453835,0.81906146,,,,,,,3,,,,,,,,,
4.057714,8166,20572834,,176.84573364,1.92934167,-177.06843567,,,,,-0.87368971,-1.27386320,-9.33432293,0.65417993,-1.75905800,-0.54312611,-0.63690079,5.07472212,3.00613615,-0.00916773,0.35360047,0.81260902,,,,,,,3,,,,,,,,,
4.067844,8167,20572934,,176.88847351,1.88418877,-177.10743713,,,,,-0.58499789,1.71401179,-10.41999054,0.19118100,1.15195405,0.69329798,0.94139804,8.29011478,3.99179094,-0.01262295,0.35414058,0.80814731,,,,,,,3,,,,,,,,,
4.077852,8168,20573034,,176.89836121,1.78473270,-177.17356873,,,,,-1.22362399,2.55980134,-11.98503780,0.74997091,1.94317222,2.32234001,-0.53416684,4.10911992,2.90501478,-0.01035083,0.35650271,0.80720657,,,,,,,3,,,,,,,,,
4.087832,8169,20573134,,176.88943481,1.69628537,-177.20712280,,,,,-0.73936445,0.35675904,-10.19050217,0.44502449,-0.17588675,0.39501429,1.09010609,2.26392746,0.00991553,-0.01082988,0.35699075,0.80721194,,,,,,,3,,,,,,,,,
4.097813,8170,20573234,,176.88209534,1.66780555,-177.19544983,,,,,0.53991902,1.55490899,-11.59053993,-0.92621088,0.87591016,1.81922269,-0.35221954,-1.03331093,-0.68821712,-0.01361705,0.35799700,0.80869818,,,,,,,3,,,,,,,,,
4.107638,8171,20573334,,176.84393311,1.68824887,-177.16786194,,,,,0.33559209,-0.88060725,-9.80347443,-0.55252630,-1.44967842,-0.08834398,0.37308292,-3.78972064,-0.95636437,-0.01675279,0.35708806,0.81262618,,,,,,,3,,,,,,,,,
4.117731,8172,20573434,,176.86126709,1.76029539,-177.14151001,,,,,1.09044087,-1.36158502,-10.96193981,-1.32427955,-2.02834058,1.01977885,2.73934363,0.09605260,2.36226148,-0.01858083,0.35519868,0.81308186,,,,,,,3,,,,,,,,,
4.127672,8173,20573534,,176.90808105,1.78619969,-177.17237854,,,,,-0.86123168,-0.51717883,-8.63529396,0.64207447,-0.95652390,-1.19899237,1.96880203,2.17465518,5.04057459,-0.01660158,0.35756943,0.80372882,,,,,,,3,,,,,,,,,
4.137716,8174,20573634,,176.96833801,1.75069213,-177.23094177,,,,,-0.79967183,0.74265355,-10.68334389,0.47154224,0.19615914,0.90881014,3.67926880,8.18484620,4.41841437,-0.01257818,0.36038357,0.79934072,,,,,,,3,,,,,,,,,
4.147724,8175,20573734,,177.00386047,1.64462459,-177.30413818,,,,,-1.02477169,3.15329909,-11.62900162,0.56667745,2.56797266,1.98731661,2.05791657,5.52269033,2.96667111,-0.00898897,0.36032534,0.79441023,,,,,,,3,,,,,,,,,
4.157736,8176,20573834,,177.00723267,1.55131340,-177.33691406,,,,,-0.26404655,0.46350268,-11.29267406,-0.04076445,-0.12721026,1.48741794,3.61000684,-0.11192783,-0.81796953,-0.00999041,0.36178261,0.79343873,,,,,,,3,,,,,,,,,
4.167680,8177,20573934,,177.01916504,1.56952238,-177.30369568,,,,,0.42512006,0.49478966,-10.65207958,-0.71161324,-0.09581748,0.83215594,1.53604935,-3.45220877,-1.35743969,-0.01917118,0.36385384,0.80084687,,,,,,,3,,,,,,,,,
4.177734,8178,20574034,,177.01359558,1.62267888,-177.26670837,,,,,0.24794146,-1.78101003,-9.35677814,-0.40106869,-2.28823423,-0.57411265,2.20492124,-5.74133791,0.56940496,-0.02274418,0.36583111,0.80729210,,,,,,,3,,,,,,,,,
4.187736,8179,20574134,,177.03248596,1.71217132,-177.27288818,,,,,0.43066111,-0.47974420,-10.81498623,-0.70039332,-1.07560349,0.94328511,0.41370082,-0.07436808,6.11952933,-0.02588828,0.36444253,0.81071776,,,,,,,3,,,,,,,,,
4.197725,8180,20574234,,177.06646729,1.72004044,-177.35530090,,,,,-1.14056242,0.45866179,-9.88718700,0.84789342,-0.01362222,0.11232698,-0.57202450,3.34230739,5.98651012,-0.02299271,0.36343902,0.79884207,,,,,,,3,,,,,,,,,
4.207726,8181,20574334,,177.08158875,1.64939427,-177.43722534,,,,,-0.62615031,2.80988169,-10.98037052,0.20433843,2.25555086,1.31007135,-0.39598905,3.45032982,3.70327521,-0.01628347,0.36141095,0.78795892,,,,,,,3,,,,,,,,,
4.217724,8182,20574434,,177.06158447,1.58140886,-177.48074341,,,,,-0.57747734,1.18093169,-11.44495869,0.23374093,0.60023165,1.68803978,-0.72297905,3.41270722,0.31364829,-0.01622291,0.36092928,0.78943586,,,,,,,3,,,,,,,,,
4.227758,8183,20574534,,177.04348755,1.54279888,-177.46009827,,,,,0.57042551,-0.08782815,-10.69259071,-0.82997888,-0.67674857,0.84051943,3.82256190,-6.19756424,-3.06115952,-0.02226795,0.36390945,0.79291606,,,,,,,3,,,,,,,,,
4.237813,8184,20574634,,177.07609558,1.62231827,-177.40911865,,,,,0.78926367,-2.09371996,-10.55127335,-0.96725982,-2.67393351,0.59074843,4.68063942,-1.45224795,3.52253474,-0.02224287,0.36534834,0.79442328,,,,,,,3,,,,,,,,,
4.247713,8185,20574734,,177.12632751,1.66644824,-177.44926453,,,,,-1.02074635,-1.08168375,-9.07163429,0.82683790,-1.50475156,-0.78376532,2.39942625,2.32934274,6.94353957,-0.01436144,0.36473718,0.79098982,,,,,,,3,,,,,,,,,
4.257766,8186,20574834,,177.17648315,1.63299751,-177.53468323,,,,,-0.49880981,2.50627828,-11.37318707,0.09911317,1.94320726,1.67938948,0.67035612,6.82725987,6.41212695,-0.01260965,0.36422944,0.78703249,,,,,,,3,,,,,,,,,
4.267751,8187,20574934,,177.16152954,1.52257347,-177.62608337,,,,,-1.00768518,2.29339910,-11.90686417,0.62232560,1.72244573,2.21466732,-2.72416439,7.33732047,4.21294648,-0.01830306,0.36336619,0.78501123,,,,,,,3,,,,,,,,,
4.277704,8188,20575034,,177.13224792,1.43532026,-177.65454102,,,,,0.19640785,0.31920639,-10.69295406,-0.45866871,-0.23689491,0.87076855,-0.01408918,-3.54380203,-2.27351342,-0.02191000,0.36438471,0.78995681,,,,,,,3,,,,,,,,,
4.287662,8189,20575134,,177.10643005,1.49364305,-177.60992432,,,,,0.47817597,-1.94078982,-9.80286121,-0.62825131,-2.46268916,-0.13658822,1.18738399,-3.07878354,1.45803258,-0.02830412,0.36640948,0.79638869,,,,,,,3,,,,,,,,,
4.297705,8190,20575234,,177.13723755,1.56494546,-177.61135864,,,,,-0.14140216,-0.40332276,-10.31729126,-0.10039055,-0.92463207,0.46872306,2.71970918,-2.80747007,7.13452063,-0.02687233,0.36831051,0.78455174,,,,,,,3,,,,,,,,,
4.307813,8191,20575334,,177.18713379,1.59030867,-177.70045471,,,,,-0.76525789,-0.19191249,-10.74371910,0.50435591,-0.69996202,0.92391789,3.96289924,3.96676982,7.76197638,-0.01638539,0.36813810,0.77520120,,,,,,,3,,,,,,,,,
4.317881,8192,20575434,,177.24662781,1.52940047,-177.80574036,,,,,-0.82221425,3.49307132,-11.20807171,0.40982014,2.96231556,1.57101798,-0.17622941,3.83781713,6.34692511,-0.01296061,0.36952430,0.76633465,,,,,,,3,,,,,,,,,
4.327760,8193,20575534,,177.22436523,1.42966247,-177.86677551,,,,,0.21069534,0.01606484,-10.63921928,-0.45772266,-0.51542139,0.80304408,1.94453650,1.24906583,-0.94644480,-0.01745522,0.36863762,0.77174044,,,,,,,3,,,,,,,,,
4.337823,8194,20575634,,177.22882080,1.42999911,-177.83064270,,,,,0.74816298,-1.07509911,-11.24361897,-0.96571887,-1.65394020,1.34110641,4.09561493,-1.66159335,0.93640378,-0.02126506,0.36917633,0.78409880,,,,,,,3,,,,,,,,,
4.347850,8195,20575734,,177.26710510,1.46697676,-177.82838440,,,,,-0.59000993,-0.75630665,-9.72064972,0.38915908,-1.20765221,-0.12799990,5.48203491,0.83262204,7.93124213,-0.01958321,0.37059015,0.77918202,,,,,,,3,,,,,,,,,
4.357795,8196,20575834,,177.34146118,1.46729755,-177.93151855,,,,,-0.75331408,0.93869817,-11.19082165,0.46336421,0.43194869,1.42370963,2.64080833,8.10676433,9.74460357,-0.01450900,0.36955211,0.76236922,,,,,,,3,,,,,,,,,
4.367866,8197,20575934,,177.36724854,1.36559284,-178.04650879,,,,,-1.02133441,3.06499457,-10.77834702,0.67179024,2.58666754,1.11867630,-1.59557776,4.28205050,4.64240914,-0.01339968,0.36905736,0.75346130,,,,,,,3,,,,,,,,,
4.377949,8198,20576034,,177.32643127,1.31450343,-178.07252502,,,,,0.78064704,-0.65359551,-11.70042515,-1.00711775,-1.23396480,1.82035732,0.01011672,-2.24675444,-1.73194708,-0.02086916,0.37253565,0.77030075,,,,,,,3,,,,,,,,,
4.387762,8199,20576134,,177.31179810,1.36895525,-178.03375244,,,,,0.28105989,-1.53791738,-10.13851452,-0.45343480,-2.02938890,0.23145211,2.41618369,-6.82978149,2.62399732,-0.03572663,0.37470290,0.77669239,,,,,,,3,,,,,,,,,
4.398008,8200,20576234,,177.33711243,1.45371139,-178.07167053,,,,,-0.99491149,-0.32389560,-9.79973507,0.77651119,-0.75900316,-0.02000403,1.30991726,-1.00338926,10.24788947,-0.03309102,0.37658629,0.75892407,,,,,,,3,,,,,,,,,
4.407759,8201,20576334,,177.37364197,1.43560886,-178.18487549,,,,,-0.49073249,3.14633632,-12.13371277,0.11685085,2.58243442,2.46403909,-2.40945915,7.81129291,7.43172649,-0.02566408,0.37886187,0.75751311,,,,,,,3,,,,,,,,,
4.417754,8202,20576434,,177.35351562,1.31809604,-178.26930237,,,,,-0.74998158,1.27804732,-10.24509621,0.48199064,0.81711364,0.49169207,-0.12549906,-0.52114781,-1.38291801,-0.02305908,0.38026035,0.75210595,,,,,,,3,,,,,,,,,
4.427864,8203,20576534,,177.36163330,1.33056307,-178.23880005,,,,,1.35819471,-2.02610064,-11.83373928,-1.55564284,-2.61405396,1.88032877,5.45488576,-4.07717897,1.36386060,-0.02178533,0.37832111,0.74713403,,,,,,,3,,,,,,,,,
4.437955,8204,20576634,,177.42599487,1.42391479,-178.22369385,,,,,-0.25741816,-1.44244599,-9.56897068,0.07885034,-1.87130165,-0.31362951,8.16569179,-5.27852259,5.61477494,-0.00872066,0.37953618,0.75859827,,,,,,,3,,,,,,,,,
4.447868,8205,20576734,,177.51318359,1.47642553,-178.29270935,,,,,-1.24726999,2.12696862,-10.51848507,0.93628359,1.69254911,0.81589377,3.76444724,2.75784597,8.07441485,-0.01054854,0.38005802,0.73336464,,,,,,,3,,,,,,,,,
4.457767,8206,20576834,,177.52342224,1.40639567,-178.40908813,,,,,-0.69143844,2.42413020,-12.15797043,0.33958107,1.89674461,2.45498657,-2.44051325,4.93875910,1.15267713,-0.03077772,0.37848508,0.71839541,,,,,,,3,,,,,,,,,
4.467747,8207,20576934,,177.47354126,1.35165560,-178.40412903,,,,,0.47701582,-0.63469362,-10.50193882,-0.69793618,-1.11697626,0.63751853,2.22201678,-8.92856928,-3.27470560,-0.04296681,0.38300279,0.73522770,,,,,,,3,,,,,,,,,
4.477774,8208,20577034,,177.49809265,1.46121991,-178.35081482,,,,,0.47833478,-2.05026293,-10.43462086,-0.67316759,-2.52578259,0.51017380,3.70438554,-2.18780223,7.43355869,-0.03417919,0.38860926,0.74772954,,,,,,,3,,,,,,,,,
4.487868,8209,20577134,,177.55694580,1.50348234,-178.42726135,,,,,-1.09025311,1.88388038,-10.92957211,0.76982236,1.43041384,1.21310830,-1.38802891,1.62336916,8.03935976,-0.01132421,0.38486183,0.75421667,,,,,,,3,,,,,,,,,
4.497742,8210,20577234,,177.54910278,1.45243073,-178.53933716,,,,,-0.52913958,2.22355199,-10.96168518,0.20008528,1.75391495,1.24582601,-2.45435804,1.49055058,0.13989381,-0.02628531,0.38079965,0.74071884,,,,,,,3,,,,,,,,,
4.507734,8211,20577334,,177.52790833,1.42179489,-178.52342224,,,,,0.22711933,-1.74979329,-10.56110477,-0.43023950,-2.21289682,0.65351629,3.64482757,-3.92170679,-1.51711127,-0.03670770,0.38241571,0.73920786,,,,,,,3,,,,,,,,,
4.517796,8212,20577434,,177.58116150,1.47161794,-178.48573303,,,,,0.47312853,-1.15010762,-11.00002098,-0.71061456,-1.62608409,1.11366701,9.65280668,-5.05826009,4.95569412,-0.01760004,0.38448963,0.74923176,,,,,,,3,,,,,,,,,
4.527741,8213,20577534,,177.67895508,1.52099621,-178.54844666,,,,,-0.70009351,2.65178299,-11.30576324,0.36439577,2.19954419,1.60229969,4.70248919,7.49039355,9.35394834,-0.00270710,0.38040188,0.74280983,,,,,,,3,,,,,,,,,
4.537718,8214,20577634,,177.71697998,1.42591381,-178.65669250,,,,,-1.06279397,1.11066151,-11.33310318,0.76646090,0.67269742,1.57565570,-0.54577149,3.01972759,-2.35237158,-0.01925846,0.38357279,0.71457571,,,,,,,3,,,,,,,,,
4.547841,8215,20577734,,177.69631958,1.39618003,-178.62043762,,,,,0.76974058,-1.50765848,-10.55029297,-0.97577912,-1.95526838,0.64403462,3.38723424,-4.64439587,-2.15216059,-0.04470325,0.38976032,0.71603030,,,,,,,3,,,,,,,,,
4.557726,8216,20577834,,177.71701050,1.47262347,-178.57301331,,,,,-0.76341486,-0.90900415,-9.33188534,0.56110358,-1.27197587,-0.50838888,3.47417551,-1.96689918,5.99929324,-0.03154707,0.38760763,0.74178976,,,,,,,3,,,,,,,,,
4.567695,8217,20577934,,177.75466919,1.49873722,-178.65032959,,,,,-0.38468769,2.93357515,-13.15288830,0.00368653,2.40421963,3.45548368,-2.76383733,4.54657305,6.07464816,-0.01556809,0.38493934,0.74034339,,,,,,,3,,,,,,,,,
4.577851,8218,20578034,,177.71665955,1.41908062,-178.73263550,,,,,-0.23936436,1.87027180,-12.11784458,-0.09086940,1.37751698,2.37341690,-3.57578503,0.59002637,-2.13947586,-0.03061055,0.38807771,0.72844338,,,,,,,3,,,,,,,,,
4.587717,8219,20578134,,177.68751526,1.41194522,-178.68203735,,,,,-0.09135427,-3.07373190,-8.89215851,-0.03330626,-3.43550467,-1.04503989,3.19110579,-8.46875241,-4.53068390,-0.04617155,0.39169934,0.72891742,,,,,,,3,,,,,,,,,
4.597759,8220,20578234,,177.73614502,1.50350106,-178.62481689,,,,,-0.30485979,-0.87698466,-10.24029350,0.07836306,-1.28562677,0.39011478,3.61313677,3.05313853,8.09952262,-0.00898355,0.35555011,0.73793209,,,,,,,3,,,,,,,,,
4.607862,8221,20578334,,177.79594421,1.47217929,-178.72232056,,,,,-0.69213003,3.78528309,-11.92990303,0.31935880,3.32106614,2.27314830,-0.42899122,7.18475880,3.65378579,0.05715183,0.30592394,0.81515533,,,,,,,3,,,,,,,,,
4.617791,8222,20578434,,177.78382874,1.36632240,-178.77999878,,,,,0.24480647,0.93749350,-11.75643539,-0.53989232,0.46781826,1.95903349,3.12924007,1.30491479,-4.86520479,0.08382002,0.29391822,0.89970291,,,,,,,3,,,,,,,,,
4.627741,8223,20578534,,177.81329346,1.35303438,-178.69665527,,,,,0.16616105,-2.14850426,-9.14247990,-0.32366633,-2.50392509,-0.76558805,6.00985357,-3.35497633,-1.72385266,0.08430873,0.29822272,0.91610062,,,,,,,3,,,,,,,,,
4.637855,8224,20578634,,177.88542175,1.41641033,-178.65371704,,,,,0.11879911,-1.25448406,-8.14154339,-0.27822736,-1.56318867,-1.72971344,6.07921670,-0.90488438,2.60027799,0.08990458,0.30436751,0.91820496,,,,,,,3,,,,,,,,,
4.647847,8225,20578734,,177.96765137,1.43728852,-178.69625854,,,,,-0.82493925,0.63149619,-9.75297070,0.58993000,0.29791322,-0.03206992,6.92224433,8.92172287,3.35953292,0.08957724,0.30437714,0.90880305,,,,,,,3,,,,,,,,,
4.657793,8226,20578834,,178.04637146,1.33734691,-178.75839233,,,,,-0.86670566,3.10276914,-10.19880104,0.56934172,2.76256847,0.50377178,3.35678227,5.58233196,1.89093851,0.08196376,0.30595198,0.89345229,,,,,,,3,,,,,,,,,
4.667828,8227,20578934,,178.05682373,1.23257637,-178.79377747,,,,,-1.35139251,0.43493578,-8.14880371,1.16954947,0.18355465,-1.62947130,2.87644303,3.24246198,-1.83726304,0.07339603,0.30801705,0.89146292,,,,,,,3,,,,,,,,,
4.677752,8228,20579034,,178.08352661,1.19648457,-178.75106812,,,,,0.85616148,0.63745791,-11.10775757,-1.09812069,0.24214327,1.28370392,5.44924061,-0.09519609,-3.49388210,0.07303552,0.31234059,0.89697194,,,,,,,3,,,,,,,,,
4.687806,8229,20579134,,178.11915588,1.20424008,-178.69165039,,,,,0.24176344,-1.25109553,-7.16625690,-0.35630918,-1.49543869,-2.70420408,4.27891757,-3.21994626,-1.79573549,0.07001450,0.31575313,0.89305276,,,,,,,3,,,,,,,,,
4.697749,8230,20579234,,178.16702271,1.27858937,-178.65605164,,,,,0.32554075,-0.05597096,-8.83079052,-0.51309443,-0.34921312,-1.00203502,5.23964558,-1.60778800,0.11756296,0.06594035,0.32062438,0.88667750,,,,,,,3,,,,,,,,,
4.707760,8231,20579334,,178.20510864,1.33408606,-178.66271973,,,,,0.27001131,-1.76708722,-7.47113657,-0.39652002,-2.01162434,-2.41233587,3.71445580,0.52368869,1.21240554,0.05870001,0.32651308,0.87090212,,,,,,,3,,,,,,,,,
4.717760,8232,20579434,,178.24754333,1.33483016,-178.67642212,,,,,-0.77055579,-0.17210148,-8.08777523,0.59470618,-0.40841579,-1.72533214,3.79963936,3.60200613,2.03691758,0.05386331,0.33044112,0.85560250,,,,,,,3,,,,,,,,,
4.727781,8233,20579534,,178.32275391,1.31240880,-178.69650269,,,,,-0.93304980,0.44244289,-7.58375692,0.75328487,0.23374915,-2.20164108,4.00820986,0.13372315,1.28821605,0.05037311,0.33194199,0.85066122,,,,,,,3,,,,,,,,,
4.737776,8234,20579634,,178.36489868,1.29705906,-178.72825623,,,,,-1.01236510,1.99250674,-9.01146984,0.76896012,1.74789238,-0.73338389,1.88210750,1.96197611,0.59024809,0.04287768,0.33831218,0.84132403,,,,,,,3,,,,,,,,,
4.747774,8235,20579734,,178.38226318,1.25682974,-178.76026917,,,,,-0.81830126,0.95498663,-8.43647766,0.61559653,0.73054564,-1.34281409,2.68389658,0.11894606,-0.37526124,0.04142679,0.34266192,0.82901663,,,,,,,3,,,,,,,,,
4.757821,8236,20579834,,178.40029907,1.21644032,-178.76522827,,,,,-0.85887480,1.51298130,-8.64715290,0.64271152,1.28267455,-1.11461759,1.53394341,-0.07766467,-1.40226900,0.04221108,0.34457019,0.82558745,,,,,,,3,,,,,,,,,
4.767796,8237,20579934,,178.39196777,1.19508648,-178.74674988,,,,,0.11934368,-0.21604055,-8.88988113,-0.29632652,-0.47246897,-0.94456363,1.50310682,-3.74201647,-2.30169414,0.03650778,0.34610659,0.82459366,,,,,,,3,,,,,,,,,
4.777770,8238,20580034,,178.41607666,1.23467970,-178.70870972,,,,,0.22607341,1.71035993,-8.68976212,-0.44912726,1.45823002,-1.08990204,2.13936551,-3.95435296,-1.66906547,0.03448870,0.34710205,0.82113600,,,,,,,3,,,,,,,,,
4.787806,8239,20580134,,178.39047241,1.28995788,-178.67295837,,,,,0.64132482,-2.83446264,-8.09261322,-0.74891138,-3.08284998,-1.82398701,-0.90284471,-2.85697101,-1.85074733,0.03140865,0.34811690,0.81421000,,,,,,,3,,,,,,,,,
4.797879,8240,20580234,,178.39448547,1.34964716,-178.63217163,,,,,0.27993119,-0.39599705,-7.79441309,-0.44759595,-0.62651324,-2.04452515,1.07574060,-1.50454372,0.43244382,0.02977311,0.35006678,0.80879021,,,,,,,3,,,,,,,,,
4.807765,8241,20580334,,178.40754700,1.40145564,-178.64535522,,,,,0.00432454,-1.02071464,-8.22154903,-0.17630601,-1.25719702,-1.62969875,1.21383507,-1.49878683,2.24978256,0.02865892,0.35296696,0.80536723,,,,,,,3,,,,,,,,,
4.817877,8242,20580434,,178.43814087,1.43761253,-178.66607666,,,,,-1.19153714,0.59430480,-7.56005287,0.99545801,0.40752804,-2.21880960,0.29607341,0.33562466,1.56094923,0.02550109,0.35446402,0.79646945,,,,,,,3,,,,,,,,,
4.827756,8243,20580534,,178.46688843,1.42463422,-178.69473267,,,,,-0.93796921,-0.01888290,-8.78013706,0.72380960,-0.23956966,-1.02119231,1.61477732,1.32791375,0.82741883,0.01987173,0.35600418,0.78409660,,,,,,,3,,,,,,,,,
4.837824,8244,20580634,,178.48469543,1.38021433,-178.73265076,,,,,-0.93348849,3.10313368,-9.40272045,0.64318311,2.86285257,-0.31390214,-1.44115657,1.60726806,1.54835159,0.01683296,0.36037695,0.78019249,,,,,,,3,,,,,,,,,
4.847904,8245,20580734,,178.43579102,1.32948625,-178.75750732,,,,,-0.77244729,0.12160699,-9.07553101,0.56048548,-0.11587262,-0.72606015,-2.49954978,-3.37990204,-2.03378680,0.01636226,0.36134464,0.78070021,,,,,,,3,,,,,,,,,
4.857779,8246,20580834,,178.41529846,1.35612178,-178.73377991,,,,,0.21938466,2.08049798,-9.38270092,-0.48725253,1.80659080,-0.38674879,-1.40725280,-5.08224387,-2.40142408,0.01731986,0.36132830,0.78119951,,,,,,,3,,,,,,,,,
4.867926,8247,20580934,,178.36546326,1.41433740,-178.67951965,,,,,0.77277893,-2.53990912,-8.67742634,-0.91763645,-2.81337190,-1.23699856,-3.05988313,-6.26740634,-3.82446581,0.01791901,0.36179644,0.78516805,,,,,,,3,,,,,,,,,
4.877887,8248,20581034,,178.34205627,1.50142968,-178.60786438,,,,,0.28187355,-0.53279793,-8.22054577,-0.47764331,-0.78391397,-1.62459087,-1.63415798,-4.81483257,-0.98329933,0.02283699,0.36027133,0.79061091,,,,,,,3,,,,,,,,,
4.887901,8249,20581134,,178.32337952,1.58297813,-178.61709595,,,,,-0.08562949,-1.18509114,-8.21225262,-0.10638177,-1.43195486,-1.64192367,-2.40906535,-3.37289362,2.18922931,0.01835627,0.35891026,0.78265071,,,,,,,3,,,,,,,,,
4.897783,8250,20581234,,178.32173157,1.62463975,-178.64352417,,,,,-1.24821913,0.86323845,-8.78749180,0.99006093,0.62310433,-0.97811913,-3.43638151,1.69974337,1.24610654,0.01125733,0.35807648,0.76726437,,,,,,,3,,,,,,,,,
4.907902,8251,20581334,,178.31520081,1.59897721,-178.67784119,,,,,-0.72193599,1.92805254,-9.95312214,0.40511143,1.63993490,0.20511866,-2.86609252,0.84069805,-0.50287278,0.01354770,0.35851857,0.76579857,,,,,,,3,,,,,,,,,
4.917954,8252,20581434,,178.27746582,1.53142047,-178.69473267,,,,,-1.13981521,1.53110802,-8.97777748,0.86433578,1.27691007,-0.76712084,-3.59251216,-1.28834763,-1.62595012,0.01695909,0.35941941,0.76978803,,,,,,,3,,,,,,,,,
4.927805,8253,20581534,,178.22895813,1.54170859,-178.66409302,,,,,0.90422946,0.21485877,-10.41313934,-1.18704307,-0.13740867,0.56696033,-1.05190036,-7.32430640,-5.34182521,0.01823669,0.35699427,0.77816695,,,,,,,3,,,,,,,,,
4.937812,8254,20581634,,178.19920349,1.60395348,-178.59252930,,,,,0.32561761,-1.48580360,-7.79314804,-0.49729502,-1.74555826,-2.08568335,-2.49226773,-3.70869838,-3.32347464,0.02450416,0.35688680,0.78264952,,,,,,,3,,,,,,,,,
4.947862,8255,20581734,,178.18391418,1.68200386,-178.52491760,,,,,0.70151120,-0.86405629,-9.85332108,-0.95821136,-1.20240605,-0.01720345,-0.07820795,-2.52312204,-1.42369658,0.03017198,0.35727096,0.78367358,,,,,,,3,,,,,,,,,
4.957781,8256,20581834,,178.16526794,1.71812129,-178.52810669,,,,,-1.26104760,-1.10299397,-7.07496166,1.08724737,-1.30859125,-2.74507236,-4.76953305,1.44717685,1.98633448,0.01789162,0.35796416,0.76878017,,,,,,,3,,,,,,,,,
4.967727,8257,20581934,,178.16880798,1.70166230,-178.55252075,,,,,-0.40633008,3.24357152,-10.25968742,0.03737289,2.91205478,0.54863572,-1.47672318,5.26526348,-0.01097533,0.01695278,0.35510069,0.76724583,,,,,,,3,,,,,,,,,
4.977946,8258,20582034,,178.13058472,1.61710346,-178.59094238,,,,,-1.43783510,0.19710317,-9.61415577,1.16894639,-0.09448290,-0.16510808,-7.13254243,4.01972342,-3.14821476,0.01911855,0.35362104,0.77465469,,,,,,,3,,,,,,,,,
4.987765,8259,20582134,,178.07713318,1.56275630,-178.55335999,,,,,0.14208218,2.00977206,-9.93613720,-0.46388263,1.66198349,0.17151487,-1.42243812,-2.38604100,-4.22474179,0.01658698,0.35318604,0.76919270,,,,,,,3,,,,,,,,,
4.997844,8260,20582234,,178.04714966,1.58111620,-178.48529053,,,,,0.70516247,-1.54581773,-9.11264610,-0.90074390,-1.88323033,-0.78508139,-0.56429582,-5.36026672,-7.04170263,0.01810824,0.35555843,0.77369076,,,,,,,3,,,,,,,,,
5.007901,8261,20582334,,178.04800415,1.66276741,-178.39054871,,,,,0.44303286,-0.68766958,-8.91885567,-0.67326546,-1.01057780,-0.94281006,0.17813760,-2.60942916,-2.65205573,0.02150292,0.35549998,0.77667540,,,,,,,3,,,,,,,,,
5.017784,8262,20582434,,178.03364563,1.71455002,-178.36311340,,,,,-0.24998507,-1.85547662,-8.22300243,0.06646731,-2.13893270,-1.65547359,-1.25151989,1.12065507,-1.25868060,0.02368157,0.35546547,0.77173817,,,,,,,3,,,,,,,,,
5.027911,8263,20582534,,178.05653381,1.70563412,-178.35705566,,,,,-1.11059535,1.41206145,-8.68989277,0.82615352,1.13482797,-1.05345476,-1.02853076,3.54116750,0.37066687,0.02034745,0.35504225,0.77023047,,,,,,,3,,,,,,,,,
5.037769,8264,20582634,,178.04347229,1.65718198,-178.38928223,,,,,-0.60923028,2.28536129,-10.76054764,0.24682111,1.91788936,1.03076720,-4.11144987,4.43537245,-1.33499633,0.01464415,0.35657865,0.76923668,,,,,,,3,,,,,,,,,
5.047957,8265,20582734,,177.99710083,1.58582711,-178.38941956,,,,,-1.16711545,0.75819218,-8.31638050,0.92080462,0.48995352,-1.44883275,-3.97384717,1.32623256,-5.25472963,0.01377320,0.35563269,0.77070165,,,,,,,3,,,,,,,,,
5.057852,8266,20582834,,177.94691467,1.55339551,-178.32435608,,,,,0.88246828,0.29384500,-11.12296772,-1.18289113,-0.14318731,1.27844906,-2.26377677,-2.54898647,-6.50027908,0.02038242,0.35408148,0.77071023,,,,,,,3,,,,,,,,,
5.067830,8267,20582934,,177.92488098,1.60535443,-178.22442627,,,,,0.16167372,-0.95041788,-7.95894480,-0.34316647,-1.25346220,-1.90457141,-0.53277647,-6.18600073,-6.42176819,0.02162505,0.35261711,0.77860940,,,,,,,3,,,,,,,,,
5.077898,8268,20583034,,177.91050720,1.69608378,-178.15098572,,,,,0.55399257,-1.33613539,-9.26860714,-0.77040648,-1.70139706,-0.62169373,-1.74309000,0.13927152,-1.48267719,0.02240150,0.35308599,0.77416790,,,,,,,3,,,,,,,,,
5.087820,8269,20583134,,177.90026855,1.71282864,-178.13536072,,,,,-0.75278187,-0.65141690,-8.22393799,0.53865069,-0.93880153,-1.60359395,-1.76523219,1.78933817,-1.50346540,0.01839881,0.35315639,0.76722229,,,,,,,3,,,,,,,,,
5.097843,8270,20583234,,177.90888977,1.69171369,-178.14028931,,,,,-1.27472425,1.73703289,-9.70054531,0.94558191,1.40582311,-0.02391648,-3.55554376,4.11618319,-2.18262772,0.01249313,0.35325322,0.77313131,,,,,,,3,,,,,,,,,
5.107835,8271,20583334,,177.87959290,1.62942874,-178.14823914,,,,,-0.44375774,2.74535131,-10.12258053,0.07900780,2.36690784,0.41341591,-4.11454181,2.41617152,-2.56318729,0.01299726,0.35420406,0.77463317,,,,,,,3,,,,,,,,,
5.117929,8272,20583434,,177.82337952,1.57108438,-178.11865234,,,,,-0.75414020,-0.52917367,-9.10820770,0.53324938,-0.85824931,-0.71897876,-2.52783338,0.56103334,-8.16199153,0.01288451,0.35564700,0.77218169,,,,,,,3,,,,,,,,,
5.127848,8273,20583534,,177.80900574,1.58327448,-178.00839233,,,,,1.10281277,0.17854775,-10.92440796,-1.40111065,-0.29157570,1.06761670,0.26540325,-7.06837323,-8.40907875,0.01300613,0.35372391,0.77462566,,,,,,,3,,,,,,,,,
5.137920,8274,20583634,,177.80763245,1.67151999,-177.90440369,,,,,-0.02390094,-1.82917547,-6.87217045,-0.09397155,-2.09830689,-3.02160406,0.97702409,-5.82937521,-5.90489832,0.01821366,0.35171631,0.77462000,,,,,,,3,,,,,,,,,
5.147918,8275,20583734,,177.82064819,1.76720285,-177.84265137,,,,,0.24052499,0.05096653,-10.45002079,-0.54381102,-0.36937225,0.61566424,0.44204934,0.72452363,-1.65935743,0.01997278,0.35360771,0.77218497,,,,,,,3,,,,,,,,,
5.157896,8276,20583834,,177.82916260,1.77774429,-177.83193970,,,,,-1.39633608,-1.21774137,-8.48355198,1.18937933,-1.49781060,-1.34471893,-1.05337685,-0.52081041,-3.05431930,0.01337244,0.35467881,0.77216882,,,,,,,3,,,,,,,,,
5.167812,8277,20583934,,177.83999634,1.77430177,-177.82791138,,,,,-0.74513757,4.23350286,-9.57483959,0.29753679,3.87737274,-0.06458473,-3.64039222,0.37185279,-3.18956878,0.00782624,0.35237160,0.77358872,,,,,,,3,,,,,,,,,
5.177754,8278,20584034,,177.78247070,1.72674215,-177.81948853,,,,,-0.33836317,0.06570058,-10.72499752,0.03148425,-0.35085058,0.90717161,-2.64637494,0.70342976,-6.64076156,0.01216231,0.35037777,0.77555794,,,,,,,3,,,,,,,,,
5.187770,8279,20584134,,177.75274658,1.71480763,-177.72814941,,,,,-0.01753220,0.35051522,-9.36642838,-0.26186928,-0.03070706,-0.44942915,-4.07431584,-5.71506004,-9.78055512,0.01356450,0.34987441,0.77506226,,,,,,,3,,,,,,,,,
5.197817,8280,20584234,,177.71109009,1.78145540,-177.59837341,,,,,0.61008102,-0.54431814,-9.40538311,-0.86453563,-0.95742643,-0.46080148,0.41247878,-7.19799742,-9.87968080,0.01403418,0.35082623,0.77557445,,,,,,,3,,,,,,,,,
5.207933,8281,20584334,,177.71833801,1.88604045,-177.49041748,,,,,0.96134257,-2.01369572,-9.02562237,-1.15174460,-2.42695761,-0.91456521,-0.88960364,-3.82286670,-4.37708831,0.02035436,0.34879771,0.78052163,,,,,,,3,,,,,,,,,
5.217902,8282,20584434,,177.71311951,1.94051445,-177.45761108,,,,,-1.49362874,-0.42988566,-8.25052071,1.25164068,-0.70990074,-1.54818201,-2.11010370,2.84287009,-3.03125097,0.02119085,0.34974471,0.77806699,,,,,,,3,,,,,,,,,
5.227967,8283,20584534,,177.74046326,1.91420043,-177.43653870,,,,,-0.43492293,2.31101465,-10.67116070,-0.00838006,1.88651431,0.94739318,0.24446920,1.20726048,-5.48766554,0.01642161,0.34694657,0.77453548,,,,,,,3,,,,,,,,,
5.237920,8284,20584634,,177.72685242,1.86452127,-177.41278076,,,,,-1.15014207,1.24198079,-9.09130573,0.81093764,0.91438651,-0.64835131,-3.14668459,2.39954812,-5.85229476,0.01749298,0.34356776,0.77646637,,,,,,,3,,,,,,,,,
5.247913,8285,20584734,,177.70159912,1.82966101,-177.35617065,,,,,0.03251220,1.51536226,-11.37497902,-0.45027682,1.03534329,1.60249913,0.23284160,-1.48665044,-8.03821997,0.01978233,0.34592938,0.77602047,,,,,,,3,,,,,,,,,
5.257929,8286,20584834,,177.70222473,1.83849394,-177.25033569,,,,,0.51007897,-1.25079989,-8.43403721,-0.69188666,-1.62584734,-1.45880055,2.49637950,-7.43664081,-12.69240478,0.01843131,0.34739101,0.77851063,,,,,,,3,,,,,,,,,
5.267824,8287,20584934,,177.72671509,1.93910480,-177.10383606,,,,,0.96967149,-0.81905311,-9.67890263,-1.23220921,-1.26540279,-0.21816087,0.52190553,-2.84106009,-6.70023628,0.01983402,0.34592786,0.77750498,,,,,,,3,,,,,,,,,
5.277904,8288,20585034,,177.71809387,1.99779427,-177.03591919,,,,,-0.08752942,-1.60577726,-8.88951111,-0.12036020,-1.96970129,-0.99785864,1.93823224,-0.35418154,-3.92430867,0.02169855,0.34397718,0.77599919,,,,,,,3,,,,,,,,,
5.287776,8289,20585134,,177.77380371,2.01681590,-176.99581909,,,,,-1.47158241,0.34268185,-7.85092402,1.19356728,0.09553218,-1.91083050,1.29446065,1.71252597,-4.92943632,0.02039290,0.34111857,0.77743167,,,,,,,3,,,,,,,,,
5.297961,8290,20585234,,177.79905701,1.97953403,-176.97865295,,,,,-0.52301937,2.46506906,-11.80082130,0.01522565,2.00899982,2.08160400,0.32301552,5.45102030,-4.05623078,0.02176464,0.34254152,0.76360780,,,,,,,3,,,,,,,,,
5.307845,8291,20585334,,177.77020264,1.90306401,-176.96395874,,,,,-0.74186891,1.78708410,-9.33592606,0.35286528,1.43935227,-0.39585280,-3.80807891,0.89614931,-5.53703458,0.02190196,0.34349722,0.76807648,,,,,,,3,,,,,,,,,
5.317926,8292,20585434,,177.70394897,1.87342632,-176.90287781,,,,,-0.14303879,0.01794940,-9.32545471,-0.14381212,-0.36602086,-0.50001323,-4.71493465,-2.92004994,-9.96406438,0.02132389,0.34254265,0.77795362,,,,,,,3,,,,,,,,,
5.327847,8293,20585534,,177.64442444,1.92163277,-176.77706909,,,,,1.31651247,0.25066817,-10.79176998,-1.66986203,-0.29459602,0.92529595,-5.27083905,-5.77717250,-8.99388723,0.01716215,0.34069234,0.77889299,,,,,,,3,,,,,,,,,
5.337873,8294,20585634,,177.57362366,2.00013208,-176.66224670,,,,,-0.00609035,-2.08068490,-7.58942795,-0.11455649,-2.41664839,-2.32714987,-7.60402399,-2.30464649,-5.62359570,0.02121216,0.34206605,0.77448219,,,,,,,3,,,,,,,,,
5.347852,8295,20585734,,177.47888184,2.04706526,-176.61425781,,,,,-0.51665056,-0.20718443,-9.39309025,0.22220069,-0.61632991,-0.43005550,-10.07885168,0.86359685,-2.13249925,0.02196149,0.34493512,0.77057332,,,,,,,3,,,,,,,,,
5.357896,8296,20585834,,177.39831543,2.04755855,-176.60180664,,,,,-0.78569299,1.00414956,-9.81680870,0.40522307,0.57263052,0.05928528,-12.22536243,3.04480399,-3.71712085,0.00288276,0.34381413,0.77540749,,,,,,,3,,,,,,,,,
5.367858,8297,20585934,,177.29742432,1.99729669,-176.59773254,,,,,-0.71034843,2.56455374,-9.07314301,0.26195061,2.14668798,-0.61274028,-11.75113471,2.67612703,-3.96809359,-0.00459537,0.34058031,0.77482402,,,,,,,3,,,,,,,,,
5.377913,8298,20586034,,177.18106079,1.94497561,-176.57662964,,,,,-0.74272311,0.38225979,-11.14113140,0.37409055,-0.15526557,1.34916067,-11.23088347,1.03547301,-5.52553553,0.00828388,0.33412284,0.77676541,,,,,,,3,,,,,,,,,
5.387826,8299,20586134,,177.09547424,1.92008805,-176.50579834,,,,,0.34952593,-0.17558125,-8.49450493,-0.59387571,-0.64615262,-1.36155319,-4.43799353,-5.32192716,-9.43938376,0.02268540,0.32811815,0.78218490,,,,,,,3,,,,,,,,,
5.397934,8300,20586234,,177.06176758,1.98397255,-176.38647461,,,,,0.82997632,-0.31896618,-10.60139275,-1.14051342,-0.93857789,0.71958375,-3.76289209,-1.41148036,-6.84620127,0.03094934,0.33038092,0.77780938,,,,,,,3,,,,,,,,,
5.407844,8301,20586334,,177.01972961,2.03258348,-176.30073547,,,,,0.45146123,-2.17858768,-8.30320263,-0.57291776,-2.65235925,-1.65711784,-0.61964052,-5.84302065,-4.05121657,0.03370940,0.33177486,0.77685577,,,,,,,3,,,,,,,,,
5.417919,8302,20586434,,177.00682068,2.11516643,-176.27246094,,,,,-0.69236231,-0.17695831,-7.67943859,0.45118928,-0.55562556,-2.13870144,-4.38794788,0.29948480,-1.63987527,0.03322701,0.33178905,0.76300031,,,,,,,3,,,,,,,,,
5.427959,8303,20586534,,176.95530701,2.12650132,-176.26275635,,,,,-0.54293603,1.13599098,-11.18902016,0.10290265,0.54359961,1.42801547,-6.11547092,3.72683381,-2.07765112,0.02703783,0.33045456,0.75997955,,,,,,,3,,,,,,,,,
5.437899,8304,20586634,,176.86386108,2.06770778,-176.27780151,,,,,-0.91669911,3.76080990,-9.38336086,0.35986120,3.25957274,-0.20428014,-16.67636107,1.17285661,-1.61112178,0.02353127,0.32762522,0.77921283,,,,,,,3,,,,,,,,,
5.447938,8305,20586734,,176.63873291,2.01922369,-176.26736450,,,,,-0.46234927,0.46409163,-9.64562607,0.12603778,-0.10423255,-0.14909530,-20.37171027,-0.59281250,-7.28075370,0.01410683,0.32489893,0.79050183,,,,,,,3,,,,,,,,,
5.457887,8306,20586834,,176.41490173,2.02934265,-176.17254639,,,,,1.30179155,-0.57202017,-10.06577682,-1.57202840,-1.32043517,0.14024520,-19.16887809,-5.38218010,-7.86109609,0.00774972,0.32212386,0.79537362,,,,,,,3,,,,,,,,,
5.467900,8307,20586934,,176.22149658,2.09111667,-176.07820129,,,,,0.36490086,-1.08670223,-8.00032806,-0.53937626,-1.66142654,-1.93039572,-22.93396523,-2.63250795,-2.91500350,0.01124392,0.32254830,0.78797644,,,,,,,3,,,,,,,,,
5.477861,8308,20587034,,176.00985718,2.15089798,-176.04229736,,,,,-0.09749515,-1.13598084,-9.21653938,-0.11926818,-1.79642117,-0.70274353,-16.21178867,-0.19164812,-1.99636846,0.01404098,0.31914237,0.78546280,,,,,,,3,,,,,,,,,
5.487911,8309,20587134,,175.89923096,2.17304611,-176.03634644,,,,,-0.67298591,-1.03843403,-8.07754040,0.48350954,-1.59388065,-1.81566072,-15.65891218,2.47680439,0.00628424,0.02494301,0.30647501,0.79471731,,,,,,,3,,,,,,,,,
5.497888,8310,20587234,,175.79074097,2.14446020,-176.04675293,,,,,-0.90410614,1.79278576,-10.09056854,0.45509481,1.07437384,0.40031195,-10.01032012,4.50253797,-0.45730160,0.03597494,0.30196768,0.79865938,,,,,,,3,,,,,,,,,
5.507882,8311,20587334,,175.70838928,2.08715248,-176.06774902,,,,,-0.57108879,1.85771048,-9.27245331,0.14579958,1.16204214,-0.41271448,-11.47333128,-1.73307246,-1.41692360,0.03481743,0.30534905,0.79425424,,,,,,,3,,,,,,,,,
5.517877,8312,20587434,,175.56745911,2.06468558,-176.06530762,,,,,-0.65987062,1.31063020,-9.71468735,0.26857430,0.56795454,-0.01038218,-10.95661210,1.40043595,-4.32944390,0.03092161,0.30830148,0.77844918,,,,,,,3,,,,,,,,,
5.527855,8313,20587534,,175.44801331,2.06497860,-175.99916077,,,,,1.13002336,-0.15555212,-10.06683159,-1.41677380,-1.06414318,0.15789175,-9.11939281,-6.10898864,-7.99320048,0.02729061,0.30596161,0.78086770,,,,,,,3,,,,,,,,,
5.537860,8314,20587634,,175.31454468,2.12663293,-175.90374756,,,,,0.22081961,-1.34142458,-7.72182131,-0.35778749,-2.00394344,-2.24988437,-16.43766132,-5.64229804,-3.05446102,0.02985263,0.30447024,0.79965782,,,,,,,3,,,,,,,,,
5.547852,8315,20587734,,175.12268066,2.22267795,-175.86288452,,,,,0.38410884,-0.57599872,-8.98020458,-0.63060629,-1.39386845,-0.93779612,-15.15519598,-4.18940026,-0.18024063,0.02905111,0.30256248,0.80259216,,,,,,,3,,,,,,,,,
5.557777,8316,20587834,,174.98284912,2.28037810,-175.88227844,,,,,-1.02773070,-0.28398156,-7.78047514,0.79104882,-0.92173040,-2.05789089,-20.73893539,0.94719196,1.72830701,0.01578202,0.30374691,0.80007052,,,,,,,3,,,,,,,,,
5.567966,8317,20587934,,174.78373718,2.26159406,-175.90788269,,,,,-0.59414905,1.85855126,-10.82796192,0.10552669,0.86147988,1.15038157,-21.00863224,2.72030768,0.06236053,0.00335095,0.30299902,0.79356450,,,,,,,3,,,,,,,,,
5.577852,8318,20588034,,174.60116577,2.20571494,-175.93981934,,,,,-0.68866026,1.80891418,-8.19671822,0.28871059,1.04307055,-1.46226621,-19.34411855,-1.84616769,-1.68575536,0.00747934,0.29332736,0.79887438,,,,,,,3,,,,,,,,,
5.587811,8319,20588134,,174.42272949,2.19739151,-175.93209839,,,,,0.46730191,-0.05331527,-10.83828545,-0.79574692,-1.17558587,0.93889284,-14.86563181,0.63334028,-2.23272587,0.02377986,0.28537101,0.80377781,,,,,,,3,,,,,,,,,
5.597935,8320,20588234,,174.29293823,2.16899562,-175.88331604,,,,,0.13855352,0.45305943,-7.85926723,-0.40791225,-0.36678666,-1.96122944,-11.17188173,-2.71224485,-5.21994561,0.03628588,0.28420308,0.79788488,,,,,,,3,,,,,,,,,
5.607879,8321,20588334,,174.18258667,2.22658205,-175.81074524,,,,,1.02459252,-2.23755002,-9.80601692,-1.15625238,-3.31834030,-0.33752453,-9.07874550,-4.56204258,-2.83791628,0.03824492,0.28272951,0.79935569,,,,,,,3,,,,,,,,,
5.617875,8322,20588434,,174.08900452,2.29980898,-175.77900696,,,,,0.08922431,-1.04214180,-7.13056993,-0.23092711,-1.80032992,-2.84075856,-8.41484258,-1.69722400,0.09050754,0.03597075,0.28420645,0.80233622,,,,,,,3,,,,,,,,,
5.627881,8323,20588534,,174.03012085,2.34950352,-175.78520203,,,,,-0.21762703,-0.18823527,-9.54048538,-0.07637438,-1.19285560,-0.34793019,-6.31566334,3.20314208,2.46037416,0.02821494,0.28481981,0.79587513,,,,,,,3,,,,,,,,,
5.637934,8324,20588634,,173.98710632,2.30702615,-175.83010864,,,,,-1.81814289,2.02004695,-8.30327606,1.38949943,1.23220956,-1.27742183,-11.48865737,2.41444519,2.47391714,0.02264315,0.28203347,0.79629785,,,,,,,3,,,,,,,,,
5.647870,8325,20588734,,173.86460876,2.25259352,-175.87176514,,,,,0.02620350,1.86432338,-10.28185081,-0.48929071,0.71781492,0.59458053,-8.56943793,0.46052401,-0.95501381,0.02050936,0.27870750,0.80068731,,,,,,,3,,,,,,,,,
5.657781,8326,20588834,,173.75381470,2.21808195,-175.87489319,,,,,-0.10778272,0.70100182,-9.07790661,-0.22365384,-0.31845140,-0.71781135,-14.50782211,-0.00619223,-2.14012793,0.01570260,0.28166902,0.79922581,,,,,,,3,,,,,,,,,
5.667878,8327,20588934,,173.61302185,2.21626687,-175.82255554,,,,,0.88426489,-0.67292768,-9.36781883,-1.10990322,-1.79964805,-0.62176704,-6.82013684,-3.56248302,-4.76505672,0.01515412,0.28311884,0.79776174,,,,,,,3,,,,,,,,,
5.677850,8328,20589034,,173.55749512,2.26364350,-175.76298523,,,,,0.38353041,-0.87119973,-8.76471615,-0.58288980,-1.90239692,-1.23051572,-9.41029313,-3.87233221,-0.79646980,0.01954391,0.27728444,0.79917568,,,,,,,3,,,,,,,,,
5.687888,8329,20589134,,173.45654297,2.33722520,-175.74488831,,,,,0.22296153,-1.71796346,-7.61683416,-0.32935345,-2.61186695,-2.45761800,-6.98061384,-0.28267098,0.62637883,0.02609061,0.27045050,0.80800605,,,,,,,3,,,,,,,,,
5.697834,8330,20589234,,173.42353821,2.34009838,-175.75898743,,,,,-0.68047601,0.21347925,-8.81329632,0.38792217,-0.77595353,-1.01868272,-4.67056916,6.05399964,1.57476970,0.03210904,0.26891077,0.80454844,,,,,,,3,,,,,,,,,
5.707870,8331,20589334,,173.40484619,2.28734684,-175.78677368,,,,,-0.80475557,2.17147279,-9.75003815,0.33504158,1.05406964,0.14716160,-7.01806548,3.64758611,1.89488401,0.02918557,0.26704174,0.80054617,,,,,,,3,,,,,,,,,
5.717930,8332,20589434,,173.33248901,2.20823741,-175.82594299,,,,,-0.76775140,2.12586188,-9.28107643,0.32677466,1.05651760,-0.32853580,-5.80865882,2.83008525,-1.50054624,0.02289585,0.26714393,0.80892718,,,,,,,3,,,,,,,,,
5.727984,8333,20589534,,173.25459290,2.17912602,-175.82170105,,,,,0.09779105,-0.13941775,-9.50862026,-0.36391145,-1.29171014,-0.40239358,-7.26374226,-2.81804192,-2.96792423,0.01518183,0.27015546,0.80497801,,,,,,,3,,,,,,,,,
5.737871,8334,20589634,,173.19010925,2.20470214,-175.76455688,,,,,0.85466385,-0.59180844,-9.21053410,-1.07450438,-1.76718831,-0.77808690,-1.54750913,-4.55410931,-4.55670649,0.02040905,0.27295199,0.79465860,,,,,,,3,,,,,,,,,
5.747885,8335,20589734,,173.15791321,2.27627301,-175.68759155,,,,,0.64715970,-1.26422834,-7.90960264,-0.78281140,-2.26652718,-2.15001440,-5.87103979,-6.33168354,-0.91864966,0.02772862,0.27330524,0.80261701,,,,,,,3,,,,,,,,,
5.757884,8336,20589834,,173.08879089,2.36147571,-175.68380737,,,,,-0.01601733,-0.20269670,-8.47830677,-0.23145673,-1.24787319,-1.43078911,-6.38853462,0.47714378,1.06341873,0.02080581,0.27198052,0.80552989,,,,,,,3,,,,,,,,,
5.767872,8337,20589934,,173.04084778,2.34490252,-175.69869995,,,,,-1.23451447,0.15637843,-8.31911182,0.96184093,-0.79032856,-1.49845755,-7.98258808,5.86993800,-0.50463866,0.01359063,0.26970461,0.79952055,,,,,,,3,,,,,,,,,
5.777969,8338,20590034,,172.99238586,2.29237008,-175.72189331,,,,,-0.38365996,2.86776066,-11.18747997,-0.18013626,1.46060276,1.64539289,-8.44376074,3.47391020,-0.04792038,0.01111381,0.26350954,0.79248345,,,,,,,3,,,,,,,,,
5.787900,8339,20590134,,172.89468384,2.22619319,-175.73504639,,,,,-0.85460776,0.39827585,-7.96622133,0.58244002,-0.55238366,-1.83451962,-7.62871939,-3.58446791,-3.31416253,0.01611648,0.25525770,0.81018925,,,,,,,3,,,,,,,,,
5.797927,8340,20590234,,172.82986450,2.29149914,-175.70680237,,,,,0.97949600,0.72690701,-10.60835075,-1.35603070,-0.71110725,0.75086832,-4.08294451,-7.07234243,-3.25766491,0.02923384,0.25455174,0.82211810,,,,,,,3,,,,,,,,,
5.807862,8341,20590334,,172.79454041,2.36976147,-175.63835144,,,,,0.09178415,-1.33145142,-8.60379219,-0.25363982,-2.43007421,-1.45581484,-1.80001994,-7.59849581,-5.65765316,0.03153556,0.25931826,0.80983615,,,,,,,3,,,,,,,,,
5.817868,8342,20590434,,172.78018188,2.45683169,-175.56642151,,,,,0.52388233,-1.17492533,-7.75485611,-0.67798066,-2.20212555,-2.30081892,-2.19654786,-7.73697277,-1.81207245,0.03085463,0.25740695,0.81623435,,,,,,,3,,,,,,,,,
5.827913,8343,20590534,,172.75576782,2.54654288,-175.57412720,,,,,-0.12305155,-0.82209593,-8.46301174,-0.09432632,-1.89989519,-1.52511668,-1.69524602,-1.32620225,0.67427708,0.03153411,0.25259414,0.81962484,,,,,,,3,,,,,,,,,
5.837889,8344,20590634,,172.77919006,2.54857111,-175.59651184,,,,,-0.53319192,2.17685533,-8.76348495,0.06051958,1.05813622,-0.83074057,-3.35391124,3.77189043,1.37051033,0.02976808,0.25694719,0.81176877,,,,,,,3,,,,,,,,,
5.847910,8345,20590734,,172.73513794,2.49285078,-175.64051819,,,,,-0.38689741,2.04214454,-10.57978821,-0.12668462,0.67328334,0.94443154,-5.56812304,3.84999877,-0.32469545,0.02578160,0.25893664,0.80633783,,,,,,,3,,,,,,,,,
5.857888,8346,20590834,,172.67738342,2.40032053,-175.63189697,,,,,-0.83929944,0.56814277,-8.48731709,0.51978290,-0.48345876,-1.29884219,-3.84039339,-0.21556169,-4.03036443,0.02321608,0.25754291,0.79937631,,,,,,,3,,,,,,,,,
5.867898,8347,20590934,,172.64085388,2.45806551,-175.56695557,,,,,0.86282843,-0.30385116,-9.77721596,-1.15061092,-1.65252268,-0.20623231,-0.62499059,-8.10127628,-6.87571409,0.02101236,0.25613853,0.80280632,,,,,,,3,,,,,,,,,
5.877887,8348,20591034,,172.64996338,2.57220793,-175.49163818,,,,,0.45564139,-1.40352988,-8.39398766,-0.62781519,-2.52371502,-1.69898725,1.19822457,-7.46056782,-3.05897557,0.02290095,0.25754625,0.80382758,,,,,,,3,,,,,,,,,
5.887948,8349,20591134,,172.67109680,2.69221711,-175.45796204,,,,,0.34436187,-1.02218843,-7.80950880,-0.54154992,-2.06301045,-2.22517729,2.68205926,-10.54794822,-1.21602244,0.03300821,0.25593355,0.80978996,,,,,,,3,,,,,,,,,
5.897906,8350,20591234,,172.70211792,2.81716084,-175.47442627,,,,,-0.80964231,-0.10133754,-8.51565266,0.49109739,-1.15107238,-1.35279882,1.88040102,-6.22652979,2.01353998,0.03554080,0.25444901,0.81423199,,,,,,,3,,,,,,,,,
5.907838,8351,20591334,,172.77134705,2.84735489,-175.49508667,,,,,-0.76206243,2.20040631,-8.78606701,0.22903919,1.09592128,-0.79595828,2.72972331,-2.32771310,-2.61351831,0.03065728,0.25597313,0.80977875,,,,,,,3,,,,,,,,,
5.917894,8352,20591434,,172.76887512,2.83788824,-175.52406311,,,,,-0.21557161,1.37789738,-10.33632755,-0.30292171,0.03547812,0.61000192,-2.09734235,-1.68561513,-1.23577236,0.02828912,0.25601321,0.80927277,,,,,,,3,,,,,,,,,
5.927876,8353,20591534,,172.75648499,2.80683064,-175.49046326,,,,,0.13229901,0.97483045,-8.94082451,-0.56151676,-0.20525253,-0.84283066,2.98413057,-4.41387357,-6.95965199,0.02973566,0.25310913,0.80873930,,,,,,,3,,,,,,,,,
5.937919,8354,20591634,,172.76490784,2.88271904,-175.40411377,,,,,0.78380144,-1.35793066,-8.61737823,-1.00587976,-2.52308393,-1.49361873,1.75819891,-9.86294940,-5.97813545,0.01505174,0.26777765,0.75942189,,,,,,,3,,,,,,,,,
5.947884,8355,20591734,,172.79322815,3.04491711,-175.33213806,,,,,0.34353682,0.03914320,-8.75920105,-0.71810633,-1.12179720,-1.15149605,1.87296935,-8.16565935,-3.86695941,0.01489464,0.27162129,0.75700814,,,,,,,3,,,,,,,,,
5.957911,8356,20591834,,172.80557251,3.20542765,-175.31301880,,,,,-0.41592190,-1.82255340,-7.72810268,0.21922228,-2.77141428,-2.36580586,1.39978719,-15.17202385,-2.56183278,0.02860068,0.26272824,0.80839109,,,,,,,3,,,,,,,,,
5.967891,8357,20591934,,172.84532166,3.39306760,-175.31689453,,,,,-1.14243019,0.91094983,-8.97132397,0.62603158,-0.16610438,-0.75125289,1.20381540,-13.68371539,-1.60348797,0.02614331,0.26852944,0.80847067,,,,,,,3,,,,,,,,,
5.978021,8358,20592034,,172.87232971,3.52838182,-175.33312988,,,,,-0.83083677,1.60485578,-8.82650852,0.22650111,0.51325893,-0.82089555,-0.33498879,-19.55199707,-2.04024325,0.02188016,0.27244654,0.79614222,,,,,,,3,,,,,,,,,
5.988081,8359,20592134,,172.87367249,3.70011806,-175.36299133,,,,,-0.14214796,3.01305866,-10.63357544,-0.70133656,1.61350822,1.09766817,-0.57677218,-17.53670877,-4.33734643,0.02570476,0.26710275,0.79508728,,,,,,,3,,,,,,,,,
5.997986,8360,20592234,,172.84730530,3.83382583,-175.33671570,,,,,0.64054310,-1.17302048,-7.99588728,-0.98040360,-2.24815965,-2.09133053,-0.47083439,-20.52542538,-9.04182406,0.03687451,0.26259133,0.80298805,,,,,,,3,,,,,,,,,
6.007897,8361,20592334,,172.86511230,4.03300333,-175.22842407,,,,,1.24739599,-0.83112222,-9.66621304,-1.74176216,-2.17779613,-0.43481231,6.00983777,-18.29564524,-7.96986856,0.04349107,0.26343930,0.80451894,,,,,,,3,,,,,,,,,
6.017897,8362,20592434,,172.92318726,4.20578861,-175.16665649,,,,,0.11113857,-0.84657127,-7.33798313,-0.48381326,-1.79438972,-2.66786838,0.69604537,-11.63392354,-0.78818553,0.04701819,0.26674199,0.79964131,,,,,,,3,,,,,,,,,
6.027885,8363,20592534,,172.94398499,4.32235527,-175.16642761,,,,,-0.55278003,-0.08485790,-8.84323406,-0.00501335,-1.17368579,-1.03859365,4.71967395,-4.03310718,-1.83376343,0.04108939,0.27116430,0.79374450,,,,,,,3,,,,,,,,,
6.037938,8364,20592634,,173.01037598,4.34973049,-175.19499207,,,,,-0.71206266,4.17936230,-10.16858482,-0.33279341,2.88103890,0.81417465,-2.41233637,-1.93366775,-1.68522154,0.03765488,0.27458900,0.77794915,,,,,,,3,,,,,,,,,
6.047950,8365,20592734,,172.96586609,4.35081720,-175.17771912,,,,,-0.52191108,-0.89696294,-8.94097519,0.02088815,-1.98995984,-1.04091048,0.83195877,-9.38878913,-9.52324226,0.03615469,0.27173018,0.78729683,,,,,,,3,,,,,,,,,
6.057886,8366,20592834,,172.99232483,4.48016644,-175.09306335,,,,,1.06040072,1.69127321,-10.12898827,-1.89989662,0.27859795,0.32433355,1.54742397,-16.24039521,-6.60687144,0.03767545,0.27506232,0.79230481,,,,,,,3,,,,,,,,,
6.067931,8367,20592934,,172.99417114,4.68623829,-175.01306152,,,,,0.15471210,-2.98028708,-7.05687094,-0.36212569,-3.86813021,-3.20732903,3.38817126,-19.10860680,-8.41987984,0.03982493,0.28126708,0.78994000,,,,,,,3,,,,,,,,,
6.077907,8368,20593034,,173.05973816,4.90726471,-174.94447327,,,,,0.16644780,0.72281283,-9.29624748,-0.92415696,-0.49198294,-0.55080640,3.90105571,-14.13227269,-1.33231751,0.04239198,0.27978155,0.79537171,,,,,,,3,,,,,,,,,
6.087927,8369,20593134,,173.09783936,5.04080200,-174.96691895,,,,,-0.94506603,-0.22315732,-8.43221760,0.31420213,-1.21644592,-1.42038262,0.66519629,-10.87510318,-2.35350902,0.04468978,0.27301928,0.80368710,,,,,,,3,,,,,,,,,
6.097989,8370,20593234,,173.12556458,5.10494471,-174.98590088,,,,,-0.06381473,3.21569991,-9.85481358,-1.01714075,1.92656684,0.32028544,0.68812966,-8.76207573,-3.02246415,0.04867727,0.26911032,0.80809814,,,,,,,3,,,,,,,,,
6.107947,8371,20593334,,173.12449646,5.18015099,-174.96485901,,,,,0.62299824,1.19539225,-9.64611435,-1.50287127,-0.10676193,-0.19293129,-0.28708963,-12.40660833,-8.76106060,0.05307738,0.26951993,0.79971570,,,,,,,3,,,,,,,,,
6.117906,8372,20593434,,173.10795593,5.30865860,-174.86547852,,,,,0.80702865,-2.34815574,-9.01013756,-1.29591656,-3.54357004,-1.26137543,2.18641228,-11.56486435,-7.55041127,0.05722139,0.27233055,0.79879147,,,,,,,3,,,,,,,,,
6.127896,8373,20593534,,173.16384888,5.43221378,-174.76966858,,,,,-0.20087327,-0.35408846,-7.43058157,-0.37920028,-1.27953708,-2.49265647,4.56671400,-11.50899767,-4.51923223,0.06065522,0.28907251,0.79857898,,,,,,,3,,,,,,,,,
6.137870,8374,20593634,,173.20571899,5.56896400,-174.76359558,,,,,-0.46091536,-0.22534177,-9.63162708,-0.33696532,-1.40469456,-0.27477622,1.21741196,-7.10398584,-0.15772302,-0.01387146,0.34509522,0.68628699,,,,,,,3,,,,,,,,,
6.147900,8375,20593734,,173.22897339,5.61032820,-174.79129028,,,,,-0.26976737,4.65027714,-9.93794918,-1.06052196,3.35902071,0.58269453,-1.24945974,-3.36241312,-3.38519629,-0.08423352,0.38137364,0.56133425,,,,,,,3,,,,,,,,,
6.157920,8376,20593834,,173.20135498,5.65666819,-174.77073669,,,,,1.46714211,-1.04878902,-12.50260925,-2.42615461,-2.76340437,2.26864076,-1.91288925,-9.40730834,-9.53052239,-0.07896289,0.37408555,0.56025577,,,,,,,3,,,,,,,,,
6.167985,8377,20593934,,173.20066833,5.75722933,-174.65228271,,,,,-1.19627059,-2.41772485,-6.38305759,0.88372588,-3.09278107,-3.66754770,2.49653980,-14.19088084,-7.68192998,-0.07173653,0.37827468,0.58113825,,,,,,,3,,,,,,,,,
6.177905,8378,20594034,,173.22496033,5.90811729,-174.59114075,,,,,-0.30951554,2.18618393,-13.10864639,-1.09417176,0.52425086,3.42427897,0.87898857,-5.25174056,0.99655203,-0.05665934,0.38136774,0.61094838,,,,,,,3,,,,,,,,,
6.188045,8379,20594134,,173.24531555,5.93116426,-174.61398315,,,,,1.04125547,2.31232166,-11.11652184,-2.28445959,0.77281618,1.33035040,-3.50236733,-3.13150492,-5.97250097,-0.05737362,0.36793450,0.62359589,,,,,,,3,,,,,,,,,
6.197942,8380,20594234,,173.21862793,5.97030163,-174.56587219,,,,,-0.15128675,-3.38361669,-8.89586639,-0.29081243,-4.45365858,-1.40816116,-0.95357274,-8.34541541,-12.12478191,-0.06069659,0.35599983,0.60261035,,,,,,,3,,,,,,,,,
6.207953,8381,20594334,,173.22819519,6.06402493,-174.45932007,,,,,-0.33534461,2.02963996,-12.64669132,-1.04821944,0.43284273,2.94471741,4.33255420,-5.76180671,2.84776264,-0.04288007,0.35760230,0.64280069,,,,,,,3,,,,,,,,,
6.217955,8382,20594434,,173.27563477,6.08317900,-174.48207092,,,,,0.61213648,4.30687904,-12.81486130,-2.24790001,2.57030630,3.28168559,0.66499122,3.00738608,-2.62364855,-0.03371087,0.35839882,0.66363919,,,,,,,3,,,,,,,,,
6.228106,8383,20594534,,173.32769775,6.05339336,-174.44737244,,,,,-0.45249751,-5.67354965,-9.47259235,0.22730660,-6.74143600,-1.05706811,4.96084964,-6.16719039,-16.40392019,-0.04807157,0.34569305,0.63565940,,,,,,,3,,,,,,,,,
6.238057,8384,20594634,,173.38838196,6.14170551,-174.30532837,,,,,-0.06963973,0.80807555,-11.60438538,-1.08649385,-0.64791191,1.75186300,5.45617325,-2.06170904,6.83186513,-0.03764790,0.34838989,0.65307099,,,,,,,3,,,,,,,,,
6.248008,8385,20594734,,173.42236328,6.16455412,-174.35995483,,,,,0.64466053,6.09750080,-13.46052933,-2.57029438,4.27447462,4.12307644,-0.07012179,2.18283305,-3.51289478,-0.02448073,0.35393268,0.64283484,,,,,,,3,,,,,,,,,
6.258006,8386,20594834,,173.44279480,6.14629030,-174.32705688,,,,,-0.55063385,-4.37211752,-10.64583111,0.04562587,-5.57998133,0.28939641,10.11162891,-9.34877618,-17.76808997,-0.03845625,0.34312320,0.65397310,,,,,,,3,,,,,,,,,
6.267961,8387,20594934,,173.57412720,6.24533892,-174.17420959,,,,,-0.23065388,1.56253147,-12.69049454,-1.15790415,0.01495898,2.92538691,7.85891555,-1.18177384,8.03638777,-0.02498815,0.34431452,0.70403022,,,,,,,3,,,,,,,,,
6.278017,8388,20595034,,173.66075134,6.24576616,-174.22557068,,,,,0.95852798,1.51374340,-11.79866982,-2.24861145,-0.03109604,1.90638196,1.22940449,-1.73321674,-10.10040178,-0.01274644,0.34747922,0.67940372,,,,,,,3,,,,,,,,,
6.287977,8389,20595134,,173.70132446,6.26567221,-174.15785217,,,,,-0.66496468,-3.38377285,-9.32649899,0.15423477,-4.39109325,-0.88579464,12.01254568,-6.07880646,-7.23875743,-0.02585188,0.34194651,0.66440761,,,,,,,3,,,,,,,,,
6.297906,8390,20595234,,173.80726624,6.31354332,-174.08522034,,,,,0.27788538,5.71362591,-13.45796394,-2.18346643,4.01878452,4.07792091,5.97389049,5.97462345,8.00786405,-0.01729325,0.34755382,0.68383497,,,,,,,3,,,,,,,,,
6.307938,8391,20595334,,173.86495972,6.23434734,-174.14715576,,,,,0.70333672,-2.28514743,-12.67366695,-1.63976955,-3.81772900,2.39979029,6.79923475,0.30451014,-17.16776244,-0.02257200,0.34717008,0.66698056,,,,,,,3,,,,,,,,,
6.318007,8392,20595434,,173.94804382,6.24610853,-174.00073242,,,,,-1.22263408,-0.53410435,-11.20078087,0.19389868,-1.70404768,1.34000254,11.12373402,-1.75240787,3.32714693,-0.02869635,0.35351169,0.67001879,,,,,,,3,,,,,,,,,
6.328126,8393,20595534,,174.04516602,6.25773001,-174.00886536,,,,,0.75960290,4.64671183,-12.79300308,-2.50959373,3.04555368,3.23735476,2.35747907,4.14296522,-0.96978099,-0.01260050,0.35514703,0.70129526,,,,,,,3,,,,,,,,,
6.337988,8394,20595634,,174.08148193,6.23341131,-174.01780701,,,,,-0.46608582,-4.71547222,-9.86110306,0.08241749,-5.72795582,-0.48376417,6.45827384,-3.68023058,-12.87440627,-0.02014592,0.33943248,0.70546144,,,,,,,3,,,,,,,,,
6.347970,8395,20595734,,174.14379883,6.29306555,-173.89683533,,,,,-0.44567388,2.36714602,-12.45783615,-1.02013648,0.96944296,2.80091357,2.90877842,0.15599202,10.45365831,-0.01369533,0.34460419,0.70458621,,,,,,,3,,,,,,,,,
6.358025,8396,20595834,,174.14463806,6.27073908,-173.96583557,,,,,1.41562796,2.65453005,-13.25611496,-2.99632549,0.95709991,3.41953611,-4.89423736,1.94316299,-9.71213456,-0.00925896,0.34836596,0.71258414,,,,,,,3,,,,,,,,,
6.367920,8397,20595934,,174.09989929,6.23431110,-173.91033936,,,,,-1.57825911,-2.11432242,-10.25192356,0.82172585,-3.08509636,0.28844154,5.53269783,-3.67160234,-4.56251557,-0.02451593,0.34046754,0.70199263,,,,,,,3,,,,,,,,,
6.377936,8398,20596034,,174.15098572,6.25910616,-173.85838318,,,,,0.89933014,5.79273272,-13.84935856,-2.87430620,4.06250381,4.37482691,-1.10646663,4.31047006,7.13263678,-0.01121811,0.34601831,0.66850358,,,,,,,3,,,,,,,,,
6.388043,8399,20596134,,174.17135620,6.20155334,-173.89949036,,,,,0.23754533,-4.89905310,-10.89108276,-0.65631920,-6.08978319,0.44555414,0.08514764,3.55462681,-15.85316105,-0.02266752,0.34861252,0.66502392,,,,,,,3,,,,,,,,,
6.397970,8400,20596234,,174.18927002,6.16705513,-173.74986267,,,,,-0.99841189,-0.97671521,-11.30930901,0.03545570,-2.13550949,1.39248526,1.58703149,2.44680022,5.69075567,-0.02806778,0.35397309,0.68833536,,,,,,,3,,,,,,,,,
6.407901,8401,20596334,,174.19805908,6.14363623,-173.77973938,,,,,1.59795856,4.37442493,-13.43449020,-3.35676408,2.63148928,3.76497507,-5.78875949,10.46456783,-2.19455643,-0.01346191,0.35517240,0.67655337,,,,,,,3,,,,,,,,,
6.418037,8402,20596434,,174.15434265,6.04511738,-173.77433777,,,,,-1.22825694,-2.53719163,-9.74638939,0.62154621,-3.46528339,-0.29094744,4.85953104,0.12671809,-10.76518153,-0.01705719,0.34371972,0.66151124,,,,,,,3,,,,,,,,,
6.427980,8403,20596534,,174.19186401,6.04727221,-173.68345642,,,,,0.04673849,5.07521534,-13.40397263,-1.85922134,3.51017141,3.95377421,2.59278527,5.17669941,9.06847887,-0.00976014,0.33783528,0.66541278,,,,,,,3,,,,,,,,,
6.437964,8404,20596634,,174.23435974,6.00031900,-173.72882080,,,,,0.86737144,-1.13131773,-12.64430428,-1.85424650,-2.62570047,2.49997020,-0.16394410,4.67208845,-13.25076592,-0.01138560,0.33160326,0.70983428,,,,,,,3,,,,,,,,,
6.447902,8405,20596734,,174.29185486,5.96893835,-173.61308289,,,,,-1.31230974,-4.83152962,-9.84441948,0.98366308,-5.71531773,-0.39139295,9.19043873,-4.76543579,-3.48986872,-0.00305247,0.31847835,0.76656568,,,,,,,3,,,,,,,,,
6.457954,8406,20596834,,174.40771484,6.01748276,-173.57031250,,,,,0.49975663,4.36788464,-12.44873905,-2.14453983,2.90664983,2.89958811,3.45220535,7.27004823,6.90578656,0.03992379,0.30191663,0.76355046,,,,,,,3,,,,,,,,,
6.467936,8407,20596934,,174.45590210,5.93291664,-173.63101196,,,,,0.11697248,-0.49628729,-10.34212399,-0.99689770,-1.61122727,0.36918437,9.34275024,1.38553482,-13.81824706,0.05774863,0.29057401,0.76989216,,,,,,,3,,,,,,,,,
6.477950,8408,20597034,,174.56614685,5.91840601,-173.50584412,,,,,-0.42304900,-0.51551676,-11.24340820,-0.54548949,-1.63782096,1.31896591,18.81139282,-0.83995361,-0.00579666,0.05652224,0.30738211,0.79785866,,,,,,,3,,,,,,,,,
6.487927,8409,20597134,,174.75018311,5.91957760,-173.49197388,,,,,0.75705469,3.26568103,-12.94765759,-2.30804753,1.81537867,3.23576760,8.16694171,9.21013956,2.57990183,0.05557896,0.31556776,0.77522457,,,,,,,3,,,,,,,,,
6.497946,8410,20597234,,174.81346130,5.82202721,-173.51138306,,,,,-0.15494624,-2.69979215,-8.68011570,-0.27197921,-3.52276254,-1.44042277,5.36430422,0.15608950,-14.41133544,0.04208265,0.30668145,0.76066816,,,,,,,3,,,,,,,,,
6.507970,8411,20597334,,174.85493469,5.83012486,-173.36660767,,,,,-0.65840459,1.17558777,-10.24680996,-0.39868587,0.20984769,0.50772762,8.08808035,3.09877785,2.24679948,0.04355003,0.31048322,0.79141080,,,,,,,3,,,,,,,,,
6.517977,8412,20597434,,174.90901184,5.79189682,-173.39176941,,,,,0.43136716,3.69622779,-13.65619469,-2.07584000,2.23831916,4.00695944,-0.31586866,10.50173516,1.52145484,0.04349426,0.31816289,0.79400593,,,,,,,3,,,,,,,,,
6.527966,8413,20597534,,174.91413879,5.67598820,-173.39578247,,,,,0.23507480,-2.21971059,-8.86007023,-0.70899677,-3.10152674,-1.25600255,-2.18877788,-0.68384313,-13.04476741,0.02483120,0.31560189,0.78298706,,,,,,,3,,,,,,,,,
6.538053,8414,20597634,,174.92213440,5.71236658,-173.24729919,,,,,-0.15220904,-0.64122516,-9.29982567,-0.58022213,-1.54029918,-0.63766348,6.31105424,0.24761111,-2.51748094,0.03054031,0.31934395,0.78703302,,,,,,,3,,,,,,,,,
6.547932,8415,20597734,,175.00003052,5.71635675,-173.22651672,,,,,-0.41667810,1.88826787,-11.92344475,-0.85674691,0.74473655,2.21090603,4.83062226,7.57458502,2.97242874,0.04473074,0.31479105,0.77367359,,,,,,,3,,,,,,,,,
6.557956,8416,20597834,,175.06690979,5.60981226,-173.26510620,,,,,-0.02923302,1.50277972,-9.90558338,-1.01792812,0.52314878,0.14028871,0.18714962,4.23581396,-8.32724199,0.06311490,0.28566471,0.81338024,,,,,,,3,,,,,,,,,
6.567965,8417,20597934,,175.10346985,5.57191277,-173.17022705,,,,,1.03163862,-1.41760147,-9.84260368,-1.68407989,-2.46682096,-0.26708269,13.35455833,-0.31184587,-9.76556030,0.09010477,0.27078211,0.87858820,,,,,,,3,,,,,,,,,
6.577971,8418,20598034,,175.26435852,5.60190201,-173.05049133,,,,,-0.53253967,-2.19785881,-7.82338285,0.13250256,-2.84465027,-2.18019629,14.12045732,3.08644979,-0.88897431,0.10023216,0.28261718,0.86546785,,,,,,,3,,,,,,,,,
6.587948,8419,20598134,,175.45523071,5.56775236,-173.04483032,,,,,-0.67018795,3.79034662,-10.28024960,-0.69340461,2.90170431,0.74882746,15.59966541,7.76243486,1.42063613,0.09545899,0.28990844,0.84032667,,,,,,,3,,,,,,,,,
6.598022,8420,20598234,,175.58915710,5.45732784,-173.08293152,,,,,-0.44036070,0.58508325,-9.48192787,-0.44174409,-0.20070231,-0.31718826,11.42644459,7.09145372,-7.38464856,0.08860611,0.28666216,0.84419894,,,,,,,3,,,,,,,,,
6.608062,8421,20598334,,175.70039368,5.39109421,-173.00204468,,,,,1.39028096,0.92232263,-10.27772808,-2.35475230,-0.13705707,0.32638645,13.63157031,2.31455752,-8.26851602,0.08348268,0.29250625,0.84871864,,,,,,,3,,,,,,,,,
6.618051,8422,20598434,,175.81945801,5.38650656,-172.88211060,,,,,-0.07911819,-2.66071916,-6.77656460,-0.13805139,-3.19007516,-3.26667404,13.47606569,-0.47151128,-7.22728185,0.08611856,0.30062211,0.84787083,,,,,,,3,,,,,,,,,
6.628023,8423,20598534,,175.96942139,5.41778517,-172.79600525,,,,,-0.18628025,0.91880929,-9.18025589,-0.70504242,0.18375981,-0.61719513,12.07358965,3.03407419,0.06622784,0.08166873,0.30597845,0.84446996,,,,,,,3,,,,,,,,,
6.638190,8424,20598634,,176.07022095,5.37470388,-172.82392883,,,,,-1.22734165,1.76537442,-8.40674305,0.27925307,1.22410035,-1.22684240,3.94409316,7.07077789,-2.61969857,0.06435995,0.31203312,0.83656287,,,,,,,3,,,,,,,,,
6.648007,8425,20598734,,176.12351990,5.29497337,-172.80473328,,,,,0.21007809,2.00854921,-9.41210651,-1.24738085,1.21984231,-0.34904861,6.09323268,5.56923977,-7.18301540,0.05567895,0.31650090,0.83263201,,,,,,,3,,,,,,,,,
6.658038,8426,20598834,,176.16540527,5.22266102,-172.74865723,,,,,0.76886743,0.54064780,-9.89299202,-1.63818681,-0.33535028,-0.02054667,2.41721227,2.57243536,-7.29995251,0.06105338,0.31785342,0.82575375,,,,,,,3,,,,,,,,,
6.667977,8427,20598934,,176.17626953,5.21057129,-172.62519836,,,,,0.28344232,-2.26504517,-7.17201233,-0.55459273,-2.83480716,-2.85783958,7.14324961,-1.83461656,-8.48149412,0.06257865,0.32215112,0.81791329,,,,,,,3,,,,,,,,,
6.677993,8428,20599034,,176.29003906,5.25205660,-172.52026367,,,,,0.18604212,0.29880923,-8.76441956,-0.94122815,-0.39618134,-1.10396838,7.22695657,0.00874445,-3.66527716,0.05817512,0.33087108,0.80417591,,,,,,,3,,,,,,,,,
6.687995,8429,20599134,,176.34910583,5.26856709,-172.49180603,,,,,-1.24303210,-0.55979693,-6.99103546,0.73044163,-0.91979229,-2.78789759,3.27504561,3.14515911,-3.71616975,0.04414348,0.33111230,0.79272991,,,,,,,3,,,,,,,,,
6.697983,8430,20599234,,176.41537476,5.22871017,-172.47994995,,,,,-0.00976566,3.06315446,-9.93006039,-1.21130908,2.29431391,0.24690557,3.88147356,6.90187329,-3.21768398,0.03594358,0.33125293,0.78675389,,,,,,,3,,,,,,,,,
6.708033,8431,20599334,,176.41255188,5.13888550,-172.47837830,,,,,-0.38203833,1.21163034,-9.23583031,-0.53047407,0.55862856,-0.52190983,-3.59494627,4.55268949,-6.14185893,0.03351282,0.33561373,0.78681076,,,,,,,3,,,,,,,,,
6.718010,8432,20599434,,176.37553406,5.07816076,-172.37924194,,,,,0.92413628,0.14967336,-9.58414268,-1.68850279,-0.68705350,-0.35909462,2.16005800,0.58312687,-9.99702260,0.03526939,0.34230402,0.78692549,,,,,,,3,,,,,,,,,
6.728062,8433,20599534,,176.38967896,5.08640242,-172.26860046,,,,,0.14094289,-0.87806356,-8.13210678,-0.65764624,-1.49361777,-1.80223358,-1.73203416,-2.30680141,-6.64576382,0.03313705,0.34570220,0.78152621,,,,,,,3,,,,,,,,,
6.737953,8434,20599634,,176.38140869,5.14413977,-172.17793274,,,,,-0.05771304,-1.84068620,-8.01289272,-0.32167974,-2.41167355,-1.95535982,1.70454404,-0.77644406,-6.24780285,0.02739196,0.34484047,0.77802044,,,,,,,3,,,,,,,,,
6.747958,8435,20599734,,176.45481873,5.15221500,-172.12359619,,,,,-0.72653091,2.21253395,-8.34275818,-0.25190026,1.66683793,-1.31963921,0.51456047,5.45727760,-0.90700590,0.02491208,0.34440395,0.77404302,,,,,,,3,,,,,,,,,
6.758111,8436,20599834,,176.44454956,5.08624268,-172.14804077,,,,,-0.36255381,0.71925622,-10.19582081,-0.54532784,0.00571156,0.39798439,-2.47045509,6.87082111,-4.72876835,0.02232046,0.34349084,0.76659417,,,,,,,3,,,,,,,,,
6.768004,8437,20599934,,176.46083069,4.98635197,-172.09446716,,,,,-0.11637896,2.73557091,-9.41844654,-1.00398421,2.02962017,-0.27095747,3.50556129,4.58250326,-8.16140499,0.02341000,0.34779543,0.75974119,,,,,,,3,,,,,,,,,
6.778169,8438,20600034,,176.45550537,4.92778921,-172.01255798,,,,,0.94415748,-1.43762708,-9.31161690,-1.42570996,-2.23502898,-0.73019266,-0.75574576,-0.19195745,-9.76826334,0.02762342,0.34964424,0.76028633,,,,,,,3,,,,,,,,,
6.788115,8439,20600134,,176.47509766,4.95815992,-171.86976624,,,,,-0.02761907,-1.20662904,-8.29622269,-0.42956972,-1.79313362,-1.63019931,8.05568049,0.17755798,-8.79999011,0.02529706,0.35208249,0.76229233,,,,,,,3,,,,,,,,,
6.797994,8440,20600234,,176.55535889,4.97915268,-171.78408813,,,,,-0.49844551,0.27547824,-8.26388931,-0.17983180,-0.25662872,-1.53838181,-0.38785819,4.66473874,-0.81193735,0.01764709,0.35749739,0.74799162,,,,,,,3,,,,,,,,,
6.808011,8441,20600334,,176.55160522,4.92729807,-171.78002930,,,,,-1.06037879,1.70907319,-10.27525997,0.02007055,1.09528124,0.59369063,-1.90254556,9.04763740,-4.52572817,0.01200587,0.35567284,0.74694496,,,,,,,3,,,,,,,,,
6.817981,8442,20600434,,176.53404236,4.84436178,-171.76542664,,,,,-0.30403736,2.35468102,-9.51556873,-0.76266861,1.67269516,-0.18004155,-5.95876247,0.31457034,-6.77299060,0.00996156,0.35281822,0.76766938,,,,,,,3,,,,,,,,,
6.828105,8443,20600534,,176.45329285,4.84086323,-171.69935608,,,,,0.84708214,-0.16780874,-10.14437389,-1.56439221,-1.03577685,0.19094205,-3.21748206,-3.17800634,-10.90767635,0.01038493,0.35040641,0.77851802,,,,,,,3,,,,,,,,,
6.837984,8444,20600634,,176.44085693,4.89580870,-171.55783081,,,,,0.44253543,-0.43393067,-8.81596851,-1.03429270,-1.15017092,-1.11413538,-0.97787530,-5.58179750,-8.24752685,0.01516551,0.35752898,0.77123338,,,,,,,3,,,,,,,,,
6.847996,8445,20600734,,176.43858337,4.96296501,-171.46545410,,,,,-0.96184742,-2.30484843,-7.99223089,0.69530499,-2.72987461,-1.92545724,-0.88701159,-1.16407010,-5.59140374,0.01812897,0.35844296,0.76235706,,,,,,,3,,,,,,,,,
6.858018,8446,20600834,,176.48025513,4.96703863,-171.41067505,,,,,-0.19445676,3.01557970,-10.10418892,-1.03234935,2.25557852,0.43345714,0.58887773,1.72366291,-1.97104148,0.01902908,0.35314968,0.75831968,,,,,,,3,,,,,,,,,
6.868053,8447,20600934,,176.46134949,4.93250704,-171.43301392,,,,,-0.38016215,0.48835656,-9.73557568,-0.43684953,-0.18693101,-0.06938291,-5.12698460,2.42454042,-6.75831466,0.01057511,0.35185224,0.75776201,,,,,,,3,,,,,,,,,
6.877995,8448,20601034,,176.44407654,4.89949656,-171.36434937,,,,,0.90333194,3.29255390,-10.86227417,-2.21507788,2.30241609,1.11692572,0.43833089,1.77335478,-8.51189615,0.01436065,0.35514736,0.76030695,,,,,,,3,,,,,,,,,
6.887971,8449,20601134,,176.40792847,4.86939240,-171.25767517,,,,,0.05822321,-4.08884573,-8.03319931,0.00257796,-4.64103746,-2.08449841,-1.24371864,-0.62436531,-10.76175790,0.02374714,0.35498956,0.75985676,,,,,,,3,,,,,,,,,
6.897985,8450,20601234,,176.42921448,4.90101147,-171.10758972,,,,,-0.20865528,1.38565731,-9.20757103,-0.69656962,0.70849705,-0.55580771,2.34488377,0.53352939,-5.42318941,0.02234648,0.35261363,0.75882262,,,,,,,3,,,,,,,,,
6.908010,8451,20601334,,176.44725037,4.90598917,-171.07341003,,,,,-0.97392809,-0.31742534,-9.60769272,0.29740405,-0.88506544,-0.19388950,-4.22385344,3.09006765,-2.83125108,0.01495246,0.35321635,0.76275313,,,,,,,3,,,,,,,,,
6.918024,8452,20601434,,176.42909241,4.87298393,-171.06947327,,,,,-0.62402505,4.21776676,-8.61072445,-0.69707930,3.60288453,-0.93198538,-5.32524749,4.58586926,-5.92660082,0.00613952,0.35336319,0.76617455,,,,,,,3,,,,,,,,,
6.928011,8453,20601534,,176.34994507,4.82736111,-171.03051758,,,,,1.02989221,-0.65855211,-12.48857880,-1.81459343,-1.76601768,2.47372246,-5.64667662,0.59181818,-10.14880306,0.01017870,0.34945270,0.77207005,,,,,,,3,,,,,,,,,
6.938005,8454,20601634,,176.29701233,4.82690716,-170.89494324,,,,,-0.02782202,0.27028501,-7.71972084,-0.57397580,-0.33063775,-2.11774611,-2.61682199,-5.77852360,-9.94087247,0.01593164,0.35175386,0.77658814,,,,,,,3,,,,,,,,,
6.948030,8455,20601734,,176.29415894,4.90823269,-170.77684021,,,,,0.03223569,-2.06256938,-9.77355957,-0.41205761,-2.79430485,-0.23187506,-1.00717052,-2.95889152,-7.16672113,0.01702118,0.35605845,0.76973516,,,,,,,3,,,,,,,,,
6.957992,8456,20601834,,176.31312561,4.93471098,-170.70217896,,,,,-0.89375973,1.32035720,-8.13367271,0.05924892,0.80992401,-1.56833124,-0.04493095,0.57045804,-3.53167588,0.01721724,0.35317931,0.76029009,,,,,,,3,,,,,,,,,
6.967955,8457,20601934,,176.31156921,4.90455198,-170.71270752,,,,,-0.44838256,1.68106949,-10.85442638,-0.62746865,0.87595975,1.12769890,-6.44560000,8.15114861,-3.57491973,0.00723997,0.35334858,0.75727421,,,,,,,3,,,,,,,,,
6.977993,8458,20602034,,176.25073242,4.80645752,-170.67053223,,,,,0.28434870,2.82714748,-10.07150173,-1.47624254,1.94496226,0.36090183,-3.45872647,3.01555669,-8.27187135,0.00830145,0.35236943,0.76023257,,,,,,,3,,,,,,,,,
6.988023,8459,20602134,,176.18528748,4.78724432,-170.58204651,,,,,0.76700759,-2.23931122,-9.43915462,-1.03715301,-3.07868695,-0.64580894,-6.07990612,-3.12250678,-11.57933496,0.01620600,0.34743279,0.76860499,,,,,,,3,,,,,,,,,
6.997959,8460,20602234,,176.15824890,4.84698868,-170.43147278,,,,,-0.07331214,0.19152211,-9.03750134,-0.60930079,-0.52539408,-0.81075978,0.44858223,-2.31443073,-8.18969564,0.01887540,0.34786373,0.77802563,,,,,,,3,,,,,,,,,
7.008003,8461,20602334,,176.16732788,4.89518356,-170.35523987,,,,,-0.79036003,-1.54862225,-9.29487419,0.36930436,-2.14094758,-0.60943615,-2.71833269,1.69435478,-2.74449018,0.01283872,0.35132354,0.78200817,,,,,,,3,,,,,,,,,
7.017997,8462,20602434,,176.19869995,4.86290550,-170.33020020,,,,,-1.24709928,3.68063736,-8.54641628,-0.02189314,3.13900805,-0.96718597,-2.20720082,4.11079674,-3.08726151,0.00975969,0.35041887,0.77406228,,,,,,,3,,,,,,,,,
7.028004,8463,20602534,,176.15272522,4.81320906,-170.33584595,,,,,0.24244772,-0.38414508,-11.81933117,-1.01426172,-1.37051582,1.88617694,-2.26324956,0.62175607,-9.01374686,0.00897744,0.34467152,0.77545160,,,,,,,3,,,,,,,,,
7.038013,8464,20602634,,176.17535400,4.79371834,-170.24003601,,,,,0.31993830,2.45099354,-8.48311329,-1.34612668,1.67364001,-1.24333191,1.35178963,-1.53400008,-9.01768105,0.00970553,0.34561577,0.78338635,,,,,,,3,,,,,,,,,
7.047993,8465,20602734,,176.19369507,4.81381845,-170.13589478,,,,,0.62184727,-1.52783275,-10.62393093,-1.09332120,-2.45185041,0.60008323,6.17335976,0.22470797,-9.44694222,0.01728258,0.35989565,0.76583916,,,,,,,3,,,,,,,,,
7.057975,8466,20602834,,176.28863525,4.80901670,-169.99861145,,,,,-0.05661267,-1.77503765,-7.83641863,-0.18131655,-2.34773326,-2.12758374,10.67408815,-1.47050248,-7.95652066,0.01745938,0.36085615,0.75793910,,,,,,,3,,,,,,,,,
7.068058,8467,20602934,,176.41430664,4.82819319,-169.92376709,,,,,-1.14321089,0.51694483,-9.06052589,0.39262927,0.01501462,-0.67610121,8.05787469,7.51085765,-4.93580803,0.01557923,0.35032460,0.76567906,,,,,,,3,,,,,,,,,
7.078033,8468,20603034,,176.50848389,4.74183655,-169.90600586,,,,,-0.05518930,3.89347601,-10.64823437,-1.38553452,3.03589797,1.02372205,4.27298684,9.11650449,-3.17749002,0.00787153,0.35765481,0.76427215,,,,,,,3,,,,,,,,,
7.087985,8469,20603134,,176.52653503,4.62034559,-169.89270020,,,,,-0.48460338,-0.51340139,-9.63824654,-0.08773345,-1.12902737,-0.21982110,4.06572901,8.21717776,-10.21600956,0.00623198,0.35767937,0.77119094,,,,,,,3,,,,,,,,,
7.098007,8470,20603234,,176.57080078,4.54653406,-169.76205444,,,,,1.30602264,1.60232389,-10.47800446,-2.27954912,0.57447082,0.59913945,4.52352031,1.61675551,-8.96086327,0.01397994,0.35562661,0.77663970,,,,,,,3,,,,,,,,,
7.108036,8471,20603334,,176.60981750,4.54286528,-169.63734436,,,,,0.17406300,-2.80398250,-8.35045338,-0.20958301,-3.38696575,-1.67840159,7.31711592,3.28356947,-10.28468114,0.01188939,0.36142296,0.77375239,,,,,,,3,,,,,,,,,
7.118049,8472,20603434,,176.70201111,4.50039482,-169.52554321,,,,,-1.12512851,0.53965712,-8.03476906,0.47893459,0.16017723,-1.70180702,3.71581287,12.32563216,-3.40458292,0.00680451,0.35958797,0.77518213,,,,,,,3,,,,,,,,,
7.127999,8473,20603534,,176.73609924,4.36452007,-169.51312256,,,,,-0.28587660,2.56239915,-12.10293388,-0.95494521,1.71931767,2.39968348,0.89821427,17.61749454,-4.48791752,-0.00368730,0.36216578,0.77220178,,,,,,,3,,,,,,,,,
7.137999,8474,20603634,,176.74674988,4.16124821,-169.48953247,,,,,-0.73961687,1.18744862,-8.03292656,0.01700917,0.74341166,-1.69619763,-0.73153717,10.91802921,-7.29240600,-0.00999613,0.36851877,0.75643843,,,,,,,3,,,,,,,,,
7.148024,8475,20603734,,176.76228333,4.07376146,-169.39770508,,,,,0.88424951,1.38707781,-11.36063862,-1.79647982,0.41780198,1.51652622,2.92929482,9.38800878,-10.28435927,-0.00261294,0.36263183,0.76281410,,,,,,,3,,,,,,,,,
7.158016,8476,20603834,,176.77987671,4.01138401,-169.27214050,,,,,0.33589011,-2.70160294,-9.23163509,-0.34903193,-3.34098625,-0.79057646,6.43918347,3.65242530,-9.76409181,0.00311143,0.36060899,0.77765357,,,,,,,3,,,,,,,,,
7.167972,8477,20603934,,176.87341309,4.00744009,-169.14607239,,,,,-0.65962529,-0.83707583,-7.80194092,0.35656965,-1.22030926,-2.04244828,6.94083055,4.62743737,-5.64747874,0.00237088,0.36686328,0.77329606,,,,,,,3,,,,,,,,,
7.177985,8478,20604034,,176.96844482,3.97881413,-169.09086609,,,,,-1.33100724,1.48243618,-9.29551601,0.49011338,1.09862983,-0.38546848,6.98145694,6.25503858,-2.58544559,0.00151178,0.36928201,0.76343483,,,,,,,3,,,,,,,,,
7.188034,8479,20604134,,177.02734375,3.90492797,-169.09700012,,,,,-0.19308351,2.31978130,-11.52729607,-0.90736246,1.56953096,1.80557549,2.14422903,7.85896678,-5.26845361,-0.00492993,0.36363018,0.76430255,,,,,,,3,,,,,,,,,
7.197995,8480,20604234,,177.03799438,3.81015968,-169.04924011,,,,,-0.30230480,0.57592082,-8.35493088,-0.27661067,0.09143496,-1.44078934,1.41923402,5.33467101,-10.53845596,-0.00674474,0.35981497,0.77759159,,,,,,,3,,,,,,,,,
7.208033,8481,20604334,,177.04798889,3.75520396,-168.93849182,,,,,0.99984127,2.16968918,-11.51396561,-2.02736664,1.20369613,1.70603955,0.70106444,3.64198579,-8.28049702,-0.00560701,0.36123294,0.78405160,,,,,,,3,,,,,,,,,
7.217966,8482,20604434,,177.03785706,3.73674011,-168.82131958,,,,,-0.00790100,-4.22698498,-8.12870884,0.41137058,-4.65373659,-1.92117143,5.30488413,-2.40383961,-9.97205484,-0.00609494,0.36220112,0.78406447,,,,,,,3,,,,,,,,,
7.228043,8483,20604534,,177.12803650,3.78249574,-168.70707703,,,,,-0.65419793,1.20593500,-7.90562487,-0.02129775,0.81479621,-1.83660722,1.73420734,4.82689383,-3.61780905,-0.00185490,0.36260954,0.78458697,,,,,,,3,,,,,,,,,
7.238040,8484,20604634,,177.16963196,3.73434234,-168.67420959,,,,,-0.95798898,1.15794766,-10.56171417,0.14927644,0.67822945,0.82561922,5.47849559,9.34081474,-4.66887271,-0.00310691,0.36551380,0.77720529,,,,,,,3,,,,,,,,,
7.248026,8485,20604734,,177.23358154,3.62558103,-168.66723633,,,,,-0.92918229,2.16947031,-10.06638050,-0.04991758,1.69729578,0.38678026,-0.34648104,6.12114851,-5.37882861,-0.01011238,0.36707667,0.76581544,,,,,,,3,,,,,,,,,
7.258090,8486,20604834,,177.22506714,3.56261992,-168.61312866,,,,,-0.14080860,0.45956796,-8.69305706,-0.40394050,-0.04123199,-1.12175977,5.02013952,1.01976080,-11.18022481,-0.01382218,0.36713848,0.76728207,,,,,,,3,,,,,,,,,
7.267999,8487,20604934,,177.27597046,3.56847477,-168.49348450,,,,,1.21369660,2.15431476,-11.84499264,-2.23423767,1.16051531,2.01923656,2.05024584,-0.60453545,-8.09449219,-0.01256334,0.36759314,0.77669603,,,,,,,3,,,,,,,,,
7.278008,8488,20605034,,177.27493286,3.59389949,-168.37986755,,,,,-0.56786931,-4.14551449,-7.73094130,1.01213861,-4.39818954,-2.25686789,5.96876187,-3.69798608,-11.35243351,-0.00860885,0.37040931,0.77032858,,,,,,,3,,,,,,,,,
7.288036,8489,20605134,,177.35676575,3.65614319,-168.25395203,,,,,-0.32724801,0.77166271,-8.33613968,-0.27189648,0.33259654,-1.44932222,2.15950902,-2.41443708,-3.71230002,-0.00863597,0.37280950,0.77086121,,,,,,,3,,,,,,,,,
7.298040,8490,20605234,,177.37162781,3.67787623,-168.22395325,,,,,-1.18580818,1.88821661,-10.77256966,0.20673764,1.46186900,1.08275485,1.27620761,3.73932665,-4.15229782,-0.01167670,0.37141788,0.77725577,,,,,,,3,,,,,,,,,
7.308008,8491,20605334,,177.38424683,3.62747860,-168.22158813,,,,,-0.45279935,1.73038042,-9.12113667,-0.39490581,1.25142479,-0.61259460,-4.14385955,1.80576520,-6.51901173,-0.01697770,0.37102890,0.77326494,,,,,,,3,,,,,,,,,
7.318172,8492,20605434,,177.34403992,3.58186269,-168.15855408,,,,,0.03015009,1.31924748,-10.31785965,-0.83670127,0.67764640,0.53094816,-2.63490940,3.49862737,-11.16342767,-0.01928632,0.37250686,0.77525580,,,,,,,3,,,,,,,,,
7.328011,8493,20605534,,177.31979370,3.55711675,-168.03208923,,,,,0.96769303,0.53608984,-10.61776543,-1.60162318,-0.30319226,0.73372245,-0.17694016,-3.75919397,-10.33737349,-0.01871226,0.37153611,0.77771711,,,,,,,3,,,,,,,,,
7.338005,8494,20605634,,177.31974792,3.60742855,-167.91242981,,,,,-0.06527489,-1.90089238,-7.42688274,0.08853614,-2.28220654,-2.49766374,0.08631622,-3.29621962,-9.25316890,-0.01271310,0.37383592,0.77580458,,,,,,,3,,,,,,,,,
7.348087,8495,20605734,,177.34265137,3.66576171,-167.79377747,,,,,-0.29610556,-1.38060331,-9.07460117,0.11174613,-1.82178307,-0.81013501,4.80241273,0.98155677,-7.43277919,-0.01006631,0.37763259,0.77290940,,,,,,,3,,,,,,,,,
7.357991,8496,20605834,,177.40946960,3.66439867,-167.72245789,,,,,-1.06960082,2.39580584,-9.88030910,0.02069527,1.98845494,0.21191454,-0.20125535,3.25160056,-3.47754172,-0.01360768,0.37817523,0.76597363,,,,,,,3,,,,,,,,,
7.368064,8497,20605934,,177.40632629,3.62457728,-167.71884155,,,,,-0.82027417,0.39769182,-9.52530289,0.21561468,0.01087284,-0.24992692,-0.28060218,1.41167246,-7.47218170,-0.01895047,0.37538803,0.75947082,,,,,,,3,,,,,,,,,
7.378083,8498,20606034,,177.40730286,3.61230016,-167.66888428,,,,,-0.64202178,2.86919522,-9.25064087,-0.47320363,2.39372110,-0.41525996,-4.54461193,1.15217138,-7.77599791,-0.02281098,0.37400874,0.76932478,,,,,,,3,,,,,,,,,
7.388083,8499,20606134,,177.35696411,3.57349110,-167.58296204,,,,,0.49204925,1.30321681,-11.76755333,-1.36086774,0.47488415,1.94622648,-0.29963778,0.81277250,-11.73777913,-0.02387697,0.37402233,0.77921486,,,,,,,3,,,,,,,,,
7.398015,8500,20606234,,177.33711243,3.57089210,-167.44682312,,,,,0.76173770,-1.61180723,-8.84247971,-0.82859313,-2.26171780,-1.12583709,-1.81768601,-6.94779009,-11.38279200,-0.02315322,0.37641227,0.77430874,,,,,,,3,,,,,,,,,
7.408248,8501,20606334,,177.33503723,3.66140056,-167.31211853,,,,,0.03613781,-0.84368300,-7.39728355,-0.22629836,-1.26986349,-2.48557425,-0.76773012,-2.57026016,-8.81212565,-0.02031590,0.37828383,0.77583688,,,,,,,3,,,,,,,,,
7.418041,8502,20606434,,177.33415222,3.70065761,-167.20703125,,,,,-0.36796975,-0.65042949,-10.52546406,-0.04367453,-1.17937446,0.67050767,2.02593485,3.96165699,-7.06378036,-0.01954883,0.38019261,0.77191287,,,,,,,3,,,,,,,,,
7.428020,8503,20606534,,177.38644409,3.65741611,-167.14463806,,,,,-1.06660151,1.84810662,-9.14952660,0.15321243,1.49109507,-0.53780019,-2.87867821,3.59667943,-4.99857533,-0.02368047,0.37978691,0.76100099,,,,,,,3,,,,,,,,,
7.438065,8504,20606634,,177.35447693,3.60608625,-167.12844849,,,,,-1.01620066,1.24525023,-9.26497269,0.23553145,0.88755798,-0.45772111,-2.70437818,4.17887750,-7.72664296,-0.02897261,0.37891778,0.75700265,,,,,,,3,,,,,,,,,
7.448016,8505,20606734,,177.32933044,3.56331420,-167.06968689,,,,,-0.48389444,2.09402418,-10.14448357,-0.50615478,1.53524542,0.42929256,-4.48261687,3.75845673,-8.48453697,-0.02490937,0.37836570,0.76542515,,,,,,,3,,,,,,,,,
7.458050,8506,20606834,,177.29519653,3.52175403,-166.97486877,,,,,0.57955134,1.31964326,-11.40786457,-1.42684674,0.46482873,1.58260334,-0.90771976,-1.45578044,-12.30578363,-0.02249788,0.37784445,0.76691329,,,,,,,3,,,,,,,,,
7.468019,8507,20606934,,177.26097107,3.55851007,-166.83621216,,,,,0.37041193,-0.87492901,-8.82636642,-0.59184265,-1.47478187,-1.08313072,-2.67475224,-7.59405191,-11.33556551,-0.02990964,0.37940744,0.77085894,,,,,,,3,,,,,,,,,
7.478083,8508,20607034,,177.23463440,3.65084195,-166.70556641,,,,,-0.16583647,-1.36320448,-7.73468113,0.08964831,-1.76301718,-2.16547799,-4.63310386,-3.01100928,-9.09649375,-0.02980781,0.38228372,0.77535784,,,,,,,3,,,,,,,,,
7.488059,8509,20607134,,177.19511414,3.69103694,-166.59957886,,,,,0.17289262,-0.53012526,-10.30850410,-0.56913060,-1.19796443,0.42592502,1.33595245,0.00419668,-7.80309412,-0.02602756,0.37934059,0.77434069,,,,,,,3,,,,,,,,,
7.498034,8510,20607234,,177.24308777,3.69589448,-166.52540588,,,,,-0.71382290,0.97429186,-9.18443012,-0.00263375,0.53655380,-0.56559193,-3.07143596,1.13244451,-4.26024597,-0.02424916,0.37739241,0.77036065,,,,,,,3,,,,,,,,,
7.508028,8511,20607334,,177.21125793,3.66937065,-166.51048279,,,,,-1.36251211,1.32301176,-9.38327789,0.53413928,1.01176584,-0.31021690,-5.23708469,4.69411239,-6.78074159,-0.02971562,0.38036743,0.76345372,,,,,,,3,,,,,,,,,
7.518031,8512,20607434,,177.17570496,3.61452675,-166.46487427,,,,,-0.54849952,2.17798543,-9.97662544,-0.47806552,1.61392510,0.26923823,-2.26213560,3.98969449,-9.17027943,-0.03152643,0.37847751,0.76440424,,,,,,,3,,,,,,,,,
7.528086,8513,20607534,,177.14083862,3.55527735,-166.38298035,,,,,-0.18995385,1.16357386,-11.25298405,-0.63734686,0.45288754,1.47054625,-5.57129566,0.71033994,-8.59583064,-0.03255694,0.37657058,0.77426404,,,,,,,3,,,,,,,,,
7.537994,8514,20607634,,177.10588074,3.54649329,-166.26828003,,,,,0.67552298,1.05214214,-9.44146919,-1.35795939,0.25232986,-0.39369226,0.12548123,-5.07199517,-12.48723700,-0.03389176,0.37995124,0.77826899,,,,,,,3,,,,,,,,,
7.548055,8515,20607734,,177.08949280,3.60047841,-166.13546753,,,,,0.68126076,-2.42986631,-8.79150486,-0.49526536,-3.08567524,-1.22108090,-2.77073987,0.28071555,-8.89330330,-0.02724707,0.37647945,0.77824736,,,,,,,3,,,,,,,,,
7.558033,8516,20607834,,177.07199097,3.62294245,-166.01524353,,,,,-0.35658234,-1.33139467,-8.67636681,0.25094676,-1.76825511,-1.21232653,-0.56246827,1.53434085,-7.71228932,-0.02506741,0.37452543,0.77229023,,,,,,,3,,,,,,,,,
7.568078,8517,20607934,,177.09626770,3.62846637,-165.94520569,,,,,-0.08889284,1.76363099,-10.21132565,-0.84209049,1.07139182,0.45474637,1.56627870,2.87898044,-5.50316367,-0.02908782,0.37555608,0.76535976,,,,,,,3,,,,,,,,,
7.578112,8518,20608034,,177.12161255,3.59589314,-165.90406799,,,,,-1.30457854,-0.42814937,-9.56301880,0.90944695,-0.71386403,-0.22341144,-1.66047800,6.74138561,-4.82804472,-0.03111527,0.37607193,0.76139963,,,,,,,3,,,,,,,,,
7.588068,8519,20608134,,177.12466431,3.52907538,-165.87309265,,,,,-1.45488942,2.91178131,-8.68574619,0.27769482,2.61434555,-0.91833031,-2.96509056,4.51722629,-6.07373121,-0.04298957,0.38395727,0.74860120,,,,,,,3,,,,,,,,,
7.598037,8520,20608234,,177.06987000,3.45937634,-165.83985901,,,,,-0.08770135,2.00935817,-11.58871269,-0.94978756,1.21348429,1.84332728,-2.51803952,2.29910208,-9.70446767,-0.05557039,0.38945219,0.74120373,,,,,,,3,,,,,,,,,
7.608051,8521,20608334,,177.05761719,3.43024659,-165.72488403,,,,,0.60891134,0.11016390,-10.45917225,-1.08762813,-0.72130549,0.57788849,-0.66315187,-0.49083564,-11.09550314,-0.05613124,0.38849711,0.75157571,,,,,,,3,,,,,,,,,
7.618033,8522,20608434,,177.04411316,3.44704771,-165.60089111,,,,,0.67345333,-0.16248575,-9.66812611,-1.04479361,-0.95822132,-0.23131132,-3.39483091,-3.64497229,-8.61099536,-0.05176225,0.38938156,0.75606447,,,,,,,3,,,,,,,,,
7.628065,8523,20608534,,176.98786926,3.50513673,-165.49501038,,,,,-0.43040457,-2.01698899,-7.77922106,0.57682866,-2.35924816,-2.13615370,-0.84513420,-2.56325410,-8.11647942,-0.04947972,0.38838428,0.75358635,,,,,,,3,,,,,,,,,
7.638094,8524,20608634,,177.02192688,3.54980636,-165.40013123,,,,,-0.11288346,-0.44294107,-9.69190121,-0.22436750,-1.04187989,-0.17077374,0.63420425,3.24457656,-4.20077551,-0.04632675,0.38929266,0.75015318,,,,,,,3,,,,,,,,,
7.648076,8525,20608734,,177.03964233,3.50916457,-165.37185669,,,,,-1.25752115,1.95327866,-10.66365051,0.23799592,1.49833393,0.99483967,-3.39658477,6.46047743,-3.27414125,-0.04796913,0.38788363,0.74270129,,,,,,,3,,,,,,,,,
7.658159,8526,20608834,,177.00921631,3.41950941,-165.36676025,,,,,-0.49503165,2.71675277,-10.25948620,-0.66966105,2.07498264,0.58043194,-1.43202461,5.28265613,-6.18194958,-0.05502875,0.38464344,0.74063551,,,,,,,3,,,,,,,,,
7.668047,8527,20608934,,177.00825500,3.36308837,-165.33049011,,,,,-0.42101899,-0.02483885,-10.73225880,-0.04733330,-0.62350988,0.90565383,-2.57573541,4.39047633,-8.16965842,-0.05728568,0.38611987,0.74411088,,,,,,,3,,,,,,,,,
7.678035,8528,20609034,,176.97955322,3.31458378,-165.22134399,,,,,-0.06320386,0.76633376,-9.06712627,-0.52030337,0.15891802,-0.73485148,-2.25277098,-0.52859432,-9.29414832,-0.05403089,0.38990456,0.74517667,,,,,,,3,,,,,,,,,
7.688061,8529,20609134,,176.93592834,3.33943915,-165.12274170,,,,,0.51597095,0.38762960,-10.11023331,-1.02884984,-0.43498346,0.25269246,-2.75311073,-2.47781803,-7.69550840,-0.05967414,0.39191908,0.74616975,,,,,,,3,,,,,,,,,
7.698018,8530,20609234,,176.89823914,3.38259220,-165.01554871,,,,,0.09374344,-1.93409884,-10.30648327,-0.02488706,-2.58283567,0.35573697,0.52571502,0.22609527,-7.75203760,-0.06267691,0.39341152,0.74172550,,,,,,,3,,,,,,,,,
7.708065,8531,20609334,,176.93952942,3.40086269,-164.92347717,,,,,-0.67054594,0.23927058,-9.95000839,0.15420872,-0.26611304,0.15691209,0.68458741,-0.36234199,-3.97185489,-0.05836047,0.39862826,0.72006029,,,,,,,3,,,,,,,,,
7.718045,8532,20609434,,176.92140198,3.40459418,-164.91145325,,,,,-0.95096099,1.58588815,-10.57310486,0.05095536,1.05332041,0.87025571,-9.41839373,4.41475510,-2.51194571,-0.06468748,0.39729783,0.71308082,,,,,,,3,,,,,,,,,
7.728026,8533,20609534,,176.81314087,3.34230638,-164.92189026,,,,,-0.82524979,3.21369982,-9.82030582,-0.45673123,2.63017225,0.20125759,-9.83355312,4.24883486,-5.52571439,-0.07470620,0.39169797,0.73273236,,,,,,,3,,,,,,,,,
7.738071,8534,20609634,,176.70283508,3.28891253,-164.87135315,,,,,0.10901816,0.58911365,-11.31942272,-0.71449685,-0.27037442,1.49227548,-12.64906211,-0.77876099,-9.79677426,-0.07661755,0.39124474,0.74508458,,,,,,,3,,,,,,,,,
7.748055,8535,20609734,,176.56623840,3.29270959,-164.75389099,,,,,0.44803327,-1.52161920,-9.33647823,-0.39315242,-2.26763678,-0.62663496,-9.27673817,-2.02404716,-8.62368671,-0.07423566,0.38831905,0.75791395,,,,,,,3,,,,,,,,,
7.758076,8536,20609834,,176.50517273,3.35031772,-164.63932800,,,,,0.21729423,-0.95065898,-10.13982868,-0.35819834,-1.72940874,0.21491146,-7.58135630,-2.32599915,-4.68532834,-0.06348927,0.38621950,0.75496608,,,,,,,3,,,,,,,,,
7.768038,8537,20609934,,176.44519043,3.38197923,-164.58815002,,,,,-0.74353123,-0.66818833,-10.02196312,0.49627960,-1.20370245,0.17211521,-2.87539929,0.07597764,-3.66386331,-0.05999892,0.38712984,0.73421812,,,,,,,3,,,,,,,,,
7.778085,8538,20610034,,176.46688843,3.38323331,-164.56518555,,,,,-0.85494483,2.56322932,-10.55102634,-0.27818769,1.89628625,0.90530980,-1.92207030,4.43953972,-0.83088328,-0.06423546,0.38960651,0.72186702,,,,,,,3,,,,,,,,,
7.788061,8539,20610134,,176.43908691,3.32387877,-164.59667969,,,,,-1.16655958,0.86679012,-10.83359528,0.46386975,0.32397497,1.09976411,-4.33103747,1.70892091,-4.61534409,-0.06655041,0.38676578,0.72131568,,,,,,,3,,,,,,,,,
7.798094,8540,20610234,,176.40473938,3.30240607,-164.55534363,,,,,0.13967851,1.35883141,-10.96118832,-0.92344040,0.43099105,1.18493283,-4.93605776,0.21551775,-6.72909213,-0.06543970,0.38098052,0.73656726,,,,,,,3,,,,,,,,,
7.808060,8541,20610334,,176.31594849,3.31433606,-164.48059082,,,,,0.05321072,-0.08975435,-9.81885910,-0.40065753,-0.86229736,-0.04286361,-6.69870461,-4.77328581,-7.40853032,-0.06246806,0.37996289,0.75388259,,,,,,,3,,,,,,,,,
7.818058,8542,20610434,,176.24967957,3.38339090,-164.37741089,,,,,0.17939095,-0.81765455,-9.42585945,-0.31641683,-1.57910705,-0.49013364,-2.65244783,-8.10743967,-6.48606802,-0.06241790,0.38284069,0.75689697,,,,,,,3,,,,,,,,,
7.828075,8543,20610534,,176.22164917,3.48716497,-164.30798340,,,,,-0.51355392,-0.71426040,-10.46940613,0.26973307,-1.38877439,0.59531820,-4.99641144,-1.09204853,-1.38541401,-0.06043226,0.37992665,0.75834507,,,,,,,3,,,,,,,,,
7.838077,8544,20610634,,176.21722412,3.48126411,-164.30073547,,,,,-1.08250570,1.98827124,-10.56681538,0.07370245,1.35263348,0.90520120,-2.42358889,-0.06785051,-1.68160591,-0.05820141,0.37893090,0.75438243,,,,,,,3,,,,,,,,,
7.848124,8545,20610734,,176.18283081,3.44722414,-164.32687378,,,,,-0.35004163,1.69348741,-12.59492970,-0.61350286,0.69749093,2.86587048,-8.07419031,4.63008577,-1.95212996,-0.06308493,0.38045499,0.74992925,,,,,,,3,,,,,,,,,
7.858105,8546,20610834,,176.12059021,3.38315368,-164.30485535,,,,,-0.19777024,0.84780890,-9.71498966,-0.41173291,0.07582974,-0.07164669,-3.36646278,-1.17231691,-7.13721428,-0.06360528,0.37758517,0.74691266,,,,,,,3,,,,,,,,,
7.868055,8547,20610934,,176.08053589,3.39625049,-164.23132324,,,,,0.72406155,0.42796150,-10.62816811,-1.21751690,-0.66041172,0.75421071,-3.47840681,-3.41416909,-6.24266014,-0.05866069,0.37461957,0.75233281,,,,,,,3,,,,,,,,,
7.878102,8548,20611034,,176.05010986,3.46729946,-164.13691711,,,,,-0.51129878,-2.63767195,-8.65397072,0.88614148,-3.10816717,-1.34129429,2.13135370,-3.50296198,-5.79225271,-0.04997440,0.37639007,0.75982583,,,,,,,3,,,,,,,,,
7.888091,8549,20611134,,176.08924866,3.53354859,-164.06880188,,,,,-0.35237068,0.22826870,-9.69972706,-0.11019331,-0.48934424,-0.11835241,0.30830852,-2.71211657,-1.26927785,-0.04653189,0.37681600,0.75094414,,,,,,,3,,,,,,,,,
7.898048,8550,20611234,,176.10679626,3.54773426,-164.06878662,,,,,-1.21129215,0.35035110,-10.68882370,0.64385682,-0.21516645,0.92708230,-0.92070705,3.80711415,0.49598112,-0.05269496,0.37500089,0.74841070,,,,,,,3,,,,,,,,,
7.908088,8551,20611334,,176.08007812,3.49350095,-164.10922241,,,,,-0.56458664,4.00957251,-11.80812073,-1.03245544,3.01394892,2.25729585,-5.69521706,2.54969638,-1.39769139,-0.06098654,0.37609804,0.75382882,,,,,,,3,,,,,,,,,
7.918064,8552,20611434,,176.01008606,3.43010807,-164.10411072,,,,,-0.08688937,0.70821893,-11.22765446,-0.54348570,-0.23737431,1.41765440,-3.20934922,-0.63895310,-7.42981233,-0.06714229,0.37668210,0.75281769,,,,,,,3,,,,,,,,,
7.928094,8553,20611534,,175.98847961,3.43811083,-164.02035522,,,,,0.89037299,0.07621812,-10.64823532,-1.27738225,-1.06964278,0.74012637,-2.22916863,-2.44842474,-5.90661056,-0.06120615,0.37465897,0.76023686,,,,,,,3,,,,,,,,,
7.938072,8554,20611634,,175.95318604,3.48170209,-163.93916321,,,,,-0.34413645,-2.63238931,-8.58997631,0.73960793,-3.15530872,-1.42538118,-2.37741447,-3.45434427,-3.02605000,-0.05470235,0.37694985,0.75931621,,,,,,,3,,,,,,,,,
7.948079,8555,20611734,,175.96621704,3.53953457,-163.88673401,,,,,-0.22261713,-0.87995690,-9.63202477,0.08489001,-1.60134196,-0.27197027,1.15426035,-0.07071833,-0.78859272,-0.05194128,0.37642425,0.75734270,,,,,,,3,,,,,,,,,
7.958080,8556,20611834,,175.98297119,3.55368638,-163.89556885,,,,,-1.54145658,1.71506679,-9.77699375,0.62207770,1.23643792,0.13574564,-3.18059946,4.88060260,1.78301384,-0.05438568,0.37406719,0.75333506,,,,,,,3,,,,,,,,,
7.968019,8557,20611934,,175.95317078,3.48622179,-163.94512939,,,,,-0.90155685,3.30035686,-10.67366791,-0.46984071,2.50186682,1.09953237,-2.09325555,3.03594182,-0.81513041,-0.06151421,0.37082902,0.74928993,,,,,,,3,,,,,,,,,
7.978083,8558,20612034,,175.92518616,3.41891313,-163.95507812,,,,,0.15720297,0.78193915,-12.80805588,-0.84571731,-0.38485146,2.98254967,-1.08910835,3.04105251,-4.63982093,-0.05986246,0.37079817,0.75622439,,,,,,,3,,,,,,,,,
7.988091,8559,20612134,,175.92402649,3.38065410,-163.88388062,,,,,0.25437981,0.22377507,-9.99220276,-0.67124432,-0.70458847,0.13316107,-0.29312010,-3.20837165,-5.55972489,-0.05737473,0.37267408,0.76121414,,,,,,,3,,,,,,,,,
7.998022,8560,20612234,,175.91410828,3.42918158,-163.81848145,,,,,0.78065574,-2.18565774,-9.77526188,-0.49463141,-3.14307213,-0.28800917,-0.18955353,-3.68761614,-2.96706022,-0.05399678,0.37165639,0.76319402,,,,,,,3,,,,,,,,,
8.008129,8561,20612334,,175.91587830,3.50536633,-163.77423096,,,,,-0.70167112,-1.09408855,-8.89780331,0.64114070,-1.61758375,-0.99134564,2.29786091,-1.22070646,0.58409056,-0.05083546,0.37304443,0.76026326,,,,,,,3,,,,,,,,,
8.018050,8562,20612434,,175.96124268,3.53155875,-163.78335571,,,,,-1.58584261,1.53670967,-9.00434589,0.74036431,1.14495802,-0.64560270,0.14421774,1.30149692,2.33389165,-0.04918703,0.37253973,0.75333697,,,,,,,3,,,,,,,,,
8.028094,8563,20612534,,175.95283508,3.49371672,-163.83682251,,,,,-0.63918900,1.81984830,-11.34095287,-0.32911527,0.95353758,1.64433503,-1.80225448,5.68311525,0.99694540,-0.05418527,0.36974242,0.75673091,,,,,,,3,,,,,,,,,
8.038052,8564,20612634,,175.92604065,3.42002487,-163.86474609,,,,,-0.77473575,1.94336247,-10.84233475,-0.20911342,1.14495015,1.16548848,-4.35736102,0.77490481,-2.23827455,-0.06155319,0.36986449,0.76114869,,,,,,,3,,,,,,,,,
8.048184,8565,20612734,,175.88258362,3.38355803,-163.83613586,,,,,0.98534644,0.45740780,-11.67267799,-1.50045991,-0.83792847,1.77968860,-1.08887665,-1.62964653,-4.95099581,-0.06080684,0.36888871,0.76855838,,,,,,,3,,,,,,,,,
8.058057,8566,20612834,,175.87112427,3.42010188,-163.77168274,,,,,0.02318127,-0.53808379,-9.53289223,-0.22236109,-1.34345317,-0.36236167,0.75443415,-4.01304093,-1.50809125,-0.05437144,0.37022182,0.76514846,,,,,,,3,,,,,,,,,
8.068138,8567,20612934,,175.88551331,3.48165917,-163.72920227,,,,,-0.22021884,-2.01692438,-8.92732334,0.44778454,-2.63634872,-1.05506420,2.06845897,-4.14894121,-1.40601696,-0.04842295,0.37060365,0.76073152,,,,,,,3,,,,,,,,,
8.078155,8568,20613034,,175.93133545,3.52595496,-163.71142578,,,,,-0.83851051,-0.23543525,-9.25950146,0.51509702,-0.78516817,-0.56311464,3.70367947,2.77385508,3.07558274,-0.04928656,0.37205684,0.76371872,,,,,,,3,,,,,,,,,
8.088063,8569,20613134,,175.97872925,3.51166034,-163.76493835,,,,,-1.53878391,2.38011193,-10.07422066,0.41445524,1.84507489,0.48105466,-2.80570169,3.82026696,2.68419305,-0.05669176,0.37074631,0.75277615,,,,,,,3,,,,,,,,,
8.098084,8570,20613234,,175.91607666,3.42677045,-163.82720947,,,,,-0.59127647,2.35706758,-10.37471771,-0.48991695,1.53338909,0.71735358,-2.33076961,2.96008382,-1.56031605,-0.06229015,0.36940038,0.75322151,,,,,,,3,,,,,,,,,
8.108077,8571,20613334,,175.88748169,3.38674092,-163.80439758,,,,,0.40725037,1.75924706,-12.38443184,-1.33758605,0.50568223,2.61926913,-2.78658079,1.26830274,-3.22525994,-0.07075017,0.37001672,0.76704210,,,,,,,3,,,,,,,,,
8.118119,8572,20613434,,175.87957764,3.37693286,-163.75018311,,,,,0.11702880,-1.83702600,-9.59767723,0.06113994,-2.61232209,-0.39704800,2.46012272,-6.91564935,-4.84019435,-0.06522468,0.36943936,0.77695584,,,,,,,3,,,,,,,,,
8.128145,8573,20613534,,175.93309021,3.46126795,-163.67591858,,,,,0.78313267,-1.85797620,-9.66496658,-0.58933401,-2.81853962,-0.37176335,5.95840773,-3.56846200,-0.88506530,-0.05081386,0.37159824,0.77359903,,,,,,,3,,,,,,,,,
8.138143,8574,20613634,,176.02430725,3.52963138,-163.66229248,,,,,-1.22492337,-1.63638663,-8.34508514,1.31226206,-1.92384052,-1.54242492,8.88991895,-1.02050924,0.49889271,-0.04448517,0.37246057,0.75335926,,,,,,,3,,,,,,,,,
8.148165,8575,20613734,,176.14762878,3.54991269,-163.67283630,,,,,-1.31394672,2.38230777,-8.52959442,0.24758369,1.95033169,-1.08195841,9.34294234,1.67080184,2.15765975,-0.04482137,0.37295038,0.74396491,,,,,,,3,,,,,,,,,
8.158094,8576,20613834,,176.21116638,3.51158762,-163.74166870,,,,,-0.81367987,2.59797812,-12.12191296,-0.42929399,1.73545039,2.47889376,5.68368728,5.28097505,2.37936790,-0.05088211,0.37305173,0.74542040,,,,,,,3,,,,,,,,,
8.168103,8577,20613934,,176.25553894,3.43346548,-163.76638794,,,,,-0.36288851,1.31450880,-10.87690449,-0.45785517,0.49181545,1.12232149,6.33043618,-3.28168242,-4.51902306,-0.05667453,0.37074581,0.75327098,,,,,,,3,,,,,,,,,
8.178053,8578,20614034,,176.29457092,3.44566083,-163.71434021,,,,,0.89844614,0.66473442,-11.30729198,-1.49295950,-0.51206851,1.43464613,1.83167894,-2.59453401,-3.96071315,-0.05517552,0.37311295,0.77063257,,,,,,,3,,,,,,,,,
8.188179,8579,20614134,,176.29702759,3.49520326,-163.64935303,,,,,-0.29684415,-2.04316211,-8.27255821,0.53951102,-2.52814865,-1.68501639,3.81008314,-6.40099716,-3.27768206,-0.05315848,0.37595651,0.77613002,,,,,,,3,,,,,,,,,
8.198071,8580,20614234,,176.35028076,3.57479692,-163.59765625,,,,,-0.17011349,-0.45253074,-8.49105072,-0.05633935,-1.05587232,-1.37573767,3.95519521,-3.12222717,-0.10928153,-0.05592442,0.37888756,0.76577264,,,,,,,3,,,,,,,,,
8.208095,8581,20614334,,176.40278625,3.61337328,-163.60008240,,,,,-1.28797674,-0.68967372,-9.37578869,1.03976488,-1.02958810,-0.44129395,4.16123683,3.97567126,2.13394682,-0.05429425,0.38030291,0.75937134,,,,,,,3,,,,,,,,,
8.218166,8582,20614434,,176.47644043,3.56365299,-163.64755249,,,,,-0.91318947,3.60583544,-10.97172832,-0.60787714,2.86156559,1.39625692,3.18478466,3.24450037,1.75994808,-0.05262860,0.37979770,0.75293982,,,,,,,3,,,,,,,,,
8.228176,8583,20614534,,176.48179626,3.48757195,-163.69360352,,,,,-0.65423828,1.24197149,-11.41880322,-0.19108701,0.50411415,1.67634130,3.06469030,3.41512447,-1.75899431,-0.05783409,0.37796623,0.75090569,,,,,,,3,,,,,,,,,
8.238111,8584,20614634,,176.53800964,3.45327401,-163.65739441,,,,,0.07916237,0.86244577,-10.38165092,-0.73941916,0.02353680,0.57504010,5.50119060,-1.38123671,-5.73154513,-0.05568707,0.37936640,0.75934952,,,,,,,3,,,,,,,,,
8.248072,8585,20614734,,176.56907654,3.47518826,-163.59149170,,,,,0.07385893,-0.57600766,-8.91965866,-0.26951879,-1.23593235,-0.96826673,4.07046404,-5.24207072,-3.84809272,-0.05560298,0.38320291,0.76386350,,,,,,,3,,,,,,,,,
8.258141,8586,20614834,,176.61112976,3.54715037,-163.52488708,,,,,0.00094919,-2.49358344,-8.84999657,0.34176981,-3.04088259,-1.14184475,6.46792106,-3.40097509,-2.21854256,-0.05718887,0.38899031,0.76196820,,,,,,,3,,,,,,,,,
8.268074,8587,20614934,,176.68341064,3.61818767,-163.49816895,,,,,-0.48078522,0.74297225,-9.44208622,-0.16041246,0.15325856,-0.33625937,4.74893533,-1.22608342,1.38874362,-0.05501757,0.38655666,0.75550866,,,,,,,3,,,,,,,,,
8.278148,8588,20615034,,176.73516846,3.61034036,-163.52185059,,,,,-1.29148149,1.55665278,-10.22886372,0.34856683,1.11427116,0.54354262,4.13809017,2.88194944,0.86683243,-0.05467582,0.38511288,0.75103468,,,,,,,3,,,,,,,,,
8.288090,8589,20615134,,176.77621460,3.56430364,-163.55886841,,,,,-0.53436148,2.35098696,-11.42899036,-0.65230763,1.58009291,1.73909891,0.98922569,3.10331587,-1.90355195,-0.06454290,0.38863805,0.75302005,,,,,,,3,,,,,,,,,
8.298119,8590,20615234,,176.78721619,3.50378990,-163.54777527,,,,,-0.79478204,0.06923570,-9.73058414,0.32771793,-0.40105391,-0.06822348,1.10626258,-0.84570549,-5.35808704,-0.07084534,0.38970628,0.74805772,,,,,,,3,,,,,,,,,
8.308128,8591,20615334,,176.79885864,3.52039552,-163.47962952,,,,,0.47624046,1.06792021,-10.17364788,-1.19710779,0.16163628,0.35266352,2.08830174,-4.61160072,-5.99528563,-0.06261986,0.39004478,0.75503099,,,,,,,3,,,,,,,,,
8.318218,8592,20615434,,176.79814148,3.58709621,-163.41049194,,,,,-0.11836547,-1.39899659,-8.47233677,0.14718294,-1.90806103,-1.44263136,2.73034720,-4.39262955,-3.60790015,-0.05367011,0.39181343,0.75658816,,,,,,,3,,,,,,,,,
8.328159,8593,20615534,,176.84158325,3.66040945,-163.34165955,,,,,-0.34563270,-0.84137332,-9.65139961,0.13859588,-1.39143515,-0.21949172,5.92000286,-4.71461662,-2.64138506,-0.05197888,0.39178732,0.75115389,,,,,,,3,,,,,,,,,
8.338183,8594,20615634,,176.91268921,3.71700096,-163.33169556,,,,,-0.77685809,0.59484512,-10.33777332,0.10064035,0.06656229,0.56845236,3.16034091,0.37028737,1.18131014,-0.05381579,0.39037809,0.75161713,,,,,,,3,,,,,,,,,
8.348101,8595,20615734,,176.94860840,3.68388343,-163.36094666,,,,,-1.03659081,2.30984950,-10.71491814,-0.16642159,1.75711727,1.05376971,0.18877332,2.20398892,0.70760061,-0.05827297,0.39333522,0.74669397,,,,,,,3,,,,,,,,,
8.358075,8596,20615834,,176.94630432,3.64739871,-163.39367676,,,,,-0.81153738,1.63779759,-10.13033485,-0.16036946,1.09160686,0.42016745,-0.87764879,-0.62025652,-4.97121701,-0.07068449,0.39498019,0.75556344,,,,,,,3,,,,,,,,,
8.368119,8597,20615934,,176.92427063,3.63458753,-163.34678650,,,,,-0.06110992,0.67340517,-9.91341782,-0.58522034,-0.02967530,0.10221124,0.05071662,-1.94773346,-6.10846912,-0.07229742,0.39356434,0.76245958,,,,,,,3,,,,,,,,,
8.378135,8598,20616034,,176.92845154,3.66133070,-163.25978088,,,,,0.15945576,-0.18650174,-9.58795929,-0.53456271,-0.89376545,-0.28184223,0.35471851,-5.92614490,-5.80278315,-0.05483998,0.39278981,0.76401913,,,,,,,3,,,,,,,,,
8.388135,8599,20616134,,176.92878723,3.72602963,-163.17324829,,,,,0.49292654,-2.03257918,-9.49974728,-0.31500772,-2.74663234,-0.48725557,2.44723693,-1.79137975,-4.72768320,-0.05186330,0.39177802,0.76797611,,,,,,,3,,,,,,,,,
8.398169,8600,20616234,,176.96682739,3.75357437,-163.11418152,,,,,-0.66351354,0.07078855,-10.04261875,0.14384747,-0.44146419,0.23818052,2.52504324,2.13699586,-1.01720097,-0.05194894,0.39082077,0.76499200,,,,,,,3,,,,,,,,,
8.408145,8601,20616334,,177.01649475,3.73726988,-163.12263489,,,,,-0.91282213,1.60989356,-9.62207890,-0.04749322,1.13824713,-0.08356178,1.28769386,3.46748192,-0.74142024,-0.05372129,0.39085516,0.75459367,,,,,,,3,,,,,,,,,
8.418111,8602,20616434,,177.02792358,3.68218231,-163.15089417,,,,,-0.83247703,1.64068997,-10.58387566,-0.17137694,1.08520281,0.86934686,-0.10628778,6.03226598,-2.22920512,-0.06288032,0.39389145,0.74964821,,,,,,,3,,,,,,,,,
8.428075,8603,20616534,,177.03382874,3.61279488,-163.13598633,,,,,-1.35476208,0.92304814,-9.51076794,0.59170908,0.62468815,-0.20296931,-1.14223196,0.76158077,-5.52256653,-0.06508353,0.39152730,0.75256830,,,,,,,3,,,,,,,,,
8.438140,8604,20616634,,177.00930786,3.58708000,-163.07786560,,,,,0.35936493,0.85579342,-10.34135056,-1.05597019,0.00571239,0.51195168,0.40941133,0.06192560,-5.99618721,-0.05812976,0.38996595,0.76247364,,,,,,,3,,,,,,,,,
8.448181,8605,20616734,,177.00006104,3.60651803,-162.98852539,,,,,0.05587596,0.42597368,-9.99244213,-0.62969744,-0.29669619,0.16209805,-0.36038698,-3.60137732,-4.64670832,-0.05330781,0.39084300,0.76646978,,,,,,,3,,,,,,,,,
8.458160,8606,20616834,,176.99560547,3.66527295,-162.92089844,,,,,0.40830132,-1.50089777,-9.54257679,-0.38005796,-2.20813560,-0.40869915,1.99607028,-5.62321662,-5.85737344,-0.05776498,0.39380014,0.76154667,,,,,,,3,,,,,,,,,
8.468111,8607,20616934,,177.01325989,3.73981881,-162.86007690,,,,,-0.12263801,-0.86827743,-10.20237923,-0.10344091,-1.49993587,0.31412292,1.54771425,0.34296800,-1.05719909,-0.06191102,0.39482859,0.76451069,,,,,,,3,,,,,,,,,
8.478171,8608,20617034,,177.07810974,3.74454403,-162.86067200,,,,,-1.51067317,0.73867404,-8.66184044,0.81360692,0.55432045,-1.04505789,-0.12022496,0.73465163,0.14327390,-0.05660849,0.39233831,0.76697171,,,,,,,3,,,,,,,,,
8.488314,8609,20617134,,177.05441284,3.71295285,-162.89291382,,,,,-0.93962747,1.70332289,-10.36420059,-0.09101796,1.18820918,0.66407955,-4.30591688,3.79604625,-0.55377754,-0.05186075,0.38697916,0.76542640,,,,,,,3,,,,,,,,,
8.498153,8610,20617234,,177.01649475,3.64904308,-162.90768433,,,,,-1.27695930,2.35026097,-9.28855324,0.09883630,1.97519898,-0.35304260,-3.38444603,3.74792031,-2.93884684,-0.05231268,0.38506705,0.76489908,,,,,,,3,,,,,,,,,
8.508420,8611,20617334,,176.97451782,3.58794665,-162.87817383,,,,,0.40682432,1.29807913,-11.42892361,-1.28644943,0.32538414,1.61506557,-0.59246918,-1.04702947,-6.70653201,-0.05584134,0.38464364,0.77130651,,,,,,,3,,,,,,,,,
8.519134,8612,20617434,,176.96026611,3.59789228,-162.78727722,,,,,0.32246134,-0.19648807,-10.28339195,-0.70292413,-0.99752098,0.40349078,-0.95004452,-1.16197846,-5.27893411,-0.05654103,0.38561213,0.77873975,,,,,,,3,,,,,,,,,
8.528260,8613,20617534,,176.96249390,3.63095641,-162.71295166,,,,,0.39466655,-1.63377631,-9.62776184,-0.31504208,-2.34511065,-0.33635545,-0.47510689,-4.62657420,-3.82781133,-0.05350183,0.38988304,0.77387500,,,,,,,3,,,,,,,,,
8.538235,8614,20617634,,176.95153809,3.71889114,-162.66865540,,,,,0.03952613,-1.23321903,-8.70223618,-0.06557995,-1.80080938,-1.21158910,0.52095635,-4.00927195,-1.30860437,-0.05383018,0.39181221,0.76549304,,,,,,,3,,,,,,,,,
8.552983,8615,20617734,,176.98135376,3.77463579,-162.65025330,,,,,-1.08396924,-0.38086879,-8.59970760,0.74588919,-0.64659500,-1.19871414,0.97205459,0.87638718,0.36675795,-0.05043450,0.38983423,0.76745778,,,,,,,3,,,,,,,,,
8.558251,8616,20617834,,177.00682068,3.75682211,-162.67155457,,,,,-1.25810146,2.16543245,-8.92861366,0.13602948,1.81210887,-0.72188950,-0.86265972,2.03585400,0.11972944,-0.05159833,0.38889685,0.76051044,,,,,,,3,,,,,,,,,
8.569145,8617,20617934,,176.99911499,3.69531345,-162.70770264,,,,,-0.58031052,1.71594346,-11.36267471,-0.47162652,1.01969075,1.63307929,-0.61200677,6.44341519,0.06339171,-0.05597866,0.38368791,0.76683789,,,,,,,3,,,,,,,,,
8.578286,8618,20618034,,176.98431396,3.61232495,-162.72010803,,,,,-0.80319113,1.51524282,-10.56100368,-0.15949118,0.94514346,0.83917391,-2.86899023,0.61023989,-3.14060999,-0.04877277,0.37780026,0.78162360,,,,,,,3,,,,,,,,,
8.588166,8619,20618134,,176.95501709,3.56832361,-162.68620300,,,,,0.16354075,0.70345771,-10.19220257,-0.80857825,-0.08744884,0.36756945,-1.61257373,0.26678204,-3.99433475,-0.04855666,0.37635428,0.78704411,,,,,,,3,,,,,,,,,
8.598255,8620,20618234,,176.93026733,3.58958197,-162.62371826,,,,,0.17119637,0.32573342,-8.93091297,-0.64613998,-0.36643806,-0.90766692,-1.12812410,-2.68246395,-4.19789061,-0.04955860,0.37877131,0.78658259,,,,,,,3,,,,,,,,,
8.614225,8621,20618334,,176.90914917,3.62475705,-162.56480408,,,,,0.15558144,-1.14681709,-8.72230816,-0.18199384,-1.75296760,-1.19678676,-1.01204332,-2.65565866,-3.12669006,-0.04579712,0.37870800,0.78660047,,,,,,,3,,,,,,,,,
8.618256,8622,20618434,,176.89973450,3.68267059,-162.51716614,,,,,0.33095121,-1.52327931,-9.72031403,-0.28652996,-2.23804784,-0.23134995,-0.06167030,0.41209712,-0.86442373,-0.04276773,0.37577510,0.79102206,,,,,,,3,,,,,,,,,
8.628155,8623,20618534,,176.92228699,3.68818569,-162.50286865,,,,,-0.16868454,0.05444290,-9.97094536,-0.30388710,-0.60285830,0.13337803,1.25851668,1.05987183,0.42378690,-0.03955370,0.37524211,0.78855598,,,,,,,3,,,,,,,,,
8.638314,8624,20618634,,176.95497131,3.67824650,-162.51910400,,,,,-1.25937510,0.89691758,-8.23175049,0.55965590,0.65182942,-1.48526680,0.10081433,2.84880083,1.21247683,-0.04131820,0.37671590,0.77917004,,,,,,,3,,,,,,,,,
8.648397,8625,20618734,,176.97189331,3.62813044,-162.54547119,,,,,-1.03998017,0.60958266,-9.34703541,0.39301980,0.23907232,-0.40587389,0.21087087,7.14702713,0.00604512,-0.04169286,0.37528136,0.78112447,,,,,,,3,,,,,,,,,
8.658441,8626,20618834,,176.97814941,3.54464221,-162.57144165,,,,,-1.05223584,2.46699762,-9.22642612,-0.14173371,2.02125502,-0.42360425,-1.16965037,3.84553738,-0.45975006,-0.04205917,0.37432647,0.78358132,,,,,,,3,,,,,,,,,
8.668304,8627,20618934,,176.93768311,3.47406244,-162.58532715,,,,,-0.51812840,1.28889585,-11.29156494,-0.36331481,0.59726524,1.53906047,-1.58743020,3.97796621,-1.11274721,-0.04824050,0.37443140,0.78157294,,,,,,,3,,,,,,,,,
8.678108,8628,20619034,,176.94171143,3.41807342,-162.55918884,,,,,0.00441962,0.52759987,-9.49309540,-0.54857063,-0.15469646,-0.32885289,1.55700886,0.09458223,-3.85189415,-0.04679752,0.37824571,0.78460908,,,,,,,3,,,,,,,,,
8.688267,8629,20619134,,176.94436646,3.41702557,-162.50701904,,,,,0.30668730,0.57193321,-9.55723286,-0.85204649,-0.20724630,-0.27965093,-1.23521324,-2.61715880,-2.85327994,-0.04860203,0.38067451,0.78810185,,,,,,,3,,,,,,,,,
8.698152,8630,20619234,,176.91246033,3.44903922,-162.46504211,,,,,0.15058073,-1.38708687,-8.09118938,-0.04986322,-1.92783189,-1.83434248,-1.37322351,1.03245972,-2.08017851,-0.05246637,0.37978110,0.78460497,,,,,,,3,,,,,,,,,
8.708168,8631,20619334,,176.89299011,3.46351147,-162.42135620,,,,,0.39270461,-0.50292224,-9.84468842,-0.62529111,-1.28457212,-0.05451155,0.00038949,-0.20858531,-1.13677325,-0.04650013,0.37920263,0.78017288,,,,,,,3,,,,,,,,,
8.718163,8632,20619434,,176.92082214,3.47592354,-162.40106201,,,,,0.28716633,-0.01168266,-9.57961369,-0.66651940,-0.76601076,-0.28625894,2.72130254,1.63266846,0.37181597,-0.04513341,0.38061979,0.77970743,,,,,,,3,,,,,,,,,
8.728221,8633,20619534,,176.94505310,3.47156787,-162.40867615,,,,,-0.99541527,-1.47896349,-7.85679531,1.07314324,-1.65401483,-2.00442266,-0.08405853,5.01828512,1.03113007,-0.05281246,0.38267055,0.77623808,,,,,,,3,,,,,,,,,
8.738183,8634,20619634,,176.97927856,3.41236877,-162.42218018,,,,,-1.24818790,0.64886928,-8.42501259,0.65372097,0.41436717,-1.30953872,0.78892852,6.74245198,1.81560259,-0.05318414,0.38508084,0.76687396,,,,,,,3,,,,,,,,,
8.748174,8635,20619734,,176.98873901,3.33295035,-162.46220398,,,,,-0.85015696,3.70228672,-10.52134228,-0.71876007,3.06202912,0.91769791,-1.38000824,6.94885005,1.99306649,-0.05316692,0.38508034,0.76736879,,,,,,,3,,,,,,,,,
8.758151,8636,20619834,,176.95341492,3.23922205,-162.51293945,,,,,-0.52357072,0.20278083,-10.78116417,0.03284404,-0.37832832,0.97047997,-1.14451943,4.58097970,-0.93956306,-0.06029801,0.38664100,0.76587343,,,,,,,3,,,,,,,,,
8.768139,8637,20619934,,176.95921326,3.18617964,-162.49882507,,,,,-0.97171634,0.51724422,-7.87233210,0.47721159,0.25215924,-1.88624215,-0.60382986,-0.91980856,-1.55438937,-0.06164851,0.38714284,0.76785368,,,,,,,3,,,,,,,,,
8.778154,8638,20620034,,176.93353271,3.17806005,-162.48150635,,,,,0.01816377,1.65559411,-10.16515350,-0.89161932,0.87734830,0.40861738,-3.40792246,1.77649560,-1.53539227,-0.06222710,0.38714802,0.77824080,,,,,,,3,,,,,,,,,
8.788119,8639,20620134,,176.88476562,3.15436244,-162.45234680,,,,,0.54379445,0.44867900,-10.20586205,-1.02285480,-0.43851045,0.35368025,-0.63785509,-0.73082597,-2.52578026,-0.06464745,0.38814941,0.77676022,,,,,,,3,,,,,,,,,
8.798151,8640,20620234,,176.87515259,3.17796803,-162.39608765,,,,,0.39431638,-1.26625514,-9.42706203,-0.33223557,-1.97495747,-0.50820613,0.27716161,-2.75740500,-1.54468261,-0.06394042,0.38958007,0.77084929,,,,,,,3,,,,,,,,,
8.808127,8641,20620334,,176.88977051,3.22700906,-162.37057495,,,,,0.14052771,-1.97382331,-7.85343885,0.18098438,-2.46148849,-2.10422015,-0.77181890,0.76922839,0.68974479,-0.06151171,0.38905832,0.77283227,,,,,,,3,,,,,,,,,
8.818152,8642,20620434,,176.88555908,3.24576545,-162.37846375,,,,,-0.81402826,-0.28468505,-8.40203857,0.55378312,-0.60682273,-1.41140115,0.54739537,2.85937865,2.80540180,-0.05781863,0.38803729,0.77036083,,,,,,,3,,,,,,,,,
8.828155,8643,20620534,,176.92535400,3.20819521,-162.40686035,,,,,-0.77023220,1.71838367,-9.94378662,-0.14919940,1.19263959,0.23020768,2.82910854,4.76326721,2.77512998,-0.06143829,0.39002186,0.76196319,,,,,,,3,,,,,,,,,
8.838275,8644,20620634,,176.95765686,3.17032361,-162.45826721,,,,,-0.67309517,0.51136297,-10.36721992,0.10903609,-0.01183286,0.58589482,-0.27885384,3.04406761,1.74116260,-0.06637298,0.39058772,0.75551552,,,,,,,3,,,,,,,,,
8.848210,8645,20620734,,176.95271301,3.11434078,-162.49128723,,,,,-1.50132918,1.53010738,-8.55876446,0.65807903,1.33110046,-1.11572897,-1.69464464,1.46316344,0.73718712,-0.06606970,0.38721964,0.76239038,,,,,,,3,,,,,,,,,
8.858190,8646,20620834,,176.92674255,3.08091331,-162.52148438,,,,,-0.89071232,2.26033211,-9.66117573,-0.17765063,1.76218677,-0.01085365,-1.89696893,0.85508125,-0.82592531,-0.06858173,0.38917756,0.77230394,,,,,,,3,,,,,,,,,
8.868202,8647,20620934,,176.90365601,3.05097008,-162.49871826,,,,,0.64001840,0.42077810,-11.52426910,-1.13634479,-0.57259345,1.66167784,1.50370862,-2.03533725,-3.56317223,-0.07096814,0.39113769,0.77232301,,,,,,,3,,,,,,,,,
8.878247,8648,20621034,,176.90274048,3.06947875,-162.43879700,,,,,0.54772294,-0.66216153,-9.28130150,-0.64046079,-1.42661583,-0.63049555,-0.74596733,-5.61500972,-1.64628914,-0.06576215,0.39200938,0.77384716,,,,,,,3,,,,,,,,,
8.888144,8649,20621134,,176.89193726,3.14054036,-162.40599060,,,,,0.10863157,-1.89041173,-7.73300028,0.20157501,-2.35922003,-2.21736670,-1.31529977,-3.32276003,-0.38020509,-0.06469231,0.39150986,0.77730799,,,,,,,3,,,,,,,,,
8.898145,8650,20621234,,176.88011169,3.21011090,-162.39886475,,,,,-0.31211114,-0.31276047,-8.80938053,0.07411897,-0.81161499,-1.03291130,0.53394182,0.04811490,1.99782243,-0.06428166,0.39006409,0.77481335,,,,,,,3,,,,,,,,,
8.908245,8651,20621334,,176.91616821,3.20958328,-162.41546631,,,,,-0.68698406,0.82752162,-10.19047642,0.03030244,0.30101204,0.42479181,3.07101740,1.41251162,3.28959797,-0.06276321,0.39100280,0.76494062,,,,,,,3,,,,,,,,,
8.918190,8652,20621434,,176.96528625,3.19764686,-162.46539307,,,,,-0.88772339,0.41429335,-9.79882812,0.35829633,-0.00352466,0.02707887,-0.57770087,1.89596681,2.74789182,-0.06402308,0.39246765,0.75654662,,,,,,,3,,,,,,,,,
8.928262,8653,20621534,,176.95541382,3.15603185,-162.51960754,,,,,-1.42079926,2.16821027,-8.65474606,0.37885857,1.90561521,-0.99078882,-0.92124909,1.36291441,1.79883960,-0.06727003,0.39012241,0.75649315,,,,,,,3,,,,,,,,,
8.938176,8654,20621634,,176.93000793,3.10874486,-162.55113220,,,,,-0.68382299,2.37844014,-10.58730030,-0.44771647,1.74935579,0.90623152,-0.84809888,0.53216704,-1.81662541,-0.06699387,0.38915452,0.76390064,,,,,,,3,,,,,,,,,
8.948203,8655,20621734,,176.91697693,3.09140086,-162.52409363,,,,,0.95536411,-0.38766158,-11.48785686,-1.19614530,-1.43423796,1.56426406,1.12083052,-3.47190853,-3.67505628,-0.06479466,0.38959336,0.77331901,,,,,,,3,,,,,,,,,
8.958158,8656,20621834,,176.91619873,3.14895296,-162.46257019,,,,,0.14283559,-1.15854752,-8.38972378,-0.08521712,-1.71751225,-1.52463150,-1.21724611,-8.33098066,-0.94255821,-0.06412609,0.38909975,0.77875692,,,,,,,3,,,,,,,,,
8.968147,8657,20621934,,176.90972900,3.24202538,-162.43334961,,,,,-0.17283511,-1.13071764,-7.63932323,0.22792676,-1.54607809,-2.25324035,-0.88020648,-4.11399070,0.22428981,-0.06461351,0.38910815,0.77825987,,,,,,,3,,,,,,,,,
8.978174,8658,20622034,,176.89068604,3.29299283,-162.43792725,,,,,-0.47436026,-0.35235947,-10.04017639,0.18005860,-0.88428521,0.20153427,1.39244110,1.16071573,3.14793003,-0.06111982,0.39049238,0.77137268,,,,,,,3,,,,,,,,,
8.988163,8659,20622134,,176.95623779,3.28345561,-162.47409058,,,,,-0.67681420,1.22984362,-9.84696198,-0.10487241,0.70365906,0.10593808,3.22748145,-0.20212227,3.68309883,-0.05766059,0.39187756,0.76349580,,,,,,,3,,,,,,,,,
8.998119,8660,20622234,,176.98851013,3.26472449,-162.54380798,,,,,-1.10546494,1.10335886,-9.88218880,0.34073365,0.71157598,0.15955746,-2.52101322,2.96687388,2.50067398,-0.06307383,0.39197171,0.75654352,,,,,,,3,,,,,,,,,
9.008198,8661,20622334,,176.95790100,3.19626260,-162.58752441,,,,,-0.91847491,2.07285833,-8.89707088,-0.08426094,1.64666963,-0.78271794,0.10092951,3.43759067,-0.12467781,-0.06532925,0.39056885,0.75848901,,,,,,,3,,,,,,,,,
9.018121,8662,20622434,,176.95082092,3.15051842,-162.57402039,,,,,0.55447567,1.87743139,-12.30572701,-1.54998517,0.78854966,2.52232361,1.41289421,-1.83700392,-3.47425192,-0.06078746,0.39048851,0.76741618,,,,,,,3,,,,,,,,,
9.028320,8663,20622534,,176.95118713,3.17020178,-162.51863098,,,,,0.23355116,-2.69506145,-8.75241089,0.27890503,-3.22626996,-1.24434924,1.56209649,-4.48228816,-2.83102547,-0.06206907,0.39098832,0.77137578,,,,,,,3,,,,,,,,,
9.038174,8664,20622634,,176.97322083,3.24823189,-162.46408081,,,,,0.01359684,-1.36329341,-7.94211388,0.10359246,-1.83827662,-1.97045422,1.54366267,-5.46295691,1.72954915,-0.05992742,0.39575368,0.76799864,,,,,,,3,,,,,,,,,
9.048313,8665,20622734,,176.98498535,3.32791948,-162.48776245,,,,,-0.85785186,0.69537807,-8.62740040,0.27474126,0.33483183,-1.13151097,-0.20311590,-0.36606610,3.44039275,-0.05820173,0.39572659,0.76355404,,,,,,,3,,,,,,,,,
9.058160,8666,20622834,,177.00013733,3.32873487,-162.52908325,,,,,-0.63027561,0.67775530,-11.44335461,-0.04917365,0.06794144,1.66234231,2.18158163,2.30641508,2.36820908,-0.05960036,0.38951156,0.76048005,,,,,,,3,,,,,,,,,
9.068351,8667,20622934,,177.03221130,3.28321457,-162.58583069,,,,,-1.01854634,2.42562151,-9.66052723,-0.13853097,1.96477985,0.00494397,-3.34007563,-0.63901996,2.13276029,-0.06603524,0.38721862,0.76338005,,,,,,,3,,,,,,,,,
9.078229,8668,20623034,,176.97544861,3.24055314,-162.61755371,,,,,-0.86883974,0.26812479,-8.96584034,0.40475821,-0.09124935,-0.81282055,-3.98649327,1.58195111,-2.23525240,-0.06736068,0.38915938,0.76686740,,,,,,,3,,,,,,,,,
9.088182,8669,20623134,,176.93693542,3.21847129,-162.57244873,,,,,0.82400751,2.23702049,-11.34315014,-1.89203048,1.11069882,1.56645179,0.73365031,-2.45751530,-3.85149373,-0.06152843,0.38809907,0.77182746,,,,,,,3,,,,,,,,,
9.098294,8670,20623234,,176.93940735,3.25719857,-162.51768494,,,,,0.25864917,-2.14660549,-9.23452854,0.05112147,-2.75164604,-0.73794770,1.30951151,-5.67160638,-2.52787692,-0.06028231,0.38951978,0.76789814,,,,,,,3,,,,,,,,,
9.108152,8671,20623334,,176.96170044,3.34500742,-162.46778870,,,,,-0.39036196,-2.76824594,-7.85837030,0.90267313,-3.05680227,-2.10301280,2.12192228,-2.95321969,0.21688339,-0.05936855,0.39094436,0.76792526,,,,,,,3,,,,,,,,,
9.118294,8672,20623434,,177.01292419,3.38978648,-162.48062134,,,,,-1.18703270,1.62728500,-8.76098156,0.29497030,1.31211770,-0.92874455,1.29101824,2.08943171,3.90668934,-0.05676303,0.39138311,0.76200819,,,,,,,3,,,,,,,,,
9.128334,8673,20623534,,177.02238464,3.33939528,-162.55114746,,,,,-0.60854983,2.72525477,-11.99608898,-0.71485049,1.97254455,2.31919765,1.30189894,3.98584099,2.37306342,-0.06037281,0.39096799,0.75258309,,,,,,,3,,,,,,,,,
9.138291,8674,20623634,,177.03640747,3.26976609,-162.58988953,,,,,-0.78006816,0.39066616,-9.19854641,0.27129292,-0.00643349,-0.58093929,-0.37542868,2.04729243,-2.16440499,-0.06208024,0.38907504,0.75650263,,,,,,,3,,,,,,,,,
9.148212,8675,20623734,,177.02389526,3.23694038,-162.56121826,,,,,0.17662403,0.96395284,-9.73446846,-0.83227307,0.21475530,-0.07137346,-2.34481547,-1.60546915,-4.62986678,-0.06271937,0.38956189,0.76541281,,,,,,,3,,,,,,,,,
9.158282,8676,20623834,,176.98094177,3.24872923,-162.49304199,,,,,0.10218449,-0.01202687,-9.78832054,-0.47018528,-0.70154077,-0.06007445,0.59791908,-2.27450998,-4.03873440,-0.06252202,0.39099571,0.77186835,,,,,,,3,,,,,,,,,
9.168208,8677,20623934,,177.00642395,3.30277371,-162.42687988,,,,,0.47083610,-1.61778498,-9.73902321,-0.33673215,-2.33774614,-0.21549678,2.44923839,-3.29166987,-1.24424297,-0.05845478,0.39236894,0.76795244,,,,,,,3,,,,,,,,,
9.178181,8678,20624034,,177.03405762,3.35952139,-162.41226196,,,,,-1.44597483,-1.64324832,-7.38636494,1.58417141,-1.62926638,-2.45021629,1.29140329,-1.81600109,1.45565237,-0.05735484,0.39331409,0.75956202,,,,,,,3,,,,,,,,,
9.188204,8679,20624134,,177.09323120,3.37872601,-162.44126892,,,,,-0.94206107,2.66563439,-9.91758156,-0.30107152,2.16167784,0.26350403,1.36040805,4.35648206,2.76965665,-0.05784175,0.39236274,0.75855500,,,,,,,3,,,,,,,,,
9.198177,8680,20624234,,177.08297729,3.29858923,-162.50631714,,,,,-0.57145303,2.47514033,-12.08121872,-0.68081832,1.72802114,2.38967323,-0.82059392,2.89221223,-1.00228757,-0.06121032,0.39194056,0.75605762,,,,,,,3,,,,,,,,,
9.208287,8681,20624334,,177.08728027,3.23942208,-162.49145508,,,,,-0.29071990,0.12327889,-8.72057152,-0.09558812,-0.36633182,-1.09941387,2.64932771,-2.40746111,-6.62397338,-0.06490289,0.39200187,0.75801909,,,,,,,3,,,,,,,,,
9.218168,8682,20624434,,177.09761047,3.25195050,-162.40193176,,,,,0.23555407,-0.06747345,-9.75170803,-0.57858503,-0.77431506,-0.11008692,-1.23748108,0.32860149,-4.36276071,-0.06220791,0.39291191,0.76843697,,,,,,,3,,,,,,,,,
9.228213,8683,20624534,,177.06851196,3.27455878,-162.33692932,,,,,-0.07086756,-1.69543457,-9.24292088,0.22481242,-2.19965219,-0.67925417,2.07490710,-3.98990111,-2.56824483,-0.06270521,0.39532000,0.76896733,,,,,,,3,,,,,,,,,
9.238217,8684,20624634,,177.11923218,3.33896613,-162.30427551,,,,,-0.07526410,-0.00077811,-9.41823483,-0.30457956,-0.59798455,-0.42119420,3.63927719,-1.39590102,1.28678309,-0.06208484,0.39771298,0.76109219,,,,,,,3,,,,,,,,,
9.248186,8685,20624734,,177.16671753,3.36910772,-162.33337402,,,,,-1.80192757,-0.17067894,-8.68219662,1.41606212,-0.18697095,-1.06257653,-0.64246856,2.71566187,2.16456656,-0.06095830,0.39721769,0.75267911,,,,,,,3,,,,,,,,,
9.258196,8686,20624834,,177.17816162,3.31778359,-162.37800598,,,,,-0.82448387,3.37552047,-9.95102024,-0.64553863,2.81351471,0.32337141,-0.03564829,1.93089619,-0.94559764,-0.06282915,0.39484969,0.75164270,,,,,,,3,,,,,,,,,
9.268167,8687,20624934,,177.16339111,3.26810074,-162.38111877,,,,,0.15210941,1.50863123,-12.20424366,-1.08192837,0.59679198,2.42116022,-0.19152072,1.12783915,-4.93821567,-0.06675856,0.39347240,0.75951731,,,,,,,3,,,,,,,,,
9.278273,8688,20625034,,177.16160583,3.23655248,-162.31066895,,,,,0.04847728,-1.03639066,-8.47861004,-0.04562593,-1.54544795,-1.41360474,2.41437518,-4.50105667,-7.15246225,-0.06663062,0.39586803,0.76450348,,,,,,,3,,,,,,,,,
9.288246,8689,20625134,,177.19241333,3.29990983,-162.21740723,,,,,-0.03083103,-1.31042111,-8.17501259,0.11191443,-1.75988054,-1.72718525,3.23116570,-4.07075731,-2.22223961,-0.06566620,0.39921063,0.76703507,,,,,,,3,,,,,,,,,
9.298309,8690,20625234,,177.21923828,3.36766005,-162.18928528,,,,,-0.46721277,-0.69230211,-10.20857906,0.24545643,-1.16873610,0.35791886,3.42474031,2.08379467,1.19854729,-0.06351416,0.40061653,0.76212054,,,,,,,3,,,,,,,,,
9.308189,8691,20625334,,177.29206848,3.35006666,-162.19940186,,,,,-0.94859058,1.35994029,-9.79581928,0.08392984,0.96597725,0.07191002,4.31740185,1.60382372,0.37405824,-0.06295281,0.40061185,0.75123852,,,,,,,3,,,,,,,,,
9.318301,8692,20625434,,177.31726074,3.31938791,-162.24777222,,,,,-1.11938441,2.55310464,-9.64152145,-0.11291850,2.16248751,-0.01089513,-3.07582650,1.65083100,-0.67870672,-0.06950095,0.40072164,0.75219697,,,,,,,3,,,,,,,,,
9.328239,8693,20625534,,177.26785278,3.27178335,-162.23397827,,,,,-0.43937764,0.17259969,-9.59667587,-0.01614130,-0.30682975,-0.21316218,-1.42045342,1.64010174,-7.22802464,-0.07092439,0.39930022,0.76453632,,,,,,,3,,,,,,,,,
9.338224,8694,20625634,,177.24884033,3.25575662,-162.14790344,,,,,0.76368922,1.11946487,-11.65557384,-1.53625405,0.08689052,1.81416440,-1.40653296,-5.24759549,-5.34228924,-0.06989788,0.39928186,0.76701498,,,,,,,3,,,,,,,,,
9.348295,8695,20625734,,177.23155212,3.32758236,-162.08033752,,,,,-0.20858757,-2.72415757,-8.18050003,0.71375573,-3.04816675,-1.77366602,0.93537701,-5.49430491,-2.75651174,-0.06854002,0.40117916,0.76655704,,,,,,,3,,,,,,,,,
9.358270,8696,20625834,,177.26609802,3.40728927,-162.03999329,,,,,-0.97802508,-0.57858431,-8.04149437,0.77565569,-0.76765323,-1.76785564,0.73152361,-0.73721818,0.80970703,-0.06301054,0.40252712,0.76413232,,,,,,,3,,,,,,,,,
9.368306,8697,20625934,,177.28771973,3.41758442,-162.07089233,,,,,-1.14667177,2.32765985,-10.23091507,-0.05001897,1.90879560,0.56699991,-1.86363227,1.45287216,1.66633404,-0.06472182,0.40112010,0.75470102,,,,,,,3,,,,,,,,,
9.378181,8698,20626034,,177.27537537,3.35803747,-162.10568237,,,,,-0.16831100,1.94586921,-11.26364326,-0.89882505,1.18743634,1.51859128,-0.60738370,3.59210491,-2.56460413,-0.06619191,0.39970598,0.75219750,,,,,,,3,,,,,,,,,
9.388326,8699,20626134,,177.26571655,3.30288672,-162.08651733,,,,,-0.39787874,0.59267342,-9.90617943,-0.19922790,0.05586600,0.11411881,-2.43991390,-0.63662651,-6.50054204,-0.06829227,0.39829853,0.75859654,,,,,,,3,,,,,,,,,
9.398231,8700,20626234,,177.22990417,3.29445076,-162.00102234,,,,,-0.11101557,-0.39348182,-8.36073208,-0.09936422,-0.87230206,-1.48994589,0.31687582,-2.84020034,-7.07694939,-0.06797329,0.39780930,0.76749605,,,,,,,3,,,,,,,,,
9.408324,8701,20626334,,177.25169373,3.34527016,-161.90299988,,,,,0.52603734,-1.03097498,-10.94392872,-0.62212920,-1.83531463,1.02098060,4.31213535,0.30687405,-1.76536260,-0.06956124,0.40743575,0.76764053,,,,,,,3,,,,,,,,,
9.418291,8702,20626434,,177.29483032,3.37546730,-161.88769531,,,,,-1.07326400,-1.44497609,-8.40107346,1.12368119,-1.57270074,-1.44102824,0.86148995,-1.17799067,0.94075194,-0.06621271,0.40642485,0.75527233,,,,,,,3,,,,,,,,,
9.428192,8703,20626534,,177.33279419,3.37963367,-161.90095520,,,,,-1.17786491,2.03947973,-8.59737587,0.12887919,1.75931990,-1.07830131,0.83073697,3.33516259,-0.21022843,-0.06471193,0.39872041,0.75367355,,,,,,,3,,,,,,,,,
9.438260,8704,20626634,,177.31698608,3.32111764,-161.93902588,,,,,-0.86037964,2.96875191,-11.20444584,-0.55533761,2.37682581,1.55014586,-3.81851757,6.22735027,-2.33659021,-0.06540122,0.39632946,0.75956941,,,,,,,3,,,,,,,,,
9.448237,8705,20626734,,177.27804565,3.23200917,-161.91108704,,,,,0.33631176,-0.10210781,-10.94643211,-0.71497375,-0.89046037,1.07212329,0.82411915,-2.52499543,-8.73824435,-0.06134532,0.39337826,0.76646966,,,,,,,3,,,,,,,,,
9.458255,8706,20626834,,177.28038025,3.26153159,-161.80493164,,,,,0.40325132,-0.57729393,-9.36701679,-0.56576985,-1.26725972,-0.52756286,-1.75684824,-3.31572195,-4.32616114,-0.06403218,0.40014005,0.77398461,,,,,,,3,,,,,,,,,
9.468283,8707,20626934,,177.25907898,3.32667899,-161.73123169,,,,,-0.82912672,-2.06394410,-7.11044168,1.15737224,-2.15090036,-2.77541733,-1.40395766,-1.88419519,-2.47335301,-0.06786309,0.40116519,0.77249736,,,,,,,3,,,,,,,,,
9.478242,8708,20627034,,177.27136230,3.36197066,-161.70712280,,,,,-0.66809815,0.60867840,-9.69030094,0.05427748,0.17222667,-0.08637738,3.02961621,0.01950603,-0.24445223,-0.07484502,0.40704626,0.76414454,,,,,,,3,,,,,,,,,
9.488247,8709,20627134,,177.32772827,3.35327482,-161.72471619,,,,,-0.46289787,2.10178185,-11.77639771,-0.68758953,1.39715624,2.05571413,-0.21541931,5.20095981,0.58967606,-0.06974769,0.40168273,0.75913757,,,,,,,3,,,,,,,,,
9.498260,8710,20627234,,177.31845093,3.26414633,-161.76655579,,,,,-1.28975105,0.83221036,-8.72444630,0.61621392,0.64971495,-1.00117385,-2.34973491,2.55977796,-3.21775740,-0.06015668,0.38952202,0.75800365,,,,,,,3,,,,,,,,,
9.508363,8711,20627334,,177.29393005,3.22509742,-161.72909546,,,,,0.22746071,1.87555647,-10.01274395,-1.19812548,1.07663202,0.24751258,-1.40163731,-0.28644981,-6.50167884,-0.05749514,0.38851357,0.76641190,,,,,,,3,,,,,,,,,
9.518170,8712,20627434,,177.24768066,3.22547865,-161.63442993,,,,,0.08166405,-1.01577151,-10.17871094,-0.14497936,-1.63287115,0.28620648,-0.38758776,-0.49936340,-6.09072215,-0.06272244,0.39532050,0.76847249,,,,,,,3,,,,,,,,,
9.528407,8713,20627534,,177.25788879,3.25902319,-161.54573059,,,,,0.29833460,-1.98759031,-9.54990196,-0.02008289,-2.58445191,-0.40127742,1.16056248,-4.96200821,-3.18385810,-0.07622009,0.40514946,0.76410758,,,,,,,3,,,,,,,,,
9.538256,8714,20627634,,177.27929688,3.33099604,-161.52456665,,,,,-1.29264140,-0.49285698,-7.71191263,1.07922792,-0.55252457,-2.07532144,-2.67858205,0.69629291,1.31756921,-0.07439837,0.40272012,0.76110971,,,,,,,3,,,,,,,,,
9.548426,8715,20627734,,177.28204346,3.32246804,-161.55133057,,,,,-1.11178458,2.55929422,-9.59926319,-0.13544405,2.16298294,-0.06073368,-1.32579521,4.91492430,0.81081752,-0.07202868,0.39980075,0.76008588,,,,,,,3,,,,,,,,,
9.558327,8716,20627834,,177.25001526,3.24268723,-161.60197449,,,,,-0.48134163,2.73760986,-11.98752117,-0.87641656,1.97564936,2.29771376,-4.19292378,1.30446016,-2.45749011,-0.06443372,0.39391348,0.75904125,,,,,,,3,,,,,,,,,
9.568329,8717,20627934,,177.20809937,3.18703556,-161.55328369,,,,,0.34741625,-0.93795788,-9.92370510,-0.39278245,-1.63179195,0.01262021,-2.34818104,0.12684631,-8.16526063,-0.06086423,0.38905111,0.76442450,,,,,,,3,,,,,,,,,
9.578335,8718,20628034,,177.18727112,3.19815946,-161.46080017,,,,,-0.09648278,-0.03528867,-8.21926022,-0.19750866,-0.53157723,-1.61722171,-3.35177553,-2.77825458,-4.44210232,-0.07221537,0.40123996,0.76901340,,,,,,,3,,,,,,,,,
9.588381,8719,20628134,,177.14213562,3.23238587,-161.39318848,,,,,-0.07892159,-1.03377581,-9.05413532,0.07348159,-1.53981221,-0.83169425,-0.16428976,0.16537868,-3.36597293,-0.07331181,0.40317988,0.76557529,,,,,,,3,,,,,,,,,
9.598205,8720,20628234,,177.16896057,3.24737835,-161.34973145,,,,,-0.24260771,-0.37851018,-10.67282486,-0.04725093,-0.97012568,0.82243216,2.93590537,4.74410981,0.19186562,-0.07924794,0.40520301,0.75815612,,,,,,,3,,,,,,,,,
9.608344,8721,20628334,,177.22387695,3.21871495,-161.36265564,,,,,-1.43838608,0.95372850,-9.09698868,0.71364826,0.77190834,-0.61214769,-3.39464030,2.59658243,-0.61153896,-0.07026650,0.39593357,0.75459111,,,,,,,3,,,,,,,,,
9.618317,8722,20628434,,177.17681885,3.16083336,-161.39527893,,,,,-0.97087437,2.56301093,-8.76324081,-0.22595340,2.16659951,-0.89383829,-4.09572123,4.18619434,-2.34243237,-0.05958058,0.38471222,0.75842512,,,,,,,3,,,,,,,,,
9.628200,8723,20628534,,177.12391663,3.09427977,-161.37327576,,,,,0.14225110,2.06104755,-12.39923286,-1.22997355,1.09469318,2.64753819,-3.17032110,3.76695306,-5.77936286,-0.07319447,0.39309901,0.76343721,,,,,,,3,,,,,,,,,
9.638332,8724,20628634,,177.09069824,3.04502606,-161.29246521,,,,,0.41118377,-1.42097878,-9.53746796,-0.24745834,-2.09924841,-0.39753008,-0.32458054,-3.85759906,-7.97661935,-0.07699297,0.39796221,0.76497942,,,,,,,3,,,,,,,,,
9.648231,8725,20628734,,177.09956360,3.10566401,-161.18516541,,,,,0.21653050,-2.09783959,-8.38932419,0.18595091,-2.60245728,-1.56978369,-1.03191416,-1.26755771,-2.50725188,-0.07797922,0.40325803,0.76654261,,,,,,,3,,,,,,,,,
9.658212,8726,20628834,,177.08343506,3.15391850,-161.15541077,,,,,-1.43826127,-0.69732529,-7.73834372,1.31760132,-0.70944190,-2.05766702,-2.93422536,2.36888868,0.07357379,-0.07829820,0.40374726,0.75764310,,,,,,,3,,,,,,,,,
9.668269,8727,20628934,,177.09857178,3.12712312,-161.15892029,,,,,-0.54879487,2.75550246,-10.97591400,-0.75458664,2.06562877,1.29459786,2.14310248,2.91864036,-1.27012640,-0.07137813,0.39403492,0.74861836,,,,,,,3,,,,,,,,,
9.678205,8728,20629034,,177.10202026,3.08773232,-161.18487549,,,,,-0.38027197,1.60400808,-11.96967793,-0.56482553,0.85268927,2.22378469,-4.40822501,3.38738088,-2.05071136,-0.07151493,0.39211947,0.74363977,,,,,,,3,,,,,,,,,
9.688364,8729,20629134,,177.05113220,3.03658152,-161.16789246,,,,,-1.21630788,0.21264052,-7.82603931,0.82086068,0.07920778,-1.93560934,-5.80711392,-3.08210814,-7.10659070,-0.08208017,0.39373377,0.75152850,,,,,,,3,,,,,,,,,
9.698282,8730,20629234,,176.96664429,3.06546712,-161.09819031,,,,,0.86722410,1.50256217,-10.30570507,-1.65437198,0.43737388,0.49393630,-7.64004299,-3.94771658,-5.56559800,-0.08058217,0.39802045,0.76990998,,,,,,,3,,,,,,,,,
9.708363,8731,20629334,,176.85760498,3.10752296,-161.00135803,,,,,-0.36011523,-1.68735945,-9.78032303,0.56337166,-2.15484190,-0.13104606,-5.63086772,-2.82595640,-4.48370329,-0.07214493,0.39835861,0.76946288,,,,,,,3,,,,,,,,,
9.718333,8732,20629434,,176.82225037,3.16203976,-160.94396973,,,,,-0.00217453,-0.64307779,-9.66343403,-0.11545908,-1.29298794,-0.21471608,-7.02032456,-4.14744113,-1.29436258,-0.08133107,0.40379506,0.76505005,,,,,,,3,,,,,,,,,
9.728395,8733,20629534,,176.74955750,3.19273543,-160.95343018,,,,,-1.45841444,0.19347638,-9.06170464,1.01311624,-0.00317036,-0.68791795,-13.14665249,4.10857095,0.21039253,-0.08886139,0.40152255,0.76349199,,,,,,,3,,,,,,,,,
9.738209,8734,20629634,,176.62127686,3.13833857,-160.99133301,,,,,-1.02266037,4.26301861,-9.64599133,-0.74253488,3.63043261,0.11413443,-15.72361969,4.59525394,-1.55544453,-0.08829159,0.39239407,0.76137131,,,,,,,3,,,,,,,,,
9.748260,8735,20629734,,176.45256042,3.05605626,-160.98323059,,,,,0.59591383,0.75513566,-12.65110683,-1.19556534,-0.45400822,2.80553293,-11.99453021,-0.31758966,-7.64143208,-0.07528085,0.38161376,0.76472920,,,,,,,3,,,,,,,,,
9.758462,8736,20629834,,176.34338379,3.06173682,-160.87960815,,,,,0.50853032,-1.07542706,-9.35889912,-0.39365816,-1.91426492,-0.58418989,-9.44378325,-3.54057156,-6.43582643,-0.07114469,0.38298500,0.76279259,,,,,,,3,,,,,,,,,
9.768219,8737,20629934,,176.24708557,3.11685205,-160.78085327,,,,,-0.49470928,-2.19383144,-7.59869385,0.97659230,-2.51023340,-2.36626554,-12.41544488,-2.99468769,-4.11234762,-0.08772895,0.39670229,0.76638991,,,,,,,3,,,,,,,,,
9.778331,8738,20630034,,176.13842773,3.17471242,-160.73429871,,,,,-0.53044885,-0.13278890,-9.64773273,0.26647678,-0.74158454,-0.18503666,-8.21788895,0.52842884,-1.69552925,-0.08126839,0.38987088,0.77274603,,,,,,,3,,,,,,,,,
9.788201,8739,20630134,,176.08854675,3.17504048,-160.73146057,,,,,-0.87166077,2.53784370,-11.17973518,-0.33392274,1.74501443,1.54390597,-9.70100562,3.52570053,0.45809241,-0.07977699,0.38360637,0.77166480,,,,,,,3,,,,,,,,,
9.798349,8740,20630234,,175.98199463,3.09745336,-160.77427673,,,,,-1.03235161,0.61218917,-9.42182064,0.50676954,0.11949837,-0.33177030,-11.42439553,1.39421183,-3.70074420,-0.07560127,0.37537891,0.76561838,,,,,,,3,,,,,,,,,
9.808233,8741,20630334,,175.87982178,3.07585096,-160.74630737,,,,,0.04601369,1.46488941,-10.11057758,-0.80061233,0.48861241,0.35902488,-11.48761576,1.49529639,-5.38895906,-0.07329214,0.37294117,0.76311755,,,,,,,3,,,,,,,,,
9.818355,8742,20630434,,175.75682068,3.04448986,-160.66381836,,,,,0.35931531,0.44855765,-11.05474567,-0.76882041,-0.67027283,1.20746028,-9.25523844,-1.11659933,-7.80035949,-0.07689123,0.37539908,0.76907557,,,,,,,3,,,,,,,,,
9.828353,8743,20630534,,175.66099548,3.07257867,-160.56062317,,,,,0.44927186,-2.01195192,-9.43984318,0.01723111,-2.88716364,-0.59308898,-7.23674594,-4.34630251,-6.26721424,-0.07848746,0.37494251,0.77697647,,,,,,,3,,,,,,,,,
9.838317,8744,20630634,,175.59001160,3.14889741,-160.49592590,,,,,-0.80778736,-0.87787372,-7.89688921,0.85611564,-1.28073955,-1.97917676,-10.00072883,0.56200248,-0.53517995,-0.08857372,0.38567224,0.77660102,,,,,,,3,,,,,,,,,
9.848341,8745,20630734,,175.52395630,3.15359139,-160.49366760,,,,,-1.33537662,1.01151097,-9.01869583,0.69597811,0.56137133,-0.68935263,-7.15973641,2.76248815,-0.16155633,-0.08622126,0.38275337,0.77508229,,,,,,,3,,,,,,,,,
9.858310,8746,20630834,,175.46879578,3.11554742,-160.52755737,,,,,0.02735689,2.42499304,-12.68017006,-1.14072442,1.08453202,2.99820924,-9.55410105,4.03035931,-0.94483789,-0.07671640,0.37059516,0.77147418,,,,,,,3,,,,,,,,,
9.868384,8747,20630934,,175.37518311,3.04132414,-160.52954102,,,,,-1.16058683,0.29141438,-8.79194546,0.79334879,-0.16519856,-0.97981834,-9.16871105,0.49804197,-5.30491316,-0.07618311,0.36530676,0.77040356,,,,,,,3,,,,,,,,,
9.878208,8748,20631034,,175.28758240,3.01957464,-160.47575378,,,,,0.24465774,1.44054091,-10.51194191,-0.94768584,0.26347280,0.75292778,-9.47383694,-0.37731083,-5.88011156,-0.07926033,0.36775526,0.77784830,,,,,,,3,,,,,,,,,
9.888336,8749,20631134,,175.17828369,3.02179003,-160.38728333,,,,,0.25096273,-0.49612653,-10.03527355,-0.28244030,-1.52450919,0.11825657,-4.83785501,-1.72530514,-6.56643160,-0.07711179,0.36627609,0.78476232,,,,,,,3,,,,,,,,,
9.898222,8750,20631234,,175.14819336,3.06506515,-160.29864502,,,,,0.28837022,-1.47035050,-9.52716446,0.02399802,-2.40929461,-0.47567105,-3.27062627,-3.62567743,-3.55608741,-0.07874836,0.37014550,0.78036255,,,,,,,3,,,,,,,,,
9.908297,8751,20631334,,175.11953735,3.13121367,-160.26246643,,,,,-1.05109513,-1.77960360,-8.20986366,1.41378772,-2.12852430,-1.74330127,-5.85783576,1.72455222,-0.69214266,-0.08113527,0.37306538,0.78089154,,,,,,,3,,,,,,,,,
9.918311,8752,20631434,,175.11312866,3.12369466,-160.25868225,,,,,-1.03467429,2.46166635,-9.85920238,-0.07594359,1.67827797,0.25870466,-3.56504712,2.59559782,-0.77185444,-0.08407699,0.37311643,0.77741426,,,,,,,3,,,,,,,,,
9.928302,8753,20631534,,175.06344604,3.06665993,-160.30177307,,,,,-0.46537939,2.77058291,-12.01569176,-0.75010043,1.55452704,2.40363598,-7.20782862,3.36317213,-0.74621492,-0.08256000,0.36733103,0.77733028,,,,,,,3,,,,,,,,,
9.938303,8754,20631634,,174.99165344,2.99720836,-160.29827881,,,,,-0.88555652,-0.20448682,-8.72657967,0.73355305,-0.76461387,-1.10794520,-5.28063568,0.48935947,-5.84275043,-0.07710139,0.36291665,0.78322488,,,,,,,3,,,,,,,,,
9.948318,8755,20631734,,174.94160461,2.98629189,-160.22343445,,,,,0.59804857,1.38913286,-10.55360031,-1.23818183,0.03097641,0.77216637,-6.19408042,-2.57272095,-6.60050656,-0.08130901,0.36634633,0.78573191,,,,,,,3,,,,,,,,,
9.958284,8756,20631834,,174.86466980,3.01851821,-160.13356018,,,,,0.32155332,-1.57691431,-9.92372513,0.05085474,-2.59779668,-0.09918272,-3.11068223,-0.57151090,-5.29704393,-0.08161373,0.36299023,0.78864574,,,,,,,3,,,,,,,,,
9.968229,8757,20631934,,174.85133362,3.05944586,-160.05636597,,,,,0.28267047,-1.51068807,-9.49083424,0.07324916,-2.48593044,-0.52574337,-2.06484516,-3.27858066,-3.07049489,-0.08259642,0.36156765,0.78663927,,,,,,,3,,,,,,,,,
9.978277,8758,20632034,,174.83865356,3.11175919,-160.03910828,,,,,-1.42195046,-0.72756785,-7.50919724,1.44315028,-0.97429001,-2.33868456,-3.92634065,1.81505746,0.41544860,-0.08094168,0.36538166,0.78225511,,,,,,,3,,,,,,,,,
9.988276,8759,20632134,,174.84793091,3.09628868,-160.05262756,,,,,-1.01696801,3.08946848,-10.79683018,-0.30694526,2.12359309,1.25124717,-1.31667254,5.60263428,0.50957912,-0.08003525,0.36440709,0.78075999,,,,,,,3,,,,,,,,,
9.998243,8760,20632234,,174.82641602,3.01438379,-160.09915161,,,,,-0.52828771,1.54264033,-11.54992008,-0.25063333,0.43042421,1.83735621,-3.06270122,-0.17355745,-2.67246327,-0.07586260,0.36193821,0.77777326,,,,,,,3,,,,,,,,,
10.008305,8761,20632334,,174.80323792,2.98920751,-160.07241821,,,,,-0.49315351,-0.10865156,-8.88915348,0.34193069,-0.84864473,-0.96108341,-2.02449817,-0.35269779,-5.59193521,-0.07669960,0.36195099,0.78073782,,,,,,,3,,,,,,,,,
10.018360,8762,20632434,,174.77661133,2.99206901,-159.99765015,,,,,0.14318874,1.54131114,-10.41027546,-0.85158944,0.31073046,0.67001867,-4.64976184,-2.13376305,-5.47443760,-0.08115140,0.36154291,0.78763568,,,,,,,3,,,,,,,,,
10.028270,8763,20632534,,174.71301270,3.01646638,-159.92535400,,,,,0.60598367,-1.55685699,-10.00309849,-0.20809495,-2.70823598,-0.04113412,0.07115883,-4.67969088,-5.44621355,-0.08317833,0.36109900,0.78316563,,,,,,,3,,,,,,,,,
10.038244,8764,20632634,,174.73303223,3.09972739,-159.85670471,,,,,0.19226177,-1.18181705,-9.21238995,0.05559808,-2.13991594,-0.77317643,0.31063028,-2.67421671,-0.72741349,-0.08270764,0.36013129,0.78265792,,,,,,,3,,,,,,,,,
10.048276,8765,20632734,,174.75093079,3.13571739,-159.85717773,,,,,-1.82430112,-0.34089231,-7.42234421,1.68984210,-0.47294354,-2.36840057,-2.02228198,1.37641001,0.32377631,-0.08004107,0.35912862,0.77770782,,,,,,,3,,,,,,,,,
10.058359,8766,20632834,,174.78439331,3.11214280,-159.87586975,,,,,-0.28259328,2.36628151,-11.90456104,-0.77515411,1.07162654,2.25077724,2.79098690,5.00621575,-0.30768772,-0.08165887,0.36011821,0.77227300,,,,,,,3,,,,,,,,,
10.068305,8767,20632934,,174.80186462,3.04521132,-159.90205383,,,,,-1.00252092,2.08473325,-10.67109299,0.02194610,1.18372869,1.04076219,-1.87555799,0.51340851,-1.76095617,-0.08071014,0.36058199,0.77277988,,,,,,,3,,,,,,,,,
10.078368,8768,20633034,,174.78169250,3.00897980,-159.88429260,,,,,-0.63392144,-0.20449613,-8.74001122,0.50889266,-0.87658381,-1.11019588,0.10141208,-2.39962069,-6.30581079,-0.08064173,0.36153972,0.77526921,,,,,,,3,,,,,,,,,
10.088256,8769,20633134,,174.77189636,3.04239869,-159.80816650,,,,,0.81047797,1.93830454,-11.31097984,-1.64391994,0.35125077,1.56603074,-0.13545023,-3.57786504,-5.44131033,-0.08550367,0.36161768,0.78415167,,,,,,,3,,,,,,,,,
10.098274,8770,20633234,,174.75564575,3.08695579,-159.72865295,,,,,0.14190650,-2.09971738,-9.59617805,0.41959596,-3.01065087,-0.46945357,1.27342805,-6.13784021,-4.95996214,-0.08470948,0.36112630,0.77969509,,,,,,,3,,,,,,,,,
10.108303,8771,20633334,,174.77726746,3.16750312,-159.67063904,,,,,-0.13743080,-2.05464864,-8.85702419,0.67101979,-2.79962206,-1.18602526,0.69426445,-2.41635402,-0.32181165,-0.08220248,0.35916263,0.78313988,,,,,,,3,,,,,,,,,
10.118292,8772,20633434,,174.82208252,3.20278168,-159.67988586,,,,,-1.67051160,1.59609056,-8.07430077,0.84943646,1.22416902,-1.54935336,-1.20364849,2.57841455,1.76539216,-0.08194841,0.36060068,0.77772158,,,,,,,3,,,,,,,,,
10.128226,8773,20633534,,174.81640625,3.14211440,-159.72431946,,,,,-0.46504942,2.84835839,-12.43300056,-0.79840362,1.52737737,2.82897568,-0.04222971,4.91498748,-0.19682620,-0.08134424,0.36107463,0.76833165,,,,,,,3,,,,,,,,,
10.138234,8774,20633634,,174.82363892,3.07435679,-159.74234009,,,,,-0.56976902,0.76427412,-9.69024181,0.08614695,-0.09154701,-0.08055019,0.02277794,0.31078623,-3.96462813,-0.07945463,0.36056283,0.76833302,,,,,,,3,,,,,,,,,
10.148253,8775,20633734,,174.82017517,3.05677843,-159.69053650,,,,,0.24468195,0.51120150,-9.68316936,-0.58688855,-0.60742366,-0.15411413,-0.87428817,-3.24053459,-7.10841052,-0.07969300,0.36200354,0.77577603,,,,,,,3,,,,,,,,,
10.158271,8776,20633834,,174.80140686,3.10899448,-159.60177612,,,,,0.31504840,-0.41205528,-10.35961723,-0.34928560,-1.56966364,0.43506777,0.73704171,-2.91429978,-4.52834456,-0.08502461,0.36112964,0.78414637,,,,,,,3,,,,,,,,,
10.168298,8777,20633934,,174.82344055,3.16292095,-159.53056335,,,,,0.24447735,-1.56826901,-9.83034992,0.12806630,-2.56861901,-0.19517291,2.08708383,-5.89940898,-2.71338016,-0.08888060,0.36071587,0.78115195,,,,,,,3,,,,,,,,,
10.178236,8778,20634034,,174.84561157,3.23271823,-159.50776672,,,,,-1.24444366,-1.13344049,-7.89823771,1.40156293,-1.44638085,-1.99393988,0.43610384,-1.28802608,0.62248855,-0.08538742,0.36305982,0.77477467,,,,,,,3,,,,,,,,,
10.188277,8779,20634134,,174.88853455,3.24385762,-159.52941895,,,,,-1.18223608,3.14692807,-9.85082531,-0.20136434,2.32436609,0.32626438,-0.47753166,4.49351657,2.08220046,-0.08548142,0.36162293,0.77128816,,,,,,,3,,,,,,,,,
10.198247,8780,20634234,,174.86839294,3.15593767,-159.58930969,,,,,-0.22686711,1.77136099,-12.22649479,-0.66010535,0.46448302,2.51283979,-2.03728215,0.66306724,-2.43573596,-0.08140480,0.36155626,0.76685470,,,,,,,3,,,,,,,,,
10.208270,8781,20634334,,174.86996460,3.12082076,-159.55883789,,,,,-0.08408991,-0.26879033,-9.37790775,-0.00699417,-1.18350601,-0.51070666,0.59907168,-0.03898773,-5.62564476,-0.08212956,0.36108589,0.77278072,,,,,,,3,,,,,,,,,
10.218364,8782,20634434,,174.86752319,3.11390686,-159.48567200,,,,,-0.02541938,0.86342853,-9.80518246,-0.46970862,-0.19571090,0.01310360,-2.67114120,-1.59087379,-4.81759880,-0.08799243,0.36166131,0.78018183,,,,,,,3,,,,,,,,,
10.228428,8783,20634534,,174.83312988,3.13958526,-159.41717529,,,,,0.51126570,-1.56409466,-10.00407314,-0.11934698,-2.66845536,-0.03159308,3.39861910,-2.86996481,-4.02712607,-0.08819183,0.36406657,0.77576607,,,,,,,3,,,,,,,,,
10.238373,8784,20634634,,174.89199829,3.20330167,-159.36529541,,,,,-0.05935738,-0.70602971,-9.48092461,0.11004126,-1.61658144,-0.44529629,4.09494984,-1.23949567,0.85903545,-0.08598758,0.36451119,0.77182609,,,,,,,3,,,,,,,,,
10.248386,8785,20634734,,174.95553589,3.22469807,-159.38127136,,,,,-1.96723104,-0.07455776,-7.59732580,1.70830703,-0.15758878,-2.15592122,0.66772426,1.63842300,0.85736585,-0.08238116,0.36445242,0.76739043,,,,,,,3,,,,,,,,,
10.258302,8786,20634834,,174.98489380,3.18409491,-159.41297913,,,,,-0.17685811,2.92466402,-12.11862755,-1.11362314,1.55851769,2.50274253,1.72878715,6.10811182,0.48058876,-0.08186765,0.36396337,0.76837480,,,,,,,3,,,,,,,,,
10.268268,8787,20634934,,174.99647522,3.10466290,-159.44346619,,,,,-0.75307500,1.64204466,-10.88622856,-0.09205467,0.69178557,1.19808817,-1.49889931,0.54086705,-2.33533388,-0.08413243,0.36400041,0.77083778,,,,,,,3,,,,,,,,,
10.278329,8788,20635034,,174.98052979,3.06674933,-159.40989685,,,,,0.05849050,-0.52449286,-9.24683189,-0.04102319,-1.43778396,-0.66842270,-0.07905124,-1.31480853,-6.12507971,-0.08545788,0.36594114,0.77432519,,,,,,,3,,,,,,,,,
10.288209,8789,20635134,,174.97186279,3.08871055,-159.33134460,,,,,0.41675520,0.97879153,-9.94321537,-0.93050152,-0.24135882,0.13801086,0.73183311,-1.56295165,-3.48829842,-0.08802006,0.36502129,0.78122443,,,,,,,3,,,,,,,,,
10.298273,8790,20635234,,174.97630310,3.11308479,-159.26506042,,,,,0.29303581,-1.43549633,-10.23518085,0.03592235,-2.47346997,0.22700071,2.51520628,-1.38382194,-2.54731009,-0.08479716,0.36400813,0.77875072,,,,,,,3,,,,,,,,,
10.308269,8791,20635334,,175.01600647,3.14523745,-159.24093628,,,,,-0.85454613,-2.03165793,-8.82656288,1.34443927,-2.48004198,-1.16417909,1.52854511,2.97646731,1.28876022,-0.08102730,0.36442444,0.77927101,,,,,,,3,,,,,,,,,
10.318367,8792,20635434,,175.08665466,3.12443924,-159.27345276,,,,,-1.42495227,2.40668130,-8.62230015,0.30495310,1.88110042,-0.95003641,0.26033234,4.66870153,2.52663276,-0.08072940,0.36442158,0.77432483,,,,,,,3,,,,,,,,,
10.328338,8793,20635534,,175.07757568,3.04868102,-159.33279419,,,,,-0.49710000,2.47454596,-12.41568661,-0.64420009,1.24971938,2.77419329,0.74980429,6.68614859,1.02142256,-0.08190313,0.36588392,0.76840502,,,,,,,3,,,,,,,,,
10.338259,8794,20635634,,175.09388733,2.96787977,-159.34385681,,,,,-0.38973573,0.63363475,-9.83303070,-0.03715631,-0.24037611,0.04144216,2.15854511,-0.13385769,-3.91782852,-0.08246201,0.37069318,0.76847833,,,,,,,3,,,,,,,,,
10.348314,8795,20635734,,175.10957336,2.96258307,-159.29389954,,,,,0.37212813,0.21841657,-9.37956619,-0.59061813,-0.84622186,-0.48438203,1.05039131,-3.30431809,-5.88554839,-0.08375299,0.37263292,0.77295542,,,,,,,3,,,,,,,,,
10.358325,8796,20635834,,175.11587524,3.01197910,-159.20463562,,,,,0.02554094,-1.01278222,-10.02234936,0.14989713,-1.93410087,0.07242846,2.24869123,-1.04963124,-2.89210423,-0.08955377,0.36984739,0.78030360,,,,,,,3,,,,,,,,,
10.368332,8797,20635934,,175.14007568,3.04133105,-159.16239929,,,,,0.33685973,-0.77423143,-10.30850220,-0.23690584,-1.85232854,0.35871458,1.09997187,-3.11084786,0.31726357,-0.09189481,0.36748728,0.77926499,,,,,,,3,,,,,,,,,
10.378283,8798,20636034,,175.16194153,3.07359147,-159.17810059,,,,,-1.42711246,-0.96821916,-8.31287384,1.51713336,-1.21167350,-1.55070400,-0.39209741,2.18827628,2.60394623,-0.08775814,0.36789873,0.77681845,,,,,,,3,,,,,,,,,
10.388388,8799,20636134,,175.21006775,3.04432273,-159.22216797,,,,,-1.12287104,4.12344694,-9.65767479,-0.60597116,3.29321480,0.20054221,-0.20987969,6.25197524,2.76726587,-0.09149353,0.36748141,0.77728784,,,,,,,3,,,,,,,,,
10.398390,8800,20636234,,175.18341064,2.92970276,-159.27499390,,,,,-0.25735617,0.76174700,-12.37953949,-0.25624692,-0.39801550,2.57819319,0.99041660,2.67521456,-2.74538557,-0.08711116,0.36885130,0.76892060,,,,,,,3,,,,,,,,,
10.408299,8801,20636334,,175.22624207,2.88702631,-159.22399902,,,,,0.50351077,-0.07166456,-9.72476864,-0.60921085,-1.17341280,-0.17091298,4.22646727,-0.04595168,-5.48452835,-0.08187959,0.37020212,0.77144206,,,,,,,3,,,,,,,,,
10.418340,8802,20636434,,175.26977539,2.88703179,-159.15907288,,,,,-0.19117214,-0.40601417,-8.77502155,0.17353031,-1.13910460,-1.10866022,2.08513658,-0.16606767,-2.80220933,-0.08532260,0.37073591,0.78083366,,,,,,,3,,,,,,,,,
10.428285,8803,20636534,,175.27793884,2.90457559,-159.10713196,,,,,0.45751837,-1.02398753,-10.33990288,-0.24346514,-2.09027433,0.37259126,6.85666000,0.63038025,-1.72661195,-0.08493754,0.36881104,0.77734178,,,,,,,3,,,,,,,,,
10.438409,8804,20636634,,175.36308289,2.93405199,-159.09303284,,,,,-0.42516392,-0.16146152,-9.60406017,0.27562082,-0.90083802,-0.24618220,5.94911483,1.72637930,3.01231620,-0.08501430,0.36737365,0.77435011,,,,,,,3,,,,,,,,,
10.448245,8805,20636734,,175.43684387,2.92601442,-159.13531494,,,,,-1.88536572,0.38382652,-8.27470207,1.46671093,0.25749955,-1.45059443,2.25598480,2.69444602,1.89003949,-0.08362199,0.36926994,0.77488184,,,,,,,3,,,,,,,,,
10.458335,8806,20636834,,175.46948242,2.88452387,-159.18174744,,,,,-0.22439751,3.33718514,-11.18927860,-1.18430805,2.15558028,1.60284019,0.65829737,5.25194803,0.83659994,-0.08509361,0.37073511,0.77390814,,,,,,,3,,,,,,,,,
10.468304,8807,20636934,,175.45434570,2.80359459,-159.20080566,,,,,-0.25355607,1.08158267,-11.66244507,-0.35347605,0.02478552,1.89432645,-0.46134796,0.41369992,-2.75163498,-0.08772471,0.36981726,0.77882802,,,,,,,3,,,,,,,,,
10.478323,8808,20637034,,175.43527222,2.78003502,-159.15316772,,,,,0.35139495,-0.38056529,-8.79557419,-0.33172905,-1.28493452,-1.10548854,0.15910327,-3.18235141,-5.42341182,-0.08788478,0.36981606,0.78773290,,,,,,,3,,,,,,,,,
10.488316,8809,20637134,,175.43476868,2.82961965,-159.07960510,,,,,0.21307895,-0.47133532,-9.45595455,-0.19326687,-1.38338232,-0.45032537,0.53300112,-0.95542095,-1.07162733,-0.09243210,0.37085041,0.79267401,,,,,,,3,,,,,,,,,
10.498377,8810,20637234,,175.44837952,2.85777998,-159.05046082,,,,,-0.13138497,-1.24448347,-10.25079632,0.38441682,-2.05246830,0.30284691,3.60570681,-0.15518232,0.84397969,-0.08843326,0.37126589,0.78626877,,,,,,,3,,,,,,,,,
10.508334,8811,20637334,,175.52563477,2.86123896,-159.05836487,,,,,-0.75445861,-0.95770508,-8.84673023,0.88581944,-1.42597127,-1.04284239,3.72551985,3.70521157,2.58546053,-0.08254430,0.37020984,0.77935499,,,,,,,3,,,,,,,,,
10.518342,8812,20637434,,175.59030151,2.82858086,-159.11146545,,,,,-1.46616375,2.91909170,-9.26871014,0.15589261,2.40401363,-0.28526270,0.78418640,5.43388250,3.09352138,-0.08008498,0.37017298,0.76897681,,,,,,,3,,,,,,,,,
10.528327,8813,20637534,,175.59255981,2.73385286,-159.16851807,,,,,-0.23425063,2.79776931,-11.62710476,-0.97909421,1.65869021,1.98641312,4.62598681,4.07635850,0.13431411,-0.08396757,0.37119961,0.76600504,,,,,,,3,,,,,,,,,
10.538257,8814,20637634,,175.62651062,2.67579031,-159.16401672,,,,,0.15564686,-0.25018579,-10.82366085,-0.22715566,-1.24072266,0.93529725,1.97300665,0.01680616,-4.72126752,-0.08452056,0.37168393,0.77738935,,,,,,,3,,,,,,,,,
10.548336,8815,20637734,,175.63359070,2.66897297,-159.09364319,,,,,-0.00272293,-0.53584433,-8.32159996,0.06585738,-1.22651446,-1.56965649,0.82564458,-2.87864150,-4.02492973,-0.08781689,0.37173358,0.79073215,,,,,,,3,,,,,,,,,
10.558317,8816,20637834,,175.64440918,2.72138715,-159.02148438,,,,,0.65500909,-0.37110507,-11.07951355,-0.66603839,-1.55109704,1.16053700,2.15802153,-0.27323369,-0.90291109,-0.09245035,0.37277046,0.79319912,,,,,,,3,,,,,,,,,
10.568312,8817,20637934,,175.66394043,2.74527454,-159.02168274,,,,,-0.50318313,-1.42847192,-8.47458458,0.83529139,-1.89515793,-1.45638776,1.69919621,-1.32009136,2.21135805,-0.08947802,0.37320429,0.78431523,,,,,,,3,,,,,,,,,
10.578346,8818,20638034,,175.71035767,2.76174045,-159.04371643,,,,,-1.22703171,0.58821559,-8.20656681,0.79265308,0.26810619,-1.54067397,2.26777798,2.41319676,2.67805314,-0.08720437,0.37268713,0.78184462,,,,,,,3,,,,,,,,,
10.588383,8819,20638134,,175.76394653,2.72317600,-159.10055542,,,,,-0.60802305,3.34775901,-11.94506931,-0.82734436,2.30207181,2.36019778,0.49557526,7.09610423,2.90935152,-0.08544422,0.37265900,0.77838969,,,,,,,3,,,,,,,,,
10.598362,8820,20638234,,175.76675415,2.61498523,-159.13789368,,,,,-0.48364443,-0.37428439,-10.14383316,0.41800293,-1.04046488,0.28234267,2.69463300,-0.28797294,-3.08358730,-0.08382241,0.37359473,0.77148604,,,,,,,3,,,,,,,,,
10.608312,8821,20638334,,175.79350281,2.61233115,-159.10745239,,,,,0.20208433,1.41568780,-9.64378166,-0.85453832,0.42587805,-0.11202872,0.53129704,-1.01520122,-2.80192972,-0.08686364,0.37316290,0.77839053,,,,,,,3,,,,,,,,,
10.618362,8822,20638434,,175.77691650,2.60965061,-159.05412292,,,,,0.09403920,0.58373797,-9.99011230,-0.45954502,-0.34022230,0.17837763,2.27713939,-0.51988353,-3.51630710,-0.08973798,0.37609121,0.77842247,,,,,,,3,,,,,,,,,
10.628367,8823,20638534,,175.80804443,2.63503885,-158.99215698,,,,,0.55173331,-2.02017927,-10.15107155,0.04396826,-2.93727970,0.12986219,5.45258953,-4.77576773,-2.37924944,-0.09078956,0.37467068,0.77443665,,,,,,,3,,,,,,,,,
10.638348,8824,20638634,,175.87364197,2.70212078,-158.97740173,,,,,-0.76282650,-1.32629824,-7.69519949,1.05412102,-1.61232424,-2.20962477,0.99820344,1.63195108,3.90670599,-0.08856811,0.37511480,0.77099150,,,,,,,3,,,,,,,,,
10.648350,8825,20638734,,175.91047668,2.69128561,-159.01817322,,,,,-1.25294054,1.87088990,-10.12603378,0.32225049,1.34208167,0.46471238,1.41415726,4.12934454,3.17170101,-0.08587696,0.37651074,0.76805854,,,,,,,3,,,,,,,,,
10.658458,8826,20638834,,175.94155884,2.63247275,-159.08419800,,,,,-0.20157066,3.24888611,-11.53747940,-1.17847681,2.14025712,1.92095280,1.05271123,2.10446986,0.48546770,-0.08777493,0.37654293,0.76755482,,,,,,,3,,,,,,,,,
10.668341,8827,20638934,,175.93299866,2.57586980,-159.10171509,,,,,-0.80864030,-0.22523829,-9.28311920,0.68175519,-0.68425167,-0.54592991,0.70742505,0.46297978,-3.09791618,-0.09244183,0.37566128,0.76801217,,,,,,,3,,,,,,,,,
10.678361,8828,20639034,,175.95365906,2.56170297,-159.04884338,,,,,0.42665476,1.77189946,-10.66810989,-1.21309805,0.61975765,0.92031527,1.72415789,-2.64701633,-3.81106071,-0.09328872,0.37807378,0.77200419,,,,,,,3,,,,,,,,,
10.688372,8829,20639134,,175.94906616,2.59525537,-158.99145508,,,,,0.96619838,-2.53978634,-10.31633949,-0.15832794,-3.55833483,0.24145508,1.52354392,-3.75709027,-2.91803909,-0.09269061,0.38046145,0.77699262,,,,,,,3,,,,,,,,,
10.698362,8830,20639234,,175.96980286,2.66963530,-158.94392395,,,,,-0.42506334,-0.96902084,-7.86306620,0.60815775,-1.40030432,-2.02863383,2.11236215,-5.38669955,0.99857835,-0.09031409,0.38090101,0.77800101,,,,,,,3,,,,,,,,,
10.708323,8831,20639334,,176.00975037,2.73406959,-158.96081543,,,,,-1.34396160,1.26438498,-8.79563141,0.63761610,0.93584263,-0.90255833,0.22981874,1.53020623,2.25775617,-0.09130163,0.38188389,0.76366359,,,,,,,3,,,,,,,,,
10.718366,8832,20639434,,176.04219055,2.71432328,-158.99533081,,,,,-0.29476821,0.83240736,-12.35806274,-0.25995862,-0.12336710,2.56906462,3.10738880,1.21381650,0.77699837,-0.09552777,0.38100111,0.74977517,,,,,,,3,,,,,,,,,
10.728332,8833,20639534,,176.07566833,2.68553185,-159.03929138,,,,,-1.06077778,1.81976354,-8.86658764,0.16247529,1.35154593,-0.80044341,-2.89498507,-3.70626683,0.59599836,-0.09755136,0.38103107,0.75916588,,,,,,,3,,,,,,,,,
10.738333,8834,20639634,,176.03988647,2.67741132,-159.05020142,,,,,-0.11297698,0.93023711,-10.36409473,-0.42554107,0.06080699,0.58322811,-1.55531049,0.02302593,-3.21760671,-0.09375259,0.38240036,0.77454418,,,,,,,3,,,,,,,,,
10.748370,8835,20639734,,176.03451538,2.68203330,-158.99188232,,,,,1.09804332,1.29841745,-11.39627647,-1.71079969,-0.11598119,1.57919931,3.55698856,-6.51650419,-5.32571151,-0.08620650,0.37794825,0.78638577,,,,,,,3,,,,,,,,,
10.758431,8836,20639834,,176.06687927,2.73692822,-158.91230774,,,,,-0.08756217,-2.76507711,-7.73085880,0.93501019,-3.16801500,-2.29785585,1.97255799,-5.09880921,-3.65052352,-0.08551569,0.37745988,0.77896011,,,,,,,3,,,,,,,,,
10.768297,8837,20639934,,176.09375000,2.81645298,-158.86863708,,,,,-0.42960960,-0.80153781,-9.17629242,0.50121444,-1.33890402,-0.70560539,2.11615461,0.40274584,1.60728791,-0.08746185,0.38037863,0.76514328,,,,,,,3,,,,,,,,,
10.778338,8838,20640034,,176.14392090,2.82892346,-158.89369202,,,,,-0.53553128,1.43233919,-10.78368473,-0.24789158,0.65572649,1.05406666,1.74054127,-0.37610015,1.75038859,-0.08726884,0.38325813,0.75875801,,,,,,,3,,,,,,,,,
10.788290,8839,20640134,,176.16622925,2.81788540,-158.94895935,,,,,-1.10111141,1.77242720,-10.07031727,0.16632462,1.23486614,0.39320827,-0.18851612,0.70246596,1.11314741,-0.09479967,0.38194537,0.75770992,,,,,,,3,,,,,,,,,
10.798444,8840,20640234,,176.14796448,2.78260374,-158.97563171,,,,,-1.06094265,2.63710237,-9.29026985,-0.15840894,2.08318186,-0.32613158,-3.53846082,1.03331104,-1.71911144,-0.09300020,0.37951082,0.76757556,,,,,,,3,,,,,,,,,
10.808349,8841,20640334,,176.11856079,2.75187707,-158.94628906,,,,,0.94665897,0.11769363,-12.43765450,-1.18306279,-1.23562586,2.53762031,0.48048999,-5.36892825,-6.71622874,-0.08563448,0.38081661,0.79088688,,,,,,,3,,,,,,,,,
10.818342,8842,20640434,,176.11738586,2.80536222,-158.85661316,,,,,0.63287789,-1.77648759,-8.60938835,-0.12504333,-2.57792854,-1.39015281,-0.86916590,-5.78861648,-3.22437543,-0.08454843,0.38223612,0.79586238,,,,,,,3,,,,,,,,,
10.828348,8843,20640534,,176.11087036,2.87620544,-158.80957031,,,,,-0.30409798,-0.52188218,-8.06810856,0.29954994,-1.03048396,-1.80069208,-2.72751737,-2.51107060,-0.21126186,-0.08551722,0.38033918,0.78048998,,,,,,,3,,,,,,,,,
10.838491,8844,20640634,,176.09762573,2.91507006,-158.80216980,,,,,-0.16185835,-0.14045404,-10.93618011,-0.04394957,-0.96096897,1.07881308,3.68566954,-0.02206743,-0.77349865,-0.08761792,0.38230273,0.76170969,,,,,,,3,,,,,,,,,
10.848387,8845,20640734,,176.18643188,2.92150021,-158.81127930,,,,,-0.99810183,0.72961468,-9.10555363,0.45745248,0.30142546,-0.64104819,1.59799992,2.36343883,2.31097594,-0.08883497,0.38424620,0.75480771,,,,,,,3,,,,,,,,,
10.858305,8846,20640834,,176.19309998,2.86646748,-158.86447144,,,,,-1.51891053,1.95532906,-9.68122101,0.48730946,1.58294177,0.04106474,-2.91460949,2.95925139,0.58192043,-0.09150052,0.38332939,0.75873786,,,,,,,3,,,,,,,,,
10.868333,8847,20640934,,176.16859436,2.81843162,-158.87825012,,,,,0.42101982,2.22924972,-11.63850117,-1.45374322,0.98382330,1.91065407,0.28329576,-0.16182243,-3.11368730,-0.09244540,0.38237965,0.77158183,,,,,,,3,,,,,,,,,
10.878382,8848,20641034,,176.15605164,2.80257893,-158.83584595,,,,,0.43996805,0.15307391,-10.17806149,-0.67640829,-0.83320326,0.31552362,-0.68905851,-3.26545240,-5.46178510,-0.08534595,0.38225365,0.78645825,,,,,,,3,,,,,,,,,
10.888417,8849,20641134,,176.14471436,2.83982396,-158.75648499,,,,,-0.40205544,-1.01089096,-7.73790312,0.57979560,-1.41737032,-2.15006900,0.28604144,-4.70582660,-4.90610439,-0.08082873,0.37977466,0.79336828,,,,,,,3,,,,,,,,,
10.898413,8850,20641234,,176.15954590,2.90524459,-158.69560242,,,,,1.06454003,-0.84647965,-11.42824841,-0.93978757,-2.09427857,1.46358514,0.76030870,-0.27512997,-0.08091732,-0.08358479,0.38030601,0.78198344,,,,,,,3,,,,,,,,,
10.908406,8851,20641334,,176.17268372,2.92691422,-158.69200134,,,,,-1.07718062,-1.55775476,-8.57361507,1.37213886,-1.75225127,-1.31971669,0.57168625,-0.64747066,1.72561176,-0.08903684,0.38184685,0.76120055,,,,,,,3,,,,,,,,,
10.918415,8852,20641434,,176.23146057,2.93610334,-158.72041321,,,,,-1.46886599,2.71904230,-8.33413601,0.18428612,2.38807845,-1.25404727,-0.70998642,3.26585410,1.27558425,-0.08595679,0.38083199,0.76812661,,,,,,,3,,,,,,,,,
10.928401,8853,20641534,,176.21185303,2.87432909,-158.77368164,,,,,-0.37802240,2.23663926,-12.48730087,-0.73963261,1.22043729,2.79231763,0.50912556,3.94131797,0.06244388,-0.08569888,0.38178414,0.77605909,,,,,,,3,,,,,,,,,
10.938360,8854,20641634,,176.23594666,2.81014729,-158.77352905,,,,,-0.08666131,0.66934818,-9.73076820,-0.37723181,-0.11639678,-0.07267022,2.31341794,-2.87942483,-4.14778221,-0.09122938,0.38235572,0.77950370,,,,,,,3,,,,,,,,,
10.948410,8855,20641734,,176.24655151,2.80891919,-158.72300720,,,,,0.26967999,-0.34283519,-9.52051544,-0.32932219,-1.16531944,-0.36565757,-1.88627584,0.40558525,-4.53211055,-0.08575507,0.38082016,0.78742301,,,,,,,3,,,,,,,,,
10.958378,8856,20641834,,176.21022034,2.81548595,-158.65031433,,,,,0.38691837,0.36534694,-9.74130344,-0.70798308,-0.57564175,-0.10213685,1.39307674,-2.99118807,-3.08935731,-0.07716175,0.37923422,0.79040956,,,,,,,3,,,,,,,,,
10.968383,8857,20641934,,176.23747253,2.86356091,-158.60183716,,,,,0.53604770,-0.98913890,-9.83305168,-0.35605133,-1.89598095,-0.10699642,2.19410436,-1.90311503,-1.10008542,-0.08640540,0.37939373,0.78146005,,,,,,,3,,,,,,,,,
10.978357,8858,20642034,,176.26744080,2.89647245,-158.58972168,,,,,-1.43716764,-2.16062689,-7.86069870,1.95079231,-2.10847640,-2.05011368,0.67669165,3.01372449,1.07200630,-0.09367815,0.38144436,0.76265520,,,,,,,3,,,,,,,,,
10.988366,8859,20642134,,176.33670044,2.87713194,-158.60350037,,,,,-0.76925194,2.94736624,-10.25048828,-0.59367919,2.21669459,0.63022733,2.52832365,3.29264210,1.15318897,-0.08551271,0.38130474,0.76764154,,,,,,,3,,,,,,,,,
10.998498,8860,20642234,,176.34484863,2.83021951,-158.65657043,,,,,-0.68960905,2.24996352,-11.52949810,-0.43849242,1.44552147,1.85404778,-0.33533099,2.27609074,0.06508256,-0.09412326,0.38289115,0.76416016,,,,,,,3,,,,,,,,,
11.008563,8861,20642334,,176.35087585,2.78439021,-158.67262268,,,,,-0.99138224,0.80973196,-8.58209324,0.43653706,0.45121312,-1.16236103,1.64051411,-1.89815973,-3.19551638,-0.09592672,0.38340041,0.76663297,,,,,,,3,,,,,,,,,
11.018407,8862,20642434,,176.35539246,2.78616738,-158.63861084,,,,,0.71673983,0.87781996,-11.07801914,-1.23513508,-0.30289996,1.24508369,-0.30270347,-4.11283128,-4.02799606,-0.08155991,0.38458902,0.78849328,,,,,,,3,,,,,,,,,
11.028494,8863,20642534,,176.34452820,2.82264018,-158.56192017,,,,,0.63717961,-0.98464823,-10.00163364,-0.45606077,-1.92155623,0.06110096,1.57154254,-3.61532329,-4.01545669,-0.08596385,0.38466531,0.78352475,,,,,,,3,,,,,,,,,
11.038471,8864,20642634,,176.37347412,2.87168598,-158.49906921,,,,,0.25409147,-1.14927745,-8.60094833,-0.00852853,-1.82432806,-1.32949519,1.65907365,-3.84507378,-1.92867958,-0.08439372,0.38560253,0.77513659,,,,,,,3,,,,,,,,,
11.048556,8865,20642734,,176.39062500,2.92411876,-158.47990417,,,,,-0.95380259,-0.83893907,-8.00676632,1.01003242,-1.04995263,-1.83998668,2.07044421,1.28704958,-0.44801153,-0.08817680,0.38711205,0.76178300,,,,,,,3,,,,,,,,,
11.058478,8866,20642834,,176.46047974,2.91248202,-158.48986816,,,,,-0.55490273,2.01808691,-11.23517323,-0.48552686,1.22310746,1.53691161,2.67699105,6.10184981,2.49531164,-0.09498286,0.38626966,0.75480890,,,,,,,3,,,,,,,,,
11.068516,8867,20642934,,176.48129272,2.83257651,-158.55838013,,,,,-1.10465991,1.08532131,-10.48032379,0.38028234,0.61664987,0.75669503,-1.92524847,1.51034041,0.80952053,-0.10249697,0.38591614,0.75476563,,,,,,,3,,,,,,,,,
11.078557,8868,20643034,,176.46575928,2.80096173,-158.57398987,,,,,-0.82574219,2.15690255,-8.78211689,-0.22925073,1.63921142,-0.88550591,-0.36210910,-0.54183901,-1.82130473,-0.09368070,0.38624319,0.76520497,,,,,,,3,,,,,,,,,
11.088360,8869,20643134,,176.45463562,2.79241204,-158.54405212,,,,,0.51080120,1.03455889,-11.57563496,-1.11832428,-0.10186291,1.76293230,0.64581984,-1.34115311,-3.71349659,-0.08432481,0.38560051,0.77711594,,,,,,,3,,,,,,,,,
11.098493,8870,20643234,,176.45516968,2.80933404,-158.47319031,,,,,0.68122256,-1.63962817,-9.82025051,-0.25205588,-2.51492596,-0.16119337,2.30529130,-8.55685502,-5.76914191,-0.09048005,0.38522479,0.77559483,,,,,,,3,,,,,,,,,
11.108400,8871,20643334,,176.48863220,2.91761637,-158.40092468,,,,,0.47923172,-1.48209441,-8.67367363,-0.10864186,-2.20894885,-1.28793311,0.52468169,-4.06734222,-0.55766734,-0.08518741,0.38513419,0.77908325,,,,,,,3,,,,,,,,,
11.118361,8872,20643434,,176.48449707,2.99022031,-158.40203857,,,,,-1.46803796,-0.37163800,-8.21328449,1.29341352,-0.43567157,-1.57906890,-0.27401356,-1.05269085,1.75409546,-0.08431144,0.38608590,0.76425993,,,,,,,3,,,,,,,,,
11.128395,8873,20643534,,176.52079773,2.99958897,-158.42974854,,,,,-0.63665330,2.71650934,-10.80142879,-0.68955982,1.93469906,1.14864111,0.78480933,-0.81567341,0.62030423,-0.08920127,0.38329133,0.75726455,,,,,,,3,,,,,,,,,
11.138626,8874,20643634,,176.52574158,2.98535395,-158.47142029,,,,,-0.56749225,0.50167549,-11.35787868,0.04979101,-0.18744159,1.56603825,-2.52979855,0.06466414,0.12489406,-0.09639189,0.38341409,0.75327235,,,,,,,3,,,,,,,,,
11.148475,8875,20643734,,176.51544189,2.97250509,-158.48245239,,,,,-1.13236070,1.68065786,-8.35012436,0.21211666,1.33749795,-1.32855225,-2.83378401,-5.94184068,-2.57726217,-0.09173839,0.38381031,0.76567096,,,,,,,3,,,,,,,,,
11.158487,8876,20643834,,176.47431946,3.00460505,-158.45397949,,,,,1.05608952,1.45394862,-11.35065269,-1.81895328,0.08804297,1.53210282,-0.31811393,-6.18072526,-5.63759076,-0.08591166,0.38370401,0.78449935,,,,,,,3,,,,,,,,,
11.168381,8877,20643934,,176.46923828,3.07238817,-158.37414551,,,,,0.47578719,-1.21257102,-10.20815945,-0.27135253,-2.08782649,0.26301646,2.05893854,-7.39653650,-3.65079033,-0.08601554,0.38466683,0.78204024,,,,,,,3,,,,,,,,,
11.178338,8878,20644034,,176.50909424,3.16144896,-158.31269836,,,,,0.07698643,-2.25910783,-8.24679565,0.53497052,-2.75862789,-1.73903131,0.78775773,-7.35478270,-0.97092494,-0.07761275,0.38500601,0.78060353,,,,,,,3,,,,,,,,,
11.188462,8879,20644134,,176.51829529,3.24313307,-158.31089783,,,,,-1.02529180,-0.06489325,-8.44637966,0.73205417,-0.33804440,-1.34665883,-0.32047560,-0.47237908,2.37144189,-0.08022944,0.38265401,0.77164745,,,,,,,3,,,,,,,,,
11.198386,8880,20644234,,176.55758667,3.25124741,-158.35876465,,,,,-0.88297111,3.49414897,-11.11690807,-0.80064887,2.70915961,1.52311277,0.62503050,1.66496768,2.66813507,-0.08685085,0.38421151,0.75778568,,,,,,,3,,,,,,,,,
11.208360,8881,20644334,,176.54472351,3.19279504,-158.41918945,,,,,-0.61908829,0.34964204,-10.60956097,0.12886405,-0.26357794,0.81220925,-1.19587594,-2.21761984,-2.30781399,-0.09139366,0.38621140,0.74987841,,,,,,,3,,,,,,,,,
11.218494,8882,20644434,,176.54789734,3.21082354,-158.39889526,,,,,-0.06358697,0.82865369,-9.45468330,-0.52992576,0.06350648,-0.33869219,-1.34148405,-2.98594057,-2.94398954,-0.08329124,0.38174883,0.76419640,,,,,,,3,,,,,,,,,
11.228507,8883,20644534,,176.52650452,3.22020531,-158.35226440,,,,,0.21286386,0.91761386,-9.97985649,-0.83727264,0.00030500,0.17346489,-1.32395779,-4.56583376,-4.10840702,-0.07334407,0.38013491,0.77906352,,,,,,,3,,,,,,,,,
11.238452,8884,20644634,,176.51095581,3.27665353,-158.27920532,,,,,0.69992673,-1.00800848,-10.39612579,-0.59554851,-2.00182033,0.44594300,3.42348761,-8.92087080,-5.58009337,-0.07789625,0.38357469,0.77167374,,,,,,,3,,,,,,,,,
11.248510,8885,20644734,,176.55087280,3.40295291,-158.22596741,,,,,0.09018128,-1.79425609,-8.55085659,0.30443853,-2.36758184,-1.40862083,0.47434613,-5.87636264,0.88106714,-0.07890655,0.38551211,0.77070981,,,,,,,3,,,,,,,,,
11.258431,8886,20644834,,176.57957458,3.47499418,-158.23840332,,,,,-1.68541241,-0.10846552,-8.00533295,1.33541012,-0.10614073,-1.74422300,-0.37235382,-3.42526986,2.51487053,-0.07906212,0.38647646,0.76676625,,,,,,,3,,,,,,,,,
11.268473,8887,20644934,,176.60429382,3.49920440,-158.29127502,,,,,-0.60932881,3.86168051,-11.32907677,-1.25532150,2.91928959,1.74120712,-0.46673970,-1.09288907,1.15453676,-0.08224802,0.38268974,0.76767981,,,,,,,3,,,,,,,,,
11.278409,8888,20645034,,176.57815552,3.46236396,-158.33605957,,,,,-0.32822996,0.70813370,-10.68883133,-0.32040584,-0.05301070,0.89339113,0.07631944,-1.94542314,-1.52297712,-0.08218013,0.38460726,0.77067912,,,,,,,3,,,,,,,,,
11.288395,8889,20645134,,176.60392761,3.45814776,-158.31172180,,,,,0.03329903,0.19498444,-9.43809128,-0.42456537,-0.56495368,-0.40541732,-0.61609101,-6.18148256,-4.78009978,-0.07807109,0.38837862,0.76927513,,,,,,,3,,,,,,,,,
11.298535,8890,20645234,,176.58441162,3.51339459,-158.25317383,,,,,0.80401617,-0.21434115,-9.44261646,-0.99210531,-1.23388779,-0.46938038,0.25345087,-4.33274544,-3.80644778,-0.07720798,0.38788518,0.76679784,,,,,,,3,,,,,,,,,
11.308372,8891,20645334,,176.59800720,3.57631040,-158.18103027,,,,,0.34584492,-0.33185497,-10.36055756,-0.57013345,-1.24678814,0.46758866,4.25750835,-5.36943625,-1.78475394,-0.08078380,0.38842884,0.75887239,,,,,,,3,,,,,,,,,
11.318539,8892,20645434,,176.65411377,3.65376496,-158.16232300,,,,,-0.66932279,-1.62999856,-8.39191532,0.91746515,-1.91772747,-1.50458014,2.40257176,-5.04618004,-0.31913093,-0.07888532,0.38743690,0.75886619,,,,,,,3,,,,,,,,,
11.328438,8893,20645534,,176.70652771,3.69730663,-158.18049622,,,,,-1.08888626,0.69421291,-8.83463001,0.41808856,0.35960799,-0.90298378,1.23988200,0.77415680,3.43496595,-0.07785881,0.38741854,0.76134485,,,,,,,3,,,,,,,,,
11.338533,8894,20645634,,176.71450806,3.67873955,-158.25376892,,,,,-1.05783248,3.92646503,-11.06959915,-0.90163106,3.16545343,1.51150846,-2.88587595,0.64576504,2.48319297,-0.08069868,0.39034584,0.76236647,,,,,,,3,,,,,,,,,
11.348495,8895,20645734,,176.68373108,3.63964105,-158.28761292,,,,,0.25406146,0.75736290,-10.54651833,-0.92146295,-0.20960724,0.71384668,2.90418555,-6.35505987,-4.30989248,-0.08271341,0.38989565,0.77174968,,,,,,,3,,,,,,,,,
11.358413,8896,20645834,,176.72677612,3.69489598,-158.21949768,,,,,1.00801778,-0.60080338,-10.44797516,-1.10893440,-1.73601270,0.49079680,0.98180469,-6.40794602,-4.94608704,-0.07815040,0.39174008,0.76883322,,,,,,,3,,,,,,,,,
11.368399,8897,20645934,,176.71832275,3.76083612,-158.14845276,,,,,-0.41837901,-2.25232744,-6.98861313,0.96122044,-2.46917224,-2.95472431,0.26442306,-7.45758132,-2.94551887,-0.07323729,0.39262038,0.76194513,,,,,,,3,,,,,,,,,
11.378397,8898,20646034,,176.74708557,3.86115289,-158.11480713,,,,,0.44697416,0.87908965,-10.47039604,-1.17192793,-0.16274154,0.63254714,4.42001221,-4.94046366,0.77327410,-0.06989379,0.39160371,0.76293534,,,,,,,3,,,,,,,,,
11.388398,8899,20646134,,176.79272461,3.90434289,-158.13703918,,,,,-1.00618362,-0.02083543,-10.32690144,0.51071858,-0.44440401,0.53792155,1.10058840,0.84303328,2.74573028,-0.07258493,0.39020774,0.76586831,,,,,,,3,,,,,,,,,
11.398389,8900,20646234,,176.82455444,3.88572884,-158.19496155,,,,,-1.09297347,2.12662101,-8.92813015,-0.16323334,1.68414235,-0.72494066,-2.18820521,-2.30567251,1.42509923,-0.07638923,0.38979244,0.76435834,,,,,,,3,,,,,,,,,
11.408462,8901,20646334,,176.78698730,3.87481213,-158.23056030,,,,,-0.28641230,1.87546611,-10.30311775,-0.86931902,1.04110861,0.57601547,-2.97800922,-0.90621434,-1.81980166,-0.07854126,0.38838655,0.76927292,,,,,,,3,,,,,,,,,
11.418395,8902,20646434,,176.75970459,3.87176704,-158.19367981,,,,,0.85935050,1.13365376,-10.73217106,-1.66988814,-0.10249859,0.88277447,2.15013544,-4.86775587,-4.15062272,-0.07575614,0.39121938,0.76982647,,,,,,,3,,,,,,,,,
11.428488,8903,20646534,,176.78479004,3.93116331,-158.12663269,,,,,0.73211515,-2.71799254,-9.65145874,-0.06794626,-3.53908515,-0.40747952,0.70933126,-9.48313624,-3.38336195,-0.07400537,0.39263114,0.76688904,,,,,,,3,,,,,,,,,
11.438491,8904,20646634,,176.79325867,4.04489422,-158.08482361,,,,,-0.52675974,-1.71277690,-7.87983036,0.78489953,-2.01098490,-2.02652574,0.74145407,-4.41460312,2.07765283,-0.07304676,0.39069530,0.76636845,,,,,,,3,,,,,,,,,
11.448383,8905,20646734,,176.83271790,4.09165573,-158.11965942,,,,,-1.27675080,2.74827266,-9.26586533,-0.25631297,2.29361796,-0.34575236,-0.58456558,1.79859051,4.93255430,-0.06949149,0.38967827,0.75993830,,,,,,,3,,,,,,,,,
11.458418,8906,20646834,,176.81459045,4.03053904,-158.20585632,,,,,-0.36345369,2.01844978,-11.82601166,-0.94638687,1.07920492,2.09912062,-1.44858312,0.25667717,0.39603742,-0.07345434,0.38638249,0.76580340,,,,,,,3,,,,,,,,,
11.468418,8907,20646934,,176.80651855,4.00661135,-158.22119141,,,,,0.39806169,0.65466326,-10.33808327,-1.06687367,-0.34809721,0.48814416,-1.52154662,-2.21914468,-1.35141109,-0.07764372,0.38789210,0.76778531,,,,,,,3,,,,,,,,,
11.478429,8908,20647034,,176.79031372,4.00924826,-158.18637085,,,,,0.26396221,-0.15905634,-8.58376503,-0.55704319,-0.91339326,-1.29412925,-1.23981199,-3.56760268,-3.17296310,-0.07181837,0.39307627,0.76245427,,,,,,,3,,,,,,,,,
11.488405,8909,20647134,,176.78543091,4.06350470,-158.12214661,,,,,0.36352974,-0.73485124,-9.22853756,-0.47335270,-1.53795886,-0.68962228,2.69462510,-4.99843062,-2.06695889,-0.06788358,0.39108837,0.76640058,,,,,,,3,,,,,,,,,
11.498508,8910,20647234,,176.81808472,4.13000154,-158.10003662,,,,,-0.30227596,-1.38280404,-10.08212757,0.33981580,-1.95875907,0.17162395,1.36819340,1.17235768,2.95906270,-0.06587234,0.38865349,0.76884592,,,,,,,3,,,,,,,,,
11.508430,8911,20647334,,176.87063599,4.12372112,-158.14988708,,,,,-0.95326185,1.93884432,-9.30064678,-0.27205336,1.42314732,-0.37489152,0.01365808,0.63323927,3.77097220,-0.06561777,0.38913178,0.76291764,,,,,,,3,,,,,,,,,
11.518415,8912,20647434,,176.84954834,4.09214544,-158.23284912,,,,,-0.80450761,2.64723396,-10.01525211,-0.70331115,1.96561170,0.36731744,-4.16915003,0.84657132,1.25052728,-0.07025907,0.38872930,0.76437229,,,,,,,3,,,,,,,,,
11.528578,8913,20647534,,176.81378174,4.05970860,-158.23654175,,,,,0.31286177,0.41544506,-10.26708508,-0.90704006,-0.53046000,0.40918875,1.68599068,-1.26470002,-3.58502500,-0.07010350,0.38776496,0.76831585,,,,,,,3,,,,,,,,,
11.538421,8914,20647634,,176.82769775,4.07448912,-158.17214966,,,,,1.13590944,-0.30242929,-10.91220665,-1.43492758,-1.55727565,0.94867194,-1.14164830,-6.86140655,-3.15118803,-0.06698653,0.39155370,0.76542294,,,,,,,3,,,,,,,,,
11.548686,8915,20647734,,176.80357361,4.15367794,-158.12139893,,,,,-0.18582150,-2.11250806,-7.71295738,0.61095023,-2.49777961,-2.23525977,0.68879229,-5.40701595,-0.50053008,-0.06630073,0.39105955,0.77135563,,,,,,,3,,,,,,,,,
11.558482,8916,20647834,,176.83802795,4.22723007,-158.12449646,,,,,-0.89432073,0.15440592,-8.75306416,0.35973394,-0.21808410,-1.02606344,-0.55591331,0.38392736,3.71822265,-0.06600232,0.39009693,0.76589954,,,,,,,3,,,,,,,,,
11.568530,8917,20647934,,176.83532715,4.20587301,-158.18911743,,,,,-0.78215170,2.52813196,-11.09091663,-0.74252176,1.75023723,1.43038440,-4.70759561,1.60632325,2.93820843,-0.07019852,0.38824764,0.76584923,,,,,,,3,,,,,,,,,
11.578520,8918,20648034,,176.78292847,4.16287851,-158.25205994,,,,,-0.02837407,2.98035026,-10.83694553,-1.58930278,1.90671468,1.14790416,-4.51797505,-0.26380683,0.62001128,-0.07420572,0.38735250,0.77175206,,,,,,,3,,,,,,,,,
11.588562,8919,20648134,,176.73722839,4.13209915,-158.23448181,,,,,0.49712542,-1.23473847,-9.54101658,-0.42487803,-2.08609867,-0.42107177,-1.74873664,-2.39773577,-5.44914242,-0.07254159,0.38972658,0.76685041,,,,,,,3,,,,,,,,,
11.598618,8920,20648234,,176.73301697,4.16573000,-158.14170837,,,,,0.51450962,-0.78835982,-8.90140820,-0.58959460,-1.63332260,-1.03750002,-1.25795660,-5.83811743,-2.22478172,-0.06892681,0.39014748,0.76291716,,,,,,,3,,,,,,,,,
11.608535,8921,20648334,,176.71934509,4.23104763,-158.11758423,,,,,-0.07280714,-1.09811544,-9.71345615,0.02826369,-1.77260673,-0.20194638,-1.16952145,0.44100648,1.96259787,-0.06403390,0.38718343,0.76685280,,,,,,,3,,,,,,,,,
11.618573,8922,20648434,,176.74472046,4.24220514,-158.13742065,,,,,-0.65448213,0.65525723,-9.59690475,-0.09095252,0.07985079,-0.17683768,2.18414530,1.23984326,2.19443349,-0.06230770,0.38619658,0.76189828,,,,,,,3,,,,,,,,,
11.628474,8923,20648534,,176.76953125,4.22254801,-158.19937134,,,,,-1.21613204,2.21716118,-9.94147205,-0.17226821,1.70252728,0.30226147,-4.57994749,0.79067342,2.36747889,-0.07082273,0.38634056,0.76037353,,,,,,,3,,,,,,,,,
11.638514,8924,20648634,,176.71066284,4.17775774,-158.23388672,,,,,-0.40827942,1.65579689,-9.34334183,-0.67410368,0.92875290,-0.38668811,-3.66384965,0.61939843,-1.82986574,-0.07165872,0.38443381,0.76231819,,,,,,,3,,,,,,,,,
11.648527,8925,20648734,,176.67636108,4.16050673,-158.19708252,,,,,1.42361879,1.00809002,-12.39653683,-2.26585054,-0.60340714,2.48112559,-1.11132215,-3.93588413,-5.31885784,-0.06830004,0.38725567,0.76584303,,,,,,,3,,,,,,,,,
11.658634,8926,20648834,,176.66058350,4.20366812,-158.11451721,,,,,0.05932402,-2.49229598,-8.29664421,0.50184309,-3.00635505,-1.70056498,0.13419109,-7.40886158,-3.68464544,-0.06854625,0.38725701,0.77227372,,,,,,,3,,,,,,,,,
11.668404,8927,20648934,,176.67819214,4.29113722,-158.06878662,,,,,-0.21122041,-1.41525459,-8.16672039,0.34504312,-1.90210533,-1.75343680,-3.10649853,-0.34831844,1.93214568,-0.06774268,0.38532570,0.76729959,,,,,,,3,,,,,,,,,
11.678452,8928,20649034,,176.66726685,4.29283619,-158.09854126,,,,,-1.15201008,2.05338073,-9.90799522,-0.16541409,1.51650357,0.24908221,-1.07112745,4.12133230,2.87400145,-0.06467688,0.38815621,0.76241219,,,,,,,3,,,,,,,,,
11.688652,8929,20649134,,176.67140198,4.23560667,-158.16284180,,,,,-0.28147990,3.48495626,-11.93936157,-1.60162544,2.35020113,2.29554486,-2.79349486,1.14851648,0.34389666,-0.06777765,0.38628650,0.76681983,,,,,,,3,,,,,,,,,
11.698561,8930,20649234,,176.64068604,4.18679810,-158.17485046,,,,,-0.13680975,-1.61806083,-9.29000092,0.31326628,-2.20207024,-0.65453076,-0.83743727,-1.26385479,-5.02231750,-0.06911043,0.38582805,0.76878494,,,,,,,3,,,,,,,,,
11.708608,8931,20649334,,176.64218140,4.20680761,-158.09638977,,,,,0.78293800,1.40312767,-9.46263790,-1.68840897,0.23063564,-0.37120461,-2.47406783,-4.39948749,-3.61259207,-0.06560890,0.38865167,0.76291007,,,,,,,3,,,,,,,,,
11.718460,8932,20649434,,176.61094666,4.25366116,-158.04113770,,,,,-0.05788060,-1.52735579,-8.98134613,0.21204230,-2.12962675,-0.95639992,0.69081467,-3.06760209,-3.17467278,-0.06508754,0.38960198,0.76490676,,,,,,,3,,,,,,,,,
11.728583,8933,20649534,,176.63906860,4.29840565,-158.00859070,,,,,0.47753030,-0.86989158,-10.59030342,-0.61526221,-1.85432279,0.64363921,2.53747995,-0.67127750,1.03983067,-0.06689835,0.38771209,0.76585728,,,,,,,3,,,,,,,,,
11.738470,8934,20649634,,176.68367004,4.30717850,-158.03547668,,,,,-1.57442629,1.35094512,-9.39890862,0.50316983,1.06044936,-0.25815976,-3.22545353,1.68454951,3.18761663,-0.06987503,0.38872391,0.76190031,,,,,,,3,,,,,,,,,
11.748684,8935,20649734,,176.65615845,4.26256371,-158.10105896,,,,,-0.88860792,3.54271126,-9.10781765,-0.94175214,2.85511684,-0.47150469,-4.00979788,1.68646271,-0.34602451,-0.07059041,0.38681361,0.76730883,,,,,,,3,,,,,,,,,
11.758544,8936,20649834,,176.60923767,4.21887064,-158.09278870,,,,,0.87886548,-0.09919817,-12.42548275,-1.34815240,-1.44523406,2.48158407,-0.54174382,-1.05331165,-5.62972921,-0.06863189,0.38629979,0.76928955,,,,,,,3,,,,,,,,,
11.768447,8937,20649934,,176.61160278,4.21983671,-158.00241089,,,,,0.79936188,-0.33868220,-9.51954556,-1.04739070,-1.39946020,-0.41955400,-0.26764897,-6.25534722,-4.14708169,-0.06913704,0.38726845,0.76880759,,,,,,,3,,,,,,,,,
11.778617,8938,20650034,,176.61390686,4.30993843,-157.94229126,,,,,-0.02541797,-2.17740154,-7.59710598,0.49400723,-2.63255310,-2.38161254,-1.29317145,-5.21063649,-2.05661414,-0.06633212,0.38530195,0.76730627,,,,,,,3,,,,,,,,,
11.788466,8939,20650134,,176.62803650,4.37599277,-157.92407227,,,,,-0.77377677,0.00158299,-9.13598347,0.28138804,-0.46817672,-0.66691589,3.45027454,1.57800614,1.51271775,-0.06249235,0.38379669,0.76878595,,,,,,,3,,,,,,,,,
11.798449,8940,20650234,,176.67166138,4.35806513,-157.96604919,,,,,-0.75711113,3.43994880,-11.94356823,-1.16894007,2.46820307,2.33616900,-3.14695630,1.09870871,2.19850535,-0.06483492,0.38431591,0.76927722,,,,,,,3,,,,,,,,,
11.808538,8941,20650334,,176.62686157,4.29652691,-158.01908875,,,,,-0.42374498,0.92934352,-9.55863476,-0.41182530,0.22559452,-0.21459651,-2.23730295,-0.05793612,-2.82303138,-0.07094683,0.38345903,0.76873821,,,,,,,3,,,,,,,,,
11.818531,8942,20650434,,176.61193848,4.28778267,-157.97471619,,,,,0.81620979,0.82869959,-10.38799095,-1.55616403,-0.40411258,0.51196718,-1.76041253,-2.81226316,-5.53224533,-0.06813407,0.38293192,0.76824921,,,,,,,3,,,,,,,,,
11.828612,8943,20650534,,176.58306885,4.30679655,-157.89340210,,,,,0.03269611,-1.57525933,-8.69910622,0.16053182,-2.19314575,-1.25032079,-0.89027898,-3.77112545,-4.62347202,-0.06334556,0.38189045,0.77023578,,,,,,,3,,,,,,,,,
11.838463,8944,20650634,,176.59246826,4.36897278,-157.83586121,,,,,0.97314352,-0.67177182,-10.65383339,-1.15319955,-1.87786365,0.67536974,1.50629299,-2.10187418,-0.13704352,-0.06245687,0.38187614,0.76875573,,,,,,,3,,,,,,,,,
11.848596,8945,20650734,,176.60864258,4.40214825,-157.84922791,,,,,-1.49667192,-0.45578068,-8.83106232,1.13023067,-0.60205716,-0.94019699,-0.91491003,2.17202214,2.06653947,-0.06356219,0.38429621,0.76532519,,,,,,,3,,,,,,,,,
11.858502,8946,20650834,,176.63902283,4.38108253,-157.89579773,,,,,-1.05259621,3.49525809,-9.25074482,-0.80341429,2.84695888,-0.31860983,-2.23008857,0.42377898,0.79829800,-0.06579252,0.38433224,0.76877791,,,,,,,3,,,,,,,,,
11.868457,8947,20650934,,176.58677673,4.34840202,-157.93594360,,,,,0.04339318,0.85181856,-11.75090408,-0.92215049,-0.21917725,1.92907119,-3.01095379,-0.36193295,-2.57015088,-0.06746550,0.38243830,0.77368712,,,,,,,3,,,,,,,,,
11.878536,8948,20651034,,176.57562256,4.33194828,-157.87875366,,,,,0.96100354,1.47059751,-10.60307217,-1.94862020,0.10425299,0.75303173,0.84790267,-5.34616750,-5.39344991,-0.06468925,0.38575125,0.77424824,,,,,,,3,,,,,,,,,
11.888453,8949,20651134,,176.56623840,4.38081217,-157.80220032,,,,,0.23431306,-2.59497976,-7.99544382,0.39677015,-3.15696096,-2.03162241,-1.95279164,-5.93967039,-5.07404423,-0.06461982,0.38478947,0.77571768,,,,,,,3,,,,,,,,,
11.898440,8950,20651234,,176.56239319,4.44886494,-157.74572754,,,,,0.19333836,-1.34762895,-8.84374428,-0.08919930,-2.06919456,-1.10760474,1.43068675,0.10319007,1.07329422,-0.06231955,0.38283187,0.77322441,,,,,,,3,,,,,,,,,
11.908436,8951,20651334,,176.59088135,4.45548248,-157.76641846,,,,,-1.04798603,1.97033215,-10.78421879,-0.29845440,1.29938936,1.11598539,-2.54693805,4.67238812,2.91170644,-0.06110738,0.38329384,0.76779544,,,,,,,3,,,,,,,,,
11.913797,8952,20651434,,176.58091736,4.38027716,-157.82670593,,,,,-0.45752999,1.93407428,-10.15078735,-0.80398411,1.10089540,0.43727112,-1.59788530,2.85443402,-1.24646171,-0.06765553,0.38340363,0.76875383,,,,,,,3,,,,,,,,,
11.928429,8953,20651534,,176.55972290,4.32285261,-157.83100891,,,,,-0.31001264,0.62537479,-10.19078445,-0.42729264,-0.16684341,0.38973558,-4.23870441,4.18765856,-2.30359741,-0.07095518,0.38297942,0.76823580,,,,,,,3,,,,,,,,,
11.933670,8954,20651634,,176.52549744,4.26842022,-157.77949524,,,,,0.29663897,0.78623259,-9.60658073,-1.01451671,-0.19790903,-0.22947979,-1.38987189,-1.11846311,-4.87828247,-0.06730695,0.38531879,0.76631212,,,,,,,3,,,,,,,,,
11.947458,8955,20651734,,176.50962830,4.28113842,-157.71031189,,,,,1.21243227,-0.22148974,-10.96249485,-1.53944397,-1.59550738,0.98907590,-0.97133113,-3.28764411,-4.66533894,-0.06472319,0.38479251,0.77274865,,,,,,,3,,,,,,,,,
11.957422,8956,20651834,,176.49679565,4.34626150,-157.65672302,,,,,-0.08992501,-2.82591367,-8.53185272,0.76766849,-3.30443120,-1.48554349,0.25417255,-0.82771738,-0.38379532,-0.06704700,0.38243189,0.77220482,,,,,,,3,,,,,,,,,
11.967565,8957,20651934,,176.53363037,4.37423611,-157.65325928,,,,,-1.30130672,0.74585205,-8.28054237,0.52828181,0.47158760,-1.42968428,-1.72957871,0.81471932,2.31675449,-0.06726260,0.38291812,0.76627433,,,,,,,3,,,,,,,,,
11.977486,8958,20652034,,176.51811218,4.34631634,-157.70726013,,,,,-0.79484004,2.80687332,-11.23883915,-0.85906190,1.92899084,1.60266042,-4.01018293,3.56722424,1.35964222,-0.06868204,0.38342199,0.76627517,,,,,,,3,,,,,,,,,
11.987541,8959,20652134,,176.48081970,4.27704716,-157.74833679,,,,,-0.04942624,1.98024154,-10.72895336,-1.19697285,0.93130302,0.98670816,-2.41981393,0.87844883,0.09376585,-0.06903112,0.38246658,0.76922685,,,,,,,3,,,,,,,,,
11.997459,8960,20652234,,176.45869446,4.24070358,-157.73503113,,,,,0.09989689,-1.09281135,-9.73529339,-0.10597964,-1.87641156,-0.20548260,-3.90185783,-3.07615306,-5.16605114,-0.06900604,0.38390547,0.77073407,,,,,,,3,,,,,,,,,
12.007564,8961,20652334,,176.42980957,4.27900457,-157.66339111,,,,,0.86260933,0.99094778,-9.35871792,-1.60031497,-0.22097701,-0.50505126,-1.12600375,-4.83224529,-3.25294995,-0.06858754,0.38389909,0.76925176,,,,,,,3,,,,,,,,,
12.017474,8962,20652434,,176.41621399,4.33008194,-157.60629272,,,,,0.40495497,-1.54437089,-10.14434910,-0.24510646,-2.45550728,0.15538836,-0.41807569,-0.64482952,-0.96607263,-0.06357943,0.38429672,0.76483035,,,,,,,3,,,,,,,,,
12.027698,8963,20652534,,176.44332886,4.34739017,-157.58912659,,,,,-0.52877116,-1.32791364,-8.91478252,0.58544922,-1.79510820,-0.98202240,2.52158887,-2.28879831,0.04158861,-0.06692138,0.38243413,0.76231033,,,,,,,3,,,,,,,,,
12.037490,8964,20652634,,176.50236511,4.37462664,-157.62042236,,,,,-1.26863015,1.91760993,-9.47589874,-0.00002480,1.43228376,-0.16589487,-3.34531780,3.40560361,3.62566377,-0.06921960,0.38055262,0.76276374,,,,,,,3,,,,,,,,,
12.047483,8965,20652734,,176.46716309,4.30075788,-157.68801880,,,,,-0.68011999,3.08649349,-10.54397106,-1.03541470,2.19944048,0.91830146,-1.44919752,4.27091345,0.64187386,-0.06768845,0.38052535,0.76623434,,,,,,,3,,,,,,,,,
12.057543,8966,20652834,,176.43759155,4.23874712,-157.69383240,,,,,0.62771368,-0.04382603,-11.85575581,-1.09666610,-1.30109274,1.92967796,-2.14287516,-4.19940265,-4.62480305,-0.06840485,0.38053459,0.77266276,,,,,,,3,,,,,,,,,
12.067494,8967,20652934,,176.42289734,4.26782370,-157.62467957,,,,,0.73712933,-0.56276739,-8.49779606,-0.84175146,-1.53123593,-1.44886124,-0.88227282,-4.18915608,-3.62838005,-0.06932852,0.38150966,0.77366304,,,,,,,3,,,,,,,,,
12.077422,8968,20653034,,176.42272949,4.31535530,-157.56407166,,,,,0.15826191,-1.01275587,-8.73966599,-0.15146378,-1.74738598,-1.19565320,-1.39461908,-1.64419056,-0.86238683,-0.06189321,0.38426489,0.77275449,,,,,,,3,,,,,,,,,
12.087450,8969,20653134,,176.41058350,4.35163641,-157.55833435,,,,,-0.42364562,-0.88909668,-10.12121868,0.26878333,-1.53523231,0.23549318,2.74462934,-1.34976320,0.90702383,-0.06052495,0.38280275,0.77075917,,,,,,,3,,,,,,,,,
12.097656,8970,20653234,,176.48352051,4.37488031,-157.58862305,,,,,-0.58856773,1.58111489,-10.20305824,-0.53284061,0.80057365,0.48408711,-0.66991760,2.13007603,4.56211557,-0.06684309,0.38099220,0.76377213,,,,,,,3,,,,,,,,,
12.107465,8971,20653334,,176.46759033,4.32304525,-157.67120361,,,,,-1.28051615,2.13984442,-9.34181499,-0.07255960,1.65266526,-0.28851759,-3.67984937,2.18118335,1.96293426,-0.06824426,0.37957603,0.76324797,,,,,,,3,,,,,,,,,
12.117460,8972,20653434,,176.42594910,4.27709436,-157.69685364,,,,,0.33109477,1.26344073,-11.29175758,-1.30706298,0.05963159,1.47363615,-1.85223247,-2.86380440,-2.71583241,-0.06808187,0.38197061,0.76922381,,,,,,,3,,,,,,,,,
12.127458,8973,20653534,,176.42262268,4.28094912,-157.64727783,,,,,0.99162340,-0.42541367,-10.57674408,-1.22759295,-1.68065333,0.61081934,1.22353800,-2.92348404,-3.13267245,-0.06656948,0.38482317,0.77372938,,,,,,,3,,,,,,,,,
12.137498,8974,20653634,,176.43627930,4.31901360,-157.58984375,,,,,0.41179895,-1.50842249,-8.47563171,-0.18328863,-2.27768517,-1.50753927,-0.15527931,-5.10184267,-0.59097257,-0.06229499,0.38523051,0.77524155,,,,,,,3,,,,,,,,,
12.147564,8975,20653734,,176.43748474,4.38517141,-157.58435059,,,,,-0.69456118,-1.39165127,-8.29574966,0.79475439,-1.74067998,-1.59058154,2.27008829,-1.42243108,2.20736111,-0.05986474,0.38182947,0.77569461,,,,,,,3,,,,,,,,,
12.157581,8976,20653834,,176.50511169,4.40720415,-157.62049866,,,,,-0.57359606,2.27270770,-11.01335144,-0.84993374,1.36920881,1.32875943,1.20170711,4.06129451,5.35564396,-0.06216784,0.38235345,0.76381713,,,,,,,3,,,,,,,,,
12.167632,8977,20653934,,176.51489258,4.33566904,-157.71055603,,,,,-0.78581941,1.99105978,-10.56305599,-0.53177214,1.23307335,0.87913048,-0.37663827,2.23366780,1.80196889,-0.06789621,0.38245097,0.76131618,,,,,,,3,,,,,,,,,
12.177564,8978,20654034,,176.51643372,4.29037237,-157.73973083,,,,,-0.14329584,0.73856360,-9.86221218,-0.60795861,-0.10292363,0.05549753,0.77691038,-2.36292742,-1.69670458,-0.06817689,0.38245329,0.76675713,,,,,,,3,,,,,,,,,
12.187584,8979,20654134,,176.52546692,4.28817225,-157.69891357,,,,,0.76133883,-0.36298895,-10.02559376,-1.02283335,-1.46952164,0.08534658,1.93180417,-0.92634814,-2.19153877,-0.05967908,0.38230982,0.76778704,,,,,,,3,,,,,,,,,
12.197609,8980,20654234,,176.53883362,4.30409431,-157.65994263,,,,,0.81895959,-0.61417961,-10.01402664,-0.98571712,-1.72266185,0.05164325,2.50648114,-4.03126943,0.21388863,-0.05536178,0.38319582,0.77079123,,,,,,,3,,,,,,,,,
12.207581,8981,20654334,,176.56092834,4.37429190,-157.67352295,,,,,-0.72173464,-1.94787848,-8.41301346,1.01361799,-2.23805857,-1.50079560,3.20690893,-1.70353392,3.10552288,-0.06007302,0.38471487,0.77128643,,,,,,,3,,,,,,,,,
12.217623,8982,20654434,,176.63018799,4.40168238,-157.71173096,,,,,-1.10133410,2.08410764,-9.32905865,-0.22007525,1.55423784,-0.32112026,-1.06109582,3.82626770,5.94838272,-0.06119352,0.38329637,0.76532125,,,,,,,3,,,,,,,,,
12.227606,8983,20654534,,176.60972595,4.32667780,-157.80207825,,,,,-0.59091198,2.80868769,-11.71716881,-1.07832539,1.83406103,2.05867076,-1.57500118,2.61490078,2.55179133,-0.06444149,0.38287064,0.76628774,,,,,,,3,,,,,,,,,
12.237667,8984,20654634,,176.59509277,4.27993631,-157.83358765,,,,,0.32058203,0.35238376,-10.44049454,-0.91901201,-0.66824734,0.57050538,0.68494460,-4.47541401,-2.19874013,-0.06805629,0.38244975,0.77022099,,,,,,,3,,,,,,,,,
12.247828,8985,20654734,,176.60833740,4.30190992,-157.78973389,,,,,0.54481953,-1.20986688,-8.81733227,-0.45020649,-2.05387545,-1.15195417,0.70253682,-2.51014297,-1.86689902,-0.06156033,0.38330123,0.76828802,,,,,,,3,,,,,,,,,
12.257655,8986,20654834,,176.62478638,4.33287764,-157.74264526,,,,,0.61071396,-0.10592403,-9.76357651,-0.98663324,-1.13803697,-0.15055823,3.36629993,-2.73475865,0.93147473,-0.05597183,0.38704684,0.76887012,,,,,,,3,,,,,,,,,
12.267644,8987,20654934,,176.66540527,4.37225485,-157.75212097,,,,,-0.74951619,-1.41618872,-9.45878506,0.77490842,-1.80699742,-0.42299008,6.04508795,-0.34297365,2.89905202,-0.05794758,0.38756120,0.76639456,,,,,,,3,,,,,,,,,
12.277683,8988,20655034,,176.76223755,4.38084316,-157.80271912,,,,,-0.95223868,2.12652802,-9.49379253,-0.39043063,1.54557085,-0.16873717,1.24500944,3.14632664,4.86817763,-0.06253167,0.38620317,0.75546539,,,,,,,3,,,,,,,,,
12.287555,8989,20655134,,176.74894714,4.30883789,-157.88697815,,,,,-0.62562615,2.45872951,-10.62878990,-0.86719292,1.64166021,0.95402956,-1.29097534,3.67884533,1.20451688,-0.06379503,0.38478294,0.75889987,,,,,,,3,,,,,,,,,
12.297560,8990,20655234,,176.75230408,4.25468397,-157.89328003,,,,,0.72702140,0.77845514,-11.73563480,-1.52644539,-0.50363326,1.85577464,2.34062643,-3.61464326,-3.00947932,-0.06630602,0.38482133,0.76779354,,,,,,,3,,,,,,,,,
12.307561,8991,20655334,,176.75961304,4.28784847,-157.84684753,,,,,0.56361789,-1.97932756,-8.29805183,-0.15888488,-2.70930386,-1.70878077,0.92443601,-5.31724976,-1.50051423,-0.06839505,0.38773835,0.76337641,,,,,,,3,,,,,,,,,
12.317539,8992,20655434,,176.77821350,4.33226490,-157.80059814,,,,,0.17743540,-0.67753649,-8.67555618,-0.32242823,-1.39215028,-1.22855091,3.29313345,-0.88018054,2.35288000,-0.06091693,0.39097217,0.76395988,,,,,,,3,,,,,,,,,
12.327552,8993,20655534,,176.81799316,4.33421803,-157.81233215,,,,,-1.18697476,-0.12340441,-9.99412918,0.66488069,-0.46852988,0.21664977,1.14936652,4.67636031,3.17229715,-0.06030790,0.38904065,0.76690090,,,,,,,3,,,,,,,,,
12.337604,8994,20655634,,176.85270691,4.26908255,-157.86778259,,,,,-0.34428281,3.75914574,-11.06090832,-1.63548493,2.72184277,1.43522453,-1.89598111,5.30270146,1.54888189,-0.06428295,0.38575113,0.75891274,,,,,,,3,,,,,,,,,
12.347537,8995,20655734,,176.82449341,4.18956232,-157.91264343,,,,,-0.48042765,-0.08894418,-9.30570030,0.04396510,-0.63540375,-0.52065885,-0.27447521,2.50151388,-2.88834058,-0.07026641,0.38633013,0.76284999,,,,,,,3,,,,,,,,,
12.357532,8996,20655834,,176.83032227,4.16110992,-157.86338806,,,,,0.84881866,0.87158614,-10.94408703,-1.62272549,-0.37846392,1.06600630,-0.65087156,-2.48059323,-1.90503517,-0.06734346,0.38915887,0.76736224,,,,,,,3,,,,,,,,,
12.367558,8997,20655934,,176.82040405,4.17362213,-157.80981445,,,,,0.42419434,-1.95172501,-8.94952869,-0.06205577,-2.66732764,-1.03940952,3.45642470,-2.92807947,-2.81212186,-0.06078644,0.38856897,0.76639628,,,,,,,3,,,,,,,,,
12.377556,8998,20656034,,176.87651062,4.23506403,-157.76428223,,,,,-0.11006751,-0.86151862,-9.18150616,-0.00464225,-1.47691250,-0.70993090,4.04276763,1.11947985,1.67091624,-0.05816872,0.38900140,0.77433240,,,,,,,3,,,,,,,,,
12.387580,8999,20656134,,176.92674255,4.20788431,-157.79838562,,,,,-1.79284739,1.34495318,-8.81217861,0.73303151,1.22934902,-0.83542240,-0.40547952,5.42350958,3.34904452,-0.05817810,0.39044133,0.77484995,,,,,,,3,,,,,,,,,
12.397594,9000,20656234,,176.90992737,4.13587713,-157.86950684,,,,,-0.01234702,3.53645825,-12.01382828,-1.88643909,2.33694386,2.34328008,-2.44026864,3.92191084,0.12172997,-0.06264894,0.38668057,0.76586229,,,,,,,3,,,,,,,,,
12.407531,9001,20656334,,176.88926697,4.07307434,-157.87255859,,,,,0.42833629,-0.37257949,-9.97722149,-0.70195067,-1.27302158,0.06836414,1.17333344,0.31211411,-4.26280388,-0.06537300,0.38240632,0.76627570,,,,,,,3,,,,,,,,,
12.417551,9002,20656434,,176.89245605,4.07249165,-157.79862976,,,,,0.56998426,-0.04626734,-9.26965046,-0.92301738,-0.97417527,-0.63077354,-3.97675342,-2.47335152,-3.65133119,-0.06070764,0.38616726,0.76734817,,,,,,,3,,,,,,,,,
12.427524,9003,20656534,,176.85362244,4.10233402,-157.74133301,,,,,-0.15157592,-1.83014667,-8.55508327,0.45533383,-2.29721594,-1.37984717,2.50012991,-2.19782467,-2.34932873,-0.06113552,0.38761356,0.76934797,,,,,,,3,,,,,,,,,
12.437544,9004,20656634,,176.89881897,4.14714384,-157.72029114,,,,,-0.27550825,-0.18375316,-10.45757961,-0.15051734,-0.87586713,0.60975575,0.94552635,2.72362544,2.59678478,-0.06235554,0.38571218,0.77376455,,,,,,,3,,,,,,,,,
12.447522,9005,20656734,,176.93682861,4.10091829,-157.76788330,,,,,-1.03252649,2.04185510,-8.99382496,-0.23475623,1.58222878,-0.67493820,0.05468672,4.96700791,2.10918803,-0.06338257,0.38669032,0.77179587,,,,,,,3,,,,,,,,,
12.457563,9006,20656834,,176.90977478,4.02164125,-157.82705688,,,,,-0.78025842,1.54734147,-10.33809376,-0.32691473,0.92414665,0.62290668,-5.08631424,3.19014657,0.69488680,-0.06824000,0.38773379,0.76782995,,,,,,,3,,,,,,,,,
12.467501,9007,20656934,,176.86657715,3.97283506,-157.81695557,,,,,0.50033170,1.77888930,-10.63178444,-1.60140920,0.63436055,0.83693659,-0.25483601,0.21237154,-3.28698926,-0.07052986,0.38633195,0.76878577,,,,,,,3,,,,,,,,,
12.477558,9008,20657034,,176.86727905,3.96772265,-157.75587463,,,,,1.01181376,-1.11517835,-10.56263256,-0.96070486,-2.22620559,0.57407260,0.23729401,-2.77027435,-5.16341170,-0.06820554,0.38773277,0.76881963,,,,,,,3,,,,,,,,,
12.487549,9009,20657134,,176.86433411,4.01965094,-157.68125916,,,,,-0.18902998,-2.38777685,-7.45587730,0.76440555,-2.70990276,-2.50498676,0.48765998,-5.29837752,-0.64352820,-0.06493248,0.38959742,0.76936030,,,,,,,3,,,,,,,,,
12.497562,9010,20657234,,176.87573242,4.08835554,-157.67785645,,,,,-0.90511858,0.22286424,-8.75199699,0.36383247,-0.13195980,-1.02438128,-1.38015733,1.01627142,2.63384495,-0.06372133,0.39197892,0.76495129,,,,,,,3,,,,,,,,,
12.507583,9011,20657334,,176.90505981,4.04654026,-157.71217346,,,,,-0.22113252,2.62963200,-11.09468460,-1.28665173,1.66051793,1.39164996,1.14014534,4.83723773,1.63488603,-0.06662807,0.39106917,0.76195371,,,,,,,3,,,,,,,,,
12.517657,9012,20657434,,176.89802551,3.96314764,-157.76998901,,,,,-0.86574924,1.28263044,-10.08379936,-0.12383300,0.73705912,0.36131215,-4.84810541,3.87043555,0.33422431,-0.07267891,0.38877088,0.76238173,,,,,,,3,,,,,,,,,
12.527632,9013,20657534,,176.86245728,3.90920758,-157.75593567,,,,,0.17329331,0.78187680,-9.46875572,-0.85870886,-0.07142377,-0.35231841,-0.80255150,-0.46893171,-5.26696804,-0.07442917,0.38639933,0.76480925,,,,,,,3,,,,,,,,,
12.537629,9014,20657634,,176.84602356,3.90809250,-157.68780518,,,,,1.01822257,-0.87167025,-10.18677616,-1.03436553,-1.97384620,0.21429944,-0.62922675,0.07426035,-2.53302944,-0.06782149,0.38772741,0.76634771,,,,,,,3,,,,,,,,,
12.547569,9015,20657734,,176.85247803,3.92183185,-157.63595581,,,,,0.22677936,-0.80751050,-9.58969021,-0.30555388,-1.56851339,-0.32117832,3.00251658,-1.75259250,0.09676241,-0.06343229,0.39245620,0.76001269,,,,,,,3,,,,,,,,,
12.557601,9016,20657834,,176.90040588,3.94783568,-157.63047791,,,,,-1.12292242,-1.57085192,-8.29911613,1.28463590,-1.65864122,-1.55225599,2.91508376,0.57484686,-0.08376186,-0.06443169,0.39007440,0.75700140,,,,,,,3,,,,,,,,,
12.567556,9017,20657934,,176.96389771,3.94999456,-157.66096497,,,,,-0.91520154,3.58552933,-9.69589138,-0.93079424,2.92088532,0.10280561,-1.57800304,5.04950421,4.54008779,-0.06660044,0.38770923,0.76091117,,,,,,,3,,,,,,,,,
12.577595,9018,20658034,,176.91174316,3.86925483,-157.73599243,,,,,-0.41848329,1.83707809,-10.91770554,-0.76769894,1.02816129,1.18642664,-2.83854829,3.91203097,-0.88758927,-0.07311618,0.39165708,0.76489908,,,,,,,3,,,,,,,,,
12.587585,9019,20658134,,176.88916016,3.81439900,-157.72201538,,,,,0.84401619,-0.07236680,-11.34234810,-1.21728683,-1.25102901,1.41791439,-2.79998952,-4.60124103,-3.90748292,-0.07735671,0.39220846,0.76488650,,,,,,,3,,,,,,,,,
12.597570,9020,20658234,,176.86178589,3.85407996,-157.64900208,,,,,0.02743213,-0.29231942,-7.69537592,-0.22677636,-0.86927831,-2.16701937,-1.68352712,-4.43185575,-3.23192513,-0.07069633,0.39161548,0.76688957,,,,,,,3,,,,,,,,,
12.607579,9021,20658334,,176.85038757,3.92746758,-157.59486389,,,,,0.11009975,-2.23591208,-9.24998188,0.36835110,-2.81440210,-0.73007011,-0.21433570,-1.25257366,-0.15372665,-0.06737894,0.39107943,0.76739252,,,,,,,3,,,,,,,,,
12.617670,9022,20658434,,176.87225342,3.92357016,-157.59213257,,,,,-0.64320660,0.93886918,-9.95276737,-0.18484914,0.34895718,0.19308734,2.43512402,0.38143736,3.04667333,-0.06527022,0.39296648,0.76149583,,,,,,,3,,,,,,,,,
12.627643,9023,20658534,,176.92019653,3.91303635,-157.64941406,,,,,-0.79702705,2.01017380,-10.62357616,-0.47841984,1.34734809,0.93292141,-1.44125209,2.95187265,2.86518965,-0.06908288,0.39207157,0.75948352,,,,,,,3,,,,,,,,,
12.637660,9024,20658634,,176.89744568,3.86669350,-157.70556641,,,,,-0.73871040,0.85922170,-8.82170296,-0.01481920,0.40117466,-0.92998433,-3.74797794,0.89002792,-1.14871978,-0.07271337,0.38877189,0.76139206,,,,,,,3,,,,,,,,,
12.647520,9025,20658734,,176.86222839,3.84004641,-157.68339539,,,,,0.75814480,1.66036940,-11.01148033,-1.79060626,0.40236163,1.19409299,-1.32039445,-1.82263961,-2.53997788,-0.07272275,0.39021179,0.76190960,,,,,,,3,,,,,,,,,
12.657652,9026,20658834,,176.83070374,3.85877562,-157.62875366,,,,,0.64456290,-0.93952101,-10.40031910,-0.66559899,-1.91444862,0.44874692,-0.94738075,-7.02423186,-2.85990031,-0.07026163,0.39352813,0.76692206,,,,,,,3,,,,,,,,,
12.667595,9027,20658934,,176.83885193,3.95709705,-157.57571411,,,,,-0.21008211,-3.06789041,-8.11479664,1.02885163,-3.37952209,-1.88287568,1.30493368,-5.36281395,-1.13401631,-0.06694423,0.39299208,0.76742494,,,,,,,3,,,,,,,,,
12.677552,9028,20659034,,176.88967896,4.00657892,-157.57011414,,,,,-1.28118050,1.81493652,-8.77390766,0.11317348,1.48323274,-0.88847840,-0.07999508,1.74910355,3.93801387,-0.06338947,0.39293483,0.76150477,,,,,,,3,,,,,,,,,
12.687525,9029,20659134,,176.88627625,3.95657921,-157.64439392,,,,,-0.72192031,2.93230700,-10.26699066,-0.89461201,2.18445110,0.62302995,-3.11013432,2.62228742,2.13009396,-0.06626961,0.39058468,0.75848454,,,,,,,3,,,,,,,,,
12.697560,9030,20659234,,176.84835815,3.92277622,-157.68653870,,,,,0.73974246,1.19071960,-12.35993671,-1.66464520,-0.14104140,2.50970840,-1.66478625,-2.66478657,-3.76919763,-0.07220771,0.38684344,0.76136410,,,,,,,3,,,,,,,,,
12.707532,9031,20659334,,176.83506775,3.94402528,-157.62399292,,,,,0.51761109,-1.12844169,-9.03598022,-0.42246103,-1.93727756,-0.91165578,-0.60710894,-5.22872880,-5.02629864,-0.07200199,0.38875690,0.76832205,,,,,,,3,,,,,,,,,
12.717565,9032,20659434,,176.81419373,4.00663662,-157.54486084,,,,,-0.47390276,-1.81353688,-7.71280098,0.80365515,-2.09256983,-2.20482230,-3.70142380,-5.12772525,-0.59476930,-0.06460217,0.39343265,0.76744366,,,,,,,3,,,,,,,,,
12.727650,9033,20659534,,176.80429077,4.07061338,-157.52598572,,,,,-0.21991204,1.21065784,-10.03463268,-0.70446104,0.41410750,0.25913477,3.00957921,-3.65837653,0.33038321,-0.06329395,0.39149240,0.76346141,,,,,,,3,,,,,,,,,
12.737565,9034,20659634,,176.85948181,4.09144497,-157.55661011,,,,,-0.66384387,0.86420393,-11.34660912,-0.21762991,0.16182226,1.58147216,-1.11447994,2.50142359,2.33629097,-0.06560788,0.38673213,0.76189017,,,,,,,3,,,,,,,,,
12.747592,9035,20659734,,176.84480286,4.05367136,-157.61610413,,,,,-0.86240184,2.20697880,-8.94438839,-0.44988334,1.66143143,-0.72099817,-4.35551388,-1.65206396,-0.71194685,-0.06844623,0.38678011,0.76138192,,,,,,,3,,,,,,,,,
12.757551,9036,20659834,,176.79522705,4.05135155,-157.59970093,,,,,0.79254574,0.09668180,-9.97287941,-1.20879030,-0.99915141,0.06430209,-0.68170624,-5.02325921,-5.76502672,-0.06868510,0.38918060,0.76933491,,,,,,,3,,,,,,,,,
12.767567,9037,20659934,,176.78732300,4.09654474,-157.51988220,,,,,0.99011678,-0.30984515,-10.68819714,-1.27256477,-1.51175654,0.73887706,-0.24350134,-4.02410840,-2.02913031,-0.06338359,0.38860986,0.77281576,,,,,,,3,,,,,,,,,
12.777641,9038,20660034,,176.78913879,4.15311050,-157.47962952,,,,,-0.37685305,-2.11570382,-8.71681786,0.77006125,-2.50101376,-1.21931708,3.50216776,-3.64325962,-1.41802859,-0.05957579,0.39191023,0.76249719,,,,,,,3,,,,,,,,,
12.787589,9039,20660134,,176.84931946,4.18474483,-157.46900940,,,,,-1.48623979,0.74670184,-8.83716774,0.68199462,0.55357105,-0.86225665,-1.70216478,1.48839128,2.18773030,-0.06195128,0.38955113,0.76046890,,,,,,,3,,,,,,,,,
12.797557,9040,20660234,,176.83515930,4.15143967,-157.52827454,,,,,-0.67425299,4.32428694,-9.88979912,-1.48687553,3.45620036,0.32649875,-4.70796701,5.07798482,0.47710109,-0.06844674,0.38773987,0.76189190,,,,,,,3,,,,,,,,,
12.807633,9041,20660334,,176.76873779,4.07881021,-157.55047607,,,,,0.75439286,-0.39830059,-12.46331024,-1.09024966,-1.64580035,2.51660442,-2.10361054,0.22211348,-6.53439374,-0.07635324,0.38691214,0.76381820,,,,,,,3,,,,,,,,,
12.817579,9042,20660434,,176.75942993,4.08231592,-157.45787048,,,,,0.65096366,-0.03285338,-9.06654835,-0.98266363,-1.00355375,-0.83904600,-3.04867201,-6.84266152,-2.90849753,-0.07125061,0.38778687,0.76237333,,,,,,,3,,,,,,,,,
12.827561,9043,20660534,,176.72879028,4.16935301,-157.38497925,,,,,-0.73285115,-2.22560787,-7.49562693,1.20695889,-2.37109518,-2.42338157,-0.81932377,-5.98701897,-4.33085732,-0.06566109,0.38961294,0.76193553,,,,,,,3,,,,,,,,,
12.837566,9044,20660634,,176.74389648,4.23340034,-157.34159851,,,,,-0.11668099,0.25338748,-10.35199642,-0.46097451,-0.55619490,0.51558852,1.72433184,-0.63490354,0.13741520,-0.06433617,0.38863197,0.75895810,,,,,,,3,,,,,,,,,
12.847579,9045,20660734,,176.79023743,4.21912527,-157.36271667,,,,,-0.87465596,3.04512239,-10.79260349,-0.86194307,2.27015567,1.16821229,-1.25151851,2.25131103,2.00933386,-0.06584071,0.38721883,0.75546485,,,,,,,3,,,,,,,,,
12.857706,9046,20660834,,176.76229858,4.16612387,-157.42375183,,,,,-0.54613227,0.36676022,-10.05714607,-0.09328461,-0.26242971,0.25897408,-4.54718136,0.36029619,-3.17966330,-0.07510712,0.38833284,0.75988883,,,,,,,3,,,,,,,,,
12.867678,9047,20660934,,176.71647644,4.16085625,-157.37149048,,,,,0.64905638,0.85733533,-9.52551937,-1.35796237,-0.23375571,-0.32897019,-3.67170010,-2.77962830,-5.46048993,-0.07396836,0.38783130,0.76532894,,,,,,,3,,,,,,,,,
12.877561,9048,20661034,,176.66691589,4.18002892,-157.28970337,,,,,0.28194460,-0.07011101,-10.52875042,-0.70441377,-1.03735638,0.64389277,-3.52873719,-2.48617883,-3.47195207,-0.06301473,0.38476592,0.76780915,,,,,,,3,,,,,,,,,
12.887562,9049,20661134,,176.63925171,4.23827791,-157.23240662,,,,,0.21352093,-1.94105804,-9.58148003,0.12646723,-2.66127491,-0.39959097,0.95298086,-8.26798583,-3.64197810,-0.06291136,0.38476288,0.77077818,,,,,,,3,,,,,,,,,
12.897629,9050,20661234,,176.67169189,4.32449150,-157.20724487,,,,,-1.56565249,-0.08977530,-8.18902969,1.09935176,-0.16199517,-1.55181932,-3.26079122,0.08559468,1.93528480,-0.06492157,0.38527820,0.76731294,,,,,,,3,,,,,,,,,
12.907586,9051,20661334,,176.64535522,4.30718374,-157.25492859,,,,,-0.65123951,3.84611082,-11.26891804,-1.41283214,2.84248877,1.67888165,-6.21656369,3.98460686,0.39881338,-0.06665111,0.38579121,0.75840676,,,,,,,3,,,,,,,,,
12.917569,9052,20661434,,176.57917786,4.24104357,-157.28967285,,,,,0.12931083,0.41764355,-10.64331150,-0.76767242,-0.56248319,0.78976941,-3.44922824,-4.50985225,-4.83451205,-0.07018812,0.38488820,0.76431179,,,,,,,3,,,,,,,,,
12.927527,9053,20661534,,176.55783081,4.28150272,-157.22578430,,,,,1.00549352,0.51487023,-10.26424217,-1.59067035,-0.78525364,0.35464883,-3.86955488,-5.73793221,-4.04890967,-0.07080064,0.38393462,0.77319932,,,,,,,3,,,,,,,,,
12.937543,9054,20661634,,176.50906372,4.34553432,-157.14273071,,,,,-0.40327495,-1.84621716,-8.47618198,0.70641398,-2.26567817,-1.45784116,-0.81912298,-4.64748611,-4.30837661,-0.06298231,0.38860399,0.77083868,,,,,,,3,,,,,,,,,
12.947536,9055,20661734,,176.50566101,4.41339588,-157.08953857,,,,,-0.11978507,-1.11612701,-10.72908688,0.04465115,-1.90312576,0.80687702,-0.53936424,-4.18035026,-1.09299334,-0.05695450,0.38562429,0.76686364,,,,,,,3,,,,,,,,,
12.957594,9056,20661834,,176.53208923,4.46489477,-157.10021973,,,,,-0.96547782,2.66952562,-9.23497200,-0.59576094,2.02623343,-0.38699770,-3.08708307,-1.84011977,1.75370763,-0.06021819,0.38231975,0.76580542,,,,,,,3,,,,,,,,,
12.967562,9057,20661934,,176.49171448,4.46356916,-157.16540527,,,,,-0.83234704,1.32685041,-9.85315704,-0.22356135,0.68256044,0.13302469,-5.36550121,0.94108876,-2.14844027,-0.06820349,0.38389370,0.76677984,,,,,,,3,,,,,,,,,
12.977639,9058,20662034,,176.44139099,4.43801832,-157.14482117,,,,,0.73758692,1.18135893,-12.24522686,-1.72178638,-0.28226948,2.38238192,-5.23979969,-4.98740925,-5.03522143,-0.06614995,0.38289723,0.77122718,,,,,,,3,,,,,,,,,
12.987559,9059,20662134,,176.37937927,4.49284744,-157.06805420,,,,,0.56826687,0.04543043,-9.64710426,-0.99580503,-1.04086924,-0.25867867,-2.64714696,-9.48439983,-6.37253661,-0.05918680,0.37989596,0.78061503,,,,,,,3,,,,,,,,,
12.997571,9060,20662234,,176.35827637,4.60522509,-156.98263550,,,,,-0.33055580,-3.00374246,-8.35313511,1.08361363,-3.37825704,-1.66644406,-1.16073761,-5.56416878,-4.42967821,-0.05898442,0.38133553,0.77371222,,,,,,,3,,,,,,,,,
13.007707,9061,20662334,,176.37550354,4.67488432,-156.93470764,,,,,-0.59695506,0.93376392,-10.08291531,-0.32089520,0.17857993,0.32128108,-0.27410123,-3.60368891,-0.63282839,-0.05790171,0.38228121,0.76482695,,,,,,,3,,,,,,,,,
13.017691,9062,20662434,,176.39117432,4.70642138,-156.96809387,,,,,-0.58932596,2.25093913,-10.69402313,-0.88458604,1.32494950,1.01333630,-2.87024719,-1.27941268,0.01149526,-0.05818033,0.37844446,0.76822811,,,,,,,3,,,,,,,,,
13.028131,9063,20662534,,176.35130310,4.69709730,-157.00453186,,,,,-0.76348394,0.94129157,-10.02653503,-0.17401850,0.24682999,0.27964520,-5.32548227,-0.61634992,-3.92603372,-0.06457293,0.37758994,0.77313012,,,,,,,3,,,,,,,,,
13.037690,9064,20662634,,176.29994202,4.68895292,-156.95329285,,,,,0.90112251,1.18544364,-11.11946678,-1.85365677,-0.28762811,1.24276006,-2.45194186,-6.41736315,-6.29677402,-0.06173509,0.37850171,0.77414829,,,,,,,3,,,,,,,,,
13.047682,9065,20662734,,176.26033020,4.75947523,-156.87290955,,,,,0.71494091,-0.76524389,-9.67133617,-0.83996892,-1.88107347,-0.30914545,-2.10489013,-9.24793526,-5.48033632,-0.05599836,0.37888384,0.77715164,,,,,,,3,,,,,,,,,
13.057691,9066,20662834,,176.24592590,4.86454821,-156.80261230,,,,,-0.39260659,-2.35576344,-8.59614563,0.85437208,-2.81007004,-1.38529778,-0.19292979,-3.74397204,-3.36346924,-0.05262142,0.37978566,0.78015143,,,,,,,3,,,,,,,,,
13.067680,9067,20662934,,176.26361084,4.91254759,-156.78457642,,,,,-0.71842206,1.06568491,-10.36585712,-0.30423844,0.28353226,0.62215424,-2.81293358,-0.77192242,1.11437717,-0.05230680,0.38074207,0.77621007,,,,,,,3,,,,,,,,,
13.078568,9068,20663034,,176.25291443,4.90265751,-156.82055664,,,,,-0.27442643,2.64802194,-9.97664070,-1.32386065,1.59277320,0.30015826,-2.87434680,0.86027481,-0.91629240,-0.05907994,0.38277799,0.77175552,,,,,,,3,,,,,,,,,
13.088596,9069,20663134,,176.20889282,4.86754656,-156.84143066,,,,,-0.72177470,0.29588586,-10.80338764,-0.01048699,-0.46899986,1.00538826,-6.36593652,3.24953763,-4.96193222,-0.06320773,0.38188639,0.77419448,,,,,,,3,,,,,,,,,
13.099080,9070,20663234,,176.16909790,4.81683302,-156.77206421,,,,,0.77330464,1.50888455,-11.20231342,-1.88067603,0.01136822,1.35330558,-2.01077653,-3.14337536,-6.22040653,-0.05835764,0.37844378,0.77663809,,,,,,,3,,,,,,,,,
13.107743,9071,20663334,,176.13836670,4.84939241,-156.69879150,,,,,0.51420897,-0.92024589,-8.94413853,-0.55290371,-1.89917052,-1.02970719,-1.33201485,-4.24208023,-5.50622061,-0.05846050,0.37748706,0.77315915,,,,,,,3,,,,,,,,,
13.117726,9072,20663434,,176.15834045,4.91145515,-156.61839294,,,,,0.02160418,-1.85578740,-9.16094589,0.25317425,-2.57872844,-0.83164167,3.35929792,-1.36376402,-4.09298275,-0.05623170,0.38033032,0.77123630,,,,,,,3,,,,,,,,,
13.131219,9073,20663534,,176.20678711,4.95248556,-156.58297729,,,,,-0.33246401,-0.43930802,-10.38960934,-0.06406820,-1.25782204,0.51357985,2.34370556,-0.78435155,-0.88566700,-0.05206791,0.37834159,0.76825714,,,,,,,3,,,,,,,,,
13.140183,9074,20663634,,176.25621033,4.96230888,-156.59815979,,,,,-0.97658318,2.08398151,-8.76046085,-0.40456402,1.46167207,-0.88566279,0.91408230,0.93998227,0.16847557,-0.05630693,0.37601364,0.76671475,,,,,,,3,,,,,,,,,
13.147599,9075,20663734,,176.24665833,4.92054367,-156.63639832,,,,,-0.73515272,1.63075054,-10.97335243,-0.55038559,0.74517691,1.26241231,-2.41463067,5.87169549,-1.66750147,-0.05711050,0.37794495,0.77168888,,,,,,,3,,,,,,,,,
13.157758,9076,20663834,,176.22686768,4.84119225,-156.62423706,,,,,0.13213289,1.05626893,-11.18577862,-1.12076569,-0.14433169,1.36047530,-0.61037959,-1.56318452,-5.09911358,-0.05611946,0.37984714,0.77419776,,,,,,,3,,,,,,,,,
13.167790,9077,20663934,,176.21722412,4.85879230,-156.55888367,,,,,0.59164512,0.68048823,-8.99674320,-1.27335715,-0.46277037,-0.87695622,0.11408222,-5.23941549,-6.27978094,-0.05688705,0.37889814,0.77863169,,,,,,,3,,,,,,,,,
13.177706,9078,20664034,,176.21231079,4.91713524,-156.48388672,,,,,0.52956402,-1.94794858,-9.94053650,-0.21445549,-2.93062353,-0.10544729,0.22998658,-0.55793990,-2.91664061,-0.05398030,0.37980786,0.78162926,,,,,,,3,,,,,,,,,
13.187741,9079,20664134,,176.22471619,4.94742537,-156.44357300,,,,,-0.05017372,-1.34970307,-9.55248547,0.08999795,-2.11970973,-0.40042710,1.87125220,-2.10448032,-0.40622745,-0.05331659,0.38171968,0.77473623,,,,,,,3,,,,,,,,,
13.197577,9080,20664234,,176.27189636,4.96979523,-156.45002747,,,,,-1.27417946,1.47455537,-8.46871948,0.12763345,1.05292761,-1.19067502,0.05624863,2.46182365,1.18813745,-0.05628287,0.37937209,0.76924181,,,,,,,3,,,,,,,,,
13.207707,9081,20664334,,176.27844238,4.92304420,-156.49090576,,,,,-0.32889792,2.15197158,-11.54367065,-1.16093516,1.01232386,1.82883644,-1.19656633,7.46596111,0.57045580,-0.05997494,0.37847358,0.77069336,,,,,,,3,,,,,,,,,
13.217558,9082,20664434,,176.26521301,4.82177019,-156.51701355,,,,,-0.81107897,0.55450749,-10.07700157,0.00396723,-0.11477590,0.30833936,-1.32903102,2.15023811,-2.82341856,-0.06000991,0.37943438,0.77021360,,,,,,,3,,,,,,,,,
13.227672,9083,20664534,,176.27461243,4.79536295,-156.47579956,,,,,0.56023586,1.63833594,-10.02066422,-1.68268526,0.33851242,0.20642197,2.71266342,-2.90085967,-4.62091923,-0.05806076,0.38036045,0.77271187,,,,,,,3,,,,,,,,,
13.237655,9084,20664634,,176.28485107,4.82272863,-156.42141724,,,,,0.98630720,-1.41915727,-10.59293175,-0.86685765,-2.67408895,0.54441833,2.46199633,-0.68734680,-2.11301784,-0.05576254,0.38224193,0.77225840,,,,,,,3,,,,,,,,,
13.247608,9085,20664734,,176.32542419,4.85257959,-156.38005066,,,,,-0.19894990,-2.21130729,-8.38954067,0.64768088,-2.71525979,-1.59492803,4.54767100,-2.72910880,-0.59942247,-0.05251456,0.38266769,0.77129191,,,,,,,3,,,,,,,,,
13.257725,9086,20664834,,176.37464905,4.89055634,-156.38130188,,,,,-0.97104794,0.71131802,-8.87901974,0.14108205,0.21890682,-0.85971200,3.33416623,1.71765949,3.25701092,-0.05405459,0.38317510,0.76782894,,,,,,,3,,,,,,,,,
13.267581,9087,20664934,,176.41860962,4.85563326,-156.43858337,,,,,-0.28319854,2.52983594,-11.04235554,-1.32643640,1.41363764,1.35145390,-0.88757092,6.87717105,4.33933273,-0.05966134,0.38134953,0.76777190,,,,,,,3,,,,,,,,,
13.277726,9088,20665034,,176.39065552,4.74479675,-156.50239563,,,,,-0.96966904,0.93250060,-9.80649471,0.01514089,0.34513044,0.07641554,-2.14154947,5.67781929,-1.36299125,-0.06445087,0.38431054,0.76680523,,,,,,,3,,,,,,,,,
13.287556,9089,20665134,,176.38545227,4.68563843,-156.47851562,,,,,0.85490996,0.93562549,-11.19742870,-1.71656525,-0.50381553,1.30761135,0.35753260,-0.63438450,-3.31706301,-0.06371288,0.38285512,0.77371252,,,,,,,3,,,,,,,,,
13.297675,9090,20665234,,176.37901306,4.68570566,-156.42909241,,,,,0.70233840,-0.56476295,-9.14247513,-0.86543250,-1.62534952,-0.81461453,1.55635860,-0.93909850,-0.82457352,-0.05934237,0.38086030,0.77667141,,,,,,,3,,,,,,,,,
13.307629,9091,20665334,,176.41374207,4.71315050,-156.39863586,,,,,-0.25047818,-2.31253386,-8.65298843,0.73436248,-2.79093575,-1.32821202,5.41167286,0.30427276,0.52598716,-0.05600526,0.38512832,0.76686054,,,,,,,3,,,,,,,,,
13.317666,9092,20665434,,176.48223877,4.71918011,-156.40162659,,,,,-0.78625989,0.30115291,-9.92795277,0.10084957,-0.29632235,0.14439070,4.23626048,2.60563926,4.22545896,-0.05439182,0.38558441,0.75945449,,,,,,,3,,,,,,,,,
13.327569,9093,20665534,,176.54240417,4.69406891,-156.46980286,,,,,-0.77186906,2.77065802,-10.00891590,-0.90787172,1.95496774,0.37532771,1.07329635,5.15178843,4.93908994,-0.05953623,0.38231152,0.75838733,,,,,,,3,,,,,,,,,
13.337551,9094,20665634,,176.53851318,4.60588264,-156.55442810,,,,,-0.69883478,0.91081345,-9.81628132,-0.21029204,0.25140810,0.06074643,0.84782482,5.57708766,0.38753954,-0.06406530,0.38142583,0.76280344,,,,,,,3,,,,,,,,,
13.347667,9095,20665734,,176.54507446,4.53939438,-156.54408264,,,,,0.94731486,1.14209163,-11.75631714,-1.89793468,-0.35819507,1.87237847,1.36705414,-1.23423290,-1.63446011,-0.06244902,0.38331553,0.76976806,,,,,,,3,,,,,,,,,
13.357680,9096,20665834,,176.54830933,4.55550718,-156.50245667,,,,,0.23666181,-1.04975379,-8.61972237,-0.21018839,-1.80416989,-1.31969678,2.79041616,-3.66305777,-1.33786320,-0.05817453,0.38372293,0.77128023,,,,,,,3,,,,,,,,,
13.367770,9097,20665934,,176.58262634,4.61692142,-156.48086548,,,,,-0.19022506,-2.28169012,-8.58955479,0.66718709,-2.75563335,-1.38657224,4.07105101,0.23239969,3.11738734,-0.05830450,0.38516638,0.76833391,,,,,,,3,,,,,,,,,
13.377609,9098,20666034,,176.64448547,4.62071180,-156.51214600,,,,,-0.76985985,1.56905854,-10.31478500,-0.43723652,0.85602140,0.60147667,3.18899377,2.79647496,5.87007460,-0.05850391,0.38757163,0.76391816,,,,,,,3,,,,,,,,,
13.387624,9099,20666134,,176.66889954,4.56919956,-156.59393311,,,,,-0.89874184,2.00246119,-9.99776363,-0.47662133,1.33358419,0.32371294,-0.36360032,2.69708994,3.27843616,-0.06370939,0.38574016,0.76188403,,,,,,,3,,,,,,,,,
13.397568,9100,20666234,,176.65510559,4.51666260,-156.65504456,,,,,-0.20586497,1.50940287,-10.57833862,-0.92969966,0.56071651,0.81856775,-1.52141471,3.36844631,1.33652203,-0.06590476,0.38481542,0.76581645,,,,,,,3,,,,,,,,,
13.407605,9101,20666334,,176.63813782,4.47535467,-156.63684082,,,,,1.12436235,0.32395172,-10.72882652,-1.67443800,-1.06023526,0.79467392,2.55488028,-2.97393565,-2.85286265,-0.06022859,0.38567919,0.76734287,,,,,,,3,,,,,,,,,
13.417631,9102,20666434,,176.65231323,4.52401781,-156.59400940,,,,,-0.00477062,-3.13738656,-7.93381500,0.87608320,-3.54216456,-2.10199237,1.78019831,-5.62337628,1.42249095,-0.05700823,0.38946488,0.76741892,,,,,,,3,,,,,,,,,
13.427604,9103,20666534,,176.69770813,4.59200001,-156.59738159,,,,,-0.79117006,0.99059790,-9.80847263,-0.15932077,0.39012080,0.06256068,4.12767328,1.16971771,5.33926688,-0.05909674,0.39142218,0.76249188,,,,,,,3,,,,,,,,,
13.437676,9104,20666634,,176.75784302,4.56086636,-156.67042542,,,,,-0.96238095,1.00116503,-10.53367710,-0.04420787,0.41493833,0.80220664,1.92928319,4.23408165,4.69495592,-0.06362914,0.39006263,0.75304717,,,,,,,3,,,,,,,,,
13.447608,9105,20666734,,176.77165222,4.48684359,-156.74487305,,,,,-0.62202537,2.73240423,-9.43163300,-0.98523849,1.96172082,-0.22104371,-1.10327960,2.27779530,2.97077498,-0.06283794,0.38572636,0.75990909,,,,,,,3,,,,,,,,,
13.457698,9106,20666834,,176.75546265,4.45594788,-156.76168823,,,,,1.24562323,0.64430410,-11.57971382,-1.96418428,-0.85848701,1.65102243,3.22633313,-2.01534849,-3.12983600,-0.05779151,0.38563710,0.76982820,,,,,,,3,,,,,,,,,
13.467704,9107,20666934,,176.77305603,4.48385906,-156.71604919,,,,,0.26415071,-3.15618396,-8.32107639,0.60851294,-3.68198490,-1.73200881,1.74802758,-3.52721769,0.43989889,-0.05596398,0.38848627,0.76988250,,,,,,,3,,,,,,,,,
13.477726,9108,20667034,,176.81466675,4.53560209,-156.69946289,,,,,-0.77304733,0.13465224,-9.20148277,0.19481742,-0.32949317,-0.58876812,5.55730018,0.03266584,4.49903878,-0.05378635,0.39037129,0.76596516,,,,,,,3,,,,,,,,,
13.487675,9109,20667134,,176.88139343,4.53344011,-156.75236511,,,,,-1.07591808,1.28516626,-10.46194839,-0.05187351,0.74921167,0.75506723,2.63459948,1.87801281,4.82761356,-0.05723322,0.39139101,0.76200598,,,,,,,3,,,,,,,,,
13.497552,9110,20667234,,176.90974426,4.48511648,-156.84075928,,,,,-0.74464637,2.60092735,-9.27846050,-0.81700885,1.92580485,-0.37624633,-0.15571277,3.17278765,1.77967601,-0.06526034,0.39056683,0.76046836,,,,,,,3,,,,,,,,,
13.507606,9111,20667334,,176.90194702,4.42637157,-156.85758972,,,,,1.28605306,0.39038974,-11.97922134,-1.92707634,-1.10512567,2.03248215,3.76073375,1.80254220,-2.15611740,-0.06315613,0.39148834,0.76742011,,,,,,,3,,,,,,,,,
13.517608,9112,20667434,,176.93673706,4.40257263,-156.81019592,,,,,0.37108853,-1.67143154,-8.58261013,-0.09838641,-2.35968065,-1.38945925,3.69802493,-3.49004609,0.66181977,-0.05433637,0.39470044,0.76603097,,,,,,,3,,,,,,,,,
13.527656,9113,20667534,,176.99368286,4.46029806,-156.79490662,,,,,-0.91358709,-1.17395031,-8.28221703,0.88914847,-1.37048078,-1.55721259,7.24536478,0.18210650,2.16959785,-0.05481142,0.39711380,0.75369781,,,,,,,3,,,,,,,,,
13.537744,9114,20667634,,177.07011414,4.45422268,-156.82704163,,,,,-0.86728901,1.97797060,-10.71617126,-0.51983601,1.32463229,1.02547657,2.69943483,6.48372612,6.12921454,-0.05965059,0.39623722,0.74920684,,,,,,,3,,,,,,,,,
13.547689,9115,20667734,,177.08563232,4.35630894,-156.91932678,,,,,-0.55363661,2.26316047,-9.72298527,-0.86657953,1.54551816,0.02478898,-0.87102126,6.30009008,2.64626800,-0.06796776,0.39685526,0.75362772,,,,,,,3,,,,,,,,,
13.557677,9116,20667834,,177.06031799,4.28546810,-156.94250488,,,,,0.45605409,0.38581666,-10.53733349,-1.08239400,-0.63552648,0.66233516,-2.46995905,0.34983076,-2.09897796,-0.06763155,0.39636549,0.76302207,,,,,,,3,,,,,,,,,
13.567615,9117,20667934,,177.02142334,4.29268122,-156.89704895,,,,,0.61904824,-0.43579271,-10.13171959,-0.88626707,-1.42671776,0.20751572,1.42495494,-4.05063942,-2.10286690,-0.06207059,0.39386764,0.77290559,,,,,,,3,,,,,,,,,
13.577681,9118,20668034,,177.04306030,4.35752869,-156.85444641,,,,,-0.39697656,-2.88393712,-8.31930733,1.09450495,-3.13840437,-1.64681804,1.69690191,-1.70361332,2.70817684,-0.05985117,0.39815080,0.77150029,,,,,,,3,,,,,,,,,
13.587577,9119,20668134,,177.09104919,4.36538029,-156.88395691,,,,,-1.82765687,2.65022421,-8.95010185,0.19550872,2.45854592,-0.63074803,-0.40786040,4.23989542,6.27543053,-0.05841051,0.39957175,0.75965577,,,,,,,3,,,,,,,,,
13.597591,9120,20668234,,177.07284546,4.29841232,-156.98402405,,,,,-0.03453959,1.61350691,-11.24141216,-1.15362144,0.63163435,1.46354294,-1.65289223,1.74185416,1.72998788,-0.06651540,0.39922968,0.75614637,,,,,,,3,,,,,,,,,
13.607607,9121,20668334,,177.05696106,4.26400614,-157.00592041,,,,,0.31797841,1.41174090,-9.75919628,-1.31838048,0.42172682,-0.04526222,-3.35846335,0.36451644,-1.19515098,-0.07046154,0.39689314,0.76301622,,,,,,,3,,,,,,,,,
13.617614,9122,20668434,,177.00733948,4.26108265,-156.97583008,,,,,0.55712098,-1.16921139,-10.45946312,-0.54881161,-2.09717941,0.50408840,0.00556645,-1.68937397,-2.20581834,-0.06206027,0.40011162,0.76310933,,,,,,,3,,,,,,,,,
13.627572,9123,20668534,,177.00993347,4.29295206,-156.91978455,,,,,-0.30902448,-2.08568525,-8.57528687,0.69521236,-2.46024108,-1.35692942,0.29975019,-4.18666605,0.89040144,-0.06230351,0.40395778,0.75822139,,,,,,,3,,,,,,,,,
13.637628,9124,20668634,,177.03121948,4.33256865,-156.93276978,,,,,-1.60630023,1.81350470,-8.77486324,0.34212393,1.61064005,-0.86009955,-2.81324777,2.87981949,4.97113846,-0.06680495,0.39971218,0.76159495,,,,,,,3,,,,,,,,,
13.647585,9125,20668734,,176.99000549,4.27731943,-157.01832581,,,,,-0.47780216,3.36532640,-11.43309975,-1.42043591,2.38295913,1.78709447,-6.54898900,6.36618625,3.16286701,-0.07651596,0.40131322,0.76701391,,,,,,,3,,,,,,,,,
13.657683,9126,20668834,,176.92774963,4.19136381,-157.05722046,,,,,0.25263354,-0.66377354,-10.39640236,-0.44802463,-1.52201200,0.48108923,-3.81389012,-0.04042772,-3.65544382,-0.07371991,0.39982685,0.76552016,,,,,,,3,,,,,,,,,
13.667610,9127,20668934,,176.88624573,4.20125198,-157.00573730,,,,,0.82916731,-0.56352109,-9.28089809,-0.96677852,-1.57304156,-0.66817427,-3.90019682,-4.33778697,-0.17711566,-0.06137193,0.39481866,0.76649231,,,,,,,3,,,,,,,,,
13.677586,9128,20669034,,176.86967468,4.27967548,-156.96176147,,,,,-0.16854542,-0.94875765,-9.70737076,0.07061067,-1.57627141,-0.18463564,4.02047688,-4.06299737,-0.86459000,-0.05801027,0.40148538,0.75869858,,,,,,,3,,,,,,,,,
13.687711,9129,20669134,,176.91526794,4.31580925,-156.96212769,,,,,-1.82106900,-0.62457603,-8.74074364,1.50382555,-0.55819678,-1.00787616,-1.15808344,1.23765632,3.19322891,-0.05815543,0.39909026,0.75321758,,,,,,,3,,,,,,,,,
13.697684,9130,20669234,,176.91874695,4.26173019,-157.02551270,,,,,-0.24510683,4.72035503,-11.39882755,-2.15730476,3.52795601,1.81467319,-3.66953407,6.26900802,3.22078595,-0.06645281,0.39490893,0.75558352,,,,,,,3,,,,,,,,,
13.707707,9131,20669334,,176.85449219,4.17641783,-157.06378174,,,,,0.51981461,-0.80927795,-10.06531239,-0.61281109,-1.74250984,0.12166762,-3.68857237,-0.20958812,-4.65106982,-0.07732764,0.39557266,0.75405520,,,,,,,3,,,,,,,,,
13.717657,9132,20669434,,176.80545044,4.18683147,-157.01310730,,,,,0.43982381,-0.42767560,-9.08929443,-0.64456940,-1.29155803,-0.82177949,-4.98545411,-1.23758225,-1.11255276,-0.06696095,0.39203283,0.76642019,,,,,,,3,,,,,,,,,
13.727710,9133,20669534,,176.77072144,4.23616552,-156.96183777,,,,,-0.10206039,-1.89444613,-10.55911446,0.35788155,-2.55071282,0.60660315,2.11503552,-2.48510691,-0.82617253,-0.05875371,0.39429134,0.77391845,,,,,,,3,,,,,,,,,
13.737642,9134,20669634,,176.81974792,4.25810242,-156.95358276,,,,,-2.12413406,0.61498833,-8.19754410,1.33643043,0.72943968,-1.45947349,-3.18519405,1.78968224,5.12552080,-0.06279135,0.39532253,0.76649314,,,,,,,3,,,,,,,,,
13.747733,9135,20669734,,176.80513000,4.21823931,-157.03642273,,,,,-0.54549438,3.41143346,-11.24859333,-1.35095501,2.43921828,1.61573076,-1.18838312,3.14960150,1.31783185,-0.06135316,0.39193887,0.76545727,,,,,,,3,,,,,,,,,
13.757676,9136,20669834,,176.79666138,4.17161751,-157.05818176,,,,,0.49373597,0.32817248,-10.39896011,-1.04904890,-0.72602582,0.51958442,-0.28439075,-1.14961699,-4.96770843,-0.06677042,0.39010772,0.77084345,,,,,,,3,,,,,,,,,
13.767647,9137,20669934,,176.80564880,4.18774796,-156.99589539,,,,,0.33969000,-0.11909293,-9.25297928,-0.68397951,-0.98094517,-0.63218820,1.93702906,-3.55074257,-3.92029166,-0.06566662,0.39056695,0.77580386,,,,,,,3,,,,,,,,,
13.777657,9138,20670034,,176.82926941,4.24370956,-156.93901062,,,,,0.22142415,-2.56314063,-10.23766518,0.32936651,-3.25408888,0.22665858,7.02727983,-6.52507523,-0.34276920,-0.05453141,0.39566001,0.77445608,,,,,,,3,,,,,,,,,
13.787611,9139,20670134,,176.93760681,4.32905674,-156.92396545,,,,,-1.46846604,0.16605660,-7.88019085,0.90455568,0.10308397,-1.84996688,7.81130230,-3.73429067,1.99876073,-0.05205588,0.39754221,0.76559263,,,,,,,3,,,,,,,,,
13.797663,9140,20670234,,177.02056885,4.34385872,-156.96881104,,,,,-0.75762880,2.69492531,-11.33599949,-0.91004109,1.89074278,1.67288041,4.63124776,3.93090748,2.42701253,-0.05492264,0.39567745,0.74971640,,,,,,,3,,,,,,,,,
13.807625,9141,20670334,,177.04872131,4.27606678,-157.01629639,,,,,-0.05136146,2.02802777,-10.47580719,-1.25729370,1.07642245,0.72656512,2.34962990,-0.46932444,-2.74463126,-0.06425694,0.39487392,0.75114119,,,,,,,3,,,,,,,,,
13.817615,9142,20670434,,177.05642700,4.27079391,-156.98486328,,,,,0.39113975,-0.84949678,-9.22223282,-0.46339136,-1.63454497,-0.70251691,3.20127722,-4.58268768,-6.31915826,-0.06273814,0.39244169,0.76644784,,,,,,,3,,,,,,,,,
13.827638,9143,20670534,,177.08403015,4.34111881,-156.89360046,,,,,0.41982847,-1.13439882,-9.77720642,-0.42318159,-1.95270360,-0.16773415,4.22732062,-5.24361136,-1.37123507,-0.05814416,0.39140007,0.77634954,,,,,,,3,,,,,,,,,
13.837617,9144,20670634,,177.13560486,4.41593742,-156.86955261,,,,,-1.14957476,-0.76188952,-9.09943104,0.89251173,-0.94747889,-0.70389616,4.18416065,-2.38576096,2.35039274,-0.05888471,0.39765435,0.77199203,,,,,,,3,,,,,,,,,
13.847638,9145,20670734,,177.19616699,4.43699169,-156.90391541,,,,,-1.65046954,2.74501562,-10.01931000,-0.08196551,2.40066886,0.42867517,-0.93765680,-0.28504418,2.18241086,-0.05883737,0.39909849,0.76063567,,,,,,,3,,,,,,,,,
13.857651,9146,20670834,,177.17323303,4.41253757,-156.95780945,,,,,0.17552879,1.39962769,-11.06497574,-1.28545165,0.37508452,1.25575471,0.27895162,-3.37517384,-4.62263703,-0.06573358,0.39633334,0.76352584,,,,,,,3,,,,,,,,,
13.867681,9147,20670934,,177.18463135,4.42639208,-156.90524292,,,,,0.47131819,0.79455191,-9.08561516,-1.21409166,-0.14338875,-0.76591384,0.23303882,-3.63421986,-6.13709188,-0.06525801,0.39296022,0.77534908,,,,,,,3,,,,,,,,,
13.877655,9148,20671034,,177.18290710,4.47388601,-156.82580566,,,,,0.23655456,-1.34475446,-10.15414524,-0.21706200,-2.09592485,0.21613026,3.77583743,-5.14434096,-4.09558292,-0.05453977,0.39518037,0.77395368,,,,,,,3,,,,,,,,,
13.887634,9149,20671134,,177.24108887,4.54534531,-156.76547241,,,,,-0.36080277,-2.30236363,-8.52564430,0.78980041,-2.61588717,-1.40241456,5.26896715,-7.33961541,-0.91078235,-0.05326610,0.40284461,0.76072294,,,,,,,3,,,,,,,,,
13.897662,9150,20671234,,177.31062317,4.62049913,-156.75790405,,,,,-1.38029778,2.68707681,-9.29604053,-0.29885501,2.31019402,-0.32150483,1.57131874,0.79661825,2.39709096,-0.05788668,0.40532663,0.75084382,,,,,,,3,,,,,,,,,
13.907765,9151,20671334,,177.31330872,4.58209705,-156.81552124,,,,,-0.39601228,1.73141432,-11.62495136,-0.95732164,0.87571633,1.87164354,0.32932982,1.99808390,-3.13785870,-0.06478135,0.39968222,0.75220418,,,,,,,3,,,,,,,,,
13.917645,9152,20671434,,177.33129883,4.53567505,-156.78797913,,,,,-0.25799239,1.59751105,-9.24189568,-0.89971060,0.87793291,-0.51835370,-0.30549438,-2.11838552,-7.29863086,-0.06693339,0.39827630,0.75711870,,,,,,,3,,,,,,,,,
13.927654,9153,20671534,,177.31391907,4.56511593,-156.70314026,,,,,0.88977331,-0.84274095,-10.48027420,-1.05223203,-1.90527058,0.51172781,3.41331575,-5.99423933,-6.80969006,-0.06388883,0.39918199,0.76407498,,,,,,,3,,,,,,,,,
13.937643,9154,20671634,,177.36415100,4.65948820,-156.60903931,,,,,0.12769300,-2.54732752,-8.62750530,0.41646957,-3.02946615,-1.35097933,4.38347155,-6.14585886,-2.30973220,-0.05835354,0.40580845,0.76470238,,,,,,,3,,,,,,,,,
13.947704,9155,20671734,,177.41722107,4.73814201,-156.57815552,,,,,-1.89325619,1.06743014,-8.83371735,0.80283892,1.06866872,-0.82023704,1.53821847,-1.08338646,-0.05871796,-0.05389440,0.40861571,0.75932688,,,,,,,3,,,,,,,,,
13.957733,9156,20671834,,177.44303894,4.73336124,-156.60807800,,,,,-0.42279795,2.41862130,-11.42374611,-1.24251032,1.53383303,1.70373356,0.01095341,-2.54140987,-2.11671106,-0.05776506,0.40340355,0.75328779,,,,,,,3,,,,,,,,,
13.967719,9157,20671934,,177.43864441,4.72678614,-156.60818481,,,,,-0.38117695,1.97297108,-9.13721657,-0.97105753,1.27852964,-0.59664559,-0.86533668,-2.48936191,-7.17388685,-0.06543721,0.39920980,0.76010954,,,,,,,3,,,,,,,,,
13.977718,9158,20672034,,177.42800903,4.73674536,-156.52882385,,,,,1.16695523,-0.27943403,-11.44974327,-1.61278462,-1.56832385,1.47750735,1.35010290,-2.57351283,-8.13134874,-0.06474408,0.40111485,0.76756459,,,,,,,3,,,,,,,,,
13.987648,9159,20672134,,177.44201660,4.77964687,-156.41867065,,,,,-0.06105936,-2.70386577,-7.96296167,0.68435740,-3.04090452,-2.00002170,2.58651985,-7.53503908,-4.71501491,-0.06072221,0.40680829,0.76470637,,,,,,,3,,,,,,,,,
13.997690,9160,20672234,,177.49305725,4.85854006,-156.35403442,,,,,-1.12955880,0.49293488,-8.77039623,0.31661016,0.25022566,-0.96959686,2.97151243,0.35633969,-1.35712401,-0.05917919,0.41014570,0.75685078,,,,,,,3,,,,,,,,,
14.007664,9161,20672334,,177.53820801,4.84596443,-156.36306763,,,,,-0.67100817,2.20780277,-11.46134853,-0.95204049,1.44400442,1.74990010,-0.11997441,4.84379129,-0.75327446,-0.05832344,0.40725309,0.75285119,,,,,,,3,,,,,,,,,
14.017617,9162,20672434,,177.53178406,4.75664091,-156.38247681,,,,,-0.83843684,1.75847507,-9.16204166,-0.48140085,1.27327752,-0.54742444,-1.00867967,4.37346233,-6.80801496,-0.06446980,0.40639722,0.75132257,,,,,,,3,,,,,,,,,
14.027741,9163,20672534,,177.52941895,4.69400644,-156.30987549,,,,,1.11916494,0.68875182,-11.31222057,-1.95000613,-0.64127600,1.38436592,1.40550149,0.94045600,-9.07755619,-0.06849371,0.40454286,0.75622058,,,,,,,3,,,,,,,,,
14.037738,9164,20672634,,177.53402710,4.70034313,-156.19351196,,,,,0.19524926,-1.83027387,-8.70570278,0.06574050,-2.38235950,-1.24139500,1.94981581,-1.55621357,-5.87888853,-0.06167827,0.40394533,0.76267719,,,,,,,3,,,,,,,,,
14.047679,9165,20672734,,177.56883240,4.75468111,-156.11000061,,,,,-0.80360544,-1.23616397,-8.83845806,0.72375858,-1.44611669,-0.99930894,3.41350550,1.74613978,-4.03664906,-0.05473977,0.40814885,0.76178902,,,,,,,3,,,,,,,,,
14.057754,9166,20672834,,177.62643433,4.74412203,-156.07528687,,,,,-1.11864805,1.38136482,-10.11639118,-0.12766975,0.98758841,0.41030598,0.50204873,2.80969693,-1.02776781,-0.05773418,0.41012093,0.75784713,,,,,,,3,,,,,,,,,
14.067660,9167,20672934,,177.62265015,4.69176960,-156.09785461,,,,,-0.77125907,3.25780463,-9.59378815,-1.17913628,2.59888005,-0.06154966,-1.80901744,4.32192044,-3.70544678,-0.06597885,0.40401858,0.76067775,,,,,,,3,,,,,,,,,
14.077669,9168,20673034,,177.60549927,4.62019682,-156.07177734,,,,,-0.15041958,0.03955335,-11.04437923,-0.49715120,-0.69045258,1.19620204,-1.86100521,4.91688200,-9.41846716,-0.06761688,0.40116385,0.76606667,,,,,,,3,,,,,,,,,
14.087686,9169,20673134,,177.58517456,4.55672789,-155.96203613,,,,,0.92855078,1.04341364,-10.76881695,-1.86906552,-0.19573301,0.87700605,-1.57688577,-0.51768464,-7.72178499,-0.06709705,0.40499350,0.76959324,,,,,,,3,,,,,,,,,
14.097667,9170,20673234,,177.57603455,4.58867645,-155.85479736,,,,,-0.45406651,-2.70504236,-7.45394468,1.11853898,-2.81111455,-2.46326351,3.67789081,-2.03095590,-7.38423021,-0.06627881,0.40786049,0.76766372,,,,,,,3,,,,,,,,,
14.107734,9171,20673334,,177.64358521,4.62619257,-155.76876831,,,,,-0.36368981,-0.31941405,-9.79459763,-0.08346301,-0.83443499,-0.04549313,2.41453121,4.44515413,-2.14139024,-0.06420506,0.41070834,0.76128733,,,,,,,3,,,,,,,,,
14.117744,9172,20673434,,177.68569946,4.57571888,-155.75642395,,,,,-1.12924099,2.09616661,-10.08724213,-0.39719605,1.66817665,0.40564144,2.17519562,6.08102969,-2.34338326,-0.06208594,0.40923595,0.75385326,,,,,,,3,,,,,,,,,
14.127692,9173,20673534,,177.69560242,4.49403667,-155.77449036,,,,,-1.15064549,1.45612848,-9.73509502,-0.08702749,1.12153411,0.03221393,-2.47754568,5.22049672,-4.77388815,-0.07288982,0.40605855,0.75226444,,,,,,,3,,,,,,,,,
14.137636,9174,20673634,,177.68460083,4.42203331,-155.72210693,,,,,0.17247804,2.18354201,-10.78273201,-1.63499212,1.17048836,1.00346971,-0.80880832,4.48858773,-8.29399092,-0.07782954,0.40661865,0.75917518,,,,,,,3,,,,,,,,,
14.147632,9175,20673734,,177.66429138,4.37152815,-155.62348938,,,,,0.86577702,-0.62147665,-10.49778652,-1.07414329,-1.64316893,0.55370212,0.91751158,-0.08381907,-9.60619405,-0.07242568,0.40796441,0.76664501,,,,,,,3,,,,,,,,,
14.157637,9176,20673834,,177.66735840,4.39932585,-155.50563049,,,,,-0.22441779,-2.89364052,-7.72656059,1.00841022,-3.06845880,-2.21788383,0.00467126,-1.70284108,-4.96740320,-0.06997240,0.40984133,0.77064508,,,,,,,3,,,,,,,,,
14.167639,9177,20673934,,177.69374084,4.44095278,-155.43725586,,,,,-0.88775188,0.81698102,-9.39585972,-0.03081352,0.46320081,-0.35624981,1.26045634,3.37187336,-2.14148116,-0.06900542,0.40838510,0.77062690,,,,,,,3,,,,,,,,,
14.177635,9178,20674034,,177.72245789,4.40136862,-155.42996216,,,,,-0.84511042,0.96381891,-10.53514862,-0.19075459,0.51038265,0.78388739,1.59698222,5.50224842,-2.91661201,-0.07276291,0.41037372,0.75827056,,,,,,,3,,,,,,,,,
14.187707,9179,20674134,,177.74656677,4.32173920,-155.43356323,,,,,-1.32536674,2.57917786,-8.71635342,-0.32856107,2.30149221,-0.92355299,-3.58434582,5.85025382,-3.11849490,-0.07853358,0.40903285,0.75376755,,,,,,,3,,,,,,,,,
14.197687,9180,20674234,,177.71626282,4.24552345,-155.40948486,,,,,-0.16031794,1.58547020,-11.49245930,-1.09816515,0.72971869,1.71263206,-0.58278573,5.17642578,-8.36801138,-0.08257473,0.40717897,0.75817072,,,,,,,3,,,,,,,,,
14.207648,9181,20674334,,177.70852661,4.19732380,-155.31541443,,,,,0.98457885,-0.40690595,-11.20056534,-1.27683091,-1.53156841,1.25595856,1.93882155,-2.10793384,-8.83328814,-0.07961630,0.40808719,0.76265281,,,,,,,3,,,,,,,,,
14.217687,9182,20674434,,177.72093201,4.23096943,-155.20387268,,,,,-0.66140771,-2.43919802,-7.01565981,1.28011632,-2.40408969,-2.87403226,0.02856975,-2.25111232,-5.22357116,-0.07406224,0.41183382,0.76224524,,,,,,,3,,,,,,,,,
14.227706,9183,20674534,,177.74520874,4.28108978,-155.12623596,,,,,-0.20714974,0.74626708,-9.64895153,-0.61672163,0.11658168,-0.15579915,3.63227069,-0.28773989,-3.80677434,-0.07413167,0.41279563,0.76077580,,,,,,,3,,,,,,,,,
14.237718,9184,20674634,,177.78691101,4.27769375,-155.10209656,,,,,-0.79526353,-0.33014539,-10.36716557,0.33459651,-0.65305561,0.56304395,1.08675748,4.37452912,-1.37590212,-0.07689121,0.41044191,0.76121944,,,,,,,3,,,,,,,,,
14.247708,9185,20674734,,177.80043030,4.22531128,-155.11814880,,,,,-1.32383883,3.31678176,-9.60449409,-0.68478346,2.92019558,-0.01226115,-5.37060336,5.96296389,-1.58097706,-0.08072162,0.41050726,0.75922227,,,,,,,3,,,,,,,,,
14.257689,9186,20674834,,177.73565674,4.12677526,-155.11489868,,,,,-0.57106781,1.20461333,-10.10196781,-0.48445231,0.65686154,0.33897853,-2.92805365,4.29285073,-8.79401711,-0.08427483,0.40768516,0.76361257,,,,,,,3,,,,,,,,,
14.267696,9187,20674934,,177.71134949,4.07349443,-155.01684570,,,,,1.30218565,0.31895900,-11.77077675,-1.86817431,-1.04632878,1.83299303,-2.96306050,1.46435798,-7.77962388,-0.08497196,0.40385485,0.76849604,,,,,,,3,,,,,,,,,
14.277665,9188,20675034,,177.67265320,4.08249044,-154.91305542,,,,,-0.58072686,-1.82703543,-7.44783878,0.95813465,-1.90741038,-2.42274451,-0.93027977,-1.80669752,-5.82216082,-0.07377517,0.40654674,0.76760530,,,,,,,3,,,,,,,,,
14.287756,9189,20675134,,177.68324280,4.13651228,-154.83721924,,,,,-0.43570870,-1.27233589,-9.33070183,0.49473816,-1.59325504,-0.53409147,0.36060074,-0.15291138,-3.60626219,-0.07010137,0.40936524,0.76667881,,,,,,,3,,,,,,,,,
14.297673,9190,20675234,,177.70625305,4.14756441,-154.80252075,,,,,-0.71291578,1.08123100,-10.14569473,-0.30057210,0.60078204,0.38929009,-0.16893825,2.87234107,-1.33764933,-0.07769223,0.40757436,0.76364386,,,,,,,3,,,,,,,,,
14.307688,9191,20675334,,177.71467590,4.10080194,-154.82165527,,,,,-1.32279527,1.76333213,-9.28323078,0.00087845,1.53214550,-0.39805341,-2.47225954,5.64920976,-1.43847925,-0.08573604,0.40579090,0.76110148,,,,,,,3,,,,,,,,,
14.317704,9192,20675434,,177.68907166,4.02637482,-154.83564758,,,,,-1.19221544,1.41958892,-9.97550297,0.00711304,1.11742997,0.26978397,-4.54352807,2.80255554,-4.36884470,-0.08649963,0.40676722,0.75319695,,,,,,,3,,,,,,,,,
14.327698,9193,20675534,,177.64645386,3.97600770,-154.78042603,,,,,0.70596099,2.05731010,-11.57968807,-2.04281855,0.77770770,1.76044953,-1.75256720,0.64610756,-7.55937675,-0.08584829,0.40627408,0.75813997,,,,,,,3,,,,,,,,,
14.337777,9194,20675634,,177.62622070,3.97632623,-154.69740295,,,,,0.26399904,-1.13970959,-9.16082382,-0.15375030,-1.75799143,-0.74952149,-1.00957912,-2.57757465,-6.00758936,-0.08421429,0.40720353,0.76508951,,,,,,,3,,,,,,,,,
14.347809,9195,20675734,,177.62344360,4.02013350,-154.59976196,,,,,-0.66591078,-2.94191790,-8.06373692,1.50907218,-2.91078234,-1.84991026,1.69109315,-3.38704577,-5.05559333,-0.07857306,0.40902808,0.76613623,,,,,,,3,,,,,,,,,
14.357694,9196,20675834,,177.65310669,4.08456945,-154.55062866,,,,,0.04959900,1.09895623,-10.72679424,-1.01107872,0.24666476,0.91550994,1.15282046,0.15307660,-0.05177771,-0.07773708,0.41093484,0.76419157,,,,,,,3,,,,,,,,,
14.367843,9197,20675934,,177.68685913,4.06238413,-154.56121826,,,,,-1.33033907,1.34328914,-8.93409538,0.20771319,1.18273473,-0.76464045,1.12702998,4.47766797,-0.43663823,-0.08364508,0.40863824,0.75521994,,,,,,,3,,,,,,,,,
14.377692,9198,20676034,,177.69461060,3.98107743,-154.59545898,,,,,-1.45490408,1.29961646,-9.32153034,0.32963908,1.17131805,-0.36873388,-4.83870664,6.40176342,-2.17339885,-0.09026112,0.40683052,0.75317907,,,,,,,3,,,,,,,,,
14.387680,9199,20676134,,177.65031433,3.88373494,-154.57533264,,,,,0.45405370,2.52409005,-11.96416664,-2.01850724,1.28394604,2.18428588,-0.82414562,5.86977663,-5.41823496,-0.08859111,0.40487966,0.75958842,,,,,,,3,,,,,,,,,
14.397714,9200,20676234,,177.63052368,3.81639481,-154.50366211,,,,,0.41876867,-0.45777336,-9.70884609,-0.58016789,-1.23328352,-0.18122196,-0.18094429,2.15241566,-7.11556387,-0.08375143,0.40479645,0.76356947,,,,,,,3,,,,,,,,,
14.407804,9201,20676334,,177.63053894,3.81199098,-154.40980530,,,,,-0.39617419,-3.01863718,-7.53078556,1.35936129,-3.04161358,-2.40737963,-0.61929773,0.92909559,-4.02296947,-0.08389027,0.40672004,0.76063067,,,,,,,3,,,,,,,,,
14.417834,9202,20676434,,177.63882446,3.83815145,-154.35305786,,,,,-0.05859075,0.40942466,-10.29944992,-0.55334806,-0.28389454,0.47212958,2.09158364,4.44178258,-0.44547969,-0.08241131,0.40765402,0.76312667,,,,,,,3,,,,,,,,,
14.427676,9203,20676534,,177.67526245,3.80556726,-154.35951233,,,,,-1.45154178,0.94391650,-10.06626987,0.47903132,0.82128662,0.35306025,1.33338526,6.20330886,0.95325300,-0.08539584,0.40722647,0.75815731,,,,,,,3,,,,,,,,,
14.437764,9204,20676634,,177.70869446,3.74030161,-154.39886475,,,,,-1.52718914,1.28025985,-8.25813389,0.47404325,1.27643454,-1.42703557,-1.81166029,2.75627119,-0.91008439,-0.09303942,0.40735665,0.75465775,,,,,,,3,,,,,,,,,
14.447728,9205,20676734,,177.66818237,3.68920207,-154.40823364,,,,,-0.64311868,2.37823462,-10.95045948,-0.88952422,1.70446086,1.24714208,-4.60962125,5.24647790,-2.86282384,-0.09553269,0.40643471,0.76353633,,,,,,,3,,,,,,,,,
14.457724,9206,20676834,,177.62615967,3.61544538,-154.36621094,,,,,0.55844849,1.85378122,-12.01329422,-1.77492523,0.64730763,2.20537329,0.07352573,0.47212439,-6.22169914,-0.09113658,0.40491903,0.76749241,,,,,,,3,,,,,,,,,
14.467721,9207,20676934,,177.59796143,3.61986208,-154.28506470,,,,,-0.14487910,-3.54124045,-7.63935280,1.39293242,-3.61666656,-2.34023571,-3.72014449,-5.43331346,-6.06719386,-0.09353920,0.40496013,0.76599675,,,,,,,3,,,,,,,,,
14.477793,9208,20677034,,177.57798767,3.69469404,-154.19105530,,,,,0.00411834,-0.51325351,-8.44692039,-0.10450214,-1.02048123,-1.41698194,-1.35268193,-0.47551505,-1.62248924,-0.09400306,0.40928677,0.76853675,,,,,,,3,,,,,,,,,
14.487723,9209,20677134,,177.58195496,3.71330190,-154.17103577,,,,,-1.00216269,0.53438783,-10.98792553,0.23859417,0.19281042,1.22392917,1.19990874,5.29907932,1.14535581,-0.09294645,0.41071305,0.75916421,,,,,,,3,,,,,,,,,
14.497800,9210,20677234,,177.62164307,3.65319109,-154.20939636,,,,,-1.05225027,1.06412864,-8.82760048,0.13239300,0.83282673,-0.89779341,-1.54536285,0.54839013,0.32987476,-0.09626565,0.40789592,0.74327064,,,,,,,3,,,,,,,,,
14.507678,9211,20677334,,177.59388733,3.62350345,-154.23803711,,,,,-1.28069866,1.92947924,-9.31951618,-0.04511964,1.67654610,-0.35642529,-5.33450837,6.35472049,-1.43502403,-0.09934083,0.40650532,0.74867553,,,,,,,3,,,,,,,,,
14.517678,9212,20677434,,177.54350281,3.53082967,-154.21670532,,,,,0.02580995,2.48442912,-12.55140114,-1.56734681,1.39356303,2.80760026,-2.53416880,3.76427520,-5.36102188,-0.09811645,0.40696102,0.75709981,,,,,,,3,,,,,,,,,
14.527668,9213,20677534,,177.50523376,3.49848270,-154.15776062,,,,,0.28889799,-1.47025073,-8.97737503,0.07305944,-2.03725433,-0.94516897,-1.07646225,-6.25192913,-6.80705575,-0.09898842,0.40793458,0.75958467,,,,,,,3,,,,,,,,,
14.537649,9214,20677634,,177.49171448,3.58189726,-154.05654907,,,,,-0.05108523,-2.10119772,-7.84705639,0.68346393,-2.38696885,-2.08518791,-3.88072566,-2.01347296,-2.54880398,-0.09984315,0.40890768,0.76256430,,,,,,,3,,,,,,,,,
14.547660,9215,20677734,,177.46946716,3.62863588,-154.01885986,,,,,-0.55273604,0.98992956,-10.27237892,-0.31936729,0.43756115,0.50257683,0.13956668,1.70553217,-0.20589241,-0.09500296,0.40786469,0.76603544,,,,,,,3,,,,,,,,,
14.557734,9216,20677834,,177.48474121,3.61420178,-154.02618408,,,,,-1.24570489,-0.16178839,-9.77185440,0.82569605,-0.25904787,0.00023389,-1.41588968,0.58579832,-0.37620002,-0.09944973,0.40746239,0.75957489,,,,,,,3,,,,,,,,,
14.567801,9217,20677934,,177.48765564,3.59253263,-154.05169678,,,,,-1.20931983,1.98571551,-8.79983425,-0.10973686,1.71644902,-0.87474740,-4.92987772,3.86068289,0.12683541,-0.10385319,0.40657890,0.75409645,,,,,,,3,,,,,,,,,
14.577790,9218,20678034,,177.43368530,3.51739073,-154.06547546,,,,,-1.09187710,2.11273336,-10.99223328,-0.33512568,1.62875164,1.30743623,-3.60791680,5.06515687,-4.04964947,-0.10188580,0.40558496,0.75606960,,,,,,,3,,,,,,,,,
14.587820,9219,20678134,,177.40293884,3.45501804,-154.01681519,,,,,0.82482082,1.14426780,-11.68958378,-1.64777637,-0.12797773,1.83792138,-0.14156857,-4.20495132,-7.22870424,-0.09981503,0.40458795,0.76101178,,,,,,,3,,,,,,,,,
14.597799,9220,20678234,,177.39256287,3.51674557,-153.92980957,,,,,-0.23617935,-2.90271211,-7.33157158,1.24069762,-2.99601841,-2.62316275,-0.73465739,-3.85698990,-4.12664534,-0.09732780,0.40742365,0.76651150,,,,,,,3,,,,,,,,,
14.607631,9221,20678334,,177.39093018,3.58966732,-153.86231995,,,,,-0.02867243,-0.58941722,-9.39520550,-0.04912162,-1.15877032,-0.47482336,-0.91409275,-3.13417083,-1.57594620,-0.09596056,0.40788102,0.76553613,,,,,,,3,,,,,,,,,
14.617734,9222,20678434,,177.39733887,3.61754823,-153.84118652,,,,,-0.57091886,0.52092594,-10.19629574,-0.08892867,0.02078068,0.40677500,2.49654001,0.13254023,-1.33938099,-0.09667246,0.40885580,0.75911611,,,,,,,3,,,,,,,,,
14.627701,9223,20678534,,177.44279480,3.61077523,-153.85523987,,,,,-1.37227511,1.06887496,-9.61517906,0.41086128,0.90420938,-0.09342277,-2.36419143,5.02208997,0.82561747,-0.10196459,0.40798664,0.75511771,,,,,,,3,,,,,,,,,
14.637817,9224,20678634,,177.41598511,3.52303863,-153.89082336,,,,,-1.57464516,2.25145197,-9.04443169,0.09756708,2.09248471,-0.59655046,-4.21237915,4.89810538,-2.17138565,-0.10182472,0.40414351,0.75703663,,,,,,,3,,,,,,,,,
14.647693,9225,20678734,,177.37203979,3.44520092,-153.87033081,,,,,0.65679324,1.64365625,-12.40046024,-1.73568940,0.33767855,2.58275938,-0.59375630,2.27012180,-5.95289790,-0.09965008,0.40218374,0.76443785,,,,,,,3,,,,,,,,,
14.657824,9226,20678834,,177.36444092,3.42746353,-153.79251099,,,,,0.20567133,-0.29620579,-9.35962391,-0.35783011,-0.99145311,-0.50752616,0.13599631,-1.89924167,-5.87736668,-0.09905093,0.40265188,0.76840639,,,,,,,3,,,,,,,,,
14.667753,9227,20678934,,177.34989929,3.48371196,-153.71398926,,,,,-0.70990336,-3.45336461,-7.55887604,1.92124987,-3.29076672,-2.39400291,-0.73078643,-4.23042963,-3.46466959,-0.09764976,0.40406802,0.76893055,,,,,,,3,,,,,,,,,
14.677696,9228,20679034,,177.36528015,3.54607224,-153.66531372,,,,,0.51811814,1.14072573,-10.79608059,-1.34271276,0.05327892,0.96750402,1.92153563,-0.56863699,0.47002640,-0.09529985,0.40594798,0.76996166,,,,,,,3,,,,,,,,,
14.687824,9229,20679134,,177.40374756,3.55014634,-153.68164062,,,,,-1.61075497,0.31136304,-9.66800594,0.96769041,0.33340776,-0.06473255,1.35289975,4.02028648,1.40145151,-0.09683101,0.40597528,0.76649106,,,,,,,3,,,,,,,,,
14.697858,9230,20679234,,177.42671204,3.49635220,-153.72789001,,,,,-1.56186557,1.90206099,-9.25971317,0.22947472,1.76290476,-0.39804554,-2.70388897,1.38046042,-0.67602000,-0.10454299,0.40514773,0.76050216,,,,,,,3,,,,,,,,,
14.707727,9231,20679334,,177.39874268,3.45373535,-153.73960876,,,,,-0.41395569,1.55883896,-10.25068951,-0.66648448,0.88425803,0.50222254,-0.45992066,3.28705074,-3.09520887,-0.10767037,0.40471843,0.76493251,,,,,,,3,,,,,,,,,
14.717782,9232,20679434,,177.39521790,3.40380359,-153.69618225,,,,,0.66819715,1.72312522,-12.13000774,-1.76450038,0.42470503,2.31851363,-0.37572350,-1.51640818,-4.49158277,-0.10038422,0.40315324,0.77088141,,,,,,,3,,,,,,,,,
14.727768,9233,20679534,,177.38136292,3.43481827,-153.64175415,,,,,-0.38081127,-2.49290872,-7.59834051,1.21140456,-2.57212710,-2.32455873,2.27150555,-7.14496612,-4.90794299,-0.09753700,0.40262508,0.77138209,,,,,,,3,,,,,,,,,
14.737745,9234,20679634,,177.40762329,3.53143191,-153.56256104,,,,,0.24321845,-1.58875132,-9.24442863,0.17587477,-2.15518379,-0.68357384,1.65951879,-0.63854990,-0.31394676,-0.09674385,0.40405321,0.76794535,,,,,,,3,,,,,,,,,
14.747806,9235,20679734,,177.44079590,3.54747605,-153.56166077,,,,,-0.98880613,1.11212444,-10.27613926,0.02908039,0.74022657,0.53886414,2.65729193,1.68840494,2.92567781,-0.09835432,0.40744200,0.76403284,,,,,,,3,,,,,,,,,
14.757739,9236,20679834,,177.46398926,3.51942396,-153.61782837,,,,,-1.21422601,1.13490844,-9.79980659,0.23523921,0.89245629,0.08350718,-2.15146306,2.36944470,0.85289453,-0.10459620,0.40802854,0.76054752,,,,,,,3,,,,,,,,,
14.767713,9237,20679934,,177.44068909,3.46452475,-153.65541077,,,,,-1.04285240,2.19554639,-9.59953117,-0.37062013,1.77967751,-0.07973456,-4.06491281,5.01049828,-0.45216301,-0.10668615,0.40326169,0.76540917,,,,,,,3,,,,,,,,,
14.777719,9238,20680034,,177.40045166,3.39139652,-153.64010620,,,,,-0.08434051,1.11183345,-11.22823238,-0.78814012,0.27459764,1.43418944,-1.92209015,0.36915748,-3.82637784,-0.10134131,0.40220982,0.76987219,,,,,,,3,,,,,,,,,
14.787774,9239,20680134,,177.37246704,3.38497090,-153.59637451,,,,,0.83000177,-0.41644517,-9.86695766,-0.87143612,-1.41026330,-0.04725313,-1.06837936,-5.29706954,-3.88352048,-0.10038473,0.40411299,0.77139139,,,,,,,3,,,,,,,,,
14.797773,9240,20680234,,177.36122131,3.46821976,-153.52941895,,,,,-0.67421508,-2.38473773,-7.75613642,1.41402447,-2.36055040,-2.14803863,1.20267241,-2.61232516,-1.56859713,-0.09705898,0.40405658,0.77239668,,,,,,,3,,,,,,,,,
14.807718,9241,20680334,,177.38557434,3.52065921,-153.50790405,,,,,-0.33833447,0.17879134,-10.47139835,-0.13553804,-0.40526438,0.65418768,0.59860536,-0.72205553,2.97767390,-0.09641984,0.40356973,0.76348650,,,,,,,3,,,,,,,,,
14.817825,9242,20680434,,177.42617798,3.51641703,-153.54960632,,,,,-0.84742445,0.31446576,-9.31688881,0.29480880,0.02806810,-0.45929635,2.39540817,2.05389167,2.49489308,-0.09802042,0.40455881,0.75854653,,,,,,,3,,,,,,,,,
14.827785,9243,20680534,,177.44335938,3.47817707,-153.61305237,,,,,-1.39211690,2.66788983,-9.98744965,-0.28413761,2.32882595,0.35141110,-3.17253771,5.69838755,2.05148168,-0.10264348,0.40223628,0.75947613,,,,,,,3,,,,,,,,,
14.837713,9244,20680634,,177.41064453,3.38899922,-153.64797974,,,,,-0.72038579,1.72291267,-10.56004238,-0.47343254,1.15011978,0.83458424,0.16900368,1.34772151,-2.39049791,-0.10375178,0.40081149,0.76736414,,,,,,,3,,,,,,,,,
14.847737,9245,20680734,,177.41722107,3.36874366,-153.60298157,,,,,1.01758349,-0.55627513,-10.97643280,-1.01506448,-1.68110538,1.04254961,1.83901541,-2.88091702,-4.14699589,-0.09883533,0.40216568,0.77433687,,,,,,,3,,,,,,,,,
14.857765,9246,20680834,,177.41697693,3.41498232,-153.53807068,,,,,-0.41169342,-1.54742527,-7.58416224,0.81385285,-1.70694458,-2.29960203,0.27178217,-4.93204118,-1.25615034,-0.09627518,0.40692461,0.76947749,,,,,,,3,,,,,,,,,
14.867730,9247,20680934,,177.42658997,3.49320531,-153.50790405,,,,,-0.44985572,-0.56992453,-9.62414837,0.32976872,-0.95601428,-0.21501935,3.25242082,-2.25358997,0.00444404,-0.09535052,0.40402997,0.76745725,,,,,,,3,,,,,,,,,
14.877717,9248,20681034,,177.47962952,3.53413391,-153.52436829,,,,,-0.58330446,0.31353039,-10.31366444,0.02022606,-0.14759398,0.51867831,2.75435510,0.19685965,3.39084144,-0.09739467,0.40358660,0.76249236,,,,,,,3,,,,,,,,,
14.887728,9249,20681134,,177.51715088,3.50691915,-153.58424377,,,,,-1.49908471,2.17335916,-9.03359032,0.05215144,2.00689673,-0.61617005,-1.88786258,2.53090120,3.94407395,-0.10364543,0.40465328,0.75901461,,,,,,,3,,,,,,,,,
14.897748,9250,20681234,,177.48367310,3.44517851,-153.64511108,,,,,-0.79864037,1.90446174,-11.06682396,-0.51293659,1.31876397,1.35538697,-2.23012421,3.04358203,-1.23411241,-0.10627601,0.40277568,0.76342452,,,,,,,3,,,,,,,,,
14.907726,9251,20681334,,177.47050476,3.39014840,-153.61210632,,,,,0.91026592,0.48205346,-11.27581024,-1.40482855,-0.71751785,1.39568067,2.94392124,-1.83414677,-5.40861934,-0.10132357,0.40124953,0.76985705,,,,,,,3,,,,,,,,,
14.917771,9252,20681434,,177.48152161,3.41019726,-153.54302979,,,,,-0.17913419,-2.75095654,-7.57995176,1.14020586,-2.87646580,-2.37040329,-0.58923983,-3.75973526,-0.74128833,-0.09829275,0.40504080,0.76448995,,,,,,,3,,,,,,,,,
14.927755,9253,20681534,,177.48988342,3.47569752,-153.51490784,,,,,-0.08789495,-0.16219355,-9.31980991,-0.16733456,-0.72117186,-0.52344847,3.57200559,-0.97316407,2.04321630,-0.09625345,0.40788963,0.75712389,,,,,,,3,,,,,,,,,
14.937860,9254,20681634,,177.53269958,3.49159217,-153.54568481,,,,,-1.17093182,0.37528262,-10.46935558,0.51845485,0.17174077,0.71113694,2.63131885,4.66488473,3.95763743,-0.09978798,0.41179121,0.75222033,,,,,,,3,,,,,,,,,
14.947731,9255,20681734,,177.59678650,3.42586923,-153.60267639,,,,,-1.19341958,2.28131843,-9.17038345,-0.26745820,1.97616029,-0.49701118,-0.54055227,3.70939250,2.26506490,-0.10341899,0.40945134,0.75463885,,,,,,,3,,,,,,,,,
14.957833,9256,20681834,,177.56843567,3.35873795,-153.65211487,,,,,-0.81373286,1.42486131,-10.47135258,-0.25432336,0.95961261,0.73860741,-1.90658584,5.18586211,-1.40899300,-0.10928918,0.40762758,0.76051766,,,,,,,3,,,,,,,,,
14.967771,9257,20681934,,177.56640625,3.30244851,-153.62670898,,,,,0.77303827,1.08281648,-11.85076714,-1.56312287,-0.13331044,2.00461197,2.94786717,-2.26977944,-3.22554125,-0.11067518,0.41004997,0.76252806,,,,,,,3,,,,,,,,,
14.977742,9258,20682034,,177.57485962,3.33667517,-153.56741333,,,,,-0.62984377,-2.68834281,-7.28475618,1.52794921,-2.58788848,-2.62502122,2.38654408,-7.11197247,-1.41925109,-0.10090464,0.40988681,0.75960594,,,,,,,3,,,,,,,,,
14.987742,9259,20682134,,177.61524963,3.42941475,-153.53138733,,,,,0.03516431,-0.82016933,-9.68983269,0.00084800,-1.36616158,-0.18720376,3.19216063,-1.36549494,2.63089367,-0.10135026,0.41229337,0.76162088,,,,,,,3,,,,,,,,,
14.997779,9260,20682234,,177.66284180,3.44999146,-153.56861877,,,,,-1.05749631,1.05536163,-9.86253262,0.12814307,0.79058325,0.12545252,3.95315341,0.69436936,4.64788909,-0.10368448,0.41329223,0.76261449,,,,,,,3,,,,,,,,,
15.007746,9261,20682334,,177.70175171,3.42168641,-153.63990784,,,,,-1.15753138,1.85472429,-10.00068378,-0.14341795,1.54184127,0.30583930,-1.44417957,2.26724458,2.68882115,-0.10683089,0.40951028,0.75115937,,,,,,,3,,,,,,,,,
15.017791,9262,20682434,,177.67938232,3.36571479,-153.68585205,,,,,-0.28298929,1.47226214,-10.77126884,-0.76967865,0.76683307,1.00704432,-1.77774157,3.76759083,-1.20020756,-0.10762405,0.40808213,0.75459605,,,,,,,3,,,,,,,,,
15.027884,9263,20682534,,177.65750122,3.31129789,-153.65277100,,,,,0.67847633,0.08315940,-10.42723179,-0.99042362,-0.87802315,0.54931426,0.84441693,-2.43551163,-3.68018533,-0.10826267,0.40760922,0.76299632,,,,,,,3,,,,,,,,,
15.037797,9264,20682634,,177.65727234,3.34667897,-153.58345032,,,,,-0.47707242,-1.97866356,-8.02791595,1.04265594,-2.05964184,-1.86021483,2.25306490,-4.52919876,-1.25045887,-0.10684478,0.40998462,0.76452529,,,,,,,3,,,,,,,,,
15.047885,9265,20682734,,177.70285034,3.41349936,-153.56402588,,,,,-0.66127712,-0.43953663,-10.19246101,0.43152815,-0.73358810,0.37362361,5.42165006,2.14053049,3.93345514,-0.09881869,0.41272837,0.76708281,,,,,,,3,,,,,,,,,
15.057748,9266,20682834,,177.78384399,3.39788270,-153.61515808,,,,,-1.14769506,0.81694555,-9.87361145,0.31390077,0.63298309,0.13752174,1.73558340,1.49293080,4.69951422,-0.09650658,0.41413549,0.75326341,,,,,,,3,,,,,,,,,
15.067855,9267,20682934,,177.78775024,3.35420966,-153.70321655,,,,,-0.78111386,3.17979598,-9.11204720,-1.03632951,2.63678503,-0.55322218,-1.08112546,3.29060179,1.78393357,-0.10186711,0.41230860,0.74677575,,,,,,,3,,,,,,,,,
15.077735,9268,20683034,,177.77461243,3.31668305,-153.71955872,,,,,0.22098187,0.51993501,-12.64922428,-0.86104602,-0.39781910,2.81239653,1.15959110,1.57136741,-4.47377348,-0.10527313,0.40804255,0.75460726,,,,,,,3,,,,,,,,,
15.087870,9269,20683134,,177.76310730,3.29384613,-153.65415955,,,,,-0.06585985,-1.88419449,-8.89774227,0.60371596,-2.19623947,-1.01100349,-0.43698243,-7.30511186,-3.65158903,-0.10532983,0.40803829,0.76648110,,,,,,,3,,,,,,,,,
15.097866,9270,20683234,,177.76876831,3.38299155,-153.59220886,,,,,-0.54279238,-1.25606883,-7.77068281,0.77687001,-1.35742366,-2.07966614,2.41864341,-3.11880503,1.32932802,-0.10292141,0.41327572,0.77102894,,,,,,,3,,,,,,,,,
15.107790,9271,20683334,,177.82252502,3.42563605,-153.60868835,,,,,-0.88145781,1.41481149,-10.91442204,-0.22954828,1.00026357,1.17538428,4.08808977,2.69609380,5.53910797,-0.10246650,0.41903263,0.76023769,,,,,,,3,,,,,,,,,
15.117915,9272,20683434,,177.86763000,3.38271070,-153.69277954,,,,,-1.09256482,0.94238174,-9.59736919,0.20874119,0.75109446,-0.13968956,0.46325091,0.69334131,2.69649337,-0.10321917,0.41568974,0.75028580,,,,,,,3,,,,,,,,,
15.127745,9273,20683534,,177.85542297,3.34456921,-153.73414612,,,,,-0.08834708,1.92777944,-10.86803055,-1.16059244,1.11087394,1.11020899,-3.78756999,3.82400691,-1.67653599,-0.10859154,0.41049814,0.75512421,,,,,,,3,,,,,,,,,
15.137875,9274,20683634,,177.81359863,3.29162264,-153.69917297,,,,,0.46854675,0.84208995,-10.56126595,-1.15714037,-0.08529639,0.73035169,2.23919748,-1.22708617,-4.75164137,-0.11117147,0.41053852,0.76203859,,,,,,,3,,,,,,,,,
15.147882,9275,20683734,,177.82812500,3.31051731,-153.62551880,,,,,-0.81008738,-3.48772788,-7.93282986,2.01028109,-3.23247790,-1.98378658,1.60117361,-3.86457994,-1.93220395,-0.10642782,0.41285756,0.76457286,,,,,,,3,,,,,,,,,
15.157875,9276,20683834,,177.86813354,3.37884068,-153.60124207,,,,,-0.46699181,0.39667898,-10.19973946,-0.11939800,-0.04228902,0.40175605,3.89890634,0.95071313,4.96856818,-0.09855780,0.41752538,0.76369673,,,,,,,3,,,,,,,,,
15.167788,9277,20683934,,177.92329407,3.38039351,-153.67248535,,,,,-1.38697994,1.55025303,-10.27117634,0.18580890,1.39620972,0.57118547,0.72362642,2.91605727,5.76219603,-0.09712499,0.41750687,0.75083989,,,,,,,3,,,,,,,,,
15.177762,9278,20684034,,177.92449951,3.32853556,-153.76138306,,,,,-0.91936851,2.36330843,-9.11990356,-0.55687636,1.98667014,-0.57432973,-1.78288716,-0.43353025,-0.24999496,-0.10379221,0.41474098,0.74680459,,,,,,,3,,,,,,,,,
15.187856,9279,20684134,,177.90077209,3.30506134,-153.74685669,,,,,1.02927005,0.06820200,-12.25695229,-1.38259602,-1.11037946,2.35729027,1.31353236,-0.07069687,-5.64267754,-0.10640121,0.41141716,0.76455021,,,,,,,3,,,,,,,,,
15.197778,9280,20684234,,177.89317322,3.30400133,-153.66952515,,,,,-0.34608543,-1.82607901,-8.52262497,0.82691038,-1.98216414,-1.36225832,-0.84492615,-4.72817071,-1.77728566,-0.10422707,0.41041708,0.77246141,,,,,,,3,,,,,,,,,
15.207825,9281,20684334,,177.90303040,3.36627531,-153.63848877,,,,,-1.21180141,-0.43179622,-7.99271107,0.99318624,-0.32121158,-1.78462672,3.43448016,-0.96489335,2.53640676,-0.10055325,0.41323563,0.77153498,,,,,,,3,,,,,,,,,
15.217833,9282,20684434,,177.95684814,3.38152814,-153.68009949,,,,,-0.59708416,0.90699792,-11.45314503,-0.27755046,0.41489500,1.67937469,2.38880872,4.57322701,5.82575478,-0.09433448,0.41697451,0.76321441,,,,,,,3,,,,,,,,,
15.227885,9283,20684534,,177.98133850,3.32540703,-153.76550293,,,,,-0.96353406,2.20426250,-9.29685593,-0.45362556,1.86403823,-0.40132141,-2.01472395,1.99214868,2.79323873,-0.09933656,0.41466311,0.75325757,,,,,,,3,,,,,,,,,
15.237789,9284,20684634,,177.95211792,3.28214598,-153.79760742,,,,,0.04856193,1.35567391,-11.83678436,-1.06238043,0.50831103,2.04369688,-1.60156997,2.17318157,-3.40383630,-0.10797568,0.41192555,0.76009750,,,,,,,3,,,,,,,,,
15.247797,9285,20684734,,177.92604065,3.25711274,-153.73922729,,,,,0.19604717,-1.80311227,-9.53805733,0.29782486,-2.25266981,-0.36874342,3.85592012,-5.00653933,-4.52163560,-0.10481939,0.41330788,0.77052516,,,,,,,3,,,,,,,,,
15.257780,9286,20684834,,177.96743774,3.33013058,-153.66563416,,,,,-0.81710249,-2.28421044,-7.87662888,1.46650314,-2.13931131,-1.98875570,1.60627779,-3.78825727,2.06571921,-0.09644473,0.41796675,0.77064097,,,,,,,3,,,,,,,,,
15.267879,9287,20684934,,178.00205994,3.37968874,-153.70361328,,,,,-1.09683859,2.64695024,-10.57938004,-0.57267159,2.25117588,0.89403391,1.08698245,1.69017215,6.63227633,-0.09720831,0.41894305,0.76273644,,,,,,,3,,,,,,,,,
15.277769,9288,20685034,,178.00997925,3.34327197,-153.79922485,,,,,-0.85246319,0.67206442,-10.42060852,0.08387494,0.38315856,0.65238452,-0.64323018,2.87867671,2.06763166,-0.09890135,0.41561598,0.75278008,,,,,,,3,,,,,,,,,
15.287817,9289,20685134,,177.99523926,3.29451704,-153.81994629,,,,,0.00454711,1.75338197,-10.40579128,-1.15717876,0.96713495,0.63049877,-4.59008093,-1.12214555,-3.24580835,-0.10096468,0.40940872,0.75761902,,,,,,,3,,,,,,,,,
15.297791,9290,20685234,,177.92575073,3.29470348,-153.77528381,,,,,0.34800145,-1.07540727,-9.65035439,-0.17413437,-1.67741609,-0.24191344,0.06498710,-3.68469539,-4.00264154,-0.10514817,0.40659332,0.77091199,,,,,,,3,,,,,,,,,
15.307824,9291,20685334,,177.94673157,3.35149813,-153.70443726,,,,,-0.93190640,-1.78236103,-8.58856964,1.31666493,-1.68437839,-1.25591707,0.88096762,-2.44509097,1.04613162,-0.09953459,0.41177785,0.77300125,,,,,,,3,,,,,,,,,
15.317898,9292,20685434,,177.97935486,3.39306974,-153.72042847,,,,,-1.29212761,0.89376068,-10.07841492,0.39028412,0.78972143,0.34643400,3.41059797,-0.85573290,5.15892299,-0.09295054,0.41839120,0.76324379,,,,,,,3,,,,,,,,,
15.327845,9293,20685534,,178.02543640,3.40089226,-153.80488586,,,,,-0.58971697,1.72514975,-10.51315403,-0.62630224,1.19791257,0.77447665,-2.80382190,1.16450350,4.12349833,-0.09413842,0.41409540,0.75376940,,,,,,,3,,,,,,,,,
15.337886,9294,20685634,,177.99113464,3.35608196,-153.85247803,,,,,-0.31840938,2.57995605,-10.14039707,-1.23388863,1.86799562,0.41397631,-1.00021386,0.42696804,-3.28364119,-0.09715988,0.40886423,0.75861901,,,,,,,3,,,,,,,,,
15.347832,9295,20685734,,177.96180725,3.34985828,-153.80822754,,,,,0.52811623,-2.52935982,-10.49601555,0.26788783,-3.10559487,0.53700864,1.21565318,-7.86473060,-5.49002367,-0.10195290,0.40894014,0.76948088,,,,,,,3,,,,,,,,,
15.357790,9296,20685834,,177.98332214,3.43535042,-153.72921753,,,,,-0.68560225,-1.42438781,-8.16243744,0.94033271,-1.44997633,-1.68073988,2.45737976,-4.11958377,2.55955192,-0.09760369,0.41462398,0.77602458,,,,,,,3,,,,,,,,,
15.367815,9297,20685934,,178.01904297,3.48180938,-153.76969910,,,,,-1.63616335,1.14860177,-10.22451305,0.57025671,1.15935493,0.52107644,1.50372538,2.92456534,7.72236982,-0.09341235,0.41887870,0.76374400,,,,,,,3,,,,,,,,,
15.377818,9298,20686034,,178.04028320,3.43980789,-153.87252808,,,,,-0.59924519,2.96748233,-9.56116772,-1.14418674,2.36996126,-0.13510478,-2.84514411,-0.20864782,2.82302433,-0.09745232,0.41751653,0.74143797,,,,,,,3,,,,,,,,,
15.387792,9299,20686134,,178.00296021,3.40177965,-153.89874268,,,,,0.60053104,-0.17720827,-11.84116077,-0.90195024,-1.10537612,1.95690644,-1.26291788,2.77329714,-4.80000807,-0.10207001,0.41182876,0.75418848,,,,,,,3,,,,,,,,,
15.397778,9300,20686234,,177.98016357,3.38023472,-153.82395935,,,,,-0.17259422,-1.18350351,-8.53683662,0.36598361,-1.48018110,-1.33096468,-0.83130030,-5.08547711,-3.33907180,-0.10439987,0.41138193,0.76802301,,,,,,,3,,,,,,,,,
15.407862,9301,20686334,,177.98159790,3.44609308,-153.77882385,,,,,-1.20619607,-0.82383764,-8.60799599,1.12095284,-0.70861971,-1.18109286,2.88988655,-1.19727282,1.78684718,-0.10121396,0.41516861,0.76710939,,,,,,,3,,,,,,,,,
15.417886,9302,20686434,,178.03756714,3.46741295,-153.80827332,,,,,-0.73534411,0.85888690,-10.78530693,-0.13322678,0.47507447,1.02009833,1.35550920,2.70992579,5.98802599,-0.09367863,0.41744691,0.75530905,,,,,,,3,,,,,,,,,
15.427881,9303,20686534,,178.04661560,3.40979075,-153.89518738,,,,,-1.19983101,2.55056190,-9.30697918,-0.40544498,2.28061485,-0.36641204,-3.06391870,4.31601831,2.40631492,-0.09255106,0.41503215,0.74587607,,,,,,,3,,,,,,,,,
15.437873,9304,20686634,,178.01094055,3.35640192,-153.91122437,,,,,0.94678330,1.18520427,-12.42634296,-1.83576345,-0.06780881,2.56902075,-0.48314069,-0.57025591,-5.73475703,-0.10011198,0.41227472,0.75667918,,,,,,,3,,,,,,,,,
15.447819,9305,20686734,,177.99105835,3.34741902,-153.82914734,,,,,-0.74261397,-3.61699247,-7.06742907,2.01766300,-3.31864285,-2.84093571,1.49104652,-2.33587454,-5.26134168,-0.10238077,0.41038644,0.77148068,,,,,,,3,,,,,,,,,
15.457806,9306,20686834,,178.02165222,3.39834499,-153.77023315,,,,,-0.50257194,0.54652715,-10.46065712,-0.17981136,0.11424398,0.66947651,1.42381643,1.31782310,5.30244575,-0.09590410,0.41507751,0.77109265,,,,,,,3,,,,,,,,,
15.467782,9307,20686934,,178.05723572,3.39108205,-153.84048462,,,,,-1.46853828,1.57163215,-9.10039139,0.28059971,1.54022515,-0.59803903,2.71823835,1.79854291,5.57228476,-0.09415769,0.41793498,0.75531441,,,,,,,3,,,,,,,,,
15.477834,9308,20687034,,178.07867432,3.35638094,-153.92199707,,,,,-0.80339247,1.36584187,-10.82431507,-0.28130329,0.96538067,1.07970476,-3.86236611,5.02156362,0.48402856,-0.09760201,0.41415587,0.74880540,,,,,,,3,,,,,,,,,
15.487801,9309,20687134,,178.04162598,3.29279971,-153.90310669,,,,,0.81173110,0.99097389,-10.76697731,-1.56007791,-0.07537583,0.91324186,1.22560488,-3.99431384,-6.82688763,-0.10181107,0.41086140,0.76110113,,,,,,,3,,,,,,,,,
15.497831,9310,20687234,,178.04385376,3.32973766,-153.82052612,,,,,-0.79844630,-2.48008800,-7.47688198,1.54355884,-2.29058909,-2.39312887,1.53150194,-4.58599178,-3.13870906,-0.10380908,0.41137049,0.77148908,,,,,,,3,,,,,,,,,
15.507797,9311,20687334,,178.08236694,3.39867496,-153.78280640,,,,,-0.63590568,0.28257886,-11.00945759,0.02659595,-0.08084834,1.21660006,5.62476110,1.45119514,4.94270097,-0.09746289,0.41846478,0.76866472,,,,,,,3,,,,,,,,,
15.517756,9312,20687434,,178.12896729,3.37485909,-153.85583496,,,,,-1.58239114,0.69179213,-9.22080708,0.76256847,0.79969454,-0.49537814,-1.93123236,2.58611047,5.65044645,-0.09448707,0.42178369,0.74795228,,,,,,,3,,,,,,,,,
15.527820,9313,20687534,,178.11416626,3.31656909,-153.92370605,,,,,0.01880522,3.86450744,-10.09644699,-2.09970140,2.89515972,0.39170349,-3.06046241,3.63511120,-1.76852071,-0.10387937,0.41666305,0.74535030,,,,,,,3,,,,,,,,,
15.537726,9314,20687634,,178.05827332,3.26805019,-153.89259338,,,,,0.87917733,-1.84641075,-11.28537464,-0.37144458,-2.66758537,1.33642530,-1.04089244,0.80179073,-7.57827503,-0.10941133,0.41051042,0.75858366,,,,,,,3,,,,,,,,,
15.547862,9315,20687734,,178.05667114,3.26206326,-153.78430176,,,,,-1.15095210,-2.08953261,-7.41987133,1.69694924,-1.77806592,-2.41758633,-1.34904528,-2.18040214,-1.40740669,-0.10553178,0.41524237,0.76461512,,,,,,,3,,,,,,,,,
15.557805,9316,20687834,,178.05027771,3.30687118,-153.78341675,,,,,-0.96989840,0.85786253,-10.11782455,0.12592995,0.63315797,0.36458993,1.80830432,2.55822622,4.78741449,-0.09694690,0.42278028,0.75884044,,,,,,,3,,,,,,,,,
15.567985,9317,20687934,,178.08758545,3.28107715,-153.83531189,,,,,-0.82465595,2.33166790,-9.89687061,-0.64409763,1.90284681,0.18846726,-2.99849830,5.21987432,3.11700592,-0.09788959,0.42040277,0.74395525,,,,,,,3,,,,,,,,,
15.577823,9318,20688034,,178.02842712,3.19690323,-153.88635254,,,,,-0.80177855,1.15490198,-10.55739975,-0.15466279,0.79508579,0.80611968,-7.64010446,4.76892815,-3.36122424,-0.10557896,0.41620946,0.75028217,,,,,,,3,,,,,,,,,
15.587985,9319,20688134,,177.95063782,3.15005755,-153.83679199,,,,,0.86616576,0.01237223,-10.44333839,-1.12797678,-0.96656740,0.55731368,-3.41454710,-4.16991843,-8.02184288,-0.11306363,0.41584918,0.76458699,,,,,,,3,,,,,,,,,
15.597805,9320,20688234,,177.89996338,3.20338917,-153.73626709,,,,,-0.90946269,-2.74102640,-7.49728251,1.78395653,-2.48872733,-2.37946224,-2.62290214,-0.86482505,-2.28593369,-0.11014067,0.41867796,0.76909924,,,,,,,3,,,,,,,,,
15.607794,9321,20688334,,177.89921570,3.23431349,-153.71365356,,,,,-0.94666427,1.22349226,-10.82131100,-0.05574107,0.88503832,1.08044958,-3.95197477,1.45325946,5.67240893,-0.10388593,0.41953653,0.76023853,,,,,,,3,,,,,,,,,
15.617841,9322,20688434,,177.85632324,3.19636488,-153.78894043,,,,,-1.39564002,1.79315698,-9.09508991,0.15493542,1.68578696,-0.59340191,-7.75523926,3.86643733,0.98736329,-0.10482024,0.41763863,0.74585581,,,,,,,3,,,,,,,,,
15.627788,9323,20688534,,177.77645874,3.14994955,-153.81098938,,,,,0.30653739,2.11781383,-11.58016968,-1.57791042,1.06710505,1.80837488,-9.20408886,3.11520019,-5.37330939,-0.11439036,0.41347700,0.75217378,,,,,,,3,,,,,,,,,
15.637811,9324,20688634,,177.67005920,3.09991074,-153.74017334,,,,,0.23846829,-1.94441950,-9.04358006,0.38406301,-2.39386106,-0.88292384,-6.55992712,-4.36067195,-7.21511558,-0.11996718,0.41068485,0.76595485,,,,,,,3,,,,,,,,,
15.647877,9325,20688734,,177.63085938,3.16350532,-153.64273071,,,,,-0.79781032,-1.16699040,-8.45922279,0.97818255,-1.21140230,-1.38236427,-4.75816292,-2.81532799,-1.29654802,-0.11244675,0.41535705,0.76854032,,,,,,,3,,,,,,,,,
15.657833,9326,20688834,,177.60870361,3.20745397,-153.63259888,,,,,-1.12661994,0.32304192,-10.33596706,0.54563844,0.14815611,0.57053828,0.18184165,2.29003884,2.69755867,-0.10772519,0.42008203,0.75824887,,,,,,,3,,,,,,,,,
15.667812,9327,20688934,,177.63784790,3.17727351,-153.68992615,,,,,-0.93400359,2.25579095,-9.77722073,-0.46796256,1.82078028,0.09039307,-5.73549426,1.88040337,2.12728205,-0.10479943,0.41091976,0.74278092,,,,,,,3,,,,,,,,,
15.677825,9328,20689034,,177.57589722,3.13210654,-153.71984863,,,,,0.23504797,2.00162411,-10.97623444,-1.42945695,1.00061107,1.20981419,-3.57904495,2.29158161,-5.78709463,-0.09919159,0.40122229,0.75007695,,,,,,,3,,,,,,,,,
15.687832,9329,20689134,,177.51551819,3.10751033,-153.64540100,,,,,0.31140772,-2.37962890,-9.84051037,0.50420582,-2.88645172,-0.11567712,-2.67017601,-3.65745275,-7.53198172,-0.09380743,0.39776397,0.76786053,,,,,,,3,,,,,,,,,
15.697831,9330,20689234,,177.50456238,3.16190362,-153.54391479,,,,,-1.21229410,-1.21076083,-7.94447279,1.39559174,-1.05143952,-1.87207961,1.26068387,-4.10687023,-0.28776849,-0.10487157,0.41426915,0.76955062,,,,,,,3,,,,,,,,,
15.707901,9331,20689334,,177.53511047,3.21610737,-153.54847717,,,,,-1.05920815,1.23915684,-11.11907673,0.06719951,0.87352896,1.39171004,-1.91300109,3.06594449,3.65375847,-0.11481346,0.42212129,0.75824559,,,,,,,3,,,,,,,,,
15.717795,9332,20689434,,177.52516174,3.15932822,-153.61097717,,,,,-0.88052285,2.58082128,-9.31515884,-0.64436179,2.10422134,-0.35905695,-4.93145805,3.05125126,-2.19306254,-0.10448627,0.40515199,0.74862832,,,,,,,3,,,,,,,,,
15.727871,9333,20689534,,177.46453857,3.12685370,-153.58923340,,,,,0.86833185,0.73253649,-12.14649010,-1.45964694,-0.51527631,2.28651142,-3.66572923,-2.89120307,-8.68195078,-0.10096204,0.39500639,0.76332814,,,,,,,3,,,,,,,,,
15.737931,9334,20689634,,177.41938782,3.15535951,-153.47441101,,,,,-0.08546938,-3.53904057,-8.09400082,1.43209505,-3.65119410,-1.89018464,0.16815391,-5.85823447,-6.03751583,-0.10255452,0.40366739,0.77632105,,,,,,,3,,,,,,,,,
15.748015,9335,20689734,,177.42779541,3.23272038,-153.40454102,,,,,-1.77957118,0.34568197,-8.42321491,1.18978143,0.54767787,-1.29947054,-4.00467822,0.19849822,2.54037616,-0.11089051,0.41676867,0.77351809,,,,,,,3,,,,,,,,,
15.757905,9336,20689834,,177.41925049,3.21886992,-153.45372009,,,,,-0.60458636,2.87912393,-11.52649879,-1.08961487,2.08848166,1.84320354,-0.53598042,2.34746430,1.08602217,-0.10980371,0.41003618,0.76055318,,,,,,,3,,,,,,,,,
15.767855,9337,20689934,,177.40025330,3.17364168,-153.48864746,,,,,-0.30342853,0.08764364,-10.13755512,-0.05833876,-0.45530140,0.31711197,-7.11050995,2.20797604,-4.69688844,-0.10449660,0.39890796,0.75842458,,,,,,,3,,,,,,,,,
15.777823,9338,20690034,,177.34417725,3.14320135,-153.41760254,,,,,0.57935447,0.54193103,-10.09013462,-1.04600728,-0.44251788,0.24571335,-0.41284217,-3.11577094,-7.44938168,-0.10658278,0.40325865,0.76837820,,,,,,,3,,,,,,,,,
15.787767,9339,20690134,,177.32276917,3.19456077,-153.32493591,,,,,-0.36251259,-2.66688466,-8.77008915,1.27799690,-2.80244470,-1.16776240,0.33069071,-5.74245977,-4.00590766,-0.09619587,0.40356314,0.76991940,,,,,,,3,,,,,,,,,
15.797794,9340,20690234,,177.35134888,3.24967432,-153.29577637,,,,,-1.91113353,1.02749789,-9.03299427,0.98959178,1.16907346,-0.65186107,-0.85072466,4.71817643,4.13039895,-0.10116759,0.40892887,0.76503181,,,,,,,3,,,,,,,,,
15.807919,9341,20690334,,177.33677673,3.18355846,-153.36691284,,,,,-0.31522527,3.13187718,-12.47636700,-1.47192156,2.09447479,2.79833770,-7.32284303,5.00042333,1.42329328,-0.12299307,0.41650280,0.74970472,,,,,,,3,,,,,,,,,
15.817806,9342,20690434,,177.24246216,3.10744166,-153.37854004,,,,,0.15744069,-0.01151127,-8.31602383,-0.35311019,-0.64234799,-1.52971315,-7.10019509,-1.51173676,-8.31280894,-0.11021712,0.40044490,0.75693595,,,,,,,3,,,,,,,,,
15.828028,9343,20690534,,177.15090942,3.15399075,-153.27627563,,,,,0.28308368,-0.97973114,-10.84458828,-0.09847140,-1.75295031,0.93653274,-6.78226173,-2.80760283,-5.35778907,-0.09810895,0.39015329,0.77513987,,,,,,,3,,,,,,,,,
15.837938,9344,20690634,,177.09608459,3.21553993,-153.20686340,,,,,-1.09434998,-1.77984858,-8.62508297,1.54655063,-1.70943427,-1.23853958,-3.27690364,-6.16422182,0.53552680,-0.11059936,0.40380344,0.77479857,,,,,,,3,,,,,,,,,
15.847849,9345,20690734,,177.08798218,3.26917410,-153.22741699,,,,,-1.69984066,2.14903116,-9.15963745,0.30545473,2.01927853,-0.46824348,-11.04004115,2.83404847,3.67355748,-0.11800916,0.41113082,0.76844555,,,,,,,3,,,,,,,,,
15.857936,9346,20690834,,176.98251343,3.20330977,-153.28967285,,,,,0.33473480,2.35325241,-11.67399406,-1.66369653,1.09940004,1.92832255,-6.83499549,2.23173784,-3.32454036,-0.10520259,0.39555776,0.76331562,,,,,,,3,,,,,,,,,
15.867864,9347,20690934,,176.91125488,3.16142106,-153.24574280,,,,,0.39284933,-0.79745913,-9.61558723,-0.22217590,-1.59184778,-0.29504907,-7.96302471,-3.70185752,-8.71250649,-0.09005013,0.37993941,0.77155524,,,,,,,3,,,,,,,,,
15.877831,9348,20691034,,176.84860229,3.20931172,-153.13981628,,,,,-0.33429617,-1.82008612,-9.41492081,0.88853532,-2.16887259,-0.50492620,-0.30835158,-0.93502270,-3.24575925,-0.09903516,0.39592725,0.77868992,,,,,,,3,,,,,,,,,
15.887876,9349,20691134,,176.86497498,3.24130654,-153.09973145,,,,,-1.20909476,-0.85643137,-8.65090370,1.24765086,-0.86366355,-1.16691649,-2.06903484,-0.53783578,2.63386758,-0.10820314,0.40904710,0.76549315,,,,,,,3,,,,,,,,,
15.897943,9350,20691234,,176.86682129,3.23037314,-153.14477539,,,,,-1.21155357,3.38493061,-9.56977272,-0.68651420,2.84572172,-0.01739669,-3.23519722,5.04598538,2.09986888,-0.10959572,0.40091830,0.74804091,,,,,,,3,,,,,,,,,
15.907932,9351,20691334,,176.81993103,3.17153859,-153.19375610,,,,,0.37366295,0.89889485,-12.60589695,-1.03338647,-0.31232285,2.78310633,-5.07799336,3.10921609,-3.76412195,-0.11151920,0.39086792,0.75479877,,,,,,,3,,,,,,,,,
15.917917,9352,20691434,,176.75910950,3.13906074,-153.13313293,,,,,-0.29033795,-1.47649455,-7.39639902,0.76964128,-1.73424792,-2.50671721,-4.39578168,-6.73171150,-8.19957124,-0.10709316,0.38838565,0.77259302,,,,,,,3,,,,,,,,,
15.927871,9353,20691534,,176.71508789,3.22441483,-153.02761841,,,,,-0.05438022,-0.49235985,-10.47819138,0.02269846,-1.21346354,0.60372329,-1.94954367,-3.79005575,-1.67556909,-0.10060273,0.39019117,0.78452837,,,,,,,3,,,,,,,,,
15.937949,9354,20691634,,176.70646667,3.27083945,-153.02658081,,,,,-1.67658305,-0.34727886,-8.97026348,1.43257010,-0.24410436,-0.79928625,-1.39149961,0.13925982,4.44039819,-0.10442230,0.39554074,0.77222490,,,,,,,3,,,,,,,,,
15.947940,9355,20691734,,176.70721436,3.23895955,-153.10020447,,,,,-1.08244634,3.26604390,-10.22559071,-0.75919729,2.59474325,0.63394427,-8.95045406,3.68481235,2.69686092,-0.10621820,0.39125696,0.75878960,,,,,,,3,,,,,,,,,
15.957963,9356,20691834,,176.61265564,3.17440271,-153.12500000,,,,,1.16072059,0.23239312,-11.07949543,-1.38689637,-1.18339884,1.17577887,-3.92449735,-0.14340581,-7.21430193,-0.09533340,0.37859011,0.76754928,,,,,,,3,,,,,,,,,
15.967961,9357,20691934,,176.56155396,3.18152404,-153.04156494,,,,,-0.32447740,-1.44449925,-8.42125511,0.76643777,-1.79999959,-1.49218452,-5.70700682,-2.43374667,-4.43033006,-0.09391063,0.37856010,0.78140920,,,,,,,3,,,,,,,,,
15.977948,9358,20692034,,176.52960205,3.22596288,-152.97642517,,,,,-0.90119755,-0.49274629,-9.90826797,0.80413568,-0.81726778,0.08370602,1.67417083,-1.21031827,1.68578908,-0.10647096,0.39413181,0.78010845,,,,,,,3,,,,,,,,,
15.987958,9359,20692134,,176.56288147,3.24035144,-153.00508118,,,,,-1.34189427,-0.37881747,-9.05013180,1.16492593,-0.44891232,-0.74006760,-3.48175488,3.09124757,4.50602222,-0.11326775,0.40145296,0.76435798,,,,,,,3,,,,,,,,,
15.997912,9360,20692234,,176.53945923,3.17976189,-153.07080078,,,,,-0.63769054,3.82217026,-10.46191692,-1.39410257,2.85305691,0.88382769,-4.88389816,6.08400082,1.13857226,-0.10422368,0.38786277,0.76023012,,,,,,,3,,,,,,,,,
16.007928,9361,20692334,,176.48451233,3.11400604,-153.08895874,,,,,0.95668423,-0.23450036,-11.59142303,-0.98208475,-1.56474817,1.67025042,-1.29562435,-2.33628990,-6.49293748,-0.09752825,0.37670559,0.77097178,,,,,,,3,,,,,,,,,
16.017869,9362,20692434,,176.47146606,3.14013314,-152.99703979,,,,,-0.99480861,-2.64548492,-6.94415283,1.95492935,-2.45192719,-2.99936771,0.14461115,-2.91426968,-4.03658033,-0.10319435,0.38927808,0.77707952,,,,,,,3,,,,,,,,,
16.027850,9363,20692534,,176.48414612,3.20207286,-152.94540405,,,,,-0.29142788,0.02882620,-11.04719067,0.00794679,-0.72415471,1.21380806,1.43594279,-2.51986041,4.00129770,-0.11823560,0.40633279,0.77282125,,,,,,,3,,,,,,,,,
16.037953,9364,20692634,,176.51585388,3.21347141,-152.99577332,,,,,-1.58767676,1.28147626,-8.79949379,0.63967931,1.15462089,-0.87706196,-1.09557323,2.61864970,3.57535708,-0.11282058,0.39616710,0.76081324,,,,,,,3,,,,,,,,,
16.047970,9365,20692734,,176.49554443,3.16079783,-153.06951904,,,,,-0.32976982,2.90437508,-11.64434814,-1.26341045,1.79640079,1.99148214,-5.72618599,6.38362713,0.04171135,-0.11165165,0.38750678,0.76266104,,,,,,,3,,,,,,,,,
16.057956,9366,20692834,,176.43681335,3.09296441,-153.05119324,,,,,0.75236940,-1.66049337,-9.48606396,-0.09118956,-2.57136393,-0.50276256,0.79146050,-6.85694387,-7.47147563,-0.11029779,0.38747877,0.77454162,,,,,,,3,,,,,,,,,
16.068003,9367,20692934,,176.45030212,3.17400336,-152.95431519,,,,,-0.54472697,-1.71998203,-8.25059891,1.10291588,-1.94110692,-1.67204237,0.09805338,-4.01927604,-0.37415171,-0.09609568,0.38387933,0.77554536,,,,,,,3,,,,,,,,,
16.077917,9368,20693034,,176.47644043,3.23491788,-152.96018982,,,,,-1.43512118,0.32320604,-10.48066521,0.90403581,0.10089129,0.72736800,4.86766238,1.53242829,6.27553128,-0.10320075,0.39456281,0.76627845,,,,,,,3,,,,,,,,,
16.087951,9369,20693134,,176.53718567,3.20967531,-153.04739380,,,,,-1.22466040,2.31241870,-9.39830685,-0.17102569,1.85547507,-0.23439622,-2.45026676,-0.14215882,4.13159594,-0.11163399,0.39614993,0.75438702,,,,,,,3,,,,,,,,,
16.097869,9370,20693234,,176.50061035,3.17744899,-153.08860779,,,,,0.61407334,1.28873336,-11.17189407,-1.37362015,-0.02509797,1.36475730,-0.66781321,0.88357051,-4.80608011,-0.10794969,0.38600555,0.76018202,,,,,,,3,,,,,,,,,
16.107851,9371,20693334,,176.48402405,3.18718672,-153.02310181,,,,,0.27532050,-1.90101600,-9.54827595,0.42043263,-2.57806253,-0.43074453,0.52661036,-7.44488485,-5.03296832,-0.10306916,0.38063660,0.77595383,,,,,,,3,,,,,,,,,
16.117999,9372,20693434,,176.50001526,3.26027322,-152.96612549,,,,,-1.77530122,-1.08459270,-7.69028807,1.90686488,-0.77799034,-2.11353159,3.40278701,-3.25121316,2.59363563,-0.10608745,0.39508617,0.77814651,,,,,,,3,,,,,,,,,
16.127895,9373,20693534,,176.55932617,3.29028845,-152.99855042,,,,,-0.33218104,2.01482391,-11.90949821,-0.88845921,0.99833047,2.19675827,1.46544910,3.76891759,5.72644170,-0.11190051,0.40191039,0.76338261,,,,,,,3,,,,,,,,,
16.137865,9374,20693634,,176.55754089,3.22569704,-153.07783508,,,,,-0.95282346,1.39884162,-8.94005489,0.00565588,0.96362901,-0.76467979,-4.24159144,1.35111280,-0.89404444,-0.09778369,0.38055801,0.75223064,,,,,,,3,,,,,,,,,
16.147872,9375,20693734,,176.51034546,3.20852900,-153.07092285,,,,,0.98785424,0.93771219,-12.09250450,-1.57629633,-0.58209938,2.24035406,-1.48668843,-2.59089843,-5.29458335,-0.09323500,0.37423319,0.77144891,,,,,,,3,,,,,,,,,
16.158015,9376,20693834,,176.48895264,3.24453378,-152.98901367,,,,,-0.79889524,-4.15196896,-7.61581278,2.43937230,-3.93894339,-2.42389035,2.51993640,-4.57665022,-2.04375716,-0.10400730,0.39264929,0.78257114,,,,,,,3,,,,,,,,,
16.167911,9377,20693934,,176.54718018,3.30103064,-152.96977234,,,,,-1.56684291,1.75873899,-9.14932537,0.39123967,1.54230940,-0.49973035,-0.23315769,1.10573474,7.50471133,-0.11363556,0.40337738,0.76834470,,,,,,,3,,,,,,,,,
16.177872,9378,20694034,,176.54603577,3.26263928,-153.06376648,,,,,-0.30195442,2.44974470,-11.77369022,-1.11134863,1.37679768,2.08409071,-0.88713715,4.45610762,2.19815039,-0.10921365,0.39514855,0.75586760,,,,,,,3,,,,,,,,,
16.188008,9379,20694134,,176.52973938,3.19399214,-153.09571838,,,,,-0.02490965,0.29963356,-9.53129196,-0.32213926,-0.48106349,-0.29621160,-4.00644809,0.77056054,-5.57611094,-0.10880904,0.39561653,0.76775128,,,,,,,3,,,,,,,,,
16.197997,9380,20694234,,176.47908020,3.20050597,-153.01437378,,,,,0.17287186,-1.89770031,-10.03185463,0.49188796,-2.56565332,0.06330121,2.41600738,-5.33095752,-5.05022181,-0.11302066,0.39712089,0.78259677,,,,,,,3,,,,,,,,,
16.208032,9381,20694334,,176.52459717,3.27106762,-152.95138550,,,,,-0.79503423,-1.17624128,-8.43450356,1.05340552,-1.36168504,-1.43479562,1.65743142,-2.20325617,3.88523956,-0.10792179,0.38887811,0.77605993,,,,,,,3,,,,,,,,,
16.217899,9382,20694434,,176.56474304,3.28127670,-153.01071167,,,,,-1.72716737,3.10396051,-10.55630207,-0.10695845,2.70236826,0.99258518,-0.61899128,7.43031520,5.87681771,-0.10562588,0.38836616,0.76072580,,,,,,,3,,,,,,,,,
16.227917,9383,20694534,,176.55630493,3.18570781,-153.09637451,,,,,0.01079629,0.98835266,-11.52066040,-0.71421409,-0.04247904,1.72348619,-0.59444385,-0.24918448,-2.58765388,-0.10288306,0.38976061,0.75927740,,,,,,,3,,,,,,,,,
16.237827,9384,20694634,,176.54165649,3.18498588,-153.05335999,,,,,0.28504607,-1.26419997,-7.82382488,0.15570997,-1.86716044,-2.10782838,1.47596066,-4.00206354,-6.02738240,-0.10464771,0.38882318,0.77558076,,,,,,,3,,,,,,,,,
16.247918,9385,20694734,,176.56330872,3.25762677,-152.96437073,,,,,0.02898230,-0.76225531,-11.12870979,0.06338793,-1.57127953,1.22913933,3.04158206,-3.32565497,1.51803249,-0.10195556,0.38829961,0.77162790,,,,,,,3,,,,,,,,,
16.257877,9386,20694834,,176.59445190,3.28247452,-152.97978210,,,,,-2.18829203,-0.28944641,-8.18009186,1.88649952,0.08526805,-1.55388045,0.66804079,-0.52531060,2.94147006,-0.10072768,0.39164037,0.76822364,,,,,,,3,,,,,,,,,
16.267842,9387,20694934,,176.60845947,3.26349759,-153.04626465,,,,,-0.43732771,3.96399355,-12.10008335,-1.68525648,2.76149750,2.51459503,-4.95324678,6.51180246,1.71073624,-0.10617052,0.38933012,0.77261257,,,,,,,3,,,,,,,,,
16.277886,9388,20695034,,176.56542969,3.18238163,-153.05319214,,,,,0.54235476,-0.50847447,-9.73426819,-0.46142590,-1.46196580,-0.17470217,0.99006836,-3.84688975,-7.22839347,-0.10293976,0.38975635,0.77115124,,,,,,,3,,,,,,,,,
16.287885,9389,20695134,,176.57583618,3.23029017,-152.95828247,,,,,-0.54017317,-2.38071728,-7.69891882,1.39727998,-2.47189379,-2.25346565,0.78936320,-5.40665310,-3.61247382,-0.10007454,0.39450043,0.78855729,,,,,,,3,,,,,,,,,
16.297855,9390,20695234,,176.60452271,3.31160760,-152.90693665,,,,,-0.52719593,-0.60314339,-11.12223244,0.48056978,-1.16716075,1.26523066,6.34645426,0.31003323,2.62674263,-0.09944326,0.39257419,0.77863479,,,,,,,3,,,,,,,,,
16.307897,9391,20695334,,176.68444824,3.29753065,-152.96356201,,,,,-1.54953492,2.72418499,-9.60102844,-0.09778553,2.36995387,0.01018810,-1.89569040,2.47027260,3.29169228,-0.10232621,0.38879040,0.76124382,,,,,,,3,,,,,,,,,
16.317864,9392,20695434,,176.66749573,3.23372126,-153.02459717,,,,,-0.21577489,2.62594366,-10.95136356,-1.26583779,1.57785630,1.26710308,1.49663500,1.97518719,-3.67978491,-0.10182363,0.39262053,0.76427555,,,,,,,3,,,,,,,,,
16.327959,9393,20695534,,176.67164612,3.22454333,-152.95953369,,,,,0.84009397,-2.99784231,-10.13091850,0.39227912,-3.82484651,0.06466985,3.48341825,-5.73236902,-6.53808076,-0.09527418,0.39682367,0.77921772,,,,,,,3,,,,,,,,,
16.337874,9394,20695634,,176.70506287,3.29719734,-152.86836243,,,,,-1.16217196,-1.53549051,-7.21242666,1.56750965,-1.39573121,-2.64423966,3.26962884,-4.36243755,1.42593582,-0.09629583,0.39443663,0.78907001,,,,,,,3,,,,,,,,,
16.347886,9395,20695734,,176.75935364,3.34711123,-152.89648438,,,,,-0.66886789,2.86259604,-11.75151730,-0.99818701,1.94802666,2.10081792,1.54602655,3.94214058,4.53373699,-0.10027975,0.39162719,0.78108943,,,,,,,3,,,,,,,,,
16.357852,9396,20695834,,176.76370239,3.26748872,-152.97193909,,,,,-1.09100974,1.04806530,-9.29658222,0.26068738,0.71453500,-0.42668605,-3.06192044,4.08654743,-3.66105098,-0.09586975,0.38963711,0.77167958,,,,,,,3,,,,,,,,,
16.367954,9397,20695934,,176.73126221,3.21831918,-152.92889404,,,,,0.89785421,0.70976084,-11.75988388,-1.40753496,-0.68190217,1.89541912,-0.86011670,-2.33592897,-6.06572494,-0.09487718,0.38866001,0.77265859,,,,,,,3,,,,,,,,,
16.377908,9398,20696034,,176.72329712,3.25575185,-152.82926941,,,,,-0.21277115,-3.52052927,-7.70513105,1.61974883,-3.62038517,-2.31526208,4.07014046,-4.52158139,-3.68261303,-0.09506489,0.39201877,0.78260601,,,,,,,3,,,,,,,,,
16.387874,9399,20696134,,176.78935242,3.32511997,-152.79064941,,,,,-1.67410076,1.37138832,-8.84467888,0.64496672,1.30265927,-0.82730365,-0.20446834,3.85218486,3.89375296,-0.09811448,0.39110732,0.78900820,,,,,,,3,,,,,,,,,
16.397947,9400,20696234,,176.80004883,3.26597548,-152.86289978,,,,,-0.54649621,2.08843446,-11.84919167,-0.76664776,1.20481956,2.14285684,1.35554197,3.38893880,-0.11581473,-0.09728917,0.39014101,0.77168041,,,,,,,3,,,,,,,,,
16.408028,9401,20696334,,176.79872131,3.21226478,-152.87637329,,,,,-0.39399001,0.88004583,-9.50057316,-0.28246015,0.23885846,-0.27184153,-4.03734659,0.56877322,-4.79769776,-0.09713694,0.38870284,0.76176327,,,,,,,3,,,,,,,,,
16.417979,9402,20696434,,176.77532959,3.20513272,-152.79409790,,,,,0.25464478,-0.60288340,-10.10452652,-0.19293348,-1.41261554,0.21438193,3.93867682,-2.75705025,-6.93774928,-0.09773479,0.39254761,0.77369535,,,,,,,3,,,,,,,,,
16.427907,9403,20696534,,176.81616211,3.26124334,-152.70236206,,,,,-0.32156155,-2.32038426,-8.53178120,1.14335454,-2.55557871,-1.41458154,4.05736331,-6.69080123,-2.30627164,-0.10022807,0.39162567,0.78257394,,,,,,,3,,,,,,,,,
16.437979,9404,20696634,,176.87313843,3.33499742,-152.70539856,,,,,-1.50497985,1.17897701,-9.57525158,0.55865175,1.01629734,-0.11685324,0.83938078,4.27523696,3.97073474,-0.10354342,0.38832265,0.78003120,,,,,,,3,,,,,,,,,
16.447958,9405,20696734,,176.89100647,3.25929999,-152.77864075,,,,,-0.41349217,3.74079680,-11.74967480,-1.64266503,2.62962556,2.12987518,-0.96486518,4.96423314,0.02805280,-0.10172708,0.38925856,0.76521236,,,,,,,3,,,,,,,,,
16.457896,9406,20696834,,176.86364746,3.16937876,-152.76622009,,,,,-0.01398411,-1.24331141,-8.63957024,0.38632309,-1.73053193,-1.27016914,-0.62242127,-1.53288025,-8.44151190,-0.09949777,0.39114210,0.76277953,,,,,,,3,,,,,,,,,
16.467898,9407,20696934,,176.86378479,3.20666814,-152.64099121,,,,,0.67858303,-1.37452424,-10.39269733,-0.22232562,-2.29853964,0.43509316,2.95650608,-0.99096525,-5.52069207,-0.10328202,0.39215991,0.77613521,,,,,,,3,,,,,,,,,
16.477902,9408,20697034,,176.90414429,3.24532628,-152.58601379,,,,,-1.11912382,-1.54988742,-8.50436306,1.49565077,-1.49226356,-1.35474002,3.05479613,0.62792416,1.94883333,-0.10606818,0.39124662,0.77660149,,,,,,,3,,,,,,,,,
16.487913,9409,20697134,,176.95709229,3.23195195,-152.62889099,,,,,-1.62668717,3.31125307,-9.20140076,-0.30907208,3.00400305,-0.36904836,-1.41799124,6.05027420,2.72136721,-0.10413123,0.39217895,0.76524651,,,,,,,3,,,,,,,,,
16.497885,9410,20697234,,176.92457581,3.14270139,-152.68437195,,,,,-0.08757325,1.12325096,-12.55556679,-0.73365068,0.11531842,2.76830053,-2.22628159,4.60042867,-3.50405353,-0.10204759,0.39262712,0.75784266,,,,,,,3,,,,,,,,,
16.507909,9411,20697334,,176.90892029,3.08276320,-152.61112976,,,,,0.31451896,-0.22153486,-8.47028828,-0.36211538,-0.95509797,-1.39885974,-0.93361770,-3.54045822,-8.26381343,-0.10405396,0.39265656,0.76772827,,,,,,,3,,,,,,,,,
16.517913,9412,20697434,,176.88209534,3.14692283,-152.51214600,,,,,-0.26214698,-1.63545048,-8.68492413,0.78955638,-1.96404445,-1.22872829,-1.05101329,-2.88980267,-4.15194265,-0.10857133,0.39272439,0.78650755,,,,,,,3,,,,,,,,,
16.528069,9413,20697534,,176.89906311,3.19652796,-152.48056030,,,,,-0.58634686,-0.74635285,-10.36819553,0.61672819,-1.15220022,0.51483870,2.13759479,1.17984762,2.53602533,-0.11088627,0.38988364,0.78595620,,,,,,,3,,,,,,,,,
16.537918,9414,20697634,,176.93287659,3.16822457,-152.53469849,,,,,-1.83667183,2.77998519,-9.34018040,0.12301409,2.61707973,-0.24346721,-5.32998806,5.14329637,3.85807077,-0.10769279,0.38887727,0.76913446,,,,,,,3,,,,,,,,,
16.547996,9415,20697734,,176.88769531,3.08024001,-152.58689880,,,,,-0.06049629,2.66057467,-11.11357212,-1.42653751,1.56608367,1.41490686,-1.20790081,3.30024261,-4.01497815,-0.10197766,0.39070556,0.75880212,,,,,,,3,,,,,,,,,
16.558015,9416,20697834,,176.87113953,3.03636146,-152.51651001,,,,,1.02252638,-2.86985159,-10.23421764,0.21567231,-3.75268292,0.17983007,0.71342895,-1.91172299,-8.94828462,-0.10207086,0.39454141,0.77172613,,,,,,,3,,,,,,,,,
16.567901,9417,20697934,,176.88688660,3.07600641,-152.39976501,,,,,-0.70923775,-1.48746479,-7.44657087,1.16278577,-1.53106272,-2.43160319,1.98052776,-1.97929640,-1.85960651,-0.11060764,0.39372036,0.78255504,,,,,,,3,,,,,,,,,
16.577985,9418,20698034,,176.92272949,3.12846541,-152.39674377,,,,,-1.03400922,1.02949154,-10.64512730,0.20146090,0.61770326,0.90849924,2.05172330,2.84872719,4.17356489,-0.10849740,0.39272812,0.77512848,,,,,,,3,,,,,,,,,
16.587917,9419,20698134,,176.95874023,3.07576013,-152.47189331,,,,,-1.05466735,1.95764196,-9.77161503,-0.19534677,1.51368749,0.08988571,-0.51925179,4.91375463,2.04322718,-0.10282354,0.39119852,0.76177424,,,,,,,3,,,,,,,,,
16.597874,9420,20698234,,176.94129944,2.99622607,-152.49937439,,,,,-0.21431637,1.63601077,-11.02847958,-0.80640167,0.74679863,1.28254735,-3.70966826,2.43910388,-4.01621868,-0.10491151,0.39219600,0.75633723,,,,,,,3,,,,,,,,,
16.607919,9421,20698334,,176.89842224,2.98591256,-152.42814636,,,,,0.73623663,-1.30066717,-9.57591534,-0.24599162,-2.18160272,-0.36986303,2.00216686,-5.47894296,-7.87952223,-0.10908817,0.39273959,0.77166241,,,,,,,3,,,,,,,,,
16.617927,9422,20698434,,176.92787170,3.05655360,-152.33058167,,,,,-0.73417211,-2.07959628,-7.92336321,1.44798648,-2.07289076,-1.98673248,-0.23247573,-1.99580497,-0.30438207,-0.11094734,0.39132509,0.78498918,,,,,,,3,,,,,,,,,
16.627919,9423,20698534,,176.93771362,3.09582305,-152.34747314,,,,,-1.32265961,0.81341535,-10.53541565,0.56243235,0.57190341,0.80403423,0.67506527,1.10342827,5.23713207,-0.10778447,0.38983381,0.78052860,,,,,,,3,,,,,,,,,
16.637941,9424,20698634,,176.95669556,3.06519866,-152.42663574,,,,,-0.53868079,3.30364299,-10.92060757,-1.29839313,2.37916684,1.28546524,-3.77325946,2.64546716,2.43503821,-0.10451476,0.39122459,0.76720852,,,,,,,3,,,,,,,,,
16.647907,9425,20698734,,176.90086365,3.00536513,-152.45428467,,,,,-0.52599102,0.07816112,-8.95103645,0.23990665,-0.33555555,-0.85862768,-3.62930255,0.68889469,-6.06096174,-0.10440355,0.39266095,0.77118987,,,,,,,3,,,,,,,,,
16.657891,9426,20698834,,176.87763977,3.00545382,-152.36161804,,,,,1.09070051,-0.79106885,-11.40496063,-0.84099710,-2.03652644,1.45556426,0.07740751,-6.25485373,-6.65918044,-0.10773381,0.39175183,0.78303301,,,,,,,3,,,,,,,,,
16.667911,9427,20698934,,176.87588501,3.08110070,-152.28332520,,,,,-0.62692088,-2.84059024,-7.44518137,1.71978152,-2.76891017,-2.50846863,1.91768639,-2.83933568,0.32772221,-0.11007587,0.39131126,0.78301430,,,,,,,3,,,,,,,,,
16.677898,9428,20699034,,176.92213440,3.11562538,-152.29940796,,,,,-1.55844307,2.67158699,-9.80068398,-0.07290772,2.36998653,0.18508267,-1.33521447,5.63971366,5.46253045,-0.10857569,0.39417005,0.77366668,,,,,,,3,,,,,,,,,
16.687901,9429,20699134,,176.91105652,3.02126503,-152.38873291,,,,,-0.46155453,1.39922190,-11.70547676,-0.49463445,0.60039890,1.95534801,-1.40478859,3.35524036,-0.28993302,-0.10291956,0.39360070,0.76032752,,,,,,,3,,,,,,,,,
16.697907,9430,20699234,,176.89974976,2.97090006,-152.37724304,,,,,0.09883263,1.02583146,-9.16073513,-0.75277805,0.19686377,-0.62926364,-3.88329423,1.17298638,-4.85981449,-0.10319921,0.39168349,0.76474857,,,,,,,3,,,,,,,,,
16.707906,9431,20699334,,176.84580994,2.95630693,-152.30322266,,,,,0.14068651,-1.18202198,-9.84070110,0.23106462,-1.82324624,-0.07028878,-0.43200341,0.03007885,-5.28276841,-0.11399345,0.39329866,0.77956277,,,,,,,3,,,,,,,,,
16.717965,9432,20699434,,176.85668945,2.99018216,-152.22819519,,,,,-0.11649650,-1.78088045,-9.47224903,0.74263299,-2.21075773,-0.45623219,2.30710407,-4.39479942,-0.30603057,-0.11442030,0.39282545,0.78054267,,,,,,,3,,,,,,,,,
16.727892,9433,20699534,,176.88618469,3.04731870,-152.24797058,,,,,-1.96147966,0.23993726,-8.38834000,1.45559692,0.50984311,-1.33241522,-2.90078497,4.05329722,5.07746573,-0.10796563,0.39031902,0.77558780,,,,,,,3,,,,,,,,,
16.737993,9434,20699634,,176.88172913,2.99026823,-152.32266235,,,,,-0.52563196,4.88916302,-11.91999340,-2.04943275,3.69494295,2.36941028,-2.72248864,4.78610778,1.54590564,-0.10411248,0.38929915,0.76421148,,,,,,,3,,,,,,,,,
16.747953,9435,20699734,,176.84207153,2.90737796,-152.33950806,,,,,0.07808857,-1.57516038,-10.07792664,0.47870535,-2.15642858,0.14030123,-1.43949545,-2.49814233,-7.41347366,-0.10518281,0.39075842,0.76126069,,,,,,,3,,,,,,,,,
16.757891,9436,20699834,,176.82843018,2.93843436,-152.23591614,,,,,0.57750708,-0.72828329,-8.76279640,-0.33859062,-1.55130005,-1.14711118,-0.56130169,-3.28906031,-5.37364791,-0.11403677,0.39377981,0.77858067,,,,,,,3,,,,,,,,,
16.767953,9437,20699934,,176.82196045,2.99286890,-152.16622925,,,,,-0.33242154,-1.16573751,-10.08248234,0.63773644,-1.61547422,0.19314742,0.69258081,-0.77375798,0.47730936,-0.11720696,0.39287192,0.78151894,,,,,,,3,,,,,,,,,
16.777926,9438,20700034,,176.85856628,2.99625707,-152.17779541,,,,,-1.76121533,0.38026780,-8.35728264,1.21087205,0.54373753,-1.36861026,-0.19782394,1.99465451,2.78963815,-0.10825066,0.39176702,0.76818788,,,,,,,3,,,,,,,,,
16.787915,9439,20700134,,176.85092163,2.95647573,-152.24728394,,,,,-0.68882781,2.90305614,-11.63652992,-0.96210217,2.02983522,1.99036098,-6.47116241,8.26093792,2.17703038,-0.10650672,0.38981986,0.76321822,,,,,,,3,,,,,,,,,
16.797928,9440,20700234,,176.79582214,2.85551119,-152.25959778,,,,,0.16594145,1.54593027,-10.06923866,-1.05035675,0.55133247,0.30265665,-1.68665353,-1.00994507,-5.35716197,-0.11066999,0.39084885,0.76568741,,,,,,,3,,,,,,,,,
16.807900,9441,20700334,,176.76185608,2.87448978,-152.18804932,,,,,0.10925317,-2.36261702,-8.58422089,0.86618030,-2.76124573,-1.39470613,-3.27794737,-5.23921314,-7.62719370,-0.11440153,0.38994563,0.77950764,,,,,,,3,,,,,,,,,
16.818034,9442,20700434,,176.74263000,2.96776271,-152.08317566,,,,,-0.06058511,-1.08995306,-10.09672832,0.37560976,-1.68275976,0.19527304,1.48536604,-3.60855713,-1.56952027,-0.11600663,0.38996917,0.78741616,,,,,,,3,,,,,,,,,
16.827925,9443,20700534,,176.76588440,3.02520084,-152.08227539,,,,,-1.54364049,-0.11393636,-9.45690441,1.23038673,-0.08902049,-0.31027973,-2.55059861,-2.32272365,3.95172590,-0.11061497,0.39132121,0.78103274,,,,,,,3,,,,,,,,,
16.838012,9444,20700634,,176.77363586,3.03449035,-152.14665222,,,,,-1.24159873,3.11801243,-8.97540760,-0.54738224,2.65328217,-0.62132061,-3.43433736,-0.92629766,0.75784476,-0.10686466,0.38934463,0.76617748,,,,,,,3,,,,,,,,,
16.848050,9445,20700734,,176.71919250,3.01072502,-152.17893982,,,,,0.26393139,0.99144226,-12.71792984,-0.94024372,-0.21213150,2.90804100,-4.55894082,0.14520142,-4.55692591,-0.10670808,0.38646075,0.76910114,,,,,,,3,,,,,,,,,
16.857857,9446,20700834,,176.68386841,2.99969769,-152.10174561,,,,,0.52988708,-0.86450630,-8.49926949,-0.21637365,-1.65270889,-1.41804636,-1.01818249,-8.81604703,-7.90117905,-0.11049183,0.38651881,0.78194684,,,,,,,3,,,,,,,,,
16.868033,9447,20700934,,176.66316223,3.09777474,-152.00096130,,,,,-0.41992944,-1.73485613,-8.14291668,1.02839363,-1.95495129,-1.77789247,-2.85650592,-4.56190170,-3.14580968,-0.11648414,0.38757795,0.78589159,,,,,,,3,,,,,,,,,
16.877897,9448,20701034,,176.65658569,3.15254927,-151.97518921,,,,,-0.85768455,-0.01149882,-10.81918144,0.53936559,-0.44011509,1.01516974,1.54418400,0.60563634,2.06128279,-0.10970804,0.38938686,0.77902758,,,,,,,3,,,,,,,,,
16.887923,9449,20701134,,176.69807434,3.14372683,-152.02027893,,,,,-1.31650519,1.97559988,-9.85060501,0.02649653,1.59349918,0.19659901,-4.08613207,0.40527589,2.44708837,-0.10353003,0.38880807,0.76717520,,,,,,,3,,,,,,,,,
16.897920,9450,20701234,,176.65390015,3.10356283,-152.06538391,,,,,-0.70344275,2.37911105,-9.61836338,-0.69318753,1.67848563,-0.04801559,-4.30523856,2.42857152,-3.98352256,-0.10448662,0.38690487,0.76565599,,,,,,,3,,,,,,,,,
16.907890,9451,20701334,,176.60925293,3.08502030,-152.01644897,,,,,1.13249874,-0.17199638,-12.18302727,-1.15643966,-1.63138199,2.25757456,-1.10949572,-4.76683128,-8.18342211,-0.10980936,0.38555083,0.77401876,,,,,,,3,,,,,,,,,
16.917886,9452,20701434,,176.59536743,3.15111899,-151.90148926,,,,,-0.75155044,-2.89325666,-6.93312788,1.89694095,-2.73473835,-3.03099918,0.52959505,-9.72472089,-5.68978962,-0.11327797,0.38560551,0.78241313,,,,,,,3,,,,,,,,,
16.927922,9453,20701534,,176.62094116,3.27350426,-151.84861755,,,,,-0.40335920,0.24596998,-10.19825745,0.01883912,-0.39802086,0.38536799,-0.43681528,-2.12388532,2.69921712,-0.10995170,0.38458931,0.78290850,,,,,,,3,,,,,,,,,
16.937944,9454,20701634,,176.63653564,3.28616190,-151.88516235,,,,,-1.18566263,1.03237987,-10.33177757,0.32361227,0.65159333,0.60961819,0.23847942,0.10739507,1.12832367,-0.10105596,0.38396609,0.76810044,,,,,,,3,,,,,,,,,
16.947926,9455,20701734,,176.63432312,3.26444745,-151.94540405,,,,,-0.97272450,2.81831074,-9.49461365,-0.68824494,2.18025279,-0.12463069,-6.32189674,-1.72088783,-0.30832402,-0.10747849,0.38407809,0.75916433,,,,,,,3,,,,,,,,,
16.957969,9456,20701834,,176.57022095,3.24969459,-151.92503357,,,,,0.55892080,0.28323689,-11.04603195,-0.86461145,-0.89182162,1.17890322,-0.97968680,-1.53996294,-7.16559585,-0.11096099,0.38460720,0.78092468,,,,,,,3,,,,,,,,,
16.967948,9457,20701934,,176.56022644,3.28324819,-151.82708740,,,,,0.38508645,-1.79498494,-9.31312180,0.31093562,-2.50625801,-0.66569400,-1.16276617,-9.39669593,-5.69748639,-0.10456908,0.38401026,0.80222195,,,,,,,3,,,,,,,,,
16.977904,9458,20702034,,176.54911804,3.39074898,-151.75892639,,,,,-0.86395490,-1.59698558,-7.63002634,1.34976578,-1.61522734,-2.25475693,0.03667279,-4.84800040,-0.84168608,-0.10264100,0.38542280,0.79087448,,,,,,,3,,,,,,,,,
16.987912,9459,20702134,,176.58796692,3.44368577,-151.76129150,,,,,-0.82667696,2.27662802,-11.28172302,-0.61125940,1.48377645,1.61100197,-0.20840660,4.09884049,2.87130694,-0.09966315,0.38490263,0.76812226,,,,,,,3,,,,,,,,,
16.997933,9460,20702234,,176.58309937,3.38587761,-151.81900024,,,,,-1.33770943,0.73055482,-9.96297550,0.59197551,0.46572852,0.23650515,-4.41796699,-0.53471555,-2.12806902,-0.11251705,0.38560680,0.75025761,,,,,,,3,,,,,,,,,
17.007923,9461,20702334,,176.55307007,3.37137079,-151.81094360,,,,,0.03326477,2.57666802,-9.77769089,-1.48515081,1.44918060,0.08326459,-2.27148336,-2.95805162,-5.10839538,-0.11291014,0.38368112,0.77842647,,,,,,,3,,,,,,,,,
17.017938,9462,20702434,,176.52117920,3.39219332,-151.73851013,,,,,0.73317659,-1.41963983,-10.99241257,-0.22358108,-2.48796010,1.01289678,1.10965975,-4.11526240,-7.02023918,-0.10097151,0.38443163,0.79779381,,,,,,,3,,,,,,,,,
17.027921,9463,20702534,,176.54650879,3.46661091,-151.63768005,,,,,-0.55408061,-2.62565470,-7.97344017,1.54980326,-2.69448948,-1.98965955,2.38158686,-9.66581734,-3.20286673,-0.09902570,0.38488388,0.78643125,,,,,,,3,,,,,,,,,
17.038027,9464,20702634,,176.58522034,3.58340025,-151.62770081,,,,,-1.17402124,0.42286465,-9.15065956,0.60170990,0.17721915,-0.59930611,-0.19398103,-1.17282331,3.42349209,-0.10262157,0.38399440,0.76364022,,,,,,,3,,,,,,,,,
17.047969,9465,20702734,,176.61637878,3.58268142,-151.67694092,,,,,-0.41856709,3.62112331,-11.37743759,-1.65555727,2.44906950,1.76054978,1.62496145,0.45196440,0.74396176,-0.10738783,0.38504112,0.74879009,,,,,,,3,,,,,,,,,
17.057957,9466,20702834,,176.61193848,3.53888035,-151.71884155,,,,,-1.14791369,-0.17094094,-9.74275970,0.83548319,-0.40379059,-0.04771030,-3.01726083,-3.22273362,-5.19533174,-0.11068517,0.38701028,0.76315278,,,,,,,3,,,,,,,,,
17.067964,9467,20702934,,176.59088135,3.56800461,-151.63876343,,,,,0.94334054,0.34100360,-10.18157291,-1.26276588,-0.98413724,0.29092240,2.31031789,-5.93247734,-7.37325239,-0.10241653,0.38445640,0.79679745,,,,,,,3,,,,,,,,,
17.077935,9468,20703034,,176.62513733,3.64710927,-151.54512024,,,,,0.27800712,-1.76617837,-9.64456749,0.33251989,-2.47360611,-0.32764602,3.12912972,-7.88295952,-2.32810242,-0.09305562,0.38381949,0.79535002,,,,,,,3,,,,,,,,,
17.087995,9469,20703134,,176.65580750,3.74057055,-151.52629089,,,,,-1.74405408,-1.52106822,-7.48301125,2.04429531,-1.12477255,-2.33492208,2.54229886,-4.25605778,1.04083695,-0.09932192,0.38441864,0.76415825,,,,,,,3,,,,,,,,,
17.097932,9470,20703234,,176.72734070,3.78344512,-151.57064819,,,,,-0.37059480,4.28688192,-11.87583065,-2.06812620,2.96677518,2.29105353,1.34438251,2.37022996,3.37612046,-0.10245211,0.38255569,0.75421786,,,,,,,3,,,,,,,,,
17.107960,9471,20703334,,176.70475769,3.71478677,-151.62077332,,,,,-0.67155206,0.00968989,-10.80734348,0.26803082,-0.55417740,0.99405360,-1.69560151,-1.28617446,-4.08956979,-0.10614521,0.38357678,0.75668931,,,,,,,3,,,,,,,,,
17.117946,9472,20703434,,176.69575500,3.71793103,-151.56118774,,,,,0.22331595,0.56543458,-8.72642803,-0.72078049,-0.32409483,-1.10357833,-0.68744589,-6.37990255,-7.33921414,-0.09545875,0.38482037,0.79436433,,,,,,,3,,,,,,,,,
17.127965,9473,20703534,,176.67811584,3.78366995,-151.46881104,,,,,0.28353757,-1.93936098,-9.81149197,0.38623744,-2.63971567,-0.16856754,1.47011914,-3.22801314,-3.15063286,-0.09178792,0.38379401,0.80475640,,,,,,,3,,,,,,,,,
17.137986,9474,20703634,,176.72692871,3.84727693,-151.43127441,,,,,-0.57524151,-0.77452064,-9.52659988,0.57572675,-1.18998337,-0.32917547,4.75306803,-4.56024880,2.29296601,-0.09807195,0.38535345,0.77357978,,,,,,,3,,,,,,,,,
17.147946,9475,20703734,,176.78648376,3.89828706,-151.48347473,,,,,-1.74834538,1.78620291,-9.11638641,0.38606369,1.64546156,-0.50966871,-3.76513324,1.47727590,2.66628259,-0.09895509,0.38441375,0.76119149,,,,,,,3,,,,,,,,,
17.157958,9476,20703834,,176.74671936,3.85030746,-151.52920532,,,,,-0.42608860,2.86960769,-11.31231499,-1.36160195,1.78842640,1.64364421,-0.24083573,1.32677983,-3.17332702,-0.10095361,0.38588259,0.77208942,,,,,,,3,,,,,,,,,
17.167976,9477,20703934,,176.75549316,3.82033825,-151.49394226,,,,,0.79269522,-0.05567551,-11.26951694,-1.02024889,-1.35190916,1.35263562,0.04330116,-6.20782959,-6.33110212,-0.10318112,0.38735226,0.78991282,,,,,,,3,,,,,,,,,
17.178024,9478,20704034,,176.73817444,3.88459420,-151.40667725,,,,,-0.44528806,-3.67838216,-6.68574333,1.95343721,-3.55491018,-3.32901692,1.38211439,-6.57201784,-4.53563023,-0.09485960,0.38528851,0.79833281,,,,,,,3,,,,,,,,,
17.188102,9479,20704134,,176.78578186,3.97785521,-151.35144043,,,,,0.15658167,1.26192808,-10.97111797,-1.10954320,0.12803948,1.17022681,3.35176657,-3.20138608,2.79939124,-0.08631344,0.38466966,0.78698641,,,,,,,3,,,,,,,,,
17.197966,9480,20704234,,176.82220459,4.00611877,-151.40328979,,,,,-1.54166055,0.34814492,-9.56331348,0.85569119,0.25306308,-0.16239130,0.24976569,-0.16355444,2.67665509,-0.09314109,0.38527349,0.76667660,,,,,,,3,,,,,,,,,
17.208081,9481,20704334,,176.83903503,3.98042727,-151.45770264,,,,,-0.85350239,2.59682798,-9.33777046,-0.81768370,1.91384041,-0.30799210,-2.32442116,2.69921862,0.14887746,-0.09719997,0.38437986,0.77109492,,,,,,,3,,,,,,,,,
17.218000,9482,20704434,,176.81068420,3.91279769,-151.45535278,,,,,0.71459180,0.92994088,-12.41334724,-1.48661423,-0.54532623,2.55136347,-0.52535451,-0.07516703,-5.69871284,-0.09379411,0.38623470,0.78895271,,,,,,,3,,,,,,,,,
17.228089,9483,20704534,,176.80111694,3.92030191,-151.36642456,,,,,0.17548732,-2.46825600,-7.82635784,0.78227562,-2.88356090,-2.16212320,3.91017487,-6.92158265,-5.73142091,-0.09354405,0.38574746,0.79587287,,,,,,,3,,,,,,,,,
17.237957,9484,20704634,,176.85893250,4.02172852,-151.30651855,,,,,-0.43778428,-0.66214705,-8.57264709,0.40821922,-1.07249880,-1.28472686,1.24734708,-1.39942892,2.56472942,-0.09018820,0.38713571,0.78502697,,,,,,,3,,,,,,,,,
17.248078,9485,20704734,,176.88386536,4.04388475,-151.33720398,,,,,-1.43388653,0.60203165,-10.79694748,0.58888876,0.33490965,1.07270837,1.99628671,1.53313724,2.74730827,-0.09542064,0.39011562,0.75783616,,,,,,,3,,,,,,,,,
17.257971,9486,20704834,,176.92475891,4.00917864,-151.39814758,,,,,-0.32999653,3.41670036,-10.39064407,-1.71988440,2.30676889,0.74634409,-0.94260687,1.40240656,1.56625683,-0.10552687,0.38980877,0.75085396,,,,,,,3,,,,,,,,,
17.268032,9487,20704934,,176.88711548,3.94597268,-151.41639709,,,,,-0.51477128,-0.64523876,-9.61149788,0.43443555,-1.09377766,-0.24142671,-2.51287056,2.64967221,-5.22307725,-0.10282703,0.38831341,0.77360278,,,,,,,3,,,,,,,,,
17.278055,9488,20705034,,176.88363647,3.93490863,-151.33168030,,,,,0.83881932,0.23558696,-10.27979660,-1.20380795,-1.02682173,0.38134480,3.54112289,-6.13720714,-5.78204798,-0.09321322,0.38862291,0.79344624,,,,,,,3,,,,,,,,,
17.288048,9489,20705134,,176.92375183,4.01002312,-151.25923157,,,,,0.25067419,-2.42067266,-9.16834831,0.62645763,-2.97883654,-0.82884991,2.29435062,-3.32472670,0.00561423,-0.09406345,0.39056152,0.78357750,,,,,,,3,,,,,,,,,
17.298036,9490,20705234,,176.95385742,4.04634094,-151.26242065,,,,,-2.12019467,-0.22328594,-7.93746853,1.68363237,0.17833513,-1.77453721,0.89487917,4.28404577,3.28156054,-0.09085276,0.38955462,0.76725060,,,,,,,3,,,,,,,,,
17.308022,9491,20705334,,176.98527527,4.00173807,-151.33006287,,,,,-0.44694251,4.84192228,-11.96061516,-2.36150265,3.49051237,2.39158607,-1.46859675,3.57807378,1.89360976,-0.09501296,0.38482499,0.76666009,,,,,,,3,,,,,,,,,
17.318065,9492,20705434,,176.94561768,3.90562510,-151.36221313,,,,,0.01111851,-0.91729861,-10.68174267,0.07389706,-1.65456676,0.77417278,-0.89303384,3.00599379,-4.16873168,-0.10528080,0.38739628,0.77011263,,,,,,,3,,,,,,,,,
17.328018,9493,20705534,,176.95292664,3.89235330,-151.28440857,,,,,0.17054455,0.15389746,-8.12416267,-0.49238759,-0.59051055,-1.72431159,-0.89221400,-3.65932337,-6.08768827,-0.09484775,0.38865325,0.78700668,,,,,,,3,,,,,,,,,
17.337968,9494,20705634,,176.92916870,3.94244552,-151.21255493,,,,,0.05274125,-1.54750299,-9.28358841,0.38758102,-2.11749196,-0.65134954,0.00878456,-1.95990571,-1.60439372,-0.09040831,0.38665640,0.79194492,,,,,,,3,,,,,,,,,
17.348111,9495,20705734,,176.95733643,3.98099756,-151.19183350,,,,,-0.59289581,-0.52858472,-10.28237534,0.41612840,-0.99656510,0.44017065,3.19034657,1.73460295,2.97305477,-0.09583529,0.38963610,0.77266926,,,,,,,3,,,,,,,,,
17.358016,9496,20705834,,177.01081848,3.96300817,-151.24642944,,,,,-1.66310465,2.48228168,-9.40582085,-0.07181293,2.21700907,-0.19344866,-4.77802895,3.37643016,2.85478706,-0.10405678,0.39122295,0.75335753,,,,,,,3,,,,,,,,,
17.368073,9497,20705934,,176.94656372,3.89081097,-151.29696655,,,,,-0.60808110,1.60062814,-9.78356838,-0.57488161,0.90954018,0.05747759,-2.11104114,1.63049411,-3.06602752,-0.11031052,0.38844481,0.76119834,,,,,,,3,,,,,,,,,
17.377976,9498,20706034,,176.93844604,3.86670065,-151.25347900,,,,,1.40143871,0.79624623,-12.34713650,-2.02080917,-0.96159351,2.43494582,-0.30751038,-2.17596956,-5.01375628,-0.10096903,0.38923627,0.78698522,,,,,,,3,,,,,,,,,
17.388003,9499,20706134,,176.91983032,3.89985371,-151.17958069,,,,,-0.57392853,-4.24499750,-6.92124224,2.33698559,-3.98153210,-3.10270095,-0.25720881,-6.87915095,-3.47651805,-0.09298977,0.38957605,0.80038911,,,,,,,3,,,,,,,,,
17.398027,9500,20706234,,176.95484924,3.98754525,-151.13009644,,,,,-0.60155320,1.22104943,-8.54166889,-0.35366791,0.67339993,-1.20209265,2.23107041,-1.00601141,2.37759824,-0.08968406,0.38808653,0.78652883,,,,,,,3,,,,,,,,,
17.408015,9501,20706334,,176.99546814,3.99939299,-151.18650818,,,,,-0.85533392,2.17098927,-12.01472950,-0.70991504,1.35657275,2.32885289,0.23678390,5.55397259,3.78883016,-0.09799502,0.38920203,0.75088215,,,,,,,3,,,,,,,,,
17.417970,9502,20706434,,177.00177002,3.90704107,-151.23843384,,,,,-0.84663248,0.76123363,-8.85881901,0.06744221,0.37529397,-0.89286017,-0.40937283,-0.63237717,-2.88476775,-0.10612652,0.39030039,0.74739546,,,,,,,3,,,,,,,,,
17.428036,9503,20706534,,176.99057007,3.90149593,-151.20980835,,,,,0.73827302,1.01155579,-10.37504959,-1.49031234,-0.29271746,0.52414107,-2.70323669,-1.05895808,-4.75727670,-0.09769445,0.38822159,0.78599602,,,,,,,3,,,,,,,,,
17.438110,9504,20706634,,176.94047546,3.92264652,-151.12890625,,,,,-0.21522869,-2.09161091,-9.54313087,0.87644672,-2.48174047,-0.39638352,2.09480514,-3.04005936,-4.09407345,-0.08602210,0.38754031,0.79692852,,,,,,,3,,,,,,,,,
17.448032,9505,20706734,,177.00305176,3.99075198,-151.08071899,,,,,-0.28725898,-0.73504639,-9.31211185,0.27746725,-1.24791729,-0.55368710,2.60541792,-6.70707288,1.98377252,-0.09103842,0.38907433,0.77515823,,,,,,,3,,,,,,,,,
17.458193,9506,20706834,,177.02978516,4.05617142,-151.13401794,,,,,-1.76945353,1.24083102,-8.78908253,0.63449556,1.23209500,-0.86459517,-3.94637743,1.50814045,5.05313318,-0.10495331,0.38979784,0.75382525,,,,,,,3,,,,,,,,,
17.468009,9507,20706934,,176.99971008,4.01021576,-151.19784546,,,,,-0.19574034,3.82480097,-11.34241867,-2.08236074,2.53067160,1.69997931,-1.36377629,1.90135135,-0.96124742,-0.10515569,0.38835824,0.76072806,,,,,,,3,,,,,,,,,
17.477988,9508,20707034,,176.97612000,3.97671556,-151.18345642,,,,,1.10412884,-0.92105365,-11.22923374,-0.90791208,-2.23655820,1.24234200,-2.07362366,-7.19634024,-7.83317940,-0.10954062,0.39178720,0.77164507,,,,,,,3,,,,,,,,,
17.487958,9509,20707134,,176.94161987,4.04770613,-151.08030701,,,,,-0.55684996,-3.58626771,-6.69998884,1.99726593,-3.40338182,-3.28897500,-0.53830855,-5.60240845,-3.38799965,-0.10491654,0.39219022,0.76969558,,,,,,,3,,,,,,,,,
17.498110,9510,20707234,,176.97796631,4.12630224,-151.03820801,,,,,-0.67870003,1.92625797,-10.27069664,-0.71285748,1.17839861,0.56301725,-0.00734171,-0.41554543,4.61963558,-0.09229778,0.38957939,0.76625425,,,,,,,3,,,,,,,,,
17.508014,9511,20707334,,176.97525024,4.12163687,-151.10812378,,,,,-0.78000253,1.26799273,-11.04507256,-0.34243992,0.58535087,1.31003582,-2.09993867,0.35145605,0.82166215,-0.09954357,0.38681862,0.77260607,,,,,,,3,,,,,,,,,
17.518047,9512,20707434,,176.97286987,4.08994484,-151.13861084,,,,,-0.38273999,1.22650433,-8.75642204,-0.58316737,0.54605830,-1.00047827,-1.96835465,0.00915526,-2.44419707,-0.10019992,0.38730597,0.78102136,,,,,,,3,,,,,,,,,
17.528091,9513,20707534,,176.95022583,4.07610703,-151.11166382,,,,,0.69834048,0.67068839,-11.46171570,-1.35316801,-0.68449157,1.58566046,-2.85277429,-2.53951086,-3.70696009,-0.09727399,0.39397958,0.77421510,,,,,,,3,,,,,,,,,
17.537993,9514,20707634,,176.92718506,4.10855627,-151.03646851,,,,,-0.16365328,-3.28034449,-8.47115517,1.43104529,-3.47252560,-1.53020120,5.29066026,-7.62124546,-4.82740311,-0.09661661,0.39157268,0.76477987,,,,,,,3,,,,,,,,,
17.548069,9515,20707734,,177.01084900,4.20137215,-150.99198914,,,,,-0.90018308,0.86108202,-8.59817696,0.04515529,0.48538321,-1.14082706,1.88057861,0.01800685,5.10790916,-0.09144303,0.38860634,0.76327455,,,,,,,3,,,,,,,,,
17.558013,9516,20707834,,177.02467346,4.18138742,-151.07577515,,,,,-1.18789220,3.04399323,-11.24611378,-0.86467373,2.31206417,1.63723111,-4.20858370,4.39133224,2.24771707,-0.09703409,0.38965955,0.76524222,,,,,,,3,,,,,,,,,
17.568083,9517,20707934,,176.99131775,4.10986090,-151.10784912,,,,,0.95642620,1.02257919,-10.84264851,-1.73673117,-0.44687751,0.96674156,1.59874579,-1.77149440,-5.23167646,-0.10191121,0.38589892,0.77159011,,,,,,,3,,,,,,,,,
17.578005,9518,20708034,,177.00312805,4.12719870,-151.04797363,,,,,0.20560734,-1.41365123,-9.08056641,0.17470556,-2.06413221,-0.86106455,-0.20871285,-4.21469715,-3.63798500,-0.09871797,0.39208481,0.77219880,,,,,,,3,,,,,,,,,
17.588145,9519,20708134,,177.00263977,4.17403793,-150.97052002,,,,,-1.19059753,-2.21526551,-7.71955919,1.83005714,-1.98242080,-2.14914083,3.11896256,-2.67530954,-0.52944932,-0.09367591,0.39344120,0.76927704,,,,,,,3,,,,,,,,,
17.598129,9520,20708234,,177.07063293,4.20484591,-150.97459412,,,,,0.02634407,2.91703653,-11.95033455,-1.89251196,1.57810080,2.23837495,1.05598118,3.92942490,4.15085836,-0.08682296,0.38708404,0.77366358,,,,,,,3,,,,,,,,,
17.608026,9521,20708334,,177.04570007,4.13391590,-151.06686401,,,,,-0.91233838,1.48473406,-10.33663845,-0.31369120,0.90470362,0.62764609,-6.56615113,4.95581152,0.03243606,-0.10247743,0.38830906,0.77014112,,,,,,,3,,,,,,,,,
17.618091,9522,20708434,,177.00375366,4.06998491,-151.05802917,,,,,0.14051738,0.59579903,-8.52409744,-0.72359896,-0.23176368,-1.30205619,0.65763495,-1.79623794,-5.25149382,-0.10542017,0.39027962,0.76768380,,,,,,,3,,,,,,,,,
17.630744,9523,20708534,,177.01992798,4.09313488,-150.96778870,,,,,0.81261575,-1.74074638,-11.32060814,-0.28132915,-2.81752062,1.31262910,1.89387507,-1.15798963,-2.88886373,-0.08973174,0.39001337,0.77270585,,,,,,,3,,,,,,,,,
17.638097,9524,20708634,,177.04080200,4.11738205,-150.92498779,,,,,-1.33354247,-2.28618264,-8.19910622,1.97176218,-2.00839663,-1.66481018,2.69475445,-1.21350552,2.17925552,-0.08469752,0.38993037,0.76877171,,,,,,,3,,,,,,,,,
17.648121,9525,20708734,,177.09719849,4.13301420,-150.95941162,,,,,-0.91193247,4.45354414,-9.41650963,-1.72221041,3.57316113,-0.13460398,-2.81678986,4.68996818,2.55010641,-0.08967954,0.38905209,0.77368039,,,,,,,3,,,,,,,,,
17.658101,9526,20708834,,177.03791809,4.05359888,-151.04594421,,,,,0.19010884,0.93075830,-12.44802952,-1.06759691,-0.27393007,2.62065363,-3.83592346,4.81175728,-1.97933333,-0.10423759,0.38833717,0.77359605,,,,,,,3,,,,,,,,,
17.668117,9527,20708934,,177.01213074,3.99550104,-150.99061584,,,,,0.54326206,-0.63728309,-9.21053410,-0.48357245,-1.55001545,-0.70979214,0.56350453,-4.94086578,-4.35017608,-0.10380083,0.38641071,0.77158874,,,,,,,3,,,,,,,,,
17.678073,9528,20709034,,177.02050781,4.05751419,-150.91572571,,,,,-0.28186554,-2.11059260,-8.10889816,0.98845094,-2.34772873,-1.83146119,-2.47234663,-2.23939235,-0.81462935,-0.09294476,0.38862684,0.77415204,,,,,,,3,,,,,,,,,
17.688110,9529,20709134,,176.99894714,4.09190512,-150.90556335,,,,,-1.42843866,0.14034358,-9.58171654,0.83745331,0.04640812,-0.16427195,-0.20235950,4.30766541,3.23084831,-0.09135203,0.38619834,0.77807969,,,,,,,3,,,,,,,,,
17.701146,9530,20709234,,177.02664185,4.04490614,-150.97351074,,,,,-0.06264664,4.32689142,-11.61062431,-2.46526980,2.87199259,1.98596120,-3.56616812,2.64339612,3.15200360,-0.09499189,0.38433859,0.78050578,,,,,,,3,,,,,,,,,
17.711125,9531,20709334,,176.96495056,3.97451997,-151.03298950,,,,,-0.28163695,-1.35525537,-9.57960892,0.57926750,-1.81088769,-0.32635391,-6.01722334,2.12371349,-3.59815305,-0.10392543,0.38448897,0.78046334,,,,,,,3,,,,,,,,,
17.718031,9532,20709434,,176.91448975,3.95801830,-150.96090698,,,,,0.46435609,0.62275857,-9.27870464,-1.02567172,-0.43197447,-0.56923640,-0.30671994,-2.79956391,-2.62270705,-0.10134703,0.38732788,0.77507889,,,,,,,3,,,,,,,,,
17.728046,9533,20709534,,176.93626404,3.99618411,-150.91035461,,,,,-0.08516771,-1.34575307,-10.10195351,0.37852779,-1.94598627,0.18335843,1.76512173,-1.61276465,0.97480374,-0.09301316,0.38766909,0.77166277,,,,,,,3,,,,,,,,,
17.738223,9534,20709634,,176.97604370,3.99450636,-150.91899109,,,,,-1.33432531,-1.32892370,-8.68378639,1.51233733,-1.20793438,-1.14129245,1.30800086,5.83387929,3.01490206,-0.09148098,0.38572225,0.77411342,,,,,,,3,,,,,,,,,
17.748153,9535,20709734,,177.00061035,3.94272375,-151.00149536,,,,,-0.55688292,5.10890436,-10.43885517,-2.35233831,3.89060497,0.90220499,-4.45362656,6.93036969,4.75428551,-0.09340454,0.38527533,0.77261239,,,,,,,3,,,,,,,,,
17.758242,9536,20709834,,176.92633057,3.83252978,-151.05873108,,,,,0.43244404,-0.31928590,-11.60954475,-0.59585333,-1.40889192,1.70482230,-1.09122496,1.77756911,-3.34150036,-0.09840379,0.38439754,0.77702630,,,,,,,3,,,,,,,,,
17.768121,9537,20709934,,176.92568970,3.82263494,-150.97830200,,,,,0.35012582,-2.17814970,-8.69014931,0.48534894,-2.75835395,-1.29414022,1.21902570,-3.04506290,-3.28560957,-0.09991977,0.38826340,0.77609032,,,,,,,3,,,,,,,,,
17.778153,9538,20710034,,176.94468689,3.86907768,-150.92781067,,,,,-0.75823390,-0.62575018,-7.84954739,0.71764094,-0.80104125,-1.97768867,-1.59825893,-0.28585977,3.43431282,-0.09595538,0.38867989,0.76869541,,,,,,,3,,,,,,,,,
17.788079,9539,20710134,,176.94036865,3.86076236,-150.97576904,,,,,-1.00114214,1.72788227,-10.58364105,-0.30000424,1.15640402,0.88524890,-0.31564046,6.08490369,4.65427233,-0.09612177,0.38435999,0.77505809,,,,,,,3,,,,,,,,,
17.798081,9540,20710234,,176.93902588,3.79349780,-151.06454468,,,,,-0.08253321,2.06978536,-11.26942825,-1.28396034,0.95073605,1.53228951,-5.80220088,5.24734534,1.66749869,-0.10165126,0.38301203,0.77748281,,,,,,,3,,,,,,,,,
17.808014,9541,20710334,,176.87077332,3.71666789,-151.07662964,,,,,-0.19809526,-0.57371247,-8.51908302,0.19762269,-1.07779050,-1.34654284,-3.91247707,-0.98464690,-2.64544518,-0.10467178,0.38546476,0.77305365,,,,,,,3,,,,,,,,,
17.817981,9542,20710434,,176.84782410,3.73075819,-151.00717163,,,,,0.39560479,0.10312667,-10.26490593,-0.70715344,-0.91974401,0.39421439,0.81918066,-3.00405487,-2.20578120,-0.10104180,0.38972420,0.77165502,,,,,,,3,,,,,,,,,
17.827994,9543,20710534,,176.86775208,3.76628804,-150.97265625,,,,,-0.37765104,-2.40853906,-9.17195988,1.22136974,-2.64979720,-0.77808022,1.05450095,1.18617665,2.42840460,-0.09675691,0.38677216,0.77162975,,,,,,,3,,,,,,,,,
17.838024,9544,20710634,,176.91252136,3.74565649,-151.01025391,,,,,-1.17678130,2.20434952,-8.65088272,-0.30087209,1.80742121,-0.99608326,-0.93811400,5.49632025,5.54552706,-0.09439659,0.38529268,0.77112341,,,,,,,3,,,,,,,,,
17.848069,9545,20710734,,176.88385010,3.66590691,-151.11329651,,,,,-0.41017267,3.34042835,-11.82043076,-1.59978771,2.17613506,2.17966413,-6.28938248,8.41262874,2.00483981,-0.10244195,0.38638851,0.77011091,,,,,,,3,,,,,,,,,
17.858028,9546,20710834,,176.81573486,3.56468081,-151.11628723,,,,,0.73946893,-1.75265503,-10.00117207,-0.06033081,-2.67037416,0.01068044,1.04284406,-0.43711194,-4.93066917,-0.10224307,0.38494304,0.77503663,,,,,,,3,,,,,,,,,
17.868052,9547,20710934,,176.83543396,3.57311702,-151.02783203,,,,,-0.07858735,-1.51783252,-8.08966827,0.58928543,-1.92078578,-1.83630419,-1.81064217,-2.00752173,0.60389342,-0.09761114,0.38678545,0.77409947,,,,,,,3,,,,,,,,,
17.878017,9548,20711034,,176.81983948,3.60764194,-151.03416443,,,,,-1.31077135,-0.50042838,-8.74875259,1.15335870,-0.49429321,-1.04360473,-1.00996599,4.60241796,4.63370065,-0.10056120,0.38635683,0.77011985,,,,,,,3,,,,,,,,,
17.888012,9549,20711134,,176.84837341,3.57140398,-151.10284424,,,,,-0.03400643,3.19149494,-11.44862747,-1.82501376,1.90970325,1.77219439,0.07076600,5.27925513,5.13821215,-0.10376536,0.38449016,0.77155846,,,,,,,3,,,,,,,,,
17.898005,9550,20711234,,176.82019043,3.48303199,-151.19081116,,,,,-0.95370162,0.27660769,-9.52668381,0.45172888,-0.04525924,-0.24632955,-6.77226063,3.18955768,1.76018276,-0.10934805,0.38602301,0.77402854,,,,,,,3,,,,,,,,,
17.908047,9551,20711334,,176.76487732,3.43269300,-151.17041016,,,,,0.42462736,0.73373926,-9.32107067,-0.95937419,-0.29528946,-0.50818205,-0.15618860,-0.95063757,-3.37310984,-0.10843378,0.38648784,0.77354574,,,,,,,3,,,,,,,,,
17.918103,9552,20711434,,176.77188110,3.44970226,-151.10273743,,,,,0.43503487,-1.92290604,-10.34562588,0.28949818,-2.69870067,0.36301804,1.32361830,-0.80508464,-0.25157542,-0.10200724,0.38830113,0.77014339,,,,,,,3,,,,,,,,,
17.928021,9553,20711534,,176.79940796,3.46370983,-151.09938049,,,,,-1.44639158,-1.19827592,-7.87082148,1.64677966,-0.96895456,-1.94850683,1.61670802,0.85103741,6.11290789,-0.10044010,0.38539353,0.77307373,,,,,,,3,,,,,,,,,
17.938054,9554,20711634,,176.83302307,3.45959830,-151.19203186,,,,,-0.79044849,4.18003607,-10.50747013,-1.58717299,3.21187401,0.94546390,-4.62728582,6.80769352,5.97742340,-0.10184963,0.38349774,0.77204716,,,,,,,3,,,,,,,,,
17.948027,9555,20711734,,176.77215576,3.34884501,-151.26654053,,,,,0.07919489,0.18021606,-10.98662567,-0.41944200,-0.73384184,1.13882375,-0.82843130,2.96380798,-2.57616038,-0.10647423,0.38405448,0.77450657,,,,,,,3,,,,,,,,,
17.958030,9556,20711834,,176.76947021,3.32633114,-151.21568298,,,,,0.57267684,-0.65340602,-9.54538155,-0.40484619,-1.58731103,-0.37410355,-0.83672795,-5.11646653,-2.05713494,-0.10611834,0.38836882,0.77358711,,,,,,,3,,,,,,,,,
17.968016,9557,20711934,,176.76718140,3.37748599,-151.16081238,,,,,-0.84167904,-2.57970119,-7.50166607,1.81057072,-2.42977738,-2.43103886,1.17523629,-1.46467185,0.06165346,-0.10394122,0.39121363,0.77017981,,,,,,,3,,,,,,,,,
17.978013,9558,20712034,,176.80770874,3.40087438,-151.17214966,,,,,-0.65260601,2.04775858,-10.36281204,-0.66329205,1.30680692,0.66457272,1.91408624,3.85587700,6.69590381,-0.10256357,0.38831159,0.76766694,,,,,,,3,,,,,,,,,
17.988031,9559,20712134,,176.82250977,3.33680677,-151.27719116,,,,,-0.56603944,1.88699830,-11.14057350,-0.67754787,1.06205785,1.43080962,-4.21461134,4.67054312,4.45774644,-0.10800589,0.38504156,0.77154595,,,,,,,3,,,,,,,,,
17.997981,9560,20712234,,176.78823853,3.27058864,-151.32058716,,,,,-0.17320596,0.97572821,-8.73462296,-0.51894784,0.26479530,-1.04315674,-1.66469938,0.03518359,-2.47854097,-0.11205642,0.38462758,0.77646667,,,,,,,3,,,,,,,,,
18.008034,9561,20712334,,176.76683044,3.26172185,-151.26081848,,,,,0.58193451,-1.61104310,-10.24786091,0.03752622,-2.47421646,0.27803802,1.12969408,-1.03266302,-2.42373788,-0.10660522,0.38741750,0.77258009,,,,,,,3,,,,,,,,,
18.018114,9562,20712434,,176.79655457,3.27604723,-151.20326233,,,,,-0.55323422,-1.41593456,-8.83126736,0.96508098,-1.65102315,-1.05487978,4.48296265,-1.99118925,3.46706806,-0.10064000,0.38875854,0.76916796,,,,,,,3,,,,,,,,,
18.028069,9563,20712534,,176.86274719,3.30483365,-151.26519775,,,,,-1.29060340,1.73575175,-9.33459187,0.08304334,1.42630506,-0.33572114,-2.06279226,5.24524591,6.54301045,-0.10065623,0.38683951,0.76765323,,,,,,,3,,,,,,,,,
18.038016,9564,20712634,,176.83833313,3.23016715,-151.36598206,,,,,-0.21263805,2.44910216,-10.45235062,-1.22842574,1.45460367,0.75209796,-1.00499596,5.42875388,0.96378078,-0.10963257,0.38651127,0.76611871,,,,,,,3,,,,,,,,,
18.048105,9565,20712734,,176.82637024,3.16208196,-151.36148071,,,,,0.86126381,0.20849527,-11.53771019,-1.10472429,-1.10244501,1.64854932,-1.26007300,-2.42860716,-2.61763286,-0.11183783,0.38798618,0.77107859,,,,,,,3,,,,,,,,,
18.058084,9566,20712834,,176.81303406,3.18405008,-151.28964233,,,,,-0.74669135,-3.41271544,-7.08229113,2.15522099,-3.16064334,-2.89400125,2.97506626,-4.72079282,-2.70750833,-0.10512677,0.38931125,0.77558607,,,,,,,3,,,,,,,,,
18.068038,9567,20712934,,176.86560059,3.25151277,-151.25723267,,,,,-0.79801363,1.26906908,-9.21580601,-0.11196446,0.80034840,-0.51316118,0.58686944,1.85743323,6.82159978,-0.10353892,0.38928822,0.76718277,,,,,,,3,,,,,,,,,
18.078066,9568,20713034,,176.87979126,3.21430612,-151.35426331,,,,,-0.71262527,2.61592078,-11.30023575,-0.88237453,1.78190374,1.63602972,-2.20860954,4.04752656,4.41525669,-0.10783899,0.38840169,0.76467335,,,,,,,3,,,,,,,,,
18.088058,9569,20713134,,176.85374451,3.15164828,-151.42622375,,,,,0.39054942,1.20552266,-10.63333702,-1.15220726,0.06670082,0.83106089,-3.29209931,-0.81469557,-2.02242179,-0.11357085,0.38561413,0.77400088,,,,,,,3,,,,,,,,,
18.098049,9570,20713234,,176.81864929,3.14615560,-151.36471558,,,,,-0.02901563,-2.55729294,-8.33192635,1.08497834,-2.84729695,-1.64382863,1.07095093,-2.47359100,-3.83997077,-0.10608234,0.38548851,0.77304697,,,,,,,3,,,,,,,,,
18.108041,9571,20713334,,176.84645081,3.17999625,-151.29154968,,,,,-0.28081402,-0.02122586,-9.41390133,0.05133694,-0.59018672,-0.41552234,1.26594429,-2.41708186,3.56526505,-0.10031499,0.38635552,0.76368916,,,,,,,3,,,,,,,,,
18.118057,9572,20713434,,176.86392212,3.18929791,-151.35118103,,,,,-1.06238270,0.72008085,-10.05928326,0.36893845,0.38750809,0.31245685,0.02811379,4.39371342,4.56193457,-0.10443443,0.38594356,0.76663053,,,,,,,3,,,,,,,,,
18.128082,9573,20713534,,176.87602234,3.13177228,-151.43215942,,,,,-0.23687883,2.84226632,-10.21043015,-1.37207520,1.84211993,0.53707337,-3.50194065,5.43733089,1.50254354,-0.11139220,0.38557965,0.76906371,,,,,,,3,,,,,,,,,
18.138097,9574,20713634,,176.82386780,3.05826759,-151.43913269,,,,,0.17301439,-0.88651425,-9.90632820,0.07877262,-1.59393215,0.00217688,-3.39851836,0.17478766,-3.73958407,-0.11043511,0.38652304,0.77007294,,,,,,,3,,,,,,,,,
18.148053,9575,20713734,,176.81398010,3.05576134,-151.34751892,,,,,0.32417694,-0.52821350,-9.61216831,-0.22401020,-1.33338666,-0.27758336,3.44722657,-4.29384196,-2.44060610,-0.10522912,0.38739476,0.77159715,,,,,,,3,,,,,,,,,
18.158071,9576,20713834,,176.84846497,3.11264348,-151.32446289,,,,,-1.37028110,-1.99171674,-8.73805618,1.97822845,-1.74184024,-1.13732862,0.74479718,2.63670723,4.77150954,-0.10116138,0.38780820,0.76717126,,,,,,,3,,,,,,,,,
18.168078,9577,20713934,,176.89923096,3.09365916,-151.39497375,,,,,-0.82310212,4.15620899,-9.71823978,-1.47258222,3.31318641,0.15261722,-2.09826335,3.06986225,4.18774223,-0.10455605,0.38786665,0.76418662,,,,,,,3,,,,,,,,,
18.178024,9578,20714034,,176.85748291,3.02374125,-151.47328186,,,,,0.29461887,0.95298171,-11.46497726,-0.94527566,-0.15426898,1.65302956,-1.57793090,1.48251945,-4.12314017,-0.11757405,0.38664430,0.76756525,,,,,,,3,,,,,,,,,
18.188042,9579,20714134,,176.84977722,3.00525999,-151.39268494,,,,,0.65207183,-1.53414989,-9.75383854,-0.02234375,-2.37322426,-0.20482898,2.13968909,-3.72146059,-3.49190903,-0.11482286,0.38851839,0.76661921,,,,,,,3,,,,,,,,,
18.198031,9580,20714234,,176.87106323,3.04993796,-151.31619263,,,,,-1.19357705,-2.62501931,-7.73277569,2.15584707,-2.29581976,-2.18239069,-0.06152789,-2.46681161,1.33425835,-0.10425183,0.39218250,0.76178265,,,,,,,3,,,,,,,,,
18.208122,9581,20714334,,176.91751099,3.07262897,-151.33609009,,,,,-0.75295603,3.52063370,-9.41063118,-1.21788716,2.75925875,-0.20206165,2.39166608,1.80452787,4.44082892,-0.10547031,0.38740185,0.76466942,,,,,,,3,,,,,,,,,
18.218070,9582,20714434,,176.92207336,3.02699113,-151.43112183,,,,,0.06692605,1.32259715,-12.72472763,-0.93726647,0.20076239,2.94314480,-3.35351040,6.72806589,0.09387842,-0.11451406,0.38419631,0.75962567,,,,,,,3,,,,,,,,,
18.228022,9583,20714534,,176.90017700,2.95810246,-151.41169739,,,,,0.41795987,0.07191730,-9.11058998,-0.57114929,-0.79679340,-0.74767578,0.01885621,-4.98171245,-5.47408585,-0.11691769,0.38615695,0.75914991,,,,,,,3,,,,,,,,,
18.238054,9584,20714634,,176.89405823,3.01019835,-151.31707764,,,,,-0.54971504,-2.48324227,-8.09899521,1.52048087,-2.49824810,-1.84172821,1.20202877,-4.44545680,-2.33873425,-0.10830081,0.38888925,0.76517349,,,,,,,3,,,,,,,,,
18.248082,9585,20714734,,176.94184875,3.06699777,-151.28532410,,,,,-0.90550065,0.76218551,-9.66421318,0.23059785,0.40240723,-0.08995950,3.54374440,0.60944252,4.10721345,-0.10107473,0.38684592,0.76913548,,,,,,,3,,,,,,,,,
18.258107,9586,20714834,,176.98007202,3.04559827,-151.36273193,,,,,-0.48405108,2.65112162,-12.05863857,-1.09543586,1.68032193,2.38031936,-2.46650916,3.82648627,1.30963563,-0.10470521,0.38354623,0.77104408,,,,,,,3,,,,,,,,,
18.268122,9587,20714934,,176.95971680,2.99769330,-151.39251709,,,,,0.26644558,1.11991501,-9.23743725,-0.96028960,0.18783641,-0.55745125,0.07077681,-4.49339106,-5.42248078,-0.11673951,0.38182694,0.77540934,,,,,,,3,,,,,,,,,
18.278060,9588,20715034,,176.93850708,3.03858757,-151.31396484,,,,,0.24062721,-3.04517865,-8.97667599,1.07540369,-3.42648125,-1.03789818,-0.28292834,-3.83663124,-4.28825743,-0.11306672,0.38656497,0.77550274,,,,,,,3,,,,,,,,,
18.288022,9589,20715134,,176.95388794,3.08743715,-151.23660278,,,,,-0.67539746,0.50344741,-9.40671158,0.14935195,0.08237249,-0.37223768,2.71386510,-3.71992635,1.85158744,-0.10137467,0.39068782,0.77612144,,,,,,,3,,,,,,,,,
18.298134,9590,20715234,,176.98588562,3.10645747,-151.28337097,,,,,-0.90611523,2.07287836,-11.03669357,-0.43586820,1.44793093,1.35208082,-2.94595088,3.07605125,3.31162661,-0.10551868,0.38787723,0.77704567,,,,,,,3,,,,,,,,,
18.308059,9591,20715334,,176.96849060,3.05188298,-151.34161377,,,,,-0.18863596,1.38078845,-9.36666870,-0.69599795,0.62095916,-0.39115810,-3.11439038,1.93268506,-3.48852168,-0.12062800,0.38717854,0.76112652,,,,,,,3,,,,,,,,,
18.318115,9592,20715434,,176.92614746,3.02301431,-151.29258728,,,,,1.01773715,-0.18968509,-10.37513161,-1.00931776,-1.40783882,0.46608400,-2.77179087,-1.41841738,-5.24250657,-0.11493459,0.38804179,0.76314777,,,,,,,3,,,,,,,,,
18.328049,9593,20715534,,176.90930176,3.04534841,-151.20379639,,,,,-0.61214256,-1.99026036,-9.00934792,1.31196892,-2.10377216,-0.89913869,3.25768498,-4.85216553,-1.84261877,-0.10170447,0.38589284,0.77752817,,,,,,,3,,,,,,,,,
18.338132,9594,20715634,,176.95808411,3.10720372,-151.19808960,,,,,-0.99162179,0.18214734,-9.72667408,0.57869589,-0.07291551,-0.05011725,-2.61811076,1.74193601,4.01589168,-0.10082415,0.38539892,0.77554572,,,,,,,3,,,,,,,,,
18.348053,9595,20715734,,176.95765686,3.08244944,-151.26550293,,,,,-0.61491740,3.54333639,-9.73311615,-1.37692857,2.68663406,0.11307573,-1.79294686,3.47997178,0.48196323,-0.10700497,0.38454404,0.77302736,,,,,,,3,,,,,,,,,
18.358046,9596,20715834,,176.92172241,3.04081273,-151.28443909,,,,,0.17531985,0.30924368,-11.27214909,-0.53281289,-0.64139915,1.43129063,-4.85731208,-2.54437225,-4.77463221,-0.11115886,0.38413313,0.77497905,,,,,,,3,,,,,,,,,
18.368130,9597,20715934,,176.87640381,3.06538510,-151.20770264,,,,,0.38311076,-1.80831480,-9.08842564,0.35484624,-2.43525863,-0.86806726,1.51848542,-9.35167132,-6.35838574,-0.11130708,0.38749665,0.77255780,,,,,,,3,,,,,,,,,
18.378044,9598,20716034,,176.90864563,3.17125106,-151.12661743,,,,,-0.44731259,-0.49874714,-8.91470051,0.43644744,-0.88306141,-0.92903376,0.89791983,-3.99914662,1.63590736,-0.10536848,0.39027810,0.76916832,,,,,,,3,,,,,,,,,
18.388155,9599,20716134,,176.92297363,3.19912863,-151.15179443,,,,,-1.51192069,0.93196023,-9.07167244,0.67184746,0.86614919,-0.63515854,-2.28309254,0.29532575,2.33723332,-0.10364629,0.38736594,0.77655220,,,,,,,3,,,,,,,,,
18.398249,9600,20716234,,176.90565491,3.17187500,-151.21191406,,,,,0.35897711,3.56435180,-12.08909607,-2.30099630,2.03444695,2.41852975,-5.99375609,1.94797401,-1.92143381,-0.11571941,0.38709331,0.76708692,,,,,,,3,,,,,,,,,
18.408218,9601,20716334,,176.83868408,3.14032245,-151.18170166,,,,,0.64197236,-1.08966875,-9.71681881,-0.23538670,-1.98678374,-0.21998310,-1.15841310,-3.94187250,-7.58628599,-0.11672921,0.38807091,0.76561302,,,,,,,3,,,,,,,,,
18.418067,9602,20716434,,176.84359741,3.18624330,-151.06587219,,,,,-0.06641672,-2.39991879,-8.49116898,1.04163492,-2.70110106,-1.47843003,-0.52462672,-7.18874251,-3.61087214,-0.10462998,0.38786289,0.77556562,,,,,,,3,,,,,,,,,
18.428107,9603,20716534,,176.85081482,3.26053667,-151.03666687,,,,,-1.36757302,-0.03191143,-8.54307270,1.02601743,-0.01345563,-1.22229815,-0.72293774,0.53439662,2.00201425,-0.09974544,0.38441926,0.77899891,,,,,,,3,,,,,,,,,
18.438064,9604,20716634,,176.86885071,3.26012421,-151.08384705,,,,,-0.26025245,3.88661242,-11.93526077,-1.91781867,2.61912560,2.31325889,-2.22686941,3.81447410,1.69034247,-0.10247488,0.38351023,0.76759136,,,,,,,3,,,,,,,,,
18.448047,9605,20716734,,176.84423828,3.19897223,-151.13105774,,,,,-0.31696886,-0.41634524,-9.73409748,0.26433897,-0.94482958,-0.11866736,-2.79237813,-3.71845957,-5.08603377,-0.10810039,0.38456446,0.76856935,,,,,,,3,,,,,,,,,
18.458068,9606,20716834,,176.82124329,3.25119209,-151.05725098,,,,,0.89779961,0.26877332,-9.65193653,-1.13423443,-0.93724680,-0.23193753,-0.34851432,-9.11728314,-5.93225750,-0.10999206,0.38891533,0.77060783,,,,,,,3,,,,,,,,,
18.468037,9607,20716934,,176.82513428,3.34716225,-150.97691345,,,,,-0.68109125,-2.37935638,-8.94647884,1.53897119,-2.43223119,-0.98587763,2.38821876,-4.28391813,-1.79975997,-0.10550731,0.39220169,0.76622951,,,,,,,3,,,,,,,,,
18.478051,9608,20717034,,176.87673950,3.38674068,-150.95751953,,,,,-0.72271323,1.55852973,-10.02704239,-0.37369281,0.94304883,0.30860484,1.49752698,-3.07001827,2.50204130,-0.09824525,0.38727805,0.76965129,,,,,,,3,,,,,,,,,
18.488104,9609,20717134,,176.88549805,3.38873553,-151.03056335,,,,,-0.30364379,2.44137692,-11.10302830,-1.19641137,1.42510998,1.40661955,-3.84404498,1.92232366,-0.11616458,-0.10712557,0.38454759,0.76956350,,,,,,,3,,,,,,,,,
18.498075,9610,20717234,,176.85493469,3.36357760,-151.02958679,,,,,0.38205847,0.38337633,-9.60807323,-0.75413662,-0.58681333,-0.23821688,-1.02324419,-3.25643612,-6.39657717,-0.11054684,0.38604644,0.76660150,,,,,,,3,,,,,,,,,
18.508085,9611,20717334,,176.82954407,3.39331579,-150.93878174,,,,,0.29314467,-2.19753861,-9.48407650,0.58221781,-2.78961706,-0.50214839,-1.40591312,-6.85729350,-4.59352505,-0.10428824,0.38641915,0.77109164,,,,,,,3,,,,,,,,,
18.518022,9612,20717434,,176.83511353,3.47044683,-150.87272644,,,,,-0.69605541,0.46179271,-9.27422333,0.14518559,0.01778805,-0.50528419,1.53570624,-3.94140378,1.33756854,-0.10064402,0.38683325,0.78150642,,,,,,,3,,,,,,,,,
18.528093,9613,20717534,,176.86456299,3.50020027,-150.90956116,,,,,-0.88095284,1.14108956,-10.65775108,-0.06018755,0.59149766,0.92508090,-3.79917277,3.65760643,1.70580805,-0.10150559,0.38444737,0.78245384,,,,,,,3,,,,,,,,,
18.538038,9614,20717634,,176.82629395,3.44939256,-150.95741272,,,,,-0.32502609,2.29316211,-9.16201115,-1.07242584,1.43762398,-0.53496790,-5.08882134,-1.54867208,-2.99140920,-0.10654314,0.38405651,0.77252722,,,,,,,3,,,,,,,,,
18.548101,9615,20717734,,176.77156067,3.46008372,-150.91896057,,,,,1.09807467,0.33434933,-11.41369724,-1.41110301,-1.14385676,1.51262116,-2.97626838,-5.75523436,-6.07864339,-0.10613301,0.38357049,0.77054256,,,,,,,3,,,,,,,,,
18.558056,9616,20717834,,176.75685120,3.52945089,-150.81999207,,,,,-0.16722269,-3.43979263,-8.96292305,1.59713948,-3.62563634,-1.05771661,3.60211882,-7.20487456,-4.93080620,-0.09796073,0.38678980,0.77756113,,,,,,,3,,,,,,,,,
18.568170,9617,20717934,,176.83361816,3.60346746,-150.78434753,,,,,-1.13260555,0.85386086,-8.53987217,0.34199464,0.61797416,-1.18391252,0.45971079,-2.33278174,4.66913951,-0.09510414,0.38482177,0.77754432,,,,,,,3,,,,,,,,,
18.578047,9618,20718034,,176.84310913,3.61520338,-150.85635376,,,,,-0.67856264,2.87742567,-10.52386284,-1.10507083,2.00099969,0.87576771,-1.53448492,2.03757990,0.18809332,-0.09894921,0.38008881,0.77250248,,,,,,,3,,,,,,,,,
18.588177,9619,20718134,,176.83157349,3.57617664,-150.88870239,,,,,0.64211315,1.31213593,-11.94896412,-1.52920222,-0.11755311,2.12468028,-0.34674789,-2.24222283,-4.98386695,-0.09993290,0.38058576,0.77151591,,,,,,,3,,,,,,,,,
18.598198,9620,20718234,,176.80676270,3.59779668,-150.82098389,,,,,0.23985678,-2.01881289,-8.80420685,0.54314721,-2.57100463,-1.16802454,0.04216840,-8.60006962,-5.04373868,-0.09945641,0.38489655,0.77406031,,,,,,,3,,,,,,,,,
18.608243,9621,20718334,,176.83427429,3.70607042,-150.73936462,,,,,-0.42760175,-0.84139436,-8.38389874,0.54427135,-1.19390023,-1.47819734,3.12359470,-8.72244868,-0.87030201,-0.09674019,0.38773140,0.77263457,,,,,,,3,,,,,,,,,
18.618168,9622,20718434,,176.86701965,3.79123950,-150.75177002,,,,,-1.15857732,0.86021495,-9.89893723,0.29806221,0.51990056,0.17394519,-1.51463127,0.47112980,4.10155421,-0.09083800,0.38474953,0.77855408,,,,,,,3,,,,,,,,,
18.628113,9623,20718534,,176.86131287,3.77417302,-150.82766724,,,,,-0.02792158,3.73122287,-11.20880127,-2.14202881,2.35926747,1.56208158,-3.01090363,-1.65966372,0.15008740,-0.09463242,0.38193452,0.77601665,,,,,,,3,,,,,,,,,
18.638126,9624,20718634,,176.81506348,3.76995492,-150.83753967,,,,,0.83825141,-0.36654556,-10.79475594,-0.87209189,-1.60141671,0.86261904,-3.84047364,-6.36877916,-6.90956493,-0.10212930,0.38158056,0.77646822,,,,,,,3,,,,,,,,,
18.648092,9625,20718734,,176.77697754,3.82988048,-150.73034668,,,,,-0.24842288,-2.44926000,-8.20810223,1.17126715,-2.68153906,-1.75346315,0.87102345,-7.21174574,-4.94691178,-0.09597457,0.38291603,0.77849925,,,,,,,3,,,,,,,,,
18.658225,9626,20718834,,176.80809021,3.91664314,-150.67353821,,,,,-0.62876511,0.30427054,-9.21438885,0.10849440,-0.18759054,-0.57659090,-1.85288881,-3.94829757,3.20783975,-0.08762499,0.38613605,0.77710783,,,,,,,3,,,,,,,,,
18.668196,9627,20718934,,176.81246948,3.94576073,-150.73327637,,,,,-0.60441768,1.59721518,-10.72153568,-0.60271490,0.80184555,0.99479949,-0.36657479,-0.17159060,1.47197353,-0.09306680,0.38190624,0.78047693,,,,,,,3,,,,,,,,,
18.678114,9628,20719034,,176.81738281,3.93940091,-150.78262329,,,,,0.04397200,2.20040703,-11.05239201,-1.47522140,0.98023880,1.31618619,-2.79533026,-1.35027856,-1.85625289,-0.10204598,0.38014439,0.76457167,,,,,,,3,,,,,,,,,
18.688231,9629,20719134,,176.78097534,3.93538642,-150.75498962,,,,,0.13553935,-0.99901474,-9.07608223,0.08450508,-1.68163717,-0.84058201,-1.36234964,-7.55883887,-6.06048960,-0.09621125,0.38388863,0.75872314,,,,,,,3,,,,,,,,,
18.698062,9630,20719234,,176.78068542,4.01798153,-150.65591431,,,,,0.33940583,-1.01344919,-9.79910088,-0.12605441,-1.86273718,-0.13619840,2.69471432,-9.50601482,-3.99298238,-0.08875538,0.38711724,0.77217013,,,,,,,3,,,,,,,,,
18.708193,9631,20719334,,176.81134033,4.12603188,-150.62794495,,,,,-1.20288575,-0.24017200,-9.44696903,0.83694834,-0.41544804,-0.33409476,-0.43390079,-2.81584943,3.94681713,-0.09078682,0.38570777,0.78054851,,,,,,,3,,,,,,,,,
18.718092,9632,20719434,,176.83586121,4.14477444,-150.68765259,,,,,-0.44421569,2.72345257,-9.86777115,-1.30620551,1.75304627,0.19644761,-1.93889775,-3.09535038,1.14326598,-0.09327354,0.38191232,0.77453887,,,,,,,3,,,,,,,,,
18.728227,9633,20719534,,176.80033875,4.15014791,-150.72680664,,,,,0.47584927,1.38259041,-11.20022297,-1.49395490,0.01752079,1.38344491,-5.41574579,-3.40940226,-4.44235674,-0.09593858,0.38003573,0.77795911,,,,,,,3,,,,,,,,,
18.738110,9634,20719634,,176.73603821,4.18172169,-150.66813660,,,,,0.32394534,-0.99122894,-9.77349567,-0.14117035,-1.85486794,-0.15764856,0.16576406,-8.06058457,-4.98419224,-0.09182170,0.38524652,0.77756751,,,,,,,3,,,,,,,,,
18.748229,9635,20719734,,176.76760864,4.26624441,-150.58851624,,,,,-0.04750299,-1.50921762,-9.20034218,0.44676882,-2.07776594,-0.73474300,1.19633826,-9.02940763,-0.59434732,-0.08638091,0.39139584,0.77521831,,,,,,,3,,,,,,,,,
18.758112,9636,20719834,,176.79075623,4.34742069,-150.59281921,,,,,-1.36412323,0.19240355,-8.94026089,0.75785875,0.06288993,-0.79775965,-1.26769976,-1.15102988,3.93043961,-0.08824188,0.38662815,0.77315450,,,,,,,3,,,,,,,,,
18.768077,9637,20719934,,176.79980469,4.34645557,-150.66453552,,,,,-0.07585951,4.20907354,-11.38686275,-2.43410158,2.71010542,1.76905274,-3.51526230,2.50938653,0.57222909,-0.09602174,0.38388306,0.76416636,,,,,,,3,,,,,,,,,
18.778205,9638,20720034,,176.73893738,4.29659224,-150.68063354,,,,,0.77953655,-0.76942700,-10.88261509,-0.70345080,-1.99146199,0.91500473,-2.43741021,-6.61483715,-7.44406523,-0.09888618,0.38441172,0.76317084,,,,,,,3,,,,,,,,,
18.788109,9639,20720134,,176.73089600,4.37650728,-150.57162476,,,,,0.31547189,-1.79216719,-8.82692719,0.27481264,-2.48269606,-1.15264726,1.33736587,-8.85611378,-4.04267072,-0.09419473,0.38769200,0.76473057,,,,,,,3,,,,,,,,,
18.798129,9640,20720234,,176.76426697,4.46850204,-150.51959229,,,,,-1.22339666,-0.20249961,-8.50219631,0.82816702,-0.32265353,-1.26943421,-0.64382959,-2.89677992,2.38906399,-0.08610408,0.39187941,0.75642651,,,,,,,3,,,,,,,,,
18.808063,9641,20720334,,176.76522827,4.47506714,-150.55520630,,,,,-0.42953226,2.69679499,-10.97670460,-1.39238310,1.58882964,1.29657578,-1.02221251,0.54365472,0.75733618,-0.08902115,0.38472566,0.76322526,,,,,,,3,,,,,,,,,
18.818078,9642,20720434,,176.74562073,4.44651985,-150.61282349,,,,,0.47371247,1.87752903,-11.79837036,-1.79459178,0.35402346,2.00317454,-7.02687941,0.84935622,-1.52478424,-0.09983891,0.38202262,0.77500242,,,,,,,3,,,,,,,,,
18.828082,9643,20720534,,176.66218567,4.41936588,-150.57211304,,,,,0.39099312,-1.61368525,-8.83038235,0.12821311,-2.37083077,-1.14693606,-3.17824134,-4.89191126,-6.90682347,-0.09735554,0.38534421,0.76715136,,,,,,,3,,,,,,,,,
18.838079,9644,20720634,,176.66238403,4.47847557,-150.47348022,,,,,0.01230818,-0.71153730,-9.28505135,-0.01672155,-1.45094299,-0.61570096,0.88294192,-5.01105665,-2.02002290,-0.08438537,0.38608217,0.77563900,,,,,,,3,,,,,,,,,
18.848111,9645,20720734,,176.66873169,4.52643871,-150.45671082,,,,,-1.34093225,-0.09510181,-9.94270134,0.82660508,-0.31381243,0.18122625,-2.79749074,3.64234181,3.29546873,-0.08463006,0.38320419,0.78053975,,,,,,,3,,,,,,,,,
18.858068,9646,20720834,,176.67163086,4.47812366,-150.51452637,,,,,-0.25972155,3.33246851,-10.50383568,-1.83171821,2.07738733,0.85522771,-3.64089509,3.04590365,0.72898556,-0.08653086,0.38180271,0.76566529,,,,,,,3,,,,,,,,,
18.868084,9647,20720934,,176.62802124,4.42919111,-150.53887939,,,,,0.18269634,0.52339542,-10.47465229,-0.81768519,-0.57730234,0.62724686,-5.46216973,-1.44616929,-5.72130625,-0.10621129,0.38501242,0.76908070,,,,,,,3,,,,,,,,,
18.878038,9648,20721034,,176.58059692,4.45009136,-150.48126221,,,,,0.51867330,-0.88093728,-9.69912434,-0.38105798,-1.89337802,-0.25143158,0.27886296,-5.00260301,-3.39590069,-0.10504797,0.38690954,0.77653795,,,,,,,3,,,,,,,,,
18.888143,9649,20721134,,176.59877014,4.51063871,-150.40943909,,,,,0.16301154,-1.44903672,-9.67686653,0.20189887,-2.21192479,-0.28369963,0.90176277,-6.23492751,-0.27528779,-0.08150123,0.39035761,0.76632071,,,,,,,3,,,,,,,,,
18.898072,9650,20721234,,176.61825562,4.54915619,-150.39312744,,,,,-1.38016748,0.34762916,-8.93018532,0.67732573,0.17072701,-0.79837191,0.49829725,1.05438954,2.02572269,-0.08069715,0.38746652,0.76083660,,,,,,,3,,,,,,,,,
18.908108,9651,20721334,,176.63281250,4.51217556,-150.44581604,,,,,-0.28298908,3.63055921,-10.79135895,-1.96484876,2.30783701,1.16683507,-5.69301048,8.12580690,-0.26036164,-0.08906643,0.37944242,0.77254182,,,,,,,3,,,,,,,,,
18.918066,9652,20721434,,176.56904602,4.39510107,-150.46347046,,,,,0.57090402,-0.01051409,-10.94869709,-0.89277077,-1.27775383,1.03516674,-3.16618392,2.12290070,-6.43916852,-0.10316366,0.38015953,0.77297723,,,,,,,3,,,,,,,,,
18.928112,9653,20721534,,176.53450012,4.39484501,-150.38435364,,,,,0.75259602,-0.83790308,-9.52322674,-0.58281434,-1.96204543,-0.44477689,-0.92836507,-3.91876426,-2.26494836,-0.09699323,0.38437378,0.77703297,,,,,,,3,,,,,,,,,
18.938118,9654,20721634,,176.52079773,4.44707870,-150.33195496,,,,,-0.72460210,-1.92527771,-8.41011810,1.27873385,-2.07987452,-1.50520706,-2.70095605,1.69220850,1.21885462,-0.08246966,0.38508973,0.77612764,,,,,,,3,,,,,,,,,
18.948107,9655,20721734,,176.52420044,4.41609669,-150.33605957,,,,,-1.41092885,2.19627142,-9.54338837,-0.20965606,1.72932959,-0.07456517,-2.68333032,4.99081453,2.24165571,-0.08440790,0.37984446,0.77158201,,,,,,,3,,,,,,,,,
18.958172,9656,20721834,,176.49797058,4.35282707,-150.41238403,,,,,-0.15763587,3.10860801,-12.27344990,-1.82997394,1.64630985,2.60877943,-7.86671819,5.53908620,0.72856363,-0.09489484,0.38001686,0.78093261,,,,,,,3,,,,,,,,,
18.968080,9657,20721934,,176.43098450,4.27988815,-150.41694641,,,,,0.40226677,-0.71130961,-9.26913738,-0.30437756,-1.65649319,-0.66421294,-1.85980971,-0.81784744,-5.83562996,-0.10083345,0.37723535,0.78432208,,,,,,,3,,,,,,,,,
18.978164,9658,20722034,,176.41452026,4.31014395,-150.34353638,,,,,0.58096808,-1.33770728,-9.16139603,-0.14847243,-2.28446960,-0.82813144,-2.79356957,-5.75429735,-1.17254018,-0.09109104,0.38139191,0.78295249,,,,,,,3,,,,,,,,,
18.988262,9659,20722134,,176.40476990,4.38132286,-150.28996277,,,,,-0.65021729,-1.36847305,-9.31741524,0.92129225,-1.72223091,-0.57622361,2.83949320,-3.43513927,-0.37594076,-0.08393191,0.38511500,0.77463645,,,,,,,3,,,,,,,,,
18.998142,9660,20722234,,176.47227478,4.40219831,-150.30311584,,,,,-0.79016799,2.23526096,-10.48171520,-0.79710907,1.36670673,0.81537747,1.46638751,2.72153306,3.42909434,-0.08040906,0.38025990,0.76517677,,,,,,,3,,,,,,,,,
19.008188,9661,20722334,,176.47480774,4.33601570,-150.37196350,,,,,-0.77601004,1.83341634,-9.94512749,-0.58685243,1.06064487,0.25638103,-3.97245894,3.01922792,-0.70325095,-0.08769818,0.37798032,0.77054650,,,,,,,3,,,,,,,,,
19.018152,9662,20722434,,176.43884277,4.29294825,-150.37879944,,,,,0.89880556,1.23518217,-10.54326057,-1.75196242,-0.33859766,0.68966269,-2.20165236,0.74834850,-3.51626975,-0.09244686,0.37565553,0.78137058,,,,,,,3,,,,,,,,,
19.028272,9663,20722534,,176.39234924,4.29297924,-150.32214355,,,,,0.49784774,-2.40220666,-9.62277603,0.44412535,-3.20743728,-0.42295730,-1.08345413,-3.40762214,-2.38389696,-0.08853970,0.37702754,0.78635949,,,,,,,3,,,,,,,,,
19.038100,9664,20722634,,176.40960693,4.34722137,-150.26652527,,,,,-0.68702036,-0.66785336,-8.68173504,0.63231969,-1.04171634,-1.16161871,2.86902160,-4.31963062,2.50047420,-0.08652753,0.38227656,0.77952605,,,,,,,3,,,,,,,,,
19.048134,9665,20722734,,176.45347595,4.38295746,-150.30696106,,,,,-1.43749857,1.94718945,-9.57626438,-0.04818326,1.51332998,-0.05011368,-4.48940778,4.27075763,4.27547430,-0.08564566,0.37890333,0.77601373,,,,,,,3,,,,,,,,,
19.058113,9666,20722834,,176.40852356,4.29824066,-150.38342285,,,,,-0.01880994,2.61583829,-11.02604675,-1.65518093,1.26093328,1.32296860,-2.85761092,4.53291651,-0.97052890,-0.09261914,0.37566060,0.77642220,,,,,,,3,,,,,,,,,
19.068153,9667,20722934,,176.39094543,4.24809980,-150.37648010,,,,,1.00072205,0.27934426,-11.00659275,-1.36943269,-1.26346958,1.08038020,-2.31049846,-3.54339393,-3.77143409,-0.09902008,0.37432644,0.78082180,,,,,,,3,,,,,,,,,
19.078150,9668,20723034,,176.36035156,4.28942633,-150.31018066,,,,,-0.15654215,-3.83096290,-7.46414375,1.80355036,-3.92356849,-2.61277175,0.74803533,-4.60868081,-2.52135665,-0.08915657,0.37751967,0.78240609,,,,,,,3,,,,,,,,,
19.088198,9669,20723134,,176.40295410,4.35816193,-150.26240540,,,,,-0.35942712,1.17664123,-10.04190445,-0.61603409,0.27192557,0.27799928,3.10207256,-1.49195333,3.20990418,-0.08075131,0.38266346,0.77016073,,,,,,,3,,,,,,,,,
19.098168,9670,20723234,,176.43394470,4.35737514,-150.30912781,,,,,-1.38238430,1.96007717,-10.54675865,-0.14035141,1.40994179,0.90878463,0.24715088,1.51375956,3.04905258,-0.08314352,0.37934512,0.76712763,,,,,,,3,,,,,,,,,
19.108115,9671,20723334,,176.45211792,4.31963396,-150.37545776,,,,,-0.18900311,1.85800028,-9.76489735,-1.09365821,0.80689979,0.03419542,-2.40195640,1.50463742,-1.33705499,-0.09258468,0.37565958,0.77741188,,,,,,,3,,,,,,,,,
19.118199,9672,20723434,,176.40478516,4.28034449,-150.36457825,,,,,1.03828979,0.14379735,-10.48046112,-1.32353497,-1.34930587,0.54550362,-3.38138440,-1.87160950,-3.82418194,-0.09376343,0.37711614,0.78485042,,,,,,,3,,,,,,,,,
19.128128,9673,20723534,,176.37606812,4.31659842,-150.29040527,,,,,-0.14249851,-1.80237484,-8.97649193,0.71680033,-2.31742358,-0.97903919,3.33132744,-7.49050710,-2.39594669,-0.08766090,0.37941292,0.78590691,,,,,,,3,,,,,,,,,
19.138140,9674,20723634,,176.43913269,4.40249157,-150.25675964,,,,,-0.54486054,-0.46688610,-9.45246601,0.37175977,-1.00599325,-0.39398944,1.77301764,-1.86367410,2.90101805,-0.08245090,0.38220990,0.77509260,,,,,,,3,,,,,,,,,
19.148117,9675,20723734,,176.46420288,4.39011240,-150.30400085,,,,,-1.26406634,2.64708471,-9.54393196,-0.55644971,2.03722978,-0.05281281,-2.23404111,4.03168564,3.42757313,-0.08401498,0.37935892,0.76910251,,,,,,,3,,,,,,,,,
19.158261,9676,20723834,,176.45533752,4.32381916,-150.36831665,,,,,0.22724630,2.65760875,-11.50295925,-1.91518164,1.12943196,1.78499782,-2.59270331,1.84490389,-2.48221283,-0.09300369,0.37662575,0.77940410,,,,,,,3,,,,,,,,,
19.168171,9677,20723934,,176.42082214,4.29253340,-150.33740234,,,,,1.00476122,-2.39109683,-9.47755623,0.00765991,-3.42664599,-0.60300851,1.84479034,-3.30070983,-5.71495887,-0.09746334,0.37477824,0.78528959,,,,,,,3,,,,,,,,,
19.178100,9678,20724034,,176.46423340,4.34809637,-150.23515320,,,,,-0.01643874,-1.44973958,-8.54670143,0.44312531,-2.02590036,-1.39601588,4.45030922,-5.08843800,-0.43945522,-0.08851011,0.37943199,0.77501822,,,,,,,3,,,,,,,,,
19.188133,9679,20724134,,176.51342773,4.39556646,-150.23284912,,,,,-1.66577923,0.61377788,-9.27943134,0.81048429,0.51186639,-0.41545391,1.57432082,2.00841777,3.46902234,-0.08229919,0.38173148,0.76568538,,,,,,,3,,,,,,,,,
19.198060,9680,20724234,,176.56123352,4.34591389,-150.29270935,,,,,-0.03806311,3.37221694,-11.05868053,-2.03770351,1.94661319,1.39693320,3.17842255,5.55138566,0.82383869,-0.08837511,0.37799430,0.76460618,,,,,,,3,,,,,,,,,
19.208149,9681,20724334,,176.58480835,4.26747561,-150.32450867,,,,,0.10765216,0.37977514,-10.53274155,-0.64671814,-0.66216028,0.68371940,-1.03214820,1.61404841,-3.78271287,-0.09667504,0.37861183,0.76952195,,,,,,,3,,,,,,,,,
19.218117,9682,20724434,,176.56959534,4.25978279,-150.26657104,,,,,0.21809158,-1.35945618,-8.14677143,0.21038795,-2.00489879,-1.79868484,4.18566756,-5.08931824,-4.46330920,-0.09361476,0.38239631,0.77850288,,,,,,,3,,,,,,,,,
19.228116,9683,20724534,,176.62672424,4.33427048,-150.19030762,,,,,0.28382501,-0.52948499,-10.50793934,-0.35901928,-1.52665949,0.59315634,5.65941663,-2.58305375,-0.03588359,-0.08340168,0.38558516,0.77662557,,,,,,,3,,,,,,,,,
19.238100,9684,20724634,,176.68035889,4.35294437,-150.19175720,,,,,-1.78139842,0.22120798,-9.38206863,1.08989310,0.24590558,-0.32638919,2.30986411,0.23990330,2.92293869,-0.08366846,0.38511315,0.76870060,,,,,,,3,,,,,,,,,
19.248152,9685,20724734,,176.72300720,4.33166695,-150.24481201,,,,,-0.56421483,3.68342519,-10.07112122,-1.71749008,2.57908630,0.47087181,-2.70482535,2.38930455,-1.05517714,-0.09378654,0.38144162,0.77304453,,,,,,,3,,,,,,,,,
19.258118,9686,20724834,,176.68522644,4.27976274,-150.25733948,,,,,0.93850249,0.06972969,-11.05376434,-1.24278903,-1.37217569,1.12264419,-0.45248008,-0.65273679,-6.06008491,-0.10048590,0.38107008,0.78290027,,,,,,,3,,,,,,,,,
19.268122,9687,20724934,,176.69616699,4.29837894,-150.16694641,,,,,0.28379333,-1.51472974,-9.22348022,0.17759728,-2.25631618,-0.73777175,4.60199321,-7.95734968,-3.93658422,-0.09699673,0.38148874,0.78886151,,,,,,,3,,,,,,,,,
19.278168,9688,20725034,,176.78256226,4.39422607,-150.10559082,,,,,-0.31027210,-1.89488733,-8.51821804,0.89473021,-2.22260046,-1.41541541,6.83846565,-4.28945357,0.13415125,-0.08869432,0.38567579,0.77313715,,,,,,,3,,,,,,,,,
19.288121,9689,20725134,,176.88282776,4.41749573,-150.10102844,,,,,-1.43837392,1.90535331,-9.44354343,-0.07335180,1.55628633,-0.19953167,7.48851183,3.53543676,1.62143248,-0.08488551,0.38705665,0.76179862,,,,,,,3,,,,,,,,,
19.298152,9690,20725234,,176.97053528,4.36203909,-150.16456604,,,,,-0.32924941,3.49696398,-11.58120251,-1.91713345,2.21111250,1.92899716,4.70413954,2.05322103,-1.29372299,-0.09084184,0.38523543,0.76520324,,,,,,,3,,,,,,,,,
19.308128,9691,20725334,,177.01086426,4.31979227,-150.14727783,,,,,0.66066062,-1.55238450,-9.70348930,-0.16915987,-2.46830130,-0.28391337,7.40053899,-2.74631725,-8.20935292,-0.09349903,0.38479823,0.76963580,,,,,,,3,,,,,,,,,
19.318135,9692,20725434,,177.08506775,4.37164450,-150.04228210,,,,,0.31213847,-0.66277033,-8.72114944,-0.29008380,-1.44377470,-1.18876886,7.75057338,-7.19979034,-3.92195182,-0.08892288,0.39432031,0.77129382,,,,,,,3,,,,,,,,,
19.328137,9693,20725534,,177.15975952,4.45966625,-149.98600769,,,,,-0.89576912,-0.29127863,-9.22729111,0.53003436,-0.55862725,-0.57064617,7.44776463,-4.46259417,-0.78639693,-0.08686789,0.40004796,0.76595247,,,,,,,3,,,,,,,,,
19.338171,9694,20725634,,177.25453186,4.47319031,-149.97918701,,,,,-0.57405937,1.64480340,-10.58911324,-0.78525490,0.85800362,0.85298848,6.66861976,2.40711747,-0.27121790,-0.08918182,0.39528766,0.76438117,,,,,,,3,,,,,,,,,
19.348272,9695,20725734,,177.31532288,4.42743587,-150.01882935,,,,,-0.52998185,2.63854241,-10.16690826,-1.30447531,1.72930634,0.48079324,-2.07461447,1.87516846,-3.12107842,-0.10181679,0.39597946,0.76630783,,,,,,,3,,,,,,,,,
19.358134,9696,20725834,,177.27755737,4.38811255,-149.99079895,,,,,0.65036976,-0.64472193,-9.28140354,-0.62816685,-1.61651993,-0.65048456,1.29462106,-3.07007676,-7.42202506,-0.10073808,0.39499980,0.76976103,,,,,,,3,,,,,,,,,
19.368276,9697,20725934,,177.30284119,4.42664051,-149.87129211,,,,,0.59644461,-1.41467035,-10.32124043,-0.24738830,-2.33719659,0.35553396,6.40462356,-3.52791138,-4.79848750,-0.09037727,0.39578494,0.77081496,,,,,,,3,,,,,,,,,
19.378141,9698,20726034,,177.38842773,4.47285748,-149.80798340,,,,,-1.18659317,-0.37900203,-8.66395855,0.83299720,-0.41691685,-1.10929799,3.90024719,-1.61243253,-0.47214862,-0.08552472,0.39714691,0.76244992,,,,,,,3,,,,,,,,,
19.388282,9699,20726134,,177.45474243,4.47475529,-149.81401062,,,,,-1.15260720,1.59780574,-9.55088520,-0.23639655,1.21221995,-0.14068675,2.60608109,3.93702093,-1.26847915,-0.08638578,0.39380127,0.76288742,,,,,,,3,,,,,,,,,
19.398205,9700,20726234,,177.47039795,4.42349672,-149.85433960,,,,,-0.12393805,3.25205708,-11.18840313,-2.02608299,1.99617672,1.48806882,-1.74464557,2.74507330,-3.47735133,-0.09728337,0.39541948,0.77473259,,,,,,,3,,,,,,,,,
19.408258,9701,20726334,,177.44598389,4.36608839,-149.81109619,,,,,0.65113592,-0.26296070,-10.46900654,-0.88116097,-1.35812378,0.55185080,2.11891742,-3.35554558,-8.39862515,-0.10224083,0.39693987,0.78165841,,,,,,,3,,,,,,,,,
19.418209,9702,20726434,,177.48670959,4.41380453,-149.68882751,,,,,0.53797162,-2.50152969,-9.03685284,0.40903005,-3.11896873,-0.96134269,5.16651176,-4.77115693,-6.22420710,-0.09250730,0.40157655,0.78029639,,,,,,,3,,,,,,,,,
19.428269,9703,20726534,,177.54331970,4.46022224,-149.60897827,,,,,-0.88425159,-0.25007731,-8.10249519,0.52837008,-0.38874447,-1.68614328,2.14720529,0.25977811,-1.03846815,-0.08483312,0.40193129,0.77143484,,,,,,,3,,,,,,,,,
19.438281,9704,20726634,,177.58589172,4.43677616,-149.60925293,,,,,-1.12148178,2.10864329,-10.42135620,-0.56557560,1.59603822,0.74046969,2.28147827,6.54249392,-0.03186610,-0.08955852,0.39769220,0.76837546,,,,,,,3,,,,,,,,,
19.448162,9705,20726734,,177.61474609,4.34451580,-149.65065002,,,,,-0.02552291,2.73625159,-10.96449280,-1.84367180,1.55011094,1.22574377,-0.87819568,7.18603861,-3.69797327,-0.10380396,0.40177280,0.76638955,,,,,,,3,,,,,,,,,
19.458338,9706,20726834,,177.59498596,4.25636244,-149.61470032,,,,,0.09190929,-0.31271204,-9.84303379,-0.33679596,-1.04097414,-0.02990949,-1.56864195,0.64994154,-7.81323012,-0.10568522,0.40276420,0.76689059,,,,,,,3,,,,,,,,,
19.468120,9707,20726934,,177.58520508,4.26502180,-149.50231934,,,,,0.33059010,-1.05065084,-8.72622681,-0.11792457,-1.71681023,-1.18807900,1.80952095,-2.24766542,-6.44347709,-0.09675467,0.39876899,0.77825159,,,,,,,3,,,,,,,,,
19.478259,9708,20727034,,177.61572266,4.31415558,-149.41801453,,,,,0.10958052,-0.59619391,-9.78744793,-0.21194237,-1.29223120,-0.09824967,1.58764578,-1.75633693,-3.21930679,-0.09177317,0.40060702,0.77385283,,,,,,,3,,,,,,,,,
19.488228,9709,20727134,,177.64279175,4.32199955,-149.38519287,,,,,-1.49055636,0.01996523,-9.20235634,0.87090397,0.09438539,-0.53500688,2.53091187,1.95440954,-0.65167811,-0.09198774,0.39917371,0.76690245,,,,,,,3,,,,,,,,,
19.498277,9710,20727234,,177.70932007,4.28410244,-149.40840149,,,,,-0.38701940,2.82268310,-10.16573143,-1.54684567,1.88079464,0.45865524,-0.30863504,6.15238596,-0.10430679,-0.09383403,0.39920437,0.76788318,,,,,,,3,,,,,,,,,
19.508151,9711,20727334,,177.67256165,4.18908119,-149.43096924,,,,,-0.57935989,1.04949701,-10.09767246,-0.46406764,0.46045399,0.33361804,-4.39231536,3.91928250,-5.67578560,-0.09650794,0.39780790,0.77131099,,,,,,,3,,,,,,,,,
19.518235,9712,20727434,,177.63867188,4.12903357,-149.35021973,,,,,0.89183319,0.93012506,-10.32672882,-1.66344559,-0.40247977,0.45036972,0.39087772,0.58364847,-8.31473249,-0.09867823,0.39832205,0.77675056,,,,,,,3,,,,,,,,,
19.528180,9713,20727534,,177.63842773,4.13500357,-149.25112915,,,,,0.48654461,-1.37003434,-9.89823818,-0.11467129,-2.14124465,-0.04433095,-0.62286277,-1.24555959,-5.76030492,-0.09537175,0.40210521,0.77930087,,,,,,,3,,,,,,,,,
19.538155,9714,20727634,,177.64442444,4.16433525,-149.18080139,,,,,-0.85793632,-1.47252989,-8.08048248,1.16433728,-1.41324699,-1.75731277,2.02339125,-0.48273013,-1.69376653,-0.09563017,0.40211281,0.77187830,,,,,,,3,,,,,,,,,
19.548164,9715,20727734,,177.70930481,4.16917133,-149.15554810,,,,,-0.97019941,1.00938487,-9.47940922,-0.07140458,0.68243390,-0.25749826,0.80519286,6.65845303,0.63605806,-0.09664781,0.40165102,0.76939207,,,,,,,3,,,,,,,,,
19.558138,9716,20727834,,177.70680237,4.07476759,-149.20248413,,,,,-0.82333457,3.10094476,-10.90914345,-1.32005787,2.29717159,1.24588037,-5.24058430,7.73877082,-0.94333151,-0.10097501,0.40316468,0.76741534,,,,,,,3,,,,,,,,,
19.568187,9717,20727934,,177.66076660,3.94008946,-149.21070862,,,,,0.18593353,0.67616969,-10.35855103,-0.90009093,-0.24424160,0.52199411,-0.19236403,5.94146843,-5.58568943,-0.11308710,0.40192753,0.76980877,,,,,,,3,,,,,,,,,
19.578174,9718,20728034,,177.67587280,3.88464284,-149.14074707,,,,,0.65330726,0.95648199,-10.39852238,-1.43286777,-0.24118209,0.54510260,-0.91083166,2.85858529,-5.48379496,-0.10769892,0.40039450,0.77525389,,,,,,,3,,,,,,,,,
19.588177,9719,20728134,,177.64607239,3.84852910,-149.05857849,,,,,-0.22266686,-2.35358071,-7.87364626,1.12654650,-2.44675016,-2.04473019,1.19054125,1.39746257,-5.16617580,-0.09840795,0.40167913,0.77284706,,,,,,,3,,,,,,,,,
19.598133,9720,20728234,,177.69639587,3.84683943,-148.97750854,,,,,0.09139596,-0.70090789,-10.16356850,-0.08373880,-1.34482741,0.28561437,5.34082416,7.00227963,-1.20667629,-0.09657890,0.40164900,0.77137142,,,,,,,3,,,,,,,,,
19.608183,9721,20728334,,177.77372742,3.76390171,-148.97142029,,,,,-1.16759336,1.43071520,-9.46239185,-0.07114598,1.18916845,-0.24679053,1.00721555,10.89333466,0.71454120,-0.09864813,0.39976668,0.76489937,,,,,,,3,,,,,,,,,
19.618177,9722,20728434,,177.76789856,3.62857699,-149.01174927,,,,,-0.72401536,1.87094343,-10.38174343,-0.69498038,1.28693080,0.65678287,-1.80864263,11.88568943,-0.85693693,-0.10954905,0.40091103,0.76288378,,,,,,,3,,,,,,,,,
19.628157,9723,20728534,,177.75889587,3.50596905,-149.02310181,,,,,-0.62425488,1.53480017,-9.62059212,-0.56161338,1.00549567,-0.12033057,-2.83067222,10.05763114,-3.88877119,-0.11345339,0.40097263,0.77226561,,,,,,,3,,,,,,,,,
19.638168,9724,20728634,,177.71817017,3.38716173,-148.96632385,,,,,0.53677714,0.89293671,-11.03987694,-1.25030518,-0.23086065,1.19810140,-3.39312059,3.70662072,-7.00167601,-0.11376853,0.40097597,0.77671695,,,,,,,3,,,,,,,,,
19.648275,9725,20728734,,177.67550659,3.35078979,-148.87599182,,,,,0.12753029,-1.71264243,-9.20341206,0.51277757,-2.12810349,-0.70911884,-0.12065049,2.31912350,-4.19474702,-0.11665908,0.40198529,0.77523410,,,,,,,3,,,,,,,,,
19.658220,9726,20728834,,177.70835876,3.34691334,-148.80267334,,,,,0.34337014,-1.16362131,-9.50929832,0.03973961,-1.78426743,-0.39624405,1.28306886,3.25347865,-1.66472371,-0.10794164,0.40328088,0.76985604,,,,,,,3,,,,,,,,,
19.668186,9727,20728934,,177.73263550,3.31356668,-148.78390503,,,,,-1.34843349,-0.15993154,-7.99171495,1.01275456,0.04954028,-1.77320039,1.16361931,7.77785401,0.71703545,-0.10812178,0.40184656,0.76389527,,,,,,,3,,,,,,,,,
19.678167,9728,20729034,,177.78578186,3.22637749,-148.81643677,,,,,-0.71970296,2.21857858,-9.96509457,-0.80170202,1.64777970,0.25193286,1.18480517,12.90821400,2.13033707,-0.11384077,0.40050417,0.76087677,,,,,,,3,,,,,,,,,
19.688189,9729,20729134,,177.77876282,3.06819916,-148.87307739,,,,,-1.02388060,1.77889228,-11.02607536,-0.32661027,1.37163424,1.31169152,-2.15683479,9.74552394,-1.86936920,-0.11858597,0.40106446,0.75987232,,,,,,,3,,,,,,,,,
19.698148,9730,20729234,,177.78407288,2.93886185,-148.84045410,,,,,0.06510542,0.82805604,-10.41580772,-0.72991693,0.05288124,0.60587978,2.66821511,7.27523490,-4.89696944,-0.11938851,0.40107623,0.76382661,,,,,,,3,,,,,,,,,
19.708208,9731,20729334,,177.79228210,2.87294292,-148.78392029,,,,,0.45300451,0.77394366,-10.45670986,-1.02095485,-0.19274172,0.62519550,-1.66204404,3.11076227,-3.58546640,-0.11820695,0.40105331,0.77075875,,,,,,,3,,,,,,,,,
19.718156,9732,20729434,,177.74717712,2.84695148,-148.72190857,,,,,-0.48109043,-2.08470511,-7.51882696,1.33813906,-1.97442997,-2.36627674,0.83185717,0.48460555,-3.84640951,-0.12058551,0.40445283,0.77179021,,,,,,,3,,,,,,,,,
19.728185,9733,20729534,,177.78207397,2.86442780,-148.65791321,,,,,0.25470734,-0.83297229,-10.07190514,-0.00378740,-1.43738770,0.19467902,2.03068802,5.21540182,0.48483804,-0.12072384,0.40541667,0.76834142,,,,,,,3,,,,,,,,,
19.738163,9734,20729634,,177.82205200,2.80326414,-148.67135620,,,,,-1.21791363,0.90437680,-9.26653481,0.37686205,0.86569411,-0.47134399,-2.04697162,8.61123442,2.55298384,-0.12325490,0.40402189,0.76236957,,,,,,,3,,,,,,,,,
19.748176,9735,20729734,,177.80487061,2.70144463,-148.72291565,,,,,-0.48000109,1.86084449,-10.58089542,-0.76547700,1.23088050,0.83991909,-2.76475023,9.93074159,1.57844914,-0.13238142,0.40129277,0.76871246,,,,,,,3,,,,,,,,,
19.758199,9736,20729834,,177.79600525,2.55796719,-148.76031494,,,,,-0.96181798,1.45767200,-9.95682526,-0.10920173,1.18248725,0.22460926,-2.74974281,12.02209258,-1.58000600,-0.13275713,0.40177780,0.77168679,,,,,,,3,,,,,,,,,
19.768169,9737,20729934,,177.77455139,2.38949871,-148.72042847,,,,,0.13751034,0.83425695,-10.12559986,-0.70614755,0.08434999,0.31776118,0.15417850,8.07766260,-5.08668947,-0.12882771,0.40315506,0.76381212,,,,,,,3,,,,,,,,,
19.778182,9738,20730034,,177.77667236,2.30692005,-148.65847778,,,,,0.68073708,-0.31656054,-9.98239613,-0.55433053,-1.16310048,0.11309576,1.82531790,8.21780357,-2.08390139,-0.12665844,0.40456048,0.75939244,,,,,,,3,,,,,,,,,
19.788148,9739,20730134,,177.80307007,2.24199414,-148.61187744,,,,,0.24622153,-2.43731594,-9.45773888,0.93973619,-2.70476937,-0.47231126,5.03464642,7.00502921,-1.72678633,-0.12265176,0.40641534,0.75399953,,,,,,,3,,,,,,,,,
19.798173,9740,20730234,,177.87548828,2.19765067,-148.57839966,,,,,-0.71641552,-0.09432403,-9.20091629,0.54440224,-0.18250036,-0.60462511,5.99313455,9.07238745,1.86705996,-0.12496771,0.40549415,0.75446814,,,,,,,3,,,,,,,,,
19.808110,9741,20730334,,177.95489502,2.10544419,-148.60874939,,,,,-1.51419461,1.47725201,-9.28252888,0.41546506,1.58724630,-0.43797910,1.83569850,14.49720629,3.31511065,-0.13287473,0.40562618,0.75690436,,,,,,,3,,,,,,,,,
19.818165,9742,20730434,,177.94885254,1.95028865,-148.68057251,,,,,-1.25804269,2.08614993,-10.33985233,-0.11640614,1.92953026,0.63055789,-2.08087476,9.85742207,1.58181023,-0.14163652,0.40673125,0.76232022,,,,,,,3,,,,,,,,,
19.828171,9743,20730534,,177.93243408,1.83881223,-148.70298767,,,,,-0.29528224,1.27085769,-10.35636139,-0.49195671,0.74237442,0.58418274,-1.88421995,7.06075971,-1.37700840,-0.14460097,0.40773681,0.77221650,,,,,,,3,,,,,,,,,
19.838195,9744,20730634,,177.91082764,1.73752511,-148.67471313,,,,,0.64606380,1.11274838,-11.50059605,-1.20667088,0.06852412,1.69127703,-2.26755984,3.97035695,-3.46094991,-0.14137074,0.40912282,0.77126509,,,,,,,3,,,,,,,,,
19.848183,9745,20730734,,177.87690735,1.69308412,-148.61231995,,,,,-0.14835763,-1.47914183,-8.26481628,0.85527575,-1.57369363,-1.60809326,0.39695480,1.00896590,-3.19145455,-0.14142191,0.40816459,0.76927066,,,,,,,3,,,,,,,,,
19.858173,9746,20730834,,177.90544128,1.68985116,-148.55560303,,,,,0.33364376,-1.95971668,-9.60726166,0.68695444,-2.29007697,-0.29675579,3.44440677,6.67882236,0.25762356,-0.13782535,0.41050547,0.76586241,,,,,,,3,,,,,,,,,
19.868191,9747,20730934,,177.95837402,1.63762021,-148.55471802,,,,,-1.29332173,0.16450010,-8.63320351,0.97746503,0.42247987,-1.14837611,2.75326121,8.21663476,3.48861901,-0.13716850,0.40905836,0.75693715,,,,,,,3,,,,,,,,,
19.878140,9748,20731034,,178.01954651,1.54983842,-148.60687256,,,,,-0.94780040,2.15844989,-10.35353088,-0.35428548,1.88347149,0.62924075,1.57554482,11.65057212,3.64440453,-0.14308639,0.40916145,0.74899292,,,,,,,3,,,,,,,,,
19.888201,9749,20731134,,178.01280212,1.41885674,-148.68035889,,,,,-0.81582713,1.92472005,-11.14894104,-0.33373070,1.59132743,1.41106331,-0.62320257,8.96839953,0.33102373,-0.14742593,0.40827021,0.75885224,,,,,,,3,,,,,,,,,
19.898155,9750,20731234,,178.02107239,1.31116593,-148.67733765,,,,,-0.37357053,1.04070771,-9.80384445,-0.23727116,0.67328811,0.02368522,0.92475190,2.19411097,-3.52947613,-0.15170647,0.40977660,0.77171838,,,,,,,3,,,,,,,,,
19.908175,9751,20731334,,178.01158142,1.28176033,-148.62051392,,,,,0.60821772,-0.01431959,-10.61343193,-0.51705551,-0.76914877,0.77272403,-2.02584499,1.95503066,-3.27473911,-0.15022802,0.41167036,0.77472436,,,,,,,3,,,,,,,,,
19.918197,9752,20731434,,177.97129822,1.26878309,-148.56846619,,,,,-0.17541528,-2.13016057,-8.09902668,1.26215339,-2.06232595,-1.79309404,0.66529644,-0.83145328,-1.11628578,-0.14556113,0.41255197,0.77426696,,,,,,,3,,,,,,,,,
19.928312,9753,20731534,,178.00917053,1.29414749,-148.53387451,,,,,-0.12676027,-0.32253897,-9.83520889,0.27137983,-0.61556554,0.00391304,2.91671169,2.53128390,1.34768117,-0.14527261,0.41398907,0.76983833,,,,,,,3,,,,,,,,,
19.938260,9754,20731634,,178.05952454,1.26304281,-148.56047058,,,,,-1.12294090,0.89540297,-9.67361164,0.49204445,0.96038365,-0.09591961,1.60540277,8.59298928,3.88966723,-0.14832553,0.41260371,0.76237965,,,,,,,3,,,,,,,,,
19.948189,9755,20731734,,178.09309387,1.15791845,-148.63130188,,,,,-0.92593145,2.37978578,-10.18823147,-0.44333172,2.11287212,0.46465969,-0.14984624,6.91742904,2.73076811,-0.15221548,0.41123119,0.75788558,,,,,,,3,,,,,,,,,
19.958212,9756,20731834,,178.07861328,1.06851411,-148.67555237,,,,,-0.83779597,0.52609408,-10.13568974,0.46353340,0.49268508,0.34555793,-2.72990858,7.05122647,-1.34752204,-0.15059766,0.41024160,0.76332039,,,,,,,3,,,,,,,,,
19.968232,9757,20731934,,178.06062317,0.97274554,-148.64822388,,,,,0.21396883,1.67219663,-10.31920052,-1.02153385,0.92230010,0.54764068,0.01687246,1.97154008,-3.07694067,-0.14937228,0.40877774,0.77072477,,,,,,,3,,,,,,,,,
19.978242,9758,20732034,,178.02697754,0.95712394,-148.60606384,,,,,0.20502843,-0.27928123,-10.07271671,0.00885451,-0.73244101,0.23646224,-1.44800555,-1.33733268,-2.02943447,-0.15170598,0.40881681,0.77120841,,,,,,,3,,,,,,,,,
19.988255,9759,20732134,,178.01179504,0.99439090,-148.55552673,,,,,0.35970491,-2.60184216,-9.07752037,1.08425272,-2.75787401,-0.83585238,1.36666056,-0.44206804,-0.65536748,-0.15079221,0.41024143,0.77123559,,,,,,,3,,,,,,,,,
19.998242,9760,20732234,,178.05229187,1.01664555,-148.53359985,,,,,-0.76550186,0.10501250,-9.22755718,0.62943077,0.13114214,-0.57772160,0.38919693,1.59833150,3.27594378,-0.14805825,0.41211599,0.76979470,,,,,,,3,,,,,,,,,
20.008212,9761,20732334,,178.08074951,0.98096019,-148.58454895,,,,,-1.32884634,1.20865130,-9.01197720,0.54076618,1.38184333,-0.74546587,-2.98467463,7.83708200,3.30060973,-0.15224558,0.40978652,0.76973677,,,,,,,3,,,,,,,,,
20.018461,9762,20732434,,178.04209900,0.87245160,-148.65225220,,,,,-0.83397478,2.57835555,-10.89912891,-0.57130194,2.22737980,1.17752099,-3.44333379,8.38239406,1.55284073,-0.15523061,0.41031873,0.76527739,,,,,,,3,,,,,,,,,
20.028213,9763,20732534,,178.01562500,0.76321840,-148.67640686,,,,,-0.67844278,1.57353747,-10.55192661,-0.16779089,1.30274272,0.79258585,-2.56193288,3.53666683,-2.57110839,-0.15650181,0.40745911,0.76769954,,,,,,,3,,,,,,,,,
20.038257,9764,20732634,,178.00276184,0.70749968,-148.63708496,,,,,0.64709580,0.03237766,-10.65708828,-0.48311704,-0.69677329,0.82547808,-0.23955829,1.23084673,-3.83140145,-0.15403029,0.40741599,0.77117461,,,,,,,3,,,,,,,,,
20.048209,9765,20732734,,177.98220825,0.71108001,-148.58935547,,,,,-0.05162971,-0.84658813,-9.01559639,0.55812031,-1.02660120,-0.83868432,-1.90325612,-2.17724041,-0.48715524,-0.15081729,0.40880251,0.76972836,,,,,,,3,,,,,,,,,
20.058263,9766,20732834,,177.95736694,0.74834198,-148.55253601,,,,,0.04288039,-2.09411001,-8.50378799,1.12547088,-2.12288952,-1.39235973,-0.01701373,-0.87846088,-0.78638460,-0.15161984,0.40881428,0.77368259,,,,,,,3,,,,,,,,,
20.068246,9767,20732934,,177.97427368,0.77015018,-148.53492737,,,,,-0.34871182,0.47700381,-9.78116131,0.12530929,0.22540832,-0.02161038,0.96706269,3.49861713,2.78843561,-0.15025994,0.40687251,0.77118492,,,,,,,3,,,,,,,,,
20.078260,9768,20733034,,178.01266479,0.73290873,-148.57614136,,,,,-1.41289008,1.60776699,-9.43810654,0.44490629,1.76285577,-0.31052399,-1.07546697,4.58366781,3.36529013,-0.15286040,0.40643957,0.76374358,,,,,,,3,,,,,,,,,
20.088382,9769,20733134,,178.01025391,0.66383177,-148.64649963,,,,,-0.45886618,1.11081851,-10.94691181,-0.09196380,0.79543209,1.16731489,-1.04595084,5.74954780,2.07354597,-0.15739000,0.40651366,0.76866966,,,,,,,3,,,,,,,,,
20.098324,9770,20733234,,178.00823975,0.58732092,-148.68380737,,,,,-1.21595919,1.50109673,-9.51390457,0.35104787,1.57546329,-0.23998439,-3.25302103,3.38420057,0.55462347,-0.15782623,0.40748030,0.77016705,,,,,,,3,,,,,,,,,
20.108216,9771,20733334,,177.98773193,0.52117896,-148.68170166,,,,,-0.16740014,0.79465836,-9.95421600,-0.16661426,0.41735983,0.16084719,0.87583510,0.40078691,-2.41711451,-0.15592876,0.40840793,0.77118075,,,,,,,3,,,,,,,,,
20.118347,9772,20733434,,177.97744751,0.51710141,-148.64036560,,,,,0.62188494,1.17750430,-10.77116013,-1.03066671,0.30183804,0.98372376,0.74246942,-1.29438211,-1.78172603,-0.14930233,0.40685618,0.77168423,,,,,,,3,,,,,,,,,
20.128250,9773,20733534,,177.97117615,0.54329199,-148.60003662,,,,,-0.13318604,-2.20880008,-9.15145397,1.35988605,-2.13808918,-0.74562037,1.29151460,-3.50501659,-1.48064339,-0.14912605,0.40877640,0.76429409,,,,,,,3,,,,,,,,,
20.138272,9774,20733634,,178.00088501,0.60421789,-148.56770325,,,,,0.61574483,-1.52274561,-10.26699829,0.36392963,-1.98369169,0.38880050,3.43806750,-1.06740606,1.35054921,-0.15189548,0.40882239,0.76576519,,,,,,,3,,,,,,,,,
20.148237,9775,20733734,,178.06648254,0.62436342,-148.58001709,,,,,-1.54729092,0.56288999,-7.97379112,1.10045958,1.00802910,-1.81188953,0.60187349,2.73768304,4.30812304,-0.15179946,0.40642020,0.76721191,,,,,,,3,,,,,,,,,
20.158227,9776,20733834,,178.08311462,0.58766764,-148.64559937,,,,,-1.30781341,1.93976784,-9.61844540,0.19418156,2.00568104,-0.12475955,-0.57113540,3.13416592,2.13457435,-0.15284318,0.40643907,0.76423842,,,,,,,3,,,,,,,,,
20.168200,9777,20733934,,178.06658936,0.53586483,-148.70581055,,,,,-0.69548476,2.09265375,-10.56049633,-0.38708758,1.79053140,0.81434870,-1.16379892,2.99732756,0.28415353,-0.15833822,0.40509006,0.76765287,,,,,,,3,,,,,,,,,
20.178328,9778,20734034,,178.07220459,0.47887683,-148.70906067,,,,,-0.61480093,0.62489003,-10.82328224,0.31243402,0.48899865,1.02487910,0.15425868,-1.85298400,-1.33533347,-0.15789412,0.40556279,0.76716781,,,,,,,3,,,,,,,,,
20.188275,9779,20734134,,178.07936096,0.48219094,-148.67668152,,,,,0.56270903,0.89117986,-10.54665565,-0.83544368,0.11306447,0.74590659,-0.13054978,-5.25486538,-3.06010020,-0.15260199,0.40643197,0.77116615,,,,,,,3,,,,,,,,,
20.198219,9780,20734234,,178.05487061,0.53069597,-148.63319397,,,,,0.44856593,-0.67076445,-8.84397411,0.05459666,-1.10676742,-1.00426531,0.30330416,-4.25527786,-0.97052815,-0.15018266,0.40735012,0.77366662,,,,,,,3,,,,,,,,,
20.208239,9781,20734334,,178.05368042,0.59905183,-148.59883118,,,,,-0.34640461,-1.83488357,-8.30476761,1.33032572,-1.67022407,-1.57151353,2.64453036,-5.37194634,-1.00058739,-0.14937176,0.40781799,0.77021480,,,,,,,3,,,,,,,,,
20.218329,9782,20734434,,178.09854126,0.64872140,-148.58868408,,,,,0.08788265,-0.18710501,-9.87749672,0.10578126,-0.54164982,0.04910922,2.37167497,2.43791650,2.61070961,-0.14804836,0.40971631,0.76876724,,,,,,,3,,,,,,,,,
20.228363,9783,20734534,,178.14230347,0.62118959,-148.61827087,,,,,-1.41610909,1.22567856,-10.28477383,0.66049713,1.43901706,0.51851380,-0.00393498,4.74267205,3.55201768,-0.15072712,0.41072527,0.75986409,,,,,,,3,,,,,,,,,
20.238219,9784,20734634,,178.16084290,0.56233156,-148.68951416,,,,,-0.79818684,2.18966293,-9.67932796,-0.37625110,1.96538687,-0.06214941,-0.49986323,1.60532369,0.59297851,-0.15789217,0.41132718,0.75686914,,,,,,,3,,,,,,,,,
20.248261,9785,20734734,,178.14289856,0.52958876,-148.71955872,,,,,-0.83553654,0.81459445,-10.21160316,0.38375241,0.79613781,0.42305088,-1.27766148,0.91117392,-0.80178155,-0.16223171,0.41043594,0.76672846,,,,,,,3,,,,,,,,,
20.258307,9786,20734834,,178.14962769,0.50608337,-148.69462585,,,,,-0.69390440,1.14830112,-9.28778839,0.07925245,1.03667545,-0.49114120,-0.12751939,-4.49391827,-2.92038633,-0.15459754,0.41174564,0.77074552,,,,,,,3,,,,,,,,,
20.268322,9787,20734934,,178.13055420,0.53198385,-148.65321350,,,,,1.03882861,0.38428918,-11.29234982,-0.98732448,-0.58733821,1.47053337,0.14326278,-5.00040540,-2.68235936,-0.15270005,0.41267323,0.77175927,,,,,,,3,,,,,,,,,
20.278372,9788,20735034,,178.12583923,0.59603500,-148.60362244,,,,,0.07546447,-1.11229002,-9.18362236,0.58860099,-1.29690588,-0.67388868,1.62552750,-5.62081667,-1.93830225,-0.15329871,0.41124532,0.76728082,,,,,,,3,,,,,,,,,
20.288262,9789,20735134,,178.16001892,0.66837823,-148.55810547,,,,,0.28913707,-1.47577417,-9.09665966,0.58767235,-1.71578574,-0.77197933,4.23251370,-5.66278306,-1.50102820,-0.14758806,0.41210809,0.76979691,,,,,,,3,,,,,,,,,
20.298323,9790,20735234,,178.21697998,0.72847641,-148.55807495,,,,,-0.74843442,-0.21899495,-8.51679325,0.80615568,-0.08207655,-1.30298734,2.66425082,2.13242946,3.67721590,-0.14615089,0.41064391,0.76978093,,,,,,,3,,,,,,,,,
20.308305,9791,20735334,,178.28173828,0.69334340,-148.60404968,,,,,-1.38452196,1.80621910,-9.55291080,0.29761171,1.95262623,-0.19568360,1.02590252,4.84239623,2.01244779,-0.15034308,0.41071990,0.75739211,,,,,,,3,,,,,,,,,
20.318327,9792,20735434,,178.26365662,0.61929131,-148.66339111,,,,,-0.80972314,2.44726753,-10.89263439,-0.50784338,2.16197348,1.15615249,-1.65089301,3.11218124,-0.51109393,-0.15897189,0.41422638,0.75443584,,,,,,,3,,,,,,,,,
20.328284,9793,20735534,,178.24844360,0.55718184,-148.65858459,,,,,-0.41888630,1.33673882,-10.64607334,-0.25252676,1.02488446,0.86863542,-0.27193971,1.81070044,-3.61485030,-0.16432074,0.41335297,0.76231128,,,,,,,3,,,,,,,,,
20.338328,9794,20735634,,178.24620056,0.54092640,-148.61343384,,,,,0.02622172,0.30955696,-10.26241875,-0.10135335,-0.07362914,0.44702518,-2.00206889,-5.99964542,-4.09368711,-0.16292690,0.41236997,0.76131320,,,,,,,3,,,,,,,,,
20.348246,9795,20735734,,178.20501709,0.59278595,-148.55879211,,,,,0.51680350,-0.72498947,-9.00121403,0.00540280,-1.18007648,-0.84924865,-1.97065173,-4.54773162,-1.25954899,-0.16097826,0.41425583,0.76432139,,,,,,,3,,,,,,,,,
20.358283,9796,20735834,,178.18554688,0.66406560,-148.51809692,,,,,-0.08782870,-1.68688262,-9.03018188,1.01773393,-1.69078040,-0.84374619,-0.39676569,-5.00180217,-0.51524669,-0.15433612,0.41558290,0.76684952,,,,,,,3,,,,,,,,,
20.368242,9797,20735934,,178.21401978,0.73009330,-148.49508667,,,,,0.23309721,-0.05940400,-9.32135868,-0.11491638,-0.48178434,-0.50442576,3.25484938,-4.30835654,-0.48096175,-0.14938703,0.41358286,0.75942129,,,,,,,3,,,,,,,,,
20.378199,9798,20736034,,178.25840759,0.76482958,-148.50276184,,,,,-0.63451248,-0.03494187,-10.30817699,0.61263686,-0.03554511,0.49093723,2.92617833,3.56177546,2.70183842,-0.15134504,0.41313693,0.75693059,,,,,,,3,,,,,,,,,
20.388324,9799,20736134,,178.32305908,0.72849524,-148.54095459,,,,,-1.43489921,1.06296694,-8.94611168,0.70870233,1.36677384,-0.82140052,1.20168715,0.70245219,0.30032056,-0.15069805,0.41408950,0.74903280,,,,,,,3,,,,,,,,,
20.398244,9800,20736234,,178.32397461,0.70150238,-148.58290100,,,,,-0.87577331,1.79283249,-10.33599567,-0.13614923,1.65789700,0.58029151,-1.27768592,1.24976624,0.55828531,-0.15297224,0.41556641,0.75201333,,,,,,,3,,,,,,,,,
20.408237,9801,20736334,,178.30728149,0.68000364,-148.60832214,,,,,-1.19793200,1.77780581,-9.66359997,0.14680439,1.83129764,-0.08875108,-1.59184197,-1.06278330,-1.62371227,-0.15527546,0.41367918,0.76582515,,,,,,,3,,,,,,,,,
20.418278,9802,20736434,,178.28872681,0.67924976,-148.58393860,,,,,0.31872928,1.23506486,-11.15915394,-0.86376476,0.52386737,1.36724126,-0.16370283,-8.79583992,-4.35059699,-0.15523417,0.41703710,0.76884711,,,,,,,3,,,,,,,,,
20.428333,9803,20736534,,178.26979065,0.76135749,-148.53138733,,,,,0.59559017,-0.61919439,-10.41029358,-0.13996696,-1.18463218,0.56134701,-1.44059063,-7.70930538,-1.90152723,-0.15687425,0.41802141,0.77627581,,,,,,,3,,,,,,,,,
20.438338,9804,20736634,,178.26116943,0.84507817,-148.48962402,,,,,0.47047129,-2.23459482,-9.05912495,0.79834163,-2.45649052,-0.83834743,0.72185521,-9.22887733,-0.84982580,-0.15127382,0.41552830,0.77379066,,,,,,,3,,,,,,,,,
20.448285,9805,20736734,,178.28916931,0.95358205,-148.46261597,,,,,-0.05876846,-0.74911940,-8.50356579,0.45830721,-0.90093112,-1.33886075,3.31638576,-5.73052530,1.05337621,-0.13888352,0.41195852,0.77676481,,,,,,,3,,,,,,,,,
20.458356,9806,20736834,,178.34635925,1.02358258,-148.47496033,,,,,-0.93694377,-0.09557369,-8.80692005,0.85290158,0.10749829,-1.00409579,3.45876660,0.74378988,2.92898533,-0.13118723,0.40990728,0.78072906,,,,,,,3,,,,,,,,,
20.468243,9807,20736934,,178.40242004,1.01161206,-148.52256775,,,,,-1.29207063,1.60426593,-9.87728310,0.26307923,1.71170211,0.12519145,2.39824718,-0.68296806,1.71462038,-0.13074110,0.40654090,0.77820420,,,,,,,3,,,,,,,,,
20.478319,9808,20737034,,178.43211365,1.00470698,-148.57339478,,,,,-0.77279073,2.03316569,-10.74105072,-0.40166026,1.78556669,0.98935735,1.38576406,-0.90784164,1.61417743,-0.12647693,0.40070432,0.78951263,,,,,,,3,,,,,,,,,
20.488331,9809,20737134,,178.43063354,0.98553187,-148.60850525,,,,,-0.99548370,1.16997099,-10.34478188,0.23443496,1.17721462,0.57188678,0.40285819,-4.40913214,-0.78227720,-0.12626183,0.40117785,0.79595309,,,,,,,3,,,,,,,,,
20.498435,9810,20737234,,178.44638062,1.03179240,-148.59483337,,,,,-0.41721159,0.62318754,-8.92040539,0.01662362,0.45424068,-0.87814939,1.48055257,-11.80554570,-2.34172801,-0.12612504,0.40309331,0.80093169,,,,,,,3,,,,,,,,,
20.508481,9811,20737334,,178.44560242,1.15236723,-148.56291199,,,,,0.34342569,0.00941154,-9.90361691,-0.32851082,-0.50762975,0.07360435,-0.50724053,-11.48919610,-1.85787527,-0.12876551,0.40361536,0.80636907,,,,,,,3,,,,,,,,,
20.518293,9812,20737434,,178.42053223,1.28341043,-148.54411316,,,,,0.35649106,0.07889841,-9.17536736,-0.39277530,-0.44726622,-0.65432370,-0.06919681,-14.70087228,-0.32994363,-0.12660511,0.40550089,0.80195689,,,,,,,3,,,,,,,,,
20.528310,9813,20737534,,178.43383789,1.44670701,-148.51361084,,,,,0.00666899,-1.08859718,-9.70142174,0.48732674,-1.28860712,-0.14882481,4.42907203,-14.96336158,-1.33223950,-0.12009928,0.40395272,0.79899645,,,,,,,3,,,,,,,,,
20.538261,9814,20737634,,178.50856018,1.60252035,-148.48989868,,,,,0.47375014,-1.65198386,-8.90656376,0.36648327,-1.98778081,-0.96960354,5.59522864,-10.95687591,0.89070400,-0.11880146,0.40537193,0.79655164,,,,,,,3,,,,,,,,,
20.548390,9815,20737734,,178.57290649,1.71945834,-148.50384521,,,,,-1.09752488,-0.19592386,-7.79279041,0.94367379,0.11304843,-2.00198412,2.75825408,-8.33406449,4.15651247,-0.11819831,0.40776542,0.78818166,,,,,,,3,,,,,,,,,
20.558244,9816,20737834,,178.62631226,1.79036820,-148.55900574,,,,,-1.08476102,1.63463354,-8.70875835,-0.04783678,1.63837075,-1.04398584,4.19484349,-5.44232120,2.53168027,-0.11410499,0.40865800,0.78475302,,,,,,,3,,,,,,,,,
20.568374,9817,20737934,,178.65959167,1.82719147,-148.61494446,,,,,-0.46387240,1.97084999,-10.86178589,-0.79385948,1.52462006,1.09585047,2.86552326,-5.42855922,0.29192194,-0.11700437,0.41014743,0.78327775,,,,,,,3,,,,,,,,,
20.578312,9818,20738034,,178.69262695,1.84722185,-148.64892578,,,,,-1.06611705,0.49042356,-9.52184105,0.50409341,0.62436318,-0.25460315,1.08239075,-8.12483531,1.12717043,-0.12228868,0.41071767,0.78029174,,,,,,,3,,,,,,,,,
20.588368,9819,20738134,,178.70214844,1.91181862,-148.65487671,,,,,-0.65220040,1.52242804,-8.41495132,-0.38047796,1.32310760,-1.35035264,0.11381015,-10.07668566,-1.57439734,-0.12006285,0.40971613,0.78968745,,,,,,,3,,,,,,,,,
20.598231,9820,20738234,,178.69500732,1.98454392,-148.63504028,,,,,0.62648833,1.08667254,-10.67858887,-1.29482222,0.19616580,0.85608757,1.17014075,-8.77335921,-1.97619379,-0.11683311,0.41206190,0.78924608,,,,,,,3,,,,,,,,,
20.608278,9821,20738334,,178.68597412,2.06162715,-148.60452271,,,,,0.36864185,-1.13949668,-9.10768986,0.10500830,-1.51714206,-0.75769067,1.13171357,-10.70678598,-0.31085170,-0.11613496,0.41397268,0.78334272,,,,,,,3,,,,,,,,,
20.618360,9822,20738434,,178.70060730,2.17836571,-148.57304382,,,,,0.70112938,-1.67776978,-8.98846054,0.09353960,-2.15086222,-0.90207124,2.91992188,-10.31179443,-0.93728509,-0.11490658,0.41635370,0.77942848,,,,,,,3,,,,,,,,,
20.628226,9823,20738534,,178.75909424,2.30212831,-148.54869080,,,,,-0.03208080,-0.27723062,-7.90035963,-0.00706172,-0.53473163,-1.93008196,3.92088845,-4.13463623,1.39114721,-0.11292785,0.41968420,0.77058548,,,,,,,3,,,,,,,,,
20.638421,9824,20738634,,178.80290222,2.36917710,-148.56683350,,,,,-0.99952036,-0.73063272,-8.82222176,1.02118707,-0.45320320,-0.97798669,2.95451380,-4.10577057,2.57741543,-0.11572774,0.42165649,0.75872844,,,,,,,3,,,,,,,,,
20.648257,9825,20738734,,178.84913635,2.41136622,-148.59858704,,,,,-0.83962542,1.45697355,-9.45030785,-0.27913907,1.31095004,-0.31237888,2.58900156,-4.22383893,1.71123901,-0.11955813,0.42172182,0.75673121,,,,,,,3,,,,,,,,,
20.658370,9826,20738834,,178.87240601,2.45406842,-148.64997864,,,,,-0.87299293,2.20256758,-10.45776558,-0.67385763,1.92216849,0.70906711,0.16015821,-5.36894277,1.91948507,-0.12117158,0.42126575,0.76413727,,,,,,,3,,,,,,,,,
20.668294,9827,20738934,,178.87846375,2.49131346,-148.68539429,,,,,-1.46139622,-0.24644692,-8.67533207,1.13611388,0.20330071,-1.09131968,-0.23418574,-10.99593094,-1.28868381,-0.11914364,0.41979012,0.76758742,,,,,,,3,,,,,,,,,
20.678370,9828,20739034,,178.87666321,2.60100937,-148.67971802,,,,,-0.51843894,2.12099791,-9.35923195,-0.93337387,1.69422925,-0.39986956,-1.78657258,-12.85491291,-0.90521340,-0.11903293,0.42218626,0.77207875,,,,,,,3,,,,,,,,,
20.688292,9829,20739134,,178.85426331,2.69902849,-148.66268921,,,,,0.04689858,1.21972835,-10.33469296,-0.98864198,0.57978463,0.52770698,-0.61349330,-12.39325531,-3.63627447,-0.11758006,0.42360091,0.77408749,,,,,,,3,,,,,,,,,
20.698319,9830,20739234,,178.83522034,2.82035279,-148.61961365,,,,,0.85524160,-0.56457520,-10.29516220,-0.76611769,-1.37706900,0.40710020,0.77307912,-18.29237529,-3.93216509,-0.11153605,0.42254028,0.77162719,,,,,,,3,,,,,,,,,
20.708310,9831,20739334,,178.83708191,2.99766374,-148.55787659,,,,,0.55554312,-1.53575337,-9.30022621,0.00866979,-2.02031255,-0.59363770,-0.58658919,-14.19542292,-1.45650828,-0.10961146,0.42106768,0.77210832,,,,,,,3,,,,,,,,,
20.718312,9832,20739434,,178.83306885,3.16001821,-148.52439880,,,,,-0.18885490,-0.95210773,-7.89727592,0.37301934,-1.08194160,-1.94200945,-0.98604325,-10.59833623,-0.65224075,-0.10411593,0.42145690,0.76818395,,,,,,,3,,,,,,,,,
20.728311,9833,20739534,,178.84037781,3.26186657,-148.51646423,,,,,-0.54159057,-0.06685326,-8.59303188,0.17490804,-0.18223011,-1.21060026,1.35933550,-7.35215650,0.80372853,-0.10389684,0.42385575,0.76228589,,,,,,,3,,,,,,,,,
20.738327,9834,20739634,,178.88172913,3.32815528,-148.53125000,,,,,-0.86699456,0.92321175,-9.64539719,-0.11086911,0.78354174,-0.11916423,-1.25439903,-2.16398301,0.73954839,-0.10737766,0.42391673,0.75682706,,,,,,,3,,,,,,,,,
20.748427,9835,20739734,,178.85266113,3.33185196,-148.56842041,,,,,-0.84047401,1.63311327,-11.12194538,-0.57137144,1.29751658,1.36778677,-3.34678095,-3.78404860,-0.35897487,-0.11119917,0.42350194,0.75482231,,,,,,,3,,,,,,,,,
20.758267,9836,20739834,,178.84109497,3.35221863,-148.59068298,,,,,-0.88675207,2.28172493,-9.39485931,-0.80748355,1.95394957,-0.34037662,-1.46694043,-7.50796421,-2.12262920,-0.11433644,0.42547232,0.76028007,,,,,,,3,,,,,,,,,
20.768438,9837,20739934,,178.82092285,3.39640069,-148.56900024,,,,,-0.62193799,-0.26554173,-9.89505386,0.27481559,-0.38707185,0.08850646,-3.35522542,-6.78705951,-5.14165883,-0.11029828,0.42348135,0.76719546,,,,,,,3,,,,,,,,,
20.778280,9838,20740034,,178.79386902,3.46151042,-148.50950623,,,,,0.14421777,0.91321242,-9.06294250,-0.97249526,0.24863613,-0.76509345,-2.53086214,-11.63304757,-3.83282170,-0.10359355,0.42048770,0.76916075,,,,,,,3,,,,,,,,,
20.788327,9839,20740134,,178.76162720,3.57636523,-148.46109009,,,,,0.66631275,0.60325408,-10.86857510,-1.34280169,-0.39562130,0.99986029,-1.15931618,-11.63120683,-4.03074564,-0.10449895,0.41954273,0.76963598,,,,,,,3,,,,,,,,,
20.798441,9840,20740234,,178.74815369,3.69536543,-148.39944458,,,,,0.50499910,-1.78851449,-9.48582554,0.09594768,-2.28600264,-0.42101324,1.53466901,-9.75064146,-4.13437796,-0.10045782,0.42139661,0.76523280,,,,,,,3,,,,,,,,,
20.808382,9841,20740334,,178.78863525,3.81345344,-148.33868408,,,,,0.14905144,-1.22303557,-9.44382191,0.08537519,-1.62369013,-0.42850733,3.55143626,-9.43120973,-1.50056823,-0.09399632,0.42224914,0.76231015,,,,,,,3,,,,,,,,,
20.818393,9842,20740434,,178.85601807,3.90135336,-148.31729126,,,,,-0.64379817,-0.38145354,-8.32649708,0.35524285,-0.42980742,-1.47548127,1.33986604,-2.61239731,-0.67583062,-0.09348382,0.42367959,0.76431441,,,,,,,3,,,,,,,,,
20.828396,9843,20740534,,178.86645508,3.90620995,-148.33145142,,,,,-1.24303830,1.43533838,-9.16704559,-0.12775970,1.38652420,-0.55895448,-0.97600426,2.39030111,0.23480747,-0.09977740,0.42426771,0.75934452,,,,,,,3,,,,,,,,,
20.838413,9844,20740634,,178.86183167,3.85762310,-148.36477661,,,,,-0.86801898,2.37750459,-10.07970047,-0.98181415,1.94703662,0.34294891,-0.49374920,1.39667177,-1.34660851,-0.10419807,0.42338473,0.75337124,,,,,,,3,,,,,,,,,
20.848298,9845,20740734,,178.84394836,3.81128049,-148.37388611,,,,,-0.41940948,1.03129709,-11.33199978,-0.70388997,0.50340486,1.53483653,-1.80227455,0.75711697,-3.63562048,-0.10496566,0.42243573,0.75780523,,,,,,,3,,,,,,,,,
20.858524,9846,20740834,,178.83694458,3.77548194,-148.33422852,,,,,-0.57149214,0.52886933,-9.85425377,-0.23711115,0.23379123,0.06065297,-1.96417458,-2.12034536,-3.41846763,-0.10186001,0.42190000,0.76572847,,,,,,,3,,,,,,,,,
20.868451,9847,20740934,,178.82366943,3.80082703,-148.29486084,,,,,0.38438365,1.31908751,-10.21465397,-1.48505163,0.38059723,0.37366533,-0.80262177,-6.53865108,-4.76114174,-0.10220961,0.42190436,0.76919013,,,,,,,3,,,,,,,,,
20.878289,9848,20741034,,178.80436707,3.86403155,-148.23997498,,,,,0.27199116,-0.45808101,-9.09452629,-0.40753818,-1.01822197,-0.77148557,-0.76054583,-4.12297710,-3.10585286,-0.10036383,0.42283347,0.76871932,,,,,,,3,,,,,,,,,
20.888390,9849,20741134,,178.79890442,3.92397881,-148.17921448,,,,,-0.14802401,-2.31058025,-8.49200153,0.95068884,-2.34022331,-1.38343978,0.96720985,-6.66145660,-3.39937490,-0.09324212,0.42271271,0.77073216,,,,,,,3,,,,,,,,,
20.898395,9850,20741234,,178.83996582,3.99650478,-148.12789917,,,,,0.90678084,-0.35867554,-10.04468918,-1.06054449,-1.32128358,0.13185394,3.26070307,-1.23098023,-1.39106792,-0.09094237,0.42171490,0.76874888,,,,,,,3,,,,,,,,,
20.908416,9851,20741334,,178.86048889,4.02290344,-148.11531067,,,,,-0.72995007,0.33039680,-9.50140667,-0.01675940,0.15147161,-0.28471267,0.01666599,2.26719101,0.37163283,-0.09439708,0.42129526,0.76377732,,,,,,,3,,,,,,,,,
20.913609,9852,20741434,,178.87403870,3.98793960,-148.13902283,,,,,-0.68502617,0.63448298,-9.58744049,-0.22132450,0.38732731,-0.19575262,1.69972022,1.21645872,-0.11834535,-0.09353551,0.42368111,0.76282990,,,,,,,3,,,,,,,,,
20.928305,9853,20741534,,178.91719055,3.97174478,-148.15007019,,,,,-1.01013339,1.54888916,-9.84498119,-0.43640864,1.32527125,0.10299218,-0.66339472,3.07430977,-0.15724478,-0.09928163,0.42473888,0.76034403,,,,,,,3,,,,,,,,,
20.933470,9854,20741634,,178.90295410,3.92347026,-148.16975403,,,,,-1.21688950,0.73299122,-9.86105633,0.16922295,0.74189758,0.11888647,-3.18103467,0.16060943,-1.85000476,-0.10548018,0.42484432,0.75784075,,,,,,,3,,,,,,,,,
20.947329,9855,20741734,,178.88792419,3.90068769,-148.16195679,,,,,-0.77208793,1.82752681,-9.09525871,-0.74688101,1.47542691,-0.65455055,-1.09454902,-2.26188459,-3.42186778,-0.10433307,0.42482242,0.76378328,,,,,,,3,,,,,,,,,
20.957370,9856,20741834,,178.87878418,3.90536380,-148.13401794,,,,,0.01665068,0.57182944,-10.67985535,-0.82474691,-0.08896685,0.84574890,-0.22213053,-1.63996108,-3.98031878,-0.10282852,0.42623553,0.76727653,,,,,,,3,,,,,,,,,
20.967389,9857,20741934,,178.85810852,3.91539693,-148.07704163,,,,,0.41433161,0.37303644,-9.75006485,-1.01421905,-0.42429930,-0.11538851,-0.83001056,-6.21407238,-4.51185392,-0.10094778,0.42620388,0.76728547,,,,,,,3,,,,,,,,,
20.977293,9858,20742034,,178.84288025,3.96617341,-148.02017212,,,,,0.68654174,-0.60776991,-10.56322479,-0.76655084,-1.44964290,0.65939963,-0.86471684,-3.05777196,-2.37449136,-0.10097338,0.42572477,0.76628822,,,,,,,3,,,,,,,,,
20.987318,9859,20742134,,178.82713318,4.00114202,-147.97502136,,,,,0.41003370,-0.68698019,-9.24319363,-0.42725694,-1.30327368,-0.64025593,-0.01229227,-1.42646100,-2.11188382,-0.09628037,0.42612574,0.76631814,,,,,,,3,,,,,,,,,
20.997275,9860,20742234,,178.83580017,4.04565382,-147.94384766,,,,,0.01568342,-0.45715904,-9.84898758,-0.25149071,-0.93848658,-0.00215101,1.56491117,-1.49930977,-0.24929702,-0.09407666,0.42753014,0.76288807,,,,,,,3,,,,,,,,,
21.007391,9861,20742334,,178.87799072,4.06113768,-147.93878174,,,,,-0.38001007,-0.68737960,-9.08115196,0.23853427,-0.87668753,-0.74607432,-0.27596200,2.74259736,0.40798646,-0.09883019,0.42761081,0.76138127,,,,,,,3,,,,,,,,,
21.017272,9862,20742434,,178.88073730,4.03656197,-147.95172119,,,,,-1.48342824,0.56693280,-9.07912064,0.50975406,0.76938468,-0.64373779,-4.13415726,2.82866628,0.90191079,-0.09924819,0.42665741,0.76235360,,,,,,,3,,,,,,,,,
21.027314,9863,20742534,,178.85966492,4.00810814,-147.98600769,,,,,-0.90779102,1.59083152,-9.32492924,-0.53294313,1.31970787,-0.42245221,-1.74294720,0.95366538,-0.40241289,-0.10048595,0.42571634,0.76678532,,,,,,,3,,,,,,,,,
21.037277,9864,20742634,,178.83120728,3.97913814,-148.00502014,,,,,-0.75526863,2.26742840,-10.28775120,-1.05542755,1.75882387,0.54118896,-3.71204602,1.98983880,-1.01139093,-0.10371619,0.42433032,0.76773667,,,,,,,3,,,,,,,,,
21.052130,9865,20742734,,178.78659058,3.91859221,-147.99290466,,,,,-1.09438837,-0.11599552,-9.67957306,0.53293926,-0.05212688,-0.09209847,-4.48334684,-0.60819014,-3.82626813,-0.10280874,0.42143619,0.76522160,,,,,,,3,,,,,,,,,
21.057935,9866,20742834,,178.75411987,3.89380717,-147.95629883,,,,,0.42318684,1.78435075,-10.84090137,-1.80649865,0.68813097,1.00641191,-2.79949369,-0.14630017,-3.50566417,-0.10074787,0.42283887,0.77119124,,,,,,,3,,,,,,,,,
21.067415,9867,20742934,,178.73060608,3.87490678,-147.92453003,,,,,0.20949468,1.31375551,-11.02816010,-1.37456977,0.39257455,1.19904590,-2.25915188,0.31336993,-2.24228515,-0.09938951,0.42377642,0.77022338,,,,,,,3,,,,,,,,,
21.079373,9868,20743034,,178.69348145,3.87795687,-147.88117981,,,,,0.38354445,-0.20428798,-9.82688427,-0.65790486,-0.92522824,-0.04534960,-0.61791958,-4.42609449,-4.78943537,-0.10003147,0.42282963,0.76476282,,,,,,,3,,,,,,,,,
21.089534,9869,20743134,,178.68957520,3.92757058,-147.80979919,,,,,0.63801515,-1.42020214,-10.05180073,-0.24084085,-2.10625362,0.13254070,-1.95639456,0.47403300,-2.09118792,-0.09890158,0.42280820,0.77021050,,,,,,,3,,,,,,,,,
21.097439,9870,20743234,,178.68186951,3.96448421,-147.77952576,,,,,-0.11615650,-1.72462189,-8.58720398,0.62773907,-1.88065434,-1.28472567,-1.28058491,-2.80055963,-1.86975724,-0.09646400,0.42180634,0.77218592,,,,,,,3,,,,,,,,,
21.109126,9871,20743334,,178.67994690,4.01140404,-147.75251770,,,,,0.05191264,0.01675870,-9.52724648,-0.49495238,-0.55965018,-0.32111549,-0.77734522,-0.88282879,-0.38751377,-0.09685640,0.42133209,0.77415550,,,,,,,3,,,,,,,,,
21.117455,9872,20743434,,178.68307495,4.03543472,-147.74955750,,,,,-0.96825838,0.42918766,-8.56206322,0.18633842,0.38598728,-1.20374191,-1.94405006,1.74138394,-0.44067922,-0.09608148,0.42468026,0.77124381,,,,,,,3,,,,,,,,,
21.127437,9873,20743534,,178.67796326,4.01413870,-147.76370239,,,,,-1.17827654,0.23356450,-9.41378975,0.43167555,0.28488314,-0.34123337,-0.60695243,-0.18179957,-0.15516902,-0.09985031,0.42234445,0.76970369,,,,,,,3,,,,,,,,,
21.137430,9874,20743634,,178.70367432,3.99875402,-147.77586365,,,,,-0.83221102,1.27938151,-9.94174767,-0.43975496,0.95797813,0.18677270,-1.29087737,2.03007416,0.31713489,-0.10068527,0.41851816,0.77062839,,,,,,,3,,,,,,,,,
21.147542,9875,20743734,,178.67105103,3.95402122,-147.81147766,,,,,-0.86306781,2.57892513,-11.16422749,-1.15672863,2.00276136,1.44015872,-4.09307624,1.17870378,0.67816543,-0.09880401,0.41752669,0.77012742,,,,,,,3,,,,,,,,,
21.157458,9876,20743834,,178.62181091,3.89048314,-147.82638550,,,,,-0.68403113,1.44016886,-10.00037670,-0.63736033,1.01209688,0.23641729,-1.96371524,-0.34673599,-2.15774534,-0.09924964,0.41993329,0.77214229,,,,,,,3,,,,,,,,,
21.167490,9877,20743934,,178.61186218,3.87533498,-147.80677795,,,,,0.18538219,0.81238711,-11.05638790,-1.07770300,-0.04201078,1.21578848,-1.81889069,-0.87980745,-3.14096686,-0.09918909,0.41945162,0.77361923,,,,,,,3,,,,,,,,,
21.177452,9878,20744034,,178.59580994,3.86943960,-147.76660156,,,,,-0.12236156,-0.10512356,-9.81406689,-0.26840264,-0.58256447,-0.02667546,-3.26566456,-3.23236803,-2.17529039,-0.09675100,0.41748998,0.77508473,,,,,,,3,,,,,,,,,
21.187381,9879,20744134,,178.55278015,3.91145611,-147.73605347,,,,,0.52301633,-0.02537535,-9.80298519,-0.85609674,-0.86973631,-0.07747149,-2.64045017,-4.14986243,-2.66997537,-0.09562162,0.41842836,0.78104234,,,,,,,3,,,,,,,,,
21.197316,9880,20744234,,178.53051758,3.94946718,-147.70271301,,,,,0.14105415,0.01842318,-9.05807304,-0.52875006,-0.59135664,-0.79346395,-1.68591523,-0.77970014,-0.18230603,-0.09392254,0.41984168,0.77662039,,,,,,,3,,,,,,,,,
21.207325,9881,20744334,,178.51632690,3.99167824,-147.68174744,,,,,-0.40736738,-1.31137753,-8.48961258,0.67144006,-1.38914061,-1.35438669,0.69701712,-3.91503797,-1.90564263,-0.09273595,0.41982451,0.77019423,,,,,,,3,,,,,,,,,
21.217320,9882,20744434,,178.53924561,4.04159069,-147.65020752,,,,,0.72811574,-0.71873927,-10.62734604,-0.71162099,-1.62384510,0.71377718,2.98130650,0.24164991,0.31858366,-0.08985478,0.42025512,0.77219450,,,,,,,3,,,,,,,,,
21.227363,9883,20744534,,178.57955933,4.06411266,-147.65499878,,,,,-0.63254726,0.06408902,-9.13682079,0.07659167,-0.14998055,-0.65919065,-0.18954024,-0.86903784,2.34705940,-0.09095909,0.42075562,0.76774406,,,,,,,3,,,,,,,,,
21.237337,9884,20744634,,178.58677673,4.06139946,-147.68119812,,,,,-0.70402294,0.27522323,-10.09636116,-0.02133173,0.01608682,0.30556512,0.89036601,0.15595799,1.01665786,-0.09485839,0.42082301,0.76376748,,,,,,,3,,,,,,,,,
21.247327,9885,20744734,,178.61380005,4.04464769,-147.70324707,,,,,-0.97523808,2.00670743,-9.59134293,-0.69126785,1.65691745,-0.13720191,0.63883490,2.66158043,1.72721792,-0.09744667,0.42038381,0.77017945,,,,,,,3,,,,,,,,,
21.257324,9886,20744834,,178.61196899,3.99805641,-147.75773621,,,,,-0.88019800,1.46821880,-10.52596474,-0.52872711,1.09698164,0.77884364,-1.73578639,-1.14552667,0.61557453,-0.09880606,0.42136577,0.77216721,,,,,,,3,,,,,,,,,
21.267323,9887,20744934,,178.59985352,3.97269750,-147.77391052,,,,,-0.62303662,0.32244819,-9.79924583,-0.08807737,0.03810072,0.00698507,-2.48482111,1.68740795,0.49896069,-0.09871992,0.42136323,0.77464139,,,,,,,3,,,,,,,,,
21.277371,9888,20745034,,178.58418274,3.94084024,-147.78146362,,,,,-0.88281882,1.34293580,-9.48518562,-0.39905405,1.05272222,-0.26156592,-2.79788390,-0.79628378,-1.08710486,-0.09674366,0.41988915,0.77660698,,,,,,,3,,,,,,,,,
21.287361,9889,20745134,,178.54777527,3.92087817,-147.78082275,,,,,0.04315397,1.40090287,-9.89630413,-1.22727656,0.58366346,0.08552265,-0.67971785,-2.84299794,-1.65463478,-0.09623747,0.41700089,0.77606905,,,,,,,3,,,,,,,,,
21.297413,9890,20745234,,178.54193115,3.95772624,-147.73828125,,,,,0.31776464,-0.01408273,-10.12618351,-0.71227866,-0.77304929,0.26167834,0.38418798,-2.06165333,-2.24730427,-0.09160453,0.41692379,0.77411205,,,,,,,3,,,,,,,,,
21.307340,9891,20745334,,178.53215027,3.96748495,-147.71620178,,,,,0.48163688,-0.59415644,-10.44534206,-0.55790818,-1.37514973,0.54791808,-0.67137408,-3.18939717,0.37774452,-0.08856381,0.41831541,0.76771742,,,,,,,3,,,,,,,,,
21.317419,9892,20745434,,178.51760864,4.00933361,-147.69691467,,,,,0.27178690,-1.15049279,-9.27639198,-0.03374553,-1.66660416,-0.61499894,0.31668852,-2.11869800,0.63564953,-0.08986314,0.41977549,0.77169210,,,,,,,3,,,,,,,,,
21.327345,9893,20745534,,178.53457642,4.06075668,-147.69718933,,,,,0.41291738,-0.33517271,-10.28905678,-0.64263707,-1.11649370,0.40701306,3.05819500,-1.32115079,1.45551694,-0.08979423,0.41977346,0.77367145,,,,,,,3,,,,,,,,,
21.337363,9894,20745634,,178.58618164,4.08346891,-147.70051575,,,,,-0.57969141,0.43832022,-8.80709743,-0.15891021,0.15549970,-0.98234820,1.98719402,-1.21261674,2.08925220,-0.09346558,0.42175955,0.76378930,,,,,,,3,,,,,,,,,
21.347318,9895,20745734,,178.60577393,4.09174585,-147.72845459,,,,,-0.67050350,-0.94070965,-9.64327335,0.61505669,-1.00662518,-0.17534840,0.03301494,2.40927410,2.28763974,-0.09720097,0.42134222,0.76425874,,,,,,,3,,,,,,,,,
21.357287,9896,20745834,,178.63006592,4.06282902,-147.75852966,,,,,-1.30188358,1.27756786,-8.79688644,0.00411880,1.25528955,-0.91884279,-1.48607179,1.73036119,3.04566310,-0.09739550,0.42134205,0.77217388,,,,,,,3,,,,,,,,,
21.367399,9897,20745934,,178.62330627,4.03115368,-147.82716370,,,,,-0.99214035,2.03087044,-9.72261333,-0.70023543,1.67630267,-0.00143135,-1.50385824,0.91614363,2.79676482,-0.09725717,0.42037824,0.77562267,,,,,,,3,,,,,,,,,
21.377311,9898,20746034,,178.60220337,3.99235964,-147.87055969,,,,,-0.65683776,0.88700521,-10.27941513,-0.38898236,0.50420594,0.49941325,0.59019958,1.81143532,1.30533922,-0.09737827,0.42134154,0.77266872,,,,,,,3,,,,,,,,,
21.387300,9899,20746134,,178.62551880,3.95137882,-147.88435364,,,,,-0.71737421,0.85474920,-9.79144096,-0.29834497,0.53861547,0.01560724,1.75497186,-1.94787326,-0.20479877,-0.09560192,0.42323244,0.77072853,,,,,,,3,,,,,,,,,
21.397358,9900,20746234,,178.65339661,3.93738556,-147.88514709,,,,,0.43401033,0.90506440,-11.40497398,-1.36970639,-0.11364841,1.54840755,2.90379452,-1.05993618,-0.36033271,-0.09685845,0.42517117,0.77619529,,,,,,,3,,,,,,,,,
21.407467,9901,20746334,,178.70156860,3.93315125,-147.86193848,,,,,-0.17820817,0.96382064,-10.05856323,-0.82606608,0.34931946,0.24857330,5.98346129,-1.91870643,-0.08508555,-0.09627551,0.42372030,0.77864903,,,,,,,3,,,,,,,,,
21.417363,9902,20746434,,178.77340698,3.94282269,-147.85600281,,,,,0.21759214,-0.04769390,-10.12605190,-0.62932181,-0.71047652,0.26629376,9.40438502,-3.76002213,-1.31591759,-0.09190986,0.42413095,0.76927704,,,,,,,3,,,,,,,,,
21.427297,9903,20746534,,178.85536194,4.00713396,-147.83665466,,,,,0.17369404,-1.09995067,-8.60896778,0.02071619,-1.48819900,-1.26357293,9.71741685,-2.97264304,1.46305501,-0.09083755,0.42843601,0.76192915,,,,,,,3,,,,,,,,,
21.437602,9904,20746634,,178.96299744,4.07576752,-147.83370972,,,,,-0.09108377,-2.06940746,-9.14993477,0.72006387,-2.18461132,-0.72058308,12.20995864,-6.24009412,1.24139702,-0.08765063,0.43030319,0.75999570,,,,,,,3,,,,,,,,,
21.447393,9905,20746734,,179.09880066,4.16304970,-147.83787537,,,,,0.31227255,0.22982739,-9.12494755,-0.86740357,-0.44155049,-0.73773062,11.92438331,-4.92846173,2.09199772,-0.08957573,0.43273553,0.76002455,,,,,,,3,,,,,,,,,
21.457513,9906,20746834,,179.21104431,4.21222734,-147.85522461,,,,,-0.80587453,-0.13791603,-10.07165432,0.20340109,-0.19731498,0.28287148,10.53604662,-0.58935050,3.14788243,-0.08955117,0.43513420,0.76204169,,,,,,,3,,,,,,,,,
21.467395,9907,20746934,,179.33308411,4.22155523,-147.89297485,,,,,-0.89426500,1.16232419,-9.30671787,-0.38712591,1.00357854,-0.45658541,10.75638340,-4.91290598,2.61628902,-0.09179036,0.43565035,0.76550192,,,,,,,3,,,,,,,,,
21.477472,9908,20747034,,179.44552612,4.24780512,-147.94572449,,,,,-0.67900354,1.35184431,-10.78134823,-0.75738949,0.99121785,0.99998021,6.35350899,-0.55486659,4.08404758,-0.10158068,0.44061288,0.77047896,,,,,,,3,,,,,,,,,
21.487393,9909,20747134,,179.50419617,4.22579861,-148.01770020,,,,,-0.92681348,1.00692606,-9.66647530,-0.31344950,0.89562273,-0.09843326,6.88356027,-2.17324773,2.85421055,-0.09873398,0.44104451,0.77148962,,,,,,,3,,,,,,,,,
21.497476,9910,20747234,,179.58311462,4.22529030,-148.06353760,,,,,-0.87829000,1.62827146,-9.47259903,-0.67829478,1.41584539,-0.29238820,8.38986372,-4.27047503,1.99197729,-0.09169739,0.43900675,0.77000839,,,,,,,3,,,,,,,,,
21.507346,9911,20747334,,179.69497681,4.23659039,-148.07069397,,,,,-0.38404682,-0.50888598,-9.83193493,0.00269169,-0.65689445,0.01244009,11.50543317,-2.06842781,-1.13053505,-0.08942425,0.43944934,0.76804775,,,,,,,3,,,,,,,,,
21.517381,9912,20747434,,179.82490540,4.24644995,-148.04289246,,,,,0.07903022,1.18414700,-9.86501789,-1.30467987,0.55107164,0.01631761,12.94601142,-5.19702904,-0.22268388,-0.07962914,0.44168484,0.76714277,,,,,,,3,,,,,,,,,
21.527430,9913,20747534,,179.94029236,4.28081942,-148.03878784,,,,,0.66018414,0.45000917,-10.71111965,-1.47426045,-0.39893150,0.81545508,13.63537643,-3.68504287,0.60582124,-0.07834020,0.44358417,0.76470548,,,,,,,3,,,,,,,,,
21.537353,9914,20747634,,-179.94712830,4.32194805,-148.03001404,,,,,0.19648974,-0.80651575,-9.70150852,-0.36896026,-1.16524541,-0.15533280,14.68503990,-4.28614818,0.20525227,-0.07919247,0.44936186,0.75687653,,,,,,,3,,,,,,,,,
21.547342,9915,20747734,,-179.80465698,4.39129877,-148.00479126,,,,,0.28026223,-1.13027704,-9.96077633,-0.30806410,-1.48163533,0.10089135,15.19833204,-5.50762165,0.67926615,-0.08067195,0.44938764,0.75489050,,,,,,,3,,,,,,,,,
21.557317,9916,20747834,,-179.63853455,4.46437836,-148.01084900,,,,,-0.01662621,-0.57590932,-9.16872692,-0.31864083,-0.80972004,-0.67027736,12.64873853,-1.33284247,3.18533535,-0.08414055,0.44944233,0.76328486,,,,,,,3,,,,,,,,,
21.567340,9917,20747934,,-179.53009033,4.48140144,-148.04519653,,,,,-1.48896432,0.08101433,-8.73139286,0.60281956,0.55063605,-0.99692345,7.10278672,0.69842793,5.15840603,-0.08779235,0.45382130,0.76877820,,,,,,,3,,,,,,,,,
21.577386,9918,20748034,,-179.43110657,4.47316170,-148.11849976,,,,,-1.09564006,2.00846505,-8.82813263,-0.76421440,1.99062204,-0.94978368,7.71750161,-1.09387102,3.69681598,-0.08814681,0.45623112,0.75990891,,,,,,,3,,,,,,,,,
21.587398,9919,20748134,,-179.38444519,4.47462225,-148.18544006,,,,,-0.71152055,1.51719689,-10.56543541,-0.95430684,1.32435203,0.75378120,5.29137231,-0.16235185,2.41137609,-0.08662350,0.45476443,0.76236713,,,,,,,3,,,,,,,,,
21.597508,9920,20748234,,-179.31536865,4.45073414,-148.21507263,,,,,-1.25335419,0.51992697,-9.48477840,0.09908319,0.80386233,-0.27130103,6.97994064,-3.90984318,0.09589712,-0.08516178,0.45569891,0.76436830,,,,,,,3,,,,,,,,,
21.607472,9921,20748334,,-179.23945618,4.45831108,-148.22413635,,,,,0.22842556,1.88930929,-11.71831417,-2.04887819,1.13216877,1.82246399,7.56611046,-5.44372736,0.75872767,-0.08568415,0.45666814,0.76339149,,,,,,,3,,,,,,,,,
21.617336,9922,20748434,,-179.17216492,4.49036455,-148.21792603,,,,,0.16242151,1.16509402,-10.57901382,-1.53573370,0.59843349,0.69884181,8.67218447,-5.86461728,-0.28505037,-0.08256666,0.45949709,0.75998861,,,,,,,3,,,,,,,,,
21.627493,9923,20748534,,-179.10203552,4.55668974,-148.19595337,,,,,0.47432199,-0.66260809,-9.95781612,-0.80603814,-1.09834099,0.08028078,8.65740821,-10.43809573,-1.73197931,-0.07649808,0.46083510,0.75954551,,,,,,,3,,,,,,,,,
21.637507,9924,20748634,,-179.03141785,4.65241146,-148.15457153,,,,,0.52958888,-2.13442874,-8.45673275,0.01649475,-2.33431268,-1.39710879,6.28284043,-3.83756270,0.79946841,-0.07693432,0.46180180,0.76104289,,,,,,,3,,,,,,,,,
21.647366,9925,20748734,,-178.97531128,4.73053932,-148.15025330,,,,,-0.23764835,-1.34199607,-8.88335800,0.20510411,-1.26834249,-0.91947412,6.00652428,-4.13227982,2.09774341,-0.07769005,0.46421751,0.75415069,,,,,,,3,,,,,,,,,
21.657473,9926,20748834,,-178.89273071,4.77978325,-148.16853333,,,,,-0.62903702,1.17202568,-8.93562889,-0.79989278,1.08277917,-0.88611519,6.64305010,-1.64803906,4.04447603,-0.07587975,0.46706715,0.75371015,,,,,,,3,,,,,,,,,
21.667391,9927,20748934,,-178.81335449,4.78723431,-148.21560669,,,,,-1.08846188,0.75215876,-10.11109161,-0.29033178,0.94640422,0.33151352,5.44076520,2.21350807,3.70033566,-0.07973676,0.46857291,0.75173563,,,,,,,3,,,,,,,,,
21.677464,9928,20749034,,-178.76025391,4.74004984,-148.27268982,,,,,-0.87355959,1.37310719,-10.78814983,-0.86031759,1.35281968,0.97766471,3.86511953,-0.49182036,2.10975344,-0.08034375,0.46666536,0.74675477,,,,,,,3,,,,,,,,,
21.687491,9929,20749134,,-178.73364258,4.73164368,-148.32556152,,,,,-0.81917429,2.23611116,-10.72612762,-1.34843874,2.06849718,0.89133084,1.64107418,-1.43693723,1.75691398,-0.07904107,0.46567911,0.75664085,,,,,,,3,,,,,,,,,
21.697536,9930,20749234,,-178.72221375,4.70826864,-148.35565186,,,,,-0.43829793,0.49356222,-10.19726467,-0.71777296,0.40326357,0.36729395,3.85266212,-2.72125900,-1.10287758,-0.06944145,0.46023050,0.77292985,,,,,,,3,,,,,,,,,
21.707478,9931,20749334,,-178.66275024,4.73636293,-148.32968140,,,,,-0.25150263,0.76612526,-9.14169216,-0.94085407,0.56949615,-0.70660818,4.54701701,-7.19003086,-1.37081929,-0.06304196,0.45484054,0.77831894,,,,,,,3,,,,,,,,,
21.717374,9932,20749434,,-178.64813232,4.79038620,-148.30029297,,,,,0.61205399,-0.42329645,-9.95473289,-1.12552726,-0.91933548,0.05606437,-0.06286453,-4.60761787,-0.61788228,-0.06208588,0.45770350,0.78034812,,,,,,,3,,,,,,,,,
21.727471,9933,20749534,,-178.68199158,4.84357214,-148.28251648,,,,,-0.04263280,-0.40137273,-8.85503769,-0.49680030,-0.53950608,-0.98202300,0.46938255,-5.27485392,0.63022668,-0.06023175,0.45911223,0.78037971,,,,,,,3,,,,,,,,,
21.737474,9934,20749634,,-178.66351318,4.90103674,-148.25791931,,,,,0.27950406,-0.45845714,-10.09089756,-0.85497916,-0.78913879,0.22336483,4.35077074,-4.08633954,-0.22247771,-0.06124990,0.45961022,0.77840346,,,,,,,3,,,,,,,,,
21.747476,9935,20749734,,-178.61640930,4.95907021,-148.24325562,,,,,0.51953954,-0.51677859,-10.33846760,-1.06102371,-0.97208786,0.45057154,3.43430428,-1.88903993,1.27486409,-0.06361755,0.45869052,0.77738750,,,,,,,3,,,,,,,,,
21.757399,9936,20749834,,-178.56120300,4.99398470,-148.25312805,,,,,-0.78477168,-1.13745630,-9.27303696,0.45062637,-0.78922701,-0.48366165,3.31945166,-2.33612896,2.95691397,-0.06539092,0.46064445,0.76800913,,,,,,,3,,,,,,,,,
21.767382,9937,20749934,,-178.48670959,5.02580404,-148.28199768,,,,,-1.09540606,0.88630599,-7.84973288,-0.22983336,1.13978100,-1.92694116,4.11253118,-3.14348080,1.65707732,-0.06269143,0.46252006,0.76557857,,,,,,,3,,,,,,,,,
21.777369,9938,20750034,,-178.46197510,5.05313396,-148.33686829,,,,,-0.97804165,1.61650813,-9.46777153,-0.85426873,1.66358185,-0.34884858,2.17781137,-0.49071201,3.68280598,-0.06186381,0.46394718,0.76313150,,,,,,,3,,,,,,,,,
21.787358,9939,20750134,,-178.43762207,5.03422356,-148.38645935,,,,,-1.26815772,0.88360190,-9.48518848,-0.23262596,1.19338155,-0.28482592,2.10627346,-2.17638386,0.43858552,-0.06089683,0.46249092,0.76311326,,,,,,,3,,,,,,,,,
21.797495,9940,20750234,,-178.43208313,5.01688814,-148.41444397,,,,,-0.44880164,2.34232855,-11.20705318,-1.83291018,1.97331738,1.32144070,-0.15996591,-1.41876689,0.89016324,-0.06021154,0.46295658,0.76955599,,,,,,,3,,,,,,,,,
21.807435,9941,20750334,,-178.45455933,4.98241663,-148.42160034,,,,,-0.23873365,1.14749420,-10.89374828,-1.35180950,0.85456109,1.02114344,-0.37787475,-1.41576161,-1.11044330,-0.06355606,0.46589282,0.76958567,,,,,,,3,,,,,,,,,
21.817461,9942,20750434,,-178.44314575,4.98768902,-148.39347839,,,,,0.30998254,-0.04031187,-9.06086445,-1.03612018,-0.39980453,-0.82322192,0.95443142,-7.12338998,-3.04128281,-0.06507050,0.46687934,0.76711988,,,,,,,3,,,,,,,,,
21.827416,9943,20750534,,-178.45367432,5.05119133,-148.36390686,,,,,0.31490803,-0.31212801,-9.23377514,-0.92475080,-0.64621735,-0.64512205,-3.37278498,-3.28907012,1.21461211,-0.06540336,0.46784300,0.77158630,,,,,,,3,,,,,,,,,
21.837380,9944,20750634,,-178.52015686,5.09577942,-148.35546875,,,,,-0.20060700,-0.50778818,-8.30464840,-0.30236286,-0.53294140,-1.51569045,-3.25558704,-2.88081456,0.44573588,-0.06711568,0.46835548,0.76317495,,,,,,,3,,,,,,,,,
21.847436,9945,20750734,,-178.54414368,5.14213276,-148.33746338,,,,,0.33072755,-0.42632058,-10.29040241,-0.98198169,-0.79774737,0.41179609,1.20231500,-4.51503636,-0.05190544,-0.06778322,0.46692955,0.75671715,,,,,,,3,,,,,,,,,
21.857347,9946,20750834,,-178.50933838,5.19264174,-148.32116699,,,,,0.51385355,-0.91254908,-10.72976112,-0.93293166,-1.32281566,0.84488535,0.93524094,-0.83959231,2.08610391,-0.06288297,0.46636471,0.76217514,,,,,,,3,,,,,,,,,
21.867461,9947,20750934,,-178.48497009,5.22300005,-148.33398438,,,,,-0.82690704,-0.99836773,-8.32742119,0.46199036,-0.63479948,-1.42381084,-0.41207265,-2.66110531,1.71733250,-0.06257723,0.46780127,0.75824136,,,,,,,3,,,,,,,,,
21.877421,9948,20751034,,-178.47453308,5.23923349,-148.36314392,,,,,-1.18085790,1.13433027,-7.85024834,-0.30634046,1.38159180,-1.92773974,0.65650690,-0.27505076,3.52471037,-0.06373422,0.47022283,0.75332630,,,,,,,3,,,,,,,,,
21.887505,9949,20751134,,-178.46286011,5.24587679,-148.42475891,,,,,-1.00515342,1.52091241,-9.17050457,-0.77661186,1.58765924,-0.63948655,-0.67420893,1.36718306,2.85967299,-0.06362250,0.47069943,0.75679767,,,,,,,3,,,,,,,,,
21.897410,9950,20751234,,-178.48222351,5.20713520,-148.47605896,,,,,-0.84696013,1.04359066,-11.03077126,-0.82945681,1.05068219,1.21601343,-2.26852119,-0.98144205,1.56303628,-0.06443341,0.47023156,0.76024956,,,,,,,3,,,,,,,,,
21.907381,9951,20751334,,-178.50903320,5.18105507,-148.50596619,,,,,-0.56153357,2.19953537,-10.58402443,-1.62044191,1.90025902,0.71691132,-3.57834742,-1.52375950,1.34041150,-0.06810772,0.46837282,0.76168597,,,,,,,3,,,,,,,,,
21.917415,9952,20751434,,-178.55485535,5.15200853,-148.52491760,,,,,-0.23503605,0.52341276,-10.15760708,-0.98079610,0.30778694,0.30395651,-3.10149115,-0.37871787,-1.46977806,-0.06860401,0.46886140,0.76119643,,,,,,,3,,,,,,,,,
21.927472,9953,20751534,,-178.57341003,5.13974667,-148.49563599,,,,,-0.25967842,0.11342850,-8.36466408,-0.58273023,0.01771021,-1.47065365,-3.23064511,-3.28553059,-1.66191811,-0.06808214,0.46885195,0.76268321,,,,,,,3,,,,,,,,,
21.937382,9954,20751634,,-178.62788391,5.16417933,-148.47259521,,,,,0.50137603,0.26736397,-10.34556961,-1.48602808,-0.31167272,0.43176842,-5.04707693,-0.73338041,0.45334425,-0.06621862,0.46882081,0.76219732,,,,,,,3,,,,,,,,,
21.947384,9955,20751734,,-178.69844055,5.17340803,-148.46762085,,,,,0.34698606,-0.04586535,-9.79916477,-1.14049602,-0.49549377,-0.08912158,-2.61980678,-0.89668047,0.47155226,-0.05930162,0.46486706,0.75623226,,,,,,,3,,,,,,,,,
21.957520,9956,20751834,,-178.71818542,5.20956230,-148.44738770,,,,,-0.12913713,-0.95346797,-10.14949799,-0.29963624,-1.03833961,0.32392573,0.90716481,-3.76071667,-0.27867142,-0.04279735,0.45305976,0.77839226,,,,,,,3,,,,,,,,,
21.967395,9957,20751934,,-178.68595886,5.27338123,-148.42514038,,,,,0.43931419,-1.99159873,-8.98879814,-0.14432263,-2.18993950,-0.86300611,0.08134846,-2.33046375,0.43511048,-0.03702274,0.44431126,0.80450499,,,,,,,3,,,,,,,,,
21.977422,9958,20752034,,-178.68527222,5.32842731,-148.42565918,,,,,-0.92491072,-0.14491287,-8.12574100,0.12372065,0.11492848,-1.64160490,-3.23721576,-2.62581500,3.63089356,-0.04185560,0.44775340,0.80255622,,,,,,,3,,,,,,,,,
21.987506,9959,20752134,,-178.70169067,5.35590601,-148.46815491,,,,,-0.84928161,1.00186527,-8.63074875,-0.58690435,1.04229856,-1.17442429,-0.20094126,-2.58605113,2.84549011,-0.04100392,0.45253897,0.80263627,,,,,,,3,,,,,,,,,
21.997406,9960,20752234,,-178.69061279,5.36549711,-148.51118469,,,,,-0.42397943,1.09908688,-10.17622757,-1.13796091,0.86210740,0.32666349,0.09623014,-0.78780891,2.74902265,-0.03770324,0.45104364,0.80213439,,,,,,,3,,,,,,,,,
22.007426,9961,20752334,,-178.68493652,5.35697699,-148.55310059,,,,,-0.97787541,0.15303847,-9.70675755,-0.13942492,0.34916413,-0.06285334,-2.41895312,-3.03151159,2.98390923,-0.03727434,0.44767779,0.79911464,,,,,,,3,,,,,,,,,
22.017391,9962,20752434,,-178.72398376,5.35547733,-148.61180115,,,,,-1.25067854,1.74766576,-7.86492920,-0.56539840,1.90346909,-1.90885353,-4.45265069,-1.69087854,1.76361215,-0.04066116,0.44917566,0.79714239,,,,,,,3,,,,,,,,,
22.027435,9963,20752534,,-178.77812195,5.33396387,-148.64396667,,,,,-0.60607243,1.67478096,-10.18806458,-1.27199340,1.43541980,0.34117794,-3.26742077,2.28883374,0.88283397,-0.03779519,0.44576773,0.79660803,,,,,,,3,,,,,,,,,
22.037456,9964,20752634,,-178.81701660,5.26848698,-148.64974976,,,,,-0.53687704,-0.22245978,-10.14945698,-0.33027923,-0.22553039,0.33742726,-4.24788589,-0.05514683,0.28168018,-0.04333942,0.44922486,0.78772926,,,,,,,3,,,,,,,,,
22.047420,9965,20752734,,-178.83229065,5.25587416,-148.65412903,,,,,-0.13505298,1.41000772,-8.61842823,-1.38055146,1.00879979,-1.25337470,-3.16344310,-2.39412452,0.56910161,-0.04857254,0.45075336,0.78673768,,,,,,,3,,,,,,,,,
22.057444,9966,20752834,,-178.89530945,5.25408792,-148.65400696,,,,,-0.22945842,1.10075843,-9.77819824,-1.23574281,0.75225782,-0.07909179,-5.68060942,2.11141488,0.58246343,-0.04465548,0.44972572,0.79069918,,,,,,,3,,,,,,,,,
22.067430,9967,20752934,,-178.96774292,5.23341990,-148.65245056,,,,,0.03694516,-0.00277750,-9.88569736,-0.89145499,-0.34570456,0.01819229,-6.17425153,-1.44394084,0.60246116,-0.04709358,0.45168737,0.78923368,,,,,,,3,,,,,,,,,
22.077501,9968,20753034,,-179.04289246,5.25433207,-148.65582275,,,,,0.40044451,0.38449568,-9.66560364,-1.38036287,-0.21048486,-0.24009013,-5.72517086,-4.26201627,1.11547213,-0.04847753,0.45027068,0.78920436,,,,,,,3,,,,,,,,,
22.087577,9969,20753134,,-179.10737610,5.30187225,-148.64678955,,,,,-0.17712146,-0.53431779,-8.23189354,-0.28440058,-0.65649700,-1.59438658,-4.87617450,-0.67316674,0.08953284,-0.05419958,0.45468691,0.78924555,,,,,,,3,,,,,,,,,
22.097523,9970,20753234,,-179.15391541,5.33165216,-148.64224243,,,,,-0.18441375,-1.16659725,-8.59643173,0.01591897,-1.21168113,-1.22596753,-3.74546955,-3.08930353,0.97246739,-0.05473186,0.45805579,0.78929621,,,,,,,3,,,,,,,,,
22.107409,9971,20753334,,-179.18922424,5.38214159,-148.64085388,,,,,0.55507791,-0.32001379,-10.77113914,-1.24825501,-0.96107268,0.85506940,-2.88761572,-3.37001171,1.10141389,-0.04971281,0.45413423,0.78282744,,,,,,,3,,,,,,,,,
22.117432,9972,20753434,,-179.19900513,5.42193222,-148.63732910,,,,,-0.22461021,-0.57017535,-8.15226936,-0.22935224,-0.68123555,-1.67405736,-1.94241487,-1.06142442,1.20153646,-0.05185301,0.45609301,0.77641582,,,,,,,3,,,,,,,,,
22.127551,9973,20753534,,-179.21134949,5.45306063,-148.63989258,,,,,-0.60740823,-0.58360368,-8.50942898,0.07185137,-0.51044559,-1.27931666,-1.60981486,-3.44938598,1.35332803,-0.03948575,0.44724524,0.77584302,,,,,,,3,,,,,,,,,
22.137501,9974,20753634,,-179.21299744,5.47279882,-148.65480042,,,,,0.00093832,0.14500339,-10.39685249,-0.99314255,-0.27222204,0.52817273,-1.67554273,-0.31578913,2.73731165,-0.04647304,0.45649153,0.75566924,,,,,,,3,,,,,,,,,
22.147461,9975,20753734,,-179.24671936,5.47026014,-148.68220520,,,,,-1.24422669,1.65745580,-8.48396301,-0.54582769,1.73170471,-1.27667415,-5.45822316,1.15991873,3.16257246,-0.04878901,0.45557031,0.75613779,,,,,,,3,,,,,,,,,
22.157418,9976,20753834,,-179.33650208,5.44857740,-148.73825073,,,,,-1.48938274,-0.15734471,-8.22508717,0.63138700,0.30051997,-1.48365235,-11.07083933,-1.71019602,1.92355587,-0.04749368,0.45218492,0.76450163,,,,,,,3,,,,,,,,,
22.167459,9977,20753934,,-179.47630310,5.43527699,-148.79067993,,,,,-0.72608465,2.61275387,-9.76143837,-1.55849957,2.19677424,-0.04823732,-17.47343902,2.39592748,4.03753186,-0.06288391,0.45868078,0.77145392,,,,,,,3,,,,,,,,,
22.177427,9978,20754034,,-179.68402100,5.36923647,-148.85308838,,,,,-0.72277516,2.58257627,-11.02839279,-1.62456310,2.09477997,1.21533871,-18.40878220,2.87817470,2.00226569,-0.06266038,0.45003054,0.78665560,,,,,,,3,,,,,,,,,
22.187532,9979,20754134,,-179.86711121,5.29372501,-148.86416626,,,,,-0.72388643,-1.56384075,-8.92810059,0.71420956,-1.38301539,-0.86259151,-19.13930679,-0.97116891,-1.89886132,-0.06739568,0.44819117,0.78462368,,,,,,,3,,,,,,,,,
22.197438,9980,20754234,,179.95204163,5.28561401,-148.84368896,,,,,-0.13982894,1.81768370,-8.94184971,-1.51568019,1.18500674,-0.89363217,-21.52524042,2.58127256,1.97949682,-0.06628200,0.44625071,0.78855664,,,,,,,3,,,,,,,,,
22.207530,9981,20754334,,179.73921204,5.23197126,-148.85823059,,,,,0.00996206,1.63124633,-11.52837944,-1.71838832,0.79188156,1.67309690,-17.58452351,4.35228917,0.53788593,-0.06199609,0.44137913,0.78751147,,,,,,,3,,,,,,,,,
22.217510,9982,20754434,,179.57537842,5.17545605,-148.85473633,,,,,-0.03335064,-0.82040399,-8.69502449,-0.17511153,-1.15175867,-1.16320610,-13.22349297,-0.03956935,-1.20442403,-0.05122054,0.43304032,0.78199112,,,,,,,3,,,,,,,,,
22.227518,9983,20754534,,179.44558716,5.17062664,-148.82731628,,,,,0.47941864,-1.18567002,-9.36613274,-0.46595752,-1.78099453,-0.54760873,-13.57626541,4.83003145,1.48164743,-0.04985382,0.43445751,0.78152567,,,,,,,3,,,,,,,,,
22.237509,9984,20754634,,179.31933594,5.14865160,-148.84317017,,,,,0.10305633,-0.28030217,-9.33378601,-0.59783459,-0.82567680,-0.53404629,-10.05324530,4.49308669,2.22267717,-0.05614892,0.43792492,0.77808571,,,,,,,3,,,,,,,,,
22.247413,9985,20754734,,179.22810364,5.13818550,-148.84423828,,,,,-0.22053131,-0.61275756,-9.36736012,-0.14192182,-0.95705104,-0.47633088,-6.60231229,0.35803227,-0.67326333,-0.05716503,0.43458384,0.77406961,,,,,,,3,,,,,,,,,
22.257442,9986,20754834,,179.16975403,5.14191008,-148.81716919,,,,,0.14929779,-1.56339335,-9.27737141,0.04535162,-1.96769905,-0.61371398,-7.02251919,4.39974746,1.87874513,-0.05492881,0.43022281,0.78192794,,,,,,,3,,,,,,,,,
22.267489,9987,20754934,,179.11703491,5.11904144,-148.83259583,,,,,-0.97900212,0.02416387,-8.52279091,0.24398667,0.01296043,-1.24330556,-9.28681697,4.19737451,3.27434573,-0.06282798,0.43179423,0.78537649,,,,,,,3,,,,,,,,,
22.277427,9988,20755034,,179.02272034,5.05065823,-148.87991333,,,,,-0.49024507,1.20076275,-10.13878536,-0.87236696,0.66811931,0.34189320,-8.77156372,5.25052650,3.22878794,-0.06611928,0.43184963,0.78536087,,,,,,,3,,,,,,,,,
22.287490,9989,20755134,,178.95074463,4.96875429,-148.93020630,,,,,-1.04358554,0.81091064,-8.57206535,-0.07655120,0.70806354,-1.17551041,-8.40869711,9.11304757,3.44938896,-0.06003186,0.42070439,0.79214162,,,,,,,3,,,,,,,,,
22.297467,9990,20755234,,178.87117004,4.82416773,-148.98960876,,,,,-1.18177211,0.76128560,-9.72828007,0.01747596,0.66438746,-0.00953078,-10.48627417,11.05966941,2.39403808,-0.06238330,0.42170376,0.79264039,,,,,,,3,,,,,,,,,
22.307481,9991,20755334,,178.76406860,4.64873457,-149.02058411,,,,,-0.41031671,1.73849857,-10.26574421,-1.13575518,1.07738209,0.48576951,-9.18484395,14.80198811,1.21988182,-0.06535162,0.42319521,0.78918576,,,,,,,3,,,,,,,,,
22.317458,9992,20755434,,178.67927551,4.45297623,-149.04081726,,,,,-0.42154291,0.95598865,-9.86794090,-0.66352999,0.44550586,0.07382178,-6.78271850,17.35953025,0.96834228,-0.05859265,0.41540119,0.79008579,,,,,,,3,,,,,,,,,
22.327574,9993,20755534,,178.62976074,4.23835087,-149.02560425,,,,,-0.41997069,0.48985291,-9.07455063,-0.34990421,0.10393822,-0.72778761,-5.16508168,16.74026773,-1.39424107,-0.06039459,0.41303113,0.79102874,,,,,,,3,,,,,,,,,
22.337435,9994,20755634,,178.58055115,4.06711054,-149.00408936,,,,,1.01740670,0.08895213,-11.38159370,-1.45454431,-1.10482097,1.46122861,-4.55541644,19.00308208,1.42988730,-0.07048717,0.41944218,0.78811109,,,,,,,3,,,,,,,,,
22.347417,9995,20755734,,178.49995422,3.88510847,-148.98960876,,,,,0.00364197,-0.98600847,-9.00223732,0.11257064,-1.36386240,-0.86841750,-7.30056808,18.23951474,1.66816047,-0.07808110,0.42340991,0.78813583,,,,,,,3,,,,,,,,,
22.357440,9996,20755834,,178.42309570,3.74778342,-148.99357605,,,,,-0.61794639,-0.50526303,-7.87492037,0.47244394,-0.56402421,-1.93491662,-4.58743167,15.33647261,0.28648249,-0.07870882,0.41861778,0.79448867,,,,,,,3,,,,,,,,,
22.367406,9997,20755934,,178.38037109,3.60565400,-148.97688293,,,,,0.31282437,-1.05758715,-10.87360382,-0.13637996,-1.67968845,0.98501956,-3.66825853,20.25678721,1.07602085,-0.08063535,0.41432595,0.80430627,,,,,,,3,,,,,,,,,
22.377504,9998,20756034,,178.37174988,3.43364835,-148.97506714,,,,,-0.47352844,-0.69991922,-9.68857002,0.41731620,-0.89347434,-0.13985348,-3.66458219,16.08298838,2.75478178,-0.08640808,0.41682413,0.80184305,,,,,,,3,,,,,,,,,
22.387498,9999,20756134,,178.35116577,3.27518582,-148.99855042,,,,,-1.08033848,-0.06142793,-8.11532402,0.68536007,0.06108618,-1.66128898,-3.45436988,15.81153447,2.38618037,-0.09040393,0.42025355,0.79692972,,,,,,,3,,,,,,,,,
22.397461,10000,20756234,,178.34222412,3.10523701,-149.02734375,,,,,-1.18399751,1.34489989,-8.42241764,0.06692046,1.31874681,-1.31346297,-1.17582763,19.62906380,2.45456594,-0.09029067,0.41785079,0.79887128,,,,,,,3,,,,,,,,,
22.407393,10001,20756334,,178.34355164,2.89273930,-149.07327271,,,,,-1.14790022,1.11255586,-11.42102909,0.09383988,0.96144712,1.67471921,-1.57708449,16.43028813,2.40405242,-0.08887756,0.41302824,0.79632819,,,,,,,3,,,,,,,,,
22.417472,10002,20756434,,178.32923889,2.69499683,-149.11190796,,,,,-1.07490444,0.84821516,-9.05010509,0.26024508,0.83261013,-0.70290816,-2.89098045,15.91017606,1.58376538,-0.08889479,0.41302875,0.79583335,,,,,,,3,,,,,,,,,
22.427430,10003,20756534,,178.28244019,2.51839781,-149.13464355,,,,,-1.42116714,1.78756344,-9.28766537,0.09771621,1.81097794,-0.42598963,-3.92301008,15.82934931,0.96304419,-0.09534109,0.41601476,0.80129069,,,,,,,3,,,,,,,,,
22.437453,10004,20756634,,178.24592590,2.33538008,-149.12942505,,,,,-0.84026158,0.97023565,-10.31620026,0.02278703,0.77221704,0.54491448,-1.10048403,12.94673542,-2.15978351,-0.10101779,0.41611075,0.80027419,,,,,,,3,,,,,,,,,
22.447429,10005,20756734,,178.24128723,2.20220065,-149.09164429,,,,,0.43154195,-0.44456869,-11.27082157,-0.32891756,-1.12624371,1.40339756,-2.50388332,10.33233366,-2.04366560,-0.10464042,0.41425049,0.80319512,,,,,,,3,,,,,,,,,
22.457471,10006,20756834,,178.21391296,2.10662961,-149.05892944,,,,,-0.47092390,0.75862861,-8.62410164,-0.11453068,0.49904096,-1.16442537,-4.23417898,9.10584086,0.39289601,-0.10742913,0.41813606,0.80621123,,,,,,,3,,,,,,,,,
22.467424,10007,20756934,,178.15469360,2.03920436,-149.04934692,,,,,-0.44574389,0.68637496,-9.10684395,-0.09453750,0.39904571,-0.67903614,-1.57632698,6.82327745,-1.52085346,-0.10958066,0.41577035,0.81061584,,,,,,,3,,,,,,,,,
22.477473,10008,20757034,,178.13713074,1.99356687,-149.02098083,,,,,0.87329626,-1.69360244,-11.14454079,-0.02127862,-2.40912986,1.23403740,1.08349884,7.27543981,-0.59746546,-0.11146039,0.41388249,0.80958700,,,,,,,3,,,,,,,,,
22.487446,10009,20757134,,178.15495300,1.96564603,-148.99780273,,,,,-0.32811925,-1.98982859,-8.52290440,1.20029557,-1.92302513,-1.36001623,-0.77803517,3.82557914,0.48301358,-0.11165091,0.41580760,0.80516368,,,,,,,3,,,,,,,,,
22.497542,10010,20757234,,178.16920471,1.94817805,-148.98902893,,,,,-0.68027246,-0.25484055,-8.51754570,0.61178654,-0.25084949,-1.29901004,0.32672618,5.81145706,-0.37291024,-0.11081442,0.41675460,0.80270904,,,,,,,3,,,,,,,,,
22.507625,10011,20757334,,178.16983032,1.89607012,-148.97489929,,,,,-0.68382490,1.18584490,-10.08247471,-0.13830513,0.92481160,0.31184483,1.02453670,9.29231613,-0.63502360,-0.11177152,0.41581115,0.80169982,,,,,,,3,,,,,,,,,
22.517490,10012,20757434,,178.21020508,1.79579031,-148.97978210,,,,,-1.26309907,-0.62089092,-9.78334999,1.29708314,-0.30296350,-0.02067554,2.44311683,5.05065083,0.23870495,-0.11365227,0.41584280,0.80169088,,,,,,,3,,,,,,,,,
22.527514,10013,20757534,,178.26574707,1.74585342,-148.99571228,,,,,-1.59747541,0.46436158,-8.35008812,1.04297149,0.86600393,-1.40949011,-0.31405674,5.12623157,1.52537270,-0.11361781,0.41584179,0.80268055,,,,,,,3,,,,,,,,,
22.537558,10014,20757634,,178.24449158,1.66571271,-149.03370667,,,,,-1.26784801,3.08114028,-10.37534046,-0.59136736,2.85993528,0.68047929,-1.87224343,6.53383580,1.01775240,-0.11551527,0.41491419,0.80166680,,,,,,,3,,,,,,,,,
22.547500,10015,20757734,,178.21542358,1.56796658,-149.05245972,,,,,-0.97792095,1.44058824,-10.37762928,0.01501137,1.31364727,0.61852264,0.76668873,2.22672641,-2.99412143,-0.11874551,0.41352817,0.80261821,,,,,,,3,,,,,,,,,
22.557540,10016,20757834,,178.23306274,1.52776182,-149.02798462,,,,,-0.69971162,-0.81983787,-10.03340340,0.95530766,-0.74732029,0.19785273,-0.23105447,1.83469212,-3.96752157,-0.11768606,0.41638809,0.80761635,,,,,,,3,,,,,,,,,
22.567494,10017,20757934,,178.22456360,1.49189198,-148.97161865,,,,,-0.55633348,1.05411732,-9.24026394,-0.12537915,0.81546628,-0.53880453,-4.08894867,1.06362374,-2.19570796,-0.11907154,0.41785073,0.80911684,,,,,,,3,,,,,,,,,
22.577442,10018,20758034,,178.17361450,1.48192000,-148.94201660,,,,,0.32242861,1.56780517,-11.48907280,-1.15305436,0.70315552,1.70535278,-1.68306747,0.52140154,-2.44297020,-0.12143818,0.41501153,0.80708098,,,,,,,3,,,,,,,,,
22.587473,10019,20758134,,178.16934204,1.47916234,-148.90380859,,,,,0.23831600,-0.97031581,-9.51307297,0.24972689,-1.34381700,-0.34872770,2.02089695,0.74598483,-3.60983139,-0.11899172,0.41352952,0.80904883,,,,,,,3,,,,,,,,,
22.597445,10020,20758234,,178.16024780,1.50727832,-148.85418701,,,,,-0.71681160,-1.36652601,-7.80193138,1.27981424,-1.11839724,-2.04606986,0.64238383,-1.19420020,-2.42142543,-0.11495059,0.41538337,0.80464566,,,,,,,3,,,,,,,,,
22.607442,10021,20758334,,178.19219971,1.54730785,-148.81675720,,,,,0.51459199,-1.13519216,-11.00134850,0.07634884,-1.68540311,1.12831330,3.15228257,3.02053142,-1.24696394,-0.11783224,0.41591251,0.80315530,,,,,,,3,,,,,,,,,
22.617576,10022,20758434,,178.24441528,1.54367924,-148.78457642,,,,,-0.41681504,-0.30436748,-9.94720173,0.44337291,-0.44631290,0.12449241,2.48295327,0.84304865,-2.47297415,-0.11789279,0.41639417,0.80167830,,,,,,,3,,,,,,,,,
22.627545,10023,20758534,,178.26931763,1.53597260,-148.76707458,,,,,-1.38788795,-0.11338405,-8.28858662,1.18607581,0.28775930,-1.50475740,0.66090287,0.91127669,-0.77648974,-0.11695294,0.41733810,0.80219275,,,,,,,3,,,,,,,,,
22.637528,10024,20758634,,178.30056763,1.53481424,-148.76972961,,,,,-1.48238397,1.30343330,-8.43836021,0.53238475,1.54904115,-1.31379843,1.59139758,3.08100058,-0.61729942,-0.12234563,0.41790563,0.80959612,,,,,,,3,,,,,,,,,
22.647439,10025,20758734,,178.33052063,1.48099160,-148.78790283,,,,,-1.10966897,1.52240229,-11.64275932,0.07592660,1.42473078,1.89112008,1.20142622,-0.98130662,-1.36433520,-0.12386791,0.41745278,0.80611795,,,,,,,3,,,,,,,,,
22.657571,10026,20758834,,178.34124756,1.45071459,-148.78659058,,,,,-1.02216196,0.16655312,-9.51177406,0.72344768,0.31031954,-0.28015757,0.26523956,-0.05984220,-2.24805325,-0.11909764,0.41833138,0.80862957,,,,,,,3,,,,,,,,,
22.667613,10027,20758934,,178.32797241,1.44230592,-148.78613281,,,,,-1.76266634,1.91234493,-8.76296997,0.45711899,2.20898008,-0.95681000,-2.76149778,-0.48699932,-1.67657697,-0.12214827,0.41933945,0.81605166,,,,,,,3,,,,,,,,,
22.677453,10028,20759034,,178.30192566,1.41942394,-148.76725769,,,,,-0.38622731,1.86794364,-11.39984417,-0.71681368,1.35209584,1.63659072,0.72845963,-3.44119914,-5.36550761,-0.12226050,0.41982263,0.81309021,,,,,,,3,,,,,,,,,
22.687435,10029,20759134,,178.32443237,1.43647325,-148.69615173,,,,,0.07528098,-0.01443262,-10.64629841,-0.12226647,-0.45659262,0.81597877,2.78445788,-2.70205101,-5.02148293,-0.12083118,0.41691908,0.81206191,,,,,,,3,,,,,,,,,
22.697609,10030,20759234,,178.33619690,1.46123981,-148.62664795,,,,,-0.29030022,-0.82265037,-9.28171539,0.61952484,-0.90432620,-0.56495905,-1.91865926,-4.50445085,-4.65206148,-0.12171885,0.41501385,0.81252205,,,,,,,3,,,,,,,,,
22.707719,10031,20759334,,178.32304382,1.52836978,-148.57838440,,,,,0.40221158,-0.23438902,-9.28187847,-0.29085302,-0.76981187,-0.56232560,0.93652715,-3.24114311,-2.77616838,-0.12174597,0.41741401,0.81305468,,,,,,,3,,,,,,,,,
22.717478,10032,20759434,,178.31114197,1.60064375,-148.53495789,,,,,-0.10929011,-0.65049064,-10.72818851,0.34067464,-0.92449760,0.88756490,1.88964761,-2.96309252,-2.72612487,-0.12098777,0.41980293,0.80913818,,,,,,,3,,,,,,,,,
22.727668,10033,20759534,,178.36050415,1.65208173,-148.49583435,,,,,-0.45402655,-1.30799818,-8.33470821,0.99347627,-1.20857525,-1.51461232,4.48460701,-4.70241193,-4.12959512,-0.11855906,0.41928118,0.81112117,,,,,,,3,,,,,,,,,
22.737548,10034,20759634,,178.40318298,1.70847678,-148.46456909,,,,,-0.47238600,0.40959856,-8.98708057,0.09595162,0.24043846,-0.81476295,3.06427131,1.46667843,-0.41511918,-0.12093711,0.42172095,0.81164265,,,,,,,3,,,,,,,,,
22.747621,10035,20759734,,178.45947266,1.68291342,-148.45922852,,,,,-1.29099238,-0.26725581,-10.93637085,1.12027836,0.03093815,1.14063704,4.78905800,1.48399296,-1.70597784,-0.12313683,0.42224190,0.80273414,,,,,,,3,,,,,,,,,
22.757589,10036,20759834,,178.55198669,1.67074549,-148.44183350,,,,,-1.03596020,0.06478614,-9.08554363,0.74139577,0.25859642,-0.70228863,4.11879745,-0.96403030,-2.08064510,-0.11990658,0.42362791,0.80178273,,,,,,,3,,,,,,,,,
22.767546,10037,20759934,,178.57356262,1.65729284,-148.44979858,,,,,-1.81277466,2.76088762,-9.18886375,-0.00814241,2.95813608,-0.51113296,-1.36587295,0.55791077,0.15319035,-0.11809927,0.42263275,0.81266081,,,,,,,3,,,,,,,,,
22.777631,10038,20760034,,178.53697205,1.62675667,-148.48323059,,,,,-1.49362159,1.77911091,-10.33880901,0.22432888,1.91323042,0.59912419,-0.49681355,-1.71239875,-2.96694645,-0.12581678,0.42275921,0.82054025,,,,,,,3,,,,,,,,,
22.787504,10039,20760134,,178.53381348,1.61604393,-148.45326233,,,,,-0.44773036,0.83336169,-11.03553581,-0.17701793,0.54017663,1.23792624,2.17071864,-3.61179421,-3.79422643,-0.12468340,0.42562285,0.81415939,,,,,,,3,,,,,,,,,
22.797518,10040,20760234,,178.56970215,1.64491403,-148.41142273,,,,,-0.86293203,-0.08367444,-9.57928753,0.66865581,0.02839708,-0.22438848,-0.87097521,-7.31683246,-4.74160441,-0.11639285,0.42644522,0.80976117,,,,,,,3,,,,,,,,,
22.807518,10041,20760334,,178.55935669,1.69242096,-148.35885620,,,,,0.22998300,0.51730204,-10.11769867,-0.58830577,-0.05704093,0.29818165,-0.25370463,-3.78311372,-4.30852388,-0.12129710,0.42508477,0.81664169,,,,,,,3,,,,,,,,,
22.817522,10042,20760434,,178.54740906,1.72871017,-148.30918884,,,,,0.30827940,0.77444971,-11.18931580,-0.81362164,0.07333839,1.37135816,2.06945106,-4.33368075,-2.30854375,-0.11816971,0.42551407,0.81221133,,,,,,,3,,,,,,,,,
22.827494,10043,20760534,,178.56327820,1.77642000,-148.26019287,,,,,0.02605286,-1.68849921,-9.02558136,0.74927425,-1.79129207,-0.84357095,2.50947810,-3.06378231,-3.45573549,-0.11120306,0.42539787,0.80977064,,,,,,,3,,,,,,,,,
22.837425,10044,20760634,,178.60263062,1.83786690,-148.21113586,,,,,-0.31338543,-0.87802696,-8.67514324,0.60730064,-0.90703750,-1.15978789,3.65582802,2.33110258,-1.88323363,-0.11584489,0.42595515,0.81173521,,,,,,,3,,,,,,,,,
22.847488,10045,20760734,,178.63578796,1.85196424,-148.19439697,,,,,-0.41186795,0.18377218,-10.66194439,0.09557617,-0.02409244,0.85475409,3.64877499,-0.34670801,-1.04701122,-0.12209513,0.42606208,0.80774742,,,,,,,3,,,,,,,,,
22.857462,10046,20760834,,178.68595886,1.86593044,-148.19140625,,,,,-0.84744012,-1.04319942,-9.99558163,1.11478078,-0.80754018,0.17292190,2.33915922,1.02519677,0.42250342,-0.12058955,0.42555568,0.81022084,,,,,,,3,,,,,,,,,
22.867476,10047,20760934,,178.73338318,1.87061131,-148.19053650,,,,,-1.93510973,0.89680254,-8.47251034,1.03274190,1.46830714,-1.26607311,-0.34859895,-1.62837259,-0.67003809,-0.11614379,0.42787755,0.81770128,,,,,,,3,,,,,,,,,
22.877453,10048,20761034,,178.72238159,1.87764275,-148.21786499,,,,,-1.33039308,2.48740315,-10.52817822,-0.35132569,2.42799616,0.79906523,-0.76550124,-3.21829720,-0.38791742,-0.11554518,0.42930546,0.82217973,,,,,,,3,,,,,,,,,
22.887479,10049,20761134,,178.70780945,1.87176144,-148.23333740,,,,,-1.14565027,1.64941049,-11.43253040,-0.07328084,1.58951759,1.67753589,-0.88611192,-1.95123243,-1.67557283,-0.12305041,0.42847180,0.82212889,,,,,,,3,,,,,,,,,
22.897571,10050,20761234,,178.71185303,1.86172068,-148.23855591,,,,,-1.31376410,0.33457541,-9.67786694,0.78184927,0.62064290,-0.09800005,0.01542565,-8.16209996,-1.79964770,-0.12271021,0.42990738,0.81918472,,,,,,,3,,,,,,,,,
22.907541,10051,20761334,,178.71420288,1.89648247,-148.20422363,,,,,-0.27610382,0.32296216,-10.02537441,-0.10027820,0.05084038,0.21651030,-1.16481022,-3.23613274,-2.78558465,-0.11617877,0.42883831,0.81722152,,,,,,,3,,,,,,,,,
22.917563,10052,20761434,,178.72183228,1.91660106,-148.16522217,,,,,0.07412481,1.49700236,-11.01241398,-1.04066420,0.82582927,1.21620643,3.02529505,-3.84389343,-3.28471438,-0.11346838,0.42639467,0.81274360,,,,,,,3,,,,,,,,,
22.927572,10053,20761534,,178.73721313,1.94976616,-148.13365173,,,,,0.45626554,-1.02416587,-10.79963779,-0.03544092,-1.50967002,0.93305993,4.97713110,-4.89470139,-2.54263247,-0.11159547,0.42492363,0.81174022,,,,,,,3,,,,,,,,,
22.937521,10054,20761634,,178.80848694,2.01748872,-148.08380127,,,,,-0.14981407,-1.72093487,-9.12993813,0.86386263,-1.71135104,-0.72615385,7.57642320,0.61465326,-0.15784609,-0.10913281,0.42536065,0.81522280,,,,,,,3,,,,,,,,,
22.947475,10055,20761734,,178.88748169,2.07043958,-148.08265686,,,,,-0.58957869,0.08379917,-9.44057083,0.26394206,0.04756784,-0.36226141,6.92933748,-2.48254453,1.10564594,-0.10678239,0.42628083,0.81574392,,,,,,,3,,,,,,,,,
22.957559,10056,20761834,,178.96119690,2.12475038,-148.09707642,,,,,-0.39534029,-0.21190214,-11.03306675,0.20412803,-0.35571837,1.21816325,7.84736058,-1.61431212,1.74982424,-0.10347489,0.42814445,0.81727427,,,,,,,3,,,,,,,,,
22.967634,10057,20761934,,179.06317139,2.14528608,-148.10993958,,,,,-1.95863152,-0.83606553,-8.50466919,1.90344334,0.03337944,-1.25936365,6.89829854,-2.98604046,1.70238698,-0.10665548,0.43059599,0.82174999,,,,,,,3,,,,,,,,,
22.977563,10058,20762034,,179.15226746,2.16245222,-148.14454651,,,,,-1.47463405,1.97457266,-8.92189121,-0.00708854,2.15948701,-0.81758547,4.87330710,-1.99206053,2.29565433,-0.10981783,0.43112749,0.82570058,,,,,,,3,,,,,,,,,
22.987495,10059,20762134,,179.18132019,2.13588142,-148.21507263,,,,,-0.84315401,2.95293522,-12.10391998,-1.13045514,2.56918716,2.34852314,3.80472870,-0.26528223,2.50371768,-0.10651815,0.43155172,0.82621861,,,,,,,3,,,,,,,,,
22.997703,10060,20762234,,179.21426392,2.06965661,-148.25111389,,,,,-1.30785525,0.21642761,-10.11437893,0.75727898,0.56084681,0.34049940,4.30882953,-2.14059089,-0.37986337,-0.10342576,0.43294179,0.82130855,,,,,,,3,,,,,,,,,
23.007500,10061,20762334,,179.26251221,2.05829000,-148.22210693,,,,,-0.14373536,0.23794758,-9.44233608,-0.22627318,-0.00368774,-0.37526584,4.39484552,0.04554553,-2.14663347,-0.10479248,0.43152463,0.82177401,,,,,,,3,,,,,,,,,
23.017459,10062,20762434,,179.27876282,2.05660033,-148.19232178,,,,,0.27872500,0.85960793,-11.11497116,-0.95835692,0.25335449,1.28938401,3.83291732,-0.07878196,0.19417684,-0.10585396,0.43250376,0.81881565,,,,,,,3,,,,,,,,,
23.027559,10063,20762534,,179.30853271,2.07530737,-148.17025757,,,,,-0.01897390,-1.28591907,-9.73591232,0.45700872,-1.37001681,-0.10404432,3.88008362,-1.25274837,0.50038105,-0.10535033,0.43441436,0.82082742,,,,,,,3,,,,,,,,,
23.037569,10064,20762634,,179.35229492,2.13245797,-148.16659546,,,,,-0.14475699,-1.03722608,-8.91940117,0.44338727,-1.06614876,-0.91102850,3.28633229,1.16826907,2.06140893,-0.10704207,0.43540025,0.82677168,,,,,,,3,,,,,,,,,
23.047572,10065,20762734,,179.37460327,2.16174412,-148.19236755,,,,,-0.71472591,0.04294248,-9.82010555,0.32909894,0.12561941,0.02319086,2.52102624,0.22164059,3.32615143,-0.10754620,0.43444937,0.82526982,,,,,,,3,,,,,,,,,
23.057476,10066,20762834,,179.42910767,2.14639735,-148.21664429,,,,,-1.29845285,-0.61815095,-9.86074162,1.16872263,-0.12165689,0.07615113,3.05842830,3.09824595,2.50878526,-0.10659748,0.43491319,0.82577670,,,,,,,3,,,,,,,,,
23.067509,10067,20762934,,179.50788879,2.11164165,-148.25221252,,,,,-1.37286687,0.99418533,-8.99342632,0.40233707,1.32360899,-0.77164960,4.88492568,2.90454285,2.14347430,-0.10621446,0.43682733,0.82432461,,,,,,,3,,,,,,,,,
23.077474,10068,20763034,,179.55622864,2.05094409,-148.32122803,,,,,-1.60475481,3.00925708,-10.06509781,-0.48287833,3.14338517,0.32148099,3.85671840,1.08576465,4.41473162,-0.10379060,0.43871105,0.81397665,,,,,,,3,,,,,,,,,
23.087499,10069,20763134,,179.56491089,1.97669923,-148.38815308,,,,,-0.95231849,0.73548847,-11.60583782,0.13528091,0.84181762,1.81953609,2.60368796,4.33470613,2.97345007,-0.10245834,0.44012922,0.81252152,,,,,,,3,,,,,,,,,
23.097530,10070,20763234,,179.60003662,1.90411842,-148.40519714,,,,,-1.02544236,0.66983700,-9.20081139,0.29697537,0.89223003,-0.58337736,3.76223810,1.79878645,0.34029067,-0.10188530,0.44107804,0.81600273,,,,,,,3,,,,,,,,,
23.107515,10071,20763334,,179.61187744,1.89950228,-148.39328003,,,,,-0.12723014,1.29282427,-10.20962429,-0.82278359,0.92932051,0.39843726,1.67151207,-2.31192960,-0.09160692,-0.10456807,0.44016171,0.81943810,,,,,,,3,,,,,,,,,
23.117595,10072,20763434,,179.58869934,1.95532012,-148.39167786,,,,,0.07178049,-1.43318236,-11.04130363,0.40972352,-1.52696967,1.20635533,-1.41993528,-2.26032219,3.59978333,-0.10801996,0.44117567,0.82883728,,,,,,,3,,,,,,,,,
23.127506,10073,20763534,,179.58374023,2.03142381,-148.39962769,,,,,-0.31967315,-1.84867239,-9.07628441,1.00187147,-1.63521647,-0.75315785,-1.16111903,-7.54287843,2.96279924,-0.10916375,0.44167143,0.83675551,,,,,,,3,,,,,,,,,
23.137530,10074,20763634,,179.55282593,2.14469528,-148.42198181,,,,,-0.44514552,0.78981745,-8.88001060,-0.27784109,0.66898322,-0.92208815,-3.00049805,-7.03559943,5.05513485,-0.11160133,0.44267333,0.83478010,,,,,,,3,,,,,,,,,
23.147496,10075,20763734,,179.53068542,2.21604156,-148.48175049,,,,,-0.83905047,-0.83975643,-10.78277588,0.84751463,-0.57099545,0.98128772,-1.82239756,-0.88129888,5.30219432,-0.11455141,0.44224474,0.83080047,,,,,,,3,,,,,,,,,
23.157555,10076,20763834,,179.57208252,2.19090319,-148.53608704,,,,,-1.50847936,-0.00921605,-8.86468983,1.03524828,0.53853118,-0.89639175,-1.11362649,-1.23414709,4.69309342,-0.10616378,0.43874535,0.82682908,,,,,,,3,,,,,,,,,
23.167537,10077,20763934,,179.55665588,2.16268706,-148.61531067,,,,,-1.26239705,3.10330725,-10.36097908,-0.82600641,3.02787662,0.61175442,-4.41008623,2.63421571,5.99526642,-0.09911783,0.43526772,0.82483029,,,,,,,3,,,,,,,,,
23.177469,10078,20764034,,179.49459839,2.08622336,-148.70133972,,,,,-1.55915976,1.09715867,-11.30319309,0.46448267,1.44691086,1.54450214,-3.22148113,4.84238641,4.28598298,-0.09785294,0.43380859,0.81986594,,,,,,,3,,,,,,,,,
23.187505,10079,20764134,,179.46244812,2.01407933,-148.73170471,,,,,-1.07248831,0.33664143,-10.35659599,0.47628075,0.56392241,0.57004511,-2.22287695,-1.82860066,0.61895516,-0.09594661,0.43425608,0.82087213,,,,,,,3,,,,,,,,,
23.197510,10080,20764234,,179.42338562,2.04301214,-148.73292542,,,,,0.44406626,1.09416461,-11.30689240,-1.23523712,0.39263797,1.47398007,-3.03406672,-4.13065380,2.25679610,-0.09833753,0.43525067,0.83373964,,,,,,,3,,,,,,,,,
23.207488,10081,20764334,,179.38357544,2.09169865,-148.74235535,,,,,-0.14141257,-0.70155424,-10.30692482,0.22310305,-0.82060796,0.47999167,-2.94560019,-3.43946491,3.41409994,-0.09949018,0.43622658,0.84166545,,,,,,,3,,,,,,,,,
23.217496,10082,20764434,,179.36589050,2.14035630,-148.75428772,,,,,-0.12685382,-1.66155422,-9.38079453,0.72731090,-1.62613034,-0.45874000,-0.93453017,-3.26871317,3.40049826,-0.09415472,0.43661457,0.84664595,,,,,,,3,,,,,,,,,
23.227504,10083,20764534,,179.36608887,2.22548723,-148.78971863,,,,,-0.02576801,-0.94396967,-10.51093864,0.22579521,-1.10573125,0.67772079,1.78165645,-1.37056219,6.05803757,-0.09125480,0.43416536,0.84761119,,,,,,,3,,,,,,,,,
23.237528,10084,20764634,,179.41618347,2.24476814,-148.85382080,,,,,-1.51597452,0.00401577,-10.03446770,1.01521838,0.49319541,0.26497602,2.18598646,1.88991868,7.70977581,-0.08941235,0.43462065,0.83327967,,,,,,,3,,,,,,,,,
23.247489,10085,20764734,,179.47233582,2.19061041,-148.93838501,,,,,-1.63560474,1.08698821,-9.48144817,0.57455647,1.51021647,-0.27076519,3.39058744,2.71825499,6.17171966,-0.09241462,0.43515337,0.82832545,,,,,,,3,,,,,,,,,
23.257509,10086,20764834,,179.49676514,2.13753986,-149.02752686,,,,,-1.22399354,2.26817012,-10.83886242,-0.41271478,2.28265905,1.07723582,1.59413083,4.77872819,6.44521410,-0.08899334,0.43365446,0.83128738,,,,,,,3,,,,,,,,,
23.267514,10087,20764934,,179.49429321,2.02700567,-149.11299133,,,,,-1.61733425,1.20272982,-11.51058197,0.47576332,1.56316805,1.75602472,-0.53327470,6.24641589,5.74142287,-0.08615448,0.43264672,0.83128572,,,,,,,3,,,,,,,,,
23.277504,10088,20765034,,179.48907471,1.92630243,-149.16873169,,,,,-0.86005050,0.80138344,-10.14663601,0.07967842,0.87232113,0.35889328,1.19053591,2.93179510,3.19617998,-0.08610732,0.43167967,0.84561867,,,,,,,3,,,,,,,,,
23.287463,10089,20765134,,179.47656250,1.92103338,-149.18914795,,,,,0.08829444,0.67030370,-11.52146530,-0.69471914,0.23784959,1.69963944,-1.50105915,-0.07391194,3.79634123,-0.08505087,0.43069473,0.86193538,,,,,,,3,,,,,,,,,
23.297717,10090,20765234,,179.42340088,1.94205785,-149.21458435,,,,,-0.58289629,-1.36963654,-10.09133339,0.96204931,-1.14449191,0.27001500,-4.31698606,-2.45866981,6.47935437,-0.08809696,0.43266833,0.85650903,,,,,,,3,,,,,,,,,
23.307467,10091,20765334,,179.39260864,2.01300430,-149.25802612,,,,,-0.30477685,-0.08055396,-9.69668579,0.06348893,-0.17769861,-0.11846733,-1.10869861,-3.52414965,6.78898221,-0.08694935,0.43168664,0.86194158,,,,,,,3,,,,,,,,,
23.317500,10092,20765434,,179.37730408,2.07156706,-149.32754517,,,,,-0.03516806,-1.67032337,-9.91834450,0.63198185,-1.69657898,0.08050060,-0.57168849,0.50825940,7.57639075,-0.08603354,0.42927217,0.85992891,,,,,,,3,,,,,,,,,
23.327520,10093,20765534,,179.40155029,2.05058002,-149.40589905,,,,,-0.97803521,-0.67451620,-9.27533054,0.95224047,-0.33951712,-0.52240717,-0.39477349,5.55959896,8.72421856,-0.08051924,0.42678156,0.85496956,,,,,,,3,,,,,,,,,
23.337511,10094,20765634,,179.46891785,1.94860280,-149.49426270,,,,,-1.64190674,1.27791476,-9.19414425,0.54731631,1.70074415,-0.56019449,3.75003554,9.34888973,8.34515757,-0.07775868,0.42721575,0.85350597,,,,,,,3,,,,,,,,,
23.347635,10095,20765734,,179.51013184,1.83037949,-149.61302185,,,,,-1.08973575,2.16737986,-11.67512321,-0.42010075,2.14874697,1.90355873,4.29021556,10.58396210,9.51961458,-0.08386360,0.43212903,0.82930994,,,,,,,3,,,,,,,,,
23.357650,10096,20765834,,179.52314758,1.67720068,-149.73742676,,,,,-2.11568022,0.09732386,-9.55936432,1.57521462,0.94044757,-0.20162868,1.83721459,10.31443088,7.49332626,-0.08027542,0.43399030,0.82539934,,,,,,,3,,,,,,,,,
23.367667,10097,20765934,,179.53666687,1.56362045,-149.80117798,,,,,-0.93008775,1.60952914,-11.07210636,-0.22324651,1.62304807,1.28639650,1.38501840,5.00024830,6.71594273,-0.07930859,0.43012282,0.85107046,,,,,,,3,,,,,,,,,
23.377576,10098,20766034,,179.51223755,1.51807153,-149.85203552,,,,,-0.39698383,1.47871387,-10.07796478,-0.58667207,1.26649308,0.27973628,-1.69401402,0.02972176,4.38827531,-0.08245362,0.42105037,0.86377478,,,,,,,3,,,,,,,,,
23.387618,10099,20766134,,179.44232178,1.51578605,-149.89361572,,,,,0.01656001,-0.94071096,-11.64230537,0.25372040,-1.07943201,1.81102467,-6.71301898,3.86198063,6.00511769,-0.07337937,0.41272613,0.89040548,,,,,,,3,,,,,,,,,
23.397610,10100,20766234,,179.34559631,1.49260247,-149.92002869,,,,,-0.55280578,-0.82678318,-8.59685802,0.75414568,-0.64096928,-1.22148252,-8.77298355,1.09673180,4.78667469,-0.06566355,0.41306776,0.90974528,,,,,,,3,,,,,,,,,
23.407655,10101,20766334,,179.23457336,1.53390479,-149.96763611,,,,,-0.19737445,-0.93936098,-10.16917419,0.47839898,-0.97316813,0.33896673,-12.08245694,-0.86548240,8.36994006,-0.07557678,0.41564041,0.89637780,,,,,,,3,,,,,,,,,
23.417680,10102,20766434,,179.11755371,1.61670256,-150.03393555,,,,,-0.43302342,0.75664449,-10.65486336,-0.17776889,0.56858659,0.85178661,-13.72018518,-5.36852911,7.30449714,-0.07978235,0.41523099,0.89684498,,,,,,,3,,,,,,,,,
23.427583,10103,20766534,,179.00984192,1.71501350,-150.10652161,,,,,-0.86524326,-1.51878321,-10.62441540,1.32161593,-1.21341324,0.80196309,-8.76690468,-9.98209010,7.01322970,-0.07530744,0.41131359,0.90175301,,,,,,,3,,,,,,,,,
23.437553,10104,20766634,,178.95144653,1.86411834,-150.20321655,,,,,-1.32465172,-0.02476889,-8.57721329,0.99431455,0.35097766,-1.20565176,-8.77503602,-14.71030136,11.00626501,-0.06606203,0.40108261,0.89174211,,,,,,,3,,,,,,,,,
23.447536,10105,20766734,,178.90614319,2.03422523,-150.32670593,,,,,-0.82758892,-0.88432646,-11.26759148,0.90725809,-0.74964547,1.45361352,0.98511637,-18.65063408,10.85048035,-0.04016290,0.38959712,0.91395444,,,,,,,3,,,,,,,,,
23.457541,10106,20766834,,178.97781372,2.19683075,-150.45655823,,,,,-1.30844820,0.46794316,-9.31194401,0.67774415,0.72668433,-0.45357013,2.35090053,-16.68542131,13.55017495,-0.02258306,0.39217222,0.93436849,,,,,,,3,,,,,,,,,
23.467547,10107,20766934,,179.02352905,2.35848665,-150.60206604,,,,,-1.51632702,0.26618677,-9.00161552,0.93383670,0.65700787,-0.75953341,7.33453375,-16.11217890,10.92887812,-0.02188926,0.39552867,0.91562426,,,,,,,3,,,,,,,,,
23.477554,10108,20767034,,179.75964355,2.19817805,-150.28833008,,,,,-6.31406164,-13.31016445,-38.05422974,10.92379475,-9.05659866,28.55425835,68.81093887,15.90777525,-31.76498319,-0.02055802,0.39886644,0.91518903,,,,,,,3,,,,,,,,,
23.487587,10109,20767134,,-179.74459839,2.34443903,-150.54792786,,,,,-2.55408549,-8.24555016,-22.10657692,5.38263226,-6.24727058,12.42605209,69.69999727,-29.12669968,21.27041290,-0.06269626,0.47835022,0.78759855,,,,,,,3,,,,,,,,,
23.497549,10110,20767234,,-178.96881104,2.28290176,-150.56596375,,,,,1.78762782,0.18993558,-8.42407227,-2.01545143,-0.71939921,-1.48759508,78.96250560,2.66503288,4.35949161,-0.09102198,0.52015114,0.68520832,,,,,,,3,,,,,,,,,
23.507622,10111,20767334,,-178.31646729,2.41165590,-150.65495300,,,,,2.97884512,-0.40411082,-7.92893410,-2.80067492,-1.75033879,-2.00034308,70.81331128,-10.10260366,3.38147896,-0.07864765,0.48585194,0.71144432,,,,,,,3,,,,,,,,,
23.517622,10112,20767434,,-177.78689575,2.61766696,-150.65631104,,,,,-0.75738478,-0.18306462,-8.07894897,0.27369428,0.31164551,-1.71706605,48.43912444,-6.31647143,7.22319142,-0.03770552,0.46207494,0.82160467,,,,,,,3,,,,,,,,,
23.527776,10113,20767534,,-177.39846802,2.71854115,-150.68063354,,,,,-2.91819024,0.05621992,-8.31513691,1.99909830,1.61778593,-1.38223612,26.21487904,-1.77450577,8.95599761,-0.01031877,0.45004219,0.94029385,,,,,,,3,,,,,,,,,
23.537565,10114,20767634,,-177.19018555,2.64473677,-150.78155518,,,,,-1.83784425,2.83877301,-9.64241982,-0.38853526,3.56600976,-0.24083018,9.27954879,6.81361998,7.20091818,-0.03823414,0.46395671,0.92899466,,,,,,,3,,,,,,,,,
23.547744,10115,20767734,,-177.19081116,2.51082230,-150.91427612,,,,,-0.24706315,1.68068147,-9.11116314,-1.16425586,1.78193569,-0.80158520,0.98840585,3.53114270,6.34236255,-0.04856913,0.45645851,0.91150755,,,,,,,3,,,,,,,,,
23.557522,10116,20767834,,-177.20886230,2.45264935,-151.00712585,,,,,-0.30572513,0.50809950,-7.74633217,-0.44653472,0.76202536,-2.09985638,0.46172714,2.30839839,6.95364825,-0.02640088,0.44552124,0.92134076,,,,,,,3,,,,,,,,,
23.567690,10117,20767934,,-177.19421387,2.41772342,-151.06762695,,,,,-1.14657211,0.13926496,-7.21732473,0.49977028,0.83376241,-2.57171202,1.85745330,2.62712063,5.21582615,-0.00866728,0.44377884,0.93030781,,,,,,,3,,,,,,,,,
23.577588,10118,20768034,,-177.19380188,2.36019349,-151.11796570,,,,,-1.58929324,0.81501323,-7.55605316,0.54854530,1.64784169,-2.25258446,0.54818036,5.38602592,5.80731882,-0.01156320,0.44815335,0.91700399,,,,,,,3,,,,,,,,,
23.587635,10119,20768134,,-177.21350098,2.26615810,-151.19000244,,,,,-0.60900247,0.19618736,-7.84758043,-0.01460099,0.64552712,-1.97661591,-1.09218407,7.57147302,7.63413573,-0.01743529,0.45257989,0.89923328,,,,,,,3,,,,,,,,,
23.597685,10120,20768234,,-177.26139832,2.22189212,-151.28726196,,,,,0.00459450,1.43037248,-7.98336649,-1.13806248,1.43205118,-1.91691923,-5.64132602,4.27358490,10.06206222,-0.01799263,0.45450985,0.89777678,,,,,,,3,,,,,,,,,
23.607600,10121,20768334,,-177.33203125,2.22293067,-151.39369202,,,,,-0.20559934,0.64941776,-7.45226002,-0.54478449,0.83092475,-2.39861727,-6.14275112,1.17149153,9.49723119,-0.01979560,0.45405939,0.89973962,,,,,,,3,,,,,,,,,
23.617545,10122,20768434,,-177.41043091,2.22508526,-151.46905518,,,,,-0.60396314,0.46493652,-8.08496380,-0.13661873,0.86068845,-1.74352694,-10.96911220,-0.08355528,8.06278731,-0.02791925,0.45659712,0.89726532,,,,,,,3,,,,,,,,,
23.627564,10123,20768534,,-177.54998779,2.23336124,-151.54144287,,,,,-0.91719383,-0.08086124,-7.71334457,0.42856139,0.50514531,-2.07937431,-16.05304313,-0.84373786,7.28829764,-0.03629748,0.45865661,0.90071917,,,,,,,3,,,,,,,,,
23.637702,10124,20768634,,-177.72311401,2.21142435,-151.61407471,,,,,-0.85180932,0.06739660,-7.35401821,0.33264127,0.57914710,-2.44579864,-17.60273962,1.66899877,8.72197484,-0.03777542,0.45580310,0.89720327,,,,,,,3,,,,,,,,,
23.647583,10125,20768734,,-177.91687012,2.19155598,-151.72067261,,,,,-0.16477895,0.32381111,-7.71972084,-0.39400500,0.46055877,-2.11436129,-19.84332512,1.70709255,9.14098731,-0.03297650,0.45140219,0.89765245,,,,,,,3,,,,,,,,,
23.657579,10126,20768834,,-178.11853027,2.20131612,-151.82092285,,,,,-0.33646870,-0.44477493,-8.31984615,0.09958367,-0.15280133,-1.48124099,-19.87960367,-1.55918459,10.43402835,-0.02866603,0.44892925,0.89862442,,,,,,,3,,,,,,,,,
23.667593,10127,20768934,,-178.29278564,2.17464399,-151.91273499,,,,,0.91105860,-3.24391794,-12.16950226,0.15498504,-3.19936848,2.39711833,-18.27238161,3.61190094,9.72162681,-0.02850944,0.44604540,0.90154809,,,,,,,3,,,,,,,,,
23.677569,10128,20769034,,-178.14874268,2.09416366,-151.90971375,,,,,-1.15780962,-14.02279282,-25.32086945,6.54505634,-11.32897758,16.13158417,45.08320662,33.65828772,-24.79533180,-0.02774646,0.45563230,0.90170372,,,,,,,3,,,,,,,,,
23.687675,10129,20769134,,-177.50968933,1.83309114,-151.83297729,,,,,0.34712213,-4.41408920,-12.84039879,1.08506405,-3.82114792,3.14529705,34.63436273,-1.17363226,24.06113940,-0.06611644,0.48994419,0.74966848,,,,,,,3,,,,,,,,,
23.697598,10130,20769234,,-177.23834229,1.71183693,-151.98034668,,,,,-2.45107293,-0.03700935,-9.97133446,1.69855082,1.42369854,0.21535611,38.91180285,20.95748266,8.35836203,-0.09367117,0.52356458,0.66496390,,,,,,,3,,,,,,,,,
23.707652,10131,20769334,,-176.98594666,1.49787879,-152.09547424,,,,,-0.55308205,1.16886139,-8.30737305,-0.45144761,1.58916402,-1.58628798,24.82957666,14.23696925,13.95650034,-0.04848763,0.49490541,0.79980618,,,,,,,3,,,,,,,,,
23.717604,10132,20769434,,-176.88676453,1.46540403,-152.23352051,,,,,0.90285689,0.53009921,-8.55125523,-1.45314050,0.35686612,-1.33698654,9.13848660,0.48494797,12.03432203,-0.01785387,0.46218976,0.89245665,,,,,,,3,,,,,,,,,
23.727571,10133,20769534,,-176.87271118,1.59000313,-152.31578064,,,,,-0.01921155,0.58626956,-7.18852520,-0.61114138,0.77572060,-2.67679286,-3.73008285,-7.55494567,8.48877852,-0.04409839,0.46982267,0.91223633,,,,,,,3,,,,,,,,,
23.737658,10134,20769634,,-176.94627380,1.74533892,-152.39353943,,,,,-0.29676872,-0.30197582,-7.31241322,0.02314842,0.10385990,-2.49888945,-10.53310707,-9.38422400,10.21516433,-0.07152577,0.47316560,0.90918308,,,,,,,3,,,,,,,,,
23.747729,10135,20769734,,-177.06736755,1.85383868,-152.48828125,,,,,-0.67798406,-0.75059962,-7.87863207,0.53463197,-0.12048316,-1.89476860,-12.16886566,-8.39428029,10.36691491,-0.05761063,0.46524984,0.91308564,,,,,,,3,,,,,,,,,
23.757591,10136,20769834,,-177.19195557,1.91383946,-152.58233643,,,,,-0.03260008,-0.11179404,-8.35358906,-0.35480386,0.14065933,-1.47143936,-12.01539302,-5.95301828,10.07186354,-0.02883957,0.45804608,0.91212636,,,,,,,3,,,,,,,,,
23.767735,10137,20769934,,-177.28279114,1.96696019,-152.66625977,,,,,0.10090283,0.38166076,-7.54478550,-0.65666240,0.48005390,-2.30515456,-7.06966371,-5.84605283,8.46575225,-0.01590618,0.45639166,0.90474367,,,,,,,3,,,,,,,,,
23.777831,10138,20770034,,-177.17205811,1.91068840,-152.64944458,,,,,1.19586623,-9.19462872,-18.36869431,2.22592974,-8.12547493,8.96804047,20.57174260,21.62082721,-11.11328298,-0.02059670,0.46079531,0.89390510,,,,,,,3,,,,,,,,,
23.787607,10139,20770134,,-176.98742676,1.72100043,-152.70133972,,,,,1.63767064,-2.21491075,-10.71109962,-0.99460435,-2.36696529,0.93747973,12.01850502,7.06216075,17.86462274,-0.04431352,0.47754255,0.82923782,,,,,,,3,,,,,,,,,
23.797602,10140,20770234,,-176.92536926,1.61493206,-152.83622742,,,,,-1.70232129,-1.03115296,-7.85848808,1.59805787,0.13428879,-1.87484646,7.22020066,18.01664396,7.17735061,-0.04646388,0.47566855,0.80693316,,,,,,,3,,,,,,,,,
23.807625,10141,20770334,,-176.90979004,1.44792366,-152.91937256,,,,,-0.33215210,-0.88422000,-7.47587919,0.35240722,-0.36388302,-2.29688191,1.91968806,11.92463603,9.38759556,-0.02127107,0.45601049,0.88541508,,,,,,,3,,,,,,,,,
23.817647,10142,20770434,,-176.92958069,1.44004893,-153.01557922,,,,,0.06798849,1.39066482,-8.67490387,-1.08799767,1.51713848,-1.23072362,-4.72015206,-1.80553489,9.40026470,-0.01580783,0.45638287,0.92107111,,,,,,,3,,,,,,,,,
23.827605,10143,20770534,,-176.87020874,1.34869945,-153.01345825,,,,,0.81128490,-2.44002271,-11.68774796,-0.14225507,-2.09741020,1.97537708,2.61639489,7.54368695,-2.44203723,-0.03676790,0.46585676,0.91814739,,,,,,,3,,,,,,,,,
23.837775,10144,20770634,,-176.87327576,1.46351826,-153.11827087,,,,,0.16157505,-2.37247324,-12.57743835,0.32043302,-1.71745253,2.85580158,2.97307057,-5.33208749,7.16318138,-0.04042986,0.46640295,0.90774775,,,,,,,3,,,,,,,,,
23.847608,10145,20770734,,-176.78881836,1.33059490,-153.15983582,,,,,0.81468618,-0.99784964,-7.37129545,-0.61373287,-0.96145105,-2.42104912,8.30761971,12.72338567,8.64357964,-0.03273626,0.46532932,0.87165183,,,,,,,3,,,,,,,,,
23.857564,10146,20770834,,-176.72758484,1.21781790,-153.27029419,,,,,-0.25759917,-0.13783035,-8.43134403,-0.08199477,0.34279346,-1.39164662,5.27701653,15.16396252,8.11793938,-0.02564799,0.46329004,0.87165511,,,,,,,3,,,,,,,,,
23.867561,10147,20770934,,-176.66786194,1.09090590,-153.32838440,,,,,0.05567141,-1.49625647,-11.07986164,0.14609301,-0.87108374,1.31980121,7.36926953,14.79619782,1.28841796,-0.01674369,0.45736423,0.90821820,,,,,,,3,,,,,,,,,
23.877568,10148,20771034,,-176.64404297,1.05858076,-153.38661194,,,,,0.80118680,-0.35311979,-8.93080711,-0.93786180,-0.28522205,-0.90214133,-1.08686164,0.61231573,9.57021859,-0.01736304,0.45305172,0.91507345,,,,,,,3,,,,,,,,,
23.887606,10149,20771134,,-176.65223694,1.04559410,-153.43678284,,,,,-0.99886954,-0.82571393,-9.93817329,0.84350324,0.14939833,0.15410209,-0.65233557,5.03218840,2.47583941,-0.01609431,0.45110673,0.92345989,,,,,,,3,,,,,,,,,
23.897662,10150,20771234,,-176.69467163,1.06169975,-153.48451233,,,,,-0.27521408,-0.85675150,-10.20436954,0.19311035,-0.20454788,0.41464138,-5.17171081,-4.78448903,5.89242597,-0.02100213,0.45646468,0.93391007,,,,,,,3,,,,,,,,,
23.907673,10151,20771334,,-176.74613953,1.09741139,-153.52053833,,,,,0.16589318,-0.55618125,-10.01976776,-0.32815981,-0.15148258,0.20573616,-6.71814077,-4.18028708,3.20845191,-0.02758124,0.45946056,0.92205030,,,,,,,3,,,,,,,,,
23.917588,10152,20771434,,-176.80880737,1.16561592,-153.54682922,,,,,-0.06129296,-0.39208415,-10.20397282,-0.21307552,0.08779812,0.37922502,-7.02416270,-7.66663719,3.22211015,-0.02691652,0.45945284,0.91413736,,,,,,,3,,,,,,,,,
23.927757,10153,20771534,,-176.88008118,1.17721772,-153.55577087,,,,,-0.00972403,-0.92987156,-9.26587105,0.02496552,-0.46644592,-0.52566755,-8.13684192,-2.95785974,1.93551126,-0.01789727,0.45065621,0.92542279,,,,,,,3,,,,,,,,,
23.937568,10154,20771634,,-176.96554565,1.18379700,-153.58071899,,,,,-0.12762459,-0.90865231,-9.36311436,0.12547088,-0.40233564,-0.42642665,-8.32171551,-1.16121135,2.91252713,-0.00884306,0.44089887,0.93718791,,,,,,,3,,,,,,,,,
23.947596,10155,20771734,,-177.04138184,1.16656077,-153.61866760,,,,,0.01682598,-0.76569605,-9.56014919,-0.06419718,-0.34090137,-0.23712492,-8.79456353,1.71351955,4.38880294,-0.00880809,0.43993807,0.93766767,,,,,,,3,,,,,,,,,
23.957590,10156,20771834,,-177.13291931,1.15513718,-153.67164612,,,,,0.06068669,-0.98570383,-10.24892521,-0.02672696,-0.54365396,0.45660853,-9.04835372,1.43245769,4.86496104,-0.00995674,0.44283929,0.93325502,,,,,,,3,,,,,,,,,
23.967677,10157,20771934,,-177.22810364,1.16155517,-153.70407104,,,,,-0.72858095,-0.84322375,-9.27968884,0.66349363,-0.11670303,-0.50816822,-10.20459461,0.08395820,2.87699734,-0.00793714,0.44088405,0.93620270,,,,,,,3,,,,,,,,,
23.977638,10158,20772034,,-177.34812927,1.16145205,-153.73590088,,,,,-0.83943045,0.00425952,-9.18024826,0.40776151,0.67523909,-0.64748287,-12.90725522,0.46076093,4.13749637,-0.00577035,0.43748483,0.94259167,,,,,,,3,,,,,,,,,
23.987756,10159,20772134,,-177.51838684,1.13558209,-153.76284790,,,,,-0.99041688,0.15531655,-10.55334759,0.44156700,0.89735985,0.72089124,-16.20887731,0.23000897,1.65540147,-0.01285759,0.43760455,0.94156849,,,,,,,3,,,,,,,,,
23.997734,10160,20772234,,-177.68928528,1.09088922,-153.77647400,,,,,-0.53803968,1.07893670,-11.58664227,-0.39347070,1.52562165,1.71142435,-13.31338168,0.61637778,2.65214068,-0.01662795,0.43814802,0.94155818,,,,,,,3,,,,,,,,,
24.007690,10161,20772334,,-177.76089478,1.02479291,-153.79431152,,,,,-0.90908390,0.36896533,-10.80008030,0.30066752,1.02450371,0.96550202,-8.21800933,1.91624330,1.14646892,-0.01324796,0.43329126,0.94149822,,,,,,,3,,,,,,,,,
24.017684,10162,20772434,,-177.80079651,0.92814052,-153.80932617,,,,,-0.46071145,0.08766146,-9.55021095,0.09222329,0.54789639,-0.28380585,-5.58569626,2.27359943,1.75696958,-0.01109387,0.43085808,0.93454385,,,,,,,3,,,,,,,,,
24.027668,10163,20772534,,-177.80859375,0.82846439,-153.82392883,,,,,-0.50197256,0.07863722,-9.87053776,0.13451894,0.57472652,0.03607368,-3.41428478,5.65481137,0.61044325,-0.00938592,0.43179128,0.93011439,,,,,,,3,,,,,,,,,
24.037669,10164,20772634,,-177.82870483,0.73570561,-153.84332275,,,,,-0.16032368,0.19928692,-10.56440353,-0.23815095,0.55055165,0.71131134,-5.03478558,2.50612938,1.20761202,-0.00930814,0.43130910,0.93208617,,,,,,,3,,,,,,,,,
24.047605,10165,20772734,,-177.86480713,0.68755072,-153.87419128,,,,,0.56583148,0.09906011,-9.81703568,-0.80593121,0.11921334,-0.03413534,-3.73625478,2.05227420,0.56411498,-0.00905706,0.42890233,0.93798643,,,,,,,3,,,,,,,,,
24.057607,10166,20772834,,-177.89955139,0.69277114,-153.91340637,,,,,-0.03611641,-0.71200466,-9.49172974,0.10236144,-0.35628009,-0.31836033,-5.96740352,-0.02128329,1.60124394,-0.00554912,0.42644116,0.94291264,,,,,,,3,,,,,,,,,
24.067712,10167,20772934,,-177.97265625,0.69516617,-153.93457031,,,,,-0.04304930,-1.48633397,-9.68868828,0.44734567,-1.05688715,-0.09517670,-11.24162223,2.41940476,0.51891434,-0.00579381,0.42356315,0.94781345,,,,,,,3,,,,,,,,,
24.077644,10168,20773034,,-178.10414124,0.67994642,-153.95031738,,,,,-0.23587376,0.33303112,-9.63882256,-0.16571736,0.63826227,-0.20248890,-13.35324095,2.57264390,2.62306286,-0.00763072,0.42215389,0.94827670,,,,,,,3,,,,,,,,,
24.087649,10169,20773134,,-178.22663879,0.65990949,-153.98919678,,,,,-0.27648219,-0.24174140,-9.65464687,0.13841289,0.12245417,-0.16822672,-12.88121853,3.77050860,2.01377135,-0.01485681,0.42419726,0.94431472,,,,,,,3,,,,,,,,,
24.097595,10170,20773234,,-178.34294128,0.64669901,-154.01229858,,,,,0.13924919,-2.34895658,-9.98019505,0.69358605,-1.96466899,0.21213317,-15.90411939,2.93184568,0.74507892,-0.02291889,0.42433384,0.94229740,,,,,,,3,,,,,,,,,
24.107540,10171,20773334,,-178.52360535,0.70381343,-154.03439331,,,,,-0.19175564,-1.01301050,-9.22268391,0.42888248,-0.66161585,-0.57963848,-16.22502900,1.39045821,2.28152822,-0.01797175,0.41656944,0.94516784,,,,,,,3,,,,,,,,,
24.117595,10172,20773434,,-178.77748108,0.75088370,-154.07443237,,,,,0.29030833,0.38348052,-9.19250965,-0.61126530,0.34464264,-0.66430783,-17.83465528,2.84474561,1.52014344,-0.01121431,0.41165471,0.94759774,,,,,,,3,,,,,,,,,
24.127682,10173,20773534,,-178.96340942,0.77618641,-154.08869934,,,,,0.51087946,-1.19177151,-8.75555611,-0.09686840,-1.20211744,-1.05613017,-14.66573608,5.49795223,-0.48678059,-0.01832816,0.41321486,0.94659722,,,,,,,3,,,,,,,,,
24.137605,10174,20773634,,-179.05505371,0.71744877,-154.04023743,,,,,1.47893667,-1.84950602,-8.50726318,-0.66228426,-2.23479939,-1.31512332,-16.59257514,5.85616449,-2.83875703,-0.01635292,0.41366026,0.94958276,,,,,,,3,,,,,,,,,
24.147724,10175,20773734,,-179.17597961,0.66729987,-153.95285034,,,,,2.46177483,-2.23514485,-9.58599567,-1.37746084,-3.02060437,-0.23558378,-13.71396288,3.45941291,-3.90327211,-0.01609143,0.40789407,0.95394558,,,,,,,3,,,,,,,,,
24.157685,10176,20773834,,-179.32981873,0.60769773,-153.89428711,,,,,0.19202161,-1.75787079,-9.74830723,0.48083425,-1.61123943,-0.06451178,-14.19337984,5.75653338,-2.54068480,-0.01744042,0.40551662,0.95439595,,,,,,,3,,,,,,,,,
24.167686,10177,20773934,,-179.53022766,0.55001986,-153.91796875,,,,,-0.46091914,6.21003437,-13.85498619,-2.47671127,5.82212639,3.97046781,-12.57508689,5.21823336,2.78081718,-0.01229345,0.40399069,0.95291334,,,,,,,3,,,,,,,,,
24.177639,10178,20774034,,-179.53445435,0.42059907,-153.96841431,,,,,-1.61498284,2.98004103,-10.72295570,0.05896091,3.42420650,0.89851356,3.58242696,4.61273837,-1.91186643,-0.01580719,0.40117338,0.94493496,,,,,,,3,,,,,,,,,
24.187719,10179,20774134,,-179.37760925,0.30730286,-153.95310974,,,,,-1.67370248,-1.38593197,-10.02879047,2.02274132,-0.42335713,0.19111156,-1.34001236,3.77605984,-1.49540002,-0.01847964,0.40650105,0.93857402,,,,,,,3,,,,,,,,,
24.197650,10180,20774234,,-179.41612244,0.29273662,-153.92453003,,,,,-0.21532148,-0.51050788,-8.39984798,0.35557133,-0.31637311,-1.42891550,-10.16094885,-6.24806111,-2.85470360,-0.02016303,0.40796655,0.94502068,,,,,,,3,,,,,,,,,
24.207568,10181,20774334,,-179.61148071,0.42725301,-153.92753601,,,,,0.36456987,-1.61444807,-9.27840996,0.29541546,-1.58286119,-0.54641628,-8.48523365,-9.57393934,-0.51041422,-0.02540646,0.40325099,0.95382535,,,,,,,3,,,,,,,,,
24.217628,10182,20774434,,-179.71980286,0.57961601,-153.92115784,,,,,-0.69302320,-0.80721450,-9.28147125,0.89645553,-0.41079712,-0.53954840,-7.46565631,-5.75331294,-0.61708545,-0.02461125,0.40084007,0.94834882,,,,,,,3,,,,,,,,,
24.227625,10183,20774534,,-179.81086731,0.70340824,-153.94715881,,,,,0.56430548,-0.30654705,-8.58665085,-0.47665668,-0.55472755,-1.24497914,-12.58176597,-14.63122484,0.52753676,-0.01554570,0.39540714,0.94929779,,,,,,,3,,,,,,,,,
24.237708,10184,20774634,,-179.89392090,0.82645941,-153.88922119,,,,,2.17526054,-1.45651472,-8.62453842,-1.41289532,-2.29443145,-1.23472714,-6.03160046,-4.46351710,-3.49119655,-0.01412039,0.39057830,0.96060795,,,,,,,3,,,,,,,,,
24.247745,10185,20774734,,-179.97500610,0.89708835,-153.86529541,,,,,-0.60353166,0.04949038,-9.53756809,0.39061865,0.23964024,-0.28310776,-13.48922319,-7.99728921,-0.83656845,-0.01245874,0.38814777,0.96651495,,,,,,,3,,,,,,,,,
24.257632,10186,20774834,,179.93949890,0.93710399,-153.79988098,,,,,1.95454633,-2.39309216,-10.72628403,-0.84064078,-3.09315658,0.86478305,-7.00142201,-5.80111061,-2.79725851,-0.00391710,0.38656339,0.96801698,,,,,,,3,,,,,,,,,
24.267619,10187,20774934,,179.83546448,0.97340560,-153.77029419,,,,,-0.65727854,-0.37656695,-9.35421753,0.64044428,-0.14010572,-0.48158717,-9.34256412,5.19092669,-2.37951475,-0.00236820,0.38557583,0.97147238,,,,,,,3,,,,,,,,,
24.277618,10188,20775034,,179.71166992,0.81114233,-153.73963928,,,,,-2.80454993,4.17814827,-11.96556473,0.55531776,4.86377430,2.18912029,-11.22866366,4.82359741,-0.70435840,-0.00590070,0.38563833,0.96452904,,,,,,,3,,,,,,,,,
24.287631,10189,20775134,,179.64254761,0.71061850,-153.76818848,,,,,-1.10513973,3.58889508,-11.05378342,-0.68897963,3.58219075,1.26631594,2.75198140,8.10130872,0.05639159,-0.00773710,0.38326928,0.96448231,,,,,,,3,,,,,,,,,
24.297623,10190,20775234,,179.78392029,0.54730594,-153.80702209,,,,,-2.53766870,2.36076164,-10.91829014,1.17269850,3.16812038,1.10874581,2.99773310,10.42958616,2.80213335,-0.00700448,0.38517907,0.95956868,,,,,,,3,,,,,,,,,
24.307651,10191,20775334,,179.79080200,0.35864651,-153.80490112,,,,,-1.77862883,-0.83881253,-7.26593351,1.94397497,-0.03269148,-2.57883310,-14.37791703,6.55552805,-2.48489923,-0.00883304,0.38424942,0.96053427,,,,,,,3,,,,,,,,,
24.317763,10192,20775434,,179.66596985,0.38635468,-153.81246948,,,,,3.24473095,-2.25995708,-11.32277107,-1.95493007,-3.54445839,1.45243788,1.20538111,-3.64565957,0.96546506,-0.01272850,0.38383093,0.96990854,,,,,,,3,,,,,,,,,
24.327687,10193,20775534,,179.57597351,0.48986256,-153.75030518,,,,,1.00650609,-1.85081923,-7.87007284,-0.09797716,-2.18858194,-1.99258733,-14.47711358,4.83004853,-4.88265166,-0.01371067,0.38144860,0.96739209,,,,,,,3,,,,,,,,,
24.337743,10194,20775634,,179.50653076,0.65065855,-153.72988892,,,,,0.34969923,-0.49454123,-9.13734913,-0.16085935,-0.72028685,-0.69099998,-11.27796738,-19.06616742,-0.93360692,-0.01169107,0.37949333,0.97033983,,,,,,,3,,,,,,,,,
24.347799,10195,20775734,,179.31274414,0.82841468,-153.72088623,,,,,5.52617741,-1.55495036,-11.18926144,-4.34031153,-4.01247931,1.25448775,-6.23552729,-5.84215663,-0.76789330,-0.01619558,0.38100630,0.97677308,,,,,,,3,,,,,,,,,
24.357656,10196,20775834,,179.28140259,0.93065429,-153.73493958,,,,,-1.97089076,0.88227421,-7.41663074,1.30241966,1.52432537,-2.39450002,-9.19682581,-5.75315372,-1.41102754,-0.01271810,0.38047147,0.96837115,,,,,,,3,,,,,,,,,
24.367653,10197,20775934,,179.15649414,0.82032698,-153.69633484,,,,,-4.88722754,6.30042553,-14.24720001,1.49184680,7.53173113,4.57390785,-7.44845704,-2.72848256,-1.60392639,-0.00551606,0.37506971,0.96980602,,,,,,,3,,,,,,,,,
24.377598,10198,20776034,,179.18940735,0.70054024,-153.67327881,,,,,-2.58783507,-0.72102237,-7.02108765,2.60672855,0.37476498,-2.77365923,8.10732441,9.59824969,-3.58721535,0.01595231,0.34926504,0.97841084,,,,,,,3,,,,,,,,,
24.387813,10199,20776134,,179.37739563,0.48642915,-153.66818237,,,,,-0.42072716,-0.81584620,-12.51059055,0.71119124,-0.70633078,2.64619994,6.54750941,14.12210254,0.97288564,0.04392511,0.32861277,1.02819490,,,,,,,3,,,,,,,,,
24.397644,10200,20776234,,179.42321777,0.40393218,-153.64552307,,,,,0.78313279,-2.14022875,-5.40442657,0.22903442,-2.33912516,-4.46106148,-4.94360170,-0.41177031,-4.56063001,0.05128078,0.32990700,1.07822299,,,,,,,3,,,,,,,,,
24.407753,10201,20776334,,179.28814697,0.66639620,-153.65773010,,,,,3.33844638,-1.12280190,-11.45818233,-2.54844713,-2.65332842,1.56933498,2.25562793,-8.82385821,3.15533886,0.04819237,0.33044222,1.07079458,,,,,,,3,,,,,,,,,
24.417633,10202,20776434,,179.20642090,0.63752621,-153.68777466,,,,,4.98158789,0.47437218,-13.12845993,-4.71646118,-2.00194407,3.24575496,-6.39302505,8.64426180,1.67372035,0.04363132,0.33436215,1.06341243,,,,,,,3,,,,,,,,,
24.427582,10203,20776534,,179.41549683,0.60188359,-153.70838928,,,,,-3.41662383,1.88055873,-7.94032001,2.18864632,3.10836267,-1.82414961,18.47227564,4.34428803,-4.02488491,0.03919086,0.33827853,1.05949402,,,,,,,3,,,,,,,,,
24.437605,10204,20776634,,179.44851685,0.55094111,-153.61320496,,,,,-1.11175382,-1.53341568,-9.84628963,1.62885797,-1.01074922,0.01820135,-6.52853216,-2.59531522,-0.31068025,0.03712010,0.33927554,1.05455184,,,,,,,3,,,,,,,,,
24.447584,10205,20776734,,179.44219971,0.50339991,-153.63682556,,,,,-1.90715051,-1.45776236,-8.72040367,2.32393527,-0.56401402,-1.09451354,8.45474966,3.36233031,-2.28426627,0.03320254,0.34126294,1.05110037,,,,,,,3,,,,,,,,,
24.457638,10206,20776834,,179.52949524,0.63920617,-153.59440613,,,,,1.78849626,1.16276944,-10.46109867,-2.19279051,0.11364919,0.63227308,2.73039032,-15.05585600,-2.75640928,0.03590152,0.34409833,1.04917979,,,,,,,3,,,,,,,,,
24.467638,10207,20776934,,179.53666687,0.63128400,-153.56726074,,,,,-0.15636304,-1.16021955,-9.23491573,0.59913707,-1.07814789,-0.58941185,4.28680644,2.94177955,-3.95503427,0.03773058,0.34406820,1.04770422,,,,,,,3,,,,,,,,,
24.477630,10208,20777034,,179.58193970,0.72342294,-153.50877380,,,,,0.46352082,1.03198075,-9.94242382,-0.95934802,0.59116495,0.12731814,-0.25609637,-11.18779607,-3.14333203,0.03375297,0.34557751,1.04226577,,,,,,,3,,,,,,,,,
24.487769,10209,20777134,,179.57055664,0.67821848,-153.49822998,,,,,-1.01042962,-0.96522969,-9.45138931,1.26538467,-0.52370846,-0.36026049,1.91131766,2.55525701,-3.98020096,0.03412713,0.34797183,1.04082131,,,,,,,3,,,,,,,,,
24.497736,10210,20777234,,179.56002808,0.76237404,-153.47027588,,,,,0.72411829,0.96390682,-10.34999084,-1.16510236,0.40135503,0.53111911,-6.37626334,-5.28777664,-0.99031329,0.03356978,0.34990180,1.03936481,,,,,,,3,,,,,,,,,
24.507793,10211,20777334,,179.49960327,0.74058235,-153.42942810,,,,,-0.99693918,-0.51920503,-9.50009346,1.04913330,-0.14822391,-0.30835915,-2.73405045,-2.03547257,-5.91479526,0.02877393,0.34854406,1.03585589,,,,,,,3,,,,,,,,,
24.517641,10212,20777434,,179.43875122,0.76201034,-153.40298462,,,,,0.57975870,0.06049743,-9.77816391,-0.61278301,-0.35215026,-0.04584575,-9.08812250,3.59656204,-1.42279244,0.02686760,0.34809661,1.03484976,,,,,,,3,,,,,,,,,
24.527858,10213,20777534,,179.36221313,0.79342973,-153.36085510,,,,,-0.41440362,-0.01479269,-9.87371540,0.30077946,0.00690773,0.06186461,-8.63501629,-8.06917353,-4.48211485,0.02979310,0.34612656,1.03681231,,,,,,,3,,,,,,,,,
24.537655,10214,20777634,,179.26350403,0.75077277,-153.32707214,,,,,-0.05428113,0.11034210,-10.05676270,-0.05403514,-0.05428191,0.24130511,-11.19697670,7.81525015,-3.88116834,0.03074337,0.34371105,1.03578925,,,,,,,3,,,,,,,,,
24.547727,10215,20777734,,179.13977051,0.78473783,-153.30232239,,,,,0.32908645,0.19401349,-9.63740921,-0.43445069,-0.16951351,-0.18194413,-12.84812798,-5.45654421,-1.12003160,0.02688738,0.34329724,1.03279483,,,,,,,3,,,,,,,,,
24.557813,10216,20777834,,179.02978516,0.77098411,-153.26000977,,,,,-0.58152473,0.19980496,-9.83677864,0.38668314,0.22698565,0.03017521,-10.97538658,-0.98993240,-5.48683311,0.02696567,0.34185532,1.03425670,,,,,,,3,,,,,,,,,
24.567644,10217,20777934,,178.94543457,0.81341261,-153.25456238,,,,,0.14859954,0.17305647,-9.67515469,-0.25165573,-0.13623384,-0.14199328,-8.20806799,-2.23501890,-0.23004763,0.02848949,0.33942887,1.03620493,,,,,,,3,,,,,,,,,
24.577661,10218,20778034,,178.88618469,0.86410356,-153.23692322,,,,,-0.05798758,0.28748280,-9.99084473,-0.12709802,0.03752283,0.17861319,-5.84667010,-6.92042408,-0.83110110,0.02838510,0.34135145,1.03425574,,,,,,,3,,,,,,,,,
24.587805,10219,20778134,,178.85282898,0.91509777,-153.21202087,,,,,-0.14818147,0.24489433,-9.60906887,-0.03009703,0.04210638,-0.20246100,-3.29010298,-5.51910661,-3.86048012,0.03028307,0.34131926,1.03475952,,,,,,,3,,,,,,,,,
24.597769,10220,20778234,,178.84934998,0.97665858,-153.22940063,,,,,-0.18001199,0.20003003,-9.85558414,0.00667846,0.00664198,0.04359078,0.82318075,-6.62726297,2.78774726,0.03219930,0.33936706,1.03473830,,,,,,,3,,,,,,,,,
24.607771,10221,20778334,,178.86314392,1.05851912,-153.24456787,,,,,0.03841265,0.21818359,-9.81406689,-0.21011952,-0.07935171,-0.00163889,1.06164832,-8.33506170,1.71744658,0.03025015,0.33844098,1.03224003,,,,,,,3,,,,,,,,,
24.617726,10222,20778434,,178.88256836,1.14533389,-153.23840332,,,,,-0.17596892,0.18352315,-9.83669090,-0.01911029,-0.01815895,0.02430940,1.80180945,-9.57735699,-1.58752796,0.03155632,0.34033984,1.03029764,,,,,,,3,,,,,,,,,
24.627710,10223,20778534,,178.90763855,1.21088469,-153.24205017,,,,,-0.25717232,0.11470382,-9.77812958,0.07433219,-0.04226532,-0.03382826,1.86349844,-6.95246108,0.08212950,0.03301805,0.34127432,1.03229880,,,,,,,3,,,,,,,,,
24.637754,10224,20778634,,178.92416382,1.28182948,-153.25779724,,,,,-0.16745986,0.09437931,-9.88841534,-0.00973711,-0.10665916,0.07406497,1.38011581,-6.94857470,2.27672104,0.03388900,0.34222031,1.03083384,,,,,,,3,,,,,,,,,
24.647740,10225,20778734,,178.92192078,1.36482489,-153.26896667,,,,,-0.17033127,0.09095311,-9.75080013,-0.01703715,-0.11326877,-0.06360221,-1.24128880,-9.10833047,0.94144841,0.03482101,0.34172484,1.03033590,,,,,,,3,,,,,,,,,
24.657859,10226,20778834,,178.89514160,1.44677758,-153.26466370,,,,,-0.26661345,0.13382642,-9.80795193,0.03960272,-0.04424142,-0.00333858,-3.73062798,-8.05689371,-1.57235106,0.03621383,0.34266138,1.03035772,,,,,,,3,,,,,,,,,
24.667757,10227,20778934,,178.86851501,1.51573229,-153.26676941,,,,,-0.25648937,0.20364979,-9.88546562,-0.01034419,0.00245311,0.07524252,-3.12756817,-6.92112119,0.35234627,0.03811231,0.34166941,1.03035152,,,,,,,3,,,,,,,,,
24.677796,10228,20779034,,178.82992554,1.57309926,-153.28402710,,,,,-0.22659297,0.09835429,-9.74776268,0.00709479,-0.11138377,-0.06538892,-4.17919553,-6.00713686,2.15262782,0.04002853,0.33971721,1.03033030,,,,,,,3,,,,,,,,,
24.687733,10229,20779134,,178.78207397,1.63400209,-153.28231812,,,,,-0.27214101,0.21627820,-9.90841484,-0.01333639,-0.00370014,0.09885311,-5.79022798,-6.49212085,-0.75152924,0.03955784,0.34068492,1.03083801,,,,,,,3,,,,,,,,,
24.697733,10230,20779234,,178.73588562,1.69131017,-153.26148987,,,,,-0.20485204,0.27399546,-9.73463345,-0.10123087,0.01248291,-0.07554078,-5.29228627,-5.30375459,-2.81348213,0.04001028,0.34163725,1.03085530,,,,,,,3,,,,,,,,,
24.707722,10231,20779334,,178.71774292,1.73216558,-153.25521851,,,,,-0.38140228,0.28695461,-9.81552982,0.04312701,0.09676599,0.01091838,-1.20205630,-4.77272744,-0.78835708,0.04000295,0.33923808,1.02933300,,,,,,,3,,,,,,,,,
24.717737,10232,20779434,,178.72348022,1.74592888,-153.25965881,,,,,-0.32337618,0.21785842,-9.76698875,0.02230494,0.01193400,-0.04090500,0.78974094,-1.05226108,1.20971433,0.04001284,0.33683842,1.02830553,,,,,,,3,,,,,,,,,
24.727748,10233,20779534,,178.73481750,1.74930811,-153.26365662,,,,,-0.28961933,0.14381258,-9.75885105,0.02450651,-0.06746215,-0.05170155,1.07520283,-0.21032051,0.41168533,0.04056080,0.33634835,1.03027952,,,,,,,3,,,,,,,,,
24.737753,10234,20779634,,178.75071716,1.74428892,-153.24964905,,,,,-0.22251146,0.18889551,-9.88344288,-0.05773614,-0.05849792,0.07177210,1.19249180,0.98319719,-2.01444391,0.04102110,0.33874011,1.03130925,,,,,,,3,,,,,,,,,
24.747802,10235,20779734,,178.76924133,1.72614014,-153.23672485,,,,,-0.29573843,0.20227700,-9.79403782,0.00427041,-0.00662172,-0.01505470,1.23247967,1.29062390,-1.39488535,0.03909703,0.33925289,1.03031826,,,,,,,3,,,,,,,,,
24.757771,10236,20779834,,178.78289795,1.70520902,-153.23957825,,,,,-0.31641003,0.14340374,-9.77531624,0.05224320,-0.04529698,-0.03440046,1.06264980,2.07553697,0.85685283,0.04099449,0.34018052,1.03133190,,,,,,,3,,,,,,,,,
24.767856,10237,20779934,,178.79200745,1.66914368,-153.25053406,,,,,-0.28496718,0.16261020,-9.81974888,0.02012122,-0.03940928,0.00948119,0.72176551,3.46068247,1.43240379,0.04193436,0.34112445,1.03184640,,,,,,,3,,,,,,,,,
24.777761,10238,20780034,,178.78855896,1.63533449,-153.25701904,,,,,-0.18417737,0.10738228,-9.80341625,-0.03861702,-0.13215739,-0.01087666,-1.02539261,3.68927503,0.51789210,0.03867904,0.33829954,1.03129053,,,,,,,3,,,,,,,,,
24.787778,10239,20780134,,178.77401733,1.59845793,-153.24536133,,,,,-0.18653734,0.15699898,-9.82828522,-0.05283587,-0.08812366,0.01512814,-2.60304571,2.88307642,-1.35072925,0.03873124,0.33733824,1.03226507,,,,,,,3,,,,,,,,,
24.797738,10240,20780234,,178.74551392,1.57580638,-153.22729492,,,,,-0.20038034,0.23166619,-9.78518009,-0.06804450,-0.01692560,-0.02591681,-3.62673653,1.75419108,-2.10732403,0.04060209,0.33970627,1.03330147,,,,,,,3,,,,,,,,,
24.807726,10241,20780334,,178.72561646,1.56360126,-153.21450806,,,,,-0.23697309,0.22996636,-9.77233791,-0.03196328,-0.00301081,-0.03778124,-2.03859269,0.59013603,-1.60386129,0.03915707,0.33973101,1.03230512,,,,,,,3,,,,,,,,,
24.817740,10242,20780434,,178.72296143,1.55258083,-153.20906067,,,,,-0.22326450,0.23396578,-9.80234909,-0.04450876,-0.00522014,-0.00806236,-0.18229886,1.00961188,0.09763219,0.03820936,0.33734766,1.03077841,,,,,,,3,,,,,,,,,
24.827780,10243,20780534,,178.72744751,1.54636252,-153.21669006,,,,,-0.24109623,0.16928533,-9.82424736,0.00040714,-0.05458095,0.01287317,0.29481394,0.18163285,1.31075033,0.03874010,0.33685812,1.03225756,,,,,,,3,,,,,,,,,
24.837804,10244,20780634,,178.72987366,1.54186571,-153.22302246,,,,,-0.20064901,0.19120279,-9.82944489,-0.04507567,-0.05316462,0.01746321,-0.36364802,-0.06325302,0.54829050,0.03873960,0.33781788,1.03276753,,,,,,,3,,,,,,,,,
24.847724,10245,20780734,,178.72172546,1.54627872,-153.21713257,,,,,-0.18924105,0.18505903,-9.78474903,-0.05199375,-0.06455016,-0.02766442,-1.51286182,-0.89261394,-1.05342232,0.03424899,0.33885649,1.02583480,,,,,,,3,,,,,,,,,
24.857712,10246,20780834,,178.71319580,1.55817664,-153.20144653,,,,,-0.18882559,0.19682543,-9.82254410,-0.05975700,-0.05738769,0.01033473,-1.01532640,-1.51789781,-1.72853508,0.03472702,0.34028798,1.02684939,,,,,,,3,,,,,,,,,
24.867761,10247,20780934,,178.71717834,1.57861805,-153.18702698,,,,,-0.25884846,0.24321817,-9.80728245,-0.02208311,0.01519853,-0.00196576,0.07351507,-2.55185131,-1.73560795,0.03926982,0.33828807,1.03475666,,,,,,,3,,,,,,,,,
24.877706,10248,20781034,,178.72619629,1.59923947,-153.18139648,,,,,-0.26870036,0.19801214,-9.84498596,0.00282218,-0.02174770,0.03497410,0.68587714,-2.27077835,-0.60780792,0.04160403,0.33728921,1.03376305,,,,,,,3,,,,,,,,,
24.887750,10249,20781134,,178.73690796,1.61298788,-153.19111633,,,,,-0.26533866,0.18755640,-9.76900864,0.00313868,-0.02947511,-0.04127741,0.70299914,-1.53568511,1.41520516,0.04013241,0.33875442,1.03278935,,,,,,,3,,,,,,,,,
24.897736,10250,20781234,,178.74067688,1.61964023,-153.20245361,,,,,-0.23376210,0.16824356,-9.79983330,-0.01779876,-0.06212058,-0.01178741,-0.06955932,-0.98696596,1.28190271,0.03959178,0.34164366,1.03233755,,,,,,,3,,,,,,,,,
24.907711,10251,20781334,,178.73635864,1.62072062,-153.20887756,,,,,-0.23838374,0.15981680,-9.84046555,-0.00972712,-0.06956382,0.02875638,-0.75114301,-0.03807589,0.73210236,0.03972176,0.34020022,1.03528392,,,,,,,3,,,,,,,,,
24.917825,10252,20781434,,178.72920227,1.61551023,-153.21253967,,,,,-0.23033531,0.19604848,-9.82209110,-0.03149844,-0.04163601,0.01096153,-1.68255798,0.06524399,0.12642644,0.03974001,0.33828017,1.03475893,,,,,,,3,,,,,,,,,
24.927720,10253,20781534,,178.71452332,1.61695480,-153.20359802,,,,,-0.21932270,0.18538176,-9.83179855,-0.03610007,-0.05876511,0.02010322,-1.87265303,-0.60012118,-1.44148645,0.03924322,0.33972847,1.03477931,,,,,,,3,,,,,,,,,
24.937722,10254,20781634,,178.70278931,1.61992788,-153.18742371,,,,,-0.22725940,0.19580060,-9.78114223,-0.03248812,-0.04597176,-0.03006411,-1.43810700,-0.51121389,-1.66516351,0.03821670,0.33974683,1.03230071,,,,,,,3,,,,,,,,,
24.947759,10255,20781734,,178.69554138,1.62034583,-153.17735291,,,,,-0.24379157,0.20242685,-9.80171013,-0.02025155,-0.03411007,-0.00889039,-1.01956336,0.07192229,-1.08417418,0.03864407,0.33926031,1.03081083,,,,,,,3,,,,,,,,,
24.957757,10256,20781834,,178.70129395,1.61724961,-153.17144775,,,,,-0.26339978,0.22285476,-9.78951931,-0.01223781,-0.00539139,-0.02005339,0.03741496,-0.18145589,-0.26505323,0.04197768,0.34064332,1.03282845,,,,,,,3,,,,,,,,,
24.967829,10257,20781934,,178.71224976,1.61393988,-153.17329407,,,,,-0.27564660,0.20707841,-9.79851627,0.00545530,-0.01145642,-0.01106930,1.12823423,0.39166845,0.02707068,0.04334491,0.34110069,1.03185308,,,,,,,3,,,,,,,,,
24.977719,10258,20782034,,178.72242737,1.60273051,-153.17863464,,,,,-0.25014824,0.16709270,-9.82631302,0.00176821,-0.05726252,0.01510549,0.69547025,1.19438803,1.10810737,0.04049872,0.33970931,1.03033245,,,,,,,3,,,,,,,,,
24.987904,10259,20782134,,178.72911072,1.58841753,-153.19052124,,,,,-0.19943930,0.16076297,-9.79931831,-0.03888946,-0.08343042,-0.01340890,0.01240469,0.65094323,1.30409442,0.03961992,0.33732393,1.03078508,,,,,,,3,,,,,,,,,
24.998068,10260,20782234,,178.72367859,1.57914877,-153.19473267,,,,,-0.23028162,0.16399741,-9.82396793,-0.01081490,-0.06750422,0.01215363,-0.86022732,1.01038540,0.19752895,0.04013292,0.33779463,1.03227937,,,,,,,3,,,,,,,,,
25.007725,10261,20782334,,178.71855164,1.57159650,-153.18963623,,,,,-0.22546719,0.17715463,-9.82459354,-0.02004547,-0.05881054,0.01293516,-1.25862692,0.03260766,-0.72241705,0.03733791,0.33736148,1.03275323,,,,,,,3,,,,,,,,,
25.017748,10262,20782434,,178.70611572,1.56322241,-153.17320251,,,,,-0.20933606,0.18264878,-9.79537868,-0.03386821,-0.06166603,-0.01658010,-2.02180003,0.40001971,-1.83014086,0.03447346,0.33789012,1.03175771,,,,,,,3,,,,,,,,,
25.027756,10263,20782534,,178.69357300,1.56759715,-153.16316223,,,,,-0.20630886,0.19682431,-9.81595707,-0.04351580,-0.05295766,0.00421262,-1.33814996,-0.64011727,-1.39330224,0.03592785,0.33642545,1.03223658,,,,,,,3,,,,,,,,,
25.038429,10264,20782634,,178.69071960,1.57203794,-153.14337158,,,,,-0.23440552,0.20853986,-9.79447937,-0.02416105,-0.02987979,-0.01621366,-0.68671394,-0.89739123,-1.71239897,0.03776528,0.33687496,1.03126335,,,,,,,3,,,,,,,,,
25.047879,10265,20782734,,178.69137573,1.57478118,-153.13812256,,,,,-0.23219118,0.21000944,-9.80240059,-0.02736957,-0.02955187,-0.00832367,-0.08300896,-0.62107241,-0.60381716,0.03720742,0.33976471,1.03031683,,,,,,,3,,,,,,,,,
25.057873,10266,20782834,,178.69934082,1.57859159,-153.13008118,,,,,-0.24269114,0.21239133,-9.81819248,-0.02045238,-0.02236762,0.00780463,0.16522672,-0.66505008,-0.65495154,0.04048883,0.34210899,1.03135991,,,,,,,3,,,,,,,,,
25.068607,10267,20782934,,178.70410156,1.58626080,-153.12876892,,,,,-0.24371396,0.19905353,-9.80826187,-0.01537666,-0.03317869,-0.00240111,0.44577659,-1.28027883,0.06620374,0.04053267,0.34066808,1.03183210,,,,,,,3,,,,,,,,,
25.077904,10268,20783034,,178.71159363,1.58962572,-153.12879944,,,,,-0.24075872,0.16134064,-9.79882717,-0.00137998,-0.06676026,-0.01275754,0.49728969,-0.42092020,0.16640619,0.03957710,0.33684534,1.02929294,,,,,,,3,,,,,,,,,
25.087836,10269,20783134,,178.72172546,1.58949101,-153.13410950,,,,,-0.25116795,0.17009707,-9.81457806,0.00299371,-0.05328766,0.00347805,0.52210404,-0.23879742,0.31630515,0.03958597,0.33636519,1.02928543,,,,,,,3,,,,,,,,,
25.097852,10270,20783234,,178.72595215,1.59184313,-153.13372803,,,,,-0.23587707,0.19292408,-9.80935383,-0.02150450,-0.03945617,-0.00166035,-0.07651897,-0.41188306,0.01669471,0.04191917,0.33728588,1.02931166,,,,,,,3,,,,,,,,,
25.107899,10271,20783334,,178.72390747,1.58937562,-153.13278198,,,,,-0.26386040,0.18025921,-9.83099461,0.00957386,-0.03891410,0.02046013,-0.47960724,0.03148507,-0.39664227,0.04232829,0.33871940,1.02834690,,,,,,,3,,,,,,,,,
25.118330,10272,20783434,,178.71856689,1.58074224,-153.12289429,,,,,-0.21459873,0.17084453,-9.80712128,-0.02771290,-0.06931918,-0.00497484,-1.20491570,0.44632861,-0.83987784,0.03804391,0.34071168,1.02786219,,,,,,,3,,,,,,,,,
25.127852,10273,20783534,,178.71604919,1.57910419,-153.11486816,,,,,-0.22801061,0.20284271,-9.80589199,-0.02976526,-0.03475204,-0.00511050,-0.85441643,0.20938192,-0.90479089,0.03528437,0.33835799,1.02830589,,,,,,,3,,,,,,,,,
25.137984,10274,20783634,,178.70753479,1.57137799,-153.10481262,,,,,-0.23094136,0.18071391,-9.82422543,-0.01568700,-0.05471456,0.01279092,-1.36029717,0.24041119,-1.39554510,0.03713014,0.33928710,1.02783513,,,,,,,3,,,,,,,,,
25.149174,10275,20783734,,178.70208740,1.56687188,-153.09132385,,,,,-0.21156727,0.20167090,-9.78703117,-0.04092911,-0.04382361,-0.02443314,-0.87201580,0.06924492,-0.97856099,0.03718183,0.33928558,1.02931964,,,,,,,3,,,,,,,,,
25.157914,10276,20783834,,178.69908142,1.56753004,-153.08926392,,,,,-0.23697272,0.20748881,-9.81065750,-0.02114377,-0.02843523,0.00000477,-0.72906549,-0.23283224,-0.31989967,0.03580573,0.33930829,1.03030264,,,,,,,3,,,,,,,,,
25.167888,10277,20783934,,178.70222473,1.56749094,-153.08061218,,,,,-0.22977521,0.20095788,-9.78697968,-0.02494793,-0.03602237,-0.02400136,0.05708513,-0.53205109,-0.73890971,0.03761705,0.34023845,1.02884209,,,,,,,3,,,,,,,,,
25.177760,10278,20784034,,178.70338440,1.56887007,-153.07641602,,,,,-0.22857429,0.18768877,-9.81731796,-0.02039322,-0.04915202,0.00598812,-0.04614132,-0.17441484,-0.39557972,0.03854122,0.33830360,1.02733183,,,,,,,3,,,,,,,,,
25.187820,10279,20784134,,178.71195984,1.56745648,-153.07516479,,,,,-0.23140442,0.18392643,-9.79462719,-0.01658077,-0.04913212,-0.01669216,0.41317180,-0.37165388,-0.35560419,0.03625084,0.33786151,1.02879763,,,,,,,3,,,,,,,,,
25.197830,10280,20784234,,178.71772766,1.57007980,-153.07156372,,,,,-0.24156103,0.19202197,-9.79798698,-0.01180196,-0.03662302,-0.01287436,0.25911763,-0.20566743,-0.23812491,0.03765253,0.33831790,1.02881193,,,,,,,3,,,,,,,,,
25.207790,10281,20784334,,178.72673035,1.56894910,-153.07032776,,,,,-0.22062953,0.19592443,-9.81283951,-0.03328032,-0.04174960,0.00148487,0.48136527,-0.42055404,0.30889109,0.03527652,0.33691859,1.02729356,,,,,,,3,,,,,,,,,
25.217701,10282,20784434,,178.73471069,1.57441890,-153.07304382,,,,,-0.22202621,0.19119819,-9.79736614,-0.03116446,-0.04409093,-0.01404619,0.38855300,-0.80967837,-0.07152399,0.03572897,0.33787093,1.02731085,,,,,,,3,,,,,,,,,
25.227726,10283,20784534,,178.73768616,1.57799137,-153.07392883,,,,,-0.24175155,0.18367407,-9.79767036,-0.01086268,-0.04193792,-0.01336837,-0.15662189,-0.74564284,-0.06589969,0.03765253,0.33831790,1.02881193,,,,,,,3,,,,,,,,,
25.237711,10284,20784634,,178.73710632,1.58418322,-153.07014465,,,,,-0.23180929,0.18046789,-9.83143139,-0.01990688,-0.05127137,0.02002239,-0.54655147,-1.28802139,-0.48637425,0.03849738,0.33974451,1.02685964,,,,,,,3,,,,,,,,,
25.247765,10285,20784734,,178.73690796,1.58536506,-153.06704712,,,,,-0.25648928,0.18781886,-9.79314041,-0.00014958,-0.03212462,-0.01739740,-0.57088722,-0.15429312,-0.27283615,0.03800058,0.34119281,1.02688015,,,,,,,3,,,,,,,,,
25.257783,10286,20784834,,178.73783875,1.58798778,-153.06573486,,,,,-0.25755984,0.19214937,-9.80481339,-0.00194068,-0.02809698,-0.00560617,-0.31532417,-0.30281145,-0.37251982,0.03766038,0.33975729,1.02982426,,,,,,,3,,,,,,,,,
25.267754,10287,20784934,,178.73536682,1.58699441,-153.06083679,,,,,-0.23386744,0.20456365,-9.81206417,-0.02841745,-0.02852885,0.00125837,-0.73966424,-0.21363662,-0.48241039,0.04105556,0.33873910,1.03229892,,,,,,,3,,,,,,,,,
25.277758,10288,20785034,,178.73347473,1.58682191,-153.05912781,,,,,-0.22511986,0.20303135,-9.79557323,-0.03512179,-0.03313444,-0.01549506,-0.20677200,-0.03721197,-0.18009900,0.04192753,0.33776551,1.02981412,,,,,,,3,,,,,,,,,
25.287692,10289,20785134,,178.73536682,1.58389246,-153.05226135,,,,,-0.22484098,0.19531342,-9.79802895,-0.03171717,-0.03998066,-0.01321936,-0.25241583,-0.16169671,-0.50669662,0.04057854,0.33538806,1.03026450,,,,,,,3,,,,,,,,,
25.297830,10290,20785234,,178.74118042,1.57932270,-153.04891968,,,,,-0.23027319,0.17280118,-9.80500698,-0.01615104,-0.05633891,-0.00658131,-0.00733559,0.40953374,-0.07024926,0.03732068,0.33736199,1.03225839,,,,,,,3,,,,,,,,,
25.307833,10291,20785334,,178.73774719,1.57353532,-153.04701233,,,,,-0.22269119,0.19257772,-9.81180859,-0.03106285,-0.04279266,0.00044346,-0.71140854,0.05183855,-0.39783459,0.03396882,0.33789906,1.03076577,,,,,,,3,,,,,,,,,
25.317737,10292,20785434,,178.73963928,1.57362628,-153.04241943,,,,,-0.24216433,0.20128649,-9.81101036,-0.01808557,-0.02570215,0.00037217,-0.09237893,-0.41778600,-0.57623787,0.03533554,0.33931622,1.03030038,,,,,,,3,,,,,,,,,
25.327773,10293,20785534,,178.74154663,1.57301617,-153.04017639,,,,,-0.23152998,0.20334005,-9.80897522,-0.02809952,-0.02864212,-0.00191116,-0.67241222,-0.13980674,-0.28336403,0.03597016,0.33786383,1.03423858,,,,,,,3,,,,,,,,,
25.337755,10294,20785634,,178.73692322,1.57041121,-153.03784180,,,,,-0.22081837,0.19679126,-9.81764317,-0.03409169,-0.03990268,0.00631237,-0.74765508,0.00912657,-0.07975621,0.03641527,0.33641705,1.03273368,,,,,,,3,,,,,,,,,
25.347782,10295,20785734,,178.73234558,1.56950974,-153.03570557,,,,,-0.23112230,0.18510091,-9.80320454,-0.01924510,-0.04573681,-0.00809526,-0.49108420,-0.38544078,-0.34971177,0.03673723,0.33977261,1.03031456,,,,,,,3,,,,,,,,,
25.357755,10296,20785834,,178.72964478,1.57201612,-153.03747559,,,,,-0.23324503,0.20534571,-9.80551052,-0.02656370,-0.02773776,-0.00528240,-0.81744825,-0.53691221,0.04904948,0.03907776,0.34309247,1.03186321,,,,,,,3,,,,,,,,,
25.367881,10297,20785934,,178.72879028,1.57177377,-153.03474426,,,,,-0.24412957,0.20240189,-9.80996990,-0.01544374,-0.02555204,-0.00059080,-0.62288881,-0.27440432,-0.38992675,0.04101121,0.34113976,1.03233671,,,,,,,3,,,,,,,,,
25.377853,10298,20786034,,178.73123169,1.57337177,-153.03283691,,,,,-0.23189887,0.18551293,-9.79977131,-0.01908197,-0.04543611,-0.01149559,-0.25448778,-0.43360898,-0.07983447,0.04144745,0.34017310,1.03083932,,,,,,,3,,,,,,,,,
25.387826,10299,20786134,,178.72666931,1.57267892,-153.03001404,,,,,-0.22973427,0.19013861,-9.80766678,-0.02278008,-0.04322772,-0.00356674,-0.63031846,-0.34876267,-0.26271399,0.03909601,0.34117243,1.03133810,,,,,,,3,,,,,,,,,
25.397819,10300,20786234,,178.72438049,1.57569468,-153.02412415,,,,,-0.22425027,0.19714527,-9.82107639,-0.03101476,-0.04052652,0.00983548,-0.72212991,-0.22975030,-0.69259079,0.04102844,0.34113926,1.03283155,,,,,,,3,,,,,,,,,
25.407861,10301,20786334,,178.72532654,1.57672775,-153.02561951,,,,,-0.21552606,0.18846981,-9.81666470,-0.03540096,-0.05194340,0.00499344,-0.28154040,-0.51364479,-0.00773678,0.03878190,0.33925626,1.03476954,,,,,,,3,,,,,,,,,
25.417775,10302,20786434,,178.72097778,1.57323325,-153.02426147,,,,,-0.22267373,0.19543956,-9.79940510,-0.03099882,-0.04219658,-0.01190233,-0.45484876,-0.13030756,-0.20075251,0.03553443,0.33787075,1.03522611,,,,,,,3,,,,,,,,,
25.427815,10303,20786534,,178.72151184,1.57029641,-153.02090454,,,,,-0.23371404,0.19805610,-9.82998657,-0.02229423,-0.03583759,0.01902533,-0.55514545,-0.23105617,0.09193353,0.03933976,0.33636650,1.03571606,,,,,,,3,,,,,,,,,
25.437876,10304,20786634,,178.72290039,1.57253528,-153.02166748,,,,,-0.22875649,0.18123093,-9.80771351,-0.01896164,-0.05154834,-0.00374246,0.14900162,0.16941540,-0.16652974,0.04209145,0.33728081,1.03426003,,,,,,,3,,,,,,,,,
25.447741,10305,20786734,,178.72526550,1.57049036,-153.01547241,,,,,-0.22914711,0.20196319,-9.80760860,-0.02829195,-0.03340100,-0.00337577,-0.65812560,-0.56244271,-0.45957776,0.03874010,0.33685812,1.03225756,,,,,,,3,,,,,,,,,
25.457760,10306,20786834,,178.72703552,1.56994736,-153.01588440,,,,,-0.22278479,0.19908191,-9.80524349,-0.03251721,-0.03767870,-0.00597382,0.05361787,-0.06383828,-0.23483570,0.03782430,0.33927259,1.03427017,,,,,,,3,,,,,,,,,
25.467801,10307,20786934,,178.73168945,1.57057452,-153.01045227,,,,,-0.23195362,0.17767514,-9.80083561,-0.01511162,-0.05222826,-0.01060247,-0.21290135,-0.45725635,-0.28047361,0.04015749,0.34019330,1.03429651,,,,,,,3,,,,,,,,,
25.477767,10308,20787034,,178.73420715,1.57011282,-153.00941467,,,,,-0.22795324,0.19266532,-9.81248951,-0.02577640,-0.04038148,0.00126863,-0.04557081,-0.25867060,-0.37154185,0.03820834,0.33926719,1.03179824,,,,,,,3,,,,,,,,,
25.487720,10309,20787134,,178.73341370,1.56917989,-153.00387573,,,,,-0.23602942,0.18729262,-9.82004833,-0.01595900,-0.04191337,0.00892520,-0.37681914,-0.21238074,-0.29401440,0.03443014,0.33837128,1.03077567,,,,,,,3,,,,,,,,,
25.497802,10310,20787234,,178.73873901,1.56933832,-153.00199890,,,,,-0.24459963,0.18588835,-9.81004906,-0.00823510,-0.03820636,-0.00086427,0.00363030,-0.55461061,-0.56033218,0.03872186,0.33877817,1.03278267,,,,,,,3,,,,,,,,,
25.507748,10311,20787334,,178.74523926,1.57075489,-152.99638367,,,,,-0.23336758,0.18839158,-9.80423737,-0.01973161,-0.03981829,-0.00692177,0.11244922,-0.22811554,-0.52284383,0.03729407,0.33880243,1.03228104,,,,,,,3,,,,,,,,,
25.517808,10312,20787434,,178.75099182,1.57391477,-152.99212646,,,,,-0.22364859,0.18708692,-9.79910374,-0.02874285,-0.04439675,-0.01234412,0.33838382,-0.31173883,-0.42571438,0.03575506,0.33739027,1.02779818,,,,,,,3,,,,,,,,,
25.527733,10313,20787534,,178.75369263,1.57419646,-152.98751831,,,,,-0.23071831,0.19748239,-9.81038284,-0.02764592,-0.03223160,-0.00065303,-0.11932575,-0.40797977,-0.14966492,0.03859290,0.33830208,1.02881634,,,,,,,3,,,,,,,,,
25.537739,10314,20787634,,178.75424194,1.57358909,-152.98591614,,,,,-0.22088447,0.20679873,-9.79729462,-0.04021532,-0.02806444,-0.01380301,-0.54809691,-0.27892593,-0.55933326,0.03862685,0.33926082,1.03031600,,,,,,,3,,,,,,,,,
25.547769,10315,20787734,,178.75285339,1.56852615,-152.98107910,,,,,-0.23561849,0.19112301,-9.79801083,-0.01909893,-0.03493084,-0.01301765,-0.38648303,0.06893475,-0.34413735,0.03622474,0.33834216,1.02831030,,,,,,,3,,,,,,,,,
25.557730,10316,20787834,,178.75025940,1.57003498,-152.97653198,,,,,-0.23534675,0.18243028,-9.80045509,-0.01547100,-0.04388690,-0.01078057,-0.96436081,-0.54487621,-0.78158319,0.03662448,0.34121555,1.02786314,,,,,,,3,,,,,,,,,
25.567736,10317,20787934,,178.74511719,1.57001007,-152.97125244,,,,,-0.24142452,0.17875239,-9.82351017,-0.00814102,-0.04551871,0.01235032,-0.75422188,-0.08630766,-0.28577183,0.03904381,0.34213373,1.03036356,,,,,,,3,,,,,,,,,
25.577765,10318,20788034,,178.74761963,1.57080889,-152.96902466,,,,,-0.22752947,0.18769962,-9.81009865,-0.02513785,-0.04296592,-0.00123882,0.01481563,-0.49533535,-0.37776917,0.04048934,0.34114921,1.03084993,,,,,,,3,,,,,,,,,
25.587761,10319,20788134,,178.74914551,1.57293332,-152.96527100,,,,,-0.23271172,0.19523892,-9.79765511,-0.02404956,-0.03352907,-0.01336789,-0.21483397,-0.44474731,-0.19797517,0.03854753,0.34262231,1.02987409,,,,,,,3,,,,,,,,,
25.597846,10320,20788234,,178.75105286,1.57263434,-152.96347046,,,,,-0.22643097,0.19153297,-9.80422974,-0.02807925,-0.03974077,-0.00705075,-0.40905814,-0.32726246,-0.54252662,0.03807684,0.34358996,1.03038180,,,,,,,3,,,,,,,,,
25.607777,10321,20788334,,178.75083923,1.57442045,-152.95764160,,,,,-0.20965196,0.19033222,-9.80876732,-0.04284316,-0.04871698,-0.00300574,-0.44579791,-0.46895817,-0.35877260,0.03813841,0.34118876,1.03083885,,,,,,,3,,,,,,,,,
25.617810,10322,20788434,,178.74746704,1.57458365,-152.95259094,,,,,-0.22919820,0.19479200,-9.81280327,-0.02700147,-0.03661940,0.00166249,-0.85687813,-0.14036268,-0.42610130,0.03711139,0.34216693,1.02887011,,,,,,,3,,,,,,,,,
25.627764,10323,20788534,,178.74761963,1.57188249,-152.94458008,,,,,-0.23785333,0.18303697,-9.80561161,-0.01375131,-0.04243434,-0.00554180,-0.25554905,-0.18628927,-0.62961650,0.04046273,0.34258965,1.03087270,,,,,,,3,,,,,,,,,
25.637737,10324,20788634,,178.74636841,1.56651950,-152.94520569,,,,,-0.23885183,0.19127630,-9.80970573,-0.01541285,-0.03459663,-0.00123739,-0.54801100,0.27231604,-0.26986115,0.04331882,0.34158134,1.03136575,,,,,,,3,,,,,,,,,
25.647743,10325,20788734,,178.74421692,1.56564867,-152.93980408,,,,,-0.22888170,0.20136286,-9.81416321,-0.02886818,-0.03057447,0.00316548,-0.49801625,-0.19243679,-0.51046993,0.04079662,0.33970645,1.02538633,,,,,,,3,,,,,,,,,
25.657847,10326,20788834,,178.74601746,1.56852245,-152.93391418,,,,,-0.22301893,0.21155919,-9.80345917,-0.03935942,-0.02394491,-0.00747418,-0.37059030,-0.67965003,-0.78340530,0.03936150,0.33733153,1.02336252,,,,,,,3,,,,,,,,,
25.667768,10327,20788934,,178.74407959,1.57073641,-152.93409729,,,,,-0.24203256,0.17910263,-9.80010223,-0.00760365,-0.04441978,-0.01102018,-0.50783865,-0.40403490,0.09883905,0.03717500,0.33592665,1.02728736,,,,,,,3,,,,,,,,,
25.677871,10328,20789034,,178.74317932,1.56895006,-152.92799377,,,,,-0.21737364,0.20136294,-9.80628300,-0.03945099,-0.03624432,-0.00503206,-0.69425906,-0.32269506,-0.61354741,0.03858505,0.33686268,1.02780402,,,,,,,3,,,,,,,,,
25.687880,10329,20789134,,178.74319458,1.56509817,-152.92527771,,,,,-0.23129117,0.18714385,-9.81835651,-0.01998565,-0.04215454,0.00710917,-0.21903048,0.22731769,-0.17169983,0.04047313,0.33923018,1.02933526,,,,,,,3,,,,,,,,,
25.697758,10330,20789234,,178.74285889,1.56527388,-152.92366028,,,,,-0.23374054,0.17668058,-9.80634212,-0.01295253,-0.05031454,-0.00506186,-0.48601630,-0.21271307,-0.28257365,0.04230953,0.34159920,1.02938199,,,,,,,3,,,,,,,,,
25.707845,10331,20789334,,178.74382019,1.56484890,-152.91801453,,,,,-0.22667609,0.19213529,-9.80216408,-0.02636924,-0.03946688,-0.00908995,-0.35586881,-0.32313601,-0.60694566,0.04047313,0.33923018,1.02933526,,,,,,,3,,,,,,,,,
25.717806,10332,20789434,,178.74746704,1.56513536,-152.91815186,,,,,-0.22987951,0.19797920,-9.80178642,-0.02667121,-0.03213260,-0.00925303,0.02347370,-0.47988530,0.17477171,0.03530211,0.33739769,1.02829075,,,,,,,3,,,,,,,,,
25.727858,10333,20789534,,178.74697876,1.56772625,-152.91625977,,,,,-0.22662117,0.20309873,-9.80038452,-0.03183766,-0.02936166,-0.01063156,-0.48383155,-0.20324962,-0.34784176,0.03578850,0.33930880,1.02980781,,,,,,,3,,,,,,,,,
25.737782,10334,20789634,,178.74778748,1.56453645,-152.91189575,,,,,-0.22948501,0.18692289,-9.81284332,-0.02207045,-0.04247630,0.00154757,-0.19559577,-0.33258960,-0.11233663,0.03850523,0.34118390,1.02787209,,,,,,,3,,,,,,,,,
25.747899,10335,20789734,,178.74928284,1.56876040,-152.90718079,,,,,-0.22155717,0.19227538,-9.80871391,-0.03198821,-0.04142805,-0.00268126,-0.45911939,-0.47816788,-0.63088456,0.03764366,0.33879805,1.02881944,,,,,,,3,,,,,,,,,
25.757776,10336,20789834,,178.74798584,1.56448531,-152.90483093,,,,,-0.21903630,0.20052204,-9.81007004,-0.03729006,-0.03495976,-0.00120974,-0.37886368,0.00527095,-0.33804714,0.03960167,0.33924398,1.03131008,,,,,,,3,,,,,,,,,
25.767961,10337,20789934,,178.75328064,1.56181812,-152.90374756,,,,,-0.21844344,0.18840998,-9.81374931,-0.03239956,-0.04500869,0.00218964,0.08121015,-0.07091463,-0.26883673,0.03906308,0.33829415,1.02881861,,,,,,,3,,,,,,,,,
25.777767,10338,20790034,,178.75311279,1.56265152,-152.89959717,,,,,-0.23135683,0.18496868,-9.79998112,-0.01957745,-0.04209407,-0.01129341,-0.27770445,-0.71770224,-0.26203319,0.03905370,0.33973405,1.02933609,,,,,,,3,,,,,,,,,
25.787795,10339,20790134,,178.75373840,1.56663430,-152.90406799,,,,,-0.22838257,0.19969691,-9.80714893,-0.02929295,-0.03057939,-0.00389671,-0.22738548,-0.35312417,0.33842904,0.03811282,0.34070966,1.02984154,,,,,,,3,,,,,,,,,
25.797782,10340,20790234,,178.76142883,1.56287825,-152.89962769,,,,,-0.22812192,0.18457213,-9.81067467,-0.02251651,-0.04267671,-0.00069737,0.14231508,0.31017890,-0.28755611,0.03814881,0.33782932,1.02930140,,,,,,,3,,,,,,,,,
25.807976,10341,20790334,,178.75956726,1.55779040,-152.89483643,,,,,-0.23918691,0.19510074,-9.81298733,-0.01678781,-0.02856853,0.00214410,-0.58164311,-0.01071285,-0.68091543,0.03723454,0.33736452,1.02978420,,,,,,,3,,,,,,,,,
25.817865,10342,20790434,,178.76376343,1.55158424,-152.89387512,,,,,-0.22265729,0.19665498,-9.80858231,-0.03145673,-0.03332397,-0.00267172,-0.16089510,0.16429030,0.18254284,0.03578901,0.33834904,1.02929783,,,,,,,3,,,,,,,,,
25.827898,10343,20790534,,178.76234436,1.55466318,-152.89242554,,,,,-0.23077495,0.18925689,-9.81441879,-0.02151574,-0.03688038,0.00322032,-0.37227340,-0.52809870,-0.38072101,0.03866130,0.33925980,1.03130567,,,,,,,3,,,,,,,,,
25.837900,10344,20790634,,178.76025391,1.55668926,-152.88887024,,,,,-0.22912997,0.18983236,-9.79995441,-0.02307781,-0.03720679,-0.01126933,-0.52649755,-0.41205597,-0.13039379,0.03964398,0.34068239,1.03331220,,,,,,,3,,,,,,,,,
25.847911,10345,20790734,,178.75836182,1.54996002,-152.89074707,,,,,-0.20746517,0.19872652,-9.81617832,-0.04523809,-0.03926301,0.00455666,-0.45766910,0.36188992,-0.22589693,0.03683173,0.34024972,1.03329122,,,,,,,3,,,,,,,,,
25.857972,10346,20790834,,178.76234436,1.54363477,-152.88854980,,,,,-0.22353591,0.19758753,-9.81166553,-0.02988907,-0.03158172,0.00046110,0.07882358,0.21043099,0.04678713,0.03819111,0.33926770,1.03130341,,,,,,,3,,,,,,,,,
25.867818,10347,20790934,,178.76264954,1.54241085,-152.88365173,,,,,-0.23065554,0.20444638,-9.79919720,-0.02616804,-0.02231456,-0.01165819,-0.85112903,-0.17405993,-0.68333519,0.03867802,0.34021908,1.03231049,,,,,,,3,,,,,,,,,
25.877878,10348,20791034,,178.76078796,1.54014874,-152.87687683,,,,,-0.22703199,0.19654329,-9.80304146,-0.02546000,-0.03075026,-0.00808263,-0.40580344,0.01505396,-0.71750646,0.03631037,0.33929938,1.03129447,,,,,,,3,,,,,,,,,
25.887783,10349,20791134,,178.76426697,1.54021275,-152.86843872,,,,,-0.22392936,0.19349431,-9.80822468,-0.02742409,-0.03451049,-0.00305247,-0.00114062,-0.34765193,-0.92351233,0.03728520,0.33928254,1.03228867,,,,,,,3,,,,,,,,,
25.897809,10350,20791234,,178.76419067,1.53628302,-152.86398315,,,,,-0.23608604,0.19093388,-9.80304050,-0.01441261,-0.03097189,-0.00796199,-0.53779053,0.10122053,-0.21276150,0.03918266,0.34021014,1.03330231,,,,,,,3,,,,,,,,,
25.907798,10351,20791334,,178.76837158,1.53800344,-152.86425781,,,,,-0.22449043,0.19811995,-9.81750298,-0.02918711,-0.02972846,0.00633597,-0.01757643,-0.54085963,0.11449773,0.03732954,0.33688188,1.03225088,,,,,,,3,,,,,,,,,
25.917889,10352,20791434,,178.76612854,1.53918183,-152.86189270,,,,,-0.22971283,0.18667646,-9.81201744,-0.01930641,-0.03785546,0.00074482,-0.38693729,-0.60581425,-0.37294114,0.03684111,0.33880982,1.03277373,,,,,,,3,,,,,,,,,
25.927962,10353,20791534,,178.76144409,1.53737187,-152.85913086,,,,,-0.21803428,0.18520221,-9.81826973,-0.02776967,-0.04549442,0.00664949,-1.12036159,0.14270600,-0.35579787,0.04019143,0.34115204,1.03579617,,,,,,,3,,,,,,,,,
25.937796,10354,20791634,,178.75794983,1.54033554,-152.85960388,,,,,-0.23753808,0.20416968,-9.80915546,-0.01969820,-0.02012039,-0.00152755,-0.66630539,-0.63966664,-0.29804646,0.03967843,0.34068137,1.03430188,,,,,,,3,,,,,,,,,
25.947842,10355,20791734,,178.76293945,1.53920817,-152.85710144,,,,,-0.22083421,0.19426958,-9.80549622,-0.03014930,-0.03512943,-0.00584602,0.20373492,-0.14349611,-0.09079691,0.03547439,0.33739263,1.03323913,,,,,,,3,,,,,,,,,
25.957784,10356,20791834,,178.76493835,1.54019225,-152.85366821,,,,,-0.22878271,0.19454503,-9.81130600,-0.02369421,-0.03144812,0.00017905,-0.13730621,-0.47645078,-0.29719727,0.03598790,0.33690357,1.03422356,,,,,,,3,,,,,,,,,
25.967887,10357,20791934,,178.76742554,1.54395568,-152.85124207,,,,,-0.21862699,0.18216497,-9.81242371,-0.02795713,-0.04706952,0.00075388,-0.08410682,-0.73939172,-0.08624700,0.03877456,0.33685711,1.03324723,,,,,,,3,,,,,,,,,
25.977793,10358,20792034,,178.76910400,1.54573619,-152.84849548,,,,,-0.22287489,0.19635083,-9.81337643,-0.03090141,-0.03260792,0.00212502,-0.41183607,-0.54734740,-0.58541802,0.04056131,0.33538857,1.02976966,,,,,,,3,,,,,,,,,
25.987735,10359,20792134,,178.76754761,1.54555488,-152.84516907,,,,,-0.23245010,0.19794670,-9.80130100,-0.02250571,-0.02646251,-0.00965047,-0.51006006,-0.04913946,-0.36031900,0.04055142,0.33778825,1.03079712,,,,,,,3,,,,,,,,,
25.997784,10360,20792234,,178.77043152,1.54179966,-152.84629822,,,,,-0.22961192,0.18803905,-9.79998493,-0.02022012,-0.03544663,-0.01124835,0.11825010,0.22874693,-0.26255949,0.03965285,0.34020224,1.03330457,,,,,,,3,,,,,,,,,
26.007864,10361,20792334,,178.77403259,1.53907061,-152.84150696,,,,,-0.22777635,0.18974945,-9.81099224,-0.02279040,-0.03470502,-0.00026131,-0.13978037,-0.15639396,-0.20516193,0.03592582,0.34026453,1.03427637,,,,,,,3,,,,,,,,,
26.017807,10362,20792434,,178.77255249,1.53602743,-152.84304810,,,,,-0.21941932,0.20682348,-9.81609631,-0.03758166,-0.02364026,0.00498319,-0.51297058,-0.30243002,0.23668454,0.03536113,0.33979535,1.03129756,,,,,,,3,,,,,,,,,
26.027801,10363,20792534,,178.77239990,1.53538632,-152.84257507,,,,,-0.22479598,0.18225735,-9.81584835,-0.02116887,-0.04290843,0.00435591,-0.51106906,-0.06830552,0.24795350,0.03810548,0.33831048,1.02831924,,,,,,,3,,,,,,,,,
26.037819,10364,20792634,,178.77011108,1.53440487,-152.84393311,,,,,-0.23324785,0.18728647,-9.80168438,-0.01560886,-0.03459191,-0.00946760,-0.72080171,-0.33400516,-0.24360550,0.04008175,0.33683640,1.03028488,,,,,,,3,,,,,,,,,
26.047843,10365,20792734,,178.76977539,1.53593290,-152.84367371,,,,,-0.22157261,0.19313611,-9.80342293,-0.02872556,-0.03473733,-0.00791693,-0.49683303,-0.17634785,-0.03726363,0.04056029,0.33730811,1.03078949,,,,,,,3,,,,,,,,,
26.057731,10366,20792834,,178.76919556,1.53292251,-152.84817505,,,,,-0.22592156,0.19688413,-9.80786228,-0.02652052,-0.02934583,-0.00328350,-0.22272640,-0.33011729,0.39029867,0.04147355,0.33969244,1.03132665,,,,,,,3,,,,,,,,,
26.067877,10367,20792934,,178.77369690,1.53590524,-152.84416199,,,,,-0.23008431,0.18819174,-9.80066109,-0.01954801,-0.03450904,-0.01055479,-0.01164462,-0.60647155,-0.90389251,0.04107177,0.34065813,1.03381371,,,,,,,3,,,,,,,,,
26.077842,10368,20793034,,178.77590942,1.54145849,-152.83685303,,,,,-0.22150522,0.19336998,-9.80616379,-0.03052641,-0.03416071,-0.00517821,-0.25210186,-0.66064930,-0.71827993,0.03956620,0.34116453,1.03134036,,,,,,,3,,,,,,,,,
26.087848,10369,20793134,,178.77359009,1.54332304,-152.83799744,,,,,-0.23622103,0.19377802,-9.79992294,-0.01754210,-0.02763584,-0.01101232,-0.76775312,-0.52853220,0.23587869,0.03809611,0.33975038,1.02883685,,,,,,,3,,,,,,,,,
26.097888,10370,20793234,,178.77284241,1.54282880,-152.83851624,,,,,-0.22434944,0.19031869,-9.80101585,-0.02636233,-0.03609353,-0.01031280,-0.56453723,-0.28579819,-0.03547292,0.03769483,0.33975628,1.03081393,,,,,,,3,,,,,,,,,
26.107774,10371,20793334,,178.77182007,1.54072952,-152.83753967,,,,,-0.23051691,0.20022438,-9.81265068,-0.02526505,-0.02457914,0.00169468,-0.26968698,-0.17329024,-0.08947759,0.03631873,0.33977902,1.03179693,,,,,,,3,,,,,,,,,
26.117835,10372,20793434,,178.77244568,1.53879833,-152.83190918,,,,,-0.23747808,0.19571997,-9.79992104,-0.01627049,-0.02500830,-0.01093888,-0.61172642,0.01809110,-0.06023761,0.03676282,0.34025174,1.03131187,,,,,,,3,,,,,,,,,
26.127909,10373,20793534,,178.76715088,1.53730762,-152.83290100,,,,,-0.22857024,0.19341238,-9.80751514,-0.02279887,-0.03184867,-0.00363660,-0.58404153,-0.10222651,0.19091180,0.03822455,0.34118623,1.03331304,,,,,,,3,,,,,,,,,
26.137845,10374,20793634,,178.76589966,1.53650188,-152.82772827,,,,,-0.22611855,0.20063345,-9.81368065,-0.02808483,-0.02706188,0.00261569,-0.63450825,-0.15962997,-0.71704217,0.03960065,0.34116352,1.03233004,,,,,,,3,,,,,,,,,
26.147829,10375,20793734,,178.76765442,1.53534496,-152.82196045,,,,,-0.23667490,0.19045129,-9.80406857,-0.01423051,-0.03068337,-0.00692582,-0.33732914,-0.54362052,-0.80905506,0.03817388,0.33926821,1.03080857,,,,,,,3,,,,,,,,,
26.157795,10376,20793834,,178.77014160,1.53769732,-152.81861877,,,,,-0.22652018,0.18999556,-9.80342293,-0.02347920,-0.03533306,-0.00785518,-0.16232785,-0.51476137,-0.29339731,0.03958393,0.34020427,1.03132522,,,,,,,3,,,,,,,,,
26.167859,10377,20793934,,178.76528931,1.53859735,-152.81355286,,,,,-0.23102480,0.20476119,-9.80401516,-0.02556470,-0.02106965,-0.00682545,-0.85882100,-0.04477345,-0.55553402,0.04104618,0.34017900,1.03281641,,,,,,,3,,,,,,,,,
26.177853,10378,20794034,,178.75982666,1.53474617,-152.81236267,,,,,-0.23085099,0.19580391,-9.80473900,-0.02072470,-0.02974334,-0.00629950,-0.90528277,0.03426266,-0.20993080,0.03864356,0.34022009,1.03132081,,,,,,,3,,,,,,,,,
26.187834,10379,20794134,,178.76327515,1.53061247,-152.81501770,,,,,-0.22039092,0.18998294,-9.81377316,-0.02736359,-0.03870457,0.00232506,0.11726324,0.02444004,0.26040019,0.03862685,0.33926082,1.03031600,,,,,,,3,,,,,,,,,
