time_seconds,total_vibration,rms_x,rms_y,rms_z
0.308,0.343992,0.020817,0.014710,0.343046
0.318,0.343984,0.020801,0.014578,0.343045
0.328,0.343973,0.020773,0.014571,0.343036
0.338,0.343951,0.020721,0.014636,0.343015
0.348,0.343948,0.020741,0.014500,0.343016
0.358,0.343967,0.020685,0.014526,0.343037
0.368,0.343987,0.020834,0.014535,0.343048
0.378,0.343987,0.020801,0.014542,0.343049
0.388,0.343996,0.020832,0.014543,0.343057
0.398,0.343977,0.020787,0.014585,0.343039
0.408,0.343994,0.020782,0.014482,0.343060
0.418,0.343983,0.020726,0.014486,0.343053
0.428,0.343980,0.020662,0.014528,0.343052
0.438,0.343959,0.020737,0.014533,0.343025
0.448,0.343965,0.020696,0.014529,0.343034
0.458,0.343950,0.020678,0.014492,0.343022
0.468,0.343909,0.020663,0.014415,0.342985
0.478,0.343904,0.020691,0.014426,0.342978
0.488,0.343888,0.020654,0.014344,0.342967
0.498,0.343904,0.020592,0.014284,0.342990
0.508,0.343891,0.020586,0.014278,0.342978
0.518,0.009559,0.006386,0.005413,0.004614
0.528,0.009533,0.006357,0.005390,0.004628
0.538,0.009615,0.006354,0.005508,0.004662
0.548,0.009576,0.006357,0.005513,0.004570
0.558,0.009331,0.006249,0.005234,0.004541
0.568,0.009338,0.006244,0.005207,0.004593
0.578,0.009300,0.006237,0.005169,0.004570
0.588,0.009480,0.006407,0.005195,0.004672
0.598,0.009594,0.006368,0.005449,0.004669
0.608,0.009727,0.006372,0.005462,0.004916
0.618,0.009797,0.006438,0.005482,0.004947
0.628,0.009904,0.006607,0.005472,0.004948
0.638,0.010018,0.006725,0.005474,0.005018
0.648,0.010032,0.006714,0.005533,0.004994
0.658,0.010029,0.006709,0.005555,0.004972
0.668,0.010143,0.006726,0.005570,0.005158
0.678,0.010285,0.006839,0.005509,0.005354
0.688,0.010111,0.006725,0.005324,0.005353
0.698,0.009801,0.006410,0.005079,0.005400
0.708,0.009776,0.006448,0.005079,0.005311
0.718,0.009806,0.006257,0.005204,0.005471
0.728,0.009818,0.006256,0.005238,0.005461
0.738,0.009820,0.006220,0.005255,0.005488
0.748,0.009927,0.006160,0.005511,0.005497
0.758,0.009989,0.006121,0.005674,0.005488
0.768,0.009774,0.006084,0.005410,0.005409
0.778,0.009864,0.006166,0.005431,0.005456
0.788,0.009690,0.006004,0.005433,0.005324
0.798,0.009688,0.005999,0.005445,0.005312
0.808,0.009929,0.006166,0.005655,0.005347
0.818,0.009960,0.006225,0.005684,0.005305
0.828,0.009968,0.006222,0.005658,0.005351
0.838,0.009780,0.006252,0.005423,0.005211
0.848,0.009620,0.006008,0.005432,0.005192
0.858,0.009559,0.005985,0.005331,0.005209
0.868,0.009209,0.005303,0.005369,0.005278
0.878,0.009184,0.005303,0.005347,0.005258
0.888,0.009131,0.005143,0.005308,0.005363
0.898,0.009133,0.005208,0.005287,0.005323
0.908,0.009322,0.005485,0.005330,0.005330
0.918,0.009653,0.005819,0.005585,0.005304
0.928,0.009500,0.005809,0.005361,0.005269
0.938,0.009320,0.005541,0.005376,0.005222
0.948,0.009321,0.005525,0.005389,0.005226
0.958,0.009321,0.005585,0.005372,0.005179
0.968,0.009321,0.005603,0.005404,0.005126
0.978,0.009308,0.005556,0.005396,0.005162
0.988,0.009386,0.005614,0.005363,0.005274
0.998,0.009492,0.005617,0.005547,0.005270
1.008,0.009588,0.005636,0.005650,0.005314
1.018,0.009582,0.005626,0.005585,0.005383
1.028,0.009796,0.005638,0.005942,0.005372
1.038,0.009803,0.005581,0.005947,0.005440
1.048,0.009850,0.005562,0.006024,0.005459
1.058,0.012877,0.008456,0.006806,0.006927
1.068,0.014812,0.011093,0.006996,0.006883
1.078,0.016164,0.012638,0.006980,0.007269
1.088,0.018073,0.014948,0.006973,0.007388
1.098,0.020056,0.015915,0.009272,0.007935
1.108,0.022279,0.016467,0.012768,0.007884
1.118,0.027238,0.020874,0.015638,0.007850
1.128,0.030924,0.024878,0.016612,0.007837
1.138,0.044361,0.037265,0.021116,0.011547
1.148,0.044550,0.037301,0.021389,0.011657
1.158,0.045559,0.038121,0.021391,0.012838
1.168,0.045658,0.038236,0.021413,0.012811
1.178,0.046300,0.038696,0.021578,0.013443
1.188,0.046385,0.038790,0.021579,0.013464
1.198,0.046462,0.038807,0.021590,0.013661
1.208,0.047199,0.039129,0.022567,0.013689
1.218,0.047618,0.039167,0.023166,0.014029
1.228,0.047968,0.039405,0.023215,0.014465
1.238,0.049131,0.040507,0.023690,0.014555
1.248,0.049523,0.040719,0.024088,0.014639
1.258,0.050294,0.041356,0.024463,0.014856
1.268,0.050350,0.041345,0.024599,0.014854
1.278,0.050530,0.041345,0.024844,0.015055
1.288,0.050935,0.041368,0.025620,0.015056
1.298,0.051650,0.042256,0.025608,0.015045
1.308,0.051964,0.042364,0.026030,0.015100
1.318,0.052117,0.042391,0.026051,0.015510
1.328,0.053152,0.042391,0.027433,0.016602
1.338,0.054344,0.042513,0.027434,0.019831
1.348,0.054816,0.042517,0.027957,0.020383
1.358,0.054932,0.042570,0.028027,0.020488
1.368,0.057074,0.044884,0.028706,0.020466
1.378,0.058030,0.044884,0.030494,0.020567
1.388,0.058392,0.045266,0.030510,0.020732
1.398,0.061340,0.046380,0.031965,0.024285
1.408,0.061477,0.046303,0.032022,0.024699
1.418,0.063690,0.048800,0.032094,0.025396
1.428,0.067686,0.048898,0.039215,0.025544
1.438,0.069330,0.048956,0.039956,0.028521
1.448,0.072728,0.052080,0.041971,0.028557
1.458,0.073422,0.052672,0.041981,0.029223
1.468,0.074418,0.053981,0.042053,0.029253
1.478,0.074955,0.053988,0.042904,0.029373
1.488,0.076446,0.055742,0.042845,0.030020
1.498,0.076832,0.056309,0.042788,0.030027
1.508,0.077304,0.056631,0.042832,0.030566
1.518,0.077337,0.056647,0.042761,0.030719
1.528,0.077575,0.056627,0.042786,0.031315
1.538,0.077633,0.056565,0.042790,0.031564
1.548,0.078197,0.057328,0.042620,0.031811
1.558,0.078297,0.057299,0.043070,0.031499
1.568,0.078108,0.056819,0.042780,0.032286
1.578,0.078352,0.056054,0.043985,0.032592
1.588,0.078539,0.055914,0.044550,0.032514
1.598,0.078994,0.056060,0.045038,0.032695
1.608,0.080457,0.058951,0.043515,0.033233
1.618,0.079187,0.058210,0.041422,0.034153
1.628,0.082949,0.063397,0.041161,0.034162
1.638,0.077486,0.056494,0.041280,0.033294
1.648,0.081980,0.062276,0.041317,0.033695
1.658,0.084149,0.064324,0.042871,0.033250
1.668,0.089377,0.070858,0.043152,0.033247
1.678,0.089903,0.071506,0.043356,0.033012
1.688,0.097210,0.079351,0.043395,0.035637
1.698,0.101377,0.080413,0.043577,0.043729
1.708,0.106260,0.084441,0.043717,0.047430
1.718,0.107705,0.084441,0.043730,0.050574
1.728,0.111677,0.084423,0.043568,0.058707
1.738,0.112221,0.084475,0.044361,0.059072
1.748,0.116773,0.084871,0.052146,0.060939
1.758,0.122517,0.084847,0.055552,0.068742
1.768,0.136708,0.085856,0.056929,0.089872
1.778,0.143916,0.085831,0.065165,0.095385
1.788,0.150241,0.085787,0.077561,0.095903
1.798,0.157104,0.086879,0.089084,0.095904
1.808,0.163319,0.090361,0.089161,0.102755
1.818,0.165675,0.091169,0.092115,0.103206
1.828,0.173084,0.091383,0.099943,0.107791
1.838,0.174534,0.091520,0.101397,0.108650
1.848,0.187912,0.092688,0.113343,0.117785
1.858,0.195778,0.093172,0.121931,0.121576
1.868,0.211634,0.092439,0.121965,0.146180
1.878,0.214347,0.092639,0.122376,0.149622
1.888,0.219080,0.093401,0.122352,0.155892
1.898,0.232666,0.094687,0.122232,0.173859
1.908,0.238465,0.098888,0.125536,0.176996
1.918,0.243224,0.099486,0.126972,0.182041
1.928,0.248537,0.100266,0.125863,0.189409
1.938,0.248221,0.100927,0.125316,0.189006
1.948,0.253812,0.099439,0.137091,0.189046
1.958,0.256285,0.099181,0.139112,0.191031
1.968,0.258354,0.099093,0.139396,0.193640
1.978,0.268270,0.099088,0.156993,0.193657
1.988,0.271876,0.098350,0.156964,0.199013
1.998,0.278537,0.103787,0.159588,0.203329
2.008,0.281078,0.104723,0.163480,0.203254
2.018,0.284433,0.106203,0.167362,0.203993
2.028,0.286536,0.106475,0.167473,0.206685
2.038,0.292720,0.119272,0.167988,0.207941
2.048,0.295340,0.119033,0.172720,0.207905
2.058,0.299232,0.125911,0.174442,0.207982
2.068,0.303116,0.126630,0.175262,0.212432
2.078,0.311224,0.139922,0.176948,0.214409
2.088,0.315198,0.141831,0.178580,0.217585
2.098,0.319746,0.148230,0.179660,0.219061
2.108,0.328867,0.154720,0.184499,0.223998
2.118,0.332885,0.157423,0.184098,0.228338
2.128,0.332575,0.154684,0.182968,0.230656
2.138,0.339032,0.154508,0.193572,0.231517
2.148,0.343942,0.156026,0.197597,0.234322
2.158,0.343063,0.155950,0.196047,0.234387
2.168,0.346461,0.154897,0.195933,0.240109
2.178,0.351117,0.155577,0.201534,0.241791
2.188,0.357948,0.151416,0.215670,0.242252
2.198,0.359426,0.151194,0.217141,0.243264
2.208,0.364830,0.158108,0.220084,0.244266
2.218,0.371688,0.163965,0.227586,0.243870
2.228,0.374021,0.164536,0.230504,0.244311
2.238,0.378036,0.174284,0.229869,0.244328
2.248,0.381118,0.174339,0.232205,0.246856
2.258,0.389836,0.197391,0.228184,0.246862
2.268,0.387898,0.201000,0.224832,0.243956
2.278,0.389775,0.205630,0.224771,0.243145
2.288,0.398802,0.206939,0.239026,0.243076
2.298,0.400294,0.205798,0.241111,0.244434
2.308,0.397417,0.205387,0.238854,0.242290
2.318,0.398080,0.204863,0.240495,0.242200
2.328,0.400563,0.206758,0.244437,0.240734
2.338,0.408609,0.207244,0.257558,0.240157
2.348,0.405445,0.209925,0.249977,0.240477
2.358,0.406002,0.213260,0.250045,0.238401
2.368,0.401527,0.214628,0.248046,0.231585
2.378,0.421500,0.246726,0.247493,0.235660
2.388,0.431524,0.258394,0.252336,0.236160
2.398,0.422349,0.256514,0.250260,0.223493
2.408,0.430401,0.267841,0.252619,0.222913
2.418,0.436080,0.269454,0.264164,0.218582
2.428,0.442374,0.268903,0.279242,0.213096
2.438,0.445063,0.275645,0.276740,0.213344
2.448,0.456258,0.284637,0.282628,0.217428
2.458,0.460189,0.287228,0.282065,0.222964
2.468,0.462262,0.291781,0.282183,0.221186
2.478,0.474500,0.293255,0.297169,0.225482
2.488,0.470572,0.293183,0.294928,0.220226
2.498,0.467201,0.294072,0.287719,0.221396
2.508,0.469548,0.296259,0.288264,0.222733
2.518,0.470492,0.294579,0.291407,0.222864
2.528,0.468806,0.295916,0.287166,0.223043
2.538,0.478716,0.313150,0.285963,0.222106
2.548,0.479253,0.312721,0.287265,0.222188
2.558,0.479908,0.307409,0.291335,0.225688
2.568,0.478911,0.307935,0.291451,0.222685
2.578,0.482633,0.306671,0.300287,0.220715
2.588,0.482687,0.305487,0.302517,0.219427
2.598,0.477880,0.298486,0.301867,0.219436
2.608,0.476615,0.299987,0.301863,0.214589
2.618,0.472522,0.300456,0.298378,0.209698
2.628,0.472605,0.299671,0.299454,0.209476
2.638,0.474016,0.299862,0.301906,0.208870
2.648,0.472608,0.299463,0.301905,0.206236
2.658,0.528345,0.309438,0.375111,0.206611
2.668,0.526135,0.309768,0.373805,0.202811
2.678,0.539069,0.310131,0.392256,0.201368
2.688,0.542206,0.312677,0.391019,0.208144
2.698,0.550915,0.328399,0.391950,0.205026
2.708,0.546007,0.329606,0.383790,0.205399
2.718,0.546230,0.329704,0.383673,0.206053
2.728,0.549091,0.331977,0.387263,0.203274
2.738,0.546500,0.321990,0.392066,0.203148
2.748,0.552688,0.323382,0.400472,0.201273
2.758,0.549108,0.316409,0.402540,0.198410
2.768,0.548404,0.319351,0.400737,0.195376
2.778,0.549810,0.316211,0.405797,0.193985
2.788,0.546525,0.317624,0.399364,0.195738
2.798,0.548435,0.319130,0.401477,0.194302
2.808,0.549949,0.319449,0.403608,0.193640
2.818,0.545444,0.322899,0.394679,0.193581
2.828,0.547455,0.325891,0.394607,0.194390
2.838,0.555606,0.334636,0.398606,0.194500
2.848,0.561480,0.342006,0.402744,0.189970
2.858,0.559979,0.338565,0.403574,0.189941
2.868,0.558326,0.339805,0.403599,0.182670
2.878,0.550288,0.327614,0.406313,0.174342
2.888,0.546452,0.325654,0.405422,0.167907
2.898,0.546148,0.324446,0.405752,0.168459
2.908,0.556228,0.330292,0.414657,0.168393
2.918,0.554092,0.329941,0.410876,0.171286
2.928,0.549429,0.331768,0.403223,0.170920
2.938,0.548878,0.331575,0.402643,0.170891
2.948,0.542353,0.329051,0.397959,0.165834
2.958,0.539785,0.329686,0.395800,0.161299
2.968,0.542968,0.331003,0.398812,0.161863
2.978,0.538451,0.330200,0.391471,0.166277
2.988,0.538953,0.330145,0.391847,0.167126
2.998,0.537155,0.326750,0.394081,0.162698
3.008,0.534915,0.322368,0.395479,0.160651
3.018,0.534857,0.322445,0.394513,0.162668
3.028,0.534279,0.322451,0.394499,0.160779
3.038,0.530575,0.310833,0.397502,0.163965
3.048,0.532226,0.310835,0.397739,0.168670
3.058,0.532080,0.308905,0.400040,0.166299
3.068,0.532247,0.308143,0.400930,0.166102
3.078,0.529226,0.308825,0.395934,0.167163
3.088,0.527299,0.308572,0.394813,0.164166
3.098,0.528309,0.309402,0.395928,0.163160
3.108,0.530543,0.306185,0.399423,0.167891
3.118,0.536670,0.312767,0.402262,0.168454
3.128,0.538217,0.315224,0.403860,0.164950
3.138,0.542510,0.319305,0.406402,0.164920
3.148,0.548147,0.323162,0.410131,0.166805
3.158,0.485945,0.307254,0.337540,0.166747
3.168,0.486637,0.307698,0.339342,0.164269
3.178,0.480650,0.310280,0.328441,0.163941
3.188,0.476307,0.308035,0.328978,0.154129
3.198,0.470732,0.294431,0.333451,0.153976
3.208,0.473131,0.293870,0.337821,0.152875
3.218,0.473113,0.291898,0.337423,0.157409
3.228,0.469779,0.284728,0.337488,0.160385
3.238,0.468150,0.284430,0.333266,0.164919
3.248,0.464316,0.283606,0.328567,0.164926
3.258,0.462160,0.283301,0.325247,0.165972
3.268,0.461497,0.282244,0.326010,0.164425
3.278,0.457235,0.277611,0.319421,0.173107
3.288,0.456309,0.276471,0.319729,0.171915
3.298,0.458607,0.276389,0.320061,0.177455
3.310,0.456767,0.276306,0.317675,0.177127
3.318,0.455444,0.275260,0.316667,0.177151
3.331,0.460802,0.275221,0.324452,0.176982
3.338,0.447661,0.262814,0.315984,0.177436
3.348,0.431619,0.243128,0.310551,0.175334
3.358,0.432658,0.246470,0.309026,0.175920
3.368,0.431984,0.250271,0.305480,0.175089
3.378,0.427669,0.248278,0.299705,0.177301
3.389,0.431848,0.248742,0.299588,0.186727
3.398,0.443527,0.251633,0.313319,0.187692
3.409,0.429331,0.225469,0.315022,0.185068
3.420,0.424012,0.217949,0.314697,0.182348
3.428,0.438499,0.218665,0.332457,0.184226
3.438,0.457928,0.216775,0.358515,0.184860
3.448,0.456013,0.215846,0.356868,0.184402
3.458,0.465891,0.235556,0.358962,0.180869
3.468,0.468603,0.237906,0.360437,0.181867
3.478,0.466470,0.235535,0.362460,0.175329
3.488,0.468613,0.239271,0.363222,0.174405
3.498,0.469289,0.239402,0.363106,0.176274
3.508,0.471032,0.242993,0.363026,0.176174
3.518,0.474824,0.244272,0.367446,0.175421
3.529,0.478692,0.243093,0.372318,0.177287
3.538,0.480565,0.242767,0.369820,0.187722
3.548,0.482538,0.244995,0.372176,0.185218
3.558,0.487179,0.245110,0.372375,0.196473
3.568,0.510398,0.244201,0.402192,0.197772
3.578,0.517018,0.243917,0.407494,0.204354
3.588,0.524532,0.246072,0.415675,0.204443
3.598,0.526975,0.252371,0.415262,0.203885
3.608,0.521988,0.248976,0.413017,0.199749
3.618,0.537655,0.242809,0.436038,0.199968
3.628,0.549414,0.252098,0.440531,0.210320
3.638,0.552761,0.249536,0.445715,0.211221
3.648,0.561038,0.247644,0.457500,0.210071
3.658,0.577744,0.256889,0.460474,0.236135
3.668,0.579747,0.256401,0.460095,0.242235
3.678,0.588629,0.253179,0.470406,0.247188
3.688,0.594796,0.262357,0.471006,0.251206
3.698,0.599995,0.270925,0.472168,0.252291
3.708,0.615651,0.272228,0.489297,0.255942
3.718,0.634292,0.274014,0.513005,0.253119
3.728,0.644748,0.280485,0.521486,0.255107
3.738,0.707971,0.280508,0.598953,0.252574
3.748,0.732264,0.296364,0.620269,0.252279
3.758,0.744360,0.311782,0.625095,0.257136
3.768,0.760960,0.321996,0.638474,0.260251
3.778,0.761903,0.325386,0.638264,0.259304
3.788,0.770586,0.329935,0.638900,0.277043
3.798,0.835423,0.329623,0.711155,0.289029
3.808,0.843675,0.335671,0.717479,0.290407
3.818,0.850167,0.339006,0.717435,0.305197
3.828,0.860909,0.348375,0.718408,0.322008
3.838,0.869589,0.358705,0.718429,0.333728
3.848,0.874510,0.365591,0.717952,0.340084
3.858,0.875150,0.363977,0.719289,0.340633
3.868,0.876582,0.364109,0.720465,0.341690
3.878,0.884251,0.366880,0.721001,0.357010
3.888,0.886874,0.366974,0.727462,0.350248
3.898,0.905808,0.367781,0.725219,0.399104
3.908,0.909346,0.371952,0.727068,0.399917
3.918,0.912206,0.376973,0.728722,0.398716
3.928,0.908549,0.377187,0.722767,0.400998
3.938,0.894560,0.377635,0.705556,0.399775
3.948,0.899886,0.376715,0.703040,0.416672
3.958,0.895642,0.356555,0.701375,0.427921
3.968,0.895597,0.351346,0.703837,0.428093
3.978,0.902452,0.349034,0.713427,0.428504
3.988,0.905108,0.350785,0.716355,0.427791
3.998,0.918514,0.353672,0.723234,0.442173
4.008,0.928207,0.357094,0.726879,0.453539
4.018,0.933735,0.369181,0.727966,0.453465
4.028,0.940053,0.367792,0.739875,0.448346
4.038,0.984492,0.366769,0.770758,0.490548
4.048,1.001678,0.386018,0.768350,0.513796
4.058,0.995502,0.385443,0.761395,0.512576
4.068,0.994715,0.387270,0.759187,0.512947
4.078,1.017982,0.385785,0.781595,0.525896
4.088,1.015199,0.380450,0.781867,0.523996
4.098,1.020626,0.366906,0.785500,0.538560
4.108,1.029572,0.373178,0.785898,0.550563
4.118,1.034163,0.375386,0.791195,0.550081
4.128,1.026338,0.375227,0.782466,0.548017
4.138,1.023624,0.384845,0.773342,0.549220
4.148,1.027976,0.388804,0.776511,0.550088
4.158,1.023287,0.395354,0.775288,0.538276
4.168,1.048348,0.397446,0.782979,0.572726
4.178,1.093051,0.409568,0.801169,0.620599
4.188,1.108484,0.408136,0.818308,0.626526
4.198,1.103507,0.406519,0.812119,0.626843
4.208,1.095037,0.406409,0.804640,0.621684
4.218,1.085713,0.421921,0.786211,0.618568
4.229,1.075688,0.415870,0.774856,0.619479
4.238,1.054916,0.415033,0.737632,0.629677
4.248,1.036849,0.410931,0.716780,0.626432
4.258,1.049052,0.408241,0.721070,0.643356
4.268,1.049493,0.404762,0.716611,0.651207
4.278,1.049991,0.415948,0.715278,0.646409
4.288,1.070534,0.410857,0.718827,0.678622
4.299,1.030620,0.407702,0.656433,0.681948
4.308,1.044155,0.408434,0.666368,0.692384
4.318,1.063307,0.408348,0.690864,0.697554
4.328,1.062659,0.405116,0.708148,0.680919
4.338,1.064971,0.389204,0.711408,0.690350
4.348,1.080745,0.383943,0.735068,0.693017
4.358,1.087318,0.390652,0.736865,0.697625
4.368,1.083409,0.388751,0.737315,0.692108
4.378,1.085131,0.394079,0.737262,0.691850
4.388,1.078374,0.394688,0.726891,0.691912
4.398,1.079885,0.390606,0.726103,0.697389
4.408,1.099331,0.400717,0.727766,0.719938
4.419,1.104026,0.398606,0.730919,0.725082
4.428,1.102608,0.396262,0.729232,0.725907
4.438,1.108399,0.399304,0.729233,0.733024
4.448,1.106599,0.397726,0.729239,0.731154
4.458,1.122207,0.409828,0.733819,0.743572
4.468,1.129004,0.413226,0.736237,0.749566
4.478,1.126048,0.412996,0.731864,0.749529
4.488,1.122384,0.413090,0.727673,0.748060
4.498,1.120946,0.409788,0.721294,0.753876
4.508,1.121878,0.408619,0.719024,0.758053
4.518,1.116425,0.400386,0.715948,0.757307
4.528,1.114436,0.401073,0.703157,0.765949
4.538,1.070867,0.405122,0.674681,0.726249
4.548,1.058155,0.383749,0.674292,0.719555
4.558,1.062193,0.383352,0.682293,0.718172
4.568,1.062842,0.381869,0.670445,0.730966
4.578,1.043663,0.379587,0.648284,0.724482
4.588,1.036288,0.378971,0.637810,0.723514
4.598,1.041581,0.378740,0.638954,0.730196
4.608,1.032671,0.374196,0.640424,0.718501
4.619,1.032633,0.377663,0.638255,0.718563
4.628,1.053859,0.384833,0.664183,0.722068
4.638,1.051952,0.377638,0.665038,0.722300
4.648,1.050624,0.376805,0.658966,0.726356
4.658,1.046473,0.370487,0.671806,0.711704
4.668,1.040732,0.364041,0.663139,0.714733
4.678,0.983538,0.355602,0.638356,0.658328
4.688,0.973455,0.355075,0.622182,0.659110
4.698,0.973805,0.354328,0.621718,0.660465
4.708,0.975284,0.354770,0.621549,0.662567
4.718,0.980977,0.339010,0.638719,0.662893
4.728,0.988553,0.344395,0.649867,0.660532
4.738,0.985374,0.344971,0.645945,0.659326
4.748,1.008454,0.368866,0.660809,0.666519
4.758,0.999786,0.368583,0.656495,0.657824
4.768,1.003444,0.381390,0.657863,0.654720
4.778,1.004731,0.371892,0.660039,0.659946
4.788,0.980128,0.358787,0.652264,0.637554
4.798,0.980670,0.374179,0.651653,0.630120
4.808,0.963135,0.373702,0.631971,0.623369
4.818,0.953718,0.373414,0.626615,0.614406
4.828,0.947015,0.371137,0.602599,0.629262
4.839,0.948795,0.370820,0.611280,0.623732
4.844,0.937344,0.367132,0.601216,0.618358
4.857,0.932808,0.365199,0.597203,0.616529
4.867,0.939415,0.365150,0.597408,0.626315
4.877,0.944556,0.358171,0.608921,0.626989
4.887,0.994009,0.384625,0.634774,0.661196
4.897,1.001910,0.388547,0.639897,0.665872
4.907,0.986564,0.377071,0.639931,0.649318
4.917,0.996816,0.377074,0.645674,0.659214
4.927,1.044002,0.381665,0.648630,0.723567
4.937,1.053053,0.376457,0.660015,0.729096
4.947,1.086370,0.378809,0.659988,0.775318
4.957,1.088712,0.370176,0.659716,0.782968
4.967,1.151761,0.373158,0.657169,0.869158
4.977,1.165789,0.374553,0.657196,0.887056
4.987,1.239367,0.373716,0.702626,0.950096
4.997,1.245337,0.375820,0.725993,0.939446
5.008,1.268882,0.378638,0.750453,0.950534
5.017,1.275167,0.377709,0.759588,0.952057
5.027,1.272964,0.377706,0.767651,0.942596
5.037,1.284290,0.375270,0.762841,0.962625
5.047,1.294500,0.374190,0.762260,0.977073
5.057,1.299105,0.373335,0.769351,0.977955
5.067,1.287728,0.373007,0.770868,0.961703
5.077,1.292925,0.377019,0.776149,0.962863
5.087,1.307393,0.377516,0.786452,0.973782
5.097,1.324103,0.383066,0.793373,0.988468
5.107,1.337407,0.404433,0.807409,0.986500
5.117,1.328004,0.395868,0.796070,0.986487
5.127,1.319072,0.382286,0.774443,0.997019
5.137,1.345308,0.384128,0.776469,1.029269
5.147,1.359743,0.390954,0.777879,1.044491
5.157,1.354466,0.389807,0.765844,1.046953
5.167,1.342902,0.389793,0.767381,1.030813
5.177,1.345595,0.387860,0.763690,1.037771
5.187,1.348164,0.388183,0.761683,1.042449
5.197,1.373520,0.392316,0.771338,1.066622
5.207,1.414878,0.390658,0.803504,1.097108
5.217,1.411004,0.389484,0.789671,1.102568
5.227,1.430696,0.388576,0.814738,1.110001
5.237,1.434660,0.386020,0.817181,1.114205
5.247,1.418941,0.361538,0.803039,1.112570
5.257,1.428248,0.363103,0.818256,1.112881
5.267,1.431023,0.359720,0.814898,1.119986
5.277,1.422574,0.356726,0.813451,1.111198
5.287,1.434417,0.357325,0.819221,1.121939
5.297,1.457284,0.346910,0.848575,1.132807
5.307,1.470628,0.346701,0.859997,1.141469
5.317,1.484014,0.349327,0.845525,1.168485
5.327,1.475224,0.352634,0.850812,1.152413
5.337,1.489825,0.352686,0.845460,1.174899
5.347,1.506995,0.353771,0.838826,1.200938
5.357,1.531708,0.348589,0.841994,1.231122
5.367,1.539935,0.350247,0.839310,1.242693
5.377,1.539759,0.352168,0.828630,1.249082
5.387,1.534525,0.328999,0.814472,1.258237
5.397,1.542792,0.325758,0.813629,1.269684
5.407,1.549870,0.321327,0.808663,1.282540
5.417,1.557816,0.326152,0.800928,1.295736
5.428,1.562890,0.319642,0.805420,1.300674
5.437,1.564251,0.318565,0.796470,1.308065
5.447,1.575222,0.315839,0.797838,1.320994
5.457,1.579804,0.319112,0.797090,1.326121
5.467,1.556198,0.304905,0.794694,1.302784
5.477,1.553916,0.309002,0.791830,1.300837
5.487,1.518338,0.311984,0.753154,1.280927
5.497,1.515254,0.306523,0.729666,1.292140
5.507,1.524586,0.302482,0.706477,1.316723
5.517,1.524457,0.316757,0.695680,1.318963
5.527,1.523027,0.317754,0.687081,1.321576
5.537,1.525772,0.316964,0.692217,1.322251
5.548,1.520490,0.317645,0.692421,1.315881
5.557,1.515433,0.328031,0.684495,1.311640
5.567,1.540434,0.333753,0.723403,1.318422
5.577,1.537837,0.332799,0.721691,1.316568
5.587,1.520458,0.333680,0.709329,1.302806
5.598,1.480345,0.326827,0.696041,1.264964
5.607,1.463207,0.294643,0.678950,1.262215
5.617,1.462203,0.294717,0.677928,1.261583
5.627,1.423905,0.294346,0.678483,1.216769
5.637,1.393097,0.294743,0.676832,1.181416
5.647,1.367360,0.304030,0.679352,1.147048
5.657,1.360436,0.301041,0.683468,1.137116
5.667,1.353471,0.299223,0.681717,1.130315
5.677,1.338520,0.308520,0.685747,1.107341
5.688,1.317310,0.303892,0.692870,1.078372
5.697,1.253788,0.310939,0.685039,1.003008
5.707,1.145365,0.311200,0.647050,0.892381
5.717,1.107882,0.312993,0.645722,0.844086
5.727,1.034560,0.311633,0.603344,0.780497
5.737,0.986090,0.312311,0.593697,0.722745
5.747,0.979362,0.291374,0.601560,0.715805
5.757,0.950781,0.296660,0.594579,0.680039
5.767,0.913835,0.315081,0.599611,0.613421
5.777,0.911754,0.309283,0.615595,0.597229
5.787,0.947852,0.309229,0.640446,0.626602
5.797,0.924459,0.312726,0.605060,0.625083
5.807,0.931091,0.314104,0.616949,0.622610
5.817,0.986906,0.316892,0.698809,0.620669
5.827,0.997154,0.314641,0.720365,0.613507
5.837,1.016425,0.315491,0.715597,0.649235
5.847,1.008871,0.317962,0.706777,0.645901
5.857,1.003739,0.317802,0.707534,0.637094
5.867,1.001449,0.323782,0.707568,0.630407
5.877,0.998611,0.321043,0.707715,0.627133
5.887,1.007384,0.320996,0.705211,0.643786
5.897,1.001693,0.319750,0.702028,0.638989
5.907,1.001189,0.319327,0.704261,0.635945
5.917,1.001328,0.317794,0.703362,0.637924
5.927,0.993068,0.318359,0.701336,0.626865
5.937,1.011563,0.318387,0.727120,0.627045
5.947,1.003670,0.319178,0.731610,0.608462
5.957,1.006206,0.318163,0.734418,0.609797
5.967,1.004600,0.322320,0.735465,0.603673
5.977,1.010596,0.325563,0.740134,0.606230
5.987,1.011802,0.320385,0.746487,0.603203
5.997,1.039212,0.322204,0.777161,0.610055
6.007,1.059545,0.335593,0.803856,0.603182
6.017,1.058877,0.328121,0.806159,0.603046
6.027,1.060207,0.330752,0.806415,0.603603
6.037,1.057362,0.334413,0.802530,0.601771
6.047,1.058436,0.332167,0.811191,0.593230
6.057,1.060912,0.327730,0.818165,0.590536
6.068,1.031637,0.319734,0.781800,0.592313
6.077,1.026361,0.311906,0.775683,0.595354
6.087,1.043466,0.311986,0.793908,0.600996
6.098,1.056349,0.314610,0.803102,0.609853
6.107,1.062267,0.314699,0.805073,0.617442
6.117,1.078838,0.314971,0.827220,0.616759
6.127,1.076606,0.314963,0.824134,0.616995
6.137,1.064002,0.307209,0.831525,0.588463
6.147,1.054894,0.296154,0.830772,0.578716
6.157,1.052194,0.296088,0.836045,0.566103
6.167,1.042544,0.295781,0.838101,0.544975
6.177,1.029729,0.283887,0.834663,0.532059
6.187,1.030813,0.297158,0.830812,0.532939
6.197,1.037147,0.291063,0.840876,0.532807
6.208,1.042892,0.292686,0.847806,0.532150
6.217,1.047860,0.289389,0.849714,0.540603
6.228,1.053368,0.294161,0.854591,0.541043
6.237,1.049196,0.300425,0.853764,0.530701
6.247,1.047858,0.300012,0.852001,0.531125
6.257,1.035529,0.295228,0.839785,0.529076
6.268,1.021903,0.279465,0.836950,0.515460
6.278,1.028788,0.279924,0.842392,0.520023
6.287,1.019642,0.281056,0.845074,0.496515
6.297,1.016394,0.282025,0.841067,0.496109
6.307,1.007376,0.277803,0.829688,0.499250
6.317,0.962058,0.281738,0.771479,0.500999
6.327,0.948337,0.282670,0.754041,0.500863
6.337,0.933200,0.287647,0.753571,0.469310
6.348,0.931723,0.274589,0.759993,0.463810
6.358,0.934455,0.275107,0.759638,0.469544
6.368,0.935276,0.269578,0.762306,0.470062
6.377,0.938023,0.271501,0.765588,0.469094
6.387,0.926766,0.273138,0.764007,0.447867
6.397,0.940001,0.271869,0.780305,0.448122
6.407,0.960576,0.271319,0.804787,0.448787
6.417,0.965960,0.273515,0.811059,0.447719
6.428,0.998091,0.275553,0.841339,0.460874
6.438,0.984715,0.276101,0.821004,0.468385
6.448,0.982407,0.278051,0.817796,0.467997
6.458,0.975507,0.279537,0.810926,0.464620
6.467,0.982016,0.277316,0.809361,0.482063
6.477,0.987566,0.273536,0.809404,0.495309
6.488,0.994175,0.272224,0.810403,0.507469
6.497,0.965998,0.272059,0.782692,0.496517
6.508,0.934061,0.259123,0.764367,0.470178
6.518,0.955650,0.270854,0.764338,0.505661
6.528,0.974273,0.284317,0.763166,0.534742
6.537,0.993375,0.284092,0.775092,0.552556
6.547,1.011720,0.283831,0.798895,0.552073
6.557,1.063939,0.284359,0.863972,0.551958
6.567,1.084503,0.284449,0.891623,0.547946
6.578,1.083289,0.284229,0.889921,0.548423
6.587,1.073406,0.286607,0.874915,0.551889
6.598,1.063530,0.285427,0.866909,0.545982
6.608,1.068316,0.289739,0.869788,0.548471
6.618,1.065929,0.290368,0.849272,0.575003
6.628,1.073645,0.295624,0.849665,0.585994
6.637,1.073010,0.294898,0.855645,0.576417
6.647,1.114350,0.313880,0.877695,0.610661
6.657,1.113676,0.325989,0.871461,0.612015
6.667,1.112325,0.326797,0.868902,0.612764
6.677,1.112342,0.326869,0.869104,0.612470
6.688,1.108836,0.318388,0.868022,0.612114
6.698,1.108889,0.318069,0.861174,0.621970
6.708,1.122810,0.322010,0.872386,0.629250
6.718,1.137337,0.325573,0.878188,0.645232
6.728,1.163829,0.329582,0.870208,0.699007
6.737,1.163125,0.324990,0.869866,0.700410
6.748,1.161426,0.333402,0.864641,0.700106
6.758,1.165214,0.329420,0.874313,0.696265
6.768,1.191039,0.346535,0.897256,0.702439
6.778,1.186350,0.346669,0.895320,0.696886
6.787,1.191254,0.346357,0.866697,0.740242
6.797,1.199081,0.340337,0.868910,0.752968
6.808,1.196022,0.340248,0.863917,0.753888
6.818,1.207988,0.334824,0.874947,0.762625
6.828,1.214110,0.333578,0.884178,0.762246
6.837,1.218049,0.329670,0.888114,0.765647
6.848,1.254507,0.339617,0.895820,0.809911
6.858,1.254657,0.338862,0.896729,0.809452
6.868,1.262824,0.350614,0.892888,0.821307
6.878,1.277358,0.355849,0.886072,0.848463
6.888,1.286315,0.354444,0.899392,0.848569
6.898,1.277859,0.359002,0.881438,0.852706
6.907,1.270287,0.358776,0.867582,0.855693
6.917,1.329319,0.393032,0.854794,0.939117
6.927,1.304675,0.399635,0.830127,0.923774
6.938,1.304176,0.400468,0.829970,0.922849
6.947,1.343734,0.404586,0.831008,0.975376
6.957,1.363116,0.403975,0.832962,1.000532
6.967,1.382271,0.406474,0.841717,1.018314
6.978,1.389207,0.401833,0.838081,1.032495
6.987,1.412927,0.407660,0.846600,1.055199
6.997,1.425969,0.407054,0.849323,1.070675
7.008,1.448201,0.407283,0.848071,1.100992
7.018,1.488011,0.395862,0.845682,1.158573
7.028,1.509633,0.382378,0.845676,1.190634
7.038,1.543001,0.380941,0.835715,1.239885
7.048,1.554144,0.385575,0.816194,1.265117
7.058,1.590047,0.384049,0.796075,1.321748
7.068,1.580484,0.388183,0.761371,1.329495
7.078,1.634089,0.389935,0.814014,1.362196
7.088,1.665632,0.388223,0.837644,1.386349
7.098,1.710162,0.389869,0.838438,1.438637
7.108,1.695629,0.387875,0.836408,1.423071
7.118,1.719442,0.389949,0.842310,1.447389
7.128,1.731841,0.396281,0.880825,1.437491
7.138,1.725670,0.427246,0.862860,1.432086
7.148,1.740104,0.423221,0.859998,1.452325
7.158,1.735382,0.414826,0.877846,1.438351
7.167,1.756149,0.428230,0.893596,1.449884
7.178,1.754596,0.427627,0.894410,1.447679
7.188,1.735192,0.426117,0.893537,1.425099
7.198,1.751458,0.436810,0.901260,1.436848
7.208,1.743408,0.432962,0.876705,1.443400
7.218,1.696418,0.436292,0.877938,1.384453
7.228,1.696261,0.432238,0.879683,1.384424
7.238,1.674879,0.437603,0.886091,1.352245
7.248,1.674378,0.429017,0.925416,1.327814
7.258,1.655680,0.433573,0.924296,1.303445
7.268,1.630082,0.426788,0.895744,1.293314
7.278,1.599789,0.428491,0.899494,1.251651
7.288,1.600423,0.428510,0.900672,1.251608
7.298,1.556999,0.429480,0.915084,1.184235
7.308,1.543148,0.429600,0.918117,1.163534
7.318,1.582349,0.445092,0.977523,1.161968
7.328,1.560182,0.447362,0.981002,1.127683
7.338,1.520852,0.452673,0.976088,1.074862
7.348,1.516035,0.448372,0.965753,1.079188
7.358,1.519339,0.448750,0.967010,1.082546
7.368,1.498215,0.436768,0.976536,1.048932
7.378,1.534888,0.443688,0.995828,1.080439
7.388,1.544302,0.443909,1.019904,1.071265
7.398,1.578185,0.446578,1.068908,1.071762
7.408,1.614811,0.449607,1.091231,1.102127
7.418,1.675992,0.457182,1.117989,1.161910
7.428,1.692531,0.447891,1.126816,1.180822
7.438,1.731104,0.445057,1.155445,1.209790
7.448,1.784645,0.443262,1.162176,1.279774
7.458,1.820601,0.445591,1.160165,1.330434
7.468,1.852685,0.449496,1.183714,1.352485
7.478,1.934898,0.458968,1.229084,1.422157
7.488,1.961818,0.451071,1.258105,1.436119
7.498,2.044861,0.456463,1.280433,1.527609
7.508,2.049535,0.455282,1.278448,1.535865
7.518,2.075705,0.452040,1.290433,1.561727
7.528,2.085402,0.454215,1.295506,1.569795
7.538,2.099872,0.453255,1.308615,1.578465
7.548,2.110893,0.452150,1.326293,1.578725
7.558,2.113855,0.451585,1.339183,1.571956
7.568,2.124485,0.443253,1.363972,1.567337
7.578,2.091779,0.443605,1.330615,1.551843
7.588,2.080507,0.455441,1.318338,1.543718
7.598,2.053368,0.452253,1.323537,1.503342
7.608,2.062424,0.447321,1.335146,1.506944
7.618,2.037411,0.456259,1.332193,1.472458
7.628,2.019108,0.457494,1.329577,1.449042
7.638,2.012183,0.422935,1.355912,1.425311
7.648,2.000438,0.423953,1.365419,1.399160
7.658,1.970634,0.421297,1.356037,1.366409
7.668,1.931681,0.412144,1.345162,1.323658
7.678,1.903398,0.411417,1.355828,1.270981
7.688,1.894837,0.412579,1.361187,1.251941
7.698,1.853045,0.409689,1.362477,1.187260
7.708,1.812139,0.409209,1.361211,1.124056
7.718,1.785859,0.404758,1.359146,1.085442
7.728,1.839655,0.408985,1.367611,1.160475
7.738,1.831612,0.416676,1.371652,1.140067
7.748,1.796450,0.416266,1.341524,1.119941
7.758,1.802128,0.412962,1.339072,1.133144
7.768,1.818083,0.413572,1.339968,1.157096
7.778,1.849780,0.411176,1.339040,1.208136
7.788,1.888116,0.413243,1.341655,1.262606
7.798,1.941715,0.411791,1.327268,1.356114
7.808,1.991665,0.411649,1.346088,1.409015
7.818,1.999821,0.396344,1.298205,1.468626
7.828,2.036853,0.393002,1.281877,1.533333
7.838,2.076537,0.387799,1.282357,1.586562
7.848,2.115016,0.389308,1.283334,1.635477
7.858,2.151345,0.391043,1.291273,1.675703
7.868,2.170362,0.391994,1.291493,1.699665
7.878,2.218341,0.379173,1.301011,1.756313
7.888,2.213542,0.387541,1.275359,1.767213
7.898,2.201884,0.380359,1.234828,1.782925
7.908,2.194604,0.377656,1.214424,1.788529
7.918,2.163493,0.343529,1.191325,1.772974
7.928,2.169399,0.342354,1.197978,1.775931
7.938,2.148333,0.340713,1.179913,1.762684
7.948,2.130279,0.342324,1.173352,1.744750
7.958,2.122366,0.333045,1.182816,1.730452
7.968,2.114867,0.321414,1.172415,1.730549
7.978,2.089946,0.316206,1.147775,1.717702
7.988,2.074591,0.332237,1.118853,1.715142
7.998,2.060002,0.332007,1.105736,1.706085
8.008,2.057842,0.342697,1.104839,1.701942
8.018,2.073509,0.344585,1.092378,1.728413
8.028,2.061294,0.345244,1.087501,1.716707
8.038,2.082442,0.355875,1.069916,1.750771
8.048,2.069852,0.360256,1.033252,1.756956
8.058,2.071021,0.360543,0.983988,1.786311
8.068,2.065366,0.373949,0.952646,1.793980
8.078,2.073104,0.373922,0.974649,1.791090
8.088,2.081247,0.364593,0.980027,1.799502
8.098,2.086257,0.368660,0.973543,1.807975
8.108,2.079951,0.370025,0.956355,1.809603
8.118,2.092797,0.345123,0.961424,1.826568
8.129,2.110704,0.341235,0.947450,1.854985
8.138,2.094182,0.356887,0.907007,1.853529
8.148,2.094240,0.353078,0.878931,1.867794
8.160,2.090587,0.349452,0.876626,1.865467
8.168,2.106603,0.354593,0.883385,1.879274
8.178,2.121076,0.353957,0.900492,1.887536
8.190,2.131292,0.354648,0.900917,1.898677
8.198,2.134379,0.358215,0.897393,1.903140
8.208,2.144758,0.359795,0.904929,1.910926
8.218,2.146108,0.365478,0.905349,1.911164
8.229,2.115882,0.357006,0.892907,1.884734
8.238,2.124007,0.362667,0.911822,1.883736
8.248,2.144629,0.363704,0.957016,1.884482
8.258,2.143256,0.361621,0.961996,1.880782
8.268,2.128784,0.359504,0.966885,1.862152
8.278,2.091676,0.373505,0.964518,1.818050
8.288,2.059006,0.373708,0.967511,1.778699
8.298,1.994258,0.375233,0.968203,1.702601
8.308,1.940826,0.377493,0.949377,1.650148
8.318,1.920061,0.377541,1.006654,1.590831
8.328,1.883588,0.377755,1.048674,1.518383
8.338,1.850415,0.377449,1.083265,1.451932
8.348,1.792705,0.376381,1.091633,1.371301
8.358,1.727207,0.376735,1.077410,1.296341
8.368,1.677488,0.375266,1.073044,1.233579
8.378,1.560659,0.375668,1.043617,1.097905
8.388,1.527325,0.364485,1.048830,1.048727
8.398,1.475015,0.364974,1.066062,0.951827
8.408,1.437900,0.365289,1.073669,0.883944
8.418,1.428184,0.352746,1.073901,0.872935
8.428,1.357500,0.352905,1.049918,0.784816
8.438,1.339702,0.352084,1.043661,0.762633
8.448,1.349339,0.348174,1.056609,0.763589
8.458,1.379579,0.348632,1.096978,0.760483
8.468,1.399363,0.346326,1.114017,0.772813
8.478,1.382089,0.341004,1.094913,0.771397
8.488,1.365594,0.331236,1.082716,0.763449
8.498,1.341490,0.325608,1.073146,0.736160
8.508,1.334701,0.319840,1.073449,0.725835
8.518,1.319452,0.316061,1.069764,0.704744
8.528,1.324311,0.317885,1.073512,0.707332
8.538,1.310627,0.297411,1.092120,0.660731
8.548,1.324777,0.296946,1.105327,0.667165
8.558,1.301440,0.297822,1.111744,0.607514
8.568,1.360330,0.288322,1.153792,0.660403
8.578,1.348232,0.318694,1.132596,0.658323
8.588,1.345668,0.318656,1.132497,0.653247
8.598,1.340470,0.311314,1.132909,0.645336
8.608,1.336071,0.320169,1.132927,0.631708
8.618,1.332376,0.321476,1.125994,0.635622
8.628,1.300869,0.320578,1.120187,0.578509
8.638,1.312717,0.306672,1.125271,0.602449
8.648,1.300974,0.317241,1.132781,0.555605
8.658,1.304423,0.320562,1.135443,0.556352
8.668,1.301032,0.313707,1.134365,0.554516
8.678,1.283100,0.330048,1.110740,0.551062
8.688,1.276454,0.330039,1.100204,0.556740
8.698,1.273879,0.325072,1.096706,0.560653
8.708,1.268599,0.320655,1.092178,0.560062
8.718,1.286962,0.315547,1.113758,0.562356
8.728,1.304604,0.324545,1.139021,0.547075
8.738,1.320272,0.307293,1.142086,0.586796
8.748,1.316699,0.332849,1.122687,0.602064
8.758,1.316842,0.332791,1.122090,0.603520
8.768,1.325016,0.332218,1.133722,0.599979
8.778,1.350380,0.316660,1.167253,0.600642
8.788,1.370141,0.321748,1.193579,0.590876
8.798,1.390434,0.319552,1.213274,0.599299
8.808,1.403070,0.319993,1.232690,0.588801
8.818,1.379967,0.326193,1.192682,0.612712
8.828,1.380720,0.328185,1.164558,0.665197
8.838,1.353676,0.339091,1.131734,0.660783
8.848,1.352171,0.335699,1.130689,0.661222
8.858,1.381556,0.342838,1.160609,0.666443
8.868,1.403762,0.342811,1.169800,0.696129
8.878,1.408098,0.342784,1.169843,0.704775
8.888,1.418283,0.342912,1.182332,0.704294
8.898,1.446147,0.342420,1.216875,0.702357
8.908,1.456264,0.341595,1.227704,0.704813
8.918,1.462806,0.344059,1.233634,0.706804
8.928,1.501776,0.343121,1.279021,0.708310
8.938,1.585843,0.346499,1.352459,0.752126
8.948,1.610003,0.353157,1.377905,0.754168
8.958,1.585705,0.346710,1.350034,0.756081
8.968,1.568261,0.347579,1.329861,0.755051
8.978,1.573248,0.348072,1.331672,0.761975
8.988,1.577700,0.346261,1.330231,0.774420
8.998,1.596777,0.369816,1.329718,0.802983
9.008,1.596089,0.369676,1.329999,0.801214
9.018,1.610129,0.363237,1.349430,0.799758
9.028,1.630205,0.355240,1.371316,0.806762
9.038,1.626724,0.357026,1.368192,0.804249
9.048,1.624932,0.348023,1.366125,0.808076
9.058,1.609095,0.341249,1.352499,0.802174
9.068,1.592145,0.341265,1.344070,0.782265
9.078,1.635331,0.332118,1.405271,0.767605
9.088,1.667838,0.338732,1.429991,0.788714
9.098,1.668950,0.346114,1.429719,0.788355
9.108,1.704488,0.345031,1.464909,0.800170
9.118,1.737696,0.344947,1.503847,0.799402
9.128,1.731062,0.343401,1.501752,0.789552
9.138,1.727304,0.343413,1.502200,0.780411
9.148,1.752037,0.352459,1.513708,0.808762
9.158,1.757072,0.353143,1.520768,0.806138
9.168,1.753498,0.350400,1.515457,0.809547
9.178,1.757272,0.349825,1.521145,0.807308
9.188,1.754977,0.344956,1.523407,0.800112
9.198,1.761389,0.347695,1.524607,0.810662
9.208,1.763427,0.347831,1.527184,0.810184
9.218,1.756840,0.356988,1.512114,0.820096
9.228,1.738552,0.354052,1.494110,0.815382
9.238,1.717731,0.352334,1.475042,0.806667
9.248,1.713806,0.367499,1.460533,0.817873
9.258,1.718482,0.366946,1.466380,0.817474
9.268,1.719965,0.377339,1.462202,0.823321
9.278,1.695261,0.382884,1.431577,0.823346
9.288,1.680154,0.380672,1.416915,0.818754
9.298,1.686980,0.382345,1.415838,0.833737
9.308,1.674514,0.381869,1.400183,0.835261
9.318,1.667225,0.378222,1.407436,0.809760
9.328,1.660744,0.374069,1.418862,0.777801
9.338,1.656208,0.373228,1.418004,0.770058
9.348,1.671581,0.384918,1.428278,0.778489
9.358,1.662954,0.377749,1.425976,0.767668
9.368,1.667939,0.383752,1.440391,0.748351
9.378,1.671936,0.387053,1.449549,0.737812
9.388,1.664142,0.407463,1.433447,0.740656
9.398,1.634751,0.424888,1.387931,0.752017
9.408,1.639324,0.444553,1.382984,0.759678
9.418,1.649035,0.455825,1.391983,0.757578
9.428,1.635225,0.456607,1.378587,0.751645
9.438,1.579045,0.457118,1.328046,0.721609
9.448,1.546602,0.450113,1.295584,0.714728
9.458,1.530012,0.449353,1.280418,0.706787
9.468,1.532716,0.470732,1.271228,0.715269
9.478,1.530505,0.468909,1.267136,0.718983
9.488,1.550147,0.475299,1.293873,0.709182
9.498,1.527643,0.453632,1.297399,0.666832
9.508,1.532417,0.450239,1.296690,0.681311
9.518,1.521968,0.456200,1.278379,0.688487
9.528,1.503570,0.457800,1.258323,0.683933
9.538,1.490269,0.458172,1.240850,0.686493
9.548,1.481822,0.455761,1.235952,0.678602
9.558,1.486891,0.457712,1.237536,0.685454
9.568,1.464915,0.457529,1.210194,0.687077
9.578,1.412189,0.459709,1.141532,0.692712
9.588,1.380941,0.456466,1.103407,0.693636
9.598,1.385784,0.459030,1.103618,0.701224
9.608,1.342600,0.458709,1.061873,0.681607
9.618,1.331461,0.460235,1.042416,0.688723
9.628,1.379296,0.460216,1.085718,0.715456
9.638,1.393152,0.471519,1.098654,0.715193
9.648,1.377469,0.506166,1.081548,0.686637
9.658,1.405543,0.520462,1.104833,0.695713
9.668,1.418569,0.517670,1.126059,0.690179
9.678,1.411762,0.513921,1.117342,0.693183
9.688,1.425054,0.522133,1.122753,0.705395
9.698,1.438051,0.526754,1.139112,0.702099
9.708,1.435557,0.527888,1.135559,0.701899
9.718,1.429362,0.524943,1.138085,0.687220
9.728,1.430440,0.524895,1.140043,0.686253
9.738,1.435193,0.531175,1.148812,0.676657
9.748,1.421873,0.511958,1.153617,0.654820
9.758,1.419611,0.512051,1.150327,0.655626
9.768,1.409260,0.505688,1.141705,0.653300
9.778,1.409940,0.501089,1.142031,0.657727
9.788,1.398372,0.501259,1.125516,0.661360
9.798,1.375731,0.500675,1.107123,0.645165
9.808,1.379819,0.508870,1.106405,0.648705
9.818,1.375990,0.516999,1.095785,0.652162
9.828,1.367389,0.519961,1.081634,0.655334
9.838,1.374628,0.517267,1.093283,0.653275
9.848,1.362977,0.513073,1.082622,0.649918
9.858,1.337605,0.512729,1.049204,0.652279
9.868,1.316943,0.509862,1.024132,0.652329
9.878,1.297309,0.507877,1.006101,0.642520
9.888,1.293393,0.489553,1.006499,0.648199
9.898,1.281188,0.470714,1.006767,0.637410
9.908,1.265796,0.448082,0.998461,0.636034
9.918,1.235492,0.426245,0.972724,0.631318
9.928,1.225598,0.428198,0.950902,0.643835
9.938,1.208120,0.421377,0.937740,0.634540
9.948,1.224370,0.424162,0.948070,0.648329
9.958,1.229303,0.424380,0.951702,0.652189
9.968,1.232491,0.407151,0.968492,0.644426
9.978,1.273427,0.410051,1.021733,0.639950
9.988,1.258272,0.407135,1.003406,0.640833
9.998,1.259448,0.407219,0.997372,0.652403
10.008,1.254111,0.412643,0.997332,0.638630
10.018,1.248612,0.404273,0.997757,0.632517
10.028,1.244377,0.404115,0.991573,0.633994
10.038,1.263568,0.404387,1.009636,0.643202
10.048,1.306975,0.415130,1.029329,0.690168
10.058,1.318542,0.417033,1.039385,0.695928
10.068,1.329827,0.416306,1.053957,0.695918
10.078,1.340180,0.415587,1.071340,0.689638
10.088,1.350212,0.426332,1.084370,0.682243
10.098,1.347894,0.419654,1.089452,0.673651
10.108,1.349261,0.421856,1.088452,0.676621
10.118,1.318958,0.426088,1.054438,0.668026
10.128,1.269183,0.431319,1.005474,0.643281
10.138,1.248368,0.421425,0.983435,0.643179
10.148,1.224357,0.368654,0.973875,0.643981
10.158,1.185338,0.347900,0.936398,0.638084
10.168,1.174505,0.349314,0.915446,0.647613
10.178,1.176119,0.348734,0.919520,0.645076
10.188,1.168126,0.331607,0.927002,0.628669
10.198,1.147801,0.317708,0.914267,0.616948
10.208,1.168849,0.317543,0.940358,0.617335
10.218,1.194712,0.330590,0.959712,0.630080
10.228,1.190186,0.336202,0.952518,0.629461
10.238,1.186527,0.333615,0.949451,0.628563
10.248,1.175669,0.330629,0.945400,0.615711
10.258,1.181711,0.329457,0.938806,0.637606
10.268,1.209071,0.329879,0.977652,0.630261
10.278,1.226956,0.336922,0.996402,0.631734
10.288,1.227014,0.338090,0.996448,0.631150
10.298,1.251902,0.332508,1.008727,0.662697
10.308,1.265251,0.326769,1.031642,0.655589
10.318,1.283151,0.320734,1.050794,0.662902
10.328,1.285140,0.311246,1.057551,0.660528
10.338,1.326931,0.310366,1.100544,0.673217
10.348,1.357734,0.304134,1.141334,0.669553
10.358,1.365443,0.304934,1.148937,0.671858
10.368,1.367117,0.312773,1.149514,0.670671
10.378,1.369396,0.315654,1.150299,0.672622
10.388,1.366039,0.315611,1.149837,0.666580
10.398,1.371081,0.315428,1.155232,0.667689
10.408,1.383658,0.321084,1.175528,0.655400
10.418,1.388713,0.319463,1.181012,0.657022
10.428,1.378297,0.322491,1.171183,0.651179
10.438,1.377820,0.322493,1.170632,0.651159
10.448,1.379134,0.322155,1.180301,0.636488
10.458,1.403708,0.324479,1.209919,0.633407
10.468,1.409380,0.324285,1.213029,0.640120
10.478,1.384749,0.327511,1.184744,0.637689
10.488,1.381882,0.331646,1.177433,0.642854
10.498,1.377060,0.327542,1.178918,0.631794
10.508,1.405960,0.341325,1.210017,0.629349
10.518,1.418936,0.344559,1.224354,0.628980
10.528,1.425895,0.348569,1.231726,0.628113
10.538,1.425625,0.356569,1.227382,0.631505
10.548,1.415653,0.353117,1.235685,0.593686
10.558,1.404131,0.348587,1.229727,0.581240
10.568,1.394988,0.349778,1.215350,0.588704
10.578,1.394290,0.349251,1.212857,0.592491
10.588,1.383349,0.339963,1.205488,0.587264
10.598,1.401951,0.347654,1.202618,0.631119
10.608,1.417696,0.347844,1.209879,0.651967
10.618,1.430560,0.342785,1.226580,0.651539
10.628,1.438572,0.341418,1.226915,0.669032
10.638,1.453774,0.345666,1.229545,0.694401
10.648,1.455913,0.352635,1.231211,0.692423
10.658,1.474186,0.357015,1.246720,0.701038
10.668,1.488622,0.375661,1.258295,0.701118
10.678,1.502408,0.375725,1.269886,0.709543
10.688,1.522331,0.406337,1.263888,0.744962
10.698,1.521116,0.401950,1.264017,0.744641
10.708,1.507587,0.401546,1.248054,0.744271
10.718,1.492924,0.387609,1.239145,0.736953
10.728,1.507482,0.385510,1.257572,0.736475
10.738,1.512617,0.391123,1.258470,0.742488
10.748,1.519320,0.391794,1.260660,0.752042
10.758,1.509532,0.393798,1.259623,0.732774
10.768,1.494657,0.394249,1.239380,0.736550
10.778,1.491355,0.389603,1.227037,0.752813
10.788,1.506511,0.392880,1.232395,0.772284
10.798,1.489396,0.393148,1.228865,0.744061
10.808,1.467443,0.392248,1.196715,0.753262
10.818,1.443740,0.396249,1.172711,0.743048
10.828,1.439389,0.397326,1.160542,0.753070
10.838,1.433962,0.397386,1.158324,0.746068
10.848,1.414077,0.398386,1.133501,0.745705
10.858,1.409349,0.401365,1.126427,0.745876
10.868,1.426547,0.394570,1.149420,0.747116
10.878,1.428039,0.391351,1.151464,0.748511
10.888,1.437024,0.393125,1.153679,0.761258
10.898,1.432806,0.393235,1.148393,0.761244
10.908,1.412555,0.388375,1.124471,0.761605
10.918,1.413169,0.390400,1.120173,0.768015
10.928,1.435470,0.393495,1.134989,0.785833
10.938,1.447129,0.394202,1.148395,0.787387
10.948,1.429805,0.394637,1.126646,0.786939
10.958,1.408674,0.393113,1.094641,0.794724
10.968,1.389824,0.394392,1.075894,0.786459
10.978,1.378816,0.390793,1.057712,0.793511
10.988,1.369550,0.392110,1.049926,0.787130
10.998,1.381021,0.394425,1.061237,0.790837
11.008,1.387529,0.384279,1.066649,0.799891
11.018,1.390435,0.381940,1.067087,0.805454
11.028,1.383861,0.384134,1.057106,0.806250
11.038,1.368999,0.378950,1.046601,0.796984
11.048,1.339362,0.376877,1.016876,0.786013
11.058,1.345175,0.373913,1.024614,0.787307
11.068,1.343272,0.375631,1.025691,0.781818
11.078,1.338746,0.376854,1.013179,0.789741
11.088,1.343440,0.375650,1.018760,0.791105
11.098,1.324816,0.364614,1.023915,0.757490
11.108,1.300196,0.360642,1.010045,0.735022
11.118,1.295496,0.374668,0.994067,0.741461
11.128,1.291980,0.372476,1.001963,0.725633
11.138,1.280467,0.372592,1.003768,0.702298
11.148,1.277384,0.367367,0.999471,0.705555
11.158,1.261253,0.361317,0.996639,0.683314
11.168,1.257616,0.350669,1.004203,0.670974
11.178,1.266925,0.354512,1.013593,0.672346
11.188,1.235457,0.320782,1.007870,0.638475
11.198,1.237334,0.339582,0.996898,0.649517
11.208,1.246604,0.338112,0.999631,0.663656
11.218,1.249038,0.334207,1.006086,0.660448
11.228,1.241727,0.334104,0.994163,0.664755
11.238,1.237596,0.326711,0.993056,0.662377
11.248,1.273138,0.322399,1.046765,0.649017
11.258,1.295082,0.326072,1.067568,0.656667
11.268,1.305785,0.329880,1.061808,0.684702
11.278,1.306899,0.339349,1.061869,0.682103
11.288,1.284919,0.334744,1.053221,0.655506
11.298,1.294547,0.352508,1.047762,0.673637
11.308,1.300348,0.353604,1.060377,0.664431
11.318,1.321056,0.356600,1.084383,0.664934
11.328,1.314573,0.356850,1.081874,0.655979
11.338,1.274821,0.356707,1.033808,0.655111
11.348,1.275862,0.356938,1.021925,0.675342
11.358,1.299968,0.352680,1.051298,0.678459
11.368,1.278373,0.351856,1.026058,0.676491
11.378,1.306292,0.354707,1.043797,0.700763
11.388,1.333611,0.375181,1.051832,0.728976
11.398,1.335186,0.375689,1.051971,0.731394
11.408,1.336225,0.376958,1.051961,0.732651
11.418,1.332476,0.375749,1.053149,0.724696
11.428,1.343698,0.372609,1.056323,0.742206
11.438,1.342288,0.381968,1.034335,0.765499
11.448,1.342093,0.380525,1.036737,0.762621
11.458,1.349569,0.396484,1.032455,0.773417
11.468,1.362968,0.399372,1.034233,0.792809
11.478,1.359978,0.399157,1.029524,0.793911
11.488,1.363623,0.395280,1.030034,0.801405
11.498,1.353164,0.394276,1.017838,0.799752
11.508,1.342244,0.390124,0.998413,0.807833
11.518,1.400882,0.398325,1.039898,0.849953
11.528,1.428922,0.407654,1.062198,0.864506
11.538,1.430443,0.406940,1.062188,0.867365
11.548,1.438813,0.415622,1.066163,0.872203
11.558,1.438171,0.426478,1.057260,0.876729
11.568,1.464519,0.426764,1.064886,0.910334
11.578,1.499530,0.431361,1.082682,0.943566
11.588,1.513498,0.451924,1.074435,0.965418
11.598,1.508641,0.453177,1.067344,0.965093
11.608,1.506449,0.455633,1.063846,0.964376
11.618,1.504637,0.443754,1.065047,0.965759
11.628,1.541082,0.454541,1.082772,0.997963
11.638,1.595752,0.465096,1.113075,1.044593
11.648,1.615280,0.468429,1.130617,1.054233
11.658,1.621094,0.466343,1.134719,1.059661
11.668,1.611354,0.461763,1.113217,1.069573
11.678,1.591217,0.460265,1.090203,1.063760
11.688,1.607005,0.469534,1.095907,1.077493
11.698,1.625314,0.490376,1.103994,1.087370
11.708,1.635780,0.494410,1.110891,1.094193
11.718,1.660053,0.496047,1.114489,1.125890
11.728,1.691279,0.509040,1.130832,1.150010
11.738,1.695550,0.517392,1.133794,1.149656
11.748,1.661598,0.518132,1.082895,1.148819
11.758,1.649984,0.524082,1.065134,1.145983
11.768,1.655891,0.526740,1.076492,1.142666
11.778,1.662168,0.527567,1.077155,1.150745
11.788,1.682561,0.536638,1.077874,1.175253
11.798,1.687858,0.528285,1.077426,1.186985
11.808,1.690347,0.533881,1.066333,1.197988
11.818,1.677427,0.529715,1.044561,1.200857
11.828,1.678263,0.534048,1.044803,1.199894
11.838,1.678314,0.538098,1.044549,1.198375
11.848,1.668553,0.539710,1.032791,1.194205
11.858,1.660944,0.547541,0.998992,1.208697
11.868,1.672599,0.552892,0.998557,1.222612
11.878,1.658717,0.550678,0.991720,1.210202
11.888,1.655047,0.536890,1.012527,1.194035
11.898,1.658785,0.536515,1.021016,1.192160
11.908,1.676016,0.544454,1.029061,1.205666
11.918,1.701210,0.553350,1.059727,1.210329
11.928,1.688300,0.551514,1.057967,1.194527
11.938,1.677799,0.545138,1.045807,1.193366
11.948,1.689358,0.549734,1.043697,1.209305
11.958,1.677571,0.539386,1.043835,1.197379
11.968,1.671464,0.545145,1.042421,1.187421
11.978,1.672359,0.559479,1.042419,1.182003
11.988,1.668766,0.558905,1.041994,1.177563
11.998,1.670092,0.559688,1.040038,1.180795
12.008,1.645686,0.558671,1.014086,1.169530
12.018,1.587705,0.553087,0.953349,1.142816
12.028,1.611022,0.552842,0.954437,1.174226
12.038,1.685471,0.562466,1.019893,1.218303
12.048,1.719699,0.560137,1.061570,1.231536
12.058,1.721124,0.552118,1.074697,1.225749
12.068,1.708913,0.553098,1.079154,1.204115
12.078,1.681526,0.551224,1.063400,1.180195
12.088,1.661259,0.534719,1.064849,1.157563
12.098,1.675128,0.540317,1.083932,1.157238
12.108,1.682957,0.541904,1.084317,1.167450
12.118,1.703074,0.541984,1.089749,1.191285
12.128,1.683121,0.536921,1.066046,1.186658
12.138,1.623959,0.521674,1.029275,1.142669
12.148,1.611101,0.523176,1.009293,1.141605
12.158,1.595080,0.523595,0.989270,1.136430
12.168,1.586344,0.528201,0.981171,1.129067
12.178,1.591918,0.530943,0.981760,1.135100
12.188,1.590928,0.518424,0.984802,1.136861
12.198,1.596707,0.492055,1.004004,1.139882
12.208,1.586180,0.489453,1.004827,1.125489
12.218,1.550940,0.490006,0.981298,1.096523
12.228,1.515863,0.475616,0.967086,1.066008
12.238,1.510935,0.470066,0.960799,1.067159
12.248,1.524906,0.470527,0.962292,1.085328
12.258,1.538857,0.459822,0.979060,1.094571
12.268,1.519051,0.455008,0.965526,1.080852
12.278,1.506897,0.447471,0.967887,1.064754
12.288,1.486026,0.436573,0.967065,1.040415
12.298,1.486145,0.426281,0.972763,1.039540
12.308,1.493131,0.427068,0.973468,1.048529
12.318,1.492569,0.427881,0.972534,1.048264
12.328,1.505665,0.430437,0.965859,1.071853
12.338,1.504358,0.425968,0.967904,1.069957
12.348,1.509473,0.441390,0.964562,1.073921
12.358,1.505701,0.438104,0.964919,1.069641
12.368,1.492913,0.432421,0.967362,1.051671
12.378,1.484708,0.445398,0.953507,1.047283
12.388,1.462296,0.445434,0.919083,1.046511
12.398,1.458455,0.448397,0.909842,1.047959
12.408,1.450141,0.448049,0.901613,1.043675
12.418,1.414897,0.435220,0.862987,1.033329
12.428,1.421577,0.442948,0.838201,1.059290
12.438,1.427155,0.452916,0.842614,1.059074
12.448,1.430677,0.449065,0.869693,1.043461
12.458,1.435598,0.447586,0.874029,1.047226
12.468,1.433312,0.442047,0.874095,1.046391
12.478,1.433835,0.431106,0.874440,1.051373
12.488,1.439090,0.430793,0.875889,1.057457
12.498,1.438697,0.428802,0.880182,1.054161
12.508,1.440834,0.428710,0.881004,1.056430
12.518,1.434594,0.431656,0.881381,1.046376
12.528,1.391707,0.422525,0.855258,1.013338
12.538,1.300848,0.407280,0.777774,0.959894
12.548,1.253366,0.405950,0.721736,0.940866
12.558,1.238615,0.404809,0.696225,0.941046
12.568,1.244379,0.418354,0.678664,0.955445
12.578,1.244652,0.424303,0.667366,0.961118
12.588,1.240928,0.423968,0.662979,0.959485
12.598,1.225204,0.414550,0.634145,0.962878
12.608,1.225290,0.413700,0.653673,0.950210
12.618,1.194384,0.411452,0.640705,0.920193
12.628,1.189054,0.407598,0.641495,0.914438
12.638,1.196619,0.407662,0.656307,0.913767
12.648,1.198303,0.399563,0.670130,0.909509
12.658,1.205194,0.404105,0.680229,0.909110
12.668,1.228641,0.404917,0.688770,0.933380
12.678,1.234592,0.397908,0.708206,0.929693
12.688,1.219646,0.403860,0.709123,0.906410
12.698,1.177284,0.400884,0.668463,0.882296
12.708,1.181502,0.413858,0.656596,0.890814
12.718,1.188884,0.412577,0.655466,0.901993
12.728,1.185012,0.414708,0.645271,0.903269
12.738,1.182401,0.410176,0.637322,0.907551
12.748,1.165268,0.409278,0.634404,0.887622
12.758,1.143956,0.408642,0.598538,0.885099
12.768,1.167206,0.408024,0.616068,0.903520
12.778,1.166684,0.410524,0.629871,0.892123
12.788,1.176179,0.410346,0.635377,0.900727
12.798,1.153887,0.417894,0.627889,0.873256
12.808,1.139954,0.416546,0.624068,0.858209
12.818,1.147479,0.426671,0.641339,0.850496
12.828,1.138679,0.426874,0.645188,0.835524
12.838,1.142961,0.426932,0.644296,0.842004
12.848,1.128819,0.415506,0.652241,0.822295
12.858,1.133661,0.411123,0.652501,0.830908
12.868,1.134956,0.408976,0.650784,0.835071
12.878,1.140916,0.401912,0.651454,0.846028
12.888,1.149398,0.405892,0.653322,0.854130
12.898,1.155023,0.403030,0.666638,0.852783
12.908,1.146953,0.393343,0.664714,0.847902
12.918,1.178554,0.397039,0.713882,0.849542
12.928,1.163219,0.389176,0.730790,0.817048
12.938,1.162759,0.377635,0.724852,0.827037
12.948,1.147272,0.376885,0.694915,0.831435
12.958,1.150085,0.375166,0.690965,0.839352
12.968,1.158146,0.369091,0.690346,0.853520
12.978,1.151152,0.362585,0.690340,0.846826
12.988,1.174682,0.362617,0.724836,0.850294
12.998,1.205370,0.363586,0.773765,0.849712
13.008,1.212309,0.363547,0.773577,0.859712
13.018,1.247097,0.358518,0.794436,0.891957
13.028,1.239896,0.355474,0.801660,0.876540
13.038,1.244732,0.355157,0.796840,0.887844
13.048,1.238884,0.347590,0.791373,0.887549
13.058,1.253266,0.353620,0.792972,0.903783
13.068,1.258971,0.338475,0.821265,0.892169
13.078,1.259998,0.329381,0.841967,0.877607
13.088,1.280818,0.344470,0.839442,0.903975
13.098,1.284972,0.350024,0.837660,0.909374
13.108,1.290179,0.347977,0.838496,0.916733
13.118,1.307863,0.358533,0.851673,0.925533
13.129,1.295610,0.358389,0.844344,0.915011
13.139,1.340027,0.377574,0.840986,0.972549
13.150,1.344756,0.385224,0.838970,0.977805
13.159,1.346859,0.385698,0.833188,0.985425
13.168,1.337683,0.387123,0.832619,0.972767
13.179,1.330658,0.387771,0.825099,0.969275
13.190,1.320242,0.378452,0.812344,0.969489
13.198,1.322060,0.380001,0.811303,0.972229
13.208,1.310210,0.366165,0.806761,0.965252
13.219,1.312984,0.365471,0.809767,0.966765
13.228,1.312525,0.362501,0.808820,0.968052
13.239,1.322990,0.365731,0.818095,0.973275
13.248,1.359767,0.365725,0.868183,0.980547
13.258,1.394475,0.367230,0.931770,0.970313
13.268,1.384831,0.367005,0.924015,0.963982
13.278,1.375703,0.366665,0.910009,0.964364
13.288,1.388716,0.366482,0.934385,0.959764
13.298,1.426182,0.354832,0.986822,0.966577
13.308,1.429642,0.350222,0.998791,0.961060
13.318,1.456682,0.358779,0.989192,1.007323
13.328,1.455624,0.360107,0.986918,1.007549
13.338,1.470047,0.362109,0.999804,1.015040
13.348,1.476667,0.365475,1.005589,1.017725
13.358,1.475691,0.365773,1.007253,1.014552
13.368,1.502277,0.377703,1.009791,1.046184
13.378,1.499618,0.372792,1.014179,1.039866
13.388,1.491955,0.371427,1.012940,1.030497
13.398,1.491090,0.370947,1.003953,1.038184
13.408,1.486274,0.370502,1.003216,1.032131
13.418,1.478215,0.370763,0.970172,1.051866
13.428,1.465730,0.369546,0.956081,1.047715
13.438,1.456556,0.380388,0.956094,1.030895
13.448,1.455148,0.379712,0.953140,1.031891
13.458,1.451066,0.385879,0.953220,1.023749
13.468,1.449405,0.383692,0.958492,1.017275
13.478,1.473033,0.389640,0.992546,1.016296
13.488,1.461669,0.393631,0.977368,1.013056
13.498,1.449893,0.393113,0.936183,1.034995
13.508,1.442204,0.393356,0.935732,1.024514
13.518,1.428805,0.395869,0.925097,1.014380
13.528,1.439441,0.397011,0.939525,1.015709
13.538,1.445705,0.402092,0.943727,1.018707
13.548,1.465884,0.417940,0.942954,1.041623
13.558,1.454472,0.414475,0.941519,1.028222
13.568,1.452446,0.413813,0.934209,1.032284
13.578,1.456761,0.413507,0.936742,1.036184
13.588,1.440109,0.401398,0.937033,1.017233
13.598,1.478055,0.405298,0.945126,1.061658
13.608,1.479855,0.409590,0.941900,1.065379
13.618,1.472981,0.408957,0.936080,1.061216
13.628,1.480028,0.413755,0.945414,1.060887
13.638,1.444214,0.396401,0.947986,1.014862
13.648,1.458978,0.395846,0.966982,1.018268
13.658,1.473640,0.393711,0.999123,1.009138
13.668,1.467868,0.387040,1.001989,1.000428
13.678,1.469973,0.392864,1.002462,1.000775
13.688,1.481544,0.398835,1.014186,1.003658
13.698,1.503821,0.397034,1.038849,1.012242
13.708,1.523399,0.395621,1.068232,1.011489
13.718,1.531821,0.400201,1.082890,1.006808
13.728,1.536744,0.400179,1.091613,1.004898
13.738,1.550238,0.400612,1.100149,1.016081
13.748,1.558672,0.406941,1.102771,1.023599
13.758,1.535052,0.406368,1.068239,1.024751
13.768,1.535698,0.406825,1.065686,1.028190
13.778,1.539326,0.404541,1.072903,1.027010
13.788,1.525352,0.404945,1.049053,1.030634
13.798,1.496517,0.406110,1.014214,1.022745
13.808,1.496056,0.406019,1.002494,1.033605
13.818,1.475714,0.391046,1.004680,1.007687
13.828,1.472322,0.374881,1.012291,1.001230
13.838,1.469559,0.371750,1.019923,0.990537
13.844,1.470509,0.364181,1.010470,1.004350
13.857,1.481255,0.382192,1.008351,1.015517
13.867,1.464524,0.368508,1.015887,0.988436
13.877,1.503153,0.376014,1.043878,1.014101
13.887,1.503805,0.373743,1.048679,1.010949
13.897,1.506196,0.377366,1.048417,1.013431
13.907,1.510036,0.378958,1.049363,1.017565
13.917,1.520245,0.384954,1.062808,1.016559
13.927,1.525343,0.385596,1.071078,1.015273
13.937,1.517899,0.383265,1.071067,1.004958
13.947,1.519395,0.383613,1.071038,1.007114
13.957,1.542206,0.386772,1.084495,1.026001
13.967,1.542372,0.387834,1.086850,1.023354
13.977,1.519564,0.381254,1.054270,1.025785
13.987,1.512173,0.378247,1.044891,1.025572
13.997,1.501221,0.377380,1.049491,1.004897
14.007,1.505423,0.377328,1.050364,1.010276
14.017,1.493046,0.381989,1.042756,0.997963
14.027,1.482137,0.383048,1.024187,1.000523
14.037,1.473547,0.376907,1.028138,0.986009
14.047,1.471927,0.376508,1.030919,0.980824
14.057,1.472624,0.373982,1.032594,0.981075
14.067,1.455331,0.370997,1.016356,0.973330
14.077,1.443507,0.369977,0.997363,0.975753
14.087,1.453101,0.372055,0.998157,0.988312
14.097,1.408925,0.365749,0.991872,0.931390
14.107,1.399966,0.369347,0.983629,0.925182
14.117,1.395226,0.372790,0.978548,0.922024
14.127,1.393490,0.382944,0.971223,0.922981
14.137,1.384733,0.382538,0.964856,0.916625
14.147,1.363078,0.388882,0.935422,0.911997
14.157,1.339984,0.386419,0.902396,0.912097
14.167,1.330380,0.383738,0.891778,0.909608
14.177,1.325312,0.383819,0.883655,0.910104
14.187,1.315199,0.381966,0.870209,0.909169
14.197,1.287961,0.387495,0.841724,0.894535
14.207,1.272688,0.390264,0.808440,0.902138
14.217,1.255508,0.386667,0.793018,0.893259
14.227,1.248944,0.387048,0.776321,0.898544
14.237,1.218959,0.381550,0.767429,0.866795
14.247,1.191407,0.377161,0.724337,0.867489
14.257,1.181196,0.379764,0.706573,0.867040
14.267,1.168490,0.378766,0.705035,0.851370
14.277,1.176902,0.383684,0.699972,0.864827
14.287,1.204503,0.391450,0.703503,0.895923
14.297,1.193882,0.390974,0.685884,0.895575
14.307,1.192264,0.392179,0.686462,0.892446
14.317,1.177879,0.391138,0.683004,0.876309
14.327,1.177074,0.391964,0.666112,0.887784
14.337,1.165565,0.398462,0.638719,0.889836
14.347,1.181687,0.412174,0.636178,0.906518
14.357,1.159188,0.396234,0.642268,0.879890
14.367,1.165951,0.410889,0.637428,0.885606
14.377,1.114357,0.401356,0.604276,0.845906
14.387,1.156940,0.422397,0.606637,0.889990
14.397,1.160297,0.423924,0.607465,0.893064
14.407,1.162252,0.428439,0.606107,0.894374
14.417,1.160198,0.438734,0.595328,0.893956
14.427,1.162818,0.437792,0.594993,0.898035
14.437,1.161375,0.430626,0.594878,0.899707
14.447,1.170448,0.430959,0.612861,0.899236
14.457,1.146921,0.424860,0.606059,0.876136
14.467,1.164194,0.428124,0.599187,0.901682
14.477,1.169405,0.427616,0.599673,0.908319
14.487,1.173148,0.427464,0.603132,0.910924
14.497,1.174168,0.427524,0.603122,0.912215
14.507,1.180881,0.430077,0.618353,0.909479
14.517,1.188295,0.430109,0.617240,0.919819
14.527,1.196980,0.431402,0.642302,0.913291
14.537,1.206466,0.434285,0.657961,0.913261
14.547,1.204238,0.422352,0.653950,0.918781
14.557,1.214471,0.422801,0.659581,0.927973
14.567,1.210601,0.420969,0.660416,0.923142
14.577,1.203076,0.419840,0.659681,0.914302
14.587,1.194871,0.416874,0.659643,0.904878
14.597,1.237452,0.416586,0.697588,0.933336
14.607,1.258255,0.412404,0.735614,0.933811
14.617,1.266080,0.405037,0.739189,0.944724
14.627,1.271801,0.396812,0.744480,0.951718
14.637,1.281574,0.394669,0.763961,0.950279
14.647,1.285589,0.385691,0.764234,0.959129
14.657,1.290321,0.390146,0.763387,0.964341
14.667,1.311106,0.389701,0.790522,0.970673
14.677,1.388076,0.385728,0.866295,1.013657
14.687,1.407513,0.397599,0.888844,1.016349
14.697,1.416783,0.392207,0.889778,1.030409
14.707,1.425907,0.395278,0.883772,1.046860
14.717,1.428436,0.394814,0.887843,1.047037
14.727,1.442292,0.404109,0.887410,1.062735
14.737,1.455754,0.410550,0.876485,1.087402
14.747,1.431238,0.410355,0.853048,1.073480
14.757,1.441034,0.410593,0.859151,1.081597
14.767,1.462002,0.415261,0.867298,1.101273
14.777,1.450260,0.410728,0.862371,1.091272
14.787,1.433358,0.408258,0.856068,1.074704
14.797,1.438577,0.408546,0.856889,1.080896
14.807,1.440805,0.412349,0.874219,1.068471
14.817,1.450503,0.417574,0.875602,1.078384
14.827,1.462880,0.416606,0.886901,1.086216
14.837,1.482076,0.409447,0.916514,1.090369
14.847,1.466780,0.395001,0.928327,1.064719
14.857,1.477566,0.396032,0.926410,1.080798
14.867,1.456976,0.380017,0.916738,1.066751
14.877,1.478766,0.386656,0.918183,1.092788
14.887,1.492439,0.369449,0.959319,1.081938
14.897,1.500419,0.366009,0.984984,1.071028
14.907,1.505318,0.358899,0.990488,1.075224
14.917,1.517122,0.334236,1.016748,1.075254
14.927,1.511233,0.335259,1.011492,1.071593
14.937,1.541066,0.341151,1.014956,1.108316
14.947,1.556733,0.354828,1.007184,1.132738
14.958,1.549719,0.352309,0.998214,1.131846
14.967,1.534148,0.352233,0.994528,1.113757
14.978,1.529209,0.352175,0.995016,1.106525
14.987,1.542892,0.359348,1.004504,1.114611
14.997,1.577363,0.369275,1.029950,1.136183
15.007,1.586837,0.371197,1.032306,1.146564
15.017,1.579604,0.365012,1.031454,1.139306
15.027,1.576213,0.359792,1.018464,1.147924
15.037,1.560526,0.356376,1.002563,1.141537
15.047,1.565264,0.377084,1.004830,1.139375
15.057,1.564883,0.380653,1.000250,1.141693
15.067,1.567694,0.384965,1.001921,1.142637
15.077,1.568081,0.387288,1.003360,1.141119
15.087,1.565937,0.388737,1.002155,1.138740
15.097,1.529689,0.386514,0.977088,1.111691
15.107,1.521878,0.385610,0.945706,1.128299
15.117,1.529946,0.383655,0.949801,1.136407
15.127,1.519161,0.377130,0.953896,1.120583
15.137,1.516020,0.378420,0.935769,1.131128
15.147,1.525541,0.378044,0.960461,1.123332
15.157,1.542606,0.377385,0.992287,1.119187
15.167,1.530883,0.377583,0.971800,1.120999
15.177,1.466295,0.372284,0.903856,1.092918
15.187,1.449827,0.358419,0.888019,1.088557
15.197,1.475193,0.358205,0.914995,1.100303
15.207,1.467144,0.352996,0.922063,1.085222
15.217,1.477094,0.354425,0.915051,1.104025
15.227,1.487851,0.352521,0.921931,1.113317
15.237,1.472201,0.344732,0.926836,1.090647
15.247,1.485181,0.357894,0.924993,1.105470
15.257,1.493282,0.358900,0.926656,1.114626
15.267,1.473899,0.355694,0.919903,1.095280
15.277,1.482752,0.364304,0.919517,1.104683
15.287,1.475158,0.360485,0.921137,1.094372
15.297,1.486829,0.364789,0.937481,1.094860
15.307,1.511182,0.390453,0.933142,1.122704
15.317,1.518647,0.387760,0.949900,1.119651
15.327,1.516560,0.403992,0.959130,1.103093
15.337,1.505107,0.410901,0.939227,1.101980
15.347,1.496327,0.411086,0.927263,1.100085
15.357,1.487377,0.419300,0.926768,1.085162
15.367,1.504314,0.427856,0.926276,1.105401
15.377,1.500318,0.423557,0.922719,1.104601
15.387,1.458849,0.418812,0.883028,1.083096
15.397,1.448199,0.422457,0.855970,1.089094
15.407,1.441279,0.422321,0.858012,1.078307
15.417,1.409921,0.430335,0.819774,1.063324
15.427,1.439443,0.432214,0.842902,1.083837
15.437,1.453442,0.428123,0.887517,1.068418
15.448,1.435294,0.417068,0.898054,1.039049
15.457,1.457723,0.421851,0.898295,1.067738
15.467,1.471340,0.424193,0.899050,1.084716
15.477,1.472669,0.426351,0.899526,1.085279
15.487,1.474383,0.433188,0.887692,1.094603
15.497,1.461749,0.431930,0.863436,1.097553
15.507,1.449892,0.428005,0.850179,1.093707
15.517,1.449598,0.430983,0.850075,1.092228
15.527,1.449106,0.432074,0.851574,1.089974
15.537,1.450804,0.432884,0.854082,1.089948
15.547,1.436105,0.428097,0.848525,1.076632
15.557,1.439923,0.426523,0.856263,1.076229
15.567,1.457233,0.422315,0.870577,1.089621
15.577,1.467360,0.421469,0.882423,1.094002
15.587,1.467919,0.420227,0.884678,1.093408
15.597,1.479840,0.417065,0.900555,1.097717
15.607,1.490655,0.416963,0.942220,1.077226
15.617,1.470537,0.414832,0.936145,1.055474
15.628,1.510626,0.415179,0.960866,1.089199
15.637,1.558468,0.421542,1.013180,1.106613
15.647,1.550797,0.421600,1.007264,1.101201
15.657,1.549402,0.420612,0.978240,1.125512
15.667,1.560457,0.423434,0.988870,1.130428
15.677,1.556886,0.422954,0.993985,1.121159
15.687,1.571874,0.428345,0.988346,1.144763
15.698,1.559173,0.436073,0.964118,1.145136
15.707,1.553430,0.435721,0.960555,1.140449
15.717,1.564991,0.444886,0.968450,1.146027
15.727,1.556135,0.448172,0.974680,1.127252
15.737,1.557085,0.449423,0.975625,1.127248
15.747,1.548038,0.439303,0.975387,1.118953
15.757,1.535755,0.437064,0.967743,1.109500
15.767,1.536949,0.435228,0.970782,1.109221
15.778,1.551386,0.433314,0.973592,1.127456
15.787,1.558120,0.434787,0.971456,1.137968
15.798,1.545563,0.434233,0.960641,1.130211
15.807,1.520237,0.407512,0.948971,1.115576
15.817,1.523447,0.406380,0.936457,1.130838
15.827,1.516569,0.391993,0.924384,1.136590
15.837,1.515017,0.384861,0.925432,1.136106
15.847,1.518573,0.384512,0.925779,1.140679
15.858,1.518762,0.375485,0.929791,1.140675
15.867,1.503685,0.364624,0.929605,1.124257
15.877,1.479511,0.363379,0.920186,1.100075
15.887,1.475872,0.362925,0.914735,1.099883
15.897,1.498404,0.356408,0.946472,1.105612
15.907,1.512345,0.358204,0.958656,1.113488
15.917,1.507820,0.351548,0.957895,1.110123
15.927,1.511353,0.347616,0.981847,1.095137
15.937,1.514753,0.347664,1.016566,1.067802
15.947,1.517978,0.348235,1.020195,1.068734
15.957,1.508763,0.357765,1.031256,1.041577
15.967,1.504182,0.353570,1.049843,1.017537
15.978,1.519201,0.351347,1.051406,1.038784
15.987,1.502187,0.333561,1.050043,1.021133
15.997,1.474165,0.329822,1.043328,0.987849
16.007,1.468703,0.329664,1.042312,0.980814
16.017,1.469831,0.330385,1.045340,0.979037
16.027,1.460763,0.325867,1.041490,0.971049
16.037,1.459104,0.324140,1.037824,0.973056
16.047,1.460787,0.305141,1.044976,0.974070
16.057,1.480469,0.305245,1.067152,0.979694
16.067,1.479145,0.310096,1.075644,0.966800
16.077,1.470919,0.309547,1.065009,0.966197
16.087,1.481372,0.309543,1.080141,0.965371
16.097,1.487155,0.309596,1.090640,0.962436
16.107,1.464732,0.306491,1.060344,0.962898
16.117,1.466852,0.308267,1.063110,0.962509
16.127,1.442762,0.309753,1.058355,0.930323
16.137,1.397520,0.301358,1.029864,0.895336
16.148,1.383716,0.302883,1.010529,0.895411
16.157,1.376930,0.298426,1.015936,0.880200
16.167,1.357852,0.295162,1.009917,0.858318
16.177,1.355232,0.295048,1.006511,0.858217
16.187,1.351842,0.285712,1.015570,0.845258
16.197,1.356589,0.276623,1.045798,0.818608
16.207,1.373859,0.273983,1.066457,0.821639
16.217,1.354990,0.254618,1.069340,0.792262
16.228,1.337194,0.240624,1.059071,0.780100
16.237,1.333520,0.239818,1.054672,0.780020
16.248,1.336498,0.252940,1.054837,0.780748
16.257,1.331682,0.252573,1.060108,0.765347
16.267,1.344124,0.260636,1.072835,0.766657
16.277,1.330817,0.249972,1.082026,0.733353
16.288,1.330461,0.252188,1.095717,0.711290
16.298,1.340182,0.248508,1.108332,0.711290
16.307,1.335363,0.242252,1.115346,0.693189
16.317,1.317160,0.253049,1.115440,0.653200
16.327,1.316023,0.261089,1.115157,0.648207
16.337,1.304202,0.261384,1.106660,0.638690
16.347,1.311864,0.262364,1.112972,0.642996
16.357,1.308187,0.264536,1.108091,0.643045
16.368,1.311512,0.264410,1.109344,0.647694
16.377,1.320164,0.272508,1.120814,0.642143
16.388,1.343773,0.273136,1.148045,0.642741
16.397,1.334291,0.273072,1.135602,0.645113
16.407,1.324441,0.277932,1.123526,0.643883
16.417,1.332914,0.279238,1.133242,0.643776
16.427,1.303742,0.281649,1.099792,0.640995
16.437,1.247496,0.279414,1.029180,0.647273
16.447,1.236182,0.278857,1.016573,0.645727
16.457,1.228935,0.260695,1.010434,0.649110
16.468,1.210969,0.258280,0.990861,0.646477
16.477,1.191195,0.258341,0.991469,0.607614
16.487,1.195113,0.263799,0.991334,0.613158
16.498,1.192842,0.257633,0.988875,0.615323
16.507,1.191290,0.261350,0.988884,0.610717
16.517,1.204974,0.258472,0.985823,0.642890
16.527,1.233966,0.283486,0.987078,0.684094
16.537,1.234987,0.283410,0.990042,0.681681
16.548,1.224627,0.284823,0.983240,0.672180
16.558,1.211027,0.291819,0.976879,0.653555
16.568,1.238801,0.288237,1.008987,0.658402
16.577,1.243431,0.288036,1.020876,0.648820
16.588,1.228568,0.293089,1.002522,0.646861
16.597,1.214853,0.293719,0.982043,0.652065
16.607,1.226433,0.293536,0.992820,0.657482
16.617,1.223024,0.294072,0.989439,0.655987
16.627,1.200717,0.297717,0.963220,0.652144
16.637,1.186064,0.299383,0.941153,0.656770
16.648,1.186528,0.294293,0.942483,0.658002
16.658,1.179486,0.297167,0.944267,0.641279
16.667,1.193284,0.306641,0.949431,0.654583
16.677,1.202635,0.306709,0.959126,0.657524
16.687,1.185283,0.312596,0.950306,0.635686
16.697,1.160776,0.311304,0.919450,0.636477
16.707,1.183472,0.336117,0.898543,0.693002
16.717,1.181241,0.340294,0.891344,0.696445
16.727,1.177520,0.340149,0.890771,0.690926
16.737,1.178914,0.340474,0.889349,0.694964
16.747,1.194667,0.326944,0.924130,0.682877
16.757,1.195792,0.327514,0.920898,0.688912
16.767,1.192071,0.324363,0.916076,0.690382
16.777,1.191930,0.324274,0.918733,0.686639
16.787,1.179567,0.318919,0.908560,0.681313
16.797,1.175565,0.317638,0.902491,0.683058
16.808,1.175324,0.322667,0.899153,0.684688
16.817,1.177643,0.318061,0.899522,0.690319
16.828,1.177094,0.307663,0.907993,0.682965
16.837,1.180757,0.309276,0.913211,0.681601
16.847,1.179558,0.314003,0.908789,0.683273
16.857,1.181595,0.310779,0.908763,0.688281
16.867,1.197596,0.328315,0.906587,0.710313
16.877,1.186808,0.330683,0.890833,0.711041
16.887,1.155158,0.329751,0.849128,0.710377
16.897,1.151658,0.330930,0.835863,0.719815
16.907,1.151818,0.323805,0.850532,0.705995
16.918,1.147918,0.321587,0.846884,0.705044
16.927,1.153355,0.331480,0.838895,0.718752
16.938,1.152272,0.331119,0.842068,0.713450
16.947,1.156715,0.335989,0.837474,0.723698
16.958,1.154926,0.342521,0.831776,0.724350
16.967,1.163437,0.349367,0.831446,0.735001
16.977,1.179144,0.351247,0.852567,0.734939
16.988,1.213220,0.348415,0.906376,0.727318
16.997,1.212435,0.350639,0.907201,0.723905
17.007,1.215242,0.358095,0.907982,0.723982
17.017,1.197483,0.353485,0.910569,0.692733
17.027,1.171253,0.338065,0.909537,0.655963
17.038,1.178250,0.343348,0.905667,0.670936
17.047,1.190827,0.349406,0.904525,0.691245
17.057,1.165279,0.338419,0.880244,0.684485
17.067,1.116682,0.339100,0.818910,0.679246
17.077,1.121704,0.340194,0.815012,0.691550
17.087,1.123893,0.338297,0.815268,0.695722
17.098,1.116851,0.338203,0.811225,0.689123
17.108,1.110487,0.339255,0.805918,0.684531
17.118,1.150396,0.337771,0.839092,0.710807
17.128,1.152418,0.337065,0.842225,0.710712
17.137,1.151044,0.333731,0.845462,0.706201
17.148,1.166543,0.333997,0.863995,0.709071
17.158,1.181706,0.329892,0.885626,0.709413
17.168,1.167366,0.327346,0.877476,0.696868
17.177,1.168632,0.331854,0.868480,0.708037
17.188,1.172259,0.322976,0.867893,0.718776
17.197,1.160201,0.323260,0.865600,0.701646
17.208,1.114202,0.302939,0.854021,0.648322
17.217,1.108375,0.295503,0.851578,0.644971
17.228,1.124801,0.303272,0.853100,0.667401
17.238,1.131095,0.311348,0.856703,0.669699
17.248,1.109731,0.311606,0.821507,0.677888
17.257,1.107525,0.312202,0.818710,0.677389
17.267,1.104601,0.319628,0.809993,0.679627
17.277,1.108551,0.323797,0.811428,0.682368
17.287,1.104495,0.321914,0.803382,0.686191
17.298,1.101760,0.321413,0.800424,0.685485
17.308,1.098681,0.321630,0.795957,0.685643
17.318,1.090549,0.317473,0.795574,0.674959
17.327,1.077964,0.318864,0.779391,0.672964
17.337,1.088664,0.320667,0.781240,0.687041
17.347,1.077457,0.319232,0.781304,0.669753
17.357,1.079589,0.324031,0.785263,0.666242
17.368,1.054054,0.304049,0.789519,0.628683
17.378,1.057226,0.298745,0.791402,0.634162
17.388,1.060906,0.299114,0.796163,0.634173
17.398,1.042327,0.299780,0.792854,0.606597
17.408,1.021680,0.299237,0.767670,0.604127
17.418,1.018123,0.299259,0.762619,0.604508
17.428,1.001691,0.283207,0.762540,0.584561
17.438,1.004106,0.284519,0.763835,0.586374
17.448,0.999656,0.281448,0.766248,0.577029
17.458,0.997133,0.273667,0.765037,0.578012
17.468,0.984507,0.262638,0.765086,0.561176
17.478,0.968996,0.263706,0.745404,0.560165
17.487,0.922053,0.263308,0.681037,0.563063
17.498,0.944906,0.257418,0.711164,0.566417
17.508,0.949079,0.249982,0.719289,0.566465
17.518,0.948083,0.249882,0.715492,0.569642
17.527,0.978746,0.250132,0.755601,0.569601
17.537,0.971799,0.240904,0.767814,0.544812
17.548,0.972080,0.233400,0.784859,0.523888
17.558,0.981202,0.234291,0.797135,0.521958
17.568,1.017115,0.240040,0.823316,0.546858
17.578,0.998323,0.243393,0.810235,0.530026
17.588,1.004230,0.243575,0.822485,0.522177
17.598,1.004287,0.245985,0.816856,0.529933
17.608,0.999643,0.246091,0.805792,0.537982
17.618,0.959769,0.247249,0.777055,0.506172
17.628,0.957101,0.245969,0.774143,0.506206
17.638,0.952026,0.247581,0.773414,0.496878
17.648,0.938429,0.247821,0.755205,0.498899
17.658,0.912509,0.248333,0.723329,0.497793
17.668,0.908436,0.245601,0.718118,0.499242
17.678,0.897534,0.240567,0.716287,0.484383
17.688,0.891345,0.244861,0.718750,0.466838
17.698,0.907115,0.251023,0.734223,0.469854
17.708,0.908406,0.250757,0.736217,0.469369
17.718,0.929165,0.248162,0.764379,0.466356
17.728,0.907141,0.237727,0.761195,0.432404
17.737,0.914271,0.226047,0.778907,0.422017
17.747,0.925555,0.229112,0.797527,0.410013
17.758,0.923327,0.232530,0.796865,0.404313
17.767,0.908778,0.229332,0.786960,0.392401
17.778,0.890668,0.223282,0.767506,0.392899
17.788,0.887736,0.224047,0.767077,0.386615
17.798,0.889340,0.226954,0.767541,0.387685
17.808,0.894184,0.222047,0.775908,0.385003
17.818,0.899096,0.238538,0.777132,0.384108
17.828,0.895528,0.240012,0.772016,0.385170
17.838,0.882969,0.245139,0.766196,0.363983
17.848,0.879733,0.242744,0.763005,0.364458
17.857,0.875395,0.237652,0.759253,0.365201
17.868,0.873357,0.234055,0.755843,0.369692
17.878,0.881975,0.234095,0.771342,0.357927
17.888,0.885902,0.242076,0.773280,0.358134
17.898,0.886708,0.250245,0.771597,0.358142
17.908,0.897549,0.250232,0.782055,0.362447
17.918,0.901230,0.251554,0.782643,0.369333
17.928,0.902753,0.256774,0.779394,0.376265
17.938,0.897799,0.255363,0.773728,0.377065
17.948,0.897994,0.262204,0.771626,0.377140
17.958,0.899821,0.261652,0.777118,0.370546
17.968,0.905326,0.264835,0.780516,0.374531
17.978,0.895990,0.262719,0.769909,0.375522
17.988,0.898978,0.263742,0.777082,0.367077
18.000,0.888361,0.268644,0.755361,0.382681
18.008,0.881618,0.264974,0.747283,0.385496
18.018,0.885658,0.275471,0.749663,0.382769
18.029,0.851392,0.275092,0.708724,0.383279
18.038,0.850308,0.274426,0.704403,0.389269
18.048,0.836480,0.272179,0.687689,0.390770
18.059,0.826836,0.275856,0.672594,0.393928
18.068,0.782352,0.270028,0.640308,0.359395
18.079,0.785365,0.266903,0.646698,0.356850
18.089,0.781398,0.274073,0.637500,0.359250
18.098,0.780742,0.272129,0.636095,0.361784
18.108,0.774275,0.272405,0.635705,0.348105
18.118,0.777107,0.271995,0.638229,0.350112
18.128,0.776239,0.273049,0.636601,0.350328
18.138,0.777071,0.279150,0.632025,0.355610
18.148,0.766845,0.279691,0.626802,0.341970
18.158,0.767731,0.279711,0.623279,0.350279
18.168,0.772077,0.279292,0.626856,0.353765
18.178,0.772754,0.281953,0.627524,0.351944
18.188,0.782901,0.280121,0.635925,0.360645
18.198,0.772173,0.276306,0.628666,0.353107
18.208,0.778145,0.277542,0.626022,0.369562
18.218,0.749023,0.279361,0.588679,0.369391
18.228,0.756385,0.278063,0.598318,0.369885
18.238,0.734402,0.278313,0.570303,0.369652
18.248,0.742662,0.275871,0.580637,0.371892
18.258,0.739452,0.277164,0.576204,0.371427
18.268,0.754462,0.270493,0.598255,0.371669
18.278,0.753779,0.270648,0.597491,0.371399
18.288,0.753832,0.271037,0.597727,0.370841
18.298,0.754018,0.274192,0.597206,0.369739
18.308,0.739622,0.276853,0.577640,0.369762
18.318,0.756832,0.260422,0.601237,0.378800
18.328,0.761091,0.258749,0.607101,0.379127
18.338,0.757751,0.254619,0.606121,0.376793
18.348,0.760346,0.262554,0.606062,0.376671
18.358,0.761720,0.261772,0.607474,0.377714
18.368,0.779306,0.267533,0.617295,0.393307
18.378,0.759334,0.267517,0.591804,0.393436
18.388,0.753171,0.264570,0.584085,0.395113
18.398,0.752334,0.258018,0.585682,0.395487
18.408,0.754235,0.257858,0.591861,0.389974
18.418,0.749893,0.270234,0.585886,0.382165
18.428,0.743873,0.264712,0.586011,0.373985
18.438,0.750910,0.263857,0.586840,0.387122
18.448,0.747334,0.253716,0.586574,0.387385
18.458,0.754824,0.255203,0.595626,0.387118
18.468,0.758368,0.261317,0.602825,0.378732
18.478,0.780256,0.272806,0.626064,0.377386
18.488,0.772544,0.273039,0.616175,0.377627
18.498,0.763296,0.269342,0.613735,0.365248
18.508,0.759957,0.267594,0.611756,0.362881
18.518,0.764201,0.263566,0.620638,0.359646
18.528,0.775174,0.264252,0.634092,0.359157
18.538,0.801903,0.264266,0.669586,0.353364
18.548,0.806425,0.275171,0.671298,0.352082
18.558,0.804752,0.268114,0.672493,0.351416
18.568,0.811227,0.268049,0.669479,0.371533
18.578,0.805412,0.266960,0.662930,0.371411
18.588,0.821758,0.262188,0.685615,0.369425
18.598,0.827914,0.272143,0.693956,0.360285
18.608,0.863331,0.273418,0.734601,0.361864
18.618,0.853819,0.272637,0.725131,0.358972
18.628,0.860862,0.272202,0.728693,0.368776
18.638,0.859893,0.262183,0.732128,0.366965
18.648,0.868712,0.262638,0.738620,0.374329
18.658,0.887922,0.273426,0.745946,0.396497
18.668,0.906671,0.274095,0.767373,0.397572
18.678,0.908568,0.278003,0.765248,0.403244
18.688,0.907319,0.275878,0.767235,0.398081
18.698,0.897217,0.274729,0.755463,0.398494
18.708,0.893157,0.275553,0.755412,0.388785
18.718,0.912501,0.272431,0.777878,0.391594
18.728,0.911581,0.272497,0.775449,0.394212
18.738,0.924171,0.281956,0.778205,0.411084
18.748,0.906981,0.284667,0.755325,0.413598
18.758,0.927598,0.284248,0.765156,0.440656
18.768,0.915376,0.286865,0.749434,0.440421
18.778,0.914596,0.292698,0.748932,0.435792
18.788,0.915392,0.294143,0.748753,0.436796
18.798,0.915450,0.286943,0.744446,0.448902
18.808,0.918258,0.290841,0.745756,0.449953
18.818,0.900881,0.297858,0.724816,0.444420
18.828,0.898454,0.300836,0.716053,0.451647
18.838,0.926738,0.303978,0.731583,0.480861
18.848,0.928436,0.295967,0.736763,0.481224
18.858,0.928503,0.296211,0.737912,0.479440
18.868,0.923958,0.302506,0.737607,0.467038
18.878,0.927062,0.302577,0.737579,0.473147
18.888,0.926735,0.299832,0.738099,0.473444
18.898,0.931832,0.296714,0.740901,0.480975
18.908,0.920325,0.298269,0.722996,0.485089
18.918,0.916982,0.287489,0.723046,0.485192
18.928,0.936407,0.289977,0.740307,0.494688
18.938,0.940524,0.290094,0.741923,0.499982
18.948,0.961054,0.292196,0.761935,0.507643
18.958,0.969977,0.290782,0.771643,0.510753
18.968,0.968896,0.293208,0.764403,0.518148
18.978,0.972928,0.282630,0.769251,0.524368
18.988,1.010871,0.285183,0.795784,0.554309
18.998,1.007916,0.285070,0.794450,0.550889
19.008,1.047017,0.290499,0.837691,0.556892
19.018,1.042056,0.286089,0.830582,0.560505
19.028,1.045146,0.286016,0.832041,0.564120
19.038,1.020385,0.292114,0.795600,0.568221
19.048,1.017487,0.282551,0.790781,0.574552
19.058,1.014549,0.282177,0.787769,0.573678
19.068,1.011839,0.284928,0.788375,0.566656
19.078,1.018711,0.289919,0.789700,0.574536
19.088,0.999877,0.291988,0.761285,0.578743
19.098,0.992396,0.284291,0.757178,0.575074
19.108,0.977736,0.286277,0.737142,0.575008
19.118,0.995424,0.290277,0.753433,0.582190
19.128,1.012674,0.296000,0.776850,0.578271
19.138,1.045352,0.295320,0.820519,0.576450
19.148,1.040577,0.299993,0.815920,0.571907
19.158,1.044755,0.291450,0.836481,0.553957
19.168,1.051064,0.291084,0.847319,0.549597
19.178,1.055768,0.288308,0.851923,0.552948
19.188,1.080147,0.301909,0.848267,0.596667
19.198,1.095818,0.302592,0.866314,0.598962
19.208,1.097223,0.303625,0.866372,0.600925
19.218,1.087047,0.304482,0.853182,0.600867
19.228,1.087343,0.314012,0.850395,0.600450
19.238,1.083663,0.309516,0.848528,0.598770
19.248,1.077730,0.312947,0.842541,0.594720
19.258,1.072323,0.312112,0.844197,0.582920
19.268,1.109375,0.309620,0.890570,0.584578
19.278,1.110718,0.307365,0.892648,0.585150
19.288,1.142887,0.305213,0.923089,0.600784
19.298,1.144833,0.306102,0.932575,0.589278
19.308,1.147618,0.301684,0.938227,0.587999
19.318,1.141233,0.294690,0.935851,0.582885
19.328,1.167436,0.294068,0.960967,0.594116
19.338,1.171208,0.292456,0.978500,0.573354
19.348,1.175762,0.293532,0.976403,0.585570
19.358,1.184494,0.295861,0.980359,0.595304
19.368,1.187552,0.286008,0.991582,0.587576
19.378,1.192472,0.288565,0.994445,0.591437
19.388,1.194841,0.289186,0.994987,0.594993
19.398,1.200751,0.289003,1.003953,0.591911
19.408,1.207715,0.295061,1.005908,0.599719
19.418,1.210714,0.294906,1.008281,0.601854
19.428,1.194623,0.290823,0.995271,0.593279
19.438,1.208248,0.294372,1.020713,0.575632
19.448,1.222266,0.299602,1.036284,0.574708
19.458,1.207838,0.302894,1.016713,0.577427
19.468,1.213806,0.295473,1.023317,0.582102
19.478,1.227203,0.294847,1.041149,0.578879
19.488,1.210063,0.291533,1.040890,0.543884
19.498,1.215248,0.293158,1.040248,0.555669
19.508,1.197268,0.287368,1.023103,0.551480
19.518,1.227795,0.288861,1.059286,0.549501
19.528,1.231724,0.293404,1.061058,0.552461
19.538,1.245887,0.289237,1.081288,0.547170
19.548,1.267095,0.289772,1.110483,0.537018
19.558,1.271080,0.290055,1.112650,0.541777
19.568,1.275548,0.293941,1.112677,0.550065
19.578,1.276335,0.289910,1.117384,0.544461
19.588,1.280062,0.283468,1.124879,0.541157
19.598,1.291934,0.291290,1.124667,0.565126
19.608,1.285284,0.285168,1.115419,0.571380
19.618,1.291205,0.283959,1.115084,0.585802
19.628,1.275115,0.275151,1.099567,0.584092
19.638,1.253470,0.284801,1.064105,0.598125
19.648,1.257361,0.280013,1.069653,0.598657
19.658,1.245982,0.282130,1.049946,0.608676
19.668,1.219938,0.281921,1.020119,0.606735
19.678,1.217410,0.279867,1.021061,0.600996
19.688,1.188252,0.264920,1.016775,0.554914
19.698,1.189762,0.278069,1.000975,0.579879
19.708,1.193160,0.276562,1.008025,0.575351
19.718,1.202449,0.281463,1.005903,0.595667
19.728,1.210514,0.271236,1.019806,0.593103
19.738,1.208699,0.265920,1.026355,0.580376
19.748,1.207222,0.259884,1.026984,0.578919
19.758,1.233665,0.265880,1.049091,0.592153
19.768,1.238737,0.270678,1.045670,0.606445
19.778,1.238749,0.267535,1.044432,0.609987
19.788,1.214922,0.267739,1.026387,0.592352
19.798,1.206543,0.266903,1.017077,0.591661
19.808,1.216843,0.265967,1.019583,0.608622
19.818,1.216489,0.265550,1.019607,0.608055
19.828,1.201646,0.263333,1.007205,0.600122
19.838,1.196530,0.266161,0.982679,0.628638
19.848,1.197459,0.269091,0.990476,0.616811
19.858,1.216346,0.277684,0.985320,0.656912
19.868,1.238952,0.276953,1.007924,0.665123
19.878,1.242399,0.282640,1.015854,0.657047
19.888,1.249143,0.297006,1.014441,0.665624
19.898,1.260490,0.301536,1.027473,0.664989
19.908,1.314104,0.302275,1.078430,0.687377
19.918,1.328103,0.313698,1.087244,0.695234
19.928,1.328665,0.317385,1.087485,0.694257
19.938,1.319494,0.314161,1.068372,0.707777
19.948,1.309545,0.312356,1.040350,0.731447
19.958,1.315081,0.320974,1.045947,0.729664
19.968,1.309279,0.320018,1.039541,0.728804
19.978,1.289828,0.322326,1.012186,0.731602
19.988,1.287180,0.331131,0.999479,0.740424
19.998,1.311257,0.329398,1.029394,0.742456
20.008,1.338236,0.341147,1.022340,0.793294
20.018,1.309194,0.344718,0.982996,0.793018
20.028,1.297187,0.338471,0.971792,0.789780
20.038,1.296075,0.343989,0.954996,0.805893
20.048,1.300438,0.346115,0.937331,0.832319
20.058,1.297868,0.345056,0.935139,0.831211
20.068,1.315924,0.342356,0.962737,0.829208
20.078,1.318090,0.343695,0.964463,0.830088
20.088,1.318901,0.343433,0.956395,0.840751
20.098,1.312441,0.333532,0.960512,0.829863
20.108,1.340527,0.340523,0.974566,0.855148
20.118,1.342526,0.339728,0.986639,0.844693
20.128,1.350957,0.347600,0.990948,0.849871
20.138,1.346331,0.343088,0.991200,0.844049
20.148,1.374584,0.363568,0.997903,0.872633
20.158,1.411784,0.369949,1.025343,0.897186
20.168,1.418050,0.377278,1.031232,0.897267
20.178,1.420647,0.377368,1.027692,0.905363
20.188,1.420353,0.375866,1.027691,0.905526
20.198,1.426742,0.373225,1.027916,0.916342
20.208,1.443776,0.378583,1.028058,0.940351
20.218,1.443451,0.372885,1.038066,0.931089
20.228,1.435768,0.376582,1.026532,0.930510
20.238,1.431358,0.378412,1.020478,0.929632
20.248,1.436714,0.378097,1.019917,0.938594
20.258,1.421152,0.377213,0.987297,0.950067
20.268,1.390412,0.371916,0.951054,0.943621
20.278,1.396686,0.371301,0.960087,0.943981
20.288,1.393305,0.375557,0.953258,0.944223
20.298,1.399320,0.398248,0.944899,0.952188
20.308,1.405350,0.401449,0.940637,0.963872
20.318,1.409454,0.401426,0.941373,0.969141
20.328,1.404434,0.402689,0.933338,0.969101
20.338,1.390353,0.396573,0.932010,0.952454
20.348,1.408951,0.412736,0.936835,0.968056
20.358,1.421024,0.429134,0.967757,0.947945
20.368,1.405651,0.429627,0.942166,0.950578
20.378,1.398535,0.426303,0.932969,0.950650
20.388,1.400871,0.415878,0.946242,0.945574
20.398,1.383934,0.413702,0.920222,0.947267
20.408,1.373459,0.426226,0.877611,0.966706
20.418,1.415327,0.450793,0.911790,0.984162
20.428,1.427973,0.450176,0.932454,0.983350
20.438,1.420488,0.451221,0.927638,0.976563
20.448,1.419197,0.452403,0.942470,0.959792
20.458,1.416061,0.446065,0.938583,0.961934
20.468,1.458704,0.465364,0.965173,0.989795
20.478,1.511642,0.488213,1.009542,1.013674
20.488,1.517018,0.483954,1.021903,1.011359
20.498,1.490188,0.484250,0.991453,1.001590
20.508,1.463505,0.478852,0.983872,0.971876
20.518,1.465065,0.476524,0.987260,0.971935
20.528,1.481781,0.488604,0.992515,0.985827
20.538,1.491978,0.498973,0.996911,0.991561
20.548,1.478142,0.497250,0.990794,0.977739
20.558,1.482624,0.503559,0.993140,0.978915
20.568,1.490676,0.515477,0.966259,1.011308
20.578,1.522311,0.521906,0.961179,1.058857
20.588,1.538161,0.521706,0.983235,1.061608
20.598,1.543443,0.521335,0.996510,1.057068
20.608,1.520183,0.519338,0.982828,1.036963
20.618,1.511248,0.519345,0.961812,1.043585
20.628,1.501915,0.514164,0.954015,1.039827
20.638,1.514571,0.518581,0.953032,1.056754
20.648,1.512677,0.515410,0.941146,1.066204
20.658,1.495415,0.509854,0.912593,1.069340
20.668,1.490987,0.504698,0.907105,1.070272
20.678,1.507398,0.519711,0.911635,1.082161
20.688,1.536013,0.542728,0.913880,1.108875
20.698,1.530393,0.541112,0.917941,1.098491
20.708,1.547348,0.537216,0.946427,1.099983
20.718,1.568185,0.537133,0.980186,1.099967
20.728,1.576275,0.535377,0.992313,1.101511
20.738,1.591854,0.534819,0.998859,1.118145
20.748,1.624884,0.539572,1.035739,1.129759
20.758,1.636482,0.550467,1.053125,1.125162
20.768,1.637927,0.550240,1.055776,1.124889
20.778,1.633965,0.552072,1.047597,1.125877
20.788,1.640510,0.548508,1.049197,1.135604
20.798,1.645515,0.537456,1.051554,1.145904
20.808,1.639574,0.538327,1.047668,1.140525
20.818,1.635006,0.538172,1.047657,1.134033
20.828,1.635433,0.540765,1.043357,1.137373
20.838,1.646168,0.541906,1.044688,1.151014
20.848,1.633767,0.528289,1.038970,1.144835
20.858,1.599529,0.513422,1.009187,1.129793
20.868,1.614896,0.514683,1.037430,1.125491
20.878,1.647885,0.514338,1.088342,1.125386
20.888,1.656049,0.512984,1.095441,1.131086
20.898,1.666061,0.519171,1.097415,1.141009
20.908,1.635092,0.503384,1.085157,1.114704
20.918,1.594396,0.475433,1.055828,1.096033
20.928,1.588108,0.473825,1.045402,1.097594
20.938,1.588338,0.470509,1.048502,1.096395
20.948,1.586285,0.469947,1.037666,1.103947
20.958,1.603742,0.472783,1.045975,1.120000
20.968,1.577335,0.462672,1.020055,1.110590
20.978,1.527508,0.440654,0.978560,1.086980
20.988,1.516247,0.455841,0.954480,1.086361
20.998,1.528865,0.457460,0.971622,1.088168
21.008,1.534137,0.454967,0.983010,1.086404
21.018,1.547291,0.456454,0.979824,1.107114
21.028,1.554923,0.444824,1.002440,1.102284
21.038,1.566749,0.430991,1.050060,1.079965
21.048,1.583259,0.431053,1.077366,1.077119
21.058,1.588696,0.423145,1.081646,1.083950
21.068,1.581247,0.418969,1.091920,1.064199
21.078,1.600262,0.412289,1.149814,1.033820
21.088,1.622376,0.416119,1.184566,1.027499
21.098,1.618409,0.417238,1.178632,1.027612
21.108,1.620855,0.418961,1.182635,1.026166
21.118,1.631446,0.425997,1.180504,1.042379
21.128,1.682367,0.438957,1.207245,1.086385
21.138,1.713087,0.454028,1.226888,1.106015
21.148,1.695988,0.450386,1.227997,1.079608
21.158,1.694411,0.450202,1.250015,1.051575
21.168,1.710054,0.456613,1.269818,1.050405
21.178,1.707734,0.440237,1.289398,1.029563
21.188,1.708201,0.416286,1.297685,1.029888
21.198,1.717301,0.434883,1.299033,1.035621
21.208,1.703820,0.436044,1.295561,1.017050
21.218,1.692953,0.438438,1.280615,1.016803
21.228,1.697547,0.437555,1.282179,1.022853
21.238,1.689578,0.436846,1.283773,1.007852
21.248,1.653530,0.430419,1.255629,0.986051
21.258,1.632178,0.414018,1.247334,0.967859
21.268,1.636998,0.415206,1.248558,0.973894
21.278,1.657388,0.431445,1.251053,0.997826
21.288,1.672117,0.437077,1.265848,1.001283
21.298,1.669564,0.433033,1.278865,0.982054
21.308,1.666793,0.428013,1.284036,0.972756
21.318,1.676806,0.431280,1.293016,0.976618
21.328,1.677762,0.428205,1.299648,0.970793
21.338,1.674767,0.427961,1.305463,0.957842
21.348,1.681702,0.425420,1.316190,0.956442
21.358,1.686519,0.425045,1.320647,0.958946
21.368,1.666033,0.432933,1.288132,0.963820
21.378,1.641712,0.446638,1.244150,0.973563
21.388,1.639940,0.459906,1.237668,0.972660
21.398,1.632614,0.454219,1.238722,0.961604
21.408,1.631697,0.453292,1.240039,0.958784
21.418,1.642546,0.453692,1.249449,0.964883
21.428,1.645192,0.458557,1.251776,0.964073
21.438,1.643950,0.459643,1.248702,0.965424
21.448,1.639074,0.463067,1.250315,0.953334
21.458,1.620221,0.462038,1.243030,0.930867
21.468,1.618708,0.449623,1.246664,0.929454
21.478,1.642923,0.463691,1.255441,0.952919
21.488,1.673717,0.447367,1.294494,0.962016
21.498,1.708750,0.447893,1.335651,0.967086
21.508,1.712922,0.449710,1.347042,0.957780
21.518,1.704548,0.449113,1.347233,0.942734
21.528,1.690021,0.458329,1.325559,0.942868
21.538,1.656389,0.457437,1.281653,0.944320
21.548,1.647422,0.459605,1.265506,0.949346
21.558,1.675991,0.459019,1.297713,0.956131
21.568,1.669076,0.456626,1.298582,0.943924
21.578,1.625389,0.453617,1.254920,0.928060
21.588,1.596379,0.452040,1.222223,0.922094
21.598,1.590376,0.451120,1.213553,0.923620
21.608,1.587757,0.445729,1.211097,0.924954
21.618,1.572132,0.440933,1.210768,0.900676
21.628,1.513578,0.427592,1.182241,0.842846
21.638,1.468864,0.409362,1.162879,0.798558
21.648,1.480602,0.403474,1.175083,0.805339
21.658,1.510818,0.403114,1.202459,0.821075
21.668,1.515812,0.404834,1.204949,0.825768
21.678,1.497390,0.404755,1.181851,0.825578
21.688,1.479431,0.408520,1.172243,0.804782
21.698,1.471964,0.390914,1.174477,0.796534
21.708,1.495688,0.395668,1.190123,0.814945
21.718,1.511524,0.394893,1.209480,0.816042
21.728,1.509763,0.395566,1.213445,0.806512
21.738,1.512974,0.395033,1.218806,0.804706
21.748,1.532203,0.392952,1.230863,0.823536
21.758,1.537528,0.394771,1.224741,0.841520
21.768,1.532633,0.392511,1.223609,0.835272
21.778,1.512616,0.376438,1.221374,0.809040
21.788,1.497254,0.372002,1.207359,0.803536
21.798,1.485960,0.373541,1.193356,0.802774
21.808,1.482252,0.374695,1.192388,0.796797
21.818,1.486577,0.391682,1.189834,0.800494
21.828,1.499377,0.397534,1.200693,0.805254
21.838,1.514836,0.394483,1.221919,0.803757
21.848,1.497615,0.396066,1.204353,0.797194
21.858,1.502786,0.399604,1.207557,0.800306
21.868,1.516002,0.391806,1.221241,0.808282
21.878,1.518101,0.373746,1.237397,0.796110
21.888,1.523841,0.359869,1.253255,0.788630
21.898,1.527677,0.358432,1.255307,0.793428
21.908,1.520888,0.360227,1.251346,0.785793
21.918,1.497816,0.358731,1.233365,0.770438
21.928,1.489408,0.353514,1.224019,0.771455
21.938,1.490757,0.352361,1.227271,0.769418
21.948,1.492383,0.345611,1.231142,0.769448
21.958,1.497659,0.345021,1.236180,0.771883
21.968,1.493969,0.343872,1.244801,0.751109
21.978,1.482631,0.325472,1.254550,0.719977
21.988,1.444495,0.321930,1.218587,0.705671
21.998,1.386091,0.319886,1.154572,0.697054
22.008,1.370171,0.317986,1.135917,0.697100
22.018,1.366027,0.317578,1.137347,0.686742
22.028,1.366855,0.298151,1.145709,0.683191
22.038,1.376199,0.300536,1.152058,0.690191
22.048,1.355149,0.296988,1.132624,0.682195
22.058,1.318783,0.295918,1.101874,0.661435
22.068,1.321857,0.291465,1.104071,0.665870
22.078,1.318883,0.296769,1.095251,0.672166
22.088,1.301773,0.296838,1.074926,0.671591
22.098,1.303695,0.297772,1.074365,0.675791
22.108,1.298947,0.297762,1.073809,0.667485
22.118,1.310045,0.297586,1.085274,0.670702
22.128,1.311072,0.292702,1.085243,0.674895
22.138,1.313455,0.290696,1.090084,0.672589
22.148,1.292023,0.283615,1.074739,0.658652
22.158,1.248319,0.276752,1.033482,0.643136
22.168,1.218134,0.264922,1.003193,0.638178
22.178,1.220825,0.265109,1.000866,0.646836
22.188,1.213620,0.259619,1.002234,0.633243
22.198,1.189708,0.244268,0.994230,0.606007
22.208,1.139203,0.238922,0.948861,0.583407
22.218,1.084488,0.239220,0.889070,0.573100
22.228,1.069836,0.238772,0.871260,0.573098
22.238,1.079101,0.243701,0.882459,0.571257
22.248,1.070751,0.244876,0.890187,0.542321
22.258,1.059813,0.243379,0.893786,0.514895
22.268,1.062735,0.244419,0.899138,0.511093
22.278,1.074078,0.248003,0.908155,0.517100
22.288,1.064192,0.251029,0.907392,0.496114
22.298,1.109506,0.249947,0.953469,0.509341
22.308,1.130742,0.253907,0.976794,0.509883
22.318,1.140523,0.229329,0.998068,0.502058
22.328,1.145006,0.216257,1.010797,0.492503
22.338,1.124298,0.227432,0.985300,0.491432
22.348,1.123358,0.226601,0.985451,0.489357
22.358,1.110246,0.226529,0.972731,0.484896
22.368,1.091081,0.227613,0.961060,0.463697
22.378,1.084691,0.228428,0.948617,0.473816
22.388,1.061918,0.233126,0.920878,0.474663
22.398,1.051310,0.237143,0.915585,0.459043
22.408,1.049593,0.235700,0.914520,0.457977
22.418,1.052191,0.234770,0.916421,0.460609
22.428,1.065112,0.237032,0.924349,0.473136
22.438,1.078580,0.240784,0.927656,0.494786
22.448,1.070929,0.240733,0.918456,0.495354
22.458,1.065183,0.252279,0.912089,0.488943
22.468,1.051884,0.258411,0.896312,0.486115
22.478,1.030020,0.257726,0.870287,0.486948
22.488,1.026707,0.257155,0.868550,0.483342
22.498,1.043806,0.261300,0.887511,0.483298
22.508,1.062850,0.261387,0.910066,0.482812
22.518,1.063258,0.270668,0.908147,0.482209
22.528,1.050339,0.270832,0.898009,0.472695
22.538,1.039174,0.270657,0.889110,0.464877
22.548,1.042210,0.270690,0.891674,0.466741
22.558,1.046896,0.270317,0.898980,0.463418
22.568,1.025880,0.269116,0.885854,0.441892
22.578,1.016014,0.257216,0.882093,0.433633
22.588,1.024728,0.257293,0.881659,0.454471
22.598,1.021231,0.259755,0.881622,0.445178
22.608,1.022541,0.261511,0.878333,0.453578
22.618,1.008541,0.261698,0.865813,0.446137
22.628,1.010357,0.268511,0.865762,0.446295
22.638,1.004871,0.268785,0.860506,0.443902
22.648,1.008534,0.267256,0.870193,0.434142
22.658,1.002886,0.267006,0.867954,0.425611
22.668,1.002957,0.272651,0.866926,0.424292
22.678,1.000213,0.271590,0.866814,0.418688
22.688,1.003137,0.275277,0.863793,0.429380
22.698,1.005757,0.278049,0.866720,0.427823
22.708,1.011780,0.278649,0.875669,0.423388
22.718,1.035119,0.275323,0.902636,0.425342
22.728,1.048595,0.275076,0.918077,0.425463
22.738,1.018179,0.276315,0.882970,0.425089
22.748,1.004833,0.274253,0.861635,0.438246
22.758,1.009154,0.283334,0.857744,0.449876
22.768,1.004623,0.283681,0.851566,0.451251
22.778,0.988409,0.276078,0.840288,0.441192
22.788,0.983102,0.271852,0.834097,0.443698
22.798,0.930737,0.270218,0.782994,0.424467
22.808,0.896220,0.261028,0.745456,0.423520
22.818,0.878468,0.258591,0.723046,0.426663
22.828,0.844493,0.259522,0.681261,0.426263
22.838,0.841052,0.252477,0.680702,0.424581
22.848,0.852287,0.256975,0.689775,0.429614
22.858,0.870520,0.246261,0.718467,0.425400
22.868,0.871380,0.245682,0.719359,0.425989
22.878,0.851465,0.246651,0.702971,0.412296
22.883,0.845558,0.244536,0.698238,0.409432
22.897,0.845547,0.239233,0.698283,0.412452
22.907,0.854656,0.247942,0.698643,0.425277
22.917,0.871874,0.265909,0.713408,0.424858
22.927,0.858764,0.262054,0.712060,0.402212
22.937,0.836796,0.260397,0.698747,0.379702
22.947,0.845573,0.261311,0.709633,0.378327
22.957,0.850435,0.251455,0.718836,0.378529
22.967,0.847226,0.246564,0.717840,0.376436
22.977,0.862619,0.247074,0.721176,0.403695
22.987,0.895932,0.248497,0.761305,0.401695
22.997,0.885347,0.246716,0.748911,0.402619
23.007,0.875685,0.248016,0.736389,0.403786
23.017,0.909330,0.237897,0.775130,0.411655
23.027,0.919999,0.242500,0.786209,0.411664
23.037,0.922845,0.242172,0.793050,0.405052
23.047,0.939819,0.241892,0.814976,0.400701
23.057,0.930373,0.246565,0.802102,0.401787
23.067,0.936557,0.248863,0.799997,0.418581
23.077,0.940624,0.257400,0.801966,0.418771
23.088,0.949568,0.257365,0.822955,0.397729
23.097,0.956369,0.251211,0.834334,0.394236
23.107,0.952133,0.250213,0.834951,0.383153
23.117,0.952398,0.250175,0.835126,0.383458
23.127,0.950732,0.250098,0.836692,0.375886
23.137,0.950529,0.250178,0.836612,0.375496
23.147,0.942839,0.250420,0.827902,0.375251
23.160,0.945220,0.257186,0.816810,0.400148
23.171,0.956498,0.256615,0.829232,0.401761
23.177,0.955425,0.256820,0.832519,0.392164
23.188,0.948663,0.251506,0.832625,0.378738
23.197,0.948705,0.248962,0.833994,0.377508
23.207,0.951559,0.249245,0.837322,0.377139
23.217,0.927376,0.254134,0.808620,0.376265
23.227,0.911340,0.255232,0.789506,0.376933
23.237,0.928245,0.249850,0.810953,0.376257
23.247,0.926174,0.249596,0.815561,0.361053
23.257,0.923170,0.242089,0.820698,0.346541
23.267,0.920350,0.242246,0.818645,0.343777
23.277,0.921535,0.242860,0.822148,0.338111
23.287,0.927389,0.243204,0.823862,0.349505
23.297,0.935982,0.243301,0.833172,0.350272
23.307,0.934259,0.249010,0.831539,0.345510
23.317,0.922602,0.250036,0.819444,0.342326
23.327,0.920255,0.248697,0.817228,0.342283
23.337,0.914731,0.248568,0.810101,0.344504
23.347,0.906969,0.241956,0.805574,0.339263
23.357,0.892433,0.252554,0.786426,0.337916
23.367,0.889997,0.252517,0.782423,0.340799
23.377,0.903397,0.251632,0.789952,0.358866
23.387,0.914715,0.252510,0.801219,0.361928
23.397,0.920433,0.262124,0.803289,0.364985
23.407,0.919169,0.256498,0.808590,0.353923
23.417,0.909022,0.236790,0.805043,0.349511
23.427,0.905544,0.241778,0.799599,0.349564
23.437,0.920546,0.241945,0.814092,0.355135
23.447,0.920867,0.243602,0.812182,0.359185
23.457,0.911765,0.243705,0.802130,0.358484
23.467,0.928214,0.243406,0.820274,0.359840
23.477,0.923697,0.242865,0.820985,0.346721
23.487,0.892641,0.246337,0.784091,0.348320
23.497,0.886819,0.247896,0.776801,0.348678
23.507,0.876491,0.250093,0.764503,0.348175
23.517,0.838966,0.248627,0.727461,0.335931
23.527,0.828179,0.246283,0.715787,0.335967
23.537,0.821271,0.246223,0.707673,0.336243
23.547,0.796981,0.246134,0.678591,0.337803
23.557,0.794502,0.245516,0.673758,0.342060
23.567,0.791707,0.244089,0.676057,0.331915
23.577,0.791620,0.240557,0.677266,0.331821
23.587,0.787380,0.239787,0.666104,0.344638
23.597,0.778004,0.242935,0.653585,0.345107
23.607,0.778614,0.243917,0.654599,0.343866
23.617,0.781049,0.248045,0.656733,0.342364
23.627,0.781608,0.244260,0.655799,0.348104
23.637,0.810982,0.244643,0.683996,0.360543
23.647,0.811724,0.245595,0.684131,0.361307
23.657,0.810509,0.262702,0.689020,0.336399
23.667,0.794934,0.254229,0.674309,0.335552
23.677,0.797156,0.253194,0.673657,0.342837
23.687,0.799793,0.253774,0.674796,0.346291
23.697,0.792896,0.253310,0.666899,0.346068
23.707,0.786314,0.253263,0.651861,0.359480
23.717,0.796892,0.248609,0.665356,0.361291
23.727,0.812661,0.248089,0.682922,0.363987
23.737,0.802027,0.248103,0.664836,0.373745
23.747,0.847778,0.248020,0.718343,0.375763
23.757,0.844099,0.248586,0.713990,0.375402
23.767,0.846459,0.258091,0.709947,0.381912
23.777,0.843779,0.257813,0.706460,0.382635
23.787,0.841123,0.256854,0.710811,0.369137
23.797,0.838512,0.263884,0.705171,0.369056
23.807,0.848616,0.267912,0.711567,0.376890
23.817,0.845494,0.266924,0.710621,0.372331
23.827,0.875871,0.272613,0.730585,0.398845
23.837,0.890045,0.275920,0.745918,0.399567
23.847,0.891621,0.280282,0.746125,0.399658
23.857,0.911630,0.278437,0.768981,0.402754
23.867,0.923825,0.288158,0.771775,0.418067
23.877,0.918434,0.293944,0.764321,0.415851
23.887,0.908176,0.291902,0.753111,0.415211
23.897,0.908136,0.283803,0.759553,0.408958
23.907,0.910693,0.287990,0.761353,0.408371
23.917,0.912590,0.289895,0.752011,0.428090
23.927,0.918298,0.289535,0.757033,0.431672
23.937,0.948563,0.290164,0.789365,0.438725
23.947,0.941083,0.291486,0.780116,0.438282
23.957,0.959104,0.291497,0.801868,0.438085
23.967,0.953650,0.295689,0.793137,0.439261
23.977,0.956586,0.311061,0.781240,0.456028
23.987,0.955479,0.311708,0.780997,0.453675
23.997,0.965718,0.310386,0.773840,0.487283
24.007,0.971553,0.306824,0.782153,0.487863
24.017,0.968522,0.305452,0.778675,0.488262
24.027,0.973049,0.310260,0.778612,0.494294
24.037,0.973346,0.310466,0.778532,0.494875
24.047,0.985752,0.311010,0.779118,0.517644
24.057,0.983304,0.309374,0.776053,0.518570
24.067,0.981500,0.310423,0.775150,0.515872
24.077,0.999402,0.319098,0.785474,0.529161
24.087,0.994897,0.320126,0.773525,0.537586
24.097,1.037546,0.317566,0.823814,0.544963
24.107,1.037809,0.320923,0.822114,0.546063
24.117,1.053030,0.329667,0.837377,0.546801
24.127,1.055109,0.331581,0.842453,0.541832
24.137,1.043435,0.335013,0.817403,0.555315
24.147,1.055341,0.334294,0.828223,0.562174
24.157,1.046438,0.315826,0.825092,0.560811
24.167,1.057633,0.316133,0.837436,0.563337
24.177,1.054822,0.317071,0.835296,0.560711
24.187,1.062265,0.315727,0.842564,0.564632
24.197,1.070570,0.319974,0.844856,0.574418
24.207,1.081196,0.319729,0.860925,0.570585
24.217,1.089039,0.333585,0.858513,0.581106
24.227,1.086174,0.333397,0.852659,0.584460
24.237,1.121134,0.334705,0.896938,0.583452
24.247,1.088498,0.337932,0.855440,0.582111
24.257,1.100800,0.342822,0.869053,0.582220
24.267,1.095701,0.334277,0.869041,0.577569
24.277,1.100688,0.335474,0.869769,0.585212
24.287,1.109422,0.335515,0.874844,0.594050
24.297,1.109436,0.327777,0.875112,0.597988
24.307,1.100290,0.322181,0.868250,0.594120
24.317,1.117255,0.321802,0.889012,0.595280
24.327,1.094877,0.314626,0.865676,0.591922
24.337,1.089957,0.313853,0.860849,0.590289
24.347,1.099107,0.307080,0.874674,0.590495
24.357,1.085986,0.314267,0.853092,0.593999
24.367,1.086737,0.309035,0.861367,0.586125
24.377,1.081987,0.304263,0.861938,0.578950
24.387,1.091496,0.313066,0.864564,0.588116
24.397,1.090450,0.314005,0.860743,0.591272
24.407,1.083875,0.304440,0.855821,0.591331
24.417,1.077188,0.307897,0.851299,0.583801
24.427,1.070298,0.300246,0.847964,0.579955
24.437,1.031330,0.300916,0.809781,0.563334
24.447,1.042890,0.306951,0.823300,0.561764
24.457,1.032946,0.305958,0.809124,0.564523
24.467,1.027503,0.307375,0.800731,0.565787
24.477,1.020288,0.300155,0.802972,0.553291
24.487,1.025493,0.291406,0.803493,0.566673
24.497,1.013259,0.288423,0.813280,0.531113
24.507,1.022069,0.284475,0.818805,0.541532
24.517,1.022644,0.288191,0.818601,0.540962
24.527,1.030639,0.289209,0.828955,0.539823
24.537,1.032740,0.290763,0.828948,0.543005
24.547,1.022783,0.293106,0.830409,0.520188
24.557,1.027996,0.298653,0.837692,0.515609
24.567,1.032688,0.293980,0.844005,0.517373
24.577,1.035122,0.314495,0.831765,0.529846
24.587,1.030013,0.314683,0.832769,0.518071
24.597,0.995829,0.314030,0.795101,0.510760
24.607,0.994212,0.313395,0.795077,0.508029
24.617,0.976105,0.297456,0.779131,0.507204
24.627,0.977324,0.296841,0.780336,0.508058
24.637,0.998091,0.298827,0.805252,0.508387
24.647,0.990437,0.298762,0.787990,0.520365
24.657,1.019110,0.300414,0.823247,0.520192
24.667,1.007813,0.300438,0.811287,0.516950
24.677,1.020495,0.309632,0.811757,0.535340
24.687,1.012850,0.309007,0.804269,0.532478
24.697,1.013337,0.307204,0.804515,0.534072
24.707,1.002489,0.312307,0.785820,0.538455
24.717,0.990622,0.303741,0.779884,0.529958
24.727,0.998427,0.304180,0.790710,0.528307
24.737,0.966700,0.308117,0.732442,0.550546
24.747,0.993593,0.306111,0.758573,0.563995
24.757,0.980259,0.297416,0.744948,0.563476
24.767,1.029108,0.313811,0.773542,0.601845
24.777,1.082662,0.313401,0.808494,0.648285
24.787,1.074368,0.313274,0.798475,0.646965
24.797,1.117640,0.313142,0.794046,0.721493
24.807,1.158619,0.313133,0.806673,0.770470
24.817,1.164821,0.316033,0.787739,0.797746
24.827,1.205285,0.317387,0.795777,0.847771
24.837,1.218894,0.320591,0.787890,0.873015
24.847,1.255385,0.323260,0.767857,0.939090
24.857,1.270896,0.311783,0.771934,0.960253
24.867,1.322505,0.312959,0.762319,1.034381
24.877,1.337968,0.309135,0.766001,1.052538
24.887,1.367451,0.300676,0.768128,1.090640
24.897,1.406434,0.298321,0.789810,1.124838
24.907,1.417325,0.302799,0.788752,1.137978
24.917,1.446604,0.306051,0.791279,1.171696
24.927,1.451911,0.314189,0.784214,1.180821
24.937,1.480879,0.313630,0.780243,1.218959
24.947,1.491325,0.309249,0.767421,1.240758
24.957,1.524388,0.308784,0.758116,1.285952
24.967,1.562373,0.302981,0.773738,1.323081
24.977,1.567351,0.301415,0.783537,1.323559
24.987,1.560637,0.309304,0.784620,1.313122
24.997,1.563429,0.315254,0.778257,1.318804
25.007,1.540549,0.315375,0.766878,1.298356
25.017,1.557772,0.306268,0.774785,1.316269
25.027,1.560171,0.324428,0.780479,1.311386
25.037,1.559426,0.320029,0.786483,1.307990
25.047,1.557783,0.311835,0.784556,1.309167
25.057,1.537813,0.310312,0.776242,1.290745
25.067,1.522187,0.309901,0.772414,1.274516
25.077,1.474817,0.291446,0.772403,1.222104
25.087,1.455819,0.290085,0.771641,1.199929
25.097,1.471954,0.291658,0.788770,1.208068
25.107,1.458751,0.291433,0.791387,1.190264
25.118,1.455389,0.287161,0.798067,1.182703
25.127,1.480123,0.292115,0.819653,1.197331
25.137,1.437983,0.293126,0.819767,1.144488
25.147,1.452194,0.293036,0.826225,1.157735
25.157,1.456054,0.295927,0.843538,1.149333
25.167,1.462854,0.295009,0.859600,1.146298
25.177,1.560684,0.280755,0.858058,1.273046
25.187,1.617934,0.286065,0.858050,1.341501
25.197,1.613055,0.283348,0.856783,1.337006
25.207,1.605612,0.289870,0.858843,1.325275
25.217,1.658251,0.303290,0.855030,1.388069
25.227,1.724302,0.307933,0.849119,1.468806
25.237,1.753083,0.305896,0.862384,1.495333
25.247,1.759242,0.306047,0.835857,1.517436
25.257,1.812771,0.303649,0.835766,1.579694
25.267,1.834799,0.292407,0.815620,1.617328
25.277,1.957103,0.310112,0.875409,1.722714
25.287,1.982209,0.323240,0.908467,1.731865
25.297,2.017996,0.341136,0.914401,1.766297
25.307,2.028585,0.343211,0.910204,1.780139
25.317,2.056865,0.342417,0.909942,1.812581
25.327,2.103658,0.347533,0.902184,1.868332
25.337,2.129815,0.347157,0.902961,1.897434
25.347,2.138768,0.344201,0.899583,1.909609
25.357,2.150374,0.348538,0.895179,1.923872
25.367,2.143311,0.345376,0.894915,1.916670
25.377,2.144938,0.346132,0.904808,1.913707
25.387,2.163034,0.345222,0.917600,1.928094
25.397,2.176416,0.344255,0.897344,1.952703
25.408,2.177359,0.342883,0.914591,1.945982
25.417,2.179562,0.346755,0.944976,1.933203
25.427,2.187177,0.350868,0.997037,1.914824
25.437,2.166473,0.348946,1.012502,1.883263
25.447,2.141716,0.352894,1.014450,1.852918
25.457,2.089234,0.352964,1.017149,1.790453
25.467,2.054458,0.369724,1.002393,1.754796
25.477,2.014202,0.372409,0.997870,1.709554
25.487,1.961774,0.365040,0.996700,1.649816
25.498,1.917284,0.357531,1.002773,1.594552
25.507,1.876784,0.357510,1.006925,1.542922
25.517,1.801233,0.368550,1.003276,1.449844
25.527,1.765662,0.364118,1.004863,1.405428
25.537,1.725261,0.364095,1.012174,1.348874
25.547,1.673250,0.369453,1.009209,1.282485
25.557,1.634336,0.368676,1.021026,1.221736
25.567,1.568695,0.368372,1.019230,1.134141
25.577,1.534304,0.366912,1.022559,1.083438
25.587,1.504810,0.374452,1.025695,1.035465
25.597,1.508870,0.374149,1.012098,1.054683
25.607,1.481100,0.376795,1.008952,1.016710
25.617,1.469392,0.376116,1.011988,0.996760
25.627,1.459234,0.374226,0.994262,1.000381
25.638,1.455735,0.369553,0.987984,1.003236
25.647,1.460301,0.370239,0.982779,1.014666
25.658,1.449272,0.369785,0.937452,1.041554
25.667,1.457073,0.369212,0.923582,1.064773
25.677,1.452700,0.370619,0.923499,1.058361
25.687,1.476943,0.369071,0.922134,1.093077
25.697,1.502800,0.368946,0.936188,1.116172
25.707,1.516628,0.359471,0.937615,1.136583
25.717,1.516175,0.351426,0.937662,1.138454
25.727,1.512489,0.349208,0.930422,1.140172
25.737,1.517371,0.350938,0.924152,1.151174
25.747,1.573260,0.350639,0.937978,1.213423
25.757,1.565363,0.364111,0.937368,1.199636
25.767,1.592024,0.365498,0.934899,1.235684
25.777,1.502090,0.351952,0.850185,1.187262
25.787,1.483546,0.337481,0.813938,1.193533
25.797,1.476983,0.331291,0.806591,1.192114
25.807,1.480757,0.328890,0.805431,1.198229
25.817,1.503501,0.329021,0.817340,1.218284
25.827,1.485849,0.366010,0.816850,1.185977
25.837,1.486408,0.365750,0.825038,1.181079
25.847,1.472348,0.363534,0.829431,1.160902
25.857,1.472372,0.360873,0.840701,1.153634
25.867,1.469096,0.359470,0.850685,1.142523
25.877,1.473449,0.361141,0.855864,1.143734
25.887,1.454747,0.357217,0.865296,1.113530
25.897,1.423222,0.356808,0.881651,1.058745
25.907,1.417050,0.363649,0.875454,1.053267
25.917,1.362113,0.364434,0.837557,1.010464
25.927,1.361333,0.356961,0.840974,1.009243
25.937,1.355278,0.356454,0.868588,0.977381
25.947,1.353886,0.354531,0.886955,0.959493
25.957,1.363450,0.355039,0.905131,0.955868
25.967,1.323841,0.341302,0.931930,0.876113
25.978,1.318297,0.339705,0.936613,0.863286
25.987,1.349433,0.337262,0.970946,0.874350
25.998,1.377039,0.335820,1.034400,0.844675
26.007,1.421560,0.350285,1.071401,0.866159
26.017,1.400418,0.339902,1.070078,0.837001
26.027,1.392234,0.332601,1.057245,0.842570
26.037,1.378996,0.332550,1.046405,0.834312
26.047,1.417125,0.340165,1.065449,0.870257
26.057,1.419212,0.339349,1.061571,0.878675
26.067,1.423573,0.341118,1.060799,0.885947
26.077,1.430021,0.350817,1.057738,0.896146
26.087,1.432034,0.344238,1.050587,0.910214
26.097,1.434607,0.345026,1.054429,0.909525
26.107,1.441975,0.342736,1.065186,0.909507
26.117,1.473807,0.361818,1.073569,0.942679
26.127,1.485572,0.362706,1.087098,0.945296
26.138,1.478718,0.361981,1.088989,0.932566
26.147,1.488398,0.362158,1.101547,0.933148
26.157,1.514075,0.374846,1.126418,0.939732
26.167,1.507155,0.377305,1.131586,0.921233
26.177,1.524465,0.377575,1.148767,0.928312
26.187,1.543673,0.381361,1.188238,0.908615
26.197,1.562511,0.393916,1.206061,0.911969
26.207,1.562489,0.393909,1.212176,0.903790
26.217,1.560762,0.394738,1.213026,0.899294
26.227,1.555944,0.391098,1.215432,0.889229
26.237,1.559564,0.390757,1.220890,0.888243
26.248,1.512477,0.386625,1.212443,0.817369
26.257,1.511699,0.381041,1.212667,0.818219
26.267,1.484598,0.376843,1.213621,0.767558
26.277,1.483310,0.377645,1.211703,0.767703
26.287,1.490536,0.377326,1.218399,0.771250
26.297,1.493062,0.368377,1.223749,0.771990
26.307,1.486129,0.365683,1.222740,0.761420
26.318,1.449228,0.366499,1.211989,0.704999
26.327,1.439658,0.340584,1.213557,0.695627
26.337,1.422937,0.335686,1.208557,0.671905
26.347,1.429771,0.331058,1.208989,0.687745
26.357,1.434287,0.331451,1.216251,0.684143
26.367,1.461670,0.334838,1.207808,0.752040
26.377,1.491705,0.334693,1.211242,0.803776
26.387,1.499493,0.335306,1.209432,0.820563
26.397,1.511817,0.337326,1.197238,0.859315
26.407,1.518133,0.319591,1.191427,0.884924
26.417,1.535436,0.319349,1.190927,0.915026
26.427,1.549566,0.323882,1.156004,0.979751
26.437,1.552340,0.323208,1.118693,1.026558
26.447,1.570080,0.323683,1.107165,1.065161
26.457,1.595076,0.326283,1.088353,1.119506
26.467,1.614708,0.320410,1.071508,1.164685
26.478,1.651745,0.311671,1.074147,1.215455
26.487,1.659800,0.312166,1.045941,1.250399
26.497,1.634036,0.310099,0.972957,1.275643
26.507,1.611409,0.301617,0.934696,1.277501
26.517,1.636743,0.299928,0.932656,1.311154
26.527,1.670710,0.294805,0.935657,1.352370
26.537,1.709200,0.294095,0.948816,1.390907
26.547,1.681241,0.285985,0.926952,1.373152
26.557,1.686523,0.287853,0.921813,1.382665
26.568,1.697957,0.288719,0.921979,1.396301
26.577,1.694497,0.285042,0.921368,1.393253
26.588,1.706397,0.292481,0.929960,1.400507
26.597,1.715405,0.293570,0.928567,1.412159
26.607,1.718913,0.295944,0.922030,1.420190
26.618,1.676154,0.280809,0.910413,1.379053
26.627,1.669030,0.281970,0.901636,1.375939
26.638,1.648632,0.289263,0.887333,1.359026
26.647,1.642821,0.298358,0.883071,1.352785
26.658,1.580481,0.287522,0.848397,1.302104
26.667,1.569597,0.294609,0.842802,1.290939
26.677,1.530012,0.297904,0.817339,1.258629
26.687,1.505166,0.330337,0.769042,1.250990
26.697,1.431665,0.318758,0.720659,1.195286
26.707,2.170905,0.577934,0.763234,1.948409
26.717,7.521056,2.270359,2.405783,6.754551
26.727,7.821651,2.653675,2.439677,6.941485
26.737,7.887809,2.698660,2.431634,7.001566
26.748,7.945055,2.777846,2.444432,7.030806
26.758,7.944349,2.779696,2.446982,7.028389
26.768,7.981843,2.833861,2.499585,7.030727
26.777,7.990003,2.851427,2.498254,7.033366
26.787,8.006477,2.861836,2.492134,7.050024
26.797,8.022098,2.887467,2.492499,7.057198
26.808,8.022916,2.888222,2.496638,7.056356
26.818,8.024146,2.895034,2.497054,7.054816
26.827,8.024551,2.894532,2.493754,7.056649
26.837,8.025715,2.897750,2.492663,7.057038
26.847,8.026815,2.898379,2.492407,7.058120
26.857,8.026772,2.898109,2.482808,7.061565
26.867,8.035157,2.898034,2.484049,7.070689
26.877,8.039376,2.900797,2.480684,7.075532
26.887,8.034990,2.901286,2.463921,7.076206
26.897,8.035620,2.900966,2.460640,7.078194
26.908,8.037769,2.900113,2.463345,7.080043
26.917,8.040426,2.900586,2.464070,7.082613
26.928,8.042509,2.900711,2.467411,7.083764
26.938,8.044586,2.901640,2.466660,7.086003
26.947,8.045028,2.903529,2.462968,7.087015
26.958,8.043795,2.903516,2.463009,7.085607
26.967,8.043871,2.903413,2.463106,7.085702
26.978,8.043398,2.902766,2.461554,7.085969
26.988,9.522130,3.180843,3.529939,8.251831
26.998,9.682537,3.182493,3.536661,8.432988
27.007,9.766783,3.206474,3.549686,8.515180
27.018,9.782370,3.247608,3.547768,8.518283
27.027,9.784787,3.259141,3.553844,8.514121
27.038,9.787321,3.276921,3.556291,8.509185
27.048,9.804835,3.312576,3.571351,8.509235
27.058,9.810166,3.312336,3.565975,8.517723
27.067,9.823149,3.328398,3.562496,8.527875
27.078,9.828336,3.333925,3.563490,8.531276
27.087,9.828597,3.336963,3.566980,8.528930
27.097,9.995478,3.342358,3.679306,8.671847
27.107,10.037271,3.346052,3.689107,8.714427
27.117,10.059403,3.363838,3.685593,8.734562
27.127,10.063402,3.380123,3.672475,8.738406
27.137,10.065606,3.384396,3.671506,8.739698
27.147,10.070956,3.392777,3.678503,8.739670
27.157,10.105708,3.392729,3.675939,8.780786
27.167,10.104090,3.393484,3.672353,8.780132
27.178,10.101410,3.393612,3.672221,8.777054
27.187,10.100250,3.395684,3.672532,8.774787
27.197,10.101406,3.396986,3.672363,8.775685
27.207,9.987744,3.351450,3.673732,8.661784
27.217,6.958742,2.573359,2.944799,5.755873
27.227,6.633636,2.155275,2.909438,5.558336
27.238,6.546201,2.079939,2.902833,5.486361
27.248,6.484876,1.993674,2.897032,5.448494
27.257,6.481744,1.992781,2.889982,5.448838
27.267,6.422105,1.896316,2.831643,5.443273
27.277,6.404913,1.856212,2.828880,5.438274
27.287,6.374083,1.851691,2.830372,5.402700
27.298,6.352905,1.823433,2.827390,5.388911
27.308,6.343807,1.818992,2.815033,5.386162
27.317,6.333742,1.797487,2.816210,5.380919
27.327,6.326026,1.794386,2.816350,5.372798
27.337,6.318408,1.793663,2.815281,5.364629
27.347,6.313027,1.795391,2.815545,5.357572
27.357,6.296833,1.794942,2.808137,5.342532
27.367,6.273972,1.794127,2.808427,5.315691
27.377,6.258067,1.793447,2.806839,5.297981
27.387,6.250937,1.793138,2.805187,5.290538
27.397,6.242198,1.793340,2.809439,5.277881
27.408,6.228820,1.792121,2.804460,5.265122
27.417,6.214254,1.789198,2.802570,5.249888
27.428,6.198230,1.789744,2.794737,5.234913
27.438,6.182938,1.790299,2.793121,5.217473
27.447,6.171673,1.789813,2.792778,5.204470
27.458,6.166734,1.789889,2.793916,5.197975
27.467,6.156463,1.789165,2.795652,5.185099
27.478,6.142382,1.788126,2.796077,5.168502
27.487,3.654727,1.234816,1.256946,3.201928
27.498,3.222940,1.232251,1.219608,2.716884
27.508,2.929917,1.169717,1.166403,2.419851
27.518,2.845922,1.043269,1.154429,2.382888
27.527,2.822259,0.993488,1.142493,2.381772
27.537,2.801716,0.942152,1.140153,2.379499
27.547,2.731982,0.813157,1.095406,2.366979
27.557,2.683667,0.817297,1.095259,2.309654
27.568,2.600373,0.738539,1.097424,2.238786
27.577,2.544476,0.701838,1.086879,2.190998
27.588,2.515517,0.693138,1.079395,2.163860
27.597,1.755319,0.654955,0.522154,1.542574
27.607,1.481199,0.642701,0.396902,1.274109
27.617,1.288159,0.557598,0.372599,1.099822
27.628,1.171230,0.423714,0.372809,1.026284
27.637,1.098740,0.366534,0.360304,0.971114
27.648,1.034196,0.312343,0.329000,0.929388
27.658,0.606931,0.312894,0.321588,0.408711
27.667,0.571322,0.294903,0.316992,0.372770
27.677,0.561267,0.283457,0.319043,0.364532
27.687,0.499263,0.218489,0.278700,0.351927
27.697,0.453931,0.214903,0.277787,0.287584
27.708,0.418447,0.205334,0.263973,0.251504
27.717,0.412930,0.213107,0.256217,0.243821
27.728,0.410039,0.208925,0.256017,0.242771
27.738,0.410013,0.208958,0.255836,0.242890
27.748,0.411848,0.209970,0.254885,0.246100
27.757,0.414009,0.211986,0.252764,0.250150
27.767,0.411878,0.212770,0.248595,0.250145
27.778,0.413395,0.212745,0.249672,0.251592
27.788,0.408586,0.203558,0.248478,0.252518
27.797,0.407936,0.203663,0.250489,0.249376
27.808,0.410400,0.202983,0.251798,0.252633
27.818,0.410409,0.204463,0.250721,0.252526
27.828,0.412034,0.203413,0.248438,0.258213
27.838,0.416862,0.203602,0.251031,0.263256
27.847,0.414647,0.200749,0.247519,0.265266
27.857,0.414770,0.196916,0.245555,0.270113
27.867,0.415068,0.196480,0.247420,0.269184
27.877,0.406944,0.196097,0.239856,0.263854
27.887,0.413399,0.196250,0.246607,0.267525
27.897,0.428376,0.196016,0.276421,0.262060
27.908,0.430599,0.195799,0.281881,0.260041
27.917,0.430650,0.195538,0.280469,0.261841
27.927,0.455346,0.191909,0.309350,0.273520
27.937,0.452426,0.192339,0.307900,0.269986
27.948,0.449617,0.191330,0.304190,0.270217
27.957,0.453753,0.192578,0.308254,0.271633
27.968,0.450084,0.189370,0.304600,0.271907
27.977,0.449986,0.190426,0.304562,0.271048
27.988,0.452404,0.195032,0.305258,0.271016
27.998,0.449681,0.187622,0.305471,0.271474
28.009,0.450168,0.186835,0.306771,0.271358
28.018,0.452242,0.189457,0.302070,0.278178
28.030,0.450764,0.188653,0.300741,0.277764
28.038,0.446171,0.191570,0.292280,0.277384
28.048,0.458797,0.191197,0.307840,0.281378
28.058,0.454007,0.179369,0.307863,0.281371
28.068,0.454564,0.184194,0.308474,0.278470
28.078,0.485756,0.196445,0.345803,0.278907
28.088,0.493735,0.201559,0.356510,0.275770
28.098,0.512467,0.199414,0.381915,0.277484
28.108,0.517904,0.199433,0.400487,0.260885
28.118,0.527285,0.210878,0.403542,0.265921
28.128,0.526163,0.213836,0.403396,0.261521
28.138,0.567183,0.229593,0.436356,0.280315
28.148,0.568570,0.226117,0.435688,0.286913
28.158,0.585077,0.226637,0.451302,0.295428
28.168,0.632703,0.230074,0.459208,0.369469
28.178,0.632925,0.236283,0.457538,0.367999
28.188,0.697826,0.234730,0.527506,0.391919
28.197,0.732285,0.235814,0.551776,0.419733
28.208,0.733915,0.236735,0.554223,0.418836
28.218,0.755756,0.233758,0.582261,0.421304
28.228,0.780821,0.231840,0.614887,0.421719
28.238,0.819121,0.236144,0.642069,0.450491
28.248,0.818131,0.237252,0.641982,0.448230
28.258,0.822155,0.239649,0.646461,0.447879
28.268,0.825116,0.239298,0.648187,0.451006
28.278,0.837803,0.241069,0.656797,0.460889
28.288,0.844609,0.245217,0.663571,0.461418
28.298,0.853597,0.246262,0.664906,0.475272
28.308,0.853517,0.245887,0.663843,0.476806
28.318,0.860935,0.245782,0.673750,0.476300
28.328,0.866233,0.257681,0.675137,0.477650
28.338,0.861737,0.263518,0.674182,0.467576
28.348,0.875694,0.263290,0.695437,0.462478
28.357,0.902998,0.266029,0.702046,0.501763
28.367,0.916016,0.265226,0.703192,0.523699
28.378,0.952250,0.265923,0.703637,0.583919
28.388,0.997776,0.267192,0.704675,0.653911
28.397,0.997350,0.267670,0.684916,0.673759
28.408,1.015901,0.265192,0.681355,0.705325
28.418,1.021191,0.264981,0.682427,0.711976
28.428,1.026505,0.265360,0.675624,0.725830
28.438,1.031527,0.268693,0.680458,0.727206
28.447,1.033986,0.268793,0.680965,0.730181
28.458,1.028546,0.268466,0.674811,0.728329
28.467,1.029188,0.270789,0.673204,0.729862
28.478,1.037160,0.266456,0.683237,0.733410
28.488,1.043455,0.261096,0.683553,0.743896
28.498,1.044642,0.264051,0.683049,0.744982
28.508,1.043724,0.270379,0.678957,0.745167
28.518,1.061312,0.271546,0.677910,0.770119
28.528,1.072252,0.270975,0.695314,0.769959
28.538,1.091848,0.271604,0.708595,0.785020
28.548,1.100540,0.274334,0.706152,0.798297
28.558,1.117152,0.273435,0.703454,0.823659
28.568,1.117365,0.281347,0.696596,0.827105
28.578,1.122034,0.275030,0.691542,0.839696
28.588,1.112404,0.272315,0.677974,0.838832
28.598,1.121171,0.286133,0.673318,0.849585
28.608,1.122129,0.288980,0.670778,0.851893
28.618,1.114846,0.280310,0.671126,0.844925
28.628,1.113695,0.277787,0.669154,0.845804
28.638,1.103173,0.265696,0.657961,0.844680
28.648,1.103838,0.266463,0.656637,0.846335
28.658,1.103368,0.266509,0.652183,0.849148
28.667,1.090048,0.275728,0.640467,0.837842
28.678,1.089350,0.271354,0.640302,0.838489
28.688,1.072055,0.306874,0.601290,0.832815
28.698,1.048836,0.303394,0.566945,0.828603
28.708,1.068830,0.307322,0.567341,0.852100
28.718,1.095772,0.308671,0.551758,0.894986
28.728,1.106273,0.317173,0.508127,0.930080
28.738,1.161949,0.314338,0.504295,0.998501
28.748,1.206977,0.313142,0.503419,1.051335
28.758,1.278039,0.310051,0.509180,1.130481
28.768,1.332240,0.307133,0.509082,1.192211
28.778,1.378554,0.309851,0.492400,1.249779
28.788,1.432782,0.311089,0.490843,1.309642
28.798,1.465876,0.317497,0.492896,1.343518
28.808,1.517288,0.320601,0.494712,1.398083
28.818,1.576940,0.320778,0.499899,1.460802
28.828,1.635449,0.318101,0.502035,1.523636
28.838,1.695164,0.314883,0.497555,1.589613
28.848,1.754644,0.338989,0.474592,1.654879
28.858,1.809326,0.361141,0.477770,1.707330
28.868,1.858980,0.362593,0.475093,1.760289
28.878,1.910499,0.395497,0.494191,1.802599
28.888,1.958888,0.419899,0.511677,1.843669
28.898,2.000249,0.420759,0.508091,1.888333
28.908,2.062423,0.453041,0.528108,1.941505
28.918,2.111775,0.467228,0.536896,1.988224
28.928,2.151309,0.480743,0.555813,2.021902
28.938,2.184082,0.508819,0.581253,2.042905
28.948,2.205763,0.508505,0.580066,2.066479
28.958,2.239625,0.514513,0.602816,2.094710
28.968,2.249996,0.519694,0.609344,2.102642
28.978,2.248086,0.538695,0.619017,2.092968
28.988,3.319291,1.180133,1.851785,2.489150
28.998,4.882012,1.353977,1.867667,4.302628
29.008,4.965615,1.531771,1.899446,4.324710
29.018,5.035073,1.664698,1.911691,4.350423
29.028,5.096108,1.690591,1.933549,4.401546
29.038,5.125217,1.711202,1.930544,4.428616
29.048,5.115482,1.711925,1.931210,4.416775
29.058,5.117482,1.756430,1.937241,4.398940
29.068,5.123538,1.760923,1.953373,4.397059
29.078,5.141017,1.791167,1.951272,4.406167
29.088,5.159308,1.824181,1.964464,4.408140
29.098,5.151078,1.824717,1.964882,4.398097
29.108,5.151140,1.832704,1.964697,4.394929
29.118,5.142802,1.833421,1.963609,4.385341
29.128,5.138324,1.854927,1.964771,4.370503
29.138,5.129818,1.863459,1.963887,4.357259
29.148,6.537934,1.864796,2.294709,5.831074
29.158,6.675176,1.868145,2.305535,5.979341
29.168,6.669865,1.863114,2.306895,5.974457
29.178,6.699475,1.889980,2.307709,5.998785
29.188,6.711912,1.887886,2.311009,6.012062
29.198,6.738307,1.926161,2.310283,6.029699
29.208,6.798886,1.923899,2.305664,6.099785
29.218,6.902023,1.925596,2.302427,6.215210
29.228,6.910420,1.936578,2.293804,6.224309
29.238,6.917709,1.949334,2.305753,6.224010
29.248,6.958693,1.951764,2.307587,6.268099
29.258,6.967028,1.960535,2.309180,6.274032
29.268,6.965140,1.965888,2.307494,6.270879
29.278,6.971252,1.968257,2.309077,6.276344
29.288,6.966438,1.968278,2.308404,6.271237
29.298,6.965741,1.969494,2.303419,6.271914
29.308,6.959632,1.969484,2.303655,6.265044
29.318,6.952667,1.969465,2.304694,6.256930
29.328,6.943371,1.967441,2.306584,6.246538
29.338,6.932879,1.969149,2.306725,6.234283
29.348,6.918531,1.967185,2.305474,6.219409
29.358,6.901702,1.964886,2.293695,6.205778
29.368,6.887113,1.964889,2.291787,6.190254
29.378,6.871316,1.957529,2.292274,6.174832
29.388,6.855051,1.952369,2.293843,6.157781
29.398,6.838506,1.953597,2.292341,6.139527
29.408,6.811472,1.948870,2.278521,6.116077
29.418,6.787660,1.948434,2.270893,6.092535
29.428,6.769162,1.943591,2.273070,6.072657
29.438,6.750424,1.932903,2.272607,6.055359
29.448,6.731886,1.934102,2.268724,6.035763
29.458,6.703508,1.935130,2.255547,6.008727
29.468,6.681490,1.936791,2.246317,5.987087
29.478,6.667001,1.930412,2.247907,5.972380
29.488,6.256236,1.623839,1.490657,5.855047
29.498,5.207465,1.484245,1.473298,4.769078
29.508,5.130260,1.292511,1.438429,4.751832
29.518,5.038988,1.093497,1.420112,4.709453
29.528,4.962031,1.065362,1.379832,4.645731
29.538,4.904569,1.043460,1.374176,4.591038
29.548,4.897329,1.039861,1.372729,4.584554
29.558,4.867916,0.939551,1.362091,4.578052
29.568,4.833860,0.908780,1.335018,4.556100
29.578,4.778604,0.869131,1.333857,4.505607
29.588,4.733745,0.817291,1.319288,4.472120
29.598,4.701884,0.818040,1.319650,4.438136
29.608,4.658425,0.788115,1.317032,4.398320
29.618,4.633559,0.780521,1.316701,4.373438
29.628,4.602358,0.747048,1.318124,4.345821
29.638,4.575808,0.733815,1.318140,4.319959
29.648,2.528829,0.720507,0.531526,2.365022
29.658,2.217481,0.718758,0.449247,2.049094
29.668,2.171644,0.715809,0.441480,2.002186
29.678,1.975829,0.606247,0.442950,1.827610
29.688,1.840586,0.606217,0.425988,1.684872
29.698,1.642929,0.511596,0.426101,1.501973
29.708,1.490876,0.507137,0.387451,1.347370
29.718,1.117449,0.487303,0.366321,0.936503
29.728,0.935566,0.402692,0.366232,0.760919
29.738,0.831198,0.369892,0.327554,0.668415
29.748,0.600959,0.367921,0.265612,0.394001
29.758,0.541963,0.345303,0.212432,0.359669
29.768,0.464857,0.274815,0.214133,0.307759
29.778,0.394693,0.219235,0.214122,0.248737
29.788,0.354091,0.211527,0.202489,0.199085
29.798,0.340333,0.211989,0.193835,0.182525
29.808,0.331041,0.202887,0.191046,0.178680
29.818,0.330703,0.203125,0.190787,0.178059
29.828,0.325873,0.202207,0.189693,0.171237
29.838,0.324105,0.202058,0.190579,0.167022
29.848,0.313676,0.193616,0.182459,0.166177
29.858,0.291046,0.158551,0.178751,0.166186
29.868,0.275492,0.145081,0.165472,0.165731
29.878,0.274728,0.146734,0.163056,0.165401
29.888,0.271901,0.143002,0.162143,0.164895
29.898,0.265377,0.142936,0.152294,0.163709
29.908,0.257420,0.131804,0.150466,0.162026
29.918,0.256825,0.131689,0.149924,0.161678
29.928,0.255878,0.131054,0.148877,0.161661
29.938,0.253775,0.126590,0.148587,0.162168
29.948,0.251791,0.126392,0.146384,0.161231
29.958,0.251809,0.126289,0.146399,0.161326
29.968,0.248526,0.124290,0.144931,0.159097
29.978,0.245255,0.122736,0.144611,0.155479
29.988,0.245237,0.122549,0.144696,0.155518
29.998,0.238778,0.121748,0.140175,0.150144
30.008,0.223661,0.120314,0.118586,0.146582
30.018,0.220493,0.120454,0.112851,0.146193
30.028,0.217511,0.116917,0.112399,0.144941
30.038,0.214951,0.112745,0.112216,0.144568
30.048,0.208844,0.105634,0.111388,0.141598
30.058,0.202487,0.105711,0.109628,0.133447
30.068,0.198812,0.101897,0.107109,0.132933
30.078,0.192230,0.091142,0.106965,0.131163
30.088,0.191728,0.090357,0.106702,0.131186
30.098,0.190794,0.090259,0.105779,0.130640
30.108,0.189979,0.090255,0.105726,0.129492
30.118,0.185593,0.090347,0.100334,0.127339
30.128,0.177618,0.090157,0.088573,0.124799
30.138,0.171444,0.090010,0.077982,0.123329
30.148,0.169792,0.088605,0.078094,0.121982
30.158,0.159472,0.080565,0.074641,0.115625
30.168,0.152348,0.076942,0.067683,0.112733
30.178,0.150080,0.077045,0.064043,0.111743
30.188,0.142824,0.075507,0.063714,0.103141
30.198,0.139155,0.070027,0.062711,0.102604
30.208,0.131957,0.069152,0.062372,0.093490
30.218,0.118585,0.068815,0.062379,0.073728
30.228,0.115888,0.068666,0.059010,0.072339
30.238,0.104526,0.068431,0.052911,0.058680
30.248,0.092060,0.068409,0.044500,0.042603
30.258,0.091659,0.068140,0.044359,0.042315
30.268,0.089751,0.067533,0.041275,0.042319
30.278,0.080814,0.064109,0.033403,0.036128
30.288,0.079763,0.064015,0.031049,0.036059
30.298,0.072056,0.059104,0.026536,0.031537
30.308,0.070555,0.057346,0.026324,0.031566
30.318,0.067375,0.053311,0.026421,0.031610
30.328,0.066128,0.051745,0.026479,0.031531
30.338,0.063699,0.049975,0.023863,0.031475
30.348,0.062831,0.049864,0.022840,0.030653
30.358,0.058470,0.044731,0.021712,0.030763
30.368,0.057799,0.043858,0.021714,0.030753
30.378,0.052018,0.036543,0.020820,0.030611
30.388,0.052145,0.036707,0.021097,0.030441
30.398,0.051804,0.036527,0.020682,0.030359
30.408,0.044826,0.027119,0.020318,0.029345
30.418,0.043439,0.027093,0.019934,0.027486
30.428,0.042789,0.025990,0.019999,0.027486
30.438,0.037677,0.021775,0.020052,0.023309
30.448,0.036297,0.021078,0.020035,0.021721
30.458,0.035400,0.020384,0.020000,0.020920
30.468,0.032591,0.017381,0.018245,0.020668
30.478,0.030376,0.017158,0.017334,0.018106
30.488,0.029940,0.016854,0.017094,0.017893
30.498,0.029464,0.016226,0.016930,0.017838
30.508,0.028342,0.015531,0.016473,0.017051
30.518,0.028092,0.015150,0.016429,0.017021
30.528,0.027514,0.015182,0.015391,0.017019
30.538,0.027520,0.015102,0.015377,0.017112
30.548,0.027318,0.015503,0.015376,0.016418
30.558,0.026548,0.015421,0.014769,0.015775
30.568,0.025495,0.015048,0.014779,0.014323
30.578,0.025530,0.015051,0.014814,0.014345
30.588,0.025303,0.014887,0.014801,0.014127
30.598,0.025070,0.014787,0.014506,0.014122
30.608,0.024372,0.013648,0.014519,0.014034
30.618,0.024040,0.013038,0.014594,0.013963
30.628,0.023727,0.012987,0.014148,0.013933
30.638,0.022785,0.012906,0.014160,0.012333
30.648,0.021398,0.012957,0.012495,0.011571
30.658,0.021253,0.012899,0.012303,0.011573
30.668,0.021292,0.013013,0.012304,0.011516
30.678,0.021017,0.012827,0.011998,0.011541
30.688,0.020426,0.011750,0.012026,0.011600
30.698,0.020014,0.011754,0.011535,0.011373
