time_seconds,total_vibration,rms_x,rms_y,rms_z
0.332,1.510958,0.646342,1.207887,0.637374
0.342,1.533478,0.650525,1.230513,0.643592
0.352,1.551195,0.651335,1.248504,0.650543
0.362,1.575596,0.657325,1.271082,0.659376
0.372,1.594635,0.660938,1.289295,0.666139
0.382,1.620587,0.669033,1.313205,0.673934
0.392,1.639880,0.673631,1.331377,0.680340
0.402,1.668131,0.687174,1.354757,0.689263
0.412,1.688714,0.692668,1.373884,0.695996
0.422,1.717653,0.709874,1.395876,0.705649
0.432,1.741784,0.722344,1.415181,0.713649
0.442,1.772745,0.741611,1.438074,0.724282
0.451,1.797110,0.756415,1.456213,0.732724
0.461,1.828532,0.777386,1.478171,0.744454
0.471,1.851777,0.790678,1.494964,0.754314
0.481,1.881594,0.812930,1.513648,0.767079
0.491,1.903654,0.825107,1.528982,0.778017
0.501,1.931261,0.843561,1.546717,0.791100
0.511,1.953081,0.855590,1.561084,0.803437
0.521,1.954612,0.861893,1.569447,0.783890
0.531,1.965426,0.860232,1.577503,0.796482
0.541,1.977837,0.866814,1.584966,0.805206
0.551,1.981476,0.864934,1.588496,0.809207
0.562,1.990554,0.870809,1.593458,0.815405
0.571,1.989741,0.868528,1.593801,0.815185
0.581,1.995859,0.876174,1.595129,0.819353
0.592,1.992096,0.871169,1.593272,0.819142
0.602,1.995858,0.879636,1.592343,0.821056
0.611,1.990692,0.875644,1.589334,0.818609
0.621,1.993524,0.882159,1.589734,0.817726
0.631,1.987293,0.879443,1.585862,0.812990
0.642,1.989733,0.889425,1.583993,0.811744
0.651,1.984211,0.890362,1.577875,0.809112
0.663,1.983690,0.902167,1.571820,0.806537
0.672,1.977104,0.905590,1.562999,0.803666
0.682,1.978195,0.921417,1.554989,0.803899
0.692,1.971010,0.931190,1.541299,0.801350
0.701,1.970523,0.949246,1.530146,0.800342
0.711,1.964214,0.959289,1.515669,0.800404
0.721,1.965455,0.982010,1.501894,0.801862
0.731,1.960785,0.994236,1.486175,0.804646
0.741,1.962712,1.016041,1.472617,0.807030
0.751,1.960509,1.032277,1.456112,0.811010
0.761,1.963802,1.053695,1.443500,0.813974
0.771,1.964114,1.072626,1.426043,0.820742
0.781,1.965123,1.088922,1.411450,0.826902
0.791,1.961443,1.096694,1.397588,0.831427
0.802,1.957150,1.102117,1.386853,0.832112
0.811,1.952845,1.100908,1.381437,0.832607
0.821,1.962197,1.103834,1.394780,0.828467
0.832,1.978115,1.115800,1.409657,0.825104
0.842,1.999584,1.149522,1.406707,0.835530
0.851,2.010131,1.177390,1.392567,0.845660
0.861,2.005348,1.187918,1.375395,0.847679
0.871,1.994247,1.183396,1.364244,0.845833
0.882,1.998254,1.186232,1.370824,0.840663
0.892,2.020845,1.210258,1.383533,0.839599
0.901,2.035911,1.236684,1.375212,0.851082
0.911,2.031153,1.245135,1.353411,0.862264
0.922,2.024706,1.238159,1.351140,0.860708
0.932,2.025430,1.237122,1.357878,0.853266
0.941,2.042679,1.265339,1.353210,0.860394
0.952,2.043433,1.274634,1.330968,0.882865
0.962,2.030452,1.265247,1.318305,0.885415
0.971,2.044703,1.275795,1.336255,0.876116
0.981,2.059257,1.290470,1.347694,0.871175
0.992,2.060438,1.305447,1.330875,0.877489
1.002,2.053771,1.297118,1.320461,0.889854
1.012,2.049745,1.292296,1.326705,0.878225
1.022,2.088935,1.334323,1.343078,0.882820
1.032,2.104375,1.353799,1.337936,0.897523
1.042,2.092551,1.348410,1.322099,0.901453
1.052,2.114870,1.346726,1.362019,0.896611
1.061,2.130632,1.350501,1.387552,0.889067
1.072,2.147076,1.366908,1.373503,0.924653
1.082,2.145875,1.357891,1.359973,0.954666
1.092,2.142403,1.354219,1.361014,0.950592
1.102,2.197814,1.395984,1.396072,0.965712
1.112,2.237149,1.418960,1.394707,1.022829
1.122,2.234560,1.409730,1.385380,1.042421
1.132,2.300277,1.434578,1.468557,1.037592
1.142,2.339352,1.446659,1.509970,1.048684
1.152,2.346074,1.451340,1.498782,1.073000
1.162,2.348958,1.440385,1.511121,1.076759
1.172,2.370625,1.444164,1.543196,1.073685
1.182,2.377692,1.448269,1.544146,1.082381
1.192,2.372756,1.440928,1.539939,1.087330
1.202,2.369417,1.427587,1.552139,1.080277
1.212,2.422852,1.462392,1.601579,1.080076
1.222,2.449924,1.473825,1.625674,1.089566
1.232,2.448319,1.469465,1.623753,1.094699
1.242,2.459619,1.456785,1.652005,1.094708
1.252,2.479740,1.465917,1.678009,1.088340
1.261,2.493199,1.470499,1.681343,1.107592
1.272,2.489515,1.460125,1.681622,1.112596
1.282,2.487697,1.449833,1.693597,1.103788
1.292,2.531543,1.487884,1.714775,1.120025
1.301,2.560855,1.507034,1.717246,1.156673
1.312,2.555583,1.507658,1.707033,1.159314
1.322,2.580576,1.526100,1.727950,1.159559
1.332,2.590374,1.534595,1.726091,1.172887
1.342,2.594358,1.526974,1.716472,1.205309
1.352,2.579459,1.498085,1.718519,1.206667
1.362,2.594612,1.508794,1.733606,1.204227
1.372,2.631280,1.540118,1.731539,1.246372
1.382,2.637503,1.538793,1.711763,1.287790
1.392,2.614597,1.522191,1.693746,1.284630
1.402,2.625766,1.518218,1.710825,1.289472
1.412,2.652991,1.534129,1.718488,1.315905
1.422,2.657580,1.535094,1.708823,1.336465
1.432,2.660335,1.535116,1.712889,1.336717
1.442,2.666921,1.530209,1.730624,1.332618
1.452,2.675642,1.527958,1.732734,1.349830
1.462,2.687854,1.529485,1.731549,1.373671
1.472,2.680172,1.524374,1.723909,1.373952
1.482,2.690694,1.528751,1.718747,1.395944
1.492,2.707405,1.535791,1.720585,1.418088
1.502,2.700728,1.531977,1.719653,1.410594
1.512,2.734819,1.557582,1.748354,1.412953
1.522,2.743665,1.553894,1.759639,1.420136
1.532,2.722728,1.527829,1.748618,1.421730
1.542,2.728229,1.526377,1.762873,1.416222
1.552,2.727175,1.533833,1.755546,1.415238
1.562,2.721131,1.537931,1.725117,1.436417
1.572,2.717264,1.530558,1.725150,1.436931
1.582,2.707362,1.528331,1.730789,1.413643
1.592,2.748995,1.554191,1.762405,1.426672
1.602,2.748143,1.549931,1.751355,1.443176
1.612,2.710438,1.517873,1.740625,1.418718
1.622,2.719671,1.528659,1.759834,1.400999
1.632,2.690727,1.527824,1.707839,1.410337
1.642,2.656268,1.512762,1.657115,1.421716
1.652,2.647796,1.505105,1.661022,1.409429
1.662,2.654129,1.520867,1.661202,1.404199
1.672,2.666809,1.541439,1.627161,1.445054
1.682,2.684174,1.554004,1.620291,1.471231
1.692,2.679308,1.550813,1.621764,1.464086
1.702,2.710074,1.567600,1.652410,1.468560
1.712,2.707459,1.566202,1.633991,1.485739
1.722,2.673179,1.535446,1.603167,1.489346
1.732,2.681200,1.543418,1.617700,1.479777
1.742,2.688319,1.562015,1.608658,1.483033
1.752,2.677517,1.555046,1.580450,1.501037
1.762,2.661489,1.540463,1.577244,1.490905
1.772,2.669983,1.544066,1.596783,1.481539
1.782,2.700383,1.570015,1.601725,1.503862
1.792,2.688590,1.561062,1.583071,1.511784
1.802,2.654662,1.533524,1.580075,1.482868
1.812,2.715816,1.556204,1.659617,1.483091
1.822,2.751528,1.571928,1.676371,1.513184
1.832,2.725637,1.548882,1.647452,1.521829
1.842,2.717827,1.541762,1.671743,1.488230
1.852,2.739177,1.553567,1.695170,1.488597
1.862,2.731719,1.542647,1.679629,1.503787
1.872,2.700375,1.514231,1.681111,1.474109
1.882,2.693635,1.512732,1.701930,1.439009
1.892,2.724973,1.540322,1.708943,1.460275
1.902,2.715124,1.537231,1.685264,1.472652
1.912,2.678238,1.512452,1.677117,1.439696
1.922,2.720778,1.534236,1.739857,1.421848
1.932,2.753267,1.554416,1.759720,1.437935
1.942,2.731197,1.538675,1.730378,1.448346
1.952,2.711077,1.519599,1.743409,1.414666
1.962,2.716579,1.529370,1.764622,1.388143
1.972,2.726953,1.541828,1.748360,1.415018
1.982,2.697661,1.515700,1.729690,1.410035
1.992,2.675488,1.497100,1.737899,1.377184
2.002,2.717525,1.530955,1.765616,1.386981
2.012,2.701477,1.525169,1.722948,1.415375
2.022,2.657475,1.493017,1.692365,1.403202
2.032,2.699214,1.501570,1.765206,1.383869
2.042,2.744590,1.532035,1.806129,1.386918
2.052,2.727975,1.527624,1.772686,1.402070
2.062,2.708249,1.504358,1.778263,1.381775
2.072,2.712463,1.507200,1.802301,1.355549
2.082,2.729594,1.524848,1.800185,1.372900
2.092,2.684070,1.500822,1.755583,1.367369
2.102,2.636316,1.467864,1.737099,1.333424
2.112,2.700898,1.503029,1.812709,1.322813
2.122,2.742713,1.535373,1.830489,1.347002
2.132,2.720178,1.516702,1.810236,1.349827
2.142,2.744818,1.511789,1.868953,1.324966
2.152,2.787622,1.532465,1.915729,1.323769
2.162,2.779556,1.518322,1.898110,1.348261
2.172,2.776788,1.486371,1.935108,1.325372
2.182,2.797556,1.482165,1.991207,1.290195
2.192,2.822521,1.481898,1.992285,1.342163
2.202,2.831322,1.492665,1.986248,1.357626
2.212,2.843711,1.485566,2.021702,1.338847
2.222,2.858443,1.487335,2.021495,1.368243
2.232,2.936075,1.535297,2.092490,1.372910
2.242,3.024618,1.526801,2.171015,1.450478
2.252,3.107865,1.546137,2.169241,1.600838
2.262,3.306108,1.615928,2.343393,1.681558
2.272,3.766983,1.612337,2.519736,2.289424
2.282,3.804561,1.602938,2.507164,2.370527
2.292,4.162864,1.588443,2.742621,2.698947
2.302,4.622289,1.634458,2.828927,3.269752
2.312,4.612569,1.643018,2.802449,3.274533
2.322,4.660726,1.702710,2.769304,3.339776
2.332,4.889780,1.774742,3.020229,3.411518
2.342,5.331711,1.775334,3.187749,3.887620
2.352,5.355503,1.812618,3.171926,3.915957
2.362,5.399944,1.836259,3.171987,3.965608
2.372,5.565061,2.045232,3.292331,3.993430
2.382,5.607261,2.041653,3.349222,4.006961
2.392,5.631098,2.120212,3.342584,4.005134
2.402,5.800176,2.106559,3.376723,4.219264
2.412,5.901314,2.186984,3.381228,4.313921
2.422,6.005332,2.170971,3.394546,4.452859
2.432,6.039746,2.223532,3.369201,4.492541
2.442,6.075964,2.223737,3.392497,4.523637
2.452,6.231633,2.349329,3.585496,4.523065
2.462,6.237032,2.342094,3.579239,4.539186
2.472,6.258316,2.333707,3.606299,4.551366
2.482,6.266564,2.358801,3.606185,4.549869
2.492,6.299345,2.369455,3.606718,4.589010
2.502,6.421084,2.461391,3.737606,4.604582
2.512,6.451977,2.444665,3.735780,4.657850
2.522,6.526830,2.463670,3.788041,4.709628
2.532,6.545229,2.481356,3.763236,4.745624
2.542,6.553266,2.468718,3.740733,4.780967
2.552,6.671883,2.552243,3.888397,4.783350
2.562,6.718249,2.554124,3.885269,4.849330
2.572,6.784237,2.547833,3.948380,4.893334
2.582,6.819583,2.564665,3.950583,4.931744
2.592,6.832406,2.561445,3.957143,4.945887
2.602,6.946490,2.600963,4.105280,4.963406
2.612,6.934016,2.581366,4.083330,4.974289
2.622,7.058976,2.558097,4.138997,5.114097
2.632,7.098728,2.585922,4.137078,5.156504
2.642,7.088598,2.594225,4.114426,5.156521
2.652,7.130465,2.585351,4.120132,5.213828
2.662,7.244445,2.623554,4.298214,5.208099
2.672,7.252064,2.639273,4.285179,5.221485
2.682,7.250283,2.633115,4.253344,5.248082
2.692,7.265925,2.636824,4.289614,5.238324
2.702,7.257211,2.638726,4.278943,5.234012
2.712,7.248645,2.632360,4.255927,5.244103
2.722,7.254379,2.633176,4.261566,5.247042
2.732,7.229742,2.602475,4.238686,5.246888
2.742,7.249553,2.630980,4.285159,5.222201
2.752,7.231755,2.609182,4.286388,5.207429
2.762,7.159209,2.566125,4.227795,5.176392
2.772,6.925342,2.567239,4.115585,4.942833
2.782,6.902012,2.556039,4.127462,4.905966
2.792,6.701500,2.559003,3.988173,4.738786
2.802,6.391093,2.526560,3.922897,4.367315
2.812,6.383760,2.517921,3.921191,4.363110
2.822,6.325655,2.461606,3.927399,4.304642
2.832,6.164113,2.422935,3.764030,4.237660
2.842,5.798688,2.421422,3.643293,3.806300
2.852,5.792812,2.385884,3.660567,3.803219
2.862,5.753941,2.358654,3.676622,3.745269
2.872,5.609579,2.184046,3.586041,3.719897
2.882,5.567866,2.196587,3.521262,3.711717
2.892,5.541141,2.098564,3.537968,3.712554
2.902,5.353751,2.105819,3.509516,3.451301
2.912,5.248784,2.020616,3.510597,3.338045
2.922,5.111590,2.038732,3.478949,3.141470
2.932,5.144251,1.976561,3.612322,3.083449
2.942,5.091895,1.975342,3.583016,3.031076
2.952,4.952466,1.826711,3.442309,3.056233
2.962,4.948302,1.827770,3.443798,3.047163
2.972,4.919769,1.821282,3.434348,3.015345
2.982,4.915197,1.784047,3.445044,3.017948
2.992,4.865716,1.766178,3.436621,2.957269
3.002,4.683710,1.604260,3.285932,2.926796
3.012,4.624713,1.613617,3.283279,2.829186
3.022,4.515482,1.587971,3.215996,2.743227
3.032,4.460639,1.539248,3.210506,2.687130
3.042,4.412138,1.531583,3.202466,2.620196
3.052,4.226842,1.384676,3.025933,2.606260
3.062,4.151067,1.380897,3.027569,2.481594
3.072,4.019812,1.384268,2.923379,2.386743
3.082,3.946500,1.324023,2.919329,2.302031
3.092,3.915828,1.318205,2.907779,2.267348
3.102,3.705934,1.243208,2.688711,2.226929
3.112,3.682105,1.238443,2.679417,2.201108
3.122,3.395812,1.236599,2.582307,1.825939
3.132,3.309985,1.169385,2.586896,1.701913
3.142,3.298495,1.132331,2.587063,1.704406
3.152,3.159476,1.128374,2.536310,1.508707
3.162,2.883285,1.045476,2.223214,1.509184
3.172,2.832464,1.000286,2.222586,1.443049
3.182,2.774380,0.986654,2.223469,1.334122
3.192,2.714004,0.977095,2.158236,1.324056
3.202,2.688878,0.915259,2.154625,1.322860
3.212,2.645690,0.891162,2.137582,1.279160
3.222,2.627530,0.881885,2.133004,1.255581
3.232,2.653753,0.886342,2.145633,1.285713
3.242,2.487471,0.790989,1.968869,1.298231
3.252,2.429827,0.799153,1.980513,1.158872
3.262,2.410448,0.807076,1.949925,1.164766
3.272,2.407525,0.798753,1.957385,1.151873
3.282,2.374439,0.783767,1.937854,1.126231
3.292,2.327798,0.753632,1.935126,1.051649
3.302,2.357210,0.768044,1.959926,1.060771
3.312,2.329109,0.744761,1.935276,1.060559
3.322,2.327484,0.745250,1.933733,1.059463
3.332,2.295110,0.703718,1.910832,1.058789
3.342,2.215453,0.703431,1.814201,1.059288
3.352,2.179753,0.731569,1.812075,0.965668
3.362,2.153289,0.731504,1.785487,0.955820
3.372,2.154411,0.730352,1.792450,0.946147
3.382,2.123317,0.684789,1.789008,0.915964
3.392,2.167208,0.685142,1.813190,0.969388
3.402,2.159825,0.666110,1.812368,0.967712
3.412,2.165523,0.688233,1.810405,0.968636
3.422,2.128706,0.639247,1.781449,0.974264
3.432,1.911523,0.617771,1.524306,0.974048
3.442,1.918388,0.637330,1.524096,0.975271
3.452,1.882739,0.640295,1.527273,0.895637
3.462,1.898364,0.669890,1.539966,0.885176
3.472,1.891354,0.747788,1.496418,0.882476
3.482,1.897855,0.743793,1.516828,0.864788
3.492,1.974989,0.830945,1.567164,0.868395
3.502,1.974962,0.835332,1.571243,0.856674
3.512,2.013760,0.811471,1.632120,0.856113
3.522,2.053385,0.832667,1.679183,0.838690
3.532,2.072394,0.858814,1.692898,0.831476
3.542,2.082122,0.861503,1.702765,0.832848
3.552,2.149335,0.914285,1.757543,0.833526
3.562,2.154476,0.933429,1.754845,0.831264
3.572,2.173840,0.932804,1.778753,0.831561
3.582,2.240752,0.976871,1.793427,0.922123
3.592,2.301109,0.998475,1.801686,1.025709
3.602,2.389748,1.116394,1.846456,1.027209
3.612,2.400182,1.121526,1.854168,1.032044
3.622,2.423303,1.144858,1.859885,1.050012
3.632,2.445854,1.193468,1.849993,1.065533
3.642,2.482688,1.193124,1.883665,1.091789
3.652,2.548104,1.286298,1.907805,1.094783
3.662,2.566291,1.284954,1.933624,1.093545
3.672,2.654219,1.341384,1.980943,1.149535
3.682,2.694123,1.368091,1.983580,1.205003
3.692,2.779195,1.454307,2.037941,1.206528
3.702,2.814236,1.464162,2.074818,1.212967
3.712,2.894444,1.572263,2.089140,1.241486
3.722,2.884958,1.575981,2.089471,1.213826
3.732,2.900069,1.619608,2.093139,1.185766
3.742,2.870248,1.625305,2.054499,1.172921
3.752,2.888168,1.629130,2.076158,1.173464
3.762,2.911455,1.683055,2.068655,1.168145
3.772,2.979199,1.732729,2.114529,1.184078
3.782,3.006093,1.777526,2.118430,1.178664
3.792,3.053057,1.837176,2.136588,1.175131
3.802,3.047752,1.860714,2.113270,1.166457
3.812,3.145052,1.991932,2.130875,1.175982
3.822,3.160977,1.991194,2.154782,1.176366
3.832,3.219349,2.051762,2.150389,1.237056
3.842,3.224818,2.053158,2.143167,1.261281
3.852,3.252743,2.090525,2.148686,1.262218
3.862,3.280068,2.094238,2.186779,1.261354
3.872,3.295051,2.129131,2.175263,1.261899
3.882,3.366441,2.183294,2.222308,1.275735
3.892,3.342714,2.182564,2.222201,1.213248
3.902,3.404483,2.239293,2.223428,1.277670
3.912,3.416062,2.236511,2.232350,1.297733
3.922,3.437799,2.272031,2.226124,1.304112
3.932,3.423883,2.269625,2.191298,1.330410
3.942,3.422451,2.268925,2.191169,1.328132
3.952,3.431913,2.300649,2.158134,1.351849
3.962,3.399127,2.291494,2.132500,1.324975
3.972,3.412809,2.301782,2.139586,1.330879
3.982,3.435572,2.306426,2.162139,1.344882
3.992,3.415241,2.309596,2.127283,1.343244
4.002,3.466784,2.358347,2.151102,1.352610
4.012,3.453461,2.359144,2.128575,1.352773
4.022,3.476377,2.425087,2.092681,1.350865
4.032,3.523706,2.485621,2.092100,1.364298
4.042,3.528607,2.494084,2.090207,1.364421
4.052,3.538952,2.537352,2.051616,1.370000
4.062,3.554652,2.530599,2.086043,1.371147
4.072,3.560031,2.549801,2.068002,1.376846
4.082,3.537707,2.555988,2.060953,1.317104
4.092,3.519748,2.554033,2.069972,1.257282
4.102,3.502497,2.545187,2.038740,1.277908
4.112,3.502462,2.543060,2.040913,1.278575
4.122,3.497929,2.551452,2.027277,1.271120
4.132,3.522131,2.540435,2.080453,1.274092
4.142,3.498377,2.543977,2.050508,1.249896
4.152,3.489269,2.537090,2.038577,1.257923
4.162,3.521902,2.566070,2.058053,1.258371
4.172,3.464599,2.546426,2.015562,1.206926
4.182,3.469952,2.571523,2.024483,1.152955
4.192,3.434902,2.531055,2.007547,1.167078
4.202,3.434330,2.555996,1.979054,1.159678
4.212,3.391795,2.520647,1.969806,1.127153
4.222,3.394732,2.519393,1.983740,1.114289
4.232,3.355698,2.490796,1.957402,1.106898
4.242,3.362338,2.501619,1.956122,1.104902
4.252,3.336056,2.498516,1.914285,1.105531
4.262,3.311629,2.466039,1.914486,1.104664
4.272,3.264201,2.464657,1.842618,1.088686
4.282,3.246230,2.437956,1.843183,1.094099
4.292,3.202973,2.401387,1.816373,1.092321
4.302,3.203244,2.407364,1.806172,1.096865
4.312,3.108079,2.304777,1.779797,1.086502
4.322,3.094291,2.313976,1.743382,1.086634
4.332,3.105321,2.315331,1.780831,1.053995
4.342,3.176243,2.357505,1.865548,1.024900
4.352,3.135084,2.322358,1.842519,1.020065
4.362,3.169201,2.390938,1.809362,1.026381
4.372,3.181427,2.382530,1.848423,1.014082
4.382,3.108866,2.334417,1.793951,0.998640
4.392,3.105784,2.371824,1.738506,0.998972
4.402,3.071311,2.354535,1.744230,0.920206
4.412,3.058376,2.352761,1.737301,0.894409
4.422,3.044588,2.329844,1.737435,0.907007
4.432,3.048858,2.360364,1.721988,0.871190
4.442,3.086067,2.371704,1.751393,0.911838
4.452,3.109024,2.354019,1.769464,0.996804
4.462,3.155266,2.404425,1.780031,1.002961
4.472,3.168383,2.428349,1.775796,0.994143
4.482,3.140217,2.430209,1.735974,0.970279
4.492,3.132483,2.408963,1.748313,0.976088
4.502,3.095909,2.387302,1.717461,0.967352
4.512,3.088666,2.387226,1.683787,1.002931
4.522,3.034571,2.319651,1.678291,1.005575
4.532,2.988620,2.272375,1.671193,0.987562
4.542,2.990000,2.275913,1.671289,0.983417
4.552,2.936351,2.205328,1.674874,0.976465
4.562,2.942375,2.230430,1.634099,1.006217
4.572,2.950478,2.236113,1.646814,0.996556
4.582,2.935184,2.215324,1.641740,1.006148
4.592,2.927544,2.216210,1.628236,1.003880
4.602,2.920033,2.219953,1.619345,0.987990
4.612,2.925810,2.238945,1.605117,0.985437
4.622,2.890019,2.218278,1.567218,0.987564
4.632,2.845477,2.206177,1.515293,0.966131
4.642,2.857185,2.221713,1.512097,0.970083
4.652,2.844091,2.220494,1.496623,0.958322
4.662,2.825466,2.211986,1.472762,0.959869
4.672,2.851630,2.202116,1.504336,1.009680
4.682,2.826908,2.177474,1.481085,1.027816
4.692,2.817621,2.202831,1.441302,1.004576
4.702,2.805219,2.162244,1.478867,1.003447
4.712,2.800488,2.152512,1.485207,1.001792
4.722,2.830405,2.213095,1.451822,1.002805
4.732,2.849814,2.234993,1.457779,1.000562
4.742,2.870037,2.217359,1.519983,1.005029
4.752,2.915352,2.230242,1.571212,1.027904
4.762,2.957659,2.251983,1.604533,1.049664
4.772,2.950742,2.247324,1.594934,1.054798
4.782,2.984017,2.259961,1.636430,1.057843
4.792,3.002313,2.251524,1.678644,1.061450
4.802,3.009369,2.238448,1.705899,1.065628
4.812,3.038991,2.276603,1.709039,1.063829
4.822,3.067147,2.294573,1.710167,1.103476
4.832,3.009555,2.244776,1.693907,1.071951
4.842,2.959745,2.197612,1.667806,1.071922
4.852,2.985254,2.195523,1.714704,1.072943
4.862,2.953646,2.150906,1.718542,1.069693
4.872,2.948858,2.167406,1.685030,1.076471
4.882,2.967670,2.174952,1.705053,1.081409
4.892,2.969024,2.138666,1.739121,1.103027
4.902,2.945299,2.098627,1.743449,1.109476
4.912,2.961223,2.128673,1.734679,1.108369
4.922,2.980424,2.130034,1.771809,1.098441
4.932,3.011607,2.087447,1.844397,1.144788
4.942,3.025430,2.126847,1.841800,1.112439
4.952,2.994308,2.156917,1.809627,1.019234
4.962,2.972305,2.137840,1.799745,1.012500
4.972,2.979693,2.106805,1.847938,1.012455
4.982,3.064427,2.098309,1.949841,1.089006
4.992,3.109771,2.104133,2.014623,1.088393
5.002,3.141778,2.118363,2.039165,1.106846
5.012,3.163219,2.149713,2.054451,1.078850
5.022,3.174010,2.168479,2.053458,1.074873
5.032,3.213963,2.158146,2.092491,1.137297
5.042,3.225674,2.151487,2.117437,1.136899
5.052,3.261940,2.198751,2.121935,1.141551
5.062,3.268454,2.222977,2.121286,1.114141
5.072,3.262754,2.198641,2.123946,1.140347
5.082,3.313015,2.195329,2.166356,1.209753
5.092,3.326639,2.200920,2.189066,1.196022
5.102,3.311213,2.173183,2.196201,1.190842
5.112,3.337072,2.212839,2.196430,1.189576
5.122,3.357415,2.231789,2.212457,1.181689
5.132,3.431072,2.234749,2.279452,1.257875
5.142,3.477936,2.234171,2.348900,1.259837
5.152,3.484510,2.220520,2.371538,1.259725
5.162,3.480529,2.229638,2.357824,1.258356
5.172,3.473664,2.253620,2.339635,1.230303
5.182,3.512603,2.232325,2.373907,1.311362
5.192,3.507487,2.203474,2.391695,1.314139
5.202,3.507305,2.213537,2.380264,1.317492
5.212,3.514675,2.228275,2.368400,1.333571
5.222,3.512445,2.204621,2.371446,1.361308
5.232,3.508479,2.175100,2.373460,1.394651
5.242,3.498995,2.176204,2.359161,1.393362
5.252,3.466998,2.168351,2.329646,1.375165
5.262,3.450774,2.166310,2.314377,1.363305
5.272,3.470265,2.141060,2.331026,1.422996
5.282,3.459188,2.117684,2.340487,1.415455
5.292,3.487325,2.120745,2.371875,1.427615
5.302,3.503139,2.140773,2.379579,1.423615
5.312,3.527322,2.135990,2.406392,1.445277
5.322,3.513923,2.127776,2.411133,1.416567
5.332,3.526873,2.159667,2.394379,1.428852
5.342,3.534722,2.191802,2.352018,1.469106
5.352,3.551357,2.183206,2.348885,1.525937
5.362,3.549285,2.170361,2.352004,1.534612
5.372,3.554942,2.185560,2.347334,1.533284
5.382,3.565549,2.232241,2.320763,1.531112
5.392,3.567410,2.244845,2.297945,1.551301
5.402,3.577430,2.240379,2.314399,1.556365
5.414,3.567643,2.224277,2.314908,1.556237
5.422,3.560311,2.248344,2.283215,1.551673
5.432,3.544623,2.297662,2.233181,1.515918
5.442,3.522913,2.267234,2.221185,1.528695
5.452,3.505411,2.224857,2.233051,1.533428
5.462,3.489493,2.188751,2.244121,1.532922
5.472,3.465369,2.194224,2.196800,1.538905
5.480,3.420192,2.251486,2.099688,1.489911
5.492,3.405289,2.252733,2.051410,1.520823
5.502,3.400732,2.214231,2.078868,1.529859
5.510,3.385726,2.190149,2.079945,1.529776
5.521,3.380452,2.186097,2.079330,1.524737
5.531,3.376640,2.225210,2.053993,1.493739
5.541,3.415209,2.235846,2.054056,1.563809
5.551,3.401147,2.196578,2.071040,1.566410
5.561,3.392218,2.152600,2.101725,1.567229
5.571,3.395322,2.152465,2.101430,1.574514
5.581,3.365599,2.154724,2.071856,1.546555
5.591,3.359609,2.156589,2.052702,1.556441
5.601,3.347766,2.147771,2.047259,1.550274
5.611,3.373676,2.129777,2.057253,1.616618
5.621,3.392428,2.159587,2.046620,1.629754
5.631,3.356616,2.175089,1.988539,1.606727
5.641,3.309145,2.158531,1.913656,1.621453
5.651,3.304238,2.175859,1.885289,1.621516
5.662,3.315788,2.159434,1.877861,1.674795
5.671,3.329027,2.147121,1.885680,1.707776
5.681,3.289000,2.146497,1.865825,1.651899
5.691,3.290279,2.152086,1.842491,1.673227
5.701,3.296957,2.177081,1.825510,1.672651
5.711,3.302071,2.176958,1.826037,1.682294
5.721,3.313817,2.180804,1.829136,1.696980
5.731,3.309568,2.182709,1.839769,1.674596
5.741,3.326559,2.185204,1.835038,1.709830
5.751,3.333975,2.191702,1.842033,1.708434
5.761,3.331043,2.186342,1.832839,1.719436
5.771,3.323669,2.215763,1.815230,1.685856
5.781,3.336855,2.228277,1.794160,1.717666
5.791,3.330054,2.234556,1.752314,1.739373
5.801,3.306766,2.196735,1.742314,1.753110
5.811,3.255483,2.166859,1.697200,1.738507
5.821,3.277689,2.199282,1.689018,1.747462
5.831,3.301368,2.190134,1.704360,1.788155
5.841,3.299298,2.179180,1.736767,1.766403
5.851,3.261326,2.178353,1.711163,1.721322
5.861,3.240636,2.170221,1.690344,1.713067
5.871,3.236398,2.144396,1.687528,1.740139
5.881,3.248294,2.134458,1.687706,1.774021
5.891,3.262509,2.160666,1.682081,1.773722
5.901,3.278236,2.165540,1.668581,1.809173
5.911,3.297417,2.157435,1.702876,1.821715
5.921,3.288328,2.113499,1.741114,1.820643
5.931,3.263124,2.079873,1.733545,1.821245
5.941,3.271064,2.098166,1.737098,1.811090
5.951,3.297593,2.112434,1.745918,1.833987
5.961,3.334295,2.126443,1.767246,1.863492
5.971,3.318121,2.082968,1.792811,1.859301
5.981,3.297713,2.051004,1.787661,1.863480
5.991,3.306569,2.088946,1.759797,1.863550
6.001,3.313831,2.123551,1.695747,1.896432
6.011,3.341622,2.141048,1.682043,1.937287
6.021,3.347451,2.104729,1.709530,1.962919
6.031,3.345537,2.068961,1.730779,1.978996
6.041,3.285813,2.051393,1.702130,1.921226
6.051,3.270458,2.056317,1.662094,1.924812
6.061,3.292805,2.112458,1.629425,1.930042
6.071,3.288061,2.117754,1.623931,1.920758
6.081,3.302793,2.118287,1.652559,1.921028
6.091,3.301705,2.121908,1.655000,1.913044
6.101,3.329039,2.133104,1.652832,1.949490
6.111,3.291579,2.089555,1.646401,1.938457
6.121,3.290074,2.069479,1.651811,1.952783
6.131,3.280585,2.054155,1.665886,1.941009
6.141,3.279407,2.045686,1.687346,1.929390
6.151,3.278061,2.028283,1.697501,1.936554
6.161,3.272728,2.046004,1.707573,1.899687
6.171,3.273559,2.057799,1.694449,1.900131
6.181,3.298585,2.071709,1.700695,1.922581
6.191,3.303066,2.070305,1.721338,1.913395
6.201,3.298178,2.042727,1.741502,1.916355
6.211,3.273160,2.020842,1.741219,1.896822
6.221,3.264372,2.028244,1.734259,1.880079
6.231,3.298412,2.028971,1.734430,1.937667
6.241,3.303209,2.020899,1.725640,1.961969
6.251,3.308455,2.012142,1.730242,1.975708
6.261,3.311239,1.991510,1.730527,2.000866
6.271,3.333183,2.026244,1.726339,2.006040
6.281,3.342299,2.028358,1.706495,2.035829
6.291,3.384800,2.040766,1.697102,2.100474
6.301,3.382577,2.059707,1.675008,2.096135
6.311,3.388415,2.062873,1.682345,2.096574
6.321,3.394827,2.014971,1.700005,2.138860
6.331,3.354524,2.008977,1.687986,2.089867
6.341,3.338514,1.999148,1.647112,2.106206
6.351,3.343054,2.017346,1.636587,2.104260
6.361,3.355605,2.025553,1.648287,2.107219
6.371,3.362267,1.990432,1.667395,2.136075
6.381,3.316122,1.953667,1.667212,2.097679
6.391,3.314697,1.926970,1.674909,2.113925
6.401,3.306009,1.974313,1.654257,2.072490
6.411,3.298643,1.988658,1.619388,2.074576
6.421,3.370976,1.988912,1.607317,2.196414
6.431,3.402274,1.968195,1.645458,2.234758
6.441,3.376508,1.932236,1.636948,2.233310
6.451,3.361173,1.941476,1.613593,2.219116
6.461,3.365698,1.952923,1.575278,2.243326
6.471,3.392604,1.961969,1.564739,2.282988
6.481,3.398018,1.946750,1.579906,2.293597
6.491,3.386518,1.883311,1.600682,2.315050
6.501,3.343434,1.837510,1.618140,2.276780
6.511,3.322467,1.830790,1.613858,2.254431
6.521,3.306118,1.857523,1.587827,2.226843
6.531,3.299021,1.872130,1.552250,2.229168
6.541,3.328162,1.894152,1.563665,2.245840
6.551,3.351650,1.894643,1.580062,2.268764
6.561,3.352150,1.835019,1.595055,2.307686
6.571,3.335438,1.813058,1.600289,2.297181
6.581,3.305009,1.814813,1.552484,2.284585
6.591,3.312064,1.822734,1.552660,2.288373
6.601,3.302035,1.829478,1.552716,2.268374
6.611,3.341362,1.827975,1.557931,2.322943
6.621,3.396300,1.817133,1.559583,2.408440
6.631,3.401999,1.806940,1.522479,2.447574
6.641,3.396539,1.812109,1.500057,2.450014
6.651,3.384426,1.801431,1.487098,2.449026
6.661,3.365419,1.775084,1.484781,2.443470
6.671,3.361961,1.774125,1.478183,2.443407
6.681,3.343683,1.781748,1.443979,2.433211
6.691,3.328441,1.798412,1.401114,2.425101
6.701,3.348886,1.796905,1.428168,2.438545
6.711,3.355572,1.772676,1.466210,2.442889
6.721,3.328501,1.733380,1.474112,2.429261
6.731,3.314441,1.752863,1.442033,2.415271
6.741,3.319347,1.816284,1.419904,2.388106
6.751,3.352207,1.840772,1.422265,2.413713
6.761,3.402521,1.870168,1.444763,2.447913
6.771,3.366870,1.818449,1.455782,2.430999
6.781,3.334077,1.792004,1.446892,2.410663
6.791,3.274801,1.816383,1.406873,2.333620
6.801,3.281994,1.807721,1.412347,2.347106
6.811,3.269051,1.793387,1.407950,2.342677
6.821,3.286967,1.810648,1.385390,2.367783
6.831,3.281403,1.783594,1.398131,2.373106
6.841,3.269056,1.773802,1.405043,2.359282
6.851,3.274142,1.760679,1.394312,2.382416
6.861,3.276030,1.745834,1.401252,2.391846
6.871,3.243522,1.746060,1.383183,2.357650
6.881,3.271016,1.731287,1.383182,2.406035
6.891,3.261857,1.722444,1.391887,2.394901
6.901,3.223502,1.651170,1.398416,2.389359
6.911,3.244894,1.657761,1.390921,2.417954
6.921,3.158902,1.657560,1.381127,2.307302
6.931,3.118061,1.655250,1.334962,2.280423
6.941,3.148629,1.677204,1.322931,2.313160
6.951,3.115800,1.633197,1.329706,2.296250
6.961,3.105535,1.628865,1.340150,2.279286
6.971,3.071651,1.651713,1.322462,2.226652
6.981,3.050851,1.641640,1.302738,2.217111
6.991,3.012163,1.660873,1.278836,2.163147
7.001,3.038392,1.684381,1.252718,2.196675
7.011,3.022331,1.676176,1.257819,2.177798
7.021,2.994919,1.649315,1.251746,2.163893
7.031,3.013128,1.661967,1.237947,2.187303
7.041,2.945883,1.616384,1.221276,2.138695
7.051,2.928728,1.613906,1.193294,2.132793
7.061,2.902614,1.662274,1.173261,2.070139
7.071,2.892246,1.673770,1.130235,2.070302
7.081,2.894354,1.679837,1.131138,2.067840
7.091,2.873109,1.643472,1.129866,2.068129
7.101,2.912504,1.671529,1.129850,2.100502
7.111,2.835036,1.686418,1.122249,1.983426
7.121,2.850011,1.684260,1.084794,2.027081
7.131,2.825965,1.712386,1.087579,1.967482
7.141,2.923229,1.732785,1.065499,2.099389
7.151,2.896787,1.722491,1.083639,2.061584
7.161,2.920162,1.707418,1.085599,2.105598
7.171,2.911004,1.705748,1.086728,2.093655
7.181,2.873535,1.689477,1.092951,2.051421
7.191,2.928025,1.720954,1.107785,2.093910
7.201,2.906308,1.773817,1.051300,2.048163
7.211,2.905400,1.776629,0.983159,2.078062
7.221,2.907867,1.792249,0.975123,2.071876
7.231,2.884624,1.766953,0.961132,2.067646
7.241,2.859366,1.722631,0.977634,2.062219
7.251,2.794244,1.688884,0.954232,2.011196
7.261,2.774098,1.706269,0.900128,1.993499
7.271,2.775972,1.730430,0.918868,1.966548
7.281,2.808164,1.756589,0.919860,1.988476
7.291,2.819942,1.775497,0.919937,1.988316
7.301,2.837997,1.786003,0.924901,2.002244
7.311,2.823824,1.772971,0.917066,1.997385
7.321,2.825113,1.774825,0.937085,1.988248
7.331,2.868999,1.809216,0.938307,2.019275
7.341,2.891252,1.842749,0.924940,2.026845
7.351,2.924555,1.874121,0.926775,2.044940
7.361,2.957363,1.915171,0.911800,2.060761
7.371,2.985384,1.942109,0.897744,2.082015
7.381,2.960464,1.941116,0.901437,2.045441
7.391,2.962329,1.942930,0.913959,2.040856
7.401,2.967707,1.951018,0.904546,2.045143
7.411,2.953728,1.956232,0.919765,2.012882
7.421,2.974174,1.991251,0.894319,2.020105
7.431,3.022595,2.042753,0.883847,2.045007
7.441,3.052149,2.084548,0.891698,2.043317
7.451,3.059426,2.107625,0.878583,2.036197
7.461,3.076480,2.088179,0.849131,2.093613
7.471,3.091082,2.067344,0.865760,2.128694
7.482,3.095567,2.067321,0.862150,2.136683
7.491,3.094837,2.068462,0.867274,2.132444
7.501,3.079060,2.088213,0.875370,2.086552
7.511,3.093445,2.102521,0.869780,2.095780
7.521,3.115603,2.100238,0.869030,2.130908
7.531,3.087325,2.107988,0.866671,2.082509
7.541,3.098721,2.126643,0.865014,2.081156
7.551,3.100111,2.125380,0.873611,2.080926
7.561,3.057291,2.099734,0.878157,2.041320
7.571,3.069910,2.104132,0.882937,2.053631
7.581,3.095939,2.140075,0.885577,2.054427
7.591,3.130112,2.172492,0.859367,2.083116
7.601,3.113956,2.158142,0.866205,2.070951
7.611,3.064222,2.150130,0.867063,2.003646
7.621,3.016839,2.147158,0.867676,1.933435
7.631,2.933023,2.119695,0.858567,1.836404
7.641,2.878254,2.102927,0.861231,1.766445
7.651,2.876217,2.106998,0.842827,1.767152
7.661,2.920047,2.140606,0.841309,1.799077
7.671,2.965136,2.175439,0.840425,1.831170
7.681,3.045677,2.197095,0.825463,1.941014
7.691,3.009721,2.166534,0.804157,1.928181
7.701,2.998590,2.132196,0.821900,1.941588
7.711,3.002225,2.121034,0.840746,1.951337
7.721,2.983863,2.113702,0.845887,1.928775
7.731,2.967906,2.121455,0.845065,1.895722
7.741,2.979866,2.148919,0.820639,1.894281
7.751,3.044047,2.208188,0.820963,1.927731
7.761,3.042662,2.185837,0.840458,1.942559
7.771,3.052776,2.163170,0.822357,1.990946
7.781,3.030419,2.135089,0.792082,1.999360
7.791,3.022472,2.118355,0.811041,1.997528
7.801,3.042041,2.159308,0.794427,1.990047
7.811,3.075191,2.212975,0.785171,1.985711
7.821,3.081198,2.218703,0.778259,1.991345
7.831,3.051925,2.193426,0.780957,1.973127
7.841,3.030801,2.166653,0.802864,1.961321
7.851,3.012866,2.158424,0.801042,1.943425
7.861,3.034556,2.172347,0.800792,1.961675
7.871,3.021789,2.153720,0.833224,1.948959
7.881,3.035187,2.151934,0.872390,1.954605
7.891,3.038781,2.165585,0.867257,1.947381
7.901,3.071210,2.183348,0.915467,1.956334
7.911,3.116943,2.187767,0.970386,1.996837
7.921,3.078589,2.153478,0.995163,1.962114
7.931,3.053107,2.116143,0.996311,1.962337
7.941,3.031012,2.104138,0.986663,1.945798
7.951,3.026220,2.094752,1.001324,1.940971
7.961,2.972737,2.101162,1.025458,1.835952
7.971,2.989655,2.130892,1.050677,1.814777
7.981,3.023846,2.151734,1.047735,1.848225
7.991,2.989880,2.139387,1.046089,1.807791
8.001,2.986013,2.106558,1.085026,1.816978
8.011,2.959366,2.104076,1.087863,1.774052
8.021,2.975022,2.137597,1.089589,1.759044
8.031,2.956951,2.128181,1.089596,1.739881
8.041,2.956587,2.113985,1.094226,1.753608
8.051,2.975182,2.138554,1.084815,1.761099
8.061,2.953859,2.141337,1.082786,1.722653
8.071,2.939129,2.121250,1.084305,1.721354
8.081,2.925522,2.121011,1.079762,1.701206
8.091,2.910413,2.110491,1.073776,1.692140
8.101,2.866578,2.074566,1.072981,1.661974
8.111,2.878359,2.089968,1.072332,1.663456
8.121,2.895369,2.130562,1.062657,1.647613
8.131,2.906627,2.160751,1.065916,1.625871
8.141,2.932551,2.158365,1.060914,1.678027
8.151,2.936007,2.191038,1.057749,1.643368
8.161,2.935543,2.214139,1.049229,1.616823
8.171,2.858489,2.179292,1.047598,1.524528
8.181,2.802390,2.147725,1.058037,1.456442
8.191,2.820662,2.173300,1.083791,1.434677
8.201,2.843495,2.199537,1.080899,1.441929
8.211,2.814366,2.198845,1.070604,1.392675
8.221,2.812858,2.193481,1.081991,1.389282
8.231,2.825766,2.173487,1.096661,1.434657
8.241,2.825860,2.157185,1.107338,1.451150
8.251,2.789908,2.123662,1.110552,1.428398
8.261,2.818197,2.207862,1.093936,1.367804
8.271,2.832876,2.242025,1.089641,1.345807
8.281,2.827219,2.242100,1.087753,1.335272
8.291,2.867874,2.246878,1.086776,1.412501
8.301,2.826090,2.195450,1.086462,1.409391
8.311,2.825321,2.184972,1.083453,1.426346
8.321,2.838289,2.206426,1.082606,1.419695
8.331,2.879322,2.256717,1.058998,1.440918
8.341,2.894911,2.275944,1.044721,1.452290
8.351,2.888202,2.249004,1.048171,1.478185
8.361,2.862416,2.207672,1.065284,1.478101
8.371,2.864133,2.202759,1.075125,1.481627
8.381,2.894602,2.235449,1.035060,1.519915
8.391,2.922549,2.260897,1.018967,1.546397
8.401,2.928309,2.290672,0.973110,1.543007
8.411,2.945904,2.296329,0.904787,1.608286
8.421,2.966146,2.300065,0.948785,1.614786
8.431,2.957381,2.287656,0.979437,1.597947
8.441,2.920268,2.255300,1.004721,1.559525
8.451,2.938627,2.271207,1.005684,1.570268
8.461,2.973222,2.315734,0.995998,1.576519
8.471,2.963645,2.322144,0.961718,1.570329
8.481,2.919399,2.307275,0.971904,1.501590
8.491,2.929743,2.297593,1.015577,1.507668
8.501,2.934350,2.300675,0.998087,1.523525
8.511,2.934696,2.286522,1.022952,1.528994
8.521,2.904959,2.250338,1.031759,1.519948
8.531,2.946552,2.305248,1.038164,1.513345
8.541,2.994168,2.387614,1.038313,1.478595
8.551,2.967457,2.365380,1.069258,1.437869
8.561,2.975906,2.363486,1.096930,1.437600
8.571,2.981358,2.366931,1.114489,1.429701
8.581,2.965269,2.350954,1.118828,1.419174
8.591,2.986146,2.373607,1.119330,1.424836
8.601,3.007372,2.396531,1.132623,1.420595
8.611,2.999948,2.374222,1.141050,1.435536
8.621,2.942161,2.338072,1.143911,1.371566
8.631,2.969389,2.349349,1.147981,1.407114
8.641,3.006575,2.383962,1.163378,1.415193
8.651,2.945678,2.344588,1.163674,1.351216
8.661,2.958180,2.329903,1.171564,1.396359
8.671,3.027043,2.388167,1.174558,1.442243
8.681,3.029577,2.389703,1.167748,1.450523
8.691,3.048630,2.395077,1.140224,1.502545
8.701,3.053617,2.418831,1.135340,1.478120
8.711,3.055814,2.422913,1.129019,1.480813
8.721,3.071139,2.423474,1.117297,1.519972
8.731,3.067648,2.427056,1.111733,1.511261
8.741,3.086197,2.447596,1.096779,1.526748
8.751,3.068448,2.420653,1.105449,1.527676
8.761,3.004954,2.337450,1.106988,1.529919
8.771,3.034623,2.334856,1.106987,1.591217
8.781,3.041106,2.361145,1.111338,1.561489
8.791,3.023737,2.356474,1.100857,1.542119
8.801,3.007730,2.335339,1.108942,1.537166
8.811,3.033159,2.319523,1.145480,1.583586
8.821,3.052206,2.309857,1.183971,1.605844
8.831,3.045479,2.273714,1.219575,1.617963
8.841,3.065922,2.277113,1.250060,1.628490
8.851,3.094235,2.288625,1.251097,1.664704
8.861,3.091841,2.310329,1.227695,1.647613
8.871,3.091197,2.315186,1.207170,1.654737
8.881,3.080504,2.295927,1.204594,1.663484
8.891,3.073516,2.307807,1.206143,1.632712
8.901,3.079411,2.309620,1.219584,1.631269
8.911,3.054763,2.334991,1.225245,1.542130
8.921,3.056650,2.338803,1.178610,1.576067
8.931,3.042300,2.330566,1.152012,1.580164
8.941,3.043547,2.328116,1.137682,1.596476
8.951,3.023569,2.297741,1.153905,1.590867
8.961,2.999832,2.249613,1.197657,1.582357
8.971,3.045834,2.255880,1.277839,1.598510
8.981,3.105622,2.313851,1.302468,1.610762
8.991,3.112988,2.331841,1.280067,1.616984
9.001,3.088616,2.341505,1.255477,1.575019
9.011,3.081564,2.345323,1.232245,1.573871
9.021,3.070752,2.341709,1.223877,1.564622
9.031,3.026884,2.270766,1.238261,1.572374
9.041,2.990691,2.191044,1.290457,1.574256
9.051,3.050315,2.237071,1.344894,1.578352
9.061,3.080318,2.286870,1.329479,1.578313
9.071,3.078281,2.288113,1.322738,1.578200
9.081,3.082421,2.273917,1.357638,1.577163
9.091,3.070393,2.222391,1.377766,1.609364
9.101,3.080707,2.206476,1.380049,1.648539
9.111,3.096983,2.225559,1.382187,1.651592
9.121,3.136455,2.277209,1.381709,1.656064
9.131,3.123457,2.272653,1.389418,1.631119
9.141,3.113295,2.239815,1.399341,1.648538
9.151,3.150895,2.276530,1.426103,1.646748
9.161,3.135092,2.261986,1.465142,1.601743
9.171,3.096905,2.214190,1.494410,1.566819
9.181,3.116259,2.244402,1.496373,1.560319
9.191,3.078906,2.223175,1.498728,1.513595
9.201,3.044055,2.160220,1.507660,1.525345
9.211,3.057075,2.170008,1.523311,1.521939
9.221,3.103708,2.196142,1.589608,1.510998
9.231,3.165787,2.204046,1.660226,1.551785
9.241,3.168480,2.191711,1.679383,1.554137
9.251,3.159474,2.194480,1.673962,1.537655
9.261,3.161478,2.194811,1.675165,1.539991
9.271,3.111903,2.169216,1.684848,1.462781
9.281,3.126437,2.142568,1.690485,1.525212
9.291,3.166029,2.166094,1.712010,1.549450
9.301,3.192053,2.194483,1.726899,1.546373
9.311,3.163732,2.190381,1.707275,1.515468
9.321,3.120191,2.184136,1.678853,1.465125
9.331,3.106579,2.170090,1.669150,1.468155
9.341,3.070459,2.153452,1.665671,1.419824
9.351,3.069616,2.164061,1.676246,1.389095
9.361,3.118472,2.186164,1.707730,1.424503
9.371,3.178299,2.243196,1.726685,1.445066
9.381,3.173155,2.243608,1.735101,1.422871
9.391,3.154950,2.201167,1.767199,1.409105
9.401,3.121301,2.149855,1.769157,1.410930
9.411,3.134889,2.109808,1.763099,1.505895
9.422,3.151593,2.122941,1.771857,1.512013
9.431,3.194072,2.177580,1.776899,1.517520
9.441,3.201691,2.198402,1.772565,1.508599
9.451,3.228181,2.205407,1.759388,1.569042
9.461,3.249827,2.243892,1.737071,1.583954
9.471,3.200679,2.212308,1.698693,1.569867
9.481,3.158702,2.178566,1.689197,1.542032
9.491,3.199309,2.242255,1.684272,1.539837
9.501,3.205793,2.252193,1.683558,1.539601
9.511,3.206369,2.252436,1.687263,1.536384
9.521,3.242167,2.286356,1.704910,1.541917
9.531,3.274853,2.323586,1.693447,1.567753
9.541,3.249161,2.318065,1.647692,1.571221
9.551,3.187961,2.283752,1.585004,1.560556
9.561,3.157674,2.246894,1.577991,1.559590
9.571,3.167737,2.238802,1.571389,1.597829
9.581,3.189482,2.265101,1.540664,1.633546
9.591,3.201362,2.304769,1.525165,1.615744
9.601,3.188355,2.313056,1.513830,1.588614
9.611,3.184117,2.299080,1.517001,1.597354
9.621,3.190788,2.287693,1.524966,1.619280
9.631,3.201826,2.303753,1.523157,1.620001
9.641,3.216765,2.344746,1.503683,1.608936
9.651,3.186140,2.319489,1.478724,1.607741
9.661,3.161517,2.298897,1.447908,1.616733
9.671,3.137517,2.287168,1.416748,1.614218
9.681,3.159672,2.270509,1.414233,1.681742
9.691,3.166141,2.269728,1.430906,1.680860
9.701,3.175527,2.301392,1.429735,1.656330
9.711,3.166816,2.302077,1.414896,1.651434
9.721,3.125660,2.287446,1.357138,1.641803
9.731,3.111952,2.337155,1.271150,1.614351
9.741,3.121983,2.361527,1.285195,1.586898
9.751,3.133382,2.367020,1.305042,1.584982
9.761,3.124150,2.356677,1.302193,1.584512
9.771,3.116603,2.343157,1.314977,1.579133
9.781,3.139373,2.381605,1.349946,1.536641
9.791,3.186437,2.370790,1.398456,1.605320
9.801,3.180035,2.360544,1.382361,1.621582
9.811,3.183405,2.369797,1.375255,1.620741
9.821,3.188005,2.368859,1.373721,1.632414
9.831,3.186221,2.364986,1.361961,1.644356
9.841,3.197879,2.369328,1.361720,1.660853
9.851,3.204414,2.365256,1.350010,1.688580
9.861,3.146977,2.337109,1.304329,1.655329
9.871,3.087459,2.280563,1.280757,1.640456
9.881,3.081924,2.272933,1.281909,1.639737
9.891,3.085504,2.286540,1.262586,1.642542
9.901,3.107663,2.313699,1.252858,1.653697
9.911,3.078782,2.338565,1.247730,1.566265
9.921,3.047484,2.318366,1.239165,1.541691
9.931,3.013283,2.269914,1.234227,1.550499
9.941,3.038011,2.290180,1.247853,1.558026
9.951,3.021223,2.307581,1.244959,1.500978
9.961,2.974452,2.270358,1.220612,1.484231
9.971,3.014976,2.312718,1.202658,1.514934
9.981,2.982666,2.291766,1.179144,1.501241
9.991,2.935960,2.237753,1.172048,1.496204
10.002,3.023588,2.280054,1.172481,1.602726
10.011,3.022435,2.279687,1.161890,1.608772
10.021,3.009317,2.250960,1.139975,1.640007
10.031,2.993076,2.224920,1.134281,1.649740
10.041,2.983979,2.214704,1.136491,1.645481
10.052,3.013462,2.219433,1.150866,1.682432
10.061,3.034843,2.228829,1.154078,1.706076
10.071,3.006007,2.228873,1.153249,1.654756
10.082,2.988505,2.227552,1.144497,1.630737
10.091,2.970356,2.173956,1.140771,1.671996
10.102,2.990611,2.206102,1.143472,1.664134
10.112,2.974284,2.213327,1.120784,1.640545
10.122,2.935167,2.174599,1.110120,1.629097
10.131,2.963107,2.201929,1.092633,1.654590
10.141,2.930938,2.155414,1.091556,1.659245
10.152,2.964595,2.179001,1.094150,1.686301
10.161,2.970689,2.179625,1.103084,1.690394
10.172,2.973986,2.169190,1.102955,1.709590
10.181,2.960158,2.165742,1.110198,1.685098
10.191,2.932521,2.148994,1.102948,1.662831
10.201,2.910774,2.127591,1.087980,1.662005
10.212,2.929192,2.137504,1.085632,1.683047
10.221,2.892517,2.131003,1.061720,1.642631
10.232,2.900534,2.145062,1.055395,1.642543
10.242,2.874190,2.108887,1.010274,1.671200
10.251,2.883113,2.126668,0.981997,1.680865
10.262,2.918251,2.153794,0.983981,1.705620
10.272,2.952386,2.154224,0.953187,1.779701
10.282,2.915974,2.137308,0.881223,1.777150
10.292,2.825306,2.164699,0.764280,1.646909
10.301,2.844734,2.143445,0.748969,1.713826
10.312,2.839821,2.149164,0.748714,1.698558
10.322,2.842648,2.153046,0.749218,1.698149
10.332,2.859105,2.163388,0.732140,1.719942
10.341,2.827414,2.155378,0.707725,1.687524
10.352,2.819188,2.141445,0.702439,1.693699
10.362,2.823866,2.147862,0.701748,1.693653
10.372,2.840364,2.152582,0.704682,1.713909
10.381,2.864368,2.150045,0.689549,1.762507
10.392,2.844542,2.138386,0.682835,1.747130
10.402,2.845773,2.132470,0.714007,1.743901
10.412,2.884662,2.132244,0.718857,1.805009
10.422,2.886978,2.130386,0.732048,1.805603
10.432,2.921485,2.152551,0.748520,1.827928
10.442,2.912845,2.134942,0.758590,1.830636
10.452,2.938408,2.119627,0.764983,1.885795
10.462,2.952868,2.128088,0.761351,1.900268
10.472,2.918787,2.072947,0.784082,1.899321
10.482,2.945674,2.086005,0.848118,1.899019
10.492,2.943358,2.077878,0.853418,1.901962
10.502,2.868129,2.034131,0.852473,1.833512
10.512,2.880379,2.029698,0.853211,1.857132
10.522,2.876237,2.046833,0.864350,1.826503
10.532,2.886039,2.075727,0.863714,1.809580
10.541,2.953952,2.076310,0.863352,1.915566
10.552,2.936672,2.069653,0.872660,1.891836
10.562,2.915688,2.058126,0.876553,1.870029
10.572,2.923547,2.068365,0.876366,1.871089
10.582,2.904258,2.037664,0.878682,1.873649
10.592,2.886933,2.041320,0.887512,1.838402
10.602,2.869082,2.008756,0.921749,1.829457
10.612,2.888142,2.019930,0.960151,1.827390
10.622,2.903824,2.034507,0.966797,1.832561
10.632,2.817281,1.951800,0.964754,1.787960
10.642,2.833147,1.967622,0.992409,1.780537
10.652,2.809158,1.944186,1.008384,1.759168
10.662,2.793881,1.971266,0.991325,1.713813
10.672,2.823032,1.972679,1.004273,1.751993
10.682,2.818169,1.961304,1.032214,1.740659
10.692,2.826182,1.983624,1.031248,1.728891
10.702,2.817682,1.981569,1.031290,1.717311
10.712,2.801583,1.955474,1.044261,1.713040
10.722,2.806409,1.976208,1.045546,1.696281
10.732,2.765724,1.905437,1.048767,1.708398
10.742,2.767534,1.901178,1.055016,1.712224
10.752,2.737308,1.874681,1.062569,1.688009
10.762,2.721861,1.859945,1.060980,1.680314
10.772,2.715064,1.862688,1.063026,1.664914
10.782,2.670291,1.823630,1.062030,1.636129
10.792,2.659202,1.768870,1.071115,1.671876
10.802,2.683545,1.786198,1.074360,1.690166
10.812,2.668766,1.748661,1.087562,1.697559
10.822,2.661750,1.749217,1.088841,1.685105
10.832,2.684144,1.738574,1.091337,1.729443
10.842,2.726949,1.772636,1.089255,1.762820
10.852,2.718954,1.762087,1.092772,1.758866
10.862,2.762826,1.771105,1.122489,1.799003
10.872,2.771754,1.748504,1.139118,1.824215
10.882,2.784920,1.799645,1.131313,1.799219
10.892,2.771588,1.785939,1.105547,1.808283
10.902,2.793919,1.761305,1.091155,1.874344
10.912,2.760224,1.725756,1.090984,1.857514
10.922,2.764890,1.747923,1.078351,1.851092
10.932,2.727195,1.719842,1.060915,1.831446
10.942,2.733791,1.704638,1.043788,1.865027
10.952,2.721881,1.708575,1.035360,1.848631
10.962,2.709868,1.697781,1.034716,1.841272
10.972,2.711900,1.713770,1.004733,1.846051
10.982,2.686754,1.685845,0.952431,1.862646
10.992,2.670945,1.669166,0.948875,1.856737
11.002,2.653241,1.639921,0.954268,1.854649
11.012,2.637150,1.658194,0.962737,1.810550
11.022,2.676784,1.670408,0.957291,1.859706
11.032,2.656770,1.621595,0.956864,1.874371
11.042,2.580023,1.658422,0.957178,1.729152
11.052,2.581509,1.642549,0.925315,1.763523
11.062,2.602131,1.692536,0.920775,1.748880
11.072,2.625947,1.686660,0.920913,1.789607
11.082,2.636835,1.713064,0.917791,1.782126
11.092,2.609804,1.714935,0.915712,1.741133
11.102,2.614252,1.719537,0.873457,1.764816
11.112,2.588664,1.694602,0.838196,1.768313
11.122,2.563049,1.662110,0.844459,1.758835
11.132,2.571185,1.669545,0.873587,1.749418
11.142,2.554095,1.667069,0.876786,1.724972
11.152,2.572564,1.674270,0.845684,1.760603
11.162,2.549140,1.636190,0.845667,1.762341
11.172,2.514829,1.641156,0.867177,1.696754
11.182,2.492122,1.635783,0.823973,1.689957
11.192,2.482247,1.616386,0.822553,1.694772
11.202,2.530852,1.600544,0.828592,1.776769
11.212,2.528994,1.602690,0.829370,1.771818
11.222,2.533766,1.607527,0.859232,1.759986
11.232,2.534031,1.593838,0.863375,1.770756
11.242,2.566150,1.595887,0.854303,1.818911
11.252,2.547049,1.611227,0.847907,1.781141
11.262,2.547750,1.614105,0.871226,1.768237
11.272,2.562007,1.642667,0.872464,1.761910
11.282,2.609014,1.643477,0.874703,1.827794
11.292,2.596278,1.640361,0.888954,1.805447
11.302,2.599342,1.665959,0.889331,1.786127
11.312,2.625299,1.666654,0.878121,1.828487
11.322,2.603670,1.632815,0.886501,1.824042
11.332,2.589037,1.643213,0.899806,1.786983
11.342,2.567344,1.615872,0.925682,1.767294
11.352,2.586112,1.633841,0.928076,1.776855
11.362,2.543713,1.596340,0.903470,1.762361
11.372,2.523632,1.601118,0.910183,1.725313
11.382,2.526722,1.595431,0.942539,1.717715
11.392,2.530823,1.603784,0.948994,1.712412
11.402,2.468533,1.573144,0.942257,1.652581
11.412,2.467738,1.589285,0.980036,1.613515
11.422,2.466030,1.574842,1.000993,1.612200
11.432,2.477394,1.590538,1.004934,1.611763
11.442,2.434349,1.569371,0.999674,1.569643
11.452,2.410020,1.581906,1.016601,1.507413
11.462,2.459025,1.643035,1.041769,1.503980
11.472,2.420348,1.625371,1.040027,1.461026
11.482,2.398323,1.626019,1.047600,1.417938
11.492,2.411957,1.632834,1.080823,1.408266
11.502,2.402245,1.642207,1.089439,1.373704
11.512,2.374970,1.618146,1.084830,1.358393
11.522,2.279246,1.586030,1.084645,1.225976
11.532,2.299419,1.596192,1.085786,1.249227
11.542,2.297166,1.578976,1.105157,1.249973
11.552,2.249412,1.576094,1.106719,1.162306
11.562,2.210831,1.508576,1.113420,1.171438
11.572,2.195060,1.501136,1.119021,1.145720
11.582,2.153084,1.483603,1.119119,1.087321
11.592,2.160598,1.482020,1.120642,1.102705
11.602,2.179147,1.452090,1.159423,1.138356
11.612,2.185069,1.451914,1.167467,1.141706
11.622,2.196078,1.456870,1.162135,1.161781
11.632,2.163305,1.442938,1.133880,1.145484
11.642,2.151619,1.432974,1.122596,1.147096
11.652,2.130503,1.386747,1.146709,1.140629
11.662,2.146425,1.412947,1.143895,1.141151
11.672,2.142926,1.421767,1.123000,1.144370
11.682,2.140524,1.429914,1.141580,1.110848
11.692,2.166436,1.447615,1.142063,1.137342
11.702,2.132991,1.450856,1.140313,1.069744
11.712,2.130148,1.450967,1.152945,1.050212
11.722,2.105572,1.424292,1.132807,1.059043
11.732,2.092825,1.402464,1.138036,1.057302
11.742,2.097054,1.405407,1.164469,1.032705
11.752,2.087767,1.391638,1.165797,1.031034
11.762,2.052992,1.345970,1.145380,1.044626
11.772,2.041345,1.331975,1.145314,1.039801
11.782,2.012036,1.333400,1.144483,0.980047
11.792,1.994597,1.326424,1.125773,0.975527
11.802,1.978788,1.288847,1.140393,0.976718
11.812,1.970601,1.290828,1.150174,0.945585
11.822,1.964710,1.288195,1.142617,0.946078
11.832,1.987707,1.312820,1.153757,0.946746
11.842,1.963763,1.311124,1.122460,0.936698
11.852,1.957357,1.299298,1.125873,0.935671
11.862,1.988020,1.334216,1.135618,0.939395
11.872,1.982559,1.337976,1.103165,0.960932
11.882,1.946003,1.297283,1.085806,0.961775
11.892,1.942655,1.292654,1.080216,0.967517
11.902,1.934115,1.290368,1.073921,0.960440
11.912,1.904820,1.275710,1.043685,0.954790
11.922,1.887144,1.265946,1.025799,0.952067
11.932,1.941641,1.302664,1.025142,1.010998
11.942,1.958282,1.302718,1.030080,1.037655
11.952,1.955420,1.303994,1.020789,1.039835
11.962,1.948086,1.240656,1.019606,1.102822
11.972,2.010463,1.278643,1.019141,1.169780
11.982,2.010231,1.274288,1.004851,1.186379
11.992,1.993922,1.261647,0.988098,1.186437
12.002,2.063055,1.239546,0.987291,1.320975
12.012,2.060680,1.242120,0.983070,1.317996
12.022,2.103419,1.258004,0.989622,1.364715
12.032,2.080043,1.238280,0.986731,1.348927
12.042,2.063512,1.216590,0.978704,1.349121
12.052,2.060712,1.203074,0.991085,1.347923
12.062,2.061341,1.208588,0.993083,1.342471
12.072,2.086202,1.220661,0.993372,1.369467
12.082,2.070661,1.188905,0.993365,1.373815
12.092,2.130275,1.206984,1.003247,1.440401
12.102,2.112328,1.201163,0.966277,1.444108
12.112,2.105361,1.199682,0.946817,1.448048
12.122,2.082647,1.198285,0.954244,1.411011
12.132,2.093264,1.194845,0.973801,1.416267
12.142,2.088568,1.201685,0.953845,1.417127
12.152,2.099951,1.224848,0.931860,1.428698
12.162,2.083834,1.187601,0.942620,1.429487
12.172,2.070892,1.184094,0.951531,1.407517
12.182,2.082866,1.171437,0.924818,1.452852
12.192,2.078199,1.157792,0.919343,1.460561
12.202,2.068710,1.154748,0.913480,1.453159
12.212,2.067439,1.172633,0.882650,1.456078
12.222,2.088140,1.168857,0.885773,1.486441
12.232,2.083042,1.167329,0.867065,1.491512
12.242,2.082238,1.166295,0.834641,1.509585
12.252,2.087552,1.175874,0.834745,1.509436
12.262,2.075357,1.176041,0.842007,1.488308
12.272,2.051518,1.161264,0.840121,1.467784
12.282,2.057579,1.165512,0.839775,1.473088
12.292,2.086980,1.168080,0.834593,1.514771
12.302,2.085221,1.174811,0.812284,1.519263
12.312,2.137642,1.205668,0.802512,1.572213
12.322,2.198663,1.208713,0.800873,1.652796
12.332,2.189527,1.201278,0.785665,1.653388
12.342,2.198242,1.199594,0.808410,1.655209
12.352,2.194601,1.206546,0.795729,1.651465
12.362,2.209711,1.176291,0.780927,1.699799
12.372,2.234921,1.171207,0.793683,1.730091
12.382,2.254754,1.188524,0.809639,1.736609
12.392,2.251812,1.182721,0.807783,1.737618
12.402,2.272183,1.201382,0.805101,1.752515
12.412,2.301379,1.224775,0.832768,1.761468
12.422,2.308929,1.219073,0.834922,1.774238
12.432,2.329868,1.204381,0.855713,1.801529
12.442,2.306394,1.203711,0.869212,1.764937
12.452,2.283013,1.170459,0.849956,1.766282
12.462,2.308247,1.191716,0.885889,1.767207
12.472,2.307010,1.144085,0.902361,1.788606
12.482,2.305744,1.157360,0.906055,1.776524
12.492,2.313889,1.161555,0.905811,1.784482
12.502,2.257058,1.168713,0.878452,1.719518
12.512,2.349161,1.188803,0.922218,1.804112
12.522,2.343453,1.166041,0.954263,1.794854
12.532,2.358876,1.172740,0.956758,1.809306
12.542,2.364092,1.166024,0.968583,1.814157
12.552,2.363669,1.179512,0.967105,1.805655
12.562,2.452307,1.175647,1.000627,1.905363
12.572,2.456571,1.161347,1.033523,1.902064
12.582,2.476480,1.161285,1.039798,1.924368
12.592,2.417621,1.139204,1.027066,1.868754
12.602,2.420139,1.138648,1.024229,1.873902
12.612,2.487025,1.159737,1.059098,1.928371
12.622,2.512281,1.155678,1.054288,1.965818
12.632,2.506073,1.155842,1.035491,1.967788
12.642,2.513082,1.155175,1.044376,1.972417
12.652,2.499353,1.134974,1.040118,1.968947
12.662,2.557137,1.144850,1.098018,2.005648
12.672,2.559585,1.133617,1.093687,2.017483
12.682,2.531936,1.132031,1.112120,1.972915
12.692,2.511993,1.123773,1.114499,1.950675
12.702,2.542216,1.127970,1.116804,1.985773
12.712,2.559933,1.134234,1.130810,1.997007
12.722,2.529039,1.142715,1.139029,1.947524
12.732,2.534947,1.135555,1.144671,1.956067
12.742,2.535214,1.157265,1.146572,1.942530
12.752,2.527848,1.133608,1.145725,1.947373
12.762,2.524727,1.134805,1.148627,1.940907
12.772,2.583043,1.152012,1.167852,1.995270
12.782,2.570404,1.138617,1.172319,1.983985
12.792,2.548939,1.135298,1.172306,1.958031
12.802,2.547847,1.139071,1.180476,1.949492
12.812,2.507237,1.084858,1.185725,1.924416
12.822,2.458418,1.089988,1.184909,1.857885
12.832,2.455642,1.088486,1.175242,1.861230
12.842,2.455209,1.068231,1.177313,1.871061
12.852,2.451912,1.046185,1.177502,1.879058
12.862,2.419611,1.049039,1.183060,1.831503
12.872,2.415020,1.075465,1.183231,1.809879
12.882,2.506230,1.068300,1.185870,1.932262
12.892,2.521633,1.097417,1.186109,1.935833
12.902,2.539235,1.173226,1.186017,1.914320
12.912,2.579485,1.160032,1.163963,1.988281
12.922,2.596880,1.212689,1.161566,1.980892
12.932,2.549339,1.165470,1.154545,1.951367
12.942,2.567778,1.166028,1.157787,1.973168
12.952,2.570810,1.179956,1.152357,1.972014
12.962,2.547837,1.183460,1.111319,1.963635
12.972,2.551612,1.187294,1.102360,1.971258
12.982,2.533300,1.171017,1.104286,1.956241
12.992,2.538798,1.204066,1.097014,1.947378
13.002,2.571652,1.200886,1.100303,1.990126
13.012,2.514199,1.246295,1.060345,1.908826
13.022,2.502240,1.254931,1.036038,1.900784
13.032,2.507624,1.265436,1.067356,1.883507
13.042,2.563493,1.315524,1.066667,1.924347
13.052,2.564643,1.313938,1.064613,1.928097
13.062,2.482287,1.362713,1.009225,1.812796
13.072,2.508459,1.392175,0.976267,1.844213
13.082,2.500597,1.385576,0.978976,1.837054
13.092,2.511155,1.396946,0.987323,1.838378
13.102,2.528295,1.415086,0.988165,1.847522
13.112,2.481148,1.403651,0.967378,1.802786
13.122,2.455306,1.418203,0.970976,1.753405
13.132,2.445057,1.416464,0.967297,1.742489
13.142,2.436708,1.431731,0.952199,1.726560
13.152,2.455743,1.430930,0.954270,1.752850
13.162,2.388924,1.450358,0.877855,1.683089
13.172,2.368576,1.450502,0.876147,1.654861
13.182,2.428492,1.466239,0.861604,1.733596
13.192,2.478239,1.456588,0.859139,1.811602
13.202,2.473713,1.469407,0.859232,1.794944
13.212,2.425962,1.446297,0.835392,1.759443
13.222,2.478392,1.450570,0.862011,1.815272
13.232,2.518029,1.454374,0.858483,1.867691
13.242,2.516643,1.454799,0.856874,1.866232
13.252,2.535369,1.478592,0.860740,1.871093
13.262,2.615797,1.486812,0.850552,1.976954
13.272,2.575488,1.482745,0.821936,1.938821
13.282,2.606924,1.505682,0.828622,1.960194
13.292,2.602737,1.517653,0.829159,1.945114
13.302,2.615419,1.540876,0.816695,1.949136
13.312,2.617615,1.542131,0.807017,1.955112
13.322,2.594176,1.542254,0.805295,1.924240
13.332,2.587627,1.534371,0.801469,1.923322
13.342,2.580588,1.529443,0.785312,1.924454
13.352,2.590718,1.549527,0.786955,1.921324
13.362,2.586708,1.548678,0.807390,1.908081
13.372,2.564637,1.543528,0.793861,1.888032
13.382,2.477524,1.543523,0.774508,1.776456
13.392,2.483366,1.524239,0.805515,1.787441
13.402,2.476779,1.451859,0.825162,1.829110
13.412,2.443153,1.486725,0.821515,1.756063
13.422,2.455341,1.499243,0.819720,1.763244
13.432,2.479254,1.539053,0.823198,1.760783
13.442,2.466318,1.536810,0.818613,1.746657
13.452,2.495200,1.535461,0.834820,1.780858
13.462,2.532918,1.604340,0.831606,1.774880
13.472,2.548662,1.648811,0.850876,1.747316
13.482,2.549149,1.642893,0.859701,1.749279
13.492,2.546861,1.639073,0.860149,1.749309
13.502,2.531129,1.669005,0.853312,1.700852
13.512,2.535264,1.653352,0.856585,1.720539
13.522,2.540654,1.637773,0.902485,1.719925
13.532,2.535296,1.645333,0.870418,1.721330
13.542,2.522533,1.647925,0.857914,1.706311
13.552,2.526032,1.646789,0.864959,1.709025
13.562,2.510387,1.608621,0.881733,1.713746
13.572,2.491415,1.622262,0.892562,1.666958
13.582,2.509875,1.664673,0.879436,1.659797
13.592,2.512167,1.674905,0.890735,1.646897
13.602,2.502395,1.663818,0.929377,1.621711
13.612,2.499296,1.668868,0.943814,1.603301
13.622,2.528363,1.714416,0.955768,1.593708
13.632,2.575227,1.787872,0.950294,1.591303
13.642,2.597462,1.799863,0.977659,1.597336
13.652,2.598264,1.808959,1.000314,1.574171
13.662,2.622122,1.833238,1.016278,1.575417
13.672,2.659762,1.896664,1.016679,1.563126
13.682,2.615801,1.900200,1.025744,1.476314
13.692,2.587098,1.900736,1.054687,1.402823
13.702,2.612642,1.923811,1.060137,1.414552
13.712,2.629159,1.955925,1.060120,1.401064
13.722,2.612477,1.957868,1.029099,1.390232
13.732,2.621865,1.950981,1.042839,1.407243
13.742,2.630288,1.949241,1.064873,1.408871
13.752,2.666871,1.975737,1.067917,1.438130
13.762,2.589252,1.975943,1.083610,1.275014
13.772,2.611378,1.993251,1.111177,1.269461
13.782,2.618420,2.031247,1.110221,1.223752
13.792,2.653784,2.055639,1.119312,1.250622
13.802,2.670881,2.040051,1.147726,1.286284
13.812,2.683863,2.049833,1.163775,1.283328
13.822,2.747124,2.109877,1.163780,1.319365
13.832,2.791834,2.139670,1.163335,1.364846
13.842,2.799714,2.129547,1.184117,1.378875
13.852,2.807851,2.127341,1.211701,1.374856
13.862,2.836781,2.169504,1.198839,1.379624
13.872,2.841574,2.167417,1.210457,1.382621
13.882,2.842290,2.158736,1.227306,1.382819
13.892,2.836301,2.150387,1.210575,1.398195
13.902,2.819629,2.151410,1.204122,1.368149
13.912,2.848406,2.188758,1.207113,1.365883
13.922,2.869132,2.217948,1.207410,1.361905
13.932,2.853240,2.195792,1.212816,1.359615
13.942,2.853721,2.197813,1.218451,1.352300
13.952,2.837985,2.197029,1.214206,1.323982
13.962,2.835387,2.190580,1.219307,1.324413
13.972,2.805337,2.155746,1.226580,1.310792
13.982,2.808974,2.155880,1.223502,1.321195
13.992,2.809551,2.152808,1.227589,1.323639
14.002,2.824288,2.168256,1.230307,1.327258
14.012,2.841708,2.173249,1.226383,1.359514
14.022,2.860733,2.174992,1.224109,1.398126
14.032,2.851215,2.155517,1.239437,1.395338
14.042,2.840238,2.160116,1.244739,1.360691
14.052,2.850327,2.188055,1.230970,1.349628
14.062,2.837172,2.182034,1.221465,1.340261
14.072,2.851855,2.171158,1.264071,1.349545
14.082,2.854635,2.174950,1.283028,1.331305
14.092,2.854249,2.179047,1.264030,1.341908
14.102,2.861957,2.179370,1.280692,1.342004
14.112,2.874182,2.186435,1.287946,1.349673
14.122,2.867861,2.175957,1.291646,1.349625
14.132,2.868232,2.168635,1.293710,1.360179
14.142,2.887774,2.163138,1.272145,1.428889
14.152,2.908903,2.165388,1.289284,1.452774
14.162,2.908483,2.155720,1.296834,1.459578
14.172,2.888989,2.133187,1.295705,1.454964
14.182,2.892227,2.125036,1.314754,1.456236
14.192,2.898139,2.133117,1.318632,1.452663
14.202,2.889326,2.127319,1.315776,1.446185
14.212,2.883453,2.095186,1.337636,1.461242
14.222,2.846738,2.086712,1.339597,1.398223
14.232,2.807528,2.087508,1.333835,1.321139
14.242,2.813147,2.103657,1.312486,1.328835
14.252,2.838129,2.157360,1.320403,1.287365
14.262,2.846893,2.164218,1.319794,1.295803
14.272,2.869911,2.181703,1.333121,1.303590
14.282,2.889073,2.183815,1.332302,1.342633
14.292,2.864480,2.161595,1.326694,1.331405
14.302,2.842648,2.163159,1.314755,1.293372
14.312,2.830165,2.150275,1.306464,1.295879
14.322,2.802761,2.110899,1.306569,1.300944
14.332,2.792288,2.135175,1.306890,1.236907
14.342,2.816897,2.162243,1.302891,1.249834
14.352,2.834993,2.152913,1.287328,1.320960
14.362,2.828456,2.138616,1.286433,1.331006
14.372,2.816297,2.129953,1.273234,1.331805
14.382,2.818895,2.141480,1.262875,1.328677
14.392,2.829101,2.142926,1.295062,1.317002
14.402,2.862211,2.155735,1.304207,1.357978
14.412,2.858637,2.151606,1.302633,1.358507
14.422,2.818196,2.085851,1.318389,1.361362
14.432,2.818223,2.086695,1.316735,1.361726
14.442,2.821894,2.090061,1.318939,1.362033
14.452,2.862322,2.081624,1.360264,1.417537
14.462,2.874121,2.074308,1.392306,1.421022
14.472,2.884650,2.093806,1.383905,1.421965
14.482,2.891932,2.111910,1.376358,1.417303
14.492,2.894194,2.102584,1.396248,1.416331
14.502,2.899449,2.063598,1.420027,1.460100
14.512,2.891922,2.074472,1.421454,1.428022
14.520,2.884365,2.092822,1.402236,1.404774
14.532,2.894679,2.116283,1.377369,1.415403
14.540,2.890727,2.102807,1.388130,1.416899
14.551,2.920020,2.084205,1.427568,1.464464
14.561,2.967336,2.116343,1.443665,1.497333
14.571,2.954862,2.124424,1.416208,1.487410
14.581,2.953222,2.109504,1.398897,1.521382
14.591,2.947201,2.095286,1.418529,1.511141
14.601,2.948686,2.102523,1.403822,1.517706
14.611,2.935343,2.099572,1.375216,1.522109
14.621,2.943147,2.097290,1.389687,1.527172
14.631,2.960413,2.102237,1.412893,1.532442
14.641,2.925638,2.102217,1.417297,1.459901
14.651,2.931920,2.106885,1.433269,1.450148
14.661,2.920860,2.087898,1.432796,1.455748
14.671,2.921381,2.070675,1.458014,1.456354
14.681,2.946189,2.115449,1.451289,1.448677
14.691,2.950909,2.145962,1.421107,1.443318
14.701,2.940138,2.124991,1.427231,1.446318
14.711,2.928474,2.124737,1.412995,1.436975
14.721,2.935058,2.127674,1.422866,1.436323
14.732,2.974986,2.168099,1.448399,1.432489
14.741,3.048323,2.267451,1.457554,1.423544
14.751,3.020024,2.209447,1.452212,1.459441
14.761,3.032806,2.200618,1.497663,1.453339
14.771,2.996477,2.158916,1.492320,1.446007
14.781,2.943137,2.110923,1.495884,1.402994
14.791,2.981034,2.149754,1.511764,1.407015
14.801,3.018610,2.209970,1.523577,1.380852
14.811,3.028676,2.234483,1.522404,1.364643
14.821,3.013894,2.210460,1.537743,1.353800
14.831,2.998664,2.175574,1.561958,1.348761
14.841,2.973326,2.158018,1.557052,1.326354
14.851,2.953588,2.169671,1.551671,1.268276
14.861,2.995913,2.210995,1.556183,1.290462
14.871,3.023421,2.234031,1.556279,1.314603
14.881,3.022668,2.223231,1.568513,1.316636
14.891,3.031863,2.229930,1.577161,1.316119
14.901,2.999214,2.216373,1.579500,1.260220
14.911,3.008380,2.199170,1.620231,1.260498
14.921,3.056279,2.262538,1.627267,1.254497
14.931,3.080536,2.300282,1.616725,1.258811
14.941,3.082276,2.293814,1.614733,1.277293
14.951,3.046501,2.293033,1.575265,1.241655
14.961,2.990372,2.256507,1.543108,1.212155
14.971,2.986511,2.252886,1.540536,1.212641
14.981,3.120347,2.411115,1.551628,1.231073
14.991,3.163525,2.460091,1.531058,1.269528
15.001,3.140182,2.455749,1.520423,1.232214
15.011,3.121882,2.433739,1.540143,1.204584
15.021,3.109009,2.417390,1.547318,1.194976
15.031,3.118609,2.421646,1.560929,1.193673
15.041,3.146792,2.461182,1.557732,1.190947
15.051,3.145152,2.502457,1.524979,1.141985
15.061,3.108043,2.494361,1.502059,1.087158
15.071,3.089134,2.478265,1.489479,1.087385
15.081,3.081500,2.464549,1.517359,1.057949
15.091,3.102882,2.484088,1.513820,1.079599
15.101,3.141748,2.504060,1.507466,1.152306
15.111,3.145462,2.520499,1.504381,1.130421
15.121,3.126388,2.507819,1.479994,1.137877
15.131,3.085317,2.466443,1.456912,1.145972
15.141,3.084424,2.463261,1.450268,1.158768
15.151,3.072212,2.452347,1.412070,1.196052
15.161,3.057256,2.456047,1.389699,1.176175
15.171,3.093828,2.506016,1.367242,1.192606
15.181,3.086060,2.505927,1.349808,1.192524
15.191,3.070349,2.484255,1.350777,1.196211
15.201,3.088397,2.484647,1.346154,1.246033
15.211,3.081772,2.485534,1.339823,1.234633
15.221,3.077173,2.483421,1.321358,1.247248
15.231,3.038018,2.451661,1.294213,1.242547
15.241,3.020545,2.405352,1.318818,1.264394
15.251,3.040461,2.428315,1.331159,1.255271
15.261,3.008175,2.425124,1.266592,1.250455
15.271,2.998675,2.424735,1.230221,1.264622
15.281,2.993525,2.421434,1.224298,1.264493
15.291,2.954457,2.380958,1.212101,1.261216
15.301,2.911310,2.329705,1.179452,1.287283
15.311,2.912964,2.320877,1.197976,1.289862
15.321,2.941869,2.366170,1.195025,1.275831
15.331,2.951950,2.389020,1.170311,1.279439
15.341,2.950513,2.383775,1.176338,1.280381
15.351,2.960733,2.382638,1.201288,1.282919
15.361,2.905122,2.333571,1.206673,1.240209
15.371,2.901861,2.296968,1.205479,1.300599
15.381,2.906401,2.296023,1.199380,1.317926
15.391,2.936074,2.342771,1.183083,1.316158
15.401,2.981414,2.406943,1.159405,1.323341
15.411,2.948821,2.390793,1.107797,1.323797
15.421,2.898212,2.326216,1.113688,1.322138
15.431,2.870468,2.285281,1.128249,1.320657
15.441,2.881761,2.294809,1.148913,1.310875
15.451,2.906516,2.335321,1.145737,1.296687
15.461,2.919042,2.351128,1.146267,1.295791
15.471,2.904114,2.329568,1.152374,1.295771
15.481,2.785295,2.155680,1.165015,1.324256
15.491,2.762380,2.120467,1.186868,1.313662
15.501,2.755583,2.127682,1.167170,1.305343
15.511,2.774884,2.155919,1.157041,1.308912
15.521,2.818840,2.207840,1.161751,1.312113
15.531,2.807230,2.186656,1.154100,1.329333
15.541,2.764673,2.136457,1.148624,1.326509
15.551,2.734760,2.091561,1.151177,1.333820
15.561,2.733559,2.079272,1.162032,1.341138
15.571,2.769169,2.106674,1.192658,1.344540
15.581,2.784964,2.121398,1.205895,1.342205
15.591,2.763487,2.116970,1.193864,1.315290
15.601,2.719267,2.090673,1.180643,1.276552
15.611,2.709392,2.067950,1.209630,1.265378
15.621,2.725660,2.091419,1.230307,1.241586
15.631,2.743984,2.098059,1.257523,1.243477
15.641,2.744887,2.107540,1.261567,1.225206
15.651,2.743733,2.126734,1.256717,1.194041
15.662,2.741361,2.109328,1.269671,1.205707
15.671,2.705680,2.046909,1.292139,1.208819
15.681,2.716413,2.012522,1.335815,1.242678
15.691,2.733206,2.014140,1.344331,1.267451
15.701,2.728423,2.032931,1.343115,1.227814
15.711,2.735868,2.036515,1.349718,1.231196
15.721,2.733535,2.036582,1.357700,1.217045
15.731,2.751588,2.030422,1.368454,1.255371
15.741,2.706018,1.971434,1.344085,1.276486
15.751,2.698540,1.954200,1.355563,1.275017
15.761,2.707630,1.967378,1.355065,1.274552
15.771,2.717188,1.986745,1.355269,1.264595
15.781,2.730129,1.987612,1.374185,1.270676
15.791,2.755628,2.001882,1.387707,1.288498
15.801,2.796036,2.011265,1.408235,1.337724
15.811,2.781648,1.992209,1.404875,1.339774
15.821,2.791422,1.998044,1.422851,1.332423
15.831,2.818429,2.033420,1.420416,1.338342
15.841,2.844516,2.035817,1.417949,1.391453
15.851,2.883733,2.035182,1.453984,1.435227
15.861,2.891442,2.036357,1.467177,1.435645
15.871,2.875170,2.043903,1.473859,1.384486
15.881,2.865272,2.058191,1.450410,1.367459
15.891,2.846581,2.039837,1.436121,1.371001
15.901,2.831483,2.015939,1.428605,1.382886
15.911,2.890267,1.999684,1.473151,1.478084
15.921,2.956958,2.028931,1.484473,1.556722
15.931,2.951068,2.028194,1.471084,1.559213
15.941,2.948149,2.038545,1.453393,1.556781
15.951,2.955402,2.051804,1.448842,1.557355
15.961,2.978028,2.045260,1.453928,1.603638
15.971,3.014311,2.045857,1.472663,1.652817
15.981,2.988095,2.057887,1.454385,1.605795
15.991,2.986326,2.069007,1.444339,1.597259
16.001,3.026831,2.123308,1.445079,1.601566
16.011,3.035645,2.104151,1.441425,1.646202
16.021,3.024727,2.049269,1.449775,1.687490
16.031,3.037669,2.051373,1.469711,1.690931
16.041,3.059564,2.066444,1.468071,1.713332
16.051,3.045902,2.059408,1.460116,1.704236
16.061,3.047229,2.065184,1.456010,1.703131
16.071,3.021254,2.036292,1.430428,1.713291
16.081,3.020254,2.048271,1.409240,1.714808
16.091,3.047049,2.080224,1.397568,1.733199
16.101,3.033978,2.077701,1.397820,1.712974
16.111,3.020171,2.070668,1.378863,1.712455
16.121,3.007712,2.029943,1.356026,1.756944
16.131,2.989197,2.014695,1.339118,1.755867
16.141,3.012302,2.026076,1.331913,1.787453
16.151,2.999511,2.012010,1.332114,1.781672
16.161,2.990256,2.009592,1.321860,1.776474
16.171,3.003970,2.023918,1.297021,1.801479
16.181,2.995100,2.037117,1.253606,1.802567
16.191,2.981282,2.026945,1.242835,1.798582
16.201,3.020128,2.021799,1.243348,1.867509
16.211,3.035988,2.043138,1.237124,1.874123
16.221,3.037847,2.053704,1.227242,1.872082
16.231,3.024727,2.053704,1.213483,1.859767
16.241,2.999997,2.059691,1.219545,1.808415
16.251,3.001060,2.074563,1.197288,1.808051
16.261,2.985478,2.061937,1.192505,1.799840
16.271,2.971489,2.044588,1.192494,1.796486
16.281,2.970379,2.047112,1.183734,1.797570
16.291,2.948952,2.031540,1.169293,1.789390
16.301,2.923288,2.034228,1.148166,1.757623
16.311,2.920562,2.051614,1.130173,1.744499
16.321,2.882437,2.018685,1.092682,1.743387
16.331,2.844118,1.959846,1.091374,1.748402
16.341,2.858591,1.958201,1.095835,1.770914
16.351,2.847201,1.979998,1.022627,1.772116
16.361,2.817645,1.977906,0.996039,1.742102
16.371,2.817625,1.984792,0.987383,1.739162
16.381,2.838656,2.008958,0.988715,1.744849
16.391,2.873841,1.983624,1.005214,1.820369
16.401,2.855827,1.942233,1.037593,1.818484
16.411,2.768223,1.946185,0.977201,1.708948
16.421,2.699985,1.917703,0.918944,1.663694
16.431,2.709027,1.914926,0.952063,1.662967
16.441,2.764340,1.963013,1.011071,1.663097
16.451,2.771782,1.962397,1.014942,1.673817
16.461,2.733354,1.957483,1.020976,1.611549
16.471,2.710424,1.952191,1.016969,1.581493
16.481,2.729746,1.940062,1.035478,1.617237
16.491,2.729644,1.920978,1.041904,1.635615
16.501,2.699683,1.865388,1.059140,1.639157
16.511,2.701504,1.910092,1.070439,1.582350
16.521,2.708876,1.972543,1.022073,1.549985
16.531,2.710687,1.950749,1.020069,1.581727
16.541,2.736300,1.961807,1.077235,1.574235
16.551,2.751862,1.956635,1.125135,1.574292
16.561,2.771074,1.958135,1.168975,1.574184
16.571,2.824640,2.030477,1.177019,1.571744
16.581,2.809116,2.012964,1.168889,1.572517
16.591,2.788486,1.977625,1.180505,1.571961
16.601,2.847791,1.976827,1.236659,1.634852
16.611,2.901228,2.006058,1.306024,1.639255
16.621,2.897423,2.022450,1.320930,1.599970
16.631,2.895623,2.024856,1.317177,1.596757
16.641,2.902091,2.043785,1.319729,1.582210
16.651,2.932713,2.048815,1.339284,1.615389
16.661,2.977232,2.051144,1.377482,1.661102
16.671,2.942058,2.045504,1.384004,1.598797
16.680,2.923631,2.032635,1.384105,1.581223
16.690,2.942763,2.061216,1.395015,1.570088
16.700,2.896078,2.046857,1.407849,1.488491
16.710,2.912481,2.044289,1.416269,1.515787
16.720,2.921259,2.063094,1.420672,1.503026
16.730,2.932384,2.078437,1.418051,1.506023
16.740,2.910448,2.056607,1.405630,1.505085
16.750,2.873036,2.007719,1.417916,1.487587
16.760,2.908352,2.016074,1.438639,1.524557
16.770,2.921449,2.026485,1.452924,1.522246
16.781,2.941722,2.059162,1.450070,1.520157
16.791,2.948122,2.089128,1.442536,1.498684
16.801,2.954653,2.070925,1.469371,1.510693
16.811,2.989309,2.064859,1.535696,1.521172
16.821,3.010348,2.069000,1.554063,1.538285
16.831,3.003188,2.064100,1.548338,1.536645
16.841,2.961328,2.074331,1.533430,1.454375
16.851,2.929872,2.059135,1.526165,1.419483
16.861,2.930441,2.064189,1.523670,1.415994
16.871,2.925732,2.056964,1.527864,1.412245
16.881,2.904856,2.022857,1.535469,1.410168
16.891,2.894159,2.008554,1.539674,1.404019
16.901,2.903529,2.009101,1.522180,1.441168
16.911,2.905889,2.010654,1.523630,1.442224
16.921,2.915408,2.025950,1.525495,1.438053
16.931,2.933469,2.074651,1.500581,1.431546
16.941,2.887377,2.010227,1.467777,1.463410
16.951,2.861799,1.953976,1.500045,1.456618
16.961,2.875640,1.949061,1.516964,1.472850
16.971,2.870442,1.949534,1.507800,1.471493
16.981,2.891354,1.984174,1.520297,1.453162
16.992,2.903894,2.007629,1.529774,1.435902
17.001,2.897931,2.002544,1.515925,1.445612
17.011,2.879789,1.981915,1.506422,1.447718
17.021,2.881083,1.950846,1.513510,1.484631
17.031,2.847525,1.960891,1.494180,1.425038
17.041,2.802202,1.927287,1.463560,1.412760
17.051,2.789637,1.921683,1.447735,1.411832
17.061,2.760742,1.898754,1.414875,1.419351
17.071,2.717363,1.832016,1.407781,1.430360
17.081,2.716201,1.824118,1.412145,1.433943
17.091,2.724442,1.858159,1.402466,1.415245
17.101,2.686764,1.889242,1.353707,1.347939
17.111,2.656095,1.855911,1.305506,1.380613
17.121,2.666101,1.854497,1.326072,1.382196
17.131,2.684301,1.854066,1.352621,1.392238
17.141,2.645170,1.811041,1.356630,1.369893
17.151,2.616008,1.814685,1.339501,1.325199
17.161,2.581358,1.835537,1.299000,1.267601
17.171,2.573793,1.832276,1.291190,1.264913
17.181,2.572185,1.809382,1.318831,1.266080
17.191,2.586290,1.806810,1.353279,1.262129
17.201,2.616280,1.850713,1.353327,1.260274
17.211,2.572361,1.829962,1.343737,1.209401
17.221,2.557568,1.809420,1.342471,1.210341
17.231,2.571975,1.819034,1.360015,1.206869
17.241,2.612067,1.812169,1.378203,1.280428
17.251,2.626760,1.811446,1.365517,1.324347
17.261,2.581542,1.797458,1.343697,1.275925
17.271,2.583673,1.812051,1.328306,1.275711
17.281,2.598900,1.841402,1.322115,1.271036
17.291,2.594995,1.834877,1.323015,1.271559
17.301,2.578231,1.836873,1.302822,1.255319
17.311,2.524298,1.816741,1.238574,1.239945
17.321,2.495425,1.790578,1.222376,1.235628
17.331,2.493289,1.793187,1.226131,1.223755
17.341,2.495281,1.791545,1.235617,1.220674
17.351,2.490336,1.768706,1.256373,1.222693
17.361,2.497729,1.762583,1.263493,1.239167
17.371,2.519558,1.777388,1.256771,1.268697
17.381,2.516735,1.783183,1.242626,1.268895
17.391,2.468515,1.777617,1.228074,1.193934
17.401,2.475663,1.758438,1.221047,1.243320
17.411,2.472246,1.755777,1.219267,1.242028
17.421,2.461847,1.737734,1.216386,1.249550
17.431,2.428906,1.681869,1.216975,1.260902
17.441,2.470519,1.731479,1.217232,1.274280
17.451,2.473256,1.736981,1.168345,1.317141
17.461,2.500597,1.754554,1.140632,1.368753
17.471,2.527670,1.787185,1.120522,1.392665
17.481,2.470677,1.743122,1.079051,1.378919
17.491,2.421617,1.696843,1.049462,1.372436
17.501,2.421544,1.698587,1.055592,1.365432
17.511,2.398369,1.670174,1.052202,1.362190
17.521,2.351341,1.638883,1.044151,1.323863
17.531,2.347196,1.633472,1.051969,1.316989
17.541,2.359889,1.659144,1.029109,1.325613
17.551,2.352483,1.662179,1.004810,1.327289
17.561,2.376022,1.687297,1.024226,1.322674
17.571,2.414727,1.741186,1.050157,1.302439
17.581,2.400928,1.714492,1.038241,1.321751
17.591,2.400756,1.681586,1.052286,1.352255
17.601,2.408379,1.649948,1.063825,1.395077
17.611,2.367234,1.651761,1.036990,1.341691
17.621,2.356975,1.661702,0.996822,1.341799
17.631,2.336646,1.654134,0.959089,1.343096
17.641,2.342455,1.657351,0.960520,1.348214
17.651,2.349086,1.655125,0.958090,1.364122
17.661,2.338192,1.634168,0.959059,1.369979
17.671,2.330884,1.617974,0.958365,1.377214
17.681,2.332437,1.632701,0.922833,1.386697
17.691,2.285442,1.612569,0.881655,1.358509
17.701,2.261975,1.567371,0.857445,1.387323
17.711,2.254263,1.558100,0.860524,1.383301
17.721,2.241233,1.548764,0.858930,1.373570
17.731,2.216560,1.532327,0.823307,1.373783
17.741,2.171778,1.573675,0.792832,1.269483
17.751,2.194842,1.571597,0.784176,1.316238
17.761,2.246312,1.619812,0.824132,1.320201
17.771,2.235640,1.607524,0.824582,1.316821
17.781,2.199667,1.528929,0.820836,1.351717
17.791,2.183490,1.495486,0.822070,1.362113
17.801,2.170140,1.492281,0.799920,1.357474
17.811,2.187748,1.528559,0.784517,1.354356
17.821,2.188465,1.532076,0.777191,1.355765
17.831,2.199178,1.535391,0.782990,1.365973
17.841,2.210427,1.553080,0.770858,1.371025
17.851,2.206619,1.564199,0.732860,1.373086
17.861,2.252887,1.552573,0.721221,1.464532
17.871,2.248475,1.557614,0.723291,1.451320
17.881,2.291859,1.619270,0.724799,1.450947
17.891,2.329313,1.660275,0.722180,1.465483
17.901,2.298594,1.657678,0.761636,1.398410
17.912,2.325225,1.679369,0.794623,1.398200
17.921,2.349645,1.695018,0.798128,1.418004
17.932,2.353094,1.691024,0.829087,1.410711
17.941,2.292391,1.634883,0.835428,1.372688
17.951,2.265702,1.631420,0.845237,1.325689
17.961,2.253930,1.647858,0.845807,1.284281
17.971,2.232355,1.634245,0.845168,1.264256
17.981,2.239428,1.631709,0.873564,1.260734
17.991,2.264512,1.636541,0.876871,1.296473
18.001,2.261746,1.639119,0.866824,1.295145
18.012,2.273202,1.658467,0.866347,1.290884
18.021,2.330138,1.682620,0.866289,1.359366
18.031,2.328771,1.677543,0.892468,1.346299
18.041,2.325794,1.679238,0.908668,1.328081
18.051,2.332667,1.685751,0.910317,1.330752
18.061,2.323639,1.696354,0.876211,1.324361
18.071,2.314961,1.651209,0.838198,1.389238
18.081,2.327216,1.647881,0.850131,1.406307
18.091,2.314666,1.636226,0.835254,1.408117
18.101,2.275605,1.645297,0.820137,1.341176
18.111,2.286523,1.661697,0.824698,1.336722
18.121,2.304077,1.643760,0.825598,1.387520
18.131,2.311366,1.634013,0.830152,1.408283
18.141,2.317942,1.637929,0.817842,1.421680
18.151,2.293232,1.637134,0.816997,1.382470
18.161,2.297055,1.638794,0.825877,1.381573
18.171,2.316825,1.638286,0.831011,1.411777
18.181,2.307728,1.633491,0.833873,1.400705
18.191,2.327784,1.656539,0.836610,1.405184
18.201,2.343188,1.675096,0.842573,1.405223
18.211,2.355188,1.677654,0.871765,1.404426
18.221,2.384217,1.706455,0.904910,1.397726
18.231,2.410710,1.723123,0.935477,1.402588
18.241,2.399588,1.708449,0.941281,1.397574
18.251,2.392205,1.721467,0.933067,1.374257
18.261,2.361662,1.680278,0.961945,1.352323
18.271,2.374968,1.688028,0.985195,1.349232
18.281,2.392856,1.713648,0.985211,1.348529
18.291,2.398228,1.745687,0.983744,1.317697
18.301,2.449758,1.764862,0.978775,1.388731
18.311,2.472946,1.734250,1.009727,1.445092
18.321,2.481666,1.731805,1.022969,1.453634
18.331,2.478559,1.734110,1.011293,1.453755
18.341,2.467001,1.725838,1.028550,1.431664
18.351,2.460689,1.721009,1.039763,1.418453
18.361,2.443720,1.723186,1.048811,1.379274
18.371,2.444942,1.721781,1.071613,1.365598
18.381,2.430152,1.716092,1.074920,1.343583
18.391,2.427914,1.695063,1.081515,1.360828
18.401,2.425598,1.694840,1.076879,1.360653
18.411,2.416062,1.669339,1.055856,1.391341
18.422,2.408462,1.662465,1.059492,1.383610
18.431,2.432743,1.701987,1.042006,1.391295
18.441,2.442046,1.735633,1.025428,1.378283
18.451,2.443473,1.727950,1.037707,1.381272
18.461,2.447112,1.706481,1.070905,1.389044
18.471,2.464457,1.712236,1.099000,1.390681
18.481,2.476416,1.737558,1.087963,1.389195
18.491,2.474718,1.746023,1.084586,1.378153
18.501,2.462824,1.736135,1.095711,1.360425
18.511,2.462177,1.703477,1.119849,1.380732
18.521,2.479761,1.734344,1.167862,1.333177
18.531,2.488605,1.767271,1.147450,1.324110
18.541,2.472136,1.740868,1.152733,1.323646
18.551,2.482787,1.744243,1.168819,1.325031
18.561,2.469599,1.717459,1.168827,1.335326
18.571,2.450564,1.709154,1.175293,1.304891
18.581,2.454061,1.711535,1.202745,1.283149
18.591,2.458658,1.727490,1.205621,1.267776
18.601,2.465097,1.722333,1.209321,1.283671
18.611,2.458879,1.708294,1.215660,1.284519
18.621,2.469221,1.706295,1.218050,1.304592
18.631,2.468203,1.706583,1.221657,1.298906
18.641,2.456680,1.705502,1.221031,1.278916
18.651,2.454940,1.692536,1.222064,1.291749
18.661,2.460658,1.692838,1.228769,1.295864
18.671,2.453020,1.711629,1.225664,1.259119
18.681,2.474005,1.729422,1.223407,1.277919
18.691,2.446619,1.690841,1.222991,1.277222
18.701,2.453740,1.713025,1.222022,1.262160
18.711,2.465248,1.754288,1.203493,1.245602
18.721,2.432429,1.720472,1.190715,1.240519
18.731,2.439066,1.728734,1.187136,1.245485
18.741,2.454561,1.741178,1.183069,1.262347
18.751,2.448166,1.737243,1.187170,1.251452
18.761,2.437065,1.737967,1.169257,1.245629
18.771,2.434200,1.740461,1.171613,1.234281
18.781,2.428929,1.731904,1.170519,1.236969
18.791,2.424576,1.694539,1.213009,1.239241
18.801,2.354529,1.676225,1.220392,1.115670
18.811,2.331921,1.679261,1.193109,1.092898
18.821,2.326263,1.701795,1.182100,1.057371
18.831,2.334778,1.708581,1.183740,1.063342
18.841,2.327787,1.698511,1.181264,1.066897
18.851,2.337867,1.695772,1.185260,1.088641
18.861,2.372435,1.744551,1.186729,1.084742
18.871,2.414119,1.791212,1.165724,1.122772
18.881,2.387729,1.756831,1.160203,1.126378
18.891,2.362538,1.746372,1.156801,1.092513
18.901,2.385512,1.789143,1.142900,1.087848
18.911,2.390754,1.799944,1.141156,1.083360
18.921,2.429462,1.803382,1.155134,1.147068
18.931,2.430894,1.786821,1.164890,1.165996
18.941,2.411604,1.762163,1.165751,1.162599
18.952,2.420876,1.797561,1.151147,1.142047
18.961,2.438823,1.840550,1.118717,1.143988
18.971,2.459553,1.835150,1.100670,1.212499
18.981,2.452426,1.809771,1.113187,1.224718
18.991,2.431163,1.797373,1.121544,1.192535
19.001,2.444381,1.820965,1.111431,1.193233
19.011,2.501190,1.918014,1.086222,1.182073
19.021,2.483201,1.918995,1.035123,1.188388
19.031,2.466967,1.891709,1.052031,1.183468
19.041,2.467225,1.892447,1.051710,1.183110
19.051,2.471864,1.903245,1.039574,1.186194
19.061,2.498361,1.935899,1.040976,1.187633
19.071,2.491037,1.952772,1.029136,1.154481
19.081,2.490226,1.966599,1.001915,1.153205
19.091,2.501535,1.946206,1.015304,1.199632
19.101,2.515418,1.959866,1.034432,1.190044
19.111,2.547899,2.007388,1.028200,1.185320
19.121,2.525735,2.030210,1.022856,1.100614
19.131,2.532591,2.045226,1.022301,1.089023
19.141,2.559489,2.051669,1.039122,1.123327
19.151,2.564015,2.052066,1.064474,1.109095
19.161,2.570504,2.067685,1.056396,1.102813
19.171,2.572703,2.069749,1.054504,1.105877
19.181,2.571547,2.086058,1.055617,1.070928
19.192,2.617444,2.150701,1.029453,1.079688
19.201,2.597389,2.127729,1.042473,1.064165
19.211,2.594928,2.094458,1.072301,1.094105
19.221,2.599658,2.102761,1.063192,1.098289
19.231,2.580836,2.085037,1.043355,1.106683
19.241,2.572175,2.092957,1.041350,1.072941
19.251,2.603232,2.136656,1.037695,1.065227
19.261,2.603686,2.136467,1.017473,1.086022
19.271,2.613103,2.112566,0.999445,1.168966
19.282,2.622567,2.115097,1.020260,1.167603
19.292,2.651122,2.172102,0.971478,1.169038
19.301,2.712513,2.250486,0.958929,1.171961
19.312,2.724136,2.260542,0.978274,1.163550
19.321,2.720884,2.238645,1.023016,1.159792
19.331,2.707638,2.214623,1.040528,1.159331
19.341,2.699656,2.218667,1.029550,1.142667
19.351,2.742471,2.265058,1.014201,1.167073
19.361,2.732018,2.257339,1.000223,1.169572
19.371,2.680937,2.202584,1.006123,1.150548
19.382,2.667942,2.186262,1.025027,1.134676
19.392,2.667800,2.182401,1.039215,1.128855
19.402,2.661599,2.166964,1.053995,1.130252
19.411,2.675984,2.187150,1.050412,1.128670
19.422,2.674225,2.207490,1.032706,1.100902
19.431,2.670383,2.212442,1.031136,1.082961
19.442,2.670430,2.206542,1.040728,1.085934
19.451,2.646511,2.175461,1.043399,1.087522
19.461,2.613958,2.132839,1.047201,1.089562
19.471,2.642892,2.175325,1.056269,1.066365
19.482,2.676702,2.235264,1.040764,1.041699
19.492,2.688550,2.247055,1.034958,1.052572
19.501,2.706268,2.223437,1.093523,1.088312
19.512,2.658298,2.137103,1.121084,1.114679
19.522,2.622331,2.093439,1.121815,1.111603
19.531,2.624047,2.109332,1.101797,1.105615
19.541,2.681658,2.189723,1.078242,1.110762
19.551,2.685409,2.196253,1.073133,1.111881
19.562,2.662958,2.159140,1.090364,1.113808
19.571,2.652688,2.139686,1.102851,1.114548
19.582,2.646881,2.132450,1.094688,1.122629
19.592,2.652253,2.164135,1.081327,1.087061
19.602,2.652742,2.177403,1.056293,1.086372
19.612,2.629544,2.145196,1.064410,1.086125
19.621,2.626628,2.125465,1.086684,1.095761
19.631,2.612691,2.109512,1.084655,1.095278
19.642,2.584660,2.097727,1.069965,1.065451
19.651,2.595459,2.113111,1.040353,1.090336
19.661,2.610911,2.132407,1.034546,1.095176
19.672,2.614562,2.141873,1.034908,1.085026
19.682,2.583722,2.104614,1.034389,1.084555
19.692,2.549614,2.050248,1.055156,1.087961
19.701,2.560651,2.065092,1.039292,1.101001
19.712,2.546168,2.078503,1.010751,1.068260
19.722,2.544349,2.083810,1.001588,1.062199
19.731,2.555580,2.088981,1.022167,1.059396
19.741,2.539591,2.049308,1.036665,1.084061
19.751,2.530076,2.026207,1.033819,1.107695
19.762,2.535772,2.047722,1.049248,1.065858
19.771,2.540328,2.072114,1.047677,1.030524
19.781,2.532141,2.070663,1.030281,1.030833
19.791,2.479804,2.012299,1.028064,1.021354
19.802,2.488560,1.963363,1.039091,1.121795
19.811,2.467570,1.963364,1.022550,1.090182
19.822,2.458693,1.965348,0.974581,1.110303
19.832,2.463611,1.963964,0.957008,1.138579
19.842,2.480021,1.970764,0.952608,1.165817
19.851,2.461925,1.961459,0.955531,1.140488
19.861,2.442306,1.929035,0.958094,1.151407
19.872,2.465839,1.946374,0.952092,1.177079
19.882,2.467963,1.950651,0.936197,1.187154
19.892,2.462334,1.950714,0.916849,1.190459
19.901,2.477969,1.938303,0.901473,1.253259
19.912,2.452325,1.909041,0.894777,1.252531
19.922,2.424499,1.873060,0.890320,1.255855
19.932,2.424893,1.877144,0.884898,1.254349
19.941,2.431845,1.898015,0.865094,1.250207
19.952,2.439719,1.901184,0.878035,1.251711
19.962,2.465392,1.922926,0.871408,1.273248
19.972,2.414622,1.872163,0.851883,1.264792
19.982,2.363563,1.807551,0.845553,1.266581
19.992,2.341140,1.794890,0.843951,1.243805
20.002,2.311370,1.822796,0.775485,1.190995
20.012,2.333907,1.864059,0.751632,1.186362
20.022,2.355502,1.863795,0.767117,1.219093
20.032,2.346467,1.840791,0.767585,1.236206
20.042,2.281842,1.751629,0.768518,1.244177
20.052,2.283015,1.762771,0.767596,1.231094
20.061,2.300469,1.794362,0.746121,1.231148
20.072,2.306361,1.809641,0.746378,1.219599
20.082,2.334660,1.843265,0.752539,1.219301
20.092,2.302477,1.808915,0.764496,1.201987
20.101,2.269455,1.765996,0.763727,1.203497
20.112,2.258782,1.750509,0.745424,1.217439
20.122,2.256632,1.781768,0.718382,1.183900
20.132,2.307186,1.850183,0.711094,1.180796
20.142,2.330247,1.845018,0.720683,1.227425
20.152,2.397908,1.903198,0.748464,1.252040
20.162,2.413003,1.912988,0.748412,1.266074
20.172,2.377032,1.881760,0.772141,1.230065
20.182,2.393152,1.898600,0.779085,1.231065
20.192,2.369742,1.895526,0.759166,1.202633
20.202,2.355653,1.879307,0.755347,1.202813
20.212,2.398944,1.869148,0.761648,1.296578
20.222,2.408091,1.866880,0.782037,1.304637
20.232,2.398192,1.859659,0.749634,1.315691
20.242,2.371178,1.865606,0.742496,1.261228
20.252,2.369277,1.839178,0.745915,1.294029
20.262,2.346031,1.821562,0.710928,1.296285
20.272,2.332574,1.807395,0.709591,1.292558
20.282,2.407415,1.877246,0.762977,1.299792
20.292,2.468254,1.934849,0.766915,1.326830
20.302,2.458886,1.898688,0.798406,1.343001
20.312,2.454538,1.887327,0.809671,1.344316
20.322,2.456897,1.884756,0.814288,1.349434
20.332,2.467866,1.893656,0.834216,1.344810
20.342,2.513600,1.954912,0.857763,1.326932
20.352,2.564449,1.963645,0.856358,1.409661
20.362,2.565624,1.964585,0.856620,1.410332
20.372,2.561040,1.943716,0.898378,1.404923
20.382,2.559656,1.936193,0.904515,1.408847
20.392,2.558423,1.942633,0.900330,1.400395
20.402,2.581523,1.986668,0.898919,1.381793
20.412,2.627148,2.019023,0.901675,1.418603
20.422,2.633974,2.019051,0.938348,1.407393
20.432,2.627144,1.990104,0.944239,1.431706
20.442,2.611097,1.970343,0.944264,1.429666
20.452,2.626315,1.966840,0.929268,1.471574
20.462,2.616156,1.971543,0.930454,1.446217
20.472,2.660640,2.030560,0.928147,1.447194
20.482,2.676823,2.056900,0.933915,1.436088
20.492,2.687741,2.057613,0.925137,1.460924
20.502,2.664475,2.034712,0.925542,1.450086
20.512,2.623447,1.994578,0.910325,1.440640
20.522,2.631491,2.009899,0.902110,1.439183
20.532,2.626739,2.033426,0.903547,1.395902
20.542,2.637562,2.063301,0.906391,1.370393
20.552,2.616771,2.043372,0.908292,1.359090
20.562,2.630215,2.015189,0.923522,1.415682
20.572,2.621015,2.000058,0.928443,1.416857
20.582,2.590894,1.965100,0.918590,1.416795
20.592,2.599274,1.970338,0.903562,1.434422
20.602,2.628223,2.001961,0.904672,1.442664
20.612,2.626258,2.036071,0.901303,1.392586
20.622,2.605927,2.007081,0.902955,1.395405
20.632,2.557163,1.952996,0.925409,1.366934
20.642,2.551326,1.955073,0.920840,1.356101
20.652,2.438212,1.869636,0.895099,1.283798
20.662,2.439579,1.864630,0.901877,1.288922
20.672,2.489347,1.938549,0.890876,1.282660
20.682,2.486556,1.919139,0.883748,1.311051
20.692,2.474910,1.911574,0.882575,1.300819
20.702,2.496059,1.916214,0.943449,1.291642
20.712,2.510503,1.944186,0.960702,1.264839
20.722,2.501529,1.935819,0.947617,1.269753
20.732,2.526197,1.964895,0.953450,1.269564
20.742,2.525588,1.962363,0.945132,1.278457
20.752,2.538714,1.966977,0.944902,1.297393
20.762,2.560460,2.015567,0.962870,1.251530
20.772,2.577192,2.018774,0.957348,1.284505
20.782,2.496625,1.937201,0.911801,1.284137
20.792,2.463067,1.889801,0.922317,1.282451
20.802,2.449500,1.891410,0.899134,1.270503
20.812,2.475678,1.919106,0.903105,1.276875
20.822,2.518641,1.964400,0.903897,1.291376
20.832,2.501250,1.954341,0.880993,1.288665
20.842,2.434769,1.880346,0.876273,1.274577
20.852,2.385884,1.837137,0.873133,1.247000
20.862,2.429127,1.888970,0.873094,1.253060
20.872,2.453973,1.918097,0.874096,1.256520
20.882,2.449472,1.916948,0.864490,1.256137
20.892,2.443603,1.912611,0.867966,1.248899
20.902,2.396809,1.851315,0.874988,1.245682
20.912,2.381032,1.836877,0.868653,1.241225
20.922,2.452719,1.920846,0.845856,1.269139
20.932,2.457342,1.948406,0.829212,1.246856
20.942,2.465361,1.948151,0.829801,1.262595
20.952,2.510667,1.950788,0.831257,1.344204
20.962,2.526948,1.915861,0.828875,1.424047
20.972,2.490491,1.868392,0.865420,1.400966
20.982,2.508956,1.872745,0.864552,1.428367
20.992,2.511186,1.879740,0.864199,1.423303
21.002,2.537556,1.890346,0.865451,1.454915
21.012,2.553048,1.906062,0.863132,1.462869
21.022,2.543158,1.889569,0.866332,1.465146
21.032,2.550842,1.903864,0.866994,1.459595
21.042,2.549903,1.905258,0.863211,1.458377
21.052,2.566880,1.892458,0.871280,1.499449
21.062,2.557076,1.907223,0.863317,1.468272
21.072,2.580964,1.945119,0.841262,1.473148
21.082,2.592050,1.946844,0.851128,1.484622
21.092,2.599147,1.961733,0.863445,1.470249
21.102,2.578128,1.932191,0.863496,1.472331
21.112,2.555981,1.898279,0.864839,1.477034
21.122,2.584342,1.922720,0.863079,1.495682
21.132,2.593392,1.935650,0.836799,1.509539
21.142,2.594340,1.933754,0.839643,1.512018
21.152,2.597462,1.946093,0.839275,1.501715
21.162,2.575797,1.923095,0.831449,1.498375
21.172,2.546391,1.872542,0.828025,1.513958
21.182,2.544129,1.895624,0.816901,1.487237
21.192,2.525109,1.895561,0.827221,1.448700
21.202,2.482257,1.882154,0.758754,1.429470
21.212,2.478891,1.879435,0.724525,1.444884
21.222,2.470932,1.890156,0.731053,1.413640
21.232,2.452788,1.870752,0.726368,1.410264
21.242,2.447195,1.878982,0.725129,1.390101
21.252,2.443118,1.876788,0.727532,1.384626
21.262,2.408718,1.838377,0.706936,1.386554
21.272,2.376145,1.826809,0.707572,1.344685
21.282,2.388053,1.839398,0.714676,1.344862
21.292,2.407370,1.857396,0.695347,1.364552
21.302,2.412000,1.858668,0.692071,1.372638
21.312,2.382035,1.826959,0.684530,1.366649
21.322,2.338483,1.787034,0.678608,1.347035
21.332,2.356467,1.805965,0.688437,1.348141
21.342,2.376129,1.821671,0.669416,1.370907
21.352,2.378382,1.825126,0.670411,1.369733
21.362,2.343268,1.769842,0.665513,1.384073
21.372,2.319650,1.762386,0.611138,1.378870
21.382,2.346616,1.796402,0.613815,1.379413
21.392,2.356127,1.811895,0.600948,1.381025
21.402,2.368944,1.831014,0.595942,1.379905
21.412,2.354472,1.818257,0.594637,1.372546
21.422,2.283976,1.740595,0.609813,1.347222
21.432,2.288547,1.748122,0.610072,1.345112
21.442,2.289447,1.768763,0.616160,1.316584
21.452,2.251941,1.771776,0.627926,1.240063
21.462,2.197497,1.770762,0.628065,1.139704
21.472,2.176785,1.750638,0.595955,1.148259
21.482,2.164959,1.756558,0.585012,1.122190
21.492,2.173262,1.768462,0.590603,1.116602
21.502,2.149583,1.761080,0.596921,1.078420
21.512,2.140605,1.743987,0.599177,1.087055
21.522,2.158253,1.759522,0.595961,1.098621
21.532,2.145683,1.744642,0.594700,1.098414
21.542,2.120756,1.718434,0.590876,1.093369
21.552,2.103571,1.724177,0.585301,1.053399
21.562,2.098007,1.708873,0.571341,1.074688
21.572,2.089774,1.698111,0.583019,1.069422
21.582,2.073096,1.704437,0.579251,1.028148
21.592,2.066388,1.684042,0.564451,1.056105
21.602,2.082569,1.714659,0.563888,1.038781
21.612,2.141878,1.715266,0.563451,1.152401
21.622,2.125341,1.702158,0.601414,1.121621
21.632,2.113114,1.698024,0.605701,1.102313
21.642,2.136727,1.700970,0.600089,1.145511
21.652,2.142213,1.702357,0.599405,1.154024
21.662,2.165469,1.727297,0.603240,1.158361
21.672,2.141163,1.709852,0.599153,1.141052
21.682,2.145725,1.694634,0.601492,1.170710
21.692,2.179395,1.704546,0.589002,1.223668
21.702,2.173536,1.696886,0.588254,1.224253
21.712,2.155419,1.683900,0.590293,1.209076
21.722,2.127072,1.689774,0.581923,1.153456
21.732,2.134930,1.664177,0.579885,1.205062
21.742,2.162941,1.685510,0.594931,1.217961
21.752,2.169617,1.700165,0.595928,1.208946
21.762,2.170864,1.696028,0.583871,1.222797
21.772,2.174595,1.700298,0.588389,1.221330
21.782,2.170534,1.680298,0.563451,1.253131
21.792,2.166326,1.661484,0.568035,1.268770
21.802,2.179793,1.683308,0.577906,1.258570
21.812,2.196433,1.710226,0.542929,1.266756
21.822,2.197994,1.710070,0.545335,1.268641
21.832,2.203165,1.689480,0.546269,1.304293
21.842,2.190392,1.670738,0.539828,1.309594
21.852,2.187574,1.664296,0.540908,1.312638
21.862,2.198608,1.689134,0.537175,1.300826
21.872,2.190241,1.678606,0.536878,1.300462
21.882,2.192515,1.641762,0.537714,1.350038
21.892,2.223118,1.645228,0.565847,1.383942
21.902,2.216892,1.635866,0.568395,1.384009
21.912,2.248678,1.641949,0.568184,1.427489
21.922,2.252265,1.644935,0.574373,1.427230
21.932,2.238260,1.611995,0.564700,1.446510
21.942,2.244737,1.598173,0.573795,1.468144
21.952,2.268284,1.634112,0.580802,1.462005
21.962,2.304429,1.650182,0.579593,1.500455
21.972,2.293293,1.637611,0.579860,1.497059
21.982,2.269676,1.586029,0.588725,1.513059
21.992,2.284769,1.572975,0.595108,1.546534
22.002,2.310627,1.611961,0.594701,1.544962
22.012,2.327400,1.643769,0.597328,1.535583
22.022,2.329795,1.628441,0.594772,1.556396
22.032,2.319008,1.599673,0.630905,1.555892
22.042,2.319569,1.587017,0.648549,1.562422
22.052,2.327573,1.596274,0.656644,1.561513
22.062,2.339101,1.617305,0.650203,1.559793
22.072,2.332795,1.594661,0.652268,1.572748
22.082,2.322984,1.585446,0.645918,1.570160
22.092,2.311416,1.581584,0.641843,1.558614
22.102,2.325268,1.588857,0.668912,1.560437
22.112,2.283435,1.613273,0.692393,1.460144
22.122,2.283699,1.590008,0.667495,1.497200
22.132,2.270137,1.575365,0.667418,1.492079
22.142,2.260469,1.572641,0.668161,1.479892
22.152,2.247413,1.566418,0.669043,1.466146
22.162,2.243515,1.540612,0.668457,1.487628
22.172,2.252420,1.553969,0.675539,1.483990
22.182,2.221385,1.539809,0.671801,1.453349
22.192,2.243402,1.545583,0.666698,1.483085
22.202,2.261818,1.559691,0.669305,1.495063
22.212,2.246288,1.538167,0.667454,1.494776
22.222,2.256803,1.525008,0.667024,1.524004
22.232,2.270196,1.571327,0.664095,1.497899
22.242,2.247631,1.540696,0.648899,1.502341
22.252,2.263356,1.527398,0.646500,1.540089
22.262,2.316819,1.562526,0.640873,1.586015
22.272,2.324192,1.567235,0.635143,1.594440
22.282,2.318422,1.580591,0.638207,1.571465
22.292,2.375153,1.633097,0.635160,1.603408
22.302,2.359765,1.615063,0.630751,1.600691
22.312,2.360011,1.598582,0.620664,1.621408
22.322,2.410007,1.641090,0.627445,1.649627
22.332,2.380007,1.656345,0.625054,1.590679
22.342,2.379652,1.655852,0.617700,1.593533
22.352,2.404544,1.676476,0.618137,1.609089
22.362,2.397695,1.666725,0.616547,1.609608
22.372,2.403502,1.653083,0.619755,1.630964
22.382,2.361171,1.670118,0.617070,1.550825
22.392,2.341949,1.663507,0.583475,1.541761
22.402,2.329565,1.655156,0.587064,1.530585
22.412,2.334158,1.640852,0.592056,1.550924
22.422,2.326416,1.636462,0.584823,1.546669
22.432,2.314805,1.663472,0.587351,1.498734
22.442,2.314819,1.672124,0.573184,1.494606
22.452,2.288782,1.635002,0.566040,1.498296
22.462,2.317977,1.619575,0.568710,1.557743
22.472,2.340418,1.631596,0.584623,1.572789
22.482,2.331696,1.645094,0.583313,1.546033
22.492,2.324791,1.650118,0.571322,1.534717
22.502,2.312189,1.625609,0.570263,1.542212
22.512,2.300154,1.601694,0.563815,1.551579
22.522,2.267180,1.601457,0.570672,1.499924
22.532,2.300809,1.619977,0.560025,1.534850
22.542,2.316765,1.641110,0.557272,1.537402
22.552,2.327303,1.630358,0.555921,1.565000
22.562,2.307723,1.612847,0.548741,1.556660
22.572,2.300027,1.625605,0.541544,1.534361
22.582,2.338234,1.641999,0.541626,1.574109
22.592,2.340797,1.640181,0.556026,1.574793
22.602,2.325506,1.607920,0.559746,1.584064
22.612,2.305876,1.589316,0.533350,1.583249
22.622,2.279630,1.598562,0.534857,1.534680
22.632,2.290026,1.615751,0.535313,1.531994
22.642,2.296849,1.622998,0.536676,1.534070
22.652,2.303014,1.616495,0.554754,1.543719
22.662,2.300689,1.609423,0.581469,1.537797
22.672,2.328505,1.615706,0.585580,1.571155
22.682,2.320228,1.623076,0.585706,1.551138
22.692,2.292407,1.607517,0.619903,1.512197
22.702,2.309257,1.594796,0.650127,1.538385
22.712,2.338507,1.611786,0.665916,1.557985
22.722,2.338360,1.628837,0.665960,1.539908
22.732,2.308764,1.611711,0.665849,1.513084
22.742,2.313179,1.613602,0.675685,1.513452
22.752,2.315907,1.620321,0.700503,1.499094
22.762,2.323234,1.607737,0.713735,1.517623
22.772,2.312068,1.596231,0.711745,1.513647
22.782,2.297256,1.599077,0.714590,1.486504
22.792,2.261684,1.552971,0.712139,1.482010
22.802,2.302621,1.557621,0.711381,1.539422
22.812,2.301902,1.545196,0.720823,1.546460
22.822,2.299087,1.529555,0.715473,1.560244
22.832,2.318715,1.533675,0.716264,1.584691
22.842,2.320332,1.539637,0.720869,1.579179
22.852,2.362204,1.538154,0.720813,1.641499
22.862,2.374147,1.531406,0.718794,1.665745
22.872,2.366180,1.531394,0.726331,1.651085
22.882,2.402561,1.537008,0.728909,1.696643
22.892,2.399961,1.535072,0.730260,1.694132
22.902,2.408450,1.533032,0.729336,1.708366
22.912,2.413300,1.538387,0.748668,1.702021
22.922,2.417364,1.529293,0.750152,1.715280
22.932,2.436153,1.500285,0.751679,1.766060
22.942,2.441899,1.488342,0.755111,1.782559
22.952,2.428126,1.489274,0.760167,1.760684
22.962,2.388766,1.488274,0.759232,1.707282
22.972,2.371727,1.493195,0.754663,1.681054
22.982,2.375988,1.506437,0.753636,1.675709
22.992,2.389655,1.500442,0.753235,1.700518
23.002,2.377979,1.485028,0.763028,1.693299
23.012,2.378685,1.473831,0.798374,1.687769
23.022,2.390094,1.478081,0.820236,1.689686
23.032,2.382325,1.464332,0.809656,1.695778
23.042,2.389426,1.455124,0.794584,1.720641
23.052,2.387365,1.468940,0.795697,1.705459
23.062,2.385029,1.459159,0.809801,1.703948
23.072,2.390777,1.441696,0.831818,1.716218
23.082,2.378101,1.439062,0.852878,1.690285
23.092,2.382430,1.444762,0.843162,1.696383
23.102,2.378136,1.450759,0.825871,1.693743
23.112,2.378459,1.443022,0.845335,1.691202
23.122,2.399026,1.440422,0.850445,1.719667
23.132,2.418811,1.445123,0.855510,1.740795
23.142,2.431798,1.448360,0.851748,1.757959
23.152,2.443878,1.455836,0.856041,1.766430
23.162,2.429605,1.442879,0.849621,1.760461
23.172,2.404251,1.417609,0.848403,1.746717
23.182,2.420390,1.421547,0.848409,1.765700
23.192,2.432707,1.447296,0.833492,1.768810
23.202,2.421535,1.473231,0.810574,1.742525
23.212,2.410118,1.462114,0.802512,1.739789
23.222,2.398083,1.431880,0.804573,1.747336
23.232,2.388233,1.406115,0.810186,1.752170
23.242,2.394454,1.422592,0.813646,1.745744
23.252,2.384028,1.435166,0.794607,1.729880
23.262,2.323549,1.403124,0.780703,1.679471
23.272,2.321467,1.401605,0.788028,1.674433
23.282,2.321824,1.388410,0.801415,1.679559
23.292,2.301989,1.396048,0.813630,1.639575
23.302,2.262012,1.399947,0.812020,1.580338
23.312,2.249808,1.398641,0.821914,1.558812
23.322,2.195021,1.359957,0.832948,1.508255
23.332,2.203170,1.346889,0.840394,1.527608
23.342,2.206570,1.356067,0.843585,1.522629
23.352,2.128577,1.328968,0.843341,1.432990
23.362,2.098445,1.315521,0.851580,1.395596
23.372,2.108279,1.328356,0.858301,1.394140
23.382,2.092502,1.320016,0.859311,1.377573
23.392,2.085205,1.310247,0.863017,1.373512
23.402,2.105137,1.331029,0.863143,1.383816
23.412,2.074466,1.330428,0.841688,1.350901
23.422,2.058462,1.324661,0.844530,1.330153
23.432,2.029139,1.331542,0.845069,1.276816
23.442,2.029815,1.348275,0.848004,1.258249
23.452,2.040039,1.364743,0.844418,1.259442
23.462,2.053080,1.364003,0.865022,1.267426
23.472,2.042252,1.348614,0.862680,1.267997
23.482,2.054685,1.326966,0.859014,1.312627
23.492,2.056396,1.333934,0.865549,1.303920
23.502,2.055021,1.331385,0.861415,1.307091
23.512,2.048823,1.334633,0.824530,1.317794
23.519,2.059958,1.364973,0.805398,1.315906
23.532,2.026965,1.373255,0.801725,1.256978
23.539,2.008203,1.350183,0.831524,1.232256
23.551,2.005672,1.327099,0.854363,1.237575
23.561,2.017778,1.327745,0.846135,1.261973
23.571,2.014799,1.341883,0.824936,1.256282
23.581,1.990421,1.337898,0.803470,1.235410
23.591,1.989014,1.330622,0.814357,1.233875
23.601,2.000741,1.313967,0.831498,1.258994
23.611,2.008553,1.317569,0.802635,1.286109
23.621,1.990763,1.321642,0.797757,1.256974
23.631,1.950546,1.302809,0.796643,1.213539
23.641,1.937356,1.291498,0.808672,1.196425
23.651,1.928269,1.281148,0.805202,1.195211
23.661,1.946304,1.280157,0.789008,1.235623
23.671,1.959706,1.288952,0.783510,1.251066
23.681,1.948165,1.276996,0.785180,1.244235
23.691,1.978862,1.246591,0.795869,1.314723
23.701,1.959095,1.212348,0.797523,1.316139
23.711,1.950557,1.211596,0.792705,1.307031
23.721,1.964340,1.234414,0.788999,1.308563
23.731,1.960783,1.228949,0.782218,1.312437
23.741,1.980296,1.207187,0.788348,1.357490
23.751,1.962802,1.171215,0.789805,1.362738
23.761,1.958056,1.165962,0.789884,1.360368
23.771,1.967093,1.170137,0.787486,1.371168
23.781,1.952942,1.159327,0.773993,1.367801
23.791,1.980704,1.136935,0.765405,1.429937
23.801,1.990649,1.141699,0.764836,1.440219
23.811,1.985524,1.145027,0.750027,1.438290
23.821,1.990924,1.142852,0.756068,1.444310
23.831,1.949677,1.132625,0.752532,1.397174
23.841,1.964270,1.121199,0.743703,1.431145
23.851,1.959316,1.113597,0.745680,1.429259
23.861,1.958618,1.115263,0.736011,1.432012
23.871,1.946535,1.100288,0.721738,1.434384
23.881,1.914764,1.100070,0.718774,1.392670
23.891,1.924230,1.117772,0.713524,1.394322
23.901,1.905368,1.090982,0.730910,1.380563
23.911,1.907096,1.086571,0.740211,1.381473
23.921,1.924968,1.090568,0.739631,1.403249
23.931,1.922530,1.105002,0.742198,1.387167
23.941,1.915477,1.102721,0.732973,1.384127
23.951,1.903038,1.072299,0.743839,1.385074
23.961,1.914969,1.075362,0.734368,1.404068
23.971,1.949373,1.078302,0.730703,1.450308
23.981,1.919668,1.071962,0.732854,1.413841
23.991,1.902434,1.052188,0.730431,1.406637
24.001,1.930923,1.052305,0.735809,1.442117
24.011,1.941284,1.070340,0.745736,1.437648
24.021,1.936547,1.058634,0.743046,1.441316
24.031,1.931210,1.037270,0.742988,1.449694
24.041,1.937010,1.042894,0.717101,1.466338
24.051,1.963375,1.049624,0.707409,1.500901
24.061,1.957374,1.059917,0.704513,1.487128
24.071,1.955385,1.053072,0.711000,1.486287
24.081,1.947585,1.035099,0.719622,1.484520
24.091,1.953561,1.043603,0.712792,1.489705
24.101,1.964458,1.062040,0.696128,1.498857
24.111,1.951803,1.067231,0.696003,1.478558
24.121,2.005116,1.053094,0.707162,1.552871
24.131,2.036680,1.049960,0.727375,1.586372
24.141,2.041486,1.061550,0.721062,1.587718
24.151,2.038978,1.076106,0.711656,1.578915
24.161,2.033811,1.105902,0.714261,1.550226
24.171,2.056038,1.102086,0.715972,1.581165
24.181,2.084939,1.108688,0.719659,1.612412
24.191,2.053063,1.134744,0.700512,1.560995
24.201,2.085177,1.134010,0.699224,1.604080
24.211,2.091334,1.125608,0.702018,1.616743
24.221,2.080942,1.114946,0.702649,1.610435
24.231,2.076091,1.133056,0.706163,1.589865
24.241,2.043562,1.141677,0.691836,1.547283
24.251,2.053126,1.135062,0.691334,1.564934
24.261,2.108900,1.142339,0.689661,1.633061
24.271,2.115300,1.157465,0.684965,1.632664
24.281,2.158798,1.172152,0.679188,1.680826
24.291,2.158366,1.162852,0.677642,1.687341
24.301,2.137419,1.138670,0.677121,1.677348
24.311,2.144994,1.154718,0.675192,1.676825
24.321,2.154918,1.189244,0.656102,1.672991
24.331,2.166683,1.187179,0.650145,1.691872
24.341,2.199928,1.187000,0.661294,1.730145
24.351,2.194101,1.184407,0.661634,1.724385
24.361,2.201653,1.203740,0.661682,1.720600
24.371,2.210192,1.215128,0.662117,1.723372
24.381,2.207529,1.196677,0.665031,1.731727
24.391,2.255469,1.172535,0.664382,1.808562
24.401,2.267880,1.187721,0.646383,1.820655
24.411,2.286679,1.222720,0.645878,1.821180
24.421,2.286438,1.231912,0.671069,1.805508
24.431,2.273411,1.203391,0.676243,1.806362
24.441,2.296158,1.188263,0.678419,1.843942
24.451,2.308200,1.209114,0.682483,1.843921
24.461,2.287147,1.207947,0.662648,1.825596
24.471,2.272614,1.201629,0.657361,1.813488
24.481,2.282567,1.231507,0.654930,1.806812
24.491,2.309672,1.255680,0.650647,1.826064
24.501,2.304343,1.255747,0.663715,1.814547
24.511,2.293998,1.242159,0.658241,1.812785
24.521,2.294840,1.227874,0.654114,1.825035
24.531,2.312628,1.254473,0.655778,1.828798
24.541,2.306840,1.256001,0.648225,1.823123
24.551,2.325766,1.250968,0.627184,1.857661
24.561,2.335484,1.261597,0.630028,1.861700
24.571,2.329724,1.261957,0.623858,1.856308
24.581,2.332043,1.259583,0.637006,1.856367
24.591,2.333122,1.254305,0.643686,1.858990
24.601,2.342557,1.239441,0.636405,1.883174
24.611,2.351952,1.246023,0.636052,1.890646
24.621,2.309612,1.254711,0.628665,1.834336
24.631,2.278789,1.246772,0.592862,1.812995
24.641,2.288968,1.259689,0.588900,1.818173
24.651,2.291670,1.267962,0.583792,1.817473
24.661,2.294777,1.235338,0.600186,1.838401
24.671,2.264398,1.229823,0.608632,1.801278
24.681,2.239849,1.231496,0.600813,1.771825
24.691,2.262853,1.258628,0.600509,1.782063
24.701,2.241936,1.268940,0.606991,1.745746
24.711,2.244732,1.265870,0.629512,1.743591
24.721,2.255838,1.270838,0.647860,1.747586
24.731,2.253171,1.268671,0.644475,1.746970
24.741,2.254900,1.265870,0.661366,1.744919
24.751,2.248368,1.266933,0.680064,1.728453
24.761,2.239330,1.251454,0.686992,1.725254
24.771,2.239713,1.257569,0.694245,1.718388
24.781,2.209053,1.282725,0.696158,1.658281
24.791,2.177290,1.290863,0.700220,1.607468
24.801,2.190618,1.291818,0.716645,1.617540
24.811,2.194987,1.286447,0.714491,1.628657
24.821,2.183490,1.262766,0.726765,1.626303
24.831,2.169201,1.271687,0.746861,1.590737
24.841,2.121683,1.263727,0.745978,1.532334
24.851,2.123548,1.266355,0.751968,1.529818
24.861,2.130041,1.276859,0.752402,1.529902
24.871,2.131188,1.279365,0.758957,1.526163
24.881,2.127574,1.277304,0.774951,1.514766
24.891,2.083249,1.285446,0.780315,1.441756
24.901,2.071044,1.277865,0.779759,1.431174
24.911,2.049314,1.246600,0.773950,1.430622
24.921,2.070448,1.243688,0.749608,1.475833
24.931,2.062557,1.244344,0.750092,1.463937
24.941,2.046964,1.266097,0.749466,1.423152
24.951,2.051084,1.266757,0.733867,1.436562
24.961,2.052118,1.272025,0.754539,1.422608
24.971,2.062030,1.282594,0.762008,1.423470
24.981,2.050527,1.258308,0.763708,1.427611
24.991,2.016215,1.236389,0.768267,1.395073
25.001,2.003727,1.241679,0.748650,1.382995
25.011,2.001606,1.240413,0.743929,1.383609
25.021,2.001414,1.254249,0.744366,1.370561
25.031,1.988274,1.255797,0.748848,1.347381
25.041,1.993730,1.249203,0.776011,1.346201
25.051,1.947479,1.257441,0.777524,1.267666
25.061,1.932280,1.250090,0.772889,1.254443
25.071,1.934149,1.245937,0.772085,1.261927
25.081,1.942904,1.259277,0.754418,1.272772
25.091,1.934735,1.258496,0.761921,1.256528
25.101,1.908838,1.286544,0.761042,1.187133
25.111,1.910953,1.296874,0.764638,1.176940
25.121,1.916941,1.285901,0.787811,1.183416
25.131,1.948586,1.295243,0.800767,1.215774
25.141,1.935134,1.285083,0.801847,1.204305
25.151,1.957416,1.288797,0.804889,1.233950
25.161,1.950481,1.299680,0.804037,1.211913
25.171,1.941691,1.303907,0.802863,1.193901
25.181,1.928924,1.312168,0.800489,1.165411
25.191,1.903547,1.292093,0.801552,1.145208
25.201,1.916731,1.277763,0.811243,1.176039
25.211,1.911001,1.288375,0.792041,1.168198
25.221,1.905644,1.290655,0.778634,1.165940
25.231,1.911926,1.287360,0.779311,1.179339
25.241,1.917434,1.293678,0.762158,1.192504
25.251,1.906950,1.291033,0.755967,1.182458
25.261,1.885163,1.321666,0.749636,1.115833
25.271,1.870554,1.307027,0.749698,1.108425
25.281,1.854035,1.274719,0.762300,1.109700
25.291,1.855807,1.276853,0.755076,1.115136
25.301,1.845049,1.282556,0.744051,1.098018
25.311,1.853351,1.298775,0.750395,1.088578
25.321,1.862040,1.295654,0.758809,1.101219
25.331,1.868591,1.297029,0.745407,1.119695
25.341,1.884019,1.326049,0.736324,1.117565
25.351,1.899461,1.331106,0.760585,1.121436
25.362,1.906636,1.296821,0.777061,1.161763
25.371,1.915856,1.287262,0.766043,1.194420
25.381,1.913403,1.300688,0.760738,1.179236
25.391,1.917510,1.301161,0.765297,1.182432
25.401,1.908229,1.295640,0.763045,1.174912
25.411,1.915614,1.306108,0.759790,1.177446
25.421,1.892457,1.324933,0.761069,1.116566
25.431,1.894654,1.326904,0.764505,1.115604
25.441,1.881068,1.296989,0.766635,1.126280
25.451,1.882343,1.300063,0.770271,1.122380
25.461,1.889948,1.319856,0.755379,1.122180
25.471,1.896761,1.305865,0.753407,1.150998
25.481,1.926423,1.319425,0.756353,1.182435
25.491,1.940684,1.338367,0.753175,1.186489
25.501,1.980747,1.360890,0.762930,1.220358
25.511,1.979808,1.359264,0.769238,1.216681
25.521,1.974553,1.343515,0.774767,1.222115
25.531,1.978743,1.353064,0.766658,1.223469
25.541,1.981383,1.367329,0.748567,1.223084
25.551,1.976463,1.357488,0.761798,1.217907
25.561,1.987734,1.355400,0.767976,1.234580
25.571,1.983007,1.354323,0.769133,1.227421
25.581,1.992201,1.349181,0.766777,1.249251
25.591,2.004936,1.349738,0.768113,1.268060
25.601,1.991762,1.330770,0.768672,1.267009
25.611,1.997325,1.327008,0.766550,1.280920
25.621,1.983430,1.327769,0.754605,1.265541
25.631,1.958134,1.330835,0.742379,1.229651
25.641,1.969402,1.347027,0.741656,1.230450
25.651,1.949305,1.339096,0.740473,1.207606
25.662,1.959840,1.326677,0.737720,1.239626
25.671,1.977709,1.337440,0.736962,1.256771
25.681,1.981200,1.335645,0.746182,1.258736
25.691,1.974758,1.319324,0.755872,1.260045
25.701,1.952434,1.319302,0.747661,1.229815
25.711,1.945361,1.320760,0.745321,1.218408
25.721,1.966360,1.340652,0.746720,1.229485
25.731,1.978590,1.328299,0.784145,1.239176
25.741,1.970031,1.321234,0.787597,1.230876
25.751,1.985928,1.330775,0.786787,1.246561
25.761,1.982751,1.324952,0.801707,1.238172
25.771,2.030565,1.320781,0.814463,1.309726
25.781,2.045660,1.331942,0.806000,1.327034
25.791,2.056664,1.334333,0.823337,1.330991
25.801,2.092362,1.331646,0.836598,1.380145
25.811,2.123551,1.305673,0.831332,1.453813
25.821,2.110308,1.307037,0.810885,1.444825
25.831,2.144349,1.327595,0.808545,1.477152
25.841,2.152589,1.299346,0.821077,1.507041
25.851,2.134842,1.288481,0.790890,1.507270
25.861,2.118760,1.300050,0.780842,1.479629
25.871,2.107498,1.313214,0.784180,1.449854
25.881,2.103793,1.299850,0.772241,1.462867
25.891,2.092839,1.305233,0.762622,1.447324
25.901,2.099396,1.317020,0.771400,1.441480
25.911,2.097475,1.298431,0.779654,1.451074
25.921,2.099699,1.272198,0.774130,1.480193
25.931,2.097462,1.284648,0.761983,1.472551
25.941,2.125531,1.311340,0.759022,1.490689
25.951,2.124625,1.292303,0.760308,1.505297
25.961,2.119193,1.280937,0.756265,1.509385
25.971,2.098907,1.301154,0.753828,1.464293
25.981,2.068543,1.287337,0.753015,1.433388
25.991,2.051864,1.264069,0.753600,1.429811
26.001,2.021396,1.255823,0.739116,1.400950
26.011,2.027335,1.261516,0.742719,1.402509
26.021,2.040254,1.248154,0.738236,1.435185
26.031,2.050745,1.214300,0.739237,1.478025
26.041,2.039413,1.210254,0.734044,1.468220
26.051,2.065626,1.216439,0.711305,1.510342
26.061,2.070788,1.205683,0.706257,1.528297
26.071,2.075954,1.215029,0.705326,1.528334
26.081,2.086889,1.234566,0.700221,1.529917
26.091,2.074865,1.234048,0.689477,1.518819
26.101,2.079622,1.240337,0.691290,1.519378
26.111,2.075612,1.251557,0.688175,1.506049
26.121,2.080299,1.263968,0.678570,1.506510
26.131,2.093226,1.251852,0.701680,1.523847
26.141,2.092600,1.233219,0.703625,1.537224
26.151,2.098406,1.228776,0.703552,1.548687
26.161,2.107345,1.245875,0.694443,1.551273
26.171,2.096298,1.228439,0.696091,1.549471
26.181,2.094976,1.228158,0.691241,1.550077
26.191,2.120919,1.258794,0.680776,1.565336
26.201,2.122672,1.258741,0.690163,1.563645
26.211,2.126559,1.255206,0.687910,1.572734
26.221,2.105364,1.235702,0.687600,1.559745
26.231,2.096191,1.252255,0.655132,1.548121
26.241,2.095307,1.244539,0.670390,1.546613
26.251,2.093566,1.255746,0.663643,1.538083
26.261,2.084788,1.249528,0.654988,1.534930
26.271,2.040171,1.251587,0.650965,1.473795
26.281,2.020408,1.231312,0.661070,1.459077
26.291,2.022781,1.256495,0.638951,1.450725
26.301,2.024886,1.274878,0.630731,1.441190
26.311,1.981066,1.272251,0.669307,1.363094
26.321,1.995087,1.296250,0.668660,1.361250
26.331,1.969155,1.290140,0.689563,1.318186
26.341,1.949014,1.299782,0.691223,1.277276
26.351,1.980356,1.298259,0.706272,1.318147
26.361,2.006471,1.319791,0.700417,1.339213
26.371,2.009645,1.321271,0.726758,1.328435
26.381,2.047600,1.322024,0.733856,1.380715
26.391,2.095913,1.302913,0.733828,1.468594
26.401,2.102310,1.318592,0.724242,1.468502
26.411,2.184445,1.356544,0.724889,1.551168
26.421,2.200540,1.356848,0.746835,1.563196
26.431,2.201334,1.356433,0.746874,1.564653
26.441,2.190280,1.355679,0.767382,1.539670
26.451,2.194457,1.379369,0.785525,1.515233
26.461,2.196534,1.367854,0.800280,1.520950
26.471,2.207646,1.385060,0.795572,1.523934
26.481,2.242581,1.387602,0.818692,1.559958
26.491,2.259317,1.384071,0.828122,1.582111
26.501,2.286706,1.369375,0.828497,1.633226
26.511,2.295009,1.386738,0.824456,1.632267
26.521,2.312705,1.393409,0.831811,1.647759
26.531,2.306621,1.398708,0.836243,1.632425
26.541,2.317363,1.408817,0.838933,1.637559
26.551,2.305378,1.422793,0.852184,1.601316
26.561,2.290254,1.427285,0.856575,1.573023
26.571,2.284788,1.417520,0.857096,1.573620
26.581,2.280290,1.438553,0.859363,1.546538
26.591,2.285042,1.442777,0.872458,1.542280
26.601,2.280305,1.434409,0.870277,1.544305
26.611,2.292980,1.419892,0.878029,1.571856
26.621,2.293969,1.419143,0.879863,1.572949
26.631,2.294996,1.419990,0.856774,1.586372
26.641,2.315631,1.422337,0.855552,1.614663
26.651,2.314556,1.432945,0.853772,1.604654
26.661,2.319246,1.448596,0.846099,1.601434
26.671,2.315126,1.449202,0.843011,1.596544
26.681,2.315985,1.446816,0.841343,1.600827
26.691,2.306837,1.449458,0.839461,1.586151
26.701,2.309753,1.458433,0.833546,1.585285
26.711,2.303542,1.454629,0.838252,1.577243
26.721,2.315376,1.459759,0.838974,1.589400
26.731,2.315217,1.456231,0.839467,1.592142
26.741,2.310890,1.457587,0.820082,1.594716
26.751,2.328835,1.440308,0.818761,1.636648
26.761,2.332798,1.450333,0.812339,1.636639
26.771,2.356677,1.479268,0.795631,1.653078
26.781,2.353919,1.476837,0.791601,1.653255
26.791,2.351887,1.473372,0.791739,1.653390
26.801,2.328916,1.475609,0.782355,1.623069
26.811,2.330879,1.490956,0.757617,1.623595
26.821,2.338616,1.466852,0.762991,1.653879
26.831,2.336489,1.458321,0.740314,1.668656
26.841,2.348186,1.476635,0.724282,1.675990
26.851,2.332968,1.492207,0.710682,1.646507
26.861,2.336747,1.465474,0.713907,1.674249
26.871,2.318567,1.453164,0.683672,1.672321
26.881,2.290350,1.483138,0.671895,1.610765
26.891,2.253283,1.501315,0.676846,1.537926
26.901,2.243688,1.480310,0.677863,1.543800
26.911,2.176188,1.477497,0.667633,1.451573
26.921,2.154070,1.487223,0.654483,1.414157
26.931,2.155913,1.478061,0.665803,1.421269
26.941,2.143228,1.453745,0.642339,1.437865
26.951,2.138466,1.459485,0.615848,1.436548
26.961,2.149740,1.497153,0.594542,1.423528
26.971,2.134068,1.472207,0.607183,1.420627
26.981,2.114468,1.465233,0.574987,1.411898
26.991,2.118048,1.483465,0.560019,1.404221
27.001,2.093106,1.495571,0.571574,1.348207
27.011,2.083164,1.480498,0.565163,1.352143
27.021,2.043682,1.474187,0.548893,1.304655
27.031,2.038974,1.489317,0.544580,1.281711
27.041,2.057186,1.518799,0.540130,1.278093
27.051,2.042350,1.502983,0.528401,1.277899
27.061,2.043233,1.505279,0.527496,1.276982
27.071,2.066351,1.502295,0.526395,1.317507
27.081,2.048792,1.483131,0.522878,1.313191
27.091,2.068934,1.501192,0.494507,1.335056
27.101,2.063696,1.491139,0.494135,1.338348
27.111,2.060455,1.509469,0.480656,1.317553
27.121,2.082172,1.538667,0.471427,1.321249
27.131,2.057390,1.541818,0.493828,1.269560
27.141,2.026996,1.531807,0.495140,1.231713
27.151,2.023431,1.510143,0.498211,1.251211
27.161,1.992747,1.504111,0.498638,1.208325
27.171,2.026101,1.545643,0.497538,1.211829
27.181,2.016014,1.537763,0.501499,1.203368
27.191,2.011905,1.515407,0.506308,1.222684
27.201,2.023337,1.526564,0.499208,1.230564
27.211,2.047012,1.544451,0.518151,1.239535
27.221,2.090339,1.534580,0.513224,1.323323
27.231,2.110058,1.521036,0.503346,1.373111
27.241,2.113536,1.526491,0.507063,1.371039
27.251,2.109829,1.552412,0.534771,1.324921
27.261,2.147547,1.572050,0.530934,1.363351
27.271,2.195810,1.549884,0.532029,1.461638
27.281,2.213926,1.564021,0.525729,1.476116
27.291,2.200234,1.541951,0.525290,1.479015
27.301,2.196276,1.536667,0.534187,1.475442
27.311,2.229074,1.552851,0.532010,1.508108
27.321,2.261628,1.563459,0.524006,1.547894
27.331,2.280729,1.550606,0.524346,1.588208
27.341,2.265030,1.536803,0.524214,1.579177
27.351,2.281865,1.571957,0.528278,1.567413
27.361,2.263184,1.584839,0.529376,1.526450
27.371,2.289253,1.582209,0.529134,1.567582
27.381,2.309308,1.565025,0.529939,1.613309
27.391,2.310895,1.559219,0.534178,1.619792
27.401,2.333420,1.593068,0.539606,1.617346
27.411,2.317559,1.575201,0.539971,1.611910
27.421,2.326898,1.578418,0.531105,1.625108
27.431,2.350660,1.601831,0.516172,1.641131
27.441,2.355202,1.619501,0.520835,1.628780
27.451,2.375843,1.597966,0.527916,1.677033
27.461,2.367550,1.567727,0.536382,1.691099
27.471,2.366895,1.569728,0.523546,1.692349
27.481,2.366396,1.582307,0.530842,1.677599
27.491,2.366050,1.595128,0.529385,1.665386
27.501,2.411769,1.587274,0.517223,1.740595
27.511,2.425614,1.593080,0.520190,1.753598
27.521,2.432998,1.622043,0.522321,1.736559
27.531,2.431798,1.618966,0.526627,1.736448
27.541,2.410027,1.578826,0.537662,1.739671
27.551,2.432532,1.577784,0.525757,1.775216
27.561,2.482938,1.571748,0.547574,1.842486
27.571,2.475215,1.578682,0.568834,1.819582
27.581,2.502306,1.608675,0.570683,1.829760
27.591,2.493302,1.595084,0.574197,1.828267
27.601,2.521339,1.608828,0.573306,1.854762
27.611,2.528984,1.595736,0.592606,1.870349
27.621,2.526768,1.581566,0.623850,1.869228
27.631,2.576010,1.598198,0.611865,1.925411
27.641,2.601605,1.597952,0.611264,1.959912
27.651,2.598714,1.605988,0.617021,1.947666
27.661,2.603178,1.611119,0.633855,1.943980
27.671,2.610035,1.608708,0.644548,1.951640
27.681,2.667400,1.601157,0.645758,2.033301
27.691,2.687434,1.607958,0.646736,2.053900
27.701,2.683440,1.600239,0.663140,2.049470
27.711,2.673196,1.594864,0.650692,2.044257
27.721,2.647540,1.612907,0.651915,1.995748
27.731,2.655403,1.612819,0.651290,2.006439
27.741,2.680759,1.624276,0.650779,2.030931
27.751,2.681665,1.630476,0.641659,2.030061
27.761,2.654949,1.605499,0.648130,2.012723
27.771,2.597109,1.603292,0.651440,1.936506
27.781,2.629443,1.596579,0.649382,1.985752
27.791,2.648583,1.611864,0.659807,1.995380
27.801,2.671924,1.618788,0.701193,2.006746
27.811,2.651702,1.592296,0.704218,2.000048
27.821,2.623551,1.582828,0.703544,1.970457
27.831,2.607208,1.602124,0.703434,1.932851
27.841,2.622580,1.626782,0.706209,1.932039
27.851,2.608099,1.598544,0.709091,1.934950
27.861,2.626000,1.584442,0.707419,1.971035
27.871,2.622777,1.602861,0.707940,1.951567
27.881,2.598008,1.609416,0.705423,1.913585
27.891,2.600543,1.622524,0.705132,1.906051
27.901,2.590701,1.608138,0.700385,1.906590
27.911,2.623890,1.599625,0.698869,1.958974
27.921,2.642847,1.600639,0.696073,1.984459
27.931,2.625508,1.598543,0.697260,1.962595
27.941,2.628429,1.594763,0.697549,1.969465
27.951,2.597674,1.589560,0.698848,1.932051
27.961,2.610209,1.594397,0.693749,1.946741
27.971,2.623437,1.598216,0.693276,1.961504
27.981,2.613154,1.593937,0.688880,1.952789
27.991,2.605131,1.580675,0.707225,1.946280
28.001,2.560752,1.580468,0.707825,1.886414
28.011,2.574181,1.586417,0.709479,1.899033
28.021,2.590253,1.584823,0.712150,1.921090
28.031,2.582920,1.571464,0.706869,1.924140
28.041,2.589313,1.574095,0.704463,1.931450
28.051,2.566567,1.574275,0.710136,1.898587
28.061,2.524919,1.596927,0.687337,1.831013
28.071,2.532820,1.603570,0.671202,1.842072
28.081,2.500826,1.563113,0.668286,1.834176
28.091,2.501272,1.562475,0.677760,1.831850
28.101,2.473397,1.549843,0.685215,1.801711
28.111,2.471931,1.576232,0.665835,1.783984
28.121,2.465845,1.574635,0.644451,1.784824
28.131,2.415116,1.555533,0.662011,1.724774
28.141,2.417440,1.557419,0.683430,1.717960
28.151,2.422320,1.544873,0.677584,1.738355
28.161,2.420652,1.537080,0.663392,1.748385
28.171,2.431600,1.526926,0.669450,1.770031
28.181,2.371118,1.536869,0.661067,1.680245
28.191,2.341707,1.528919,0.666759,1.643603
28.201,2.337697,1.519569,0.656896,1.650523
28.211,2.373459,1.516743,0.640131,1.709687
28.221,2.376943,1.511402,0.656940,1.712878
28.231,2.360765,1.518071,0.677345,1.676268
28.241,2.348520,1.498532,0.674117,1.677950
28.251,2.367518,1.463772,0.665801,1.737590
28.261,2.365330,1.467833,0.659507,1.733580
28.271,2.380472,1.505938,0.655907,1.722958
28.281,2.330073,1.501091,0.657215,1.656513
28.291,2.339392,1.493768,0.646378,1.680360
28.301,2.337167,1.487672,0.591412,1.702766
28.311,2.320542,1.486451,0.587050,1.682483
28.321,2.309267,1.501987,0.600114,1.648215
28.331,2.299674,1.483556,0.602161,1.650747
28.341,2.300822,1.452729,0.598992,1.680646
28.351,2.317732,1.468006,0.588618,1.694216
28.361,2.295532,1.480571,0.585456,1.653668
28.371,2.305180,1.465900,0.596140,1.676189
28.381,2.312168,1.449206,0.621336,1.691113
28.391,2.314280,1.441570,0.614578,1.702956
28.401,2.339541,1.441103,0.616372,1.736883
28.411,2.307763,1.456092,0.620746,1.679356
28.422,2.307542,1.449167,0.628797,1.682046
28.431,2.311075,1.428685,0.641995,1.699344
28.441,2.330777,1.455267,0.636033,1.705924
28.451,2.353855,1.472265,0.633370,1.723924
28.461,2.328061,1.464914,0.636197,1.693857
28.471,2.345022,1.450869,0.646983,1.724970
28.481,2.376218,1.445311,0.642008,1.773502
28.491,2.374758,1.449217,0.624586,1.774581
28.501,2.380966,1.464912,0.624978,1.769869
28.511,2.351203,1.455191,0.618174,1.740240
28.521,2.339726,1.425736,0.622164,1.747715
28.531,2.377366,1.447287,0.640320,1.774040
28.541,2.377099,1.454752,0.634782,1.769562
28.551,2.376111,1.463667,0.629919,1.762607
28.561,2.364216,1.442068,0.633272,1.763214
28.571,2.362724,1.421056,0.633866,1.777998
28.581,2.425833,1.427373,0.638918,1.854469
28.591,2.431561,1.446928,0.627293,1.850781
28.601,2.452088,1.457953,0.618394,1.872083
28.611,2.433856,1.403406,0.633448,1.884901
28.621,2.435004,1.395669,0.627351,1.894145
28.631,2.460003,1.408262,0.605012,1.924155
28.642,2.436479,1.418869,0.585274,1.892273
28.651,2.454686,1.425582,0.584718,1.910840
28.661,2.471153,1.402941,0.585355,1.948259
28.671,2.439613,1.402026,0.569859,1.913451
28.681,2.446809,1.414677,0.567703,1.913969
28.691,2.438802,1.413402,0.557300,1.907739
28.701,2.515969,1.413492,0.554655,2.006115
28.711,2.521700,1.400545,0.557273,2.021605
28.721,2.500963,1.386751,0.552783,2.006531
28.731,2.492459,1.401315,0.536708,1.990129
28.741,2.483296,1.426533,0.534788,1.961062
28.751,2.489607,1.426955,0.540051,1.967304
28.761,2.513673,1.430259,0.547268,1.993341
28.771,2.506175,1.411392,0.547379,1.997313
28.781,2.532576,1.420744,0.545424,2.024338
28.791,2.501733,1.404671,0.547747,1.996381
28.801,2.471257,1.394014,0.554174,1.963855
28.811,2.497457,1.407483,0.552190,1.987806
28.821,2.506706,1.429542,0.538572,1.987441
28.831,2.549134,1.432091,0.536329,2.039498
28.841,2.544678,1.418119,0.551750,2.039582
28.851,2.522079,1.397651,0.556769,2.024219
28.861,2.523297,1.399572,0.557339,2.024253
28.871,2.498967,1.407175,0.546463,1.991501
28.881,2.492084,1.406233,0.516652,1.991498
28.891,2.499831,1.384926,0.516204,2.016103
28.901,2.475213,1.385583,0.521215,1.983727
28.912,2.486712,1.403386,0.523852,1.984899
28.921,2.468487,1.397139,0.515302,1.968729
28.931,2.476860,1.393799,0.499659,1.985573
28.941,2.507693,1.356055,0.498867,2.049578
28.951,2.491236,1.348734,0.506107,2.032493
28.961,2.501716,1.367526,0.504038,2.033323
28.971,2.469776,1.380276,0.488472,1.988976
28.981,2.454838,1.377530,0.488010,1.972432
28.991,2.487487,1.382363,0.487418,2.009748
29.002,2.482068,1.375567,0.490658,2.006921
29.011,2.489126,1.366438,0.490783,2.021813
29.021,2.465675,1.364107,0.478096,1.997546
29.031,2.429268,1.340394,0.454604,1.974341
29.041,2.450484,1.355970,0.457332,1.989237
29.051,2.467145,1.385541,0.454946,1.990002
29.061,2.483963,1.407594,0.451860,1.996139
29.072,2.458941,1.404412,0.458312,1.965697
29.082,2.407907,1.386580,0.453873,1.915571
29.091,2.409174,1.374483,0.454362,1.925740
29.101,2.424575,1.411126,0.479300,1.912474
29.111,2.419035,1.418239,0.486982,1.898204
29.122,2.400893,1.404066,0.496206,1.883260
29.132,2.388394,1.414612,0.503640,1.857323
29.141,2.407252,1.445068,0.510557,1.856333
29.151,2.398044,1.447202,0.517156,1.840862
29.162,2.363660,1.446365,0.535021,1.791276
29.171,2.361304,1.420073,0.559603,1.801664
29.182,2.350953,1.402820,0.570532,1.798212
29.192,2.369580,1.423920,0.571683,1.805697
29.202,2.304544,1.449595,0.571304,1.698001
29.211,2.250542,1.446484,0.581925,1.622956
29.221,2.244859,1.439342,0.584305,1.620578
29.232,2.244653,1.437010,0.585432,1.621955
29.242,2.238945,1.433315,0.584737,1.617581
29.252,2.205765,1.435636,0.610664,1.559307
29.261,2.166562,1.401302,0.637122,1.524605
29.272,2.167995,1.380967,0.659907,1.535466
29.282,2.168309,1.386839,0.675253,1.523901
29.292,2.187918,1.408724,0.672912,1.532863
29.302,2.198612,1.408283,0.675040,1.547564
29.312,2.179831,1.384712,0.685056,1.537834
29.322,2.200477,1.348910,0.717597,1.583538
29.332,2.149165,1.347642,0.721515,1.510691
29.342,2.138416,1.359916,0.719468,1.485200
29.352,2.142153,1.363270,0.721816,1.486370
29.362,2.150542,1.344328,0.727537,1.512714
29.372,2.177763,1.340734,0.754089,1.541569
29.382,2.184870,1.354372,0.758083,1.537740
29.392,2.158310,1.360135,0.767348,1.489803
29.402,2.148329,1.339630,0.782950,1.485832
29.412,2.142702,1.304498,0.787521,1.506409
29.422,2.180199,1.304924,0.792322,1.556492
29.432,2.161609,1.317828,0.792426,1.519191
29.442,2.105459,1.340002,0.795370,1.415887
29.452,2.106947,1.336118,0.800480,1.418890
29.462,2.114678,1.314505,0.809876,1.445006
29.472,2.171388,1.307898,0.813902,1.530325
29.482,2.149871,1.311353,0.813517,1.496826
29.492,2.108419,1.297305,0.821053,1.445096
29.502,2.104582,1.290215,0.822218,1.445188
29.512,2.104677,1.290567,0.832149,1.439316
29.522,2.171079,1.306181,0.839049,1.517720
29.532,2.186123,1.308737,0.839343,1.536830
29.542,2.163089,1.288178,0.840878,1.520683
29.552,2.146702,1.245158,0.856439,1.524606
29.562,2.126925,1.216515,0.861818,1.516962
29.572,2.159814,1.230596,0.858216,1.553673
29.582,2.154206,1.260043,0.855466,1.523507
29.592,2.161297,1.257398,0.855465,1.535687
29.602,2.125032,1.201142,0.856463,1.529539
29.612,2.131483,1.201955,0.852438,1.540089
29.622,2.159315,1.216349,0.847709,1.569880
29.632,2.150123,1.210620,0.843544,1.563926
29.642,2.156968,1.162190,0.841868,1.610305
29.652,2.178829,1.150037,0.837542,1.650222
29.662,2.182663,1.165809,0.822676,1.651700
29.672,2.189061,1.205574,0.805740,1.639928
29.682,2.194624,1.209512,0.798129,1.648163
29.692,2.175457,1.174000,0.798401,1.648300
29.702,2.176389,1.141912,0.795809,1.673139
29.712,2.174371,1.142792,0.787727,1.673739
29.722,2.181656,1.166041,0.776841,1.672271
29.732,2.176608,1.164142,0.769168,1.670561
29.742,2.166195,1.137312,0.770867,1.674720
29.752,2.165647,1.144191,0.752904,1.677495
29.762,2.168545,1.159882,0.733440,1.679084
29.772,2.167039,1.188204,0.714423,1.665481
29.782,2.145352,1.170830,0.724276,1.645331
29.792,2.124390,1.145104,0.734077,1.631840
29.802,2.116558,1.139802,0.729645,1.627357
29.812,2.120382,1.179492,0.726519,1.605300
29.822,2.104106,1.217010,0.695575,1.569179
29.832,2.106727,1.209284,0.706552,1.573759
29.842,2.097652,1.194124,0.719688,1.567246
29.852,2.107249,1.174478,0.725292,1.592185
29.862,2.095661,1.192330,0.720454,1.565596
29.872,2.072564,1.202889,0.693920,1.538523
29.882,2.057543,1.188845,0.692022,1.530109
29.892,2.058567,1.188749,0.689684,1.532615
29.902,2.094813,1.202374,0.684155,1.573044
29.912,2.087965,1.216614,0.675022,1.556853
29.922,2.032452,1.215861,0.669924,1.484501
29.932,2.018739,1.197518,0.671907,1.479798
29.942,2.003156,1.169935,0.676015,1.478814
29.952,2.021557,1.173893,0.669790,1.503346
29.962,2.017654,1.188269,0.657494,1.492196
29.972,1.952387,1.179640,0.655746,1.410767
29.982,1.957567,1.172379,0.673109,1.415811
29.992,1.961402,1.171093,0.676600,1.420511
30.002,1.970248,1.181970,0.672940,1.425474
30.012,1.963321,1.179407,0.660865,1.423687
30.022,1.916510,1.174274,0.664273,1.361188
30.032,1.904487,1.181348,0.669430,1.335421
30.042,1.947584,1.171184,0.680891,1.399214
30.052,2.007729,1.194571,0.673389,1.466467
30.062,2.018064,1.202355,0.671393,1.475181
30.072,1.991051,1.188572,0.696492,1.437525
30.082,1.986736,1.155877,0.725586,1.443812
30.092,1.966806,1.147864,0.732404,1.419267
30.102,1.994516,1.166598,0.715433,1.450964
30.112,1.993916,1.174970,0.715738,1.443214
30.122,1.972211,1.164415,0.723218,1.417995
30.132,1.976226,1.140296,0.729573,1.439763
30.142,1.957468,1.159518,0.731929,1.396954
30.152,1.928286,1.194791,0.733361,1.323987
30.162,1.939066,1.180858,0.783957,1.323239
30.172,1.928038,1.139479,0.809565,1.327977
30.182,1.930546,1.129002,0.817518,1.335674
30.192,1.944204,1.137770,0.817610,1.347934
30.202,1.937236,1.170266,0.818153,1.309193
30.212,1.943256,1.175268,0.830121,1.306096
30.222,1.932438,1.150214,0.843726,1.303629
30.232,1.930044,1.130762,0.855584,1.309359
30.242,1.931027,1.142233,0.855760,1.300710
30.252,1.928364,1.164692,0.850115,1.280385
30.262,1.923748,1.153922,0.864626,1.273456
30.272,1.911199,1.125125,0.875395,1.272973
30.282,1.908289,1.122870,0.859499,1.281402
30.292,1.917789,1.144468,0.851587,1.281759
30.302,1.934519,1.184693,0.850446,1.271066
30.312,1.913776,1.150969,0.851166,1.270167
30.322,1.897526,1.108218,0.863087,1.275751
30.332,1.907922,1.112958,0.858321,1.290262
30.342,1.910469,1.124190,0.838014,1.297621
30.352,1.908171,1.153629,0.833037,1.271341
30.362,1.907946,1.149149,0.838532,1.271448
30.372,1.907315,1.125501,0.841132,1.289805
30.382,1.927870,1.128448,0.840974,1.317593
30.392,1.928048,1.140957,0.832859,1.312224
30.402,1.903161,1.156076,0.823042,1.268113
30.412,1.903676,1.150385,0.846892,1.258322
30.422,1.931508,1.149343,0.847431,1.300613
30.432,1.976938,1.158867,0.844098,1.361179
30.442,1.981710,1.167816,0.841585,1.362026
30.452,1.973840,1.169850,0.853487,1.341288
30.462,1.978889,1.157192,0.866533,1.351306
30.472,2.022735,1.182446,0.872112,1.390216
30.482,2.056474,1.215046,0.860365,1.418633
30.492,2.043993,1.205365,0.849927,1.415141
30.502,2.053745,1.185121,0.872469,1.432535
30.512,2.063948,1.184898,0.899020,1.430965
30.522,2.050670,1.193937,0.890522,1.409515
30.532,2.074183,1.209190,0.887923,1.432371
30.542,2.021461,1.218233,0.877477,1.353605
30.552,1.979550,1.197679,0.901099,1.293137
30.562,1.978909,1.188435,0.910207,1.294305
30.572,1.998769,1.232965,0.894835,1.293887
30.582,2.011713,1.274250,0.873046,1.288823
30.592,2.005724,1.269706,0.882613,1.277407
30.602,1.981970,1.250064,0.903103,1.244970
30.612,1.970400,1.239391,0.893445,1.244244
30.622,1.984649,1.269024,0.888038,1.240886
30.632,1.994061,1.304982,0.884144,1.221307
30.642,1.978337,1.291007,0.889187,1.206840
30.652,1.974270,1.260484,0.920276,1.209138
30.662,1.968897,1.271994,0.879159,1.218880
30.672,1.970653,1.290551,0.855719,1.218891
30.682,1.986978,1.310319,0.856182,1.223968
30.692,1.992914,1.302908,0.885011,1.221021
30.702,1.978123,1.272971,0.891682,1.223692
30.712,1.991853,1.273287,0.880799,1.253161
30.722,2.005354,1.304263,0.866886,1.252538
30.732,2.044623,1.334992,0.856622,1.290147
30.742,2.054038,1.325365,0.871493,1.304982
30.752,2.054927,1.316721,0.881968,1.308090
30.762,2.056378,1.323448,0.861804,1.316992
30.772,2.062365,1.332062,0.864934,1.315618
30.782,2.126449,1.340816,0.879978,1.396293
30.792,2.170165,1.321623,0.889876,1.473449
30.802,2.157880,1.299329,0.891147,1.474466
30.812,2.168863,1.324103,0.882747,1.473593
30.822,2.165877,1.340156,0.874860,1.459324
30.832,2.188382,1.336003,0.887075,1.489029
30.842,2.218742,1.337554,0.925128,1.509273
30.852,2.211383,1.328594,0.922157,1.508205
30.862,2.209551,1.328536,0.918440,1.507838
30.872,2.205668,1.337507,0.922568,1.491615
30.882,2.222182,1.333561,0.946438,1.504648
30.892,2.244979,1.322324,0.947632,1.547057
30.902,2.241051,1.316655,0.944409,1.548168
30.912,2.248352,1.335749,0.919384,1.557432
30.922,2.233733,1.332437,0.949746,1.520578
30.932,2.215200,1.325378,0.954681,1.496352
30.942,2.259611,1.325150,0.952038,1.563152
30.952,2.265741,1.336382,0.946077,1.566080
30.962,2.260264,1.361462,0.939891,1.540071
30.972,2.225698,1.343053,0.940204,1.505310
30.982,2.245531,1.321457,0.953020,1.545288
30.992,2.294569,1.322643,0.952353,1.615142
31.002,2.281687,1.334118,0.933815,1.598191
31.012,2.289380,1.365290,0.916178,1.593068
31.022,2.297974,1.357657,0.939903,1.598135
31.032,2.273199,1.335258,0.941801,1.580358
31.042,2.295774,1.342824,0.935316,1.610151
31.052,2.298027,1.372591,0.912203,1.601501
31.062,2.303876,1.384575,0.908076,1.601936
31.072,2.285032,1.342130,0.918136,1.605331
31.082,2.278582,1.329022,0.919004,1.606570
31.092,2.277176,1.341823,0.901062,1.604099
31.102,2.289999,1.348684,0.922024,1.604686
31.112,2.298035,1.344017,0.933346,1.613520
31.122,2.293898,1.320605,0.931743,1.627827
31.132,2.301268,1.336200,0.930390,1.626277
31.142,2.308405,1.350149,0.920611,1.630431
31.152,2.299874,1.346760,0.904716,1.630075
31.162,2.297838,1.342561,0.922521,1.620662
31.172,2.297488,1.342548,0.923732,1.619486
31.182,2.292242,1.354715,0.928324,1.599167
31.192,2.310727,1.362291,0.905076,1.632318
31.202,2.365872,1.361471,0.904774,1.710301
31.212,2.347956,1.355954,0.903570,1.690517
31.222,2.345295,1.346787,0.911863,1.689697
31.232,2.324233,1.346557,0.920871,1.655548
31.242,2.344950,1.345752,0.923789,1.683554
31.252,2.391864,1.340685,0.926759,1.750627
31.262,2.403051,1.335120,0.924230,1.771414
31.272,2.404199,1.333348,0.929396,1.771603
31.282,2.354004,1.334090,0.931828,1.700951
31.292,2.326471,1.333850,0.930683,1.663473
31.302,2.381755,1.330961,0.929299,1.742900
31.312,2.385813,1.316814,0.929597,1.758965
31.322,2.381322,1.311535,0.933630,1.754681
31.332,2.344554,1.311861,0.916992,1.713207
31.342,2.317215,1.305514,0.884894,1.697669
31.352,2.322396,1.315072,0.884623,1.697512
31.362,2.327657,1.304910,0.910329,1.698970
31.372,2.326464,1.296546,0.921650,1.697636
31.382,2.301663,1.296525,0.895383,1.677785
31.392,2.280722,1.307049,0.894493,1.641098
31.402,2.320470,1.327361,0.895276,1.679635
31.412,2.316316,1.304213,0.908378,1.684992
31.422,2.318199,1.310447,0.887103,1.694055
31.432,2.314215,1.321874,0.883375,1.681633
31.442,2.278637,1.323749,0.889900,1.627254
31.452,2.305798,1.327231,0.893729,1.660244
31.462,2.303337,1.297390,0.892094,1.681162
31.472,2.307772,1.303530,0.888578,1.684355
31.482,2.268304,1.318530,0.880818,1.621986
31.492,2.236789,1.337450,0.884160,1.559716
31.502,2.312623,1.330670,0.902858,1.662045
31.512,2.328230,1.306047,0.907001,1.700661
31.522,2.318221,1.308208,0.884504,1.697172
31.532,2.326158,1.319928,0.892880,1.694569
31.542,2.305262,1.312360,0.902822,1.666390
31.552,2.319772,1.281252,0.911764,1.705410
31.562,2.334275,1.292502,0.900550,1.722581
31.572,2.349369,1.312167,0.888844,1.734274
31.582,2.353451,1.292079,0.912316,1.742682
31.592,2.367677,1.278985,0.938911,1.757423
31.602,2.351467,1.276286,0.911606,1.751989
31.612,2.356338,1.288981,0.904457,1.752945
31.622,2.356258,1.294161,0.912358,1.744907
31.632,2.349882,1.244217,0.916270,1.770402
31.642,2.385626,1.236075,0.918149,1.822178
31.652,2.400380,1.245643,0.907629,1.840219
31.662,2.398159,1.237351,0.898411,1.847428
31.672,2.395730,1.217674,0.898558,1.857253
31.682,2.379298,1.194216,0.885388,1.857685
31.692,2.341401,1.195337,0.881573,1.810015
31.702,2.280939,1.198219,0.873147,1.733369
31.712,2.295748,1.205034,0.877120,1.746142
31.722,2.315843,1.215849,0.872186,1.767521
31.732,2.319224,1.186029,0.866900,1.794608
31.742,2.291300,1.186658,0.865141,1.758814
31.752,2.238125,1.172092,0.859098,1.702162
31.762,2.229973,1.173622,0.860300,1.689755
31.772,2.231695,1.178474,0.847683,1.695020
31.782,2.238940,1.179573,0.832365,1.711324
31.792,2.264974,1.180653,0.836921,1.742334
31.802,2.262396,1.173622,0.839293,1.742594
31.812,2.247936,1.156239,0.845345,1.732548
31.822,2.255806,1.162875,0.851585,1.735277
31.832,2.281303,1.202699,0.855422,1.739572
31.842,2.323702,1.192369,0.860013,1.799507
31.852,2.333579,1.196218,0.860438,1.809502
31.862,2.355814,1.213425,0.875322,1.819690
31.872,2.366824,1.213353,0.863754,1.839446
31.882,2.353609,1.213361,0.863039,1.822744
31.892,2.352610,1.209411,0.865633,1.822849
31.902,2.329723,1.207481,0.873792,1.790555
31.912,2.341776,1.220471,0.890065,1.789455
31.922,2.330581,1.213504,0.884779,1.782184
31.932,2.328244,1.203980,0.884529,1.785711
31.942,2.328430,1.201364,0.886314,1.786829
31.952,2.313527,1.207226,0.883086,1.764985
31.962,2.307226,1.207812,0.896448,1.749532
31.972,2.301598,1.195790,0.895005,1.751115
31.982,2.289036,1.180376,0.890663,1.747318
31.992,2.296581,1.190605,0.890068,1.750578
32.002,2.252484,1.212196,0.884738,1.679734
32.012,2.206369,1.200724,0.875883,1.630692
32.022,2.212500,1.209810,0.879882,1.630131
32.032,2.213434,1.208053,0.872844,1.636473
32.042,2.213601,1.220185,0.869124,1.629663
32.052,2.237290,1.227772,0.863942,1.658809
32.062,2.246171,1.204228,0.867900,1.685785
32.072,2.247658,1.201639,0.880557,1.683047
32.082,2.252526,1.221695,0.878324,1.676270
32.092,2.241210,1.240378,0.854664,1.659529
32.102,2.256156,1.243902,0.852354,1.678226
32.112,2.256369,1.257410,0.847550,1.670862
32.122,2.262790,1.266767,0.860121,1.666047
32.132,2.276622,1.267324,0.858870,1.685005
32.142,2.260165,1.256216,0.862528,1.669225
32.152,2.246874,1.253994,0.860631,1.653861
32.162,2.258864,1.277261,0.869181,1.647906
32.172,2.267417,1.294782,0.886023,1.636974
32.182,2.299693,1.293837,0.892378,1.678761
32.192,2.337207,1.307354,0.890489,1.720578
32.202,2.350197,1.320197,0.905004,1.720894
32.212,2.361030,1.322631,0.923169,1.724201
32.222,2.359605,1.289885,0.934096,1.741091
32.232,2.350039,1.296658,0.928774,1.725903
32.242,2.371156,1.337048,0.911262,1.733287
32.252,2.366327,1.346331,0.914985,1.717469
32.262,2.370698,1.343561,0.932319,1.716343
32.272,2.381845,1.349023,0.926161,1.730765
32.282,2.390885,1.360711,0.948865,1.721758
32.292,2.357067,1.360649,0.938952,1.680110
32.302,2.305766,1.355020,0.939929,1.611525
32.312,2.311420,1.368977,0.940122,1.607711
32.322,2.339778,1.387879,0.928442,1.639008
32.332,2.330099,1.362787,0.935808,1.642083
32.342,2.304201,1.372619,0.927526,1.601548
32.352,2.311624,1.356759,0.929600,1.624394
32.362,2.288767,1.351795,0.896359,1.614820
32.372,2.277779,1.359690,0.896887,1.592204
32.382,2.288020,1.359728,0.907961,1.600557
32.392,2.306896,1.361316,0.929338,1.613976
32.402,2.308972,1.346199,0.919468,1.635140
32.412,2.289140,1.339998,0.893153,1.626912
32.422,2.320090,1.343743,0.899634,1.663680
32.432,2.357713,1.340593,0.907529,1.714063
32.442,2.343445,1.335499,0.897911,1.703506
32.452,2.327562,1.326130,0.900137,1.687802
32.462,2.322208,1.332548,0.883613,1.684100
32.472,2.324753,1.336683,0.885903,1.683131
32.482,2.354279,1.359437,0.885563,1.705972
32.492,2.343560,1.329209,0.888977,1.713242
32.502,2.314069,1.304613,0.888885,1.691976
32.512,2.315212,1.304658,0.883091,1.696533
32.519,2.309686,1.297969,0.878676,1.696424
32.532,2.321702,1.316870,0.876780,1.699238
32.539,2.337808,1.301760,0.891361,1.725180
32.551,2.291647,1.300683,0.899822,1.658370
32.561,2.260498,1.318133,0.895526,1.603250
32.571,2.250784,1.305169,0.892601,1.601820
32.581,2.236547,1.284554,0.868687,1.611660
32.591,2.271105,1.270521,0.864291,1.672332
32.601,2.264243,1.288573,0.859548,1.651531
32.611,2.299939,1.295997,0.871742,1.688247
32.621,2.283941,1.272560,0.864844,1.687904
32.631,2.270896,1.309716,0.860536,1.643499
32.641,2.257795,1.330555,0.862870,1.607083
32.651,2.268106,1.326534,0.898522,1.605389
32.661,2.270450,1.302528,0.887204,1.634391
32.671,2.322135,1.287289,0.869775,1.725888
32.681,2.305645,1.308320,0.863860,1.690574
32.691,2.292443,1.311345,0.865886,1.669105
32.701,2.296019,1.296629,0.860517,1.688185
32.711,2.280842,1.304046,0.840160,1.672075
32.721,2.261581,1.328119,0.826651,1.633248
32.731,2.256445,1.316464,0.843142,1.627138
32.741,2.233153,1.276834,0.848206,1.623950
32.751,2.235749,1.273232,0.837748,1.635735
32.761,2.231208,1.295541,0.817537,1.622189
32.771,2.255076,1.288755,0.820386,1.658748
32.781,2.248552,1.268582,0.793689,1.678315
32.791,2.246581,1.287016,0.789007,1.663786
32.801,2.242131,1.304721,0.789281,1.643743
32.811,2.245519,1.296839,0.797223,1.650757
32.821,2.204235,1.261018,0.800830,1.620851
32.831,2.224046,1.280757,0.786577,1.639310
32.841,2.217175,1.294526,0.804186,1.610389
32.851,2.191634,1.278543,0.812878,1.583608
32.861,2.201816,1.284082,0.813984,1.592657
32.871,2.213616,1.310178,0.802743,1.593466
32.881,2.248721,1.340240,0.799895,1.618849
32.891,2.236604,1.323825,0.809184,1.610933
32.901,2.213342,1.294199,0.812027,1.601419
32.911,2.255611,1.287753,0.813000,1.663883
32.921,2.227625,1.291880,0.798365,1.629715
32.931,2.198464,1.321271,0.790210,1.569412
32.941,2.197986,1.321966,0.789467,1.568531
32.951,2.202820,1.311758,0.789887,1.583599
32.961,2.258596,1.333710,0.790718,1.642327
32.971,2.264467,1.339630,0.788536,1.646636
32.981,2.242249,1.311217,0.790940,1.637927
32.991,2.230619,1.306387,0.787823,1.627375
33.001,2.229025,1.312105,0.769423,1.629393
33.011,2.254004,1.328773,0.769340,1.650155
33.021,2.263495,1.341740,0.774664,1.650164
33.031,2.253812,1.310421,0.771287,1.663605
33.041,2.248161,1.312457,0.751059,1.663610
33.051,2.262679,1.344282,0.730229,1.667150
33.061,2.288842,1.353651,0.730593,1.694892
33.071,2.296872,1.353929,0.725575,1.707642
33.081,2.305381,1.351396,0.731783,1.718431
33.091,2.287451,1.348347,0.729464,1.697726
33.101,2.297596,1.328397,0.726088,1.728324
33.111,2.266063,1.309969,0.720644,1.702849
33.121,2.289046,1.340399,0.731760,1.705166
33.131,2.268718,1.306508,0.731163,1.704559
33.141,2.258712,1.286162,0.718229,1.712225
33.151,2.273014,1.313278,0.676923,1.727330
33.161,2.275721,1.361978,0.663260,1.698237
33.171,2.221475,1.366964,0.681569,1.613017
33.181,2.214442,1.341245,0.694950,1.619216
33.191,2.208828,1.317083,0.696285,1.630768
33.201,2.258929,1.319915,0.689457,1.698596
33.211,2.275892,1.316901,0.704972,1.717111
33.221,2.289591,1.315823,0.748142,1.717883
33.231,2.284654,1.324695,0.738388,1.708687
33.241,2.279150,1.321918,0.729704,1.707216
33.251,2.278505,1.321701,0.729269,1.706710
33.261,2.304905,1.339333,0.732695,1.726828
33.271,2.272414,1.357767,0.742322,1.664119
33.281,2.266179,1.370147,0.743966,1.644622
33.291,2.255175,1.352063,0.746084,1.643501
33.301,2.285750,1.338248,0.758841,1.690534
33.311,2.305715,1.351265,0.742520,1.714371
33.321,2.327853,1.370711,0.770586,1.716464
33.331,2.311350,1.359438,0.795377,1.691639
33.341,2.311927,1.342506,0.786891,1.709820
33.351,2.332039,1.342441,0.776012,1.741856
33.361,2.345102,1.346563,0.771445,1.758165
33.371,2.345807,1.345204,0.778464,1.757052
33.381,2.320290,1.348615,0.771413,1.723342
33.391,2.311052,1.357913,0.737374,1.718521
33.401,2.346642,1.358193,0.747766,1.761502
33.411,2.324570,1.385140,0.755378,1.707166
33.421,2.333693,1.405433,0.755975,1.702757
33.431,2.325500,1.394088,0.760045,1.699058
33.441,2.329060,1.394831,0.766416,1.700463
33.451,2.337020,1.388142,0.757649,1.720666
33.461,2.288620,1.363394,0.755190,1.675895
33.471,2.286361,1.365941,0.752165,1.672094
33.481,2.311270,1.375307,0.752522,1.698297
33.491,2.315883,1.388001,0.752531,1.694244
33.501,2.319202,1.391519,0.753642,1.695405
33.511,2.292611,1.379916,0.753051,1.668775
33.521,2.298566,1.384466,0.752131,1.673607
33.531,2.305693,1.405089,0.752398,1.666086
33.541,2.295620,1.409169,0.765009,1.642826
33.551,2.282877,1.380324,0.768982,1.647695
33.561,2.247915,1.352104,0.773180,1.620842
33.571,2.271905,1.352163,0.773807,1.653612
33.581,2.331208,1.363210,0.769940,1.727247
33.591,2.356649,1.370391,0.784243,1.749509
33.601,2.379151,1.379390,0.794344,1.768236
33.611,2.366744,1.382044,0.785428,1.753436
33.621,2.358591,1.357879,0.768120,1.768929
33.631,2.367670,1.359508,0.778688,1.775175
33.641,2.364636,1.362989,0.782890,1.766592
33.651,2.350631,1.338607,0.783901,1.766097
33.661,2.334802,1.310782,0.783876,1.765980
33.671,2.361754,1.342176,0.771174,1.783742
33.681,2.360649,1.361943,0.776421,1.764921
33.691,2.351878,1.361689,0.775828,1.753632
33.701,2.320136,1.360164,0.778861,1.710661
33.711,2.310075,1.356616,0.766012,1.705656
33.721,2.298198,1.348848,0.719998,1.715787
33.731,2.315358,1.380000,0.714702,1.716299
33.741,2.330290,1.392939,0.715183,1.725829
33.751,2.325370,1.386438,0.724057,1.720720
33.761,2.317655,1.351337,0.722656,1.738730
33.771,2.327534,1.317965,0.706475,1.783613
33.781,2.358547,1.307458,0.700045,1.833912
33.791,2.403276,1.349570,0.700381,1.861146
33.801,2.393294,1.359753,0.720533,1.832965
33.811,2.393357,1.344900,0.733925,1.838683
33.821,2.370123,1.321384,0.694671,1.840885
33.831,2.359672,1.312676,0.673073,1.841712
33.841,2.339616,1.305310,0.658924,1.826414
33.851,2.316957,1.306834,0.657836,1.796588
33.861,2.299293,1.289377,0.653536,1.788057
33.871,2.293485,1.270413,0.647452,1.796366
33.881,2.304714,1.266633,0.644110,1.814516
33.891,2.309243,1.272780,0.644662,1.815776
33.901,2.277304,1.272440,0.642939,1.775849
33.911,2.249931,1.247230,0.636986,1.760925
33.921,2.231618,1.215781,0.636743,1.759703
33.931,2.234129,1.202148,0.632137,1.773859
33.941,2.246598,1.227382,0.621195,1.776191
33.951,2.249502,1.263334,0.617425,1.755857
33.961,2.237369,1.266588,0.613608,1.739270
33.971,2.226384,1.250234,0.613689,1.736977
33.981,2.187793,1.240550,0.609936,1.695716
33.991,2.208698,1.227380,0.613392,1.730791
34.001,2.235149,1.224404,0.625177,1.762351
34.011,2.270304,1.224690,0.622061,1.807610
34.021,2.277744,1.194270,0.618838,1.838173
34.031,2.275213,1.192835,0.625198,1.833812
34.041,2.289143,1.203303,0.622077,1.845335
34.051,2.283608,1.196131,0.624561,1.842297
34.061,2.296790,1.196820,0.619535,1.859851
34.071,2.262252,1.195180,0.616148,1.819256
34.081,2.195733,1.195150,0.619736,1.734586
34.091,2.166608,1.199110,0.603282,1.700699
34.101,2.134092,1.209123,0.595981,1.654441
34.111,2.149330,1.197905,0.607903,1.677824
34.121,2.137221,1.200573,0.603709,1.661889
34.131,2.130286,1.204263,0.601084,1.651232
34.141,2.120710,1.200584,0.602106,1.641183
34.151,2.138629,1.237061,0.616816,1.631856
34.161,2.161719,1.248209,0.635463,1.646569
34.171,2.126152,1.216251,0.631749,1.625469
34.181,2.119142,1.207633,0.612884,1.629956
34.191,2.109591,1.205715,0.628030,1.613135
34.201,2.084257,1.204023,0.647897,1.573113
34.211,2.107582,1.193154,0.658128,1.607842
34.221,2.109841,1.176242,0.658077,1.623213
34.231,2.147355,1.144838,0.660799,1.692284
34.241,2.167376,1.151470,0.664266,1.711838
34.251,2.164861,1.158248,0.654850,1.707705
34.261,2.141172,1.155351,0.667252,1.674681
34.271,2.108177,1.155564,0.691381,1.622058
34.281,2.077736,1.156988,0.704458,1.575470
34.291,2.047388,1.138662,0.702467,1.549770
34.301,2.083480,1.146658,0.660838,1.609148
34.311,2.080162,1.147266,0.655651,1.606543
34.321,2.079279,1.152088,0.660813,1.599818
34.331,2.129674,1.147719,0.655900,1.669744
34.341,2.140695,1.149210,0.674600,1.675353
34.351,2.159088,1.151147,0.710236,1.682880
34.361,2.138779,1.149946,0.714667,1.655672
34.371,2.144924,1.142272,0.719975,1.666598
34.381,2.175001,1.171072,0.743300,1.675329
34.391,2.182702,1.166333,0.744430,1.688099
34.401,2.264894,1.164573,0.734419,1.798372
34.411,2.324521,1.168786,0.746318,1.865569
34.421,2.345208,1.199537,0.753264,1.869145
34.431,2.364274,1.195765,0.792619,1.879280
34.441,2.366887,1.177304,0.810769,1.886469
34.451,2.359129,1.159873,0.809899,1.887921
34.461,2.367393,1.155633,0.807807,1.901712
34.471,2.381684,1.164782,0.807968,1.913868
34.481,2.390508,1.184362,0.806670,1.913400
34.491,2.385176,1.182265,0.803790,1.909250
34.501,2.359518,1.191117,0.796445,1.874630
34.511,2.334068,1.188297,0.798724,1.843330
34.521,2.308640,1.195250,0.804439,1.803905
34.531,2.304445,1.193513,0.796990,1.802998
34.541,2.279392,1.172175,0.792659,1.786987
34.551,2.282119,1.172820,0.797196,1.788026
34.561,2.270207,1.171696,0.796236,1.773972
34.571,2.291973,1.198799,0.814189,1.775701
34.581,2.297977,1.212196,0.812497,1.775141
34.591,2.316757,1.197778,0.824327,1.803657
34.601,2.384566,1.176528,0.825415,1.902795
34.611,2.359784,1.165670,0.821378,1.880194
34.621,2.371884,1.176662,0.833276,1.883335
34.631,2.402944,1.215501,0.831829,1.898620
34.641,2.448663,1.213309,0.831909,1.957488
34.651,2.485283,1.169787,0.836259,2.027043
34.661,2.457948,1.153029,0.819367,2.010142
34.671,2.467746,1.160522,0.838389,2.009991
34.681,2.514906,1.193434,0.845203,2.045996
34.691,2.578194,1.193501,0.823733,2.131691
34.701,2.578594,1.195170,0.813911,2.135009
34.711,2.551363,1.201563,0.796342,2.105123
34.721,2.557246,1.199247,0.797983,2.112945
34.731,2.573044,1.215097,0.797253,2.123319
34.741,2.602701,1.206191,0.795947,2.164630
34.751,2.605819,1.201455,0.798117,2.170210
34.761,2.636714,1.201484,0.784863,2.211942
34.771,2.637426,1.210918,0.767898,2.213600
34.781,2.646497,1.225759,0.752625,2.221489
34.791,2.695172,1.205212,0.752575,2.290206
34.801,2.637372,1.180176,0.776935,2.226946
34.811,2.622877,1.182295,0.779715,2.207647
34.821,2.636214,1.173474,0.772201,2.230760
34.831,2.694070,1.180798,0.774792,2.294216
34.841,2.743637,1.187506,0.762222,2.352954
34.851,2.734887,1.193372,0.727967,2.350646
34.861,2.739340,1.193261,0.744266,2.350783
34.871,2.724345,1.184521,0.744583,2.337639
34.881,2.711452,1.144091,0.727122,2.348260
34.891,2.702421,1.138452,0.716185,2.343946
34.901,2.640725,1.141682,0.722445,2.268935
34.911,2.589248,1.136478,0.719853,2.212337
34.921,2.589459,1.117840,0.712648,2.224379
34.931,2.586980,1.133093,0.675299,2.225429
34.941,2.592161,1.112344,0.655824,2.247640
34.951,2.571657,1.088315,0.667377,2.232398
34.961,2.563828,1.091161,0.680983,2.217846
34.971,2.584690,1.093643,0.684157,2.239753
34.981,2.617695,1.078877,0.684330,2.284741
34.991,2.638157,1.083651,0.679784,2.307264
35.001,2.634415,1.071951,0.677328,2.309175
35.011,2.645389,1.075813,0.689992,2.316165
35.021,2.671492,1.079243,0.694594,2.342998
35.031,2.678467,1.057005,0.694709,2.360997
35.041,2.684643,1.056209,0.687054,2.370588
35.051,2.688828,1.057006,0.680044,2.376989
35.061,2.726502,1.056823,0.691027,2.416490
35.071,2.723217,1.040577,0.676446,2.423950
35.081,2.707775,1.022929,0.675127,2.414512
35.091,2.677330,1.023564,0.657669,2.384929
35.101,2.596172,1.025884,0.653237,2.293676
35.111,2.637146,1.028747,0.648700,2.339958
35.121,2.640743,1.025276,0.631267,2.350284
35.131,2.605059,0.975906,0.620594,2.334268
35.141,2.573450,0.981776,0.628331,2.294333
35.151,2.519345,1.008130,0.613115,2.225953
35.161,2.547409,1.004417,0.617394,2.258155
35.171,2.538109,0.992094,0.597443,2.258497
35.181,2.494287,0.930156,0.589516,2.238023
35.191,2.450496,0.959039,0.605973,2.172089
35.201,2.453042,0.959213,0.606390,2.174768
35.211,2.435944,0.950689,0.614630,2.156906
35.221,2.420378,0.952918,0.623902,2.135631
35.231,2.348467,0.933057,0.657715,2.052344
35.241,2.357599,0.966659,0.664674,2.045007
35.251,2.361205,0.961884,0.668493,2.050168
35.261,2.321575,0.961824,0.668263,2.004502
35.271,2.364560,0.948838,0.690741,2.052737
35.281,2.345049,0.932667,0.691018,2.037616
35.291,2.290803,0.955452,0.696314,1.962151
35.301,2.284767,0.956520,0.669003,1.964094
35.311,2.296714,0.990749,0.663673,1.962868
35.321,2.325411,0.999475,0.663837,1.991961
35.331,2.222041,0.998716,0.661811,1.871374
35.341,2.173763,0.995921,0.661814,1.815321
35.351,2.174596,0.998554,0.676188,1.809565
35.361,2.186047,1.036795,0.654979,1.809657
35.371,2.215940,1.039563,0.647517,1.846732
35.381,2.182536,1.028083,0.660369,1.808431
35.391,2.176722,1.015644,0.663077,1.807460
35.401,2.201101,1.050017,0.672183,1.813969
35.411,2.200343,1.063680,0.664344,1.807966
35.421,2.177266,1.051645,0.657428,1.789502
35.431,2.153798,1.037063,0.665520,1.766474
35.441,2.118360,1.032856,0.668637,1.724409
35.451,2.145329,1.056328,0.661821,1.746024
35.461,2.169377,1.108152,0.653992,1.746565
35.471,2.165634,1.103235,0.647036,1.747623
35.481,2.178168,1.106074,0.685363,1.746796
35.491,2.134939,1.099346,0.697108,1.692172
35.501,2.155028,1.096123,0.694508,1.720558
35.511,2.166733,1.109299,0.683188,1.731313
35.521,2.121229,1.099982,0.667844,1.686308
35.531,2.154684,1.102836,0.711117,1.709014
35.541,2.157542,1.130492,0.734485,1.684490
35.551,2.146409,1.148827,0.728425,1.660320
35.561,2.126824,1.150086,0.750253,1.624131
35.571,2.099721,1.133831,0.740200,1.604793
35.581,2.133554,1.125640,0.741364,1.653894
35.591,2.140511,1.132688,0.742294,1.657650
35.601,2.144898,1.151675,0.739896,1.651298
35.611,2.109382,1.157438,0.737890,1.601670
35.621,2.088410,1.155005,0.742724,1.573462
35.631,2.126170,1.178029,0.735938,1.609734
35.641,2.137397,1.183210,0.733053,1.622071
35.651,2.179282,1.158618,0.734680,1.693257
35.667,2.183093,1.155556,0.728395,1.702946
35.673,2.189235,1.165703,0.731561,1.702559
35.681,2.202101,1.174092,0.740265,1.709610
35.691,2.198259,1.169799,0.737530,1.708789
35.701,2.239270,1.178414,0.754827,1.748115
35.711,2.271849,1.181709,0.762747,1.784120
35.721,2.289718,1.207694,0.767097,1.787693
35.731,2.319421,1.195851,0.726250,1.849924
35.741,2.291524,1.163132,0.724691,1.836581
35.751,2.269195,1.168752,0.738743,1.799312
35.761,2.266293,1.169658,0.747597,1.791392
35.771,2.273513,1.178123,0.763953,1.788088
35.781,2.295124,1.179967,0.771353,1.811157
35.791,2.303649,1.159348,0.817373,1.815107
35.801,2.306676,1.159411,0.822307,1.816681
35.811,2.327212,1.125199,0.823441,1.863273
35.821,2.302458,1.138434,0.823661,1.823969
35.831,2.317641,1.152162,0.831794,1.830875
35.841,2.311479,1.147014,0.843183,1.821081
35.851,2.315174,1.138780,0.830546,1.836682
35.861,2.350538,1.103395,0.835952,1.899667
35.871,2.352280,1.111932,0.833829,1.897778
35.881,2.369440,1.113007,0.838994,1.916129
35.891,2.408723,1.113115,0.867459,1.952034
35.901,2.407082,1.079906,0.860310,1.971728
35.911,2.437222,1.063391,0.860365,2.017182
35.921,2.456767,1.067322,0.863811,2.037243
35.931,2.479388,1.070509,0.890343,2.051503
35.941,2.522581,1.070303,0.915646,2.092716
35.951,2.525445,1.049794,0.909722,2.109078
35.961,2.532687,0.991223,0.916518,2.142890
35.971,2.482314,0.994792,0.921611,2.079160
35.981,2.474430,0.999872,0.918973,2.068465
35.991,2.486201,0.999212,0.930922,2.077535
36.001,2.486350,1.005377,0.934201,2.073264
36.011,2.509474,0.988865,0.936458,2.107760
36.021,2.498572,0.984065,0.936721,2.096910
36.031,2.485701,0.995925,0.919469,2.083608
36.041,2.469785,0.961128,0.911604,2.084478
36.051,2.473052,0.942229,0.923908,2.091550
36.061,2.485683,0.944622,0.906886,2.112786
36.071,2.490802,0.946500,0.904187,2.119123
36.081,2.479913,0.955647,0.913216,2.098272
36.091,2.481964,0.949824,0.925667,2.097885
36.101,2.487396,0.920047,0.944908,2.108980
36.111,2.512725,0.913680,0.950685,2.138966
36.121,2.515948,0.895473,0.945609,2.152660
36.131,2.513303,0.863966,0.959630,2.156238
36.141,2.533319,0.868068,0.965799,2.175177
36.151,2.470021,0.878581,0.974941,2.092509
36.161,2.465143,0.868143,0.978193,2.089592
36.171,2.474513,0.850897,0.974217,2.109524
36.181,2.479031,0.839028,0.973048,2.120095
36.191,2.481734,0.823126,0.976254,2.128003
36.201,2.440334,0.822716,0.966167,2.084441
36.211,2.421584,0.816916,0.951180,2.071708
36.221,2.414389,0.786741,0.948159,2.076369
36.231,2.405017,0.781294,0.948067,2.067573
36.241,2.405240,0.787373,0.949068,2.065065
36.251,2.407601,0.799501,0.942366,2.066225
36.261,2.417821,0.799954,0.950114,2.074419
36.271,2.397776,0.789170,0.965671,2.047931
36.281,2.407288,0.769684,0.971579,2.063651
36.291,2.405432,0.766751,0.932339,2.080611
36.301,2.415729,0.782564,0.933331,2.086201
36.311,2.399977,0.793112,0.940155,2.060818
36.321,2.398622,0.774437,0.953635,2.060150
36.331,2.387665,0.743964,0.960023,2.055679
36.341,2.371871,0.744104,0.951016,2.041482
36.351,2.399499,0.742264,0.951442,2.073981
36.361,2.391898,0.757183,0.947447,2.061600
36.371,2.378783,0.743164,0.958499,2.046361
36.381,2.362601,0.739382,0.952386,2.031787
36.391,2.320904,0.745212,0.920208,1.996115
36.401,2.312769,0.742159,0.917340,1.989118
36.411,2.307293,0.767335,0.918258,1.972714
36.421,2.291252,0.785613,0.913482,1.948897
36.431,2.276689,0.781410,0.911266,1.934504
36.441,2.226636,0.781534,0.883454,1.888550
36.451,2.210031,0.777227,0.893009,1.866197
36.461,2.215121,0.782205,0.902560,1.865557
36.471,2.227665,0.795135,0.895707,1.878286
36.481,2.226881,0.778924,0.925971,1.869453
36.491,2.206094,0.781636,0.917187,1.847881
36.501,2.191181,0.778201,0.921890,1.829152
36.511,2.141041,0.775336,0.937929,1.761590
36.521,2.150890,0.779043,0.939419,1.771133
36.531,2.154329,0.785927,0.927742,1.778412
36.541,2.184774,0.790863,0.921276,1.816321
36.551,2.174370,0.788985,0.911999,1.809322
36.561,2.147965,0.806784,0.912354,1.769311
36.571,2.139978,0.801295,0.919480,1.758406
36.581,2.144246,0.808580,0.924036,1.757882
36.591,2.162460,0.815741,0.914338,1.781793
36.601,2.180092,0.818857,0.897446,1.810211
36.611,2.173479,0.826722,0.905461,1.794625
36.621,2.173571,0.846190,0.912727,1.781938
36.631,2.167412,0.841709,0.931825,1.766608
36.641,2.150694,0.830135,0.928397,1.753408
36.651,2.166304,0.852946,0.926977,1.762404
36.661,2.169490,0.878988,0.939771,1.746682
36.671,2.179057,0.903618,0.969127,1.729900
36.681,2.151177,0.942283,0.968555,1.673788
36.691,2.148938,0.937754,0.968207,1.673656
36.701,2.148413,0.932087,0.965336,1.677802
36.711,2.142492,0.948281,0.960065,1.664124
36.721,2.138820,0.961196,0.959083,1.652518
36.731,2.118135,1.006893,0.958224,1.598271
36.741,2.114293,1.017217,0.957961,1.586763
36.751,2.111373,1.008059,0.967488,1.582934
36.761,2.110796,1.020422,0.956968,1.580636
36.771,2.141067,1.020139,0.940566,1.630589
36.781,2.114935,1.042292,0.929117,1.588496
36.791,2.110647,1.074237,0.929440,1.561085
36.801,2.100113,1.077211,0.926423,1.546555
36.811,2.098059,1.077646,0.932738,1.539652
36.821,2.099658,1.086475,0.925366,1.540076
36.831,2.100904,1.090002,0.921073,1.541854
36.841,2.139770,1.105383,0.922375,1.583025
36.851,2.142399,1.136205,0.920922,1.565507
36.861,2.117281,1.137999,0.934429,1.521407
36.871,2.112138,1.136350,0.934169,1.515640
36.881,2.103867,1.137116,0.935335,1.502789
36.891,2.137177,1.134118,0.950108,1.542269
36.901,2.156789,1.144072,0.969137,1.550358
36.911,2.186287,1.126463,0.970606,1.602765
36.921,2.198740,1.117892,0.967979,1.627204
36.931,2.216506,1.134128,0.946330,1.652607
36.941,2.240976,1.171225,0.939206,1.663760
36.951,2.287962,1.182514,0.941075,1.717791
36.961,2.290735,1.179911,0.940101,1.723800
36.971,2.289204,1.175552,0.941007,1.724250
36.981,2.275373,1.189947,0.890257,1.723017
36.991,2.313227,1.187873,0.891058,1.773695
37.001,2.321046,1.188056,0.902056,1.778222
37.011,2.318523,1.192436,0.899565,1.773254
37.021,2.296920,1.187507,0.894989,1.750618
37.031,2.285707,1.175671,0.895685,1.743561
37.041,2.266403,1.175916,0.914688,1.707967
37.051,2.272311,1.179660,0.924487,1.707959
37.061,2.282432,1.167252,0.923985,1.730108
37.071,2.320441,1.168936,0.918227,1.781823
37.081,2.341577,1.163006,0.909231,1.817608
37.091,2.344096,1.173607,0.903373,1.816961
37.101,2.373685,1.189071,0.901969,1.845790
37.111,2.361787,1.187857,0.905714,1.829404
37.121,2.357873,1.180971,0.907731,1.827813
37.131,2.342998,1.179701,0.876149,1.824913
37.141,2.327747,1.175936,0.874892,1.808354
37.151,2.377749,1.165180,0.885544,1.873995
37.161,2.389767,1.161911,0.878991,1.894287
37.171,2.429155,1.137596,0.851711,1.970091
37.181,2.468885,1.116823,0.846813,2.032488
37.191,2.497421,1.151784,0.841480,2.049980
37.201,2.519069,1.168554,0.861231,2.058756
37.211,2.519589,1.162274,0.878799,2.055520
37.221,2.533403,1.142790,0.905192,2.071904
37.231,2.543129,1.105245,0.929891,2.093141
37.241,2.561738,1.100085,0.937034,2.115249
37.251,2.590775,1.111481,0.924210,2.150014
37.261,2.586854,1.114234,0.928005,2.142219
37.271,2.563830,1.118146,0.915681,2.117664
37.281,2.579604,1.098704,0.923009,2.143656
37.291,2.571018,1.066465,0.922472,2.149845
37.301,2.615047,1.058528,0.921317,2.206618
37.311,2.646600,1.069998,0.905543,2.244902
37.321,2.643525,1.062116,0.902723,2.246158
37.331,2.643948,1.056772,0.902867,2.249117
37.341,2.639289,1.038692,0.911378,2.248634
37.351,2.637663,1.007966,0.915027,2.259203
37.361,2.649395,1.012578,0.908455,2.273475
37.371,2.673871,1.042289,0.898661,2.292516
37.381,2.685034,1.043452,0.918958,2.296984
37.391,2.663806,1.048414,0.917510,2.270433
37.401,2.644676,1.040212,0.903603,2.257381
37.411,2.613634,1.042524,0.916132,2.214707
37.422,2.662645,1.061215,0.917420,2.263149
37.431,2.680011,1.066484,0.915840,2.281733
37.441,2.688686,1.043881,0.931608,2.295964
37.451,2.649223,1.031064,0.925871,2.257887
37.461,2.621173,1.028965,0.912811,2.231268
37.471,2.621174,1.020134,0.913733,2.234943
37.482,2.643100,1.021355,0.920209,2.257438
37.491,2.633067,1.052232,0.905054,2.237571
37.501,2.676584,1.052227,0.900792,2.290305
37.511,2.741956,1.054830,0.892745,2.368262
37.521,2.786165,1.061632,0.892286,2.416501
37.531,2.787843,1.055937,0.891820,2.421100
37.541,2.767563,1.051564,0.867937,2.408383
37.551,2.782635,1.040814,0.876488,2.427248
37.561,2.774133,1.050883,0.879630,2.411993
37.571,2.767241,1.065329,0.878044,2.398277
37.581,2.779532,1.089364,0.873199,2.403458
37.591,2.783186,1.115104,0.873270,2.395844
37.601,2.744777,1.107134,0.873413,2.354827
37.611,2.741792,1.102725,0.863657,2.357014
37.621,2.753081,1.091758,0.867183,2.373923
37.631,2.764851,1.096279,0.866870,2.385605
37.641,2.769861,1.095936,0.877045,2.387854
37.651,2.724478,1.112312,0.858089,2.334358
37.661,2.717874,1.110356,0.839703,2.334276
37.671,2.673703,1.107115,0.834646,2.286121
37.681,2.658671,1.098213,0.830474,2.274373
37.691,2.661930,1.092728,0.827777,2.281798
37.701,2.670622,1.091530,0.808704,2.299300
37.711,2.667978,1.095173,0.790841,2.300712
37.721,2.656648,1.093264,0.773659,2.294342
37.731,2.631467,1.090406,0.747618,2.275236
37.741,2.615738,1.080409,0.739617,2.264457
37.751,2.630624,1.089313,0.745439,2.275500
37.761,2.647614,1.088954,0.731008,2.299928
37.771,2.655939,1.108014,0.739003,2.297867
37.781,2.644256,1.113165,0.726130,2.285976
37.791,2.692989,1.116454,0.724455,2.341129
37.801,2.694810,1.117629,0.736020,2.339056
37.811,2.719873,1.099593,0.755383,2.370232
37.821,2.724344,1.116436,0.756326,2.367191
37.831,2.719569,1.118341,0.756400,2.360768
37.841,2.741289,1.153409,0.746769,2.372056
37.851,2.747960,1.159724,0.743383,2.377753
37.861,2.761346,1.139766,0.753681,2.399568
37.871,2.738653,1.124993,0.762475,2.377655
37.881,2.734444,1.120509,0.739701,2.382117
37.891,2.828542,1.135876,0.724103,2.487189
37.901,2.884510,1.172179,0.718303,2.535830
37.911,2.903662,1.170018,0.714158,2.559744
37.921,2.840388,1.148089,0.724782,2.494873
37.931,2.815503,1.130077,0.727953,2.473877
37.941,2.825902,1.119050,0.711595,2.495412
37.951,2.834651,1.134749,0.703938,2.500412
37.961,2.857354,1.151608,0.721501,2.513506
37.971,2.860156,1.156204,0.719682,2.515103
37.981,2.848680,1.147264,0.722369,2.505383
37.991,2.855215,1.116803,0.722340,2.526505
38.001,2.840465,1.114674,0.708728,2.514647
38.011,2.809581,1.111988,0.721990,2.477087
38.021,2.816532,1.148223,0.743495,2.462042
38.031,2.841939,1.156320,0.750250,2.485290
38.041,2.891411,1.158592,0.748777,2.541113
38.051,2.957891,1.166389,0.761507,2.609360
38.061,2.967775,1.159600,0.764834,2.622603
38.071,2.954099,1.150925,0.775148,2.607914
38.081,2.925814,1.138606,0.781192,2.579477
38.091,2.898684,1.105429,0.784709,2.562153
38.101,2.922526,1.132606,0.783471,2.577699
38.111,2.936000,1.141297,0.786978,2.588089
38.121,2.918416,1.142345,0.785088,2.568236
38.131,2.931077,1.137786,0.808829,2.577295
38.141,2.939895,1.138253,0.794797,2.591459
38.151,2.949628,1.135386,0.793283,2.604209
38.161,2.956207,1.172439,0.816048,2.588168
38.171,2.952415,1.173738,0.825039,2.580388
38.181,2.952895,1.196200,0.850951,2.562143
38.191,2.913995,1.162299,0.867735,2.527343
38.201,2.907735,1.172719,0.868387,2.515065
38.211,2.931391,1.218430,0.871498,2.519716
38.221,2.942479,1.218737,0.859378,2.536598
38.231,2.972285,1.233576,0.879456,2.557211
38.241,2.979860,1.229719,0.879478,2.567854
38.251,2.961934,1.211894,0.873565,2.557587
38.261,2.957558,1.217130,0.881910,2.547151
38.271,2.960928,1.228301,0.868940,2.550159
38.281,2.951186,1.226802,0.893250,2.531118
38.291,2.911248,1.233465,0.903019,2.477596
38.301,2.863454,1.252188,0.906366,2.410372
38.311,2.815022,1.257507,0.889787,2.356120
38.321,2.840048,1.273592,0.885303,2.379091
38.331,2.848969,1.295498,0.906222,2.370036
38.341,2.813696,1.268325,0.914922,2.339051
38.351,2.755070,1.261852,0.926434,2.267126
38.362,2.745921,1.267738,0.923030,2.254094
38.371,2.771108,1.269687,0.927549,2.281795
38.381,2.779427,1.280743,0.929594,2.284899
38.391,2.691918,1.270505,0.931451,2.182806
38.401,2.612508,1.241246,0.942346,2.096781
38.411,2.598391,1.241944,0.929698,2.084436
38.422,2.619661,1.272364,0.923165,2.095586
38.431,2.642242,1.329354,0.921045,2.089482
38.442,2.604574,1.336847,0.920500,2.036989
38.451,2.591589,1.321901,0.928192,2.026665
38.461,2.575195,1.307564,0.915347,2.020903
38.472,2.563438,1.312576,0.916791,2.001963
38.482,2.583486,1.367407,0.905769,1.996041
38.491,2.572963,1.402674,0.901471,1.959591
38.501,2.539374,1.408247,0.893361,1.914986
38.511,2.489647,1.407083,0.870661,1.860217
38.522,2.438327,1.367834,0.865514,1.823555
38.531,2.418216,1.378792,0.862942,1.789422
38.541,2.389285,1.377301,0.868711,1.748447
38.551,2.342891,1.373980,0.824461,1.709264
38.562,2.361984,1.384177,0.824614,1.727147
38.571,2.371193,1.404198,0.798075,1.736047
38.581,2.447254,1.400300,0.810667,1.836037
38.591,2.473428,1.395657,0.811643,1.873825
38.602,2.527250,1.386449,0.809993,1.951579
38.612,2.513942,1.390895,0.801146,1.934807
38.621,2.599259,1.397162,0.795212,2.042480
38.632,2.620594,1.398871,0.781420,2.073658
38.642,2.765233,1.401770,0.789458,2.249068
38.651,2.799776,1.380568,0.788819,2.304461
38.661,2.845210,1.348961,0.782601,2.379719
38.672,2.839807,1.353669,0.771454,2.374224
38.682,2.862459,1.342629,0.757569,2.411868
38.692,2.875371,1.340800,0.750015,2.430533
38.701,2.864672,1.318294,0.757183,2.427987
38.712,2.838729,1.265781,0.778592,2.418672
38.722,2.812792,1.278144,0.773019,2.383399
38.732,2.830991,1.279875,0.759697,2.408172
38.741,2.823335,1.314446,0.761794,2.379731
38.752,2.834956,1.344369,0.758702,2.377818
38.762,2.813454,1.324577,0.751939,2.365504
38.772,2.846128,1.302508,0.762137,2.413103
38.782,2.849577,1.312069,0.742773,2.418026
38.792,2.833752,1.304946,0.727631,2.407867
38.802,2.832492,1.288075,0.730323,2.414643
38.812,2.817939,1.288165,0.734815,2.396133
38.821,2.801594,1.266109,0.736277,2.388261
38.832,2.786752,1.271281,0.713124,2.375139
38.842,2.808834,1.303497,0.697876,2.388182
38.852,2.837186,1.304115,0.707174,2.418433
38.861,2.809023,1.302557,0.707112,2.386199
38.872,2.800369,1.291643,0.705870,2.382325
38.882,2.776742,1.284702,0.697544,2.360778
38.891,2.794283,1.324388,0.697158,2.359657
38.902,2.804844,1.338705,0.682323,2.368429
38.912,2.848668,1.348403,0.705213,2.408192
38.922,2.869850,1.343113,0.704705,2.436284
38.932,2.871705,1.288013,0.713543,2.465475
38.941,2.878853,1.294329,0.729820,2.465739
38.952,2.885918,1.312836,0.727394,2.464930
38.962,2.900977,1.315097,0.751348,2.474200
38.972,2.901664,1.317204,0.759999,2.471241
38.982,2.900680,1.296354,0.763055,2.480153
38.992,2.899999,1.296148,0.762890,2.479515
39.002,2.924678,1.292854,0.780371,2.504655
39.012,2.928061,1.290622,0.798403,2.504075
39.022,2.925631,1.292004,0.788004,2.503816
39.032,2.943766,1.288736,0.779607,2.529255
39.042,2.932797,1.319124,0.773534,2.502570
39.052,2.910878,1.330300,0.793448,2.464539
39.062,2.884328,1.314424,0.796792,2.440647
39.072,2.866333,1.289777,0.801703,2.430969
39.082,2.844235,1.279820,0.805033,2.409078
39.092,2.819988,1.290440,0.808940,2.373333
39.102,2.773461,1.295137,0.818121,2.312008
39.112,2.787585,1.291031,0.818138,2.331206
39.122,2.749699,1.303109,0.807832,2.282577
39.132,2.744543,1.325888,0.814327,2.260842
39.142,2.594887,1.339651,0.808296,2.070128
39.152,2.562079,1.344752,0.807643,2.025735
39.162,2.510942,1.358285,0.802577,1.953398
39.172,2.538951,1.365811,0.793354,1.987819
39.182,2.551290,1.362607,0.792211,2.006186
39.192,2.634924,1.365202,0.789679,2.110795
39.202,2.721926,1.375223,0.781886,2.215016
39.212,2.748763,1.384087,0.763088,2.248933
39.222,2.823131,1.374896,0.766290,2.343614
39.232,2.856497,1.370939,0.764283,2.386624
39.242,2.903553,1.337633,0.790084,2.452983
39.252,2.897214,1.311005,0.803690,2.455443
39.262,2.891982,1.305052,0.814913,2.448737
39.272,2.840685,1.310586,0.806191,2.387867
39.282,2.846077,1.305119,0.830917,2.388806
39.292,2.856495,1.309113,0.850349,2.392215
39.302,2.864174,1.335079,0.844426,2.389143
39.312,2.893536,1.338587,0.842538,2.422986
39.322,2.900682,1.356564,0.840680,2.422178
39.332,2.897151,1.343361,0.835322,2.427159
39.342,2.868026,1.317455,0.828741,2.408957
39.352,2.896898,1.324160,0.809395,2.446119
39.362,2.913160,1.331192,0.791855,2.467264
39.372,2.920572,1.337853,0.786029,2.474278
39.382,3.055413,1.333475,0.785699,2.634402
39.392,3.203304,1.291200,0.783284,2.824964
39.402,3.353436,1.277065,0.781113,3.000749
39.412,3.518662,1.273058,0.762634,3.190407
39.422,3.654386,1.247861,0.769698,3.347379
39.432,3.782230,1.253383,0.771693,3.484075
39.442,3.870530,1.248619,0.760335,3.583831
39.452,4.000411,1.229383,0.756140,3.730973
39.462,4.126446,1.229041,0.728987,3.871123
39.472,4.225000,1.222990,0.716234,3.980192
39.482,4.266147,1.204718,0.712039,4.030095
39.492,4.317895,1.174146,0.712102,4.093715
39.502,4.328206,1.180208,0.688350,4.106902
39.512,4.353363,1.194077,0.669260,4.132558
39.522,4.402157,1.200005,0.644931,4.186053
39.532,4.455831,1.181703,0.642816,4.247917
39.542,4.467652,1.161145,0.639258,4.266498
39.552,4.455295,1.151949,0.612377,4.260007
39.562,4.455113,1.152131,0.611526,4.259890
39.572,4.460647,1.156374,0.606720,4.265216
39.582,4.434583,1.156158,0.593884,4.239827
39.592,4.434836,1.146476,0.595511,4.242491
39.602,4.434731,1.131110,0.592406,4.246939
39.612,4.409411,1.140645,0.595575,4.217478
39.622,4.388445,1.123517,0.605536,4.198748
39.632,4.386659,1.116542,0.594851,4.200270
39.642,4.412566,1.114311,0.599749,4.227216
39.652,4.443779,1.116691,0.605006,4.258420
39.662,4.446680,1.094938,0.605883,4.266963
39.672,4.499276,1.084298,0.601461,4.325046
39.682,4.553081,1.096739,0.601022,4.377954
39.692,4.600367,1.101671,0.628824,4.422022
39.702,4.646945,1.097836,0.633535,4.470737
39.712,4.774098,1.082959,0.628601,4.606959
39.722,4.838862,1.090550,0.627176,4.672466
39.732,4.832490,1.084883,0.629674,4.666851
39.742,4.824994,1.083449,0.600671,4.663250
39.752,4.847352,1.079448,0.711886,4.671705
39.762,4.864340,1.091733,0.731045,4.683535
39.772,4.895308,1.085216,0.764008,4.711968
39.782,4.925797,1.078391,0.751092,4.747252
39.792,4.923055,1.073776,0.737826,4.747535
39.802,4.915471,1.037835,0.739428,4.747421
39.812,4.901194,1.027324,0.742819,4.734398
39.822,4.926171,1.012180,0.742812,4.763495
39.832,4.934705,1.003426,0.742382,4.774235
39.842,4.946317,0.995474,0.744817,4.787518
39.852,4.939958,0.992878,0.754529,4.779965
39.862,4.925053,0.978856,0.753321,4.767651
39.872,4.914497,0.965780,0.775699,4.755822
39.882,4.823708,0.967886,0.779362,4.660896
39.892,4.723820,0.961853,0.790954,4.556721
39.902,4.612767,0.961622,0.805108,4.438998
39.912,4.477359,0.963537,0.834424,4.292094
39.922,4.325717,0.990476,0.826690,4.128846
39.932,4.227212,1.010597,0.820602,4.021769
39.942,4.145067,1.029086,0.818568,3.930967
39.952,4.063478,1.036956,0.817589,3.842932
39.962,3.949277,1.041945,0.827426,3.718401
39.972,3.936592,1.027454,0.861315,3.701248
39.982,4.071899,0.995324,0.881088,3.848815
39.992,4.158656,0.987057,0.881753,3.942417
40.002,4.312984,0.981463,0.883028,4.105949
40.012,4.492693,0.962927,0.891361,4.296806
40.022,4.548091,0.957599,0.890434,4.356061
40.032,4.566755,0.959589,0.892827,4.374620
40.042,4.714035,0.944543,0.902796,4.529340
40.052,4.860010,0.953133,0.904649,4.678979
40.062,4.896925,0.957615,0.913015,4.714791
40.072,4.892193,0.953940,0.919682,4.709324
40.082,4.899820,0.956971,0.919273,4.716713
40.092,4.899940,0.954679,0.916047,4.717929
40.102,4.902159,0.957390,0.915037,4.719881
40.112,4.912270,0.999332,0.914473,4.721808
40.122,4.912966,1.012062,0.905620,4.721527
40.132,4.902884,0.986411,0.905639,4.716469
40.142,4.899149,0.987690,0.917049,4.710112
40.152,4.877904,0.979292,0.916185,4.689940
40.162,4.873755,0.973556,0.919093,4.686251
40.172,4.812747,0.990738,0.925445,4.617849
40.182,4.735180,1.000140,0.925572,4.534861
40.192,4.665634,0.990898,0.924303,4.464519
40.202,4.580693,0.996920,0.927820,4.373563
40.212,4.448748,1.007081,0.926011,4.233161
40.222,4.332104,1.008551,0.943383,4.106091
40.232,4.301705,1.043302,0.963220,4.060590
40.242,4.294559,1.043385,0.967350,4.052014
40.252,4.273353,1.062141,0.879433,4.044749
40.262,4.261941,1.066853,0.851669,4.037403
40.272,4.234195,1.087106,0.834917,4.006185
40.282,4.196646,1.109766,0.839570,3.959214
40.292,4.208084,1.104363,0.838860,3.972992
40.302,4.219461,1.115719,0.839936,3.981650
40.312,4.219142,1.116826,0.835114,3.982016
40.322,4.176241,1.103531,0.843980,3.938389
40.332,4.176895,1.142174,0.843261,3.928206
40.342,4.158967,1.146949,0.844230,3.907530
40.352,4.153163,1.159988,0.845530,3.897213
40.362,4.164776,1.178711,0.848648,3.903305
40.372,4.189203,1.179687,0.824092,3.934289
40.382,4.198799,1.201621,0.820055,3.938722
40.392,4.211219,1.234369,0.807019,3.944543
40.402,4.206472,1.230037,0.796813,3.942906
40.412,4.201855,1.238773,0.780223,3.938562
40.422,4.212564,1.223464,0.787202,3.953371
40.432,4.193873,1.191022,0.806483,3.939495
40.442,4.209964,1.183918,0.806207,3.958809
40.452,4.179218,1.217524,0.812465,3.914512
40.462,4.157446,1.217854,0.803702,3.892975
40.472,4.080259,1.229194,0.762251,3.815307
40.482,3.908435,1.237054,0.743988,3.632085
40.492,3.784652,1.234269,0.742312,3.499877
40.502,3.609903,1.252911,0.740207,3.303590
40.512,3.328394,1.260630,0.730893,2.992460
40.522,3.207041,1.260235,0.776489,2.844993
40.532,3.075291,1.257307,0.775859,2.697153
40.542,2.844232,1.257773,0.766588,2.433106
40.552,2.605909,1.274594,0.765477,2.140144
40.562,2.607013,1.286331,0.740236,2.143343
40.572,2.623109,1.284963,0.733325,2.166057
40.582,2.702429,1.286130,0.728969,2.262210
40.592,2.729811,1.310318,0.731062,2.280457
40.602,2.708110,1.290779,0.759167,2.256416
40.612,2.700914,1.250174,0.793463,2.258853
40.622,2.702601,1.229255,0.810064,2.266446
40.632,2.714243,1.231610,0.810052,2.279049
40.642,2.683382,1.247059,0.795339,2.238932
40.652,2.719692,1.249884,0.808125,2.276280
40.662,2.691483,1.258876,0.802628,2.239442
40.672,2.673637,1.232779,0.807347,2.230870
40.682,2.683116,1.219845,0.815448,2.246360
40.692,2.669614,1.228203,0.801552,2.230666
40.702,2.749667,1.208289,0.790501,2.340046
40.712,2.741973,1.226785,0.791291,2.321050
40.722,2.734090,1.208247,0.800037,2.318476
40.732,2.722634,1.186337,0.781245,2.322713
40.742,2.680223,1.202354,0.775829,2.266280
40.752,2.683305,1.177743,0.785009,2.279651
40.762,2.666728,1.183070,0.785660,2.257105
40.772,2.655145,1.159279,0.779259,2.258012
40.782,2.646793,1.146569,0.757831,2.261987
40.792,2.645349,1.160262,0.748483,2.256421
40.802,2.637035,1.141082,0.741925,2.258635
40.812,2.630943,1.144867,0.741891,2.249609
40.822,2.625799,1.129361,0.742011,2.251396
40.832,2.622749,1.097101,0.739334,2.264634
40.842,2.628417,1.100458,0.738789,2.269749
40.852,2.641645,1.065041,0.730312,2.304478
40.862,2.641050,1.072284,0.729427,2.300715
40.872,2.609711,1.063765,0.749200,2.262233
40.882,2.601049,1.050813,0.748888,2.258410
40.892,2.600740,1.007804,0.746982,2.278201
40.902,2.612098,1.006977,0.743077,2.292791
40.912,2.601740,1.020590,0.731096,2.278804
40.922,2.582817,1.007804,0.729777,2.263338
40.932,2.578490,1.008556,0.699506,2.267623
40.942,2.560841,0.992889,0.699265,2.254575
40.952,2.551090,0.965575,0.702544,2.254364
40.962,2.550435,0.979099,0.705782,2.246766
40.972,2.513911,0.944913,0.710252,2.218655
40.982,2.513528,0.944123,0.706094,2.219885
40.992,2.481838,0.977916,0.705340,2.169262
41.002,2.457302,0.969000,0.708521,2.144148
41.012,2.444657,0.935753,0.712583,2.143114
41.022,2.437086,0.967430,0.631901,2.145732
41.032,2.438782,0.962991,0.634790,2.148801
41.042,2.437015,0.960483,0.637110,2.147232
41.052,2.413208,0.967226,0.637685,2.116933
41.062,2.359924,0.921523,0.643082,2.075207
41.072,2.348756,0.916997,0.642687,2.064637
41.082,2.267974,0.910603,0.639704,1.976179
41.092,2.243089,0.900797,0.648908,1.949085
41.102,2.242743,0.900114,0.631075,1.954849
41.112,2.251511,0.916815,0.556375,1.979697
41.122,2.230200,0.910236,0.551096,1.959989
41.132,2.219280,0.884187,0.552410,1.959148
41.142,2.207943,0.881396,0.534742,1.952486
41.152,2.112026,0.832015,0.537944,1.865213
41.162,2.131667,0.835341,0.549640,1.882580
41.172,2.147317,0.852835,0.548499,1.892826
41.182,2.106410,0.825349,0.511185,1.869345
41.192,2.079395,0.828526,0.511999,1.837195
41.202,1.931179,0.816013,0.512720,1.673527
41.212,1.907548,0.815188,0.502816,1.649662
41.222,1.903024,0.804699,0.496797,1.651410
41.232,1.896706,0.815905,0.451970,1.651520
41.242,1.901144,0.814988,0.441037,1.660008
41.252,1.858791,0.837403,0.438364,1.600530
41.262,1.920083,0.836160,0.429391,1.674270
41.272,1.930459,0.840253,0.466739,1.674157
41.282,1.918271,0.856344,0.471300,1.650550
41.292,1.907438,0.853575,0.462148,1.641995
41.302,1.892520,0.838472,0.487289,1.625160
41.312,1.897733,0.853303,0.477808,1.626335
41.322,1.900997,0.859269,0.481670,1.625866
41.332,1.867021,0.863255,0.491019,1.580967
41.342,1.845711,0.858141,0.484137,1.560722
41.352,1.769425,0.853522,0.509516,1.463816
41.362,1.769794,0.850114,0.498066,1.470172
41.372,1.765683,0.856961,0.497430,1.461444
41.382,1.725115,0.850524,0.495073,1.416874
41.392,1.725819,0.861364,0.520335,1.402054
41.402,1.657423,0.850857,0.520348,1.323756
41.412,1.662475,0.848111,0.520840,1.331637
41.422,1.662017,0.848542,0.519634,1.331262
41.432,1.656537,0.853490,0.575675,1.297793
41.442,1.646602,0.840439,0.573093,1.294806
41.452,1.591890,0.839559,0.590860,1.216610
41.462,1.602512,0.836757,0.597297,1.229275
41.472,1.600993,0.835947,0.596734,1.228120
41.482,1.533018,0.836254,0.605209,1.133378
41.492,1.521752,0.822769,0.607389,1.126880
41.502,1.528101,0.823343,0.632592,1.121172
41.512,1.548682,0.823365,0.695702,1.111974
41.519,1.556018,0.797653,0.738154,1.113585
41.532,1.527769,0.820755,0.741343,1.053968
41.539,1.536803,0.839416,0.741145,1.052543
41.551,1.567697,0.821212,0.821334,1.052946
41.561,1.534734,0.825015,0.844830,0.980316
41.571,1.562497,0.830371,0.843799,1.019747
41.581,1.580163,0.865951,0.843839,1.017340
41.591,1.586713,0.865908,0.914941,0.964751
41.600,1.589436,0.857590,0.921896,0.970028
41.609,1.609176,0.872786,0.919024,0.991507
41.619,1.614541,0.886276,0.940567,0.967777
41.629,1.686938,0.889170,0.963311,1.061682
41.639,1.759208,0.910321,0.965204,1.155209
41.649,1.791530,0.928423,0.960993,1.193358
41.659,1.809467,0.922984,0.991148,1.199957
41.669,1.810623,0.892182,1.008645,1.210373
41.679,1.843412,0.954728,1.006280,1.214111
41.689,1.877324,0.962636,1.007147,1.258305
41.699,1.920192,0.959178,1.017892,1.315679
41.711,1.997371,0.992817,1.025255,1.397375
41.721,2.048578,1.049395,1.016033,1.436356
41.731,2.087141,1.031943,1.039907,1.486555
41.741,2.096785,1.033086,1.048902,1.493000
41.751,2.108286,1.080284,1.042813,1.479998
41.761,2.125617,1.097898,1.051075,1.485971
41.771,2.161489,1.115915,1.055734,1.520590
41.781,2.159530,1.114063,1.031727,1.535569
41.791,2.190349,1.150436,1.031810,1.552255
41.801,2.190854,1.130541,1.054875,1.552081
41.811,2.184146,1.129863,1.043106,1.551074
41.821,2.211229,1.151482,1.032258,1.580528
41.831,2.226689,1.126712,1.050014,1.608147
41.841,2.234635,1.123410,1.051840,1.620240
41.851,2.247913,1.150794,1.018617,1.640489
41.861,2.280734,1.157312,1.010474,1.685621
41.871,2.290935,1.138616,1.016086,1.708656
41.881,2.287043,1.135622,1.007780,1.710353
41.891,2.297374,1.151383,0.961467,1.740065
41.901,2.313928,1.155111,0.957442,1.761615
41.911,2.356287,1.147221,0.959204,1.820961
41.921,2.397331,1.154815,0.940158,1.878749
41.931,2.427550,1.160641,0.874327,1.944599
41.941,2.419743,1.155235,0.848719,1.949426
41.951,2.438943,1.141014,0.860020,1.976587
41.961,2.460123,1.145971,0.860909,1.999447
41.971,2.462476,1.136419,0.860583,2.007918
41.981,2.475828,1.179407,0.817258,2.017625
41.991,2.504749,1.182047,0.820952,2.050017
42.001,2.515909,1.178036,0.838514,2.058864
42.011,2.591404,1.166426,0.838639,2.156736
42.021,2.584492,1.165851,0.836438,2.149596
42.031,2.594925,1.184874,0.809164,2.162166
42.041,2.634539,1.189641,0.793566,2.212646
42.051,2.636892,1.220373,0.767295,2.207974
42.061,2.642106,1.191985,0.769539,2.228835
42.071,2.629589,1.223089,0.761002,2.199925
42.081,2.634388,1.236938,0.743658,2.203850
42.091,2.649922,1.236961,0.716332,2.231341
42.101,2.680684,1.228184,0.717640,2.272141
42.111,2.636098,1.233266,0.701034,2.221850
42.121,2.643138,1.242786,0.700350,2.225123
42.131,2.622705,1.219991,0.691421,2.216335
42.141,2.548784,1.226221,0.705001,2.120296
42.151,2.557616,1.238902,0.694067,2.127156
42.161,2.552426,1.227930,0.671021,2.134666
42.171,2.542926,1.225661,0.701028,2.114896
42.181,2.558566,1.210020,0.713734,2.138386
42.191,2.561584,1.218343,0.714437,2.137038
42.201,2.582577,1.180403,0.731775,2.177351
42.211,2.538496,1.174862,0.738965,2.125463
42.221,2.531612,1.163960,0.728439,2.126884
42.231,2.516955,1.148075,0.718817,2.121388
42.241,2.475292,1.137722,0.720723,2.076829
42.251,2.440306,1.117341,0.712751,2.049056
42.261,2.449026,1.133522,0.711801,2.050901
42.271,2.434940,1.099286,0.710578,2.053189
42.281,2.392737,1.105937,0.727007,1.993378
42.291,2.409316,1.095327,0.726873,2.019089
42.301,2.408719,1.091510,0.704398,2.028388
42.311,2.397582,1.103615,0.705156,2.008281
42.321,2.405141,1.106721,0.706991,2.014954
42.331,2.431813,1.107589,0.696105,2.049975
42.341,2.438256,1.100082,0.702141,2.059590
42.351,2.413457,1.097330,0.699390,2.032608
42.361,2.415014,1.108997,0.701037,2.027552
42.371,2.436549,1.083064,0.718619,2.060905
42.381,2.466416,1.093910,0.730721,2.086292
42.391,2.466718,1.091757,0.732155,2.087274
42.401,2.467420,1.080120,0.744500,2.089790
42.411,2.370762,1.075199,0.766311,1.969068
42.421,2.374606,1.063852,0.777620,1.975419
42.431,2.368236,1.101257,0.752237,1.957017
42.441,2.356192,1.120227,0.769913,1.924569
42.451,2.366098,1.130527,0.786815,1.923863
42.461,2.365136,1.119548,0.787486,1.928820
42.471,2.378236,1.122224,0.784327,1.944596
42.481,2.375041,1.096711,0.783516,1.955543
42.491,2.379960,1.126687,0.770866,1.949501
42.501,2.356397,1.136056,0.781558,1.910798
42.511,2.320725,1.139058,0.801104,1.856487
42.521,2.325095,1.133398,0.795308,1.867876
42.531,2.279437,1.142902,0.795967,1.804451
42.541,2.269370,1.165712,0.802252,1.774133
42.551,2.265114,1.124862,0.805851,1.793330
42.561,2.234091,1.126102,0.833805,1.740065
42.571,2.220535,1.117612,0.831112,1.729442
42.581,2.236393,1.128705,0.833221,1.741615
42.591,2.197982,1.133067,0.864009,1.673551
42.601,2.193642,1.131979,0.873926,1.663412
42.611,2.188557,1.130437,0.874566,1.657416
42.621,2.198308,1.147228,0.878690,1.656602
42.631,2.263584,1.175982,0.889019,1.717708
42.641,2.265303,1.170399,0.919283,1.707829
42.651,2.288149,1.162758,0.908450,1.748811
42.661,2.301538,1.179458,0.905526,1.756696
42.671,2.274201,1.207111,0.886955,1.711194
42.681,2.308694,1.236875,0.883177,1.737874
42.691,2.341735,1.234096,0.913594,1.768071
42.701,2.337586,1.237264,0.901871,1.766385
42.711,2.324521,1.247416,0.891953,1.746932
42.721,2.328681,1.257198,0.888916,1.747008
42.731,2.377373,1.271316,0.895320,1.798350
42.741,2.408611,1.273593,0.903825,1.833703
42.751,2.463364,1.265068,0.908310,1.908596
42.761,2.474906,1.249845,0.908321,1.933391
42.771,2.480447,1.264556,0.905653,1.932177
42.781,2.496144,1.286210,0.896677,1.942259
42.791,2.482698,1.282036,0.910183,1.921390
42.801,2.519047,1.280942,0.945475,1.952143
42.811,2.556589,1.270846,0.981339,1.989490
42.821,2.568906,1.261396,1.001926,2.001076
42.831,2.543542,1.284355,0.995510,1.956783
42.841,2.546660,1.301275,0.993844,1.950496
42.851,2.529357,1.302547,1.009645,1.918759
42.861,2.535695,1.290111,1.034938,1.922048
42.871,2.521373,1.290062,1.018553,1.911965
42.881,2.467987,1.288589,1.011622,1.845839
42.891,2.477211,1.307183,1.010919,1.845506
42.901,2.482732,1.326934,1.001638,1.843889
42.911,2.475165,1.324539,0.994583,1.839250
42.921,2.463777,1.322187,0.987892,1.829231
42.931,2.446843,1.283012,0.982823,1.837112
42.941,2.477640,1.268897,0.971818,1.893191
42.951,2.499260,1.275927,0.959555,1.922906
42.961,2.492044,1.276943,0.963522,1.910845
42.971,2.460641,1.278754,0.966425,1.866967
42.981,2.461435,1.267273,0.970521,1.873705
42.991,2.461771,1.239548,0.968886,1.893435
43.001,2.469367,1.248172,0.950754,1.906805
43.011,2.472090,1.251666,0.937787,1.914450
43.021,2.477572,1.250298,0.944008,1.919366
43.031,2.498387,1.223571,0.961804,1.954417
43.041,2.519745,1.203494,0.973931,1.988008
43.051,2.541519,1.217490,0.965490,2.011186
43.061,2.553948,1.221002,0.943284,2.035196
43.071,2.556794,1.198851,0.959829,2.044182
43.081,2.571848,1.164733,0.978482,2.073734
43.091,2.608278,1.152455,0.949916,2.138369
43.101,2.649706,1.158027,0.944869,2.187953
43.111,2.663456,1.155492,0.950552,2.203472
43.121,2.668258,1.143483,0.960338,2.211288
43.131,2.661679,1.114345,0.969063,2.214427
43.141,2.660591,1.109429,0.944271,2.226267
43.151,2.669688,1.101396,0.946357,2.240217
43.161,2.679786,1.097933,0.966007,2.245580
43.171,2.686741,1.085970,0.962933,2.260975
43.181,2.652518,1.070595,0.949964,2.233214
43.191,2.627329,1.074648,0.932142,2.208869
43.201,2.624310,1.068203,0.941488,2.204438
43.211,2.623046,1.055006,0.942868,2.208695
43.221,2.661535,1.033947,0.942292,2.264246
43.231,2.653033,1.024425,0.936559,2.260972
43.241,2.628753,1.033098,0.923067,2.234054
43.251,2.633796,1.030183,0.945532,2.231944
43.261,2.638887,1.031566,0.953951,2.233735
43.271,2.668799,1.007828,0.953010,2.280031
43.281,2.676138,0.987643,0.953958,2.297007
43.291,2.682950,0.997797,0.976590,2.291047
43.301,2.662085,1.000188,0.977662,2.265060
43.311,2.619307,1.003573,0.947738,2.226074
43.321,2.626169,1.001167,0.923319,2.245420
43.331,2.660439,0.974687,0.925365,2.296001
43.341,2.720430,0.969488,0.925550,2.367317
43.351,2.736877,0.975447,0.910900,2.389406
43.361,2.733535,0.982443,0.882033,2.393541
43.371,2.756575,0.984946,0.890252,2.415789
43.381,2.788461,0.977271,0.889142,2.455582
43.391,2.806043,0.949174,0.892534,2.485222
43.401,2.825158,0.960933,0.891747,2.502581
43.411,2.842304,0.975397,0.900174,2.513361
43.421,2.868085,0.974748,0.932372,2.531099
43.431,2.874837,0.975556,0.944673,2.533885
43.441,2.869268,0.971877,0.943214,2.529525
43.451,2.859098,0.958569,0.949177,2.520843
43.461,2.907252,0.995628,0.941080,2.564216
43.471,2.963943,1.006001,0.956212,2.618889
43.482,2.941732,1.004580,0.965716,2.590753
43.491,2.933591,1.006702,0.964516,2.581127
43.501,2.922344,0.991219,0.966541,2.573592
43.511,2.916148,0.987004,0.960691,2.570372
43.521,2.934198,0.986841,0.969408,2.587646
43.531,2.923884,1.000450,0.949942,2.577947
43.541,2.957497,0.989552,0.935776,2.625242
43.551,2.973455,0.993388,0.942164,2.639496
43.561,2.995972,1.007547,0.964378,2.651542
43.571,3.024435,1.012427,0.982438,2.675260
43.581,2.988222,1.013689,0.960934,2.641687
43.591,2.962344,1.012365,0.962203,2.612425
43.601,2.924685,1.016341,0.965540,2.566820
43.611,2.934684,1.082588,0.958640,2.553700
43.621,2.934877,1.098412,0.950093,2.550356
43.631,2.918539,1.099376,0.948567,2.531692
43.641,2.911677,1.104092,0.982148,2.508830
43.651,2.895501,1.104588,0.976925,2.491873
43.661,2.947330,1.106956,0.972978,2.552394
43.671,2.963325,1.101362,0.983183,2.569367
43.681,2.963375,1.098164,0.996040,2.565839
43.691,2.977001,1.089771,1.004052,2.582018
43.701,2.949039,1.085730,1.007991,2.549897
43.711,2.984750,1.111502,1.009703,2.579495
43.721,2.981755,1.107266,1.027470,2.570823
43.731,2.979578,1.125632,1.028644,2.559830
43.741,2.976108,1.119481,1.026918,2.559184
43.751,2.931966,1.125163,1.015907,2.509655
43.761,2.933900,1.154742,1.012229,2.499947
43.771,2.908615,1.154476,1.013692,2.469749
43.781,2.923419,1.175311,1.011391,2.478329
43.791,2.914800,1.183253,0.974697,2.479100
43.801,2.914177,1.183374,0.954859,2.486020
43.811,2.917112,1.183817,0.951629,2.490486
43.821,2.885632,1.182677,0.954620,2.452927
43.831,2.885552,1.188712,0.957206,2.448904
43.841,2.846184,1.195792,0.954129,2.400101
43.851,2.934716,1.188224,0.952910,2.508515
43.861,2.977658,1.191381,0.949975,2.558243
43.871,2.986612,1.203282,0.948467,2.563663
43.881,3.052501,1.218037,0.967305,2.626494
43.891,3.060859,1.210551,0.971933,2.637949
43.901,3.057629,1.181965,0.972084,2.647094
43.911,3.046515,1.168450,0.951990,2.647582
43.921,3.076205,1.171363,0.918390,2.692119
43.931,3.136936,1.189166,0.906981,2.757469
43.941,3.200826,1.200554,0.907166,2.825068
43.951,3.272113,1.201104,0.893275,2.909662
43.961,3.294506,1.163178,0.905594,2.946301
43.971,3.304333,1.157700,0.886972,2.965068
43.981,3.316318,1.158714,0.871151,2.982691
43.991,3.324160,1.151610,0.869160,2.994728
44.001,3.319528,1.150315,0.868169,2.990373
44.011,3.362211,1.144800,0.887087,3.034300
44.021,3.426860,1.159358,0.877838,3.103007
44.031,3.466215,1.162699,0.875312,3.145887
44.041,3.470723,1.197336,0.882842,3.135745
44.051,3.430125,1.182929,0.903056,3.090457
44.061,3.412487,1.172854,0.878064,3.081962
44.071,3.372152,1.167632,0.838898,3.050294
44.081,3.374503,1.166595,0.854051,3.049086
44.091,3.391315,1.172208,0.878400,3.058653
44.101,3.423347,1.163055,0.904664,3.090015
44.111,3.476860,1.113746,0.902505,3.167588
44.121,3.543381,1.090987,0.913538,3.245111
44.131,3.632828,1.108932,0.898168,3.340808
44.141,3.640494,1.108422,0.850683,3.361686
44.151,3.623006,1.106161,0.872348,3.337902
44.161,3.580491,1.089468,0.880250,3.295169
44.171,3.555278,1.071324,0.886363,3.272098
44.181,3.570502,1.054493,0.873369,3.297538
44.191,3.589901,1.095780,0.885629,3.301866
44.201,3.639068,1.134830,0.904319,3.337242
44.211,3.599562,1.109993,0.910421,3.300894
44.221,3.547799,1.109180,0.890740,3.250104
44.231,3.538917,1.071304,0.887266,3.254074
44.241,3.570279,1.154528,0.908185,3.254099
44.251,3.611943,1.171438,0.891408,3.298372
44.261,3.603618,1.138529,0.886426,3.302130
44.271,3.590143,1.160079,0.888747,3.279249
44.281,3.574955,1.126577,0.891960,3.273460
44.291,3.575633,1.125213,0.900714,3.272271
44.301,3.584587,1.122714,0.894311,3.284658
44.311,3.586136,1.122364,0.906979,3.282996
44.321,3.587914,1.132904,0.902130,3.282654
44.331,3.577363,1.126652,0.920980,3.268024
44.341,3.552196,1.101958,0.923938,3.248096
44.351,3.461650,1.105613,0.923222,3.147745
44.361,3.457120,1.112933,0.942215,3.134532
44.371,3.444815,1.094474,0.946859,3.126073
44.381,3.383090,1.116746,0.931766,3.054502
44.391,3.337533,1.119411,0.922579,3.005810
44.401,3.345075,1.131175,0.923665,3.009454
44.411,3.339240,1.134607,0.934438,2.998335
44.421,3.289748,1.130996,0.952296,2.938779
44.431,3.269436,1.111466,0.948116,2.924881
44.441,3.164656,1.119889,0.951097,2.802911
44.451,3.095635,1.111649,0.963379,2.723802
44.461,3.004967,1.116402,0.946366,2.624474
44.471,2.968483,1.110755,0.947541,2.584624
44.481,2.940020,1.111986,0.947618,2.551318
44.491,2.975031,1.114758,0.952223,2.588706
44.501,2.970103,1.112457,0.950524,2.584658
44.511,2.906382,1.123968,0.937026,2.511123
44.521,2.843992,1.111682,0.938633,2.443649
44.531,2.719814,1.092418,0.938726,2.307120
44.541,2.711464,1.072457,0.937499,2.307156
44.551,2.680458,1.071874,0.905830,2.283728
44.561,2.681982,1.063719,0.906640,2.289002
44.571,2.696416,1.073403,0.906281,2.301547
44.581,2.696098,1.072826,0.897568,2.304856
44.591,2.695149,1.075140,0.917215,2.294912
44.601,2.617049,1.145572,0.893708,2.176672
44.611,2.611799,1.202504,0.894727,2.138911
44.621,6.275880,1.337533,3.543952,5.003806
44.631,11.540128,2.138531,9.999926,5.348150
44.641,12.537788,2.144977,10.669547,6.225429
44.651,12.900458,2.175723,10.826187,6.669463
44.661,12.930700,2.237086,10.841239,6.683263
44.671,13.025495,2.528061,10.868460,6.719301
44.681,13.052826,2.554938,10.883283,6.738153
44.691,13.067580,2.541550,10.906947,6.733548
44.701,13.074694,2.543531,10.926184,6.715400
44.711,13.078821,2.553000,10.928846,6.715510
44.721,13.084395,2.556680,10.930593,6.722122
44.731,13.088250,2.561980,10.930529,6.727710
44.741,13.085609,2.532546,10.935250,6.726045
44.751,13.074623,2.525826,10.935913,6.706100
44.761,13.076079,2.539159,10.936659,6.702687
44.771,13.074264,2.525440,10.937102,6.703606
44.781,13.078392,2.527141,10.941138,6.704431
44.791,13.081908,2.529175,10.941078,6.710618
44.801,13.079296,2.527730,10.940614,6.706827
44.811,13.077794,2.533820,10.938355,6.705285
44.821,13.078201,2.536321,10.938100,6.705550
44.831,13.077960,2.542916,10.937153,6.704127
44.841,13.076288,2.547197,10.936258,6.700698
44.851,13.076706,2.545176,10.936190,6.702392
44.861,13.068111,2.532069,10.936106,6.690720
44.871,13.060456,2.531677,10.934690,6.678224
44.881,13.059446,2.522647,10.935179,6.678865
44.891,13.059635,2.517804,10.935533,6.680483
44.901,13.051465,2.504910,10.935516,6.669382
44.911,13.050365,2.506229,10.933424,6.670164
44.921,13.049430,2.504630,10.932933,6.669740
44.931,13.036061,2.503744,10.932849,6.644017
44.941,13.034653,2.500165,10.932015,6.643976
44.951,13.037176,2.503229,10.931616,6.648426
44.961,13.035810,2.494488,10.932835,6.647030
44.971,13.036930,2.495919,10.932200,6.649732
44.981,13.037949,2.495814,10.932193,6.651780
44.991,13.027293,2.490397,10.932126,6.633017
45.001,13.026493,2.490285,10.931331,6.632798
45.011,13.025333,2.488614,10.930965,6.631749
45.021,13.024479,2.483335,10.930654,6.632564
45.031,13.023968,2.481541,10.930629,6.632273
45.041,13.023667,2.480166,10.931064,6.631481
45.051,13.027105,2.480735,10.931543,6.637228
45.061,13.023965,2.478929,10.931570,6.631694
45.071,13.023501,2.478261,10.931735,6.630760
45.081,13.026530,2.477478,10.933780,6.633630
45.091,13.031565,2.478780,10.934414,6.641983
45.101,13.032351,2.461083,10.935604,6.648143
45.111,13.039760,2.447169,10.940085,6.660423
45.121,11.674784,2.366469,10.386158,4.777879
45.131,6.202643,1.536173,4.272248,4.226210
45.141,4.123912,1.536319,2.468643,2.924410
45.151,2.738862,1.444052,1.777160,1.502591
45.161,3.124949,1.403288,1.737611,2.185589
45.171,2.770662,0.945259,1.553347,2.090494
45.181,2.652428,0.911873,1.404564,2.056955
45.191,2.573518,0.960148,1.244513,2.037719
45.201,8.176909,0.945186,7.203311,3.752437
45.211,10.320131,1.053995,9.554892,3.754760
45.221,10.401711,1.280083,9.610519,3.767613
45.231,10.494671,1.430056,9.611384,3.964133
45.241,10.664855,1.443777,9.796027,3.961376
45.251,10.731859,1.441924,9.868133,3.964037
45.261,10.815280,1.435617,9.944184,4.002812
45.271,10.905865,1.447696,10.026676,4.038298
45.281,10.950944,1.490816,10.050983,4.083918
45.291,10.953296,1.474261,10.057703,4.079689
45.301,10.973871,1.510558,10.059053,4.118194
45.311,10.977869,1.512227,10.062238,4.120455
45.321,10.981248,1.527894,10.061656,4.125095
45.331,10.998820,1.580247,10.071101,4.129139
45.341,11.040601,1.590656,10.081747,4.209875
45.351,11.057439,1.592937,10.084227,4.247101
45.361,11.084890,1.608394,10.099912,4.275468
45.371,11.192583,1.716344,10.140158,4.416480
45.381,11.221945,1.738866,10.140722,4.480419
45.391,11.265332,1.883988,10.155595,4.496908
45.401,11.272179,1.915277,10.155902,4.500154
45.411,11.279742,1.929999,10.159864,4.503870
45.421,11.327027,1.979804,10.171343,4.574462
45.431,11.353862,1.974458,10.202211,4.574558
45.441,11.470309,2.480110,10.204241,4.614163
45.451,11.491006,2.564071,10.207742,4.612024
45.461,11.501886,2.584013,10.218273,4.604688
45.471,11.556941,2.668202,10.257181,4.608018
45.481,11.631983,2.989068,10.254428,4.605999
45.491,11.744373,3.411595,10.252023,4.602972
45.501,11.799734,3.431816,10.292710,4.638587
45.511,11.949425,3.580593,10.320170,4.843778
45.521,12.023639,3.612894,10.388986,4.856323
45.531,12.139782,3.979501,10.386593,4.863803
45.541,12.175125,4.036856,10.391380,4.894557
45.551,12.218564,4.177354,10.390314,4.887168
45.561,12.216521,4.176772,10.388852,4.885665
45.571,12.221756,4.205298,10.383964,4.884677
45.581,12.218753,4.207371,10.383894,4.875520
45.591,12.215165,4.206064,10.386084,4.862977
45.601,12.210235,4.204559,10.385974,4.852119
45.611,12.197023,4.198462,10.388886,4.817816
45.621,12.195328,4.189294,10.391889,4.815027
45.631,12.191598,4.184778,10.389295,4.815107
45.641,12.192571,4.187952,10.389458,4.814458
45.652,12.174969,4.188766,10.385416,4.777787
45.661,12.077336,4.183166,10.384926,4.529510
45.671,12.080289,4.187806,10.387918,4.526239
45.681,12.068744,4.187315,10.384783,4.503028
45.691,12.059222,4.167175,10.382140,4.502293
45.701,9.293975,4.162278,7.631565,3.288256
45.711,6.762227,4.114289,4.242737,3.286264
45.721,6.636861,4.026244,4.149309,3.258914
45.731,6.507435,3.992863,4.161157,3.014718
45.741,6.250313,3.994450,3.744744,3.014576
45.751,6.120793,3.995283,3.527538,3.009700
45.761,5.947361,3.995309,3.271550,2.950519
45.771,5.802460,3.984942,3.059599,2.903038
45.781,5.709135,3.950198,2.993236,2.833849
45.791,5.688708,3.939558,2.972168,2.829752
45.801,5.636676,3.909873,2.975397,2.762611
45.811,5.625117,3.909463,2.967380,2.748217
45.821,5.626780,3.909773,2.973693,2.744355
45.831,5.592527,3.899162,2.934683,2.731397
45.841,5.518217,3.899167,2.898594,2.616365
45.851,5.490400,3.901564,2.896034,2.556419
45.861,5.429893,3.886828,2.848211,2.502799
45.871,5.167248,3.813980,2.690924,2.216515
45.881,5.091303,3.784234,2.685765,2.094660
45.891,5.018854,3.742739,2.640888,2.050978
45.901,5.010272,3.737688,2.638504,2.042257
45.911,4.977692,3.718494,2.609981,2.034262
45.921,4.836995,3.669205,2.537379,1.869535
45.931,4.746558,3.666045,2.363599,1.871719
45.941,4.486352,3.407396,2.318948,1.771860
45.951,4.415549,3.315114,2.319159,1.768782
45.961,4.336638,3.280338,2.231826,1.750645
45.971,4.178891,3.170527,2.096119,1.737000
45.981,4.008956,2.943086,2.095911,1.736989
45.991,3.689807,2.510890,2.085004,1.721297
46.001,3.436461,2.492980,1.738869,1.603325
46.011,2.889753,2.231940,1.638622,0.827063
46.021,2.431622,2.199287,0.757188,0.708936
46.031,1.788894,1.500258,0.756947,0.613514
46.041,1.539356,1.315584,0.753989,0.265246
46.051,1.071016,0.785461,0.678114,0.265119
46.061,1.067069,0.785173,0.672445,0.264494
46.071,0.937222,0.608833,0.661680,0.264362
46.081,0.897428,0.595660,0.619701,0.257946
46.091,0.888687,0.589495,0.617076,0.247947
46.101,0.848191,0.573808,0.578487,0.235637
46.111,0.836125,0.556161,0.578596,0.234557
46.121,0.825692,0.541637,0.579153,0.230170
46.131,0.779921,0.538295,0.515727,0.229217
46.141,0.756103,0.507485,0.516068,0.218687
46.151,0.743143,0.492646,0.514286,0.212299
46.161,0.720696,0.486955,0.487887,0.210344
46.171,0.697405,0.458944,0.487712,0.194632
46.181,0.696219,0.457478,0.487731,0.193788
46.191,0.680436,0.453295,0.478970,0.167644
46.201,0.636522,0.391326,0.476624,0.157648
46.211,0.609175,0.346007,0.476097,0.157179
46.221,0.606539,0.344453,0.473819,0.157280
46.231,0.595960,0.336993,0.466852,0.153795
46.241,0.583974,0.320305,0.463576,0.153388
46.251,0.567700,0.290783,0.462943,0.153008
46.261,0.560899,0.291094,0.456634,0.146144
46.271,0.549655,0.289737,0.445485,0.140416
46.281,0.538160,0.273615,0.441848,0.139717
46.291,0.522071,0.244063,0.440383,0.138035
46.301,0.514555,0.240032,0.435000,0.133888
46.311,0.503796,0.239879,0.424134,0.127982
46.321,0.499407,0.237046,0.420524,0.127969
46.331,0.493744,0.227547,0.420277,0.123987
46.341,0.464176,0.200892,0.400795,0.120271
46.351,0.442230,0.176075,0.389225,0.114320
46.361,0.433021,0.160640,0.385848,0.113239
46.371,0.426450,0.160578,0.378486,0.113237
46.381,0.423152,0.156334,0.376615,0.113042
46.391,0.421537,0.151634,0.376893,0.112480
46.401,0.418716,0.151443,0.373840,0.112392
46.411,0.415197,0.150930,0.370213,0.112034
46.422,0.412382,0.144064,0.369906,0.111686
46.431,0.388426,0.144099,0.353470,0.071896
46.441,0.376029,0.118613,0.353105,0.051434
46.451,0.357447,0.115438,0.335400,0.044150
46.461,0.352989,0.109435,0.333571,0.036821
46.471,0.333753,0.106030,0.314823,0.032166
46.481,0.172863,0.101417,0.136249,0.032129
46.491,0.150614,0.101408,0.107876,0.027634
46.501,0.144842,0.093623,0.107084,0.027329
46.511,0.133413,0.080369,0.103217,0.026194
46.521,0.122853,0.079941,0.089628,0.025864
46.531,0.118571,0.073380,0.089522,0.025698
46.541,0.118605,0.073461,0.089543,0.025551
46.551,0.115308,0.073400,0.085187,0.025524
46.561,0.107864,0.066077,0.082614,0.021057
46.571,0.103318,0.065981,0.076646,0.021131
46.581,0.102939,0.065457,0.076574,0.021170
46.591,0.096630,0.059097,0.073785,0.020015
46.601,0.086265,0.051692,0.066398,0.018995
46.611,0.082190,0.051842,0.061773,0.015864
46.621,0.078489,0.051528,0.057041,0.015866
46.631,0.071752,0.047936,0.051397,0.014453
46.641,0.061668,0.038771,0.046493,0.011752
46.651,0.056425,0.034926,0.042762,0.011635
46.661,0.052416,0.032180,0.040045,0.010403
46.671,0.050304,0.030072,0.038940,0.010484
46.681,0.048560,0.027084,0.038896,0.010566
46.691,0.047913,0.025458,0.039269,0.010268
46.701,0.047760,0.025444,0.039155,0.010021
46.711,0.047737,0.025443,0.039114,0.010079
46.721,0.046958,0.025439,0.038366,0.009274
46.731,0.046259,0.025085,0.037755,0.009234
46.741,0.044674,0.022823,0.037285,0.009201
46.751,0.042963,0.021899,0.035818,0.009127
46.761,0.041411,0.020858,0.034605,0.009074
46.771,0.039965,0.019255,0.033746,0.009362
46.781,0.038207,0.017494,0.032642,0.009394
46.791,0.036203,0.016338,0.030913,0.009389
46.801,0.033556,0.015111,0.028449,0.009396
46.811,0.030464,0.014205,0.025292,0.009306
46.821,0.028694,0.014141,0.023210,0.009204
46.831,0.027302,0.014086,0.021584,0.009006
46.841,0.026955,0.014121,0.021604,0.007775
46.851,0.026894,0.014064,0.021649,0.007540
46.861,0.027087,0.014070,0.021868,0.007587
46.871,0.026839,0.014079,0.021607,0.007434
46.881,0.025811,0.014070,0.020322,0.007434
46.892,0.024374,0.013890,0.018776,0.006973
46.901,0.022084,0.013293,0.016179,0.007016
46.911,0.020471,0.012853,0.014361,0.006901
46.921,0.019175,0.012750,0.012613,0.006784
46.931,0.018098,0.011683,0.012040,0.006789
46.941,0.017744,0.011314,0.011883,0.006757
46.951,0.017871,0.011060,0.012228,0.006893
46.961,0.017855,0.011055,0.012222,0.006870
46.971,0.017867,0.011050,0.012173,0.006997
46.981,0.017730,0.011099,0.012067,0.006750
46.991,0.017491,0.010908,0.011935,0.006670
47.001,0.016957,0.010896,0.011185,0.006613
47.011,0.016523,0.010743,0.010569,0.006772
47.021,0.015903,0.010514,0.009809,0.006792
47.031,0.015889,0.010521,0.009823,0.006729
47.041,0.015354,0.009700,0.009826,0.006716
47.051,0.015375,0.009691,0.009841,0.006755
47.061,0.015378,0.009696,0.009838,0.006760
47.071,0.015029,0.009358,0.009830,0.006455
47.081,0.014625,0.009291,0.009316,0.006387
47.091,0.014724,0.009444,0.009311,0.006397
47.101,0.014320,0.009120,0.009212,0.006085
47.111,0.013493,0.008321,0.008826,0.005911
47.121,0.013493,0.008308,0.008808,0.005954
47.132,0.013180,0.007939,0.008813,0.005746
47.141,0.013149,0.007923,0.008803,0.005712
47.151,0.013212,0.007907,0.008900,0.005731
47.161,0.013218,0.007909,0.008882,0.005766
47.172,0.012635,0.007347,0.008659,0.005541
47.181,0.012249,0.006805,0.008580,0.005487
47.191,0.011581,0.006657,0.007795,0.005388
47.200,0.011408,0.006349,0.007687,0.005546
47.210,0.011293,0.006250,0.007681,0.005429
47.220,0.011029,0.006330,0.007252,0.005384
47.230,0.010788,0.006264,0.006974,0.005338
47.240,0.010535,0.006262,0.006618,0.005289
47.250,0.010418,0.006074,0.006593,0.005308
47.260,0.010296,0.005720,0.006608,0.005444
47.270,0.009984,0.005660,0.006582,0.004932
47.280,0.009642,0.005412,0.006355,0.004828
47.290,0.009588,0.005339,0.006333,0.004828
47.301,0.009398,0.005133,0.006220,0.004826
47.311,0.009357,0.004881,0.006372,0.004808
47.321,0.009372,0.004910,0.006373,0.004808
47.332,0.009557,0.004901,0.006640,0.004820
47.341,0.009574,0.004936,0.006595,0.004878
47.351,0.009625,0.004928,0.006577,0.005010
47.361,0.009220,0.004929,0.006001,0.004970
47.371,0.009310,0.004938,0.006106,0.005000
47.381,0.009297,0.004937,0.006112,0.004972
47.391,0.009347,0.004952,0.006176,0.004971
47.401,0.009500,0.005220,0.006174,0.004988
47.411,0.009574,0.005221,0.006277,0.005000
47.422,0.009461,0.005201,0.006205,0.004893
47.431,0.009524,0.005231,0.006278,0.004893
47.441,0.009688,0.005312,0.006446,0.004907
47.451,0.009082,0.005245,0.005797,0.004623
47.461,0.009092,0.005259,0.005803,0.004619
47.471,0.008997,0.005319,0.005663,0.004536
47.481,0.009147,0.005242,0.005923,0.004593
47.491,0.009223,0.005348,0.005916,0.004633
47.501,0.009160,0.005345,0.005809,0.004647
47.511,0.008976,0.005328,0.005778,0.004335
47.521,0.008980,0.005310,0.005774,0.004372
47.531,0.008946,0.005298,0.005727,0.004377
47.541,0.009068,0.005434,0.005764,0.004413
47.551,0.009204,0.005598,0.005822,0.004415
47.561,0.009196,0.005587,0.005823,0.004410
47.571,0.009166,0.005489,0.005821,0.004473
47.581,0.009353,0.005470,0.006166,0.004420
47.591,0.009086,0.005273,0.005887,0.004481
47.601,0.009382,0.005468,0.006082,0.004596
47.611,0.009579,0.005753,0.006112,0.004615
47.621,0.009575,0.005804,0.006125,0.004524
47.631,0.009562,0.005768,0.006142,0.004521
47.641,0.009762,0.005952,0.006138,0.004711
47.651,0.009724,0.006000,0.006002,0.004747
47.661,0.009696,0.005986,0.006018,0.004685
47.671,0.009796,0.005978,0.006054,0.004855
47.681,0.009809,0.005980,0.006092,0.004831
47.691,0.009815,0.006028,0.006062,0.004822
47.701,0.009650,0.005882,0.006048,0.004684
47.711,0.009712,0.005859,0.006160,0.004696
47.721,0.009755,0.005801,0.006276,0.004703
47.731,0.009788,0.005715,0.006271,0.004880
47.741,0.009790,0.005730,0.006251,0.004892
47.751,0.009791,0.005729,0.006259,0.004884
47.761,0.009715,0.005733,0.006186,0.004820
47.771,0.009650,0.005575,0.006229,0.004822
47.781,0.009669,0.005576,0.006200,0.004894
47.791,0.009753,0.005572,0.006346,0.004879
47.801,0.009746,0.005651,0.006283,0.004855
47.812,0.009684,0.005727,0.006068,0.004916
47.821,0.009671,0.005699,0.006071,0.004919
47.831,0.009510,0.005700,0.005667,0.005084
47.841,0.009501,0.005660,0.005731,0.005038
47.851,0.009489,0.005660,0.005823,0.004910
47.861,0.009555,0.005664,0.005917,0.004921
47.872,0.009551,0.005720,0.005930,0.004833
47.881,0.009762,0.005982,0.005976,0.004880
47.891,0.010016,0.006071,0.005965,0.005281
47.901,0.009824,0.005791,0.005972,0.005227
47.912,0.010024,0.006315,0.005797,0.005196
47.921,0.010064,0.006378,0.005770,0.005225
47.932,0.010093,0.006391,0.005810,0.005221
47.941,0.010037,0.006276,0.005781,0.005286
47.951,0.010035,0.006266,0.005746,0.005332
47.961,0.010138,0.006244,0.005934,0.005346
47.972,0.010172,0.006200,0.005988,0.005401
47.981,0.010065,0.006194,0.005849,0.005360
47.991,0.010035,0.006134,0.005979,0.005227
48.001,0.010172,0.006370,0.005973,0.005217
48.011,0.010141,0.006325,0.005971,0.005215
48.021,0.010194,0.006356,0.005994,0.005252
48.032,0.010220,0.006382,0.006009,0.005254
48.042,0.010221,0.006260,0.006166,0.005221
48.052,0.010115,0.006337,0.005965,0.005155
48.061,0.010176,0.006342,0.006077,0.005137
48.072,0.010191,0.006369,0.006072,0.005140
48.082,0.009956,0.006446,0.005565,0.005158
48.092,0.009902,0.006368,0.005620,0.005091
48.101,0.010012,0.006380,0.005864,0.005015
48.112,0.009836,0.006074,0.005916,0.004985
48.121,0.009743,0.005982,0.005842,0.005001
48.132,0.009771,0.006021,0.005846,0.005004
48.141,0.009599,0.005896,0.005818,0.004850
48.152,0.009723,0.005948,0.005815,0.005034
48.162,0.009824,0.006003,0.005706,0.005284
48.172,0.009800,0.006084,0.005711,0.005140
48.181,0.009817,0.006102,0.005707,0.005154
48.192,0.009815,0.006125,0.005670,0.005164
48.202,0.010012,0.006114,0.005964,0.005224
48.212,0.010090,0.006092,0.006026,0.005327
48.221,0.010352,0.006253,0.006203,0.005439
48.232,0.010383,0.006418,0.006213,0.005293
48.241,0.010395,0.006418,0.006251,0.005273
48.252,0.010296,0.006402,0.006161,0.005202
48.262,0.010484,0.006724,0.006136,0.005201
48.272,0.010373,0.006629,0.006050,0.005200
48.282,0.010463,0.006692,0.006068,0.005280
48.292,0.010562,0.006859,0.006041,0.005294
48.301,0.010556,0.006830,0.006063,0.005294
48.312,0.010522,0.006788,0.006009,0.005340
48.322,0.010624,0.006966,0.005930,0.005401
48.332,0.010661,0.007007,0.006097,0.005233
48.341,0.010742,0.007113,0.006091,0.005263
48.352,0.010739,0.007116,0.006077,0.005270
48.362,0.010697,0.007113,0.006043,0.005227
48.372,0.010703,0.007109,0.006057,0.005229
48.381,0.010489,0.006865,0.006016,0.005168
48.392,0.010345,0.006914,0.006054,0.004751
48.402,0.010358,0.006927,0.006092,0.004712
48.412,0.009928,0.006398,0.005959,0.004702
48.422,0.009962,0.006550,0.005882,0.004663
48.432,0.009987,0.006564,0.005866,0.004716
48.442,0.009820,0.006556,0.005691,0.004589
48.452,0.009796,0.006660,0.005561,0.004548
48.461,0.009673,0.006736,0.005219,0.004578
48.472,0.009620,0.006732,0.005243,0.004442
48.482,0.009907,0.007079,0.005301,0.004467
48.492,0.009865,0.007159,0.005080,0.004502
48.501,0.009693,0.006906,0.005085,0.004517
48.512,0.009710,0.006922,0.005086,0.004527
48.522,0.009655,0.006911,0.005100,0.004410
48.532,0.009768,0.006911,0.005338,0.004378
48.542,0.009661,0.006816,0.005254,0.004390
48.552,0.009578,0.006685,0.005270,0.004390
48.562,0.009805,0.006871,0.005439,0.004398
48.572,0.009798,0.006864,0.005470,0.004354
48.582,0.009772,0.006832,0.005469,0.004347
48.592,0.010188,0.006879,0.005964,0.004573
48.602,0.009900,0.006714,0.005685,0.004539
48.612,0.009986,0.006752,0.005636,0.004728
48.622,0.010218,0.006857,0.005901,0.004750
48.632,0.010349,0.007021,0.005899,0.004796
48.642,0.010465,0.007140,0.005963,0.004794
48.652,0.010377,0.007051,0.006072,0.004594
48.662,0.010256,0.007025,0.006109,0.004300
48.672,0.010300,0.007027,0.006207,0.004265
48.682,0.010357,0.007116,0.006221,0.004236
48.692,0.010394,0.007128,0.006253,0.004257
48.702,0.010256,0.007123,0.006032,0.004250
48.712,0.010174,0.007117,0.005971,0.004146
48.722,0.010055,0.007049,0.005957,0.003992
48.732,0.010128,0.007048,0.006102,0.003958
48.742,0.010116,0.007067,0.006061,0.003958
48.752,0.010226,0.007191,0.006060,0.004018
48.762,0.010011,0.006935,0.006056,0.003930
48.772,0.009975,0.006911,0.006024,0.003929
48.782,0.009864,0.006836,0.006022,0.003782
48.792,0.009747,0.006704,0.005984,0.003777
48.802,0.009899,0.006693,0.006043,0.004085
48.812,0.009904,0.006707,0.006109,0.003971
48.822,0.009767,0.006520,0.006126,0.003919
48.832,0.009665,0.006479,0.005981,0.003958
48.842,0.009571,0.006340,0.005985,0.003948
48.852,0.009628,0.006421,0.005994,0.003941
48.862,0.009886,0.006434,0.005992,0.004521
48.872,0.009871,0.006402,0.006003,0.004518
48.882,0.009991,0.006532,0.006020,0.004572
48.892,0.009917,0.006430,0.005972,0.004621
48.902,0.009963,0.006561,0.005891,0.004637
48.912,0.009938,0.006553,0.005871,0.004620
48.922,0.009967,0.006578,0.005848,0.004677
48.932,0.010021,0.006571,0.005982,0.004631
48.942,0.010061,0.006622,0.005985,0.004641
48.952,0.010056,0.006566,0.006043,0.004635
48.962,0.010070,0.006488,0.006187,0.004585
48.972,0.010081,0.006488,0.006215,0.004571
48.982,0.009864,0.006162,0.006193,0.004580
48.992,0.009943,0.006140,0.006369,0.004539
49.002,0.010039,0.006134,0.006348,0.004780
49.012,0.010070,0.006114,0.006424,0.004770
49.022,0.010248,0.006146,0.006677,0.004760
49.032,0.010199,0.006143,0.006498,0.004904
49.042,0.010302,0.006279,0.006539,0.004893
49.052,0.010302,0.006247,0.006561,0.004904
49.062,0.010212,0.006290,0.006379,0.004902
49.072,0.010337,0.006260,0.006366,0.005209
49.082,0.010347,0.006280,0.006363,0.005210
49.092,0.009934,0.006208,0.005911,0.005020
49.102,0.010117,0.006205,0.006111,0.005149
49.112,0.009869,0.005942,0.006104,0.004984
49.122,0.009657,0.005855,0.005873,0.004949
49.132,0.009510,0.005624,0.005885,0.004915
49.142,0.009434,0.005526,0.005853,0.004920
49.152,0.009529,0.005775,0.005751,0.004938
49.162,0.009555,0.005821,0.005720,0.004970
49.172,0.009386,0.005684,0.005577,0.004969
49.182,0.009311,0.005589,0.005573,0.004939
49.192,0.009229,0.005454,0.005587,0.004921
49.202,0.009278,0.005609,0.005537,0.004896
49.212,0.009372,0.005641,0.005609,0.004955
49.222,0.009296,0.005620,0.005472,0.004989
49.232,0.009190,0.005520,0.005402,0.004981
49.242,0.009323,0.005527,0.005459,0.005155
49.252,0.009377,0.005604,0.005484,0.005143
49.262,0.009407,0.005647,0.005495,0.005138
49.272,0.009501,0.005768,0.005498,0.005175
49.282,0.009555,0.005825,0.005543,0.005161
49.292,0.009603,0.005910,0.005552,0.005143
49.302,0.009442,0.005951,0.005453,0.004900
49.312,0.009465,0.005937,0.005461,0.004951
49.322,0.009430,0.005946,0.005416,0.004922
49.332,0.009367,0.005946,0.005344,0.004882
49.342,0.009654,0.006407,0.005366,0.004834
49.352,0.009782,0.006431,0.005557,0.004843
49.362,0.009547,0.006463,0.005569,0.004286
49.372,0.009578,0.006482,0.005538,0.004364
49.382,0.009628,0.006389,0.005746,0.004343
49.392,0.009743,0.006451,0.005926,0.004265
49.402,0.009636,0.006367,0.005830,0.004281
49.412,0.010037,0.006854,0.005830,0.004447
49.422,0.009955,0.006620,0.006006,0.004382
49.432,0.009952,0.006633,0.006000,0.004364
49.442,0.010046,0.006676,0.006054,0.004438
49.452,0.010004,0.006634,0.006027,0.004445
49.462,0.009934,0.006634,0.005764,0.004633
49.472,0.010029,0.006643,0.005770,0.004811
49.482,0.010047,0.006641,0.005821,0.004792
49.492,0.009947,0.006586,0.005708,0.004795
49.502,0.010061,0.006586,0.006061,0.004595
49.512,0.010117,0.006636,0.006066,0.004640
49.522,0.009966,0.006497,0.005819,0.004823
49.532,0.009980,0.006509,0.005825,0.004827
49.542,0.010101,0.006447,0.006067,0.004864
49.552,0.010172,0.006431,0.006157,0.004920
49.562,0.010169,0.006273,0.006317,0.004915
49.572,0.010044,0.006324,0.006349,0.004538
49.582,0.010173,0.006382,0.006477,0.004561
49.592,0.010185,0.006416,0.006470,0.004552
49.602,0.010073,0.006418,0.006412,0.004377
49.612,0.010087,0.006419,0.006450,0.004352
49.622,0.010068,0.006411,0.006451,0.004319
49.632,0.010060,0.006331,0.006507,0.004332
49.642,0.010060,0.006325,0.006513,0.004332
49.652,0.009981,0.006154,0.006583,0.004291
49.662,0.009938,0.006087,0.006591,0.004275
49.672,0.009953,0.006084,0.006605,0.004292
49.682,0.010092,0.006335,0.006583,0.004286
49.692,0.010222,0.006588,0.006544,0.004274
49.702,0.010214,0.006514,0.006552,0.004355
49.712,0.010062,0.006534,0.006345,0.004277
49.722,0.010285,0.006749,0.006336,0.004483
49.732,0.010311,0.006732,0.006312,0.004599
49.742,0.010474,0.006893,0.006522,0.004435
49.752,0.010384,0.006813,0.006471,0.004421
49.762,0.010405,0.006841,0.006472,0.004424
49.772,0.010440,0.006812,0.006561,0.004420
49.782,0.010362,0.006778,0.006444,0.004462
49.792,0.010540,0.006794,0.006670,0.004521
49.802,0.010685,0.006969,0.006704,0.004544
49.812,0.010663,0.006969,0.006690,0.004514
49.822,0.010669,0.006983,0.006667,0.004542
49.832,0.010625,0.006970,0.006607,0.004545
49.842,0.010388,0.006575,0.006612,0.004578
49.852,0.010298,0.006491,0.006548,0.004588
49.862,0.010446,0.006639,0.006652,0.004559
49.872,0.010547,0.006703,0.006767,0.004528
49.882,0.010514,0.006752,0.006668,0.004527
49.892,0.010303,0.006683,0.006373,0.004570
49.902,0.010317,0.006641,0.006395,0.004629
49.912,0.009928,0.006070,0.006422,0.004525
49.922,0.010071,0.006196,0.006420,0.004671
49.932,0.010200,0.006432,0.006304,0.004788
49.942,0.010100,0.006300,0.006277,0.004788
49.952,0.010317,0.006591,0.006300,0.004827
49.962,0.010285,0.006644,0.006277,0.004716
49.972,0.010166,0.006590,0.006207,0.004626
49.982,0.010129,0.006540,0.006177,0.004656
49.992,0.010111,0.006519,0.006177,0.004645
50.002,0.009892,0.006453,0.005734,0.004831
50.012,0.010078,0.006656,0.005781,0.004882
50.022,0.009969,0.006639,0.005753,0.004713
50.032,0.009819,0.006613,0.005651,0.004555
50.042,0.009851,0.006635,0.005668,0.004569
50.052,0.009798,0.006641,0.005606,0.004525
50.062,0.009822,0.006615,0.005524,0.004712
50.072,0.009812,0.006604,0.005517,0.004714
50.082,0.009791,0.006573,0.005528,0.004701
50.092,0.009940,0.006645,0.005709,0.004696
50.102,0.010023,0.006649,0.005578,0.005014
50.112,0.010046,0.006645,0.005572,0.005071
50.122,0.010064,0.006707,0.005488,0.005116
50.132,0.010012,0.006737,0.005361,0.005110
50.142,0.010039,0.006767,0.005384,0.005100
50.152,0.010275,0.006784,0.005718,0.005182
50.162,0.010327,0.006897,0.005710,0.005145
50.172,0.010356,0.006901,0.005761,0.005141
50.182,0.010298,0.006711,0.005885,0.005137
50.192,0.010185,0.006549,0.005857,0.005152
50.202,0.010286,0.006769,0.005839,0.005088
50.212,0.010353,0.006833,0.005874,0.005099
50.222,0.010143,0.006699,0.005865,0.004859
50.232,0.010148,0.006713,0.005955,0.004740
50.242,0.009914,0.006523,0.005652,0.004878
50.252,0.010124,0.006788,0.005649,0.004951
50.262,0.010122,0.006729,0.005692,0.004979
50.272,0.009997,0.006641,0.005637,0.004906
50.282,0.010221,0.006729,0.005845,0.005002
50.292,0.010007,0.006665,0.005575,0.004964
50.302,0.009833,0.006435,0.005545,0.004952
50.312,0.009975,0.006436,0.005748,0.005003
50.322,0.010112,0.006391,0.005777,0.005294
50.332,0.010188,0.006429,0.005806,0.005362
50.342,0.010589,0.006911,0.005996,0.005331
50.352,0.010658,0.006964,0.006058,0.005327
50.362,0.010524,0.006823,0.006028,0.005279
50.372,0.010461,0.006799,0.005948,0.005275
50.382,0.010459,0.006775,0.005917,0.005337
50.392,0.010462,0.006761,0.005958,0.005315
50.402,0.010515,0.006847,0.005958,0.005309
50.412,0.010515,0.006858,0.005961,0.005290
50.422,0.010318,0.006832,0.005788,0.005128
50.432,0.010131,0.006531,0.005871,0.005052
50.442,0.010207,0.006556,0.005876,0.005164
50.452,0.009966,0.006238,0.005867,0.005097
50.462,0.010368,0.006159,0.006595,0.005105
50.472,0.010397,0.006177,0.006718,0.004981
50.482,0.010468,0.006178,0.006853,0.004944
50.492,0.010487,0.006167,0.006898,0.004935
50.502,0.010411,0.006176,0.006892,0.004772
50.512,0.010371,0.005975,0.007056,0.004698
50.519,0.010414,0.005991,0.007056,0.004772
50.532,0.010501,0.006078,0.007124,0.004752
50.539,0.010505,0.005993,0.007024,0.005010
50.551,0.010542,0.005975,0.007019,0.005116
50.561,0.010509,0.005987,0.007007,0.005049
50.571,0.010560,0.006006,0.007015,0.005120
50.581,0.010581,0.006113,0.006928,0.005157
50.591,0.010479,0.006044,0.006780,0.005226
50.601,0.010343,0.006069,0.006778,0.004919
50.611,0.010310,0.006070,0.006776,0.004851
50.621,0.010461,0.006116,0.006885,0.004962
50.631,0.010575,0.006119,0.007055,0.004962
50.641,0.010535,0.006100,0.007010,0.004962
50.652,0.010278,0.006091,0.006719,0.004838
50.661,0.010219,0.005967,0.006726,0.004857
50.671,0.010230,0.005981,0.006687,0.004915
50.681,0.010192,0.006024,0.006590,0.004915
50.691,0.010243,0.006107,0.006563,0.004954
50.701,0.010073,0.005812,0.006603,0.004909
50.711,0.010022,0.005709,0.006554,0.004989
50.721,0.010000,0.005650,0.006541,0.005030
50.731,0.009975,0.005631,0.006523,0.005023
50.741,0.010298,0.006089,0.006631,0.005001
50.751,0.010194,0.005579,0.006765,0.005198
50.761,0.010169,0.005585,0.006737,0.005179
50.771,0.010221,0.005686,0.006712,0.005205
50.781,0.010042,0.005624,0.006548,0.005132
50.791,0.010040,0.005635,0.006536,0.005132
50.801,0.010059,0.005638,0.006563,0.005132
50.811,0.009910,0.005631,0.006382,0.005077
50.821,0.010098,0.006195,0.006351,0.004822
50.831,0.010013,0.006127,0.006324,0.004766
50.841,0.009576,0.005678,0.006041,0.004792
50.851,0.009586,0.005624,0.005994,0.004934
50.861,0.009547,0.005552,0.006006,0.004925
50.871,0.009510,0.005561,0.005946,0.004916
50.881,0.009456,0.005525,0.005952,0.004843
50.891,0.009658,0.005734,0.005984,0.004958
50.901,0.009566,0.005660,0.005931,0.004928
50.911,0.009667,0.005847,0.005903,0.004941
50.921,0.009589,0.005776,0.005838,0.004950
50.931,0.009697,0.005964,0.005775,0.005011
50.941,0.009664,0.005963,0.005869,0.004835
50.951,0.009694,0.006034,0.005845,0.004836
50.961,0.009162,0.006032,0.004939,0.004814
50.971,0.009115,0.006067,0.004823,0.004797
50.981,0.009356,0.006501,0.004714,0.004800
50.991,0.009307,0.006488,0.004633,0.004801
51.001,0.009438,0.006640,0.004632,0.004852
51.011,0.009343,0.006650,0.004364,0.004902
51.021,0.009320,0.006643,0.004401,0.004835
51.031,0.009312,0.006637,0.004276,0.004937
51.041,0.009180,0.006624,0.004234,0.004739
51.051,0.009319,0.006625,0.004639,0.004629
51.061,0.009313,0.006700,0.004661,0.004487
51.071,0.009466,0.006711,0.004994,0.004431
51.081,0.009353,0.006583,0.005004,0.004371
51.091,0.009515,0.006786,0.005092,0.004308
51.101,0.009611,0.006868,0.005182,0.004284
51.111,0.009768,0.006915,0.005417,0.004273
51.121,0.009569,0.006917,0.005260,0.004008
51.131,0.009416,0.006880,0.005035,0.003997
51.141,0.009499,0.006851,0.005118,0.004136
51.151,0.009492,0.006853,0.005102,0.004137
51.161,0.009492,0.006854,0.005158,0.004064
51.171,0.009501,0.006790,0.005242,0.004085
51.181,0.009812,0.006844,0.005391,0.004513
51.191,0.009695,0.006645,0.005404,0.004544
51.201,0.009751,0.006630,0.005525,0.004539
51.211,0.009761,0.006616,0.005587,0.004505
51.221,0.009745,0.006617,0.005587,0.004469
51.231,0.009768,0.006692,0.005543,0.004463
51.241,0.009539,0.006383,0.005537,0.004426
51.251,0.009343,0.006450,0.005339,0.004144
51.261,0.009353,0.006428,0.005394,0.004130
51.271,0.009523,0.006604,0.005493,0.004113
51.281,0.009459,0.006568,0.005479,0.004039
51.291,0.009673,0.006727,0.005485,0.004270
51.301,0.009777,0.006740,0.005453,0.004520
51.311,0.009820,0.006778,0.005463,0.004543
51.321,0.009506,0.006375,0.005464,0.004458
51.331,0.009601,0.006500,0.005469,0.004473
51.341,0.009711,0.006519,0.005516,0.004624
51.351,0.009714,0.006599,0.005477,0.004562
51.361,0.009748,0.006637,0.005389,0.004683
51.371,0.009882,0.006586,0.005491,0.004913
51.381,0.010005,0.006591,0.005731,0.004881
51.391,0.009868,0.006402,0.005783,0.004791
51.401,0.009865,0.006415,0.005784,0.004765
51.411,0.009785,0.006227,0.005803,0.004826
51.421,0.009858,0.006295,0.005820,0.004867
51.431,0.010144,0.006156,0.006491,0.004782
51.441,0.010114,0.006100,0.006427,0.004876
51.451,0.010154,0.006085,0.006497,0.004886
51.461,0.010288,0.006279,0.006524,0.004885
51.471,0.010387,0.006238,0.006695,0.004916
51.481,0.010528,0.006366,0.006718,0.005017
51.491,0.010616,0.006462,0.006716,0.005082
51.501,0.010748,0.006344,0.007050,0.005056
51.511,0.010799,0.006353,0.007130,0.005042
51.521,0.010782,0.006345,0.007110,0.005044
51.531,0.010839,0.006337,0.007106,0.005180
51.541,0.010833,0.006368,0.007117,0.005113
51.551,0.010799,0.006494,0.006918,0.005156
51.561,0.010741,0.006427,0.006892,0.005154
51.571,0.010600,0.006442,0.006669,0.005137
51.581,0.010687,0.006397,0.006851,0.005134
51.591,0.011015,0.006397,0.007010,0.005593
51.601,0.011072,0.006305,0.006949,0.005878
51.611,0.010991,0.006327,0.006760,0.005923
51.621,0.010968,0.006292,0.006767,0.005908
51.631,0.011088,0.006316,0.006844,0.006017
51.641,0.011111,0.006466,0.006799,0.005951
51.651,0.011092,0.006469,0.006775,0.005941
51.661,0.011557,0.007148,0.006836,0.005979
51.671,0.011612,0.007254,0.006857,0.005933
51.681,0.011489,0.007252,0.006736,0.005833
51.691,0.011581,0.007258,0.006792,0.005941
51.701,0.011515,0.007273,0.006635,0.005973
51.711,0.011489,0.007310,0.006581,0.005937
51.721,0.011490,0.007309,0.006582,0.005939
51.731,0.011447,0.007242,0.006587,0.005934
51.741,0.011463,0.007335,0.006496,0.005951
51.751,0.011472,0.007350,0.006495,0.005951
51.761,0.011563,0.007404,0.006576,0.005970
51.771,0.011406,0.007218,0.006495,0.005984
51.781,0.011414,0.007184,0.006520,0.006014
51.791,0.011346,0.007099,0.006529,0.005974
51.801,0.011377,0.007240,0.006556,0.005834
51.811,0.011359,0.007195,0.006565,0.005845
51.821,0.011551,0.007272,0.006621,0.006058
51.831,0.011470,0.007170,0.006609,0.006039
51.841,0.011472,0.007150,0.006719,0.005944
51.851,0.011450,0.007114,0.006731,0.005932
51.861,0.011477,0.007167,0.006808,0.005832
51.871,0.011369,0.007165,0.006741,0.005698
51.881,0.011296,0.007180,0.006601,0.005699
51.891,0.011335,0.007338,0.006498,0.005693
51.901,0.011453,0.007363,0.006506,0.005883
51.911,0.011420,0.007348,0.006478,0.005870
51.921,0.011408,0.007403,0.006460,0.005798
51.931,0.011014,0.007417,0.005731,0.005783
51.941,0.011182,0.007658,0.005721,0.005802
51.951,0.011264,0.007590,0.005684,0.006080
51.961,0.011124,0.007385,0.005687,0.006071
51.971,0.010915,0.007311,0.005429,0.006018
51.981,0.010551,0.006875,0.005306,0.005992
51.991,0.010457,0.006836,0.005300,0.005876
52.001,0.010346,0.006931,0.004950,0.005874
52.011,0.010287,0.006914,0.004845,0.005877
52.021,0.010335,0.006910,0.004911,0.005911
52.031,0.010413,0.006873,0.005126,0.005910
52.041,0.010381,0.006862,0.005107,0.005882
52.051,0.010313,0.006717,0.005189,0.005858
52.061,0.010327,0.006716,0.005225,0.005851
52.071,0.010428,0.006776,0.005309,0.005886
52.081,0.010281,0.006761,0.005036,0.005884
52.091,0.009779,0.006440,0.004744,0.005625
52.101,0.009728,0.006572,0.004771,0.005355
52.111,0.009702,0.006491,0.004773,0.005406
52.121,0.009765,0.006515,0.004768,0.005493
52.131,0.009701,0.006605,0.004691,0.005337
52.141,0.009958,0.006861,0.004855,0.005340
52.151,0.010011,0.006913,0.004898,0.005333
52.161,0.009576,0.006288,0.004882,0.005322
52.171,0.009473,0.006188,0.004782,0.005346
52.181,0.009440,0.006225,0.004780,0.005246
52.191,0.009570,0.006207,0.004798,0.005479
52.201,0.009581,0.006198,0.004803,0.005506
52.211,0.009676,0.006329,0.004798,0.005526
52.221,0.009738,0.006341,0.004799,0.005621
52.231,0.009936,0.006474,0.005023,0.005620
52.241,0.009925,0.006454,0.005056,0.005593
52.251,0.009993,0.006429,0.005113,0.005691
52.261,0.009977,0.006483,0.004943,0.005751
52.271,0.010061,0.006485,0.004911,0.005919
52.281,0.010009,0.006481,0.004863,0.005876
52.291,0.009909,0.006394,0.004873,0.005792
52.301,0.009730,0.006170,0.004897,0.005711
52.311,0.009700,0.006161,0.004864,0.005698
52.321,0.009459,0.006027,0.004857,0.005437
52.331,0.009569,0.005956,0.004863,0.005696
52.341,0.009763,0.005954,0.005222,0.005708
52.351,0.009879,0.005976,0.005443,0.005679
52.361,0.009947,0.006041,0.005282,0.005879
52.371,0.009977,0.006044,0.005329,0.005884
52.381,0.009924,0.006005,0.005220,0.005931
52.391,0.009919,0.005869,0.005221,0.006056
52.401,0.009777,0.005800,0.005184,0.005922
52.411,0.010060,0.006238,0.005226,0.005915
52.421,0.010084,0.006098,0.005326,0.006011
52.431,0.010071,0.006049,0.005364,0.006006
52.441,0.010066,0.006248,0.005198,0.005938
52.451,0.009841,0.006260,0.005131,0.005598
52.461,0.009972,0.006277,0.005184,0.005760
52.471,0.010029,0.006350,0.005108,0.005846
52.481,0.010114,0.006486,0.005152,0.005804
52.491,0.010069,0.006421,0.005145,0.005804
52.501,0.010045,0.006343,0.005163,0.005831
52.511,0.010066,0.006330,0.005174,0.005873
52.521,0.010242,0.006374,0.005482,0.005850
52.531,0.010099,0.006384,0.005417,0.005647
52.541,0.010146,0.006417,0.005411,0.005700
52.551,0.010155,0.006493,0.005309,0.005725
52.561,0.010242,0.006490,0.005466,0.005736
52.571,0.010392,0.006387,0.005903,0.005689
52.581,0.010416,0.006386,0.005895,0.005741
52.591,0.010392,0.006361,0.005891,0.005729
52.601,0.010304,0.006219,0.005890,0.005729
52.611,0.010256,0.006197,0.005885,0.005669
52.621,0.010190,0.006154,0.005889,0.005593
52.631,0.010169,0.006139,0.005866,0.005596
52.641,0.010130,0.006144,0.005770,0.005618
52.651,0.010046,0.006071,0.005701,0.005618
52.661,0.010023,0.006096,0.005612,0.005639
52.671,0.010060,0.006040,0.005766,0.005610
52.681,0.010243,0.006380,0.005776,0.005555
52.691,0.009949,0.006383,0.005685,0.005091
52.701,0.010057,0.006471,0.005682,0.005194
52.711,0.009979,0.006325,0.005696,0.005209
52.721,0.010066,0.006456,0.005714,0.005195
52.731,0.010132,0.006633,0.005614,0.005210
52.741,0.010305,0.006650,0.005851,0.005267
52.751,0.010375,0.006853,0.005805,0.005194
52.761,0.010365,0.006737,0.005821,0.005307
52.771,0.010325,0.006793,0.005819,0.005158
52.781,0.010392,0.006917,0.005791,0.005158
52.791,0.010421,0.006936,0.005777,0.005208
52.801,0.010525,0.007054,0.005751,0.005285
52.811,0.010579,0.007105,0.005750,0.005327
52.821,0.010588,0.007096,0.005722,0.005386
52.831,0.010465,0.007099,0.005718,0.005139
52.841,0.010115,0.007090,0.005129,0.005073
52.851,0.009941,0.007066,0.004824,0.005061
52.861,0.009720,0.006937,0.004867,0.004761
52.871,0.009846,0.007015,0.005000,0.004767
52.881,0.009889,0.007071,0.005019,0.004754
52.891,0.009908,0.007160,0.005063,0.004612
52.901,0.010003,0.007190,0.005284,0.004522
52.911,0.009710,0.006714,0.005265,0.004636
52.921,0.009598,0.006670,0.005190,0.004549
52.931,0.009694,0.006855,0.005130,0.004545
52.941,0.009562,0.006583,0.005179,0.004613
52.951,0.009632,0.006549,0.005346,0.004616
52.961,0.009630,0.006577,0.005472,0.004420
52.971,0.009653,0.006604,0.005573,0.004303
52.981,0.009601,0.006482,0.005572,0.004373
52.991,0.009741,0.006664,0.005598,0.004374
53.001,0.009946,0.006743,0.005595,0.004707
53.011,0.009901,0.006708,0.005595,0.004660
53.021,0.009838,0.006803,0.005376,0.004648
53.031,0.010011,0.006993,0.005441,0.004660
53.041,0.009963,0.006980,0.005441,0.004576
53.051,0.009976,0.006943,0.005527,0.004556
53.061,0.010026,0.006944,0.005364,0.004849
53.071,0.009819,0.007062,0.004796,0.004851
53.081,0.010003,0.007192,0.004882,0.004949
53.091,0.010214,0.007444,0.004940,0.004952
53.101,0.010310,0.007453,0.005100,0.004973
53.111,0.010274,0.007437,0.005105,0.004919
53.121,0.010307,0.007516,0.005119,0.004852
53.131,0.010280,0.007418,0.005227,0.004829
53.141,0.010170,0.007255,0.005217,0.004856
53.151,0.010281,0.007280,0.005278,0.004986
53.161,0.010304,0.007304,0.005278,0.004997
53.171,0.010189,0.007301,0.005064,0.004985
53.181,0.009917,0.006950,0.005084,0.004919
53.191,0.009909,0.006947,0.005051,0.004941
53.201,0.009737,0.006848,0.005068,0.004713
53.211,0.009793,0.006928,0.005081,0.004699
53.221,0.009713,0.006778,0.005174,0.004651
53.231,0.009471,0.006411,0.005127,0.004724
53.241,0.009251,0.006401,0.004781,0.004664
53.251,0.009117,0.006170,0.004781,0.004710
53.261,0.009304,0.006272,0.005070,0.004639
53.271,0.009266,0.006212,0.005087,0.004626
53.281,0.009181,0.006086,0.005084,0.004626
53.291,0.009162,0.006068,0.005085,0.004611
53.301,0.009012,0.005923,0.005075,0.004514
53.311,0.008987,0.005935,0.005064,0.004461
53.321,0.009047,0.006087,0.005058,0.004384
53.331,0.009052,0.006091,0.005057,0.004389
53.341,0.009143,0.006118,0.005038,0.004559
53.351,0.009233,0.006109,0.005182,0.004590
53.361,0.009184,0.006044,0.005182,0.004578
53.371,0.009093,0.005973,0.004946,0.004748
53.381,0.009158,0.005914,0.005117,0.004764
53.391,0.009051,0.005739,0.005123,0.004769
53.401,0.009042,0.005753,0.004965,0.004900
53.411,0.009004,0.005714,0.005004,0.004835
53.421,0.009084,0.005676,0.005173,0.004852
53.431,0.009035,0.005491,0.005248,0.004892
53.441,0.009365,0.005636,0.005426,0.005148
53.451,0.009463,0.005691,0.005521,0.005165
53.461,0.009360,0.005727,0.005306,0.005163
53.471,0.009277,0.005645,0.005247,0.005164
53.481,0.009234,0.005640,0.005096,0.005243
53.491,0.009083,0.005380,0.005033,0.005313
53.501,0.008840,0.005217,0.005080,0.005013
53.511,0.008892,0.005230,0.005065,0.005104
53.521,0.008846,0.005108,0.005085,0.005129
53.531,0.008791,0.004929,0.005058,0.005235
53.541,0.008897,0.005102,0.005079,0.005227
53.551,0.008958,0.005079,0.005123,0.005310
53.561,0.008833,0.005083,0.005183,0.005032
53.571,0.009146,0.005453,0.005317,0.005064
53.581,0.009053,0.005464,0.005293,0.004907
53.591,0.008884,0.005141,0.005296,0.004944
53.601,0.008992,0.005350,0.005228,0.004990
53.611,0.009168,0.005369,0.005333,0.005175
53.621,0.009167,0.005294,0.005360,0.005224
53.631,0.009177,0.005288,0.005394,0.005213
53.641,0.009090,0.005149,0.005427,0.005163
53.651,0.009040,0.005134,0.005469,0.005045
53.661,0.009151,0.005100,0.005658,0.005071
53.671,0.009155,0.005100,0.005655,0.005081
53.681,0.009214,0.005237,0.005614,0.005094
53.691,0.009207,0.005239,0.005620,0.005073
53.701,0.009523,0.005240,0.005907,0.005323
53.711,0.009452,0.005117,0.005894,0.005330
53.721,0.009442,0.005189,0.005812,0.005333
53.731,0.009441,0.005259,0.005817,0.005258
