time_seconds,total_vibration,rms_x,rms_y,rms_z
10.007,1.005907,0.225139,0.639356,0.743226
10.017,1.009378,0.225864,0.647017,0.741079
10.027,0.985099,0.220156,0.641659,0.7143
10.037,0.994276,0.213137,0.638285,0.73195
10.047,1.031776,0.216624,0.658563,0.764154
10.057,1.060082,0.217648,0.660965,0.799706
10.067,1.055265,0.212013,0.65942,0.796115
10.077,1.094049,0.213861,0.666028,0.841198
10.087,1.136273,0.212926,0.671395,0.891632
10.097,1.146321,0.213762,0.669784,0.905399
10.107,1.170737,0.214879,0.670018,0.935696
10.117,1.212336,0.218459,0.670231,0.986319
10.127,1.218922,0.217698,0.652626,1.00621
10.137,1.242727,0.217088,0.652081,1.035391
10.147,1.251253,0.218565,0.639453,1.053073
10.157,1.242197,0.218001,0.62413,1.051661
10.167,1.261109,0.216186,0.645892,1.06136
10.177,1.269198,0.216956,0.645928,1.07078
10.187,1.264011,0.217065,0.641177,1.067473
10.197,1.238934,0.217892,0.639969,1.03823
10.207,1.238363,0.217712,0.640609,1.03719
10.217,1.240632,0.217199,0.642297,1.038964
10.227,1.229595,0.201316,0.641735,1.029345
10.237,1.245626,0.202639,0.663623,1.034469
10.247,1.278759,0.210324,0.68218,1.060952
10.257,1.289426,0.231007,0.708563,1.052233
10.267,1.310779,0.231941,0.718373,1.071581
10.277,1.339502,0.232221,0.720269,1.105238
10.287,1.332394,0.23455,0.723623,1.093906
10.297,1.346442,0.234772,0.723687,1.110885
10.307,1.334271,0.236983,0.725136,1.094667
10.317,1.385937,0.240357,0.727904,1.154646
10.327,1.392634,0.249214,0.73415,1.156869
10.337,1.403713,0.248742,0.732316,1.171431
10.347,1.416703,0.249179,0.723938,1.192004
10.357,1.415843,0.249067,0.723286,1.191399
10.367,1.443489,0.250886,0.724474,1.223051
10.377,1.439986,0.250685,0.720895,1.221076
10.387,1.479749,0.250552,0.720725,1.267847
10.397,1.455488,0.253511,0.672382,1.265733
10.407,1.467256,0.258082,0.668289,1.280478
10.417,1.440542,0.253099,0.622802,1.274056
10.427,1.437157,0.251255,0.621297,1.27133
10.437,1.432557,0.24916,0.603351,1.275189
10.447,1.421607,0.249321,0.575549,1.275754
10.457,1.453699,0.250261,0.594199,1.302895
10.467,1.465968,0.242074,0.623384,1.304552
10.477,1.46851,0.244748,0.618663,1.309151
10.487,1.471727,0.240804,0.628718,1.308705
10.497,1.476154,0.244824,0.637061,1.308911
10.507,1.484834,0.24715,0.642415,1.315657
10.517,1.478486,0.240399,0.630007,1.315758
10.527,1.482564,0.240551,0.634003,1.318398
10.537,1.481085,0.240946,0.639221,1.314136
10.547,1.458724,0.239582,0.627872,1.294702
10.557,1.435515,0.241873,0.621025,1.271428
10.567,1.438334,0.242456,0.632735,1.268726
10.577,1.41271,0.24305,0.64322,1.234077
10.587,1.381696,0.243078,0.647908,1.195914
10.597,1.353082,0.242734,0.648912,1.16225
10.607,1.327972,0.240988,0.64892,1.133286
10.617,1.282416,0.244884,0.649625,1.078244
10.627,1.236437,0.246346,0.649429,1.022904
10.637,1.194097,0.245848,0.65603,0.96698
10.647,1.137816,0.248572,0.650864,0.899562
10.657,1.125986,0.249448,0.651287,0.883994
10.667,1.064727,0.254963,0.632373,0.817767
10.677,1.029236,0.262687,0.650395,0.753199
10.687,1.033266,0.267902,0.656851,0.751276
10.697,1.033857,0.267588,0.657701,0.751455
10.707,1.036251,0.26973,0.661267,0.750859
10.717,1.038143,0.27044,0.666725,0.748385
10.727,1.03797,0.271683,0.665994,0.748346
10.737,1.032306,0.272528,0.652517,0.752067
10.747,1.011953,0.264367,0.632996,0.743958
10.757,1.008648,0.25014,0.611794,0.761912
10.767,1.008098,0.248107,0.596117,0.774176
10.777,1.02445,0.247835,0.596201,0.795375
10.787,1.029857,0.245469,0.592836,0.805541
10.797,1.037483,0.245243,0.586823,0.819674
10.807,1.044435,0.240747,0.590428,0.827212
10.817,1.027002,0.241604,0.595092,0.801391
10.827,1.02678,0.241293,0.594915,0.801331
10.837,1.02055,0.242116,0.596493,0.791896
10.847,1.024466,0.243075,0.596043,0.796981
10.857,1.027224,0.243157,0.59744,0.799455
10.867,1.018967,0.240889,0.603158,0.785154
10.877,1.029569,0.243216,0.614995,0.789075
10.887,1.000635,0.247703,0.623565,0.742349
10.897,0.992964,0.24898,0.622558,0.732399
10.907,0.975799,0.247153,0.610413,0.720066
10.917,0.972704,0.251433,0.605208,0.71879
10.927,0.98028,0.26376,0.606664,0.723422
10.937,0.976718,0.266224,0.606588,0.717742
10.947,0.985262,0.271794,0.606199,0.727594
10.957,0.956976,0.271415,0.592583,0.700701
10.967,0.932974,0.268062,0.571192,0.687257
10.977,0.918418,0.264782,0.549981,0.686223
10.987,0.914587,0.260684,0.542989,0.688241
10.997,0.91402,0.256081,0.533349,0.696702
11.007,0.914262,0.254123,0.524931,0.70409
11.017,0.93022,0.25632,0.51788,0.728979
11.027,0.944497,0.258077,0.520848,0.744437
11.037,0.953361,0.268241,0.522799,0.750749
11.047,0.949942,0.269397,0.518417,0.749038
11.057,0.952859,0.267453,0.526987,0.747459
11.067,0.954366,0.266705,0.529101,0.748155
11.077,0.955738,0.26677,0.520138,0.756126
11.087,0.950529,0.26706,0.512398,0.754741
11.097,0.953358,0.266654,0.511854,0.75881
11.107,0.952992,0.267579,0.521868,0.751165
11.117,0.964792,0.271979,0.534477,0.755768
11.127,0.997031,0.27276,0.533772,0.796719
11.137,1.014931,0.271818,0.527567,0.82333
11.147,1.052866,0.269617,0.525832,0.871398
11.157,1.094323,0.269342,0.525574,0.921287
11.167,1.118347,0.264477,0.526965,0.950295
11.177,1.160244,0.257306,0.513001,1.00836
11.187,1.205221,0.251445,0.500096,1.067351
11.197,1.241272,0.253806,0.505167,1.105054
11.207,1.293532,0.257584,0.501163,1.16435
11.217,1.334157,0.264811,0.490837,1.211993
11.227,1.376522,0.26415,0.488254,1.259622
11.237,1.418174,0.26307,0.485195,1.306368
11.247,1.439092,0.263547,0.480897,1.330514
11.257,1.474719,0.261424,0.474092,1.371747
11.267,1.486459,0.261443,0.477319,1.383248
11.277,1.515195,0.261321,0.475595,1.414686
11.287,1.515982,0.261635,0.475717,1.41543
11.297,1.530987,0.261539,0.475635,1.431534
11.307,1.517522,0.261996,0.466235,1.420161
11.317,1.515007,0.253209,0.451024,1.423976
11.327,1.501873,0.243157,0.443332,1.414197
11.337,1.482737,0.247094,0.446103,1.392281
11.347,1.485781,0.248145,0.457877,1.391517
11.357,1.466525,0.248386,0.461018,1.36984
11.367,1.465458,0.253092,0.455014,1.369844
11.377,1.459492,0.255016,0.452933,1.363794
11.387,1.467795,0.252306,0.450217,1.37407
11.397,1.472283,0.245734,0.44765,1.380884
11.407,1.512903,0.246541,0.462754,1.419137
11.417,1.524479,0.246763,0.472989,1.428085
11.427,1.545931,0.234288,0.47169,1.453451
11.437,1.614413,0.241509,0.502239,1.515176
11.447,1.628756,0.240378,0.515255,1.526295
11.457,1.703695,0.248315,0.509393,1.606685
11.467,1.736779,0.250212,0.515442,1.639547
11.477,1.780275,0.25093,0.513262,1.686112
11.487,1.819891,0.255708,0.5207,1.724961
11.497,1.868141,0.255836,0.527161,1.773866
11.507,1.897227,0.255817,0.527897,1.804259
11.517,1.928281,0.253235,0.534841,1.835234
11.527,1.926979,0.251926,0.52696,1.836326
11.537,1.972372,0.242308,0.518907,1.887399
11.547,2.010821,0.241523,0.525808,1.925771
11.557,2.036345,0.241646,0.540761,1.948304
11.567,2.04346,0.242417,0.52574,1.959734
11.577,2.075596,0.242893,0.520186,1.99462
11.587,2.085717,0.250188,0.520156,2.00426
11.597,2.111773,0.253074,0.521425,2.030678
11.607,2.124105,0.253021,0.521777,2.043417
11.617,2.131112,0.243933,0.529491,2.049823
11.627,2.156093,0.24855,0.565713,2.065654
11.637,2.153424,0.251807,0.575476,2.059771
11.647,2.170024,0.253362,0.576006,2.076783
11.657,2.149176,0.26425,0.578409,2.052943
11.667,2.149704,0.266837,0.574601,2.05423
11.677,2.124074,0.266615,0.571588,2.028274
11.687,2.098023,0.265558,0.574684,2.000229
11.697,2.057304,0.264107,0.569022,1.959327
11.707,2.017973,0.25986,0.569247,1.918501
11.717,1.971455,0.25645,0.570558,1.869581
11.727,1.919227,0.262498,0.571208,1.813353
11.737,1.859426,0.261985,0.573577,1.749239
11.747,1.804594,0.262245,0.566637,1.693136
11.757,1.737904,0.26182,0.570365,1.620632
11.767,1.647422,0.262314,0.562413,1.526068
11.777,1.568272,0.26235,0.563474,1.439842
11.787,1.476983,0.262297,0.575101,1.334893
11.797,1.405667,0.263331,0.575706,1.255038
11.807,1.321054,0.266431,0.581615,1.15582
11.817,1.266703,0.267103,0.584035,1.091831
11.827,1.223579,0.266634,0.580703,1.043474
11.837,1.159115,0.261075,0.576173,0.971294
11.847,1.128931,0.264254,0.57032,0.937758
11.857,1.113537,0.265895,0.562746,0.923353
11.867,1.059378,0.260433,0.566435,0.85651
11.877,1.055351,0.257436,0.555471,0.859619
11.887,1.056511,0.253717,0.548014,0.866906
11.897,1.077399,0.257435,0.549346,0.890357
11.907,1.078907,0.254827,0.548574,0.893404
11.917,1.081608,0.24924,0.555718,0.893831
11.927,1.082698,0.251879,0.556648,0.893831
11.937,1.05882,0.245825,0.542876,0.875189
11.947,1.069349,0.239903,0.552234,0.883737
11.957,1.040932,0.233847,0.572807,0.837106
11.967,1.038433,0.231259,0.566025,0.839331
11.977,1.031932,0.234374,0.565075,0.831049
11.987,1.014259,0.228183,0.560536,0.813913
11.997,0.993959,0.231009,0.551483,0.794012
12.007,0.987975,0.233586,0.556083,0.782498
12.017,0.989022,0.233289,0.561016,0.780385
12.027,1.021319,0.239632,0.576842,0.808036
12.037,1.017512,0.247118,0.593138,0.788955
12.047,1.011961,0.255871,0.607208,0.768045
12.057,0.993284,0.257218,0.594725,0.752831
12.067,0.995899,0.267277,0.597734,0.750394
12.077,0.974435,0.268148,0.597458,0.72157
12.087,0.969732,0.263366,0.594676,0.719291
12.097,0.9649,0.266335,0.596693,0.709968
12.107,0.957436,0.266328,0.590249,0.705237
12.117,0.943207,0.266483,0.569831,0.702793
12.127,0.902531,0.259139,0.540107,0.675051
12.137,0.905628,0.262821,0.529398,0.686166
12.147,0.868102,0.256159,0.529049,0.63882
12.157,0.868242,0.251732,0.531193,0.63899
12.167,0.854723,0.244785,0.531835,0.622723
12.177,0.85195,0.245382,0.528622,0.621422
12.187,0.851472,0.258782,0.537452,0.607604
12.197,0.856038,0.264996,0.553923,0.596447
12.207,0.860975,0.267535,0.57392,0.583368
12.217,0.87246,0.26338,0.586325,0.589949
12.227,0.862529,0.264543,0.586437,0.574514
12.237,0.861253,0.263832,0.582668,0.576755
12.247,0.851995,0.259201,0.582726,0.564925
12.257,0.849833,0.25914,0.58199,0.562451
12.267,0.852654,0.25677,0.583817,0.565902
12.277,0.854543,0.262918,0.58407,0.565668
12.287,0.852641,0.264273,0.582043,0.564255
12.297,0.854862,0.268122,0.586303,0.56138
12.307,0.852131,0.271122,0.582255,0.56
12.317,0.873999,0.275495,0.58158,0.591389
12.327,0.900516,0.276713,0.581674,0.629297
12.337,0.94445,0.27699,0.594374,0.679693
12.347,0.956797,0.280308,0.6145,0.677699
12.357,0.958396,0.283045,0.616001,0.677459
12.367,0.967113,0.281546,0.616639,0.68978
12.377,0.969006,0.288547,0.616821,0.68938
12.387,0.976051,0.289871,0.629538,0.687265
12.397,0.991261,0.295679,0.647567,0.689805
12.407,1.004649,0.301102,0.654832,0.699895
12.417,1.016041,0.309311,0.645337,0.721254
12.427,1.015949,0.312047,0.648829,0.716798
12.437,1.013633,0.314519,0.643926,0.716861
12.447,1.007687,0.313805,0.628688,0.722296
12.457,0.99378,0.312995,0.613933,0.716044
12.467,1.013849,0.313237,0.628688,0.731111
12.477,1.031986,0.321101,0.627564,0.753692
12.487,1.029971,0.321013,0.623936,0.753986
12.497,1.055947,0.320907,0.670507,0.749975
12.507,1.052103,0.320598,0.668597,0.746402
12.517,1.05221,0.319351,0.66265,0.752367
12.527,1.038598,0.317125,0.657872,0.738459
12.537,1.033634,0.309187,0.669745,0.724047
12.547,1.020646,0.305459,0.650448,0.724797
12.557,1.046726,0.307183,0.677316,0.736557
12.567,1.046525,0.302369,0.675927,0.739533
12.577,1.048904,0.295384,0.678747,0.743135
12.587,1.049598,0.301229,0.680264,0.740377
12.597,1.066985,0.298431,0.677924,0.767994
12.607,1.066386,0.29313,0.682865,0.76482
12.617,1.084792,0.297801,0.704487,0.769277
12.627,1.096002,0.297503,0.728508,0.762882
12.637,1.099233,0.295781,0.734138,0.762803
12.647,1.100284,0.296899,0.74488,0.753412
12.657,1.108806,0.298808,0.741898,0.767953
12.667,1.106781,0.298512,0.747334,0.759834
12.677,1.107846,0.297898,0.746799,0.76215
12.687,1.107895,0.289669,0.738634,0.773268
12.697,1.103939,0.281965,0.73441,0.77448
12.707,1.087576,0.280691,0.720274,0.765008
12.717,1.077591,0.278183,0.709068,0.76226
12.727,1.07678,0.275803,0.716212,0.755267
12.737,1.08881,0.275593,0.730399,0.758994
12.747,1.093141,0.276902,0.7315,0.763669
12.757,1.090772,0.276921,0.733151,0.758676
12.767,1.096151,0.286607,0.733205,0.762767
12.777,1.101489,0.282784,0.733798,0.771266
12.787,1.106793,0.279024,0.741742,0.772628
12.797,1.111481,0.277779,0.738808,0.782554
12.807,1.108983,0.274189,0.74004,0.779105
12.817,1.104239,0.274248,0.739419,0.772912
12.827,1.091256,0.285315,0.740278,0.749282
12.837,1.063287,0.28445,0.731196,0.717649
12.847,1.065937,0.277677,0.745099,0.70989
12.857,1.067018,0.277653,0.748178,0.708284
12.867,1.072895,0.27632,0.751473,0.714171
12.877,1.073494,0.271726,0.751816,0.716468
12.887,1.068795,0.268069,0.744882,0.718063
12.897,1.056356,0.265579,0.734423,0.711322
12.907,1.035508,0.253376,0.725895,0.693652
12.917,1.029683,0.244477,0.73407,0.679426
12.927,1.025269,0.240898,0.730977,0.677361
12.937,1.02462,0.238894,0.732023,0.675957
12.947,1.028749,0.241944,0.740436,0.671969
12.957,1.037513,0.242381,0.742516,0.682902
12.967,1.011642,0.240435,0.726702,0.661448
12.977,1.005969,0.236534,0.735089,0.644725
12.987,1.009846,0.245673,0.736199,0.646101
12.997,0.98037,0.25018,0.693906,0.645778
13.007,0.979053,0.251751,0.691862,0.645364
13.017,0.965097,0.261667,0.692593,0.619078
13.027,0.971142,0.265762,0.686432,0.633482
13.037,0.943374,0.261088,0.65921,0.622278
13.047,0.958959,0.261542,0.673535,0.630514
13.057,0.932672,0.263317,0.643405,0.621748
13.067,0.932534,0.26217,0.646769,0.618527
13.077,0.9377,0.261723,0.64292,0.630427
13.087,0.93093,0.256476,0.642293,0.623145
13.097,0.909828,0.262157,0.644131,0.586648
13.107,0.914213,0.263083,0.64581,0.591187
13.117,0.898245,0.258186,0.629324,0.586631
13.127,0.883367,0.256851,0.60655,0.58861
13.137,0.876991,0.255159,0.600953,0.585545
13.147,0.864006,0.254499,0.586479,0.581188
13.157,0.846847,0.250926,0.58671,0.556737
13.167,0.871334,0.251602,0.598448,0.581187
13.177,0.870922,0.250248,0.598903,0.580685
13.187,0.863772,0.252516,0.600017,0.567729
13.197,0.866589,0.251728,0.604227,0.567907
13.207,0.868301,0.251532,0.602927,0.571976
13.217,0.866822,0.252337,0.601964,0.570392
13.227,0.877549,0.263034,0.602808,0.580971
13.237,0.866602,0.266734,0.587908,0.578113
13.247,0.870775,0.264714,0.601786,0.57099
13.257,0.871983,0.268378,0.59913,0.573908
13.267,0.873431,0.265068,0.601117,0.575568
13.277,0.869609,0.266343,0.598561,0.571845
13.287,0.851405,0.265792,0.573386,0.570503
13.297,0.862983,0.265026,0.587689,0.573691
13.307,0.920219,0.262424,0.589081,0.656445
13.317,0.912214,0.257714,0.589474,0.646714
13.327,0.94188,0.24382,0.586129,0.695803
13.337,1.035145,0.247078,0.604263,0.803333
13.347,1.049519,0.249667,0.569953,0.845169
13.357,1.145996,0.259749,0.58726,0.949191
13.367,1.153326,0.26639,0.598496,0.94921
13.377,1.219269,0.273837,0.606983,1.021373
13.387,1.282257,0.275047,0.599334,1.099696
13.397,1.320516,0.272141,0.596556,1.146221
13.407,1.379297,0.272682,0.595764,1.213742
13.417,1.391864,0.272057,0.573219,1.238827
13.427,1.45542,0.271181,0.572888,1.310156
13.437,1.456727,0.28616,0.570964,1.309262
13.447,1.481298,0.309368,0.56097,1.335608
13.457,1.462197,0.319571,0.559217,1.312696
13.467,1.466719,0.324446,0.560445,1.316017
13.477,1.459811,0.322993,0.546172,1.314694
13.487,1.447127,0.314649,0.54516,1.303062
13.497,1.444994,0.312194,0.54401,1.301767
13.507,1.454685,0.311726,0.543907,1.312669
13.517,1.458955,0.305118,0.558877,1.312672
13.527,1.465738,0.303007,0.559836,1.320288
13.537,1.471811,0.299449,0.556875,1.329078
13.547,1.460696,0.299228,0.542568,1.322768
13.557,1.471329,0.298266,0.542438,1.334769
13.567,1.479698,0.298204,0.538655,1.345522
13.577,1.513409,0.303578,0.542069,1.380003
13.587,1.55213,0.303477,0.54904,1.419706
13.597,1.559627,0.301195,0.575169,1.418061
13.607,1.573267,0.301458,0.564216,1.437342
13.617,1.612898,0.304199,0.567029,1.47898
13.627,1.624112,0.303607,0.557723,1.494827
13.637,1.626263,0.303382,0.55644,1.497686
13.647,1.635063,0.302277,0.555358,1.507858
13.657,1.657596,0.302435,0.557917,1.531302
13.667,1.672633,0.303264,0.537631,1.554569
13.677,1.680332,0.30653,0.538475,1.561921
13.687,1.683544,0.304462,0.537245,1.566203
13.697,1.701816,0.310456,0.51914,1.590688
13.707,1.713411,0.310387,0.519077,1.603121
13.717,1.71564,0.308969,0.519152,1.605752
13.727,1.714311,0.300303,0.507192,1.609794
13.737,1.73538,0.298503,0.51121,1.631289
13.747,1.740315,0.298584,0.496045,1.641184
13.757,1.7445,0.295642,0.512214,1.641192
13.767,1.752727,0.289937,0.516065,1.649747
13.777,1.770225,0.289834,0.524864,1.665596
13.787,1.770703,0.29126,0.524539,1.665958
13.797,1.764852,0.29123,0.507263,1.665104
13.807,1.757883,0.295963,0.504099,1.657843
13.817,1.76094,0.294397,0.510842,1.659302
13.827,1.740085,0.294477,0.512395,1.636652
13.837,1.687205,0.29188,0.492454,1.587122
13.847,1.668522,0.291042,0.50936,1.56199
13.857,1.598093,0.284531,0.485753,1.495656
13.867,1.585806,0.278628,0.477237,1.486403
13.877,1.523075,0.27263,0.469619,1.422986
13.887,1.44993,0.275243,0.4782,1.340844
13.897,1.395411,0.275398,0.48957,1.27736
13.907,1.322647,0.27493,0.489463,1.197595
13.917,1.274308,0.273199,0.489614,1.144335
13.927,1.161364,0.273565,0.507902,1.00795
13.937,1.143025,0.258862,0.51502,0.987042
13.947,1.053101,0.237452,0.524191,0.881965
13.957,1.060345,0.240017,0.541251,0.879642
13.967,1.022871,0.240279,0.545074,0.83152
13.977,1.046268,0.246514,0.550414,0.854958
13.987,1.033692,0.24979,0.552187,0.837385
13.997,1.025655,0.250943,0.560325,0.821603
14.007,1.046282,0.252149,0.595827,0.822264
14.017,1.046344,0.253682,0.592501,0.824273
14.027,1.051888,0.253919,0.592239,0.831412
14.037,1.063179,0.254029,0.596224,0.842815
14.047,1.064444,0.253721,0.598408,0.842956
14.057,1.082554,0.251988,0.614561,0.854833
14.067,1.083453,0.25878,0.612946,0.855102
14.077,1.07177,0.25661,0.609702,0.84327
14.087,1.053234,0.26189,0.606273,0.820456
14.097,1.043221,0.258495,0.586232,0.823301
14.107,1.043838,0.25781,0.58969,0.821825
14.117,1.037401,0.256069,0.614356,0.795735
14.127,1.03769,0.262887,0.62573,0.784955
14.137,1.038207,0.265551,0.62611,0.784437
14.147,1.044426,0.265684,0.629621,0.789819
14.157,1.04008,0.268244,0.627933,0.784545
14.167,1.03259,0.273735,0.628584,0.772135
14.177,1.030132,0.268187,0.627457,0.771716
14.187,1.03858,0.267923,0.63033,0.780737
14.197,1.02005,0.261949,0.630065,0.758223
14.207,1.028222,0.263831,0.655198,0.747228
14.217,1.06797,0.272231,0.691765,0.766754
14.227,1.082888,0.280593,0.70483,0.77274
14.237,1.069597,0.289583,0.705946,0.749546
14.247,1.065501,0.292566,0.706609,0.74189
14.257,1.053262,0.292779,0.691811,0.738267
14.267,1.043063,0.296153,0.689193,0.724767
14.277,1.033604,0.300295,0.684937,0.713458
14.287,1.070882,0.302563,0.705984,0.74621
14.297,1.117333,0.31643,0.727961,0.78637
14.307,1.121729,0.322625,0.744784,0.774264
14.317,1.125789,0.324334,0.746998,0.777305
14.327,1.129181,0.328879,0.747952,0.779394
14.337,1.130734,0.335693,0.748155,0.778545
14.347,1.125109,0.334148,0.740683,0.778205
14.357,1.128842,0.335247,0.743512,0.780437
14.367,1.156229,0.338682,0.780917,0.782514
14.377,1.179096,0.341024,0.811746,0.784243
14.387,1.18141,0.340811,0.81525,0.784185
14.397,1.173761,0.340647,0.808741,0.779494
14.407,1.146377,0.340226,0.80539,0.741467
14.417,1.156033,0.344022,0.810701,0.748882
14.427,1.147197,0.347238,0.818078,0.725421
14.437,1.149215,0.349794,0.81706,0.728527
14.447,1.139711,0.3471,0.804164,0.729235
14.457,1.122188,0.335933,0.791312,0.721305
14.467,1.12254,0.331596,0.78875,0.726646
14.477,1.109532,0.32905,0.793099,0.702696
14.487,1.117523,0.326605,0.79513,0.714111
14.497,1.122829,0.32554,0.786079,0.732699
14.507,1.118845,0.328439,0.760648,0.751902
14.517,1.119193,0.326864,0.756731,0.757042
14.527,1.11738,0.328601,0.755345,0.754992
14.537,1.108229,0.33272,0.758206,0.73661
14.547,1.11011,0.332722,0.755257,0.742447
14.557,1.093627,0.32993,0.745813,0.728649
14.567,1.095882,0.325587,0.748484,0.731248
14.577,1.119413,0.326823,0.782102,0.731156
14.587,1.127747,0.322291,0.796576,0.730348
14.597,1.125725,0.321426,0.791649,0.732963
14.607,1.126881,0.324823,0.792436,0.732391
14.617,1.111127,0.328914,0.773027,0.727219
14.627,1.111769,0.325006,0.76901,0.734184
14.637,1.118546,0.323449,0.778539,0.735121
14.647,1.117948,0.32415,0.792198,0.719137
14.657,1.117789,0.32222,0.800687,0.710301
14.667,1.117819,0.31868,0.800307,0.712369
14.677,1.121152,0.325481,0.801166,0.713568
14.687,1.10882,0.32665,0.799617,0.695266
14.697,1.109672,0.326813,0.801619,0.694243
14.707,1.095132,0.327583,0.78164,0.693572
14.717,1.072308,0.321815,0.774464,0.668195
14.727,1.077635,0.317969,0.787741,0.663067
14.737,1.079311,0.312658,0.791826,0.663452
14.747,1.082873,0.310127,0.78891,0.673837
14.757,1.095291,0.314273,0.789004,0.691642
14.767,1.096679,0.326456,0.786697,0.690826
14.777,1.090145,0.326188,0.785827,0.681538
14.787,1.0505,0.322096,0.767971,0.640332
14.797,0.999482,0.308386,0.749742,0.584593
14.807,0.981984,0.298131,0.734283,0.579861
14.817,0.974594,0.296092,0.729166,0.574875
14.828,0.974057,0.291064,0.727835,0.578208
14.837,0.97974,0.283592,0.733856,0.583884
14.847,0.994086,0.28588,0.735221,0.604921
14.857,0.998964,0.286936,0.732642,0.615494
14.867,0.962086,0.286648,0.694654,0.600748
14.877,0.943453,0.280413,0.674134,0.597508
14.887,0.939975,0.27942,0.662674,0.605261
14.897,0.955158,0.278739,0.669456,0.621658
14.907,0.970715,0.28699,0.683252,0.62697
14.917,0.961303,0.290922,0.676317,0.618112
14.927,0.943518,0.289757,0.657333,0.611703
14.937,0.947196,0.286434,0.651914,0.624616
14.947,0.97416,0.287557,0.659141,0.657139
14.957,1.002389,0.295335,0.690709,0.663688
14.967,1.008081,0.296036,0.710423,0.651068
14.977,1.002637,0.291391,0.700608,0.655379
14.987,0.999398,0.29121,0.700323,0.6508
14.997,0.980263,0.291825,0.70136,0.619556
15.007,0.970569,0.288647,0.700694,0.606395
15.017,0.959032,0.286289,0.695071,0.595532
15.027,0.958111,0.283589,0.697134,0.592924
15.037,0.957292,0.278079,0.693802,0.598096
15.047,0.951002,0.278861,0.693802,0.587604
15.057,0.952264,0.280228,0.692936,0.590016
15.067,0.957991,0.285525,0.695298,0.593956
15.077,0.933423,0.284684,0.662127,0.593146
15.087,0.917595,0.285943,0.641006,0.59104
15.097,0.914396,0.285211,0.642329,0.584968
15.107,0.910284,0.28071,0.638142,0.585315
15.117,0.907645,0.275859,0.63733,0.584407
15.127,0.902279,0.275444,0.636409,0.577254
15.137,0.890328,0.274947,0.623231,0.573298
15.147,0.883814,0.273849,0.614398,0.573279
15.157,0.894351,0.273744,0.628279,0.574624
15.167,0.910095,0.283207,0.654509,0.565407
15.177,0.915472,0.276085,0.659133,0.572197
15.187,0.942124,0.276376,0.659935,0.612944
15.197,0.968379,0.279428,0.674713,0.635957
15.207,0.976264,0.284973,0.683885,0.635754
15.217,0.960046,0.282407,0.658503,0.63899
15.227,0.95677,0.281056,0.638839,0.654447
15.237,0.956817,0.284319,0.64055,0.651426
15.247,0.950577,0.284165,0.63945,0.64339
15.257,0.978033,0.282547,0.649168,0.674756
15.268,0.981952,0.287906,0.655909,0.671657
15.278,0.985451,0.287925,0.656887,0.675805
15.288,0.988735,0.287886,0.654762,0.682645
15.298,0.996363,0.291173,0.656972,0.690177
15.308,1.004494,0.291511,0.655121,0.703453
15.318,1.008835,0.291471,0.665951,0.699501
15.328,1.015115,0.290973,0.672725,0.702307
15.338,1.021505,0.291147,0.668031,0.715849
15.348,1.011479,0.287971,0.669116,0.701745
15.358,0.995752,0.285165,0.668175,0.680989
15.367,0.98853,0.281906,0.654833,0.684773
15.377,0.980893,0.283725,0.637201,0.689656
15.387,0.981978,0.287804,0.645122,0.682105
15.397,0.974346,0.28807,0.641698,0.674232
15.407,0.955217,0.280737,0.627518,0.66321
15.417,0.955826,0.271399,0.626069,0.669316
15.427,0.956274,0.26768,0.630299,0.66748
15.437,0.959486,0.266992,0.637954,0.665089
15.447,0.929746,0.262823,0.640431,0.620645
15.457,0.91442,0.25369,0.609314,0.632884
15.467,0.901156,0.252623,0.583516,0.638571
15.477,0.925202,0.266315,0.590129,0.660926
15.487,0.93072,0.2652,0.598892,0.661239
15.497,0.929292,0.2644,0.597554,0.660761
15.507,0.949167,0.267677,0.607278,0.678587
15.517,0.956543,0.26861,0.619408,0.677611
15.527,0.967476,0.272883,0.62918,0.682405
15.537,0.966355,0.272111,0.627236,0.682914
15.547,0.962762,0.272061,0.628764,0.676424
15.557,0.964256,0.274385,0.629512,0.676918
15.567,0.984176,0.271108,0.624315,0.710869
15.577,1.005636,0.270685,0.640258,0.726706
15.587,1.043994,0.276067,0.671652,0.750062
15.597,1.054365,0.276207,0.687049,0.750573
15.607,1.056424,0.277058,0.693293,0.747407
15.617,1.056317,0.277651,0.686677,0.75312
15.627,1.054211,0.276375,0.683946,0.753124
15.637,1.058809,0.277524,0.685114,0.758074
15.647,1.054384,0.278299,0.677432,0.758525
15.657,1.041858,0.279487,0.659194,0.756848
15.667,1.022725,0.26509,0.635001,0.756615
15.677,1.018574,0.264875,0.630328,0.754997
15.687,0.994499,0.265289,0.630365,0.722004
15.697,0.975468,0.260297,0.610722,0.714704
15.707,0.976238,0.25402,0.607429,0.720795
15.717,0.992953,0.264064,0.628955,0.721555
15.727,0.97664,0.25947,0.618585,0.709826
15.737,0.972688,0.254638,0.610263,0.713344
15.747,0.976949,0.254383,0.620198,0.710685
15.757,0.938629,0.248347,0.61379,0.66529
15.767,0.933234,0.233113,0.607418,0.66905
15.777,0.929149,0.226029,0.608127,0.66514
15.787,0.923529,0.225557,0.60663,0.65881
15.797,0.923678,0.223659,0.606235,0.660027
15.807,0.933771,0.235345,0.62136,0.656089
15.817,0.941374,0.240732,0.622746,0.663641
15.827,0.92941,0.240492,0.613376,0.655544
15.837,0.905668,0.238784,0.613827,0.621638
15.847,0.900972,0.238937,0.607807,0.62067
15.857,0.901474,0.241113,0.607716,0.620645
15.867,0.896807,0.241487,0.608039,0.613381
15.877,0.887235,0.238716,0.607919,0.600529
15.887,0.884992,0.235087,0.602162,0.604438
15.897,0.879253,0.233372,0.597941,0.600908
15.907,0.898817,0.238989,0.612005,0.613357
15.917,0.908445,0.238616,0.62741,0.612121
15.927,0.904909,0.238664,0.626748,0.607525
15.937,0.90163,0.240458,0.619941,0.608926
15.947,0.896844,0.239954,0.61395,0.608125
15.957,0.892786,0.239043,0.620551,0.595686
15.967,0.888531,0.239571,0.62686,0.582357
15.977,0.871501,0.228,0.621486,0.566819
15.987,0.861329,0.223586,0.608123,0.567523
15.997,0.862734,0.224587,0.608306,0.569065
16.007,0.847506,0.221414,0.600746,0.555289
16.017,0.839631,0.218723,0.586138,0.559985
16.027,0.828173,0.220422,0.575917,0.552816
16.037,0.834934,0.220602,0.575958,0.562781
16.047,0.855078,0.227287,0.581852,0.583907
16.057,0.883109,0.234677,0.594512,0.609395
16.067,0.865658,0.234211,0.602871,0.575375
16.077,0.832703,0.22688,0.582831,0.549752
16.087,0.797758,0.223899,0.552647,0.52997
16.097,0.790316,0.234092,0.535339,0.532178
16.107,0.788608,0.233325,0.532367,0.53296
16.117,0.7965,0.235849,0.535816,0.540081
16.127,0.815018,0.244081,0.55188,0.547819
16.137,0.821877,0.24311,0.559795,0.550463
16.147,0.825173,0.24244,0.562327,0.553101
16.157,0.835996,0.247322,0.565573,0.563781
16.167,0.848717,0.253699,0.578537,0.566791
16.177,0.846624,0.253439,0.578961,0.563334
16.187,0.853485,0.259289,0.579651,0.570271
16.197,0.865923,0.26808,0.589976,0.574355
16.207,0.867252,0.27326,0.595731,0.567944
16.217,0.860841,0.263246,0.595548,0.56309
16.227,0.86327,0.263476,0.597547,0.564583
16.237,0.858986,0.266659,0.596297,0.557835
16.247,0.852543,0.265201,0.587123,0.558376
16.257,0.849197,0.263322,0.581215,0.560345
16.268,0.857086,0.263378,0.597736,0.554923
16.277,0.867144,0.263427,0.61084,0.556255
16.288,0.88495,0.263308,0.633671,0.558808
16.297,0.876773,0.263138,0.627161,0.553315
16.307,0.854248,0.254009,0.613965,0.536904
16.317,0.853781,0.248216,0.623257,0.528092
16.328,0.878996,0.248347,0.628883,0.561662
16.337,0.889937,0.25041,0.624901,0.582049
16.348,0.900133,0.249925,0.623163,0.599537
16.357,0.9054,0.246364,0.623658,0.608363
16.367,0.923623,0.248173,0.622144,0.635946
16.377,0.927543,0.250397,0.624816,0.638155
16.387,0.924857,0.249892,0.623843,0.635401
16.397,0.931429,0.262953,0.629648,0.634003
16.407,0.937767,0.266478,0.645561,0.625817
16.417,0.92822,0.267021,0.631242,0.62596
16.427,0.943739,0.267163,0.637831,0.642214
16.437,0.942239,0.265218,0.636925,0.641717
16.447,0.947232,0.265268,0.637946,0.648002
16.457,0.940313,0.263872,0.628115,0.648098
16.468,0.942536,0.26387,0.627188,0.652213
16.478,0.947422,0.26727,0.637265,0.648127
16.488,0.955662,0.269422,0.637214,0.659287
16.498,0.958682,0.268228,0.641422,0.660077
16.508,0.961792,0.267713,0.640907,0.665291
16.517,0.966892,0.272846,0.64098,0.670507
16.528,0.968407,0.277491,0.639813,0.6719
16.537,0.968181,0.277357,0.640209,0.671253
16.548,0.967362,0.277925,0.644634,0.665578
16.557,0.963234,0.278826,0.652664,0.651233
16.567,0.953433,0.279522,0.643567,0.645541
16.577,0.951431,0.279533,0.641043,0.645094
16.587,0.94388,0.277444,0.637455,0.638425
16.597,0.937722,0.269051,0.632284,0.638084
16.607,0.94236,0.274616,0.636967,0.637888
16.617,0.949227,0.282605,0.649884,0.63152
16.627,0.957206,0.27698,0.63568,0.659875
16.637,0.978655,0.279704,0.64418,0.681589
16.647,1.007386,0.285337,0.653916,0.711198
16.657,0.999988,0.28437,0.649237,0.705408
16.668,0.990592,0.279016,0.638443,0.70414
16.678,0.9946,0.280496,0.64133,0.706574
16.688,0.997796,0.276959,0.659779,0.695401
16.698,0.989116,0.272848,0.658059,0.686193
16.708,0.982892,0.268673,0.65466,0.682137
16.718,0.98144,0.271478,0.64424,0.688825
16.728,0.975856,0.272183,0.637626,0.686764
16.738,1.003281,0.27006,0.656145,0.709305
16.748,1.026584,0.270106,0.656039,0.741978
16.758,1.046583,0.270152,0.66663,0.760236
16.767,1.045336,0.265291,0.654453,0.77074
16.777,1.043232,0.264602,0.639595,0.780536
16.787,1.029845,0.26935,0.618256,0.778326
16.797,1.028654,0.268751,0.620444,0.775211
16.807,1.044603,0.279353,0.646473,0.771511
16.817,1.045019,0.289131,0.633644,0.779079
16.828,1.044462,0.289924,0.628742,0.782003
16.837,1.058289,0.292219,0.655625,0.77765
16.847,1.058895,0.291783,0.662406,0.772878
16.857,1.085396,0.291674,0.712352,0.765223
16.868,1.07275,0.29165,0.7137,0.745899
16.878,1.092098,0.29194,0.743159,0.745093
16.888,1.096618,0.291568,0.74891,0.746119
16.898,1.085455,0.279807,0.740175,0.743009
16.908,1.075422,0.272701,0.729068,0.742042
16.918,1.077051,0.271663,0.733661,0.740256
16.928,1.065273,0.277059,0.724788,0.729881
16.938,1.06364,0.277407,0.723053,0.729089
16.948,1.059268,0.281672,0.718019,0.726057
16.958,1.059347,0.280701,0.718972,0.725606
16.967,1.056161,0.286058,0.71618,0.721618
16.977,1.056709,0.293927,0.713542,0.721871
16.987,1.055248,0.291948,0.713547,0.720531
16.997,1.069201,0.296676,0.713511,0.738969
17.007,1.096894,0.308055,0.74728,0.741519
17.017,1.102273,0.3035,0.765314,0.732931
17.027,1.104717,0.29647,0.772551,0.731895
17.037,1.108493,0.296353,0.772271,0.737923
17.047,1.09113,0.290678,0.765502,0.721164
17.057,1.075571,0.28157,0.749433,0.718277
17.068,1.079175,0.287031,0.750541,0.720361
17.078,1.083721,0.289885,0.752171,0.724331
17.088,1.086566,0.293413,0.752379,0.726952
17.098,1.105113,0.308647,0.759642,0.740916
17.108,1.102153,0.304439,0.75447,0.743527
17.118,1.086754,0.294046,0.740737,0.738837
17.128,1.071542,0.293049,0.74282,0.714523
17.138,1.045751,0.290817,0.7289,0.691177
17.148,1.014735,0.284593,0.720066,0.655896
17.158,1.01323,0.281312,0.718881,0.656283
17.167,1.018203,0.280748,0.722658,0.660063
17.177,1.014589,0.289926,0.71811,0.655479
17.187,1.003879,0.291295,0.701456,0.656414
17.197,1.011894,0.290044,0.700551,0.670099
17.207,1.007766,0.299548,0.694131,0.666367
17.217,1.001024,0.297536,0.687805,0.66366
17.227,1.007936,0.29732,0.6881,0.673835
17.237,0.97543,0.296955,0.668722,0.645052
17.247,0.961991,0.300236,0.673904,0.617364
17.257,0.944379,0.302314,0.6788,0.582829
17.268,0.953194,0.301743,0.688641,0.585922
17.278,0.950304,0.301732,0.68851,0.581369
17.288,0.96718,0.299256,0.698348,0.598493
17.298,0.973816,0.299594,0.707472,0.598369
17.308,0.960493,0.286769,0.686283,0.607721
17.318,0.946094,0.280341,0.683561,0.590972
17.328,0.940556,0.287155,0.690425,0.570526
17.338,0.913432,0.286142,0.6697,0.551346
17.348,0.911823,0.291323,0.667607,0.548501
17.358,0.877355,0.29203,0.610508,0.558347
17.367,0.88118,0.29107,0.615092,0.559838
17.377,0.867818,0.289656,0.568429,0.588299
17.387,0.868456,0.290597,0.568559,0.588651
17.397,0.88841,0.290866,0.573078,0.613393
17.407,0.882441,0.290823,0.562799,0.614314
17.417,0.896963,0.29133,0.561042,0.636318
17.427,0.896716,0.285498,0.561929,0.63783
17.437,0.898033,0.285195,0.561653,0.640057
17.447,0.897159,0.281331,0.561483,0.640691
17.457,0.937919,0.292954,0.569596,0.685149
17.467,0.961343,0.297212,0.602738,0.687425
17.478,0.977886,0.290632,0.631721,0.687547
17.488,0.989918,0.29121,0.635733,0.700698
17.498,0.978693,0.286735,0.633518,0.688678
17.508,0.967656,0.276882,0.611102,0.697315
17.518,0.95216,0.2769,0.586246,0.697317
17.528,0.950091,0.281655,0.583318,0.695043
17.538,0.944559,0.282423,0.586014,0.684849
17.548,0.949403,0.280568,0.582908,0.694886
17.558,0.970169,0.285611,0.603711,0.703696
17.568,0.987268,0.288684,0.631044,0.702241
17.577,0.996067,0.28882,0.635176,0.710833
17.587,1.015179,0.285186,0.634991,0.738949
17.597,1.02262,0.279652,0.646875,0.741012
17.607,1.02428,0.280243,0.652786,0.737891
17.617,1.030054,0.284579,0.651165,0.74566
17.627,1.019584,0.283424,0.648619,0.733836
17.637,1.028509,0.28894,0.655221,0.738261
17.647,1.038924,0.307364,0.665347,0.736345
17.657,1.044457,0.308117,0.671106,0.738628
17.667,1.04933,0.311068,0.669013,0.746158
17.678,1.053298,0.304487,0.681882,0.742806
17.688,1.060068,0.300893,0.682261,0.753476
17.698,1.049325,0.299897,0.684276,0.736826
17.708,1.04605,0.291354,0.686809,0.73323
17.718,1.05501,0.292354,0.687185,0.745221
17.728,1.044613,0.291799,0.689433,0.728527
17.738,1.049167,0.291762,0.689197,0.735277
17.748,1.038734,0.287946,0.685161,0.725678
17.758,1.042369,0.293333,0.669646,0.74301
17.768,1.042263,0.294859,0.671231,0.740822
17.777,1.03619,0.294687,0.685208,0.719262
17.787,1.036001,0.294067,0.690074,0.714577
17.797,1.028273,0.29744,0.680096,0.711579
17.807,1.027561,0.300059,0.679099,0.710402
17.817,1.029522,0.297619,0.675223,0.717922
17.827,1.041105,0.298382,0.681212,0.728573
17.837,1.043699,0.303304,0.685004,0.726694
17.847,1.042524,0.298841,0.682983,0.728755
17.857,1.037868,0.299723,0.68492,0.719875
17.867,1.032281,0.299113,0.681945,0.714904
17.878,1.029771,0.301363,0.692126,0.700407
17.888,1.037934,0.305502,0.7046,0.698222
17.898,1.030439,0.306015,0.706821,0.684517
17.908,1.032397,0.307535,0.707233,0.686358
17.918,1.030703,0.307588,0.717009,0.673525
17.928,1.031358,0.309517,0.717031,0.67362
17.938,1.031981,0.309585,0.717631,0.673905
17.948,1.037095,0.309571,0.723942,0.675011
17.958,1.008626,0.299598,0.723204,0.636038
17.968,0.981649,0.288611,0.689485,0.636357
17.977,0.975406,0.290332,0.667778,0.648996
17.987,0.968579,0.295747,0.671366,0.632413
17.997,0.956012,0.294645,0.666581,0.618719
18.007,0.937918,0.293867,0.655809,0.602699
18.017,0.9395,0.295078,0.655883,0.60449
18.027,0.933691,0.290123,0.649662,0.604605
18.037,0.934197,0.290809,0.648256,0.606563
18.047,0.928063,0.290831,0.646075,0.599421
18.057,0.904061,0.28708,0.62415,0.587663
18.067,0.88824,0.277939,0.604983,0.587977
18.078,0.878826,0.274548,0.607924,0.572178
18.088,0.863498,0.273716,0.622392,0.532294
18.098,0.842261,0.263538,0.613284,0.513648
18.108,0.855625,0.263174,0.605245,0.544529
18.118,0.869206,0.261432,0.609145,0.562241
18.128,0.882747,0.267759,0.621323,0.567015
18.138,0.871463,0.262402,0.615485,0.558366
18.148,0.852925,0.239724,0.598134,0.558793
18.158,0.853751,0.244878,0.591177,0.565186
18.168,0.842824,0.253952,0.589529,0.546183
18.177,0.831758,0.249453,0.574824,0.546967
18.187,0.829168,0.249751,0.580278,0.537049
18.197,0.841365,0.249908,0.592139,0.542966
18.207,0.877721,0.260054,0.638566,0.543139
18.217,0.887316,0.258358,0.654312,0.540792
18.227,0.908284,0.261326,0.652217,0.575588
18.237,0.934891,0.266201,0.67126,0.593774
18.247,0.943205,0.265815,0.68085,0.596172
18.257,0.930949,0.256849,0.683549,0.577456
18.267,0.922627,0.256094,0.674219,0.5754
18.278,0.914363,0.260512,0.661194,0.57534
18.288,0.904898,0.260805,0.646236,0.577235
18.298,0.910179,0.260152,0.648134,0.583668
18.308,0.910042,0.262175,0.646007,0.584907
18.318,0.903432,0.26265,0.646167,0.574172
18.328,0.886704,0.254265,0.636525,0.56252
18.338,0.881151,0.24597,0.632285,0.562264
18.348,0.889231,0.248358,0.64457,0.559981
18.358,0.894484,0.250244,0.652535,0.55828
18.368,0.904099,0.25629,0.653571,0.569698
18.377,0.896781,0.25216,0.642704,0.572331
18.387,0.889171,0.245315,0.6268,0.581006
18.397,0.888049,0.245089,0.618969,0.587741
18.407,0.88712,0.244878,0.615423,0.590146
18.417,0.882795,0.247481,0.604391,0.593964
18.427,0.884651,0.251231,0.605692,0.593825
18.437,0.883763,0.250577,0.604987,0.593497
18.447,0.878179,0.250765,0.598356,0.591849
18.457,0.883673,0.250528,0.594933,0.603464
18.467,0.900003,0.250897,0.618432,0.60382
18.478,0.890218,0.248041,0.618203,0.590584
18.488,0.886744,0.244435,0.616607,0.588526
18.498,0.899056,0.247897,0.635348,0.585817
18.508,0.905435,0.248282,0.638779,0.591718
18.518,0.92383,0.248913,0.639476,0.618526
18.528,0.943646,0.249599,0.647865,0.639093
18.538,0.943654,0.248279,0.648228,0.63925
18.548,0.941393,0.248348,0.64848,0.635624
18.558,0.942678,0.245758,0.652099,0.634832
18.568,0.943372,0.247233,0.651897,0.635496
18.577,0.949174,0.257092,0.655642,0.636371
18.587,0.951566,0.263989,0.655853,0.636903
18.597,0.955704,0.264092,0.653389,0.645529
18.607,0.939756,0.265664,0.653593,0.62079
18.617,0.920989,0.260881,0.648769,0.599384
18.627,0.912748,0.259233,0.64255,0.59417
18.637,0.919001,0.260146,0.651206,0.593985
18.647,0.919851,0.260527,0.653044,0.593114
18.657,0.92699,0.256048,0.658761,0.59982
18.667,0.939875,0.260226,0.670908,0.60459
18.678,0.939266,0.262732,0.671151,0.602287
18.688,0.93754,0.266406,0.6688,0.600595
18.698,0.915913,0.262378,0.647258,0.592546
18.708,0.886506,0.256914,0.601608,0.598295
18.718,0.874305,0.256916,0.586987,0.594853
18.728,0.858984,0.253392,0.589997,0.570571
18.738,0.828842,0.248372,0.572209,0.545772
18.748,0.815474,0.24885,0.558127,0.539969
18.758,0.816313,0.251085,0.558814,0.539491
18.768,0.82882,0.250562,0.562914,0.554337
18.777,0.839937,0.249098,0.561161,0.573186
18.787,0.840425,0.248621,0.561038,0.574228
18.797,0.838329,0.251167,0.556729,0.574251
18.807,0.851456,0.247672,0.55631,0.59511
18.818,0.868523,0.258485,0.560953,0.610614
18.828,0.865078,0.257875,0.555284,0.611162
18.837,0.869732,0.263983,0.554849,0.61554
18.847,0.875023,0.266902,0.561231,0.615993
18.854,0.887447,0.266082,0.581308,0.615503
18.867,0.89705,0.265827,0.606885,0.604753
18.878,0.90185,0.2687,0.619561,0.597727
18.888,0.905215,0.268069,0.622108,0.600445
18.894,0.91379,0.268844,0.624391,0.610631
18.907,0.925448,0.267322,0.624448,0.628536
18.917,0.94158,0.283508,0.631419,0.638362
18.927,0.944482,0.28248,0.634515,0.640033
18.937,0.948554,0.284667,0.637587,0.64203
18.947,0.95841,0.286443,0.647355,0.646089
18.957,0.959894,0.287514,0.653234,0.641885
18.967,0.953262,0.287161,0.646688,0.638781
18.976,0.961737,0.295554,0.653488,0.640735
18.986,0.963343,0.301295,0.652752,0.641222
18.996,0.955479,0.298495,0.642296,0.641324
19.006,0.956492,0.298773,0.647308,0.637655
19.016,0.939845,0.296986,0.648103,0.612429
19.026,0.91996,0.295979,0.640377,0.590458
19.036,0.919311,0.296273,0.639923,0.589791
19.046,0.926372,0.297247,0.648617,0.590851
19.056,0.924396,0.297367,0.645154,0.591489
19.066,0.926756,0.302197,0.647028,0.590684
19.076,0.921675,0.292575,0.645464,0.589288
19.086,0.909328,0.286604,0.630341,0.589411
19.096,0.908458,0.286544,0.628513,0.590051
19.106,0.924948,0.28495,0.628538,0.615851
19.116,0.94525,0.288201,0.631646,0.641452
19.126,0.945897,0.290243,0.628195,0.644865
19.136,0.945553,0.291188,0.627462,0.644649
19.146,0.950061,0.291282,0.63461,0.644237
19.156,0.938197,0.291432,0.628484,0.632683
19.166,0.92585,0.280832,0.616111,0.631458
19.176,0.923091,0.278776,0.612613,0.631732
19.186,0.921726,0.277245,0.611729,0.631269
19.196,0.927398,0.27836,0.617271,0.633688
19.206,0.931847,0.274775,0.626627,0.632595
19.216,0.93952,0.278153,0.645233,0.6237
19.226,0.940693,0.281294,0.647748,0.621449
19.236,0.940149,0.280593,0.646851,0.621877
19.246,0.939956,0.279929,0.64685,0.621886
19.256,0.944847,0.279571,0.655808,0.620074
19.266,0.939051,0.279411,0.655716,0.611378
19.277,0.926946,0.278139,0.655702,0.593231
19.287,0.924389,0.278698,0.655831,0.588819
19.297,0.920009,0.274027,0.658514,0.581106
19.307,0.907257,0.27255,0.658014,0.562004
19.317,0.889092,0.261373,0.653472,0.543271
19.327,0.890311,0.26113,0.654441,0.544217
19.337,0.895201,0.267215,0.659085,0.543681
19.347,0.897107,0.267209,0.66234,0.542869
19.357,0.883426,0.263139,0.638552,0.550865
19.367,0.8708,0.258684,0.612654,0.562167
19.376,0.863315,0.255831,0.600334,0.565209
19.386,0.86386,0.256401,0.601865,0.564156
19.396,0.864647,0.255877,0.599727,0.567862
19.406,0.864477,0.265099,0.603418,0.559401
19.416,0.85026,0.24651,0.59816,0.551706
19.426,0.845083,0.243942,0.592744,0.550738
19.436,0.84114,0.242836,0.589129,0.549066
19.446,0.830644,0.244701,0.578049,0.544012
19.456,0.82002,0.246355,0.567288,0.538448
19.466,0.811592,0.249369,0.557512,0.534487
19.476,0.809928,0.254781,0.554888,0.532136
19.486,0.805467,0.247821,0.549889,0.533839
19.496,0.806772,0.250155,0.54098,0.543732
19.506,0.804036,0.249459,0.533752,0.547132
19.516,0.812597,0.254816,0.545348,0.545873
19.526,0.824167,0.255149,0.550909,0.55736
19.536,0.841754,0.25801,0.550466,0.582209
19.546,0.860959,0.264294,0.549144,0.608144
19.556,0.871133,0.264292,0.56115,0.611665
19.566,0.869377,0.257118,0.558185,0.614927
19.576,0.871329,0.26556,0.555567,0.616473
19.586,0.875453,0.277164,0.555644,0.617138
19.596,0.864587,0.277399,0.552824,0.604107
19.606,0.84521,0.283054,0.554423,0.571729
19.616,0.823526,0.278603,0.554791,0.541093
19.626,0.819984,0.274749,0.553817,0.538677
19.636,0.815319,0.2739,0.54719,0.538801
19.646,0.810524,0.279163,0.538948,0.537171
19.656,0.803967,0.276074,0.538918,0.52888
19.666,0.812539,0.274281,0.537697,0.543941
19.676,0.824678,0.275794,0.538977,0.559942
19.686,0.844536,0.27697,0.548506,0.579369
19.696,0.849134,0.284529,0.551266,0.579808
19.706,0.846351,0.288037,0.540864,0.583791
19.716,0.838795,0.286711,0.522862,0.589906
19.726,0.864473,0.285512,0.547442,0.605065
19.736,0.904279,0.29051,0.608546,0.602491
19.746,0.928749,0.293175,0.642826,0.602824
19.756,0.931805,0.293096,0.642918,0.607463
19.766,0.938354,0.294695,0.64178,0.617885
19.776,0.962258,0.292002,0.642739,0.653882
19.786,0.985928,0.298611,0.645872,0.682448
19.796,0.991492,0.303326,0.642239,0.691794
19.806,0.994581,0.304033,0.647,0.691482
19.817,1.008107,0.304872,0.653347,0.704607
19.827,1.03231,0.310067,0.658949,0.731649
19.837,1.062228,0.30351,0.688413,0.749865
19.846,1.070144,0.299784,0.700325,0.751588
19.857,1.074553,0.30161,0.713499,0.744724
19.866,1.082904,0.308244,0.729642,0.738438
19.877,1.0891,0.312588,0.740361,0.735046
19.887,1.095249,0.311869,0.735895,0.748843
19.897,1.09154,0.312232,0.736895,0.742264
19.906,1.083542,0.305291,0.733476,0.736799
19.916,1.079536,0.305011,0.730825,0.733662
19.926,1.083086,0.307181,0.731405,0.737402
19.936,1.085998,0.3075,0.73443,0.738544
19.946,1.086356,0.304764,0.736286,0.738358
19.956,1.092993,0.302275,0.736826,0.748566
19.966,1.105068,0.300927,0.744356,0.759311
19.976,1.117985,0.296094,0.755696,0.768858
19.986,1.124411,0.297936,0.765744,0.767574
19.996,1.123339,0.295536,0.773967,0.758632
20.006,1.126226,0.298574,0.77527,0.760391
20.016,1.119775,0.299145,0.766115,0.759919
20.026,1.119569,0.298697,0.76244,0.763479
20.036,1.106653,0.298044,0.762889,0.744211
20.046,1.094479,0.294748,0.75945,0.73092
20.057,1.08928,0.296588,0.754477,0.727551
20.066,1.089556,0.296837,0.750267,0.732202
20.077,1.088975,0.289211,0.742857,0.741881
20.086,1.11179,0.28446,0.749069,0.77075
20.097,1.143149,0.290894,0.773599,0.789756
20.106,1.157767,0.287723,0.793503,0.79246
20.117,1.166017,0.298278,0.802138,0.79196
20.126,1.168145,0.300463,0.803023,0.793371
20.136,1.169949,0.302485,0.801002,0.797295
20.146,1.171739,0.296973,0.798708,0.804267
20.156,1.175251,0.29681,0.798963,0.809184
20.166,1.169077,0.296846,0.799478,0.799662
20.176,1.160175,0.295016,0.798738,0.788028
20.186,1.155046,0.295459,0.801594,0.777356
20.197,1.157458,0.289024,0.810049,0.774593
20.206,1.151448,0.285191,0.808331,0.768831
20.217,1.14292,0.283623,0.802389,0.762885
20.226,1.12034,0.2831,0.781716,0.750957
20.237,1.087996,0.278098,0.736139,0.75133
20.246,1.0737,0.279936,0.710872,0.754406
20.257,1.064699,0.279445,0.70131,0.750772
20.267,1.053578,0.277724,0.696792,0.739848
20.277,1.031936,0.278789,0.696558,0.708502
20.286,1.012146,0.274682,0.696546,0.681038
20.296,1.014296,0.272842,0.709658,0.671371
20.306,1.026821,0.277176,0.725191,0.672036
20.316,1.03304,0.278791,0.727935,0.677907
20.326,1.02779,0.276262,0.727991,0.670865
20.337,1.003583,0.27199,0.694036,0.671948
20.346,0.996187,0.273246,0.662715,0.691762
20.357,1.021757,0.277152,0.646946,0.740699
20.366,1.053256,0.27473,0.649073,0.782673
20.377,1.076312,0.273172,0.658363,0.806463
20.387,1.076811,0.274548,0.674011,0.793634
20.397,1.08602,0.28347,0.686353,0.792467
20.407,1.084726,0.285793,0.687994,0.788427
20.417,1.085422,0.285809,0.68776,0.789581
20.427,1.085121,0.28582,0.69111,0.786233
20.437,1.089029,0.286215,0.688163,0.794037
20.447,1.090815,0.287694,0.685841,0.797955
20.457,1.100439,0.289989,0.690852,0.805975
20.467,1.098566,0.288278,0.700745,0.795423
20.477,1.082565,0.279847,0.685288,0.789945
20.487,1.077855,0.278055,0.672837,0.794825
20.497,1.084273,0.280372,0.679533,0.797041
20.507,1.097702,0.282574,0.690728,0.804982
20.517,1.110563,0.283386,0.711876,0.803911
20.527,1.115063,0.289496,0.724027,0.797083
20.537,1.111039,0.286498,0.725403,0.791276
20.547,1.116065,0.285697,0.722302,0.80141
20.557,1.130536,0.294947,0.731729,0.809747
20.567,1.144166,0.300101,0.742781,0.816904
20.577,1.139237,0.300126,0.748325,0.804857
20.587,1.123133,0.296013,0.74394,0.787627
20.597,1.090283,0.293638,0.71958,0.764655
20.607,1.073865,0.29078,0.697745,0.762747
20.617,1.066609,0.285568,0.688729,0.762731
20.627,1.062794,0.282361,0.687585,0.759625
20.637,1.063841,0.278724,0.688432,0.761664
20.647,1.078943,0.281095,0.712527,0.759875
20.657,1.098254,0.288141,0.737406,0.761163
20.667,1.109906,0.289304,0.75352,0.76184
20.677,1.112739,0.295771,0.758797,0.758244
20.687,1.102673,0.292123,0.746688,0.756973
20.697,1.095557,0.291791,0.732077,0.761029
20.707,1.11773,0.294924,0.736716,0.78714
20.717,1.129554,0.295997,0.753022,0.788185
20.726,1.129261,0.297856,0.752154,0.787894
20.737,1.144337,0.305365,0.769673,0.789849
20.747,1.144693,0.300367,0.774614,0.787448
20.757,1.152968,0.300216,0.775053,0.799062
20.767,1.168359,0.30055,0.775035,0.821007
20.777,1.176909,0.303354,0.776006,0.831208
20.787,1.176584,0.300049,0.776125,0.831835
20.797,1.176835,0.300756,0.776885,0.831225
20.807,1.164384,0.297138,0.757894,0.832524
20.817,1.152341,0.296111,0.751984,0.821418
20.827,1.131596,0.292153,0.748389,0.796912
20.837,1.12772,0.292867,0.75319,0.786566
20.847,1.118162,0.291825,0.76111,0.765399
20.857,1.095529,0.290278,0.764875,0.728622
20.867,1.052756,0.294384,0.751965,0.675412
20.877,1.026206,0.29287,0.732032,0.656853
20.887,1.016067,0.291166,0.726069,0.648413
20.897,1.012194,0.28395,0.730819,0.640165
20.907,1.006336,0.27999,0.72989,0.633701
20.917,1.01021,0.279598,0.73761,0.631095
20.927,1.005492,0.274304,0.734096,0.62998
20.937,1.003053,0.273385,0.734199,0.626361
20.947,1.001618,0.277253,0.73424,0.622304
20.957,0.989767,0.276942,0.728908,0.609619
20.967,0.979802,0.27435,0.719813,0.605486
20.977,0.996343,0.278093,0.741937,0.604064
20.987,1.003892,0.280553,0.748141,0.607762
20.997,1.009344,0.277985,0.734985,0.633481
21.007,1.002434,0.272449,0.720494,0.641509
21.017,0.992923,0.268377,0.699449,0.651644
21.027,0.985599,0.262206,0.690656,0.652417
21.037,1.014367,0.262149,0.711748,0.673522
21.047,1.024846,0.260352,0.711109,0.690543
21.057,1.038839,0.25165,0.709378,0.71599
21.067,1.039308,0.246754,0.704507,0.723148
21.077,1.042421,0.248671,0.699562,0.731723
21.087,1.036504,0.251606,0.695889,0.725792
21.097,1.04319,0.246375,0.699768,0.733396
21.107,1.054099,0.246274,0.697605,0.75088
21.117,1.076098,0.241737,0.709291,0.772307
21.127,1.082656,0.242042,0.71505,0.776057
21.137,1.078212,0.241973,0.714095,0.770752
21.147,1.056575,0.238641,0.688959,0.764681
21.157,1.034528,0.23403,0.663223,0.758693
21.167,1.032001,0.232353,0.6487,0.768262
21.177,1.059038,0.234345,0.674598,0.782024
21.187,1.062758,0.233486,0.681738,0.781136
21.197,1.056774,0.232381,0.681591,0.773437
21.207,1.038659,0.23141,0.673372,0.756196
21.217,1.025223,0.229136,0.655378,0.754359
21.227,1.027953,0.224498,0.667297,0.749001
21.237,1.030807,0.219963,0.674163,0.74812
21.247,1.031885,0.219885,0.670375,0.753018
21.257,1.025561,0.221361,0.668062,0.745968
21.267,1.032778,0.221803,0.672108,0.752133
21.277,1.030087,0.219596,0.679747,0.742159
21.287,1.031242,0.226051,0.67992,0.741668
21.297,1.026007,0.223716,0.666466,0.747305
21.307,1.027288,0.225105,0.671092,0.744503
21.317,1.029435,0.223206,0.672831,0.746468
21.327,1.058721,0.232946,0.704847,0.754863
21.337,1.064139,0.231536,0.714337,0.753992
21.347,1.058068,0.2316,0.707273,0.752086
21.357,1.067817,0.228781,0.698066,0.774981
21.367,1.076201,0.212598,0.700861,0.788546
21.377,1.085958,0.21979,0.703806,0.797279
21.387,1.076957,0.221409,0.69554,0.791857
21.397,1.068199,0.220777,0.677799,0.795547
21.407,1.073792,0.221845,0.678056,0.80253
21.417,1.080346,0.224267,0.6708,0.816627
21.427,1.091467,0.223367,0.675939,0.827353
21.437,1.113563,0.223803,0.69078,0.844249
21.447,1.129976,0.226,0.712258,0.84762
21.457,1.142097,0.225883,0.725024,0.853054
21.467,1.138689,0.233129,0.714987,0.855019
21.477,1.122334,0.232772,0.688328,0.855369
21.487,1.111812,0.231075,0.685002,0.844691
21.497,1.098576,0.23106,0.683975,0.828045
21.507,1.092379,0.231709,0.687462,0.8167
21.517,1.123651,0.244147,0.720643,0.826835
21.527,1.143993,0.245534,0.752807,0.82566
21.537,1.137093,0.245912,0.755221,0.813726
21.547,1.12911,0.252798,0.77493,0.781323
21.557,1.126872,0.266401,0.793677,0.754286
21.567,1.119545,0.269217,0.804785,0.730221
21.577,1.121391,0.268187,0.803915,0.734379
21.587,1.120243,0.262433,0.802891,0.735825
21.597,1.120645,0.267402,0.798609,0.7393
21.607,1.109745,0.267218,0.804414,0.716272
21.617,1.094329,0.265775,0.798872,0.699087
21.627,1.100934,0.268312,0.81221,0.693093
21.637,1.122596,0.273015,0.839753,0.69318
21.647,1.129915,0.273169,0.849619,0.692989
21.657,1.128695,0.267168,0.849518,0.693464
21.667,1.114556,0.266477,0.845665,0.675333
21.677,1.095754,0.259045,0.822873,0.675613
21.687,1.106304,0.269096,0.832803,0.676709
21.697,1.115284,0.271766,0.845136,0.675089
21.707,1.119199,0.271978,0.850009,0.675366
21.717,1.125824,0.275934,0.852743,0.681299
21.727,1.12848,0.275395,0.844123,0.696478
21.737,1.111531,0.27298,0.822173,0.69643
21.747,1.109776,0.27709,0.823152,0.690829
21.757,1.111703,0.275808,0.836285,0.678557
21.767,1.102673,0.27709,0.844018,0.653256
21.777,1.099761,0.272828,0.843985,0.650176
21.787,1.100337,0.272609,0.842315,0.653399
21.797,1.094889,0.271113,0.841874,0.64539
21.807,1.107957,0.280306,0.849904,0.653193
21.817,1.122441,0.287332,0.870305,0.647984
21.827,1.107509,0.285905,0.860727,0.635597
21.837,1.103304,0.287419,0.852268,0.638991
21.847,1.105157,0.287239,0.851578,0.643181
21.857,1.09007,0.287488,0.853003,0.614808
21.867,1.078598,0.287818,0.850272,0.597973
21.877,1.071363,0.28278,0.850979,0.586249
21.887,1.072035,0.283164,0.851458,0.586597
21.897,1.069616,0.283065,0.85012,0.584165
21.907,1.067434,0.282193,0.850639,0.579824
21.917,1.067197,0.281906,0.859186,0.566778
21.927,1.060649,0.281753,0.861793,0.550368
21.937,1.041669,0.280534,0.851578,0.530273
21.947,1.030022,0.273987,0.83969,0.529904
21.957,1.028789,0.273522,0.829056,0.544295
21.967,1.035148,0.266852,0.83284,0.553804
21.977,1.033906,0.262605,0.831664,0.555281
21.987,1.032391,0.264311,0.829032,0.555587
21.997,1.036381,0.264288,0.833602,0.556188
22.007,1.044976,0.264569,0.837761,0.565804
22.017,1.038866,0.272088,0.830983,0.560961
22.027,1.031657,0.275998,0.821007,0.560437
22.037,1.014443,0.275213,0.800057,0.559698
22.047,0.997998,0.271429,0.782027,0.557458
22.057,0.971463,0.256557,0.751753,0.559273
22.067,0.957262,0.251576,0.736095,0.557874
22.077,0.965469,0.255635,0.748331,0.553879
22.087,0.961044,0.2554,0.748158,0.546476
22.097,0.956421,0.250763,0.748648,0.539802
22.107,0.959058,0.252738,0.747843,0.544654
22.117,0.967672,0.252954,0.755263,0.549529
22.127,0.954956,0.249513,0.737623,0.552807
22.137,0.938511,0.244564,0.708741,0.564515
22.147,0.933979,0.251435,0.696562,0.569121
22.157,0.934098,0.25168,0.697523,0.568029
22.167,0.957005,0.274632,0.721255,0.565886
22.177,0.96526,0.275456,0.723179,0.576942
22.187,0.972424,0.269737,0.709832,0.607445
22.197,0.999542,0.270686,0.715743,0.64306
22.207,1.004692,0.269585,0.715659,0.651585
22.217,0.996032,0.265418,0.712824,0.643051
22.227,0.988938,0.265426,0.714505,0.630103
22.237,0.998358,0.265509,0.72677,0.630896
22.247,1.012154,0.270568,0.743762,0.630925
22.257,1.008806,0.270934,0.737907,0.63228
22.267,1.006557,0.275965,0.732805,0.632452
22.277,1.008159,0.286048,0.731652,0.63186
22.287,1.018227,0.284276,0.733608,0.646369
22.297,1.033204,0.286773,0.732408,0.669963
22.307,1.02045,0.276539,0.717691,0.670644
22.317,1.006996,0.273299,0.70022,0.670105
22.327,1.009249,0.267941,0.703447,0.672274
22.337,1.011507,0.266297,0.705847,0.673804
22.347,1.012211,0.268916,0.707396,0.672195
22.357,1.01655,0.269932,0.706541,0.679199
22.367,1.027181,0.26917,0.704294,0.69758
22.377,1.039549,0.271668,0.708612,0.710441
22.387,1.042862,0.271162,0.713216,0.710885
22.397,1.041176,0.27315,0.713021,0.70784
22.407,1.04007,0.272839,0.714624,0.70471
22.417,1.033888,0.270146,0.710048,0.701268
22.427,1.052854,0.275582,0.724932,0.71206
22.437,1.069115,0.288342,0.748207,0.707144
22.447,1.068869,0.289022,0.75591,0.698246
22.457,1.060907,0.289047,0.759771,0.681706
22.467,1.053404,0.297558,0.75408,0.672669
22.477,1.052679,0.298489,0.755085,0.669988
22.487,1.055393,0.296294,0.758842,0.670986
22.497,1.051761,0.296389,0.753431,0.671338
22.507,1.035446,0.294771,0.747449,0.653129
22.517,1.019667,0.297769,0.730596,0.645976
22.527,1.035135,0.298733,0.75261,0.644858
22.537,1.04748,0.300085,0.753343,0.663052
22.547,1.06538,0.30252,0.751534,0.691891
22.557,1.073004,0.303376,0.750992,0.703783
22.567,1.078854,0.308766,0.745302,0.71632
22.577,1.072261,0.305962,0.738845,0.71431
22.587,1.079343,0.305987,0.742758,0.720877
22.597,1.084876,0.305664,0.74265,0.72938
22.607,1.095351,0.308453,0.739557,0.746796
22.617,1.091269,0.310001,0.730444,0.749145
22.627,1.087429,0.311101,0.727502,0.745962
22.637,1.089336,0.312131,0.731129,0.744767
22.647,1.092893,0.307834,0.739449,0.743551
22.657,1.094837,0.308989,0.737741,0.747618
22.667,1.080323,0.28774,0.717993,0.754181
22.677,1.077785,0.289713,0.711886,0.755583
22.687,1.076938,0.288057,0.716879,0.750268
22.697,1.072873,0.291701,0.702938,0.756204
22.707,1.087268,0.297373,0.704845,0.772603
22.717,1.100373,0.309392,0.705288,0.785917
22.727,1.1026,0.311259,0.703432,0.789955
22.737,1.102646,0.31125,0.689462,0.802243
22.747,1.093785,0.301573,0.665849,0.813674
22.757,1.09053,0.30251,0.656937,0.816197
22.767,1.084224,0.294684,0.649698,0.816452
22.777,1.082668,0.289347,0.653294,0.813422
22.787,1.083379,0.291721,0.66793,0.801548
22.797,1.071079,0.291288,0.674346,0.779499
22.807,1.06727,0.291693,0.673937,0.774461
22.817,1.069719,0.29356,0.673839,0.777214
22.827,1.074092,0.30213,0.67084,0.782538
22.837,1.073481,0.306045,0.673675,0.777727
22.847,1.069125,0.304627,0.672834,0.772998
22.857,1.060243,0.304286,0.670208,0.763116
22.867,1.05495,0.307378,0.675059,0.750156
22.877,1.042265,0.304447,0.673306,0.735042
22.887,1.037337,0.304037,0.66742,0.733607
22.897,1.039062,0.30473,0.669794,0.733598
22.907,1.047268,0.306656,0.680469,0.734638
22.917,1.048164,0.306667,0.679553,0.736758
22.927,1.028642,0.301235,0.665866,0.723867
22.937,1.015751,0.300158,0.643235,0.72657
22.947,1.016404,0.299787,0.633613,0.736029
22.957,1.012297,0.299865,0.628934,0.734348
22.967,1.013976,0.289304,0.63651,0.734374
22.977,1.026632,0.294483,0.654148,0.734401
22.987,1.031409,0.293183,0.656452,0.73954
22.997,1.037911,0.297608,0.657014,0.746338
23.007,1.041885,0.301173,0.663379,0.744814
23.017,1.027267,0.285876,0.65085,0.741584
23.027,0.998498,0.276097,0.606701,0.743427
23.037,0.983887,0.275558,0.605373,0.725
23.047,0.967689,0.27355,0.608055,0.701328
23.057,0.968408,0.272829,0.616341,0.695344
23.067,0.974396,0.273938,0.618945,0.700937
23.077,0.97517,0.271819,0.616785,0.704733
23.087,0.972688,0.278488,0.618446,0.697202
23.097,0.968186,0.284153,0.618627,0.688435
23.107,0.964511,0.282024,0.616185,0.686338
23.117,0.961163,0.27884,0.611428,0.687196
23.127,0.967021,0.281975,0.618684,0.68764
23.137,0.961883,0.286243,0.613692,0.683129
23.147,0.960729,0.287077,0.605354,0.688573
23.157,0.967019,0.288274,0.604547,0.697529
23.167,0.96027,0.288006,0.603204,0.689431
23.177,0.960075,0.298377,0.611759,0.677101
23.187,0.945992,0.299726,0.601712,0.665588
23.197,0.922342,0.296935,0.59519,0.638979
23.207,0.896136,0.288809,0.587565,0.611896
23.217,0.88487,0.28195,0.587164,0.598947
23.227,0.898881,0.292777,0.586975,0.614597
23.237,0.898324,0.296456,0.586615,0.612359
23.247,0.890038,0.29652,0.586597,0.600124
23.257,0.887308,0.299713,0.582715,0.598274
23.267,0.904738,0.304776,0.582741,0.62135
23.277,0.907344,0.305163,0.569002,0.637483
23.287,0.893061,0.301662,0.547515,0.637797
23.297,0.888648,0.300846,0.540479,0.63802
23.307,0.893073,0.304031,0.53929,0.64367
23.317,0.890674,0.300908,0.52407,0.654298
23.327,0.870434,0.293246,0.498526,0.650488
23.337,0.874698,0.294975,0.508248,0.647896
23.347,0.886204,0.303397,0.522555,0.648263
23.357,0.89665,0.302911,0.523066,0.662291
23.367,0.900656,0.301147,0.516625,0.673492
23.377,0.902559,0.302361,0.513335,0.677995
23.387,0.908686,0.30223,0.515628,0.684467
23.397,0.91688,0.302404,0.512041,0.697878
23.407,0.9176,0.299824,0.495863,0.711488
23.417,0.922402,0.301828,0.485431,0.723936
23.427,0.922357,0.298757,0.474892,0.732096
23.437,0.918693,0.292965,0.459905,0.739362
23.447,0.9207,0.291176,0.463925,0.740053
23.457,0.931316,0.292711,0.467157,0.750622
23.467,0.933706,0.290051,0.454841,0.7621
23.477,0.923118,0.285549,0.423632,0.76886
23.487,0.917365,0.284819,0.414646,0.767141
23.497,0.911862,0.280266,0.413548,0.762837
23.507,0.906122,0.278056,0.402258,0.762844
23.517,0.903339,0.279343,0.405359,0.757412
23.527,0.899019,0.279223,0.397672,0.75639
23.537,0.911245,0.286364,0.420643,0.755925
23.547,0.920122,0.286319,0.433404,0.759478
23.557,0.910067,0.285599,0.421667,0.754223
23.567,0.892828,0.284232,0.418348,0.735758
23.577,0.896615,0.300114,0.428387,0.72824
23.587,0.901422,0.294896,0.441172,0.728673
23.597,0.901745,0.290957,0.449338,0.725661
23.607,0.898939,0.297921,0.462685,0.710814
23.617,0.904491,0.308588,0.478111,0.703056
23.627,0.902182,0.305948,0.47622,0.702526
23.637,0.908588,0.302675,0.47868,0.710482
23.647,0.936208,0.315037,0.503017,0.724024
23.657,0.94883,0.321677,0.53174,0.716976
23.667,0.950764,0.321749,0.533471,0.718219
23.677,0.94842,0.315252,0.523408,0.725369
23.687,0.968758,0.324719,0.529918,0.743126
23.697,0.967837,0.326293,0.542448,0.732114
23.707,0.97305,0.326839,0.542541,0.738682
23.717,0.98018,0.326789,0.544994,0.746286
23.727,0.976874,0.318076,0.546691,0.744473
23.737,0.967621,0.314775,0.547565,0.733061
23.747,0.975753,0.31449,0.554014,0.739093
23.757,0.974152,0.311392,0.555123,0.737459
23.767,0.964091,0.305517,0.563017,0.720516
23.777,0.956513,0.302228,0.570373,0.705868
23.787,0.97467,0.303184,0.580585,0.72179
23.797,0.987796,0.305991,0.580594,0.738256
23.807,0.986295,0.315357,0.580738,0.732169
23.817,0.980037,0.314269,0.580737,0.724191
23.827,0.976484,0.314267,0.575624,0.723474
23.837,0.961712,0.307991,0.552012,0.724785
23.847,0.960053,0.297666,0.537324,0.737821
23.857,0.985099,0.304086,0.544213,0.762748
23.867,1.003908,0.312138,0.553768,0.777009
23.877,1.00167,0.312835,0.552607,0.774662
23.887,1.000041,0.314297,0.549642,0.774076
23.897,0.995677,0.315258,0.549386,0.768219
23.907,0.98657,0.320481,0.549379,0.754185
23.917,0.977788,0.319009,0.548521,0.743927
23.927,0.972046,0.322512,0.550142,0.733624
23.937,0.963121,0.321691,0.550335,0.721976
23.947,0.950487,0.325043,0.543496,0.708791
23.957,0.948431,0.327338,0.551953,0.698369
23.967,0.946917,0.327034,0.555165,0.693896
23.977,0.952256,0.328153,0.554643,0.701055
23.987,0.94949,0.329102,0.549541,0.700877
23.997,0.955391,0.327562,0.556707,0.703955
24.007,0.964772,0.32893,0.571247,0.704462
24.017,0.974651,0.32937,0.585636,0.706038
24.027,0.980469,0.32936,0.593204,0.707779
24.037,0.981239,0.323452,0.590259,0.714004
24.047,0.983463,0.326542,0.598144,0.70908
24.057,0.99593,0.32976,0.620177,0.706056
24.067,1.000499,0.327279,0.627353,0.70733
24.077,0.994276,0.313901,0.61736,0.713385
24.087,0.985888,0.312956,0.604641,0.713051
24.097,0.998326,0.330118,0.614173,0.714471
24.107,0.992462,0.326857,0.610207,0.711191
24.117,0.989899,0.317749,0.597609,0.722357
24.127,1.00321,0.324057,0.605916,0.730946
24.137,1.00208,0.324116,0.615765,0.721072
24.147,0.974636,0.309453,0.597742,0.704883
24.157,0.957534,0.307705,0.574843,0.701245
24.167,0.956651,0.306825,0.573965,0.701144
24.177,0.965095,0.312998,0.589895,0.696754
24.187,0.963803,0.311459,0.619119,0.669777
24.197,0.968298,0.30925,0.629105,0.667976
24.207,0.965264,0.309217,0.636431,0.656563
24.217,0.953335,0.304501,0.632808,0.644732
24.227,0.937396,0.304214,0.631785,0.622104
24.237,0.937278,0.303417,0.632293,0.621799
24.247,0.92979,0.303666,0.629611,0.613096
24.257,0.941022,0.30387,0.648209,0.610746
24.267,0.963929,0.314636,0.675299,0.611665
24.277,0.982877,0.324983,0.69953,0.609174
24.287,0.968711,0.325015,0.691355,0.595647
24.297,0.959025,0.322659,0.69585,0.575685
24.307,0.963651,0.312104,0.706971,0.575679
24.317,0.976218,0.310682,0.726773,0.572957
24.327,0.989967,0.310696,0.746913,0.570635
24.337,0.998658,0.313296,0.746157,0.585161
24.347,0.991126,0.314019,0.746226,0.571726
24.357,0.965945,0.319302,0.744617,0.525967
24.367,0.948295,0.32267,0.73821,0.500193
24.377,0.941463,0.32166,0.736594,0.490221
24.387,0.938964,0.32103,0.737952,0.483756
24.397,0.940313,0.321575,0.746309,0.473076
24.407,0.967261,0.330196,0.772526,0.479341
24.417,0.988367,0.338829,0.796795,0.476637
24.427,0.985794,0.336079,0.79682,0.473202
24.437,0.989935,0.338407,0.800472,0.474022
24.447,0.998018,0.3389,0.808914,0.476283
24.457,1.019383,0.347222,0.831685,0.476318
24.467,1.032517,0.351093,0.855123,0.45999
24.477,1.02979,0.350306,0.857321,0.450283
24.487,1.025818,0.350693,0.858088,0.439321
24.497,1.023493,0.350785,0.856548,0.436823
24.507,1.020004,0.347409,0.854274,0.435812
24.517,1.018496,0.346589,0.853664,0.434129
24.527,1.014145,0.34686,0.850852,0.429219
24.537,1.010923,0.348722,0.849057,0.423629
24.547,1.009907,0.354293,0.838463,0.437457
24.557,0.999469,0.351589,0.824578,0.442035
24.567,1.004209,0.352389,0.829543,0.442849
24.577,1.026606,0.352818,0.833177,0.485031
24.587,1.035474,0.352712,0.831173,0.506905
24.597,1.038386,0.341226,0.821727,0.535327
24.607,1.035852,0.338253,0.818156,0.537769
24.617,1.0393,0.340912,0.821708,0.537326
24.627,1.038899,0.340948,0.819975,0.539172
24.637,1.045559,0.342593,0.820867,0.549547
24.647,1.04706,0.342305,0.819309,0.554883
24.657,1.047664,0.340389,0.821772,0.553557
24.667,1.055233,0.342897,0.828991,0.55562
24.677,1.052097,0.334175,0.830269,0.553073
24.687,1.045349,0.320679,0.812302,0.574532
24.697,1.033341,0.321636,0.796085,0.574971
24.707,1.032536,0.321273,0.79369,0.577036
24.717,1.049653,0.326354,0.792564,0.605893
24.727,1.053729,0.327471,0.79278,0.612052
24.737,1.061854,0.327544,0.791977,0.626914
24.747,1.060332,0.327276,0.789138,0.628058
24.757,1.05189,0.330612,0.776884,0.627391
24.767,1.039742,0.326482,0.754892,0.63609
24.777,1.01851,0.315952,0.728693,0.637609
24.787,1.034674,0.316205,0.726997,0.664861
24.797,1.035638,0.313052,0.722502,0.672708
24.807,1.032471,0.309964,0.712187,0.680226
24.817,1.018661,0.309515,0.6919,0.680548
24.827,1.004933,0.313083,0.671489,0.67895
24.837,1.018404,0.310414,0.673708,0.697787
24.847,1.043008,0.313891,0.686463,0.719797
24.857,1.0614,0.31556,0.696712,0.735924
24.867,1.059188,0.305675,0.702851,0.731056
24.877,1.065363,0.306003,0.704496,0.738272
24.887,1.105444,0.315366,0.7225,0.774948
24.897,1.131834,0.323222,0.744199,0.789141
24.907,1.133558,0.312753,0.749778,0.790552
24.917,1.11847,0.302921,0.731069,0.790413
24.927,1.119356,0.303794,0.732103,0.790375
24.937,1.117346,0.302273,0.730342,0.789743
24.947,1.11285,0.296842,0.723541,0.791713
24.957,1.108591,0.288357,0.704399,0.806006
24.967,1.108302,0.295304,0.692913,0.813019
24.977,1.11633,0.301104,0.704961,0.811516
24.987,1.11959,0.303315,0.708888,0.811762
24.997,1.123672,0.303435,0.709165,0.817098
25.007,1.152443,0.313139,0.732654,0.832639
25.017,1.173878,0.32201,0.759862,0.83481
25.027,1.184692,0.3242,0.775173,0.835162
25.037,1.18093,0.322832,0.770531,0.834659
25.047,1.176917,0.315813,0.772537,0.829809
25.057,1.19061,0.32332,0.79008,0.829934
25.067,1.191269,0.322702,0.792781,0.828543
25.077,1.178084,0.321754,0.807227,0.79545
25.087,1.178803,0.320729,0.81868,0.785158
25.097,1.162892,0.319669,0.821008,0.758997
25.107,1.159812,0.323067,0.8168,0.757383
25.117,1.156675,0.320879,0.817824,0.752395
25.127,1.155382,0.319593,0.827593,0.740174
25.137,1.171907,0.337339,0.842465,0.741499
25.147,1.179312,0.345778,0.85851,0.730872
25.157,1.179963,0.342236,0.858497,0.733601
25.167,1.181405,0.344753,0.857373,0.736053
25.177,1.184597,0.348863,0.870688,0.723511
25.187,1.192919,0.353094,0.887239,0.714973
25.197,1.202553,0.351683,0.893616,0.723812
25.207,1.201316,0.355362,0.891,0.723185
25.217,1.191766,0.352484,0.893486,0.70551
25.227,1.194417,0.35065,0.896627,0.70692
25.237,1.198316,0.352606,0.897723,0.711142
25.247,1.207225,0.353413,0.898607,0.724567
25.257,1.211093,0.349569,0.902258,0.728338
25.267,1.203208,0.345804,0.89902,0.721035
25.277,1.206173,0.349555,0.899348,0.723766
25.287,1.19677,0.348267,0.900157,0.707591
25.297,1.196971,0.353519,0.905709,0.698179
25.307,1.20549,0.356906,0.915088,0.698884
25.317,1.213275,0.357506,0.916396,0.710243
25.327,1.211018,0.356818,0.915963,0.707289
25.337,1.195947,0.360441,0.915905,0.67933
25.347,1.189111,0.357506,0.912171,0.673883
25.357,1.185359,0.349375,0.905363,0.680684
25.367,1.194151,0.352996,0.899844,0.701193
25.377,1.189403,0.352367,0.898724,0.694846
25.387,1.163783,0.346853,0.881936,0.67548
25.397,1.145933,0.34222,0.857048,0.67935
25.407,1.125871,0.338373,0.827712,0.684091
25.417,1.12652,0.338892,0.824187,0.68914
25.427,1.133739,0.341755,0.832754,0.689266
25.437,1.136885,0.344007,0.835844,0.689587
25.447,1.134884,0.344363,0.834388,0.687876
25.457,1.127684,0.34532,0.837773,0.671239
25.467,1.126311,0.338439,0.837147,0.673215
25.477,1.121916,0.333539,0.834558,0.671536
25.487,1.119688,0.331503,0.831202,0.672987
25.497,1.125425,0.340236,0.843651,0.662627
25.507,1.107627,0.335016,0.838021,0.642125
25.517,1.10914,0.32675,0.823159,0.667709
25.527,1.100913,0.324598,0.811611,0.669278
25.537,1.122133,0.326307,0.813089,0.701136
25.547,1.123519,0.33461,0.81419,0.698158
25.557,1.163557,0.329604,0.79526,0.782807
25.567,1.165866,0.330689,0.781059,0.799897
25.577,1.168305,0.332017,0.767987,0.815413
25.587,1.179959,0.338838,0.764275,0.832692
25.597,1.243289,0.348862,0.763294,0.917303
25.607,1.254884,0.351343,0.763426,0.931919
25.617,1.294225,0.350787,0.760793,0.986488
25.627,1.294425,0.349486,0.760628,0.987341
25.637,1.274937,0.331719,0.735529,0.98713
25.647,1.266365,0.32396,0.716752,0.99247
25.657,1.271678,0.324877,0.734629,0.98587
25.667,1.27617,0.320526,0.729991,0.996487
25.677,1.262984,0.315642,0.699386,1.003175
25.687,1.251473,0.3171,0.690612,0.994328
25.697,1.268879,0.336271,0.700832,1.0029
25.707,1.278228,0.341986,0.712728,1.004456
25.717,1.290885,0.341181,0.710808,1.02212
25.727,1.2996,0.345989,0.722174,1.02358
25.737,1.309146,0.346574,0.741306,1.021869
25.747,1.311473,0.347808,0.746515,1.020641
25.757,1.319392,0.350217,0.745109,1.030998
25.767,1.317209,0.350068,0.740838,1.031335
25.777,1.340518,0.348971,0.741244,1.061021
25.787,1.329354,0.34914,0.740565,1.047304
25.797,1.342146,0.345674,0.732646,1.070091
25.807,1.328224,0.344503,0.722787,1.059752
25.817,1.339528,0.346674,0.720473,1.074742
25.827,1.357765,0.345816,0.727026,1.093331
25.837,1.3636,0.348733,0.743367,1.088667
25.847,1.390813,0.364446,0.762778,1.104405
25.857,1.375932,0.364064,0.773504,1.078117
25.867,1.371531,0.357825,0.775688,1.073018
25.877,1.373965,0.358239,0.776893,1.07512
25.887,1.373956,0.358721,0.781351,1.071711
25.897,1.367101,0.35432,0.781224,1.064477
25.907,1.382956,0.35448,0.78311,1.083351
25.917,1.385003,0.359057,0.780944,1.08602
25.927,1.384011,0.358215,0.771153,1.092013
25.937,1.387843,0.355814,0.766467,1.100923
25.947,1.390949,0.358181,0.767806,1.103141
25.957,1.40085,0.357189,0.765433,1.117546
25.967,1.390972,0.356379,0.751492,1.114924
25.977,1.386128,0.354896,0.740526,1.1167
25.987,1.386101,0.354697,0.740434,1.116791
25.997,1.376283,0.346593,0.726128,1.116587
26.007,1.381155,0.345644,0.708544,1.134057
26.017,1.374336,0.358284,0.702085,1.125837
26.027,1.381917,0.359747,0.708644,1.130531
26.037,1.369481,0.358078,0.704834,1.118242
26.047,1.377382,0.35236,0.718084,1.12133
26.057,1.341146,0.348844,0.736901,1.064874
26.067,1.332936,0.347983,0.74223,1.051057
26.077,1.328851,0.347491,0.739474,1.047985
26.087,1.309538,0.343291,0.732623,1.02971
26.097,1.236748,0.329935,0.735554,0.937895
26.107,1.233911,0.326036,0.741917,0.930481
26.117,1.202454,0.338078,0.750155,0.87685
26.127,1.182294,0.338268,0.740484,0.857366
26.137,1.178401,0.336272,0.740192,0.853033
26.147,1.17146,0.336794,0.751433,0.833209
26.157,1.148265,0.336509,0.735218,0.815309
26.167,1.139621,0.335886,0.732118,0.806176
26.177,1.151342,0.336772,0.727883,0.82605
26.187,1.145177,0.333798,0.712144,0.832382
26.197,1.09982,0.314486,0.691453,0.795359
26.207,1.097628,0.305545,0.680656,0.80507
26.217,1.127509,0.311022,0.684402,0.84032
26.227,1.112947,0.305879,0.672724,0.832185
26.237,1.099638,0.305655,0.656081,0.827851
26.247,1.101425,0.304389,0.658256,0.828965
26.257,1.094236,0.306998,0.652596,0.822936
26.267,1.103539,0.305562,0.652613,0.835779
26.277,1.107254,0.302857,0.652339,0.841869
26.287,1.118743,0.306077,0.652559,0.855611
26.297,1.114701,0.304138,0.653818,0.850048
26.307,1.11396,0.301406,0.6536,0.850216
26.317,1.114552,0.29972,0.655475,0.850145
26.327,1.108367,0.300242,0.651258,0.845101
26.337,1.100784,0.293177,0.629615,0.854025
26.347,1.090363,0.271747,0.622691,0.85282
26.357,1.095284,0.270371,0.604889,0.872156
26.367,1.094974,0.270714,0.604151,0.872172
26.377,1.097435,0.27044,0.601936,0.876868
26.387,1.099664,0.267043,0.596643,0.884288
26.397,1.109153,0.267528,0.607605,0.888519
26.407,1.112168,0.269473,0.624403,0.880013
26.417,1.113511,0.266297,0.634208,0.875655
26.427,1.120806,0.263402,0.642695,0.879641
26.437,1.115905,0.263087,0.642185,0.873858
26.447,1.109938,0.261113,0.644352,0.865213
26.457,1.096655,0.254714,0.639378,0.853797
26.467,1.097826,0.253687,0.639462,0.855543
26.477,1.107268,0.254694,0.651364,0.858428
26.487,1.130793,0.262486,0.687054,0.858925
26.497,1.15123,0.274946,0.716719,0.857934
26.507,1.139668,0.276772,0.714418,0.843711
26.517,1.122771,0.262721,0.701323,0.836503
26.527,1.112949,0.261198,0.688238,0.834721
26.537,1.112159,0.259409,0.688941,0.833645
26.547,1.0973,0.254407,0.674608,0.827194
26.557,1.09685,0.253851,0.665592,0.834042
26.567,1.116641,0.267354,0.67598,0.847621
26.577,1.145153,0.278737,0.705563,0.857824
26.587,1.166658,0.280221,0.734986,0.861605
26.597,1.165406,0.283529,0.734983,0.858826
26.607,1.147157,0.280253,0.729189,0.840067
26.617,1.125102,0.271691,0.72347,0.817697
26.627,1.107946,0.270611,0.715781,0.801231
26.637,1.110043,0.269951,0.714613,0.805388
26.647,1.106196,0.275,0.700717,0.81058
26.657,1.103164,0.274789,0.698339,0.80857
26.667,1.100244,0.276157,0.698401,0.804058
26.677,1.110259,0.274424,0.699062,0.817728
26.687,1.147947,0.286837,0.707158,0.857574
26.697,1.166916,0.295544,0.709179,0.878301
26.707,1.164468,0.293338,0.709159,0.875803
26.717,1.150187,0.287093,0.705587,0.861774
26.727,1.13817,0.289203,0.698867,0.850516
26.737,1.134991,0.284914,0.695334,0.850612
26.747,1.123864,0.285748,0.684588,0.84425
26.757,1.123087,0.282449,0.684624,0.844297
26.767,1.121173,0.282694,0.685536,0.840924
26.777,1.110637,0.282612,0.694279,0.819525
26.787,1.122189,0.281874,0.718506,0.814618
26.797,1.133583,0.282923,0.736826,0.813665
26.807,1.147824,0.282979,0.739578,0.830932
26.817,1.152112,0.281414,0.745563,0.832048
26.827,1.158101,0.286606,0.765591,0.82032
26.837,1.151634,0.286518,0.765459,0.811321
26.847,1.13104,0.287127,0.752118,0.794435
26.857,1.120747,0.286112,0.75345,0.778799
26.867,1.119723,0.288596,0.752229,0.777588
26.877,1.130032,0.291372,0.761976,0.781963
26.887,1.176899,0.303826,0.818978,0.788706
26.897,1.190686,0.307904,0.845336,0.779958
26.907,1.17981,0.305317,0.841413,0.768608
26.917,1.186243,0.307106,0.847613,0.77098
26.927,1.193869,0.310137,0.858095,0.769942
26.937,1.197419,0.309826,0.856847,0.776939
26.947,1.204257,0.311463,0.86117,0.782055
26.957,1.195926,0.311043,0.851837,0.779658
26.967,1.196713,0.312087,0.851474,0.780843
26.977,1.205094,0.311524,0.842946,0.802899
26.987,1.200914,0.307094,0.813405,0.828408
26.997,1.190451,0.295558,0.789315,0.840716
27.007,1.19891,0.290489,0.792163,0.851751
27.017,1.20473,0.292282,0.791679,0.859762
27.027,1.205615,0.292508,0.794128,0.858666
27.037,1.210351,0.295002,0.798607,0.86032
27.047,1.213461,0.295451,0.799293,0.863901
27.057,1.2112,0.294854,0.804799,0.855784
27.067,1.197916,0.290803,0.80389,0.839165
27.077,1.180978,0.298412,0.796946,0.818862
27.087,1.178792,0.301917,0.796336,0.815013
27.097,1.178187,0.299979,0.795008,0.816149
27.107,1.176588,0.297533,0.79624,0.813533
27.117,1.169682,0.294631,0.792133,0.808625
27.127,1.171154,0.288851,0.787238,0.817572
27.137,1.186504,0.288855,0.788258,0.838453
27.147,1.21371,0.284996,0.802561,0.864733
27.157,1.229571,0.288861,0.813519,0.875552
27.167,1.220834,0.287187,0.814367,0.862999
27.177,1.190802,0.289096,0.813599,0.820054
27.187,1.157405,0.277675,0.809439,0.779288
27.197,1.152999,0.271829,0.811425,0.772726
27.207,1.164392,0.271667,0.811927,0.789164
27.217,1.162939,0.274453,0.813058,0.784882
27.227,1.168843,0.274134,0.821887,0.784568
27.237,1.175561,0.279554,0.828244,0.786006
27.247,1.175441,0.278632,0.829042,0.785311
27.257,1.176498,0.27788,0.829029,0.787174
27.267,1.181804,0.280112,0.84022,0.78245
27.277,1.193947,0.285515,0.861292,0.775995
27.287,1.19353,0.284247,0.845625,0.792865
27.297,1.178159,0.282155,0.832695,0.784262
27.307,1.190721,0.28292,0.834389,0.800979
27.317,1.192205,0.285618,0.827737,0.80909
27.327,1.201843,0.279518,0.810457,0.842293
27.337,1.204777,0.278145,0.810457,0.846925
27.347,1.235947,0.278027,0.808968,0.892096
27.357,1.288008,0.278779,0.806735,0.964586
27.367,1.299245,0.285946,0.811024,0.973916
27.377,1.304597,0.294142,0.808049,0.981076
27.387,1.286864,0.277707,0.75231,1.006442
27.397,1.264239,0.275465,0.718107,1.003365
27.407,1.289204,0.285019,0.7068,1.03983
27.417,1.271016,0.289896,0.698587,1.021479
27.427,1.268794,0.284158,0.695214,1.02263
27.437,1.272706,0.284175,0.698517,1.025231
27.447,1.264981,0.28575,0.69593,1.016959
27.457,1.269466,0.287127,0.704071,1.016556
27.467,1.261038,0.287807,0.70252,1.006901
27.477,1.268475,0.287383,0.702284,1.016482
27.487,1.244744,0.290235,0.704684,0.984161
27.497,1.265871,0.289669,0.697692,1.015749
27.507,1.255635,0.28926,0.707154,0.996434
27.517,1.288302,0.290309,0.723413,1.025728
27.527,1.284133,0.28966,0.721625,1.021935
27.537,1.292026,0.290085,0.716816,1.035064
27.547,1.291177,0.300469,0.708641,1.03667
27.557,1.29344,0.302733,0.705186,1.041178
27.567,1.286715,0.293025,0.701262,1.038269
27.577,1.299733,0.272417,0.679392,1.074021
27.587,1.282172,0.265731,0.648385,1.073754
27.597,1.32249,0.26725,0.643695,1.123928
27.607,1.32728,0.276506,0.64656,1.125689
27.617,1.335423,0.281783,0.656581,1.128209
27.627,1.350922,0.283522,0.655811,1.146524
27.637,1.327921,0.289281,0.654152,1.118828
27.647,1.312848,0.287819,0.64489,1.106728
27.657,1.31207,0.288852,0.658668,1.097382
27.667,1.325025,0.298573,0.679852,1.097427
27.677,1.329126,0.300517,0.684787,1.098786
27.687,1.326905,0.298756,0.68139,1.098694
27.697,1.31803,0.295498,0.676516,1.091884
27.707,1.29797,0.295211,0.678422,1.066452
27.717,1.305165,0.292433,0.692884,1.066701
27.727,1.332016,0.296579,0.707195,1.08912
27.737,1.344774,0.308146,0.719871,1.093275
27.747,1.36417,0.313779,0.736092,1.10484
27.757,1.362865,0.313765,0.739914,1.100672
27.767,1.355046,0.311513,0.726486,1.100603
27.777,1.344855,0.3049,0.701055,1.106432
27.787,1.333926,0.304732,0.697653,1.095343
27.797,1.343198,0.305563,0.69767,1.106377
27.807,1.340855,0.310826,0.700828,1.100055
27.817,1.356133,0.318342,0.712957,1.108804
27.827,1.335082,0.318106,0.708701,1.085815
27.837,1.3343,0.318057,0.70758,1.085599
27.847,1.305757,0.321458,0.708679,1.048542
27.857,1.249311,0.32408,0.709016,0.976241
27.867,1.248988,0.320333,0.711697,0.975113
27.877,1.231067,0.315681,0.710012,0.954858
27.887,1.202587,0.315731,0.710527,0.917432
27.894,1.221687,0.314557,0.712262,0.941411
27.906,1.186194,0.312386,0.726088,0.884459
27.916,1.179461,0.306389,0.717614,0.884468
27.926,1.177973,0.310636,0.709908,0.887218
27.936,1.169378,0.311278,0.70759,0.87742
27.946,1.195444,0.308189,0.694965,0.922567
27.956,1.216285,0.309016,0.690587,0.952338
27.966,1.223588,0.311086,0.691594,0.960256
27.976,1.222473,0.312033,0.695775,0.955496
27.986,1.21159,0.311189,0.694322,0.942883
27.996,1.204254,0.311888,0.696434,0.931629
28.006,1.200831,0.311636,0.681725,0.938152
28.016,1.192686,0.308983,0.669754,0.937262
28.026,1.200007,0.308396,0.685337,0.935533
28.036,1.19633,0.312175,0.690349,0.925836
28.046,1.194415,0.301879,0.691243,0.926109
28.056,1.194145,0.304344,0.690173,0.925753
28.066,1.206423,0.314044,0.699722,0.931248
28.076,1.207436,0.319529,0.722027,0.913499
28.086,1.19868,0.317938,0.723036,0.901647
28.096,1.168519,0.316592,0.726672,0.858576
28.106,1.161245,0.309517,0.727809,0.850284
28.116,1.171362,0.306753,0.71849,0.872791
28.126,1.210612,0.31196,0.74334,0.903166
28.136,1.224254,0.307545,0.750026,0.917429
28.146,1.229693,0.31002,0.741806,0.93046
28.156,1.229572,0.306111,0.723271,0.946056
28.166,1.218391,0.298927,0.707354,0.945923
28.176,1.219357,0.295913,0.703423,0.951033
28.186,1.226234,0.296878,0.707487,0.956544
28.196,1.237635,0.296901,0.719041,0.962585
28.206,1.242326,0.300347,0.725472,0.962733
28.216,1.232589,0.308662,0.717567,0.953468
28.226,1.208236,0.304208,0.703168,0.934263
28.236,1.195381,0.288539,0.686162,0.935341
28.246,1.177971,0.28282,0.668867,0.927494
28.256,1.180188,0.285748,0.669828,0.928721
28.266,1.200123,0.285939,0.685692,0.942528
28.276,1.209328,0.291097,0.697515,0.944039
28.286,1.208165,0.291089,0.697688,0.942423
28.296,1.199621,0.291807,0.693963,0.933999
28.306,1.179704,0.287045,0.688525,0.913915
28.316,1.169572,0.276898,0.676379,0.913092
28.326,1.181204,0.277391,0.675437,0.928483
28.336,1.204896,0.278028,0.675595,0.958147
28.346,1.227955,0.277725,0.670151,0.990777
28.356,1.234564,0.275269,0.66981,0.999865
28.366,1.221244,0.273395,0.665554,0.986778
28.376,1.212094,0.266552,0.673891,0.971592
28.386,1.204628,0.278579,0.675027,0.958051
28.396,1.187768,0.277749,0.667712,0.942237
28.406,1.180223,0.271448,0.666395,0.9355
28.416,1.188974,0.272813,0.66675,0.945874
28.426,1.187684,0.270517,0.677058,0.937553
28.436,1.216636,0.286637,0.726447,0.932909
28.446,1.188423,0.286315,0.726562,0.895812
28.456,1.160578,0.286423,0.722484,0.861928
28.466,1.161989,0.288522,0.72042,0.864852
28.476,1.161881,0.293267,0.719293,0.864048
28.486,1.170364,0.294542,0.732587,0.863894
28.496,1.182036,0.297991,0.755858,0.858539
28.506,1.181287,0.298571,0.76781,0.846618
28.516,1.170463,0.298602,0.763518,0.835382
28.526,1.175583,0.298456,0.770904,0.835839
28.536,1.181633,0.292379,0.783555,0.834754
28.546,1.18367,0.291247,0.781428,0.840013
28.556,1.196869,0.289584,0.778196,0.862003
28.566,1.184442,0.291834,0.759567,0.860694
28.576,1.16273,0.285539,0.734575,0.854874
28.586,1.182387,0.29686,0.750159,0.864393
28.596,1.206531,0.301758,0.76291,0.884662
28.606,1.207837,0.300044,0.757063,0.89202
28.616,1.200549,0.306315,0.771715,0.867147
28.626,1.151657,0.299546,0.747212,0.823566
28.636,1.134922,0.30041,0.742132,0.804389
28.646,1.140626,0.298347,0.745196,0.81037
28.656,1.137,0.298242,0.744779,0.805683
28.666,1.137705,0.294125,0.741623,0.811084
28.676,1.136534,0.294667,0.740407,0.810357
28.686,1.136766,0.299784,0.737088,0.81183
28.696,1.128094,0.299443,0.730384,0.805896
28.706,1.125201,0.302188,0.728757,0.802292
28.716,1.129506,0.301245,0.732623,0.805169
28.726,1.129497,0.310258,0.72742,0.806451
28.736,1.119912,0.3081,0.724464,0.79651
28.746,1.151553,0.314299,0.759883,0.806145
28.756,1.161777,0.316385,0.76801,0.812272
28.766,1.148057,0.318093,0.753821,0.80536
28.776,1.136663,0.313271,0.742852,0.801271
28.786,1.168177,0.321844,0.761375,0.825446
28.796,1.183603,0.327561,0.766971,0.839866
28.806,1.187154,0.328424,0.765831,0.845562
28.816,1.179834,0.332398,0.767335,0.832296
28.826,1.169908,0.332866,0.770061,0.815408
28.836,1.146479,0.332326,0.769698,0.782008
28.846,1.123058,0.33244,0.775515,0.741161
28.856,1.125162,0.340934,0.780402,0.73534
28.866,1.124302,0.339566,0.776739,0.73853
28.876,1.118042,0.34315,0.766168,0.738413
28.886,1.131153,0.334806,0.783732,0.743758
28.896,1.13553,0.338887,0.792204,0.739593
28.906,1.133369,0.337857,0.77937,0.750308
28.916,1.124598,0.338476,0.780032,0.736006
28.926,1.120731,0.335226,0.773888,0.738078
28.936,1.100417,0.322066,0.749919,0.738114
28.946,1.101691,0.322045,0.750748,0.73918
28.956,1.095654,0.320642,0.751307,0.730194
28.966,1.08791,0.315012,0.75113,0.721193
28.976,1.096137,0.31066,0.763468,0.722581
28.986,1.097313,0.307,0.766827,0.722374
28.996,1.090695,0.307341,0.749816,0.730022
29.006,1.081828,0.310524,0.739488,0.726005
29.016,1.085869,0.310542,0.740647,0.730834
29.026,1.104335,0.310959,0.736083,0.762261
29.036,1.11921,0.330487,0.731575,0.779876
29.046,1.135718,0.342237,0.741891,0.788878
29.056,1.115049,0.344233,0.736441,0.763212
29.066,1.141818,0.340905,0.747761,0.792707
29.076,1.18762,0.350693,0.782741,0.821445
29.086,1.178621,0.34274,0.782949,0.811584
29.096,1.15269,0.339037,0.766779,0.791074
29.106,1.162534,0.34558,0.774669,0.794952
29.116,1.187906,0.342935,0.785821,0.822192
29.126,1.198916,0.342457,0.786385,0.837688
29.136,1.206222,0.342426,0.790743,0.844063
29.146,1.193036,0.341839,0.788343,0.827644
29.156,1.186699,0.342544,0.783429,0.822896
29.166,1.205518,0.344213,0.785941,0.84681
29.176,1.220181,0.347652,0.798599,0.85453
29.186,1.211742,0.343009,0.797806,0.845085
29.196,1.22822,0.346362,0.82056,0.845718
29.206,1.243658,0.346204,0.830517,0.858527
29.216,1.245258,0.341316,0.828185,0.865033
29.226,1.240784,0.333882,0.823762,0.865727
29.236,1.247366,0.335922,0.830826,0.867645
29.246,1.233192,0.335645,0.818127,0.859519
29.256,1.24287,0.33413,0.820263,0.871924
29.266,1.244777,0.33476,0.825111,0.869826
29.276,1.243904,0.335212,0.820709,0.872563
29.286,1.231305,0.329995,0.824457,0.852928
29.296,1.22751,0.324661,0.826475,0.847535
29.306,1.224133,0.321099,0.828075,0.84243
29.316,1.22464,0.319883,0.829241,0.842483
29.326,1.230943,0.321115,0.833042,0.847436
29.336,1.239577,0.323451,0.840624,0.851635
29.346,1.235218,0.31879,0.834466,0.853115
29.356,1.233288,0.30925,0.830137,0.858043
29.366,1.243268,0.314958,0.830137,0.870282
29.376,1.247482,0.311401,0.827048,0.880473
29.386,1.2326,0.309889,0.809861,0.876011
29.396,1.223255,0.305818,0.801414,0.872104
29.406,1.235437,0.307497,0.801523,0.888432
29.416,1.238593,0.306513,0.800322,0.894229
29.426,1.228342,0.306881,0.786486,0.892238
29.436,1.226046,0.307331,0.776223,0.897894
29.446,1.240016,0.307604,0.776125,0.91687
29.456,1.242906,0.309128,0.775917,0.92044
29.466,1.251873,0.311727,0.783142,0.925581
29.476,1.252694,0.317589,0.767453,0.937761
29.486,1.252463,0.320981,0.752753,0.948155
29.496,1.241122,0.316365,0.742954,0.942506
29.506,1.251701,0.312086,0.737475,0.962023
29.516,1.26384,0.316318,0.73683,0.976891
29.526,1.233839,0.315429,0.718004,0.95254
29.536,1.234251,0.306367,0.723303,0.952023
29.546,1.23658,0.302766,0.712641,0.96416
29.556,1.251005,0.296831,0.714728,0.982888
29.566,1.221129,0.290672,0.703241,0.955049
29.576,1.214059,0.281054,0.673505,0.970226
29.586,1.232838,0.286782,0.677632,0.989172
29.596,1.233549,0.2912,0.676758,0.989366
29.606,1.225482,0.290491,0.670367,0.983885
29.616,1.209405,0.289572,0.644575,0.981494
29.626,1.223684,0.292551,0.659301,0.988503
29.636,1.216025,0.291414,0.65726,0.980717
29.646,1.240208,0.293338,0.675815,0.997669
29.656,1.239828,0.303,0.689043,0.985183
29.666,1.221844,0.301566,0.688137,0.96355
29.676,1.211791,0.303446,0.674437,0.959943
29.686,1.212546,0.302494,0.679067,0.957932
29.696,1.216469,0.301324,0.684636,0.959309
29.706,1.195757,0.300847,0.667311,0.945527
29.716,1.187389,0.299596,0.665019,0.936955
29.726,1.200706,0.300257,0.666615,0.952453
29.736,1.200759,0.298405,0.655695,0.960646
29.746,1.189139,0.292557,0.640019,0.95856
29.756,1.171602,0.292056,0.621836,0.949038
29.766,1.166804,0.289422,0.618855,0.945878
29.776,1.174754,0.289118,0.616403,0.957343
29.786,1.168509,0.287371,0.597753,0.962041
29.796,1.160945,0.288805,0.589972,0.957245
29.806,1.195108,0.290048,0.620919,0.979089
29.816,1.207462,0.291043,0.649934,0.975112
29.826,1.200037,0.292116,0.643449,0.969913
29.836,1.187582,0.291982,0.633283,0.961275
29.846,1.18982,0.292623,0.639853,0.959495
29.856,1.208068,0.305448,0.680718,0.950133
29.866,1.213657,0.300878,0.713822,0.934288
29.876,1.207193,0.300819,0.714808,0.925134
29.886,1.22134,0.303105,0.740473,0.922767
29.896,1.227758,0.306124,0.743282,0.928014
29.906,1.223599,0.305356,0.747295,0.919512
29.916,1.222285,0.305521,0.748737,0.916531
29.926,1.23391,0.30466,0.754909,0.92727
29.936,1.242984,0.311914,0.760018,0.932787
29.946,1.231614,0.312064,0.759581,0.917891
29.956,1.234634,0.31287,0.762632,0.919145
29.966,1.232381,0.310755,0.755541,0.922688
29.976,1.221779,0.300708,0.758073,0.909749
29.986,1.235656,0.29891,0.762309,0.925411
29.996,1.270713,0.301669,0.796356,0.943146
30.006,1.256013,0.30241,0.803357,0.916916
30.016,1.250948,0.299879,0.813085,0.902128
30.026,1.268134,0.302437,0.834998,0.905248
30.036,1.257709,0.290203,0.836331,0.8934
30.046,1.255914,0.287465,0.845559,0.883014
30.056,1.249076,0.292295,0.84633,0.870907
30.066,1.244959,0.291102,0.844216,0.867457
30.076,1.225205,0.291002,0.84588,0.837217
30.086,1.213193,0.291091,0.838916,0.826634
30.096,1.234055,0.298247,0.855451,0.837939
30.106,1.242926,0.297894,0.868737,0.837509
30.116,1.21963,0.292759,0.866181,0.807167
30.126,1.213631,0.29372,0.874877,0.788175
30.136,1.233001,0.299175,0.895826,0.792642
30.146,1.222069,0.302039,0.901778,0.767478
30.156,1.215919,0.294329,0.897564,0.765643
30.166,1.213705,0.293323,0.897292,0.762829
30.176,1.208636,0.293676,0.895894,0.756259
30.186,1.209419,0.2967,0.895914,0.756307
30.196,1.197901,0.291683,0.884597,0.753243
30.206,1.204965,0.288071,0.894639,0.754041
30.216,1.209859,0.296815,0.900562,0.75143
30.226,1.193492,0.296188,0.898717,0.727327
30.236,1.189467,0.296147,0.904854,0.713
30.246,1.193946,0.295777,0.906686,0.718293
30.256,1.202489,0.294495,0.906665,0.732947
30.266,1.205908,0.297466,0.904064,0.740539
30.276,1.196288,0.298596,0.904014,0.724364
30.286,1.1892,0.298753,0.893196,0.726046
30.296,1.207339,0.300176,0.893581,0.75437
30.306,1.206272,0.303603,0.872441,0.775734
30.316,1.194562,0.301651,0.849267,0.784047
30.326,1.194291,0.299924,0.848653,0.784962
30.336,1.207397,0.306796,0.85372,0.796772
30.346,1.218544,0.311924,0.856108,0.809094
30.356,1.20944,0.299919,0.83343,0.823522
30.366,1.197231,0.300439,0.808837,0.829988
30.376,1.197533,0.300452,0.80753,0.83169
30.386,1.182865,0.298399,0.786204,0.831871
30.396,1.180664,0.295304,0.786261,0.829794
30.406,1.19571,0.302335,0.790351,0.844785
30.416,1.218101,0.31364,0.806349,0.857439
30.426,1.208269,0.318348,0.801739,0.84604
30.436,1.200298,0.316254,0.794997,0.84183
30.446,1.220474,0.32462,0.814469,0.849011
30.456,1.244228,0.328149,0.843098,0.854171
30.466,1.250702,0.332365,0.859146,0.845966
30.476,1.249835,0.332985,0.857245,0.846369
30.486,1.236113,0.33929,0.863847,0.816471
30.496,1.212375,0.336991,0.848643,0.797556
30.506,1.215378,0.335804,0.853032,0.797944
30.516,1.205158,0.335788,0.844087,0.791939
30.526,1.185985,0.332855,0.820488,0.78903
30.536,1.169992,0.328632,0.803905,0.783977
30.546,1.156604,0.326655,0.796326,0.772589
30.556,1.153695,0.322335,0.806507,0.75938
30.566,1.164664,0.329792,0.819882,0.758599
30.576,1.154938,0.340158,0.811156,0.748465
30.586,1.134488,0.333106,0.801256,0.730815
30.596,1.116294,0.324343,0.787072,0.722102
30.606,1.114309,0.33285,0.787264,0.71492
30.616,1.130434,0.349327,0.803349,0.714481
30.626,1.110491,0.348517,0.779428,0.710083
30.636,1.088781,0.348544,0.753103,0.704838
30.646,1.077406,0.346645,0.733695,0.708754
30.656,1.07948,0.347331,0.734524,0.710712
30.666,1.081785,0.346449,0.736781,0.71231
30.676,1.082365,0.344283,0.739055,0.711886
30.686,1.090428,0.344696,0.738685,0.724266
30.696,1.093471,0.344911,0.721483,0.745773
30.706,1.084173,0.346878,0.705193,0.746866
30.716,1.07869,0.33883,0.692093,0.754834
30.726,1.094147,0.337173,0.694055,0.775731
30.736,1.10303,0.337117,0.684826,0.796266
30.746,1.098051,0.33692,0.67822,0.795122
30.756,1.085281,0.335694,0.678307,0.777846
30.766,1.090917,0.334611,0.683424,0.781708
30.776,1.108752,0.336919,0.685538,0.803651
30.786,1.121036,0.336859,0.689721,0.817027
30.796,1.100154,0.336201,0.689526,0.788583
30.806,1.072957,0.333187,0.690504,0.750617
30.816,1.0923,0.338122,0.69974,0.767566
30.826,1.110918,0.346128,0.702597,0.78784
30.836,1.102851,0.339008,0.696725,0.784811
30.846,1.085264,0.333441,0.687845,0.77038
30.856,1.079035,0.336334,0.689299,0.758988
30.866,1.076797,0.332155,0.692023,0.755161
30.876,1.077925,0.332104,0.692343,0.756499
30.886,1.084652,0.33657,0.688808,0.76729
30.896,1.084578,0.336531,0.686392,0.769365
30.906,1.057702,0.332986,0.677797,0.740571
30.916,1.027937,0.318212,0.65809,0.722712
30.926,1.034094,0.314791,0.658085,0.732927
30.936,1.038622,0.310339,0.651193,0.747244
30.946,1.029674,0.301366,0.628531,0.757863
30.956,1.015175,0.304955,0.582521,0.773467
30.966,1.011135,0.301895,0.560463,0.78558
30.976,1.007952,0.301081,0.559548,0.782447
30.986,1.005704,0.300431,0.548596,0.787543
30.996,0.997695,0.301853,0.52822,0.790736
31.006,0.991995,0.303849,0.514765,0.791673
31.016,1.004805,0.312701,0.528808,0.795118
31.026,1.031787,0.318818,0.555999,0.808582
31.036,1.060391,0.318757,0.580355,0.828257
31.046,1.070204,0.320337,0.578372,0.841551
31.056,1.060638,0.320049,0.559236,0.842482
31.066,1.049383,0.312746,0.541807,0.84252
31.076,1.046053,0.303294,0.541328,0.842143
31.086,1.052787,0.300225,0.558242,0.84059
31.096,1.061289,0.301071,0.578188,0.83749
31.106,1.062649,0.294199,0.581605,0.839289
31.116,1.073748,0.290093,0.600912,0.841241
31.126,1.089843,0.295056,0.626887,0.841256
31.136,1.090423,0.287698,0.629687,0.842464
31.146,1.088188,0.285094,0.630259,0.840028
31.156,1.092735,0.295454,0.627082,0.844717
31.166,1.095702,0.303409,0.628742,0.844505
31.176,1.098292,0.304544,0.63219,0.844886
31.186,1.092514,0.302589,0.629752,0.839904
31.196,1.096831,0.304853,0.632098,0.842945
31.206,1.128526,0.311566,0.655983,0.863819
31.216,1.135629,0.313012,0.659947,0.869567
31.226,1.138264,0.313454,0.658268,0.874114
31.236,1.155431,0.313426,0.662063,0.893564
31.246,1.168114,0.313937,0.662024,0.909757
31.256,1.179825,0.315305,0.664356,0.922606
31.266,1.180566,0.31602,0.663406,0.923992
31.276,1.168414,0.313343,0.664169,0.908784
31.286,1.151682,0.313948,0.660589,0.889623
31.296,1.152706,0.316504,0.666045,0.885969
31.306,1.169185,0.317058,0.66494,0.907922
31.316,1.160738,0.320158,0.669197,0.892741
31.326,1.147391,0.313993,0.675569,0.872652
31.336,1.152427,0.315267,0.689332,0.868053
31.346,1.156963,0.314808,0.689503,0.874097
31.356,1.155685,0.312161,0.676267,0.883644
31.366,1.163033,0.309942,0.669249,0.899271
31.376,1.177597,0.310805,0.680423,0.909483
31.386,1.187819,0.311011,0.693128,0.913105
31.396,1.190214,0.311001,0.693515,0.915929
31.406,1.199262,0.310635,0.689963,0.930423
31.416,1.208591,0.310714,0.699905,0.93503
31.426,1.213011,0.322717,0.708389,0.930286
31.436,1.205436,0.323611,0.707846,0.920491
31.446,1.200884,0.326306,0.715573,0.907526
31.456,1.183443,0.318967,0.71586,0.88676
31.466,1.177835,0.321401,0.718458,0.87625
31.476,1.178429,0.323711,0.718398,0.876248
31.486,1.173386,0.318567,0.71583,0.873463
31.496,1.173386,0.318696,0.719097,0.870729
31.506,1.172298,0.317241,0.718768,0.870065
31.516,1.166344,0.307503,0.717717,0.866419
31.526,1.152578,0.301735,0.711788,0.85484
31.536,1.133134,0.303473,0.705081,0.833522
31.546,1.137473,0.306362,0.726836,0.819571
31.556,1.1556,0.312146,0.753832,0.818361
31.566,1.19374,0.310608,0.811906,0.818136
31.576,1.209741,0.313216,0.826917,0.825577
31.586,1.230845,0.332097,0.842876,0.833217
31.596,1.226869,0.332633,0.836874,0.833189
31.606,1.231089,0.33801,0.84113,0.832965
31.616,1.214572,0.328891,0.822214,0.831251
31.626,1.220906,0.323695,0.833478,0.831353
31.636,1.219689,0.323997,0.832314,0.830615
31.646,1.224423,0.324502,0.840072,0.829572
31.656,1.214047,0.318798,0.834315,0.822311
31.666,1.221953,0.312104,0.847657,0.822945
31.676,1.239941,0.312896,0.864722,0.831748
31.686,1.249817,0.315137,0.872812,0.837215
31.696,1.246299,0.314326,0.872718,0.83236
31.706,1.240424,0.311822,0.856954,0.840862
31.716,1.258037,0.318707,0.863541,0.857542
31.726,1.25099,0.32255,0.871484,0.837527
31.736,1.227099,0.32328,0.87528,0.796961
31.746,1.21255,0.323308,0.875304,0.774333
31.756,1.215069,0.323895,0.873777,0.779743
31.766,1.21551,0.333047,0.876271,0.773753
31.776,1.212075,0.333632,0.874067,0.770598
31.786,1.211629,0.331736,0.874092,0.770688
31.796,1.20652,0.329914,0.869387,0.768774
31.806,1.18244,0.329098,0.864874,0.736107
31.816,1.176867,0.314715,0.869073,0.728479
31.826,1.172839,0.314311,0.863717,0.728527
31.836,1.163156,0.313836,0.853574,0.725157
31.846,1.169003,0.313705,0.854149,0.733884
31.856,1.188464,0.322114,0.87094,0.741723
31.866,1.193052,0.324998,0.888255,0.727154
31.876,1.179691,0.325761,0.883495,0.710625
31.886,1.162592,0.322148,0.874036,0.695631
31.896,1.149587,0.322136,0.874108,0.673582
31.906,1.137073,0.319474,0.874755,0.652438
31.916,1.128187,0.321287,0.8675,0.645774
31.926,1.123016,0.314455,0.866812,0.64103
31.936,1.114289,0.3134,0.867483,0.625214
31.946,1.106377,0.315083,0.865402,0.613083
31.956,1.124679,0.321231,0.883451,0.617437
31.966,1.140216,0.324656,0.90272,0.616268
31.976,1.14565,0.323578,0.906986,0.620634
31.986,1.144139,0.323351,0.903484,0.623069
31.996,1.14663,0.325706,0.906278,0.622364
32.006,1.150122,0.325409,0.901232,0.636137
32.016,1.154927,0.325362,0.89421,0.654511
32.026,1.157866,0.325691,0.880194,0.678114
32.036,1.162888,0.324586,0.872424,0.697014
32.046,1.161011,0.323832,0.854849,0.715761
32.056,1.146115,0.327067,0.832137,0.717047
32.066,1.111292,0.326961,0.772535,0.728873
32.076,1.119354,0.339263,0.765932,0.74243
32.086,1.094412,0.322802,0.744723,0.734115
32.096,1.090423,0.323411,0.738774,0.733921
32.106,1.09067,0.314655,0.744476,0.732331
32.116,1.08669,0.311144,0.740578,0.731868
32.126,1.071584,0.311687,0.714952,0.734837
32.136,1.076233,0.313788,0.721829,0.734015
32.146,1.076174,0.314432,0.717579,0.73781
32.156,1.084847,0.310538,0.712692,0.756656
32.166,1.083975,0.313337,0.695756,0.7699
32.176,1.073537,0.312538,0.665363,0.782364
32.186,1.077854,0.319139,0.658177,0.791658
32.196,1.067711,0.317456,0.662441,0.774855
32.206,1.050734,0.317478,0.659718,0.753673
32.216,1.036726,0.311978,0.663391,0.733063
32.226,1.039749,0.310624,0.671788,0.730269
32.236,1.045103,0.311463,0.678993,0.73089
32.246,1.057286,0.310534,0.69617,0.732645
32.256,1.045668,0.306623,0.707592,0.706199
32.266,1.032613,0.297048,0.703204,0.695383
32.276,1.04415,0.301498,0.718371,0.695191
32.286,1.051636,0.301631,0.724388,0.700156
32.296,1.070626,0.303369,0.726477,0.72556
32.306,1.097525,0.31243,0.727273,0.760278
32.316,1.112634,0.320329,0.714007,0.79091
32.326,1.12274,0.322103,0.724831,0.794617
32.336,1.129677,0.321086,0.726855,0.802968
32.346,1.137688,0.322876,0.7297,0.81094
32.356,1.134739,0.319558,0.736492,0.801933
32.366,1.132029,0.324356,0.733576,0.798842
32.376,1.143521,0.331824,0.747285,0.799436
32.386,1.145509,0.332279,0.750756,0.798841
32.396,1.149236,0.334397,0.754681,0.799611
32.406,1.163092,0.345647,0.771573,0.79874
32.416,1.172979,0.356053,0.781881,0.798604
32.426,1.174046,0.356583,0.784353,0.797511
32.436,1.182166,0.357125,0.795842,0.797881
32.446,1.184971,0.351691,0.802824,0.79746
32.456,1.167787,0.345265,0.781008,0.796584
32.466,1.16397,0.346449,0.769097,0.802054
32.476,1.171619,0.352114,0.78073,0.79948
32.486,1.183673,0.354071,0.798421,0.798899
32.496,1.191599,0.352664,0.809324,0.800332
32.506,1.18711,0.354189,0.811629,0.790594
32.516,1.176749,0.354539,0.810749,0.775711
32.526,1.166104,0.354907,0.810024,0.760066
32.536,1.154313,0.35748,0.809809,0.740847
32.546,1.156208,0.358181,0.815579,0.737126
32.556,1.181995,0.361209,0.836149,0.753322
32.566,1.186741,0.36674,0.851574,0.740727
32.576,1.170111,0.355175,0.850618,0.720735
32.586,1.162919,0.349476,0.841666,0.722389
32.596,1.155077,0.348429,0.830065,0.723734
32.606,1.142949,0.348622,0.809397,0.727786
32.616,1.15017,0.35077,0.799129,0.749163
32.626,1.174347,0.353081,0.799875,0.78398
32.636,1.187912,0.351747,0.795392,0.809173
32.646,1.187383,0.360822,0.793448,0.806304
32.656,1.182655,0.362133,0.794923,0.797264
32.666,1.17229,0.358728,0.794568,0.783734
32.676,1.165299,0.355004,0.806529,0.762499
32.686,1.162622,0.349873,0.825725,0.739903
32.696,1.16091,0.349818,0.82462,0.738472
32.706,1.155989,0.350562,0.825942,0.728859
32.716,1.13634,0.345326,0.813041,0.714831
32.726,1.131838,0.349827,0.806458,0.712955
32.736,1.129032,0.355582,0.795233,0.718248
32.746,1.136804,0.355593,0.780297,0.746332
32.756,1.153629,0.358315,0.770073,0.780679
32.766,1.150752,0.358531,0.769984,0.776409
32.776,1.141267,0.352896,0.756084,0.778647
32.786,1.135463,0.353693,0.75124,0.774477
32.796,1.138648,0.35971,0.77154,0.75621
32.806,1.132723,0.359061,0.786412,0.731911
32.816,1.122791,0.366208,0.794271,0.704049
32.826,1.111612,0.36732,0.780128,0.701539
32.836,1.109972,0.367266,0.785891,0.692481
32.846,1.094634,0.368182,0.786219,0.666726
32.856,1.07713,0.365147,0.770467,0.658223
32.866,1.077617,0.358081,0.771951,0.661156
32.876,1.067278,0.351034,0.760181,0.661803
32.886,1.070899,0.35081,0.760044,0.6679
32.896,1.069135,0.350052,0.756594,0.669387
32.906,1.061451,0.347229,0.741578,0.675405
32.916,1.085395,0.345355,0.738911,0.716116
32.926,1.117044,0.350219,0.734855,0.764933
32.936,1.119449,0.352116,0.72796,0.774115
32.946,1.112159,0.352434,0.714724,0.775796
32.956,1.116121,0.351224,0.714788,0.781951
32.966,1.114254,0.346372,0.719939,0.776708
32.976,1.120781,0.337341,0.73315,0.777716
32.986,1.108717,0.338428,0.717977,0.774098
32.996,1.097777,0.343109,0.699467,0.773393
33.006,1.099137,0.345406,0.700515,0.773354
33.016,1.106564,0.348303,0.706814,0.776905
33.026,1.113337,0.347746,0.709179,0.784638
33.036,1.129106,0.345904,0.723777,0.794592
33.046,1.113692,0.340393,0.716268,0.781922
33.056,1.091033,0.331104,0.69592,0.772282
33.066,1.079675,0.323305,0.676632,0.776751
33.076,1.083274,0.329092,0.671003,0.784178
33.086,1.10489,0.328864,0.672172,0.812905
33.096,1.13799,0.365347,0.674683,0.840444
33.106,1.137309,0.364784,0.677252,0.837695
33.116,1.12909,0.359096,0.675147,0.830705
33.126,1.112586,0.357774,0.684597,0.800733
33.136,1.114273,0.35459,0.718818,0.774062
33.146,1.112196,0.34681,0.721028,0.772542
33.156,1.10741,0.343824,0.719994,0.767952
33.166,1.121931,0.349157,0.727631,0.77934
33.176,1.138445,0.353858,0.727696,0.800813
33.186,1.130066,0.360435,0.703448,0.807648
33.196,1.132715,0.3598,0.696401,0.817687
33.206,1.143928,0.361773,0.710901,0.819946
33.216,1.160002,0.364067,0.728319,0.826203
33.226,1.167035,0.357125,0.738932,0.829706
33.236,1.174548,0.356018,0.756866,0.824602
33.246,1.149792,0.353424,0.752334,0.794422
33.256,1.128919,0.352294,0.754847,0.76194
33.266,1.131679,0.349885,0.754998,0.766978
33.276,1.150394,0.350025,0.754586,0.794663
33.286,1.151612,0.350711,0.752798,0.797814
33.296,1.139143,0.347032,0.740357,0.793151
33.306,1.119301,0.339129,0.723378,0.783933
33.316,1.118405,0.333274,0.729388,0.779584
33.326,1.122073,0.33448,0.735253,0.778829
33.336,1.133757,0.339577,0.7433,0.785874
33.346,1.136691,0.340873,0.746007,0.786985
33.356,1.127989,0.34064,0.738168,0.781941
33.366,1.111269,0.339917,0.720085,0.775148
33.376,1.125003,0.340508,0.739364,0.776548
33.386,1.132547,0.340788,0.742783,0.784091
33.396,1.133988,0.339904,0.743294,0.786072
33.406,1.129385,0.33266,0.746704,0.779282
33.416,1.096913,0.32471,0.738155,0.743578
33.426,1.077518,0.319252,0.748971,0.705808
33.436,1.079035,0.322996,0.7524,0.70277
33.446,1.087922,0.32595,0.757695,0.709388
33.456,1.088536,0.333586,0.760203,0.704076
33.466,1.080397,0.334662,0.747635,0.704486
33.476,1.06214,0.335068,0.721472,0.70381
33.486,1.06848,0.337361,0.728933,0.704623
33.496,1.087114,0.334034,0.75774,0.704321
33.506,1.091739,0.329967,0.766023,0.704432
33.516,1.097785,0.328882,0.7757,0.703746
33.526,1.102293,0.32831,0.78514,0.700584
33.536,1.086921,0.32831,0.77165,0.691496
33.546,1.096488,0.329509,0.771347,0.706212
33.556,1.110432,0.331518,0.766851,0.731502
33.566,1.119744,0.339329,0.765259,0.743681
33.576,1.115523,0.334884,0.763295,0.741367
33.586,1.09554,0.339256,0.767769,0.70402
33.596,1.06052,0.299072,0.76518,0.670641
33.606,1.066437,0.298966,0.773416,0.670622
33.616,1.067018,0.311227,0.783995,0.653466
33.626,1.061166,0.317021,0.776674,0.649884
33.636,1.061394,0.323789,0.740156,0.688394
33.646,1.075784,0.326949,0.736914,0.712302
33.656,1.075045,0.328069,0.736565,0.71103
33.666,1.064311,0.321896,0.72995,0.704496
33.676,1.052699,0.315277,0.719995,0.700274
33.686,1.059392,0.306032,0.727755,0.70642
33.696,1.058265,0.305456,0.739109,0.693066
33.706,1.045929,0.298711,0.726863,0.690224
33.716,1.032909,0.296615,0.715099,0.683779
33.726,1.043678,0.301564,0.726975,0.685441
33.736,1.052096,0.313451,0.730316,0.689415
33.746,1.068116,0.323201,0.741898,0.697137
33.756,1.068929,0.324101,0.739649,0.700348
33.766,1.065695,0.323148,0.743319,0.691924
33.776,1.05011,0.323685,0.743457,0.667255
33.786,1.065074,0.324076,0.747864,0.685606
33.796,1.068672,0.328296,0.736586,0.70123
33.806,1.069401,0.325842,0.739765,0.700138
33.816,1.067636,0.319836,0.728072,0.712363
33.826,1.072851,0.318602,0.732261,0.716447
33.836,1.056916,0.31211,0.719238,0.70877
33.846,1.055481,0.313654,0.711637,0.713607
33.856,1.057066,0.313544,0.712011,0.715625
33.866,1.060043,0.31487,0.708732,0.722666
33.876,1.059021,0.31761,0.685555,0.742067
33.886,1.051727,0.328129,0.68014,0.732031
33.896,1.048869,0.32933,0.681603,0.726007
33.906,1.043043,0.32928,0.672732,0.72591
33.916,1.040538,0.327582,0.673964,0.721929
33.926,1.036468,0.322104,0.679913,0.712905
33.936,1.038947,0.318597,0.69067,0.70773
33.946,1.028022,0.315213,0.684852,0.69889
33.956,1.025553,0.311367,0.688434,0.693446
33.966,1.028505,0.317206,0.683706,0.699821
33.976,1.048283,0.315996,0.680903,0.73172
33.986,1.064744,0.321541,0.667971,0.764268
33.996,1.046925,0.325572,0.636385,0.764898
34.006,1.049557,0.326211,0.640548,0.764758
34.016,1.050642,0.328553,0.648155,0.758813
34.026,1.054468,0.334771,0.655764,0.754854
34.036,1.070421,0.336348,0.673412,0.761045
34.046,1.058379,0.33634,0.671613,0.74564
34.056,1.051229,0.333391,0.675664,0.733083
34.066,1.045326,0.325863,0.67519,0.728449
34.076,1.049367,0.327512,0.676097,0.732667
34.086,1.046598,0.323761,0.670733,0.735298
34.096,1.049526,0.331002,0.670875,0.736118
34.106,1.054435,0.336557,0.671887,0.739684
34.116,1.055468,0.332048,0.673083,0.742102
34.126,1.054422,0.330567,0.669943,0.744116
34.136,1.030652,0.328266,0.667607,0.713292
34.146,1.013165,0.325274,0.667156,0.689639
34.156,1.018639,0.330719,0.672242,0.690174
34.166,1.028922,0.33805,0.692569,0.681727
34.176,1.013633,0.340342,0.688546,0.661456
34.186,1.005116,0.339585,0.68045,0.657212
34.196,0.9977,0.339659,0.668995,0.657635
34.206,1.009169,0.342634,0.665239,0.677112
34.216,1.023885,0.342482,0.668628,0.695689
34.226,1.003145,0.336353,0.64453,0.691193
34.236,0.980461,0.324546,0.618969,0.687642
34.246,0.965326,0.319552,0.605392,0.680618
34.256,0.988763,0.325906,0.60929,0.70725
34.266,1.023727,0.335577,0.610169,0.7504
34.276,1.032021,0.338307,0.611537,0.759367
34.286,1.018053,0.337764,0.611801,0.740302
34.296,1.016107,0.330664,0.623342,0.73115
34.306,1.027549,0.331212,0.641111,0.731528
34.316,1.057666,0.336371,0.68148,0.735593
34.326,1.058091,0.343436,0.679605,0.734673
34.336,1.055094,0.342086,0.675962,0.734354
34.346,1.050272,0.339729,0.675936,0.728537
34.356,1.058721,0.339572,0.675082,0.741515
34.366,1.06242,0.337455,0.687671,0.736186
34.376,1.051367,0.334407,0.693778,0.715693
34.386,1.048407,0.322575,0.695846,0.714773
34.396,1.053667,0.32419,0.703055,0.714722
34.406,1.055728,0.322303,0.705102,0.716599
34.416,1.066128,0.322032,0.70653,0.730575
34.426,1.070544,0.323865,0.702644,0.73991
34.436,1.059224,0.325385,0.681122,0.74307
34.446,1.061356,0.328168,0.682805,0.743343
34.456,1.058305,0.326013,0.67923,0.743216
34.466,1.057457,0.32071,0.679564,0.744012
34.476,1.04643,0.318668,0.681168,0.727652
34.486,1.030904,0.310708,0.682271,0.707622
34.496,1.029748,0.305053,0.681205,0.709425
34.506,1.021164,0.312216,0.662797,0.711335
34.516,1.028387,0.318944,0.642157,0.737217
34.526,1.043923,0.320486,0.638754,0.760957
34.536,1.037093,0.326467,0.628971,0.757217
34.546,1.04279,0.332655,0.635192,0.757155
34.556,1.028829,0.337611,0.63057,0.739519
34.566,1.028938,0.339075,0.644752,0.726661
34.576,1.041073,0.34838,0.663473,0.722681
34.586,1.05134,0.351074,0.675775,0.724839
34.596,1.066052,0.346004,0.699946,0.725826
34.606,1.053483,0.339221,0.688032,0.722058
34.616,1.0535,0.338554,0.683675,0.726521
34.626,1.058188,0.334027,0.688833,0.730545
34.636,1.057755,0.331024,0.693627,0.726739
34.646,1.063012,0.331087,0.696713,0.731414
34.656,1.064609,0.327536,0.703014,0.729303
34.666,1.056914,0.323225,0.6851,0.737042
34.676,1.080786,0.326161,0.683277,0.771265
34.686,1.098791,0.33526,0.685227,0.790827
34.696,1.100605,0.339616,0.685974,0.790843
34.706,1.099763,0.340467,0.695177,0.78121
34.716,1.096165,0.343691,0.706914,0.764021
34.726,1.097285,0.343889,0.709649,0.763002
34.736,1.098836,0.341955,0.709694,0.766055
34.746,1.098082,0.339326,0.710303,0.765579
34.756,1.08634,0.329707,0.708022,0.755071
34.766,1.060706,0.322086,0.703142,0.725912
34.776,1.050599,0.316509,0.709846,0.706893
34.786,1.046383,0.315724,0.705078,0.705763
34.796,1.043213,0.319191,0.703885,0.700683
34.806,1.041034,0.323546,0.682823,0.716116
34.816,1.014145,0.317958,0.640553,0.719086
34.826,1.008021,0.308062,0.639862,0.715388
34.836,1.012906,0.307454,0.646007,0.717026
34.846,1.02273,0.315265,0.651598,0.722499
34.856,1.044581,0.327652,0.663863,0.73694
34.866,1.067272,0.339694,0.649905,0.775436
34.876,1.078008,0.349764,0.644166,0.790453
34.886,1.07424,0.351446,0.639894,0.788044
34.896,1.076097,0.352683,0.641912,0.788383
34.906,1.103638,0.356998,0.679449,0.793043
34.916,1.100102,0.362186,0.682468,0.783124
34.926,1.085853,0.365741,0.665113,0.776489
34.936,1.082089,0.365956,0.6652,0.771039
34.946,1.08161,0.36388,0.664364,0.77207
34.956,1.095263,0.364982,0.685502,0.772318
34.966,1.101643,0.36751,0.699595,0.767543
34.976,1.087875,0.368365,0.696883,0.749755
34.986,1.080737,0.368163,0.696144,0.740156
34.996,1.084069,0.365991,0.705458,0.737282
35.006,1.088861,0.359713,0.717645,0.735671
35.016,1.077074,0.354832,0.729177,0.70886
35.026,1.04757,0.347803,0.715884,0.681135
35.036,1.042469,0.34376,0.708722,0.68285
35.046,1.042499,0.337679,0.705722,0.689009
35.056,1.052717,0.3339,0.711953,0.699891
35.066,1.046659,0.332066,0.698467,0.705245
35.076,1.029304,0.322129,0.680546,0.701823
35.086,1.022131,0.322817,0.673755,0.697563
35.096,1.020715,0.328114,0.651443,0.714018
35.106,1.024703,0.328503,0.658192,0.713362
35.116,1.026931,0.323936,0.66242,0.714739
35.126,1.018687,0.32573,0.656236,0.707798
35.136,1.053233,0.325794,0.652325,0.76002
35.146,1.064952,0.325137,0.666482,0.764337
35.156,1.067378,0.326648,0.652303,0.779164
35.166,1.085806,0.32263,0.66046,0.799173
35.176,1.111738,0.319826,0.668832,0.828453
35.186,1.086053,0.31614,0.67001,0.794137
35.196,1.152758,0.311851,0.667941,0.886259
35.206,1.163295,0.309769,0.658935,0.90725
35.216,1.178332,0.305983,0.630489,0.947271
35.226,1.207015,0.306071,0.625747,0.985722
35.236,1.218393,0.308601,0.629615,0.99641
35.246,1.284069,0.312492,0.629863,1.074456
35.256,1.273075,0.31306,0.631226,1.060314
35.266,1.291988,0.314044,0.631989,1.082219
35.276,1.293493,0.31765,0.624695,1.087189
35.286,1.288999,0.317244,0.624519,1.082059
35.296,1.290965,0.314673,0.624033,1.085428
35.306,1.313887,0.317182,0.64487,1.099926
35.316,1.306868,0.326653,0.649677,1.085874
35.326,1.307489,0.332916,0.638692,1.091222
35.336,1.305221,0.333099,0.636384,1.089799
35.346,1.312524,0.327659,0.63531,1.10079
35.356,1.291462,0.316993,0.64352,1.073905
35.366,1.307793,0.311233,0.684392,1.070076
35.376,1.285515,0.300489,0.68703,1.044148
35.386,1.300197,0.299772,0.687677,1.061955
35.396,1.297139,0.306529,0.681262,1.060421
35.406,1.323305,0.316766,0.646143,1.110538
35.416,1.308418,0.311268,0.640064,1.097902
35.426,1.35238,0.304423,0.645088,1.148965
35.436,1.374732,0.302521,0.648349,1.173888
35.446,1.367193,0.302005,0.646707,1.166096
35.456,1.380712,0.301328,0.621729,1.195417
35.466,1.381174,0.297413,0.611037,1.202423
35.476,1.396852,0.296037,0.621925,1.215223
35.486,1.404161,0.296149,0.627122,1.220935
35.496,1.404708,0.297803,0.631793,1.218752
35.506,1.411734,0.294373,0.618769,1.234286
35.516,1.413157,0.289739,0.598409,1.246985
35.526,1.410482,0.29447,0.597311,1.243369
35.536,1.425149,0.295656,0.597561,1.259586
35.546,1.435063,0.300735,0.597174,1.269782
35.556,1.438418,0.308596,0.601295,1.269748
35.566,1.433382,0.307536,0.601309,1.264291
35.576,1.451122,0.314519,0.607712,1.279656
35.586,1.455088,0.313546,0.624666,1.276229
35.596,1.458203,0.310957,0.629188,1.278196
35.606,1.461523,0.314212,0.625596,1.282946
35.616,1.460122,0.315913,0.614796,1.286149
35.626,1.46427,0.312888,0.620352,1.288935
35.636,1.447975,0.313868,0.620705,1.269978
35.646,1.453926,0.316384,0.629274,1.271935
35.656,1.449127,0.315001,0.629494,1.266681
35.666,1.433276,0.316495,0.620316,1.252725
35.676,1.407424,0.317524,0.613373,1.226293
35.686,1.407648,0.323918,0.614525,1.224299
35.696,1.347522,0.324333,0.614241,1.154699
35.706,1.342816,0.324266,0.615136,1.148745
35.716,1.318004,0.327474,0.616502,1.117954
35.726,1.27289,0.332826,0.612618,1.064976
35.736,1.257473,0.330089,0.609453,1.049212
35.746,1.16229,0.326182,0.609021,0.934674
35.756,1.129907,0.324989,0.608758,0.894698
35.766,1.098719,0.32472,0.628614,0.840586
35.776,1.086341,0.324796,0.647211,0.809791
35.786,1.082051,0.32486,0.646275,0.804754
35.796,1.042144,0.326483,0.643563,0.751865
35.806,1.039222,0.321373,0.633692,0.758377
35.816,0.974741,0.308641,0.62959,0.67711
35.826,0.994128,0.307269,0.647575,0.688855
35.836,0.993391,0.308365,0.643523,0.691097
35.846,1.009425,0.310715,0.6556,0.701844
35.856,1.011609,0.320034,0.656232,0.700208
35.866,0.999452,0.31586,0.639219,0.700384
35.876,0.996374,0.318581,0.633445,0.700011
35.886,1.009675,0.321762,0.633654,0.717214
35.896,1.008528,0.314227,0.632083,0.72032
35.906,0.985838,0.306304,0.628524,0.694991
35.916,0.988553,0.307635,0.628671,0.698119
35.926,0.961947,0.307325,0.622035,0.666308
35.936,0.949474,0.310523,0.619162,0.649395
35.946,0.96788,0.311212,0.625654,0.669698
35.956,0.96481,0.309547,0.636116,0.656045
35.966,0.967909,0.310139,0.63307,0.663237
35.976,0.971665,0.314097,0.622911,0.676356
35.986,0.982458,0.313879,0.621589,0.693059
35.996,0.973629,0.319837,0.605611,0.692021
36.006,0.973081,0.324142,0.607876,0.687245
36.016,0.975138,0.329408,0.611783,0.684183
36.026,0.982869,0.331362,0.610852,0.695047
36.036,1.007124,0.327917,0.613895,0.727943
36.046,1.030685,0.328371,0.639461,0.738629
36.056,1.023075,0.328605,0.64259,0.725107
36.066,1.031862,0.343119,0.648802,0.725302
36.076,1.029979,0.338029,0.655325,0.719126
36.086,1.016747,0.339148,0.641833,0.711901
36.096,1.043498,0.337055,0.681514,0.714717
36.106,1.060179,0.348745,0.701928,0.713901
36.116,1.063592,0.353346,0.698153,0.720386
36.126,1.061205,0.354241,0.693414,0.721004
36.136,1.060463,0.353441,0.692851,0.720846
36.146,1.045657,0.351969,0.669053,0.722416
36.156,1.050183,0.350552,0.680938,0.718555
36.166,1.060307,0.350495,0.681057,0.733188
36.176,1.063632,0.347087,0.69174,0.729617
36.186,1.060521,0.339635,0.687851,0.732266
36.196,1.060659,0.336882,0.689568,0.732123
36.206,1.061131,0.33858,0.690207,0.731421
36.216,1.05981,0.34513,0.693041,0.723725
36.226,1.087155,0.344454,0.706192,0.751366
36.236,1.107899,0.349697,0.739358,0.74733
36.246,1.112429,0.351786,0.746231,0.746247
36.256,1.117236,0.363513,0.747434,0.746604
36.266,1.114994,0.368344,0.735969,0.752253
36.276,1.109456,0.368954,0.720719,0.758505
36.286,1.112795,0.369792,0.729848,0.754247
36.296,1.113745,0.367493,0.73709,0.749716
36.306,1.132912,0.366447,0.727981,0.786925
36.316,1.162511,0.378035,0.748842,0.804834
36.326,1.159836,0.412175,0.732396,0.799329
36.336,1.159247,0.442828,0.733084,0.781246
36.346,1.150933,0.438199,0.72798,0.776321
36.356,1.139275,0.432887,0.712586,0.776387
36.366,1.129097,0.428322,0.693408,0.781399
36.376,1.134751,0.426815,0.694392,0.789499
36.386,1.130064,0.422718,0.705086,0.775375
36.396,1.125684,0.427076,0.701742,0.769629
36.406,1.137965,0.421982,0.703328,0.788813
36.416,1.151041,0.423027,0.708162,0.802777
36.426,1.149063,0.422839,0.707102,0.800975
36.436,1.165379,0.419573,0.721288,0.813517
36.446,1.178487,0.423163,0.735393,0.817901
36.456,1.190951,0.426132,0.737368,0.832505
36.466,1.189966,0.433325,0.735768,0.82879
36.476,1.186112,0.429776,0.740086,0.821235
36.486,1.210547,0.42973,0.764071,0.834837
36.496,1.226138,0.436081,0.768957,0.849678
36.506,1.22875,0.43475,0.770597,0.852643
36.516,1.229368,0.429721,0.769717,0.856867
36.526,1.241779,0.431551,0.781653,0.863017
36.536,1.22148,0.429924,0.780117,0.835821
36.546,1.194607,0.426685,0.76366,0.813542
36.556,1.193444,0.42378,0.75948,0.817257
36.566,1.199209,0.413574,0.76317,0.827424
36.576,1.194846,0.411661,0.756488,0.828202
36.586,1.220668,0.41925,0.764213,0.85454
36.597,1.220696,0.418585,0.734476,0.880586
36.607,1.207369,0.40771,0.711429,0.886217
36.617,1.206659,0.402888,0.71291,0.886266
36.627,1.235115,0.40325,0.712789,0.92457
36.637,1.248314,0.403743,0.715819,0.939619
36.647,1.25038,0.402406,0.717942,0.941318
36.657,1.274747,0.409158,0.760026,0.938046
36.667,1.289552,0.407412,0.79549,0.9296
36.677,1.28533,0.408532,0.785689,0.931593
36.687,1.301648,0.408601,0.794869,0.946318
36.697,1.349612,0.40824,0.831847,0.981235
36.706,1.351201,0.408599,0.837758,0.978239
36.716,1.335023,0.398674,0.835105,0.96226
36.726,1.329275,0.399743,0.83908,0.950328
36.736,1.332144,0.393605,0.819146,0.974003
36.746,1.329268,0.391558,0.81346,0.975663
36.756,1.342506,0.384166,0.831416,0.981574
36.766,1.382801,0.383385,0.899219,0.97804
36.776,1.388237,0.382378,0.914226,0.972204
36.786,1.382238,0.381447,0.906991,0.970797
36.796,1.379678,0.379828,0.897495,0.976599
36.806,1.380039,0.380338,0.898439,0.976043
36.816,1.355834,0.371751,0.881707,0.960562
36.827,1.347461,0.329127,0.885926,0.960448
36.836,1.36993,0.276922,0.93424,0.962922
36.846,1.379983,0.280312,0.940868,0.969818
36.856,1.375745,0.276865,0.935754,0.969734
36.866,1.373983,0.275663,0.937373,0.966009
36.876,1.38784,0.28129,0.959922,0.962043
36.886,1.382846,0.284521,0.952206,0.961568
36.893,1.384056,0.282052,0.959207,0.957068
36.905,1.372081,0.281935,0.960892,0.93798
36.915,1.359982,0.281751,0.957764,0.923501
36.925,1.362761,0.282983,0.961135,0.923719
36.935,1.384528,0.281728,0.986099,0.930137
36.945,1.362705,0.279775,0.975224,0.909741
36.955,1.353598,0.27818,0.972653,0.899328
36.965,1.371929,0.283218,0.982602,0.914587
36.975,1.398102,0.293059,0.993132,0.939412
36.985,1.379974,0.295658,0.989979,0.914799
36.995,1.381572,0.287692,0.985646,0.924378
37.005,1.39083,0.282829,0.987135,0.938073
37.015,1.387708,0.283664,0.985661,0.934741
37.025,1.370009,0.285361,0.975077,0.919086
37.035,1.374008,0.289707,0.981504,0.916853
37.045,1.370712,0.287188,0.976261,0.918307
37.055,1.381824,0.288705,0.977115,0.933453
37.065,1.40082,0.308592,0.987275,0.944645
37.075,1.40059,0.308545,0.985116,0.946573
37.085,1.391964,0.301338,0.976315,0.945287
37.095,1.373696,0.303739,0.969945,0.924116
37.105,1.371498,0.303491,0.969114,0.921801
37.115,1.368882,0.306674,0.969603,0.916329
37.125,1.344981,0.306602,0.974324,0.875021
37.135,1.33566,0.309806,0.972423,0.861628
37.145,1.35262,0.309042,0.992167,0.865839
37.155,1.338386,0.311175,0.967696,0.870639
37.165,1.319651,0.317493,0.939646,0.870484
37.175,1.32013,0.317512,0.94053,0.870248
37.185,1.306957,0.318254,0.935482,0.85541
37.195,1.26626,0.31721,0.914439,0.816451
37.205,1.270724,0.316812,0.924479,0.812225
37.215,1.276566,0.319853,0.931321,0.812376
37.225,1.260446,0.317424,0.920851,0.799999
37.235,1.254428,0.323583,0.932199,0.774525
37.245,1.251112,0.323926,0.932143,0.769067
37.255,1.246232,0.319107,0.922588,0.774658
37.265,1.192329,0.315827,0.852724,0.771209
37.275,1.181363,0.318973,0.836506,0.7708
37.285,1.191548,0.320026,0.848793,0.772607
37.295,1.198076,0.323276,0.871799,0.755543
37.305,1.173422,0.325886,0.870792,0.715848
37.315,1.19223,0.325191,0.875636,0.740895
37.325,1.205515,0.321191,0.871436,0.768572
37.335,1.169164,0.323865,0.822007,0.765742
37.345,1.164423,0.320085,0.81657,0.765924
37.355,1.185106,0.323746,0.842682,0.767823
37.365,1.187844,0.325185,0.845908,0.767898
37.375,1.16989,0.319731,0.82067,0.77001
37.385,1.181145,0.317251,0.824045,0.784478
37.396,1.176804,0.319041,0.812572,0.789182
37.405,1.201265,0.323072,0.814674,0.821565
37.415,1.208427,0.324701,0.812787,0.833211
37.425,1.205513,0.322659,0.808624,0.833834
37.435,1.165448,0.317812,0.767416,0.817519
37.445,1.178162,0.31739,0.767746,0.835402
37.455,1.167431,0.320711,0.760579,0.825566
37.465,1.172384,0.337148,0.755024,0.831116
37.475,1.146859,0.334601,0.736268,0.813165
37.485,1.137604,0.332558,0.717408,0.817847
37.496,1.124664,0.334542,0.720923,0.795752
37.505,1.122947,0.333621,0.715803,0.798332
37.515,1.124205,0.333288,0.720407,0.796097
37.525,1.163795,0.331676,0.772881,0.804403
37.535,1.168701,0.333941,0.782038,0.801724
37.545,1.169396,0.333597,0.781431,0.803471
37.555,1.150678,0.330515,0.774869,0.783836
37.565,1.113526,0.312326,0.75468,0.75687
37.576,1.123447,0.317438,0.758362,0.765672
37.585,1.105777,0.318117,0.753816,0.743846
37.595,1.11518,0.321164,0.775256,0.734478
37.605,1.114338,0.321506,0.77512,0.733193
37.615,1.113761,0.319574,0.773589,0.734776
37.625,1.11886,0.31965,0.773293,0.742758
37.635,1.129521,0.316062,0.773178,0.760341
37.645,1.139317,0.320859,0.749056,0.796246
37.656,1.12609,0.312805,0.731702,0.796771
37.665,1.130866,0.307485,0.740201,0.797755
37.675,1.128256,0.30679,0.73794,0.796421
37.685,1.12592,0.305989,0.73622,0.795014
37.695,1.119016,0.305177,0.722929,0.79777
37.705,1.113267,0.310766,0.704022,0.804451
37.716,1.10944,0.305656,0.700012,0.804621
37.726,1.125859,0.305484,0.725071,0.8053
37.736,1.110313,0.299661,0.700053,0.808037
37.746,1.141515,0.305582,0.739882,0.813788
37.756,1.129267,0.307342,0.733524,0.801702
37.766,1.124649,0.305376,0.73722,0.792519
37.776,1.126726,0.300338,0.737727,0.796912
37.786,1.121804,0.304803,0.728928,0.796369
37.796,1.115906,0.306113,0.703727,0.81013
37.806,1.116574,0.303784,0.704682,0.811095
37.816,1.110172,0.304266,0.698289,0.807649
37.826,1.094251,0.300713,0.705361,0.780656
37.836,1.098601,0.295105,0.700784,0.79293
37.845,1.097392,0.296103,0.706021,0.78621
37.856,1.075724,0.292394,0.675241,0.784689
37.865,1.080561,0.29022,0.667564,0.798589
37.875,1.077071,0.290221,0.668407,0.793149
37.886,1.098054,0.289078,0.665866,0.82388
37.896,1.106995,0.290737,0.667904,0.833556
37.906,1.088391,0.286692,0.666072,0.811635
37.916,1.07905,0.285957,0.672053,0.794305
37.925,1.114811,0.292239,0.713074,0.805559
37.936,1.118428,0.292703,0.714779,0.808887
37.946,1.110371,0.293723,0.712683,0.799208
37.956,1.12359,0.284951,0.71267,0.820585
37.965,1.099432,0.252967,0.705932,0.804002
37.976,1.085045,0.246357,0.703774,0.788247
37.985,1.080833,0.238682,0.705909,0.782894
37.996,1.091854,0.23677,0.71468,0.79077
38.005,1.083198,0.240855,0.716414,0.775924
38.016,1.090853,0.243161,0.724165,0.778728
38.026,1.049777,0.240437,0.669341,0.772143
38.036,1.058655,0.239323,0.67743,0.777536
38.045,1.067582,0.245408,0.691983,0.775026
38.056,1.066665,0.246401,0.691312,0.774047
38.065,1.066411,0.248779,0.689257,0.774769
38.076,1.055936,0.239424,0.686062,0.766157
38.085,1.060812,0.239223,0.695168,0.764746
38.096,1.065569,0.241416,0.698128,0.767967
38.105,1.066313,0.241072,0.699208,0.768124
38.116,1.096648,0.25601,0.731633,0.775762
38.125,1.096757,0.270736,0.7254,0.776771
38.136,1.106227,0.271336,0.726834,0.788561
38.145,1.078961,0.268093,0.728505,0.749375
38.156,1.086493,0.269565,0.72985,0.758366
38.165,1.089585,0.269559,0.731001,0.761689
38.176,1.111184,0.276962,0.756077,0.765747
38.185,1.11548,0.280347,0.754085,0.772694
38.196,1.112415,0.279604,0.753744,0.768868
38.205,1.104078,0.277844,0.751716,0.759417
38.216,1.112343,0.278891,0.747261,0.775325
38.226,1.099462,0.278689,0.729049,0.774362
38.236,1.127715,0.280673,0.765272,0.779309
38.245,1.099284,0.274018,0.73115,0.773795
38.256,1.112317,0.275923,0.738884,0.784325
38.266,1.114736,0.27967,0.732678,0.792214
38.275,1.119256,0.282235,0.734126,0.796327
38.286,1.117113,0.275659,0.729703,0.799679
38.296,1.105232,0.271319,0.727175,0.786855
38.306,1.116873,0.280675,0.742667,0.78554
38.316,1.132324,0.291368,0.782848,0.764469
38.325,1.130478,0.292354,0.780069,0.7642
38.336,1.122654,0.28896,0.780421,0.753522
38.345,1.110071,0.287981,0.765945,0.750103
38.356,1.126835,0.288244,0.764819,0.775709
38.366,1.142601,0.287899,0.765351,0.798054
38.376,1.146829,0.288042,0.767138,0.80234
38.385,1.11382,0.29028,0.765635,0.755074
38.396,1.114124,0.289425,0.768665,0.752769
38.406,1.110947,0.298253,0.769593,0.743623
38.416,1.138695,0.305303,0.777868,0.773523
38.426,1.109823,0.301579,0.739436,0.770708
38.436,1.112645,0.302021,0.743888,0.77032
38.446,1.118924,0.302874,0.741785,0.781034
38.456,1.118182,0.299691,0.741814,0.781172
38.466,1.114708,0.300249,0.743644,0.774222
38.476,1.133315,0.299774,0.765642,0.779956
38.486,1.129791,0.299884,0.761521,0.778835
38.496,1.129021,0.303611,0.767785,0.770075
38.506,1.134691,0.304751,0.782682,0.762928
38.516,1.13882,0.31795,0.773806,0.772686
38.526,1.141195,0.320378,0.773244,0.775743
38.536,1.130716,0.321225,0.758056,0.775038
38.546,1.130854,0.321118,0.746985,0.785957
38.556,1.155632,0.320891,0.765176,0.804376
38.566,1.157182,0.319652,0.765458,0.806825
38.576,1.158628,0.320372,0.768232,0.805977
38.586,1.158688,0.31996,0.760785,0.813258
38.596,1.159677,0.316446,0.764374,0.812677
38.606,1.173533,0.31899,0.774705,0.821741
38.616,1.148805,0.304141,0.745119,0.819786
38.626,1.142318,0.292637,0.746342,0.813774
38.636,1.156332,0.296477,0.752111,0.826761
38.645,1.171933,0.299659,0.752332,0.847129
38.656,1.160603,0.29863,0.751673,0.832351
38.666,1.151407,0.297904,0.741483,0.828972
38.676,1.138606,0.290592,0.727775,0.826029
38.686,1.152078,0.28774,0.756689,0.819702
38.696,1.164728,0.290565,0.778413,0.816233
38.706,1.161767,0.288853,0.777975,0.813032
38.716,1.174094,0.292716,0.805756,0.802229
38.726,1.178907,0.302826,0.807273,0.804009
38.736,1.159967,0.305325,0.77192,0.81021
38.746,1.173119,0.312488,0.768147,0.829765
38.756,1.157368,0.311292,0.755463,0.819679
38.766,1.156767,0.308606,0.760553,0.815127
38.776,1.167293,0.318148,0.776263,0.811647
38.786,1.169114,0.318314,0.781149,0.809513
38.796,1.174539,0.317523,0.784247,0.814665
38.806,1.16458,0.308614,0.769361,0.817978
38.816,1.14232,0.297607,0.729454,0.827178
38.826,1.150535,0.298077,0.725512,0.841732
38.836,1.154171,0.298071,0.728118,0.844458
38.846,1.157502,0.298472,0.733147,0.844525
38.856,1.143951,0.29879,0.737398,0.821945
38.866,1.124886,0.300083,0.736939,0.795136
38.876,1.148254,0.307705,0.740148,0.822183
38.886,1.149558,0.311953,0.738869,0.823553
38.896,1.138938,0.308842,0.736534,0.811981
38.906,1.132964,0.300608,0.731644,0.811134
38.916,1.117128,0.299123,0.728629,0.792212
38.926,1.137482,0.305878,0.745265,0.803047
38.936,1.136493,0.314296,0.742837,0.800642
38.946,1.122598,0.312337,0.741341,0.782998
38.956,1.115095,0.311945,0.756766,0.757253
38.966,1.139291,0.320014,0.788326,0.757704
38.976,1.128395,0.322703,0.778923,0.749945
38.986,1.129032,0.323499,0.778887,0.750598
38.996,1.11605,0.318563,0.760937,0.751705
39.006,1.106947,0.315467,0.754068,0.746454
39.016,1.104038,0.307119,0.767114,0.732197
39.026,1.099994,0.30586,0.765122,0.728715
39.036,1.091905,0.304372,0.758659,0.723914
39.046,1.083571,0.299438,0.756742,0.715404
39.056,1.068917,0.299117,0.751197,0.699154
39.066,1.076143,0.299548,0.764547,0.695573
39.076,1.071309,0.299062,0.761051,0.692146
39.086,1.061507,0.300231,0.753168,0.685126
39.096,1.044342,0.294212,0.732271,0.684008
39.106,1.056551,0.291055,0.744966,0.690372
39.116,1.061939,0.291295,0.755953,0.686583
39.126,1.059035,0.293043,0.754988,0.682402
39.136,1.021251,0.291169,0.74838,0.630953
39.146,1.015317,0.287605,0.742439,0.63003
39.156,1.026106,0.287374,0.739709,0.650493
39.166,1.026795,0.287401,0.741524,0.649501
39.176,1.027665,0.294971,0.74341,0.645312
39.186,1.035467,0.311477,0.725328,0.67013
39.196,1.052836,0.318219,0.702109,0.717108
39.206,1.063636,0.324797,0.711383,0.720946
39.216,1.052488,0.322358,0.69144,0.725071
39.226,1.053382,0.317116,0.69579,0.724519
39.236,1.061937,0.322139,0.708671,0.722303
39.246,1.044694,0.314482,0.708606,0.700259
39.256,1.050436,0.314382,0.709607,0.70784
39.266,1.058086,0.319878,0.71665,0.709673
39.276,1.05002,0.316337,0.704827,0.71112
39.286,1.05502,0.322885,0.701438,0.718887
39.296,1.053116,0.322333,0.698796,0.718916
39.306,1.056615,0.322155,0.698714,0.724189
39.316,1.063781,0.324752,0.720746,0.711822
39.326,1.073482,0.323994,0.751496,0.694726
39.336,1.078203,0.325097,0.755893,0.69675
39.346,1.074946,0.325347,0.7514,0.69646
39.356,1.072447,0.324029,0.750501,0.694188
39.366,1.090833,0.324601,0.786003,0.683191
39.376,1.087425,0.320489,0.811649,0.648849
39.386,1.092928,0.314714,0.823818,0.645579
39.396,1.092258,0.314729,0.822871,0.645645
39.406,1.098236,0.313652,0.825541,0.65286
39.416,1.105603,0.308893,0.832332,0.658913
39.426,1.08339,0.305698,0.824745,0.632518
39.436,1.085044,0.299836,0.827056,0.635136
39.446,1.084652,0.299962,0.826949,0.634545
39.456,1.080768,0.300318,0.813174,0.645457
39.466,1.072397,0.292681,0.78221,0.672696
39.476,1.074067,0.289036,0.776358,0.683627
39.486,1.086673,0.289091,0.788058,0.690108
39.496,1.094926,0.291834,0.795757,0.693157
39.506,1.089985,0.291629,0.787373,0.695027
39.516,1.079075,0.282257,0.772153,0.698938
39.526,1.091465,0.281797,0.784772,0.704287
39.536,1.115664,0.278715,0.818803,0.704689
39.546,1.143896,0.280099,0.858297,0.702402
39.556,1.135084,0.282434,0.84957,0.697766
39.566,1.125852,0.282186,0.837324,0.697712
39.576,1.127018,0.282277,0.838369,0.698302
39.586,1.140296,0.281164,0.847975,0.708634
39.596,1.150549,0.284785,0.857561,0.712214
39.606,1.131849,0.289297,0.84532,0.694854
39.616,1.131514,0.291711,0.842955,0.696172
39.626,1.132694,0.288758,0.843748,0.698357
39.636,1.135005,0.287001,0.844204,0.702273
39.646,1.124645,0.286167,0.843945,0.686069
39.656,1.121276,0.286817,0.854147,0.667404
39.666,1.142687,0.290647,0.874473,0.675689
39.676,1.165005,0.292816,0.895951,0.684665
39.686,1.143199,0.272647,0.893712,0.658669
39.696,1.11004,0.263177,0.892055,0.60594
39.706,1.100013,0.252095,0.88565,0.601749
39.716,1.093527,0.2527,0.880566,0.597116
39.726,1.098724,0.2473,0.887065,0.599294
39.736,1.106008,0.248563,0.906604,0.582701
39.746,1.116404,0.249548,0.91892,0.582813
39.756,1.11744,0.250067,0.922013,0.579681
39.766,1.106916,0.241587,0.912722,0.577786
39.776,1.096879,0.233938,0.906701,0.571235
39.786,1.096546,0.221884,0.904553,0.578762
39.796,1.103365,0.225779,0.905867,0.588084
39.806,1.109292,0.225877,0.918787,0.579084
39.816,1.116349,0.223516,0.925395,0.583027
39.826,1.114822,0.225215,0.917155,0.592395
39.836,1.107133,0.224467,0.912224,0.585837
39.846,1.114714,0.226589,0.914971,0.59504
39.856,1.127812,0.232626,0.913067,0.6198
39.866,1.119428,0.233281,0.885384,0.644046
39.876,1.119454,0.233592,0.87405,0.659278
39.886,1.124559,0.233443,0.875585,0.66595
39.896,1.127133,0.233818,0.87665,0.668761
39.906,1.128298,0.242761,0.881415,0.661234
39.916,1.131446,0.25027,0.893964,0.646811
39.926,1.143371,0.257802,0.906871,0.646854
39.936,1.175848,0.277933,0.918677,0.679267
39.946,1.210244,0.293749,0.928076,0.719081
39.956,1.212348,0.294166,0.929464,0.72066
39.966,1.193458,0.295628,0.925885,0.692592
39.976,1.198522,0.295144,0.922637,0.705752
39.986,1.206489,0.294244,0.912941,0.731829
39.996,1.204223,0.292263,0.907972,0.735066
40.006,1.215767,0.295405,0.923869,0.733002
40.016,1.23221,0.296524,0.946674,0.730906
40.026,1.228143,0.296556,0.945736,0.725241
40.036,1.204691,0.299212,0.914556,0.724805
40.046,1.182919,0.308486,0.883469,0.723613
40.056,1.200928,0.326016,0.89566,0.730572
40.066,1.215231,0.331477,0.901691,0.744219
40.076,1.236974,0.335123,0.902442,0.776786
40.086,1.238086,0.338955,0.893732,0.786899
40.096,1.22732,0.340183,0.880109,0.784855
40.106,1.231596,0.335511,0.871984,0.802436
40.116,1.24553,0.334292,0.867013,0.829387
40.126,1.260573,0.336367,0.8713,0.846604
40.136,1.261637,0.336938,0.878547,0.840451
40.146,1.257825,0.335645,0.880418,0.833265
40.156,1.252235,0.335641,0.872766,0.832897
40.166,1.24889,0.340861,0.871918,0.826619
40.176,1.245663,0.341496,0.868295,0.8253
40.186,1.2535,0.348483,0.870339,0.832065
40.196,1.261026,0.357756,0.87073,0.839062
40.206,1.268863,0.358642,0.874883,0.846149
40.216,1.265461,0.358412,0.875187,0.840821
40.226,1.252098,0.356535,0.853318,0.844085
40.236,1.245439,0.350178,0.836841,0.853341
40.246,1.254444,0.352366,0.846107,0.856487
40.256,1.25789,0.3538,0.854356,0.852753
40.266,1.264614,0.354095,0.863567,0.853297
40.276,1.271234,0.354196,0.871488,0.855037
40.286,1.264937,0.354685,0.872055,0.844856
40.296,1.284507,0.359433,0.881372,0.862525
40.306,1.306111,0.365912,0.874092,0.898887
40.316,1.297591,0.372549,0.848051,0.908713
40.326,1.287425,0.370959,0.83494,0.907044
40.336,1.297833,0.371088,0.846144,0.911429
40.346,1.298897,0.369716,0.851115,0.908871
40.356,1.284963,0.366322,0.850525,0.890812
40.366,1.272665,0.369638,0.846788,0.87521
40.376,1.25975,0.379603,0.834849,0.863653
40.386,1.260899,0.386358,0.825343,0.871437
40.396,1.288944,0.389923,0.83106,0.904807
40.406,1.305459,0.392027,0.837361,0.921609
40.416,1.28678,0.390675,0.807783,0.922313
40.426,1.279179,0.382642,0.801276,0.920782
40.436,1.243605,0.366507,0.784423,0.892696
40.446,1.220685,0.360721,0.782372,0.864781
40.456,1.226368,0.361548,0.802089,0.854351
40.466,1.243987,0.366893,0.825944,0.854816
40.476,1.260628,0.378325,0.850048,0.850571
40.486,1.260418,0.387061,0.862735,0.833382
40.496,1.265497,0.393896,0.863578,0.836996
40.506,1.255904,0.396029,0.847332,0.838143
40.516,1.240267,0.395675,0.820935,0.84129
40.526,1.244974,0.396607,0.811008,0.85728
40.536,1.250594,0.396067,0.811746,0.864977
40.546,1.256339,0.383891,0.827755,0.863618
40.556,1.257737,0.373736,0.839001,0.859244
40.566,1.245206,0.36938,0.836071,0.845625
40.576,1.223164,0.36718,0.834194,0.815739
40.586,1.207023,0.365729,0.833139,0.793112
40.596,1.207828,0.365848,0.831217,0.796293
40.606,1.22645,0.367851,0.832063,0.822518
40.616,1.233071,0.374841,0.838792,0.822427
40.626,1.218845,0.378775,0.833063,0.805058
40.636,1.219816,0.377392,0.834752,0.805429
40.646,1.219087,0.377358,0.832635,0.806531
40.656,1.230897,0.386277,0.840241,0.812337
40.666,1.22499,0.391947,0.829574,0.811656
40.676,1.210922,0.397718,0.809385,0.808114
40.686,1.224641,0.406077,0.814296,0.819616
40.696,1.233895,0.397934,0.82545,0.826304
40.706,1.227137,0.39983,0.821227,0.819504
40.716,1.233647,0.399833,0.81684,0.833541
40.726,1.239382,0.399995,0.817031,0.841744
40.736,1.228341,0.400505,0.808711,0.83331
40.746,1.219405,0.403278,0.796401,0.830699
40.756,1.213912,0.400028,0.787688,0.832531
40.766,1.205115,0.400547,0.777481,0.829089
40.776,1.196379,0.402498,0.769031,0.823352
40.786,1.214732,0.410131,0.781657,0.834492
40.796,1.218777,0.421964,0.785771,0.830619
40.806,1.198783,0.420585,0.779462,0.807854
40.816,1.1953,0.418907,0.780334,0.802707
40.826,1.193666,0.423107,0.781305,0.797109
40.836,1.196787,0.423952,0.770492,0.81173
40.846,1.191864,0.423544,0.762109,0.812613
40.856,1.200468,0.424502,0.764285,0.822673
40.866,1.207379,0.420899,0.76922,0.830005
40.876,1.200806,0.411146,0.765194,0.829079
40.886,1.202834,0.406361,0.768508,0.83131
40.896,1.176467,0.411086,0.760194,0.798241
40.906,1.159385,0.404769,0.755408,0.780829
40.916,1.160281,0.400285,0.756311,0.783593
40.926,1.160556,0.402812,0.75341,0.785498
40.936,1.169446,0.403361,0.768245,0.78403
40.946,1.166261,0.401261,0.763793,0.784713
40.956,1.16937,0.407719,0.743134,0.805571
40.966,1.153488,0.405793,0.716515,0.807758
40.976,1.132928,0.396471,0.68926,0.807005
40.986,1.116746,0.38653,0.675451,0.800926
40.996,1.111339,0.380503,0.681167,0.791393
41.006,1.108861,0.376418,0.679524,0.791283
41.016,1.107649,0.375493,0.679584,0.789972
41.026,1.094321,0.374644,0.678677,0.772386
41.036,1.096265,0.374168,0.678095,0.775875
41.046,1.085061,0.374143,0.653519,0.781209
41.056,1.080569,0.371849,0.646391,0.782008
41.066,1.080446,0.369757,0.641177,0.787106
41.076,1.094504,0.374988,0.658954,0.789369
41.086,1.100398,0.379567,0.664757,0.790508
41.096,1.106929,0.379595,0.665793,0.798698
41.106,1.089027,0.377401,0.66427,0.776076
41.116,1.055804,0.371032,0.654252,0.740954
41.126,1.063726,0.36688,0.654634,0.753901
41.136,1.060404,0.368289,0.647972,0.75429
41.146,1.084052,0.380426,0.648203,0.781204
41.156,1.091434,0.379787,0.635569,0.801899
41.166,1.07824,0.369141,0.617017,0.803509
41.176,1.066297,0.358609,0.606103,0.800643
41.186,1.046652,0.350257,0.600078,0.782755
41.196,1.045735,0.349949,0.603182,0.779274
41.206,1.048655,0.349526,0.607098,0.780347
41.216,1.048089,0.349293,0.607812,0.779134
41.226,1.041516,0.348195,0.608556,0.770179
41.236,1.04724,0.350182,0.618826,0.768855
41.246,1.035809,0.34404,0.603768,0.768115
41.256,1.043466,0.348531,0.612931,0.769196
41.266,1.054397,0.353153,0.621625,0.774995
41.276,1.066544,0.35905,0.621797,0.788649
41.286,1.049685,0.353692,0.61081,0.77695
41.296,1.009333,0.333302,0.588284,0.74939
41.306,1.002431,0.331561,0.603519,0.728491
41.316,1.002778,0.331877,0.612039,0.721686
41.326,0.9989,0.327783,0.606832,0.722575
41.336,0.994491,0.330043,0.609461,0.713191
41.346,1.00487,0.334362,0.62164,0.715213
41.356,1.012846,0.33825,0.643827,0.704933
41.366,1.024045,0.342987,0.668356,0.695937
41.376,1.022074,0.342314,0.667345,0.694339
41.386,1.003386,0.338636,0.659191,0.676444
41.396,0.997734,0.33037,0.661881,0.669509
41.406,1.009158,0.329209,0.680369,0.66867
41.416,1.011513,0.333836,0.685237,0.664952
41.426,1.006403,0.331917,0.67068,0.672954
41.436,1.00026,0.333142,0.656412,0.677244
41.446,1.001778,0.336422,0.657576,0.676736
41.456,0.989266,0.328257,0.66826,0.651401
41.466,0.989473,0.323727,0.670763,0.65141
41.476,0.979725,0.323659,0.670747,0.636556
41.486,0.987264,0.330751,0.686914,0.62725
41.496,0.992041,0.336898,0.692229,0.625671
41.506,0.991637,0.337873,0.692354,0.624364
41.516,0.993373,0.337927,0.697502,0.621358
41.526,0.99543,0.340663,0.699172,0.62128
41.536,0.992338,0.342298,0.700355,0.614061
41.546,1.003063,0.342863,0.710249,0.61978
41.556,1.001983,0.342738,0.686255,0.644635
41.566,1.011998,0.347846,0.702266,0.640287
41.576,1.016332,0.345641,0.709105,0.640806
41.586,1.019938,0.337309,0.709421,0.650551
41.596,1.006092,0.335024,0.708013,0.631426
41.606,0.995897,0.334782,0.713983,0.608244
41.616,1.005446,0.339227,0.725454,0.607917
41.626,0.996757,0.344888,0.725124,0.59057
41.636,1.00089,0.344528,0.723417,0.59979
41.646,0.992376,0.334141,0.722638,0.592413
41.656,0.970242,0.326102,0.724583,0.556782
41.666,0.973046,0.324539,0.730223,0.555218
41.676,0.980652,0.328758,0.735541,0.559084
41.686,0.980252,0.325238,0.73056,0.566919
41.696,0.956575,0.321336,0.71435,0.549073
41.706,0.956202,0.32057,0.710996,0.55321
41.716,0.959527,0.320428,0.71303,0.556422
41.726,0.954491,0.321487,0.714674,0.544923
41.736,0.948545,0.323671,0.70362,0.547627
41.746,0.967867,0.32905,0.717631,0.559909
41.756,0.981325,0.328645,0.722165,0.577467
41.766,0.980218,0.328389,0.726059,0.570812
41.776,0.969698,0.317995,0.725713,0.559048
41.786,0.990068,0.317512,0.744398,0.570345
41.796,1.02517,0.323903,0.775086,0.587624
41.806,1.02437,0.3309,0.768062,0.59154
41.816,1.0202,0.333695,0.76061,0.592391
41.826,1.015268,0.333604,0.75785,0.587487
41.836,1.013447,0.336446,0.761891,0.577409
41.846,1.01334,0.344326,0.762258,0.572066
41.856,1.000997,0.343385,0.74213,0.577343
41.866,0.990231,0.340939,0.715133,0.594057
41.876,1.004139,0.341157,0.716697,0.615022
41.886,1.009565,0.344287,0.717085,0.621672
41.896,1.016364,0.343897,0.717549,0.632341
41.906,1.025361,0.353829,0.69369,0.667056
41.916,1.053084,0.363635,0.69519,0.702472
41.926,1.063552,0.366853,0.703477,0.708294
41.936,1.052374,0.363555,0.69699,0.699659
41.946,1.070199,0.357003,0.699064,0.727451
41.956,1.103044,0.362334,0.71966,0.753332
41.966,1.10834,0.363025,0.725856,0.754827
41.976,1.107673,0.362675,0.723426,0.756348
41.986,1.096037,0.355804,0.709621,0.755737
41.996,1.106042,0.352099,0.714025,0.767805
42.006,1.129551,0.356351,0.732669,0.782366
42.016,1.134445,0.363147,0.737088,0.78217
42.026,1.137361,0.361366,0.738053,0.78631
42.036,1.147863,0.361672,0.759637,0.780855
42.046,1.153714,0.366485,0.766117,0.780904
42.056,1.169948,0.379968,0.792364,0.772374
42.066,1.162494,0.380397,0.781257,0.772223
42.076,1.166974,0.378776,0.779309,0.781686
42.086,1.179826,0.385561,0.802865,0.773783
42.096,1.198956,0.388728,0.830026,0.772944
42.106,1.208727,0.398073,0.839866,0.772777
42.116,1.210132,0.404728,0.838461,0.773044
42.126,1.215317,0.398467,0.846883,0.775248
42.136,1.220718,0.400642,0.8605,0.767578
42.146,1.215133,0.401309,0.872228,0.744794
42.156,1.222088,0.406879,0.881833,0.741835
42.166,1.233079,0.417441,0.890875,0.74335
42.176,1.230945,0.411846,0.885112,0.749789
42.186,1.224915,0.408959,0.882032,0.74511
42.196,1.230907,0.408777,0.890157,0.745422
42.206,1.236479,0.411624,0.898607,0.742935
42.216,1.241836,0.424835,0.906034,0.735374
42.226,1.246433,0.429906,0.90417,0.742465
42.236,1.239181,0.426466,0.899619,0.737823
42.246,1.226707,0.424304,0.88934,0.730651
42.256,1.204576,0.420337,0.875577,0.712521
42.266,1.200797,0.42,0.869587,0.713675
42.276,1.207473,0.422186,0.86953,0.723649
42.286,1.180589,0.420961,0.848207,0.705073
42.296,1.158843,0.422173,0.821794,0.69953
42.306,1.152825,0.416785,0.816108,0.699474
42.316,1.156422,0.411553,0.815846,0.708753
42.326,1.166922,0.412159,0.819169,0.721659
42.336,1.16181,0.406961,0.814225,0.721958
42.346,1.151923,0.398025,0.805452,0.720937
42.356,1.150819,0.399224,0.803465,0.720728
42.366,1.162526,0.401832,0.803352,0.737985
42.376,1.177698,0.409132,0.803963,0.757118
42.386,1.198845,0.414078,0.810455,0.780341
42.396,1.195679,0.415536,0.811285,0.773818
42.406,1.165668,0.407,0.803071,0.740412
42.416,1.149585,0.394629,0.800144,0.724972
42.426,1.150755,0.390664,0.79112,0.738747
42.436,1.183999,0.39733,0.795421,0.781849
42.446,1.179955,0.404151,0.793844,0.773802
42.456,1.141897,0.400038,0.761555,0.750954
42.466,1.141466,0.404171,0.760192,0.749466
42.476,1.149593,0.40482,0.761942,0.75969
42.486,1.168155,0.404946,0.756943,0.792239
42.496,1.160451,0.404401,0.742652,0.794716
42.506,1.13981,0.398926,0.720875,0.787632
42.516,1.144353,0.398354,0.720158,0.795129
42.526,1.148191,0.405792,0.724283,0.793152
42.536,1.133696,0.403828,0.695579,0.798973
42.546,1.119946,0.399507,0.679707,0.795406
42.556,1.09146,0.385747,0.646745,0.790067
42.566,1.095204,0.381795,0.64379,0.799525
42.576,1.081464,0.380735,0.627555,0.794217
42.586,1.057778,0.374316,0.585579,0.79742
42.596,1.045472,0.373628,0.555193,0.803227
42.606,1.048557,0.373395,0.547588,0.812523
42.616,1.068921,0.370104,0.568739,0.825924
42.626,1.067494,0.374414,0.561957,0.826778
42.636,1.080528,0.373599,0.531242,0.863565
42.646,1.091554,0.370519,0.515149,0.888159
42.656,1.10137,0.3618,0.491419,0.916855
42.666,1.109943,0.350173,0.485621,0.934625
42.676,1.114915,0.355074,0.488473,0.937204
42.686,1.131961,0.3564,0.482708,0.959848
42.696,1.142141,0.356141,0.469688,0.978286
42.706,1.137318,0.35671,0.457079,0.978432
42.716,1.134383,0.344775,0.457682,0.979021
42.726,1.122701,0.337179,0.456717,0.968595
42.736,1.124484,0.336408,0.459278,0.969721
42.746,1.129486,0.335468,0.463241,0.973965
42.756,1.127664,0.336142,0.46677,0.969928
42.766,1.137975,0.334464,0.487855,0.972171
42.776,1.122499,0.332222,0.491771,0.952783
42.786,1.123664,0.331284,0.495629,0.952482
42.796,1.141864,0.324348,0.500682,0.973637
42.806,1.139008,0.322802,0.508257,0.966858
42.816,1.159451,0.323294,0.528794,0.979889
42.826,1.150253,0.324543,0.52893,0.968497
42.836,1.151706,0.326282,0.524022,0.9723
42.846,1.202294,0.33066,0.529103,1.027729
42.856,1.21252,0.331956,0.545777,1.030601
42.866,1.249604,0.336271,0.580566,1.054219
42.876,1.223325,0.330328,0.585905,1.021824
42.886,1.214431,0.320191,0.576913,1.019555
42.896,1.252691,0.322237,0.572992,1.066338
42.906,1.257219,0.329287,0.58291,1.064137
42.916,1.266577,0.33503,0.593057,1.067828
42.926,1.249581,0.334807,0.592338,1.04809
42.936,1.230085,0.327488,0.586419,1.030521
42.946,1.21418,0.320544,0.584234,1.014966
42.956,1.21742,0.316959,0.588119,1.017725
42.966,1.224845,0.313832,0.606512,1.016807
42.976,1.230985,0.323896,0.635322,1.003385
42.986,1.232645,0.322535,0.642899,1.001033
42.996,1.217761,0.322919,0.642829,0.982565
43.006,1.237308,0.322889,0.646886,1.004098
43.016,1.241204,0.321417,0.663339,0.998629
43.026,1.270564,0.32749,0.68019,1.021971
43.036,1.280481,0.337183,0.693692,1.02212
43.046,1.278417,0.348985,0.694637,1.014908
43.056,1.281947,0.353552,0.691729,1.019756
43.066,1.271656,0.354818,0.695371,1.003829
43.076,1.274938,0.352894,0.703347,1.003114
43.086,1.285653,0.356503,0.704605,1.014564
43.096,1.29376,0.360088,0.711005,1.019129
43.106,1.317775,0.355156,0.720275,1.044796
43.116,1.329012,0.3589,0.728087,1.052309
43.126,1.371153,0.375361,0.767164,1.072672
43.136,1.369798,0.385245,0.794162,1.047491
43.146,1.364066,0.38894,0.80586,1.029558
43.156,1.359071,0.398304,0.809657,1.016309
43.166,1.350455,0.397647,0.801044,1.011896
43.176,1.344148,0.394694,0.80072,1.004887
43.186,1.322995,0.393779,0.801552,0.976098
43.196,1.30361,0.39358,0.802021,0.949345
43.206,1.292918,0.390662,0.797667,0.939546
43.216,1.291569,0.394256,0.788814,0.943655
43.226,1.288603,0.394277,0.794326,0.934927
43.236,1.290771,0.396102,0.804618,0.928323
43.246,1.310787,0.397248,0.843927,0.920948
43.256,1.336957,0.40037,0.876711,0.926572
43.266,1.339879,0.398143,0.866019,0.941684
43.276,1.339927,0.398382,0.864003,0.943502
43.286,1.372087,0.397761,0.868225,0.985187
43.296,1.367727,0.396336,0.865947,0.981697
43.306,1.3869,0.393279,0.861307,1.013397
43.316,1.397265,0.39326,0.848711,1.037973
43.326,1.397756,0.402096,0.845531,1.037843
43.336,1.407268,0.402315,0.848788,1.047905
43.346,1.417461,0.398353,0.845523,1.065645
43.356,1.397711,0.391696,0.836874,1.048719
43.366,1.397584,0.385782,0.825462,1.059729
43.376,1.449008,0.384982,0.819646,1.131191
43.386,1.496815,0.386011,0.828965,1.185018
43.396,1.46439,0.384976,0.829153,1.144001
43.406,1.462314,0.377988,0.822903,1.14818
43.416,1.471318,0.373683,0.817015,1.165172
43.426,1.461127,0.373104,0.81906,1.151011
43.436,1.471613,0.387711,0.830822,1.151112
43.446,1.469787,0.390155,0.830659,1.148067
43.456,1.465755,0.38996,0.829022,1.144155
43.466,1.47765,0.39374,0.813432,1.169079
43.476,1.475923,0.385858,0.792604,1.183741
43.486,1.503281,0.386816,0.788024,1.220347
43.496,1.51004,0.393015,0.796676,1.221093
43.506,1.516927,0.406316,0.814094,1.213765
43.516,1.525654,0.406828,0.820823,1.219984
43.526,1.50539,0.401638,0.807425,1.205384
43.536,1.499633,0.402816,0.796545,1.205054
43.546,1.546178,0.406324,0.795362,1.262128
43.556,1.541539,0.403876,0.797172,1.256083
43.566,1.548578,0.404963,0.796724,1.264646
43.576,1.577004,0.405141,0.787585,1.304803
43.586,1.572162,0.402133,0.795766,1.29489
43.596,1.5772,0.39697,0.793391,1.304034
43.606,1.554998,0.393226,0.773011,1.290677
43.616,1.550158,0.383883,0.751955,1.300072
43.626,1.510019,0.371894,0.708568,1.280541
43.636,1.513787,0.36076,0.68544,1.300605
43.646,1.522897,0.365395,0.683397,1.31098
43.656,1.511256,0.361942,0.683569,1.298316
43.666,1.527381,0.361481,0.683612,1.317156
43.676,1.525115,0.385632,0.681475,1.308761
43.686,1.542593,0.43916,0.684642,1.310724
43.696,1.579634,0.49467,0.707654,1.322789
43.706,1.587793,0.49547,0.710615,1.330647
43.716,1.594439,0.488907,0.734982,1.327783
43.726,1.593212,0.488746,0.737302,1.32508
43.736,1.588812,0.486349,0.726048,1.326892
43.746,1.57651,0.486079,0.675321,1.339049
43.756,1.561132,0.482315,0.659244,1.330377
43.766,1.573908,0.502582,0.661852,1.336618
43.776,1.571124,0.503566,0.666327,1.330737
43.786,1.55621,0.502528,0.676793,1.30813
43.796,1.560665,0.510486,0.693267,1.301714
43.806,1.538618,0.51707,0.693299,1.272525
43.816,1.543654,0.516451,0.732124,1.257036
43.826,1.560797,0.52239,0.767858,1.254429
43.836,1.546779,0.520703,0.766606,1.238429
43.846,1.522358,0.520095,0.769424,1.206259
43.856,1.552373,0.525653,0.786055,1.231124
43.866,1.524696,0.523837,0.778207,1.201951
43.876,1.451145,0.523032,0.779817,1.106411
43.886,1.386724,0.522149,0.770775,1.02775
43.896,1.385351,0.52419,0.774341,1.022164
43.906,1.371796,0.524476,0.780791,0.998556
43.916,1.359252,0.523685,0.797376,0.968251
43.926,1.358202,0.529152,0.806021,0.956577
43.936,1.341654,0.518876,0.796473,0.946801
43.946,1.338446,0.517074,0.814966,0.927309
43.956,1.347184,0.526279,0.811966,0.937361
43.966,1.348149,0.520625,0.821522,0.933572
43.976,1.320743,0.521388,0.830884,0.884393
43.986,1.3229,0.525315,0.841281,0.875417
43.996,1.329007,0.522206,0.836984,0.890516
44.006,1.331485,0.511106,0.828606,0.908314
44.016,1.33426,0.51124,0.813498,0.925799
44.026,1.329899,0.507251,0.808138,0.926413
44.036,1.330871,0.500664,0.818146,0.922599
44.046,1.304419,0.48888,0.825089,0.884157
44.056,1.300916,0.487846,0.822807,0.88169
44.066,1.334803,0.490726,0.854697,0.900211
44.076,1.345203,0.495793,0.887279,0.881189
44.086,1.348889,0.502843,0.884617,0.885496
44.096,1.34295,0.500888,0.880733,0.881439
44.106,1.339206,0.501291,0.876531,0.879702
44.116,1.328475,0.498282,0.872411,0.869172
44.126,1.353936,0.503616,0.877885,0.89935
44.136,1.372793,0.503103,0.876417,0.929162
44.146,1.388532,0.500913,0.869231,0.959972
44.156,1.392001,0.493416,0.875948,0.962768
44.166,1.37899,0.497641,0.876619,0.941013
44.176,1.379175,0.482846,0.882665,0.943338
44.186,1.354342,0.424261,0.879441,0.938525
44.196,1.330647,0.337536,0.872035,0.946702
44.206,1.332502,0.332074,0.880513,0.94339
44.216,1.341034,0.335493,0.892129,0.943356
44.226,1.359727,0.333634,0.905141,0.958262
44.236,1.379279,0.337088,0.913942,0.976469
44.246,1.378452,0.337417,0.913352,0.97574
44.256,1.365958,0.337332,0.895101,0.97511
44.266,1.357663,0.32242,0.89667,0.967097
44.276,1.361333,0.328587,0.89645,0.970379
44.286,1.349381,0.325468,0.882874,0.967177
44.296,1.348318,0.320783,0.874993,0.974395
44.306,1.356171,0.299131,0.87633,0.990841
44.316,1.345236,0.295201,0.843977,1.005097
44.326,1.337133,0.292444,0.812668,1.02077
44.336,1.340253,0.29262,0.810363,1.026628
44.346,1.324159,0.294272,0.815364,1.00099
44.356,1.29283,0.291514,0.802977,0.97039
44.366,1.299185,0.288768,0.814322,0.970245
44.376,1.293102,0.288922,0.813073,0.963093
44.386,1.28894,0.290771,0.810441,0.959169
44.396,1.307019,0.292639,0.835286,0.961748
44.406,1.300109,0.297725,0.833534,0.952295
44.416,1.284491,0.298513,0.813027,0.948575
44.426,1.29931,0.319284,0.807345,0.966675
44.436,1.301639,0.327033,0.805725,0.968566
44.446,1.296961,0.329073,0.794059,0.97123
44.456,1.302639,0.322652,0.80958,0.968166
44.466,1.308672,0.324194,0.810319,0.975142
44.476,1.285452,0.318907,0.796263,0.957419
44.486,1.277151,0.317506,0.79216,0.950152
44.496,1.276316,0.319768,0.797619,0.943682
44.506,1.260615,0.319848,0.790808,0.928154
44.516,1.246003,0.314432,0.781666,0.917962
44.526,1.263408,0.322819,0.787172,0.933995
44.536,1.280953,0.323557,0.778004,0.964811
44.546,1.294351,0.325216,0.770203,0.988113
44.556,1.296551,0.328602,0.769389,0.990508
44.566,1.277512,0.328353,0.751182,0.979769
44.576,1.26814,0.323238,0.758888,0.963216
44.586,1.276347,0.324873,0.777846,0.958371
44.596,1.277397,0.321858,0.77785,0.960782
44.606,1.285993,0.324825,0.788426,0.962627
44.616,1.312105,0.329178,0.814902,0.974266
44.626,1.296251,0.32654,0.81003,0.957857
44.636,1.257753,0.315719,0.810192,0.908765
44.646,1.236389,0.315348,0.812546,0.876916
44.656,1.224825,0.317393,0.804137,0.867653
44.666,1.241029,0.316922,0.809308,0.885852
44.676,1.248296,0.315813,0.802746,0.902277
44.686,1.247005,0.321264,0.800961,0.900152
44.696,1.234041,0.326798,0.791582,0.888514
44.706,1.219405,0.328808,0.777211,0.880214
44.716,1.202979,0.330643,0.742454,0.886902
44.726,1.205225,0.329376,0.715101,0.912529
44.736,1.192346,0.328899,0.705046,0.903562
44.746,1.189335,0.331707,0.708404,0.895908
44.756,1.199794,0.336706,0.72213,0.89703
44.766,1.199961,0.346138,0.722334,0.893493
44.776,1.222087,0.347396,0.727922,0.918118
44.786,1.244005,0.348284,0.728064,0.946663
44.796,1.240153,0.350384,0.722522,0.945078
44.806,1.226734,0.34972,0.721617,0.928354
44.816,1.215152,0.354108,0.721441,0.91144
44.826,1.205451,0.352712,0.723258,0.897554
44.836,1.220443,0.368516,0.726811,0.908527
44.846,1.225417,0.368448,0.717521,0.922527
44.856,1.224261,0.370463,0.724207,0.91493
44.866,1.245151,0.37146,0.758878,0.914617
44.876,1.257499,0.370749,0.777231,0.916384
44.886,1.254742,0.373911,0.777313,0.911237
44.896,1.233223,0.3727,0.745594,0.908858
44.906,1.232816,0.367024,0.747189,0.909305
44.916,1.225892,0.366677,0.746926,0.900255
44.926,1.215006,0.349562,0.742739,0.89576
44.936,1.214637,0.346324,0.745486,0.894234
44.946,1.227045,0.339904,0.737579,0.919828
44.956,1.225471,0.339948,0.718181,0.932969
44.966,1.222,0.338965,0.721019,0.926563
44.976,1.227825,0.339927,0.737269,0.921108
44.986,1.24093,0.353949,0.746451,0.92598
44.996,1.226535,0.357351,0.735021,0.914566
45.006,1.228946,0.357563,0.75693,0.89973
45.016,1.224683,0.353275,0.752007,0.899738
45.026,1.219249,0.348913,0.755517,0.891078
45.036,1.195087,0.348597,0.758521,0.855195
45.046,1.19309,0.354291,0.763887,0.845233
45.056,1.214906,0.351747,0.763374,0.87723
45.066,1.210811,0.348221,0.749905,0.884561
45.076,1.178272,0.339892,0.698793,0.885711
45.086,1.173213,0.333351,0.672757,0.9015
45.096,1.175124,0.334119,0.677217,0.900365
45.106,1.170961,0.333153,0.674855,0.897067
45.116,1.145126,0.328377,0.649685,0.883964
45.126,1.163704,0.326776,0.68655,0.880951
45.136,1.170808,0.328657,0.695055,0.882992
45.146,1.174373,0.329183,0.691566,0.89024
45.156,1.179084,0.322523,0.702602,0.890263
45.166,1.160871,0.320436,0.698053,0.870439
45.176,1.152015,0.32344,0.703323,0.853149
45.186,1.157063,0.319148,0.710239,0.855863
45.196,1.169626,0.314629,0.730732,0.85736
45.206,1.181597,0.314699,0.747835,0.858998
45.216,1.210716,0.316018,0.749541,0.896747
45.226,1.183957,0.313294,0.750349,0.860569
45.236,1.174665,0.31226,0.752249,0.846435
45.246,1.174428,0.307315,0.751198,0.848847
45.256,1.175828,0.301459,0.741023,0.861731
45.266,1.169015,0.294665,0.734567,0.860337
45.276,1.167693,0.282737,0.76278,0.837695
45.286,1.151368,0.282125,0.767257,0.810784
45.296,1.148954,0.283038,0.768498,0.80585
45.306,1.147995,0.283029,0.767414,0.80552
45.316,1.144769,0.280659,0.774463,0.794942
45.326,1.16254,0.291631,0.786526,0.804878
45.336,1.159003,0.293258,0.79367,0.792071
45.346,1.146239,0.302004,0.796116,0.76737
45.356,1.151596,0.342359,0.787451,0.767387
45.366,1.125927,0.36297,0.746641,0.760586
45.376,1.110561,0.364745,0.727461,0.755716
45.386,1.111428,0.362649,0.727727,0.757741
45.396,1.116155,0.364731,0.727559,0.763827
45.406,1.123167,0.372211,0.726573,0.771398
45.416,1.126971,0.381948,0.727813,0.771018
45.426,1.11013,0.386285,0.728115,0.743654
45.436,1.118496,0.405664,0.728606,0.745388
45.446,1.105125,0.406266,0.732563,0.720833
45.456,1.09735,0.407355,0.732254,0.70855
45.466,1.114722,0.412046,0.755974,0.708044
45.476,1.107442,0.411173,0.745536,0.708195
45.486,1.094832,0.412198,0.727806,0.706434
45.496,1.096698,0.417859,0.726826,0.707011
45.506,1.084846,0.419765,0.703198,0.711479
45.516,1.107213,0.43812,0.718323,0.719711
45.526,1.099085,0.436458,0.709249,0.717258
45.536,1.097661,0.436784,0.706896,0.717201
45.546,1.08273,0.448004,0.701308,0.69265
45.556,1.074111,0.447779,0.711859,0.66818
45.566,1.072577,0.448015,0.727358,0.64858
45.576,1.075036,0.453955,0.728522,0.647212
45.586,1.068651,0.457107,0.728545,0.634263
45.596,1.074943,0.455176,0.729883,0.64466
45.606,1.061192,0.453882,0.722716,0.630716
45.616,1.062118,0.470248,0.713604,0.630658
45.626,1.045426,0.470496,0.681711,0.637823
45.636,1.026461,0.46975,0.664525,0.625592
45.646,1.024043,0.46762,0.666484,0.621124
45.656,1.018865,0.472814,0.655421,0.620449
45.666,1.024829,0.472086,0.654215,0.631992
45.676,1.019491,0.464695,0.645828,0.637437
45.686,1.020299,0.479287,0.635637,0.638169
45.696,1.010575,0.488118,0.623415,0.627977
45.706,0.98782,0.478878,0.600911,0.620781
45.716,0.958302,0.478498,0.599695,0.574236
45.726,0.954659,0.483028,0.599442,0.564558
45.736,0.953365,0.48278,0.599481,0.562539
45.746,0.947819,0.481324,0.596668,0.557382
45.756,0.9449,0.479584,0.594059,0.556712
45.766,0.940159,0.480162,0.591806,0.550553
45.776,0.904734,0.485125,0.53696,0.543021
45.786,0.897038,0.486616,0.533397,0.532324
45.796,0.894061,0.489427,0.532014,0.526087
45.806,0.902365,0.485299,0.537825,0.538043
45.816,0.90116,0.488801,0.530507,0.540116
45.826,0.885987,0.498691,0.514451,0.521172
45.836,0.862781,0.475025,0.50182,0.516642
45.846,0.87451,0.458462,0.526306,0.526861
45.856,0.85538,0.403145,0.522911,0.543795
45.866,0.83576,0.370214,0.516147,0.543164
45.876,0.838891,0.358095,0.525019,0.547595
45.886,0.84647,0.368767,0.530856,0.546547
45.893,0.838945,0.370151,0.532026,0.532696
45.905,0.832539,0.374135,0.525215,0.526586
45.915,0.832589,0.374811,0.525606,0.525794
45.925,0.83414,0.376114,0.524037,0.528879
45.935,0.83539,0.37123,0.523455,0.534846
45.945,0.82832,0.370455,0.519091,0.528603
45.955,0.814909,0.369042,0.518561,0.508899
45.965,0.79509,0.371895,0.470916,0.521632
45.975,0.788346,0.364063,0.460096,0.526555
45.985,0.777485,0.362163,0.461612,0.510132
45.995,0.783693,0.362901,0.46202,0.518666
46.005,0.781425,0.362582,0.457953,0.519075
46.015,0.758906,0.355986,0.441078,0.50464
46.025,0.759965,0.35585,0.439461,0.507732
46.035,0.753674,0.348613,0.440519,0.50243
46.045,0.740325,0.346596,0.443346,0.481037
46.055,0.729015,0.34371,0.428539,0.47925
46.065,0.716852,0.353019,0.393664,0.484028
46.075,0.709853,0.353151,0.392621,0.474367
46.085,0.725216,0.375665,0.399338,0.474704
46.095,0.729078,0.390386,0.394344,0.472913
46.105,0.726523,0.390266,0.38578,0.476133
46.115,0.731473,0.388651,0.395493,0.477061
46.125,0.732183,0.390511,0.399697,0.473112
46.135,0.74684,0.391806,0.423987,0.473807
46.145,0.746912,0.399283,0.418735,0.472347
46.155,0.75007,0.398239,0.424107,0.473438
46.165,0.749467,0.398667,0.432379,0.464557
46.175,0.747166,0.397974,0.433218,0.460648
46.185,0.75639,0.38963,0.465875,0.450861
46.195,0.753279,0.38788,0.458137,0.455071
46.205,0.752862,0.387578,0.455855,0.456925
46.215,0.757539,0.390578,0.459306,0.458642
46.225,0.745067,0.387183,0.459357,0.440687
46.235,0.769559,0.397869,0.458318,0.473144
46.245,0.768583,0.398898,0.455424,0.473485
46.255,0.774494,0.395576,0.457908,0.483406
46.265,0.775857,0.397141,0.458734,0.483524
46.275,0.773007,0.392052,0.454333,0.487254
46.285,0.79115,0.392805,0.462038,0.508078
46.295,0.797884,0.390647,0.464953,0.517526
46.305,0.79349,0.390755,0.459732,0.515348
46.315,0.791636,0.390371,0.457425,0.51484
46.325,0.790804,0.370941,0.470249,0.516371
46.335,0.799722,0.369819,0.488393,0.514063
46.345,0.783861,0.372304,0.46602,0.508579
46.355,0.770387,0.367017,0.461675,0.495632
46.365,0.758241,0.355154,0.457268,0.489593
46.375,0.798925,0.351449,0.531148,0.482336
46.385,0.807071,0.350005,0.547468,0.478685
46.395,0.808599,0.348193,0.555697,0.473069
46.405,0.822009,0.348345,0.57634,0.471368
46.415,0.833935,0.352534,0.575823,0.489485
46.425,0.85341,0.355255,0.585394,0.509329
46.435,0.848484,0.362768,0.585161,0.495894
46.445,0.860002,0.365047,0.581389,0.518006
46.455,0.869146,0.366136,0.583305,0.530204
46.465,0.864742,0.364763,0.585298,0.521682
46.475,0.88434,0.370453,0.602038,0.531387
46.485,0.893299,0.376952,0.609894,0.532842
46.495,0.883322,0.372992,0.609756,0.518971
46.505,0.898891,0.375294,0.631699,0.517799
46.515,0.903076,0.384711,0.63195,0.517864
46.525,0.925506,0.392248,0.652105,0.526746
46.535,0.937157,0.396584,0.657991,0.536687
46.545,0.941478,0.390046,0.661554,0.544602
46.555,0.948733,0.390071,0.674377,0.541439
46.565,0.952498,0.374573,0.693636,0.534617
46.575,0.953915,0.375782,0.69408,0.535719
46.585,0.939071,0.343429,0.691338,0.534755
46.595,0.969003,0.311318,0.740228,0.542319
46.605,0.968834,0.309248,0.738532,0.545505
46.615,0.963521,0.30683,0.737237,0.539175
46.625,0.98018,0.304537,0.761995,0.536073
46.635,0.996437,0.304742,0.752756,0.577388
46.645,1.002854,0.303742,0.758798,0.581105
46.655,1.043688,0.314287,0.773475,0.626293
46.665,1.074247,0.316419,0.800841,0.642291
46.675,1.08519,0.311784,0.806458,0.655786
46.685,1.085458,0.313648,0.799751,0.663507
46.695,1.098459,0.319609,0.805655,0.67482
46.705,1.100473,0.32415,0.811886,0.668438
46.715,1.101147,0.322247,0.814297,0.667534
46.725,1.112967,0.326374,0.82556,0.671287
46.735,1.099084,0.319019,0.825597,0.651615
46.745,1.115299,0.319965,0.834116,0.667656
46.755,1.131333,0.321697,0.867235,0.651404
46.765,1.156085,0.327763,0.88146,0.672408
46.775,1.162839,0.327628,0.884355,0.680272
46.785,1.200573,0.331063,0.943214,0.664922
46.795,1.207919,0.332152,0.953072,0.663625
46.805,1.233703,0.332001,0.953395,0.709109
46.815,1.238767,0.328275,0.959931,0.710853
46.825,1.239806,0.331036,0.956152,0.716455
46.835,1.240591,0.330752,0.952002,0.723438
46.845,1.251022,0.329383,0.961151,0.729898
46.855,1.251178,0.329278,0.959841,0.731934
46.865,1.256718,0.328582,0.959836,0.741679
46.875,1.22575,0.328336,0.918709,0.742046
46.885,1.218539,0.320651,0.909742,0.744573
46.895,1.216183,0.322091,0.906065,0.744584
46.905,1.205435,0.313274,0.894311,0.745078
46.915,1.200325,0.310259,0.893957,0.738485
46.925,1.195976,0.310452,0.901798,0.721622
46.935,1.195137,0.300454,0.903985,0.721728
46.945,1.1914,0.295948,0.903802,0.717629
46.955,1.192638,0.300119,0.910466,0.709484
46.965,1.204507,0.303955,0.910299,0.727876
46.975,1.206355,0.295864,0.920418,0.721518
46.985,1.201351,0.293351,0.913209,0.723352
46.995,1.228648,0.293513,0.935553,0.740384
47.005,1.225743,0.295449,0.925459,0.747449
47.015,1.254934,0.297982,0.924581,0.794491
47.025,1.237958,0.288968,0.910734,0.787147
47.035,1.243341,0.285766,0.914793,0.792078
47.045,1.239934,0.284578,0.912152,0.790209
47.055,1.232631,0.286272,0.901387,0.790525
47.065,1.227514,0.287192,0.890749,0.794277
47.075,1.22644,0.28617,0.889953,0.793881
47.085,1.241753,0.289963,0.907922,0.795958
47.095,1.209833,0.288727,0.865719,0.794268
47.105,1.210412,0.288462,0.869187,0.791454
47.115,1.216592,0.291623,0.86632,0.802833
47.125,1.20643,0.291446,0.849308,0.805736
47.135,1.186898,0.304021,0.841508,0.779848
47.145,1.181907,0.29806,0.836049,0.78044
47.155,1.152014,0.289854,0.827718,0.746997
47.165,1.127311,0.288493,0.801895,0.737948
47.175,1.121294,0.288324,0.796639,0.734531
47.185,1.109157,0.287143,0.786812,0.727122
47.195,1.107846,0.278656,0.798348,0.71576
47.205,1.105815,0.274976,0.788266,0.725155
47.215,1.106651,0.27511,0.788992,0.725591
47.225,1.110149,0.274376,0.784445,0.736067
47.235,1.112577,0.273979,0.788533,0.735512
47.245,1.095742,0.276176,0.775102,0.723598
47.255,1.074005,0.275455,0.744066,0.723863
47.265,1.044029,0.266973,0.722618,0.70466
47.275,1.033726,0.267029,0.716028,0.696124
47.285,0.997072,0.268717,0.654319,0.702716
47.295,0.982487,0.266169,0.639501,0.696759
47.305,0.964038,0.276113,0.646208,0.659959
47.315,0.961422,0.277041,0.637444,0.664263
47.325,0.953732,0.275583,0.63241,0.658572
47.335,0.946581,0.275525,0.632399,0.648208
47.345,0.940383,0.275963,0.626446,0.644771
47.355,0.939698,0.275985,0.62673,0.643486
47.365,0.931759,0.281758,0.625485,0.63052
47.375,0.942741,0.287206,0.625905,0.643829
47.385,0.944394,0.285672,0.630869,0.642087
47.395,0.948679,0.285428,0.630883,0.648467
47.405,0.944706,0.284926,0.626354,0.647277
47.415,0.943226,0.284908,0.627824,0.643692
47.425,0.936494,0.282573,0.613982,0.648229
47.435,0.9447,0.293523,0.611692,0.657371
47.445,0.940212,0.295553,0.616553,0.645376
47.455,0.940339,0.291525,0.610323,0.653266
47.465,0.930779,0.289491,0.616035,0.634858
47.475,0.901911,0.286819,0.581572,0.626859
47.485,0.904295,0.281573,0.582747,0.631563
47.495,0.874364,0.281513,0.554113,0.614998
47.505,0.867694,0.278451,0.553742,0.60723
47.515,0.822352,0.265493,0.556849,0.543778
47.525,0.824122,0.265134,0.560774,0.542599
47.535,0.812232,0.262806,0.549523,0.537287
47.545,0.807816,0.267814,0.546401,0.531308
47.555,0.810493,0.266189,0.551074,0.531375
47.565,0.810334,0.268559,0.547265,0.533871
47.575,0.817875,0.269705,0.54886,0.543077
47.585,0.794687,0.263133,0.517512,0.542651
47.595,0.792921,0.263423,0.525502,0.532146
47.605,0.809446,0.269441,0.528303,0.550909
47.615,0.797195,0.265063,0.528877,0.534369
47.625,0.795333,0.269371,0.51471,0.543201
47.635,0.790448,0.255607,0.521425,0.536273
47.645,0.784463,0.255714,0.514336,0.534277
47.655,0.788099,0.25509,0.51302,0.541147
47.665,0.784699,0.251898,0.517008,0.533856
47.675,0.782458,0.253839,0.525505,0.521202
47.685,0.786068,0.254292,0.529666,0.5222
47.695,0.763587,0.25426,0.495974,0.521946
47.705,0.761433,0.259513,0.503014,0.509324
47.715,0.763307,0.261846,0.508184,0.50579
47.725,0.746227,0.259215,0.504481,0.484934
47.735,0.742127,0.259377,0.495599,0.487706
47.745,0.741087,0.256095,0.497523,0.485897
47.755,0.741485,0.253628,0.499876,0.485383
47.765,0.747459,0.257479,0.500013,0.492327
47.775,0.750486,0.257312,0.502173,0.494815
47.785,0.742992,0.251684,0.49264,0.495983
47.795,0.743715,0.252526,0.487626,0.501561
47.805,0.717051,0.239375,0.477167,0.478721
47.815,0.722231,0.240823,0.482306,0.480627
47.825,0.720919,0.238619,0.48255,0.479511
47.836,0.714018,0.23921,0.472527,0.478873
47.845,0.707995,0.236271,0.458934,0.484574
47.855,0.708543,0.236588,0.460265,0.483959
47.865,0.712792,0.234907,0.466465,0.485079
47.875,0.685899,0.228668,0.451393,0.463046
47.886,0.682882,0.228145,0.442522,0.467389
47.895,0.686714,0.23189,0.448418,0.465537
47.905,0.691317,0.23193,0.450892,0.46992
47.915,0.703956,0.235379,0.44997,0.487522
47.925,0.697857,0.234959,0.452379,0.476605
47.935,0.688984,0.218313,0.455338,0.468729
47.945,0.697552,0.222535,0.450207,0.484118
47.955,0.687004,0.221479,0.44741,0.47196
47.965,0.679218,0.223634,0.436507,0.469879
47.975,0.683653,0.22355,0.444083,0.469252
47.985,0.676595,0.219118,0.445595,0.45958
47.995,0.673324,0.225392,0.440505,0.456639
48.005,0.675115,0.22604,0.43701,0.462286
48.015,0.674937,0.222184,0.440041,0.461018
48.025,0.675866,0.222567,0.436387,0.465646
48.035,0.672239,0.221624,0.434125,0.462951
48.045,0.673136,0.214019,0.443677,0.458758
48.055,0.680627,0.220573,0.437506,0.472429
48.065,0.679005,0.221528,0.438273,0.468924
48.075,0.669735,0.219267,0.435825,0.458828
48.085,0.668177,0.221247,0.434829,0.456545
48.095,0.662781,0.220288,0.421173,0.461914
48.105,0.656802,0.216021,0.414889,0.461076
48.115,0.657708,0.215844,0.415855,0.46158
48.125,0.63924,0.210536,0.412475,0.440643
48.135,0.644532,0.210405,0.416701,0.444423
48.145,0.644007,0.212149,0.41321,0.446088
48.155,0.643949,0.215603,0.415155,0.442528
48.165,0.656133,0.217106,0.433084,0.442509
48.175,0.644291,0.213663,0.416433,0.442767
48.185,0.644746,0.21673,0.4106,0.447363
48.195,0.658756,0.217944,0.432232,0.446806
48.205,0.656239,0.21489,0.426642,0.449943
48.215,0.652129,0.218218,0.418534,0.44998
48.225,0.651403,0.214764,0.421592,0.44773
48.235,0.656372,0.217087,0.430323,0.445555
48.245,0.652104,0.221684,0.427632,0.439575
48.255,0.648303,0.220269,0.420607,0.44144
48.265,0.653259,0.222097,0.420733,0.447665
48.275,0.653194,0.222576,0.42207,0.446071
48.285,0.642937,0.22266,0.41227,0.440254
48.295,0.655285,0.226767,0.413502,0.454962
48.305,0.659125,0.226709,0.414669,0.459454
48.315,0.644957,0.227697,0.401589,0.450388
48.325,0.65002,0.227842,0.401234,0.45785
48.335,0.652034,0.226978,0.39883,0.463211
48.345,0.653743,0.231981,0.401512,0.460817
48.355,0.658229,0.24848,0.398871,0.460896
48.365,0.662723,0.241862,0.408661,0.462277
48.375,0.665091,0.241237,0.409117,0.46559
48.385,0.664355,0.245935,0.409876,0.461396
48.395,0.664482,0.241122,0.414048,0.460392
48.405,0.662751,0.24768,0.404957,0.462497
48.415,0.649086,0.244385,0.406353,0.443244
48.425,0.645633,0.242314,0.402413,0.442933
48.435,0.639396,0.24223,0.396415,0.439326
48.445,0.631008,0.237009,0.396008,0.430319
48.455,0.632239,0.241116,0.395052,0.430724
48.465,0.646835,0.242655,0.403318,0.443677
48.475,0.647925,0.242678,0.400106,0.44814
48.485,0.649514,0.242382,0.39891,0.451653
48.495,0.657362,0.24226,0.398622,0.46318
48.505,0.647861,0.239636,0.393978,0.45506
48.515,0.66143,0.246319,0.396421,0.468686
48.525,0.657617,0.247408,0.39384,0.464909
48.535,0.651527,0.24884,0.39309,0.456121
48.545,0.664486,0.252971,0.410782,0.456953
48.555,0.654279,0.249241,0.410249,0.444585
48.565,0.652075,0.247664,0.408767,0.443592
48.575,0.660603,0.250207,0.420676,0.443649
48.585,0.661823,0.248812,0.426529,0.440654
48.595,0.65764,0.249533,0.425803,0.434644
48.605,0.651479,0.246837,0.431478,0.421098
48.615,0.660712,0.247869,0.436413,0.429703
48.625,0.668395,0.254824,0.436852,0.437008
48.635,0.656962,0.257469,0.425793,0.428962
48.645,0.660791,0.255515,0.427587,0.434195
48.655,0.662186,0.253904,0.42797,0.436881
48.665,0.655903,0.264556,0.405601,0.442388
48.675,0.658133,0.264454,0.406192,0.44521
48.685,0.657407,0.261765,0.408543,0.443571
48.695,0.660305,0.260764,0.412794,0.444529
48.705,0.655284,0.256532,0.410417,0.441753
48.715,0.656763,0.257116,0.408759,0.445135
48.725,0.672749,0.260073,0.420467,0.456247
48.735,0.669045,0.260937,0.414067,0.45616
48.745,0.667045,0.257462,0.414125,0.455151
48.755,0.668234,0.257484,0.414385,0.456644
48.765,0.653539,0.253346,0.413966,0.437676
48.775,0.663279,0.260294,0.414809,0.447347
48.785,0.666318,0.266961,0.415538,0.447258
48.795,0.663491,0.261994,0.418459,0.443252
48.805,0.661481,0.261838,0.420575,0.438309
48.815,0.65926,0.262768,0.42059,0.434374
48.825,0.664919,0.26562,0.428462,0.433571
48.835,0.669769,0.267906,0.427816,0.440217
48.845,0.664855,0.262389,0.42679,0.437076
48.855,0.660323,0.248912,0.427201,0.437686
48.865,0.6546,0.249038,0.422831,0.433238
48.875,0.657232,0.249312,0.421413,0.438415
48.885,0.65489,0.244298,0.419774,0.439305
48.895,0.66079,0.250367,0.414717,0.44941
48.905,0.656181,0.244794,0.417785,0.442838
48.915,0.663931,0.250073,0.419436,0.449824
48.925,0.665068,0.25034,0.419053,0.451707
48.935,0.668919,0.251122,0.417241,0.458585
48.945,0.663412,0.250641,0.422015,0.446315
48.955,0.683859,0.258857,0.439039,0.455961
48.965,0.669344,0.2533,0.433183,0.442958
48.975,0.673796,0.261536,0.426331,0.451489
48.985,0.681988,0.264081,0.436763,0.452335
48.995,0.675478,0.259506,0.441681,0.440279
49.005,0.673411,0.259643,0.438726,0.439986
49.015,0.65551,0.250918,0.429151,0.427274
49.025,0.661888,0.25105,0.429278,0.436794
49.035,0.669312,0.252187,0.433351,0.443382
49.045,0.668613,0.261122,0.407244,0.461531
49.055,0.668538,0.261443,0.407855,0.4607
49.065,0.689024,0.261161,0.409726,0.488542
49.075,0.681834,0.260258,0.395129,0.490955
49.085,0.680821,0.260792,0.393382,0.490668
49.095,0.681327,0.261903,0.39311,0.490996
49.105,0.697303,0.261706,0.401754,0.506296
49.115,0.686926,0.263728,0.394129,0.496968
49.125,0.685224,0.261626,0.392148,0.497297
49.135,0.696327,0.261005,0.399471,0.50712
49.145,0.712978,0.262923,0.406837,0.523157
49.155,0.708419,0.26107,0.401982,0.521642
49.165,0.702017,0.249086,0.398815,0.521278
49.175,0.705866,0.249632,0.400304,0.52506
49.185,0.709818,0.250559,0.398868,0.531004
49.195,0.697376,0.250153,0.370323,0.535366
49.205,0.710049,0.253517,0.370709,0.549976
49.215,0.716429,0.249116,0.370433,0.560348
49.225,0.714285,0.246985,0.360771,0.564842
49.235,0.716227,0.244681,0.366254,0.564774
49.245,0.716562,0.243432,0.3675,0.56493
49.255,0.718291,0.244045,0.372442,0.563624
49.265,0.727349,0.245273,0.379788,0.569771
49.275,0.713652,0.239185,0.374729,0.558272
49.285,0.714778,0.233709,0.380264,0.55829
49.295,0.709618,0.23329,0.382531,0.550276
49.305,0.714135,0.234265,0.379384,0.557832
49.315,0.71773,0.231606,0.379582,0.563393
49.325,0.70867,0.228506,0.380495,0.552469
49.335,0.710924,0.226455,0.394085,0.546652
49.345,0.708161,0.22818,0.391428,0.544251
49.355,0.707976,0.229589,0.392547,0.542611
49.365,0.721985,0.230742,0.41047,0.547298
49.375,0.726311,0.232024,0.418953,0.54605
49.385,0.729127,0.238139,0.420102,0.546288
49.395,0.771495,0.247799,0.427752,0.592307
49.405,0.77808,0.251511,0.425491,0.600922
49.415,0.821632,0.246896,0.424224,0.658904
49.425,0.83853,0.248383,0.428372,0.67671
49.435,0.861642,0.253528,0.435052,0.699199
49.445,0.936677,0.269008,0.443938,0.779691
49.455,0.935417,0.265497,0.435076,0.784364
49.465,1.003445,0.271811,0.440423,0.859679
49.475,0.999859,0.265399,0.440375,0.857526
49.485,1.001299,0.263452,0.429046,0.865513
49.495,1.002482,0.264482,0.426108,0.868016
49.505,1.002766,0.264414,0.42557,0.868628
49.515,1.003874,0.268569,0.423585,0.869602
49.525,0.997619,0.267844,0.42287,0.862951
49.535,0.996841,0.264975,0.418343,0.865141
49.545,0.992966,0.252512,0.429567,0.85889
49.555,1.022422,0.259834,0.47101,0.869473
49.565,1.003923,0.262354,0.469272,0.84783
49.575,1.004337,0.263727,0.471736,0.846526
49.585,1.015369,0.266058,0.476969,0.855971
49.595,1.019836,0.264246,0.48791,0.855678
49.605,1.014827,0.26226,0.475255,0.857453
49.615,1.021722,0.262712,0.473761,0.866285
49.625,1.022338,0.257943,0.481684,0.864073
49.635,1.011377,0.256805,0.475509,0.854883
49.645,1.011296,0.256556,0.474199,0.85559
49.655,1.01613,0.254155,0.489807,0.853238
49.665,1.025604,0.257796,0.49894,0.858174
49.675,1.020651,0.258121,0.497603,0.852932
49.685,1.011474,0.255947,0.497127,0.842873
49.695,1.009153,0.264193,0.498964,0.836437
49.705,1.016617,0.260836,0.503114,0.844009
49.715,1.013605,0.260836,0.512681,0.834577
49.725,1.023654,0.264914,0.545836,0.82447
49.735,1.071583,0.275279,0.583882,0.855333
49.745,1.086592,0.295143,0.598641,0.857439
49.755,1.142149,0.306538,0.609286,0.916138
49.765,1.132361,0.307848,0.609253,0.903483
49.775,1.171846,0.308134,0.609709,0.95212
49.785,1.179574,0.315377,0.605813,0.961729
49.795,1.180922,0.316076,0.604967,0.963685
49.805,1.18305,0.315436,0.605488,0.966174
49.815,1.189367,0.316256,0.605346,0.973721
49.825,1.192174,0.316066,0.598521,0.981404
49.835,1.189219,0.315515,0.598757,0.977846
49.845,1.186001,0.316712,0.605742,0.96921
49.855,1.179311,0.316465,0.604793,0.961691
49.865,1.187529,0.320284,0.583984,0.983161
49.875,1.186689,0.329433,0.578882,0.982141
49.885,1.192263,0.329077,0.577743,0.989653
49.895,1.187676,0.316618,0.587683,0.982322
49.905,1.203634,0.319118,0.607809,0.988669
49.915,1.217467,0.333073,0.616787,0.995421
49.925,1.231171,0.331043,0.615788,1.013409
49.935,1.233632,0.337046,0.627772,1.00705
49.945,1.222476,0.326494,0.618152,1.002865
49.955,1.23255,0.320396,0.626962,1.011654
49.965,1.189985,0.313885,0.632548,0.957823
49.975,1.210322,0.320609,0.668073,0.956958
49.985,1.214284,0.32247,0.6768,0.955218
49.995,1.245462,0.322165,0.68413,0.989622
50.005,1.265694,0.322299,0.697139,1.006033
50.015,1.296214,0.320916,0.706392,1.038361
50.025,1.298398,0.321577,0.706548,1.040776
50.035,1.296874,0.325537,0.706903,1.037399
50.045,1.321862,0.328486,0.703852,1.069583
50.055,1.313679,0.328139,0.687043,1.070537
50.065,1.331576,0.325953,0.695401,1.087781
50.075,1.332132,0.326375,0.696334,1.087738
50.085,1.331748,0.324922,0.698598,1.08625
50.095,1.339063,0.325492,0.700934,1.093543
50.105,1.368571,0.325912,0.770301,1.083238
50.115,1.383865,0.330994,0.796329,1.082305
50.125,1.403384,0.335973,0.827792,1.082298
50.135,1.417117,0.335528,0.844928,1.087078
50.145,1.41212,0.333325,0.853341,1.07461
50.155,1.406156,0.333452,0.844503,1.073731
50.165,1.405273,0.333933,0.847438,1.070107
50.175,1.415061,0.332724,0.851235,1.08032
50.185,1.423517,0.33883,0.861919,1.081061
50.195,1.444616,0.342606,0.894548,1.081352
50.205,1.444529,0.344626,0.901825,1.074527
50.215,1.443817,0.350401,0.900086,1.073161
50.225,1.429627,0.347804,0.883871,1.068475
50.235,1.385743,0.340909,0.854681,1.03614
50.245,1.384358,0.326003,0.847038,1.045321
50.255,1.334472,0.315662,0.837591,0.989754
50.265,1.336794,0.317188,0.849114,0.982556
50.275,1.291015,0.316199,0.848955,0.919789
50.285,1.27276,0.309199,0.853091,0.892497
50.295,1.25858,0.307521,0.853135,0.872707
50.305,1.238159,0.311583,0.860876,0.833575
50.315,1.264557,0.314609,0.869011,0.863102
50.325,1.252775,0.314931,0.871008,0.843569
50.335,1.253234,0.317682,0.866824,0.847519
50.345,1.264986,0.320558,0.864935,0.865633
50.355,1.282529,0.318662,0.864754,0.891928
50.365,1.284977,0.315802,0.863909,0.897272
50.375,1.274797,0.304681,0.864023,0.886421
50.385,1.274553,0.301629,0.86442,0.886726
50.395,1.268067,0.301959,0.854683,0.886754
50.405,1.280581,0.306279,0.853506,0.904216
50.415,1.281997,0.297486,0.849283,0.913092
50.425,1.281808,0.296677,0.855865,0.906923
50.435,1.274668,0.290675,0.852033,0.9024
50.445,1.280294,0.294965,0.859638,0.901759
50.455,1.269846,0.299079,0.846276,0.898264
50.465,1.271888,0.299082,0.843081,0.904137
50.475,1.248815,0.289654,0.809044,0.906139
50.485,1.252733,0.289946,0.81679,0.904503
50.495,1.2413,0.293842,0.82422,0.880423
50.505,1.21898,0.29699,0.823721,0.848053
50.515,1.198753,0.295201,0.820139,0.822943
50.525,1.210401,0.297729,0.836979,0.822128
50.535,1.225158,0.307738,0.854864,0.821899
50.545,1.201193,0.304964,0.84975,0.79233
50.555,1.189844,0.300436,0.847122,0.779648
50.565,1.174297,0.298376,0.837628,0.767023
50.575,1.179475,0.295664,0.837454,0.776154
50.585,1.175324,0.298493,0.832539,0.774058
50.595,1.178319,0.302237,0.82622,0.783869
50.605,1.160248,0.303332,0.773707,0.809656
50.615,1.138456,0.295858,0.744605,0.808773
50.625,1.114811,0.290018,0.710977,0.80821
50.635,1.102512,0.290378,0.694196,0.805794
50.645,1.098448,0.291938,0.682435,0.809718
50.655,1.099247,0.297838,0.680554,0.810236
50.665,1.114453,0.302264,0.698567,0.814031
50.675,1.123492,0.302287,0.716054,0.811248
50.685,1.141935,0.302496,0.748492,0.807633
50.695,1.113439,0.297138,0.709835,0.804729
50.705,1.114935,0.293663,0.716387,0.802266
50.715,1.111941,0.295995,0.713639,0.7997
50.725,1.111161,0.305718,0.708738,0.799316
50.735,1.12255,0.308337,0.712386,0.810896
50.745,1.141241,0.308564,0.741093,0.811172
50.755,1.128233,0.309298,0.740251,0.793267
50.765,1.122706,0.309032,0.729893,0.795125
50.775,1.120784,0.309988,0.739959,0.782639
50.785,1.118086,0.309948,0.741363,0.777452
50.795,1.117323,0.312927,0.744983,0.771678
50.805,1.106387,0.3094,0.744987,0.757204
50.815,1.076022,0.30666,0.737896,0.720619
50.825,1.083232,0.318377,0.747917,0.715994
50.835,1.080018,0.315794,0.746041,0.714237
50.845,1.063923,0.310691,0.756328,0.680715
50.855,1.044528,0.313601,0.756454,0.648437
50.865,1.044382,0.315539,0.758331,0.64506
50.875,1.055787,0.317821,0.762781,0.657147
50.885,1.054374,0.317924,0.762113,0.655601
50.895,1.052993,0.317589,0.761205,0.654597
50.905,1.037869,0.309567,0.757014,0.638961
50.915,1.024716,0.316367,0.762794,0.606713
50.925,1.021004,0.32269,0.753862,0.608288
50.935,1.009327,0.31767,0.74735,0.599411
50.945,0.987992,0.31421,0.750085,0.561046
50.955,0.98693,0.316635,0.749634,0.55841
50.965,0.984366,0.31678,0.748368,0.555493
50.975,0.990561,0.321257,0.759713,0.54849
50.985,0.993176,0.32077,0.752886,0.562732
50.995,0.983414,0.316101,0.731342,0.576474
51.005,0.986347,0.314146,0.735918,0.57673
51.015,1.008987,0.312129,0.740606,0.610028
51.025,1.028109,0.308344,0.740703,0.642878
51.035,1.033624,0.297087,0.725765,0.673336
51.045,1.071347,0.306457,0.726099,0.725705
51.055,1.079062,0.311941,0.721738,0.739027
51.065,1.132522,0.311585,0.721745,0.815233
51.075,1.142448,0.312383,0.721507,0.828874
51.085,1.17823,0.309982,0.721936,0.878035
51.095,1.157573,0.305804,0.716302,0.85637
51.105,1.154748,0.304845,0.712129,0.856379
51.115,1.15754,0.305041,0.72673,0.847769
51.125,1.171576,0.305509,0.732478,0.861818
51.136,1.185254,0.305103,0.754474,0.861689
51.146,1.197976,0.303239,0.774572,0.862109
51.156,1.189408,0.297431,0.774518,0.852261
51.166,1.163541,0.292633,0.754303,0.836194
51.176,1.157788,0.295041,0.737101,0.842679
51.186,1.137583,0.288054,0.708806,0.841851
51.196,1.143559,0.285626,0.710347,0.849442
51.206,1.127633,0.284843,0.693468,0.842332
51.216,1.132938,0.275791,0.694114,0.851876
51.226,1.13749,0.266601,0.714696,0.84381
51.235,1.136268,0.266437,0.714457,0.842418
51.245,1.102997,0.269045,0.683245,0.823039
51.255,1.103791,0.264237,0.682298,0.82644
51.265,1.128256,0.263592,0.679404,0.861331
51.275,1.121539,0.260084,0.670253,0.860794
51.285,1.117196,0.261132,0.659775,0.862922
51.295,1.107501,0.25848,0.656254,0.853861
51.305,1.101179,0.25822,0.648896,0.851382
51.315,1.118968,0.260035,0.64728,0.874929
51.325,1.119271,0.246164,0.640849,0.884015
51.335,1.120439,0.246221,0.642891,0.883997
51.345,1.117496,0.246689,0.638849,0.883071
51.355,1.121659,0.245674,0.646276,0.883228
51.365,1.110342,0.247646,0.650565,0.865041
51.375,1.123984,0.242617,0.664275,0.873622
51.385,1.134567,0.24779,0.667086,0.883651
51.395,1.137476,0.248338,0.673497,0.882373
51.405,1.130315,0.251861,0.659757,0.882553
51.415,1.130958,0.236433,0.658364,0.888663
51.425,1.132711,0.233439,0.660911,0.889796
51.435,1.124154,0.233594,0.654894,0.883329
51.445,1.132869,0.232306,0.646552,0.900775
51.455,1.136847,0.225225,0.657111,0.899944
51.465,1.15377,0.225705,0.6701,0.911707
51.475,1.145729,0.218636,0.658163,0.911984
51.485,1.158465,0.218629,0.679914,0.912118
51.495,1.16143,0.219626,0.686092,0.911023
51.505,1.162641,0.219482,0.686155,0.912553
51.515,1.156964,0.230532,0.695215,0.895599
51.525,1.136869,0.236453,0.671823,0.886124
51.536,1.139159,0.232842,0.668065,0.892837
51.545,1.10367,0.220656,0.668121,0.850301
51.555,1.09404,0.209173,0.670102,0.839128
51.565,1.027136,0.208512,0.670254,0.74986
51.575,1.028706,0.206719,0.698739,0.726132
51.585,0.99004,0.210548,0.716755,0.649701
51.595,0.978835,0.210258,0.717693,0.631527
51.605,0.962826,0.211404,0.720643,0.602507
51.615,0.962379,0.223106,0.719622,0.598783
51.625,0.940032,0.228145,0.728531,0.548501
51.635,0.921562,0.234399,0.704863,0.545437
51.645,0.916595,0.235631,0.693364,0.551245
51.655,0.920994,0.235973,0.699435,0.550761
51.665,0.922165,0.231074,0.700489,0.553452
51.675,0.927092,0.234308,0.696372,0.565389
51.685,0.916302,0.231316,0.691128,0.555378
51.695,0.927956,0.231618,0.708199,0.553091
51.705,0.941167,0.24344,0.712812,0.564298
51.715,0.947779,0.244976,0.720703,0.564675
51.725,0.937762,0.243566,0.707408,0.565373
51.735,0.943484,0.238861,0.708464,0.575489
51.745,0.952292,0.236537,0.707847,0.591493
51.755,0.963947,0.239032,0.721911,0.59237
51.765,0.946572,0.239337,0.726763,0.557254
51.775,0.951154,0.242129,0.723819,0.567585
51.785,0.962877,0.241643,0.725349,0.585329
51.795,0.962692,0.240564,0.725277,0.585559
51.805,0.98815,0.240568,0.724889,0.62698
51.815,0.980369,0.236959,0.724815,0.616131
51.826,0.988238,0.237281,0.731228,0.620981
51.835,0.986786,0.238465,0.727798,0.622247
51.845,0.979408,0.242596,0.717259,0.621231
51.855,0.978704,0.245099,0.71574,0.620889
51.865,0.989073,0.241759,0.713102,0.641329
51.875,0.982283,0.242693,0.701391,0.643452
51.885,0.978224,0.242595,0.699999,0.638805
51.895,0.987399,0.245149,0.702371,0.649255
51.905,0.9947,0.24213,0.70967,0.653582
51.915,0.993865,0.248235,0.710319,0.649302
51.925,1.000446,0.243813,0.718935,0.651598
51.935,1.00515,0.25978,0.7203,0.65116
51.945,0.994633,0.263311,0.715994,0.638212
51.955,0.999186,0.262379,0.717902,0.643543
51.965,0.982336,0.264186,0.709285,0.626182
51.975,0.999343,0.264283,0.723396,0.636819
51.985,0.974533,0.264109,0.697002,0.627813
51.995,0.990474,0.265906,0.713409,0.633545
52.005,0.988688,0.26571,0.705339,0.639843
52.015,0.989197,0.25711,0.706489,0.642867
52.025,0.986856,0.253971,0.713209,0.633021
52.035,0.971049,0.259318,0.715227,0.603441
52.045,0.985233,0.259786,0.714981,0.626097
52.055,0.984787,0.261454,0.717,0.622382
52.065,0.995119,0.261596,0.724163,0.630412
52.075,1.003556,0.264337,0.732588,0.632903
52.085,0.994211,0.268494,0.713997,0.637632
52.095,1.007417,0.268986,0.720673,0.650512
52.105,1.008639,0.270337,0.721933,0.650449
52.115,0.999536,0.267264,0.708801,0.652107
52.125,0.991532,0.261435,0.699011,0.652818
52.135,1.006755,0.260163,0.702304,0.672784
52.145,1.015296,0.259729,0.702769,0.685189
52.155,1.013041,0.260108,0.697226,0.687366
52.165,1.011394,0.264461,0.69114,0.689422
52.175,1.020303,0.260863,0.691619,0.7033
52.185,1.009031,0.268517,0.677846,0.697544
52.195,0.997745,0.268147,0.655288,0.702987
52.205,0.98752,0.257672,0.652913,0.694627
52.215,0.996525,0.257096,0.665394,0.695856
52.225,1.003726,0.264709,0.673317,0.695729
52.235,1.002193,0.273945,0.66879,0.694309
52.245,1.008641,0.273867,0.684017,0.688822
52.255,0.997024,0.271142,0.668251,0.688461
52.265,0.99047,0.269507,0.663268,0.68445
52.275,0.986067,0.26653,0.667506,0.675075
52.285,1.010001,0.272322,0.70099,0.674208
52.295,1.036944,0.276876,0.721493,0.691405
52.305,1.010226,0.276856,0.71885,0.653576
52.315,1.009204,0.276815,0.723324,0.647046
52.325,0.99212,0.278553,0.71138,0.632968
52.335,1.004812,0.279032,0.712371,0.651395
52.345,1.012348,0.274026,0.717846,0.659132
52.355,1.023895,0.275121,0.722074,0.671772
52.365,1.059038,0.276793,0.732148,0.713376
52.375,1.059113,0.277869,0.733119,0.712072
52.385,1.058247,0.278443,0.735154,0.708453
52.395,1.055122,0.276612,0.735481,0.704157
52.405,1.050913,0.275321,0.727666,0.706484
52.415,1.06589,0.268981,0.724283,0.734293
52.425,1.065971,0.265891,0.721109,0.738646
52.435,1.071142,0.252688,0.72864,0.743357
52.445,1.077093,0.244703,0.733868,0.749458
52.455,1.086757,0.248997,0.735135,0.76067
52.465,1.0957,0.259483,0.742636,0.762705
52.475,1.084355,0.264295,0.731116,0.755939
52.485,1.096175,0.268907,0.736517,0.76605
52.495,1.088337,0.264556,0.718613,0.773357
52.505,1.087157,0.265004,0.718884,0.771291
52.515,1.075294,0.265384,0.701376,0.77065
52.525,1.076415,0.264124,0.697618,0.776039
52.535,1.081303,0.26108,0.707734,0.774704
52.546,1.088702,0.262267,0.736609,0.757559
52.556,1.109461,0.278493,0.760378,0.7584
52.566,1.101591,0.28387,0.753712,0.751557
52.576,1.077982,0.279783,0.719784,0.752115
52.586,1.074782,0.274194,0.721748,0.747699
52.596,1.064245,0.275235,0.715233,0.738448
52.606,1.071259,0.270543,0.71593,0.749564
52.616,1.073536,0.27014,0.715904,0.752985
52.626,1.085053,0.269815,0.735593,0.750628
52.636,1.090247,0.281889,0.760492,0.728581
52.645,1.083373,0.284226,0.760976,0.716818
52.655,1.082476,0.28667,0.761089,0.714365
52.665,1.095311,0.284198,0.78127,0.71313
52.675,1.08242,0.28543,0.78069,0.693315
52.685,1.106476,0.287601,0.792134,0.717007
52.695,1.121632,0.290475,0.795357,0.735587
52.705,1.133751,0.292824,0.793246,0.755252
52.715,1.118364,0.295235,0.772578,0.752793
52.725,1.123664,0.293777,0.766875,0.766953
52.735,1.11744,0.287616,0.766445,0.7606
52.746,1.120145,0.286547,0.768167,0.76324
52.756,1.122069,0.287982,0.769564,0.764119
52.766,1.124644,0.287919,0.774037,0.76341
52.776,1.132379,0.295482,0.778386,0.76752
52.786,1.126833,0.29258,0.759268,0.779526
52.796,1.122127,0.296749,0.749355,0.780753
52.806,1.127116,0.296804,0.752379,0.785
52.816,1.13764,0.308229,0.76259,0.785924
52.826,1.138713,0.306732,0.764889,0.78583
52.836,1.126667,0.307747,0.764247,0.768503
52.845,1.126984,0.314006,0.758895,0.771733
52.855,1.142993,0.313863,0.767057,0.787113
52.865,1.101774,0.308956,0.758264,0.737216
52.875,1.101704,0.306991,0.763703,0.732303
52.885,1.107895,0.311894,0.771816,0.731063
52.895,1.111166,0.310529,0.782579,0.725141
52.905,1.124911,0.321434,0.800786,0.721697
52.915,1.10344,0.32257,0.796997,0.691609
52.925,1.10112,0.32288,0.797112,0.687623
52.935,1.094761,0.322313,0.788261,0.68794
52.946,1.091077,0.324747,0.795481,0.672457
52.956,1.086134,0.320669,0.797594,0.663855
52.966,1.09033,0.314808,0.80535,0.664173
52.976,1.096173,0.312958,0.813505,0.664728
52.985,1.087408,0.318127,0.809613,0.652517
52.995,1.083714,0.318273,0.812866,0.642174
53.005,1.087161,0.320349,0.809842,0.650731
53.016,1.088173,0.318214,0.81105,0.651964
53.025,1.080509,0.317656,0.812553,0.637458
53.036,1.087196,0.32343,0.819096,0.63755
53.045,1.083125,0.321444,0.81224,0.64039
53.055,1.070441,0.323897,0.790456,0.64507
53.065,1.078018,0.346559,0.791488,0.644644
53.075,1.077154,0.350719,0.789733,0.6431
53.085,1.092334,0.350688,0.811833,0.6412
53.095,1.098697,0.353413,0.820495,0.639548
53.105,1.090526,0.363783,0.814072,0.627851
53.115,1.094749,0.36215,0.818533,0.630338
53.125,1.093507,0.36539,0.799617,0.650276
53.135,1.080764,0.353887,0.782424,0.656222
53.145,1.075982,0.352032,0.775466,0.657619
53.156,1.07315,0.347239,0.773862,0.657429
53.165,1.05417,0.347547,0.75431,0.649232
53.176,1.057742,0.348491,0.759066,0.648992
53.185,1.043063,0.346794,0.74742,0.639592
53.196,1.04047,0.342911,0.749937,0.634495
53.206,1.043839,0.348839,0.7532,0.63293
53.215,1.049348,0.34658,0.754014,0.642244
53.225,1.034602,0.345166,0.743168,0.631635
53.236,1.037391,0.343797,0.749324,0.629681
53.245,1.045244,0.346006,0.762543,0.625575
53.255,1.053264,0.345466,0.76304,0.638582
53.265,1.056493,0.345421,0.757717,0.650174
53.275,1.045259,0.340097,0.749208,0.644661
53.285,1.018837,0.341231,0.740502,0.61094
53.295,0.999052,0.334042,0.730217,0.594394
53.305,0.996393,0.334945,0.727674,0.592539
53.315,0.981367,0.324944,0.717613,0.585255
53.325,0.981222,0.325924,0.716281,0.586099
53.336,0.982162,0.32741,0.716921,0.586062
53.345,0.982727,0.319955,0.729496,0.575515
53.356,0.95399,0.324324,0.720661,0.534376
53.366,0.948406,0.324723,0.71339,0.533951
53.376,0.944966,0.330141,0.706507,0.533681
53.385,0.94967,0.32246,0.694941,0.561204
53.396,0.956925,0.331437,0.674405,0.592481
53.406,0.939339,0.320769,0.655994,0.590879
53.416,0.947107,0.32001,0.668226,0.589983
53.426,0.952105,0.332523,0.668476,0.590824
53.436,0.955624,0.335178,0.672279,0.590689
53.445,0.974025,0.346769,0.661606,0.625103
53.455,0.97084,0.352346,0.648837,0.630391
53.465,0.958157,0.355003,0.629383,0.629218
53.475,0.946773,0.353569,0.612673,0.629285
53.485,0.943311,0.345369,0.612531,0.628778
53.495,0.937361,0.347137,0.606526,0.624714
53.505,0.930682,0.347924,0.610333,0.61042
53.515,0.954746,0.35896,0.62619,0.624958
53.525,0.987341,0.376174,0.646887,0.644106
53.536,0.983751,0.374656,0.625744,0.660184
53.546,0.9825,0.373754,0.59921,0.683053
53.556,0.97998,0.356901,0.596288,0.690957
53.566,0.970771,0.319864,0.602421,0.690776
53.576,1.003868,0.315731,0.65382,0.693241
53.586,1.00892,0.318923,0.659183,0.694036
53.596,1.004782,0.311497,0.657931,0.692592
53.606,1.021788,0.31392,0.656665,0.717144
53.616,1.05237,0.323499,0.657113,0.755667
53.626,1.046632,0.328967,0.65017,0.75133
53.636,1.035063,0.329435,0.638768,0.744851
53.645,1.042663,0.329566,0.649911,0.745754
53.655,1.053104,0.32917,0.650415,0.760024
53.665,1.059333,0.329058,0.659378,0.761004
53.675,1.056225,0.326958,0.654622,0.761695
53.685,1.054877,0.33439,0.656705,0.754776
53.695,1.037696,0.343921,0.650729,0.731495
53.705,1.061839,0.345702,0.691978,0.727434
53.715,1.092726,0.34495,0.740466,0.725789
53.725,1.100654,0.34385,0.754824,0.723495
53.736,1.108751,0.347411,0.766248,0.722149
53.746,1.098148,0.351714,0.749607,0.72133
53.756,1.095366,0.360302,0.754771,0.707341
53.766,1.101725,0.360974,0.769314,0.701179
53.776,1.117967,0.366821,0.78679,0.704453
53.786,1.122165,0.372624,0.789722,0.704802
53.796,1.125954,0.373187,0.793726,0.706047
53.806,1.134336,0.37311,0.796078,0.716775
53.816,1.136759,0.373358,0.795109,0.721545
53.826,1.136482,0.369843,0.796894,0.720949
53.836,1.145783,0.368192,0.810353,0.721514
53.845,1.136354,0.36697,0.801572,0.717019
53.855,1.136243,0.36537,0.799547,0.719914
53.865,1.155728,0.364689,0.829142,0.717797
53.875,1.162654,0.36634,0.836515,0.719585
53.885,1.149442,0.366609,0.838804,0.695143
53.895,1.145295,0.363675,0.8514,0.67421
53.905,1.156432,0.363442,0.849195,0.695782
53.915,1.154401,0.364307,0.844799,0.697307
53.925,1.153386,0.356423,0.838071,0.707742
53.936,1.175045,0.356544,0.841693,0.73835
53.946,1.171917,0.347232,0.854338,0.723137
53.956,1.162459,0.34604,0.852912,0.710007
53.966,1.168907,0.342721,0.85564,0.718864
53.976,1.173935,0.344462,0.862796,0.717671
53.986,1.17411,0.344155,0.862999,0.717862
53.996,1.176816,0.342249,0.862819,0.723398
54.006,1.192493,0.344487,0.859267,0.751684
54.016,1.175387,0.334345,0.850605,0.739065
54.026,1.154441,0.315997,0.842618,0.723101
54.036,1.144434,0.313969,0.842175,0.708444
54.045,1.137784,0.31874,0.846215,0.690563
54.055,1.134543,0.321387,0.852582,0.67602
54.065,1.134647,0.327152,0.849658,0.677109
54.075,1.113398,0.325366,0.824325,0.674004
54.085,1.098358,0.328742,0.803688,0.67261
54.095,1.091927,0.325753,0.796165,0.672541
54.105,1.086561,0.325888,0.795996,0.66393
54.115,1.047834,0.315177,0.791268,0.61034
54.125,1.041027,0.310477,0.791808,0.600317
54.136,1.038803,0.310008,0.788884,0.600556
54.146,1.033245,0.310031,0.776169,0.607485
54.156,1.038984,0.310753,0.779165,0.613043
54.166,1.03959,0.310865,0.773498,0.621137
54.176,1.037248,0.305393,0.772736,0.620884
54.186,1.031589,0.302731,0.771288,0.614528
54.196,1.028707,0.295233,0.770945,0.613773
54.206,0.994529,0.295389,0.731509,0.60558
54.216,0.947489,0.288716,0.680273,0.592965
54.226,0.953482,0.289699,0.686974,0.594365
54.236,0.951193,0.289278,0.683234,0.595212
54.245,0.949436,0.281963,0.686649,0.591979
54.255,0.944249,0.276659,0.682247,0.591273
54.265,0.935905,0.277765,0.660345,0.602253
54.275,0.954483,0.277822,0.665968,0.624771
54.285,0.967692,0.285207,0.682098,0.62436
54.295,0.971295,0.288719,0.690531,0.61905
54.305,0.968121,0.290908,0.694224,0.608837
54.315,0.958876,0.289237,0.690538,0.599119
54.325,0.964065,0.291247,0.696979,0.599013
54.335,0.955567,0.293872,0.680991,0.602494
54.345,0.967356,0.297707,0.685463,0.614238
54.355,0.983267,0.314438,0.685198,0.631226
54.365,0.984855,0.324802,0.650231,0.664562
54.375,0.983907,0.319147,0.646783,0.669246
54.385,0.982676,0.319177,0.643127,0.670944
54.395,1.011859,0.318526,0.63336,0.72198
54.405,1.027457,0.325307,0.642327,0.73298
54.415,1.033739,0.328624,0.645253,0.737747
54.425,1.025591,0.326261,0.646011,0.726677
54.435,1.010591,0.323938,0.646096,0.706342
54.446,0.998584,0.31954,0.634884,0.701417
54.456,0.997182,0.315482,0.635037,0.701121
54.466,0.991326,0.316258,0.634344,0.693049
54.476,0.995838,0.312521,0.643006,0.693231
54.486,0.999675,0.312445,0.648622,0.693555
54.496,0.999757,0.310659,0.654822,0.688631
54.506,0.995429,0.30765,0.677921,0.660798
54.516,1.004979,0.317287,0.689254,0.65897
54.526,1.000789,0.323664,0.678924,0.660213
54.536,1.006084,0.32454,0.683776,0.66282
54.545,1.012787,0.321937,0.698733,0.658686
54.555,1.010719,0.320077,0.695663,0.659663
54.565,1.01752,0.321812,0.703094,0.661395
54.575,1.014933,0.314041,0.698483,0.666025
54.585,1.019812,0.30977,0.705573,0.668002
54.595,1.022038,0.309004,0.708708,0.668438
54.605,1.028329,0.306313,0.732941,0.653016
54.615,1.058222,0.310982,0.776159,0.648614
54.625,1.067918,0.320877,0.785144,0.648873
54.635,1.069422,0.322993,0.788466,0.646267
54.646,1.062144,0.324147,0.784556,0.638397
54.656,1.061933,0.334501,0.799966,0.613078
54.666,1.063709,0.341161,0.805576,0.605089
54.676,1.069896,0.345405,0.80493,0.614377
54.686,1.087378,0.343267,0.808067,0.641551
54.696,1.088593,0.336029,0.807858,0.647677
54.706,1.086152,0.332551,0.807639,0.645642
54.716,1.098072,0.332806,0.808911,0.663826
54.726,1.116178,0.331875,0.793226,0.711692
54.736,1.118956,0.331681,0.782053,0.728315
54.745,1.115661,0.330744,0.775108,0.731107
54.755,1.128346,0.329752,0.770332,0.755656
54.765,1.134979,0.329355,0.77663,0.759308
54.775,1.112644,0.317417,0.758118,0.749987
54.785,1.096433,0.307609,0.737514,0.750743
54.795,1.096362,0.303428,0.725306,0.764115
54.805,1.093625,0.302468,0.720978,0.76467
54.815,1.113773,0.30822,0.744748,0.768661
54.826,1.123093,0.311408,0.75112,0.774715
54.835,1.132844,0.316352,0.756105,0.782025
54.846,1.123246,0.313132,0.751724,0.773654
54.856,1.128357,0.299153,0.761793,0.776769
54.866,1.1281,0.294921,0.7784,0.761397
54.876,1.126391,0.300023,0.778409,0.75685
54.886,1.128186,0.305838,0.781269,0.754245
54.892,1.09415,0.304839,0.776795,0.707692
54.905,1.101919,0.303641,0.804421,0.689154
54.915,1.096926,0.300713,0.805548,0.68111
54.925,1.10165,0.300795,0.808807,0.684826
54.935,1.09829,0.30247,0.80067,0.688245
54.945,1.090869,0.303832,0.795831,0.681421
54.955,1.093765,0.304108,0.792895,0.689318
54.965,1.107584,0.303059,0.801456,0.70183
54.975,1.119289,0.302591,0.795144,0.727319
54.985,1.119706,0.303117,0.793498,0.729536
54.995,1.124005,0.303065,0.788271,0.741734
55.005,1.124696,0.300055,0.768702,0.764202
55.015,1.116716,0.289504,0.758009,0.767244
55.025,1.112045,0.280161,0.756492,0.765424
55.035,1.111913,0.279472,0.752071,0.769828
55.044,1.115178,0.282518,0.736547,0.788229
55.054,1.112835,0.279562,0.7354,0.78704
55.064,1.130841,0.288341,0.749065,0.796594
55.074,1.130943,0.29748,0.745542,0.796684
55.084,1.126399,0.302978,0.734976,0.79799
55.094,1.125553,0.305208,0.732347,0.798364
55.104,1.121608,0.305032,0.721863,0.802418
55.114,1.107321,0.308168,0.696856,0.803482
55.124,1.099436,0.300832,0.687211,0.803741
55.134,1.099921,0.298489,0.685112,0.807064
55.145,1.110271,0.297256,0.69447,0.813667
55.155,1.110673,0.287075,0.699766,0.813333
55.165,1.106053,0.282891,0.694365,0.813131
55.175,1.114671,0.279662,0.709625,0.812842
55.185,1.116033,0.281043,0.712971,0.811305
55.195,1.117607,0.282702,0.714889,0.811209
55.205,1.126402,0.286662,0.716573,0.820445
55.215,1.124847,0.289247,0.718317,0.815866
55.225,1.109757,0.289142,0.732315,0.782095
55.235,1.096872,0.287596,0.726352,0.769955
55.245,1.097851,0.290093,0.727875,0.768974
55.255,1.098614,0.290531,0.727537,0.770217
55.264,1.086165,0.290598,0.720932,0.758659
55.274,1.081317,0.290175,0.721211,0.751599
55.284,1.087728,0.297419,0.72612,0.753289
55.294,1.085864,0.306461,0.73329,0.739911
55.304,1.100894,0.306596,0.732937,0.762082
55.314,1.10031,0.303707,0.710817,0.78306
55.324,1.085534,0.302308,0.696929,0.775426
55.334,1.081751,0.2947,0.688854,0.780267
55.345,1.11137,0.293644,0.688393,0.821603
55.355,1.093843,0.291901,0.670648,0.813337
55.365,1.075709,0.285481,0.652994,0.805761
55.375,1.128517,0.280688,0.648636,0.879794
55.385,1.125836,0.275276,0.645703,0.880225
55.395,1.176449,0.276201,0.640054,0.947668
55.405,1.158636,0.272254,0.611582,0.945665
55.415,1.163643,0.284894,0.611463,0.948164
55.425,1.196203,0.287758,0.613725,0.985615
55.435,1.195433,0.288942,0.619587,0.980655
55.445,1.249325,0.292907,0.618819,1.045027
55.454,1.240798,0.292747,0.619129,1.034678
55.464,1.236182,0.294085,0.601586,1.039112
55.474,1.221678,0.300258,0.606042,1.017376
55.484,1.229,0.307999,0.617012,1.017288
55.494,1.247026,0.313122,0.617461,1.037193
55.504,1.231777,0.313104,0.619162,1.017782
55.514,1.231753,0.311118,0.618359,1.018849
55.524,1.229133,0.310764,0.619614,1.015023
55.534,1.211856,0.310604,0.619217,0.994329
55.545,1.222414,0.307736,0.639121,0.995549
55.555,1.247138,0.310568,0.647192,1.019825
55.565,1.214942,0.302543,0.62111,0.999387
55.575,1.229819,0.302325,0.632534,1.010423
55.585,1.230787,0.302784,0.638659,1.007607
55.595,1.253547,0.307329,0.639818,1.03323
55.605,1.249225,0.306207,0.629053,1.034936
55.615,1.226032,0.29354,0.607804,1.023505
55.625,1.239616,0.291313,0.61833,1.034143
55.635,1.224002,0.290956,0.618845,1.015163
55.645,1.228226,0.291517,0.622098,1.018111
55.654,1.229958,0.290202,0.596078,1.035988
55.664,1.224825,0.286387,0.598334,1.029648
55.674,1.22791,0.288991,0.582164,1.041793
55.684,1.251325,0.289219,0.587036,1.066562
55.694,1.258701,0.290005,0.602971,1.066139
55.704,1.271935,0.286459,0.60127,1.08362
55.714,1.280426,0.285073,0.611479,1.088264
55.724,1.293595,0.287678,0.624797,1.095563
55.734,1.326374,0.294107,0.664936,1.109338
55.744,1.327074,0.290376,0.661379,1.113277
55.754,1.377664,0.293109,0.661819,1.172195
55.765,1.362999,0.295614,0.660939,1.154789
55.774,1.388592,0.297801,0.661345,1.184114
55.784,1.408602,0.289906,0.654651,1.213074
55.794,1.402251,0.284405,0.658041,1.205157
55.805,1.417869,0.286079,0.659676,1.222022
55.814,1.414362,0.286835,0.656619,1.219425
55.825,1.437653,0.281472,0.656991,1.247391
55.834,1.439844,0.287855,0.658433,1.247701
55.845,1.444115,0.292411,0.658487,1.251543
55.855,1.463907,0.292181,0.662467,1.272317
55.865,1.463323,0.291882,0.659679,1.273163
55.875,1.437087,0.290608,0.657687,1.244273
55.885,1.447759,0.290873,0.669352,1.250347
55.895,1.421275,0.294782,0.692969,1.205372
55.905,1.418597,0.296099,0.683683,1.207195
55.914,1.421207,0.280911,0.688034,1.211415
55.925,1.396623,0.284357,0.705774,1.171145
55.934,1.438183,0.295545,0.739815,1.197372
55.945,1.384106,0.296651,0.749684,1.125043
55.954,1.384647,0.296524,0.757665,1.120386
55.965,1.395158,0.303407,0.771423,1.122192
55.975,1.388328,0.312437,0.772992,1.110099
55.985,1.383943,0.310229,0.763112,1.112078
55.994,1.363373,0.30583,0.769521,1.083093
56.005,1.342051,0.309092,0.77021,1.054676
56.014,1.342117,0.308487,0.784403,1.044427
56.025,1.33591,0.308921,0.792148,1.0304
56.034,1.333214,0.308839,0.792598,1.026581
56.045,1.307959,0.309622,0.774419,1.007554
56.054,1.280514,0.311309,0.790348,0.958203
56.065,1.319607,0.308513,0.802969,1.000711
56.074,1.280531,0.303344,0.786078,0.964274
56.085,1.275095,0.29607,0.779937,0.964317
56.094,1.248105,0.293363,0.809193,0.903831
56.105,1.269753,0.30139,0.816098,0.924889
56.114,1.277388,0.303719,0.814849,0.935679
56.125,1.27187,0.303385,0.808098,0.934124
56.135,1.278658,0.304571,0.808541,0.942583
56.145,1.282386,0.304857,0.797156,0.95714
56.155,1.331423,0.304838,0.796608,1.022338
56.165,1.331833,0.305667,0.793285,1.025205
56.175,1.360598,0.304971,0.804563,1.053991
56.185,1.334189,0.303164,0.795818,1.027047
56.194,1.35263,0.301726,0.795002,1.051923
56.205,1.351132,0.301781,0.795408,1.049672
56.215,1.3557,0.302257,0.801856,1.05052
56.225,1.346988,0.302179,0.782893,1.053633
56.234,1.320361,0.294779,0.751311,1.044983
56.245,1.318404,0.294853,0.753169,1.041148
56.254,1.298498,0.292408,0.75465,1.01543
56.265,1.294261,0.289947,0.753198,1.011798
56.274,1.300152,0.288986,0.754984,1.018273
56.285,1.309907,0.292436,0.75501,1.029708
56.295,1.302771,0.289385,0.744578,1.029112
56.305,1.296149,0.292573,0.745478,1.019149
56.315,1.317873,0.297375,0.745537,1.045242
56.325,1.304405,0.301717,0.747252,1.025697
56.335,1.302401,0.296093,0.744971,1.026448
56.345,1.303557,0.295526,0.753514,1.021833
56.355,1.289997,0.307278,0.751921,1.002141
56.365,1.288902,0.305064,0.749709,1.003066
56.375,1.296132,0.30524,0.749649,1.012331
56.385,1.28726,0.304889,0.738523,1.009289
56.395,1.280559,0.306621,0.730476,1.006092
56.405,1.28131,0.310983,0.73269,1.004097
56.415,1.272339,0.31404,0.723164,0.998628
56.425,1.261897,0.313094,0.709212,0.995678
56.434,1.221409,0.306726,0.68213,0.965638
56.445,1.22214,0.30446,0.676544,0.971195
56.455,1.239883,0.304435,0.711138,0.968974
56.465,1.215641,0.296501,0.697265,0.950626
56.475,1.208355,0.284511,0.701779,0.941638
56.485,1.228506,0.291361,0.722023,0.950273
56.495,1.2158,0.295712,0.715298,0.937589
56.505,1.216237,0.293726,0.72077,0.934584
56.515,1.213771,0.294339,0.702439,0.945084
56.525,1.221937,0.294097,0.714013,0.947007
56.535,1.243728,0.300197,0.728969,0.961949
56.545,1.260101,0.305708,0.734831,0.976945
56.555,1.232488,0.304198,0.71814,0.95434
56.565,1.225141,0.299394,0.719275,0.945504
56.575,1.238598,0.298038,0.726089,0.958171
56.585,1.242275,0.298202,0.730123,0.959813
56.595,1.230892,0.30233,0.722149,0.949839
56.605,1.217536,0.295374,0.711492,0.94283
56.615,1.24908,0.296266,0.720119,0.976656
56.625,1.251815,0.3055,0.7196,0.977694
56.635,1.286894,0.305011,0.718472,1.023164
56.645,1.295288,0.304079,0.733791,1.02316
56.655,1.285386,0.309844,0.758373,0.990497
56.665,1.33576,0.320361,0.776932,1.038268
56.675,1.329264,0.318917,0.766745,1.037948
56.685,1.366481,0.319033,0.767686,1.084503
56.695,1.375067,0.318915,0.755262,1.103939
56.705,1.38462,0.318927,0.755274,1.115805
56.715,1.440064,0.320327,0.741545,1.192177
56.725,1.435716,0.321753,0.734445,1.190944
56.735,1.436477,0.322141,0.733403,1.192397
56.745,1.465696,0.323112,0.737233,1.224889
56.755,1.449027,0.324499,0.737144,1.204574
56.765,1.454775,0.328919,0.744881,1.205544
56.775,1.448634,0.329536,0.74508,1.197832
56.785,1.417206,0.32831,0.74557,1.159659
56.795,1.444449,0.328838,0.747406,1.191504
56.805,1.447792,0.326819,0.748807,1.195231
56.815,1.442911,0.326578,0.787257,1.164287
56.825,1.459031,0.330122,0.813832,1.165104
56.835,1.48337,0.334456,0.821101,1.189251
56.845,1.474893,0.329771,0.823114,1.178577
56.855,1.480509,0.321992,0.820914,1.189255
56.865,1.500478,0.322481,0.844974,1.197271
56.875,1.502258,0.323525,0.878764,1.174685
56.885,1.521377,0.326373,0.889124,1.190599
56.895,1.521653,0.327461,0.878582,1.198453
56.905,1.512604,0.319746,0.874527,1.192031
56.915,1.517571,0.31784,0.876001,1.197757
56.925,1.555475,0.314079,0.868966,1.251302
56.935,1.546911,0.306679,0.857497,1.250432
56.945,1.55182,0.306477,0.854315,1.258715
56.955,1.542996,0.311007,0.818304,1.270625
56.965,1.553844,0.319036,0.816736,1.282805
56.975,1.561244,0.318093,0.827103,1.28538
56.985,1.550199,0.30896,0.810706,1.284685
56.995,1.563455,0.303329,0.809894,1.30248
57.005,1.559756,0.302243,0.803597,1.302199
57.015,1.565852,0.301995,0.81744,1.300955
57.025,1.560104,0.305349,0.797026,1.305924
57.035,1.550737,0.297406,0.78886,1.301551
57.045,1.536918,0.291715,0.78827,1.286721
57.055,1.531661,0.288249,0.784005,1.283835
57.065,1.550919,0.290043,0.820629,1.283664
57.075,1.540896,0.291529,0.822549,1.269954
57.085,1.536898,0.291315,0.817019,1.268728
57.095,1.530716,0.286104,0.79372,1.277203
57.105,1.542882,0.289251,0.808638,1.281766
57.115,1.518431,0.29268,0.813377,1.248354
57.125,1.517012,0.289254,0.812768,1.247824
57.135,1.497999,0.288096,0.815813,1.222886
57.145,1.489389,0.287318,0.802365,1.221448
57.155,1.473324,0.29041,0.782274,1.214246
57.165,1.425656,0.276678,0.769666,1.167715
57.175,1.411644,0.27526,0.775818,1.146768
57.185,1.366669,0.279362,0.775246,1.090291
57.195,1.328856,0.278387,0.772087,1.045104
57.205,1.315326,0.281309,0.778145,1.022467
57.215,1.222329,0.278279,0.774563,0.903715
57.225,1.215035,0.279056,0.774089,0.893993
57.235,1.210206,0.280729,0.77754,0.883867
57.245,1.14865,0.282782,0.774671,0.799572
57.255,1.157582,0.279915,0.772593,0.815318
57.265,1.135297,0.277622,0.765903,0.790707
57.275,1.124159,0.272466,0.762175,0.780119
57.285,1.119817,0.272693,0.762611,0.773338
57.295,1.120657,0.272863,0.772984,0.764143
57.305,1.104489,0.275085,0.779547,0.732483
57.315,1.112197,0.278757,0.746115,0.776265
57.325,1.091376,0.273196,0.71229,0.780454
57.335,1.083447,0.272418,0.708795,0.772823
57.345,1.085486,0.276805,0.709805,0.773198
57.355,1.09491,0.27645,0.728525,0.76919
57.365,1.096092,0.287469,0.726834,0.768435
57.375,1.070351,0.288191,0.687271,0.768281
57.385,1.05649,0.280608,0.674104,0.763553
57.395,1.068706,0.278082,0.69191,0.765548
57.405,1.076896,0.28402,0.702085,0.76558
57.415,1.081065,0.290679,0.700265,0.770607
57.425,1.067814,0.290634,0.727547,0.725557
57.435,1.073188,0.291405,0.747065,0.713238
57.445,1.077735,0.29052,0.747882,0.719571
57.455,1.079194,0.284506,0.747128,0.724924
57.465,1.083301,0.277599,0.75542,0.725135
57.475,1.072686,0.279766,0.729495,0.735
57.485,1.069179,0.279055,0.730659,0.728979
57.495,1.063884,0.278867,0.730569,0.721354
57.505,1.07754,0.285025,0.753362,0.71575
57.515,1.089387,0.289544,0.736004,0.749151
57.525,1.112664,0.286772,0.735744,0.783876
57.535,1.110938,0.286274,0.733553,0.783665
57.545,1.109177,0.287712,0.724269,0.789259
57.555,1.105587,0.287739,0.719531,0.788545
57.565,1.071296,0.286543,0.668005,0.78698
57.575,1.083382,0.288849,0.686354,0.786892
57.585,1.085754,0.288911,0.687918,0.788772
57.595,1.085171,0.291266,0.685808,0.78894
57.605,1.081208,0.285133,0.687178,0.784536
57.615,1.082933,0.282824,0.70792,0.769158
57.625,1.093021,0.292074,0.71948,0.769244
57.635,1.080528,0.296216,0.716058,0.753032
57.645,1.082577,0.296179,0.723433,0.748929
57.655,1.063887,0.288183,0.723952,0.724362
57.665,1.073324,0.289406,0.739542,0.722043
57.675,1.089876,0.292786,0.760653,0.723542
57.685,1.089106,0.297438,0.761493,0.719592
57.695,1.086451,0.297269,0.76343,0.713569
57.705,1.078722,0.294606,0.757637,0.709108
57.715,1.086174,0.289575,0.782982,0.694881
57.725,1.104922,0.291063,0.819953,0.681036
57.735,1.104688,0.291747,0.821777,0.678161
57.745,1.11106,0.289398,0.828445,0.681456
57.755,1.113183,0.302364,0.846728,0.656357
57.765,1.111522,0.302297,0.846905,0.653337
57.775,1.128739,0.302,0.873936,0.647367
57.785,1.154753,0.303349,0.905409,0.64936
57.795,1.141858,0.303841,0.897686,0.63693
57.805,1.134793,0.295394,0.891284,0.637267
57.815,1.135802,0.292651,0.913976,0.607493
57.825,1.139066,0.2906,0.921317,0.603489
57.835,1.140767,0.290471,0.921988,0.605735
57.845,1.142274,0.283563,0.925992,0.60574
57.855,1.130721,0.283653,0.911357,0.606216
57.865,1.116359,0.273692,0.895622,0.607628
57.875,1.136722,0.275182,0.905203,0.630095
57.885,1.168128,0.283225,0.920381,0.661214
57.895,1.176583,0.283216,0.916381,0.681456
57.905,1.183969,0.281507,0.925371,0.682806
57.915,1.186991,0.281417,0.936435,0.672934
57.925,1.180876,0.284292,0.921523,0.6815
57.935,1.179428,0.289925,0.907402,0.695424
57.945,1.196495,0.290152,0.907544,0.723725
57.955,1.207013,0.290263,0.914653,0.732145
57.965,1.202951,0.289218,0.908261,0.733829
57.975,1.190014,0.284244,0.911494,0.710293
57.985,1.19245,0.290503,0.91394,0.708702
57.995,1.202581,0.296554,0.923603,0.710785
58.005,1.199177,0.296348,0.915478,0.715614
58.015,1.190749,0.297013,0.925059,0.688428
58.025,1.171319,0.308527,0.930532,0.641022
58.035,1.173283,0.309097,0.928957,0.6466
58.045,1.168974,0.309563,0.932659,0.633102
58.055,1.177878,0.312164,0.938554,0.639583
58.065,1.18071,0.315993,0.941592,0.638459
58.075,1.192658,0.326767,0.937468,0.660917
58.085,1.20559,0.330108,0.954105,0.658907
58.095,1.206917,0.331707,0.958328,0.65439
58.105,1.205462,0.332153,0.944916,0.670781
58.115,1.189902,0.323614,0.917518,0.685056
58.125,1.210898,0.320857,0.912699,0.728221
58.135,1.224614,0.31451,0.915735,0.749794
58.145,1.23438,0.313794,0.912672,0.769582
58.155,1.237697,0.315191,0.9157,0.770741
58.165,1.227685,0.321265,0.900437,0.770203
58.175,1.207387,0.316049,0.875854,0.768621
58.185,1.205589,0.311029,0.8753,0.768476
58.195,1.206733,0.310938,0.875032,0.77061
58.205,1.221325,0.311527,0.874544,0.793574
58.215,1.24458,0.317525,0.861367,0.84036
58.225,1.253947,0.31853,0.85748,0.857701
58.235,1.274012,0.316708,0.872389,0.872778
58.245,1.283761,0.323497,0.878052,0.878872
58.255,1.289974,0.320663,0.871825,0.895058
58.265,1.30692,0.319033,0.898407,0.893937
58.275,1.294443,0.317206,0.877105,0.89758
58.285,1.280294,0.31703,0.848859,0.90448
58.295,1.298183,0.320721,0.847086,0.92998
58.305,1.312934,0.319095,0.848678,0.94959
58.315,1.305221,0.31688,0.823714,0.961605
58.325,1.304354,0.309963,0.819111,0.966602
58.335,1.323094,0.316791,0.836671,0.974784
58.345,1.340689,0.32338,0.859214,0.977048
58.355,1.36362,0.32521,0.895872,0.97525
58.365,1.380778,0.325596,0.920895,0.975955
58.375,1.376701,0.325084,0.925055,0.966384
58.385,1.353156,0.314735,0.924235,0.93689
58.395,1.346085,0.315216,0.923457,0.92726
58.405,1.338522,0.312569,0.91565,0.924948
58.415,1.354041,0.319882,0.935651,0.925019
58.425,1.369846,0.316866,0.96174,0.922568
58.435,1.379449,0.313948,0.980697,0.917905
58.445,1.37229,0.313001,0.979251,0.908998
58.455,1.35992,0.315677,0.975291,0.893609
58.465,1.357372,0.316759,0.975646,0.888953
58.475,1.365562,0.321394,0.984642,0.889914
58.485,1.372869,0.321749,0.996487,0.88784
58.495,1.374113,0.314258,0.996341,0.892599
58.505,1.369922,0.308694,0.987469,0.897941
58.515,1.372372,0.305839,0.979206,0.911605
58.525,1.374887,0.30512,0.975948,0.919098
58.535,1.373734,0.302756,0.976236,0.91785
58.545,1.371306,0.303888,0.973729,0.916506
58.555,1.376333,0.306341,0.975293,0.921549
58.565,1.381488,0.300462,0.974267,0.932221
58.575,1.3741,0.285384,0.960316,0.940478
58.585,1.373805,0.279585,0.948012,0.954172
58.595,1.380743,0.279414,0.94532,0.966824
58.605,1.383755,0.285153,0.945473,0.969302
58.615,1.386391,0.289329,0.953056,0.964392
58.625,1.373006,0.286143,0.950354,0.948734
58.635,1.378464,0.28463,0.962623,0.944725
58.645,1.381948,0.295739,0.964286,0.944708
58.655,1.383703,0.298241,0.966987,0.943727
58.665,1.382878,0.294043,0.967253,0.943564
58.675,1.382786,0.290424,0.967877,0.943909
58.685,1.387352,0.291089,0.969694,0.948529
58.695,1.38572,0.291374,0.973702,0.941926
58.705,1.371193,0.289643,0.97483,0.919774
58.715,1.336864,0.284959,0.966442,0.878633
58.725,1.307175,0.281606,0.94114,0.862357
58.735,1.28939,0.279628,0.925078,0.853562
58.745,1.278027,0.274172,0.917177,0.84674
58.755,1.260559,0.274372,0.907526,0.830739
58.765,1.23897,0.27099,0.881446,0.827444
58.775,1.233733,0.271921,0.877439,0.823564
58.785,1.222659,0.272504,0.873067,0.811412
58.795,1.202741,0.274337,0.872182,0.781423
58.805,1.189814,0.275185,0.876503,0.75609
58.815,1.176286,0.275054,0.873545,0.738182
58.825,1.171051,0.27367,0.871351,0.732949
58.835,1.165185,0.267696,0.861241,0.737739
58.845,1.156007,0.266433,0.840554,0.747553
58.855,1.143598,0.270205,0.821681,0.748095
58.865,1.126,0.271155,0.796955,0.747806
58.875,1.120639,0.272212,0.789149,0.747647
58.885,1.12391,0.27271,0.789118,0.752393
58.895,1.142797,0.272532,0.814663,0.753682
58.905,1.146773,0.267405,0.822751,0.75277
58.915,1.120716,0.255671,0.788595,0.754157
58.925,1.093729,0.252848,0.751325,0.753539
58.935,1.075134,0.256503,0.735685,0.740869
58.945,1.079755,0.257925,0.753768,0.72882
58.955,1.091259,0.258321,0.775911,0.722549
58.965,1.111834,0.265964,0.800993,0.723774
58.975,1.117802,0.265301,0.809278,0.723993
58.985,1.112697,0.260808,0.801039,0.726918
58.995,1.104835,0.25994,0.797566,0.719014
59.005,1.102543,0.260167,0.807697,0.703946
59.015,1.101822,0.263472,0.824309,0.681989
59.025,1.101677,0.259994,0.824564,0.682782
59.035,1.112437,0.262422,0.827302,0.69586
59.045,1.122034,0.257214,0.840464,0.697439
59.055,1.115948,0.259358,0.840211,0.687109
59.065,1.097262,0.259838,0.83322,0.664991
59.075,1.079888,0.259835,0.834515,0.634215
59.085,1.064485,0.26299,0.827562,0.615715
59.095,1.054619,0.260844,0.831571,0.593863
59.105,1.055415,0.258145,0.836463,0.589569
59.115,1.052321,0.252761,0.839411,0.582134
59.125,1.047647,0.253928,0.842849,0.568058
59.135,1.02725,0.254522,0.833781,0.543387
59.145,1.02795,0.244885,0.831562,0.552464
59.155,1.049831,0.243178,0.845209,0.573264
59.165,1.070279,0.242498,0.86296,0.584801
59.175,1.094359,0.259964,0.883377,0.591343
59.185,1.101471,0.26163,0.891092,0.592237
59.195,1.100499,0.261014,0.891759,0.589692
59.205,1.101513,0.260221,0.89142,0.59244
59.215,1.099769,0.260376,0.888895,0.592928
59.225,1.099443,0.260355,0.888654,0.592691
59.235,1.092049,0.258091,0.88627,0.583512
59.245,1.088791,0.25938,0.883525,0.58101
59.255,1.08851,0.253919,0.886042,0.579058
59.265,1.090309,0.254511,0.886256,0.581849
59.275,1.102063,0.258106,0.885424,0.60328
59.285,1.106181,0.25621,0.884659,0.612674
59.295,1.121736,0.253518,0.887702,0.637185
59.305,1.128369,0.252816,0.878517,0.661444
59.315,1.144671,0.253063,0.879236,0.687876
59.325,1.151707,0.253527,0.885068,0.69196
59.335,1.150012,0.256795,0.879232,0.695366
59.345,1.134444,0.253058,0.869656,0.683098
59.355,1.122404,0.246895,0.851463,0.688364
59.365,1.132646,0.250499,0.842664,0.714182
59.375,1.132716,0.253589,0.839159,0.717322
59.385,1.125488,0.251776,0.824804,0.723209
59.395,1.105996,0.250865,0.789314,0.732992
59.405,1.104884,0.252534,0.769782,0.751286
59.415,1.105974,0.252665,0.768161,0.754498
59.425,1.11648,0.253262,0.768732,0.769049
59.435,1.11057,0.252268,0.755768,0.773654
59.445,1.102733,0.253091,0.738025,0.779285
59.455,1.080732,0.246389,0.713062,0.773833
59.465,1.060322,0.245451,0.685064,0.771183
59.475,1.051607,0.240349,0.65506,0.786769
59.485,1.044339,0.239572,0.641964,0.788119
59.495,1.038866,0.244004,0.631585,0.787912
59.505,1.035392,0.254899,0.621393,0.787994
59.515,1.027053,0.256685,0.602515,0.791155
59.525,1.018164,0.255187,0.598527,0.783137
59.535,1.008276,0.259548,0.594037,0.772253
59.545,1.009703,0.262032,0.573279,0.788791
59.555,1.006514,0.269105,0.562687,0.789959
59.565,1.017763,0.271315,0.561257,0.8045
59.575,1.019691,0.27264,0.559784,0.807514
59.585,1.025184,0.278117,0.5583,0.813606
59.595,1.017097,0.278337,0.554623,0.805859
59.605,1.01071,0.285681,0.545555,0.80143
59.615,1.001337,0.285137,0.535483,0.796637
59.625,0.998252,0.285515,0.524985,0.799611
59.635,0.987209,0.286034,0.517761,0.790373
59.645,0.98265,0.297962,0.510207,0.785181
59.655,0.953111,0.294384,0.494512,0.759748
59.665,0.930236,0.296319,0.454028,0.755906
59.675,0.902165,0.287826,0.417906,0.745931
59.685,0.887607,0.287644,0.389778,0.743761
59.695,0.890956,0.293751,0.392387,0.744007
59.705,0.904904,0.29352,0.409544,0.751646
59.715,0.913803,0.300323,0.421155,0.753306
59.725,0.917927,0.301775,0.420976,0.757827
59.735,0.92144,0.310264,0.424945,0.756446
59.745,0.92269,0.309907,0.418938,0.76145
59.755,0.920755,0.313597,0.412011,0.761376
59.765,0.915373,0.316114,0.411368,0.754159
59.775,0.916398,0.318333,0.423074,0.74797
59.785,0.932626,0.321786,0.451551,0.749897
59.795,0.926813,0.323699,0.447881,0.744046
59.805,0.904895,0.321909,0.462389,0.7081
59.815,0.891678,0.319205,0.460839,0.693416
59.825,0.879865,0.316696,0.473096,0.670855
59.835,0.881127,0.334315,0.48103,0.658201
59.845,0.874668,0.329019,0.474768,0.6568
59.855,0.867478,0.329838,0.476522,0.645485
59.865,0.873544,0.330309,0.48395,0.647894
59.875,0.865019,0.319348,0.4827,0.642865
59.885,0.859973,0.317936,0.480349,0.638541
59.895,0.841483,0.314294,0.480852,0.614894
59.905,0.852439,0.309586,0.507459,0.610979
59.915,0.841957,0.309119,0.50621,0.59757
59.925,0.86421,0.313352,0.549966,0.588393
59.935,0.867404,0.314387,0.573611,0.569668
59.945,0.864227,0.315176,0.573301,0.564694
59.955,0.86462,0.314939,0.575585,0.563102
59.965,0.863565,0.314369,0.574829,0.562573
59.975,0.862709,0.315209,0.586401,0.548676
59.985,0.862628,0.323442,0.596175,0.533
59.995,0.871238,0.327993,0.602312,0.537305
60.005,0.895291,0.318921,0.603804,0.579014
60.015,0.892408,0.297068,0.599697,0.590344
60.025,0.888937,0.27973,0.598634,0.594641
