time_seconds,packet_counter,sample_time_fine,utc_time,euler_roll_deg,euler_pitch_deg,euler_yaw_deg,quat_w,quat_x,quat_y,quat_z,acc_x,acc_y,acc_z,free_acc_x,free_acc_y,free_acc_z,gyro_x_dps,gyro_y_dps,gyro_z_dps,mag_x,mag_y,mag_z,lat,lon,altitude,vel_x,vel_y,vel_z,status_word,temperature,baropressure,delta_v_x,delta_v_y,delta_v_z,delta_q_w,delta_q_x,delta_q_y,delta_q_z
0.001669,53620,11973557,,178.08879089,0.56275100,171.19107056,,,,,-0.09023283,0.21368973,-9.81741524,-0.02376940,-0.11176692,0.00384855,-0.22645772,-0.31816747,-0.07094319,0.12758371,0.25711930,1.04331493,,,,,,,3,,,,,,,,,
0.002812,53621,11973657,,178.09321594,0.56633061,171.18557739,,,,,-0.08635852,0.22072983,-9.80431557,-0.02663946,-0.10256589,-0.00903606,0.43181230,-0.22124467,-0.16313218,0.12615490,0.25906304,1.04383326,,,,,,,3,,,,,,,,,
0.003900,53622,11973757,,178.10078430,0.56784594,171.18812561,,,,,-0.09201618,0.21262240,-9.81156540,-0.02289733,-0.11070852,-0.00199437,0.09061142,-0.55891011,-0.45891742,0.12571031,0.25955009,1.04482830,,,,,,,3,,,,,,,,,
0.004980,53623,11973857,,178.09902954,0.56642228,171.18856812,,,,,-0.08328223,0.21369545,-9.79953289,-0.03070628,-0.10844616,-0.01407504,-0.52998341,-0.05931971,-0.30353382,0.12709478,0.26000699,1.04434764,,,,,,,3,,,,,,,,,
0.006142,53624,11973957,,178.10211182,0.56805503,171.18971252,,,,,-0.09392729,0.19938673,-9.80507374,-0.02280062,-0.12333506,-0.00889182,0.24369224,-0.47501362,-0.23272079,0.12799180,0.26047233,1.04337001,,,,,,,3,,,,,,,,,
0.007293,53625,11974057,,178.10871887,0.57249999,171.18222046,,,,,-0.09881004,0.19026421,-9.81817436,-0.02001581,-0.13263567,0.00395441,0.02755899,-0.39810235,0.37858207,0.12840196,0.25998634,1.04138541,,,,,,,3,,,,,,,,,
0.008373,53626,11974157,,178.10815430,0.57818526,171.17625427,,,,,-0.10334449,0.19272435,-9.82433224,-0.01635797,-0.13154019,0.01023054,-0.94291626,-0.48261402,-0.51337858,0.12655514,0.26097673,1.04287612,,,,,,,3,,,,,,,,,
0.009437,53627,11974257,,178.10887146,0.57560098,171.17810059,,,,,-0.09361711,0.19264205,-9.80786037,-0.02516283,-0.12919720,-0.00632858,-0.42906918,-0.01519570,0.11336396,0.12564038,0.26147166,1.04386878,,,,,,,3,,,,,,,,,
0.010518,53628,11974357,,178.11265564,0.57671148,171.17739868,,,,,-0.09642896,0.19077118,-9.80992222,-0.02297684,-0.13101973,-0.00429249,-0.48148063,-0.39041991,0.19435694,0.12425745,0.25813550,1.04281962,,,,,,,3,,,,,,,,,
0.011625,53629,11974457,,178.10392761,0.57828867,171.17832947,,,,,-0.09347574,0.19701207,-9.81126881,-0.02546344,-0.12579155,-0.00279140,-1.00581995,-0.44687046,0.51940264,0.12282181,0.25672030,1.04130566,,,,,,,3,,,,,,,,,
0.012651,53630,11974557,,178.10478210,0.57664973,171.18423462,,,,,-0.07786343,0.19822095,-9.81443024,-0.04038664,-0.12215970,0.00025392,-0.47029033,-0.21066549,-0.35413125,0.12425745,0.25813550,1.04281962,,,,,,,3,,,,,,,,,
0.013643,53631,11974657,,178.10078430,0.57996148,171.18943787,,,,,-0.08719694,0.20743974,-9.81606770,-0.03059537,-0.11473398,0.00228357,-0.28693835,-0.72118537,-0.07551699,0.12470835,0.26196712,1.04436672,,,,,,,3,,,,,,,,,
0.014478,53632,11974757,,178.10206604,0.58140504,171.19857788,,,,,-0.06383789,0.21508788,-9.80027962,-0.05243125,-0.10325831,-0.01347995,-0.47299887,-0.50705099,-0.38547731,0.12562364,0.26051241,1.04286408,,,,,,,3,,,,,,,,,
0.015266,53633,11974857,,178.09883118,0.57744950,171.20242310,,,,,-0.08961485,0.21050116,-9.81431866,-0.02714352,-0.11320460,0.00065017,-1.11041502,-0.01753825,-0.35473164,0.12703523,0.25856912,1.04185081,,,,,,,3,,,,,,,,,
0.016051,53634,11974957,,178.10166931,0.58136439,171.19844055,,,,,-0.08563831,0.20628873,-9.80576038,-0.03207698,-0.11507706,-0.00806522,0.16950124,-0.45292895,0.13515330,0.12665954,0.25905412,1.04482520,,,,,,,3,,,,,,,,,
0.016834,53635,11975057,,178.09736633,0.57978600,171.19764709,,,,,-0.10045448,0.20954013,-9.80809402,-0.01695227,-0.11539175,-0.00548983,-0.69691334,-0.24504235,-0.20619237,0.12944570,0.25996742,1.04435885,,,,,,,3,,,,,,,,,
0.017435,53636,11975157,,178.10194397,0.58461481,171.19285583,,,,,-0.08680686,0.20239143,-9.82022572,-0.03212100,-0.11993420,0.00626731,-0.30720038,-0.19735523,-0.44311930,0.12794062,0.25951409,1.04137564,,,,,,,3,,,,,,,,,
0.018039,53637,11975257,,178.10252380,0.58669919,171.19223022,,,,,-0.09002379,0.19585444,-9.80406380,-0.03009871,-0.12608698,-0.01006818,-0.36216921,-0.15782862,-0.48566748,0.12518945,0.25764003,1.04232168,,,,,,,3,,,,,,,,,
0.018614,53638,11975357,,178.10133362,0.58968383,171.19773865,,,,,-0.09069005,0.20583317,-9.80917931,-0.02893786,-0.11678675,-0.00462103,-0.72082834,-0.65636923,-0.36516721,0.12571031,0.25955009,1.04482830,,,,,,,3,,,,,,,,,
0.019190,53639,11975457,,178.09843445,0.59174263,171.19874573,,,,,-0.08067682,0.20998377,-9.81469440,-0.03850780,-0.11172527,0.00092006,-0.72127107,-0.39304641,-0.25001486,0.12516233,0.26004022,1.04285431,,,,,,,3,,,,,,,,,
0.019991,53904,12004071,,,,,,,,,-0.06437322,0.15231933,-7.34890795,,,,-0.29151821,-0.56135441,-0.19298347,0.12090661,0.25675300,1.04030704,,,,,,,1,,,,,,,,,
0.027350,53905,12004171,,178.80500793,0.50678849,179.99070740,,,,,-0.08257720,0.19484442,-9.81201649,-0.00374659,-0.03546689,-0.00150418,-0.10322101,0.02900659,-0.18477837,0.12084656,0.25627491,1.03832018,,,,,,,3,,,,,,,,,
0.037344,53906,12004271,,178.80068970,0.51264775,179.99279785,,,,,-0.07823598,0.20090686,-9.80476952,-0.00976524,-0.00463844,-0.00850916,-0.54917026,-0.58372381,-0.24319489,0.12173423,0.25818014,1.03786004,,,,,,,3,,,,,,,,,
0.047319,53907,12004371,,178.79550171,0.51557654,179.99974060,,,,,-0.08659913,0.21065609,-9.81880951,-0.00197499,0.00378267,0.00580692,-0.76130542,-0.36463056,-0.54681027,0.12182037,0.25817761,1.04033422,,,,,,,3,,,,,,,,,
0.057322,53908,12004471,,178.78988647,0.51756036,179.99929810,,,,,-0.08870223,0.20521739,-9.80506420,0.00002377,-0.00225252,-0.00803113,-0.69187650,-0.19675609,-0.15290447,0.12088835,0.25867304,1.04083216,,,,,,,3,,,,,,,,,
0.067274,53909,12004571,,178.77947998,0.52461588,-179.99642944,,,,,-0.08820382,0.20368423,-9.81435490,-0.00186540,-0.00553765,0.00122118,-0.66875924,-0.55984894,-0.43860361,0.12133193,0.26010555,1.04085708,,,,,,,3,,,,,,,,,
0.077381,53910,12004671,,178.77824402,0.52154231,-179.99137878,,,,,-0.09829531,0.20737086,-9.81535435,0.00892199,-0.00201199,0.00238919,-0.12724795,0.15490980,-0.35022337,0.12180212,0.26009765,1.04085922,,,,,,,3,,,,,,,,,
0.087291,53911,12004771,,178.76976013,0.52763522,-179.99697876,,,,,-0.08405674,0.21182398,-9.81157589,-0.00648540,0.00082340,-0.00142145,-0.76572541,-0.50697591,0.47947955,0.12134080,0.25962541,1.04084945,,,,,,,3,,,,,,,,,
0.097272,53912,12004871,,178.76786804,0.53275132,-179.99093628,,,,,-0.09555264,0.21354738,-9.80809593,0.00400111,0.00232285,-0.00475860,-0.41906428,-0.61954277,-0.92601837,0.12228169,0.25864980,1.04034400,,,,,,,3,,,,,,,,,
0.107404,53913,12004971,,178.76425171,0.53601807,-179.98329163,,,,,-0.08781721,0.21795745,-9.82187366,-0.00415774,0.00604196,0.00903821,-0.23410268,-0.22226396,-0.60481074,0.12369224,0.25862604,1.04035068,,,,,,,3,,,,,,,,,
0.117425,53914,12005071,,178.76478577,0.53747082,-179.97926331,,,,,-0.09045210,0.19947800,-9.80783653,-0.00159730,-0.01207596,-0.00536823,-0.06849537,-0.09790636,-0.37860566,0.12228118,0.25960958,1.04085398,,,,,,,3,,,,,,,,,
0.127488,53915,12005171,,178.76335144,0.53757107,-179.97546387,,,,,-0.08838337,0.20753078,-9.81985569,-0.00394616,-0.00442131,0.00680089,-0.03809647,-0.20168021,-0.34571195,0.12135905,0.25770536,1.04032445,,,,,,,3,,,,,,,,,
0.137386,53916,12005271,,178.76203918,0.54384625,-179.96777344,,,,,-0.09089407,0.20608234,-9.80815029,-0.00249562,-0.00583917,-0.00490880,-0.03425043,-0.61527235,-0.74613413,0.12322155,0.25959376,1.04085839,,,,,,,3,,,,,,,,,
0.147320,53917,12005371,,178.75758362,0.54880029,-179.96492004,,,,,-0.08565803,0.21242222,-9.81123352,-0.00866772,-0.00039706,-0.00173903,-0.25886372,-0.62266886,-0.26257299,0.12131420,0.26106581,1.04087222,,,,,,,3,,,,,,,,,
0.157382,53918,12005471,,178.75457764,0.55655038,-179.95997620,,,,,-0.09384127,0.20862687,-9.81500626,-0.00167584,-0.00501347,0.00202847,-0.45718127,-0.56090906,-0.46228967,0.11939950,0.26013875,1.03936362,,,,,,,3,,,,,,,,,
0.167366,53919,12005571,,178.75386047,0.56388003,-179.95960999,,,,,-0.08381375,0.20690365,-9.80507565,-0.01312054,-0.00655571,-0.00803518,-0.22960938,-0.85195874,-0.13714997,0.12092281,0.25867203,1.04182184,,,,,,,3,,,,,,,,,
0.177256,53920,12005671,,178.75097656,0.56804353,-179.95326233,,,,,-0.08786973,0.20700155,-9.81090832,-0.00956736,-0.00680647,-0.00216341,-0.02599582,-0.36979914,-0.66643879,0.12182770,0.26057675,1.04185653,,,,,,,3,,,,,,,,,
0.187260,53921,12005771,,178.74954224,0.57055807,-179.94775391,,,,,-0.08898083,0.20468037,-9.81091404,-0.00880704,-0.00979414,-0.00219750,-0.44508696,-0.20001929,-0.60270480,0.12036546,0.26060200,1.04036534,,,,,,,3,,,,,,,,,
0.197329,53922,12005871,,178.73957825,0.57099360,-179.94267273,,,,,-0.08925291,0.21475694,-9.82083702,-0.00859713,-0.00176159,0.00794506,-1.00243442,0.03785524,-0.28085975,0.12173320,0.26009968,1.03887987,,,,,,,3,,,,,,,,,
0.207356,53923,12005971,,178.72996521,0.57380420,-179.94300842,,,,,-0.08884042,0.19812873,-9.80439186,-0.00923592,-0.01974265,-0.00887060,-1.06664055,-0.00801539,0.11303459,0.12269916,0.26056293,1.03988159,,,,,,,3,,,,,,,,,
0.217369,53924,12006071,,178.72424316,0.57843667,-179.94067383,,,,,-0.08876607,0.20653796,-9.81812954,-0.01095048,-0.01234579,0.00504565,-0.55263525,-0.90673995,-0.34005105,0.12222898,0.26057085,1.03987944,,,,,,,3,,,,,,,,,
0.227303,53925,12006171,,178.71513367,0.58222342,-179.93978882,,,,,-0.09076524,0.20370632,-9.81538010,-0.00884149,-0.01676113,0.00225282,-0.82310498,-0.01984548,-0.25530908,0.12134131,0.25866562,1.04033959,,,,,,,3,,,,,,,,,
0.237380,53926,12006271,,178.71359253,0.57983851,-179.93319702,,,,,-0.08670593,0.21371672,-9.81122684,-0.01263210,-0.00673598,-0.00171256,-0.22320701,0.10115859,-0.71474093,0.12183709,0.25913686,1.04133904,,,,,,,3,,,,,,,,,
0.247325,53927,12006371,,178.70944214,0.58511448,-179.92791748,,,,,-0.08974292,0.20808727,-9.80917549,-0.01050367,-0.01299201,-0.00386310,-0.30954788,-0.32918961,-0.45025616,0.12279520,0.25816074,1.04132831,,,,,,,3,,,,,,,,,
0.257304,53928,12006471,,178.70475769,0.58592051,-179.92613220,,,,,-0.09328882,0.19849974,-9.80920506,-0.00711687,-0.02340275,-0.00401735,-0.36618795,-0.15416447,-0.20186823,0.12140238,0.25722420,1.04130650,,,,,,,3,,,,,,,,,
0.267374,53929,12006571,,178.69937134,0.58590907,-179.92117310,,,,,-0.09144599,0.20701782,-9.81192112,-0.00898804,-0.01638049,-0.00112891,-0.99870215,-0.09187798,-0.82758233,0.12092281,0.25867203,1.04182184,,,,,,,3,,,,,,,,,
0.277399,53930,12006671,,178.68817139,0.58954096,-179.91587830,,,,,-0.08009772,0.21481924,-9.81157875,-0.02087635,-0.01012515,-0.00141239,-0.83508790,-0.18202750,-0.33175675,0.12323041,0.25911361,1.04085088,,,,,,,3,,,,,,,,,
0.287302,53931,12006771,,178.68412781,0.59123361,-179.90600586,,,,,-0.08686996,0.20195763,-9.80679989,-0.01448637,-0.02352032,-0.00641847,-0.43684745,-0.27155930,-0.78698469,0.12186318,0.25865620,1.04182625,,,,,,,3,,,,,,,,,
0.297359,53932,12006871,,178.67926025,0.59400761,-179.90420532,,,,,-0.09724015,0.21714064,-9.81461048,-0.00465698,-0.00927281,0.00184655,-0.39183531,-0.29255125,-0.03378874,0.11996470,0.25964814,1.04183245,,,,,,,3,,,,,,,,,
0.307340,53933,12006971,,178.66931152,0.59817517,-179.89941406,,,,,-0.08638126,0.21146002,-9.82429695,-0.01641445,-0.01742952,0.01127958,-1.26614973,-0.46857056,-0.51845842,0.11997357,0.25916800,1.04182494,,,,,,,3,,,,,,,,,
0.317327,53934,12007071,,178.66607666,0.60486335,-179.89254761,,,,,-0.09289679,0.20508145,-9.80573940,-0.01083445,-0.02336275,-0.00735402,-0.28304605,-0.58649330,-0.85438239,0.12134968,0.25914526,1.04084194,,,,,,,3,,,,,,,,,
0.327347,53935,12007171,,178.66000366,0.60672235,-179.89028931,,,,,-0.09660681,0.20091769,-9.81468964,-0.00756012,-0.02859376,0.00153375,-0.21561332,-0.39995347,-0.16188857,0.12132306,0.26058567,1.04086459,,,,,,,3,,,,,,,,,
0.337414,53936,12007271,,178.66296387,0.60878676,-179.89331055,,,,,-0.08924097,0.20479415,-9.80300617,-0.01492532,-0.02400102,-0.01013422,0.18278955,-0.13500389,0.08823951,0.12185380,0.26009613,1.04234374,,,,,,,3,,,,,,,,,
0.347436,53937,12007371,,178.65567017,0.61938810,-179.88801575,,,,,-0.08901676,0.20621534,-9.81192780,-0.01747828,-0.02441884,-0.00118995,-0.77561472,-1.03669305,-0.64993679,0.12238505,0.25864676,1.04331303,,,,,,,3,,,,,,,,,
0.357375,53938,12007471,,178.65213013,0.62245572,-179.88215637,,,,,-0.08473600,0.20283569,-9.80818558,-0.02193744,-0.02827067,-0.00505996,-0.51822129,-0.32152862,-0.37421019,0.12280305,0.25960013,1.04234076,,,,,,,3,,,,,,,,,
0.367343,53939,12007571,,178.65187073,0.62319237,-179.88029480,,,,,-0.08507338,0.20339091,-9.82126331,-0.02162042,-0.02774750,0.00803137,0.02168557,0.07935779,-0.13062933,0.12232450,0.25912842,1.04183602,,,,,,,3,,,,,,,,,
0.377361,53940,12007671,,178.64619446,0.62677765,-179.87387085,,,,,-0.09277871,0.20939960,-9.81190777,-0.01487435,-0.02265824,-0.00109935,-0.46231710,-0.56252440,-0.58602938,0.12184595,0.25865671,1.04133141,,,,,,,3,,,,,,,,,
0.387387,53941,12007771,,178.64509583,0.63568205,-179.87649536,,,,,-0.08419286,0.20545022,-9.80679798,-0.02482518,-0.02675791,-0.00640178,-0.30029933,-0.73861335,0.29393679,0.12041765,0.25964072,1.04133987,,,,,,,3,,,,,,,,,
0.397458,53942,12007871,,178.63975525,0.63653994,-179.87753296,,,,,-0.10057572,0.21083662,-9.80878258,-0.00830462,-0.02239180,-0.00410962,-0.62553775,0.04507974,-0.10490894,0.12131420,0.26106581,1.04087222,,,,,,,3,,,,,,,,,
0.407402,53943,12007971,,178.63499451,0.64284068,-179.87953186,,,,,-0.09457655,0.20732106,-9.82051468,-0.01580066,-0.02667167,0.00746536,-0.18916141,-0.57982106,0.23451265,0.12182770,0.26057675,1.04185653,,,,,,,3,,,,,,,,,
0.417350,53944,12008071,,178.63310242,0.64692724,-179.87812805,,,,,-0.08037407,0.21327166,-9.80987358,-0.03064027,-0.02106285,-0.00319242,-0.32678571,-0.51501985,-0.04144252,0.12184595,0.25865671,1.04133141,,,,,,,3,,,,,,,,,
0.427300,53945,12008171,,178.62612915,0.64577335,-179.87176514,,,,,-0.08343475,0.20675567,-9.80885220,-0.02717575,-0.02910730,-0.00433660,-1.01099532,-0.03858389,-0.62477752,0.12044477,0.25724053,1.04080725,,,,,,,3,,,,,,,,,
0.437350,53946,12008271,,178.62060547,0.64509833,-179.87141418,,,,,-0.08838606,0.20114812,-9.81885147,-0.02195706,-0.03555127,0.00557804,-0.54135594,0.21898977,-0.24401550,0.12045262,0.25867993,1.04181957,,,,,,,3,,,,,,,,,
0.447263,53947,12008371,,178.61505127,0.64738607,-179.86648560,,,,,-0.09579491,0.20480776,-9.82052994,-0.01554227,-0.03261343,0.00742388,-0.24092540,-0.59932551,-0.40851305,0.12143633,0.25818297,1.04280615,,,,,,,3,,,,,,,,,
0.457421,53948,12008471,,178.61158752,0.65192354,-179.86364746,,,,,-0.08587663,0.20513213,-9.80610371,-0.02557811,-0.03286966,-0.00710726,-0.49791657,-0.13935738,-0.24815107,0.12182872,0.25865722,1.04083657,,,,,,,3,,,,,,,,,
0.467450,53949,12008571,,178.60762024,0.65537775,-179.85794067,,,,,-0.07782550,0.19917528,-9.81132507,-0.03440402,-0.03957482,-0.00212717,-0.43504252,-0.24611706,-0.69076003,0.12275187,0.25864187,1.04034626,,,,,,,3,,,,,,,,,
0.477305,53950,12008671,,178.59526062,0.65709853,-179.84973145,,,,,-0.08126850,0.20383003,-9.80955982,-0.03128469,-0.03732343,-0.00375056,-1.24404073,-0.20780125,-1.00964155,0.12324816,0.25815335,1.04083574,,,,,,,3,,,,,,,,,
0.487446,53951,12008771,,178.59162903,0.66206449,-179.84523010,,,,,-0.08673698,0.21074472,-9.81055164,-0.02677782,-0.03046874,-0.00252748,-0.12841093,-0.48013957,-0.33425209,0.12137628,0.25770485,1.04081929,,,,,,,3,,,,,,,,,
0.497342,53952,12008871,,178.58988953,0.66372538,-179.84164429,,,,,-0.09707155,0.20307940,-9.80745506,-0.01648928,-0.03857080,-0.00569582,-0.31835055,-0.10960572,-0.29219960,0.12276910,0.25864136,1.04084110,,,,,,,3,,,,,,,,,
0.507344,53953,12008971,,178.58424377,0.66524661,-179.83868408,,,,,-0.10006564,0.21224631,-9.80980682,-0.01398974,-0.03041176,-0.00308824,-0.49696163,-0.31761815,-0.25198065,0.12331656,0.25911108,1.04332507,,,,,,,3,,,,,,,,,
0.517294,53954,12009071,,178.58480835,0.67083317,-179.83399963,,,,,-0.08848576,0.22009934,-9.80947590,-0.02676846,-0.02259988,-0.00336170,-0.31184894,-0.77494755,-0.56120287,0.12235947,0.25816765,1.04231584,,,,,,,3,,,,,,,,,
0.527344,53955,12009171,,178.57818604,0.67954582,-179.83294678,,,,,-0.10028544,0.21194613,-9.80739689,-0.01625144,-0.03158358,-0.00550818,-0.40816583,-0.76030838,-0.06015890,0.12137628,0.25770485,1.04081929,,,,,,,3,,,,,,,,,
0.537347,53956,12009271,,178.57255554,0.68343031,-179.82916260,,,,,-0.09640854,0.20503367,-9.80675697,-0.02048654,-0.03970640,-0.00637197,-0.65578370,-0.19522744,-0.39962172,0.12137526,0.25962439,1.04183912,,,,,,,3,,,,,,,,,
0.547314,53957,12009371,,178.56838989,0.68635881,-179.82504272,,,,,-0.09854147,0.20642607,-9.81052685,-0.01894698,-0.03893663,-0.00254631,-0.36808706,-0.20579924,-0.21429820,0.12133193,0.26010555,1.04085708,,,,,,,3,,,,,,,,,
0.557365,53958,12009471,,178.56298828,0.68960118,-179.82611084,,,,,-0.09118804,0.21251452,-9.81224442,-0.02713538,-0.03407942,-0.00077105,-0.70519457,-0.50861751,-0.08806339,0.12134968,0.25914526,1.04084194,,,,,,,3,,,,,,,,,
0.567309,53959,12009571,,178.55603027,0.69604504,-179.82632446,,,,,-0.09713200,0.19586161,-9.81126499,-0.02230071,-0.05165702,-0.00210452,-0.51998870,-0.75934858,0.08270473,0.12233286,0.25960806,1.04233849,,,,,,,3,,,,,,,,,
0.577387,53960,12009671,,178.55059814,0.69905758,-179.82774353,,,,,-0.08988558,0.20742491,-9.80985641,-0.02979915,-0.04101753,-0.00331068,-0.45021806,-0.25555107,-0.02322272,0.12324713,0.26007289,1.04185569,,,,,,,3,,,,,,,,,
0.587296,53961,12009771,,178.54980469,0.70247376,-179.82591248,,,,,-0.09001204,0.21177833,-9.81569672,-0.03038528,-0.03701796,0.00263381,-0.29735666,-0.32272230,-0.15713397,0.12137577,0.25866461,1.04132926,,,,,,,3,,,,,,,,,
0.597530,53962,12009871,,178.55155945,0.70977318,-179.82295227,,,,,-0.08934703,0.20237851,-9.81058216,-0.03232984,-0.04562958,-0.00272417,0.25221533,-0.65870889,-0.28194343,0.12134916,0.26010504,1.04135191,,,,,,,3,,,,,,,,,
0.607362,53963,12009971,,178.54873657,0.71489537,-179.81942749,,,,,-0.08827256,0.20947012,-9.80710983,-0.03426360,-0.03923436,-0.00603509,-0.31620003,-0.55783665,-0.22927371,0.12186216,0.26057574,1.04284620,,,,,,,3,,,,,,,,,
0.617524,53964,12010071,,178.54780579,0.71999973,-179.81694031,,,,,-0.09350017,0.20882437,-9.81811047,-0.03000309,-0.03993851,0.00500941,0.20681163,-0.50732537,-0.27947416,0.12090507,0.25963232,1.04183698,,,,,,,3,,,,,,,,,
0.627340,53965,12010171,,178.55021667,0.71893388,-179.81398010,,,,,-0.09510285,0.20474358,-9.80882931,-0.02791259,-0.04376348,-0.00435257,-0.09237736,0.00546465,-0.40573261,0.12088835,0.25867304,1.04083216,,,,,,,3,,,,,,,,,
0.637321,53966,12010271,,178.54193115,0.72087389,-179.81047058,,,,,-0.08733051,0.21532874,-9.81361580,-0.03621509,-0.03515643,0.00059247,-1.09834799,-0.27223771,-0.38369028,0.12273413,0.25960216,1.04036140,,,,,,,3,,,,,,,,,
0.647409,53967,12010371,,178.53779602,0.72455013,-179.80291748,,,,,-0.10281610,0.23395473,-9.81211185,-0.02138251,-0.01654086,-0.00024176,-0.17580199,-0.31730807,-0.93232370,0.12662560,0.25809541,1.04332554,,,,,,,3,,,,,,,,,
0.657349,53968,12010471,,178.53248596,0.73325866,-179.79057312,,,,,-0.08624167,0.15649784,-9.79566765,-0.03889477,-0.09460635,-0.01887083,-0.33711394,-0.54030708,-0.96523230,0.13325939,0.25894281,1.04535127,,,,,,,3,,,,,,,,,
0.667377,53969,12010571,,178.53424072,0.74361992,-179.77085876,,,,,-0.08211188,0.21714200,-9.81364059,-0.04570560,-0.03437969,0.00057745,-0.20878905,-1.08892831,-2.79842477,0.13372956,0.25893489,1.04535353,,,,,,,3,,,,,,,,,
0.677377,53970,12010671,,178.53480530,0.74597108,-179.75837708,,,,,-0.10219252,0.19728830,-9.80368233,-0.02498941,-0.05355900,-0.00962186,0.01777495,0.21006691,-0.81294272,0.13558471,0.25842410,1.04436517,,,,,,,3,,,,,,,,,
0.687476,53971,12010771,,178.53677368,0.74197042,-179.76510620,,,,,-0.10250784,0.22078720,-9.80426788,-0.02411994,-0.02976921,-0.00843143,0.07728407,0.46849180,1.11616241,0.13746443,0.26031199,1.04539406,,,,,,,3,,,,,,,,,
0.697456,53972,12010871,,178.53405762,0.73509461,-179.78935242,,,,,0.02995604,0.20532915,-9.79482937,-0.15494242,-0.04606646,-0.01996326,-0.32641060,0.89088382,2.69457409,0.13736942,0.26079470,1.04292738,,,,,,,3,,,,,,,,,
0.707479,53973,12010971,,178.53033447,0.72937787,-179.80778503,,,,,-0.14089701,0.23526637,-9.80546093,0.01564534,-0.01639949,-0.00637197,-0.32420579,-0.29435234,2.00668461,0.13682249,0.25936523,1.03993344,,,,,,,3,,,,,,,,,
0.717422,53974,12011071,,178.52255249,0.74653435,-179.81523132,,,,,-0.07440857,0.19744511,-9.78071022,-0.05296066,-0.05522059,-0.03295636,-0.67285730,-0.96211742,0.45540996,0.13685694,0.25936422,1.04092312,,,,,,,3,,,,,,,,,
0.727379,53975,12011171,,178.51672363,0.76591837,-179.80862427,,,,,-0.11013500,0.17984347,-9.83056927,-0.02197996,-0.07495517,0.01687884,-0.53554158,-2.01709894,-1.60450620,0.13452476,0.25652397,1.03987694,,,,,,,3,,,,,,,,,
0.737460,53976,12011271,,178.51506042,0.78495669,-179.78678894,,,,,-0.12867019,0.13828127,-9.86408997,-0.00632378,-0.11776322,0.04954720,-0.51768629,-1.22048287,-2.61821876,0.13222603,0.25560227,1.04084039,,,,,,,3,,,,,,,,,
0.747340,53977,12011371,,178.51617432,0.79384404,-179.76472473,,,,,-0.07009276,0.27553046,-9.77453899,-0.06582262,0.02222388,-0.03721714,0.23758928,-0.79488279,-1.86335607,0.13373946,0.25653520,1.04432607,,,,,,,3,,,,,,,,,
0.757412,53978,12011471,,178.51119995,0.78387672,-179.75382996,,,,,-0.11688268,0.20112860,-9.84492588,-0.01741573,-0.05503616,0.03186584,-0.52115789,0.74637842,-0.60794468,0.13372171,0.25749549,1.04434121,,,,,,,3,,,,,,,,,
0.767353,53979,12011571,,178.50517273,0.77626270,-179.74873352,,,,,-0.12710683,0.21566011,-9.77255440,-0.00472981,-0.03971148,-0.03996444,-0.70890592,0.89632402,-0.43120294,0.13355626,0.26085952,1.04142511,,,,,,,3,,,,,,,,,
0.777401,53980,12011671,,178.49105835,0.76864946,-179.74406433,,,,,-0.07655176,0.15707831,-9.84352207,-0.05432592,-0.10317978,0.02873898,-1.58584752,1.24216712,-0.76211080,0.13394815,0.26229355,1.03996539,,,,,,,3,,,,,,,,,
0.787387,53981,12011771,,178.47482300,0.75808489,-179.74201965,,,,,-0.09750478,0.19798946,-9.81227875,-0.03195274,-0.06431400,-0.00114751,-1.88959147,0.64616498,0.23429032,0.13169326,0.25993091,1.04140103,,,,,,,3,,,,,,,,,
0.797390,53982,12011871,,178.46665955,0.75624114,-179.73773193,,,,,-0.06202703,0.26370150,-9.77665997,-0.06700904,0.00135647,-0.03545928,-0.80221522,0.18594796,-0.79419150,0.13081446,0.25754556,1.04185355,,,,,,,3,,,,,,,,,
0.807405,53983,12011971,,178.46690369,0.76312387,-179.73045349,,,,,-0.09457573,0.22916780,-9.82283974,-0.03647551,-0.03377816,0.01019859,0.13651399,-0.72676532,-0.62348021,0.12995186,0.25707918,1.04382098,,,,,,,3,,,,,,,,,
0.817295,53984,12012071,,178.47500610,0.77716452,-179.73721313,,,,,-0.05977995,0.24534233,-9.79778385,-0.07377326,-0.01513038,-0.01489711,1.23731235,-1.52236027,0.87349475,0.12848026,0.25854439,1.04284728,,,,,,,3,,,,,,,,,
0.827433,53985,12012171,,178.48808289,0.79103571,-179.75039673,,,,,-0.05261863,0.19570743,-9.82658768,-0.08347583,-0.06334759,0.01247501,1.42875060,-1.51366533,1.34986768,0.12612146,0.25714454,1.04182374,,,,,,,3,,,,,,,,,
0.837354,53986,12012271,,178.49468994,0.80924201,-179.75675964,,,,,-0.10372239,0.14879006,-9.80526161,-0.03555008,-0.10882345,-0.00937247,0.54240144,-2.36862828,0.77350638,0.12846354,0.25758514,1.04184246,,,,,,,3,,,,,,,,,
0.847405,53987,12012371,,178.48582458,0.82737482,-179.75627136,,,,,-0.08578280,0.17513342,-9.81310654,-0.05617359,-0.08540340,-0.00113177,-1.53724421,-1.58860008,-0.61628338,0.13178930,0.25752869,1.04284775,,,,,,,3,,,,,,,,,
0.857363,53988,12012471,,178.47079468,0.82908183,-179.74368286,,,,,-0.13297287,0.24919465,-9.84702587,-0.00941002,-0.01464610,0.03541613,-1.85012792,0.05995392,-1.38534368,0.13180600,0.25848791,1.04385257,,,,,,,3,,,,,,,,,
0.867544,53989,12012571,,178.46107483,0.81931561,-179.72915649,,,,,-0.09357858,0.23820308,-9.76773930,-0.04549070,-0.02465285,-0.04468918,-0.77716929,1.15706414,-1.55454305,0.13036935,0.25899234,1.04335856,,,,,,,3,,,,,,,,,
0.877573,53990,12012671,,178.46826172,0.80757082,-179.72923279,,,,,-0.09850582,0.20722155,-9.81365204,-0.03896603,-0.05450657,0.00046086,1.36667731,1.31534364,0.14722370,0.13074452,0.25946712,1.04089415,,,,,,,3,,,,,,,,,
0.887343,53991,12012771,,178.46447754,0.80338275,-179.73231506,,,,,-0.04695344,0.13539599,-9.80242348,-0.08980617,-0.12818655,-0.01342201,-0.69989135,0.30179452,0.86392678,0.13121572,0.25753966,1.03987646,,,,,,,3,,,,,,,,,
0.897478,53992,12012871,,178.44799805,0.80832916,-179.72132874,,,,,-0.09535186,0.18467821,-9.86877346,-0.04375555,-0.08387468,0.05486894,-1.97791201,-0.51630537,-1.55958981,0.13220727,0.25848207,1.04187536,,,,,,,3,,,,,,,,,
0.907375,53993,12012971,,178.43661499,0.80580729,-179.70353699,,,,,-0.06862108,0.27327025,-9.78380394,-0.06900309,0.00485027,-0.02802873,-1.79975869,0.25562621,-2.33106331,0.13554089,0.25986505,1.04389310,,,,,,,3,,,,,,,,,
0.917471,53994,12013071,,178.43637085,0.81060058,-179.70484924,,,,,-0.08809559,0.24686661,-9.77873898,-0.05019075,-0.01962648,-0.03354549,0.80197429,-0.24220683,0.51292650,0.13645567,0.25937012,1.04290032,,,,,,,3,,,,,,,,,
0.927377,53995,12013171,,178.42405701,0.81014317,-179.71304321,,,,,-0.09909009,0.13072215,-9.84218216,-0.03925932,-0.14075026,0.02682161,-1.23449565,0.13433767,1.36710078,0.13364443,0.25701791,1.04185939,,,,,,,3,,,,,,,,,
0.937484,53996,12013271,,178.40850830,0.81507039,-179.70021057,,,,,-0.03783943,0.26728749,-9.81799984,-0.10212676,-0.00740770,0.00552797,-2.39563122,-0.53366413,-1.73597977,0.13272129,0.25703323,1.04234982,,,,,,,3,,,,,,,,,
0.947452,53997,12013371,,178.40641785,0.82114732,-179.69236755,,,,,-0.08525177,0.26241168,-9.79932594,-0.05597024,-0.01027015,-0.01260138,0.16046460,-1.19016505,-1.18289933,0.13272129,0.25703323,1.04234982,,,,,,,3,,,,,,,,,
0.957443,53998,12013471,,178.40840149,0.83267850,-179.70498657,,,,,-0.13336012,0.12078071,-9.80735779,-0.00898588,-0.15121074,-0.00780678,0.72027525,-1.30974352,2.21311128,0.13222553,0.25656202,1.04135036,,,,,,,3,,,,,,,,,
0.967418,53999,12013571,,178.39866638,0.83173966,-179.70634460,,,,,-0.06666479,0.22552027,-9.81742001,-0.07513405,-0.05053416,0.00417137,-1.91146195,0.62450703,0.18762163,0.13085727,0.25802419,1.04334569,,,,,,,3,,,,,,,,,
0.977420,54000,12013671,,178.39772034,0.84067869,-179.69787598,,,,,-0.03132575,0.29244757,-9.77253437,-0.11282815,0.01869912,-0.03935456,0.20088373,-1.09384925,-1.87301610,0.13178827,0.25944820,1.04386759,,,,,,,3,,,,,,,,,
0.987425,54001,12013771,,178.39978027,0.85414869,-179.71006775,,,,,-0.21123436,0.11839563,-9.87867165,0.06376784,-0.15687868,0.06454062,0.50907967,-1.84471286,1.84223457,0.13225895,0.25848055,1.04335988,,,,,,,3,,,,,,,,,
0.997331,54002,12013871,,178.39067078,0.84820461,-179.70104980,,,,,-0.08432651,0.25174528,-9.81243134,-0.05986674,-0.02513023,0.00015974,-1.48819545,1.47905207,-0.48357665,0.13177206,0.25752920,1.04235291,,,,,,,3,,,,,,,,,
1.007426,54003,12013971,,178.39537048,0.85144001,-179.69181824,,,,,0.04737188,0.26337200,-9.72166538,-0.19219960,-0.00978846,-0.09219742,0.50542626,-0.52493408,-2.24261172,0.13183159,0.25896704,1.04484975,,,,,,,3,,,,,,,,,
1.017393,54004,12014071,,178.39677429,0.85612333,-179.69490051,,,,,-0.24613941,0.06181216,-9.90497589,0.09855738,-0.21446332,0.08976436,0.50457121,-1.09357166,1.16069972,0.13084738,0.26042381,1.04437315,,,,,,,3,,,,,,,,,
1.027435,54005,12014171,,178.38410950,0.84803468,-179.67764282,,,,,0.02499547,0.32899517,-9.74566364,-0.16864149,0.05155680,-0.06600881,-2.44293519,1.60079997,-1.47717045,0.12900263,0.25757515,1.04382396,,,,,,,3,,,,,,,,,
1.037367,54006,12014271,,178.38461304,0.86698264,-179.66912842,,,,,-0.00955957,0.18903580,-9.79064751,-0.13965642,-0.08732643,-0.02455664,0.63486544,-2.70381469,-2.19168540,0.13086563,0.25850376,1.04384804,,,,,,,3,,,,,,,,,
1.047359,54007,12014371,,178.37712097,0.86865282,-179.67634583,,,,,-0.30707261,0.10480237,-9.87396622,0.15788640,-0.17436448,0.06084394,-0.74578211,-0.64763576,2.08740933,0.13222349,0.26040110,1.04339015,,,,,,,3,,,,,,,,,
1.057421,54008,12014471,,178.37098694,0.86437804,-179.66233826,,,,,0.12452739,0.34400135,-9.76659966,-0.27109325,0.06352197,-0.04618382,-1.58919057,1.70401608,-1.60776111,0.13078734,0.25994575,1.04238617,,,,,,,3,,,,,,,,,
1.067412,54009,12014571,,178.37956238,0.88317764,-179.66975403,,,,,-0.09967580,0.15756296,-9.77395725,-0.05235771,-0.11867328,-0.04077482,1.05812458,-3.32410216,-0.16632605,0.12895879,0.25901610,1.04335189,,,,,,,3,,,,,,,,,
1.077493,54010,12014671,,178.36157227,0.87226766,-179.66899109,,,,,-0.32848150,0.16866080,-9.94900608,0.17813846,-0.11568766,0.13795376,-1.82653004,1.09858459,1.39888774,0.13272965,0.25751287,1.04285216,,,,,,,3,,,,,,,,,
1.087368,54011,12014771,,178.36753845,0.88486016,-179.66148376,,,,,0.21039338,0.36872154,-9.65741920,-0.35987577,0.09090335,-0.15603018,-0.18244607,-0.23664084,-1.98378661,0.13213938,0.25656456,1.03887618,,,,,,,3,,,,,,,,,
1.097528,54012,12014871,,178.36250305,0.89905918,-179.67561340,,,,,-0.25862995,0.02493865,-9.90442371,0.10232081,-0.25652543,0.08826232,0.94339501,-3.47467625,1.84067152,0.13021378,0.25995669,1.03941500,,,,,,,3,,,,,,,,,
1.107446,54013,12014971,,178.35246277,0.88585532,-179.66560364,,,,,-0.14380209,0.29768655,-9.80552101,-0.00578456,0.01366267,-0.00461507,-2.74950290,3.22739907,-0.54116549,0.12989865,0.25996003,1.04386628,,,,,,,3,,,,,,,,,
1.117538,54014,12015071,,178.36941528,0.90390605,-179.66026306,,,,,0.17205481,0.28993025,-9.75343990,-0.32745394,0.01160648,-0.06187606,2.38690523,-2.49141502,-1.51557191,0.12995970,0.25851858,1.04483330,,,,,,,3,,,,,,,,,
1.127406,54015,12015171,,178.36109924,0.89055586,-179.66738892,,,,,-0.45348141,0.01684534,-9.87395382,0.30107814,-0.26431209,0.06062222,-0.91919939,0.11997527,1.83077586,0.12994300,0.25755933,1.04382849,,,,,,,3,,,,,,,,,
1.137422,54016,12015271,,178.36875916,0.88900608,-179.64897156,,,,,0.26054180,0.43145999,-9.73540401,-0.41119105,0.15091167,-0.07707524,-0.41866512,1.85594318,-2.91247377,0.13081291,0.26042485,1.04338348,,,,,,,3,,,,,,,,,
1.147549,54017,12015371,,178.38499451,0.91056114,-179.65299988,,,,,-0.19690242,0.05843748,-9.85873318,0.03886749,-0.21782926,0.04271102,2.45049109,-4.21454091,0.17047425,0.12942846,0.25996792,1.04386401,,,,,,,3,,,,,,,,,
1.157381,54018,12015471,,178.36468506,0.87817639,-179.63192749,,,,,-0.24640477,0.22052427,-9.82148075,0.09797087,-0.06129428,0.01071930,-3.36227823,3.77244837,-0.54894903,0.12845516,0.25710550,1.04133999,,,,,,,3,,,,,,,,,
1.167405,54019,12015571,,178.38137817,0.90930885,-179.62864685,,,,,0.28150693,0.35255557,-9.73535919,-0.43747118,0.07568030,-0.07991481,2.21652424,-2.49839825,-2.13376582,0.12897602,0.25901556,1.04384673,,,,,,,3,,,,,,,,,
1.177434,54020,12015671,,178.36636353,0.90070391,-179.63674927,,,,,-0.54539239,-0.06950139,-9.95765114,0.38928613,-0.35110718,0.14339185,-0.88802304,-1.67441351,2.37703091,0.12944570,0.25996742,1.04435885,,,,,,,3,,,,,,,,,
1.187509,54021,12015771,,178.37330627,0.90725619,-179.61445618,,,,,0.31730670,0.45132357,-9.66151714,-0.46969771,0.17218545,-0.15141129,-1.41752113,1.99309445,-2.96210513,0.12895930,0.25805634,1.04284191,,,,,,,3,,,,,,,,,
1.197440,54022,12015871,,178.37854004,0.93646312,-179.62762451,,,,,-0.19139352,0.02952628,-9.97313881,0.02616988,-0.25103551,0.15613031,2.04661944,-5.95788693,1.17543906,0.13723801,0.25551397,1.04976976,,,,,,,3,,,,,,,,,
1.207549,54023,12015971,,178.34294128,0.87984037,-179.61412048,,,,,-0.41522250,0.22322358,-9.77311039,0.26871479,-0.06071240,-0.03500915,-5.24644845,6.68182081,-0.12246041,0.14522229,0.25585955,1.04981530,,,,,,,3,,,,,,,,,
1.217437,54024,12016071,,178.37098694,0.95335054,-179.61250305,,,,,0.54476565,0.30581525,-9.70376778,-0.70838332,0.02670000,-0.11752009,3.52032880,-5.75817775,-1.56502985,0.14923298,0.25963977,1.03208399,,,,,,,3,,,,,,,,,
1.227505,54025,12016171,,178.31451416,0.89244157,-179.59582520,,,,,-0.99239117,-0.06073108,-10.04590893,0.83943528,-0.35314944,0.23831916,-6.02124376,4.43039495,-0.08364072,0.15223679,0.25622776,1.03550828,,,,,,,3,,,,,,,,,
1.237545,54026,12016271,,178.35311890,0.96791208,-179.59332275,,,,,1.04666018,0.66055125,-9.43104172,-1.20799351,0.38110679,-0.38851595,2.66070361,-2.58930785,-2.45866213,0.15045004,0.25769630,1.03898597,,,,,,,3,,,,,,,,,
1.247403,54027,12016371,,178.27346802,0.89426488,-179.57891846,,,,,-1.34270084,-0.38049126,-10.24078751,1.18478668,-0.68196470,0.42887974,-5.97549388,0.71211467,1.02856256,0.14687856,0.25679424,1.04390132,,,,,,,3,,,,,,,,,
1.257416,54028,12016471,,178.32882690,0.98469430,-179.58341980,,,,,1.18503976,0.86610383,-9.29882622,-1.34649038,0.58441114,-0.51729918,2.64046255,-1.17059165,-2.54649345,0.14676632,0.25727746,1.04093981,,,,,,,3,,,,,,,,,
1.267395,54029,12016571,,178.23924255,0.89198184,-179.54765320,,,,,-1.34918833,-0.41437498,-10.45169640,1.18853641,-0.72782969,0.63844681,-6.64144927,1.18416057,-1.13861569,0.14674859,0.25823772,1.04095495,,,,,,,3,,,,,,,,,
1.277537,54030,12016671,,178.30519104,1.01355183,-179.55505371,,,,,1.03037143,0.67037433,-9.19720650,-1.19537365,0.38999274,-0.62241936,4.86446457,-4.38322780,-2.38523781,0.14498793,0.25922558,1.04491985,,,,,,,3,,,,,,,,,
1.287463,54031,12016771,,178.23245239,0.89954299,-179.48268127,,,,,-1.27854288,-0.04138576,-10.42245960,1.11738765,-0.35604963,0.61957574,-7.29419124,5.89089942,-4.37040668,0.14209841,0.25831535,1.04241717,,,,,,,3,,,,,,,,,
1.297616,54032,12016871,,178.27825928,0.99620104,-179.50672913,,,,,0.49535316,0.06780756,-9.53596973,-0.66313845,-0.22106597,-0.29262018,6.57505813,-9.45333783,0.80238458,0.13984403,0.25499296,1.04334271,,,,,,,3,,,,,,,,,
1.307501,54033,12016971,,178.27995300,1.01808929,-179.44029236,,,,,-0.99270791,1.05882454,-9.18782043,0.82451999,0.78700781,-0.58470583,-3.99642949,1.75462992,-5.48768347,0.14154311,0.25640625,1.03892076,,,,,,,3,,,,,,,,,
1.317389,54034,12017071,,178.23092651,0.97098833,-179.43797302,,,,,0.36539817,-0.44920620,-10.84983063,-0.54176253,-0.78589845,1.00665283,1.31870889,1.40458305,1.28708885,0.14135846,0.25400639,1.04580855,,,,,,,3,,,,,,,,,
1.327416,54035,12017171,,178.30630493,1.08682990,-179.45384216,,,,,0.99062061,0.79173642,-8.20200634,-1.15105951,0.53860795,-1.61473799,3.50251076,-7.27720200,-3.07387498,0.14353557,0.25685120,1.04240119,,,,,,,3,,,,,,,,,
1.337415,54036,12017271,,178.27046204,0.96093732,-179.36470032,,,,,-1.93531787,0.13475879,-11.77062511,1.74220181,-0.20132703,1.98483634,-2.66681748,9.61902883,-6.63348015,0.14539705,0.26065910,1.04395509,,,,,,,3,,,,,,,,,
1.347465,54037,12017371,,178.32363892,0.98515916,-179.36267090,,,,,0.44259372,-0.60250533,-9.23407841,-0.59438181,-0.87889051,-0.61250353,2.46335276,-10.30694158,1.27901813,0.14027822,0.25786534,1.04388511,,,,,,,3,,,,,,,,,
1.357509,54038,12017471,,178.29444885,1.14431727,-179.33023071,,,,,0.43293393,2.74699330,-9.23076725,-0.64255637,2.46191859,-0.51842761,-4.97637978,-2.15089146,-4.36175197,0.13912223,0.25836739,1.03795016,,,,,,,3,,,,,,,,,
1.367455,54039,12017571,,178.20909119,0.94346398,-179.28741455,,,,,-0.29089442,-1.57977545,-10.66179752,0.14521903,-1.90953779,0.79377413,-2.92332908,13.89953314,-2.34372477,0.14050320,0.25593922,1.04929817,,,,,,,3,,,,,,,,,
1.377511,54040,12017671,,178.21713257,1.02929699,-179.31359863,,,,,0.54759377,0.15387847,-8.81518364,-0.70868611,-0.12639570,-1.01206017,1.42218082,-10.63247096,-3.21674675,0.14123583,0.25784901,1.04438448,,,,,,,3,,,,,,,,,
1.387461,54041,12017771,,178.21047974,1.02222848,-179.22486877,,,,,-0.12103806,4.15191746,-11.51034164,-0.13463140,3.78149176,1.81650972,-6.03054947,5.25078818,-4.59809146,0.13916506,0.25884601,1.03944230,,,,,,,3,,,,,,,,,
1.397490,54042,12017871,,178.14561462,0.89818174,-179.18360901,,,,,-2.02261448,-4.75707960,-8.79770851,1.96254504,-5.01147318,-1.14993572,-4.75495017,7.21107979,-2.73028061,0.13572459,0.25458097,1.04628408,,,,,,,3,,,,,,,,,
1.407491,54043,12017971,,178.10647583,1.01537609,-179.19741821,,,,,2.85940123,1.81733632,-8.15052128,-3.02772713,1.50706387,-1.66344166,0.18374462,-6.30998233,-3.28290460,0.13756201,0.25503048,1.04531097,,,,,,,3,,,,,,,,,
1.417459,54044,12018071,,178.10917664,0.95879507,-179.10728455,,,,,-1.27209675,3.37563038,-11.90041351,1.01962686,2.99462509,2.20746422,-2.59725606,1.65589943,-6.96954808,0.13756098,0.25695002,1.04633081,,,,,,,3,,,,,,,,,
1.427439,54045,12018171,,178.07788086,0.90697515,-179.03123474,,,,,-1.39720106,-4.84390450,-9.33083153,1.34087658,-5.12873459,-0.63489723,-5.33294895,3.86561045,-3.29710840,0.13569951,0.25314209,1.04477692,,,,,,,3,,,,,,,,,
1.437422,54046,12018271,,177.99774170,1.02365375,-179.07804871,,,,,3.83603168,3.89162040,-7.28304768,-4.03023767,3.57402182,-2.47669506,-3.18287754,-7.07455498,-1.98440367,0.13975003,0.25355610,1.03985620,,,,,,,3,,,,,,,,,
1.447532,54047,12018371,,178.03477478,0.97576565,-178.97924805,,,,,-1.38061726,3.02921391,-13.61520863,1.09889340,2.58792567,3.91536450,4.11876671,2.77075887,-10.27359916,0.13942501,0.25595909,1.04533494,,,,,,,3,,,,,,,,,
1.457556,54048,12018471,,178.00378418,0.88629448,-178.86541748,,,,,-2.70128727,-6.64819574,-8.43597698,2.71518660,-6.88235760,-1.58320153,-8.18119973,5.34783535,-5.70280071,0.13808438,0.25406128,1.04628778,,,,,,,3,,,,,,,,,
1.467646,54049,12018571,,177.91973877,0.99831325,-178.90626526,,,,,2.06248355,2.31365132,-7.96525097,-2.24663353,1.98398590,-1.82459331,-0.10321810,-7.49294889,-2.85384855,0.13748524,0.25359315,1.04231918,,,,,,,3,,,,,,,,,
1.477415,54050,12018671,,178.02531433,1.03936839,-178.81004333,,,,,0.63998771,3.39767289,-13.82692909,-0.95296264,2.89724255,4.09062862,2.58758857,-0.46635811,-8.10217957,0.13471478,0.25555861,1.04481030,,,,,,,3,,,,,,,,,
1.487578,54051,12018771,,177.99693298,0.86208940,-178.65658569,,,,,-4.41168928,-6.18826580,-8.09920692,4.46435976,-6.36378622,-1.87888741,-4.00550297,10.22085814,-11.17834394,0.13533168,0.25506648,1.04876363,,,,,,,3,,,,,,,,,
1.497401,54052,12018871,,177.89117432,0.88903916,-178.64500427,,,,,2.19622970,3.23123145,-7.53188515,-2.38718295,2.90524673,-2.23584557,-4.98886835,-11.87479784,0.49138211,0.13524553,0.25506902,1.04628944,,,,,,,3,,,,,,,,,
1.507598,54053,12018971,,178.04678345,1.18846226,-178.68199158,,,,,5.15114975,4.26374197,-12.89598083,-5.46890831,3.70473385,3.08542013,8.79616606,-6.70939130,-3.98739400,0.13972139,0.25883558,1.04191864,,,,,,,3,,,,,,,,,
1.517460,54054,12019071,,178.08364868,1.00619984,-178.45739746,,,,,-6.53308201,-5.94886351,-9.85564804,6.54879093,-6.08350611,-0.05345774,-3.59747045,10.59482039,-19.86452945,0.14702576,0.25535029,1.04734254,,,,,,,3,,,,,,,,,
1.527482,54055,12019171,,177.88652039,0.83583987,-178.30438232,,,,,0.13996392,1.84602070,-9.25113678,-0.29308844,1.52749562,-0.55091143,-11.73750933,0.05455821,-1.55993901,0.13885786,0.25068530,1.05316484,,,,,,,3,,,,,,,,,
1.537443,54056,12019271,,177.91735840,1.12573755,-178.48454285,,,,,3.80994606,6.04717588,-4.56706047,-4.04471397,5.79095697,-5.13496780,-0.10659065,-11.38978099,2.49716433,0.13750196,0.25455239,1.04332399,,,,,,,3,,,,,,,,,
1.547474,54057,12019371,,177.94070435,1.20259404,-178.45579529,,,,,0.11958163,-5.26967430,-18.10727501,-0.30150461,-5.89496326,8.06608486,7.00903554,-3.17149333,-11.23101580,0.14458033,0.25491276,1.04435480,,,,,,,3,,,,,,,,,
1.557490,54058,12019471,,177.80264282,0.93282157,-178.16468811,,,,,-4.90700102,-3.67673230,-9.32119083,4.93793678,-3.85922170,-0.56963062,-20.45176350,21.75326117,-13.25708811,0.14025955,0.25114170,1.05317903,,,,,,,3,,,,,,,,,
1.567503,54059,12019571,,177.63658142,0.87754208,-178.18092346,,,,,1.20561838,4.61419821,-1.62965953,-1.38399744,4.53835773,-8.05348015,-5.69783388,-11.78119352,-1.67800171,0.13743109,0.24879004,1.05164337,,,,,,,3,,,,,,,,,
1.577575,54060,12019671,,177.82223511,1.17115605,-178.26727295,,,,,8.01140499,3.51299596,-17.38267326,-8.36570644,2.61661601,7.51350498,11.33297601,-1.38274853,3.96917362,0.14647831,0.25488061,1.04485857,,,,,,,3,,,,,,,,,
1.587436,54061,12019771,,177.84831238,1.01139355,-178.08801270,,,,,-4.01331615,-0.84125930,-11.01090717,3.87977934,-1.06282210,1.23810387,-18.52356865,9.14599298,-17.43697776,0.14915708,0.25387165,1.05376160,,,,,,,3,,,,,,,,,
1.597484,54062,12019871,,177.44064331,0.79721981,-177.86248779,,,,,-4.05737257,-1.76999891,-6.87293577,4.06656790,-1.87179828,-2.99982548,-23.14558669,12.53400843,-7.96295555,0.14056538,0.24297479,1.05750406,,,,,,,3,,,,,,,,,
1.607433,54063,12019971,,177.16197205,0.81642687,-177.92919922,,,,,2.77181149,4.75672579,-1.43766463,-2.95114374,4.62077808,-8.21463966,-22.16007236,0.38111356,-2.25323651,0.13065019,0.23978311,1.05443525,,,,,,,3,,,,,,,,,
1.617433,54064,12020071,,177.21794128,0.88918859,-178.02525330,,,,,11.01286793,5.40281582,-19.23509026,-11.43610382,4.09338427,9.47722626,5.68621402,-3.20423875,4.00797976,0.13010904,0.24363212,1.05449355,,,,,,,3,,,,,,,,,
1.627431,54065,12020171,,177.31950378,1.06884170,-177.92413330,,,,,-3.21407962,-5.88992119,-8.98775196,3.26890469,-6.14254856,-1.10720515,-12.69461008,-8.54837704,-11.68204478,0.12882011,0.24173276,1.05693078,,,,,,,3,,,,,,,,,
1.637511,54066,12020271,,176.89073181,0.89526814,-177.67033386,,,,,-8.79396534,-3.51068187,-10.11384392,8.82414818,-3.61941934,0.17808914,-23.90197038,10.68978137,-11.71389993,0.12576419,0.23650260,1.06079066,,,,,,,3,,,,,,,,,
1.647454,54067,12020371,,176.79927063,0.66541648,-177.57756042,,,,,-2.06226468,2.45438695,-6.66220570,1.92951107,2.24943638,-3.08151531,-1.64317511,2.57108619,-11.78272006,0.12817183,0.23646729,1.04892802,,,,,,,3,,,,,,,,,
1.657501,54068,12020471,,176.84045410,0.96544141,-177.76049805,,,,,14.71289444,10.16964722,-9.91164494,-15.23885155,9.04990196,0.31372261,-6.10153349,-15.42681894,14.99213716,0.13854347,0.24253666,1.03967571,,,,,,,3,,,,,,,,,
1.667439,54069,12020571,,176.97850037,1.45485342,-178.04499817,,,,,4.32069921,0.71931285,-13.08337402,-4.54554224,0.06416607,3.01869607,16.06305789,-33.72232074,-1.95273998,0.14302522,0.24197820,1.04661596,,,,,,,3,,,,,,,,,
1.677441,54070,12020671,,177.11384583,1.42485237,-177.59799194,,,,,-15.08685684,-10.04998684,-7.39975882,15.37759590,-9.66782379,-2.63515377,-4.04268225,12.25199077,-21.46374482,0.13682264,0.24015832,1.05645120,,,,,,,3,,,,,,,,,
1.687584,54071,12020771,,176.80639648,0.77915692,-177.22219849,,,,,-3.61581588,-3.47548866,-11.81684589,3.70760536,-3.78470469,1.58449626,-4.53259848,20.52673336,-17.14937728,0.12834258,0.23934153,1.05540621,,,,,,,3,,,,,,,,,
1.697479,54072,12020871,,176.76939392,0.66140360,-177.14640808,,,,,-1.18612659,2.82621670,-6.68835926,1.03015709,2.65897369,-3.15013433,-0.11483398,-3.93384617,-6.08725327,0.14503652,0.22993986,1.05732012,,,,,,,3,,,,,,,,,
1.707483,54073,12020971,,177.02377319,1.22697258,-177.51821899,,,,,7.82835388,8.86837673,-10.06131554,-8.31079483,8.03246593,0.40646541,14.41000014,-21.07582934,27.31830976,0.15662470,0.23502554,1.05547976,,,,,,,3,,,,,,,,,
1.717498,54074,12021071,,177.13792419,1.64257085,-178.08625793,,,,,9.04555702,4.84375000,-9.85529900,-9.35173035,4.20507574,-0.10500002,14.29571912,-25.57127373,22.15176002,0.17993444,0.23462382,1.07686496,,,,,,,3,,,,,,,,,
1.727574,54075,12021171,,177.44032288,1.91094315,-178.06536865,,,,,-8.05032730,-4.79953575,-8.89625359,8.01211929,-4.85511208,-1.07971811,12.45894807,-13.81107537,9.96125034,0.18318403,0.22256680,1.08262753,,,,,,,3,,,,,,,,,
1.737457,54076,12021271,,177.36793518,1.69227302,-178.06028748,,,,,-1.96587300,-5.70624590,-12.62766075,1.86787701,-6.11801195,2.49146032,-0.02930148,1.66603821,19.79576993,0.17283790,0.22658001,1.08461821,,,,,,,3,,,,,,,,,
1.747473,54077,12021371,,177.32237244,1.45960259,-178.21931458,,,,,-5.92802525,-2.88140655,-10.60452271,5.78550816,-3.12645817,0.67118800,9.94737652,-0.49489667,25.86950882,0.16319624,0.23682271,1.08324766,,,,,,,3,,,,,,,,,
1.757498,54078,12021471,,177.45228577,1.46518254,-178.51211548,,,,,-0.41101235,1.65701270,-9.42715359,0.16077757,1.28246677,-0.39234924,13.76935572,-14.55565392,31.06941380,0.15029258,0.24329279,1.05359983,,,,,,,3,,,,,,,,,
1.767510,54079,12021571,,177.60147095,1.74783337,-178.89724731,,,,,0.30351076,-0.66830730,-10.79604816,-0.60935926,-1.10938978,0.88725340,16.75295481,-27.77370921,32.52830464,0.16595346,0.23678303,1.06792331,,,,,,,3,,,,,,,,,
1.777514,54080,12021671,,177.76638794,1.91598165,-179.26867676,,,,,-0.01603149,2.48317337,-8.91244602,-0.28342581,2.17050314,-0.86978698,9.35709279,-15.23579221,42.01277021,0.17584896,0.23517062,1.08130598,,,,,,,3,,,,,,,,,
1.787601,54081,12021771,,177.76353455,2.14612126,-179.84324646,,,,,0.69237787,-0.57551765,-9.48723507,-1.03168678,-0.92525434,-0.42659807,8.50489264,-19.02145188,48.05474872,0.17358612,0.24097204,1.07347035,,,,,,,3,,,,,,,,,
1.797481,54082,12021871,,177.87870789,2.33486509,179.63684082,,,,,-0.70113933,1.29610789,-8.50178242,0.37508392,0.99548864,-1.27606785,9.65347006,-16.40790560,48.98120241,0.17104867,0.24486203,1.05669737,,,,,,,3,,,,,,,,,
1.807560,54083,12021971,,177.95202637,2.51540065,179.09988403,,,,,-1.90276408,0.56830949,-9.92444134,1.48934460,0.20519733,0.16119826,7.24584033,-4.04555818,47.10273304,0.18032292,0.24518743,1.05328572,,,,,,,3,,,,,,,,,
1.817508,54084,12022071,,177.99789429,2.55312634,178.59082031,,,,,-1.44643581,0.18454361,-9.03709316,1.06273568,-0.13906133,-0.76244259,6.01751320,-1.74363513,48.97434831,0.18852384,0.24312724,1.05824184,,,,,,,3,,,,,,,,,
1.827500,54085,12022171,,178.03831482,2.53666282,178.10682678,,,,,-2.07965088,-1.39078987,-10.37113190,1.58848214,-1.78564513,0.54653800,2.75063158,5.48249765,49.36749400,0.18912503,0.23975635,1.06017053,,,,,,,3,,,,,,,,,
1.837541,54086,12022271,,178.03005981,2.35031152,177.66058350,,,,,-0.87029177,-0.73064876,-10.67683220,0.40594459,-1.11297083,0.82370031,-2.52069732,11.78836521,53.02727328,0.18415537,0.24128301,1.05324316,,,,,,,3,,,,,,,,,
1.847562,54087,12022371,,177.87620544,2.08730292,177.12870789,,,,,-1.20874453,-1.83080566,-10.21904945,0.73317122,-2.24064732,0.33158636,-11.30666612,7.51427445,59.62051636,0.19013780,0.24262357,1.05032575,,,,,,,3,,,,,,,,,
1.857490,54088,12022471,,177.72848511,1.89752710,176.62387085,,,,,0.95645869,-1.67097807,-9.43129635,-1.37528086,-1.94570446,-0.53019238,-4.92292160,0.02194316,57.64694686,0.19599077,0.24444781,1.04395223,,,,,,,3,,,,,,,,,
1.867589,54089,12022571,,177.67437744,1.91621256,176.09101868,,,,,0.13428770,1.23847115,-9.65169334,-0.37374020,0.88899910,-0.16094625,-7.27746240,-1.79034829,55.95532757,0.19935200,0.24247085,1.04492724,,,,,,,3,,,,,,,,,
1.877547,54090,12022671,,177.58967590,1.93681562,175.56719971,,,,,2.54551291,3.32859755,-10.29288673,-2.63502669,3.12627172,0.48001528,-11.09183021,0.60201906,49.05605786,0.21130171,0.24131340,1.03655791,,,,,,,3,,,,,,,,,
1.887478,54091,12022771,,177.49023438,2.01516056,175.02291870,,,,,-0.02514873,2.15427327,-8.65679932,-0.09684515,1.80306435,-1.11566722,-8.42638389,-0.63983307,44.74243823,0.21597116,0.23739620,1.03355074,,,,,,,3,,,,,,,,,
1.897612,54092,12022871,,177.39158630,2.01376867,174.59722900,,,,,0.33866969,0.49265468,-9.90572834,-0.64645171,0.11997938,0.04804301,-4.86898487,9.46168518,35.78124712,0.19917443,0.23623767,1.03641677,,,,,,,3,,,,,,,,,
1.907446,54093,12022971,,177.39138794,1.93679833,174.25177002,,,,,0.36343843,1.41689074,-9.50447083,-0.54870462,1.06096935,-0.31590497,-4.93449919,8.49993734,31.05622812,0.19685847,0.23531647,1.03688526,,,,,,,3,,,,,,,,,
1.917502,54094,12023071,,177.30978394,1.90802896,173.94404602,,,,,0.52471918,0.83746946,-10.06007385,-0.77632976,0.47492838,0.21187615,-2.21401628,6.17092736,25.04529282,0.21360454,0.23455696,1.03151488,,,,,,,3,,,,,,,,,
1.927457,54095,12023171,,177.40380859,1.78425491,173.76702881,,,,,-0.69865531,0.36547786,-9.38035679,0.43653870,-0.08175468,-0.46504784,6.55497609,12.78571541,15.69110628,0.20645878,0.23131931,1.02697504,,,,,,,3,,,,,,,,,
1.937583,54096,12023271,,177.44692993,1.71214461,173.57312012,,,,,1.33834732,-0.08558539,-10.24893188,-1.65478277,-0.32657576,0.32895553,8.64364452,8.09617754,18.34105234,0.19353178,0.22768897,1.04515874,,,,,,,3,,,,,,,,,
1.947501,54097,12023371,,177.55732727,1.60519254,173.40641785,,,,,-1.24786556,1.27360606,-9.18484592,1.12666559,0.78456926,-0.61346889,6.47148300,6.83623346,21.41671043,0.19482072,0.22958831,1.04272151,,,,,,,3,,,,,,,,,
1.957516,54098,12023471,,177.57466125,1.53711677,173.22520447,,,,,0.79207468,-0.56736308,-10.43662739,-1.13248777,-0.84769011,0.50197744,5.38484046,8.68845142,16.13212135,0.19166237,0.23204510,1.03433371,,,,,,,3,,,,,,,,,
1.967460,54099,12023571,,177.69772339,1.41221428,173.14729309,,,,,-1.37181818,0.40888330,-9.23921013,1.18618679,-0.07312155,-0.59907389,7.34506505,6.12130091,13.13608704,0.18763743,0.23211025,1.04025161,,,,,,,3,,,,,,,,,
1.977418,54100,12023671,,177.74490356,1.32778609,173.06349182,,,,,0.10566376,-1.98703742,-10.61808681,-0.59429479,-2.31723642,0.65173447,8.71985236,5.83368207,8.92431663,0.18364644,0.23313417,1.04766917,,,,,,,3,,,,,,,,,
1.987474,54101,12023771,,177.81097412,1.13256025,173.05224609,,,,,-2.10675454,1.17927587,-9.53263760,2.05357075,0.61244011,-0.27147508,2.34134210,8.87525026,9.99564119,0.18222752,0.23267828,1.04716015,,,,,,,3,,,,,,,,,
1.997477,54102,12023871,,177.81333923,1.02239394,173.00376892,,,,,-0.22526897,-2.70630622,-9.89818573,-0.29117012,-3.03125215,-0.10336566,8.66662811,3.58066435,5.19349655,0.18161851,0.23460978,1.04421902,,,,,,,3,,,,,,,,,
2.007476,54103,12023971,,177.90208435,0.93408954,173.01856995,,,,,-3.50658035,-0.02453791,-10.10888958,3.31814504,-0.75756741,0.26789069,6.05389079,0.93811794,6.31348664,0.18206993,0.23748168,1.04525638,,,,,,,3,,,,,,,,,
2.017472,54104,12024071,,177.90400696,0.81357080,172.97895813,,,,,0.75121874,-1.23002970,-10.77927208,-1.06060624,-1.47032452,0.83579648,2.52059722,6.11656076,5.50250669,0.18158251,0.23749010,1.04475927,,,,,,,3,,,,,,,,,
2.027514,54105,12024171,,177.95188904,0.73064923,172.95951843,,,,,-2.02209735,0.07901894,-9.63762951,1.88062274,-0.45461488,-0.24979329,10.52633238,-4.73935514,2.16734111,0.18253073,0.23891367,1.04577613,,,,,,,3,,,,,,,,,
2.037528,54106,12024271,,178.03985596,0.77239984,172.95271301,,,,,1.90725958,0.07488284,-10.07635403,-2.01198745,0.01936972,0.16035151,5.47630566,-2.59786096,2.60463949,0.18582100,0.24077781,1.04681158,,,,,,,3,,,,,,,,,
2.047776,54107,12024371,,178.07460022,0.84059614,172.90495300,,,,,-3.13904572,-1.18852270,-9.04850483,2.83597660,-1.82505512,-0.82862294,4.84661174,-7.76516779,2.31770474,0.18023098,0.23991150,1.04775941,,,,,,,3,,,,,,,,,
2.057477,54108,12024471,,178.14584351,0.81478798,172.87419128,,,,,2.04597163,1.83218479,-10.07369614,-1.93863308,1.79700661,0.20870948,8.21283461,1.89589445,3.17206386,0.18580429,0.23981854,1.04580677,,,,,,,3,,,,,,,,,
2.067492,54109,12024571,,178.19624329,0.90330547,172.81530762,,,,,-1.46684492,-0.46394119,-9.22761822,1.24893677,-0.88925719,-0.64246964,2.69428530,-8.07559391,2.52223625,0.18786967,0.24218674,1.03892803,,,,,,,3,,,,,,,,,
2.077571,54110,12024671,,178.27049255,0.94232672,172.81518555,,,,,0.73290992,0.25043970,-10.44638157,-0.87409765,0.07201385,0.55929184,10.54415063,0.00074809,-0.85380945,0.18733843,0.24363609,1.03795886,,,,,,,3,,,,,,,,,
2.087461,54111,12024771,,178.35224915,0.93429422,172.80435181,,,,,-1.97327828,1.42383838,-9.83625984,1.96641350,0.93261862,0.01511908,4.73618721,-2.30819818,1.54229855,0.18570724,0.24414028,1.04538000,,,,,,,3,,,,,,,,,
2.097522,54112,12024871,,178.37857056,0.88249880,172.80007935,,,,,1.21594107,-0.51550388,-9.90874958,-1.42705798,-0.58546066,-0.01665664,8.82329130,4.33421607,-3.62251505,0.19156072,0.24500476,1.03849638,,,,,,,3,,,,,,,,,
2.107532,54113,12024971,,178.49575806,0.92475706,172.84246826,,,,,-0.68651527,0.83478278,-9.96465206,0.62576270,0.53723049,0.10561728,6.26748958,-2.72563352,-2.04754365,0.19898868,0.24536079,1.03606546,,,,,,,3,,,,,,,,,
2.117602,54114,12025071,,178.54850769,0.91402733,172.85812378,,,,,-0.12510936,-1.29068518,-9.60079765,-0.17871755,-1.49371052,-0.30026555,4.80013699,6.27480258,-0.29641890,0.19487710,0.24638824,1.04001927,,,,,,,3,,,,,,,,,
2.127477,54115,12025171,,178.61137390,0.84188008,172.85845947,,,,,-0.46517882,2.08854222,-10.45325661,0.57852125,1.81049180,0.62175310,5.83506134,6.72607446,-2.56127057,0.19246612,0.24594970,1.03802121,,,,,,,3,,,,,,,,,
2.137482,54116,12025271,,178.67314148,0.79345077,172.85813904,,,,,0.45593917,-0.88339412,-8.51965809,-0.64932382,-0.97127557,-1.38069797,4.52868180,6.98378561,-4.73899399,0.19614045,0.24780847,1.03658473,,,,,,,3,,,,,,,,,
2.147597,54117,12025371,,178.72021484,0.81973356,172.90325928,,,,,0.16754225,-0.38111269,-10.17482758,-0.33461046,-0.53474617,0.28569627,1.89032187,4.78037726,-3.49618046,0.19195895,0.25075749,1.03957903,,,,,,,3,,,,,,,,,
2.157444,54118,12025471,,178.75828552,0.77067000,172.90890503,,,,,-0.42408356,1.47156870,-10.00067520,0.49043846,1.24058390,0.15294337,0.07220080,7.05889763,-0.29624347,0.18544525,0.25086626,1.04152715,,,,,,,3,,,,,,,,,
2.167608,54119,12025571,,178.73260498,0.77167851,172.88394165,,,,,0.71299326,0.35922310,-9.29586411,-0.75818062,0.28404188,-0.59556746,-2.82159021,4.91819809,-2.36654721,0.18220614,0.24996038,1.04248607,,,,,,,3,,,,,,,,,
2.177474,54120,12025671,,178.77262878,0.81149018,172.92079163,,,,,0.40912718,0.62237191,-9.53280449,-0.45309973,0.50837278,-0.35969543,-2.37489754,1.49028420,-4.35543576,0.18481548,0.24991323,1.04991972,,,,,,,3,,,,,,,,,
2.187498,54121,12025771,,178.64828491,0.81763214,172.91952515,,,,,0.42125955,-0.94480914,-10.06427670,-0.65264082,-1.07585144,0.13404822,-10.56525933,5.56901139,-2.05763077,0.18353491,0.24849349,1.05285943,,,,,,,3,,,,,,,,,
2.197487,54122,12025871,,178.66661072,0.72467846,172.96768188,,,,,-0.76335722,1.31962991,-10.89142799,0.79146981,1.01426053,1.05757070,6.26771754,4.44096253,-7.20059033,0.18099448,0.24853863,1.04740500,,,,,,,3,,,,,,,,,
2.207633,54123,12025971,,178.67668152,0.66920686,173.05932617,,,,,-0.14470589,-1.64212263,-9.33408546,-0.15272045,-1.82562804,-0.60056341,-8.01731959,5.12844754,-4.41981242,0.18696956,0.24748003,1.04296541,,,,,,,3,,,,,,,,,
2.217482,54124,12026071,,178.59890747,0.62291169,173.10287476,,,,,-0.08015992,0.30595976,-10.00173569,0.02785516,0.09582138,0.13430560,-2.12436898,2.22144816,-7.34870042,0.18463638,0.24655932,1.04293919,,,,,,,3,,,,,,,,,
2.227426,54125,12026171,,178.58070374,0.58973974,173.16821289,,,,,-0.01783893,0.24284804,-10.70236206,-0.04977846,0.01184034,0.81968200,-5.11041456,0.03795878,-3.87618913,0.18057698,0.24662550,1.04786742,,,,,,,3,,,,,,,,,
2.237610,54126,12026271,,178.56210327,0.57688040,173.24330139,,,,,-0.52300149,0.48405448,-9.90940475,0.50861907,0.20609474,0.05827188,1.81842175,0.44927912,-8.73646509,0.18115787,0.24901371,1.05236101,,,,,,,3,,,,,,,,,
2.247510,54127,12026371,,178.50569153,0.54465950,173.33169556,,,,,0.24963742,-0.60659844,-9.38127518,-0.39785600,-0.78791118,-0.51944780,-13.80863784,-3.32586265,-5.06631416,0.18081819,0.24661840,1.05479515,,,,,,,3,,,,,,,,,
2.257529,54128,12026471,,178.41537476,0.54030460,173.39294434,,,,,-0.45727831,-1.11682463,-9.91557503,0.24608874,-1.39746761,0.03491533,1.90974651,-1.50188560,-7.32143260,0.18188018,0.24467948,1.05724359,,,,,,,3,,,,,,,,,
2.267524,54129,12026571,,178.37515259,0.51108599,173.49218750,,,,,-1.22960484,0.16329128,-10.04717731,1.14699864,-0.23079157,0.19718361,-7.83459495,-4.67011794,-3.55029925,0.18082756,0.24517851,1.05427766,,,,,,,3,,,,,,,,,
2.277642,54130,12026671,,178.34971619,0.56032300,173.56697083,,,,,1.23834884,-1.34844017,-8.68581867,-1.46352577,-1.42636228,-1.22761726,0.66758690,-7.19048336,-7.78712599,0.18197082,0.24564250,1.04686928,,,,,,,3,,,,,,,,,
2.287520,54131,12026771,,178.37387085,0.69426817,173.67904663,,,,,-0.18852888,1.08263767,-9.93031120,0.18929681,0.81339788,0.10346138,-1.15736926,-9.92254024,-4.82484008,0.18294567,0.24562566,1.04786348,,,,,,,3,,,,,,,,,
2.297638,54132,12026871,,178.38218689,0.85047418,173.68415833,,,,,2.77949023,0.97034836,-11.10798073,-2.82661605,1.00048029,1.22461247,-2.93547913,-9.33684469,-1.26392405,0.18445225,0.24319969,1.04931688,,,,,,,3,,,,,,,,,
2.307694,54133,12026971,,178.37371826,0.96092010,173.67549133,,,,,0.15102661,3.93833113,-7.94662523,0.15533352,3.74359751,-1.80673945,-3.97406361,-2.03736155,-2.30256819,0.18733442,0.24171078,1.05029726,,,,,,,3,,,,,,,,,
2.317583,54134,12027071,,178.30528259,1.12426734,173.58915710,,,,,3.57499790,0.10907508,-9.26917839,-3.71809602,0.26498508,-0.65241075,-4.78881382,-2.64875184,-1.98078453,0.18771848,0.24170540,1.04782534,,,,,,,3,,,,,,,,,
2.327543,54135,12027171,,178.29089355,1.23712695,173.57145691,,,,,-1.97951174,2.92856789,-8.44460678,2.12787533,2.47149563,-1.28443670,-7.03016388,-3.63789109,-5.57987993,0.18737091,0.23787069,1.04924715,,,,,,,3,,,,,,,,,
2.337495,54136,12027271,,178.24673462,1.26013494,173.61608887,,,,,0.52661842,-0.98166633,-10.23320389,-0.85205573,-1.18924117,0.32878637,-6.45989601,8.25840478,-8.97937137,0.18843976,0.23929073,1.05372787,,,,,,,3,,,,,,,,,
2.347561,54137,12027371,,178.18812561,1.20863068,173.68609619,,,,,-2.70906019,-0.36913520,-9.95490551,2.44664288,-0.93166173,0.13258362,-3.04009031,4.87509576,-11.23850254,0.18795180,0.24025892,1.05374074,,,,,,,3,,,,,,,,,
2.357527,54138,12027471,,178.10943604,1.12723327,173.81408691,,,,,-0.52608645,-1.41450524,-9.50610161,0.18163896,-1.74043965,-0.39330399,-8.09591714,5.42803031,-8.91696479,0.18706416,0.23835370,1.05420089,,,,,,,3,,,,,,,,,
2.367561,54139,12027571,,178.12956238,0.96240646,173.98402405,,,,,-1.36460161,-0.41780597,-12.92518520,1.10411453,-0.92870426,3.09279394,7.98592292,7.81654020,-17.14916896,0.18456551,0.24079698,1.05125844,,,,,,,3,,,,,,,,,
2.377532,54140,12027671,,178.12713623,0.76799685,174.19613647,,,,,-1.14827263,-2.29971647,-10.06717777,0.76286864,-2.70947886,0.13689971,-10.07016112,-0.43079679,-7.23853459,0.18124810,0.24133304,1.05075550,,,,,,,3,,,,,,,,,
2.387513,54141,12027771,,178.02227783,0.74946415,174.30024719,,,,,0.43811220,-1.20701599,-8.53518486,-0.66279858,-1.42526937,-1.36360550,-0.11974477,-6.35451046,-7.71815987,0.18089168,0.23797847,1.05218494,,,,,,,3,,,,,,,,,
2.397574,54142,12027871,,178.06222534,0.78912646,174.39389038,,,,,-0.41485411,1.38628459,-10.28373051,0.41395614,1.01902652,0.48347783,1.90633141,-13.23723531,-1.77696026,0.18212059,0.23939970,1.04776073,,,,,,,3,,,,,,,,,
2.407632,54143,12027971,,178.15386963,1.00811219,174.41821289,,,,,1.89664304,1.72661209,-7.25633001,-1.80117071,1.68820572,-2.57095861,5.09433288,-17.66784157,-2.88323309,0.18172717,0.24084498,1.05075026,,,,,,,3,,,,,,,,,
2.417535,54144,12028071,,178.20240784,1.31916630,174.35685730,,,,,0.84042388,3.45544481,-7.65302992,-0.62171125,3.30139852,-2.10360861,2.19778604,-13.48607106,0.65462507,0.18834423,0.24073316,1.05177116,,,,,,,3,,,,,,,,,
2.427479,54145,12028171,,178.17526245,1.55761826,174.26408386,,,,,1.38520539,0.58329052,-10.94440174,-1.56484723,0.41134596,1.07351017,0.67773822,-1.63767456,-5.10811150,0.19338681,0.24112979,1.04833937,,,,,,,3,,,,,,,,,
2.437569,54146,12028271,,178.29925537,1.58357465,174.31663513,,,,,-1.91968250,-0.76928765,-11.61656475,1.58300829,-1.26271558,1.78872347,8.15706099,7.98834593,-14.38718731,0.19097480,0.24261078,1.04736125,,,,,,,3,,,,,,,,,
2.447533,54147,12028371,,178.31297302,1.46265173,174.48094177,,,,,-1.65637469,-1.21060729,-11.73945332,1.26177311,-1.67477965,1.88290226,-1.21362270,9.23960158,-12.59263450,0.18926583,0.24359715,1.05281067,,,,,,,3,,,,,,,,,
2.457587,54148,12028471,,178.27200317,1.23068714,174.65902710,,,,,-0.39339328,-1.57342577,-9.84063625,0.06054473,-1.87504458,-0.03517675,-1.45307024,7.49062236,-12.48434356,0.18592232,0.24461384,1.05182040,,,,,,,3,,,,,,,,,
2.467638,54149,12028571,,178.23318481,0.99511790,174.81214905,,,,,-0.06269778,-1.33166003,-10.18194294,-0.23640895,-1.61698723,0.28466797,-3.01235803,-1.00083605,-5.99242890,0.18073356,0.24374165,1.05079114,,,,,,,3,,,,,,,,,
2.477511,54150,12028671,,178.26620483,1.00548136,174.92982483,,,,,1.50015950,1.73063135,-7.90292645,-1.45975089,1.63379216,-1.91706038,5.11158039,-14.17837733,-3.84638901,0.18358915,0.24369314,1.05179417,,,,,,,3,,,,,,,,,
2.487715,54151,12028771,,178.32586670,1.28201389,174.90412903,,,,,0.54178953,3.33348727,-8.05211544,-0.39666700,3.15840602,-1.70608711,3.71443360,-11.40096798,2.57088705,0.18992269,0.24215001,1.04388535,,,,,,,3,,,,,,,,,
2.497623,54152,12028871,,178.33337402,1.48653162,174.77810669,,,,,1.78703892,0.26567125,-11.21456432,-2.02860785,0.13558531,1.33217788,2.54761190,2.20342330,-1.64029736,0.19502583,0.24206498,1.04193056,,,,,,,3,,,,,,,,,
2.507756,54153,12028971,,178.43501282,1.47502339,174.80261230,,,,,-2.01660013,0.03552290,-10.35577011,1.77132046,-0.39504114,0.54601550,4.11315742,13.83873848,-10.86241269,0.19427396,0.24399477,1.04838920,,,,,,,3,,,,,,,,,
2.517557,54154,12029071,,178.44029236,1.37832487,174.92245483,,,,,-1.74930787,-1.07806420,-10.66383266,1.41478717,-1.48851800,0.81639194,-2.36612822,10.15365762,-9.36153326,0.18727131,0.24699128,1.05137014,,,,,,,3,,,,,,,,,
2.527673,54155,12029171,,178.42645264,1.17278981,175.05595398,,,,,-0.39959681,-2.07227206,-10.05734539,0.03037691,-2.34631157,0.16078830,1.23833827,10.12045949,-9.71278001,0.18016787,0.24519199,1.04883218,,,,,,,3,,,,,,,,,
2.537635,54156,12029271,,178.39979553,0.90867203,175.19268799,,,,,-0.82168263,-0.70438057,-11.26210785,0.57927728,-1.05261183,1.40582728,1.65570135,1.73772766,-3.84740629,0.17553490,0.24526910,1.05078924,,,,,,,3,,,,,,,,,
2.547679,54157,12029371,,178.40855408,0.86467803,175.29025269,,,,,0.98349994,0.56891996,-7.60467196,-1.02338445,0.45246625,-2.24302077,2.79029727,-9.94416974,-1.23815225,0.17601244,0.24766037,1.05231369,,,,,,,3,,,,,,,,,
2.557561,54158,12029471,,178.48483276,1.13567841,175.23356628,,,,,1.40058732,3.56256509,-7.50945568,-1.21715391,3.49367142,-2.27563500,2.97922500,-16.32930891,6.27951883,0.18196145,0.24708240,1.04738688,,,,,,,3,,,,,,,,,
2.567495,54159,12029571,,178.47346497,1.39490867,175.05810547,,,,,1.22001791,2.03293276,-10.57007599,-1.26234627,1.87671995,0.75075769,0.43403512,-0.23828033,2.68078842,0.18910925,0.24648100,1.04988694,,,,,,,3,,,,,,,,,
2.577641,54160,12029671,,178.58030701,1.39162159,175.05363464,,,,,-1.44800222,-1.16570675,-10.09232807,1.14737248,-1.51047373,0.24681473,5.11205722,15.16459944,-9.91831406,0.19375944,0.24640337,1.04842472,,,,,,,3,,,,,,,,,
2.587535,54161,12029771,,178.55210876,1.21794510,175.17646790,,,,,-1.61170459,-1.87496340,-11.84173584,1.23329413,-2.28041005,1.97193933,-4.63936629,13.18083930,-9.34018551,0.18897244,0.24456553,1.04490840,,,,,,,3,,,,,,,,,
2.597677,54162,12029871,,178.45820618,0.99364197,175.31285095,,,,,0.14000638,-2.80213642,-10.84640884,-0.51762527,-3.04957819,0.94230962,-3.74293427,6.32634959,-7.60659470,0.18433014,0.24608254,1.04738283,,,,,,,3,,,,,,,,,
2.607602,54163,12029971,,178.48388672,0.84299409,175.41067505,,,,,-1.36227787,0.85702997,-10.16882801,1.29329824,0.49812365,0.36702919,2.27350616,-5.22015948,0.87593121,0.17891186,0.24617094,1.05378902,,,,,,,3,,,,,,,,,
2.617746,54164,12030071,,178.51454163,0.89719629,175.44172668,,,,,1.49856853,2.09211326,-7.63745832,-1.39116359,2.01531076,-2.17621350,1.84982867,-18.69884155,2.97839555,0.17691937,0.24572602,1.05030859,,,,,,,3,,,,,,,,,
2.627591,54165,12030171,,178.54881287,1.21149004,175.33012390,,,,,1.95201826,2.18994141,-7.71376276,-1.89599431,2.16959190,-2.11721182,1.01559481,-11.64722106,7.71905035,0.18806653,0.24458034,1.04589355,,,,,,,3,,,,,,,,,
2.637746,54166,12030271,,178.51045227,1.48537183,175.14442444,,,,,-0.29613253,1.01884949,-10.07997608,0.15716064,0.76037908,0.25719142,-1.88173953,5.02753064,-0.54282331,0.19748697,0.24538131,1.04694295,,,,,,,3,,,,,,,,,
2.647626,54167,12030371,,178.59266663,1.32205415,175.20564270,,,,,-2.01121497,-1.19229877,-11.55502796,1.68156075,-1.61049175,1.71670008,3.02012993,21.69342359,-10.82603937,0.19186878,0.24883471,1.04944324,,,,,,,3,,,,,,,,,
2.657624,54168,12030471,,178.56646729,1.01875162,175.37705994,,,,,-1.09523737,-2.39297295,-11.99685478,0.69498324,-2.75558138,2.10362196,-4.24758408,8.43546889,-6.97212562,0.18160146,0.25044620,1.05238593,,,,,,,3,,,,,,,,,
2.667632,54169,12030571,,178.49768066,0.86561257,175.48899841,,,,,1.17599118,-1.69637311,-8.57277775,-1.41760457,-1.81064200,-1.31412029,-2.87745966,-6.10135377,-1.47020846,0.17777106,0.25051153,1.05038869,,,,,,,3,,,,,,,,,
2.677533,54170,12030671,,178.50283813,0.95710951,175.48170471,,,,,-0.27830979,2.28141689,-9.06205177,0.32898760,2.03107166,-0.71606088,2.12643959,-20.70972437,8.61839417,0.17929487,0.24808511,1.05233693,,,,,,,3,,,,,,,,,
2.687682,54171,12030771,,178.49433899,1.23164678,175.35713196,,,,,1.75119495,3.22139740,-8.55791759,-1.64888132,3.15025854,-1.24052000,-0.50547482,-9.04251818,6.53327188,0.18825604,0.24457477,1.05133677,,,,,,,3,,,,,,,,,
2.697577,54172,12030871,,178.54859924,1.42366457,175.24253845,,,,,-0.19434778,0.39116135,-8.98215103,0.05010760,0.16337466,-0.83990073,-0.98815954,11.70725330,-3.88756481,0.19743580,0.24442306,1.04494858,,,,,,,3,,,,,,,,,
2.707703,54173,12030971,,178.44108582,1.28540528,175.29161072,,,,,-0.99942619,-2.39846063,-11.60250092,0.59324074,-2.75610447,1.70568466,-7.85642424,16.88176876,-8.56119389,0.19195697,0.24499311,1.04987764,,,,,,,3,,,,,,,,,
2.717573,54174,12031071,,178.38635254,1.03032613,175.41702271,,,,,-0.82237339,-1.49364126,-12.51892567,0.49854338,-1.88534641,2.67085600,-4.50079968,3.52476352,-5.51368216,0.18072419,0.24518155,1.05130863,,,,,,,3,,,,,,,,,
2.727618,54175,12031171,,178.34889221,0.88834727,175.50317383,,,,,-0.93440145,2.18904233,-9.17340851,1.00232160,1.85700428,-0.57687163,-5.87843305,-13.34111737,3.90752476,0.17840090,0.24186116,1.05025482,,,,,,,3,,,,,,,,,
2.737668,54176,12031271,,178.34825134,1.08677316,175.46432495,,,,,0.19528548,3.68029952,-5.39152622,0.05625582,3.53096151,-4.32867289,-2.04916475,-26.04832659,4.69921412,0.18519023,0.24174426,1.05622423,,,,,,,3,,,,,,,,,
2.747528,54177,12031371,,178.31333923,1.48480666,175.36705017,,,,,0.97842056,0.73977441,-8.19970798,-1.08281159,0.58051109,-1.61990786,-6.85057045,-11.63953966,2.63999917,0.19281608,0.24257436,1.05973887,,,,,,,3,,,,,,,,,
2.757681,54178,12031471,,178.21571350,1.61241782,175.32180786,,,,,0.47088945,-4.43942308,-16.40855598,-1.18489456,-4.84288788,6.44213676,0.61384623,15.15302056,-7.91003012,0.19792756,0.24296895,1.05828655,,,,,,,3,,,,,,,,,
2.767580,54179,12031571,,178.29307556,1.32248962,175.43212891,,,,,-0.27065095,0.07082257,-10.84769154,0.06496513,-0.27021480,1.04061699,0.95395758,11.39327548,-3.45098083,0.19009396,0.24406448,1.04985368,,,,,,,3,,,,,,,,,
2.777590,54180,12031671,,178.35841370,1.14179683,175.49232483,,,,,-1.84551871,2.35761189,-7.55538559,1.93573284,1.99617100,-2.16096282,4.90769668,-15.66591313,4.34665683,0.18586680,0.24510126,1.03698516,,,,,,,3,,,,,,,,,
2.787580,54181,12031771,,178.43045044,1.35212505,175.42774963,,,,,0.31998888,1.49882936,-4.26625586,-0.22505689,1.40584183,-5.50850201,7.30431017,-21.10625271,8.35563850,0.20177637,0.24339478,1.03406930,,,,,,,3,,,,,,,,,
2.797571,54182,12031871,,178.42468262,1.72782505,175.25646973,,,,,1.37866473,0.80336940,-11.07566166,-1.55244970,0.63696837,1.24019718,5.36901064,0.85472358,1.96955292,0.21097770,0.24179688,1.04101682,,,,,,,3,,,,,,,,,
2.807692,54183,12031971,,178.47596741,1.67440844,175.25640869,,,,,-0.88329196,-3.75259519,-13.96323299,0.27054417,-4.15527678,4.05395937,2.03583094,21.28882709,-6.72972819,0.20392339,0.24479492,1.04251313,,,,,,,3,,,,,,,,,
2.817587,54184,12032071,,178.50659180,1.28765178,175.38143921,,,,,-0.41344139,0.63225085,-12.10542965,0.21237063,0.29052997,2.30867267,1.24869775,11.62631898,-2.42426956,0.19250007,0.24690846,1.03952074,,,,,,,3,,,,,,,,,
2.827649,54185,12032171,,178.52882385,1.10110819,175.43139648,,,,,-1.71384811,0.79220468,-6.93035269,1.69998670,0.48644638,-2.84458685,2.37301881,-17.20413661,5.87145643,0.18291956,0.24610630,1.04737616,,,,,,,3,,,,,,,,,
2.837584,54186,12032271,,178.57052612,1.35726893,175.36991882,,,,,0.31097686,2.14862490,-6.25933552,-0.21393323,2.01495361,-3.50361252,1.33124987,-17.29217775,9.34116649,0.19156355,0.24643838,1.05286717,,,,,,,3,,,,,,,,,
2.847710,54187,12032371,,178.53370667,1.69301176,175.18927002,,,,,1.63574159,-0.29262283,-10.60894012,-1.89312637,-0.40753913,0.74033356,-0.89678185,3.43094511,3.16067089,0.20205486,0.24482028,1.05635750,,,,,,,3,,,,,,,,,
2.857611,54188,12032471,,178.49642944,1.63621318,175.16970825,,,,,-0.68969655,-3.01670504,-13.61717701,0.12875873,-3.38845181,3.71654940,-3.83112995,22.27386160,-6.26561470,0.19851297,0.24632271,1.04993165,,,,,,,3,,,,,,,,,
2.867672,54189,12032571,,178.48898315,1.27342224,175.28637695,,,,,-0.56722581,0.52727920,-11.18375206,0.38950855,0.19556022,1.39941072,0.58269251,8.25620033,-3.36977628,0.18839633,0.24937533,1.04448688,,,,,,,3,,,,,,,,,
2.877608,54190,12032671,,178.52946472,1.14502895,175.34532166,,,,,-1.16091335,2.38180876,-7.12242126,1.25724018,2.10659289,-2.61624765,-0.61869721,-19.96488029,5.98105877,0.18798670,0.24890158,1.04596162,,,,,,,3,,,,,,,,,
2.887763,54191,12032771,,178.54652405,1.42130768,175.26583862,,,,,0.94881469,0.95395178,-6.16445017,-0.97887921,0.88258076,-3.64920759,2.37983001,-19.41851980,8.06149128,0.19577850,0.24540789,1.05188251,,,,,,,3,,,,,,,,,
2.897579,54192,12032871,,178.49978638,1.76844788,175.10614014,,,,,0.74219954,-1.06994593,-12.35457039,-1.12238514,-1.29622579,2.48296881,1.26146764,8.63347010,-0.48919218,0.20538947,0.24428374,1.05735517,,,,,,,3,,,,,,,,,
2.907544,54193,12032971,,178.53643799,1.55622959,175.17105103,,,,,-0.44208738,-2.47823572,-12.70977402,-0.06035200,-2.80969071,2.82704926,-1.91398378,24.04946661,-8.08915354,0.20023867,0.24629560,1.04548705,,,,,,,3,,,,,,,,,
2.917635,54194,12033071,,178.52674866,1.19913018,175.27122498,,,,,-0.40260935,0.21269453,-9.96796894,0.22666697,-0.06071949,0.15784049,-0.68889139,0.55999339,1.17266355,0.18637982,0.24557197,1.03847945,,,,,,,3,,,,,,,,,
2.927556,54195,12033171,,178.53869629,1.20552003,175.24328613,,,,,-0.88701832,4.33159399,-5.84675789,1.19849658,4.09817123,-3.84209585,1.61511786,-19.51994982,11.33712621,0.18840775,0.24409634,1.04192948,,,,,,,3,,,,,,,,,
2.937587,54196,12033271,,178.58335876,1.49206293,175.11180115,,,,,1.65475178,-0.42111078,-10.21284103,-1.92196393,-0.51308155,0.34197450,2.91375208,-4.38632998,4.73978672,0.20217058,0.24722220,1.04749036,,,,,,,3,,,,,,,,,
2.947545,54197,12033371,,178.56799316,1.64570928,175.03634644,,,,,-0.70141912,-2.58573127,-11.73009586,0.23968005,-2.89825487,1.85514045,1.54732375,16.61755655,-4.97052972,0.20284648,0.24912776,1.05445063,,,,,,,3,,,,,,,,,
2.957577,54198,12033471,,178.56921387,1.36495852,175.14016724,,,,,0.28899193,-2.81293726,-12.07976532,-0.78534794,-3.06393099,2.18593431,-3.53140460,8.30054021,-4.97396189,0.19273189,0.24834126,1.04696608,,,,,,,3,,,,,,,,,
2.967549,54199,12033571,,178.52325439,1.21269763,175.21282959,,,,,-0.39323094,2.96388268,-6.96704531,0.53593206,2.74452639,-2.76051903,-2.49749624,-12.40152923,4.57955390,0.18790159,0.24698457,1.04246747,,,,,,,3,,,,,,,,,
2.977521,54200,12033671,,178.55584717,1.38668215,175.11773682,,,,,-1.16196024,5.35839844,-7.62980413,1.46251905,5.06676054,-2.04139662,4.74288123,-18.26189898,10.37932963,0.19563130,0.24685185,1.04844129,,,,,,,3,,,,,,,,,
2.987691,54201,12033771,,178.65197754,1.58492923,175.00212097,,,,,0.30795825,-2.12809706,-11.53945446,-0.73643756,-2.36092520,1.67618799,2.45627007,13.10698019,-1.43318799,0.20910865,0.24278204,1.05537105,,,,,,,3,,,,,,,,,
2.997593,54202,12033871,,178.65560913,1.39302862,175.04840088,,,,,-0.62226641,-2.95485377,-12.70491219,0.11183119,-3.26990342,2.82251787,2.40488421,27.40720980,-7.51059725,0.20548899,0.24476661,1.04697347,,,,,,,3,,,,,,,,,
3.007741,54203,12033971,,178.61651611,1.07083344,175.16578674,,,,,0.81314808,-1.98186672,-9.41599941,-1.12756324,-2.11840200,-0.47219133,-2.26582796,-4.48394577,1.18241663,0.19094180,0.24933593,1.03658283,,,,,,,3,,,,,,,,,
3.017601,54204,12034071,,178.56750488,1.16822076,175.13154602,,,,,0.50466323,3.34385967,-4.75182009,-0.23092270,3.23424482,-4.97068977,-3.36562779,-20.64375499,9.00901183,0.19404343,0.24687488,1.05684459,,,,,,,3,,,,,,,,,
3.027602,54205,12034171,,178.56567383,1.50427294,174.98704529,,,,,-0.39970568,2.37799287,-10.45599651,0.37004054,2.09073353,0.70091391,-2.54758692,-6.64626413,6.17529740,0.20010853,0.24532785,1.06822991,,,,,,,3,,,,,,,,,
3.037694,54206,12034271,,178.60552979,1.41796374,174.97076416,,,,,0.11412450,-2.25191641,-14.13010788,-0.57247430,-2.55865002,4.26111126,2.98019339,34.83879030,-9.50189877,0.19985411,0.24726076,1.04846895,,,,,,,3,,,,,,,,,
3.048025,54207,12034371,,178.61926270,1.01284134,175.07943726,,,,,-0.39876693,-1.33418655,-11.36038589,0.09615505,-1.62509513,1.50319052,-1.91393128,1.91993138,-0.83985650,0.19240506,0.24739113,1.03705418,,,,,,,3,,,,,,,,,
3.057580,54208,12034471,,178.65254211,0.98177665,175.10186768,,,,,-0.89226925,3.56924152,-5.20411491,1.18208528,3.35272670,-4.52158928,8.57929304,-16.65309403,9.00736746,0.19732253,0.24682577,1.04300702,,,,,,,3,,,,,,,,,
3.067713,54209,12034571,,178.72537231,1.25217509,174.96833801,,,,,0.64796895,0.44050306,-7.69580507,-0.74737096,0.32865977,-2.11512280,3.56127408,-11.02549968,6.96087758,0.20791720,0.24520464,1.04946637,,,,,,,3,,,,,,,,,
3.077744,54210,12034671,,178.67550659,1.47909462,174.84957886,,,,,0.96016729,-2.08400369,-13.45315456,-1.37047362,-2.27959585,3.56319761,-1.31837816,17.13513121,-1.88589420,0.20702517,0.24474509,1.03708553,,,,,,,3,,,,,,,,,
3.090417,54211,12034771,,178.66491699,1.22546136,174.91613770,,,,,0.27329713,-2.16252875,-11.62558460,-0.68575829,-2.39093304,1.75315261,-4.70538391,10.10928700,-3.86155246,0.19938110,0.24583504,1.03409600,,,,,,,3,,,,,,,,,
3.097740,54212,12034871,,178.59284973,1.09146559,175.01197815,,,,,-0.56304890,1.95994830,-7.63331509,0.61795437,1.71727490,-2.12606668,-5.79907820,-17.40966384,3.50105188,0.18810934,0.24505895,1.04738557,,,,,,,3,,,,,,,,,
3.107724,54213,12034971,,178.50836182,1.30762923,174.92395020,,,,,-1.74393845,4.96869659,-7.58333874,2.04301739,4.60504770,-2.07404613,-7.70636071,-22.44211477,9.91654504,0.19091846,0.23923555,1.08441448,,,,,,,3,,,,,,,,,
3.117709,54214,12035071,,178.44868469,1.58128273,174.78353882,,,,,-0.23772043,-1.52479327,-12.26260281,-0.17491078,-1.87010062,2.42699051,-8.14326742,5.59007569,-1.17928926,0.20264801,0.23759878,1.08296311,,,,,,,3,,,,,,,,,
3.127749,54215,12035171,,178.40888977,1.42232144,174.83915710,,,,,0.95237744,-2.41793919,-13.08217335,-1.45145452,-2.67057538,3.17540312,-5.46131638,15.86375297,-5.43845745,0.19978826,0.24150418,1.04342985,,,,,,,3,,,,,,,,,
3.139401,54216,12035271,,178.35655212,1.25506556,174.92779541,,,,,-0.94662225,0.57651556,-5.05117416,0.94099593,0.34589410,-4.69942379,-10.40659575,-26.84952485,4.01401979,0.19053122,0.24117829,1.04733634,,,,,,,3,,,,,,,,,
3.147741,54217,12035371,,178.24771118,1.64361036,174.84056091,,,,,1.48814833,1.14998448,-8.96088123,-1.62691510,1.03015542,-0.87560558,-0.22152453,-22.24284571,5.33666714,0.20327930,0.23567253,1.07304060,,,,,,,3,,,,,,,,,
3.157732,54218,12035471,,178.26681519,1.89032042,174.73699951,,,,,1.68807960,-2.53705812,-13.72675610,-2.25717807,-2.76094818,3.79284358,-1.10286051,15.54045621,-1.27965003,0.21922784,0.23493059,1.05826604,,,,,,,3,,,,,,,,,
3.167716,54219,12035571,,178.29447937,1.63944173,174.82504272,,,,,-1.19633543,-0.29225785,-9.23427868,0.90841365,-0.65745473,-0.54019952,0.57372618,1.59324077,-2.75810467,0.21065539,0.24181229,1.01825643,,,,,,,3,,,,,,,,,
3.177636,54220,12035671,,178.28953552,1.60629356,174.82933044,,,,,-2.47298217,5.39003181,-6.66621304,2.82215261,4.95017862,-2.89000416,-2.09460429,-26.36880248,8.99021686,0.20653726,0.24571328,1.03709853,,,,,,,3,,,,,,,,,
3.187940,54221,12035771,,178.20471191,1.89060259,174.67056274,,,,,0.12683426,0.80412954,-11.43025875,-0.36718607,0.47566122,1.66764736,-0.72686404,5.14083622,3.44121323,0.21217737,0.23744270,1.07311320,,,,,,,3,,,,,,,,,
3.197796,54222,12035871,,178.24761963,1.77176535,174.66903687,,,,,0.98768127,-4.06301641,-13.21058846,-1.68755436,-4.33293104,3.27432632,3.91314301,24.15801026,-5.04737575,0.21612118,0.23738587,1.05136275,,,,,,,3,,,,,,,,,
3.207772,54223,12035971,,178.31678772,1.49269867,174.77023315,,,,,-1.00996733,3.11184573,-7.20011234,1.14259493,2.80562305,-2.48273230,-0.87529205,-10.79365488,3.03649250,0.20539269,0.24093637,1.02860618,,,,,,,3,,,,,,,,,
3.217773,54224,12036071,,178.31370544,1.67610931,174.73876953,,,,,-1.82714522,1.51609099,-5.57631588,1.81898260,1.18516541,-4.11832428,-2.04608178,-22.39317818,2.27377574,0.20352502,0.23663098,1.06711984,,,,,,,3,,,,,,,,,
3.227643,54225,12036171,,178.30004883,1.95754862,174.67594910,,,,,2.61574268,-2.92072368,-14.10182285,-3.24535608,-3.04916382,4.14170551,3.93539534,13.58365226,-3.73413784,0.21304482,0.23550358,1.08347690,,,,,,,3,,,,,,,,,
3.237820,54226,12036271,,178.31556702,1.77125812,174.73034668,,,,,1.21764362,-2.78268003,-12.27612877,-1.83063769,-2.99514389,2.34834051,-2.83563734,5.24266538,-1.91646912,0.21147245,0.24418764,1.04303622,,,,,,,3,,,,,,,,,
3.247592,54227,12036371,,178.31126404,1.69865465,174.76435852,,,,,-2.50700021,5.52547026,-4.48662090,2.95592618,5.12648010,-5.04210186,2.33140546,-24.11563577,5.73744898,0.20774995,0.24521549,1.03115952,,,,,,,3,,,,,,,,,
3.257748,54228,12036471,,178.35173035,1.97755682,174.69334412,,,,,-0.05230846,0.28007558,-9.15476227,-0.19887683,0.02933514,-0.64498401,4.97463253,-5.45038167,-0.84232395,0.21187665,0.23601192,1.06368864,,,,,,,3,,,,,,,,,
3.267598,54229,12036571,,178.43103027,1.94376302,174.71479797,,,,,2.28813195,-3.66105962,-15.49950504,-3.05190134,-3.83133793,5.53816652,4.18099998,32.18965020,-4.94591543,0.21971425,0.23684171,1.05978298,,,,,,,3,,,,,,,,,
3.277676,54230,12036671,,178.45429993,1.55527425,174.80404663,,,,,-2.30524540,1.04940867,-8.53827381,2.19803357,0.61933541,-1.18015063,0.42830681,-1.23373205,0.85533963,0.21458814,0.24366345,1.02424264,,,,,,,3,,,,,,,,,
3.287737,54231,12036771,,178.41670227,1.57430029,174.78709412,,,,,-1.51398504,5.02013874,-6.78356504,1.84812808,4.66959906,-2.84138155,2.99452334,-17.44059776,5.95746303,0.21308292,0.24079889,1.04694867,,,,,,,3,,,,,,,,,
3.297710,54232,12036871,,178.44348145,1.82204580,174.67655945,,,,,0.21124966,-1.72116089,-11.52655697,-0.67825568,-1.99165797,1.67924976,1.28008097,12.92872848,-1.86105643,0.21580103,0.23738344,1.06917238,,,,,,,3,,,,,,,,,
3.307729,54233,12036971,,178.45083618,1.66361868,174.71220398,,,,,0.86294514,-2.96395636,-13.84685230,-1.48650861,-3.22400856,3.92950392,-0.98757556,16.99478961,-4.61478914,0.20979947,0.24229369,1.04794538,,,,,,,3,,,,,,,,,
3.317651,54234,12037071,,178.43276978,1.49653685,174.79258728,,,,,-1.14249313,3.07639551,-4.69728088,1.36558962,2.82536888,-4.97565413,-4.99283285,-22.43481159,3.49080467,0.20319077,0.24288513,1.04742682,,,,,,,3,,,,,,,,,
3.327784,54235,12037171,,178.36874390,1.78161776,174.73170471,,,,,-1.39783597,2.46109319,-7.73766613,1.38869417,2.11640811,-1.94616938,-7.99948597,-18.31814730,2.81485820,0.20778663,0.23559318,1.08097804,,,,,,,3,,,,,,,,,
3.337723,54236,12037271,,178.26716614,1.96519017,174.67791748,,,,,3.22160459,-5.22831154,-15.71444893,-4.11673880,-5.36161900,5.65548706,-10.51870135,17.56339432,-2.69534227,0.21564147,0.23642246,1.07756734,,,,,,,3,,,,,,,,,
3.347788,54237,12037371,,178.15124512,1.79551077,174.71075439,,,,,-0.58260834,3.31765127,-8.57307339,0.62520063,2.98628283,-1.08360600,-13.36574532,-7.86168775,2.53632053,0.20732161,0.23801811,1.04192817,,,,,,,3,,,,,,,,,
3.357732,54238,12037471,,178.03231812,1.86556005,174.68919373,,,,,-2.74392152,2.33268619,-4.78628635,2.81906366,1.90436637,-4.82874775,-5.56857212,-23.55905902,-0.18199131,0.21146019,0.23217924,1.06313109,,,,,,,3,,,,,,,,,
3.367659,54239,12037571,,178.02824402,2.08163381,174.66143799,,,,,3.50264192,-3.76104164,-16.14024734,-4.30283165,-3.92140150,6.11725140,2.81340529,22.07570586,-1.80806036,0.21905796,0.22772561,1.07645726,,,,,,,3,,,,,,,,,
3.377767,54240,12037671,,178.09014893,1.85232210,174.72669983,,,,,-1.01451778,1.71565974,-6.52305698,0.97576177,1.41092038,-3.17368078,-0.07209762,0.79342754,-0.27418228,0.21955302,0.23493879,1.02709794,,,,,,,3,,,,,,,,,
3.387836,54241,12037771,,178.06478882,1.84069157,174.74029541,,,,,-3.25503492,3.95034027,-7.17180347,3.40050411,3.40843368,-2.36856651,-4.10551700,-15.85509229,-1.06713093,0.22146320,0.23490034,1.04145503,,,,,,,3,,,,,,,,,
3.397660,54242,12037871,,178.00469971,1.98583245,174.72244263,,,,,2.86199355,-4.95288849,-17.09122467,-3.82590270,-5.21598244,7.05078983,-1.61171963,21.35217538,-3.56549450,0.21774241,0.22726667,1.07891715,,,,,,,3,,,,,,,,,
3.407722,54243,12037971,,178.00340271,1.73383760,174.78131104,,,,,-0.98294020,3.48365450,-9.05223465,1.04524386,3.08130431,-0.59928620,-1.35024323,5.04305694,2.02105724,0.20809612,0.23272258,1.04778528,,,,,,,3,,,,,,,,,
3.417681,54244,12038071,,178.00500488,1.67624187,174.76266479,,,,,-3.73883033,3.61072636,-4.26264048,3.99366093,3.10711050,-5.27613592,-0.06911490,-21.54104036,0.08548915,0.21341333,0.23503065,1.05329084,,,,,,,3,,,,,,,,,
3.427741,54245,12038171,,177.98933411,1.91640997,174.72523499,,,,,2.34231114,-3.53840780,-16.13080025,-3.11929536,-3.83719802,6.15970325,1.78049040,14.77014748,-4.17899618,0.21906632,0.22820523,1.07695961,,,,,,,3,,,,,,,,,
3.437646,54246,12038271,,178.04510498,1.77263117,174.80751038,,,,,0.45313230,-0.20884109,-10.07836056,-0.75468481,-0.48712194,0.24839163,3.99403166,1.94480480,-2.38962556,0.21395899,0.23214716,1.04038417,,,,,,,3,,,,,,,,,
3.447735,54247,12038371,,178.06187439,1.77535772,174.83514404,,,,,-3.08423591,4.68680668,-4.17817497,3.41266918,4.25238228,-5.32136822,-5.76813488,-26.59853418,0.87367810,0.21470430,0.23309091,1.04881382,,,,,,,3,,,,,,,,,
3.457635,54248,12038471,,177.98942566,2.02195597,174.80584717,,,,,2.28080630,-3.05646873,-16.15062714,-3.03313208,-3.36526132,6.17124939,-4.29487674,13.37472446,-6.03527254,0.21253975,0.22686884,1.09125376,,,,,,,3,,,,,,,,,
3.467647,54249,12038571,,177.93991089,1.87511253,174.87443542,,,,,0.42781419,0.40327343,-10.91635323,-0.72834861,0.06462145,1.11061382,-8.02812239,7.18086389,-1.66601974,0.20502579,0.22892657,1.06552112,,,,,,,3,,,,,,,,,
3.477757,54250,12038671,,177.88197327,1.81351066,174.90312195,,,,,-3.34338164,3.45805883,-3.52805042,3.56024933,3.01609612,-6.00066090,-3.72392415,-23.28688964,-1.76952390,0.20852835,0.22983061,1.05862641,,,,,,,3,,,,,,,,,
3.487753,54251,12038771,,177.85601807,2.04032707,174.89770508,,,,,3.52570343,-3.60457563,-17.11239243,-4.33025122,-3.87682343,7.06902122,-0.52688469,18.70591763,-5.34283565,0.20859864,0.22453806,1.08476520,,,,,,,3,,,,,,,,,
3.497667,54252,12038871,,177.83868408,1.87366629,174.95455933,,,,,-0.01664604,1.96483731,-8.41722965,-0.07124949,1.65568578,-1.29557061,-6.97469207,1.84445075,0.24635508,0.20758516,0.22841282,1.04425120,,,,,,,3,,,,,,,,,
3.507632,54253,12038971,,177.75872803,1.85150909,174.96737671,,,,,-2.59605885,1.60216153,-5.08732605,2.58852839,1.17412984,-4.54726696,-1.50334193,-17.78673638,-5.22742808,0.21910980,0.23013531,1.05225241,,,,,,,3,,,,,,,,,
3.517764,54254,12039071,,177.75329590,2.03941870,174.98889160,,,,,3.25889778,-2.86814880,-16.55580902,-3.96906233,-3.17955971,6.55092287,-0.08243031,24.29283991,-3.91457735,0.21640281,0.22344932,1.07885003,,,,,,,3,,,,,,,,,
3.527838,54255,12039171,,177.75837708,1.81951118,175.06748962,,,,,-1.98961759,3.59523082,-7.66780376,2.05969548,3.11994052,-1.91514492,-6.43525397,-6.29604404,-1.94869481,0.20737943,0.22649936,1.03729320,,,,,,,3,,,,,,,,,
3.537650,54256,12039271,,177.70123291,1.85624182,175.10234070,,,,,-2.67872930,0.48346180,-7.12606001,2.51208925,-0.01652753,-2.55613565,-4.03718480,-15.00484985,-5.54219350,0.21182120,0.22689590,1.05711222,,,,,,,3,,,,,,,,,
3.547681,54257,12039371,,177.69587708,1.96440125,175.14074707,,,,,4.00666237,-2.92087746,-18.54943848,-4.79615593,-3.25956798,8.53540039,2.78476908,27.39779438,-4.99268771,0.22834313,0.22373179,1.07099819,,,,,,,3,,,,,,,,,
3.557673,54258,12039471,,177.70280457,1.73218048,175.19285583,,,,,-3.66133380,4.14635897,-4.62727642,3.93009758,3.65137053,-4.85666943,-6.75356683,-11.96541396,1.43933131,0.21986619,0.22917104,1.03294539,,,,,,,3,,,,,,,,,
3.567641,54259,12039571,,177.61557007,1.81662583,175.19001770,,,,,-1.83205283,0.16130684,-9.34605122,1.55181813,-0.35751146,-0.38450456,-2.03288393,-11.97921948,-7.58649175,0.20397422,0.22750603,1.06153536,,,,,,,3,,,,,,,,,
3.577650,54260,12039671,,177.60191345,1.93684340,175.25770569,,,,,3.90891910,-3.10487533,-17.19997215,-4.65955210,-3.43148422,7.18591213,1.39322604,20.79559010,-5.36456931,0.22646537,0.22760828,1.05967069,,,,,,,3,,,,,,,,,
3.587704,54261,12039771,,177.61802673,1.75254786,175.31140137,,,,,-4.13239098,5.87241888,-3.11257553,4.60144043,5.38684940,-6.25845623,-7.57093428,-21.93291222,0.09838313,0.21512938,0.23021097,1.03244328,,,,,,,3,,,,,,,,,
3.597722,54262,12039871,,177.59205627,1.93056750,175.28889465,,,,,0.98522657,-1.68460512,-12.66367149,-1.53734374,-2.09023976,2.76370859,2.74198350,-4.12455999,-7.02087439,0.19671956,0.22522539,1.06789470,,,,,,,3,,,,,,,,,
3.607738,54263,12039971,,177.62895203,1.97909045,175.36843872,,,,,2.80609941,-2.92102456,-13.29169273,-3.44374299,-3.19727993,3.28639841,1.72168472,15.32412534,-1.78971490,0.22058141,0.22867014,1.05322611,,,,,,,3,,,,,,,,,
3.617627,54264,12040071,,177.63299561,1.82147717,175.40237427,,,,,-4.71074533,4.64878845,-1.81052959,5.08847904,4.18376160,-7.57744074,-5.19111154,-19.15537310,-1.65324451,0.21843688,0.23207460,1.03397369,,,,,,,3,,,,,,,,,
3.627709,54265,12040171,,177.59793091,1.96337569,175.40888977,,,,,3.20631528,-2.51271772,-16.67768669,-3.89687538,-2.89694238,6.67874193,3.22131059,17.13438843,-9.55682118,0.20496431,0.22172430,1.07332301,,,,,,,3,,,,,,,,,
3.637672,54266,12040271,,177.62493896,1.86784697,175.49038696,,,,,0.44178018,0.47037262,-8.77522278,-0.66713238,0.15568399,-1.02024972,-0.62610626,5.91471544,0.21187811,0.21496630,0.22636493,1.05266666,,,,,,,3,,,,,,,,,
3.647661,54267,12040371,,177.59407043,1.83110178,175.51055908,,,,,-4.09343338,2.54503751,-3.89252496,4.19359779,2.05931950,-5.62794590,-4.93372696,-21.22601154,-4.37516092,0.21463293,0.22828831,1.05764306,,,,,,,3,,,,,,,,,
3.657690,54268,12040471,,177.57588196,2.01927733,175.53837585,,,,,4.79333210,-3.76149702,-18.50556374,-5.58961010,-4.11124039,8.41627693,2.85850887,22.31953508,-6.41217007,0.22030263,0.22242217,1.08231664,,,,,,,3,,,,,,,,,
3.667779,54269,12040571,,177.60195923,1.84646869,175.58886719,,,,,-2.09211469,3.27318954,-4.92973566,2.21692777,2.90544462,-4.63326931,-2.86184798,-10.69890308,0.31108513,0.21560442,0.22779763,1.04477644,,,,,,,3,,,,,,,,,
3.677798,54270,12040671,,177.59283447,1.93621373,175.60452271,,,,,-1.47546613,0.61922616,-9.06942844,1.23845446,0.14880618,-0.65505028,4.19627527,-9.23219680,-7.16659050,0.20388809,0.22750856,1.05906117,,,,,,,3,,,,,,,,,
3.687794,54271,12040771,,177.64796448,2.04423714,175.66206360,,,,,3.53010345,-2.72483230,-16.60126305,-4.22381735,-3.09025407,6.60174322,4.01329066,23.40470529,-3.17840142,0.22684257,0.22424397,1.05516648,,,,,,,3,,,,,,,,,
3.697766,54272,12040871,,177.67163086,1.84242344,175.70759583,,,,,-4.76746368,4.26646042,-2.85481286,5.06003952,3.78291273,-6.56068850,-1.16919872,-24.10985231,-1.45119236,0.22266906,0.23104359,1.03348386,,,,,,,3,,,,,,,,,
3.707803,54273,12040971,,177.64978027,2.01690006,175.70831299,,,,,2.10585999,-1.33200014,-14.84145260,-2.66267991,-1.73293710,4.92326021,4.59025382,8.94408661,-5.85962655,0.20045340,0.22852202,1.06895518,,,,,,,3,,,,,,,,,
3.717766,54274,12041071,,177.66439819,1.94064283,175.76995850,,,,,0.56251645,0.57424736,-11.43729973,-0.88561463,0.16975600,1.64547324,-5.64777371,12.86442908,-0.00244560,0.21100491,0.22979327,1.04874301,,,,,,,3,,,,,,,,,
3.727780,54275,12041171,,177.62080383,1.81850588,175.79580688,,,,,-4.09329844,1.85050070,-4.00369978,4.15431070,1.38547790,-5.54727459,-3.10284181,-22.14470102,-5.24060351,0.21171680,0.22881849,1.05516303,,,,,,,3,,,,,,,,,
3.737785,54276,12041271,,177.58735657,2.00823617,175.81791687,,,,,4.70896006,-2.82250333,-18.84060669,-5.47249413,-3.20667839,8.79967690,2.90047078,21.28053865,-4.89299896,0.22037990,0.22289978,1.08479834,,,,,,,3,,,,,,,,,
3.747656,54277,12041371,,177.61065674,1.86233413,175.86820984,,,,,-3.58925271,4.53839827,-5.24968386,3.77883410,4.05814886,-4.21429539,-7.12181178,-11.75396070,0.77315788,0.21848556,0.22822824,1.04677677,,,,,,,3,,,,,,,,,
3.757661,54278,12041471,,177.54989624,1.94297028,175.87748718,,,,,-1.69879031,-1.65389442,-9.21562481,1.28629959,-2.13960719,-0.58760142,0.11745353,-15.09193306,-8.75301805,0.20519423,0.22940738,1.05711865,,,,,,,3,,,,,,,,,
3.767786,54279,12041571,,177.51220703,2.08972979,175.95657349,,,,,3.50307512,0.12167183,-16.49527740,-4.03768492,-0.30220586,6.60370922,-5.21241874,16.17387259,-1.40245149,0.22294907,0.22958982,1.05424213,,,,,,,3,,,,,,,,,
3.777731,54280,12041671,,177.42794800,1.95773506,175.98124695,,,,,-5.84584093,4.90183544,-1.74063742,6.21293116,4.40582895,-7.55314922,-14.29526150,-32.53641207,-4.93347082,0.21869078,0.23110147,1.05424464,,,,,,,3,,,,,,,,,
3.787814,54281,12041771,,177.32493591,2.18695784,176.00674438,,,,,4.24604368,-5.42236662,-16.91958237,-5.20319510,-5.84066582,6.74139261,0.14629976,7.61915798,-8.14470774,0.20169356,0.22225305,1.08766294,,,,,,,3,,,,,,,,,
3.797725,54282,12041871,,177.34396362,2.18634605,176.09785461,,,,,-2.36265111,4.39611721,-6.13718987,2.45556545,3.95323324,-3.34848404,-7.52518995,-5.23824838,1.34942692,0.21046835,0.22500437,1.04421175,,,,,,,3,,,,,,,,,
3.807729,54283,12041971,,177.30140686,2.19100499,176.08413696,,,,,-1.40879130,-0.51202911,-9.22541428,1.02045178,-1.01006460,-0.53237891,-1.42498439,-18.95902395,-10.51832996,0.20977071,0.22213380,1.04960513,,,,,,,3,,,,,,,,,
3.817832,54284,12042071,,177.28556824,2.40297842,176.15838623,,,,,3.94247699,-1.83118618,-15.86888313,-4.63592958,-2.25546455,5.86034822,0.87663023,14.40662432,-0.52029270,0.22973412,0.22131515,1.05562937,,,,,,,3,,,,,,,,,
3.827782,54285,12042171,,177.31954956,2.28221393,176.19110107,,,,,-5.23003960,5.02702284,-1.93117952,5.56762409,4.57870674,-7.34194469,-2.77069911,-29.82763760,-2.93975782,0.23050317,0.22898830,1.04140675,,,,,,,3,,,,,,,,,
3.837792,54286,12042271,,177.28781128,2.47594690,176.19062805,,,,,4.88393164,-3.83876419,-18.39240646,-5.83511305,-4.30692148,8.23151398,4.59072852,15.64174109,-5.50474913,0.21236466,0.22544028,1.07193458,,,,,,,3,,,,,,,,,
3.847791,54287,12042371,,177.32496643,2.38621116,176.25376892,,,,,-2.84661865,2.75790691,-4.78320646,2.87365580,2.35074735,-4.75042820,-5.92736665,-4.98079849,1.54815063,0.21663094,0.22777925,1.04725516,,,,,,,3,,,,,,,,,
3.857800,54288,12042471,,177.26435852,2.37560344,176.25190735,,,,,-0.74792105,-0.12329465,-9.59822178,0.36151284,-0.59796339,-0.16439915,-0.22274299,-9.86338312,-6.74491597,0.20850635,0.22263311,1.05405951,,,,,,,3,,,,,,,,,
3.867819,54289,12042571,,177.28416443,2.50229287,176.29734802,,,,,2.93174863,-0.74826497,-15.40310669,-3.56162143,-1.24995804,5.46954679,-1.22420949,23.23595522,0.82589116,0.22363946,0.22045776,1.05558527,,,,,,,3,,,,,,,,,
3.877651,54290,12042671,,177.27621460,2.31904173,176.29936218,,,,,-5.49570560,3.64274049,-2.00829744,5.72425079,3.19361806,-7.31804943,-3.79051551,-27.64119500,-2.69416598,0.22892469,0.22757144,1.04929256,,,,,,,3,,,,,,,,,
3.887698,54291,12042771,,177.23159790,2.53855872,176.29707336,,,,,4.61196327,-3.70995712,-18.05156136,-5.55149508,-4.19360113,7.90771866,7.21415594,13.93742789,-2.94169866,0.22182943,0.22384056,1.07294631,,,,,,,3,,,,,,,,,
3.897799,54292,12042871,,177.31442261,2.49050426,176.33489990,,,,,-3.02634978,3.29683542,-5.75321007,3.01090002,2.84029603,-3.73802471,-4.05437895,-9.21918956,2.42850599,0.22509146,0.22620314,1.03292453,,,,,,,3,,,,,,,,,
3.907739,54293,12042971,,177.25445557,2.54595423,176.30833435,,,,,-0.53160626,-0.97740066,-9.86896133,0.04252110,-1.44299340,0.05919600,0.34694087,-19.13066319,-6.35676443,0.21292369,0.22304222,1.04617202,,,,,,,3,,,,,,,,,
3.917684,54294,12043071,,177.23941040,2.75782108,176.34181213,,,,,3.13751483,-0.87490100,-15.83849049,-3.85252666,-1.38042903,5.87727642,-1.49321190,16.37391858,2.82155947,0.22780956,0.22278774,1.05514824,,,,,,,3,,,,,,,,,
3.927930,54295,12043171,,177.23458862,2.62049603,176.34440613,,,,,-5.85906649,4.60858297,-2.08303857,6.11290598,4.14417505,-7.13008499,-9.57311459,-30.62978184,-2.36134282,0.23395491,0.22556312,1.05769682,,,,,,,3,,,,,,,,,
3.937696,54296,12043271,,177.11149597,2.83676529,176.34179688,,,,,5.31393814,-4.76141882,-18.44964218,-6.43896627,-5.25877190,8.17229080,-0.50545758,9.21036666,-4.21959482,0.22096387,0.21952938,1.08623219,,,,,,,3,,,,,,,,,
3.947650,54297,12043371,,177.15579224,2.82970023,176.39604187,,,,,-4.21372271,4.95472050,-3.79371524,4.36946964,4.49461842,-5.51387119,-5.48877673,-12.71325223,3.99318472,0.22031668,0.22435902,1.04326141,,,,,,,3,,,,,,,,,
3.957714,54298,12043471,,177.10786438,2.84823418,176.36260986,,,,,1.23355556,-2.16084290,-12.75624943,-1.99108386,-2.67033362,2.78459740,1.37832769,-9.95532600,-8.14089137,0.21481432,0.22061087,1.04515350,,,,,,,3,,,,,,,,,
3.967692,54299,12043571,,177.08790588,3.01311064,176.42333984,,,,,1.13637698,0.36315250,-11.26958847,-1.64479399,-0.10358059,1.44426632,-5.04633927,11.30442155,3.97702449,0.22649169,0.21993540,1.04272759,,,,,,,3,,,,,,,,,
3.977708,54300,12043671,,177.04051208,2.86584473,176.41674805,,,,,-4.09885597,2.33077884,-3.94641805,4.09279776,1.87871349,-5.46724892,-2.84529267,-25.21020944,-5.27799026,0.23223576,0.22271669,1.04725325,,,,,,,3,,,,,,,,,
3.987681,54301,12043771,,177.00737000,3.06711197,176.41555786,,,,,5.35120296,-2.72719193,-17.86013031,-6.35282230,-3.24147224,7.67849922,0.21260407,22.51902612,2.92674716,0.24476090,0.21529800,1.06550467,,,,,,,3,,,,,,,,,
3.997797,54302,12043871,,177.02578735,2.92886281,176.42127991,,,,,-5.56825304,5.33513784,-2.39356971,5.83603096,4.86669016,-6.76356077,-9.86173790,-23.43797001,0.76659317,0.24609283,0.22008716,1.03887022,,,,,,,3,,,,,,,,,
4.007727,54303,12043971,,176.90409851,3.03665185,176.38308716,,,,,4.04584169,-4.81959486,-17.11710167,-5.19507170,-5.38779593,6.86167574,2.53912240,12.03816828,-2.35635550,0.21994689,0.22051905,1.05754673,,,,,,,3,,,,,,,,,
4.017740,54304,12044071,,176.93505859,3.01295257,176.43186951,,,,,-2.75738597,4.53121758,-5.72608185,2.75682306,4.06366730,-3.66623449,-13.02055098,1.45383917,5.15123646,0.22169381,0.22241676,1.04125845,,,,,,,3,,,,,,,,,
4.027764,54305,12044171,,176.80676270,2.91650319,176.38284302,,,,,-0.53282005,-2.13441205,-10.36498070,-0.11764348,-2.69641590,0.47784615,-1.99441246,-9.25533150,-7.93285235,0.21555486,0.21435662,1.04951096,,,,,,,3,,,,,,,,,
4.037685,54306,12044271,,176.77963257,3.05668879,176.43966675,,,,,3.39560843,-0.15683007,-15.10346127,-4.13425636,-0.72824371,5.14193201,-1.64949687,21.66856511,3.96510453,0.23023503,0.21218868,1.05152929,,,,,,,3,,,,,,,,,
4.047671,54307,12044371,,176.79739380,2.84607649,176.43388367,,,,,-6.14560843,3.30105352,-1.80884171,6.33761263,2.82726860,-7.41344023,-5.84865684,-21.87558815,-3.44790895,0.24150756,0.21823747,1.05465019,,,,,,,3,,,,,,,,,
4.057696,54308,12044471,,176.73013306,2.98526025,176.42347717,,,,,5.71407318,-4.23613977,-19.45564079,-6.87705231,-4.89925575,9.15324211,1.23858490,25.69914854,0.07324149,0.24475588,0.21529223,1.07886302,,,,,,,3,,,,,,,,,
4.067694,54309,12044571,,176.77420044,2.83955240,176.46534729,,,,,-5.77072144,5.66919661,-2.58930087,6.04893970,5.15023994,-6.54427242,-2.63334272,-16.27591220,2.84885568,0.25368768,0.22380336,1.02956665,,,,,,,3,,,,,,,,,
4.077727,54310,12044671,,176.76054382,2.92743683,176.40780640,,,,,2.93812275,-3.35827732,-15.19969845,-3.90227938,-3.96403503,5.04915142,7.71015232,1.79176865,-3.19340628,0.24080417,0.22210309,1.02304327,,,,,,,3,,,,,,,,,
4.087782,54311,12044771,,176.79080200,2.96776152,176.44773865,,,,,-0.62766051,1.94474697,-8.10376358,0.34202480,1.46880031,-1.55798459,-8.90154649,6.74889583,5.56891790,0.24568973,0.21673989,1.02545667,,,,,,,3,,,,,,,,,
4.097794,54312,12044871,,176.66723633,2.83942795,176.40515137,,,,,-2.61018419,0.77872682,-6.40004206,2.37619567,0.25810388,-3.20084953,-6.75021875,-15.82305187,-3.68834100,0.24024871,0.21778280,1.04523623,,,,,,,3,,,,,,,,,
4.107727,54313,12044971,,176.55596924,2.99592710,176.38131714,,,,,4.91959763,-0.98351204,-16.67211151,-5.75802898,-1.61584425,6.59075832,-12.06321886,27.66022562,8.46634733,0.23127809,0.21071835,1.08070207,,,,,,,3,,,,,,,,,
4.117814,54314,12045071,,176.44541931,2.79682708,176.34391785,,,,,-6.32031536,3.20942664,-1.47559524,6.50734949,2.70885730,-7.73666239,-16.01603375,-23.74744759,1.05559763,0.24512438,0.21481927,1.04867709,,,,,,,3,,,,,,,,,
4.127774,54315,12045171,,176.27821350,2.97456694,176.30380249,,,,,5.91499233,-3.83980322,-19.28122330,-7.04808044,-4.62443781,8.94572830,-10.37183265,21.72433532,3.81896068,0.23437168,0.21260013,1.04908276,,,,,,,3,,,,,,,,,
4.137751,54316,12045271,,176.18731689,2.87679434,176.29609680,,,,,-5.49918318,5.31712055,-3.89653587,5.64240122,4.69665813,-5.23069954,-20.85135347,-11.98975761,3.59408823,0.21973689,0.21044783,1.04600680,,,,,,,3,,,,,,,,,
4.147879,54317,12045371,,175.97657776,2.92027211,176.25465393,,,,,1.59424138,-3.13369513,-13.72753811,-2.48576307,-3.92594671,3.60843372,-12.22329459,-6.69554181,-3.98682155,0.21598078,0.20714593,1.05780983,,,,,,,3,,,,,,,,,
4.157760,54318,12045471,,175.82542419,3.06023097,176.25056458,,,,,0.00644824,2.30664730,-9.43109226,-0.33582902,1.64330888,-0.19657564,-18.55202663,5.36780426,10.30213398,0.23951770,0.20339024,1.05687892,,,,,,,3,,,,,,,,,
4.167825,54319,12045571,,175.69039917,2.93456340,176.18751526,,,,,-3.15650034,-0.53265786,-6.62013912,2.79352403,-1.20974648,-3.02670765,-10.84359637,-23.86441629,-4.91857205,0.25020200,0.20465165,1.05398393,,,,,,,3,,,,,,,,,
4.177747,54320,12045671,,175.56477356,3.16121745,176.17852783,,,,,5.21088982,-0.20647757,-16.86611557,-6.07302380,-1.09435570,6.77675104,-10.68174821,18.66398368,9.97309816,0.24581717,0.19847716,1.07315981,,,,,,,3,,,,,,,,,
4.187839,54321,12045771,,175.47990417,2.99833941,176.11445618,,,,,-7.25110102,2.42765856,-0.40169621,7.43033123,1.90620613,-8.73972225,-10.63538062,-26.66539661,-1.29503876,0.25043458,0.19793245,1.04348874,,,,,,,3,,,,,,,,,
4.197734,54322,12045871,,175.36918640,3.17833757,176.06515503,,,,,7.30294895,-3.02619290,-20.73695564,-8.55578327,-4.10897589,10.28123474,-6.98705044,20.43424748,6.47587866,0.23422079,0.19532309,1.04880846,,,,,,,3,,,,,,,,,
4.207822,54323,12045971,,175.33572388,3.04179668,176.06993103,,,,,-7.48678350,4.25809479,-1.95749640,7.68166685,3.57538462,-7.03076839,-9.09287119,-19.40202660,0.24252521,0.23806405,0.19670290,1.03845966,,,,,,,3,,,,,,,,,
4.217677,54324,12046071,,175.22973633,3.10796118,176.03810120,,,,,4.93546629,-3.27716875,-17.93424606,-6.10245085,-4.33797836,7.55367517,-4.45445514,13.62161958,1.08672856,0.23544236,0.19434515,1.04286206,,,,,,,3,,,,,,,,,
4.227705,54325,12046171,,175.17010498,3.08590055,176.04933167,,,,,-4.02083445,4.11420393,-4.94747066,4.03991795,3.41208339,-4.27152348,-14.06315118,-5.44786091,6.19302558,0.23378028,0.18813197,1.04572392,,,,,,,3,,,,,,,,,
4.237794,54326,12046271,,175.02153015,3.05037189,175.99813843,,,,,0.63754791,-2.89907742,-12.08389378,-1.49873400,-3.83444262,1.96839428,-7.36864457,-11.02737798,-4.94434577,0.23540592,0.18858178,1.05217099,,,,,,,3,,,,,,,,,
4.247808,54327,12046371,,174.95460510,3.22420955,176.01284790,,,,,1.50555909,2.45012307,-10.82414436,-1.93372464,1.63191938,1.14553857,-10.86813212,12.38346508,10.53689014,0.24984038,0.18545540,1.06011009,,,,,,,3,,,,,,,,,
4.257834,54328,12046471,,174.83992004,3.07002091,175.94749451,,,,,-4.37182617,-0.28330511,-4.62377834,4.14000320,-0.98730338,-4.92825317,-9.65690223,-22.24455326,-3.98627044,0.26449743,0.18761295,1.05032253,,,,,,,3,,,,,,,,,
4.267831,54329,12046571,,174.76940918,3.26293850,175.93043518,,,,,6.00624323,-2.39470196,-18.01588249,-7.14874792,-3.51416612,7.64228106,-4.25392634,22.54256637,8.36328148,0.25490454,0.18440583,1.07001400,,,,,,,3,,,,,,,,,
4.277843,54330,12046671,,174.77383423,3.09470892,175.91015625,,,,,-7.36714745,4.18981266,-0.18935612,7.70662212,3.62227201,-8.73993683,-5.77516827,-22.29314493,0.73782900,0.25642699,0.18726990,1.04780281,,,,,,,3,,,,,,,,,
4.287712,54331,12046771,,174.69155884,3.22752500,175.84020996,,,,,6.70243359,-4.19723034,-19.29517174,-8.02268887,-5.38610029,8.69844627,-2.87702552,22.28558733,5.85656619,0.23884547,0.18516289,1.05460799,,,,,,,3,,,,,,,,,
4.297808,54332,12046871,,174.70684814,3.08895588,175.84617615,,,,,-6.31228065,4.86397076,-2.88356066,6.50790453,4.12090349,-6.07857275,-5.44729528,-12.65469275,2.45408718,0.24026105,0.18514492,1.04125631,,,,,,,3,,,,,,,,,
4.307817,54333,12046971,,174.61906433,3.09125996,175.78237915,,,,,4.57621288,-3.17607713,-16.63313675,-5.68090487,-4.30162716,6.24102068,0.27917347,15.72756071,1.17316546,0.23701459,0.18183985,1.04069293,,,,,,,3,,,,,,,,,
4.317832,54334,12047071,,174.63543701,3.05148625,175.77468872,,,,,-3.92618179,3.76025176,-5.45438766,3.88915730,2.95659757,-3.78264332,-6.20717603,0.83971706,6.86969200,0.24136740,0.18080530,1.04366684,,,,,,,3,,,,,,,,,
4.327768,54335,12047171,,174.59449768,2.92539310,175.72892761,,,,,0.71035975,-2.38247848,-13.10888386,-1.58428025,-3.48491812,3.00729227,5.11553379,-2.12456321,-6.83302327,0.24240327,0.17934704,1.04562807,,,,,,,3,,,,,,,,,
4.337756,54336,12047271,,174.63380432,3.03258538,175.77430725,,,,,0.67463821,1.27709377,-10.20610714,-1.10589302,0.40507698,0.47247326,-1.72491027,16.85352251,7.94735967,0.24875842,0.17635775,1.05105495,,,,,,,3,,,,,,,,,
4.347780,54337,12047371,,174.64022827,2.83653140,175.75967407,,,,,-4.18491173,1.73904431,-5.67882586,4.01908970,0.92641652,-3.71059179,0.79503455,-21.16354776,-8.36353420,0.25748950,0.18437122,1.04974139,,,,,,,3,,,,,,,,,
4.357853,54338,12047471,,174.66357422,3.04482937,175.79122925,,,,,5.20495129,-3.37875962,-17.70264626,-6.33703804,-4.53165436,7.29893398,7.15158714,18.26488036,3.19253693,0.25301546,0.18395787,1.06950271,,,,,,,3,,,,,,,,,
4.367809,54339,12047571,,174.73324585,2.94458938,175.78878784,,,,,-6.95631218,5.07775545,-0.55090606,7.35323954,4.48179531,-8.33709049,0.36517460,-29.67131847,0.71982184,0.26042584,0.18768539,1.04139757,,,,,,,3,,,,,,,,,
4.377873,54340,12047671,,174.72456360,3.12672448,175.73825073,,,,,7.12198973,-3.82713628,-20.84423065,-8.49365711,-5.09800196,10.26280594,4.79402355,14.61167684,-0.22510801,0.24419329,0.18795581,1.04775238,,,,,,,3,,,,,,,,,
4.387841,54341,12047771,,174.79435730,3.09085059,175.79949951,,,,,-7.27428055,3.80977774,-1.75318575,7.47092342,3.09254122,-7.26326704,-0.45738666,-16.18653405,0.91953012,0.24769737,0.18598056,1.03932774,,,,,,,3,,,,,,,,,
4.397836,54342,12047871,,174.74589539,3.08724046,175.75205994,,,,,4.21579361,-2.80879235,-16.49515152,-5.31775856,-3.91862535,6.15643883,0.46194506,10.54701590,-1.81724227,0.24083613,0.18225466,1.04269767,,,,,,,3,,,,,,,,,
4.407702,54343,12047971,,174.76562500,3.10892010,175.76760864,,,,,-2.44046855,4.07614183,-5.60231924,2.41981983,3.38011193,-3.69256496,-8.23576782,2.98864831,7.42841556,0.24006906,0.18034588,1.04662168,,,,,,,3,,,,,,,,,
4.417760,54344,12048071,,174.68171692,2.94054890,175.70106506,,,,,0.20214929,-1.99356318,-12.08842850,-0.99454546,-3.02439189,2.06111002,2.61992161,-0.25635810,-6.50853422,0.24389161,0.17884113,1.04760659,,,,,,,3,,,,,,,,,
4.427832,54345,12048171,,174.69551086,3.02375770,175.73393250,,,,,0.56517261,1.16917789,-10.92568684,-1.03844869,0.23653758,1.18863988,-5.05778027,18.76055573,8.67484141,0.25097987,0.17680185,1.04760981,,,,,,,3,,,,,,,,,
4.437818,54346,12048271,,174.66529846,2.78954291,175.71572876,,,,,-3.09778094,0.64819968,-7.30772161,2.78778148,-0.22479105,-2.25540686,-0.92569735,-14.72174534,-8.62791887,0.26338682,0.18379478,1.04332995,,,,,,,3,,,,,,,,,
4.447814,54347,12048371,,174.62644958,2.95103312,175.75416565,,,,,3.91001558,-1.69231260,-15.94959831,-4.80977249,-2.81119800,5.77917004,-1.75540013,23.51595199,5.87088355,0.26655737,0.18133169,1.06557095,,,,,,,3,,,,,,,,,
4.457861,54348,12048471,,174.64408875,2.73746419,175.76739502,,,,,-6.86151552,4.36291409,-2.01666164,7.12554502,3.65285158,-6.96757936,-3.96048476,-20.09855051,-3.68477692,0.27293622,0.18507183,1.04834557,,,,,,,3,,,,,,,,,
4.467944,54349,12048571,,174.62739563,2.87139440,175.72491455,,,,,7.49392128,-3.80967665,-19.51262474,-8.71767044,-4.96847916,8.95232105,2.26583095,21.45571422,4.77972412,0.25142041,0.18399297,1.05069447,,,,,,,3,,,,,,,,,
4.477754,54350,12048671,,174.65348816,2.77230191,175.74337769,,,,,-7.84752798,3.77224731,0.19535394,8.17142582,3.17891049,-9.19502640,-4.21914445,-17.13895100,2.07050419,0.25901580,0.18674935,1.04088092,,,,,,,3,,,,,,,,,
4.487799,54351,12048771,,174.61419678,2.83552337,175.69142151,,,,,5.85498095,-3.46510530,-19.19455528,-7.03293180,-4.72973728,8.72976303,1.59069738,16.19245582,-2.78945972,0.25001973,0.18161704,1.04966021,,,,,,,3,,,,,,,,,
4.497791,54352,12048871,,174.65014648,2.79671812,175.75030518,,,,,-5.04538774,3.90095782,-4.29484320,5.11409569,3.11155725,-4.87941170,-2.77033903,-6.08717259,3.09714672,0.24628535,0.17928018,1.04910982,,,,,,,3,,,,,,,,,
4.507732,54353,12048971,,174.62373352,2.70957017,175.68998718,,,,,2.62495399,-2.23048639,-15.44261265,-3.55195618,-3.39092374,5.25459862,8.40688882,5.92272469,-5.19272047,0.24575412,0.18072951,1.04814053,,,,,,,3,,,,,,,,,
4.517760,54354,12049071,,174.73411560,2.80406356,175.75389099,,,,,-3.21060085,1.93449998,-5.54206753,3.07990646,1.19359922,-3.92175484,0.02630557,2.19583474,4.41377027,0.24883765,0.18259972,1.04323804,,,,,,,3,,,,,,,,,
4.527713,54355,12049171,,174.80349731,2.66420197,175.72370911,,,,,1.47841740,-1.22554648,-14.58232975,-2.30036712,-2.33873057,4.56556797,20.27789420,-7.18708021,-12.34605101,0.24580041,0.18409321,1.03780413,,,,,,,3,,,,,,,,,
4.537757,54356,12049271,,175.01084900,2.84377360,175.83541870,,,,,-0.61447120,1.68554080,-8.19176769,0.34735274,0.95376921,-1.43303227,10.96149141,7.06959968,5.53501882,0.24751724,0.18454623,1.03336704,,,,,,,3,,,,,,,,,
4.547834,54357,12049371,,175.16139221,2.68988943,175.81672668,,,,,-2.48317385,-1.00005627,-9.57876492,1.94592285,-1.92304397,-0.18143535,21.10538187,-16.24489119,-13.69045764,0.25300971,0.19069405,1.03250241,,,,,,,3,,,,,,,,,
4.557779,54358,12049471,,175.35562134,2.91030407,175.91323853,,,,,3.07535195,1.03054249,-13.50926304,-3.66395903,0.22340405,3.63436604,17.46914625,14.42965572,5.62287554,0.25763714,0.19157094,1.04441369,,,,,,,3,,,,,,,,,
4.567754,54359,12049571,,175.56632996,2.76991463,175.91673279,,,,,-5.13031435,1.29613602,-5.31020784,4.97134399,0.55131042,-4.09746456,18.37819149,-22.20601904,-12.21505738,0.26972994,0.19664767,1.04356527,,,,,,,3,,,,,,,,,
4.577799,54360,12049671,,175.73907471,2.96512794,175.98214722,,,,,5.17245865,-1.56014836,-16.95430374,-6.09193707,-2.37320542,6.78178549,15.29431327,20.81362521,2.77336395,0.26820061,0.20002814,1.05548525,,,,,,,3,,,,,,,,,
4.587865,54361,12049771,,175.86972046,2.82063317,175.99795532,,,,,-7.03411627,3.91220069,-1.85270286,7.24762726,3.28512597,-7.24427223,11.60666596,-25.71237007,-6.89238445,0.27472511,0.20520359,1.04323101,,,,,,,3,,,,,,,,,
4.597759,54362,12049871,,175.96084595,2.99913621,175.98483276,,,,,6.81908274,-2.32109904,-20.98401833,-7.98830938,-3.23033047,10.66752434,11.18193150,17.04015572,0.86546720,0.26017493,0.20592809,1.04415894,,,,,,,3,,,,,,,,,
4.607841,54363,12049971,,176.09893799,2.90151882,176.05126953,,,,,-7.42762470,4.12760735,-2.23428965,7.60212994,3.46355772,-6.84537268,10.19631642,-22.60174654,-7.42815516,0.26264057,0.21020994,1.03632295,,,,,,,3,,,,,,,,,
4.617754,54364,12050071,,176.17845154,3.01721334,176.06573486,,,,,5.84453297,-3.63772368,-18.17839813,-6.99886227,-4.34917068,7.81754255,11.77472191,12.48164308,-2.92983120,0.25366268,0.21276100,1.03631830,,,,,,,3,,,,,,,,,
4.627764,54365,12050171,,176.30201721,3.01250792,176.15736389,,,,,-6.57235813,3.46117926,-2.22019625,6.70795727,2.87326431,-6.96870184,4.76028455,-19.40778787,-4.15655644,0.25341159,0.21516779,1.03041804,,,,,,,3,,,,,,,,,
4.637855,54366,12050271,,176.32350159,3.08230281,176.13575745,,,,,6.08537149,-2.63169551,-18.20175934,-7.20520782,-3.28880596,7.89088535,10.11393324,11.52294406,-3.14000317,0.25260019,0.21565968,1.03437984,,,,,,,3,,,,,,,,,
4.647843,54367,12050371,,176.47148132,3.10066199,176.22334290,,,,,-6.13628721,4.05651236,-2.59831786,6.26424599,3.49848008,-6.58136559,1.17903056,-11.06504989,-1.25410139,0.25618002,0.21704136,1.02996683,,,,,,,3,,,,,,,,,
4.657789,54368,12050471,,176.46987915,3.06847763,176.17625427,,,,,4.73930979,-3.15900517,-18.14952850,-5.87229586,-3.84574938,7.89190626,14.64666449,12.30858999,-6.56543524,0.25056285,0.21857521,1.03144729,,,,,,,3,,,,,,,,,
4.667816,54369,12050571,,176.63264465,3.06678414,176.27946472,,,,,-5.79915810,3.69531441,-3.64299607,5.84355974,3.11158752,-5.60688305,3.24597697,-4.39606812,1.38421169,0.24854378,0.21957071,1.02798963,,,,,,,3,,,,,,,,,
4.677729,54370,12050671,,176.65739441,2.94831204,176.23861694,,,,,4.07771730,-2.93517923,-17.48775673,-5.16620827,-3.59591341,7.28311586,12.29117215,8.02278972,-11.18884365,0.25079972,0.22001380,1.02553415,,,,,,,3,,,,,,,,,
4.687762,54371,12050771,,176.81617737,2.99723959,176.37153625,,,,,-3.71104741,4.02756643,-3.56114960,3.79707432,3.59514165,-5.80358505,7.55913343,1.02030284,5.20929094,0.25119212,0.22048806,1.02356458,,,,,,,3,,,,,,,,,
4.697798,54372,12050871,,176.85766602,2.86119032,176.31483459,,,,,1.80047619,-2.63473082,-15.22518730,-2.72189140,-3.28507519,5.17750740,10.22032795,2.06776891,-12.82872682,0.25017393,0.22098604,1.02158833,,,,,,,3,,,,,,,,,
4.707767,54373,12050971,,176.97128296,2.94757462,176.44650269,,,,,-2.10324073,2.84368658,-6.92398262,1.94863367,2.36303759,-2.60707045,4.01624387,9.52919477,5.57242221,0.24936202,0.22243772,1.02606010,,,,,,,3,,,,,,,,,
4.717780,54374,12051071,,177.02445984,2.73239732,176.40950012,,,,,-0.05176648,-1.37224543,-11.96022892,-0.59265399,-1.94629550,2.09681988,10.78808999,0.02505799,-11.19021481,0.25351593,0.22284865,1.02410841,,,,,,,3,,,,,,,,,
4.727864,54375,12051171,,177.13208008,2.84408760,176.49539185,,,,,1.20325291,1.44791031,-9.19198799,-1.52604544,1.09015822,-0.57656240,0.71432445,18.53409568,8.94279571,0.25085139,0.22001228,1.02701867,,,,,,,3,,,,,,,,,
4.737790,54376,12051271,,177.15237427,2.56483817,176.43333435,,,,,-3.31347132,0.46329159,-9.20616627,2.94204283,-0.15290716,-0.40202236,10.66543004,-0.75452337,-10.85222290,0.25829557,0.22228734,1.02610242,,,,,,,3,,,,,,,,,
4.747818,54377,12051371,,177.21432495,2.59284401,176.48950195,,,,,2.26166868,0.34171906,-13.86059952,-2.80833244,-0.15668935,3.98990917,-0.19753114,25.97358383,8.02758878,0.25850278,0.22132148,1.03153062,,,,,,,3,,,,,,,,,
4.757778,54378,12051471,,177.23309326,2.31983924,176.48716736,,,,,-4.37912416,1.18625617,-6.11054659,4.22683239,0.65302980,-3.40993786,7.40097869,-9.92599632,-12.49361469,0.26204613,0.22654323,1.02816772,,,,,,,3,,,,,,,,,
4.767765,54379,12051571,,177.27244568,2.42311716,176.56210327,,,,,3.63796401,-1.02391899,-15.42590904,-4.26617050,-1.48926473,5.46033764,-1.40201383,26.37318063,6.16560792,0.26300025,0.22364181,1.04049551,,,,,,,3,,,,,,,,,
4.777751,54380,12051671,,177.27728271,2.17966890,176.56588745,,,,,-6.12454224,2.43067336,-3.66217613,6.18894577,1.90563941,-5.72029734,0.41963543,-16.49488465,-8.54225976,0.26762229,0.22788391,1.04058588,,,,,,,3,,,,,,,,,
4.787749,54381,12051771,,177.27120972,2.32383966,176.57647705,,,,,6.55953312,-1.33430684,-17.64233780,-7.28029585,-1.71865940,7.55072641,-0.07310445,21.79685314,6.72489497,0.26660362,0.22934167,1.03911960,,,,,,,3,,,,,,,,,
4.797744,54382,12051871,,177.29461670,2.20995283,176.58412170,,,,,-7.51457119,1.93810594,-1.59647369,7.60719824,1.43352902,-7.75371790,-2.73578105,-19.18532348,-5.77635373,0.27363482,0.23066913,1.02581739,,,,,,,3,,,,,,,,,
4.807773,54383,12051971,,177.24870300,2.34007430,176.56051636,,,,,5.92646027,-2.03083849,-18.54402161,-6.71596432,-2.49496746,8.43161201,0.42717903,18.94771486,4.51482078,0.26025000,0.22945166,1.03216279,,,,,,,3,,,,,,,,,
4.817833,54384,12052071,,177.25561523,2.24880862,176.60394287,,,,,-7.19136286,4.23141670,-2.56652069,7.35829639,3.68667221,-6.69280243,-7.98260857,-17.06399308,-2.74554267,0.26288944,0.23084915,1.02774537,,,,,,,3,,,,,,,,,
4.827747,54385,12052171,,177.17298889,2.32115221,176.55276489,,,,,6.26259279,-4.20989895,-18.52868271,-7.19062376,-4.67144489,8.28975487,1.18481200,13.46655892,-1.51376757,0.25968480,0.22994225,1.02969396,,,,,,,3,,,,,,,,,
4.837880,54386,12052271,,177.22373962,2.26208138,176.64350891,,,,,-8.18073654,4.06479120,-2.33540869,8.34860611,3.47353411,-6.89949179,-1.24016097,-13.34086209,-2.58671601,0.26586178,0.23128301,1.01886129,,,,,,,3,,,,,,,,,
4.847782,54387,12052371,,177.20648193,2.27376986,176.58912659,,,,,6.34618759,-3.33819389,-19.78144455,-7.27671671,-3.85669684,9.57182503,5.00103121,12.78026151,-3.61205931,0.26322478,0.23469011,1.01247025,,,,,,,3,,,,,,,,,
4.857777,54388,12052471,,177.26905823,2.29744673,176.69229126,,,,,-6.95315170,5.01210928,-0.61358327,7.25299263,4.56817818,-8.62006950,-0.80209862,-17.93032062,0.76732672,0.26675192,0.23799284,1.00759256,,,,,,,3,,,,,,,,,
4.867799,54389,12052571,,177.24786377,2.37493730,176.62980652,,,,,6.58131456,-2.69601059,-20.12781143,-7.53409719,-3.21449947,9.92278099,2.48882723,4.28620069,-4.82890148,0.26140410,0.23519990,1.01444817,,,,,,,3,,,,,,,,,
4.877874,54390,12052671,,177.29623413,2.44980407,176.75006104,,,,,-7.72474480,2.40931845,-1.99238205,7.80316257,1.87445271,-7.32672405,-3.33135775,-14.60001942,-0.54451928,0.25846675,0.23380525,1.02381194,,,,,,,3,,,,,,,,,
4.887844,54391,12052771,,177.23287964,2.46465874,176.71258545,,,,,5.08075619,-2.53492355,-17.40814972,-5.93730593,-3.02705622,7.26038837,0.32849886,8.87767071,-7.85300488,0.25757021,0.23238017,1.02427959,,,,,,,3,,,,,,,,,
4.897798,54392,12052871,,177.27908325,2.53197789,176.82928467,,,,,-5.44972372,3.24279213,-3.57636929,5.48344564,2.77338052,-5.80423212,-2.99900565,-15.47424606,-0.32102215,0.25421888,0.23195745,1.02227712,,,,,,,3,,,,,,,,,
4.907835,54393,12052971,,177.19992065,2.53693056,176.74380493,,,,,4.93551636,-1.21649396,-18.48732948,-5.78056955,-1.77293730,8.40937614,4.62306647,7.36926441,-6.40598832,0.25860071,0.23428711,1.01441967,,,,,,,3,,,,,,,,,
4.917790,54394,12053071,,177.31033325,2.61353087,176.87542725,,,,,-6.00529289,2.69401860,-3.39967871,6.01500130,2.22320986,-5.96714878,-4.31877941,-15.47243094,-1.93621093,0.26106790,0.23568967,1.00505376,,,,,,,3,,,,,,,,,
4.927812,54395,12053171,,177.23677063,2.60706234,176.84851074,,,,,4.36399412,-2.13107944,-17.29670143,-5.23716211,-2.64898872,7.19134760,6.39485810,5.56854139,-9.36493982,0.25896701,0.23524201,1.01196277,,,,,,,3,,,,,,,,,
4.937917,54396,12053271,,177.32710266,2.70992422,177.01255798,,,,,-6.05037975,2.79134822,-2.54645991,6.10322285,2.36531329,-6.79498386,-9.28825131,-15.21924266,-1.21211408,0.25927714,0.23523289,1.02086997,,,,,,,3,,,,,,,,,
4.947788,54397,12053371,,177.21073914,2.71225929,176.98626709,,,,,5.62680006,-2.94630694,-18.71954727,-6.63370562,-3.46765852,8.50051308,5.79584667,5.72912639,-11.20005199,0.25517645,0.23194112,1.02277637,,,,,,,3,,,,,,,,,
4.957922,54398,12053471,,177.32409668,2.79771256,177.16252136,,,,,-5.84802532,4.26194239,-3.89279795,5.89231396,3.79940844,-5.38728237,-3.14539389,-11.02871584,-3.71547563,0.25445673,0.23147650,1.01534390,,,,,,,3,,,,,,,,,
4.967809,54399,12053571,,177.28594971,2.76851273,177.10171509,,,,,4.54271793,-2.77568650,-16.98197746,-5.44483232,-3.27730274,6.83818579,8.68117727,8.43701764,-10.52270896,0.25759143,0.23430496,1.01243579,,,,,,,3,,,,,,,,,
4.977820,54400,12053671,,177.40493774,2.81032848,177.27990723,,,,,-6.80864143,3.71590137,-1.97781062,6.91095829,3.30838823,-7.28728867,-0.16416980,-10.48154085,-2.26218341,0.26250300,0.23806457,1.00707769,,,,,,,3,,,,,,,,,
4.987824,54401,12053771,,177.40051270,2.76807523,177.24064636,,,,,5.54699183,-3.00718307,-20.11218834,-6.62215757,-3.59407783,9.89384556,7.21213249,7.43651872,-13.24001520,0.26529804,0.23849773,1.00660372,,,,,,,3,,,,,,,,,
4.997760,54402,12053871,,177.47888184,2.83079028,177.44963074,,,,,-6.18537045,4.07034254,-1.99441767,6.30394411,3.70338154,-7.28536749,-0.12476298,-9.57670130,-3.99683076,0.26494008,0.23802248,1.00956297,,,,,,,3,,,,,,,,,
5.007816,54403,12053971,,177.45527649,2.80396795,177.42730713,,,,,5.33775759,-2.70627952,-18.51392174,-6.32670593,-3.23233938,8.32328415,6.35763784,4.88590923,-13.15783778,0.26032436,0.23809908,1.01201487,,,,,,,3,,,,,,,,,
5.017802,54404,12054071,,177.56398010,2.87972116,177.62332153,,,,,-6.56110716,3.38369608,-2.61367345,6.60603523,2.99996972,-6.68262053,-0.37056372,-9.57634954,-2.55353196,0.26224741,0.23950581,1.01402581,,,,,,,3,,,,,,,,,
5.027832,54405,12054171,,177.52769470,2.86282444,177.59863281,,,,,5.01439428,-2.77219105,-17.74713326,-5.96038246,-3.27887869,7.56984615,4.17014254,9.91922931,-13.13427192,0.26453829,0.23898813,1.01205003,,,,,,,3,,,,,,,,,
5.037760,54406,12054271,,177.58445740,2.92518997,177.77755737,,,,,-5.18375254,4.16212606,-3.77768469,5.17282295,3.80962467,-5.55429268,-6.54951322,-11.14760126,-4.10072690,0.26039276,0.23905683,1.01450419,,,,,,,3,,,,,,,,,
5.047873,54407,12054371,,177.47283936,2.85216761,177.74313354,,,,,3.86921716,-2.33200669,-18.00169182,-4.79682684,-2.91816235,7.90582275,1.92131898,13.20156807,-12.83141536,0.25891227,0.24100213,1.01353800,,,,,,,3,,,,,,,,,
5.057801,54408,12054471,,177.57237244,2.87227178,177.96058655,,,,,-5.87003660,2.92778301,-2.66583514,5.88198233,2.61956859,-6.67568827,-4.57221486,-12.28481581,-6.84504867,0.25920480,0.24436450,0.99677098,,,,,,,3,,,,,,,,,
5.067832,54409,12054571,,177.45687866,2.85275698,177.96151733,,,,,4.50955772,-2.36190438,-18.00584221,-5.43617582,-2.94469023,7.87151766,2.24269005,9.65682625,-15.09671248,0.24582936,0.24170713,1.00259888,,,,,,,3,,,,,,,,,
5.077832,54410,12054671,,177.51133728,2.91655016,178.18359375,,,,,-5.29326105,3.42117548,-2.43873572,5.31188250,3.15735197,-6.90197229,-13.31091171,-10.17228355,-7.18893717,0.23789376,0.23751518,1.01535642,,,,,,,3,,,,,,,,,
5.087758,54411,12054771,,177.34298706,2.86617184,178.19723511,,,,,4.51442480,-2.12012219,-18.43573380,-5.45652294,-2.77059197,8.30668068,1.68158233,8.34758997,-16.09201106,0.24465369,0.23740506,1.00697768,,,,,,,3,,,,,,,,,
5.097800,54412,12054871,,177.43740845,2.97124362,178.40850830,,,,,-5.21771431,3.52047157,-2.66503644,5.21307230,3.26779294,-6.66757441,-9.65538251,-11.82948295,-4.40887131,0.24751864,0.23591666,1.00746322,,,,,,,3,,,,,,,,,
5.107792,54413,12054971,,177.32504272,2.95851779,178.38531494,,,,,4.23364067,-2.98807979,-17.86096382,-5.17215014,-3.64459419,7.69841719,3.14216727,6.19504049,-14.55192806,0.24862292,0.23541613,1.01191366,,,,,,,3,,,,,,,,,
5.117771,54414,12055071,,177.37911987,3.06625867,178.57534790,,,,,-5.54577065,3.79692435,-2.76005006,5.51441908,3.54025769,-6.53895950,-11.64925475,-10.68153733,-3.44435661,0.22962146,0.23477277,1.01922965,,,,,,,3,,,,,,,,,
5.127877,54415,12055171,,177.24174500,2.98512602,178.55563354,,,,,3.68663740,-2.58331203,-18.56096840,-4.67097521,-3.33307600,8.42886353,3.20694606,5.61753006,-15.73731422,0.21455981,0.23214725,1.01713347,,,,,,,3,,,,,,,,,
5.137876,54416,12055271,,177.36024475,3.05099869,178.74855042,,,,,-5.37004995,2.55068731,-0.80086523,5.42430210,2.39898252,-8.56468582,0.52492608,-8.38415454,-0.73052166,0.22107598,0.23684308,1.00437677,,,,,,,3,,,,,,,,,
5.147800,54417,12055371,,177.33503723,2.99456286,178.70594788,,,,,4.10754442,-1.74456966,-17.07205963,-4.99842787,-2.41843796,6.95131207,5.78195662,4.42577603,-13.53695853,0.22610185,0.23628044,0.99994022,,,,,,,3,,,,,,,,,
5.157905,54418,12055471,,177.44680786,3.07349563,178.86625671,,,,,-2.55396080,2.52559566,-5.45852232,2.35757208,2.22783804,-4.07793951,3.04587761,-2.92243966,0.17493749,0.22578722,0.23532403,1.00388157,,,,,,,3,,,,,,,,,
5.167843,54419,12055571,,177.43440247,2.99371600,178.85601807,,,,,-0.13344060,-1.20698619,-12.33235741,-0.50772214,-1.73644018,2.47620845,6.51537764,-2.90106479,-13.30019429,0.22996569,0.23813361,1.00394702,,,,,,,3,,,,,,,,,
5.177796,54420,12055671,,177.51258850,3.09083939,178.97888184,,,,,0.24500605,0.93504757,-7.50915480,-0.59173906,0.62704480,-2.25883961,-2.02397672,8.77563024,4.35122879,0.22973719,0.23717466,1.01036251,,,,,,,3,,,,,,,,,
5.187792,54421,12055771,,177.50846863,2.94491839,178.95701599,,,,,-3.01359844,0.93217629,-5.76221848,2.77174950,0.64163685,-3.82527280,7.27703466,-10.32373360,-11.39176772,0.23645908,0.24378395,1.00456381,,,,,,,3,,,,,,,,,
5.197941,54422,12055871,,177.58065796,3.05621672,179.02844238,,,,,4.47222519,-0.10696553,-15.60029793,-5.20758677,-0.67433786,5.57129288,0.71093497,21.72130100,3.36482119,0.23351873,0.23854446,1.02524602,,,,,,,3,,,,,,,,,
5.207876,54423,12055971,,177.61085510,2.87567258,179.02789307,,,,,-6.31071472,1.87750947,-0.75281084,6.38094711,1.74679947,-8.59367180,4.24622701,-19.35013936,-7.12392999,0.24134107,0.24513912,1.01054680,,,,,,,3,,,,,,,,,
5.217903,54424,12056071,,177.67083740,3.02202606,179.06823730,,,,,6.13847685,-3.54667521,-18.51609993,-7.04630899,-4.15480375,8.28367329,9.70985840,21.84203997,-1.33498278,0.22537044,0.24828702,1.01249564,,,,,,,3,,,,,,,,,
5.227865,54425,12056171,,177.76785278,2.87658572,179.10485840,,,,,-6.37143326,5.28699541,-0.49454793,6.48620033,5.18179417,-8.72235870,-0.47174612,-10.74825974,1.43948606,0.23618923,0.24907054,0.99969858,,,,,,,3,,,,,,,,,
5.237919,54426,12056271,,177.73942566,2.89163494,179.07392883,,,,,3.49346590,-4.15412617,-15.45713806,-4.27337933,-4.66873360,5.32430410,9.53349096,8.87714820,-7.23010101,0.22907692,0.24775137,0.99716824,,,,,,,3,,,,,,,,,
5.247906,54427,12056371,,177.86477661,2.87914014,179.14811707,,,,,-1.84385109,3.14602137,-4.83360291,1.68919396,2.95307708,-4.74601078,4.48456091,6.25295964,7.72180975,0.22911921,0.24918978,0.99917024,,,,,,,3,,,,,,,,,
5.257933,54428,12056471,,177.89985657,2.74641466,179.08958435,,,,,-2.46643710,0.08638500,-6.48408175,2.20266008,-0.17236352,-3.17640877,5.24206475,-7.65701004,-8.23154079,0.23719314,0.25241789,0.98986143,,,,,,,3,,,,,,,,,
5.267958,54429,12056571,,177.94731140,2.85610008,179.12374878,,,,,4.90660477,-1.30046237,-15.53842545,-5.60599232,-1.74958062,5.47432041,6.22497763,20.58272042,5.92860890,0.23356503,0.24190815,1.01490951,,,,,,,3,,,,,,,,,
5.277942,54430,12056671,,178.00755310,2.68932796,179.08612061,,,,,-6.62506676,4.26632738,0.76968837,6.82340956,4.18824959,-10.04710674,3.06229482,-19.40551171,1.58562020,0.24823974,0.25270885,0.99684805,,,,,,,3,,,,,,,,,
5.287808,54431,12056771,,178.05551147,2.82612205,179.06072998,,,,,5.15445566,-4.58273315,-18.76061249,-6.01917171,-5.10965443,8.58219910,7.42162379,18.75830689,-1.99634349,0.22703353,0.25258067,1.00861382,,,,,,,3,,,,,,,,,
5.298008,54432,12056871,,178.11341858,2.69771433,179.08743286,,,,,-4.02957058,4.93921709,-3.51924038,4.00267506,4.75392103,-5.90443516,0.04732369,-6.52995881,7.02214523,0.23509073,0.25484949,0.99830031,,,,,,,3,,,,,,,,,
5.307842,54433,12056971,,178.10559082,2.67887020,179.01799011,,,,,0.10335801,-2.22655129,-10.96346188,-0.61353302,-2.56865120,1.08631754,5.70575733,-0.57103962,-5.10012274,0.23112303,0.25395918,0.99183440,,,,,,,3,,,,,,,,,
5.317925,54434,12057071,,178.16738892,2.74791479,179.04730225,,,,,1.67413318,0.77471137,-10.20666122,-2.09986496,0.49294388,0.35969496,0.72780916,13.53679375,10.02554547,0.22958001,0.25062174,0.99969000,,,,,,,3,,,,,,,,,
5.327951,54435,12057171,,178.16886902,2.58929348,178.98207092,,,,,-4.82149124,2.30785561,-2.26030564,4.81403923,2.15923214,-7.20838737,3.21655742,-15.33345367,-3.43770016,0.24464464,0.25709212,0.99046755,,,,,,,3,,,,,,,,,
5.337848,54436,12057271,,178.20576477,2.73547983,178.98466492,,,,,5.35592079,-3.37010145,-17.19574547,-6.13059568,-3.77879858,7.06563377,4.08060431,18.06756132,4.39466708,0.23626985,0.25002199,1.01604104,,,,,,,3,,,,,,,,,
5.347940,54437,12057371,,178.22750854,2.60796428,178.96827698,,,,,-5.39928246,5.40117359,-0.63344252,5.55005598,5.29550076,-8.70061302,-5.26192993,-16.63170358,4.47239421,0.24951829,0.25796765,0.99594826,,,,,,,3,,,,,,,,,
5.357848,54438,12057471,,178.19758606,2.68341064,178.90483093,,,,,2.70383048,-4.32557726,-14.61055565,-3.39751720,-4.69842815,4.56573439,6.17404192,8.84935104,-2.35618112,0.23264377,0.25729129,0.99684238,,,,,,,3,,,,,,,,,
5.367927,54439,12057571,,178.26768494,2.66537523,178.92460632,,,,,-0.68992823,3.01224709,-7.27907515,0.46084964,2.79253101,-2.38499618,-1.91492870,5.23677348,10.21528813,0.23253205,0.25681472,0.99337095,,,,,,,3,,,,,,,,,
5.377872,54440,12057671,,178.22247314,2.55130601,178.83633423,,,,,-2.44152927,-0.46466956,-6.17358637,2.20686960,-0.68703794,-3.50837731,3.05591030,-9.84254336,-5.23110912,0.23878630,0.25863308,0.98502022,,,,,,,3,,,,,,,,,
5.387964,54441,12057771,,178.27565002,2.67139268,178.85148621,,,,,3.92883897,-1.35534346,-15.18370342,-4.56039667,-1.70590210,5.19022131,4.41763615,21.57694666,8.45314201,0.24053366,0.24755634,1.00217021,,,,,,,3,,,,,,,,,
5.397846,54442,12057871,,178.29724121,2.46460056,178.79727173,,,,,-5.97532797,6.11789083,-1.34898949,6.11317587,5.96165180,-7.94946575,-2.23008451,-15.02501769,3.30386389,0.25285792,0.25743690,0.98358756,,,,,,,3,,,,,,,,,
5.407838,54443,12057971,,178.31401062,2.54926991,178.74847412,,,,,4.30025816,-6.15625525,-16.85851288,-5.08729315,-6.52267075,6.71444416,7.19068997,16.47470827,-0.38042302,0.22680701,0.25738609,1.00473082,,,,,,,3,,,,,,,,,
5.417937,54444,12058071,,178.38153076,2.45481229,178.77436829,,,,,-3.09490776,4.62416172,-3.11328983,3.12713337,4.47188187,-6.40329552,-0.51704681,-1.77368273,11.32151410,0.23857352,0.26055294,0.99346048,,,,,,,3,,,,,,,,,
5.427859,54445,12058171,,178.33700562,2.39122343,178.66381836,,,,,-0.52102476,-1.02769494,-9.62093067,0.13288432,-1.30221510,-0.18037891,0.07088341,-1.27174611,-3.83295958,0.23350252,0.25824356,0.98152423,,,,,,,3,,,,,,,,,
5.438069,54446,12058271,,178.36787415,2.46005964,178.67285156,,,,,2.78010154,-1.26098192,-12.13537407,-3.25532818,-1.52619028,2.19503570,1.20765279,17.19934694,9.21451856,0.23064399,0.25444722,0.99183977,,,,,,,3,,,,,,,,,
5.447849,54447,12058371,,178.35830688,2.29561114,178.60914612,,,,,-4.84750605,4.11127520,-1.18598652,4.97491503,3.95781231,-8.25882912,0.67398242,-16.38572969,1.89962865,0.24581146,0.26187432,0.98609632,,,,,,,3,,,,,,,,,
5.457962,54448,12058471,,178.37332153,2.42211699,178.56985474,,,,,4.24613094,-4.46480608,-17.95025635,-4.97893810,-4.84502316,7.87589455,2.46503854,21.71729168,1.42918827,0.23272642,0.25440371,1.01114511,,,,,,,3,,,,,,,,,
5.467937,54449,12058571,,178.40139771,2.25378084,178.56661987,,,,,-3.46866775,4.93169880,-3.24114680,3.53294826,4.75301313,-6.25698853,-2.65428707,-7.98654959,9.02432938,0.24928443,0.26037392,0.99054277,,,,,,,3,,,,,,,,,
5.477951,54450,12058671,,178.37310791,2.29203296,178.46864319,,,,,-0.36901173,-2.35566521,-10.27724171,-0.07332677,-2.63606954,0.42639399,4.21972673,-1.42517180,-1.70318654,0.23605080,0.25963783,0.98799098,,,,,,,3,,,,,,,,,
5.487861,54451,12058771,,178.40725708,2.32974911,178.47817993,,,,,1.59437978,0.53576881,-11.64523697,-1.98951089,0.27022955,1.80728364,-3.12703627,14.83946707,11.86486419,0.22918020,0.25735179,0.99187839,,,,,,,3,,,,,,,,,
5.497872,54452,12058871,,178.37695312,2.17892170,178.38246155,,,,,-4.08016157,3.80123258,-2.77367783,4.14235020,3.61496830,-6.72110367,-0.25688432,-19.08057058,0.81550372,0.24012640,0.26149067,0.98457742,,,,,,,3,,,,,,,,,
5.507938,54453,12058971,,178.39303589,2.32809043,178.33816528,,,,,4.39431334,-5.00432634,-16.45954895,-5.08858776,-5.30065441,6.38398552,5.14944824,21.46027679,5.98368925,0.23701915,0.25289103,1.01213217,,,,,,,3,,,,,,,,,
5.517950,54454,12059071,,178.42593384,2.18813896,178.29524231,,,,,-3.60332608,5.36400175,-2.50345516,3.72923708,5.19517708,-6.97213507,-3.69151746,-12.67525418,9.37451062,0.25616390,0.26217982,0.98664784,,,,,,,3,,,,,,,,,
5.527961,54455,12059171,,178.37321472,2.24954343,178.20562744,,,,,1.03881311,-3.15888119,-13.45121574,-1.61140680,-3.46839285,3.53286552,3.23784947,4.84328159,-2.60591652,0.23456094,0.26302302,0.98754233,,,,,,,3,,,,,,,,,
5.537857,54456,12059271,,178.41311646,2.24744725,178.22373962,,,,,0.26523060,1.80632770,-8.72558880,-0.50052774,1.59010196,-1.02467954,-2.12817489,9.71328971,11.14492895,0.23227996,0.26114103,0.98849064,,,,,,,3,,,,,,,,,
5.547868,54457,12059371,,178.37078857,2.12352562,178.12535095,,,,,-4.03850985,1.68745708,-3.06051016,4.04089212,1.49168634,-6.49725962,-5.97181070,-17.56139990,0.17753565,0.23957896,0.26102099,0.98209345,,,,,,,3,,,,,,,,,
5.557925,54458,12059471,,178.33480835,2.27596831,178.10873413,,,,,4.44658709,-3.74652600,-17.62864876,-5.14604950,-4.05402946,7.58982372,3.65081380,20.64415627,6.28837886,0.23496717,0.25100824,1.00615489,,,,,,,3,,,,,,,,,
5.567894,54459,12059571,,178.37796021,2.11121035,178.06738281,,,,,-4.50671625,6.80554581,-1.44791484,4.76842880,6.61528635,-7.94014215,-4.07976847,-14.72957786,8.30472797,0.25136909,0.25890255,0.98211902,,,,,,,3,,,,,,,,,
5.577874,54460,12059671,,178.33058167,2.20768309,177.98077393,,,,,1.41254151,-5.16178465,-13.96639347,-2.07146788,-5.49027586,3.96756315,-0.58936272,5.32050307,-3.32931104,0.23163450,0.25730914,0.99485856,,,,,,,3,,,,,,,,,
5.587873,54461,12059771,,178.31649780,2.22733974,178.00837708,,,,,0.51638746,2.15127540,-9.29081631,-0.75619984,1.91526115,-0.46215296,-0.54162328,3.67936570,11.24415026,0.23447284,0.25726116,0.99536681,,,,,,,3,,,,,,,,,
5.597961,54462,12059871,,178.31877136,2.16931963,177.89549255,,,,,-3.44698429,1.66308045,-4.79150772,3.37320471,1.41178024,-4.79803896,0.68433432,-18.18616755,-0.82454225,0.23895575,0.25719437,0.97559780,,,,,,,3,,,,,,,,,
5.607952,54463,12059971,,178.32882690,2.36477995,177.88252258,,,,,4.15152025,-3.31402493,-16.37113380,-4.84602499,-3.61149216,6.33048153,0.17970637,15.04770246,6.66469241,0.24237509,0.24993114,0.98885852,,,,,,,3,,,,,,,,,
5.618026,54464,12060071,,178.31979370,2.22603989,177.83657837,,,,,-5.29894257,5.87430716,-1.09355497,5.56018877,5.62916946,-8.27919579,-1.42513573,-21.01949565,7.64275116,0.25351173,0.26174837,0.97772199,,,,,,,3,,,,,,,,,
5.627987,54465,12060171,,178.30641174,2.36334848,177.76858521,,,,,2.89857554,-3.96001744,-15.86350250,-3.63471842,-4.27858162,5.84107971,2.14947505,10.26526462,-1.50085019,0.23076303,0.25732294,0.99683344,,,,,,,3,,,,,,,,,
5.637989,54466,12060271,,178.30036926,2.31451201,177.76527405,,,,,-0.77327764,2.83553767,-5.25176954,0.71588516,2.66119003,-4.42549992,-8.86596889,-2.60470630,12.53949307,0.24777989,0.25896081,0.98704958,,,,,,,3,,,,,,,,,
5.648006,54467,12060371,,178.19569397,2.29619169,177.65214539,,,,,-2.31424284,-1.24003100,-6.28587389,2.05437613,-1.51443934,-3.44503522,-2.32638143,-10.54445799,-2.84497805,0.24156561,0.25618747,0.98252165,,,,,,,3,,,,,,,,,
5.657910,54468,12060471,,178.17251587,2.42464280,177.64749146,,,,,4.35684347,0.10974871,-16.64901161,-4.96770859,-0.19915572,6.69708633,-2.81835440,18.11292914,10.56607042,0.23505984,0.24813215,0.99374098,,,,,,,3,,,,,,,,,
5.667843,54469,12060571,,178.17564392,2.25564957,177.58215332,,,,,-6.07595921,3.37944674,-0.03667546,6.30561066,3.13257647,-9.35273457,-5.16854288,-20.28330542,1.51961901,0.24996158,0.25316769,0.97905266,,,,,,,3,,,,,,,,,
5.677859,54470,12060671,,178.12979126,2.40682125,177.57441711,,,,,4.29583359,-4.29990721,-17.64575768,-5.11787796,-4.64305115,7.55486631,1.51978368,17.35978126,-0.95244010,0.23719801,0.25001243,1.00219238,,,,,,,3,,,,,,,,,
5.687861,54471,12060771,,178.15373230,2.30342603,177.58738708,,,,,-3.33098722,4.69367075,-3.76795816,3.43492174,4.43465519,-5.71987152,-3.55716124,-9.29764709,8.82708547,0.25342363,0.25598654,0.98554653,,,,,,,3,,,,,,,,,
5.697896,54472,12060871,,178.11108398,2.34625864,177.50993347,,,,,-0.48433253,-2.57235718,-10.15030098,-0.00123805,-2.89418435,0.29664660,1.26771257,-7.73085206,-6.41386566,0.23830092,0.25480244,0.98248333,,,,,,,3,,,,,,,,,
5.707844,54473,12060971,,178.10449219,2.45368290,177.53483582,,,,,3.24311805,0.36985999,-12.91739750,-3.73613501,0.12495440,3.00715041,-1.13689662,12.37726242,10.58231517,0.23890996,0.25287092,0.98542440,,,,,,,3,,,,,,,,,
5.718101,54474,12061071,,178.10705566,2.35634851,177.45166016,,,,,-5.67549086,3.83582830,-1.68875778,5.83127975,3.53528357,-7.70525169,-2.43010489,-21.53364497,-0.05754538,0.25198314,0.25697681,0.97170162,,,,,,,3,,,,,,,,,
5.727956,54475,12061171,,178.07911682,2.52425408,177.44328308,,,,,4.80902100,-4.56592607,-18.17386818,-5.71438789,-4.91148758,8.03313828,0.60150941,14.24553260,-1.40265245,0.24068138,0.24515262,1.00510132,,,,,,,3,,,,,,,,,
5.737948,54476,12061271,,178.06941223,2.42602849,177.45460510,,,,,-3.84843159,4.43069649,-1.17660332,4.05832815,4.21379709,-8.28355694,-6.00274334,-9.64350140,10.59614801,0.26018006,0.25299135,0.98899627,,,,,,,3,,,,,,,,,
5.747851,54477,12061371,,178.00100708,2.44609642,177.36721802,,,,,-0.16226074,-1.39894247,-11.53168297,-0.36655045,-1.78420687,1.68174505,-2.42484714,-1.61786157,-6.18612923,0.24125251,0.25235173,0.98493314,,,,,,,3,,,,,,,,,
5.757831,54478,12061471,,177.94696045,2.48972249,177.40061951,,,,,2.57272768,-0.93033451,-12.09552860,-3.09132576,-1.21831059,2.15616202,-8.50545357,15.36340575,8.13577898,0.23693275,0.24666111,0.99273753,,,,,,,3,,,,,,,,,
5.767828,54479,12061571,,177.86236572,2.34944105,177.34121704,,,,,-4.85371304,4.17495441,-0.26416877,5.11992884,3.93312693,-9.13243103,-10.11764289,-18.43764999,2.48569153,0.24928272,0.24741730,0.98341101,,,,,,,3,,,,,,,,,
5.777835,54480,12061671,,177.74050903,2.51412368,177.29443359,,,,,4.48809242,-4.21681166,-17.95880318,-5.35288334,-4.67297363,7.81529665,-8.35747496,18.32814157,0.51725823,0.24369557,0.23838118,1.00698829,,,,,,,3,,,,,,,,,
5.787809,54481,12061771,,177.66931152,2.39016724,177.29887390,,,,,-3.12001657,3.12789726,-3.73881674,3.14649868,2.82676673,-5.79074192,-10.92275400,-9.99445189,7.94528842,0.25424349,0.24637079,0.99034595,,,,,,,3,,,,,,,,,
5.797884,54482,12061871,,177.56231689,2.42712283,177.23529053,,,,,-0.41339970,-0.98128200,-10.70716572,-0.05715299,-1.43329883,0.87666225,-7.29024937,-1.75494560,-5.24834383,0.23597619,0.24475791,0.99121833,,,,,,,3,,,,,,,,,
5.807988,54483,12061971,,177.48336792,2.47842050,177.27014160,,,,,1.71383893,0.59225023,-12.14279270,-2.16435552,0.16937578,2.30265045,-11.09009875,14.24811270,7.97338098,0.23853590,0.24087317,0.99512774,,,,,,,3,,,,,,,,,
5.817867,54484,12062071,,177.39614868,2.33374429,177.20843506,,,,,-4.40546703,2.26581597,-2.36732888,4.47977400,1.94401050,-7.11154699,-7.18065045,-21.16141674,-0.91062216,0.24644640,0.24362625,0.98086298,,,,,,,3,,,,,,,,,
5.827965,54485,12062171,,177.31945801,2.52297497,177.18492126,,,,,4.80413437,-3.44062638,-17.17794991,-5.64143753,-3.95443177,7.02405643,-3.98247840,17.13602084,3.41355054,0.24267109,0.23456047,1.00246990,,,,,,,3,,,,,,,,,
5.838128,54486,12062271,,177.27742004,2.39943910,177.17430115,,,,,-4.32386923,4.99970531,-1.74392200,4.54078960,4.70205402,-7.60432386,-11.26389889,-12.02439350,8.04496137,0.26163170,0.24048959,0.98336327,,,,,,,3,,,,,,,,,
5.847959,54487,12062371,,177.16511536,2.44499278,177.09104919,,,,,0.57403660,-3.00271201,-12.99456787,-1.24565732,-3.57390594,3.01581669,-2.08615386,1.12109295,-5.99719509,0.24436532,0.23837923,0.98571706,,,,,,,3,,,,,,,,,
5.858084,54488,12062471,,177.15470886,2.45635724,177.13958740,,,,,2.03086948,0.63593429,-11.02796841,-2.44153857,0.22396111,1.17718959,-5.89933855,15.11080316,8.99362171,0.24542731,0.23644032,0.98816550,,,,,,,3,,,,,,,,,
5.867926,54489,12062571,,177.08612061,2.30973506,177.06985474,,,,,-5.14887238,3.67857146,-1.32844245,5.33326387,3.35968542,-8.02445602,-11.50623315,-16.96406229,-0.75400811,0.24932380,0.23493932,0.97777134,,,,,,,3,,,,,,,,,
5.877917,54490,12062671,,176.95187378,2.46704507,177.05976868,,,,,4.74006987,-4.22717571,-18.46344566,-5.66364670,-4.89892197,8.24611378,-5.26933983,14.60353696,-0.26726885,0.24201934,0.22640991,1.00629556,,,,,,,3,,,,,,,,,
5.887918,54491,12062771,,176.91819763,2.37337923,177.08955383,,,,,-3.41939116,4.13968563,-2.28853846,3.58487034,3.83733892,-7.12456799,-9.47172044,-11.06411842,7.08721260,0.25445637,0.23484749,0.99016458,,,,,,,3,,,,,,,,,
5.897904,54492,12062871,,176.81126404,2.43721795,177.02354431,,,,,-0.84961998,-1.01908624,-10.15917206,0.39063707,-1.60177827,0.32860184,-11.57459310,-7.50562060,-7.39968522,0.23396961,0.22895142,0.99244225,,,,,,,3,,,,,,,,,
5.907906,54493,12062971,,176.66470337,2.54883599,177.05546570,,,,,3.46781731,-1.03765655,-14.05257988,-4.11212254,-1.62248814,4.03988171,-9.86987948,9.20623013,6.60674978,0.23864290,0.22454832,1.00278592,,,,,,,3,,,,,,,,,
5.917938,54494,12063071,,176.59629822,2.47855926,177.02224731,,,,,-5.33765602,3.22067261,-0.71093559,5.54095888,2.88958168,-8.62522697,-9.78184005,-24.28396066,0.37176306,0.25160384,0.22913739,0.98610181,,,,,,,3,,,,,,,,,
5.927902,54495,12063171,,176.50221252,2.66222095,176.98426819,,,,,4.18910217,-3.35054922,-18.08066940,-5.13056278,-4.19437647,7.86546421,-9.56466650,12.61681252,-1.08446275,0.24554756,0.21818963,1.00865698,,,,,,,3,,,,,,,,,
5.937981,54496,12063271,,176.39721680,2.58705974,177.00643921,,,,,-2.99027443,4.37607002,-3.49032331,3.09379768,3.98539019,-5.88945341,-11.23943913,-12.13683549,8.62783520,0.25944787,0.22468241,0.99299723,,,,,,,3,,,,,,,,,
5.947981,54497,12063371,,176.29994202,2.64596081,176.94018555,,,,,-1.18176353,-2.03254604,-10.10326195,0.62095761,-2.71814418,0.20914841,-5.78841841,-8.04561621,-7.11290820,0.24513604,0.22396617,0.98648226,,,,,,,3,,,,,,,,,
5.957888,54498,12063471,,176.24841309,2.73868728,176.97520447,,,,,3.33575273,0.73368305,-13.59310627,-3.93937826,0.05357111,3.65933990,-10.53940365,11.29367425,8.73809579,0.24725218,0.21864896,0.99036676,,,,,,,3,,,,,,,,,
5.967900,54499,12063571,,176.12709045,2.64506412,176.90959167,,,,,-5.37026072,3.40499592,-1.16652715,5.54625702,3.03103995,-8.11402702,-11.82303269,-22.91916763,-0.23123064,0.25345626,0.21758953,0.97900164,,,,,,,3,,,,,,,,,
5.978009,54500,12063671,,175.99667358,2.84102941,176.90155029,,,,,4.30661631,-4.68435049,-17.39334106,-5.35497093,-5.60300732,7.03730774,-8.97756052,11.42423502,-2.22371920,0.25073206,0.21090406,1.00510430,,,,,,,3,,,,,,,,,
5.987908,54501,12063771,,175.93563843,2.78031111,176.91430664,,,,,-2.26685548,3.89834046,-3.69201684,2.32105613,3.51004982,-5.71319962,-13.59696174,-11.24619931,8.33449394,0.26612803,0.21929009,0.99294537,,,,,,,3,,,,,,,,,
5.997947,54502,12063871,,175.79231262,2.83924389,176.85630798,,,,,-1.72513819,-1.59632993,-9.42128563,1.17646801,-2.34116817,-0.43088269,-7.61396277,-8.54389388,-7.62029350,0.24510951,0.21580313,0.99476379,,,,,,,3,,,,,,,,,
6.007871,54503,12063971,,175.70100403,2.96217585,176.89445496,,,,,3.09968710,-0.17980787,-14.29263210,-3.82898784,-1.03288627,4.29182196,-10.30228766,7.83645874,6.60092149,0.24631037,0.21194063,1.00015104,,,,,,,3,,,,,,,,,
6.018046,54504,12064071,,175.61572266,2.89573312,176.85252380,,,,,-4.86644745,3.42711210,-0.48897737,5.10498238,3.11914921,-8.74640942,-13.12231994,-27.98043001,0.50609498,0.25794894,0.21271184,0.98389453,,,,,,,3,,,,,,,,,
6.027949,54505,12064171,,175.47616577,3.13030934,176.81617737,,,,,3.58450341,-3.87426400,-16.91133690,-4.66282797,-4.93491507,6.57964706,-8.00462568,8.31918065,-1.94061106,0.25478318,0.20075479,1.00793254,,,,,,,3,,,,,,,,,
6.037870,54506,12064271,,175.39076233,3.11653137,176.82478333,,,,,-1.67124772,4.31756926,-4.57659435,1.67650366,3.85324574,-4.78674603,-13.42553765,-14.23907039,9.92526463,0.27005854,0.20914440,0.99230969,,,,,,,3,,,,,,,,,
6.047999,54507,12064371,,175.27210999,3.17835665,176.74633789,,,,,-2.02286768,-2.73458481,-8.81820011,1.39691424,-3.52934837,-1.11795139,-8.52681841,-12.07545429,-7.86263544,0.24960472,0.20612663,0.99710691,,,,,,,3,,,,,,,,,
6.057978,54508,12064471,,175.17823792,3.31363654,176.78320312,,,,,3.74432278,0.01482122,-15.13998985,-4.59565639,-0.98558289,5.08647299,-7.59261757,10.48951937,8.40899337,0.25483355,0.19644035,0.99351645,,,,,,,3,,,,,,,,,
6.068028,54509,12064571,,175.11326599,3.22010350,176.70936584,,,,,-5.04751778,5.26778269,-0.82364625,5.34422636,4.89002180,-8.18797684,-11.39942436,-24.18367470,3.04707225,0.27222857,0.20239779,0.96994954,,,,,,,3,,,,,,,,,
6.077901,54510,12064671,,174.98095703,3.42178178,176.67324829,,,,,2.81231046,-5.66814041,-16.34702110,-4.05547857,-6.86534691,5.82056379,-11.02629454,8.31370797,-3.51297717,0.24973376,0.19699924,1.00933194,,,,,,,3,,,,,,,,,
6.087928,54511,12064771,,174.90794373,3.39046335,176.71575928,,,,,-0.69368255,3.99632406,-6.42437267,0.54516029,3.37706137,-3.01414156,-7.76586788,-10.25269451,9.37467113,0.26480931,0.19915041,0.99806225,,,,,,,3,,,,,,,,,
6.097929,54512,12064871,,174.80717468,3.43721366,176.61547852,,,,,-2.47741127,-0.15104927,-6.71441174,2.06846333,-0.87884659,-2.97141218,-10.72797152,-15.21447519,-3.30944415,0.26613089,0.19769555,0.98122400,,,,,,,3,,,,,,,,,
6.108153,54513,12064971,,174.70018005,3.63064909,176.59249878,,,,,3.89350915,-3.01122451,-15.36181831,-5.00813293,-4.12997675,4.97808933,-9.51606971,8.37312037,7.19173755,0.25959453,0.18915541,1.00480437,,,,,,,3,,,,,,,,,
6.118012,54514,12065071,,174.64680481,3.54532838,176.57087708,,,,,-4.48810625,5.55706882,-2.13145947,4.70171642,5.05600595,-6.84863853,-4.51734027,-22.01551482,3.00837838,0.27200595,0.19711386,0.98767614,,,,,,,3,,,,,,,,,
6.128005,54515,12065171,,174.60171509,3.70782852,176.52038574,,,,,2.40796947,-5.04958773,-15.50053501,-3.68280840,-6.27807760,4.99336720,-4.11646494,6.84077938,-3.28931217,0.25425702,0.19260646,1.00186384,,,,,,,3,,,,,,,,,
6.138055,54516,12065271,,174.57392883,3.69279766,176.54267883,,,,,-0.81264281,3.07322454,-5.46164036,0.64912081,2.50974464,-4.01736975,-5.73628016,-8.41243579,9.38840579,0.27006117,0.19474211,0.99801880,,,,,,,3,,,,,,,,,
6.148031,54517,12065371,,174.55081177,3.69830894,176.46353149,,,,,-1.89089584,-0.67586702,-7.65174389,1.34942365,-1.47297728,-2.11635375,3.54662695,-11.27346714,-4.35840262,0.27404046,0.19276471,0.97623795,,,,,,,3,,,,,,,,,
6.157998,54518,12065471,,174.57057190,3.84085441,176.47076416,,,,,3.41249657,-1.05468357,-14.71189117,-4.44307709,-2.16954613,4.51865053,-1.12347487,12.62500875,7.30078579,0.27576122,0.18312839,0.99341065,,,,,,,3,,,,,,,,,
6.167944,54519,12065571,,174.54135132,3.72655630,176.41316223,,,,,-4.22023439,4.33019876,-1.03368115,4.46476650,3.94600344,-8.03806114,-4.10990454,-22.53663264,4.56670759,0.28917152,0.19442844,0.97980356,,,,,,,3,,,,,,,,,
6.178027,54520,12065671,,174.49848938,3.92246747,176.35581970,,,,,2.63968968,-4.77911854,-16.65509415,-4.02239132,-6.09731197,6.14756536,1.73093034,9.63703407,-2.33039865,0.26543760,0.19337933,0.99945831,,,,,,,3,,,,,,,,,
6.187926,54521,12065771,,174.49613953,3.86330819,176.37007141,,,,,-0.26978886,4.22183561,-6.45615768,0.08956981,3.58428717,-2.95483947,-6.08089223,-5.00639974,11.01847227,0.27350071,0.19132321,1.00045574,,,,,,,3,,,,,,,,,
6.198043,54522,12065871,,174.43322754,3.86878443,176.27027893,,,,,-3.42848849,-0.95018286,-5.21874714,3.02538943,-1.63939917,-4.45572376,-5.76588604,-14.65568887,-2.54559464,0.27328226,0.19037580,0.98015445,,,,,,,3,,,,,,,,,
6.208033,54523,12065971,,174.38221741,4.00929403,176.26828003,,,,,4.69606543,-1.81392598,-17.65271568,-6.01895189,-3.12944460,7.27421236,-0.42683186,15.40221830,5.60997331,0.26821753,0.18037046,1.00470853,,,,,,,3,,,,,,,,,
6.217979,54524,12066071,,174.38713074,3.89090490,176.23390198,,,,,-4.75669575,5.81447792,-0.45256707,5.14375448,5.41466236,-8.41164589,-5.13688197,-21.08032702,6.94582470,0.28667930,0.19158699,0.98766226,,,,,,,3,,,,,,,,,
6.228082,54525,12066171,,174.32690430,4.02853680,176.15565491,,,,,2.04581833,-5.02628756,-15.13181591,-3.41162729,-6.29277039,4.59866476,-4.35481378,7.14544850,-3.65173204,0.26670453,0.18808116,0.99245417,,,,,,,3,,,,,,,,,
6.238007,54526,12066271,,174.25970459,4.03515482,176.16831970,,,,,0.82015145,2.14145660,-9.33267784,-1.36246228,1.29625440,-0.37386107,-2.66837412,-2.35506374,11.09094484,0.27628157,0.18599826,0.99642730,,,,,,,3,,,,,,,,,
6.247917,54527,12066371,,174.24821472,4.01119661,176.07623291,,,,,-3.89793038,1.04363286,-3.91749191,3.70423841,0.39645660,-5.50695515,-3.33847523,-16.75823284,-0.69642679,0.28408971,0.18683483,0.97817361,,,,,,,3,,,,,,,,,
6.257963,54528,12066471,,174.20947266,4.17121172,176.04679871,,,,,4.49603605,-2.69971323,-16.97039986,-5.88927746,-4.01120472,6.47525358,-5.63335817,14.30847279,5.17155927,0.27473325,0.17642261,1.00072074,,,,,,,3,,,,,,,,,
6.267884,54529,12066571,,174.18434143,4.04394960,176.01603699,,,,,-4.26832294,4.97265053,-2.51229787,4.43451071,4.37941790,-6.47847652,0.65374851,-17.75152505,8.37304780,0.28972793,0.18481453,0.99053884,,,,,,,3,,,,,,,,,
6.277907,54530,12066671,,174.17189026,4.16899109,175.92828369,,,,,1.65913761,-3.27299547,-14.07734776,-2.92204785,-4.49431562,3.72799540,-1.15861470,2.72984134,-2.58416878,0.27600589,0.18600637,0.98850989,,,,,,,3,,,,,,,,,
6.287979,54531,12066771,,174.13624573,4.19083357,175.93211365,,,,,0.70886219,0.81304014,-8.18006706,-1.27160811,0.07261384,-1.63798141,-5.53820980,2.57701671,11.59669730,0.27995792,0.18401794,0.99295104,,,,,,,3,,,,,,,,,
6.297905,54532,12066871,,174.11993408,4.14209461,175.84875488,,,,,-3.36415768,1.38365471,-5.02802181,3.08624768,0.64081365,-4.40424061,2.89250614,-16.83379351,-1.70651540,0.28559682,0.18344912,0.97911704,,,,,,,3,,,,,,,,,
6.307899,54533,12066971,,174.14595032,4.29971170,175.81881714,,,,,4.06852007,-3.14957285,-16.48985863,-5.50514412,-4.42365694,5.97343540,0.15566724,15.69283602,6.54697196,0.28002742,0.17345271,1.00267935,,,,,,,3,,,,,,,,,
6.317988,54534,12067071,,174.17639160,4.18875980,175.78608704,,,,,-4.20056868,4.25919962,-1.20371330,4.43933678,3.79816127,-7.82823992,0.35436814,-20.01183101,8.30030116,0.29472768,0.18473254,0.98561507,,,,,,,3,,,,,,,,,
6.327920,54535,12067171,,174.16082764,4.32553005,175.70384216,,,,,1.62843430,-2.64358544,-14.75526810,-2.94900537,-3.91136265,4.46669340,3.94686238,2.03607448,-3.27802421,0.27714816,0.18838990,0.98212147,,,,,,,3,,,,,,,,,
6.337991,54536,12067271,,174.22077942,4.33524513,175.70960999,,,,,1.04924309,0.47845855,-8.42578697,-1.66489995,-0.23661757,-1.45522261,2.55267456,4.96661090,11.44119182,0.28129956,0.18399622,0.99097842,,,,,,,3,,,,,,,,,
6.347950,54537,12067371,,174.25448608,4.26445961,175.63287354,,,,,-3.65238047,2.79620862,-3.98984003,3.55394864,2.12693191,-5.25594521,1.08519710,-15.83650564,0.41118886,0.28925443,0.18434860,0.97667587,,,,,,,3,,,,,,,,,
6.357917,54538,12067471,,174.26904297,4.40797758,175.58798218,,,,,3.89668894,-4.52994871,-17.55621147,-5.53026867,-5.83946228,6.91733122,4.88904300,16.17059239,2.10832657,0.27810133,0.17780459,1.00372803,,,,,,,3,,,,,,,,,
6.368048,54539,12067571,,174.31982422,4.28103352,175.58508301,,,,,-2.50929475,5.21210861,-2.80515075,2.68938255,4.70836496,-6.28899860,1.59148925,-10.07545281,11.86038871,0.29760835,0.18612292,0.98812532,,,,,,,3,,,,,,,,,
6.377949,54540,12067671,,174.33293152,4.32792664,175.46441650,,,,,-1.39237833,-1.18955910,-10.47025299,0.48352063,-2.25706339,0.58684397,1.38595029,-2.62627241,-2.59516282,0.28438762,0.18683198,0.97322738,,,,,,,3,,,,,,,,,
6.388020,54541,12067771,,174.35548401,4.36715269,175.46638489,,,,,3.75617695,-0.81050003,-14.44990158,-4.92373180,-1.83207238,4.19860458,4.70977829,12.14070308,8.01459691,0.28095150,0.18112127,0.99291015,,,,,,,3,,,,,,,,,
6.398138,54542,12067871,,174.37080383,4.25168943,175.40176392,,,,,-4.78871107,3.76553321,-0.64006031,5.04963684,3.28551912,-8.40279007,1.02274367,-18.64400196,6.73629029,0.29121143,0.18671408,0.98018646,,,,,,,3,,,,,,,,,
6.407925,54543,12067971,,174.38082886,4.38670111,175.32435608,,,,,2.07099771,-3.21880388,-16.46283531,-3.54496455,-4.54449654,6.09042931,2.60214199,13.35483751,-2.21486386,0.27257380,0.18222098,0.99585414,,,,,,,3,,,,,,,,,
6.418044,54544,12068071,,174.41088867,4.28203154,175.33477783,,,,,0.20467688,2.17336273,-7.54008675,-0.61751789,1.48411345,-2.11394072,2.50422525,-1.94054767,10.16304913,0.29252243,0.18620744,0.99057496,,,,,,,3,,,,,,,,,
6.428023,54545,12068171,,174.42408752,4.27875042,175.25328064,,,,,-3.63938665,0.30286020,-4.63173342,3.29567575,-0.41886756,-4.88658714,3.52102612,-14.30828069,-1.53041295,0.29127648,0.18719795,0.96881491,,,,,,,3,,,,,,,,,
6.438176,54546,12068271,,174.47229004,4.40545225,175.23936462,,,,,4.27500820,-1.68961561,-17.37280655,-5.71656132,-2.89486384,6.99103069,3.08577936,17.59917085,3.92202610,0.28851885,0.17859396,0.99290812,,,,,,,3,,,,,,,,,
6.447985,54547,12068371,,174.49287415,4.24090958,175.22264099,,,,,-3.07380962,4.21034813,-3.70170689,3.12549520,3.58328962,-5.47013807,2.27106735,-15.26420750,6.93796272,0.30123988,0.18750305,0.98519683,,,,,,,3,,,,,,,,,
6.458025,54548,12068471,,174.50782776,4.35682297,175.16288757,,,,,-0.12438177,-3.34601259,-12.15894794,-1.09773827,-4.41511011,1.96266317,3.11275498,0.74651022,-5.21295533,0.27960193,0.18930705,0.98561162,,,,,,,3,,,,,,,,,
6.467973,54549,12068571,,174.55441284,4.36411381,175.21177673,,,,,1.67006743,1.54049242,-11.51118755,-2.44774580,0.65056503,1.65922070,0.76507532,10.78960287,7.10409598,0.28634897,0.18775178,0.98957890,,,,,,,3,,,,,,,,,
6.478040,54550,12068671,,174.53759766,4.25910902,175.15808105,,,,,-3.71168780,3.45268965,-3.34974647,3.73827577,2.81439424,-5.83243561,-1.69320005,-20.70116103,0.75004671,0.29149160,0.18767151,0.97525537,,,,,,,3,,,,,,,,,
6.488006,54551,12068771,,174.56114197,4.42964315,175.14036560,,,,,3.03180599,-4.58595705,-15.98552513,-4.62195396,-5.70503330,5.43509436,3.95091396,13.31256803,-1.46141918,0.28228915,0.17917426,1.00327599,,,,,,,3,,,,,,,,,
6.498117,54552,12068871,,174.59118652,4.34186840,175.16027832,,,,,-0.88817346,5.01744986,-4.91297293,0.91399825,4.47151184,-4.37059736,-4.12226548,-7.21996331,9.21849117,0.30369419,0.18746045,0.98817700,,,,,,,3,,,,,,,,,
6.508023,54553,12068971,,174.52081299,4.37142038,175.07904053,,,,,-1.94497073,-2.04204464,-8.59029484,1.09142816,-2.95139694,-1.30718780,1.93125136,-8.68188334,-6.71521403,0.28669521,0.18727355,0.97225642,,,,,,,3,,,,,,,,,
6.517984,54554,12069071,,174.55293274,4.47433043,175.12571716,,,,,3.93885970,-1.67129636,-15.31106567,-5.28103113,-2.66776443,4.96696281,2.01719883,15.27781836,3.11922872,0.28466129,0.18105948,0.99144351,,,,,,,3,,,,,,,,,
6.528166,54555,12069171,,174.57597351,4.33132887,175.12542725,,,,,-5.19590092,5.43049526,-0.39363825,5.62727070,4.91707945,-8.45203972,-5.12917197,-15.54737861,2.38390784,0.29966691,0.18513221,0.97921425,,,,,,,3,,,,,,,,,
6.537925,54556,12069271,,174.51110840,4.46097374,175.08889771,,,,,2.10103178,-4.46374941,-16.05514908,-3.72986603,-5.66639662,5.57454300,1.73623323,5.78344902,-6.20338570,0.27557555,0.18264806,1.00131834,,,,,,,3,,,,,,,,,
6.547955,54557,12069371,,174.55667114,4.43812275,175.15713501,,,,,0.93391424,1.62695551,-7.13063383,-1.36992383,1.06945407,-2.63002682,-1.40123327,4.33471211,6.66608747,0.29745662,0.18660136,0.99753255,,,,,,,3,,,,,,,,,
6.557942,54558,12069471,,174.52688599,4.39758682,175.11320496,,,,,-3.77657747,2.68777609,-4.55211401,3.62298775,1.95377266,-4.70019102,-7.31207268,-14.70231858,-5.10215857,0.30625403,0.18598694,0.96639705,,,,,,,3,,,,,,,,,
6.567961,54559,12069571,,174.50057983,4.52921057,175.13027954,,,,,4.99487019,-3.95715356,-19.14707947,-6.78247261,-5.19642925,8.49031925,3.47795474,17.12345842,-2.74388442,0.30568090,0.17302346,0.99686408,,,,,,,3,,,,,,,,,
6.577934,54560,12069671,,174.51403809,4.41360331,175.18730164,,,,,-4.68988276,5.73934174,-1.05710626,5.07829714,5.20337963,-7.79556894,-6.19712241,-14.51300281,3.46099218,0.32920790,0.18127088,0.98870176,,,,,,,3,,,,,,,,,
6.587942,54561,12069771,,174.41400146,4.48127508,175.14393616,,,,,1.21317720,-3.09312987,-15.75235558,-2.71527267,-4.40589046,5.45103359,-5.42932036,4.51639173,-10.91449801,0.30092576,0.18558688,0.98862821,,,,,,,3,,,,,,,,,
6.597945,54562,12069871,,174.36837769,4.49306679,175.23281860,,,,,0.24654691,2.68585634,-9.45608521,-0.80392992,1.81781340,-0.16200185,-4.94679055,0.22431611,3.69484974,0.29661182,0.18517473,0.99948478,,,,,,,3,,,,,,,,,
6.607995,54563,12069971,,174.32165527,4.46108723,175.24034119,,,,,-2.39919233,0.04080552,-8.28897953,1.71701908,-0.92316413,-1.36590278,-3.41919910,-16.43442723,-13.50471321,0.29870045,0.18562868,0.97872251,,,,,,,3,,,,,,,,,
6.617970,54564,12070071,,174.30924988,4.64987755,175.31272888,,,,,3.80542564,-1.75098753,-15.57485771,-5.19672966,-2.88191652,5.20524597,-5.99926934,11.87096782,0.08904428,0.29844493,0.17746647,0.99392956,,,,,,,3,,,,,,,,,
6.627949,54565,12070171,,174.26310730,4.55102825,175.38351440,,,,,-5.79288435,3.40230942,-1.58738470,5.92797184,2.75916982,-7.37342167,-5.34498588,-21.92111819,-7.36111173,0.31419006,0.17720445,0.98707777,,,,,,,3,,,,,,,,,
6.637988,54566,12070271,,174.19200134,4.73154354,175.42755127,,,,,5.77792358,-1.97337306,-19.26501846,-7.52688503,-3.32459211,8.66290665,-5.76975406,8.51744568,-7.42425512,0.30591673,0.17638157,0.99197084,,,,,,,3,,,,,,,,,
6.647999,54567,12070371,,174.16384888,4.72201443,175.52862549,,,,,-4.75868511,2.80280280,-3.21869040,4.67901373,2.09962225,-5.90672874,-6.02569363,-19.47918213,-4.80759684,0.31952500,0.17855221,0.99256819,,,,,,,3,,,,,,,,,
6.658022,54568,12070471,,174.09579468,4.86284256,175.54591370,,,,,2.51922488,-2.69445276,-15.99777794,-4.10009003,-4.02494383,5.58158302,-5.25998759,3.29377122,-13.57476277,0.30404231,0.18073194,0.99450409,,,,,,,3,,,,,,,,,
6.668076,54569,12070571,,174.05015564,4.92223883,175.67924500,,,,,-1.69164908,4.43254423,-5.92636824,1.46139884,3.69262743,-3.30061626,-12.83953560,-8.14467103,1.15979205,0.29899973,0.18033531,0.99793583,,,,,,,3,,,,,,,,,
6.678062,54570,12070671,,173.94081116,4.91491556,175.65786743,,,,,-0.07184037,-1.72540009,-13.68785381,-1.27816868,-3.05347395,3.61253977,-1.10594316,-8.72662620,-17.47389323,0.29359484,0.18090910,0.99148595,,,,,,,3,,,,,,,,,
6.687955,54571,12070771,,173.92906189,5.07341194,175.78662109,,,,,0.71532142,1.31389344,-9.88354492,-1.50550878,0.38151193,0.09886658,-10.39642645,1.38187000,3.21510473,0.28689700,0.17765824,0.99981177,,,,,,,3,,,,,,,,,
6.697969,54572,12070871,,173.87713623,4.97646093,175.81739807,,,,,-2.04296064,-1.41921890,-9.59716702,1.09462154,-2.50372124,-0.22311425,0.98731452,-15.77069847,-22.12356158,0.29319230,0.17660207,0.97756249,,,,,,,3,,,,,,,,,
6.707934,54573,12070971,,173.90051270,5.21604872,175.97752380,,,,,2.57957792,1.05296826,-11.99443817,-3.59472251,0.02414358,1.99217081,-5.36218771,6.93717426,2.06334849,0.29820526,0.17459425,0.98547196,,,,,,,3,,,,,,,,,
6.717916,54574,12071071,,173.86712646,5.10389471,176.03280640,,,,,-4.19171619,1.93636274,-6.86031055,3.64921212,0.95158374,-2.39676762,1.70700226,-15.62500029,-18.11744560,0.31316459,0.17530327,0.98357922,,,,,,,3,,,,,,,,,
6.728017,54575,12071171,,173.87982178,5.26976442,176.12635803,,,,,5.35711670,-2.14596868,-16.02418900,-6.94911098,-3.38394690,5.38412905,-3.84732945,11.14496054,-1.06579040,0.31036812,0.16814598,0.99384183,,,,,,,3,,,,,,,,,
6.737974,54576,12071271,,173.88969421,5.21090412,176.20828247,,,,,-6.00743198,1.81796062,-2.08539295,5.94415855,1.18626535,-6.94301224,5.10899900,-22.79643084,-12.02357985,0.30981076,0.17007597,0.99238527,,,,,,,3,,,,,,,,,
6.747945,54577,12071371,,173.91081238,5.41435003,176.27149963,,,,,5.16875887,-1.61026657,-18.47823143,-6.96586895,-3.13922524,7.88664913,-5.67744918,13.64829915,-5.09280633,0.31266531,0.17194700,0.99440825,,,,,,,3,,,,,,,,,
6.758196,54578,12071471,,173.85064697,5.32166052,176.35247803,,,,,-5.71883965,5.28254223,-3.51128244,5.64320993,4.52387667,-5.19587135,-3.96868526,-17.19442067,-7.31464766,0.31963980,0.17327020,0.99297994,,,,,,,3,,,,,,,,,
6.768035,54579,12071571,,173.80352783,5.43507719,176.35531616,,,,,5.48600864,-2.59166646,-18.57366562,-7.37056255,-4.12910175,7.81726933,-2.67419942,9.15504896,-9.39821650,0.29943019,0.17409016,0.99338627,,,,,,,3,,,,,,,,,
6.778003,54580,12071671,,173.80850220,5.40479469,176.51553345,,,,,-5.15142107,2.24263048,-2.00937796,5.08801651,1.70622063,-7.04693699,-5.96107620,-17.72375862,-7.20400884,0.31486699,0.17719045,0.99301803,,,,,,,3,,,,,,,,,
6.787951,54581,12071771,,173.71398926,5.46983528,176.51817322,,,,,4.37028933,-3.22159147,-18.00599861,-6.24755383,-4.79584169,7.28152609,-1.45045502,12.02352692,-11.66340434,0.31301132,0.17866100,0.99451631,,,,,,,3,,,,,,,,,
6.798029,54582,12071871,,173.74792480,5.46372652,176.69747925,,,,,-3.87327600,5.70335293,-3.50963855,3.81269693,5.07260132,-5.30273485,-9.90620670,-8.68889879,-2.79943115,0.31576353,0.17861554,0.99255037,,,,,,,3,,,,,,,,,
6.808043,54583,12071971,,173.62843323,5.41627884,176.69122314,,,,,3.34204912,-3.82385993,-17.49198341,-5.19494820,-5.43381882,6.80126095,0.28370146,7.47904946,-15.65328411,0.30773643,0.17779133,0.99101275,,,,,,,3,,,,,,,,,
6.817962,54584,12072071,,173.67756653,5.46049929,176.87150574,,,,,-2.56737304,3.45487857,-3.07776785,2.44525313,2.97509074,-6.10954666,-7.51874139,-0.48940360,2.23674565,0.30495763,0.17927721,0.99300140,,,,,,,3,,,,,,,,,
6.828001,54585,12072171,,173.58757019,5.36507845,176.85084534,,,,,0.97667891,-2.80471206,-14.69728374,-2.50047350,-4.30102587,4.35090256,-3.36191943,4.40549464,-18.34848017,0.30338416,0.17786612,0.98752880,,,,,,,3,,,,,,,,,
6.837970,54586,12072271,,173.60150146,5.42584705,177.02897644,,,,,0.49901497,3.32885909,-8.79806519,-1.17282712,2.39226937,-0.74650407,-4.10859485,12.35758635,2.85853363,0.29666075,0.17413613,0.99485743,,,,,,,3,,,,,,,,,
6.847996,54587,12072371,,173.59141541,5.24297857,177.03002930,,,,,-2.16791034,-0.76513916,-10.74096584,1.12776959,-2.00765133,0.97579622,0.18250300,-1.78088677,-18.87913464,0.30336058,0.17354792,0.98449177,,,,,,,3,,,,,,,,,
6.857991,54588,12072471,,173.61370850,5.35146284,177.17826843,,,,,2.55209923,0.02771338,-11.46537399,-3.59137726,-1.07288241,1.34686744,-3.55270305,13.28628803,1.51385978,0.29750812,0.17076391,0.99035543,,,,,,,3,,,,,,,,,
6.868078,54589,12072571,,173.58189392,5.16091728,177.21780396,,,,,-3.69588399,0.15024854,-8.41960430,2.94172597,-0.92659497,-1.07064188,3.81193284,-9.96943205,-18.92924432,0.29771990,0.17076360,0.98293507,,,,,,,3,,,,,,,,,
6.878022,54590,12072671,,173.60806274,5.31909943,177.35612488,,,,,3.42222047,-0.43840161,-14.07827282,-4.71411514,-1.79500735,3.80332685,-5.53492191,13.59490415,-0.47198880,0.29888424,0.17074117,0.98937243,,,,,,,3,,,,,,,,,
6.888114,54591,12072771,,173.57702637,5.17004156,177.42349243,,,,,-4.66996288,1.62722361,-5.43061256,4.22949028,0.82943821,-3.78335500,1.52284169,-13.20450505,-15.10931760,0.30814075,0.17202684,0.98597592,,,,,,,3,,,,,,,,,
6.898021,54592,12072871,,173.52786255,5.31356716,177.49623108,,,,,5.28100586,1.01875043,-17.84741402,-6.86271715,-0.70838076,7.52883530,-11.41130889,14.55744343,2.54017297,0.30991617,0.16623385,0.99331450,,,,,,,3,,,,,,,,,
6.908014,54593,12072971,,173.48605347,5.18953609,177.54827881,,,,,-5.25753498,0.13011111,-4.51825953,4.86858225,-0.58286154,-4.78652668,-1.99594797,-17.05000315,-13.56407523,0.31229320,0.16571362,0.99381292,,,,,,,3,,,,,,,,,
6.917993,54594,12073071,,173.40971375,5.34829521,177.59651184,,,,,4.73715734,-0.12716220,-16.76087952,-6.24958134,-1.79171324,6.37922001,-12.42046934,18.60325988,3.50868995,0.31056905,0.16286142,0.99672771,,,,,,,3,,,,,,,,,
6.927992,54595,12073171,,173.35160828,5.18468904,177.64620972,,,,,-5.41809368,0.35045812,-4.40075922,5.04878616,-0.34904158,-4.85229874,-4.92455529,-15.62148445,-13.27778871,0.30822748,0.16146109,0.99619901,,,,,,,3,,,,,,,,,
6.938077,54596,12073271,,173.23477173,5.31595802,177.67814636,,,,,4.57821655,1.00084436,-16.47553635,-6.01120090,-0.70326787,6.24752045,-13.04346712,20.38181041,5.10165826,0.30865330,0.16385385,0.99623907,,,,,,,3,,,,,,,,,
6.948094,54597,12073371,,173.19650269,5.12846231,177.72615051,,,,,-4.19351578,0.65753782,-5.62836027,3.72310066,-0.14320153,-3.72094917,-0.39015022,-15.43881104,-14.94822417,0.31009048,0.16238971,0.99622309,,,,,,,3,,,,,,,,,
6.957969,54598,12073471,,173.13586426,5.26187372,177.76594543,,,,,4.21619654,-0.41028959,-17.32817650,-5.75380230,-2.25506949,6.95431185,-7.63832008,17.87204203,5.33343304,0.31378359,0.16136864,0.99375165,,,,,,,3,,,,,,,,,
6.967958,54599,12073571,,173.12516785,5.06861210,177.82041931,,,,,-4.96592951,1.11145437,-5.54822350,4.52471352,0.27657533,-3.68184042,-0.32453687,-12.07512473,-12.19736719,0.30863813,0.16001530,0.99370438,,,,,,,3,,,,,,,,,
6.978007,54600,12073671,,173.10934448,5.21878052,177.84547424,,,,,4.83482838,0.02414086,-14.99589825,-6.14920139,-1.54564941,4.64093304,-6.70533886,16.01978352,8.40637826,0.30209732,0.16252425,0.99618512,,,,,,,3,,,,,,,,,
6.987985,54601,12073771,,173.10874939,5.03176594,177.85008240,,,,,-4.40896654,0.03424891,-6.74576759,3.85022211,-0.91983664,-2.67894363,4.91454309,-12.32227171,-10.67647189,0.29976362,0.16256332,0.99666876,,,,,,,3,,,,,,,,,
6.998007,54602,12073871,,173.09197998,5.19914722,177.87879944,,,,,3.53429723,-0.05246193,-14.63194084,-4.80062103,-1.64967287,4.39533901,-10.86260564,19.39368694,9.42191811,0.29813746,0.16307329,0.99073160,,,,,,,3,,,,,,,,,
7.003126,54603,12073971,,173.04708862,4.96667004,177.85751343,,,,,-3.73717928,0.95354581,-6.59171200,3.20477581,0.03813148,-2.79489708,5.63193792,-9.96976075,-9.92192809,0.29588938,0.16406958,0.99419940,,,,,,,3,,,,,,,,,
7.016944,54604,12074071,,173.03631592,5.09118128,177.86837769,,,,,3.54193854,2.25847459,-15.31646824,-4.77395773,0.54418325,5.35474348,-10.57770309,19.03793142,10.63829113,0.29547873,0.16551539,0.99669403,,,,,,,3,,,,,,,,,
7.027091,54605,12074171,,172.96687317,4.86385107,177.85418701,,,,,-3.65306282,-0.62098193,-7.39977264,3.00759077,-1.62673652,-2.20357347,3.81696114,-10.36461399,-11.44711274,0.29417259,0.16361655,0.99863642,,,,,,,3,,,,,,,,,
7.040478,54606,12074271,,172.95152283,4.97338438,177.88948059,,,,,3.30320406,0.47137317,-15.30057526,-4.56340456,-1.24594617,5.14958096,-8.99152142,19.43956874,9.32768028,0.29230124,0.16220830,0.99811000,,,,,,,3,,,,,,,,,
7.047170,54607,12074371,,172.94216919,4.76553297,177.90740967,,,,,-4.28259516,-0.20029242,-5.76219797,3.83081675,-1.03749573,-3.71044040,3.13173949,-13.52640333,-11.86813329,0.28778887,0.16228187,1.00353086,,,,,,,3,,,,,,,,,
7.057162,54608,12074471,,172.96688843,4.91931915,177.94116211,,,,,4.28496790,0.74612385,-15.03307056,-5.49652290,-0.89671731,4.85113478,-3.43749142,19.79993122,8.80283830,0.29715028,0.16068520,1.00157356,,,,,,,3,,,,,,,,,
7.068419,54609,12074571,,173.01049805,4.69452095,177.92915344,,,,,-4.49964237,0.40570870,-4.10459995,4.21807957,-0.22973841,-5.26005650,7.79977465,-10.55616835,-7.43316254,0.30797639,0.16386785,0.99029875,,,,,,,3,,,,,,,,,
7.077116,54610,12074671,,173.02305603,4.80320978,177.90209961,,,,,5.10159492,0.39254931,-17.84356499,-6.52184820,-1.53101075,7.53117895,1.12601720,22.19795771,11.34120639,0.29556540,0.16455309,0.99865824,,,,,,,3,,,,,,,,,
7.087183,54611,12074771,,173.10105896,4.56373930,177.92286682,,,,,-5.50115442,1.34340751,-4.32906866,5.20499468,0.62710780,-4.87315989,13.07336371,-6.62557036,-9.98271165,0.31214648,0.16619782,0.98986179,,,,,,,3,,,,,,,,,
7.098413,54612,12074871,,173.21836853,4.62568521,177.96531677,,,,,4.84677553,-3.08811212,-16.38974190,-6.19389439,-4.78767776,5.72040558,2.79007934,26.14507280,6.45590804,0.31219137,0.16283736,0.98931408,,,,,,,3,,,,,,,,,
7.109409,54613,12074971,,173.25576782,4.40034437,177.98295593,,,,,-5.86804390,4.58171320,-2.60865331,5.82890081,4.03364849,-6.18419695,8.58082983,-8.48181856,-4.91602268,0.30115592,0.16445963,0.99720055,,,,,,,3,,,,,,,,,
7.117144,54614,12075071,,173.34179688,4.45731306,177.95751953,,,,,5.93081999,-2.61766672,-20.11482620,-7.47675419,-4.68214941,9.41413116,5.23408154,24.81572845,1.97461516,0.27762634,0.17061450,0.99965376,,,,,,,3,,,,,,,,,
7.127133,54615,12075171,,173.42042542,4.27572489,177.99555969,,,,,-7.05429602,4.45716953,-1.06070781,7.10357761,4.05480814,-7.67921638,10.43980327,-9.69285635,-0.62469844,0.27971232,0.17345604,1.00713050,,,,,,,3,,,,,,,,,
7.138323,54616,12075271,,173.50439453,4.27990055,177.93977356,,,,,5.76514387,-3.03687811,-19.93367195,-7.27793741,-5.00772476,9.21881294,12.09741676,19.48811943,-1.84871407,0.27656129,0.17831200,1.00026500,,,,,,,3,,,,,,,,,
7.147027,54617,12075371,,173.67288208,4.17562437,178.03981018,,,,,-4.59244204,3.00860047,-2.86554742,4.48742676,2.51700449,-6.26809835,12.84181773,-10.60722829,-0.32026512,0.27213705,0.18414742,0.99786144,,,,,,,3,,,,,,,,,
7.157671,54618,12075471,,173.77310181,4.18502998,178.00756836,,,,,3.10692072,-3.15767312,-17.23340416,-4.42215729,-4.84996414,6.74165535,14.58640002,15.85866448,-7.96753690,0.26475137,0.18522978,1.00229442,,,,,,,3,,,,,,,,,
7.167153,54619,12075571,,174.00045776,4.11314917,178.15457153,,,,,-3.35429525,4.72118330,-4.05686140,3.21340370,4.17386818,-5.02128172,10.84038362,-1.09538049,2.34674051,0.25749570,0.18486868,1.00967360,,,,,,,3,,,,,,,,,
7.177195,54620,12075671,,174.09634399,3.96880651,178.09660339,,,,,2.47473788,-3.07520413,-16.11076736,-3.65625095,-4.56904888,5.73275518,21.66453701,12.10459102,-10.71153210,0.25837013,0.18869971,0.99638021,,,,,,,3,,,,,,,,,
7.187875,54621,12075771,,174.33335876,3.98924875,178.21345520,,,,,-0.49732822,3.28922081,-6.31959581,0.17055643,2.65216398,-3.14865041,12.27166769,8.61733805,7.84469595,0.26093617,0.18913369,1.00283182,,,,,,,3,,,,,,,,,
7.197132,54622,12075871,,174.42948914,3.79004931,178.15037537,,,,,-0.80240417,-3.03550482,-11.94045448,-0.04868042,-4.16425943,1.84496784,21.13958916,5.38951146,-12.96997001,0.27281159,0.19134349,0.98066223,,,,,,,3,,,,,,,,,
7.207022,54623,12075971,,174.68254089,3.83180094,178.28712463,,,,,0.92206329,1.02682984,-8.56826496,-1.43661916,0.27934575,-1.23040438,15.28338155,20.21267956,7.03685020,0.27005434,0.19138317,0.99598652,,,,,,,3,,,,,,,,,
7.217021,54624,12076071,,174.84848022,3.59808946,178.26679993,,,,,-3.56583381,1.32201898,-7.37977934,3.14892793,0.57532024,-2.08961105,17.73387584,-0.52986494,-11.45258714,0.27939597,0.19458584,0.99608409,,,,,,,3,,,,,,,,,
7.227086,54625,12076171,,175.01882935,3.62378502,178.33503723,,,,,4.64821434,-0.83890295,-16.42587852,-5.63459826,-2.08037233,6.21134996,15.12335193,24.55471448,6.13806860,0.27581769,0.19032487,0.99896723,,,,,,,3,,,,,,,,,
7.237201,54626,12076271,,175.16299438,3.39784479,178.33015442,,,,,-5.67758989,3.73622036,-4.36453629,5.54019547,3.20847464,-4.75359249,14.31145588,-8.60535277,-6.20171486,0.27754816,0.19749579,0.99859470,,,,,,,3,,,,,,,,,
7.246994,54627,12076371,,175.29319763,3.47257996,178.31216431,,,,,6.11509418,-2.70053744,-18.82195854,-7.21918488,-4.01607609,8.39124107,13.46451413,23.28762389,3.32814329,0.26040280,0.20402555,0.99564356,,,,,,,3,,,,,,,,,
7.257013,54628,12076471,,175.42607117,3.29289699,178.33718872,,,,,-7.39885998,3.60555363,0.93357491,7.59145641,3.44334793,-9.96715832,15.34792855,-12.53625812,-1.20648568,0.26556391,0.20825769,0.99771547,,,,,,,3,,,,,,,,,
7.267023,54629,12076571,,175.56695557,3.33336234,178.28440857,,,,,6.16694498,-2.46229935,-20.38079071,-7.30399179,-3.80944538,9.99587250,16.14364900,22.95919595,0.43139296,0.24825215,0.21046755,1.00112689,,,,,,,3,,,,,,,,,
7.276995,54630,12076671,,175.75779724,3.15945125,178.34095764,,,,,-5.99737692,3.83157396,-2.55536914,5.96921682,3.45724082,-6.62059879,17.56410295,-5.29301412,1.86959780,0.24808039,0.20951284,0.99566859,,,,,,,3,,,,,,,,,
7.287052,54631,12076771,,175.86154175,3.10613561,178.28370667,,,,,4.15312004,-3.16878009,-17.81954575,-5.15017176,-4.28080082,7.51545525,14.74120796,19.22654367,-4.60954697,0.24865744,0.21238697,0.98681134,,,,,,,3,,,,,,,,,
7.297063,54632,12076871,,176.06553650,3.00197220,178.38462830,,,,,-3.09723115,3.24567485,-3.19436598,3.05766964,2.93126464,-6.21757412,11.97374509,-0.74307890,6.03177634,0.24175715,0.21729997,0.99378115,,,,,,,3,,,,,,,,,
7.307048,54633,12076971,,176.17457581,2.93062377,178.31173706,,,,,0.62326795,-1.12518787,-13.36660862,-1.32064021,-1.96259975,3.42308712,15.27093524,6.99847735,-7.91235154,0.23754621,0.22025576,0.98242736,,,,,,,3,,,,,,,,,
7.317026,54634,12077071,,176.33778381,2.94738674,178.40309143,,,,,0.87509865,2.25629497,-9.40477943,-1.25754595,1.68650317,-0.30758011,6.20683622,11.55517317,8.54978406,0.23425721,0.22270457,0.99729240,,,,,,,3,,,,,,,,,
7.327023,54635,12077171,,176.39855957,2.77239990,178.32574463,,,,,-2.95820832,0.60359955,-6.86084175,2.66916060,0.11282891,-2.74708867,12.77478711,-6.54275090,-7.54412579,0.24610302,0.22250994,0.98646402,,,,,,,3,,,,,,,,,
7.337053,54636,12077271,,176.48959351,2.85150194,178.37750244,,,,,3.64917374,-1.51430655,-15.62192154,-4.38668394,-2.33192110,5.54709482,5.85390242,22.01642494,6.09555921,0.24975765,0.21956459,0.99534142,,,,,,,3,,,,,,,,,
7.346993,54637,12077371,,176.59381104,2.65507865,178.37014771,,,,,-5.45728445,3.40460348,-1.47465324,5.56022310,3.17348146,-7.81221294,8.49481812,-14.86977262,-3.72442147,0.26085842,0.22465867,0.99300396,,,,,,,3,,,,,,,,,
7.357083,54638,12077471,,176.65101624,2.75670242,178.34419250,,,,,4.56723976,-3.64922404,-17.14338493,-5.40056419,-4.46298790,6.92293644,12.21375708,21.28920787,3.31216748,0.24064042,0.22499901,0.99290794,,,,,,,3,,,,,,,,,
7.367019,54639,12077571,,176.78053284,2.59557533,178.37915039,,,,,-4.68213320,6.60383606,-3.26724982,4.76321983,6.28375196,-5.91530991,4.93015989,-9.27067211,2.68711147,0.25315428,0.22527051,0.98802739,,,,,,,3,,,,,,,,,
7.377007,54640,12077671,,176.82444763,2.62733746,178.30361938,,,,,2.96046948,-4.64664793,-15.34922314,-3.74320507,-5.36126518,5.14915037,12.59096025,9.90725428,-5.07903838,0.24404693,0.22830527,0.98456645,,,,,,,3,,,,,,,,,
7.387005,54641,12077771,,176.94204712,2.61278963,178.37979126,,,,,-1.14043534,3.86563349,-5.92363644,1.01282692,3.52666426,-3.61695766,6.26786994,-0.93101401,7.72785532,0.23615894,0.23178995,1.00288820,,,,,,,3,,,,,,,,,
7.397063,54642,12077871,,176.99661255,2.56362939,178.30950928,,,,,-1.72687876,-2.03871083,-10.62216377,1.22845411,-2.61376262,0.78890991,7.64759121,-5.71898740,-10.75493027,0.23589566,0.23420298,0.98313463,,,,,,,3,,,,,,,,,
7.407044,54643,12077971,,177.06089783,2.69192147,178.39292908,,,,,2.69137335,1.66934991,-11.86620331,-3.15899420,1.16761780,2.02841163,5.77893683,9.52062032,9.11342920,0.23633319,0.23754926,0.99753785,,,,,,,3,,,,,,,,,
7.417194,54644,12078071,,177.11114502,2.56756639,178.34213257,,,,,-5.15281057,1.43321097,-3.05476379,5.09959888,1.14578903,-6.40707779,3.38229666,-16.83559497,-7.64154051,0.25278586,0.23775813,0.98426521,,,,,,,3,,,,,,,,,
7.427155,54645,12078171,,177.17085266,2.73422241,178.36489868,,,,,6.34277534,-2.57280731,-18.07421684,-7.19056892,-3.23690653,7.86018276,7.94523463,14.02055897,3.39649256,0.24932031,0.23205423,0.98959982,,,,,,,3,,,,,,,,,
7.437164,54646,12078271,,177.22810364,2.65681314,178.37742615,,,,,-6.71127653,3.98479486,0.94544673,6.94807959,3.83278084,-10.18441582,3.94787239,-21.11354736,0.00404776,0.26282573,0.23326816,0.98671824,,,,,,,3,,,,,,,,,
7.447102,54647,12078371,,177.25680542,2.78175879,178.32730103,,,,,5.46795893,-3.46999502,-19.98228455,-6.44135046,-4.24048233,9.74711037,5.09131223,13.12373550,-3.51026452,0.24346930,0.23599437,0.98567480,,,,,,,3,,,,,,,,,
7.457182,54648,12078471,,177.35212708,2.73580027,178.40783691,,,,,-5.28369284,5.15330935,-1.90744436,5.38327837,4.90343761,-7.38012075,5.55826494,-12.53026805,3.81613256,0.25073665,0.23730896,0.99265867,,,,,,,3,,,,,,,,,
7.467125,54649,12078571,,177.36047363,2.75451183,178.35433960,,,,,2.31558752,-2.40428495,-15.31155109,-3.08963132,-3.01710296,5.26626158,5.64848619,2.94704541,-8.76218672,0.24376668,0.23695129,0.98123860,,,,,,,3,,,,,,,,,
7.477147,54650,12078671,,177.45501709,2.82444477,178.44645691,,,,,-0.12954514,0.87349862,-6.39901161,-0.12967747,0.60102743,-3.35887861,3.53403251,-1.95280807,7.48231087,0.23527068,0.24044795,0.99559939,,,,,,,3,,,,,,,,,
7.487156,54651,12078771,,177.49783325,2.78215051,178.39544678,,,,,-1.79153907,0.59428227,-8.90998173,1.40129817,0.17216468,-0.77832913,7.27408914,-9.76348904,-10.32201154,0.23989041,0.24229664,0.98080903,,,,,,,3,,,,,,,,,
7.497049,54652,12078871,,177.56677246,2.93361425,178.46122742,,,,,2.83514214,-1.16155076,-12.61663246,-3.46026134,-1.60538638,2.61711979,-1.75662871,10.16445274,7.31161847,0.24163716,0.24178311,0.99021012,,,,,,,3,,,,,,,,,
7.507046,54653,12078971,,177.57362366,2.82475185,178.44650269,,,,,-4.61076927,2.82740355,-4.41093683,4.49846077,2.52615595,-5.01930904,6.47375746,-16.70406602,-8.36236282,0.25733846,0.24296202,0.98288614,,,,,,,3,,,,,,,,,
7.517013,54654,12079071,,177.63026428,2.95206666,178.47984314,,,,,4.46435165,-1.98123491,-16.56658745,-5.28321886,-2.51991224,6.45841169,2.38434092,16.70393966,2.61252025,0.25617167,0.23817983,0.98725742,,,,,,,3,,,,,,,,,
7.527018,54655,12079171,,177.65588379,2.83247042,178.50167847,,,,,-5.05880356,4.09772730,-2.73314261,5.07787037,3.85650396,-6.60945034,3.10805901,-18.12502370,-3.67120832,0.26590723,0.23897745,0.98385555,,,,,,,3,,,,,,,,,
7.537053,54656,12079271,,177.69122314,2.95519137,178.46617126,,,,,4.34836197,-3.40402675,-16.65484810,-5.21256256,-3.91910219,6.49615479,8.17455994,13.83719828,-1.68078309,0.25020689,0.24548244,0.98190075,,,,,,,3,,,,,,,,,
7.547200,54657,12079371,,177.78195190,2.90974283,178.54751587,,,,,-4.24317360,5.27819967,-2.45974731,4.28373003,5.08027887,-6.88752890,-0.97266622,-12.72819754,1.27097708,0.25578803,0.24682891,0.98096055,,,,,,,3,,,,,,,,,
7.557088,54658,12079471,,177.72262573,2.94283080,178.47601318,,,,,1.92963350,-3.69366956,-15.19359779,-2.73277760,-4.19932985,5.14636755,6.66256011,6.55274304,-8.02355897,0.24178685,0.24514376,0.98284268,,,,,,,3,,,,,,,,,
7.567066,54659,12079571,,177.79658508,2.93842268,178.58914185,,,,,-0.37302026,5.09055614,-8.31415272,0.10273075,4.76637030,-1.26847458,-2.49568773,1.39170035,5.33593033,0.23530206,0.24620552,0.99964875,,,,,,,3,,,,,,,,,
7.577087,54660,12079671,,177.77230835,2.82966971,178.52569580,,,,,-1.99978817,-2.29842877,-9.50814724,1.50426650,-2.68709826,-0.27628732,3.48237558,-5.00609110,-13.04461630,0.24143291,0.24659382,0.97346336,,,,,,,3,,,,,,,,,
7.587073,54661,12079771,,177.78501892,2.96239042,178.63578796,,,,,3.49515629,0.63001442,-13.14787006,-4.09138203,0.23445928,3.20099378,-4.29453566,10.46550442,6.70870614,0.24067651,0.24755806,0.99277049,,,,,,,3,,,,,,,,,
7.597028,54662,12079871,,177.77404785,2.86162877,178.62007141,,,,,-5.24842548,1.02886093,-2.72042871,5.17874050,0.82366347,-6.73617792,-1.81423784,-17.12175941,-11.84147933,0.25448033,0.24780937,0.98443282,,,,,,,3,,,,,,,,,
7.607029,54663,12079971,,177.72770691,3.00540257,178.66921997,,,,,5.40597868,-1.45278156,-17.56486893,-6.25059605,-1.98861599,7.43914700,-2.02896554,16.18824843,2.28471300,0.25567436,0.24058793,0.98778778,,,,,,,3,,,,,,,,,
7.617023,54664,12080071,,177.70523071,2.85956883,178.69960022,,,,,-6.59472418,3.44507313,-1.48821652,6.62089443,3.24864626,-7.80597544,-3.89772856,-12.25691278,-4.21358596,0.26628870,0.24377090,0.98393333,,,,,,,3,,,,,,,,,
7.627082,54665,12080171,,177.68081665,2.93254566,178.68641663,,,,,5.39048719,-3.26016808,-18.41356087,-6.30599165,-3.84483337,8.20745945,2.81130330,13.26209379,-4.26369949,0.24601801,0.24603230,0.98337269,,,,,,,3,,,,,,,,,
7.637014,54666,12080271,,177.70523071,2.85160017,178.77352905,,,,,-5.52101040,5.15681553,-2.22256470,5.55988455,4.94740200,-7.06651020,-3.39341706,-8.01552069,3.32681439,0.25690171,0.24488845,0.98489350,,,,,,,3,,,,,,,,,
7.647037,54667,12080371,,177.66778564,2.84844971,178.71034241,,,,,3.06659412,-3.59700131,-17.13998795,-3.94472003,-4.20547867,7.01974583,-0.03700869,5.37828348,-10.35837120,0.24780427,0.24552354,0.98040509,,,,,,,3,,,,,,,,,
7.657080,54668,12080471,,177.66436768,2.89446998,178.83125305,,,,,-1.53266728,3.49476743,-4.15253973,1.43772244,3.29442596,-5.42014885,-5.37988558,-1.81106991,6.84951732,0.24046578,0.24563883,0.99917096,,,,,,,3,,,,,,,,,
7.667213,54669,12080571,,177.62663269,2.85677934,178.75663757,,,,,-0.58963823,-1.59918857,-11.43347645,0.01538262,-2.06654286,1.58728361,-1.99925208,-7.98806333,-11.36577031,0.23751235,0.24473640,0.98133051,,,,,,,3,,,,,,,,,
7.677150,54670,12080671,,177.59063721,2.99197817,178.85743713,,,,,2.04835820,0.46219337,-12.92694092,-2.63894820,-0.01948930,3.04416084,-4.55818181,8.32810600,6.09329287,0.23224863,0.24577996,0.99270010,,,,,,,3,,,,,,,,,
7.687156,54671,12080771,,177.58959961,2.87039232,178.84382629,,,,,-4.14797401,2.69345570,-5.09158278,3.97723174,2.41543555,-4.35321188,-2.32167500,-16.21373186,-10.41384855,0.24691607,0.24457809,0.98137516,,,,,,,3,,,,,,,,,
7.697190,54672,12080871,,177.53800964,3.04308796,178.89430237,,,,,4.44240999,-3.66516972,-16.30078888,-5.26790476,-4.26244736,6.11675072,-5.52225362,14.64068978,2.59117783,0.24856152,0.24022855,0.98576736,,,,,,,3,,,,,,,,,
7.707286,54673,12080971,,177.53782654,2.90862942,178.93771362,,,,,-5.82036257,4.64011288,-0.89323109,5.93841839,4.49127197,-8.35440636,0.86413718,-20.44891189,-4.09657842,0.25550053,0.24347231,0.98436928,,,,,,,3,,,,,,,,,
7.717215,54674,12081071,,177.51318359,3.04905486,178.89839172,,,,,5.20007467,-3.51577258,-18.58368874,-6.14657974,-4.21338081,8.35391426,-2.89991497,16.48304622,-0.42973976,0.24643806,0.24314661,0.98036057,,,,,,,3,,,,,,,,,
7.727214,54675,12081171,,177.50851440,2.94053054,178.96533203,,,,,-5.31719351,4.63063383,-2.69076347,5.29833460,4.41149139,-6.60868645,0.56081872,-12.97485872,0.17449434,0.26297337,0.24046789,0.98139060,,,,,,,3,,,,,,,,,
7.737236,54676,12081271,,177.48457336,2.99775648,178.90516663,,,,,3.53243232,-2.72532201,-16.28343773,-4.36309814,-3.35148120,6.16306257,1.05442870,9.55742650,-6.29466990,0.24939699,0.24309506,0.98433268,,,,,,,3,,,,,,,,,
7.747245,54677,12081371,,177.50990295,2.99294233,179.01045227,,,,,-2.38207197,3.82448030,-5.08180094,2.21449685,3.55135489,-4.42758274,-2.90969751,-9.17090012,4.52096496,0.24633801,0.24362351,0.99125236,,,,,,,3,,,,,,,,,
7.757220,54678,12081471,,177.43905640,2.99278712,178.93246460,,,,,0.18298869,-2.35510111,-14.04120922,-0.92714453,-2.95850325,4.10287571,-1.22796172,-1.15536545,-9.67334677,0.24336235,0.24271579,0.98627543,,,,,,,3,,,,,,,,,
7.767135,54679,12081571,,177.46577454,3.07333350,179.04096985,,,,,0.73179740,2.04867697,-7.68079090,-1.07767892,1.72857475,-2.07699251,-4.99111719,1.24922100,7.71209807,0.23957808,0.24373361,0.99963111,,,,,,,3,,,,,,,,,
7.777165,54680,12081671,,177.39700317,3.02327991,178.97163391,,,,,-2.54285669,-0.47831070,-7.26589251,2.18802547,-0.83865356,-2.41247821,0.06260353,-13.56734263,-10.39449180,0.24503534,0.24460976,0.98136622,,,,,,,3,,,,,,,,,
7.787139,54681,12081771,,177.40364075,3.17993546,179.04946899,,,,,3.44727516,-0.31315243,-15.22243881,-4.22099066,-0.93409169,5.21188402,-6.47387613,10.96451719,5.87412234,0.24366359,0.24318680,0.99519008,,,,,,,3,,,,,,,,,
7.797096,54682,12081871,,177.34912109,3.06672931,179.03942871,,,,,-4.94173145,2.59038806,-3.50022721,4.83872223,2.35365105,-5.88214874,-0.79909852,-17.97349083,-8.61190293,0.25592005,0.24154636,0.98186707,,,,,,,3,,,,,,,,,
7.807161,54683,12081971,,177.32916260,3.24202776,179.07386780,,,,,4.83088255,-2.79014206,-16.88560867,-5.73536015,-3.47335935,6.68613815,-3.11645054,13.47783044,1.87818079,0.25599939,0.23818490,0.98230904,,,,,,,3,,,,,,,,,
7.817213,54684,12082071,,177.31166077,3.14803314,179.10588074,,,,,-5.40602160,3.50685525,-1.63805413,5.44474888,3.35365200,-7.64664555,-4.95990408,-20.50417666,-3.30233777,0.26486245,0.24091583,0.98190194,,,,,,,3,,,,,,,,,
7.827169,54685,12082171,,177.26156616,3.26494145,179.06303406,,,,,4.89308691,-3.03953910,-17.18681335,-5.83184862,-3.75055885,6.96440935,1.08854955,14.53954321,0.20523023,0.25214031,0.24352974,0.98237431,,,,,,,3,,,,,,,,,
7.837152,54686,12082271,,177.26606750,3.20485306,179.10932922,,,,,-5.19422054,4.60900116,-2.72358942,5.14823723,4.40060949,-6.53554201,-6.69767923,-12.29056768,3.43283579,0.26898190,0.24132781,0.97896057,,,,,,,3,,,,,,,,,
7.847142,54687,12082371,,177.21389771,3.22061753,179.03936768,,,,,3.35255933,-3.57823491,-16.63608742,-4.27629757,-4.28769875,6.46183014,6.21220048,8.26431460,-7.75518803,0.25497967,0.24156222,0.98186260,,,,,,,3,,,,,,,,,
7.857199,54688,12082471,,177.27334595,3.24046326,179.14451599,,,,,-2.18269777,4.68186522,-5.39094305,1.98619390,4.39425373,-4.05598021,-4.82532972,-5.10943229,8.22147907,0.24641681,0.24122180,0.99220425,,,,,,,3,,,,,,,,,
7.867198,54689,12082571,,177.21234131,3.19636583,179.07495117,,,,,-0.23542936,-3.72952509,-12.61421299,-0.48478436,-4.32450819,2.62937784,1.85042759,-3.22818667,-12.26491434,0.24075453,0.23988366,0.97731185,,,,,,,3,,,,,,,,,
7.877149,54690,12082671,,177.24841309,3.30182171,179.16947937,,,,,2.21360087,2.18733263,-9.66629124,-2.70388961,1.77756560,-0.16184175,-1.19810259,7.56213273,10.16017618,0.23804693,0.24376091,0.99616051,,,,,,,3,,,,,,,,,
7.887213,54691,12082771,,177.26028442,3.22174573,179.10716248,,,,,-4.17470694,-0.07499487,-4.42483044,3.97508740,-0.33147860,-5.12063313,-0.74118305,-15.72729262,-8.94768015,0.24776247,0.24312539,0.97789311,,,,,,,3,,,,,,,,,
7.897286,54692,12082871,,177.23118591,3.38314843,179.14157104,,,,,5.25244856,-2.03709817,-18.13324928,-6.25742435,-2.79487038,7.92604876,0.14531082,14.49608784,5.48528736,0.24587873,0.23931222,0.98920274,,,,,,,3,,,,,,,,,
7.907137,54693,12082971,,177.23651123,3.27302408,179.16030884,,,,,-6.95152283,5.32073545,-1.30996943,7.00796890,5.16103745,-7.77536392,-5.75674597,-19.05352986,-3.28457586,0.25690427,0.24008963,0.98234373,,,,,,,3,,,,,,,,,
7.917180,54694,12083071,,177.16223145,3.40571308,179.12335205,,,,,5.97933769,-4.82236385,-18.13415527,-7.02742100,-5.60583019,7.72811413,-4.29299801,13.01236585,-0.61147717,0.25076726,0.23779386,0.98029757,,,,,,,3,,,,,,,,,
7.927255,54695,12083171,,177.14915466,3.37867498,179.17271423,,,,,-6.01968193,4.88398790,-0.34357110,6.13721466,4.76543713,-8.81536674,-2.98960923,-18.53705315,6.12023711,0.26402646,0.23900911,0.98384660,,,,,,,3,,,,,,,,,
7.937218,54696,12083271,,177.09785461,3.45004272,179.06259155,,,,,4.30534220,-2.43467808,-17.63352394,-5.32946062,-3.24414372,7.42302418,-3.57013881,6.83840290,-4.28425665,0.24834539,0.24167454,0.98034686,,,,,,,3,,,,,,,,,
7.947238,54697,12083371,,177.07192993,3.48121381,179.13340759,,,,,-3.29692245,2.72370291,-4.90467024,3.07871580,2.41805983,-4.55168819,-3.32163839,-7.60723845,8.20874162,0.25948751,0.24052308,0.98929018,,,,,,,3,,,,,,,,,
7.957302,54698,12083471,,177.01737976,3.45549083,179.04518127,,,,,0.93029112,-0.88758934,-13.57668304,-1.72991037,-1.56022835,3.64601183,-1.21692947,-3.22914162,-8.56488903,0.25530753,0.24059281,0.99075460,,,,,,,3,,,,,,,,,
7.967189,54699,12083571,,177.03123474,3.58900738,179.11734009,,,,,0.95958906,0.83283752,-8.26981544,-1.42055261,0.42642665,-1.55559731,-6.76170457,2.19316286,10.40941832,0.24848714,0.23158112,1.00591516,,,,,,,3,,,,,,,,,
7.977139,54700,12083671,,176.97872925,3.49958706,179.03034973,,,,,-3.10033083,-0.65261692,-7.54991674,2.66727376,-1.08451843,-2.08642483,-0.18913560,-12.93014403,-6.91199733,0.24168508,0.23266405,0.98660266,,,,,,,3,,,,,,,,,
7.987164,54701,12083771,,176.98376465,3.65594792,179.04249573,,,,,3.88761234,1.33367181,-13.56964111,-4.66081715,0.69151968,3.57828927,-6.68707109,11.51801011,12.96884730,0.26525137,0.23850502,0.99176091,,,,,,,3,,,,,,,,,
7.997135,54702,12083871,,176.91865540,3.49197888,178.97914124,,,,,-4.44806719,1.25818288,-4.98289776,4.18705130,0.92661124,-4.45903969,1.38591230,-11.27652108,-6.17153695,0.26466611,0.23756249,0.97442645,,,,,,,3,,,,,,,,,
8.007160,54703,12083971,,176.94245911,3.58359933,178.96162415,,,,,5.07063055,-1.71868396,-17.08170319,-6.06170225,-2.51106954,6.86224699,1.02519603,20.85605947,8.43320896,0.25547749,0.23819436,0.98082227,,,,,,,3,,,,,,,,,
8.017131,54704,12084071,,176.92932129,3.40616488,178.94879150,,,,,-5.81856346,3.13982701,-1.07815683,5.85764885,2.98324013,-8.15696144,-3.60150838,-12.95498202,-0.68692744,0.26330775,0.23662496,0.97539431,,,,,,,3,,,,,,,,,
8.027136,54705,12084171,,176.89736938,3.47960734,178.88221741,,,,,4.61008453,-3.40595627,-17.40426064,-5.60729694,-4.21918058,7.13832092,3.86723689,21.18940344,3.84547334,0.25292921,0.23680009,0.97435546,,,,,,,3,,,,,,,,,
8.037121,54706,12084271,,176.95954895,3.34610796,178.91012573,,,,,-4.60799122,6.23086166,-2.85058951,4.57756948,5.98897886,-6.32079077,-0.43330627,-8.45239325,5.11576473,0.29198226,0.23278321,0.97349823,,,,,,,3,,,,,,,,,
8.047127,54707,12084371,,176.95329285,3.33491850,178.82449341,,,,,1.33119726,-4.08282852,-14.96085358,-2.20887136,-4.80912590,4.84668732,7.57255902,8.30346354,-6.08436581,0.24317896,0.23120415,0.97471273,,,,,,,3,,,,,,,,,
8.057207,54708,12084471,,177.02416992,3.34987283,178.88308716,,,,,0.10154071,2.77397728,-8.34857559,-0.49577343,2.35515761,-1.32023001,1.27426869,2.22405260,11.38671338,0.25816399,0.23621355,1.01642704,,,,,,,3,,,,,,,,,
8.067321,54709,12084571,,177.03645325,3.24308658,178.80812073,,,,,-2.42050505,-1.45394409,-8.58846092,1.93601942,-1.92065811,-1.14892507,3.36098540,-7.51858088,-8.66800525,0.26440266,0.23756433,0.98036230,,,,,,,3,,,,,,,,,
8.077178,54710,12084671,,177.08140564,3.34432244,178.82809448,,,,,3.47175550,0.25375628,-13.08255005,-4.15616798,-0.30851054,3.09432077,4.23437407,16.49161982,13.52302580,0.24969590,0.24117267,0.97836661,,,,,,,3,,,,,,,,,
8.087273,54711,12084771,,177.14562988,3.14816666,178.77905273,,,,,-4.61809731,3.55423164,-3.75208187,4.49904490,3.28092194,-5.59394932,6.71986966,-8.85511401,-6.60612140,0.26143485,0.23809601,0.97639769,,,,,,,3,,,,,,,,,
8.097297,54712,12084871,,177.16458130,3.21059608,178.74165344,,,,,5.67894173,-4.52628183,-17.63248253,-6.64423704,-5.24100494,7.29727459,2.35835525,23.06329316,7.83849585,0.24491832,0.23789492,0.97433263,,,,,,,3,,,,,,,,,
8.107168,54713,12084971,,177.22026062,3.00429273,178.76435852,,,,,-5.89033794,5.48753548,-1.34490013,5.99007559,5.28023672,-7.84734583,6.01192141,-8.08898877,2.38540942,0.27944180,0.23395212,0.97840148,,,,,,,3,,,,,,,,,
8.117165,54714,12085071,,177.24836731,3.01981568,178.69558716,,,,,3.20107937,-3.78158998,-17.64283562,-4.11843443,-4.54375553,7.47689152,-0.16408007,20.81192791,-1.30357213,0.24867041,0.23927152,0.97486800,,,,,,,3,,,,,,,,,
8.127194,54715,12085171,,177.24517822,2.89967489,178.73312378,,,,,-2.73496890,4.03817797,-4.92611980,2.62187839,3.73304415,-4.54124308,1.05832639,0.11253553,10.09206981,0.24681459,0.23833086,1.00205564,,,,,,,3,,,,,,,,,
8.137159,54716,12085271,,177.29071045,2.82933569,178.63198853,,,,,-0.23210566,-0.85036272,-11.54606152,-0.32871318,-1.37456322,1.71087980,4.34196918,-3.33373465,-3.03540458,0.24529050,0.23452483,0.98318690,,,,,,,3,,,,,,,,,
8.147176,54717,12085371,,177.31918335,2.93453884,178.63569641,,,,,2.18599653,-0.43023261,-11.65449047,-2.72910118,-0.91069305,1.71842265,0.22738842,11.34865898,12.01406028,0.24577382,0.24219455,0.98776358,,,,,,,3,,,,,,,,,
8.157161,54718,12085471,,177.31217957,2.78807139,178.56330872,,,,,-4.03888512,1.98848748,-3.57011294,3.97928762,1.71941590,-5.90780306,4.40764914,-15.86395275,-2.20899566,0.25423384,0.24157824,0.97394294,,,,,,,3,,,,,,,,,
8.167207,54719,12085571,,177.37370300,2.93184924,178.53668213,,,,,4.52939701,-2.87651372,-17.45356178,-5.39724684,-3.54619241,7.28820705,0.84813741,20.02605659,6.23938165,0.23590444,0.24332631,0.97486818,,,,,,,3,,,,,,,,,
8.177156,54720,12085671,,177.34916687,2.75325227,178.52220154,,,,,-5.38924456,5.35285044,-2.00321102,5.47745085,5.10137081,-7.26527882,4.44925865,-10.41719791,4.28738274,0.26382911,0.23757529,0.97739106,,,,,,,3,,,,,,,,,
8.187228,54721,12085771,,177.37872314,2.80762768,178.43553162,,,,,3.33768988,-3.07086682,-16.40315819,-4.16827917,-3.70639205,6.28312302,2.40843484,9.74626245,-0.94481132,0.23637564,0.24139886,0.97385049,,,,,,,3,,,,,,,,,
8.197121,54722,12085871,,177.41722107,2.77888775,178.46824646,,,,,-0.99413365,1.84055638,-5.89393091,0.78927910,1.55508065,-3.77938366,1.89430558,-1.56902625,10.39675259,0.25363147,0.24445745,0.99872351,,,,,,,3,,,,,,,,,
8.207205,54723,12085971,,177.44415283,2.72864580,178.38687134,,,,,-1.71302664,-1.45279574,-10.63646030,1.19684350,-1.95617223,0.84301996,5.96513888,-2.23145034,-6.00729225,0.24878164,0.24070787,0.97884947,,,,,,,3,,,,,,,,,
8.217144,54724,12086071,,177.49507141,2.80707455,178.41151428,,,,,2.73224616,0.41864920,-11.49673939,-3.24592590,0.01077986,1.57596636,-2.71833632,14.32403026,13.48799546,0.24674764,0.24409725,0.98977762,,,,,,,3,,,,,,,,,
8.227127,54725,12086171,,177.49148560,2.66025829,178.33206177,,,,,-4.46821642,2.46661592,-3.40408826,4.40581608,2.19110465,-6.06699085,6.86329339,-12.30412390,-2.73841451,0.25017548,0.23972486,0.97785133,,,,,,,3,,,,,,,,,
8.237274,54726,12086271,,177.55822754,2.76622152,178.30502319,,,,,4.91443968,-2.47640991,-17.67251968,-5.75321388,-3.05800438,7.52888775,2.19696556,17.72573767,6.21897006,0.23271599,0.24433844,0.97833157,,,,,,,3,,,,,,,,,
8.247208,54727,12086371,,177.57464600,2.63373661,178.29898071,,,,,-4.36644888,4.01740742,-3.48822880,4.36519241,3.73529100,-5.92304993,2.31607830,-12.07569676,3.80788510,0.26718831,0.23943740,0.98040593,,,,,,,3,,,,,,,,,
8.257232,54728,12086471,,177.59750366,2.68631077,178.21041870,,,,,1.72906923,-2.66302705,-15.22738361,-2.46836114,-3.21552348,5.22232580,4.19506121,10.26530475,-0.36231728,0.23916230,0.24135238,0.97287422,,,,,,,3,,,,,,,,,
8.267245,54729,12086571,,177.63334656,2.67345452,178.24783325,,,,,-1.24480331,2.91036248,-6.50057793,1.05898118,2.60469317,-3.12117958,-4.59897213,1.04815411,11.02359235,0.25454679,0.24300273,0.99722081,,,,,,,3,,,,,,,,,
8.277178,54730,12086671,,177.57418823,2.59242463,178.13079834,,,,,-1.45248830,-0.35755962,-8.99137688,1.06344175,-0.76038599,-0.75459361,2.75100148,-8.51816285,-3.04192250,0.24679802,0.23978280,0.97536147,,,,,,,3,,,,,,,,,
8.287197,54731,12086771,,177.55940247,2.71611714,178.12388611,,,,,3.19765615,1.00552499,-15.32789326,-3.80499887,0.46750057,5.42148447,-7.36258876,14.72598518,11.51502958,0.24196015,0.24321915,0.98677117,,,,,,,3,,,,,,,,,
8.297238,54732,12086871,,177.49798584,2.56841683,178.03965759,,,,,-4.68025780,1.45614219,-2.48746014,4.66255665,1.19118559,-7.00318480,0.53355293,-19.47049242,-1.05170901,0.27453014,0.23979597,0.97550076,,,,,,,3,,,,,,,,,
8.307210,54733,12086971,,177.49098206,2.73561192,178.00776672,,,,,4.35900354,-2.88953257,-18.02856064,-5.21125889,-3.50285578,7.89785719,-2.56032309,16.26406694,3.82753257,0.24814497,0.24599932,0.97695094,,,,,,,3,,,,,,,,,
8.317222,54734,12087071,,177.47299194,2.63299537,178.00918579,,,,,-5.12911510,3.90731478,-1.67633271,5.22753286,3.65399623,-7.67991781,-4.96775880,-14.36203855,6.27693915,0.26814541,0.24038082,0.98141521,,,,,,,3,,,,,,,,,
8.327275,54735,12087171,,177.42906189,2.68415308,177.93928528,,,,,1.75779796,-1.45666420,-15.55885506,-2.49393392,-2.04492855,5.60142899,3.36099757,1.50670537,-5.02798527,0.24437034,0.23838501,0.97235858,,,,,,,3,,,,,,,,,
8.337270,54736,12087271,,177.46003723,2.74634099,177.97584534,,,,,0.18202217,1.15757072,-9.83309555,-0.56408465,0.74370551,0.07291794,-3.91830835,0.75708960,9.99286899,0.24745014,0.24456237,0.99671513,,,,,,,3,,,,,,,,,
8.347260,54737,12087371,,177.43229675,2.69111919,177.92478943,,,,,-2.52826571,0.25148684,-6.62543774,2.26196480,-0.11256671,-3.02264524,-1.98095998,-18.81333260,-7.91263840,0.25177118,0.24114121,0.97046036,,,,,,,3,,,,,,,,,
8.357203,54738,12087471,,177.38870239,2.89303017,177.93431091,,,,,3.48854351,-1.46417964,-14.93415833,-4.21745110,-1.98959792,4.89431429,-5.77752511,13.12686885,9.47315819,0.22936516,0.24295597,0.97581905,,,,,,,3,,,,,,,,,
8.367171,54739,12087571,,177.30690002,2.78150320,177.89109802,,,,,-4.47855568,7.07240772,-2.84391594,4.62121964,6.77531719,-6.36305428,-9.59987527,-19.69375593,2.21341800,0.24444863,0.23694307,0.97382045,,,,,,,3,,,,,,,,,
8.377171,54740,12087671,,177.20623779,2.91318250,177.81555176,,,,,3.61217070,-5.14299679,-16.78495979,-4.58687162,-5.77454472,6.53837872,-5.74299466,6.76357690,-1.27926572,0.22195493,0.24163966,0.97823489,,,,,,,3,,,,,,,,,
8.387142,54741,12087771,,177.09193420,2.89102340,177.84994507,,,,,-1.38695014,3.46654010,-5.92799950,1.25017047,3.11955738,-3.62276030,-13.43478317,-5.89967749,10.97856518,0.25730690,0.23479322,1.00452602,,,,,,,3,,,,,,,,,
8.397187,54742,12087871,,176.94505310,2.86392403,177.74020386,,,,,-1.67942965,-2.17240357,-9.75025845,1.14118266,-2.72687721,-0.08862948,-15.73807749,-5.85467124,-5.10142347,0.26000869,0.22563750,0.98262525,,,,,,,3,,,,,,,,,
8.407201,54743,12087971,,176.76960754,2.99590659,177.76585388,,,,,2.90963006,1.17518187,-12.86082745,-3.49673724,0.59078681,2.96715045,-17.42723621,10.72663621,14.27735360,0.25910509,0.22804573,0.99849111,,,,,,,3,,,,,,,,,
8.417215,54744,12088071,,176.61982727,2.86878181,177.68954468,,,,,-5.33864260,3.09148526,-3.46678233,5.31634235,2.67571735,-5.85073519,-17.21307904,-17.79028125,-2.93937618,0.25641164,0.22425635,0.98654342,,,,,,,3,,,,,,,,,
8.427233,54745,12088171,,176.46641541,3.02925396,177.65267944,,,,,5.64511585,-4.44369698,-17.56822014,-6.68656874,-5.25571680,7.17656994,-14.55101110,13.26139711,6.11490700,0.23625369,0.22507480,0.98843426,,,,,,,3,,,,,,,,,
8.437274,54746,12088271,,176.32797241,2.96888638,177.65167236,,,,,-5.30389738,4.25648451,-0.31448030,5.51754570,3.99285936,-8.90346909,-12.13571278,-19.62528670,5.18373920,0.26669723,0.22072481,0.98307574,,,,,,,3,,,,,,,,,
8.447271,54747,12088371,,176.22044373,3.10535932,177.54548645,,,,,2.56510854,-1.99018848,-16.31389809,-3.48303747,-2.93123507,6.20177746,-11.86732135,5.73244202,-0.39753000,0.24527003,0.22444804,0.97709012,,,,,,,3,,,,,,,,,
8.457248,54748,12088471,,176.11067200,3.10941124,177.57601929,,,,,-1.16276276,2.07049918,-8.33992290,0.81009161,1.46296334,-1.27980852,-9.57969719,-7.02187672,10.61535963,0.26154625,0.22032547,0.99689686,,,,,,,3,,,,,,,,,
8.467237,54749,12088571,,176.02447510,3.12138081,177.47296143,,,,,-1.89631879,0.18773986,-8.41935349,1.46765733,-0.45892882,-1.27307975,-9.23053365,-14.42514779,-2.85312946,0.25896272,0.21365952,0.97302985,,,,,,,3,,,,,,,,,
8.477304,54750,12088671,,175.90219116,3.30904675,177.43908691,,,,,3.36080837,-1.38761497,-14.19117737,-4.20216036,-2.21807504,4.06659412,-14.84375301,8.30287785,12.46149146,0.25244248,0.21664184,0.98986626,,,,,,,3,,,,,,,,,
8.487184,54751,12088771,,175.76469421,3.19192386,177.36128235,,,,,-4.61091089,4.38214207,-2.40153241,4.68028688,3.98604536,-6.79463673,-9.30473170,-16.67431884,0.18799323,0.25884646,0.21221741,0.98240691,,,,,,,3,,,,,,,,,
8.497192,54752,12088871,,175.65188599,3.33646011,177.29698181,,,,,4.30191374,-3.58650470,-17.97769737,-5.44395971,-4.69149590,7.60477543,-8.95890983,11.68357987,3.88975047,0.22734247,0.21562700,0.98378718,,,,,,,3,,,,,,,,,
8.507233,54753,12088971,,175.58410645,3.23624516,177.31678772,,,,,-4.18424606,3.71950865,-1.99492776,4.27407742,3.35642624,-7.26299381,-8.79862151,-15.35767693,5.79250969,0.23068547,0.21557008,0.98528731,,,,,,,3,,,,,,,,,
8.517178,54754,12089071,,175.49465942,3.28781629,177.22073364,,,,,2.11691213,-2.96927738,-14.71441078,-3.07060337,-3.97048092,4.50451708,-6.55699057,8.11892292,-2.11309319,0.24731347,0.21001528,0.97390324,,,,,,,3,,,,,,,,,
8.527350,54755,12089171,,175.43106079,3.26608491,177.24815369,,,,,-0.18386172,3.13789034,-9.60118484,-0.19924998,2.37489414,0.03283024,-8.79913292,4.73320370,11.83438361,0.25616959,0.20697610,0.99715328,,,,,,,3,,,,,,,,,
8.537379,54756,12089271,,175.39483643,3.16142774,177.16551208,,,,,-2.42292237,-0.55072129,-6.51659441,2.05890799,-1.16127920,-3.19547176,-2.97373801,-9.98563070,-4.89607895,0.25596103,0.20362902,0.97582453,,,,,,,3,,,,,,,,,
8.547213,54757,12089371,,175.32304382,3.27599216,177.16505432,,,,,2.96893501,-1.90182698,-14.95523643,-3.86636496,-2.91722560,4.80167103,-5.90768205,18.96447444,10.57728986,0.27196842,0.20287348,0.98974621,,,,,,,3,,,,,,,,,
8.557194,54758,12089471,,175.28173828,3.10729194,177.10612488,,,,,-4.28223228,6.92830849,-2.42908049,4.51672173,6.49525833,-6.52769279,-8.43312699,-16.26253869,5.59931011,0.25513923,0.20748037,0.98132384,,,,,,,3,,,,,,,,,
8.567191,54759,12089571,,175.17059326,3.21851802,177.02330017,,,,,3.02849174,-6.33276272,-16.75873756,-4.23225355,-7.49976730,6.20953369,-2.58627610,10.42552903,-3.64597248,0.24429151,0.20574388,0.97926289,,,,,,,3,,,,,,,,,
8.577302,54760,12089671,,175.15005493,3.17619205,177.07604980,,,,,-0.47441912,4.05614853,-5.69002628,0.37626505,3.54954267,-3.75905228,-4.51705938,-3.63852032,11.23292484,0.25691694,0.20408078,1.00354302,,,,,,,3,,,,,,,,,
8.587206,54761,12089771,,175.11151123,3.15208793,176.98107910,,,,,-3.09307265,-1.72668195,-6.13877869,2.68935466,-2.36927962,-3.64898920,-6.20066515,-8.87767412,-5.43496935,0.25650322,0.19786045,0.97474641,,,,,,,3,,,,,,,,,
8.597174,54762,12089871,,175.04852295,3.26727152,176.99427795,,,,,4.88412714,-0.04909158,-17.34067345,-5.85050297,-1.21316564,7.21148014,-0.64623413,14.06235034,9.50794434,0.27085334,0.19808978,0.99560195,,,,,,,3,,,,,,,,,
8.607170,54763,12089971,,175.05322266,3.14569569,176.93632507,,,,,-5.70678711,3.90866995,-0.28082091,5.95267153,3.55992508,-8.82383156,-4.28066439,-17.96905974,4.55607982,0.25427920,0.20221519,0.98074138,,,,,,,3,,,,,,,,,
8.617378,54764,12090071,,174.99449158,3.27509260,176.85899353,,,,,3.65385270,-4.40528965,-18.30175018,-4.88387775,-5.73494482,7.83874798,-4.36800202,13.63844063,-1.18849817,0.25101602,0.19795087,0.97917318,,,,,,,3,,,,,,,,,
8.627270,54765,12090171,,174.95672607,3.20993185,176.89489746,,,,,-1.81424153,3.88142133,-4.12162971,1.80866611,3.40230656,-5.25100994,-4.64211331,-6.26812052,11.44464790,0.25632137,0.19689421,0.99600494,,,,,,,3,,,,,,,,,
8.637227,54766,12090271,,174.92332458,3.23383355,176.78689575,,,,,-1.45172620,-0.25154901,-9.79960728,0.87244576,-1.16734672,0.01539850,-2.77461409,-9.31686724,-3.08930587,0.25558311,0.19211718,0.97217709,,,,,,,3,,,,,,,,,
8.647291,54767,12090371,,174.90565491,3.36049628,176.78001404,,,,,3.17154121,-2.16095328,-13.83105469,-4.07960653,-3.16560602,3.59687614,-6.69560840,10.78467404,8.64956117,0.26877120,0.19476232,1.00147593,,,,,,,3,,,,,,,,,
8.657210,54768,12090471,,174.81721497,3.23923635,176.73013306,,,,,-4.40445185,4.50667048,-1.38277209,4.61563063,4.09743404,-7.73495150,-5.46568044,-17.77276352,5.41127158,0.25295526,0.20127663,0.98269892,,,,,,,3,,,,,,,,,
8.667216,54769,12090571,,174.76828003,3.36213708,176.64033508,,,,,2.66610527,-2.59021473,-16.61593056,-3.72845554,-3.88964677,6.35439682,-3.55243347,14.66844767,-0.44234322,0.24927464,0.19509917,0.98159313,,,,,,,3,,,,,,,,,
8.677261,54770,12090671,,174.72261047,3.26483846,176.65327454,,,,,-0.30293649,2.61580467,-7.44054222,0.01916277,1.92288637,-2.13484168,-4.24474955,-5.97939263,9.29294536,0.25337180,0.19550586,0.99151528,,,,,,,3,,,,,,,,,
8.687304,54771,12090771,,174.69750977,3.24632716,176.58026123,,,,,-2.92622280,-1.26113451,-6.62826824,2.47931767,-2.01262569,-3.14790010,-1.17331711,-4.72522647,-5.73221022,0.25283143,0.19120288,0.97363305,,,,,,,3,,,,,,,,,
8.697308,54772,12090871,,174.66926575,3.33236361,176.59437561,,,,,3.90087914,-0.74296820,-15.55482483,-4.82629681,-1.90486336,5.39738560,-5.85102862,15.88355369,9.19436950,0.26373902,0.19100624,1.00337029,,,,,,,3,,,,,,,,,
8.707207,54773,12090971,,174.63307190,3.16039681,176.55819702,,,,,-4.84266329,5.09859753,-3.78616905,4.90142727,4.43710470,-5.27326918,0.88054447,-13.44909583,-0.16384437,0.24839431,0.19559310,0.98357558,,,,,,,3,,,,,,,,,
8.717180,54774,12091071,,174.65611267,3.23672891,176.52882385,,,,,2.76150823,-3.90813160,-16.17499352,-3.89543152,-5.17392254,5.77071762,1.47330094,12.85922959,-2.55034611,0.25084126,0.19315132,0.98503345,,,,,,,3,,,,,,,,,
8.727218,54775,12091171,,174.65533447,3.18347049,176.58042908,,,,,-0.87447876,2.52834082,-5.95271492,0.69173884,1.92784023,-3.59041452,-2.73101635,-4.90160159,7.64487620,0.25267366,0.19359505,0.99741864,,,,,,,3,,,,,,,,,
8.737274,54776,12091271,,174.64360046,3.19710302,176.50611877,,,,,-2.08984256,0.51238638,-7.14295721,1.70835364,-0.24644677,-2.51725626,-0.55429568,-10.27367344,-4.68126011,0.25517502,0.18876413,0.97212195,,,,,,,3,,,,,,,,,
8.747230,54777,12091371,,174.62567139,3.31824303,176.52418518,,,,,3.48353648,-2.00770497,-16.86893654,-4.54548979,-3.29578447,6.62047052,0.19228144,12.96258231,4.31753205,0.27116853,0.18848297,0.99940950,,,,,,,3,,,,,,,,,
8.757276,54778,12091471,,174.62088013,3.18908691,176.52056885,,,,,-4.28922844,4.45519829,-0.69898933,4.58414173,4.10466480,-8.40137482,-4.91392624,-21.38001523,1.88554117,0.25267035,0.19312119,0.98355788,,,,,,,3,,,,,,,,,
8.767167,54779,12091571,,174.57649231,3.35836458,176.45841980,,,,,2.15553093,-3.79116535,-15.68238926,-3.27205753,-5.05857897,5.33327007,2.27619234,10.39034673,-2.96102510,0.24857017,0.18886966,0.98495430,,,,,,,3,,,,,,,,,
8.777192,54780,12091671,,174.57377625,3.32036281,176.50502014,,,,,0.00667100,4.53010654,-8.02281189,-0.22046006,3.77202249,-1.38974607,-6.13294340,-6.59026469,7.85264629,0.25505275,0.18923576,0.99587727,,,,,,,3,,,,,,,,,
8.787215,54781,12091771,,174.52908325,3.33299327,176.44616699,,,,,-2.26316833,-2.93495607,-7.07793808,1.69162679,-3.70291471,-2.89245915,-0.35368691,-12.77634354,-8.43804217,0.25988728,0.18532553,0.97060686,,,,,,,3,,,,,,,,,
8.797158,54782,12091871,,174.51864624,3.48960066,176.49072266,,,,,3.89316726,-0.71833205,-15.36025715,-4.86469460,-1.88202405,5.19116020,-3.33427381,14.22479017,6.15984751,0.27321523,0.18412754,1.00182462,,,,,,,3,,,,,,,,,
8.807168,54783,12091971,,174.49838257,3.37844205,176.47874451,,,,,-5.35250187,5.16240358,-1.16662300,5.61147451,4.69892311,-7.77952242,-6.94307085,-18.35407580,1.22925497,0.25411740,0.18925735,0.98251444,,,,,,,3,,,,,,,,,
8.817211,54784,12092071,,174.43054199,3.50985956,176.43753052,,,,,3.31707048,-3.99732590,-17.23045349,-4.59694529,-5.36088085,6.76172781,-0.56951478,7.39772410,-5.78323472,0.25089550,0.18835096,0.98396820,,,,,,,3,,,,,,,,,
8.827202,54785,12092171,,174.42050171,3.50107694,176.51118469,,,,,-0.52646250,2.72101712,-5.87004662,0.32395172,2.13041234,-3.65699100,-5.45860223,-4.83667637,7.23225423,0.25420889,0.18588960,0.99680960,,,,,,,3,,,,,,,,,
8.837306,54786,12092271,,174.38664246,3.49744248,176.43836975,,,,,-2.81946611,-0.26711556,-6.96704817,2.37618351,-1.07443047,-2.70736313,-5.11590262,-10.86085968,-9.07654106,0.25540358,0.18011963,0.97396523,,,,,,,3,,,,,,,,,
8.847220,54787,12092371,,174.35052490,3.64192176,176.48037720,,,,,4.42937756,-0.92784828,-16.86428642,-5.52210140,-2.22717476,6.62065315,1.46579125,11.23108240,4.61119560,0.27469522,0.18314201,1.00330079,,,,,,,3,,,,,,,,,
8.857167,54788,12092471,,174.36865234,3.52635813,176.46919250,,,,,-5.32714558,4.46339941,-1.52013755,5.51605797,3.95989299,-7.48307419,-0.18173549,-19.42939517,0.03042137,0.25871485,0.19110081,0.98058766,,,,,,,3,,,,,,,,,
8.867168,54789,12092571,,174.35398865,3.65958691,176.43153381,,,,,2.92696261,-3.83080626,-16.88949966,-4.19898415,-5.23751497,6.43059540,-1.97973118,11.12244653,-5.42557699,0.25418833,0.18541625,0.98245400,,,,,,,3,,,,,,,,,
8.877198,54790,12092671,,174.32714844,3.62334704,176.50257874,,,,,-1.48379076,3.25248289,-6.31594372,1.25756693,2.53996873,-3.10823989,0.25496933,-8.79773103,4.52025761,0.25544718,0.18587093,0.99186790,,,,,,,3,,,,,,,,,
8.887413,54791,12092771,,174.35044861,3.65394258,176.47479248,,,,,-1.69729030,0.40176031,-10.30417633,1.02408373,-0.67054892,0.59203386,0.07682780,-9.38219032,-11.27868369,0.25231647,0.18496779,0.98243749,,,,,,,3,,,,,,,,,
8.897199,54792,12092871,,174.32165527,3.78515768,176.54025269,,,,,3.22264314,-2.58689380,-14.30594063,-4.30319023,-3.73496795,3.96172190,-4.76758431,7.34853137,3.39607550,0.26547948,0.18617402,1.01022911,,,,,,,3,,,,,,,,,
8.907271,54793,12092971,,174.29988098,3.69545817,176.56883240,,,,,-4.53596735,4.97088003,-0.76806349,4.80950642,4.59692860,-8.20668507,-3.62288730,-20.79796017,-3.17796216,0.25097227,0.18978833,0.98695993,,,,,,,3,,,,,,,,,
8.917221,54794,12093071,,174.22647095,3.87468958,176.52976990,,,,,3.38405752,-3.45861053,-17.18315506,-4.70039463,-4.89945698,6.71545506,-4.52537641,10.95323799,-3.60940493,0.25722405,0.18680207,0.98941779,,,,,,,3,,,,,,,,,
8.927290,54795,12093171,,174.22293091,3.81253910,176.60900879,,,,,-0.78156221,4.24984312,-6.14451933,0.59816802,3.57996464,-3.21598005,-0.86085298,-13.66903731,0.79601677,0.25494355,0.18396033,0.98985612,,,,,,,3,,,,,,,,,
8.937319,54796,12093271,,174.20320129,3.87243724,176.58978271,,,,,-2.13673067,-3.17874146,-9.43061447,1.31469011,-4.19008207,-0.60858512,-2.02370693,-2.69581377,-11.66772444,0.24827531,0.18311390,0.98684072,,,,,,,3,,,,,,,,,
8.947244,54797,12093371,,174.18890381,3.96038485,176.69325256,,,,,3.20262456,2.01852202,-13.20979786,-4.02473164,0.91682684,3.31240773,-3.86105642,5.40031169,5.58905927,0.25766850,0.18390384,1.01411200,,,,,,,3,,,,,,,,,
8.957392,54798,12093471,,174.16662598,3.88667703,176.67486572,,,,,-4.47216129,0.50471741,-2.96674585,4.32109642,-0.04301322,-6.46444511,0.06977743,-18.44244991,-9.40891855,0.26318344,0.18286468,0.98295349,,,,,,,3,,,,,,,,,
8.967221,54799,12093571,,174.16648865,4.06572628,176.70794678,,,,,5.05576611,-2.52719665,-18.22400475,-6.45988464,-3.99090576,7.71960545,0.85295723,14.98215143,0.85607862,0.27750516,0.18118125,0.98844099,,,,,,,3,,,,,,,,,
8.977441,54800,12093671,,174.20291138,3.95921826,176.75028992,,,,,-5.12866497,5.24109840,0.15787323,5.46034479,4.94161129,-9.02437401,-3.24314052,-16.85371205,-1.38607804,0.25562501,0.18491188,0.98294795,,,,,,,3,,,,,,,,,
8.987328,54801,12093771,,174.15165710,4.06158543,176.73576355,,,,,2.68986893,-3.00326395,-17.05353165,-4.04644680,-4.48171997,6.65760612,3.26180081,8.21302500,-9.97046768,0.24493967,0.18556999,0.98686284,,,,,,,3,,,,,,,,,
8.997176,54802,12093871,,174.20957947,4.04473686,176.85255432,,,,,0.12846294,1.91384447,-6.63969946,-0.49325299,1.27496266,-3.01675034,-0.52487832,-1.49024610,4.18242023,0.25289387,0.18447092,0.99875957,,,,,,,3,,,,,,,,,
9.007269,54803,12093971,,174.19445801,4.03596020,176.83325195,,,,,-3.07620883,-0.32998210,-5.82511854,2.66498566,-1.04289961,-3.80662489,-6.40297108,-12.09315643,-11.35061156,0.25730157,0.18008746,0.97446901,,,,,,,3,,,,,,,,,
9.017218,54804,12094071,,174.15344238,4.15426493,176.90588379,,,,,4.28148270,-1.70308053,-16.85081482,-5.54327965,-3.08129311,6.49317169,3.63961016,17.56577976,0.15727450,0.27049851,0.18225245,1.00376034,,,,,,,3,,,,,,,,,
9.027437,54805,12094171,,174.20478821,4.01955748,176.94847107,,,,,-5.09751606,6.65420580,-2.55114245,5.24710083,6.09855747,-6.18885517,-2.69990185,-15.18812773,-4.43966693,0.25630090,0.18681741,0.98990816,,,,,,,3,,,,,,,,,
9.037237,54806,12094271,,174.19157410,4.11598969,176.95582581,,,,,2.98615837,-5.87953138,-15.68340778,-4.36010790,-7.21837091,4.97652912,1.75667588,9.98046195,-10.51142720,0.25195169,0.18113358,0.98336446,,,,,,,3,,,,,,,,,
9.047286,54807,12094371,,174.22814941,4.09855175,177.08091736,,,,,-1.14700449,4.91160107,-5.04091024,1.01654577,4.32806826,-4.21700859,1.88418964,-3.80642643,2.96508458,0.25813085,0.18245651,1.01310194,,,,,,,3,,,,,,,,,
9.057328,54808,12094471,,174.22688293,4.04826212,177.04595947,,,,,-1.21996045,-1.12844312,-11.17547226,0.36776984,-2.26035929,1.28043365,1.84140235,-1.90677153,-12.50722640,0.26609856,0.18425405,0.98645341,,,,,,,3,,,,,,,,,
9.067263,54809,12094571,,174.25125122,4.12108183,177.12908936,,,,,3.18203640,-0.93190235,-12.95682049,-4.13566971,-2.01825380,2.76188159,-0.87526916,12.40999098,3.15544260,0.28220600,0.18302163,0.98948324,,,,,,,3,,,,,,,,,
9.077244,54810,12094671,,174.25082397,3.97007132,177.14990234,,,,,-5.23733521,2.74223208,-0.71303463,5.34658766,2.39653802,-8.41771317,2.76868356,-11.10932488,-8.77050760,0.25929096,0.18629101,0.98100913,,,,,,,3,,,,,,,,,
9.087234,54811,12094771,,174.25312805,4.05631351,177.17687988,,,,,4.73289919,-2.12256622,-18.33072662,-6.06028366,-3.67017794,7.88290834,-3.21498541,21.29916799,-1.02525067,0.24540985,0.18556207,0.98686510,,,,,,,3,,,,,,,,,
9.097274,54812,12094871,,174.23768616,3.87085867,177.23960876,,,,,-4.03125763,5.31587839,-4.31189251,3.95941567,4.66686344,-4.70533085,1.89591046,-8.51079222,-1.69987080,0.25162566,0.18545614,0.98986316,,,,,,,3,,,,,,,,,
9.107273,54813,12094971,,174.23934937,3.91082215,177.25552368,,,,,1.31288683,-3.89330530,-13.89168549,-2.41663313,-5.16761255,3.50940323,-3.45542322,9.42333025,-12.04772201,0.24665017,0.18170434,0.97988361,,,,,,,3,,,,,,,,,
9.117328,54814,12095071,,174.19694519,3.91630960,177.35839844,,,,,0.24188612,1.43561149,-7.88090086,-0.72429639,0.66679525,-1.84005880,-5.84904103,1.87303488,3.21221214,0.25199282,0.18208028,1.01207566,,,,,,,3,,,,,,,,,
9.127255,54815,12095171,,174.18170166,3.85703444,177.36241150,,,,,-3.07195377,1.21634710,-6.73193645,2.65113378,0.42132932,-2.76546192,-0.78116415,-9.61978442,-12.03276304,0.24693316,0.18409540,0.98932332,,,,,,,3,,,,,,,,,
9.137231,54816,12095271,,174.14392090,3.96549726,177.42352295,,,,,3.92957139,-1.23079383,-16.18635178,-5.04859734,-2.65002394,5.90378094,-4.85921514,14.84513271,2.75572114,0.25495294,0.18252042,0.98933858,,,,,,,3,,,,,,,,,
9.147304,54817,12095371,,174.14718628,3.84165072,177.45837402,,,,,-5.10139990,3.23284793,-0.57644033,5.23778725,2.93123865,-8.51121998,1.30149895,-21.74123150,-7.48916070,0.24669044,0.18698178,0.98392546,,,,,,,3,,,,,,,,,
9.157255,54818,12095471,,174.15284729,3.99767685,177.48162842,,,,,4.32608175,-3.40990281,-17.52492523,-5.62015247,-4.94005966,6.98061132,0.59004713,15.74442444,-5.79851514,0.23690319,0.18618569,0.98584276,,,,,,,3,,,,,,,,,
9.167225,54819,12095571,,174.15045166,3.90103650,177.56993103,,,,,-3.34067678,4.64679956,-5.25537539,3.15882039,3.95409870,-3.86468410,-2.29418434,-8.13908906,0.55989702,0.24462992,0.18220815,1.00313509,,,,,,,3,,,,,,,,,
9.177313,54820,12095671,,174.14324951,3.91419029,177.55621338,,,,,1.02230990,-2.37950134,-13.00771236,-1.99959135,-3.59996414,2.81858063,2.00020702,-1.34626177,-12.78883937,0.25453997,0.18157282,0.97695255,,,,,,,3,,,,,,,,,
9.187234,54821,12095771,,174.17689514,3.99340844,177.65632629,,,,,1.14443707,0.53530133,-8.76672077,-1.71753800,-0.28108025,-1.10620165,-2.39137815,7.66981664,5.60881816,0.26362148,0.18525118,0.99684668,,,,,,,3,,,,,,,,,
9.197336,54822,12095871,,174.16717529,3.89302182,177.65388489,,,,,-3.99215508,2.20286894,-4.44574356,3.77555752,1.60388613,-4.85859442,-1.68127550,-12.90466572,-10.41909158,0.24987684,0.18980873,0.98250192,,,,,,,3,,,,,,,,,
9.207238,54823,12095971,,174.13693237,4.00905704,177.71217346,,,,,4.75290537,-2.80570984,-17.68062782,-6.03134823,-4.34705114,7.17349720,0.41895094,14.39062631,-1.21629191,0.24812759,0.18551762,0.98390949,,,,,,,3,,,,,,,,,
9.217279,54824,12096071,,174.12701416,3.91199803,177.76034546,,,,,-4.65206337,5.91600752,-2.32733607,4.71976995,5.46857071,-6.53333759,-1.84175581,-15.72094737,-2.47308023,0.24694152,0.18457502,0.98982573,,,,,,,3,,,,,,,,,
9.227261,54825,12096171,,174.13717651,4.00113249,177.74978638,,,,,2.24885130,-4.90908051,-16.09240341,-3.49672794,-6.40301514,5.53036833,-0.29308019,7.80405803,-11.13521045,0.24220777,0.17985633,0.98626393,,,,,,,3,,,,,,,,,
9.237273,54826,12096271,,174.13108826,4.01759434,177.87048340,,,,,-1.08509767,4.19621897,-5.45223951,0.85823154,3.58021688,-3.87906027,-1.37822268,-3.35725974,4.82722552,0.24790835,0.18070756,1.01549673,,,,,,,3,,,,,,,,,
9.247241,54827,12096371,,174.14601135,3.96316981,177.83132935,,,,,-1.39431167,-0.69873989,-9.95154381,0.67670506,-1.72817063,0.11770105,2.37034736,-7.26725468,-10.38871175,0.25612178,0.18346354,0.98292750,,,,,,,3,,,,,,,,,
9.257268,54828,12096471,,174.16520691,4.10114717,177.89888000,,,,,3.11230516,-0.88558674,-13.25766468,-4.05526257,-2.08350468,3.07010603,-2.04747492,8.59070714,3.17698779,0.26584566,0.18330766,0.96516246,,,,,,,3,,,,,,,,,
9.267206,54829,12096571,,174.14898682,4.00032806,177.90986633,,,,,-4.68820667,2.99547935,-0.89064568,4.78667784,2.71769571,-8.24068069,-0.35405275,-19.02023610,-6.22945482,0.25022012,0.18548568,0.97649807,,,,,,,3,,,,,,,,,
9.277262,54830,12096671,,174.11888123,4.16614676,177.92582703,,,,,4.43923569,-4.01084089,-18.72166252,-5.84530401,-5.70814705,8.09103584,-2.33877203,16.12653596,-4.03232469,0.23979758,0.18469051,1.00067639,,,,,,,3,,,,,,,,,
9.287286,54831,12096771,,174.10052490,4.03850269,177.99444580,,,,,-4.07589245,6.64996719,-3.99473619,4.00449562,6.05414677,-4.84912539,-2.21426152,-13.44682650,1.52368778,0.24084583,0.18563718,0.99080145,,,,,,,3,,,,,,,,,
9.297278,54832,12096871,,174.09135437,4.10231972,177.96398926,,,,,1.38161564,-3.96109819,-13.76743507,-2.46791220,-5.27331638,3.36170125,0.47466218,5.50487378,-10.07693240,0.24350354,0.18511462,0.98585892,,,,,,,3,,,,,,,,,
9.307260,54833,12096971,,174.11509705,4.15218735,178.06919861,,,,,0.93653715,1.82898307,-7.38303232,-1.41253519,1.11560881,-2.35318804,-2.59039385,-5.05619950,5.25675819,0.24822313,0.18407519,0.98586613,,,,,,,3,,,,,,,,,
9.317280,54834,12097071,,174.09767151,4.14986944,178.03753662,,,,,-3.30274558,-0.21908748,-5.70030451,2.89957905,-0.89352876,-3.91126275,0.46019734,-8.91150576,-11.54701621,0.25707102,0.18296757,0.98292446,,,,,,,3,,,,,,,,,
9.327240,54835,12097171,,174.06011963,4.24847364,178.08537292,,,,,4.34070444,-0.06316475,-17.32493401,-5.58377934,-1.65792155,7.09806633,-4.32939950,13.76412038,5.68934993,0.26632842,0.17992251,1.00419724,,,,,,,3,,,,,,,,,
9.337330,54836,12097271,,174.06428528,4.12274122,178.09617615,,,,,-5.24043798,2.10748625,-1.38747644,5.25456047,1.77617073,-7.78594255,1.55442961,-20.57487937,-6.90391039,0.25255433,0.18448684,0.97550440,,,,,,,3,,,,,,,,,
9.347258,54837,12097371,,174.07308960,4.27500010,178.10755920,,,,,4.76253700,-2.87633920,-18.05549812,-6.12697887,-4.52407551,7.50295687,0.26390093,17.48332743,-0.81890014,0.23995766,0.18469171,0.99177158,,,,,,,3,,,,,,,,,
9.357352,54838,12097471,,174.08407593,4.17040730,178.15989685,,,,,-4.94368887,3.92396832,-1.06127584,5.01915646,3.63569832,-7.94661236,-3.81973890,-14.97216910,1.98919420,0.24095422,0.18563992,0.98041213,,,,,,,3,,,,,,,,,
9.367212,54839,12097571,,174.06506348,4.23623514,178.13212585,,,,,2.79347110,-1.71360350,-15.93161106,-3.98512220,-3.20929408,5.64779663,4.35653969,6.49126366,-10.57990838,0.24429822,0.18366346,0.98089236,,,,,,,3,,,,,,,,,
9.377298,54840,12097671,,174.11758423,4.26298189,178.22009277,,,,,-0.07536949,1.16206348,-7.31229639,-0.41954485,0.42922032,-2.40757656,-0.89135586,0.72328624,6.44514067,0.25235981,0.18448663,0.98341960,,,,,,,3,,,,,,,,,
9.387223,54841,12097771,,174.12448120,4.23553514,178.18762207,,,,,-2.58782029,-0.59907448,-6.93679380,2.08650756,-1.35973310,-2.76081085,0.38149146,-13.58632628,-11.18929274,0.25963169,0.18676676,0.97755510,,,,,,,3,,,,,,,,,
9.397286,54842,12097871,,174.10867310,4.36303711,178.24333191,,,,,3.59688950,-0.75159913,-15.06472111,-4.70553160,-2.13607311,4.83277607,-0.23456329,15.96872956,5.21389064,0.26163337,0.18336056,1.00620723,,,,,,,3,,,,,,,,,
9.407301,54843,12097971,,174.10990906,4.23123932,178.24174500,,,,,-5.28346395,5.37430477,-2.65422583,5.23258591,4.91827536,-6.18428993,-2.58996163,-16.57030018,-1.84474061,0.24871404,0.18695185,0.97453463,,,,,,,3,,,,,,,,,
9.417348,54844,12098071,,174.10661316,4.33492708,178.20951843,,,,,4.47085142,-5.32132626,-17.50164223,-5.86653709,-6.90149593,6.71563053,3.17639164,10.99685130,-5.16957808,0.24073257,0.18803988,0.98885989,,,,,,,3,,,,,,,,,
9.427286,54845,12098171,,174.16004944,4.30070591,178.30392456,,,,,-2.77284861,4.82211876,-2.57135010,2.72486615,4.45150185,-6.53242350,0.43536111,-8.73004642,5.52348434,0.24428834,0.18606311,0.98191983,,,,,,,3,,,,,,,,,
9.437355,54846,12098271,,174.15783691,4.31048441,178.22721863,,,,,-0.12729272,-2.60637307,-12.53027916,-0.84784567,-3.83700514,2.38707113,0.70140573,1.46406129,-10.79257998,0.25125754,0.18114810,0.97692937,,,,,,,3,,,,,,,,,
9.447305,54847,12098371,,174.17330933,4.36461163,178.29461670,,,,,2.14974189,2.19781733,-12.41399765,-3.01069880,1.01928723,2.58868575,1.14337996,7.30067309,8.55731605,0.25779128,0.18247242,0.98984683,,,,,,,3,,,,,,,,,
9.457277,54848,12098471,,174.18406677,4.24127388,178.25637817,,,,,-4.38173771,1.75070667,-3.90551138,4.15904379,1.22883236,-5.38725281,0.28331734,-13.09229699,-5.93674066,0.26152915,0.18769437,0.97856879,,,,,,,3,,,,,,,,,
9.467334,54849,12098571,,174.17567444,4.36206770,178.26158142,,,,,4.45595503,-3.60393572,-17.77687836,-5.80229950,-5.21466732,7.17971230,0.39240496,18.75356161,2.49901232,0.25602612,0.18249476,1.00666010,,,,,,,3,,,,,,,,,
9.477302,54850,12098671,,174.18991089,4.20847178,178.26768494,,,,,-4.96299028,5.69148540,0.51853520,5.19158316,5.55162764,-9.33596802,0.11368140,-16.31872724,4.90929708,0.24339914,0.18703718,0.98390979,,,,,,,3,,,,,,,,,
9.487405,54851,12098771,,174.17543030,4.30160046,178.19494629,,,,,3.11218023,-3.92969656,-17.56093025,-4.42937660,-5.56425571,7.02339983,1.11212235,14.21157375,-5.96655444,0.23642413,0.18667375,0.98584813,,,,,,,3,,,,,,,,,
9.497339,54852,12098871,,174.20515442,4.22685242,178.26100159,,,,,-0.94189131,3.44008017,-7.31432676,0.49302924,2.66605473,-2.11920238,1.37620116,-5.60556955,7.61015665,0.23921181,0.18470773,0.98385191,,,,,,,3,,,,,,,,,
9.507354,54853,12098971,,174.21463013,4.21115351,178.20188904,,,,,-2.14907646,-1.14053452,-9.50577736,1.42400098,-2.13145661,-0.31797671,1.83784895,-2.80222534,-8.14083417,0.24994098,0.18260871,0.98040920,,,,,,,3,,,,,,,,,
9.517328,54854,12099071,,174.23544312,4.27655888,178.23950195,,,,,2.83087850,-0.88394380,-12.73475266,-3.77511907,-2.03661799,2.55725050,-0.86832190,10.87657253,9.56851788,0.25586620,0.18490478,0.98987567,,,,,,,3,,,,,,,,,
9.527412,54855,12099171,,174.24638367,4.14943218,178.20596313,,,,,-4.57760668,3.51363611,-2.44643736,4.50045872,3.11868310,-6.66088867,2.37096954,-12.70139331,-4.32718439,0.25532907,0.19067910,0.97759545,,,,,,,3,,,,,,,,,
9.537258,54856,12099271,,174.23147583,4.25209618,178.17433167,,,,,4.48983622,-3.39207435,-18.44509315,-5.86022758,-5.04349613,7.86784458,0.40236252,15.85668885,2.72042465,0.25016624,0.18691504,1.00274265,,,,,,,3,,,,,,,,,
9.547384,54857,12099371,,174.28649902,4.12942553,178.22120667,,,,,-4.14944839,4.24016142,-3.19815350,4.05207634,3.77121162,-5.88307571,3.96046128,-14.74910879,2.07751132,0.23671164,0.19003034,0.98243940,,,,,,,3,,,,,,,,,
9.557378,54858,12099471,,174.33566284,4.16210079,178.16265869,,,,,1.77131033,-2.50652814,-15.05624676,-2.90366006,-3.89025784,4.77614594,3.52982447,12.81823651,-4.03076186,0.23440301,0.19150831,0.98443025,,,,,,,3,,,,,,,,,
9.567266,54859,12099571,,174.35145569,4.12543344,178.21939087,,,,,-0.91256595,2.14492416,-7.05817032,0.48496771,1.42678142,-2.50562572,-2.84996559,0.10659669,9.78250941,0.23618039,0.19147968,0.98147017,,,,,,,3,,,,,,,,,
9.577425,54860,12099671,,174.33288574,4.05817795,178.13385010,,,,,-0.89992386,0.69775742,-8.50560856,0.32805815,-0.14343429,-1.20083475,3.46737627,-7.21716037,-5.28117697,0.24980061,0.18741161,0.97900027,,,,,,,3,,,,,,,,,
9.587480,54861,12099771,,174.34550476,4.17538357,178.13180542,,,,,2.67337608,-1.08666706,-14.31350899,-3.68595505,-2.37148833,4.14102268,-1.94085140,14.75730672,9.43499707,0.25688383,0.18536656,0.99236190,,,,,,,3,,,,,,,,,
9.597350,54862,12099871,,174.31343079,4.01162577,178.11103821,,,,,-4.14458847,2.64946318,-2.32136416,4.11734486,2.27395296,-6.89981890,-3.36254162,-17.06468806,-1.71405902,0.24538624,0.19084734,0.97556913,,,,,,,3,,,,,,,,,
9.607363,54863,12099971,,174.27682495,4.12728405,178.09008789,,,,,3.39977288,-3.28560138,-17.09167099,-4.64410305,-4.81525612,6.63903904,-0.57445578,20.80952027,0.17836600,0.23799358,0.18615954,1.00365913,,,,,,,3,,,,,,,,,
9.617267,54864,12100071,,174.26144409,4.00430632,178.11763000,,,,,-3.16030049,5.18223476,-4.36555433,3.02668762,4.62004232,-4.69721413,-8.07200379,-12.09481275,6.59563791,0.23861012,0.18903841,0.98243320,,,,,,,3,,,,,,,,,
9.627273,54865,12100171,,174.22570801,4.04136515,178.04747009,,,,,0.88924867,-3.09928179,-13.21128941,-1.89155769,-4.33835077,2.96144009,4.07422534,0.33987064,-9.01261817,0.24001282,0.18757527,0.98142755,,,,,,,3,,,,,,,,,
9.637251,54866,12100271,,174.25849915,4.14160872,178.10176086,,,,,1.71228480,1.06594944,-9.65283108,-2.36982012,0.18363142,-0.22237718,-1.77429798,0.90547839,10.50263504,0.24705675,0.18793668,0.98146862,,,,,,,3,,,,,,,,,
9.647250,54867,12100371,,174.28515625,4.09452534,178.06034851,,,,,-4.65202951,0.37200508,-3.92895937,4.41534281,-0.15180612,-5.49647141,1.86679870,-15.97440033,-8.44354986,0.26224452,0.18960465,0.97316021,,,,,,,3,,,,,,,,,
9.657310,54868,12100471,,174.28973389,4.24965191,178.06732178,,,,,4.98603678,-0.93578726,-18.50783920,-6.32242775,-2.53563595,8.15673637,5.50490451,12.87348591,5.22603259,0.26124397,0.18673116,0.99685824,,,,,,,3,,,,,,,,,
9.667377,54869,12100571,,174.34552002,4.13344479,178.07125854,,,,,-5.81159306,4.48154831,-1.42698371,5.88088036,4.12664318,-7.47904015,1.02231625,-19.69489999,1.84917938,0.24470980,0.18990156,0.96911889,,,,,,,3,,,,,,,,,
9.677225,54870,12100671,,174.35733032,4.25477076,178.00367737,,,,,4.06182575,-4.12948704,-17.10487175,-5.41090298,-5.61145687,6.49414062,0.92105005,8.38734594,-2.45966937,0.23686668,0.19002578,0.98689294,,,,,,,3,,,,,,,,,
9.687394,54871,12100771,,174.34954834,4.25368690,178.04618835,,,,,-2.26370859,2.77629900,-3.18427277,2.13673711,2.37489724,-6.18306303,-3.52359129,-7.73780093,11.51849249,0.23722462,0.19050105,0.98393369,,,,,,,3,,,,,,,,,
9.697359,54872,12100871,,174.32929993,4.25482464,177.94129944,,,,,-0.10504398,-0.32517499,-11.94151592,-0.77958763,-1.47037983,2.04112577,-1.45578577,-1.75046703,-6.95196803,0.24144162,0.18563148,0.98090917,,,,,,,3,,,,,,,,,
9.707365,54873,12100971,,174.29843140,4.30902863,177.96714783,,,,,2.38423872,0.14719512,-12.42291355,-3.28029609,-0.97367305,2.38001227,-4.67610204,10.01763782,10.23013098,0.24844658,0.18502837,0.99280900,,,,,,,3,,,,,,,,,
9.717339,54874,12101071,,174.24600220,4.18167019,177.91880798,,,,,-4.39878464,2.12999821,-2.85389543,4.29372787,1.67634797,-6.39535618,-4.47070032,-14.58148228,-1.19129310,0.26033369,0.18819165,0.98500252,,,,,,,3,,,,,,,,,
9.727277,54875,12101171,,174.20793152,4.31644678,177.86642456,,,,,4.50902224,-2.29286242,-18.28513336,-5.86688995,-3.91904449,7.81766939,-3.77095598,18.51338313,4.09758245,0.25723529,0.17911190,1.01254976,,,,,,,3,,,,,,,,,
9.737283,54876,12101271,,174.16430664,4.17568207,177.85116577,,,,,-4.65471363,4.75975180,-2.84715128,4.60188627,4.26672554,-6.12543583,-3.70905696,-14.79856960,7.30993141,0.24949586,0.18405551,0.98191416,,,,,,,3,,,,,,,,,
9.747358,54877,12101371,,174.15669250,4.24565411,177.76953125,,,,,1.90363848,-2.92166066,-15.86502934,-3.13939786,-4.39998531,5.51913309,3.07510122,7.40797536,-5.84432863,0.24379155,0.18751144,0.98194027,,,,,,,3,,,,,,,,,
9.757257,54878,12101471,,174.21528625,4.26104259,177.82371521,,,,,-0.11961675,1.02591753,-5.85053158,-0.27464426,0.44142890,-3.87859535,-0.67409271,-7.43837910,9.95885892,0.24541335,0.18844716,0.97503650,,,,,,,3,,,,,,,,,
9.767328,54879,12101571,,174.22784424,4.28883314,177.74526978,,,,,-2.62903190,-0.48056683,-8.33297729,1.98356009,-1.38154197,-1.37480760,6.70350581,-10.50400620,-7.95152609,0.25148499,0.18402658,0.97153366,,,,,,,3,,,,,,,,,
9.777271,54880,12101671,,174.26602173,4.41183567,177.77151489,,,,,3.18527174,1.07396352,-15.72532463,-4.31708288,-0.33321655,5.69539499,0.06567590,8.48944105,9.69820097,0.25421545,0.18301608,0.98192137,,,,,,,3,,,,,,,,,
9.787293,54881,12101771,,174.30104065,4.29255772,177.74610901,,,,,-4.21664858,1.52376640,-3.73437142,4.00730324,0.99432117,-5.59068584,6.39847511,-20.48397809,-6.17014872,0.26381800,0.19101577,0.97863287,,,,,,,3,,,,,,,,,
9.797264,54882,12101871,,174.34152222,4.44613695,177.73118591,,,,,3.91986966,-2.53100419,-17.13673973,-5.27470970,-3.99820995,6.69120789,2.92601355,15.64294320,4.29520886,0.27574980,0.18840736,0.99596798,,,,,,,3,,,,,,,,,
9.807240,54883,12101971,,174.37190247,4.35075092,177.73843384,,,,,-3.93118811,5.22539806,-2.17981601,3.97695279,4.83721638,-6.78466892,-3.58995810,-18.63169738,6.06332328,0.26408979,0.19149356,0.97319937,,,,,,,3,,,,,,,,,
9.817369,54884,12102071,,174.32530212,4.42645788,177.64778137,,,,,2.08355951,-2.74403167,-15.95519924,-3.38555336,-4.15313530,5.62740564,4.64214362,6.43236437,-5.17833268,0.24102008,0.19139649,0.98545116,,,,,,,3,,,,,,,,,
9.827343,54885,12102171,,174.36285400,4.43011522,177.71145630,,,,,0.16718894,2.58248734,-8.24816513,-0.70594847,1.79473019,-1.36440873,-6.87151224,-1.45970641,9.87129589,0.24232878,0.18849647,0.98095900,,,,,,,3,,,,,,,,,
9.837308,54886,12102271,,174.28121948,4.38394403,177.64172363,,,,,-2.80511451,-2.30406427,-7.25820303,2.18895197,-3.09906626,-2.59156871,-2.67684014,-8.11598253,-8.55778136,0.24159771,0.18370739,0.98434281,,,,,,,3,,,,,,,,,
9.847425,54887,12102371,,174.28268433,4.47723341,177.66871643,,,,,4.12373209,0.54990035,-14.45230865,-5.19736862,-0.66382056,4.31126499,1.07934971,16.84795932,10.22231639,0.25483969,0.18492314,0.98739702,,,,,,,3,,,,,,,,,
9.857254,54888,12102471,,174.31394958,4.32613707,177.63215637,,,,,-5.66500473,3.58973861,-2.36219811,5.62499762,3.11448383,-6.63352060,-1.01377776,-13.38021166,-0.80562540,0.26036328,0.19059609,0.97366124,,,,,,,3,,,,,,,,,
9.867328,54889,12102571,,174.30860901,4.40476227,177.60522461,,,,,5.22215128,-4.64573145,-17.64053917,-6.70503902,-6.08655357,6.88198280,3.78143690,14.03786838,-1.94687797,0.26036313,0.18818487,0.99935061,,,,,,,3,,,,,,,,,
9.877307,54890,12102671,,174.37023926,4.34839153,177.65483093,,,,,-3.50691819,3.73126602,-2.15755224,3.50226879,3.35940337,-7.00780058,2.07953028,-8.09230055,8.42275535,0.26449841,0.19388685,0.97274458,,,,,,,3,,,,,,,,,
9.887297,54891,12102771,,174.41505432,4.36223602,177.56672668,,,,,-0.09589902,-0.67942804,-13.04936695,-0.91272938,-1.89978790,3.10808182,2.42130462,2.20641897,-8.09181902,0.24818963,0.19176012,0.97559762,,,,,,,3,,,,,,,,,
9.897286,54892,12102871,,174.42906189,4.37707329,177.63746643,,,,,1.60220027,0.64661026,-12.32962418,-2.50259137,-0.44362652,2.39153266,1.30111849,9.28987263,8.88843936,0.25530195,0.19307929,0.97812808,,,,,,,3,,,,,,,,,
9.907275,54893,12102971,,174.43031311,4.25141191,177.58677673,,,,,-3.75572562,3.03615499,-4.13290310,3.58622670,2.47589874,-5.09042549,0.14979109,-13.09074483,-2.85971184,0.25601485,0.19018497,0.98352814,,,,,,,3,,,,,,,,,
9.917292,54894,12103071,,174.41525269,4.36702824,177.53828430,,,,,4.25531006,-3.35841560,-17.12368774,-5.60502672,-4.78253460,6.58278179,-1.85060859,18.95173443,2.66497482,0.26372436,0.18620791,1.00032568,,,,,,,3,,,,,,,,,
9.927271,54895,12103171,,174.39111328,4.22416878,177.54759216,,,,,-4.37212420,4.44117355,-1.39680731,4.45421028,4.08938503,-7.63111019,-1.67252987,-13.02944815,6.75170219,0.26261869,0.19199896,0.97171575,,,,,,,3,,,,,,,,,
9.937284,54896,12103271,,174.39666748,4.25880480,177.47189331,,,,,1.42617488,-1.42783797,-16.57689285,-2.68838382,-2.92379951,6.42271662,3.04614057,10.96352254,-7.35667296,0.24345765,0.19039461,0.98742658,,,,,,,3,,,,,,,,,
9.947388,54897,12103371,,174.40966797,4.21878386,177.54345703,,,,,0.41400996,-0.41850257,-7.89278841,-0.99853015,-1.13786817,-2.02934790,-1.85671286,-1.19363169,8.54172444,0.25118250,0.19266734,0.98106945,,,,,,,3,,,,,,,,,
9.957285,54898,12103471,,174.43418884,4.18661976,177.49403381,,,,,-3.05835295,1.56968737,-6.65984297,2.62694407,0.81544614,-2.79648161,2.43416971,-8.71337563,-7.39561870,0.25075719,0.18931480,0.98051947,,,,,,,3,,,,,,,,,
9.967299,54899,12103571,,174.43449402,4.26344824,177.51919556,,,,,3.61757922,-2.15404344,-15.95000648,-4.84414387,-3.48304152,5.58769894,-1.19536400,16.85938794,5.97913394,0.25843573,0.18822382,0.98449880,,,,,,,3,,,,,,,,,
9.977276,54900,12103671,,174.45327759,4.10602474,177.51364136,,,,,-4.04723167,5.98117971,-4.26246691,3.96585846,5.37578344,-4.67416763,2.84851503,-13.11796570,-0.48283050,0.26072803,0.19443029,0.97273427,,,,,,,3,,,,,,,,,
9.987422,54901,12103771,,174.45329285,4.17819595,177.48774719,,,,,2.50971270,-4.56760263,-15.09854317,-3.75615215,-5.84372473,4.58324814,0.81825709,13.13167816,-3.76730353,0.25506008,0.19163492,0.99739957,,,,,,,3,,,,,,,,,
9.997307,54902,12103871,,174.51087952,4.12321472,177.55325317,,,,,-0.92236811,3.34238815,-5.35971308,0.67838764,2.78896785,-4.08946848,1.64751729,-8.17895516,8.06981557,0.25689662,0.19641517,0.97175694,,,,,,,3,,,,,,,,,
10.007442,54903,12103971,,174.52273560,4.13221645,177.46965027,,,,,-1.87415934,-0.96930277,-8.93686104,1.19808912,-1.85782075,-0.87223101,3.27567719,-0.75422572,-7.80016141,0.24400024,0.19326976,0.97757965,,,,,,,3,,,,,,,,,
10.017302,54904,12104071,,174.51983643,4.17948818,177.51873779,,,,,3.23158503,0.38108912,-15.64195442,-4.34035683,-0.91515625,5.55730820,-1.53151400,11.62294572,8.02153979,0.25294366,0.19071969,0.97659457,,,,,,,3,,,,,,,,,
10.027333,54905,12104171,,174.50534058,4.07207346,177.48175049,,,,,-4.62688828,2.71210432,-1.14630437,4.70260525,2.38894963,-8.03458691,-1.08130507,-18.33695764,-3.66419116,0.25970590,0.19300297,0.98309654,,,,,,,3,,,,,,,,,
10.037277,54906,12104271,,174.49337769,4.22064018,177.47880554,,,,,4.22177076,-4.12823057,-17.81084251,-5.63177872,-5.57088375,7.22165537,0.58299165,18.27326783,-0.61222107,0.26417476,0.19099934,1.00238287,,,,,,,3,,,,,,,,,
10.047377,54907,12104371,,174.52743530,4.09686279,177.54066467,,,,,-3.67076659,4.37711143,-2.06637740,3.73035622,4.00108099,-7.03982544,-3.57407770,-13.80202451,3.41513194,0.25756237,0.19448791,0.96282411,,,,,,,3,,,,,,,,,
10.057295,54908,12104471,,174.49389648,4.18411827,177.48509216,,,,,1.01543069,-1.81639993,-13.66126347,-2.07022071,-3.02452374,3.52759600,0.84258324,1.69603565,-6.67122036,0.23637092,0.18955457,0.98589343,,,,,,,3,,,,,,,,,
10.067347,54909,12104571,,174.52246094,4.21646070,177.53053284,,,,,1.31223047,0.73632866,-11.29787827,-2.10340595,-0.24805827,1.40675211,-0.25047302,6.69634948,6.83157570,0.25557965,0.18923210,0.98400563,,,,,,,3,,,,,,,,,
10.077428,54910,12104671,,174.52531433,4.12811565,177.51510620,,,,,-4.02338505,2.26109672,-2.90461278,3.94043326,1.81982863,-6.36725807,-3.38447976,-16.02852445,-5.85648850,0.25878122,0.19589761,0.98511678,,,,,,,3,,,,,,,,,
10.087376,54911,12104771,,174.47937012,4.24290562,177.51148987,,,,,4.26324606,-3.33441710,-17.76884270,-5.62271404,-4.77545929,7.26166677,1.02995667,20.32534694,0.90654646,0.24624945,0.19417515,1.01570165,,,,,,,3,,,,,,,,,
10.097335,54912,12104871,,174.52301025,4.07647705,177.53277588,,,,,-3.94908571,7.38565016,-3.13882899,4.01391268,6.88460922,-5.65871048,-1.82574521,-11.92060878,3.88880406,0.25169799,0.19794264,0.97175503,,,,,,,3,,,,,,,,,
10.107347,54913,12104971,,174.50627136,4.11757803,177.47546387,,,,,1.91916335,-5.89162302,-15.19560814,-3.18961549,-7.18068314,4.61055279,4.72268094,11.06478863,-8.42515872,0.24113478,0.19571793,0.97760403,,,,,,,3,,,,,,,,,
10.117293,54914,12105071,,174.56423950,4.07243395,177.56027222,,,,,0.12278544,2.89054751,-7.03421307,-0.50355226,2.24032450,-2.54025626,4.22370489,5.40918624,7.58346000,0.24954747,0.19365744,0.97513974,,,,,,,3,,,,,,,,,
10.127300,54915,12105171,,174.58554077,3.96309829,177.51525879,,,,,-3.71473503,0.23723505,-5.75894833,3.32436728,-0.43608254,-3.78052235,-1.83568954,-4.70674141,-8.88417646,0.25349113,0.19118938,0.97907859,,,,,,,3,,,,,,,,,
10.137350,54916,12105271,,174.56742859,3.99400520,177.55598450,,,,,4.74863243,-1.95804644,-18.28078270,-6.02949858,-3.38962650,7.89744282,6.63827366,21.79176636,3.53156062,0.26054275,0.19057897,1.00582123,,,,,,,3,,,,,,,,,
10.147379,54917,12105371,,174.66116333,3.81180692,177.57760620,,,,,-4.98105049,5.82911062,-1.43190587,5.14527988,5.46121120,-7.45897055,1.80640404,-12.34423077,1.49840711,0.26711023,0.19864427,0.96936965,,,,,,,3,,,,,,,,,
10.157313,54918,12105471,,174.67074585,3.88363910,177.52937317,,,,,3.19818640,-5.12752390,-18.43623161,-4.57774830,-6.63445425,7.85097551,1.92291276,16.43267016,-6.32036165,0.24409270,0.19758591,0.98259604,,,,,,,3,,,,,,,,,
10.167342,54919,12105571,,174.71125793,3.78554273,177.61993408,,,,,-1.74868476,4.39502668,-4.30044603,1.65854883,3.90595388,-5.00284147,1.67310820,-1.60619742,7.74927138,0.24202295,0.19666338,0.97663391,,,,,,,3,,,,,,,,,
10.177332,54920,12105671,,174.71148682,3.74838567,177.56709290,,,,,-1.87150180,-0.63872159,-9.33025265,1.22999477,-1.54444671,-0.45782375,-1.03141032,-3.46789472,-8.87536808,0.24073300,0.19668359,0.98009109,,,,,,,3,,,,,,,,,
10.187317,54921,12105771,,174.70953369,3.81943631,177.61444092,,,,,3.74649286,-0.78547943,-15.14425755,-4.75430012,-1.97014451,4.95448923,2.39621350,12.18032160,4.19973647,0.25115189,0.19218244,0.99343061,,,,,,,3,,,,,,,,,
10.197328,54922,12105871,,174.69500732,3.69557977,177.59347534,,,,,-4.90705252,3.89660597,-0.97475016,5.05499458,3.57879996,-8.11077118,-2.96640196,-17.45202638,1.35742187,0.25775820,0.19880104,0.97080952,,,,,,,3,,,,,,,,,
10.207442,54923,12105971,,174.67897034,3.83841777,177.55073547,,,,,4.38074780,-3.94002843,-19.43060303,-5.75428867,-5.49309969,8.88955498,0.28545426,16.61414658,-3.55890379,0.23828204,0.19720004,0.99097168,,,,,,,3,,,,,,,,,
10.217358,54924,12106071,,174.68786621,3.73031330,177.61897278,,,,,-3.85971403,4.82630253,-2.24503183,3.93607330,4.42388535,-6.84969521,-2.43838372,-12.15178336,5.63742641,0.24091764,0.19908345,0.97320330,,,,,,,3,,,,,,,,,
10.227358,54925,12106171,,174.65544128,3.77571106,177.57786560,,,,,0.72473723,-2.26607442,-14.09048271,-1.73415613,-3.50320864,3.94340467,-0.45724104,2.40407782,-9.80391693,0.23470724,0.19582416,0.98202628,,,,,,,3,,,,,,,,,
10.237314,54926,12106271,,174.67399597,3.83445239,177.64367676,,,,,1.76093912,-0.54346693,-8.69421101,-2.34883261,-1.25155842,-1.32413864,-4.53063907,3.16661017,7.34333274,0.24377961,0.19375019,0.98500752,,,,,,,3,,,,,,,,,
10.247322,54927,12106371,,174.63914490,3.78953934,177.61796570,,,,,-4.03180790,1.50764346,-3.77438331,3.86709642,0.98800206,-5.61922884,-0.89095202,-15.18122583,-5.26855307,0.25497487,0.19932137,0.98564667,,,,,,,3,,,,,,,,,
10.257416,54928,12106471,,174.62556458,3.91469693,177.62062073,,,,,4.25149822,-1.61617625,-17.62481499,-5.45099735,-3.03893805,7.30656815,-2.78523546,17.08736770,1.72616521,0.25800860,0.19494283,1.00290906,,,,,,,3,,,,,,,,,
10.267275,54929,12106571,,174.62306213,3.76631141,177.64460754,,,,,-4.08351374,6.01640511,-4.50356388,4.00928688,5.39997101,-4.47032833,-0.54331385,-13.35950168,1.64313872,0.26161572,0.19633552,0.97227412,,,,,,,3,,,,,,,,,
10.277304,54930,12106671,,174.63424683,3.84857941,177.59205627,,,,,1.96314085,-3.83138275,-14.51084614,-3.05172372,-5.04917383,4.13846159,1.82759363,9.25678292,-5.27593011,0.24267378,0.19713001,0.98208696,,,,,,,3,,,,,,,,,
10.287309,54931,12106771,,174.66912842,3.82852387,177.64665222,,,,,-0.22817709,2.68234038,-6.25334740,-0.09549725,2.09323335,-3.32455349,-3.12723434,-3.38014707,8.21988763,0.23998666,0.19765937,0.97268134,,,,,,,3,,,,,,,,,
10.297451,54932,12106871,,174.62030029,3.81044936,177.58174133,,,,,-2.30875039,-1.02611005,-8.78597450,1.68791771,-1.90680194,-1.00590658,2.71791669,-4.58703637,-9.70663540,0.23609373,0.19244200,0.97950590,,,,,,,3,,,,,,,,,
10.307364,54933,12106971,,174.64001465,3.88182449,177.63107300,,,,,3.01472926,1.29692113,-15.25284767,-3.95457554,0.02943099,5.29811049,-1.03633489,12.55068092,5.74984492,0.24733189,0.18888834,0.98989594,,,,,,,3,,,,,,,,,
10.317364,54934,12107071,,174.63012695,3.73406696,177.61367798,,,,,-4.96149492,0.98735327,-1.80065274,4.91714525,0.61063308,-7.55658150,1.07460658,-18.97786502,-3.73881140,0.25588429,0.20219165,0.97283286,,,,,,,3,,,,,,,,,
10.327378,54935,12107171,,174.63061523,3.89042163,177.61373901,,,,,4.50333261,-1.95323467,-18.40372467,-5.75388241,-3.42845917,8.03853607,0.93534916,16.93654858,-0.30434069,0.24469033,0.20093337,0.98809439,,,,,,,3,,,,,,,,,
10.337401,54936,12107271,,174.64115906,3.78555465,177.64768982,,,,,-4.07895565,3.68792963,-2.58532405,4.06349373,3.26698756,-6.58709335,-5.00067049,-15.25960054,3.33586610,0.25151581,0.20034739,0.96783412,,,,,,,3,,,,,,,,,
10.347309,54937,12107371,,174.59597778,3.86608124,177.60549927,,,,,1.96340656,-1.35150301,-15.86357784,-3.06920743,-2.69928551,5.71520710,2.31201967,3.46310270,-9.34696105,0.23838206,0.19672316,0.98007995,,,,,,,3,,,,,,,,,
10.357395,54938,12107471,,174.64334106,3.88293791,177.69720459,,,,,0.08818141,1.25900185,-8.49991608,-0.59760422,0.48428118,-1.23413670,-4.25983616,2.05005246,6.39371404,0.24129033,0.19475359,0.98154759,,,,,,,3,,,,,,,,,
10.367372,54939,12107571,,174.57574463,3.80285978,177.66900635,,,,,-3.24028087,0.31007683,-5.12497663,2.93952394,-0.28686273,-4.43608475,-5.25212391,-12.75041785,-7.63718029,0.24985604,0.19652762,0.98557675,,,,,,,3,,,,,,,,,
10.377379,54940,12107671,,174.51522827,3.93399596,177.69105530,,,,,4.20264864,-1.12259734,-16.07194901,-5.29138041,-2.42809200,5.81287003,-2.15721386,15.82840503,3.19285517,0.25935179,0.19204181,0.99940658,,,,,,,3,,,,,,,,,
10.387426,54941,12107771,,174.48281860,3.81303501,177.68510437,,,,,-4.63086510,5.61685610,-3.46653867,4.60981512,5.07797194,-5.47188520,-7.01500939,-16.08888284,0.98479791,0.26677054,0.19624896,0.97180384,,,,,,,3,,,,,,,,,
10.397326,54942,12107871,,174.45652771,3.90925193,177.67124939,,,,,3.26793647,-4.58040762,-16.43870163,-4.52014875,-5.96500635,5.88807678,0.89328821,8.82263817,-8.73337784,0.24320555,0.19472091,0.98254621,,,,,,,3,,,,,,,,,
10.407464,54943,12107971,,174.48089600,3.91127038,177.76919556,,,,,-1.73015916,3.10916996,-4.16950893,1.57537770,2.63581944,-5.22861671,-3.17119878,-6.82921971,6.75605857,0.24325287,0.19616508,0.97118980,,,,,,,3,,,,,,,,,
10.417422,54944,12108071,,174.41246033,3.91286898,177.72357178,,,,,-1.16076875,-1.05834496,-10.40080261,0.41739202,-2.08247590,0.51464891,-6.37128455,-5.98617373,-11.88919588,0.24131848,0.19043389,0.97999507,,,,,,,3,,,,,,,,,
10.427327,54945,12108171,,174.36602783,4.01853895,177.78390503,,,,,2.85458326,-0.32292157,-13.29200840,-3.77279544,-1.47275853,3.18987489,-3.11442325,8.88995822,5.92659527,0.25070983,0.18787064,0.99187583,,,,,,,3,,,,,,,,,
10.437412,54946,12108271,,174.36399841,3.93560767,177.78701782,,,,,-4.48422337,2.33385253,-3.26449990,4.37401724,1.83125830,-5.98844671,-1.03088952,-18.69705546,-5.62215154,0.26241425,0.19439843,0.98065841,,,,,,,3,,,,,,,,,
10.447325,54947,12108371,,174.33932495,4.08226585,177.78944397,,,,,4.28315783,-3.09989572,-17.35376930,-5.55992174,-4.59675980,6.85167599,-4.77378442,16.84131696,-1.25534427,0.26014650,0.19059062,0.99444002,,,,,,,3,,,,,,,,,
10.457389,54948,12108471,,174.33096313,3.97006154,177.84741211,,,,,-4.42947292,5.31710243,-1.78355765,4.51551151,4.93677998,-7.16959429,-0.12824208,-16.00263804,2.52916334,0.26450676,0.19436647,0.97324693,,,,,,,3,,,,,,,,,
10.467359,54949,12108571,,174.33375549,4.05500174,177.77754211,,,,,2.46158648,-2.09842253,-16.20781517,-3.64122343,-3.55577707,5.92532492,0.30580558,9.18842639,-6.53790019,0.24360836,0.19183573,0.97903925,,,,,,,3,,,,,,,,,
10.477445,54950,12108671,,174.33786011,4.02793932,177.85688782,,,,,0.15318552,1.10968816,-7.68534899,-0.65664387,0.36634648,-2.07283878,-4.80211988,-2.90811803,6.26755020,0.24540244,0.19276637,0.97708392,,,,,,,3,,,,,,,,,
10.487354,54951,12108771,,174.28416443,4.01243687,177.82107544,,,,,-3.02289510,-0.31224665,-7.97392511,2.45250750,-1.19044042,-1.69729614,-1.79852861,-5.09710551,-10.75538875,0.24476483,0.19037390,0.98446423,,,,,,,3,,,,,,,,,
10.497344,54952,12108871,,174.26107788,4.10169792,177.86558533,,,,,3.52010798,0.73192620,-14.18775177,-4.48103476,-0.53254724,4.11942625,-7.67633520,10.71491902,6.50480792,0.24967445,0.18836914,0.98940474,,,,,,,3,,,,,,,,,
10.507375,54953,12108971,,174.16903687,3.96353793,177.84854126,,,,,-5.49616718,3.00784922,-3.39724731,5.34566498,2.45044518,-5.72682905,-1.56062512,-12.39419958,-4.72518591,0.25910574,0.19445436,0.98014796,,,,,,,3,,,,,,,,,
10.517513,54954,12109071,,174.17102051,4.04739046,177.85586548,,,,,4.86153221,-2.51882195,-17.70705223,-6.13915777,-4.08531952,7.20327187,-1.87991608,14.48248552,-2.58430090,0.25555634,0.19114637,0.99788910,,,,,,,3,,,,,,,,,
10.527469,54955,12109171,,174.13758850,3.98415780,177.90231323,,,,,-3.86233926,2.49343610,-1.94407773,3.82508373,2.14299297,-7.31947517,-6.30677811,-16.37358732,1.67211931,0.25854105,0.19398518,0.97716916,,,,,,,3,,,,,,,,,
10.537340,54956,12109271,,174.09085083,4.08975983,177.86227417,,,,,1.56515467,-0.61940008,-15.64518070,-2.67551994,-2.11918020,5.55991220,-0.05731767,4.06210603,-9.01153302,0.24341586,0.18799645,0.98491460,,,,,,,3,,,,,,,,,
10.547337,54957,12109371,,174.07257080,4.10243797,177.94923401,,,,,-0.84079558,1.09241283,-9.19311714,0.24057299,0.12193823,-0.48992825,-10.26012917,0.48544903,6.44288756,0.24764855,0.18600568,0.98391479,,,,,,,3,,,,,,,,,
10.557436,54958,12109471,,173.98832703,4.04286051,177.94223022,,,,,-1.71523988,0.10682636,-7.13645315,1.22842872,-0.68219709,-2.56614447,-2.94553253,-15.78051345,-11.86593909,0.24897093,0.18982354,0.98348713,,,,,,,3,,,,,,,,,
10.567333,54959,12109571,,173.95433044,4.22888422,177.98995972,,,,,3.08672333,-1.74482262,-14.28767586,-4.13890362,-3.09379888,3.99646711,-5.46922104,11.97237136,2.94513702,0.25410655,0.18397312,0.99282068,,,,,,,3,,,,,,,,,
10.577326,54960,12109671,,173.91729736,4.13394880,178.01010132,,,,,-4.43683624,4.68249750,-2.85105491,4.38662291,4.21357965,-6.11272812,-6.12369233,-20.43772234,-3.68083889,0.26167482,0.18912971,0.98353982,,,,,,,3,,,,,,,,,
10.587328,54961,12109771,,173.86239624,4.26995277,177.99673462,,,,,3.51754284,-3.29002738,-17.61915016,-4.86929607,-4.97469807,7.09576130,-0.37074083,11.42449201,-4.38336227,0.24535163,0.18843713,1.00026882,,,,,,,3,,,,,,,,,
10.597446,54962,12109871,,173.86965942,4.21433353,178.08477783,,,,,-3.03539014,4.61060381,-4.05498505,2.89070439,4.05732727,-5.04298973,-6.13568700,-14.22518461,4.14878113,0.25484163,0.19068752,0.97709835,,,,,,,3,,,,,,,,,
10.607292,54963,12109971,,173.82302856,4.26885176,178.03077698,,,,,1.13454652,-3.02674627,-13.96204662,-2.24108768,-4.43523693,3.64590788,-2.15082636,3.69593489,-12.44346146,0.24928759,0.18694089,0.97750592,,,,,,,3,,,,,,,,,
10.617342,54964,12110071,,173.78312683,4.32936621,178.12930298,,,,,0.58720052,2.65683508,-7.77464819,-1.09352565,1.83309817,-1.84364748,-6.69216001,-0.28353505,7.42131301,0.24992222,0.18548851,0.98144424,,,,,,,3,,,,,,,,,
10.627313,54965,12110171,,173.72477722,4.25894260,178.09846497,,,,,-2.72742319,-0.08310640,-8.56579399,2.09357405,-1.08471537,-1.09884048,-1.54581364,-9.33517983,-12.55126405,0.25011274,0.18356340,0.98586750,,,,,,,3,,,,,,,,,
10.637498,54966,12110271,,173.71138000,4.38493061,178.17259216,,,,,4.17800665,-1.43431139,-14.53556538,-5.29258156,-2.85253215,4.15573120,-5.19468330,11.86964703,2.12219591,0.25273252,0.18015678,0.99176383,,,,,,,3,,,,,,,,,
10.647473,54967,12110371,,173.65818787,4.29357672,178.21482849,,,,,-5.86252546,2.74200082,0.32571533,6.01586676,2.56898355,-9.33685112,-4.98676081,-18.49489893,-4.93363646,0.26278850,0.18718927,0.98747277,,,,,,,3,,,,,,,,,
10.657336,54968,12110471,,173.61734009,4.45808125,178.21775818,,,,,5.09711218,-2.01221323,-19.51993942,-6.60003233,-3.97024059,8.95707417,-3.79422387,11.12451181,-6.37741892,0.26112872,0.18336950,1.00521529,,,,,,,3,,,,,,,,,
10.667465,54969,12110571,,173.60717773,4.41739988,178.29202271,,,,,-3.71553612,3.36127925,-3.65368319,3.52682137,2.82410526,-5.50222111,-3.86580639,-16.63484718,2.10215443,0.26458257,0.18811992,0.98551750,,,,,,,3,,,,,,,,,
10.677415,54970,12110671,,173.57926941,4.50158644,178.24606323,,,,,1.45145166,-2.40936041,-15.28458118,-2.69838548,-4.02056599,4.96475792,2.38229015,1.87963327,-10.57073288,0.25288799,0.18879589,0.98744857,,,,,,,3,,,,,,,,,
10.687334,54971,12110771,,173.64131165,4.55085802,178.36389160,,,,,-1.07679439,1.62677312,-4.76598406,0.74894917,1.07145333,-4.80705643,-4.38223315,-3.37716206,6.43753440,0.25304857,0.18783735,0.97803378,,,,,,,3,,,,,,,,,
10.697392,54972,12110871,,173.59111023,4.50800037,178.31394958,,,,,-1.01498222,0.08115736,-10.85503292,0.15222345,-1.12523746,1.05118322,3.95602508,-5.31422015,-12.13921581,0.24470736,0.18509696,0.97992760,,,,,,,3,,,,,,,,,
10.707401,54973,12110971,,173.65254211,4.59855843,178.38821411,,,,,2.77488184,0.65326351,-12.56072044,-3.72482610,-0.63245654,2.52453995,-1.30581680,11.96676122,5.91010762,0.25287434,0.18207803,0.98338407,,,,,,,3,,,,,,,,,
10.717434,54974,12111071,,173.63139343,4.45719814,178.38386536,,,,,-4.05035353,2.13157916,-2.92509198,3.90762734,1.70365787,-6.30840254,-3.92452766,-12.08556809,-7.73006745,0.26825845,0.18709937,0.98255122,,,,,,,3,,,,,,,,,
10.727398,54975,12111171,,173.59449768,4.55876446,178.39360046,,,,,4.34826422,-3.07706833,-17.66276169,-5.71222687,-4.85239124,7.06477356,1.81133223,21.92839405,0.25951733,0.26902843,0.18083833,1.00125682,,,,,,,3,,,,,,,,,
10.737375,54976,12111271,,173.60281372,4.36865377,178.44049072,,,,,-4.36403894,7.83349371,-3.92025661,4.22798061,7.23581266,-4.67054892,-6.31531414,-6.95966138,1.73982346,0.27533001,0.18410082,0.98154968,,,,,,,3,,,,,,,,,
10.747335,54977,12111371,,173.54249573,4.36794233,178.41552734,,,,,2.34852576,-5.81761360,-14.99395180,-3.55282116,-7.37003708,4.24216890,-1.73895368,13.07377950,-10.87137902,0.25090089,0.18498577,0.99578917,,,,,,,3,,,,,,,,,
10.757332,54978,12111471,,173.53642273,4.33423090,178.53099060,,,,,-1.05447662,3.74329376,-5.66304159,0.71647549,3.06692100,-3.67644358,-3.52875512,0.21998153,7.61827518,0.24817042,0.18599623,0.98540151,,,,,,,3,,,,,,,,,
10.767438,54979,12111571,,173.49342346,4.24596500,178.48548889,,,,,-1.84300804,-0.99397385,-10.03876591,1.09324956,-2.14781094,0.18731117,-4.08615384,0.48308429,-13.83788471,0.24447206,0.18077907,0.98431087,,,,,,,3,,,,,,,,,
10.777399,54980,12111671,,173.46440125,4.31067801,178.56179810,,,,,2.82104850,-0.46472061,-13.80122185,-3.81353331,-1.91858375,3.64459467,0.06779412,10.47908796,5.63839757,0.25030431,0.17971875,0.98927093,,,,,,,3,,,,,,,,,
10.787356,54981,12111771,,173.51295471,4.18898726,178.59266663,,,,,-4.67902708,2.08387494,-3.47183943,4.48582792,1.57381201,-5.74776602,4.17917760,-13.54868511,-11.82497674,0.25893402,0.18389620,0.98294848,,,,,,,3,,,,,,,,,
10.797446,54982,12111871,,173.55384827,4.33502054,178.63209534,,,,,4.81619263,-2.13977027,-17.43036652,-6.07868576,-3.95083880,6.90047646,0.67308740,15.92154832,-0.87361924,0.25848594,0.18149815,0.99577200,,,,,,,3,,,,,,,,,
10.807365,54983,12111971,,173.57405090,4.20331717,178.69802856,,,,,-5.39169931,4.65415049,-1.62634718,5.35243034,4.31867552,-7.25187397,5.93951799,-14.26924445,-3.46781895,0.26334831,0.19006391,0.97812068,,,,,,,3,,,,,,,,,
10.817388,54984,12112071,,173.64372253,4.29616022,178.69696045,,,,,3.85426283,-2.59524298,-17.94675064,-5.17554188,-4.45138836,7.43073845,5.80789042,10.69629395,-9.78564276,0.25336552,0.19118716,0.98897308,,,,,,,3,,,,,,,,,
10.827371,54985,12112171,,173.72189331,4.26489687,178.82023621,,,,,-2.51100922,1.46386087,-4.13756418,2.24305272,0.96138895,-5.34344816,4.54108457,-10.70589037,1.51455475,0.26335514,0.19342284,0.98015290,,,,,,,3,,,,,,,,,
10.837338,54986,12112271,,173.77084351,4.29343987,178.79446411,,,,,0.24144450,-0.39199001,-13.11642551,-1.21514452,-1.77648711,3.14519596,7.19284916,2.11311752,-13.13025321,0.25367227,0.19070415,0.98401940,,,,,,,3,,,,,,,,,
10.847371,54987,12112371,,173.84440613,4.32990217,178.89846802,,,,,0.17313419,1.54532969,-8.93942165,-0.79458666,0.58748949,-0.77257538,-1.46772324,4.54239084,6.79372492,0.24995464,0.18932657,0.98447371,,,,,,,3,,,,,,,,,
10.857398,54988,12112471,,173.82798767,4.21198511,178.88958740,,,,,-2.18645763,0.79165924,-8.09104156,1.60519373,-0.10153806,-1.51705837,6.79920060,-7.37655991,-13.93388217,0.24666435,0.18746243,0.98343813,,,,,,,3,,,,,,,,,
10.867447,54989,12112571,,173.90769958,4.31033134,178.98263550,,,,,3.47540188,-0.72571814,-14.68556499,-4.51242590,-2.19442654,4.46257734,2.76005725,16.63528943,1.07888985,0.24655749,0.18458040,0.99229765,,,,,,,3,,,,,,,,,
10.877511,54990,12112671,,173.93940735,4.15238905,179.03190613,,,,,-4.41158962,3.44073558,-1.73466134,4.37657881,3.18147087,-7.34774685,0.24296424,-14.77537086,-8.21967419,0.25712648,0.19208360,0.98950094,,,,,,,3,,,,,,,,,
10.887474,54991,12112771,,173.95573425,4.27231264,179.04751587,,,,,3.92106485,-3.90122342,-17.50821114,-5.15906382,-5.61616039,6.91658115,8.70146037,18.41205898,-4.04760297,0.26147425,0.19104329,1.00583327,,,,,,,3,,,,,,,,,
10.897425,54992,12112871,,174.06120300,4.13827801,179.14050293,,,,,-3.66936970,7.77845526,-4.63451958,3.42888117,7.20933294,-4.09678841,-0.34813552,-8.30790828,1.26925619,0.27035370,0.19810447,0.98125166,,,,,,,3,,,,,,,,,
10.907426,54993,12112971,,174.05075073,4.14242315,179.10302734,,,,,1.59892774,-5.14386845,-14.00184917,-2.60490727,-6.51314020,3.46595073,7.20912380,8.22573513,-12.66507891,0.24390703,0.19710557,0.99050361,,,,,,,3,,,,,,,,,
10.917513,54994,12113071,,174.12944031,4.16463661,179.24337769,,,,,-0.19021612,2.86941791,-6.95309114,-0.25889707,2.16169786,-2.58262944,0.97410792,-1.57008194,5.98168288,0.24596356,0.19995391,0.98363245,,,,,,,3,,,,,,,,,
10.927357,54995,12113171,,174.12298584,4.10056734,179.21301270,,,,,-2.30354166,-0.94225293,-9.22397709,1.66139126,-1.88785672,-0.56323195,-0.19929267,-3.39954587,-15.25022098,0.24317895,0.19616133,0.98256886,,,,,,,3,,,,,,,,,
10.937469,54996,12113271,,174.14266968,4.18396282,179.29768372,,,,,3.03794265,0.44861063,-13.42556953,-3.95575213,-0.85437131,3.37591624,4.68864355,11.05557386,6.49938006,0.24480614,0.19373181,0.98748618,,,,,,,3,,,,,,,,,
10.947429,54997,12113371,,174.18542480,4.05969048,179.29896545,,,,,-4.65212202,2.65703321,-4.25720310,4.39203548,2.16826868,-4.94490623,4.62772210,-13.67230812,-10.78726951,0.25300065,0.19695640,0.98164123,,,,,,,3,,,,,,,,,
10.957431,54998,12113471,,174.28411865,4.19747210,179.34786987,,,,,5.04706001,-3.44955206,-17.12381935,-6.22272491,-5.06688023,6.52079010,7.35555451,14.56026942,-1.97101800,0.25169936,0.19265212,0.99591458,,,,,,,3,,,,,,,,,
10.967448,54999,12113571,,174.32267761,4.09464455,179.42044067,,,,,-5.51414728,4.89017057,0.60483992,5.64994431,4.86402512,-9.47243786,2.36408535,-17.52815737,-2.30409153,0.25727361,0.20024309,0.98468322,,,,,,,3,,,,,,,,,
10.977475,55000,12113671,,174.36102295,4.22137451,179.40385437,,,,,4.13219690,-3.62794662,-18.58800507,-5.40554762,-5.37670326,8.02802086,6.76049221,12.73402369,-9.69322432,0.25324816,0.20126802,0.99111116,,,,,,,3,,,,,,,,,
10.987479,55001,12113771,,174.44187927,4.17598629,179.51411438,,,,,-2.86370063,5.60034943,-5.25499964,2.52739644,5.03610706,-3.82013464,2.87478500,-11.68938382,3.27724109,0.26351693,0.20638067,0.97837985,,,,,,,3,,,,,,,,,
10.997378,55002,12113871,,174.44084167,4.20421743,179.48020935,,,,,0.24607091,-2.80561590,-13.43486500,-1.19889426,-4.08094597,3.25561643,5.83649312,0.76990421,-13.92661826,0.24590881,0.20571405,0.98520762,,,,,,,3,,,,,,,,,
11.007471,55003,12113971,,174.52273560,4.28298473,179.59692383,,,,,1.29779601,0.03043926,-8.48331165,-1.90587568,-0.75122750,-1.46810055,1.32957956,-0.86529740,6.13303176,0.24377851,0.20527320,0.97776854,,,,,,,3,,,,,,,,,
11.017350,55004,12114071,,174.54183960,4.22969866,179.57415771,,,,,-3.69665074,0.97053486,-5.88194704,3.29065561,0.38917077,-3.57976413,4.91845679,-8.72995677,-12.18813533,0.25278831,0.20751995,0.98131263,,,,,,,3,,,,,,,,,
11.027541,55005,12114171,,174.56083679,4.34154940,179.63717651,,,,,3.63049030,-0.00914283,-14.74098873,-4.67336082,-1.37528253,4.58307266,-4.55064555,10.62145984,4.67358127,0.25428355,0.20076950,0.99358225,,,,,,,3,,,,,,,,,
11.043090,55006,12114271,,174.55496216,4.22008085,179.67649841,,,,,-4.87980938,2.89847255,-4.36468458,4.57963371,2.44233632,-4.81869221,6.70870273,-15.14967035,-11.28451070,0.25708154,0.20504750,0.98178977,,,,,,,3,,,,,,,,,
11.047563,55007,12114371,,174.67932129,4.35044384,179.71726990,,,,,6.04819202,-2.56075573,-17.78240585,-7.30879688,-4.16428375,7.19020557,5.25468480,14.74253473,-1.65568609,0.24752210,0.20375893,1.00349081,,,,,,,3,,,,,,,,,
11.057528,55008,12114471,,174.72811890,4.25650072,179.80140686,,,,,-6.70882082,2.07019567,0.72283739,6.82402945,2.10523891,-9.78274632,4.53194150,-16.81280776,-5.45205721,0.25014681,0.20996152,0.98776990,,,,,,,3,,,,,,,,,
11.067510,55009,12114571,,174.79631042,4.34360313,179.81388855,,,,,5.71354675,-2.53835702,-19.05768967,-7.03813314,-4.20750093,8.50842285,14.65224304,17.37262372,-8.30163817,0.24357152,0.21247150,0.98926097,,,,,,,3,,,,,,,,,
11.077503,55010,12114671,,175.01330566,4.22904015,179.94956970,,,,,-4.85342264,5.31635523,-3.34968829,4.62063980,5.00138474,-5.63017511,13.47496773,-5.41081908,-2.32836346,0.25222403,0.21569444,0.96956497,,,,,,,3,,,,,,,,,
11.087512,55011,12114771,,175.11663818,4.20519590,179.95027161,,,,,2.08359313,-3.30215096,-14.25416946,-3.05558991,-4.49342060,3.93979216,14.16094071,9.10887944,-16.07536589,0.24321324,0.21536723,0.96704078,,,,,,,3,,,,,,,,,
11.097539,55012,12114871,,175.28431702,4.20440102,-179.91744995,,,,,-0.11978450,2.13126659,-5.99898529,-0.30065948,1.64167976,-3.64654732,14.90273169,6.30756956,4.97939104,0.24018922,0.21493489,0.97444016,,,,,,,3,,,,,,,,,
11.107528,55013,12114971,,175.41828918,4.10826159,-179.91691589,,,,,-2.66508102,1.70360315,-7.73361301,2.12759113,1.09680820,-1.76667047,9.24391570,-3.92001888,-15.32060779,0.24800858,0.21768470,0.97105962,,,,,,,3,,,,,,,,,
11.117537,55014,12115071,,175.48686218,4.16191769,-179.80595398,,,,,4.24273348,-2.05688143,-16.37158775,-5.32132959,-3.33753133,6.04617262,8.30649102,16.89261852,-1.25965508,0.25000191,0.21379888,0.99920940,,,,,,,3,,,,,,,,,
11.127537,55015,12115171,,175.54763794,4.01235104,-179.73541260,,,,,-5.50471306,4.36787224,-2.07700062,5.37848949,4.21323919,-6.97683859,4.77184592,-14.00056701,-7.74320105,0.26102787,0.22321998,0.98358160,,,,,,,3,,,,,,,,,
11.137482,55016,12115271,,175.62112427,4.13953638,-179.70225525,,,,,4.79632568,-4.38364363,-18.82919693,-5.98656845,-5.84672546,8.27931786,3.52120307,16.15866176,-8.99236751,0.24192251,0.22353941,0.98843843,,,,,,,3,,,,,,,,,
11.147473,55017,12115371,,175.67245483,4.05705357,-179.57240295,,,,,-5.40457869,5.16969919,0.37889785,5.43795347,5.21939945,-9.37059593,1.12693319,-13.29509897,0.21683820,0.24730480,0.22633134,0.98257250,,,,,,,3,,,,,,,,,
11.157403,55018,12115471,,175.65324402,4.09506178,-179.60289001,,,,,2.76504135,-1.89476550,-16.57532120,-3.84906554,-3.17615509,6.35589266,3.43019443,5.51604327,-13.17954754,0.23899753,0.22454971,0.98596591,,,,,,,3,,,,,,,,,
11.167372,55019,12115571,,175.73797607,4.11040211,-179.46925354,,,,,-0.92170471,1.57079625,-7.34350014,0.42662454,1.02775013,-2.30139732,5.17628490,-1.11481238,1.45466007,0.23374923,0.22223963,0.98243970,,,,,,,3,,,,,,,,,
11.177375,55020,12115671,,175.80178833,4.04784441,-179.47096252,,,,,-1.23491883,0.75009787,-9.70366478,0.58211410,0.04574990,0.00779462,9.17079681,-5.75648984,-14.11551483,0.24274629,0.22545245,0.97264045,,,,,,,3,,,,,,,,,
11.187543,55021,12115771,,175.87593079,4.17053699,-179.40718079,,,,,2.75041962,-1.96507382,-11.19754124,-3.48051238,-2.79711032,1.00813055,0.03670611,9.29918900,6.14881291,0.24498099,0.22397073,0.98202872,,,,,,,3,,,,,,,,,
11.198442,55022,12115871,,175.91191101,4.02431488,-179.37236023,,,,,-4.65150452,3.49145937,-4.28470182,4.33871174,3.22511411,-4.94942331,9.48053992,-6.97786341,-11.41753973,0.25795710,0.23239839,0.96787912,,,,,,,3,,,,,,,,,
11.207497,55023,12115971,,176.00749207,4.07814074,-179.31101990,,,,,4.51321745,-1.75985491,-17.70124245,-5.63878918,-3.06574440,7.39216709,2.08239768,17.88170504,-2.68547948,0.25537419,0.22859393,0.98611212,,,,,,,3,,,,,,,,,
11.217465,55024,12116071,,176.01365662,3.94360280,-179.24134827,,,,,-5.06327295,4.48293018,-2.35791254,4.86506462,4.36593819,-6.77138376,4.12743678,-14.10258101,-4.54819906,0.26624265,0.23321499,0.97683930,,,,,,,3,,,,,,,,,
11.227466,55025,12116171,,176.04638672,4.07117081,-179.25126648,,,,,4.33248854,-3.74691296,-17.28398895,-5.39053154,-4.99963474,6.85599899,4.30511348,11.35621658,-6.74535139,0.24854888,0.23159115,0.98068297,,,,,,,3,,,,,,,,,
11.237383,55026,12116271,,176.12498474,4.03354406,-179.13749695,,,,,-4.60677290,3.22224975,-1.81222427,4.47036552,3.16144133,-7.43225098,-0.19511512,-12.05007074,1.28541663,0.24307457,0.23312673,0.97276360,,,,,,,3,,,,,,,,,
11.247396,55027,12116371,,176.07762146,4.06847572,-179.16944885,,,,,2.13683033,-0.85949993,-14.49482632,-3.07653451,-1.89346027,4.42692947,2.35884895,2.88718521,-12.34913570,0.23549992,0.23325488,0.97124338,,,,,,,3,,,,,,,,,
11.257392,55028,12116471,,176.09046936,4.12627268,-179.06738281,,,,,-0.86756116,1.43729174,-8.09640694,0.31067693,0.89214247,-1.56591678,-5.88124794,-0.74799611,4.61386920,0.23299043,0.23041394,0.97860724,,,,,,,3,,,,,,,,,
11.267412,55029,12116571,,176.08070374,4.05371189,-179.07502747,,,,,-0.93655598,0.73424035,-10.61669540,0.21307868,0.02236915,0.90055084,5.42838121,-8.45968106,-15.21929901,0.23942532,0.23270687,0.97570723,,,,,,,3,,,,,,,,,
11.277541,55030,12116671,,176.14773560,4.18966436,-178.96856689,,,,,2.44525290,-0.32047009,-11.34137249,-3.19616508,-1.13311958,1.30561829,-3.79572438,9.10073188,5.02480966,0.24091068,0.22835612,0.98900437,,,,,,,3,,,,,,,,,
11.287499,55031,12116771,,176.10227966,4.06359100,-178.95072937,,,,,-4.84888411,1.26589763,-4.06376839,4.58625603,1.07770383,-5.29457903,-0.31760460,-14.46037278,-12.55994436,0.25192583,0.23249297,0.98368275,,,,,,,3,,,,,,,,,
11.297527,55032,12116871,,176.12844849,4.18558741,-178.88142395,,,,,4.84961367,-1.79628134,-16.87245941,-5.92433453,-3.03484583,6.55527449,2.22280097,16.61613246,-1.16402357,0.25405663,0.23197407,0.99061185,,,,,,,3,,,,,,,,,
11.307483,55033,12116971,,176.16326904,4.05308008,-178.81369019,,,,,-5.90457773,5.71541595,-1.90693271,5.67079926,5.69750023,-7.06129646,-0.78843221,-13.82048907,-4.90187053,0.26558089,0.23706755,0.97343367,,,,,,,3,,,,,,,,,
11.317600,55034,12117071,,176.13702393,4.15673685,-178.82713318,,,,,5.43764544,-5.32774162,-17.98729515,-6.47817516,-6.65536976,7.38441944,2.18434423,11.55506986,-9.34118698,0.24416694,0.23886494,0.98028141,,,,,,,3,,,,,,,,,
11.327417,55035,12117171,,176.22412109,4.11435461,-178.68756104,,,,,-4.77408361,4.63019848,-2.11987543,4.54999352,4.58210087,-7.02497149,5.38699240,-10.92917779,0.77186869,0.24526739,0.23885033,0.97138095,,,,,,,3,,,,,,,,,
11.337362,55036,12117271,,176.25605774,4.13326788,-178.72509766,,,,,2.75860906,-2.05091906,-16.36482048,-3.79174519,-3.20269084,6.16952372,1.75970390,7.28308706,-12.62865009,0.24048978,0.23557256,0.96734703,,,,,,,3,,,,,,,,,
11.347502,55037,12117371,,176.25906372,4.14939499,-178.60882568,,,,,-2.34701324,2.37758994,-4.81160688,1.98888874,2.10849142,-4.67112064,0.06659941,-1.95926772,5.78724319,0.23694341,0.23610944,0.97376961,,,,,,,3,,,,,,,,,
11.357382,55038,12117471,,176.25245667,4.08666849,-178.64262390,,,,,0.17567694,0.43667197,-13.08323860,-1.06795919,-0.44352865,3.24258327,3.68163418,-3.39573505,-13.83183572,0.24188210,0.23746887,0.96787882,,,,,,,3,,,,,,,,,
11.367551,55039,12117571,,176.32096863,4.18921185,-178.53738403,,,,,1.80086732,-0.55957144,-9.69418621,-2.43262815,-1.24240506,-0.30867004,-1.64239390,5.26316832,4.25173129,0.23803149,0.23368987,0.97670531,,,,,,,3,,,,,,,,,
11.377392,55040,12117671,,176.30491638,4.10847664,-178.52861023,,,,,-4.01227045,2.05327225,-5.49160528,3.61115050,1.78738439,-3.89087963,3.54805361,-13.22293375,-11.53288455,0.24551745,0.23836310,0.97830117,,,,,,,3,,,,,,,,,
11.387571,55041,12117771,,176.32444763,4.23742151,-178.47305298,,,,,3.78617644,-2.92245531,-16.05787659,-4.76987982,-4.08474827,5.73964310,-5.19390893,13.90186565,0.25741350,0.24904798,0.23253621,0.99554324,,,,,,,3,,,,,,,,,
11.397432,55042,12117871,,176.31137085,4.10451508,-178.41339111,,,,,-5.14555359,5.83174992,-2.63560700,4.81191444,5.78230953,-6.40964508,1.09924723,-14.11113582,-5.44074214,0.25886381,0.23765625,0.98330456,,,,,,,3,,,,,,,,,
11.407416,55043,12117971,,176.29852295,4.21888542,-178.43144226,,,,,4.67190218,-3.53236866,-17.04243660,-5.68429518,-4.79233027,6.61112690,-3.42470594,12.17159432,-3.97578396,0.24022816,0.23892756,0.98867357,,,,,,,3,,,,,,,,,
11.417563,55044,12118071,,176.32038879,4.15267754,-178.32356262,,,,,-4.25422621,3.58579111,-3.03966737,3.96559238,3.49184561,-6.21811104,2.48195265,-16.22872584,-1.20659987,0.25333577,0.24303244,0.97594047,,,,,,,3,,,,,,,,,
11.427427,55045,12118171,,176.34175110,4.23004961,-178.36688232,,,,,3.64810872,-2.54051447,-16.43294334,-4.66099787,-3.72083473,6.14434814,2.21690395,12.23899121,-7.72196599,0.24780682,0.24072471,0.97785532,,,,,,,3,,,,,,,,,
11.437520,55046,12118271,,176.37045288,4.20288134,-178.25839233,,,,,-3.85776830,2.96997619,-2.35171700,3.62479210,2.92878532,-6.96651745,-2.96391128,-6.31049801,4.23105972,0.24330835,0.24032392,0.96991020,,,,,,,3,,,,,,,,,
11.447453,55047,12118371,,176.31619263,4.15887642,-178.32104492,,,,,1.89389658,-1.59906471,-15.89263344,-2.90540171,-2.67994738,5.79420853,7.74836467,5.41139282,-12.58282379,0.23844257,0.24088776,0.96544188,,,,,,,3,,,,,,,,,
11.457418,55048,12118471,,176.43669128,4.18623638,-178.18333435,,,,,-0.30163217,2.03296661,-7.99599648,-0.29701495,1.52741694,-1.67688036,-0.54573793,1.48752758,4.96215719,0.23335667,0.24097230,0.96789151,,,,,,,3,,,,,,,,,
11.467441,55049,12118571,,176.43048096,4.10587072,-178.20852661,,,,,-2.21022034,0.22054617,-8.29906940,1.65841269,-0.23125362,-1.34593225,2.07423197,-5.85386955,-14.06902173,0.23704036,0.24139114,0.96593755,,,,,,,3,,,,,,,,,
11.477741,55050,12118671,,176.43756104,4.22226095,-178.12138367,,,,,2.45026875,-1.18420005,-11.92489433,-3.19330311,-2.01613951,1.84417796,-2.19905454,10.92555608,5.27121599,0.23770645,0.23609290,0.98218417,,,,,,,3,,,,,,,,,
11.487556,55051,12118771,,176.45545959,4.09220171,-178.09674072,,,,,-4.46205711,4.12028980,-4.40864038,4.04141998,3.99091530,-4.79649591,-0.11409716,-13.54473214,-9.90547501,0.24864329,0.24167170,0.97540063,,,,,,,3,,,,,,,,,
11.497421,55052,12118871,,176.43478394,4.18896532,-178.06413269,,,,,5.04577589,-3.66344595,-17.61594391,-6.05267239,-4.95228100,7.17485237,-1.22437299,15.05661756,-1.89754907,0.24135017,0.23746675,0.99310887,,,,,,,3,,,,,,,,,
11.507554,55053,12118971,,176.41360474,4.08708668,-178.00088501,,,,,-5.29738235,5.86645555,-2.78210473,4.91840553,5.85404396,-6.25275612,-2.76398802,-14.75156765,-1.42209811,0.25434506,0.24301459,0.97792435,,,,,,,3,,,,,,,,,
11.517370,55054,12119071,,176.40878296,4.17414665,-178.04748535,,,,,4.23217678,-4.95284176,-17.42309761,-5.16279316,-6.21422291,6.95689011,0.37813624,12.40644867,-8.02953368,0.24400045,0.24414848,0.97838515,,,,,,,3,,,,,,,,,
11.527454,55055,12119171,,176.43276978,4.14506197,-177.90739441,,,,,-4.23943090,4.90077591,-1.21578777,4.00521612,4.95465279,-7.95452595,-3.39235838,-8.42418457,3.98950282,0.24467355,0.24462040,0.97097456,,,,,,,3,,,,,,,,,
11.537519,55056,12119271,,176.35876465,4.14461899,-177.98602295,,,,,1.76775718,-1.99601579,-15.25205231,-2.69395494,-3.05316305,5.14061832,-1.39707944,3.54158563,-11.05499585,0.23571441,0.24429165,0.96993494,,,,,,,3,,,,,,,,,
11.547423,55057,12119371,,176.39273071,4.18358755,-177.86543274,,,,,-0.28297812,2.00057507,-8.50294113,-0.35211468,1.44583213,-1.17709446,-0.82460047,-1.12190446,5.43937013,0.23400648,0.24335848,0.97436440,,,,,,,3,,,,,,,,,
11.557498,55058,12119471,,176.38739014,4.12063646,-177.90217590,,,,,-2.00594378,0.95206934,-9.08070469,1.37273288,0.43599987,-0.53876567,0.72633731,-6.52298946,-11.91965170,0.23857051,0.24328338,0.97042805,,,,,,,3,,,,,,,,,
11.567441,55059,12119571,,176.39176941,4.23566723,-177.82772827,,,,,2.59653950,-2.27033234,-11.62075806,-3.27239132,-3.12472510,1.44693494,-5.48544146,9.03612341,5.43360630,0.23438805,0.23854849,0.98270112,,,,,,,3,,,,,,,,,
11.577456,55060,12119671,,176.35093689,4.12326479,-177.81268311,,,,,-4.11483574,3.37273955,-4.80325603,3.66764545,3.20910430,-4.48812103,1.69275118,-12.20094621,-10.13037692,0.24776247,0.24312539,0.97789311,,,,,,,3,,,,,,,,,
11.587367,55061,12119771,,176.36412048,4.23259544,-177.77267456,,,,,3.79024935,-1.86833596,-16.57094002,-4.78810358,-3.12249708,6.31775284,-5.89957333,14.12620151,0.23546752,0.24809824,0.23399194,0.99605626,,,,,,,3,,,,,,,,,
11.597437,55062,12119871,,176.30145264,4.10562420,-177.73641968,,,,,-4.58466625,4.81177092,-3.64673066,4.15126514,4.72812366,-5.50902843,-0.19910823,-16.11369862,-3.24858076,0.25139150,0.23970091,0.98577321,,,,,,,3,,,,,,,,,
11.607454,55063,12119971,,176.32014465,4.22990513,-177.76031494,,,,,4.07684422,-4.29378223,-16.09734917,-4.93096638,-5.51889467,5.67552090,0.22772651,12.94061215,-4.04288630,0.24462622,0.24317622,0.98233098,,,,,,,3,,,,,,,,,
11.617425,55064,12120071,,176.36050415,4.16225576,-177.65054321,,,,,-4.16569042,4.83891439,-2.18792176,3.83391380,4.85469913,-6.97811222,-4.61673446,-12.51648643,0.28353044,0.25966626,0.24724793,0.97109139,,,,,,,3,,,,,,,,,
11.627457,55065,12120171,,176.26995850,4.20810986,-177.71371460,,,,,2.66304493,-3.75528264,-15.34189415,-3.48250246,-4.87051582,5.05668831,2.59693355,11.43664718,-8.55640508,0.24479364,0.24557661,0.97494841,,,,,,,3,,,,,,,,,
11.637573,55066,12120271,,176.33540344,4.16812801,-177.60130310,,,,,-1.74745214,4.80317354,-7.17504978,1.06069660,4.37826920,-2.20297551,-3.58039946,-3.68026387,5.42662884,0.23938927,0.24519064,0.96798855,,,,,,,3,,,,,,,,,
11.647449,55067,12120371,,176.31506348,4.10736895,-177.65225220,,,,,-0.22178236,-2.19882298,-12.13068485,-0.47254562,-2.97583437,2.16604185,6.34921323,1.82941558,-13.88401922,0.23565386,0.24477331,0.96845794,,,,,,,3,,,,,,,,,
11.657412,55068,12120471,,176.37023926,4.17883635,-177.54200745,,,,,0.99324864,1.12935960,-8.15611839,-1.57367015,0.55402052,-1.66495132,-2.31393597,3.90562554,8.83601936,0.23169936,0.24195713,0.97482538,,,,,,,3,,,,,,,,,
11.667465,55069,12120571,,176.36457825,4.07073736,-177.57417297,,,,,-3.15739560,0.72336376,-7.67258930,2.62951565,0.36768949,-1.87065721,2.62396316,-6.19422044,-13.92226658,0.23472339,0.24238946,0.96742600,,,,,,,3,,,,,,,,,
11.677393,55070,12120671,,176.39587402,4.16253996,-177.50140381,,,,,3.87755346,-0.06763873,-14.78734493,-4.81364536,-1.20382082,4.66065550,0.19199488,13.91800027,5.05148539,0.23434472,0.23902965,0.98171902,,,,,,,3,,,,,,,,,
11.687437,55071,12120771,,176.36158752,4.03003216,-177.48820496,,,,,-5.48596144,3.69623899,-3.49126315,5.08828688,3.70268822,-5.66929817,-1.74922041,-14.42458259,-8.26471843,0.24785748,0.24264273,0.98035973,,,,,,,3,,,,,,,,,
11.697447,55072,12120871,,176.38766479,4.13415623,-177.45912170,,,,,5.25745249,-5.21645975,-17.45410728,-6.08372545,-6.58219337,6.90819597,2.53385291,14.90509494,-4.58401103,0.24647003,0.23834099,0.99215889,,,,,,,3,,,,,,,,,
11.707520,55073,12120971,,176.40838623,4.06332827,-177.36970520,,,,,-5.44157505,6.91218758,-0.72472799,5.09465265,7.08871460,-8.21666527,-3.42868986,-15.76600613,1.22524725,0.25472808,0.24492875,0.97647226,,,,,,,3,,,,,,,,,
11.717491,55074,12121071,,176.36514282,4.13352060,-177.42607117,,,,,3.46134758,-4.53682280,-16.90429688,-4.28325987,-5.80128527,6.51830769,-0.14921426,12.32166041,-9.04069366,0.23461191,0.24814534,0.98087519,,,,,,,3,,,,,,,,,
11.727483,55075,12121171,,176.40864563,4.08518505,-177.31068420,,,,,-2.78390169,5.27184105,-5.33857346,2.18602920,5.02642059,-3.94132352,0.96598907,-7.58361026,5.11926904,0.23946397,0.25046709,0.97302008,,,,,,,3,,,,,,,,,
11.737489,55076,12121271,,176.39376831,4.04331684,-177.36294556,,,,,0.47957739,-2.06303525,-12.74851894,-1.18301487,-2.91247773,2.74019623,1.62973746,4.80614841,-13.04843949,0.23381440,0.24816290,0.97147095,,,,,,,3,,,,,,,,,
11.747410,55077,12121371,,176.42431641,4.10464001,-177.25016785,,,,,1.17639673,0.37941259,-8.48362255,-1.73875856,-0.22814167,-1.40447426,-2.23612112,-0.03888422,6.35098651,0.22744843,0.24586794,0.97635031,,,,,,,3,,,,,,,,,
11.757489,55078,12121471,,176.40371704,4.03114557,-177.27581787,,,,,-3.15579391,0.16719143,-9.02479362,2.56167626,-0.26436734,-0.57487941,4.89816344,-3.16290586,-14.31460886,0.23194405,0.24483511,0.96992463,,,,,,,3,,,,,,,,,
11.767533,55079,12121571,,176.45561218,4.11637878,-177.19541931,,,,,3.05336928,1.80545509,-12.52474213,-3.94129467,0.82845521,2.57653880,-5.02873788,9.05901735,7.32006400,0.22884431,0.24104586,0.97331238,,,,,,,3,,,,,,,,,
11.777542,55080,12121671,,176.43305969,3.99074602,-177.20706177,,,,,-4.29506159,0.47432590,-4.73820019,3.96338654,0.38594246,-4.73178101,6.74186501,-11.71993270,-11.85020916,0.23562725,0.24621372,0.96848065,,,,,,,3,,,,,,,,,
11.787566,55081,12121771,,176.50268555,4.12256432,-177.14244080,,,,,4.55739737,-0.95647144,-16.55274010,-5.53263664,-2.24675989,6.32999086,0.31828500,12.30666644,2.17030926,0.24186668,0.24082252,0.98277467,,,,,,,3,,,,,,,,,
11.797533,55082,12121871,,176.50512695,4.00523663,-177.10134888,,,,,-5.29075766,2.60623574,-1.99512279,5.05348206,2.74942017,-7.24536896,0.33057723,-16.28890493,-7.88837160,0.25238499,0.24640772,0.97747350,,,,,,,3,,,,,,,,,
11.807455,55083,12121971,,176.48670959,4.11890936,-177.07791138,,,,,4.30736208,-3.03828859,-16.75171280,-5.15780306,-4.32523155,6.42900038,-0.77973285,18.95905468,-1.88962797,0.25177199,0.24641392,0.98687094,,,,,,,3,,,,,,,,,
11.817594,55084,12122071,,176.49523926,3.96864128,-177.00350952,,,,,-4.61663437,4.93659115,-2.28891778,4.20438528,5.02288818,-6.86651993,-2.93077462,-10.22685334,-3.70614517,0.26173550,0.24913025,0.97756350,,,,,,,3,,,,,,,,,
11.827495,55085,12122171,,176.45484924,3.99300718,-177.00671387,,,,,3.52997041,-3.12900019,-17.14524269,-4.36355066,-4.39695454,6.86424112,2.15631740,17.28205541,-9.69419763,0.24124520,0.24995254,0.98341084,,,,,,,3,,,,,,,,,
11.837417,55086,12122271,,176.48643494,3.89310503,-176.88307190,,,,,-3.20047021,5.49904108,-4.09604073,2.64381027,5.39013767,-5.14139843,-4.25813715,-6.53639328,2.40138544,0.24620062,0.25227126,0.97852480,,,,,,,3,,,,,,,,,
11.847442,55087,12122371,,176.43165588,3.89509463,-176.90951538,,,,,0.52411735,-4.95807409,-14.48021698,-1.10467029,-5.90724850,4.29182339,-0.36458285,4.80053485,-16.23910260,0.23927046,0.24854736,0.97991538,,,,,,,3,,,,,,,,,
11.857430,55088,12122471,,176.42726135,3.91122770,-176.74481201,,,,,0.52054381,4.25038433,-6.20275450,-1.13668740,3.80831718,-3.37866354,-5.55401998,3.68772628,5.63426915,0.23179080,0.24819283,0.98086178,,,,,,,3,,,,,,,,,
11.867511,55089,12122571,,176.41073608,3.82787657,-176.79959106,,,,,-2.82909536,-0.83917034,-8.32411003,2.38270640,-1.20870399,-1.35486436,-1.53682639,-6.25220490,-15.38391340,0.22721457,0.24827421,0.97094488,,,,,,,3,,,,,,,,,
11.877481,55090,12122671,,176.40019226,3.93411255,-176.69908142,,,,,3.38618159,0.59726655,-14.84794426,-4.29140425,-0.57252550,4.82438946,-1.87560196,10.58757612,5.38942181,0.22418271,0.24640247,0.97733194,,,,,,,3,,,,,,,,,
11.887540,55091,12122771,,176.42605591,3.80008292,-176.66658020,,,,,-4.41110897,1.64004302,-4.56333828,4.04932737,1.61037660,-4.81874752,1.73250000,-13.61730204,-14.87092179,0.23193315,0.24915433,0.97197199,,,,,,,3,,,,,,,,,
11.897501,55092,12122871,,176.44459534,3.95602465,-176.57102966,,,,,4.55020714,-2.61520028,-15.40801048,-5.27261162,-3.89386272,5.09679508,-2.56031861,13.43292109,-0.66416541,0.22776058,0.24201974,0.98321760,,,,,,,3,,,,,,,,,
11.907499,55093,12122971,,176.41630554,3.82889223,-176.50135803,,,,,-6.13138199,3.07124424,-1.46168387,5.87583780,3.33777094,-7.69602156,0.06999867,-16.76942239,-9.36765653,0.23715493,0.24330135,0.98377979,,,,,,,3,,,,,,,,,
11.917515,55094,12123071,,176.44480896,3.97820282,-176.44964600,,,,,4.84554148,-2.64761400,-18.13466835,-5.72807217,-4.14299440,7.79229164,-0.87395259,12.82028471,-6.41766239,0.24209797,0.24321510,0.99072987,,,,,,,3,,,,,,,,,
11.927499,55095,12123171,,176.44465637,3.90024853,-176.33973694,,,,,-5.26422882,6.31375313,-2.37773275,4.69541359,6.46433163,-6.65806961,1.04424745,-16.67746414,-6.02160107,0.24780272,0.24840286,0.98193491,,,,,,,3,,,,,,,,,
11.937504,55096,12123271,,176.44117737,4.01735067,-176.33401489,,,,,3.72033262,-4.96922016,-17.11991501,-4.37652540,-6.32091808,6.70394039,1.85115010,9.44013166,-12.67475814,0.23750144,0.24905561,0.98337787,,,,,,,3,,,,,,,,,
11.947537,55097,12123371,,176.52717590,4.01492167,-176.15017700,,,,,-3.15050602,5.20212746,-3.93527198,2.54642129,5.13304424,-5.32515001,2.85128744,-19.91026098,-5.34102480,0.24754959,0.25464869,0.97807449,,,,,,,3,,,,,,,,,
11.957476,55098,12123471,,176.51675415,4.13287830,-176.13630676,,,,,1.05614614,-3.23588061,-14.03778839,-1.70460510,-4.20238590,3.91577959,2.76560272,2.70885046,-16.13425237,0.23720396,0.25770214,0.97955519,,,,,,,3,,,,,,,,,
11.967499,55099,12123571,,176.56134033,4.18876648,-175.94544983,,,,,-1.74820364,2.81904697,-5.61693096,1.17736006,2.56755948,-3.89387274,-4.13076949,-11.62913728,-2.38468115,0.23341689,0.25728631,0.97854012,,,,,,,3,,,,,,,,,
11.977481,55100,12123671,,176.51667786,4.21851015,-175.92681885,,,,,0.06406106,-1.32914603,-12.37024784,-0.77769709,-2.11654878,2.44537020,5.48316103,-6.49797517,-21.14089031,0.22833098,0.25737086,0.98098975,,,,,,,3,,,,,,,,,
11.987503,55101,12123771,,176.55465698,4.36007261,-175.77030945,,,,,0.96902454,3.97876954,-10.03547573,-1.93739343,3.23229003,0.37913322,-8.15334537,-4.17046185,2.42825733,0.22464830,0.25503245,0.98192376,,,,,,,3,,,,,,,,,
11.997458,55102,12123871,,176.48994446,4.32412291,-175.76744080,,,,,-1.94718432,-3.00533485,-9.71858311,1.52662623,-3.46778321,-0.12939930,5.77959167,-14.22219982,-21.92298283,0.23005719,0.25638399,0.97603512,,,,,,,3,,,,,,,,,
12.007535,55103,12123971,,176.59193420,4.53227854,-175.58352661,,,,,2.84557939,1.91823840,-10.59033394,-3.71432400,1.00445354,0.65343320,-3.30631913,2.38803584,1.18129253,0.23207048,0.25011003,0.97644061,,,,,,,3,,,,,,,,,
12.017616,55104,12124071,,176.56922913,4.44499636,-175.55924988,,,,,-4.21071863,0.44473368,-6.66085625,3.70514631,0.35702074,-2.78282928,3.35060266,-13.16897184,-19.92267314,0.23751330,0.25242031,0.97205168,,,,,,,3,,,,,,,,,
12.027484,55105,12124171,,176.58967590,4.59256220,-175.42967224,,,,,3.41173363,0.67638093,-14.36022568,-4.44299030,-0.52904010,4.29383087,-3.06346727,9.98902018,2.28898913,0.24013588,0.25044733,0.99231881,,,,,,,3,,,,,,,,,
12.037480,55106,12124271,,176.59165955,4.40601921,-175.36639404,,,,,-4.15914822,1.24378014,-5.16954899,3.69188261,1.24501967,-4.23114204,3.83345007,-8.57104388,-18.59285751,0.26314700,0.25679040,0.96829134,,,,,,,3,,,,,,,,,
12.047468,55107,12124371,,176.61096191,4.52906466,-175.23223877,,,,,5.06779194,-1.65086353,-14.69076729,-5.88971519,-3.03402114,4.35085297,-7.29744497,16.14683358,-3.12174927,0.25875729,0.25302136,0.97513628,,,,,,,3,,,,,,,,,
12.057522,55108,12124471,,176.50689697,4.36299753,-175.15730286,,,,,-6.10189724,2.39208841,-1.28130174,5.80788040,2.80673838,-7.88352728,-3.14354868,-9.33305991,-14.28390460,0.25031656,0.24979810,0.98741198,,,,,,,3,,,,,,,,,
12.067566,55109,12124571,,176.46142578,4.45804358,-175.08181763,,,,,5.13820124,-1.69004142,-18.50288582,-6.15740156,-3.39633989,8.14974403,-10.86036790,20.29719973,-4.85269829,0.23021080,0.24965526,0.99027741,,,,,,,3,,,,,,,,,
12.077481,55110,12124671,,176.39451599,4.27901411,-174.96865845,,,,,-5.56048012,4.67503929,-2.03431058,4.97691298,4.99379730,-7.04890442,-3.42971418,-9.07139366,-9.82971370,0.24113926,0.25475442,0.98299158,,,,,,,3,,,,,,,,,
12.087648,55111,12124771,,176.34155273,4.32180977,-174.91198730,,,,,4.51097775,-3.24132156,-17.13576698,-5.26147366,-4.83895779,6.73096514,-10.76781713,18.83904314,-9.34596299,0.23275371,0.25441477,0.98492318,,,,,,,3,,,,,,,,,
12.097543,55112,12124871,,176.25444031,4.17904091,-174.76750183,,,,,-4.74296379,3.74141479,-2.05137897,4.25861502,3.99697971,-7.14387512,-8.24076496,-8.85616842,-6.78958156,0.23095074,0.25396425,0.98688602,,,,,,,3,,,,,,,,,
12.107579,55113,12124971,,176.16821289,4.19710493,-174.74014282,,,,,3.20547366,-3.71243906,-16.11522675,-3.80179524,-5.16038275,5.78250647,-6.96347263,18.17996403,-11.82566829,0.22535233,0.25261831,0.98733139,,,,,,,3,,,,,,,,,
12.117536,55114,12125071,,176.15879822,4.12083244,-174.58567810,,,,,-3.71146059,5.81330538,-3.24210334,2.93587208,5.88540745,-5.88992453,-10.72276179,-5.74322134,-1.64554764,0.21772651,0.25178820,0.98381668,,,,,,,3,,,,,,,,,
12.127481,55115,12125171,,176.05113220,4.08418274,-174.59175110,,,,,2.28693366,-3.64187026,-14.91932678,-2.79712868,-4.92722225,4.66094017,0.19386421,10.42313505,-15.47785923,0.21657991,0.25085035,0.97736424,,,,,,,3,,,,,,,,,
12.137641,55116,12125271,,176.11758423,4.09982729,-174.40647888,,,,,-2.07568264,2.53589416,-5.10424995,1.50789499,2.34158254,-4.38395119,-5.26141851,-4.55304337,0.24070048,0.21561445,0.24942729,0.97585255,,,,,,,3,,,,,,,,,
12.147480,55117,12125371,,176.05021667,4.02304983,-174.41030884,,,,,1.35547388,-2.26383638,-15.52490997,-2.03732753,-3.53429651,5.41588879,-1.01004080,7.21340035,-19.08100600,0.22110114,0.25029662,0.97193575,,,,,,,3,,,,,,,,,
12.157530,55118,12125471,,176.08352661,4.05596256,-174.20785522,,,,,-1.74967277,2.70303178,-3.98612475,1.24100423,2.55580592,-5.51374674,-4.46094169,1.67351171,2.02658393,0.21715602,0.24604054,0.97778571,,,,,,,3,,,,,,,,,
12.167542,55119,12125571,,176.04090881,3.93337059,-174.24143982,,,,,1.01900816,0.00920821,-14.66681767,-1.87343597,-1.18639565,4.74363947,4.29634694,3.64271107,-18.13131089,0.22157335,0.24644965,0.96989816,,,,,,,3,,,,,,,,,
12.177550,55120,12125671,,176.12371826,4.00054598,-174.05052185,,,,,-1.98214185,-0.00925091,-6.24634171,1.62270284,-0.26367378,-3.42841196,0.60854803,0.31404903,0.61013600,0.21970047,0.24792069,0.97090155,,,,,,,3,,,,,,,,,
12.187516,55121,12125771,,176.11434937,3.85575414,-174.05223083,,,,,0.66858780,0.70308161,-14.89591026,-1.59416604,-0.47368050,5.04212284,8.05167886,3.05799949,-16.40379383,0.21787976,0.24843048,0.97287953,,,,,,,3,,,,,,,,,
12.197507,55122,12125871,,176.20198059,3.94539523,-173.90226746,,,,,-1.45880377,-0.33165464,-4.25317144,1.25279105,-0.47553098,-5.48135757,-4.96160608,2.41362279,2.41384307,0.21790588,0.24794982,0.97336680,,,,,,,3,,,,,,,,,
12.207490,55123,12125971,,176.15782166,3.80704212,-173.89860535,,,,,0.23386474,0.82695735,-13.63918495,-1.09392309,-0.19268537,3.82882547,12.16991751,2.33437851,-19.66923555,0.22121388,0.24885370,0.97438723,,,,,,,3,,,,,,,,,
12.217589,55124,12126071,,176.28971863,3.87485051,-173.73742676,,,,,-0.30322331,1.83062053,-8.47135639,-0.36219674,1.23388553,-1.20745468,-5.58334411,6.34692938,2.72551420,0.22018285,0.24790649,0.98475707,,,,,,,3,,,,,,,,,
12.227615,55125,12126171,,176.24519348,3.72182894,-173.72676086,,,,,-0.71451741,-0.45152664,-11.94655895,0.10941529,-1.21307731,2.13753986,10.22162056,-3.43608269,-20.35524780,0.22343135,0.24737249,0.98328066,,,,,,,3,,,,,,,,,
12.237478,55126,12126271,,176.33822632,3.85465193,-173.56056213,,,,,0.33931851,0.53555870,-8.17590904,-0.84176362,-0.06397003,-1.62729263,-3.95007129,8.21152834,3.12746764,0.22342351,0.24593307,0.98226827,,,,,,,3,,,,,,,,,
12.247490,55127,12126371,,176.34068298,3.66772676,-173.53599548,,,,,-2.39405966,0.62187523,-10.21632671,1.78044617,0.17742038,0.59440851,9.95186054,-3.12290187,-21.49235136,0.22566116,0.24829625,0.98033792,,,,,,,3,,,,,,,,,
12.257558,55128,12126471,,176.42665100,3.78405857,-173.36779785,,,,,1.67083716,0.82891995,-10.38880825,-2.30906034,-0.08654058,0.50709057,-4.53587911,11.25124255,1.65769449,0.22723514,0.24874756,0.98530054,,,,,,,3,,,,,,,,,
12.267486,55129,12126571,,176.40707397,3.60781574,-173.31164551,,,,,-3.10563922,0.42181829,-8.81854725,2.57138634,0.17504013,-0.77604556,10.34724909,-6.95225831,-22.77532555,0.22498809,0.24782431,0.98774844,,,,,,,3,,,,,,,,,
12.277488,55130,12126671,,176.53608704,3.72394729,-173.15988159,,,,,3.58254433,0.11539859,-13.54726601,-4.28193092,-1.22141612,3.49230456,2.00925681,12.56695129,-0.22139894,0.22312355,0.24977501,0.98925424,,,,,,,3,,,,,,,,,
12.287507,55131,12126771,,176.56878662,3.58081603,-173.08486938,,,,,-4.89816713,0.85336494,-5.27255964,4.53316975,1.09059715,-4.14545441,10.11754300,-13.80619263,-20.33859409,0.22440310,0.25311425,0.98733449,,,,,,,3,,,,,,,,,
12.297506,55132,12126871,,176.64910889,3.74453044,-172.95324707,,,,,3.98666859,0.14581166,-15.25288391,-4.78850460,-1.34450614,5.16809034,-1.92894958,13.28777615,-1.75484347,0.22862591,0.25352317,0.98736215,,,,,,,3,,,,,,,,,
12.307501,55133,12126971,,176.67210388,3.59397817,-172.87977600,,,,,-5.27335453,1.34241688,-2.88286805,4.95411110,1.80220437,-6.48711395,11.05708077,-13.89691206,-16.83991678,0.22946139,0.25638971,0.98592746,,,,,,,3,,,,,,,,,
12.317558,55134,12127071,,176.72917175,3.75994992,-172.78775024,,,,,4.43916893,0.28774554,-17.78198624,-5.37435102,-1.41992974,7.67415714,-2.46704490,11.23842400,-3.18727960,0.22802421,0.25785384,0.98594344,,,,,,,3,,,,,,,,,
12.327629,55135,12127171,,176.75291443,3.65113449,-172.68235779,,,,,-5.26134872,1.29293823,-3.09163380,4.93763638,1.75124407,-6.27028513,9.21395422,-19.12452114,-16.13515395,0.23356205,0.25968143,0.98402113,,,,,,,3,,,,,,,,,
12.337510,55136,12127271,,176.80456543,3.82318521,-172.57073975,,,,,4.88845158,-1.10354567,-16.93415070,-5.61134958,-2.80072069,6.71971607,-4.91475653,14.17812546,-5.66248680,0.22141552,0.25844529,0.98542488,,,,,,,3,,,,,,,,,
12.347594,55137,12127371,,176.74345398,3.72169805,-172.46647644,,,,,-6.23248100,2.88116908,-0.52401495,5.82709408,3.64738941,-8.66032791,-5.56850894,-18.95469190,-11.68106977,0.22840622,0.26168755,0.98551130,,,,,,,3,,,,,,,,,
12.357599,55138,12127471,,176.67796326,3.89017773,-172.41438293,,,,,4.75173855,-2.16508484,-18.37160492,-5.40817738,-3.97070098,8.09886169,-3.48017732,10.95528448,-9.10779686,0.21437688,0.26432210,0.98894596,,,,,,,3,,,,,,,,,
12.367526,55139,12127571,,176.66896057,3.83169770,-172.27200317,,,,,-5.33763075,6.12438679,-2.25903201,4.35056973,6.63524628,-6.79913950,-10.33531162,-18.73111078,-7.74577005,0.21340205,0.26433894,0.98795182,,,,,,,3,,,,,,,,,
12.377550,55140,12127671,,176.53756714,3.94130898,-172.22315979,,,,,4.15967798,-5.95725107,-16.88687515,-4.21321583,-7.60458946,6.40727472,-5.60322978,7.30532018,-17.56637911,0.20882182,0.26249504,0.99037343,,,,,,,3,,,,,,,,,
12.387641,55141,12127771,,176.53364563,3.95280600,-172.01741028,,,,,-4.37942886,5.47508669,-2.75174713,3.44453859,5.82890987,-6.40035629,-6.56153264,-14.69292877,-4.62885207,0.20463347,0.26208511,0.99133545,,,,,,,3,,,,,,,,,
12.397506,55142,12127871,,176.47677612,3.98998785,-172.01884460,,,,,2.91693449,-3.91100502,-16.69277191,-3.26637554,-5.44560146,6.39545012,-5.99023257,4.46666112,-17.42180450,0.20442724,0.26113141,0.98488742,,,,,,,3,,,,,,,,,
12.407516,55143,12127971,,176.47001648,4.04411745,-171.83221436,,,,,-3.46738577,5.38894987,-4.46861982,2.42006254,5.49524975,-4.75528336,-5.48927918,-8.19961649,0.24387220,0.20248747,0.25876546,0.98187172,,,,,,,3,,,,,,,,,
12.417520,55144,12128071,,176.40962219,4.00173426,-171.85847473,,,,,2.16536450,-3.30782127,-15.18200016,-2.52994132,-4.65247345,4.96999216,2.12846987,2.44415523,-18.09101619,0.20315117,0.26067725,0.97497863,,,,,,,3,,,,,,,,,
12.427487,55145,12128171,,176.49763489,4.11754084,-171.65753174,,,,,-2.07074642,2.05374551,-3.32745647,1.57275701,2.09907389,-6.19934940,-3.95642635,-9.75105383,0.22255347,0.19876395,0.26171282,0.97101492,,,,,,,3,,,,,,,,,
12.437520,55146,12128271,,176.43760681,4.06603241,-171.68623352,,,,,1.49003196,-1.27524471,-14.60875320,-2.12976718,-2.50567770,4.57227612,4.09552614,4.88392420,-17.65147302,0.19914696,0.26362696,0.96956289,,,,,,,3,,,,,,,,,
12.447524,55147,12128371,,176.50576782,4.13029575,-171.50857544,,,,,-2.65325475,1.99120784,-5.45985270,2.03771234,1.97328019,-4.02140760,-4.80147571,-1.24321374,2.17972659,0.20027001,0.26024663,0.97297829,,,,,,,3,,,,,,,,,
12.457557,55148,12128471,,176.45298767,4.01220036,-171.52914429,,,,,2.50151396,-1.59459972,-15.77514267,-3.14139867,-3.03491640,5.65467548,7.72679920,1.38754962,-19.42630451,0.20296165,0.26068282,0.96953541,,,,,,,3,,,,,,,,,
12.467528,55149,12128571,,176.56509399,4.14531898,-171.34887695,,,,,-2.11305928,2.20700359,-3.39875340,1.58848977,2.26593328,-6.10566092,-3.08866490,-2.54833312,4.13921502,0.19828589,0.26028132,0.97000033,,,,,,,3,,,,,,,,,
12.477656,55150,12128671,,176.51861572,4.03342152,-171.39222717,,,,,0.90958661,-1.00076175,-15.67803574,-1.65007687,-2.20612240,5.70341015,7.00147239,3.17323823,-18.35034993,0.19902739,0.26171097,0.96507913,,,,,,,3,,,,,,,,,
12.487520,55151,12128771,,176.59895325,4.08748341,-171.21701050,,,,,-1.83184123,2.13916850,-4.45628595,1.25150108,2.08595324,-5.08564568,-0.36616639,4.35414272,5.50073127,0.20113210,0.26167274,0.97152090,,,,,,,3,,,,,,,,,
12.497458,55152,12128871,,176.61155701,3.94231820,-171.25971985,,,,,0.81520665,-0.33019322,-13.88518047,-1.53760743,-1.38810158,3.97051001,6.57826447,2.34728629,-18.06908957,0.20112322,0.26215288,0.97152847,,,,,,,3,,,,,,,,,
12.507607,55153,12128971,,176.66928101,4.04914808,-171.11120605,,,,,-0.70653003,0.85861087,-6.58422422,0.21518469,0.50947428,-3.12291598,-3.35187713,2.48911645,6.04202077,0.19915582,0.26314682,0.96955532,,,,,,,3,,,,,,,,,
12.517575,55154,12129071,,176.66305542,3.88536382,-171.13636780,,,,,-0.26239011,-1.14586377,-13.50591946,-0.30943203,-1.98072839,3.62123919,11.87406957,2.71666804,-18.62315281,0.19962499,0.26505846,0.97057748,,,,,,,3,,,,,,,,,
12.527531,55155,12129171,,176.78126526,4.00734186,-170.98059082,,,,,-0.02494092,2.35114312,-5.81343317,-0.65578496,1.93099809,-3.86020041,-5.90933709,1.51494823,6.53035326,0.19957179,0.26793930,0.97062278,,,,,,,3,,,,,,,,,
12.537586,55156,12129271,,176.73585510,3.86972785,-171.03506470,,,,,-1.00638592,-0.43461689,-12.02778912,0.40551436,-1.04330337,2.24804497,11.17112017,2.43798160,-16.98521198,0.20096460,0.26887581,0.97064459,,,,,,,3,,,,,,,,,
12.547559,55157,12129371,,176.82508850,3.95877695,-170.87316895,,,,,0.05665372,2.96552706,-9.20583630,-1.01776421,2.30549550,-0.44272733,-7.83844889,4.28081252,5.94066845,0.19832565,0.26651853,0.97455215,,,,,,,3,,,,,,,,,
12.557509,55158,12129471,,176.79301453,3.76854706,-170.90643311,,,,,-0.66549981,-2.51537776,-11.82138062,0.44214773,-3.11159921,1.91467381,10.16447066,0.99425367,-17.71243075,0.20195767,0.26693892,0.97111368,,,,,,,3,,,,,,,,,
12.567647,55159,12129571,,176.86917114,3.91190600,-170.74070740,,,,,0.61571026,3.24574423,-7.08013391,-1.49509060,2.64278817,-2.58918333,-7.68762721,3.91461236,7.06063036,0.20146190,0.26646769,0.97011423,,,,,,,3,,,,,,,,,
12.577574,55160,12129671,,176.81384277,3.75300074,-170.78535461,,,,,-1.68882549,-2.48737812,-12.80710888,1.41078377,-2.98330235,2.96651077,6.59181557,0.62964013,-18.98038707,0.20002474,0.26793188,0.97013021,,,,,,,3,,,,,,,,,
12.587556,55161,12129771,,176.88510132,3.84402704,-170.61659241,,,,,0.64939845,2.74586153,-7.94978714,-1.50058818,2.08642077,-1.75752902,-4.35201938,6.96494880,6.67706615,0.20051113,0.26984298,0.97164714,,,,,,,3,,,,,,,,,
12.597639,55162,12129871,,176.88040161,3.66869783,-170.66261292,,,,,-1.88893282,-0.85146630,-10.37758255,1.47493517,-1.16541433,0.64703178,5.98939971,-1.59717944,-16.26162003,0.20092127,0.26935697,0.96966249,,,,,,,3,,,,,,,,,
12.607519,55163,12129971,,176.94215393,3.79812908,-170.53218079,,,,,1.14000583,1.55964994,-9.89042473,-1.87530637,0.72207427,0.08432579,-3.26166655,6.07762954,7.81683305,0.19867423,0.26843372,0.97211039,,,,,,,3,,,,,,,,,
12.617573,55164,12130071,,176.93205261,3.64193845,-170.56547546,,,,,-2.04415560,-1.40230310,-10.63028908,1.71591365,-1.68882775,0.88189554,8.78950150,-5.09840026,-16.19361696,0.19630554,0.26943359,0.97211432,,,,,,,3,,,,,,,,,
12.627511,55165,12130171,,177.01737976,3.79680276,-170.42558289,,,,,1.46170604,1.55635870,-7.89908314,-2.09140420,0.79199243,-1.92861652,-6.63286500,5.06154114,7.78997589,0.19490334,0.26993695,0.97261006,,,,,,,3,,,,,,,,,
12.637550,55166,12130271,,176.95289612,3.65262508,-170.47207642,,,,,-2.23303246,-0.62460655,-10.69881439,1.77316356,-0.89079952,1.00229311,7.87476500,-3.81296762,-15.12226763,0.19721933,0.27085814,0.97214150,,,,,,,3,,,,,,,,,
12.647534,55167,12130371,,177.01336670,3.75660539,-170.36085510,,,,,0.94445246,1.41786420,-10.80329227,-1.70832324,0.55564880,1.00076199,-9.34077802,7.63220194,8.28092562,0.19777565,0.27084771,0.97461790,,,,,,,3,,,,,,,,,
12.657544,55168,12130471,,176.94873047,3.60808086,-170.39550781,,,,,-1.98116064,-0.15102330,-9.80377865,1.49548185,-0.40141249,0.12801671,7.84182044,-9.83058199,-15.45649440,0.20344397,0.27027208,0.97513199,,,,,,,3,,,,,,,,,
12.667558,55169,12130571,,176.99745178,3.77411842,-170.28669739,,,,,0.88080120,0.97981972,-9.80230236,-1.50921857,0.20853472,-0.00544214,-9.76305106,7.20709779,9.19369161,0.20399296,0.26786247,0.97608608,,,,,,,3,,,,,,,,,
12.677497,55170,12130671,,176.94311523,3.62679672,-170.32035828,,,,,-2.01114035,-1.26761818,-10.11180115,1.71218097,-1.51915765,0.38309693,4.08235754,-12.55154152,-16.46121694,0.20111027,0.27031115,0.97561568,,,,,,,3,,,,,,,,,
12.687545,55171,12130771,,176.93655396,3.82889056,-170.21260071,,,,,1.57381666,1.67620921,-9.23558235,-2.30019522,0.80411029,-0.58219051,-9.82787809,5.81156037,8.72327770,0.20178770,0.26933739,0.98104608,,,,,,,3,,,,,,,,,
12.697529,55172,12130871,,176.87237549,3.70996809,-170.25166321,,,,,-2.59311485,0.20217530,-8.82493973,2.07856870,0.09493041,-0.78911471,0.20085856,-13.53815979,-15.63667650,0.20691796,0.26685217,0.97855866,,,,,,,3,,,,,,,,,
12.707556,55173,12130971,,176.84716797,3.87528634,-170.17337036,,,,,2.01824307,0.05989500,-13.02824306,-2.66652274,-1.12833059,3.07717919,-6.76882675,8.20329710,8.00858805,0.20904978,0.26441374,0.98446786,,,,,,,3,,,,,,,,,
12.717596,55174,12131071,,176.83576965,3.75922775,-170.17601013,,,,,-3.63652229,1.66074693,-7.52748346,2.92737079,1.78197849,-1.92163205,2.89528048,-16.08008043,-13.96126439,0.21133967,0.26581562,0.98351198,,,,,,,3,,,,,,,,,
12.727625,55175,12131171,,176.83129883,3.96951270,-170.12036133,,,,,2.60290813,-1.36205447,-11.69362164,-2.93988514,-2.55269957,1.62205720,-9.33322554,6.59077055,8.69109555,0.20767522,0.26155716,0.98392093,,,,,,,3,,,,,,,,,
12.737610,55176,12131271,,176.75048828,3.85443759,-170.11820984,,,,,-3.55843973,0.89536953,-6.44909525,3.04674149,1.07028532,-3.03756618,-0.29256203,-19.48375323,-12.85561215,0.20679590,0.26013157,0.98488349,,,,,,,3,,,,,,,,,
12.747671,55177,12131371,,176.70443726,4.08293343,-170.08270264,,,,,3.13685846,0.71370804,-14.28108978,-3.99224949,-0.82130909,4.27123976,-12.72197438,6.18961305,7.24170038,0.21009508,0.26151556,0.98591149,,,,,,,3,,,,,,,,,
12.757546,55178,12131471,,176.64540100,4.00651979,-170.07447815,,,,,-3.81402445,1.29512405,-5.95355415,3.21342707,1.53109884,-3.48886466,2.13022224,-21.41966448,-12.58991694,0.21712175,0.26187751,0.98545766,,,,,,,3,,,,,,,,,
12.767526,55179,12131571,,176.59745789,4.21230459,-170.05187988,,,,,3.30283451,-0.77763426,-15.10407162,-3.96884727,-2.40142059,4.98146915,-11.05974710,8.18884528,5.79931000,0.22007336,0.25942677,0.98790747,,,,,,,3,,,,,,,,,
12.777649,55180,12131671,,176.58845520,4.13779068,-170.01887512,,,,,-4.48805380,0.80189335,-4.41295767,4.08125830,1.27843285,-4.96832895,1.93845422,-25.24272968,-12.07449294,0.22136229,0.26132610,0.98547024,,,,,,,3,,,,,,,,,
12.787539,55181,12131771,,176.53968811,4.35935259,-169.98980713,,,,,3.17529106,-0.47894213,-13.41666031,-3.81932473,-1.97625804,3.32488346,-8.57055040,11.43096447,6.80546389,0.22056079,0.25941837,0.98840457,,,,,,,3,,,,,,,,,
12.797633,55182,12131871,,176.51551819,4.25281382,-169.97084045,,,,,-4.31485748,1.56384039,-4.35703373,3.74613476,1.99233949,-4.99598885,0.12955225,-21.07876803,-10.30324559,0.22387868,0.25792256,0.98839754,,,,,,,3,,,,,,,,,
12.807537,55183,12131971,,176.46345520,4.43342638,-169.96067810,,,,,4.84123230,-0.88403022,-17.35957336,-5.64133167,-2.97836351,7.08811331,-5.40544501,11.12149543,3.71817057,0.22482008,0.25598717,0.98738205,,,,,,,3,,,,,,,,,
12.817655,55184,12132071,,176.47225952,4.34748316,-169.91108704,,,,,-5.67427588,3.50706124,-2.90177155,4.82593489,4.23627806,-6.21389580,-0.10090218,-20.77664657,-8.17050537,0.23030624,0.25781628,0.98397523,,,,,,,3,,,,,,,,,
12.827545,55185,12132171,,176.40760803,4.52429008,-169.90937805,,,,,4.93571329,-4.40827131,-16.64696693,-5.07325459,-6.43911076,6.13615417,-7.65876710,11.70054094,-0.66902594,0.23034069,0.25781527,0.98496491,,,,,,,3,,,,,,,,,
12.837607,55186,12132271,,176.43362427,4.46209335,-169.82800293,,,,,-5.87541580,4.39513683,-0.96219146,4.98639679,5.28524208,-8.06366158,3.24663245,-21.47477045,-5.50529981,0.22195461,0.25843537,0.98740649,,,,,,,3,,,,,,,,,
12.847555,55187,12132371,,176.40031433,4.60755396,-169.85150146,,,,,4.46662712,-2.59541821,-17.66736984,-5.02230167,-4.66919994,7.28707981,-5.30973954,10.92134015,-1.84315771,0.21341297,0.26001975,0.98590446,,,,,,,3,,,,,,,,,
12.857538,55188,12132471,,176.40942383,4.53764677,-169.76905823,,,,,-4.93968773,4.56827450,-3.99653459,3.80320835,5.05489683,-5.11636734,2.44427498,-20.20053036,-2.90356144,0.21986406,0.26423168,0.98451918,,,,,,,3,,,,,,,,,
12.867548,55189,12132571,,176.38517761,4.68845844,-169.80764771,,,,,4.34404850,-4.03269196,-15.74765015,-4.54996300,-5.92191648,5.27663231,-1.98113223,6.81506585,-5.99683096,0.21329768,0.26626152,0.98600268,,,,,,,3,,,,,,,,,
12.877578,55190,12132671,,176.43379211,4.70691109,-169.69787598,,,,,-4.65379524,4.65347528,-1.70163238,3.64451432,5.27835846,-7.40304279,-2.77312254,-19.16492171,0.36639875,0.22372739,0.26704466,0.98903596,,,,,,,3,,,,,,,,,
12.887566,55191,12132771,,176.33932495,4.80063629,-169.75357056,,,,,2.85478449,-3.35446525,-15.93458462,-3.23796558,-5.01056957,5.62414026,0.81329597,4.97999679,-10.15031254,0.21346056,0.26769638,0.99146855,,,,,,,3,,,,,,,,,
12.897593,55192,12132871,,176.41862488,4.83679676,-169.61231995,,,,,-2.81320095,4.49853516,-5.61387110,1.57076383,4.49430466,-3.67146778,-2.44277276,-11.82954784,1.92348906,0.21428034,0.26768410,0.98800915,,,,,,,3,,,,,,,,,
12.907552,55193,12132971,,176.39576721,4.82448053,-169.64848328,,,,,1.05353832,-3.31700516,-13.23962402,-1.32273626,-4.43653584,3.09181023,4.67643245,-0.33894752,-14.55013684,0.20867258,0.26777807,0.98897207,,,,,,,3,,,,,,,,,
12.917629,55194,12133071,,176.46363831,4.93593454,-169.52407837,,,,,-0.60661614,3.18373156,-5.27879429,-0.33216643,2.84187603,-4.27835608,-0.52397631,-2.62804591,8.00672853,0.20350939,0.26738498,0.98893994,,,,,,,3,,,,,,,,,
12.927531,55195,12133171,,176.47293091,4.85904551,-169.57759094,,,,,-0.92256701,-1.75583220,-12.02389622,0.40289235,-2.44538927,2.15111256,5.74039108,-5.66118778,-16.71698191,0.20576146,0.26831397,0.97313356,,,,,,,3,,,,,,,,,
12.937545,55196,12133271,,176.53096008,4.96296740,-169.45625305,,,,,1.67530572,2.99678206,-10.43149567,-2.91233373,1.86624956,0.63756561,-0.13592597,7.01008355,8.70908969,0.20495942,0.26736599,0.97657788,,,,,,,3,,,,,,,,,
12.947547,55197,12133371,,176.58042908,4.80987883,-169.50956726,,,,,-2.73258138,-1.22201467,-8.50740433,2.35314941,-1.30239248,-1.13948941,11.36527512,-8.34964842,-14.06034312,0.20919511,0.26922005,0.96425945,,,,,,,3,,,,,,,,,
12.957812,55198,12133471,,176.68620300,4.94421148,-169.42276001,,,,,2.65201354,-0.01458284,-11.58198547,-3.38236666,-1.33011234,1.52080297,1.05944846,13.60629861,8.90960953,0.20931572,0.26921651,0.96772331,,,,,,,3,,,,,,,,,
12.967671,55199,12133571,,176.75309753,4.74210978,-169.45036316,,,,,-3.64728904,0.65665460,-6.88365841,2.99637341,0.85429722,-2.58092117,16.41481775,-6.08805326,-12.27422645,0.21212010,0.26820976,0.96673197,,,,,,,3,,,,,,,,,
12.977684,55200,12133671,,176.85758972,4.78846788,-169.41130066,,,,,3.30949163,1.66187811,-14.59112740,-4.50857639,0.02772927,4.57009077,1.79371077,19.90903667,10.29565469,0.20806959,0.26779580,0.97165269,,,,,,,3,,,,,,,,,
12.987641,55201,12133771,,176.92788696,4.55856180,-169.43945312,,,,,-4.70878506,-1.01716447,-4.19451857,4.57096577,-0.39074200,-5.25284338,15.79314930,-8.66150547,-10.20364521,0.21879670,0.26953584,0.97024971,,,,,,,3,,,,,,,,,
12.997614,55202,12133871,,177.04463196,4.69302511,-169.39405823,,,,,4.71805048,0.16823196,-15.96710205,-5.68428469,-1.72632217,5.76493216,4.82670942,19.36890189,6.30830082,0.22291264,0.26706269,0.97913694,,,,,,,3,,,,,,,,,
13.007656,55203,12133971,,177.10598755,4.49703217,-169.41926575,,,,,-6.51409388,1.57928574,-1.29863429,6.05109310,2.69211006,-7.86337185,5.96344841,-12.45982318,-4.23412050,0.22809100,0.27129436,0.98170370,,,,,,,3,,,,,,,,,
13.017683,55204,12134071,,177.12991333,4.56919909,-169.46885681,,,,,5.43993807,-0.81575185,-19.05112076,-6.35955715,-2.96023273,8.76352024,7.06872371,23.83268665,7.56560247,0.21217105,0.27636024,0.98615694,,,,,,,3,,,,,,,,,
13.027667,55205,12134171,,177.23619080,4.32509232,-169.42594910,,,,,-6.11894035,2.30315399,-1.42411554,5.51051044,3.30737758,-7.76496363,9.37788730,-7.35666784,-5.55616679,0.22223207,0.28339851,0.96850741,,,,,,,3,,,,,,,,,
13.037538,55206,12134271,,177.30122375,4.37386036,-169.43688965,,,,,5.79972363,-3.65402150,-18.19741821,-6.10207939,-5.72312164,7.75174809,4.77141477,21.67346919,0.35994886,0.22043115,0.27910891,0.96843046,,,,,,,3,,,,,,,,,
13.047571,55207,12134371,,177.35671997,4.17884874,-169.36801147,,,,,-6.81929731,4.32814884,-0.66121489,5.90208769,5.46735954,-8.40865135,6.55027991,-6.22132391,-0.15733716,0.21281700,0.27923232,0.97927898,,,,,,,3,,,,,,,,,
13.057578,55208,12134471,,177.39710999,4.14711094,-169.43376160,,,,,5.23832846,-3.11308169,-19.42053223,-5.67410374,-5.12834549,9.06563187,2.84672402,22.32443403,-1.23902257,0.19681038,0.28526056,0.98176795,,,,,,,3,,,,,,,,,
13.067529,55209,12134571,,177.47369385,4.02461386,-169.36174011,,,,,-5.15094042,5.33472204,-1.86274552,4.00065422,6.08311081,-7.31781721,2.45159544,-3.69273494,5.43513456,0.19759171,0.28332397,0.98965734,,,,,,,3,,,,,,,,,
13.077572,55210,12134671,,177.46681213,3.94219065,-169.45709229,,,,,2.72109652,-3.48647118,-16.09905243,-2.91195178,-4.80602503,5.92226458,5.60280546,16.55986877,-6.24267167,0.19694591,0.28286311,0.97084594,,,,,,,3,,,,,,,,,
13.087662,55211,12134771,,177.57659912,3.88198209,-169.34306335,,,,,-1.83652306,2.49668574,-5.35337830,1.06619239,2.50365329,-4.22318363,2.41295920,0.81695348,6.77763727,0.18721034,0.28206551,0.97424775,,,,,,,3,,,,,,,,,
13.097665,55212,12134871,,177.58586121,3.76161456,-169.42958069,,,,,-1.06209159,-0.93749118,-11.44091797,0.60147029,-1.31926584,1.64885116,6.22366581,6.86212116,-7.59542051,0.18932840,0.28251266,0.96783358,,,,,,,3,,,,,,,,,
13.107686,55213,12134971,,177.66317749,3.80120873,-169.34046936,,,,,0.56441146,1.66809225,-9.99659538,-1.39204192,1.01959729,0.21085882,-0.10936071,7.57035884,8.42875909,0.18701884,0.27630669,0.97910327,,,,,,,3,,,,,,,,,
13.117750,55214,12135071,,177.68051147,3.66325068,-169.41773987,,,,,-2.58424926,0.02986745,-7.92111540,2.12878585,0.12158488,-1.70659351,9.35896170,-8.62381904,-9.04735224,0.20035097,0.27944520,0.97229314,,,,,,,3,,,,,,,,,
13.127720,55215,12135171,,177.71939087,3.79066372,-169.37046814,,,,,3.03690982,0.45262390,-14.50701618,-3.82652020,-0.83968484,4.51568031,-3.21184310,12.89375876,10.67128778,0.20946771,0.27497056,0.97523659,,,,,,,3,,,,,,,,,
13.137762,55216,12135271,,177.69569397,3.64636183,-169.43246460,,,,,-4.46864796,0.00673614,-4.08273506,4.23374414,0.63968134,-5.38968897,4.82180662,-18.14943309,-7.50130819,0.21867152,0.27817729,0.97137547,,,,,,,3,,,,,,,,,
13.147604,55217,12135371,,177.71697998,3.82372737,-169.42239380,,,,,4.62911034,-0.29938322,-16.08345985,-5.34818554,-1.94501162,5.95806026,-3.02638681,14.95682508,10.30481739,0.20331623,0.28371239,0.97880751,,,,,,,3,,,,,,,,,
13.157684,55218,12135471,,177.67984009,3.67322373,-169.45930481,,,,,-6.29591656,1.87074506,-0.96854746,5.85181046,2.96130800,-8.30238914,-2.86965062,-16.07009128,-2.56573602,0.21641047,0.28733188,0.97893047,,,,,,,3,,,,,,,,,
13.167696,55219,12135571,,177.63291931,3.79572988,-169.49468994,,,,,6.21680021,-1.72534728,-19.69306755,-6.82321787,-3.83036804,9.40207386,-1.11909608,16.52392149,4.58025698,0.20239155,0.28660700,0.98082775,,,,,,,3,,,,,,,,,
13.177701,55220,12135671,,177.65333557,3.66088796,-169.47669983,,,,,-6.95334387,4.05201960,-0.07860423,6.13596964,5.25915194,-9.06786346,-2.67744483,-12.56427129,1.04773298,0.20479468,0.28560615,0.98181349,,,,,,,3,,,,,,,,,
13.187688,55221,12135771,,177.58032227,3.71837687,-169.53906250,,,,,5.55766678,-5.23965120,-18.62178802,-5.44697666,-7.12604284,8.22325516,-3.28086451,17.30205762,-1.46872322,0.19878666,0.28378648,0.98373353,,,,,,,3,,,,,,,,,
13.197571,55222,12135871,,177.61203003,3.62301445,-169.46166992,,,,,-5.84796619,5.08075333,-0.24303482,4.86464214,6.04678297,-8.94343662,-1.80934336,-8.58837549,5.69572719,0.19184507,0.28534153,0.98768145,,,,,,,3,,,,,,,,,
13.207678,55223,12135971,,177.57182312,3.59983253,-169.56773376,,,,,4.05217981,-2.50234365,-17.44987679,-4.39263535,-4.10753536,7.25963640,-1.34298659,13.55697354,-3.83455955,0.19051732,0.28488892,0.97628808,,,,,,,3,,,,,,,,,
13.217698,55224,12136071,,177.61680603,3.54994512,-169.50347900,,,,,-3.08394742,2.97674489,-5.02268696,2.26509452,3.22420216,-4.46049595,0.54985472,-1.34528292,9.45571218,0.18642449,0.28303656,0.97920686,,,,,,,3,,,,,,,,,
13.227597,55225,12136171,,177.58567810,3.48226905,-169.60253906,,,,,0.96423757,-1.36278582,-13.85620689,-1.37966752,-2.22752213,3.91439581,0.20521973,4.13452054,-6.27077448,0.19072074,0.28440896,0.96836537,,,,,,,3,,,,,,,,,
13.237578,55226,12136271,,177.62052917,3.53903770,-169.52378845,,,,,-0.45797542,0.64032882,-6.55000973,0.01991171,0.38260365,-3.20229387,-4.01353100,4.11184176,10.44492250,0.18547678,0.28065321,0.97768009,,,,,,,3,,,,,,,,,
13.247618,55227,12136371,,177.58912659,3.41001034,-169.62162781,,,,,-2.17586040,0.30074650,-9.63013744,1.62914181,0.20709777,-0.03173065,3.63635131,-4.28408675,-8.26632438,0.19472596,0.27953967,0.97276121,,,,,,,3,,,,,,,,,
13.257684,55228,12136471,,177.61598206,3.49340439,-169.58029175,,,,,2.17643929,0.88721776,-13.31976986,-2.92132235,-0.21049511,3.41146350,-7.42189187,12.68470972,12.51651205,0.19856277,0.27418959,0.98555952,,,,,,,3,,,,,,,,,
13.267716,55229,12136571,,177.54252625,3.35846305,-169.66683960,,,,,-4.42119837,0.73494995,-4.57434416,4.02401304,1.29265654,-4.90501213,0.63894792,-16.28286704,-4.69234722,0.20916194,0.27353403,0.97917044,,,,,,,3,,,,,,,,,
13.277671,55230,12136671,,177.52786255,3.51508307,-169.66703796,,,,,4.54760027,-1.34133518,-16.09329605,-4.97869396,-2.97462916,5.95348454,-5.66481504,14.12647216,9.46040793,0.20959665,0.27544662,0.97920293,,,,,,,3,,,,,,,,,
13.287653,55231,12136771,,177.49221802,3.40236259,-169.72856140,,,,,-5.33750248,3.20554781,-2.23750830,4.60861874,4.01276970,-7.05420017,-4.59625286,-19.20682833,-0.42290802,0.21801513,0.27866465,0.97979087,,,,,,,3,,,,,,,,,
13.297614,55232,12136871,,177.40872192,3.57306099,-169.77976990,,,,,4.53036022,-3.12327456,-17.54755592,-4.71535397,-4.81766844,7.31845379,-2.34108256,12.44494191,4.07012424,0.19875373,0.28090820,0.98121405,,,,,,,3,,,,,,,,,
13.307708,55233,12136971,,177.43157959,3.47236013,-169.76020813,,,,,-6.21768379,6.00872421,-2.04691505,4.95900536,6.90933990,-7.07015562,-2.36113386,-15.88975550,1.35300338,0.20302820,0.28131557,0.98272622,,,,,,,3,,,,,,,,,
13.317731,55234,12137071,,177.38130188,3.52524757,-169.82133484,,,,,4.45482731,-5.14159441,-17.55353737,-4.28811884,-6.79556322,7.23015451,1.11590510,11.69811963,-2.28049045,0.19596706,0.28095466,0.98219031,,,,,,,3,,,,,,,,,
13.327637,55235,12137171,,177.44190979,3.49779153,-169.75251770,,,,,-4.82669640,5.16100359,-1.90485394,3.76228642,5.82837200,-7.35341311,3.40419915,-13.77507002,5.47199239,0.19289923,0.28196323,0.98911750,,,,,,,3,,,,,,,,,
13.337670,55236,12137271,,177.44992065,3.51664472,-169.86532593,,,,,2.93044066,-3.76306176,-17.01375771,-3.02217054,-5.13568306,6.83715534,2.97289384,7.16589553,-5.88997009,0.19154638,0.28007168,0.97621697,,,,,,,3,,,,,,,,,
13.347658,55237,12137371,,177.50120544,3.53315783,-169.76606750,,,,,-2.66616607,3.04953074,-4.96411896,1.85618329,3.20786333,-4.53951693,4.01000278,-5.01062848,7.26149939,0.19207713,0.27958211,0.97769624,,,,,,,3,,,,,,,,,
13.357614,55238,12137471,,177.53358459,3.47933102,-169.84791565,,,,,0.30862337,-0.83914280,-13.64647865,-0.83642340,-1.59154248,3.76255798,5.81350014,-1.73238730,-10.30788842,0.19535470,0.28241229,0.96538842,,,,,,,3,,,,,,,,,
13.367664,55239,12137571,,177.62911987,3.59034371,-169.75061035,,,,,0.49566513,-0.29877201,-8.65313148,-0.85222912,-0.81551421,-1.19749248,2.06869888,0.10065811,8.50696902,0.18500814,0.27778181,0.97614795,,,,,,,3,,,,,,,,,
13.377627,55240,12137671,,177.66693115,3.50269866,-169.80674744,,,,,-2.48173189,1.21673906,-8.87884426,1.78627491,1.20497501,-0.71754670,6.89200366,-11.84428824,-9.15236470,0.19269904,0.27909580,0.96829116,,,,,,,3,,,,,,,,,
13.387638,55241,12137771,,177.69984436,3.65118861,-169.77059937,,,,,2.40660954,-0.65359187,-13.28615093,-2.91521883,-1.73522198,3.29440022,-3.86312853,9.11581550,11.23660204,0.19970500,0.27657315,0.97917116,,,,,,,3,,,,,,,,,
13.397729,55242,12137871,,177.65821838,3.53164077,-169.82710266,,,,,-4.24087954,2.33356404,-5.01524830,3.51583433,2.80280828,-4.40975952,3.61609723,-16.94741712,-5.69041757,0.21481988,0.27631783,0.98122191,,,,,,,3,,,,,,,,,
13.407911,55243,12137971,,177.69470215,3.69436097,-169.82545471,,,,,3.90437031,-1.66760910,-15.99058056,-4.35261488,-3.13706303,5.85750771,-3.67816402,11.15672810,6.68733961,0.21167679,0.27300975,0.98362762,,,,,,,3,,,,,,,,,
13.417756,55244,12138071,,177.65270996,3.59518528,-169.83145142,,,,,-5.21479559,3.04905772,-2.72437239,4.50380135,3.79402971,-6.57858753,-2.14105791,-20.08085349,-2.25288496,0.22138372,0.27908683,0.98228824,,,,,,,3,,,,,,,,,
13.427693,55245,12138171,,177.62075806,3.73772168,-169.88800049,,,,,5.17476749,-2.69742990,-17.15778923,-5.49834776,-4.43479443,6.90188885,-0.45881902,13.84188635,4.66927783,0.20778960,0.28267431,0.98524541,,,,,,,3,,,,,,,,,
13.437829,55246,12138271,,177.61315918,3.65997815,-169.88003540,,,,,-5.59644127,4.05496597,-1.39481974,4.75446892,4.91542244,-7.84038639,-6.13530621,-15.41156200,3.00444504,0.21617620,0.28109443,0.98229390,,,,,,,3,,,,,,,,,
13.447711,55247,12138371,,177.52529907,3.72641349,-169.95808411,,,,,4.57189226,-3.92642999,-18.48366165,-4.75726795,-5.61579370,8.20309734,1.55554837,12.25938531,-1.84570046,0.20577990,0.28222987,0.98127019,,,,,,,3,,,,,,,,,
13.457613,55248,12138471,,177.56298828,3.66202688,-169.89973450,,,,,-4.89130306,5.48692226,-2.33656693,3.76015878,6.13632107,-6.89427519,-5.00381153,-10.57285365,7.18583541,0.19980481,0.28328848,0.98570985,,,,,,,3,,,,,,,,,
13.467746,55249,12138571,,177.46536255,3.65137267,-169.99826050,,,,,2.95439553,-4.32968950,-16.20636368,-2.97365355,-5.64531708,5.99616241,-3.95363323,9.81069419,-5.71252220,0.19725703,0.28093445,0.97873312,,,,,,,3,,,,,,,,,
13.477816,55250,12138671,,177.48326111,3.64016938,-169.92633057,,,,,-2.36307693,3.94052720,-3.31425142,1.49209332,4.11703730,-6.15976381,-2.68149641,0.48569096,12.02827134,0.19470373,0.27953443,0.98562479,,,,,,,3,,,,,,,,,
13.487689,55251,12138771,,177.43273926,3.55293012,-170.04344177,,,,,0.31543848,-1.78763974,-12.97788143,-0.64492774,-2.51764846,3.05270195,-2.74143089,0.97455925,-8.66879755,0.19701687,0.27902201,0.97078544,,,,,,,3,,,,,,,,,
13.497852,55252,12138871,,177.42137146,3.60616231,-169.96478271,,,,,0.93382448,-0.11834856,-10.55210018,-1.41623688,-0.84350634,0.67806602,-5.36908535,8.64234764,11.57378543,0.19127661,0.27575481,0.97961068,,,,,,,3,,,,,,,,,
13.507806,55253,12138971,,177.38798523,3.46844983,-170.04466248,,,,,-3.49444866,1.18273056,-6.66461086,2.93796492,1.41229272,-2.85613179,-1.95581400,-9.38828541,-5.81121886,0.20081484,0.27511862,0.96975321,,,,,,,3,,,,,,,,,
13.517739,55254,12139071,,177.34158325,3.60078430,-170.03746033,,,,,3.15814948,-1.65035725,-14.37723446,-3.51343799,-2.96957922,4.29258347,-10.79829258,15.92873539,12.18286840,0.20216185,0.27173170,0.97960156,,,,,,,3,,,,,,,,,
13.527812,55255,12139171,,177.24908447,3.43892789,-170.09143066,,,,,-5.42745733,3.72808528,-2.29549789,4.63503695,4.48016596,-6.96745443,-5.87060778,-15.05586453,-1.54166686,0.21114708,0.27157980,0.98112851,,,,,,,3,,,,,,,,,
13.537770,55256,12139271,,177.14981079,3.56143093,-170.14862061,,,,,4.67565727,-2.64004230,-17.42601395,-4.97143698,-4.43562126,7.17861605,-14.03103392,13.90513305,7.00755424,0.20102797,0.26982778,0.98649234,,,,,,,3,,,,,,,,,
13.547662,55257,12139371,,177.03041077,3.46924376,-170.15319824,,,,,-4.95954466,3.69228649,-3.59184813,4.10969210,4.26472282,-5.69031143,-9.90276514,-16.80307303,2.72762580,0.20921217,0.26680836,0.99044371,,,,,,,3,,,,,,,,,
13.557609,55258,12139471,,176.93515015,3.57363486,-170.25967407,,,,,3.85597610,-3.26305151,-15.51713943,-3.96958113,-4.83211708,5.27171421,-7.52061287,11.86720438,2.84955535,0.20078328,0.26694980,0.99139315,,,,,,,3,,,,,,,,,
13.567694,55259,12139571,,176.88314819,3.52829146,-170.20332336,,,,,-4.61496878,3.87432361,-2.72330546,3.77926111,4.42345238,-6.55854797,-11.84650293,-12.25651321,6.51646449,0.21098222,0.26438054,0.98596126,,,,,,,3,,,,,,,,,
13.577692,55260,12139671,,176.73779297,3.53037930,-170.34371948,,,,,2.70047474,-2.72446299,-16.32045746,-2.95691442,-4.18376064,6.16885853,-2.88120154,9.52422495,-1.39031105,0.20763035,0.26491761,0.98446870,,,,,,,3,,,,,,,,,
13.587626,55261,12139771,,176.71926880,3.52936983,-170.28248596,,,,,-2.39548063,4.76143074,-5.98104763,1.27814245,4.68760824,-3.39772463,-13.33903758,-5.01074460,10.73603199,0.20226274,0.26692402,0.99337924,,,,,,,3,,,,,,,,,
13.597648,55262,12139871,,176.59895325,3.46524096,-170.41912842,,,,,-0.07854785,-3.75794816,-12.96676064,0.11973333,-4.54715109,2.92485762,-1.97685269,0.77636375,-7.28604368,0.19847389,0.26315504,0.97697341,,,,,,,3,,,,,,,,,
13.607726,55263,12139971,,176.59109497,3.56058621,-170.35600281,,,,,1.19198442,3.76035619,-8.18472099,-2.18487144,2.94034195,-1.47900534,-11.23836338,1.42326671,15.06588613,0.19325399,0.26275775,0.98881525,,,,,,,3,,,,,,,,,
13.617762,55264,12140071,,176.47045898,3.46934533,-170.48040771,,,,,-3.49022102,-1.72718537,-8.38547707,3.34529734,-1.69456124,-1.31671572,-6.85810501,-10.39015548,-8.05187352,0.20315801,0.26403621,0.97701085,,,,,,,3,,,,,,,,,
13.627750,55265,12140171,,176.41308594,3.59133697,-170.43043518,,,,,4.40013266,1.04008698,-15.61260700,-5.22782469,-0.80959499,5.57641792,-7.35867676,11.24029120,11.04621223,0.20521639,0.26063427,0.99378920,,,,,,,3,,,,,,,,,
13.637830,55266,12140271,,176.33215332,3.46003246,-170.50744629,,,,,-6.23368979,0.75953060,-2.23297477,5.94509315,1.63348901,-7.10301399,-7.77533111,-15.85764678,-3.07892078,0.21751671,0.25755289,0.98093837,,,,,,,3,,,,,,,,,
13.647714,55267,12140371,,176.24642944,3.59858680,-170.53494263,,,,,5.83357382,-2.82512927,-18.22877121,-6.08784771,-5.08153868,7.85457039,-5.97327961,14.76596569,5.74912646,0.21904990,0.25368652,0.98236912,,,,,,,3,,,,,,,,,
13.657663,55268,12140471,,176.20210266,3.46866393,-170.54556274,,,,,-7.47697067,4.17466450,0.98002815,6.77554274,5.42206526,-9.98942852,-6.18929587,-16.62486315,3.32280848,0.22895725,0.25543883,0.98442560,,,,,,,3,,,,,,,,,
13.667701,55269,12140571,,176.10427856,3.55923009,-170.65786743,,,,,5.67184687,-2.81989336,-20.22624016,-6.00784588,-5.23591852,9.84609604,-5.09156153,15.98169668,4.89300878,0.21063824,0.25382748,0.98381346,,,,,,,3,,,,,,,,,
13.677829,55270,12140671,,176.05744934,3.44923329,-170.63093567,,,,,-5.91679049,4.38386679,-1.94777524,5.05269337,5.12368107,-7.17014551,-9.45175152,-11.97330112,6.79852185,0.22248790,0.25314692,0.98633587,,,,,,,3,,,,,,,,,
13.687700,55271,12140771,,175.92677307,3.47595811,-170.75483704,,,,,3.66324520,-4.01199818,-17.43513107,-3.71984768,-5.92270994,7.06506443,-8.99044482,9.91955801,-1.09254788,0.21170911,0.25140846,0.98625433,,,,,,,3,,,,,,,,,
13.697623,55272,12140871,,175.88430786,3.45632839,-170.68930054,,,,,-3.01899958,3.68260360,-4.11956692,2.22267818,3.77689481,-5.23540068,-10.16890260,-8.21550265,10.14974478,0.20700273,0.25052202,0.99908042,,,,,,,3,,,,,,,,,
13.707749,55273,12140971,,175.77487183,3.44680882,-170.83251953,,,,,0.55924273,-1.38063085,-14.23465729,-0.96869862,-2.60858893,4.24294472,-4.69903056,-0.22407284,-2.49655132,0.20265147,0.24867727,0.99457651,,,,,,,3,,,,,,,,,
13.717680,55274,12141071,,175.74160767,3.53855276,-170.79306030,,,,,0.12108162,1.93702805,-7.95564890,-0.77550191,1.22533512,-1.72684431,-13.78521115,-1.92521219,14.26299739,0.19709386,0.25164902,0.99855381,,,,,,,3,,,,,,,,,
13.727638,55275,12141171,,175.58605957,3.47254109,-170.91976929,,,,,-1.93259990,-0.54710096,-9.40819263,1.57793653,-1.02680492,-0.34011722,-6.08119489,-10.92971054,-6.12672920,0.20133993,0.25014365,0.98469800,,,,,,,3,,,,,,,,,
13.737722,55276,12141271,,175.54653931,3.60823822,-170.87159729,,,,,2.51538539,0.80510962,-14.34788418,-3.25303197,-0.84770006,4.40627670,-12.76932040,7.96517536,10.64031201,0.19995198,0.24680167,0.99700713,,,,,,,3,,,,,,,,,
13.747699,55277,12141371,,175.43730164,3.49411654,-170.92518616,,,,,-4.59079361,0.25688478,-3.31291342,4.39344692,0.70309842,-6.15800285,-6.84310378,-17.22676503,-6.05586983,0.21317390,0.24658431,0.98519576,,,,,,,3,,,,,,,,,
13.757762,55278,12141471,,175.34701538,3.67677069,-170.93325806,,,,,4.87057066,-1.43209374,-16.65435791,-5.33176374,-3.65869498,6.38321686,-11.00935994,12.48253868,9.79863634,0.21460757,0.24223508,0.99700832,,,,,,,3,,,,,,,,,
13.767754,55279,12141571,,175.27177429,3.56285477,-170.97410583,,,,,-6.11779022,2.36603761,-1.10473394,5.67949200,3.21600199,-8.06593132,-10.26437755,-19.56461072,0.11894142,0.22256680,0.24114178,0.99554664,,,,,,,3,,,,,,,,,
13.777762,55280,12141671,,175.13836670,3.70853066,-171.06675720,,,,,5.36094713,-2.58614397,-18.97417831,-5.73567677,-5.12518215,8.55491734,-4.73785847,13.12822379,5.73538839,0.22341369,0.23872931,0.99155462,,,,,,,3,,,,,,,,,
13.787776,55281,12141771,,175.11634827,3.60428953,-171.04922485,,,,,-6.38439655,4.85537481,-1.12328899,5.52984381,5.67445230,-7.81956720,-7.96887647,-15.19333234,4.68881003,0.23601472,0.23707874,0.98812836,,,,,,,3,,,,,,,,,
13.797668,55282,12141871,,175.02149963,3.68408275,-171.16545105,,,,,5.11172056,-4.70157623,-17.85382843,-5.11614656,-7.09330130,7.25151157,-1.41708240,10.20782273,1.12301981,0.21726835,0.23595393,0.98900604,,,,,,,3,,,,,,,,,
13.807693,55283,12141971,,175.04336548,3.65432596,-171.11315918,,,,,-5.38418198,4.67603731,-1.93409622,4.54493332,5.25355721,-7.09712553,-5.65813853,-12.05133262,9.83070920,0.22131486,0.23444258,0.99642384,,,,,,,3,,,,,,,,,
13.817795,55284,12142071,,174.95321655,3.66085625,-171.25889587,,,,,3.39062071,-3.51360369,-17.12569046,-3.58134627,-5.61722136,6.71710396,-3.66623936,7.74754761,-2.83312789,0.21653470,0.23596367,0.99493963,,,,,,,3,,,,,,,,,
13.827626,55285,12142171,,174.95518494,3.70685863,-171.19355774,,,,,-2.62995410,3.11197042,-4.15223408,1.94908142,3.06687593,-5.21158648,-4.27373730,-5.79911192,12.16890920,0.21517865,0.23741952,1.01078808,,,,,,,3,,,,,,,,,
13.837763,55286,12142271,,174.90766907,3.67236471,-171.32595825,,,,,0.14109445,-0.98225105,-13.15341568,-0.60695720,-2.26232886,3.19313383,-4.13684537,-5.19479600,-6.16806722,0.21116863,0.23509078,1.00232029,,,,,,,3,,,,,,,,,
13.847655,55287,12142371,,174.87875366,3.78872228,-171.27394104,,,,,0.46680447,1.30264866,-10.42181206,-1.14303255,0.20162070,0.66736603,-6.73249996,2.31754807,13.43550717,0.20578584,0.23325861,1.00869608,,,,,,,3,,,,,,,,,
13.857699,55288,12142471,,174.83558655,3.68781757,-171.38641357,,,,,-2.73713660,0.34338099,-7.75519514,2.31242371,-0.00046277,-1.85082841,-4.20467939,-12.06234203,-5.23095075,0.21138875,0.23557009,0.99540234,,,,,,,3,,,,,,,,,
13.867696,55289,12142571,,174.78749084,3.86794043,-171.38752747,,,,,3.49611330,-1.65501606,-13.88717270,-3.85499167,-3.53008842,3.64397979,-9.04334805,8.42679968,12.78856446,0.20732099,0.23515663,0.99982822,,,,,,,3,,,,,,,,,
13.877796,55290,12142671,,174.70590210,3.75179148,-171.46066284,,,,,-5.30607033,2.52972746,-3.43352032,4.72268772,2.94363070,-5.76541138,-2.54191168,-17.63141446,-2.76511564,0.21835695,0.23257458,0.99143183,,,,,,,3,,,,,,,,,
13.887715,55291,12142771,,174.64947510,3.90987897,-171.50953674,,,,,4.70435667,-0.96960485,-17.99758148,-5.35181665,-3.48179650,7.70469713,-8.37730300,11.65962981,9.47629581,0.21991622,0.22822759,0.99334985,,,,,,,3,,,,,,,,,
13.897777,55292,12142871,,174.59422302,3.79538941,-171.54910278,,,,,-5.84044790,2.77342010,-1.96703041,5.28548002,3.38761830,-7.16240501,-0.26094439,-19.41392821,0.94882138,0.22923380,0.22807182,0.99092031,,,,,,,3,,,,,,,,,
13.907782,55293,12142971,,174.56497192,3.93011737,-171.64454651,,,,,5.06299210,-2.85950875,-17.36914062,-5.39552975,-5.34336519,6.87320471,-3.93427818,13.13606399,5.54295763,0.23081921,0.22324416,0.99332565,,,,,,,3,,,,,,,,,
13.917696,55294,12143071,,174.56745911,3.85927892,-171.62826538,,,,,-6.36174822,2.33408380,-1.49630499,5.89782429,3.07590127,-7.62407351,-0.85415731,-17.70776915,3.27446035,0.23823780,0.22504011,0.99141222,,,,,,,3,,,,,,,,,
13.927693,55295,12143171,,174.54693604,3.92208838,-171.73101807,,,,,4.71539402,-1.56460738,-18.04714203,-5.30544853,-4.07032967,7.68790436,3.49528271,13.03531102,3.12370505,0.22507940,0.22862066,0.99338198,,,,,,,3,,,,,,,,,
13.937672,55296,12143271,,174.58529663,3.85160398,-171.68701172,,,,,-5.08321047,3.56219149,-2.88038349,4.37971354,3.94765377,-6.22451115,-4.40705534,-12.18134613,6.70642017,0.23865630,0.22503370,0.98992997,,,,,,,3,,,,,,,,,
13.947655,55297,12143371,,174.52207947,3.87290168,-171.80506897,,,,,3.94304395,-3.11341858,-17.65871429,-4.31205702,-5.43914986,7.19957590,2.51414781,6.59806135,-3.06595922,0.22746734,0.22378123,0.99183303,,,,,,,3,,,,,,,,,
13.957912,55298,12143471,,174.58551025,3.87678671,-171.73246765,,,,,-3.60172462,3.65505219,-4.46266317,2.83168650,3.66184306,-4.75521803,-3.52741150,-6.22854043,10.56738608,0.22477467,0.22526456,0.99629587,,,,,,,3,,,,,,,,,
13.967666,55299,12143571,,174.52282715,3.83726096,-171.86265564,,,,,0.56770760,-2.59571862,-14.07391834,-0.88023829,-4.08052778,3.91218662,-0.00447325,-0.50639567,-6.54130418,0.22049081,0.22629710,0.99530119,,,,,,,3,,,,,,,,,
13.977905,55300,12143671,,174.54180908,3.94241214,-171.79837036,,,,,-0.16646691,3.20987248,-6.70479441,-0.62066317,2.49802876,-2.80711269,-4.93822933,-0.81432962,14.16358826,0.21010572,0.22934575,1.00915062,,,,,,,3,,,,,,,,,
13.987699,55301,12143771,,174.44392395,3.85495973,-171.91929626,,,,,-2.06579065,-1.31149435,-9.74525928,1.75380135,-2.01654601,-0.08892274,-5.99845014,-10.05962555,-7.33285097,0.21237050,0.22930871,1.00668752,,,,,,,3,,,,,,,,,
13.997735,55302,12143871,,174.41926575,3.99469543,-171.87145996,,,,,3.18341255,0.93384457,-13.77172756,-3.97312021,-0.97307730,3.77701330,-6.36377604,9.31796519,11.24676451,0.21269536,0.22449449,1.02689826,,,,,,,3,,,,,,,,,
14.007671,55303,12143971,,174.37251282,3.85723162,-171.92944336,,,,,-4.83387613,-0.15126559,-4.15585375,4.64723253,0.09443867,-5.31911087,2.21807981,-15.08790837,-7.58344890,0.23186448,0.22034599,0.99476928,,,,,,,3,,,,,,,,,
14.017701,55304,12144071,,174.42817688,4.03654003,-171.94593811,,,,,5.41979790,-0.97619247,-16.56810188,-6.06030750,-3.47013044,6.20716381,-2.39245284,13.29686116,10.67839459,0.22671017,0.21947278,0.99472958,,,,,,,3,,,,,,,,,
14.027666,55305,12144171,,174.42686462,3.88101935,-171.97026062,,,,,-6.94260168,1.66126060,-0.51452535,6.66467333,2.55380511,-8.61087513,4.27765527,-14.28639677,-1.11078812,0.23222089,0.22370057,0.99333990,,,,,,,3,,,,,,,,,
14.037683,55306,12144271,,174.43627930,3.96569586,-172.03178406,,,,,5.92694855,-1.53357291,-19.26136017,-6.61137199,-4.34989929,8.80567551,-0.19008220,17.77477160,8.42557451,0.23587014,0.22412041,0.99039626,,,,,,,3,,,,,,,,,
14.047771,55307,12144371,,174.48703003,3.80860138,-172.02383423,,,,,-6.48476171,2.85258031,-1.56694317,5.97904205,3.54355860,-7.50897074,7.14043813,-11.52782936,0.58671341,0.24661653,0.22202086,0.98744839,,,,,,,3,,,,,,,,,
14.057880,55308,12144471,,174.51391602,3.86989212,-172.09317017,,,,,4.73056412,-3.75997472,-17.57562065,-4.99931097,-6.17268658,7.00775146,0.96724827,17.75006680,3.65526154,0.22685884,0.22475296,0.98838204,,,,,,,3,,,,,,,,,
14.067686,55309,12144571,,174.55676270,3.78723145,-172.06437683,,,,,-4.96899223,4.96523094,-1.77839100,4.16887474,5.39407158,-7.20017624,-2.21545894,-10.86540944,5.82829263,0.22130555,0.22627904,1.00520015,,,,,,,3,,,,,,,,,
14.077683,55310,12144671,,174.49130249,3.82076979,-172.17980957,,,,,2.42796755,-2.30197787,-16.04847908,-2.85589194,-4.25223732,5.77669001,0.81527315,6.66944963,-0.99705383,0.21320853,0.22737640,1.00270319,,,,,,,3,,,,,,,,,
14.087818,55311,12144771,,174.53540039,3.84456754,-172.13061523,,,,,-1.34125674,3.97521734,-6.18559599,0.47351122,3.45431328,-3.16762805,-9.00487359,-2.78465895,9.07783709,0.21003330,0.22646271,1.01899993,,,,,,,3,,,,,,,,,
14.097727,55312,12144871,,174.41664124,3.78382325,-172.24705505,,,,,-0.94997424,-1.91809535,-11.76234436,0.63323987,-2.98024654,1.78003550,0.26992158,-5.59374777,-6.64250326,0.22302391,0.22385278,0.99923331,,,,,,,3,,,,,,,,,
14.107716,55313,12144971,,174.44355774,3.90890574,-172.18312073,,,,,1.97297871,1.76351237,-12.04385567,-2.79848623,0.20282125,2.21513891,-8.70061342,4.05922070,9.98109460,0.22235188,0.22146133,1.00562382,,,,,,,3,,,,,,,,,
14.117654,55314,12145071,,174.37751770,3.80979419,-172.26737976,,,,,-4.24848223,-0.95684016,-5.74512959,4.08022213,-0.95998263,-3.86547470,-0.00969372,-15.37530224,-7.35101158,0.23080249,0.22228490,0.99232084,,,,,,,3,,,,,,,,,
14.127680,55315,12145171,,174.36430359,3.97517610,-172.25299072,,,,,4.05980110,-0.26095775,-14.59625340,-4.71195555,-2.34031487,4.42323732,-4.56546109,10.65449063,12.20145249,0.23518240,0.21885018,0.99476224,,,,,,,3,,,,,,,,,
14.137767,55316,12145271,,174.33892822,3.83828712,-172.31190491,,,,,-5.68622780,2.29789186,-2.46032500,5.21301460,2.78542566,-6.70307064,-2.29812643,-15.13402922,-4.42209712,0.23743628,0.22313234,0.99434656,,,,,,,3,,,,,,,,,
14.147659,55317,12145371,,174.29763794,3.97505236,-172.35874939,,,,,5.53514004,-2.61027098,-18.46937370,-6.01926041,-5.26809120,7.94462919,-0.48719670,13.69818856,7.25811845,0.21214961,0.22355670,0.99719501,,,,,,,3,,,,,,,,,
14.157699,55318,12145471,,174.31210327,3.82202840,-172.34712219,,,,,-6.88255930,4.55614042,-1.35511267,6.15058136,5.26621342,-7.50287819,-0.83402645,-11.67699898,0.43982459,0.21702474,0.22155295,1.00114584,,,,,,,3,,,,,,,,,
14.167798,55319,12145571,,174.27960205,3.84733200,-172.40780640,,,,,5.00769234,-4.10706043,-17.80489731,-5.23949814,-6.61903858,7.16151428,-3.56240768,17.55021035,2.22337214,0.20497723,0.22175944,0.99267775,,,,,,,3,,,,,,,,,
14.177825,55320,12145671,,174.25944519,3.74151325,-172.38638306,,,,,-5.01385975,4.14796686,-0.63305104,4.41609907,4.68002462,-8.40482521,-1.93947960,-7.61208020,8.46857653,0.20943388,0.21976207,0.99811083,,,,,,,3,,,,,,,,,
14.187837,55321,12145771,,174.22758484,3.74041963,-172.50434875,,,,,2.21067452,-1.37819886,-15.79958057,-2.74813151,-3.35421801,5.61674309,-2.09512168,5.99708069,-2.79314055,0.20678173,0.21933064,0.98918504,,,,,,,3,,,,,,,,,
14.197830,55322,12145871,,174.19674683,3.75099683,-172.47608948,,,,,0.21857238,1.35335648,-8.05059624,-0.76277059,0.43478775,-1.67269289,-6.84816495,2.55248609,11.52796425,0.19670774,0.22045065,1.01092160,,,,,,,3,,,,,,,,,
14.207813,55323,12145971,,174.14601135,3.69141603,-172.57812500,,,,,-3.56330872,0.17618984,-5.14745426,3.27561975,0.07618666,-4.42814732,-2.16204516,-13.76305401,-2.23924294,0.20245051,0.21891902,0.99954671,,,,,,,3,,,,,,,,,
14.217912,55324,12146071,,174.14308167,3.84207058,-172.58970642,,,,,4.35190868,-2.34025598,-16.38829803,-4.74692392,-4.66422749,5.97065353,-4.69720263,14.77023115,7.37146459,0.19349575,0.21714459,1.01134789,,,,,,,3,,,,,,,,,
14.227911,55325,12146171,,174.11300659,3.69712901,-172.63850403,,,,,-4.83803988,6.03641033,-0.56244189,3.99813914,6.50638771,-8.27647781,-1.56153866,-15.22235723,7.97978429,0.19516243,0.21471985,1.00389647,,,,,,,3,,,,,,,,,
14.237712,55326,12146271,,174.12994385,3.78009963,-172.75070190,,,,,1.99331546,-4.25541735,-13.99250221,-2.05968404,-5.96945572,3.53810930,3.55174682,8.87597938,0.95832698,0.17656034,0.22032087,0.98558581,,,,,,,3,,,,,,,,,
14.247678,55327,12146371,,174.18951416,3.74004984,-172.71948242,,,,,0.23716266,1.14450014,-6.38700342,-0.68218517,0.40679598,-3.35053086,-0.02805600,1.04652596,12.04835124,0.21109399,0.22021088,1.00554764,,,,,,,3,,,,,,,,,
14.257731,55328,12146471,,174.19750977,3.67689061,-172.82415771,,,,,-2.68811798,0.79494429,-5.62359285,2.30813265,0.52219522,-3.94592690,4.21550781,-8.98306394,-0.10183553,0.20910758,0.21785218,0.98768902,,,,,,,3,,,,,,,,,
14.267702,55329,12146571,,174.22987366,3.75180888,-172.84948730,,,,,3.27661490,-3.66683793,-14.63452530,-3.44127202,-5.58855295,4.18153524,2.00896525,19.74753001,8.46158498,0.19545725,0.22047561,1.00201011,,,,,,,3,,,,,,,,,
14.277723,55330,12146671,,174.23953247,3.54486918,-172.91236877,,,,,-3.03536344,5.96841145,-1.66597426,2.22332382,6.09452629,-7.33375645,-1.42734198,-9.87110465,11.17951618,0.21502648,0.21582957,0.99461329,,,,,,,3,,,,,,,,,
14.287782,55331,12146771,,174.20890808,3.61424041,-173.05981445,,,,,-0.95844603,-1.33297598,-11.01386261,0.61782801,-2.37081981,1.06980348,4.49633573,2.32837755,1.47485171,0.17784144,0.22078082,0.98213619,,,,,,,3,,,,,,,,,
14.297800,55332,12146871,,174.24810791,3.58876753,-173.06213379,,,,,2.50061178,-1.38061547,-12.00219154,-2.86020398,-2.93224812,1.84457922,1.42814496,13.96061980,10.47636015,0.20696416,0.22315836,1.01002634,,,,,,,3,,,,,,,,,
14.307723,55333,12146971,,174.28153992,3.42263126,-173.15213013,,,,,-3.88400841,5.93663406,-2.22352028,3.07686710,6.09870148,-6.74381781,-0.03401764,-13.79282168,9.78837142,0.22008732,0.21430613,0.99065650,,,,,,,3,,,,,,,,,
14.317799,55334,12147071,,174.29168701,3.52582288,-173.27128601,,,,,-0.11845501,-4.26588917,-12.05036545,0.10969892,-5.46568441,1.76463509,2.46144564,6.31805091,1.32727747,0.17916033,0.22171362,0.99353707,,,,,,,3,,,,,,,,,
14.327830,55335,12147171,,174.31321716,3.46020412,-173.26959229,,,,,1.87797880,-0.88708562,-9.98762798,-2.18926692,-2.13320065,-0.07311344,1.50178475,9.82313196,11.70733100,0.21244682,0.22210242,1.01844811,,,,,,,3,,,,,,,,,
14.337764,55336,12147271,,174.33958435,3.35900044,-173.38858032,,,,,-3.11295438,5.35571623,-0.85640317,2.45692062,5.56329727,-8.21018887,0.55792331,-16.27293765,9.67457535,0.21639474,0.21436742,0.99261796,,,,,,,3,,,,,,,,,
14.347745,55337,12147371,,174.34896851,3.52010679,-173.51072693,,,,,0.72196209,-4.36045885,-12.13670158,-0.71592027,-5.64601135,1.78436041,1.49946782,6.53743019,1.44757034,0.18623084,0.22063461,0.99355543,,,,,,,3,,,,,,,,,
14.357712,55338,12147471,,174.38473511,3.48956919,-173.48275757,,,,,2.89101696,-0.61703676,-9.61950684,-3.22533894,-1.93245959,-0.47911739,3.59392900,3.20598578,11.01059621,0.22558260,0.22188759,1.00416255,,,,,,,3,,,,,,,,,
14.367764,55339,12147571,,174.39375305,3.43533969,-173.60414124,,,,,-3.93043613,4.32186508,-1.17784905,3.39498878,4.59553242,-7.94400072,-2.76183075,-15.49837542,9.98011788,0.22064763,0.21622099,0.98079443,,,,,,,3,,,,,,,,,
14.377733,55340,12147671,,174.32574463,3.54396629,-173.74230957,,,,,0.62958264,-2.19785452,-13.96872234,-0.99440765,-3.70158529,3.81879473,-3.71769544,12.64522355,4.74039632,0.19473702,0.22097075,0.99508768,,,,,,,3,,,,,,,,,
14.387725,55341,12147771,,174.28480530,3.40559959,-173.75357056,,,,,1.39505553,1.47119796,-9.65472126,-1.98627448,0.29938179,-0.14884067,-0.02735301,1.40794521,11.21140889,0.22543743,0.21949247,0.99868160,,,,,,,3,,,,,,,,,
14.397758,55342,12147871,,174.27867126,3.34848928,-173.86819458,,,,,-4.56350040,4.00037813,-1.04584014,4.10741425,4.34077692,-8.07355499,-5.56800564,-14.25342659,8.77748464,0.21539098,0.21343128,0.97676581,,,,,,,3,,,,,,,,,
14.407658,55343,12147971,,174.24818420,3.46133447,-173.96174622,,,,,1.12719238,-3.81785750,-14.88428593,-1.33763742,-5.47452164,4.54931831,-5.76375289,14.40288137,3.34727059,0.20283107,0.21602856,1.00890326,,,,,,,3,,,,,,,,,
14.417817,55344,12148071,,174.17410278,3.32064176,-173.96919250,,,,,1.17209196,-0.24179174,-7.77186537,-1.46561801,-1.18460596,-2.18813920,-7.09571064,-1.82344088,12.03273914,0.22618131,0.21371207,1.01689982,,,,,,,3,,,,,,,,,
14.427782,55345,12148171,,174.09042358,3.30872273,-174.11268616,,,,,-3.80572939,4.06328869,-1.74197423,3.31307745,4.22743893,-7.40637875,-10.41232798,-12.44263160,9.24006432,0.21080674,0.20966204,0.99152595,,,,,,,3,,,,,,,,,
14.437804,55346,12148271,,174.00665283,3.42794657,-174.24235535,,,,,3.04313684,-3.05531740,-15.74608040,-3.35273385,-5.05099916,5.35656834,-5.40383180,15.32569799,6.51005735,0.20844823,0.21449468,1.00742280,,,,,,,3,,,,,,,,,
14.447714,55347,12148371,,173.95800781,3.30414844,-174.27371216,,,,,0.11442441,2.11060596,-4.31515026,-0.50015301,1.60154915,-5.29288006,-5.46443009,-9.25877392,12.35509760,0.23692590,0.20825934,0.99856138,,,,,,,3,,,,,,,,,
14.457697,55348,12148471,,173.91990662,3.38898563,-174.41036987,,,,,-2.56724858,-0.04152751,-6.20648527,2.28116107,-0.47095895,-3.49398661,-3.23661320,-7.66432090,3.17018214,0.21525955,0.20815058,0.98360819,,,,,,,3,,,,,,,,,
14.467823,55349,12148571,,173.91282654,3.45751333,-174.43672180,,,,,3.15006328,-4.39780283,-14.61561012,-3.30589294,-6.27966166,4.07377768,-2.84967381,17.03894166,8.16922129,0.23031116,0.21076457,1.01242101,,,,,,,3,,,,,,,,,
14.477976,55350,12148671,,173.88064575,3.27481246,-174.48455811,,,,,-2.61034703,4.90140629,-2.48969769,2.04112697,4.82394314,-6.63236570,-5.41411764,-12.64614221,11.82495710,0.24072440,0.20339619,0.99701917,,,,,,,3,,,,,,,,,
14.487791,55351,12148771,,173.81382751,3.34320045,-174.63313293,,,,,-0.80563128,-0.80975592,-12.18172741,0.35079122,-2.08437109,2.25180864,-0.36352692,4.63245286,2.02728659,0.19523004,0.21040489,0.98997527,,,,,,,3,,,,,,,,,
14.497840,55352,12148871,,173.79609680,3.30528259,-174.64299011,,,,,2.10514379,-0.93899083,-11.05234146,-2.48691225,-2.36368227,0.95774698,-4.64534228,10.09928846,10.95706374,0.23302054,0.21024048,1.00896299,,,,,,,3,,,,,,,,,
14.507737,55353,12148971,,173.73342896,3.16793370,-174.73574829,,,,,-4.59746885,5.66154575,-1.17594957,4.04480648,5.89470387,-7.73037481,-6.94519590,-14.07836457,8.83440914,0.23578236,0.20156290,0.98904920,,,,,,,3,,,,,,,,,
14.517761,55354,12149071,,173.68144226,3.27657461,-174.84391785,,,,,1.44560826,-3.76481748,-15.44154263,-1.72158456,-5.61182356,5.05372095,0.05462379,10.53975029,0.69234170,0.20239893,0.20931707,1.00632107,,,,,,,3,,,,,,,,,
14.527718,55355,12149171,,173.70141602,3.18186975,-174.82177734,,,,,1.11868799,1.19854343,-8.23525333,-1.56600630,0.15489161,-1.55996335,-4.82616813,3.03953386,12.08761800,0.24379003,0.20381545,1.01782095,,,,,,,3,,,,,,,,,
14.537793,55356,12149271,,173.66961670,3.12601209,-174.94184875,,,,,-4.45142412,3.30117416,-2.78693628,4.05573940,3.36183310,-6.39414930,-8.74613151,-13.85231092,5.13832058,0.23024605,0.19685598,0.98944163,,,,,,,3,,,,,,,,,
14.547823,55357,12149371,,173.59686279,3.23836684,-175.01182556,,,,,3.36713386,-5.10507584,-16.24762917,-3.53126621,-7.21557522,5.60361958,-1.82010091,15.33606963,3.82646877,0.21526827,0.20525923,1.00928986,,,,,,,3,,,,,,,,,
14.557734,55358,12149471,,173.56112671,3.10692620,-175.02595520,,,,,-1.50372064,3.65555763,-4.28189182,1.02787340,3.25412202,-5.05308533,-4.72071086,-8.20789894,12.61394128,0.24620809,0.20042069,1.00442088,,,,,,,3,,,,,,,,,
14.567924,55359,12149571,,173.54429626,3.13393903,-175.14892578,,,,,-2.19618893,-0.16421323,-9.04393578,1.83006656,-1.02114034,-0.71497846,-5.10244970,-3.48741391,-1.97188991,0.21937072,0.19847944,0.98842329,,,,,,,3,,,,,,,,,
14.577745,55360,12149671,,173.49581909,3.16802955,-175.14991760,,,,,3.04751348,-2.83001113,-14.22465324,-3.35052538,-4.71819353,3.84554100,-1.69528134,13.53658970,8.14564860,0.23452568,0.20109038,1.02020526,,,,,,,3,,,,,,,,,
14.587755,55361,12149771,,173.46281433,3.03671455,-175.20161438,,,,,-4.21535730,5.42985201,-0.90351605,3.75932217,5.62325001,-8.02316189,-5.67989567,-16.82438663,8.61928038,0.23957583,0.19669394,1.00086534,,,,,,,3,,,,,,,,,
14.597743,55362,12149871,,173.40037537,3.14886975,-175.33592224,,,,,1.38764477,-3.08998466,-15.17079926,-1.71205842,-4.97910881,4.82378769,-4.33489140,11.14101269,0.39883574,0.20010427,0.20071723,1.00320482,,,,,,,3,,,,,,,,,
14.607725,55363,12149971,,173.37634277,3.07617736,-175.31526184,,,,,0.82296395,1.76925933,-8.79020882,-1.31301296,0.64228225,-0.92243314,-1.43362213,0.18601058,11.23156478,0.24005821,0.19667974,1.01472080,,,,,,,3,,,,,,,,,
14.617753,55364,12150071,,173.37556458,3.05529928,-175.42726135,,,,,-3.53539586,1.52194190,-4.09804869,3.25499916,1.30974221,-5.34716892,-4.39156276,-14.31790272,2.08903769,0.24189888,0.19378184,0.98499858,,,,,,,3,,,,,,,,,
14.627834,55365,12150171,,173.30484009,3.20171642,-175.47372437,,,,,3.56292605,-4.05143595,-16.46646500,-3.84352541,-6.28151321,5.89001226,-6.45714601,16.05287408,3.71399946,0.23487833,0.19532742,1.01368380,,,,,,,3,,,,,,,,,
14.637817,55366,12150271,,173.27124023,3.06201792,-175.46867371,,,,,-3.81778932,6.06442022,-3.03703427,3.20719934,5.92973709,-5.85854483,-0.92623043,-15.38152283,7.02871161,0.25959399,0.19011518,1.00531435,,,,,,,3,,,,,,,,,
14.647742,55367,12150371,,173.27618408,3.14307880,-175.57205200,,,,,0.49710479,-1.91830373,-14.03109741,-0.91764927,-3.63210011,3.86772108,-0.77630762,1.95161471,-3.23471121,0.21899204,0.19511962,1.00271618,,,,,,,3,,,,,,,,,
14.657877,55368,12150471,,173.26603699,3.17843843,-175.53887939,,,,,1.17502475,-1.30318141,-9.00987434,-1.42843556,-2.46255445,-1.07212925,-4.41918191,2.36043782,9.49841708,0.22534114,0.19404408,1.02252150,,,,,,,3,,,,,,,,,
14.667842,55369,12150571,,173.22280884,3.13377762,-175.61088562,,,,,-4.39152765,2.70911503,-2.35693574,4.08344555,2.73330116,-6.87785339,-2.50786297,-18.62322111,0.37157678,0.22679824,0.19019181,0.99476117,,,,,,,3,,,,,,,,,
14.677718,55370,12150671,,173.21752930,3.30342960,-175.66429138,,,,,4.65381289,-1.92534268,-17.98983002,-5.22114086,-4.45169449,7.57515955,-1.84828355,11.43161931,4.03946694,0.22673012,0.19546653,1.00919235,,,,,,,3,,,,,,,,,
14.687752,55371,12150771,,173.17550659,3.21741557,-175.66511536,,,,,-3.41716266,2.87070775,-2.28635788,3.10929918,2.82239485,-6.97460508,-4.29568697,-18.28529921,4.49213602,0.23974232,0.19141041,1.00276160,,,,,,,3,,,,,,,,,
14.697738,55372,12150871,,173.16326904,3.33092046,-175.75016785,,,,,0.38214135,-1.72852147,-13.78532314,-0.85400116,-3.42933130,3.63969803,1.72286356,1.65199117,-3.73512694,0.20838450,0.19529557,1.00860286,,,,,,,3,,,,,,,,,
14.707748,55373,12150971,,173.19586182,3.34726453,-175.69619751,,,,,0.87505716,1.42948854,-10.54572868,-1.44362915,0.05747318,0.78587103,-3.40976298,6.50219666,7.78310899,0.24153574,0.19088960,1.02700555,,,,,,,3,,,,,,,,,
14.717849,55374,12151071,,173.17984009,3.25257373,-175.74549866,,,,,-3.93833113,1.35611451,-3.34872413,3.69516516,1.23076284,-6.06553316,0.09707773,-18.57816918,-2.95990090,0.24653873,0.18746021,0.99333268,,,,,,,3,,,,,,,,,
14.727782,55375,12151171,,173.16815186,3.42084861,-175.75576782,,,,,3.94686174,-3.36710024,-16.83190536,-4.38858700,-5.68862057,6.28527927,-1.32820371,16.20617597,1.64054655,0.23821397,0.19287132,1.01366162,,,,,,,3,,,,,,,,,
14.737776,55376,12151271,,173.19371033,3.28417754,-175.72756958,,,,,-3.83362889,5.54467297,-1.92266500,3.33356786,5.54212809,-6.98628235,-1.00898831,-15.50953424,3.25075127,0.25874078,0.18820892,1.00676417,,,,,,,3,,,,,,,,,
14.747847,55377,12151371,,173.18966675,3.38106751,-175.79730225,,,,,0.81172681,-2.13693619,-14.49686718,-1.29953623,-3.93689370,4.28572655,4.44884713,1.95861288,-5.98080392,0.22476323,0.19550072,1.00670922,,,,,,,3,,,,,,,,,
14.757767,55378,12151471,,173.23786926,3.41571188,-175.72937012,,,,,1.03971982,-0.84259939,-10.08152676,-1.42346191,-2.12090421,0.05061769,0.22820198,3.11771754,5.75092195,0.21305218,0.20144992,1.02455616,,,,,,,3,,,,,,,,,
14.767768,55379,12151571,,173.27677917,3.36699009,-175.75061035,,,,,-4.03546143,1.75508714,-3.09613347,3.76666021,1.67927670,-6.24978065,1.89169901,-18.82492172,-5.97619013,0.22907975,0.19111402,0.99330294,,,,,,,3,,,,,,,,,
14.777829,55380,12151671,,173.29423523,3.53471303,-175.75708008,,,,,4.17423582,-1.35706604,-17.56137848,-4.85017395,-3.75060058,7.23373508,6.04148119,13.74795246,2.10367564,0.24428512,0.18941051,1.01066875,,,,,,,3,,,,,,,,,
14.787786,55381,12151771,,173.33718872,3.41674018,-175.74299622,,,,,-3.73829222,4.84896564,-3.32671142,3.21185780,4.68913078,-5.68156672,-0.40447324,-14.46897199,2.79292412,0.23041536,0.19300607,1.00570858,,,,,,,3,,,,,,,,,
14.797813,55382,12151871,,173.35479736,3.51320148,-175.79235840,,,,,0.50668091,-3.44090915,-13.14784431,-0.87272292,-5.01215315,2.81556511,3.65397576,-3.39749276,-8.37192508,0.22291848,0.19265206,1.00616014,,,,,,,3,,,,,,,,,
14.807761,55383,12151971,,173.39279175,3.57102537,-175.70724487,,,,,1.49749649,0.94595450,-9.92130947,-2.04459381,-0.34413654,0.07045341,1.08957558,8.18202875,6.91734366,0.23367836,0.19485916,1.03296614,,,,,,,3,,,,,,,,,
14.817800,55384,12152071,,173.40068054,3.45969534,-175.74629211,,,,,-4.63063669,3.15129614,-2.71540499,4.25841570,3.15966868,-6.42103243,-4.36408576,-15.72272493,-4.40020252,0.22879755,0.19399567,1.00027382,,,,,,,3,,,,,,,,,
14.827899,55385,12152171,,173.36463928,3.60337734,-175.75933838,,,,,4.51382017,-4.27612352,-17.75923729,-4.98414230,-6.67600965,7.08108330,2.62437319,14.00706679,-0.44506983,0.24720860,0.19127952,1.01467109,,,,,,,3,,,,,,,,,
14.837740,55386,12152271,,173.41889954,3.50587964,-175.70852661,,,,,-3.20934701,4.94701195,-2.86490703,2.70286560,4.80213356,-6.17181778,1.21249614,-13.25250676,3.58556842,0.23482718,0.19436917,1.01168931,,,,,,,3,,,,,,,,,
14.847776,55387,12152371,,173.45462036,3.57748151,-175.77148438,,,,,-0.11103590,-1.97313917,-13.08403587,-0.38049853,-3.48287868,2.96497345,-0.68886657,-0.20624954,-8.27511142,0.22563571,0.19356740,1.00371444,,,,,,,3,,,,,,,,,
14.857770,55388,12152471,,173.42384338,3.62755275,-175.69029236,,,,,1.34422159,0.29589367,-10.82852936,-1.88991535,-1.08173442,0.90014768,-0.20078951,5.10077118,6.31924492,0.23854762,0.19718039,1.02560592,,,,,,,3,,,,,,,,,
14.867809,55389,12152571,,173.44334412,3.55279732,-175.71749878,,,,,-4.16434240,2.70122981,-3.59442949,3.79142809,2.56703997,-5.63512468,0.53511645,-19.18052357,-3.96731751,0.23153253,0.19395071,0.99781299,,,,,,,3,,,,,,,,,
14.877788,55390,12152671,,173.46031189,3.72020769,-175.72700500,,,,,3.69845700,-3.70620370,-17.28801155,-4.23708391,-5.99199915,6.71904755,0.90466090,14.95983378,-0.89166684,0.24519786,0.19275463,1.01171577,,,,,,,3,,,,,,,,,
14.887796,55391,12152771,,173.50476074,3.60650039,-175.68893433,,,,,-3.03536773,6.09840918,-2.02519417,2.48704553,6.02748966,-6.88884592,2.11557618,-16.11219769,4.92200123,0.23224971,0.19921416,1.00779510,,,,,,,3,,,,,,,,,
14.898001,55392,12152871,,173.52131653,3.70295000,-175.76626587,,,,,0.25523925,-2.64621496,-13.11006355,-0.71330583,-4.17371368,2.89512396,2.47220618,1.45728745,-7.68234662,0.22581583,0.19500171,1.00967515,,,,,,,3,,,,,,,,,
14.907926,55393,12152971,,173.54826355,3.74572873,-175.69389343,,,,,1.76106262,-0.90326762,-10.90564060,-2.24230099,-2.28943253,0.81310749,1.47516473,2.92206848,5.30631378,0.23785000,0.19430982,1.03099930,,,,,,,3,,,,,,,,,
14.919413,55394,12153071,,173.58451843,3.67277932,-175.70774841,,,,,-4.11173344,2.50125575,-3.03652215,3.78581548,2.44145012,-6.20838594,3.33584945,-15.43658099,-4.50124109,0.23997813,0.19476852,0.99786830,,,,,,,3,,,,,,,,,
14.927927,55395,12153171,,173.62551880,3.80393720,-175.70951843,,,,,3.70121861,-2.41166234,-17.57675743,-4.37730598,-4.69785976,7.15916109,1.02518269,19.04397784,1.01921246,0.25429529,0.19211955,1.01620424,,,,,,,3,,,,,,,,,
14.937954,55396,12153271,,173.64860535,3.63563251,-175.68609619,,,,,-3.39612222,6.12225151,-3.46021724,2.75316644,5.91616058,-5.45327806,3.24815046,-12.28456053,2.97076517,0.23897219,0.19526024,1.00974524,,,,,,,3,,,,,,,,,
14.947942,55397,12153371,,173.68431091,3.70663309,-175.74201965,,,,,-0.09104632,-3.24616146,-12.60698891,-0.30451310,-4.64686871,2.36051607,5.35185620,3.67975033,-6.88570239,0.22820958,0.19544075,1.01117837,,,,,,,3,,,,,,,,,
14.959423,55398,12153471,,173.75256348,3.73541307,-175.65727234,,,,,2.08590865,-0.39535254,-10.29806709,-2.58481455,-1.70817280,0.24451780,2.25907226,4.54056248,5.28652586,0.23373303,0.19870250,1.02313209,,,,,,,3,,,,,,,,,
14.967899,55399,12153571,,173.78947449,3.66335654,-175.69390869,,,,,-4.62814474,3.05623174,-1.73451900,4.33309650,3.19403887,-7.41540098,3.51799138,-15.57312330,-2.77325957,0.23735103,0.19577597,0.99044973,,,,,,,3,,,,,,,,,
14.980413,55400,12153671,,173.81671143,3.80354333,-175.71559143,,,,,3.90957403,-2.45545602,-18.08363914,-4.62795877,-4.75342417,7.65622902,1.89112997,16.24668411,0.97289737,0.25092572,0.19361688,1.01472676,,,,,,,3,,,,,,,,,
14.987902,55401,12153771,,173.81896973,3.68628979,-175.69126892,,,,,-2.67954230,5.02895021,-4.81063271,2.04226637,4.63972044,-4.30150604,2.35523129,-14.46971478,2.91686580,0.23776582,0.20007673,1.01822639,,,,,,,3,,,,,,,,,
14.997904,55402,12153871,,173.84997559,3.78231978,-175.73347473,,,,,-0.85522008,-2.65557933,-11.11238194,0.46681038,-3.80864120,1.00117898,2.68052140,-4.92404175,-6.79491167,0.23372133,0.19774899,1.00876880,,,,,,,3,,,,,,,,,
15.008420,55403,12153971,,173.87731934,3.89830828,-175.68963623,,,,,3.07515574,-1.04865944,-12.39033890,-3.66340160,-2.64313579,2.19240022,0.64012896,5.69080732,4.78494281,0.24197574,0.19904047,1.03060019,,,,,,,3,,,,,,,,,
15.017936,55404,12154071,,173.88505554,3.82533407,-175.72009277,,,,,-5.49678946,4.28884840,-0.43544453,5.18292856,4.61164141,-8.50275517,1.53244312,-23.06896221,-0.66340485,0.23069878,0.20404080,1.00637949,,,,,,,3,,,,,,,,,
15.027906,55405,12154171,,173.90611267,4.02106237,-175.75653076,,,,,4.02909899,-2.92344475,-18.45197105,-4.80347824,-5.24924707,7.94289684,-0.22429173,10.21759331,-1.81160736,0.23482360,0.20108753,1.01525903,,,,,,,3,,,,,,,,,
15.037939,55406,12154271,,173.86982727,3.95649266,-175.71211243,,,,,-2.87677693,3.52485394,-4.65429258,2.35537839,3.18518567,-4.59010029,-2.38224469,-15.38027461,4.37681339,0.24307466,0.20190515,1.02322960,,,,,,,3,,,,,,,,,
15.047926,55407,12154371,,173.84870911,4.04897356,-175.74696350,,,,,-0.65176445,-1.81828642,-10.47394371,0.17813474,-2.93109703,0.44195914,-4.02958408,-9.37606022,-7.21122579,0.24606292,0.19802557,0.99893993,,,,,,,3,,,,,,,,,
15.057916,55408,12154471,,173.83564758,4.20724821,-175.71658325,,,,,3.05100703,-1.00334060,-12.57232761,-3.71701431,-2.63388515,2.35586214,-4.17283278,5.48193075,4.51032396,0.25325236,0.19741112,1.02964139,,,,,,,3,,,,,,,,,
15.067783,55409,12154571,,173.84884644,4.14971066,-175.72853088,,,,,-5.27398777,4.30275869,-0.67869604,4.93957233,4.57816696,-8.24539185,2.84456867,-24.69269455,-2.02513423,0.23818380,0.20103011,1.01725399,,,,,,,3,,,,,,,,,
15.077964,55410,12154671,,173.84545898,4.34992981,-175.76077271,,,,,4.50834465,-3.66517425,-18.28657532,-5.30799103,-6.02659941,7.63448811,-1.88110240,11.10369083,-0.89187794,0.23860282,0.20006394,1.01526177,,,,,,,3,,,,,,,,,
15.087878,55411,12154771,,173.86294556,4.30229330,-175.71922302,,,,,-3.23004174,3.34154916,-4.56039238,2.68298006,3.04052830,-4.66474342,3.40435176,-17.62197002,2.49867551,0.24395549,0.20045145,1.02073729,,,,,,,3,,,,,,,,,
15.097806,55412,12154871,,173.90499878,4.41378784,-175.75419617,,,,,0.38796654,-1.65448916,-12.44233418,-1.06227469,-3.05241823,2.34302139,3.83431025,-7.83164175,-6.97105542,0.24758674,0.19559912,1.00088823,,,,,,,3,,,,,,,,,
15.107824,55413,12154971,,173.98104858,4.53609371,-175.71554565,,,,,1.66687131,-0.08070099,-10.98841572,-2.37857962,-1.41872478,0.97084188,1.60446480,5.68983829,5.84648313,0.26084527,0.19536293,1.03063655,,,,,,,3,,,,,,,,,
15.117817,55414,12155071,,174.02471924,4.46818352,-175.73593140,,,,,-4.46790028,3.88068938,-2.48267937,4.01852608,3.91149139,-6.54388905,6.54885410,-22.35524672,-3.49140487,0.24919108,0.20372756,1.01092005,,,,,,,3,,,,,,,,,
15.127806,55415,12155171,,174.08222961,4.65349054,-175.75738525,,,,,3.78358626,-3.51512575,-16.97556114,-4.59044361,-5.61279821,6.40355873,2.93108625,13.75889187,0.80652480,0.24723989,0.20664056,1.01046169,,,,,,,3,,,,,,,,,
15.137810,55416,12155271,,174.11578369,4.56066799,-175.72746277,,,,,-2.84684896,5.05290890,-4.77121496,2.12814879,4.70065498,-4.30240822,5.54752575,-19.70625689,2.09064513,0.24602720,0.20713836,1.01640058,,,,,,,3,,,,,,,,,
15.147896,55417,12155371,,174.19863892,4.68061399,-175.78001404,,,,,0.19818771,-2.67140436,-12.57448387,-0.85215914,-3.99633551,2.39774323,8.62524655,-2.40507332,-5.46324634,0.24524009,0.20379646,1.00545895,,,,,,,3,,,,,,,,,
15.157833,55418,12155471,,174.27937317,4.75404596,-175.74516296,,,,,2.13638091,1.55313873,-11.23546696,-3.05300164,0.19661367,1.32804799,1.64658401,5.95988348,6.84616114,0.25843653,0.20692122,1.03526032,,,,,,,3,,,,,,,,,
15.167856,55419,12155571,,174.28730774,4.67548323,-175.80856323,,,,,-4.64124870,3.15421557,-2.24564362,4.24870825,3.24061966,-6.84561634,5.77271879,-20.10139528,-1.07955281,0.25039968,0.21090791,1.00906074,,,,,,,3,,,,,,,,,
15.177865,55420,12155671,,174.31251526,4.83301353,-175.84739685,,,,,4.42857647,-2.73943758,-17.89950562,-5.39723110,-4.91109753,7.36312294,2.88828487,17.32078088,1.93359923,0.25194961,0.20800079,1.01149631,,,,,,,3,,,,,,,,,
15.187903,55421,12155771,,174.32618713,4.70432425,-175.85067749,,,,,-3.27368903,3.17633939,-4.04207087,2.74056625,2.96555471,-5.18165922,2.53452205,-16.88214101,3.85650794,0.24883842,0.20949054,1.01744139,,,,,,,3,,,,,,,,,
15.197891,55422,12155871,,174.36557007,4.78975534,-175.89251709,,,,,0.16529061,-2.41632581,-12.72754383,-0.88711911,-3.72679138,2.58105850,4.71848166,-0.19386469,-5.11711754,0.24704151,0.20712629,1.00502598,,,,,,,3,,,,,,,,,
15.207901,55423,12155971,,174.40072632,4.83350277,-175.86924744,,,,,1.78652048,0.73934984,-11.28037834,-2.64199781,-0.56171882,1.32549882,-1.72674813,9.34142945,7.85530750,0.25525796,0.20553367,1.03769624,,,,,,,3,,,,,,,,,
15.217894,55424,12156071,,174.41531372,4.72288609,-175.91349792,,,,,-5.49922562,3.13806200,-2.29064918,5.09451103,3.27128649,-6.73079443,4.53964681,-20.92310973,0.61424601,0.24557221,0.21098483,1.01893306,,,,,,,3,,,,,,,,,
15.227915,55425,12156171,,174.47331238,4.92143297,-175.96919250,,,,,4.52021265,-3.09934258,-18.23575401,-5.54502296,-5.24348640,7.64840031,7.37888900,12.63790329,2.81686265,0.25134340,0.21136595,1.02292609,,,,,,,3,,,,,,,,,
15.237842,55426,12156271,,174.60775757,4.87349987,-175.97071838,,,,,-2.92926073,2.41356921,-3.11194110,2.53422141,2.29147673,-6.21106434,12.98676203,-24.13230485,5.07122592,0.25476664,0.21563146,1.01558936,,,,,,,3,,,,,,,,,
15.247938,55427,12156371,,174.77232361,5.07832766,-176.03428650,,,,,-0.28051183,-1.05392826,-11.44425297,-0.53675616,-2.12729025,1.49302673,16.29474815,-15.01324245,-3.20667649,0.26187178,0.21696268,0.99090815,,,,,,,3,,,,,,,,,
15.257918,55428,12156471,,174.90649414,5.27067089,-176.04696655,,,,,2.11588812,-0.39537778,-12.81469345,-3.09320664,-1.74099958,2.70911074,11.74246378,-0.17395984,7.75046837,0.27783716,0.22100124,1.01974821,,,,,,,3,,,,,,,,,
15.267834,55429,12156571,,175.04638672,5.25115681,-176.09010315,,,,,-4.27229500,3.76483989,-3.76036024,3.67771649,3.68289566,-5.32689190,19.02378951,-31.91826629,1.24061923,0.26253521,0.22606672,1.00144553,,,,,,,3,,,,,,,,,
15.277830,55430,12156671,,175.21060181,5.51487780,-176.14639282,,,,,4.22242069,-3.15564346,-18.12813759,-5.47412300,-5.03501606,7.55741215,13.71780486,5.10468232,1.17209664,0.26002577,0.22322577,1.00880933,,,,,,,3,,,,,,,,,
15.287808,55431,12156771,,175.37852478,5.49972582,-176.13270569,,,,,-2.24754238,3.62025785,-3.91901326,1.67178369,3.40686393,-5.38175392,10.93381207,-20.96572670,6.51067164,0.26455030,0.22314593,1.01724160,,,,,,,3,,,,,,,,,
15.297788,55432,12156871,,175.47061157,5.64577007,-176.20541382,,,,,-1.35320997,-0.27949733,-8.90649891,0.56520468,-0.93779922,-0.83850670,10.41566709,-17.87105848,-0.92359526,0.26942614,0.22259362,0.99499327,,,,,,,3,,,,,,,,,
15.307841,55433,12156971,,175.51924133,5.83188248,-176.23887634,,,,,3.31186581,-0.34265479,-15.35184097,-4.65542364,-1.85197258,5.10121441,2.64208131,7.35897900,8.54652606,0.28458947,0.22568420,1.02727771,,,,,,,3,,,,,,,,,
15.317842,55434,12157071,,175.56628418,5.75059271,-176.31854248,,,,,-4.42918777,5.36806011,-2.88936448,3.82533145,5.37307358,-6.03501892,9.80189605,-29.66733647,6.72143634,0.27216771,0.23309983,1.01199508,,,,,,,3,,,,,,,,,
15.327898,55435,12157171,,175.64851379,5.98368025,-176.41419983,,,,,3.23302746,-3.64264917,-16.59268951,-4.51238632,-5.18680048,6.08091688,7.66639215,5.53765570,2.44666213,0.26377481,0.23036097,1.01240444,,,,,,,3,,,,,,,,,
15.337821,55436,12157271,,175.67842102,6.00763798,-176.44653320,,,,,-0.97966325,0.98522508,-6.07552481,0.34434819,0.55101871,-3.57900858,0.71885772,-13.12892559,10.35346371,0.27123272,0.22975045,1.02381170,,,,,,,3,,,,,,,,,
15.347941,55437,12157371,,175.70687866,6.08507252,-176.53115845,,,,,-1.85096669,-0.47286320,-7.47012854,1.15153933,-0.96499538,-2.21509933,9.42104470,-20.56709295,0.57637442,0.27971551,0.22817963,0.99661756,,,,,,,3,,,,,,,,,
15.357895,55438,12157471,,175.78823853,6.30666637,-176.58738708,,,,,4.09681845,-0.93465596,-16.45663834,-5.63667917,-2.48354816,6.04192924,3.66123881,11.46810618,9.47084959,0.29380167,0.22937053,1.02391887,,,,,,,3,,,,,,,,,
15.367892,55439,12157571,,175.87312317,6.21196365,-176.63314819,,,,,-5.13378143,4.51005983,-1.49430501,4.72887516,4.66812086,-7.38115406,6.50369802,-28.61239668,6.51965163,0.28043166,0.23536260,1.00761950,,,,,,,3,,,,,,,,,
15.377834,55440,12157671,,175.91654968,6.41988802,-176.72091675,,,,,2.58769464,-3.29283333,-16.03904724,-3.99168563,-4.66038036,5.60704088,7.22412716,4.70183307,1.74903034,0.27437094,0.23546398,1.00907505,,,,,,,3,,,,,,,,,
15.387850,55441,12157771,,176.01538086,6.42383862,-176.74137878,,,,,0.21236248,2.83369040,-8.95829582,-1.32017922,2.12998772,-0.73353171,3.50397904,-2.91618854,10.88476619,0.28112027,0.23630211,1.02792311,,,,,,,3,,,,,,,,,
15.397843,55442,12157871,,176.05068970,6.40755510,-176.85511780,,,,,-2.84207654,2.08650780,-6.04135656,2.09199858,1.79526222,-3.31078291,7.05295579,-21.82564239,4.19748977,0.28551370,0.23576401,0.99181914,,,,,,,3,,,,,,,,,
15.407831,55443,12157971,,176.06805420,6.61386013,-176.95831299,,,,,4.26960754,-2.43689895,-16.33431053,-5.77514791,-3.86502361,5.79262066,2.54801253,16.70692616,10.33699185,0.29906383,0.23120624,1.01407909,,,,,,,3,,,,,,,,,
15.417875,55444,12158071,,176.07887268,6.45705128,-177.04081726,,,,,-4.32985592,3.75764084,-3.07542729,3.78905869,3.73552895,-5.96352196,3.45392165,-20.13474539,9.25296399,0.28607336,0.23622739,1.00815630,,,,,,,3,,,,,,,,,
15.427858,55445,12158171,,176.09599304,6.57763815,-177.14437866,,,,,1.21934676,-2.10369301,-14.85041809,-2.66743207,-3.23885965,4.65894461,6.36682487,1.76960074,1.66950463,0.27789804,0.23876671,1.00419748,,,,,,,3,,,,,,,,,
15.437872,55446,12158271,,176.15090942,6.58918667,-177.16979980,,,,,1.03156555,0.71038723,-10.57508659,-2.17797565,-0.10939670,0.63345146,0.06049387,6.45179498,10.57659745,0.28616032,0.24149758,1.02704120,,,,,,,3,,,,,,,,,
15.447830,55447,12158371,,176.17521667,6.49630594,-177.24310303,,,,,-4.02094793,2.18429565,-3.64409900,3.52519703,2.10660744,-5.54423714,6.01633926,-23.80212667,4.99119190,0.28515068,0.24488641,0.99987793,,,,,,,3,,,,,,,,,
15.457816,55448,12158471,,176.21173096,6.69089603,-177.31539917,,,,,4.05443335,-2.60647058,-17.46651268,-5.73521233,-4.02071667,6.92402649,5.62823809,16.84180874,5.34089929,0.29150131,0.24093159,1.01815319,,,,,,,3,,,,,,,,,
15.467826,55449,12158571,,176.29737854,6.55201483,-177.34413147,,,,,-1.61360765,4.46156168,-6.05946779,0.73928428,4.09312820,-3.30206156,1.67807855,-9.05562873,9.94873316,0.28673989,0.23957285,1.01563394,,,,,,,3,,,,,,,,,
15.477843,55450,12158671,,176.29646301,6.59976816,-177.45172119,,,,,-1.69849122,-0.76045257,-8.38540840,0.81561130,-1.25913858,-1.32451630,4.00974921,-11.21243342,2.77158874,0.28876117,0.23714951,0.99136263,,,,,,,3,,,,,,,,,
15.487894,55451,12158771,,176.32124329,6.71888924,-177.49971008,,,,,3.58935332,-1.92672801,-15.83392334,-5.17303371,-3.16097283,5.40518618,2.97700006,19.68540091,8.35011885,0.30326030,0.23928805,1.03104997,,,,,,,3,,,,,,,,,
15.497859,55452,12158871,,176.33729553,6.48927593,-177.55151367,,,,,-4.07023764,5.15568352,-2.56477904,3.59253168,5.13249683,-6.42136240,0.35396369,-15.28045994,8.62409908,0.28747934,0.24484156,1.01275253,,,,,,,3,,,,,,,,,
15.507835,55453,12158971,,176.32057190,6.61878633,-177.65614319,,,,,1.24610281,-2.71680689,-13.77085876,-2.59844112,-3.70154929,3.55605364,3.45280683,5.10925215,1.81071751,0.28115335,0.24159162,1.00475335,,,,,,,3,,,,,,,,,
15.517863,55454,12159071,,176.33639526,6.61083889,-177.68190002,,,,,1.84122860,-0.85740632,-11.27519226,-3.00568128,-1.69003415,1.13524318,-1.18733639,10.50265297,9.84369510,0.29335895,0.24522541,1.00635624,,,,,,,3,,,,,,,,,
15.527928,55455,12159171,,176.36952209,6.53149843,-177.75141907,,,,,-3.77647686,4.13159609,-2.97315836,3.31014776,4.06326103,-6.11507130,2.03127158,-23.72433423,7.12522474,0.29046002,0.24575508,1.00437117,,,,,,,3,,,,,,,,,
15.537943,55456,12159271,,176.36940002,6.74893904,-177.85661316,,,,,2.41622543,-2.90031838,-16.19827271,-4.01671124,-4.07088614,5.83105040,3.45270395,12.09638882,4.28953468,0.29576623,0.24036765,1.04587233,,,,,,,3,,,,,,,,,
15.547827,55457,12159371,,176.40396118,6.66040373,-177.88151550,,,,,-0.34864688,1.12475240,-9.75777912,-0.77812815,0.48249421,-0.00495958,-0.67638798,-2.21713725,10.74147139,0.29644734,0.24469016,1.01378465,,,,,,,3,,,,,,,,,
15.557894,55458,12159471,,176.41909790,6.68636751,-177.98591614,,,,,-3.05063391,3.40640879,-5.18823910,2.34576893,3.16545296,-4.05086851,1.95643341,-24.89060782,5.22419783,0.30088925,0.24749793,1.00791430,,,,,,,3,,,,,,,,,
15.567803,55459,12159571,,176.41313171,6.90289783,-178.09335327,,,,,3.25666785,-2.39161134,-16.51442719,-4.94581699,-3.59059000,6.07551479,1.32621036,15.19741850,6.53257648,0.30852479,0.24351713,1.03609097,,,,,,,3,,,,,,,,,
15.577835,55460,12159671,,176.37348938,6.76656866,-178.15431213,,,,,-2.42233324,2.66651034,-6.16631317,1.62783623,2.32258248,-3.20186424,-4.75716016,-17.61975362,11.89707877,0.29871613,0.24657844,0.99898320,,,,,,,3,,,,,,,,,
15.587881,55461,12159771,,176.33335876,6.88047743,-178.25193787,,,,,-1.09662914,-0.64400333,-9.45945644,0.03193647,-1.24733233,-0.32350421,1.24708625,-15.23441422,0.96226437,0.29889280,0.24512769,1.01677239,,,,,,,3,,,,,,,,,
15.597955,55462,12159871,,176.34594727,7.01045465,-178.29348755,,,,,3.45121622,-1.42848861,-15.31739807,-5.11219692,-2.56248569,4.90844727,-1.73132809,17.54330502,8.41883226,0.31006935,0.24397525,1.02670550,,,,,,,3,,,,,,,,,
15.607950,55463,12159971,,176.33076477,6.84322786,-178.34866333,,,,,-3.90715122,5.34485149,-4.23441553,3.25409842,5.15342283,-4.74370527,-2.94842981,-23.50111682,8.81024479,0.30144274,0.24605387,0.99602002,,,,,,,3,,,,,,,,,
15.617908,55464,12160071,,176.29467773,7.03379726,-178.45124817,,,,,1.14560688,-3.63142228,-14.32142067,-2.66955495,-4.61635208,4.04141760,2.32857029,2.08628640,1.72621772,0.29712078,0.24179111,1.03155363,,,,,,,3,,,,,,,,,
15.627949,55465,12160171,,176.31961060,7.02550936,-178.46435547,,,,,1.55073190,1.32789469,-10.97943306,-2.85761452,0.54066670,0.98454833,-3.07868920,6.82360316,10.22217979,0.30422977,0.24263640,1.02022314,,,,,,,3,,,,,,,,,
15.637928,55466,12160271,,176.26109314,6.95468616,-178.54698181,,,,,-4.57083941,2.78402233,-2.90869856,4.17773294,2.69380879,-6.12221575,-3.99725039,-26.22242299,5.23886310,0.31091186,0.24300845,1.00987256,,,,,,,3,,,,,,,,,
15.647831,55467,12160371,,176.21620178,7.19735527,-178.63343811,,,,,4.18136358,-4.32073689,-17.79395103,-6.08771992,-5.62198114,7.07681751,3.02049599,14.18935600,2.96916285,0.31417346,0.23813741,1.04691887,,,,,,,3,,,,,,,,,
15.657825,55468,12160471,,176.29289246,7.12170029,-178.64175415,,,,,-1.78395879,3.71333146,-6.13977718,0.94375598,3.32888651,-3.23921084,-0.01865578,-10.76947772,10.30454418,0.30902278,0.24256049,1.00936115,,,,,,,3,,,,,,,,,
15.667851,55469,12160571,,176.29251099,7.20514774,-178.74386597,,,,,-1.99255383,1.30838466,-8.62745476,0.90403497,0.77113205,-0.90167308,0.23082061,-18.83631618,1.69254468,0.31193841,0.24299009,1.01235116,,,,,,,3,,,,,,,,,
15.677930,55470,12160671,,176.26632690,7.37243032,-178.80412292,,,,,4.36954498,-3.56379795,-17.32168579,-6.29040051,-4.81309891,6.62754059,1.81037408,18.66065567,4.37014329,0.31782618,0.24144234,1.03214669,,,,,,,3,,,,,,,,,
15.687851,55471,12160771,,176.26426697,7.16330004,-178.82566833,,,,,-5.00189590,5.80097628,-3.16170716,4.47192383,5.66538429,-5.60937023,-4.08472804,-17.74855904,8.96795813,0.30670196,0.24404472,0.99749887,,,,,,,3,,,,,,,,,
15.697851,55472,12160871,,176.20323181,7.27940321,-178.91719055,,,,,1.26935756,-2.00631022,-14.77573395,-3.00097466,-3.04108453,4.54567623,-1.11021182,1.51386597,-2.28341271,0.30262619,0.23978065,1.02660179,,,,,,,3,,,,,,,,,
15.707863,55473,12160971,,176.20140076,7.27239943,-178.89398193,,,,,1.44212699,-1.71973574,-11.80512714,-2.80048847,-2.55511594,1.61585379,-1.94491728,11.88801341,6.40620859,0.30650777,0.24067356,1.03059351,,,,,,,3,,,,,,,,,
15.717865,55474,12161071,,176.19694519,7.14016676,-178.92129517,,,,,-4.27297258,6.44284391,-3.81640577,3.68076754,6.24127865,-5.00465393,-2.92374956,-20.65404980,5.27871127,0.30969918,0.24350627,1.01581144,,,,,,,3,,,,,,,,,
15.727866,55475,12161171,,176.13902283,7.30577898,-178.98912048,,,,,3.68493843,-4.21570539,-18.05856705,-5.68123341,-5.53508472,7.38372135,-2.28876544,18.99922303,-2.62645384,0.31248218,0.23816350,1.05235314,,,,,,,3,,,,,,,,,
15.737848,55476,12161271,,176.14353943,7.18073845,-178.96289062,,,,,-1.17279088,0.48979697,-7.77956390,0.23744595,-0.03375155,-1.89871740,-0.17102017,-4.93753436,5.05867673,0.30864361,0.24016042,1.02416420,,,,,,,3,,,,,,,,,
15.747887,55477,12161371,,176.17547607,7.20324993,-178.98661804,,,,,-2.48686028,2.33912611,-7.17030334,1.57435143,1.88026953,-2.20542240,1.26517152,-13.17627929,0.46255524,0.31151742,0.23819189,1.02464223,,,,,,,3,,,,,,,,,
15.757877,55478,12161471,,176.16094971,7.33354521,-179.01931763,,,,,3.53557658,-3.44940615,-17.13057327,-5.45529604,-4.68954468,6.53419971,-0.32575243,23.51499747,0.43798100,0.31851983,0.24238761,1.03909183,,,,,,,3,,,,,,,,,
15.767880,55479,12161571,,176.19383240,7.09158325,-178.98948669,,,,,-2.85866666,4.83035088,-4.94723320,2.18677330,4.51990128,-4.18722630,1.94298092,-13.08628301,4.67297552,0.30747184,0.24738713,1.00794554,,,,,,,3,,,,,,,,,
15.777902,55480,12161671,,176.21186829,7.14902878,-179.05924988,,,,,-0.35292035,-0.46214238,-13.68248940,-1.24293613,-1.39087248,3.78327131,2.48692502,11.55774132,-0.63922460,0.30344930,0.24024221,1.03700316,,,,,,,3,,,,,,,,,
15.787859,55481,12161771,,176.21772766,7.02696371,-179.05235291,,,,,2.08475852,-0.77067858,-14.31087112,-3.70209050,-1.78413725,4.09458399,-1.99700388,24.08406834,2.24659521,0.30840471,0.24256091,1.03211713,,,,,,,3,,,,,,,,,
15.798018,55482,12161871,,176.22294617,6.76681614,-179.03761292,,,,,-4.26607037,2.63172388,-2.97021103,3.90002799,2.48865533,-6.12866592,3.57583818,-10.79152130,0.69610759,0.30302489,0.24457359,1.02717447,,,,,,,3,,,,,,,,,
15.807899,55483,12161971,,176.25325012,6.80943537,-179.06394958,,,,,3.67952800,-2.07530046,-18.41441345,-5.61362362,-3.35546494,7.93018293,7.10606393,33.47094246,-2.70554977,0.29438111,0.23845930,1.07255208,,,,,,,3,,,,,,,,,
15.817866,55484,12162071,,176.38560486,6.50333118,-178.98806763,,,,,-1.29713976,1.50405169,-7.89781713,0.42970085,1.00832081,-1.70392299,4.79204834,11.84582674,0.56048362,0.29210329,0.24283338,1.03649259,,,,,,,3,,,,,,,,,
15.827893,55485,12162171,,176.41845703,6.32484436,-178.97135925,,,,,-2.90797400,0.96106064,-6.27657080,2.24218440,0.61260891,-3.16429520,5.85498799,3.94658832,-2.70167428,0.29486436,0.24230777,1.03451908,,,,,,,3,,,,,,,,,
15.837893,55486,12162271,,176.48674011,6.28918839,-178.95271301,,,,,4.97769690,-1.46449828,-19.60773087,-6.87900782,-2.76236415,9.11342430,12.29827469,43.14248350,-1.88638021,0.29678339,0.24178919,1.04886842,,,,,,,3,,,,,,,,,
15.847986,55487,12162371,,176.63571167,5.87563038,-178.89486694,,,,,-4.23072147,2.86887336,-3.59166121,3.86006784,2.73519850,-5.59039497,6.83794485,4.33926571,-0.28925584,0.28557882,0.24967259,1.01479852,,,,,,,3,,,,,,,,,
15.857923,55488,12162471,,176.69030762,5.79376459,-178.89596558,,,,,-0.29542676,-0.66200244,-12.24362850,-0.83644831,-1.38036156,2.37265801,8.88087492,20.45617409,-5.32020467,0.27603209,0.24741794,1.04984307,,,,,,,3,,,,,,,,,
15.867874,55489,12162571,,176.77142334,5.61746216,-178.82427979,,,,,1.82700157,-1.97145021,-15.77042198,-3.17480850,-2.90625501,5.63509464,9.77063086,42.95986814,-3.24450186,0.28251866,0.24970935,1.04842758,,,,,,,3,,,,,,,,,
15.877888,55490,12162671,,176.86053467,5.29276705,-178.74516296,,,,,-3.40059519,4.74407244,-5.14131737,2.87388802,4.52108812,-4.05472136,-1.39772372,-9.28840584,-1.48200644,0.27664709,0.25317612,1.03014684,,,,,,,3,,,,,,,,,
15.887884,55491,12162771,,176.78752136,5.44065571,-178.75032043,,,,,-0.87451839,-1.18046892,-12.34388542,-0.18031061,-1.87929702,2.49408770,-7.54759809,5.38107190,-7.74301663,0.26704466,0.24899769,1.07604516,,,,,,,3,,,,,,,,,
15.897876,55492,12162871,,176.70834351,5.42934799,-178.67036438,,,,,2.02456522,-0.25879905,-15.65222931,-3.38256598,-1.23740125,5.58355379,-7.38620755,17.64111504,-4.99925323,0.26331329,0.25050569,1.06417608,,,,,,,3,,,,,,,,,
15.907977,55493,12162971,,176.65234375,5.25152922,-178.57574463,,,,,-4.60645103,4.43384600,-4.07510376,4.16923714,4.29271412,-4.99151611,-11.58901163,-24.51675570,-7.40376028,0.25950164,0.24769121,1.06114388,,,,,,,3,,,,,,,,,
15.917867,55494,12163071,,176.55313110,5.43822289,-178.53121948,,,,,1.90436113,-2.45784998,-17.20562935,-3.30435514,-3.58103061,7.01189566,-6.92954665,11.36205725,-11.32902987,0.26316497,0.24185450,1.09570301,,,,,,,3,,,,,,,,,
15.927966,55495,12163171,,176.69763184,5.22186470,-178.32601929,,,,,-9.32380676,2.85441113,-38.73407364,5.84598017,0.88193989,29.72034454,13.54529392,18.47638912,-12.76086206,0.25656879,0.24726211,1.05765903,,,,,,,3,,,,,,,,,
15.937879,55496,12163271,,176.12985229,5.15415668,-178.30734253,,,,,-22.47581863,11.01904774,-34.47555161,18.16004372,9.43670082,27.90521622,-60.56392941,-71.49501880,-20.25924437,0.25726593,0.25109243,1.05277562,,,,,,,3,,,,,,,,,
15.948036,55497,12163371,,175.75410461,7.05828333,-178.56700134,,,,,9.07730293,1.59699821,-22.85944557,-11.13996410,-0.39164925,12.00240517,-38.19606391,-114.80948304,15.94990556,0.26931137,0.24271037,1.09723163,,,,,,,528387,,,,,,,,,
15.957908,55498,12163471,,175.42828369,7.78379726,-178.43925476,,,,,-19.39920616,9.20860386,-3.35974693,18.46703148,9.46565151,-3.10128593,-37.47274347,-66.91364209,-17.41121087,0.27505335,0.23590603,1.06944621,,,,,,,1,,,,,,,,,
15.968075,55499,12163571,,175.18374634,7.75961304,-178.15469360,,,,,4.76507044,-5.70237160,-18.48463058,-6.90925121,-7.45059109,7.35190201,-20.48405834,-5.68721891,-19.56604335,0.27288970,0.22394319,1.06825650,,,,,,,1,,,,,,,,,
15.977988,55500,12163671,,175.13427734,7.76354504,-178.00399780,,,,,2.32748151,3.18297672,-4.67919731,-2.99936152,2.67332935,-5.20788765,-10.82465284,-9.74793499,-5.10134577,0.28284639,0.22330056,1.05691671,,,,,,,1,,,,,,,,,
15.987935,55501,12163771,,175.02299500,7.86411762,-177.98706055,,,,,1.72114050,-2.53059459,-8.07136536,-2.63409066,-3.31574535,-2.26988935,-10.04333726,-15.57508356,-14.98893210,0.30975607,0.22430362,1.02045536,,,,,,,1,,,,,,,,,
15.997981,55502,12163871,,174.95368958,8.04850388,-177.84516907,,,,,2.97324705,-2.75860405,-14.00761604,-4.56020308,-4.14384174,3.42661095,-1.55927595,27.24858890,-11.95985077,0.31083331,0.21659981,1.03369737,,,,,,,1,,,,,,,,,
16.003165,55503,12163971,,175.02980042,7.70993662,-177.68707275,,,,,-4.36661148,3.86722159,-2.88324356,3.81509733,3.75993919,-6.00904560,3.10867053,-2.34710294,-8.24903120,0.28327596,0.22138619,1.02769780,,,,,,,1,,,,,,,,,
16.016933,55504,12164071,,175.10400391,7.72047281,-177.60215759,,,,,-2.28169680,2.97132206,-5.88964939,1.38887525,2.51466608,-3.42217970,3.51999370,1.51665770,-8.39056467,0.27935237,0.22528736,1.03862453,,,,,,,1,,,,,,,,,
16.026939,55505,12164171,,175.12847900,7.73456430,-177.53892517,,,,,0.53835499,-1.88024068,-12.60794067,-1.94860721,-3.03858614,2.44852686,3.27241834,29.91373896,-15.38368288,0.28930739,0.22511286,1.05450404,,,,,,,1,,,,,,,,,
16.037884,55506,12164271,,175.13133240,7.40543699,-177.32092285,,,,,0.47685361,-3.93791413,-9.32238674,-1.35291088,-4.78757095,-0.97478390,1.29129860,18.65773406,-16.45630262,0.28290406,0.23098874,1.03576410,,,,,,,1,,,,,,,,,
16.043268,55507,12164371,,175.16355896,7.21190643,-177.13618469,,,,,-2.36645603,6.00412273,-6.27894258,1.30493712,5.52046394,-2.78910995,-2.14063422,-7.59140778,-4.33118346,0.27499199,0.23111500,1.05155873,,,,,,,1,,,,,,,,,
16.056893,55508,12164471,,175.11651611,7.35460520,-177.13224792,,,,,-2.35554338,3.61822057,-3.15706873,1.78388655,3.42332315,-6.05709457,-8.72098702,-11.58581083,-6.02899645,0.27894038,0.22383027,1.09351778,,,,,,,1,,,,,,,,,
16.066925,55509,12164571,,175.09051514,7.50784206,-177.08068848,,,,,0.68726909,-4.19630194,-10.73526478,-1.65334654,-5.20305729,0.38120127,-4.35373888,17.73589075,-16.50977787,0.28377220,0.22230765,1.09648645,,,,,,,1,,,,,,,,,
16.076901,55510,12164671,,175.08244324,7.27887964,-176.88006592,,,,,1.26387584,-2.71524954,-10.32152653,-2.27310061,-3.72679257,0.01244140,-3.29438935,20.14919295,-13.28339715,0.28322738,0.22905380,1.05750453,,,,,,,1,,,,,,,,,
16.086872,55511,12164771,,175.05245972,7.07499313,-176.72900391,,,,,-1.58721697,4.32347441,-2.06331062,1.12577844,4.17481279,-7.16150618,1.64322633,-9.81853780,-7.32551107,0.27589893,0.22918063,1.04955363,,,,,,,1,,,,,,,,,
16.096880,55512,12164871,,175.12649536,7.19961977,-176.68283081,,,,,-2.38443875,0.76653033,-7.64637566,1.44520211,0.20296550,-1.88442993,6.28673620,9.70070509,-11.57910529,0.27417514,0.22295745,1.07764769,,,,,,,1,,,,,,,,,
16.106880,55513,12164971,,175.22712708,7.02593422,-176.55035400,,,,,0.99295473,-2.09229350,-13.50337696,-2.30724072,-3.36057234,3.31457281,8.69906895,42.05309564,-13.88191723,0.30156717,0.22394629,1.05504179,,,,,,,1,,,,,,,,,
16.116875,55514,12165071,,175.36859131,6.55667210,-176.35981750,,,,,-2.87298918,4.40370035,-4.61453390,2.09219074,4.16461515,-4.55819416,10.06705680,13.70881719,-8.63327117,0.29085791,0.23326065,1.02248144,,,,,,,1,,,,,,,,,
16.126899,55515,12165171,,175.49966431,6.47157097,-176.25154114,,,,,-2.09582067,0.94691086,-3.72003579,1.66108775,0.75920868,-5.78949356,5.91384288,-0.94600681,-9.55253950,0.26095816,0.23278403,1.06784177,,,,,,,1,,,,,,,,,
16.136870,55516,12165271,,175.50772095,6.55222845,-176.17105103,,,,,1.27357388,-2.31012082,-11.54653645,-2.22931862,-3.37034082,1.32903862,1.00757862,28.06582445,-15.02997300,0.27181661,0.22779009,1.09354472,,,,,,,1,,,,,,,,,
16.146876,55517,12165371,,175.49203491,6.28467655,-175.98965454,,,,,1.25346541,-3.76580763,-11.42898750,-2.05068803,-4.80213785,1.12005758,3.09834840,28.11113763,-15.34004480,0.27415347,0.23400709,1.05605316,,,,,,,1,,,,,,,,,
16.156895,55518,12165471,,175.58045959,5.98783731,-175.82919312,,,,,-3.23325658,7.11762142,-3.45266533,2.38363242,7.01151466,-5.46144629,4.00828456,-3.60901177,-5.10690128,0.25737542,0.23957221,1.04962516,,,,,,,1,,,,,,,,,
16.166949,55519,12165571,,175.66221619,6.04911041,-175.81164551,,,,,-3.06165719,1.77136433,-6.37759781,2.30842400,1.45843196,-3.02271533,7.51340531,7.55663443,-9.79210839,0.24701932,0.23397040,1.08659148,,,,,,,1,,,,,,,,,
16.176849,55520,12165671,,175.81935120,5.97560740,-175.69317627,,,,,0.63950104,-3.52584863,-13.56468678,-1.53606772,-4.64641237,3.37605524,13.39579474,35.93101268,-15.04785272,0.26617932,0.23749429,1.07190061,,,,,,,1,,,,,,,,,
16.186887,55521,12165771,,175.92979431,5.63580179,-175.48075867,,,,,-0.51332289,-0.98871356,-6.14241457,0.07147311,-1.42069817,-3.72206235,8.67043594,3.32430814,-9.79794820,0.26006016,0.24625292,1.03589118,,,,,,,1,,,,,,,,,
16.196951,55522,12165871,,175.99082947,5.66503239,-175.39723206,,,,,-2.70677948,5.49825144,-4.29562140,1.87982142,5.34149885,-4.87063503,4.64356473,-13.29568124,-5.62698262,0.24025498,0.24512964,1.07387054,,,,,,,1,,,,,,,,,
16.206929,55523,12165971,,176.03584290,5.83286190,-175.38607788,,,,,-0.90774196,-1.34357309,-12.83371735,-0.11360908,-2.24532437,2.95101738,5.89991399,14.69197084,-13.66606447,0.24383269,0.23833571,1.10544550,,,,,,,1,,,,,,,,,
16.216886,55524,12166071,,176.14888000,5.64943075,-175.23959351,,,,,-0.45235506,-0.39658743,-12.77510357,-0.63519025,-1.31604075,2.90631151,9.54655028,16.93381480,-10.82653371,0.24190339,0.24462494,1.06694424,,,,,,,1,,,,,,,,,
16.226991,55525,12166171,,176.26852417,5.51622629,-175.09530640,,,,,-1.99226105,2.32176566,-1.74179268,1.69395375,2.34709644,-7.69375610,10.59695227,-24.31659701,-5.38799601,0.23673178,0.25335568,1.05815077,,,,,,,1,,,,,,,,,
16.237011,55526,12166271,,176.27406311,6.61217880,-175.26431274,,,,,-23.79516411,2.95585990,-39.40449524,18.84807205,2.15199494,32.21727753,14.81203703,-98.90479333,-4.36231589,0.25283805,0.25163159,1.08788991,,,,,,,1,,,,,,,,,
16.246957,55527,12166371,,176.33090210,7.77165127,-175.16064453,,,,,-8.81949329,-3.55747390,-18.40130615,6.71201324,-4.23246002,9.38654137,-26.21311002,-69.46919835,-19.84544078,0.30129772,0.26090470,1.06749988,,,,,,,1,,,,,,,,,
16.256903,55528,12166471,,176.16018677,7.97860861,-174.84854126,,,,,-6.25622177,7.77593756,-4.54989767,4.90833378,7.93270588,-3.92832279,-2.96919593,-78.74441766,-17.31242756,0.33005998,0.26619577,1.03259993,,,,,,,1,,,,,,,,,
16.266909,55529,12166571,,176.20274353,8.47716331,-174.73423767,,,,,4.61369133,0.07353766,-10.16695213,-5.96180153,-1.15464544,-0.44727135,1.25361911,-61.81267240,-21.54965323,0.30484471,0.24980462,1.06882620,,,,,,,1,,,,,,,,,
16.276903,55530,12166671,,176.26246643,9.08540535,-174.63424683,,,,,6.34127712,-1.68118155,-13.11721992,-7.93299389,-3.29272485,2.06476021,2.65812542,-17.81244009,-11.97864062,0.30759060,0.24544045,1.06431806,,,,,,,1,,,,,,,,,
16.286888,55531,12166771,,176.31939697,9.20753956,-174.52990723,,,,,-3.68358707,2.30053449,-0.43883944,3.38095927,2.59871864,-8.54592037,3.92557865,-41.34444303,-10.75703568,0.30648059,0.25267717,1.02286720,,,,,,,1,,,,,,,,,
16.296884,55532,12166871,,176.36170959,9.47280788,-174.44317627,,,,,2.02523422,-3.75407887,-14.27043343,-3.70965171,-5.03525496,3.73636770,4.09022293,17.15392789,-12.24563699,0.28819251,0.24817973,1.03507328,,,,,,,1,,,,,,,,,
16.306904,55533,12166971,,176.44190979,9.21859169,-174.28532410,,,,,-0.71694016,0.65579742,-7.72103357,-0.50241792,0.13240802,-2.03024888,6.40146332,18.24656862,-9.03001381,0.29533547,0.24998379,1.02524245,,,,,,,1,,,,,,,,,
16.316853,55534,12167071,,176.49893188,8.99377251,-174.19694519,,,,,-1.07514966,4.29036665,-1.75245309,0.40595150,4.23418522,-7.59567356,-2.54477715,-2.74318412,-4.01656958,0.28790393,0.25634614,1.03124309,,,,,,,1,,,,,,,,,
16.326876,55535,12167171,,176.44247437,9.07975388,-174.21363831,,,,,-0.59714586,-0.28455219,-7.53380299,-0.43877256,-0.79926729,-2.30392528,-2.97846514,24.66544892,-8.14190736,0.28111041,0.25212646,1.06330156,,,,,,,1,,,,,,,,,
16.336887,55536,12167271,,176.43272400,8.75112247,-174.09318542,,,,,0.56665218,-2.81463456,-12.98853302,-1.99288344,-3.86135864,2.78411865,-4.14257718,50.23615063,-11.93619868,0.28343874,0.25545263,1.05099690,,,,,,,1,,,,,,,,,
16.347021,55537,12167371,,176.44577026,8.14031124,-173.90863037,,,,,-1.80100560,2.45764923,-6.85728359,0.62608242,2.10453892,-2.63077378,1.46424027,29.76437297,-6.87276900,0.27347332,0.25898659,1.03665483,,,,,,,1,,,,,,,,,
16.356905,55538,12167471,,176.50338745,7.86119366,-173.81040955,,,,,-0.75249279,1.28805184,-2.22532463,0.38295388,1.19228363,-7.41596079,3.56916444,11.93488558,-0.30892479,0.26428118,0.25673336,1.05487919,,,,,,,1,,,,,,,,,
16.366949,55539,12167571,,176.53074646,7.86150265,-173.85522461,,,,,-0.19759594,0.32951370,-7.16809702,-0.70913857,-0.18996704,-2.67435527,-0.25186403,29.08033294,-3.05782873,0.26649970,0.25333261,1.06275260,,,,,,,1,,,,,,,,,
16.376933,55540,12167671,,176.50637817,7.59395361,-173.84329224,,,,,-0.40972951,-1.74360240,-11.10941696,-0.66868919,-2.50643063,1.13611031,-2.14783836,47.05119927,-8.02142112,0.26923031,0.25473332,1.04745090,,,,,,,1,,,,,,,,,
16.387019,55541,12167771,,176.53187561,7.06344509,-173.68139648,,,,,-1.66152287,-1.08661377,-8.31565094,0.85571766,-1.50066638,-1.43185949,6.24651664,33.87336013,-9.26577572,0.25584745,0.25928026,1.04349768,,,,,,,1,,,,,,,,,
16.396912,55542,12167871,,176.71737671,6.67056322,-173.52148438,,,,,-3.97832608,1.84872174,-15.00018692,2.12233949,1.25199223,5.62921953,12.20391649,10.91996130,-0.82196353,0.24427676,0.26042655,1.06275344,,,,,,,1,,,,,,,,,
16.407039,55543,12167971,,176.63990784,6.74871588,-173.63511658,,,,,-8.70003033,2.80680084,-20.31195641,5.91232300,2.35580516,11.59882164,6.74634902,-24.12548832,1.38380988,0.24697661,0.25893116,1.08550227,,,,,,,1,,,,,,,,,
16.417040,55544,12168071,,176.82554626,7.54503775,-173.78668213,,,,,-3.83184028,-2.21000123,-10.43253040,2.89118576,-2.46989512,0.83379245,9.85476257,-33.09404238,-1.73823864,0.27412188,0.27048454,1.06157815,,,,,,,1,,,,,,,,,
16.426888,55545,12168171,,176.99748230,7.60881567,-173.61216736,,,,,-1.22411931,-3.04516125,-12.01420784,0.13556409,-3.67734337,2.14243746,14.63315779,4.75617704,-14.02336021,0.27568859,0.28055137,1.03107023,,,,,,,1,,,,,,,,,
16.437027,55546,12168271,,177.17518616,7.34290743,-173.41293335,,,,,-0.57701200,2.54280114,-4.45638275,-0.22504306,2.31478310,-5.18862724,13.00190798,-9.80680098,-4.42870917,0.24366280,0.27436697,1.03922260,,,,,,,1,,,,,,,,,
16.446916,55547,12168371,,177.29251099,7.38387585,-173.41177368,,,,,-1.07549286,3.48419595,-4.97602320,0.09221983,3.27024412,-4.55493402,12.69324917,-9.18023955,-1.48724232,0.23934890,0.26435134,1.05833805,,,,,,,1,,,,,,,,,
16.457018,55548,12168471,,177.37988281,7.44988728,-173.45783997,,,,,1.28403902,-1.04258895,-11.29262257,-2.43419099,-1.84518790,1.18613052,9.63772648,29.31355316,-3.35078857,0.25979587,0.26401019,1.05150855,,,,,,,1,,,,,,,,,
16.467041,55549,12168571,,177.47648621,7.13444281,-173.40971375,,,,,-0.54462504,-0.79850417,-10.55567741,-0.52853644,-1.33621430,0.70666981,10.91341969,33.76484550,-4.20356394,0.26487002,0.27257565,1.02643692,,,,,,,1,,,,,,,,,
16.476989,55550,12168671,,177.61511230,6.69363642,-173.27801514,,,,,-2.19590116,-0.11032278,-4.89806366,1.69048572,-0.11184356,-4.70540094,8.36992128,13.12281172,-0.68427610,0.24106026,0.27777308,1.03382111,,,,,,,1,,,,,,,,,
16.487071,55551,12168771,,177.62913513,6.83638191,-173.42384338,,,,,-5.98065615,0.12869491,-15.88390064,4.09697294,-0.04511189,6.64956760,3.92519659,-17.93397989,17.19815849,0.23221323,0.27454993,1.06143224,,,,,,,1,,,,,,,,,
16.496989,55552,12168871,,177.58212280,7.09216404,-173.56803894,,,,,-5.24378395,2.74694252,-9.36281300,3.80953741,2.81133866,0.20262671,-3.65175210,-5.09511109,-1.19494042,0.23832896,0.27492088,1.07532203,,,,,,,1,,,,,,,,,
16.506951,55553,12168971,,177.60827637,7.18860245,-173.58212280,,,,,-0.41030234,-2.14322329,-9.30195141,-0.36179549,-2.59551382,-0.62835741,-1.92411829,6.47330496,-1.36989038,0.23646742,0.28071642,1.06550932,,,,,,,1,,,,,,,,,
16.516910,55554,12169071,,177.63562012,6.97815323,-173.50155640,,,,,0.32298389,-3.32420325,-9.75025845,-0.99629164,-3.86732459,-0.31217074,1.56484735,14.87448374,-5.15131373,0.23176906,0.28368065,1.05365849,,,,,,,1,,,,,,,,,
16.527007,55555,12169171,,177.61640930,6.70332575,-173.44989014,,,,,-0.01630301,1.13913703,-9.43457222,-1.12747979,0.62520295,-0.41040671,-2.52660842,-2.86438753,9.05434209,0.22997700,0.27891091,1.05357397,,,,,,,1,,,,,,,,,
16.536938,55556,12169271,,177.58625793,6.79655123,-173.55416870,,,,,-0.74163389,2.59267497,-10.66926098,-0.74708617,2.08243847,0.94919395,2.12113296,2.83011642,3.86806505,0.23205817,0.27455449,1.05697870,,,,,,,1,,,,,,,,,
16.546931,55557,12169371,,177.60867310,6.73455095,-173.65547180,,,,,-1.77843928,1.45743251,-7.86403322,0.78401470,1.21919012,-1.75258899,-3.78177799,27.44462899,6.15971859,0.24121284,0.27296388,1.04908335,,,,,,,1,,,,,,,,,
16.556951,55558,12169471,,177.65054321,6.41365480,-173.65690613,,,,,-4.49003220,-2.83629465,-12.48814487,3.53989577,-2.96816921,2.96531558,6.25762039,44.07190149,-3.81404124,0.24866256,0.27428499,1.03429878,,,,,,,1,,,,,,,,,
16.566891,55559,12169571,,177.65661621,5.85018301,-173.51965332,,,,,-0.51169556,-3.12479758,-11.91363239,-0.25684404,-3.64865351,1.92348814,-0.90404395,30.44957755,0.39531974,0.23272638,0.27743185,1.03723729,,,,,,,1,,,,,,,,,
16.576950,55560,12169671,,177.61543274,5.50295734,-173.49554443,,,,,-1.12450969,-1.28978610,-8.25400639,0.57054836,-1.56722426,-1.58387494,6.11430039,11.66597762,6.37625907,0.21430582,0.27917665,1.04904675,,,,,,,1,,,,,,,,,
16.586995,55561,12169771,,177.72378540,5.43491840,-173.56123352,,,,,2.15180898,4.15021324,-7.91012716,-3.23809004,3.50239706,-2.00047469,4.97844549,6.58697254,11.52140727,0.21112572,0.28066847,1.05301249,,,,,,,1,,,,,,,,,
16.597021,55562,12169871,,177.82102966,5.59375334,-173.76710510,,,,,0.40857518,2.60010672,-9.20223045,-1.50461221,2.11443806,-0.63428950,8.78118063,6.64103989,10.23335824,0.21218619,0.28160882,1.05699074,,,,,,,1,,,,,,,,,
16.606971,55563,12169971,,177.88644409,5.60666847,-173.94349670,,,,,-1.51843894,-0.16894744,-9.67256165,0.68001091,-0.43629050,-0.08802152,7.81072771,16.28536176,3.99307971,0.21258795,0.28064319,1.05450368,,,,,,,1,,,,,,,,,
16.616993,55564,12170071,,178.06344604,5.36914587,-173.90966797,,,,,-3.34404111,-0.76075971,-11.37502861,2.43912721,-0.86992866,1.74317956,12.23254010,28.75428703,-5.04883827,0.21161562,0.28546464,1.04270089,,,,,,,1,,,,,,,,,
16.626912,55565,12170171,,178.13311768,5.13161612,-173.85214233,,,,,-1.40777004,-1.34883702,-10.45559406,0.68139482,-1.61174190,0.64193285,4.38137212,13.16889671,-0.28789527,0.20591965,0.28940022,1.04322946,,,,,,,1,,,,,,,,,
16.636930,55566,12170271,,178.13993835,4.87975264,-173.76284790,,,,,-0.34296203,-1.86537576,-9.60673428,-0.18583393,-2.19777846,-0.29628420,5.94531938,16.76730674,-2.69415809,0.20190257,0.29090476,1.05015969,,,,,,,1,,,,,,,,,
16.646935,55567,12170371,,178.18194580,4.57663250,-173.71104431,,,,,-1.15043163,0.08755027,-10.94907665,0.32205653,-0.20765781,1.15010190,4.21609904,9.81682343,4.05775648,0.19796428,0.29000762,1.05804193,,,,,,,1,,,,,,,,,
16.656966,55568,12170471,,178.24134827,4.45311022,-173.71125793,,,,,1.74614286,-0.53907752,-8.71241570,-2.27845335,-1.04779530,-1.32237470,11.58235817,-0.80743668,4.89886567,0.19570836,0.28956452,1.06049740,,,,,,,1,,,,,,,,,
16.667085,55569,12170571,,178.40246582,4.56170559,-173.80049133,,,,,-0.33774638,3.30303788,-8.38933468,-0.62432432,3.03349876,-1.36412919,10.96481857,-2.21347157,10.56986288,0.19592798,0.29100358,1.05408943,,,,,,,1,,,,,,,,,
16.676935,55570,12170671,,178.44767761,4.64094591,-173.97268677,,,,,2.20993567,0.82816112,-10.28717518,-3.04343843,0.24448442,0.25514293,4.68572919,8.34910969,7.41998710,0.19938721,0.29238877,1.04621255,,,,,,,1,,,,,,,,,
16.687099,55571,12170771,,178.55392456,4.59350109,-174.06752014,,,,,-1.58738530,0.87427270,-9.10878944,0.81319618,0.74231744,-0.61593306,8.46439389,14.57315287,1.92316484,0.20136347,0.29091468,1.04817808,,,,,,,1,,,,,,,,,
16.696992,55572,12170871,,178.58715820,4.54154968,-174.13896179,,,,,-2.27919054,-0.70868719,-10.14204884,1.60611653,-0.77639651,0.41511166,3.47880275,16.99545384,-0.37404360,0.19996023,0.29333761,1.04969370,,,,,,,1,,,,,,,,,
16.707042,55573,12170971,,178.68513489,4.35438013,-174.09153748,,,,,-1.70150757,-0.52261853,-9.80331898,1.05915761,-0.62303674,0.03824723,7.41212897,19.50323634,-2.02436199,0.19325550,0.29633126,1.04772842,,,,,,,1,,,,,,,,,
16.716964,55574,12171071,,178.76416016,4.15883970,-174.03619385,,,,,-1.25019336,-1.02096272,-10.89485645,0.61601782,-1.18260932,1.08720231,5.60409337,15.92274702,-3.26026636,0.18815187,0.29737607,1.05019319,,,,,,,1,,,,,,,,,
16.726959,55575,12171171,,178.82595825,3.90053844,-173.95407104,,,,,-0.58374941,-0.89117706,-9.78652477,0.06241131,-1.07959604,-0.06888783,5.90465115,16.90336582,-0.05129114,0.18539079,0.29790169,1.05216670,,,,,,,1,,,,,,,,,
16.737095,55576,12171271,,178.84884644,3.66257715,-173.94007874,,,,,-0.93691254,-3.01768303,-9.77101135,0.67016888,-3.14191699,-0.09875882,3.91908869,11.33654222,2.82654145,0.18297043,0.29890305,1.05068612,,,,,,,1,,,,,,,,,
16.747011,55577,12171371,,178.84336853,3.39421654,-173.92492676,,,,,0.59167302,0.11720014,-10.25735950,-1.15446353,-0.19499063,0.35161102,7.88493089,15.26373963,2.67150427,0.18101975,0.30085626,1.04971778,,,,,,,1,,,,,,,,,
16.757073,55578,12171471,,178.95179749,3.28689861,-173.92626953,,,,,-1.49083960,-0.39952523,-9.27150726,1.03184140,-0.44289565,-0.51589262,10.35104667,3.72302256,4.43641619,0.18041858,0.30422717,1.04778910,,,,,,,1,,,,,,,,,
16.766962,55579,12171571,,179.11480713,3.26901650,-173.93186951,,,,,2.25902081,0.76661086,-10.40690422,-2.87188292,0.33132088,0.42089963,13.43629606,5.36343764,1.86300517,0.17938319,0.30472568,1.04531801,,,,,,,1,,,,,,,,,
16.777094,55580,12171671,,179.24440002,3.32952881,-173.99530029,,,,,-2.51442337,2.47185898,-8.74462223,1.77546215,2.57277536,-0.93656802,8.99211907,-2.34374249,5.48415184,0.17667431,0.30428997,1.04826605,,,,,,,1,,,,,,,,,
16.786995,55581,12171771,,179.28675842,3.32401085,-174.05426025,,,,,3.81790066,0.51145101,-10.45846272,-4.40558767,-0.05364251,0.37353730,1.12030406,6.94907075,2.65242456,0.17404118,0.30721122,1.05522573,,,,,,,1,,,,,,,,,
16.797123,55582,12171871,,179.30264282,3.40586019,-174.16064453,,,,,-0.18772128,1.38138592,-8.62074947,-0.42613983,1.25964928,-1.22243333,0.86822441,-4.40513776,4.91341483,0.17461523,0.30624047,1.05768704,,,,,,,1,,,,,,,,,
16.807041,55583,12171971,,179.27966309,3.45880175,-174.25227356,,,,,0.32526630,0.02432276,-10.63604546,-0.92071652,-0.18482494,0.74254668,-1.83101449,7.05577708,1.75683607,0.17615628,0.30381349,1.06013012,,,,,,,1,,,,,,,,,
16.816947,55584,12172071,,179.32954407,3.38727045,-174.25846863,,,,,-1.11305356,0.80295771,-8.77692127,0.54300809,0.77333832,-1.01147127,-0.52453345,9.94074440,-1.41552309,0.17681846,0.30860463,1.05476701,,,,,,,1,,,,,,,,,
16.826988,55585,12172171,,179.28598022,3.39524269,-174.30781555,,,,,-0.59359819,-0.69137460,-10.22147942,0.09463429,-0.78913808,0.37685919,-0.35167153,3.89192119,-0.96896596,0.17481712,0.30863985,1.05129421,,,,,,,1,,,,,,,,,
16.836957,55586,12172271,,179.36845398,3.31026340,-174.27310181,,,,,-2.24261355,0.57515526,-9.38576698,1.67582154,0.65887213,-0.35272312,2.64001816,10.36925510,-2.64702871,0.17429677,0.30576995,1.04827762,,,,,,,1,,,,,,,,,
16.847091,55587,12172371,,179.30268860,3.30178857,-174.25086975,,,,,-1.13524246,-1.60203636,-10.48061657,0.73410058,-1.64933944,0.65373600,-8.69526026,2.97213120,-2.63235341,0.17260554,0.30579603,1.05371189,,,,,,,1,,,,,,,,,
16.857164,55588,12172471,,179.23802185,3.17406940,-174.16589355,,,,,-1.45486808,-1.43916142,-8.49197483,1.15760517,-1.42227805,-1.31669617,-5.14151582,8.97863286,-4.65625095,0.16948704,0.30488664,1.05813468,,,,,,,1,,,,,,,,,
16.866955,55589,12172571,,179.22093201,3.07369876,-174.09371948,,,,,-0.81423837,-1.11967468,-11.34619808,0.35631323,-1.23048711,1.50256896,-3.59008787,4.85382612,-4.26634149,0.16664083,0.30349523,1.05661404,,,,,,,1,,,,,,,,,
16.877115,55590,12172671,,179.12063599,2.87696862,-174.00712585,,,,,-1.00862014,-1.13282001,-10.03249073,0.65854120,-1.20498776,0.19591141,-5.30362439,9.03551040,-3.37647413,0.16661525,0.30301610,1.05561686,,,,,,,1,,,,,,,,,
16.886930,55591,12172771,,179.06266785,2.73896670,-173.95854187,,,,,-0.78689718,-2.74785972,-9.78703880,0.63867211,-2.83807874,-0.08640778,-5.11302753,2.35927263,0.16033469,0.16651137,0.30397889,1.05315781,,,,,,,1,,,,,,,,,
16.896945,55592,12172871,,178.98715210,2.61454844,-173.89297485,,,,,0.99647409,0.25739586,-10.27050877,-1.44066417,-0.05806541,0.35557342,-1.51545409,4.90046735,-2.79523912,0.16411713,0.30449963,1.05216444,,,,,,,1,,,,,,,,,
16.906982,55593,12172971,,179.00097656,2.60125113,-173.85984802,,,,,-1.31755304,0.17768988,-9.66385937,0.89001650,0.12473559,-0.13653708,-1.68045545,-3.98997197,1.42112256,0.16185284,0.30357692,1.05411756,,,,,,,1,,,,,,,,,
16.917122,55594,12173071,,179.00775146,2.58717275,-173.86965942,,,,,3.40342379,0.48292017,-10.62997723,-3.86605763,-0.09720993,0.61897349,-0.54626711,4.89106816,0.55558247,0.16377690,0.30306408,1.05510855,,,,,,,1,,,,,,,,,
16.927028,55595,12173171,,179.06210327,2.64551806,-173.90499878,,,,,-1.27425754,3.16925335,-9.06930828,0.54825449,3.11142778,-0.68142509,1.42719343,-3.97329649,2.18020321,0.16473503,0.30208796,1.05509794,,,,,,,1,,,,,,,,,
16.936971,55596,12173271,,179.01062012,2.67479229,-173.99067688,,,,,3.20750880,0.36800975,-10.46307755,-3.67272377,-0.18492198,0.45226121,-7.60148316,6.60672843,2.84602393,0.14731836,0.30718020,1.05707026,,,,,,,1,,,,,,,,,
16.946973,55597,12173371,,178.96516418,2.66109967,-174.00971985,,,,,-0.09187319,1.09487581,-8.66161728,-0.38651705,0.92159009,-1.17863858,-5.82609117,4.61621836,-1.78741430,0.13253483,0.30935118,1.05208290,,,,,,,1,,,,,,,,,
16.956985,55598,12173471,,178.93136597,2.60880446,-173.96864319,,,,,0.79933143,0.30319181,-10.76043701,-1.27018714,-0.01023865,0.86080956,-3.21247681,12.52674111,-10.16997750,0.13385139,0.30789056,1.04860306,,,,,,,1,,,,,,,,,
16.966963,55599,12173571,,178.89010620,2.38155007,-173.77400208,,,,,-1.81941354,-1.14539456,-9.40102673,1.58920431,-1.13745880,-0.42172265,-6.60200578,14.32878748,-16.78150671,0.13070780,0.30554223,1.05151868,,,,,,,1,,,,,,,,,
16.976912,55600,12173671,,178.74575806,2.05861616,-173.44519043,,,,,-2.05698133,-3.41299486,-10.97924423,2.10695100,-3.41571426,1.10728526,-12.33546081,29.34018749,-27.28512017,0.12553628,0.30466950,1.05098414,,,,,,,1,,,,,,,,,
16.987004,55601,12173771,,178.47224426,1.58384132,-173.12017822,,,,,-4.17224407,0.11977483,-8.04887199,3.98616791,0.44365764,-1.75396919,-23.51074739,35.99192430,-22.74856999,0.12039084,0.30331618,1.05093694,,,,,,,1,,,,,,,,,
16.997104,55602,12173871,,178.45671082,1.58101308,-173.06614685,,,,,-0.48696819,2.29733610,-9.95258045,0.00287056,2.08323956,0.13283253,-0.75655812,11.58368835,-18.32501847,0.11678594,0.30049562,1.05384266,,,,,,,1,,,,,,,,,
17.007000,55603,12173971,,178.51065063,1.64193678,-173.04769897,,,,,12.83609581,6.95132637,-9.15400600,-13.79427147,5.06702042,-0.87784183,-15.84968449,19.10775815,-8.27980205,0.11499286,0.29764545,1.05477810,,,,,,,1,,,,,,,,,
17.017009,55604,12174071,,178.35588074,1.45887518,-172.77851868,,,,,-4.69738197,-2.59042048,-9.56759548,4.81570196,-2.24466991,-0.22895861,-14.05609303,12.66313572,-37.21728415,0.11362664,0.29526851,1.05473363,,,,,,,1,,,,,,,,,
17.026984,55605,12174171,,178.09413147,1.28620946,-172.34159851,,,,,-2.79380298,-4.67258072,-11.11468410,3.20034313,-4.64247322,1.19028020,-19.91791762,10.92997863,-21.28115849,0.10810502,0.29535994,1.05817068,,,,,,,1,,,,,,,,,
17.037034,55606,12174271,,178.04620361,1.14204764,-172.09098816,,,,,-0.44640520,1.44012177,-7.40943527,0.13037178,1.21499300,-2.35299778,-7.67661524,12.25736613,-36.35349403,0.10295907,0.29496637,1.05863345,,,,,,,1,,,,,,,,,
17.047127,55607,12174371,,177.92749023,1.16579163,-171.72491455,,,,,0.11261436,-0.80094200,-12.60337639,-0.19113795,-1.30319726,2.74426365,-11.68478369,-7.62081857,-31.62426080,0.10156676,0.29307008,1.05810165,,,,,,,1,,,,,,,,,
17.057001,55608,12174471,,177.91728210,1.42700934,-171.49987793,,,,,0.43529958,0.05555778,-8.91027164,-0.61888754,-0.36576515,-0.92340350,-1.05463265,-21.66257675,-29.47388161,0.10396051,0.29350913,1.05960488,,,,,,,1,,,,,,,,,
17.066999,55609,12174571,,177.84094238,1.54534900,-171.09318542,,,,,-0.44509017,0.38040087,-10.02849674,0.16584697,0.02106398,0.22799230,-12.99336853,-11.86286209,-37.90703421,0.10405704,0.29014713,1.06054163,,,,,,,1,,,,,,,,,
17.077074,55610,12174671,,177.76075745,1.77710974,-170.79158020,,,,,0.33433181,0.36681584,-9.01021290,-0.61817467,-0.08708793,-0.81377625,-5.68317288,-23.04987013,-33.82599960,0.10591322,0.28771681,1.05853343,,,,,,,1,,,,,,,,,
17.087101,55611,12174771,,177.66166687,1.92435229,-170.40771484,,,,,-1.20723915,0.74657893,-11.02530289,0.76590747,0.42141527,1.26597786,-15.91854646,-15.80025953,-34.96569521,0.10969143,0.28861275,1.05955613,,,,,,,1,,,,,,,,,
17.097085,55612,12174871,,177.58894348,2.15214443,-170.10618591,,,,,0.94732195,0.02599046,-9.22417736,-1.21816468,-0.58434224,-0.64162755,-7.18169546,-19.45104858,-36.34941299,0.11114582,0.28714809,1.06003499,,,,,,,1,,,,,,,,,
17.107127,55613,12174971,,177.41983032,2.27945518,-169.76268005,,,,,-0.76743031,-0.34118655,-9.88909340,0.50314361,-0.71514279,0.07063985,-18.37741285,-13.00214533,-29.49454635,0.11025816,0.28524286,1.06049514,,,,,,,1,,,,,,,,,
17.116988,55614,12175071,,177.39280701,2.42849779,-169.45423889,,,,,0.27495983,0.96556062,-9.47075939,-0.76730108,0.39673573,-0.33097363,-5.38492584,-9.63045574,-35.63810343,0.11027589,0.28428259,1.06048000,,,,,,,1,,,,,,,,,
17.126972,55615,12175171,,177.26362610,2.50102901,-169.16543579,,,,,-0.52484149,-0.74875414,-10.49334621,0.29839230,-1.21978509,0.64225578,-13.57390302,-8.81734136,-26.27046825,0.11174701,0.28377718,1.06196368,,,,,,,1,,,,,,,,,
17.137000,55616,12175271,,177.20346069,2.54797578,-168.82846069,,,,,0.13172644,1.26387775,-9.32213783,-0.69397974,0.68090075,-0.45784855,-10.18091178,0.50161875,-35.75225638,0.11223443,0.28376877,1.06246066,,,,,,,1,,,,,,,,,
17.146989,55617,12175371,,177.14340210,2.61060572,-168.53698730,,,,,-0.47678655,-0.47576800,-9.83764267,0.21704020,-0.94042814,-0.00262141,-3.69215139,-7.68211696,-28.99839799,0.11134727,0.28090376,1.06241095,,,,,,,1,,,,,,,,,
17.157015,55618,12175471,,177.08958435,2.58441138,-168.20915222,,,,,-0.48263538,0.57879889,-9.60063648,0.03232324,0.09271812,-0.18613791,-11.34339205,5.78115109,-30.73181121,0.11044186,0.27995881,1.06288612,,,,,,,1,,,,,,,,,
17.167020,55619,12175571,,177.10411072,2.61756134,-167.90548706,,,,,0.23732480,0.59841567,-10.10106850,-0.70335627,-0.05968361,0.28131509,2.47365205,-0.70450632,-33.09345498,0.10616584,0.28243074,1.06290388,,,,,,,1,,,,,,,,,
17.177051,55620,12175671,,177.08212280,2.60458374,-167.63842773,,,,,-0.81805336,-0.14142357,-9.77349091,0.50094604,-0.54462969,-0.03484249,-3.11471311,-0.29474635,-23.69649950,0.10474693,0.28197485,1.06239474,,,,,,,1,,,,,,,,,
17.186978,55621,12175771,,177.11991882,2.55444479,-167.32243347,,,,,-0.01635238,0.84224969,-9.53775024,-0.47571477,0.26340416,-0.25628424,0.50875475,9.30324272,-31.89091139,0.10383265,0.28151003,1.06287754,,,,,,,1,,,,,,,,,
17.197127,55622,12175871,,177.18428040,2.54318714,-167.05670166,,,,,-0.24109904,0.06365019,-9.97940636,-0.10201778,-0.45676017,0.15584803,7.34677345,1.19099065,-27.80025474,0.10096719,0.28395823,1.06290197,,,,,,,1,,,,,,,,,
17.206976,55623,12175971,,177.23887634,2.49395108,-166.79972839,,,,,-0.54430890,0.16145921,-9.80505371,0.18667972,-0.27484334,0.00018692,2.58094279,5.27383964,-22.64661917,0.09863399,0.28303751,1.06287563,,,,,,,1,,,,,,,,,
17.217134,55624,12176071,,177.31849670,2.42818189,-166.51988220,,,,,0.08703049,0.63383961,-9.80404663,-0.52679700,0.05570726,-0.00503826,6.38400066,9.47167177,-29.10298526,0.09761533,0.28449529,1.06140935,,,,,,,1,,,,,,,,,
17.226993,55625,12176171,,177.41735840,2.36259365,-166.29006958,,,,,-0.35309938,0.05485328,-9.78600121,0.04354764,-0.38186863,-0.03067350,9.76550736,6.32346469,-22.49834601,0.09281642,0.28889617,1.06096017,,,,,,,1,,,,,,,,,
17.236974,55626,12176271,,177.50399780,2.27440977,-166.09268188,,,,,-0.36628279,0.05479091,-9.71673393,0.07302109,-0.35887212,-0.09874249,6.64140530,9.61346650,-16.76999442,0.08850645,0.29040933,1.05947828,,,,,,,1,,,,,,,,,
17.247147,55627,12176371,,177.59498596,2.17652869,-165.87728882,,,,,-0.00113421,0.34184662,-9.83566856,-0.34001392,-0.15664123,0.01884937,6.70726497,11.20334585,-22.04503831,0.08618162,0.28996828,1.05995440,,,,,,,1,,,,,,,,,
17.257020,55628,12176471,,177.68534851,2.09221935,-165.72212219,,,,,-0.25829205,0.10587069,-9.91221714,-0.02551426,-0.30600137,0.09574699,8.99574248,8.59288256,-15.04099863,0.08568431,0.29237634,1.06048477,,,,,,,1,,,,,,,,,
17.266975,55629,12176571,,177.76731873,2.01014018,-165.61703491,,,,,-0.29941037,0.00461683,-9.71904659,0.05436992,-0.36924747,-0.09914994,7.18218638,7.12491738,-7.59157768,0.08189622,0.29388011,1.06048965,,,,,,,1,,,,,,,,,
17.276992,55630,12176671,,177.83543396,1.95018578,-165.51199341,,,,,-0.03664325,0.08741053,-9.86017895,-0.21618246,-0.34867495,0.03645945,5.04436236,5.86951879,-9.94942728,0.07855221,0.29585657,1.06000936,,,,,,,1,,,,,,,,,
17.286950,55631,12176771,,177.89721680,1.91831756,-165.43096924,,,,,0.04192689,0.23487878,-9.84672642,-0.32754225,-0.21449241,0.02618551,4.59634677,2.57041811,-8.45810499,0.07997061,0.29727221,1.06102836,,,,,,,1,,,,,,,,,
17.297107,55632,12176871,,177.94427490,1.90701318,-165.40014648,,,,,-0.11095889,0.20615600,-9.86425018,-0.17412212,-0.19641930,0.04789305,4.21047182,-0.08495205,-1.60180241,0.08040635,0.29726532,1.06004095,,,,,,,1,,,,,,,,,
17.307133,55633,12176971,,177.96241760,1.91515577,-165.39158630,,,,,-0.08173406,0.06127027,-9.78956509,-0.16638747,-0.33990884,-0.03285408,0.77558420,-2.01021282,0.16981352,0.07856108,0.29537642,1.06000185,,,,,,,1,,,,,,,,,
17.316967,55634,12177071,,177.96206665,1.94492567,-165.38127136,,,,,-0.07679019,0.12451789,-9.79583740,-0.19232313,-0.28320664,-0.02469277,-1.88111371,-3.70531018,-1.44535426,0.07995339,0.29727271,1.06053352,,,,,,,1,,,,,,,,,
17.327017,55635,12177171,,177.95355225,1.97184551,-165.38815308,,,,,-0.14292479,0.13230404,-9.78832436,-0.13422045,-0.26062185,-0.02977252,-1.59551554,-3.36810054,0.49055721,0.08320136,0.29769847,1.05956709,,,,,,,1,,,,,,,,,
17.337042,55636,12177271,,177.93968201,1.99937165,-165.41728210,,,,,-0.13584097,0.09165845,-9.86664200,-0.13643162,-0.30862302,0.04658389,-2.01848290,-3.05123525,4.01719796,0.08318464,0.29673919,1.05856228,,,,,,,1,,,,,,,,,
17.347013,55637,12177371,,177.90200806,2.02028465,-165.44821167,,,,,-0.15102324,0.10692461,-9.82350063,-0.12636785,-0.29686743,0.00428891,-5.10164758,-3.01748643,3.39003206,0.08092088,0.29485670,1.06000543,,,,,,,1,,,,,,,,,
17.357107,55638,12177471,,177.85186768,2.04265642,-165.47004700,,,,,-0.11103056,0.15044582,-9.76561928,-0.17570955,-0.27163601,-0.05360222,-6.16740896,-2.53556323,1.03835321,0.08287941,0.29434288,1.06198609,,,,,,,1,,,,,,,,,
17.367051,55639,12177571,,177.80816650,2.05396342,-165.47782898,,,,,-0.18616229,0.25672078,-9.84811592,-0.13151342,-0.16044167,0.03539133,-4.74445430,-1.21019821,0.90918014,0.08474292,0.29431170,1.06150019,,,,,,,1,,,,,,,,,
17.377126,55640,12177671,,177.77175903,2.05969548,-165.50625610,,,,,-0.15834020,0.13779180,-9.84640121,-0.12816682,-0.28813189,0.02794266,-3.77138756,-1.09853678,2.90632575,0.08422992,0.29384103,1.06000590,,,,,,,1,,,,,,,,,
17.387027,55641,12177771,,177.73709106,2.06146836,-165.52452087,,,,,-0.13119698,0.20021291,-9.81108284,-0.16783734,-0.23889457,-0.00598741,-4.04584633,-0.64522807,2.50829220,0.08380255,0.29432756,1.06149578,,,,,,,1,,,,,,,,,
17.397148,55642,12177871,,177.69979858,2.05710006,-165.52680969,,,,,-0.08157981,0.19593285,-9.73244858,-0.21021153,-0.25812373,-0.08658028,-4.89129227,-0.05217848,-0.61989265,0.08429047,0.29335937,1.06148291,,,,,,,1,,,,,,,,,
17.407051,55643,12177971,,177.67292786,2.04624510,-165.51498413,,,,,-0.10780513,0.29585227,-9.82553768,-0.20918496,-0.16251594,0.01136613,-3.33419377,0.66974935,-1.95638240,0.08285382,0.29386377,1.06098890,,,,,,,1,,,,,,,,,
17.417009,55644,12178071,,177.66275024,2.04322314,-165.50614929,,,,,-0.17162840,0.24230203,-9.78154373,-0.13250700,-0.19679451,-0.03247118,-1.18959014,-0.12520452,-0.68881641,0.08427223,0.29527941,1.06200790,,,,,,,1,,,,,,,,,
17.427012,55645,12178171,,177.66712952,2.04403996,-165.50990295,,,,,-0.09381070,0.21839273,-9.79914284,-0.20300230,-0.23886219,-0.01863265,0.46045224,-0.68150550,1.03604717,0.08630171,0.29092449,1.06392825,,,,,,,1,,,,,,,,,
17.437173,55646,12178271,,177.68354797,2.04620695,-165.50923157,,,,,-0.11317856,0.17982322,-9.79580975,-0.17552873,-0.26858801,-0.02278185,0.97520470,-0.71371197,-0.26551517,0.08770493,0.28850156,1.06241262,,,,,,,1,,,,,,,,,
17.447072,55647,12178371,,177.69808960,2.04666328,-165.49830627,,,,,-0.15136535,0.21722375,-9.80652618,-0.14884768,-0.22129999,-0.00916576,0.52433185,-0.60136128,-1.59902028,0.08571979,0.29045579,1.06045461,,,,,,,1,,,,,,,,,
17.457089,55648,12178471,,177.71330261,2.04039812,-165.48625183,,,,,-0.17167404,0.24062234,-9.85075951,-0.13548800,-0.19252534,0.03673768,0.94100167,0.13875901,-1.48726046,0.08336733,0.29337469,1.06197321,,,,,,,1,,,,,,,,,
17.467098,55649,12178571,,177.74459839,2.02896452,-165.47930908,,,,,-0.12444032,0.20399186,-9.77609634,-0.16932589,-0.22952344,-0.04078865,2.90693897,0.94244017,-0.30318252,0.08191345,0.29387960,1.06098449,,,,,,,1,,,,,,,,,
17.477171,55650,12178671,,177.77476501,2.02147460,-165.48802185,,,,,-0.11309834,0.17120492,-9.78485584,-0.17269015,-0.25987342,-0.03361201,2.16499516,0.10546407,1.25096025,0.08283710,0.29290450,1.05998409,,,,,,,1,,,,,,,,,
17.487132,55651,12178771,,177.79606628,2.01852131,-165.49421692,,,,,-0.10704479,0.14951360,-9.83072853,-0.17496225,-0.28148741,0.01122046,1.04299859,-0.63239366,0.62940188,0.08433431,0.29191846,1.06195509,,,,,,,1,,,,,,,,,
17.497136,55652,12178871,,177.79890442,2.02088213,-165.49464417,,,,,-0.11760423,0.15388456,-9.83926105,-0.16638224,-0.27501211,0.02027750,-0.37447838,-0.77971342,0.10510219,0.08424715,0.29384053,1.06050074,,,,,,,1,,,,,,,,,
17.507055,55653,12178971,,177.80076599,2.01811862,-165.48908997,,,,,-0.14701599,0.18828726,-9.83006001,-0.14561546,-0.23403558,0.01345444,-1.10410574,-0.26574164,-1.08496989,0.08474395,0.29239216,1.06048036,,,,,,,1,,,,,,,,,
17.517086,55654,12179071,,177.80348206,2.01416969,-165.48320007,,,,,-0.16132787,0.20551120,-9.81514454,-0.13507795,-0.21187070,-0.00023985,-0.37202520,0.08689487,-0.64302533,0.08621556,0.29092702,1.06145406,,,,,,,1,,,,,,,,,
17.527184,55655,12179171,,177.81019592,2.01022053,-165.48654175,,,,,-0.12517560,0.17663135,-9.77409744,-0.16131690,-0.24525431,-0.04355645,0.31061715,0.30761259,0.64798634,0.08625787,0.29236540,1.06345606,,,,,,,1,,,,,,,,,
17.537022,55656,12179271,,177.81350708,2.00826788,-165.49400330,,,,,-0.13051805,0.16262193,-9.83056927,-0.15467507,-0.26033056,0.01247644,-0.66410201,-0.99548268,0.84500123,0.08426387,0.29479977,1.06150556,,,,,,,1,,,,,,,,,
17.547017,55657,12179371,,177.81077576,2.01460838,-165.49880981,,,,,-0.11874986,0.13517591,-9.82109070,-0.15986758,-0.28995132,0.00151396,-0.81984580,-1.34791905,0.55867228,0.08281834,0.29578432,1.06101918,,,,,,,1,,,,,,,,,
17.557060,55658,12179471,,177.80398560,2.01758337,-165.49676514,,,,,-0.13271081,0.17445269,-9.80812454,-0.15570047,-0.25012720,-0.00949168,-2.28398431,-0.98275430,-0.34696320,0.08568381,0.29333612,1.06099474,,,,,,,1,,,,,,,,,
17.567108,55659,12179571,,177.78565979,2.01678991,-165.48826599,,,,,-0.12597327,0.18048577,-9.78746891,-0.16191106,-0.24804580,-0.03018594,-2.97383000,-0.35844598,-0.98011368,0.08620772,0.28948763,1.06044173,,,,,,,1,,,,,,,,,
17.577027,55660,12179671,,177.76864624,2.01409817,-165.47691345,,,,,-0.16135113,0.21118228,-9.82300472,-0.13491224,-0.21321261,0.00771594,-2.20589796,0.11021700,-1.63076071,0.08521464,0.29142451,1.05997264,,,,,,,1,,,,,,,,,
17.587042,55661,12179771,,177.76007080,2.00848126,-165.47084045,,,,,-0.12905774,0.23789103,-9.82747746,-0.17195299,-0.19674593,0.01208591,-1.51579251,-0.04709336,-0.51841264,0.08426387,0.29479977,1.06150556,,,,,,,1,,,,,,,,,
17.597074,55662,12179871,,177.76478577,2.00214791,-165.46365356,,,,,-0.13300273,0.17394230,-9.79990101,-0.15072314,-0.25438178,-0.01775837,0.22330386,-0.03986921,-0.14580395,0.08328068,0.29433697,1.06000900,,,,,,,1,,,,,,,,,
17.607100,55663,12179971,,177.77154541,2.00137806,-165.46893311,,,,,-0.10807787,0.19634834,-9.80090332,-0.18087013,-0.23825921,-0.01674151,-0.06593669,-0.66462607,0.59705837,0.08145367,0.29052803,1.05944479,,,,,,,1,,,,,,,,,
17.617039,55664,12180071,,177.77493286,2.00420475,-165.46844482,,,,,-0.12446459,0.17967394,-9.81881618,-0.16198795,-0.25089270,0.00106430,-0.46891228,-1.03541346,-0.25250729,0.08152257,0.29052600,1.06142414,,,,,,,1,,,,,,,,,
17.627037,55665,12180171,,177.77639771,2.00302744,-165.46853638,,,,,-0.13429837,0.19282810,-9.83317661,-0.15587635,-0.23591335,0.01627421,-0.41297370,-0.64482706,-0.19808169,0.08298533,0.28954101,1.06240535,,,,,,,1,,,,,,,,,
17.637163,55666,12180271,,177.77444458,2.00421691,-165.46279907,,,,,-0.14139523,0.17377718,-9.80122948,-0.14352718,-0.25199270,-0.01614285,-1.20011237,-0.90318131,-0.79825328,0.08430037,0.29095969,1.06045544,,,,,,,1,,,,,,,,,
17.647179,55667,12180371,,177.77128601,1.99796486,-165.45195007,,,,,-0.15992865,0.23479143,-9.81466293,-0.13904160,-0.18871324,0.00033164,-0.96755008,0.83099843,-0.84830651,0.08607723,0.29189086,1.05800533,,,,,,,1,,,,,,,,,
17.657161,55668,12180471,,177.77529907,1.98604417,-165.44592285,,,,,-0.12788717,0.23141240,-9.79483318,-0.16740656,-0.19785714,-0.02066970,-0.35002684,0.54743545,-0.72852857,0.08614615,0.29188883,1.05998468,,,,,,,1,,,,,,,,,
17.667078,55669,12180571,,177.78712463,1.97620595,-165.44807434,,,,,-0.13096423,0.19026090,-9.79811287,-0.15317759,-0.23415589,-0.01880074,0.65927094,0.36519565,0.33087200,0.08342890,0.29097348,1.06243026,,,,,,,1,,,,,,,,,
17.677055,55670,12180671,,177.80149841,1.97094631,-165.45439148,,,,,-0.10182279,0.18215001,-9.81167507,-0.17974648,-0.24745962,-0.00651860,0.72690160,-0.29151970,0.80781634,0.08336835,0.29145515,1.06095338,,,,,,,1,,,,,,,,,
17.687114,55671,12180771,,177.81443787,1.97050464,-165.45637512,,,,,-0.09918310,0.19225827,-9.80681133,-0.18545859,-0.23613675,-0.01104259,0.50910571,-0.83652304,0.42323579,0.08237578,0.29243225,1.05997431,,,,,,,1,,,,,,,,,
17.697075,55672,12180871,,177.82348633,1.97732270,-165.45866394,,,,,-0.12091804,0.16941762,-9.80716896,-0.16038817,-0.25191998,-0.01081324,-0.02896202,-1.49386888,-0.00368579,0.08094800,0.29245651,1.05947280,,,,,,,1,,,,,,,,,
17.707084,55673,12180971,,177.82382202,1.98415327,-165.45507812,,,,,-0.13264057,0.17862745,-9.82945061,-0.15283382,-0.24169129,0.01216555,-0.94064383,-1.35544389,-0.47385024,0.08331564,0.29337621,1.06048870,,,,,,,1,,,,,,,,,
17.717041,55674,12181071,,177.81768799,1.98471105,-165.44692993,,,,,-0.16879633,0.18335727,-9.80245972,-0.11801729,-0.22816299,-0.01337743,-1.66762772,-0.91403811,-0.96332583,0.08526479,0.29430228,1.06298697,,,,,,,1,,,,,,,,,
17.727222,55675,12181171,,177.81019592,1.98248971,-165.43481445,,,,,-0.15996780,0.18369630,-9.80007839,-0.12550156,-0.23115721,-0.01606774,-1.88199566,-0.38475133,-1.02312296,0.08433278,0.29479775,1.06348491,,,,,,,1,,,,,,,,,
17.737187,55676,12181271,,177.80772400,1.97206366,-165.42382812,,,,,-0.16502760,0.21172175,-9.83023453,-0.12601954,-0.20396954,0.01533389,-1.55476162,0.63789917,-0.34462210,0.08469909,0.29575264,1.06102812,,,,,,,1,,,,,,,,,
17.747137,55677,12181371,,177.80659485,1.95985365,-165.41859436,,,,,-0.13265847,0.22636192,-9.81582546,-0.15866545,-0.19656833,0.00044107,-1.01041838,0.76666942,-0.45403592,0.08469960,0.29479286,1.06051815,,,,,,,1,,,,,,,,,
17.757153,55678,12181471,,177.80883789,1.94542408,-165.41139221,,,,,-0.10897519,0.22777291,-9.80075932,-0.17937766,-0.19916120,-0.01529503,-0.41793829,0.84262934,-0.25204519,0.08428997,0.29431912,1.06199288,,,,,,,1,,,,,,,,,
17.767087,55679,12181571,,177.81874084,1.93714178,-165.40676880,,,,,-0.11111210,0.22853678,-9.80178356,-0.17693226,-0.19614685,-0.01412606,-0.14802814,0.05801351,-0.03147327,0.08483896,0.29190952,1.06294692,,,,,,,1,,,,,,,,,
17.777107,55680,12181671,,177.83183289,1.93735933,-165.40696716,,,,,-0.10281410,0.20798486,-9.79915810,-0.18083973,-0.21545364,-0.01778007,0.59899025,-0.87789163,0.13719467,0.08658187,0.29188192,1.05899715,,,,,,,1,,,,,,,,,
17.787037,55681,12181771,,177.83697510,1.94174981,-165.41386414,,,,,-0.11965709,0.19281702,-9.80741596,-0.16175409,-0.22578777,-0.00953770,-0.07249413,-1.02626698,0.69615508,0.08703381,0.29379407,1.05952454,,,,,,,1,,,,,,,,,
17.797107,55682,12181871,,177.84400940,1.94998467,-165.41647339,,,,,-0.13205981,0.16711004,-9.79716969,-0.14502512,-0.24650162,-0.02033496,-0.18417697,-1.65597723,0.23307119,0.08386310,0.29384592,1.06297266,,,,,,,1,,,,,,,,,
17.807103,55683,12181971,,177.85166931,1.95566034,-165.41448975,,,,,-0.12820132,0.17800780,-9.81330967,-0.15302944,-0.23681054,-0.00393438,-0.38392616,-1.41742508,-0.21253049,0.08389858,0.29192537,1.06294250,,,,,,,1,,,,,,,,,
17.817181,55684,12182071,,177.85267639,1.95714736,-165.40731812,,,,,-0.16939576,0.17907555,-9.83174038,-0.11374171,-0.22620961,0.01592946,-0.91344954,-0.74340393,-0.69958490,0.08719875,0.29138982,1.06295061,,,,,,,1,,,,,,,,,
