time_seconds,total_vibration,rms_x,rms_y,rms_z
0.331,0.344470,0.009163,0.007535,0.344266
0.340,0.344467,0.009156,0.007195,0.344270
0.350,0.344489,0.009195,0.007138,0.344292
0.360,0.344480,0.008937,0.007311,0.344286
0.370,0.344508,0.008972,0.007282,0.344314
0.380,0.344542,0.008935,0.007302,0.344349
0.390,0.344536,0.009082,0.007293,0.344339
0.400,0.344519,0.009091,0.007265,0.344323
0.410,0.344490,0.009097,0.007139,0.344296
0.420,0.344527,0.008866,0.007120,0.344339
0.430,0.344539,0.008763,0.007136,0.344354
0.440,0.344545,0.008815,0.007233,0.344356
0.450,0.344543,0.008702,0.007053,0.344361
0.460,0.344544,0.008652,0.007311,0.344358
0.470,0.344536,0.008677,0.007196,0.344351
0.480,0.344532,0.008608,0.007147,0.344350
0.490,0.344532,0.008632,0.006905,0.344355
0.500,0.344543,0.008631,0.006886,0.344366
0.510,0.344573,0.008797,0.006898,0.344391
0.520,0.009509,0.005259,0.005896,0.005291
0.530,0.009414,0.005171,0.005850,0.005260
0.540,0.009509,0.005200,0.005986,0.005249
0.550,0.009615,0.005362,0.006023,0.005237
0.560,0.009422,0.005161,0.006018,0.005091
0.570,0.009427,0.005261,0.005992,0.005028
0.580,0.009425,0.005502,0.005787,0.005007
0.590,0.009578,0.005639,0.005885,0.005031
0.600,0.009621,0.005719,0.005857,0.005055
0.610,0.009722,0.005829,0.005886,0.005088
0.620,0.009859,0.006092,0.005880,0.005051
0.630,0.009856,0.006113,0.005961,0.004922
0.640,0.009922,0.006106,0.006079,0.004921
0.650,0.009886,0.006102,0.006079,0.004853
0.662,0.010030,0.006135,0.006267,0.004866
0.670,0.010120,0.006236,0.006309,0.004869
0.680,0.010062,0.006307,0.006309,0.004654
0.690,0.009980,0.006283,0.006338,0.004466
0.700,0.009836,0.006243,0.006168,0.004441
0.710,0.009888,0.006242,0.006252,0.004440
0.720,0.010040,0.006479,0.006244,0.004454
0.730,0.010098,0.006440,0.006390,0.004433
0.740,0.010152,0.006507,0.006399,0.004448
0.750,0.010247,0.006564,0.006493,0.004444
0.760,0.010319,0.006708,0.006460,0.004445
0.770,0.010395,0.006853,0.006442,0.004425
0.780,0.010373,0.006840,0.006450,0.004384
0.790,0.010378,0.006865,0.006444,0.004367
0.800,0.010371,0.006889,0.006411,0.004359
0.810,0.010273,0.006912,0.006228,0.004355
0.820,0.010266,0.007050,0.005987,0.004456
0.830,0.010271,0.007049,0.005969,0.004492
0.840,0.010356,0.007073,0.006056,0.004533
0.850,0.010347,0.007015,0.006051,0.004609
0.860,0.010440,0.007169,0.005908,0.004765
0.870,0.010455,0.007195,0.006010,0.004628
0.882,0.010725,0.007465,0.005987,0.004844
0.890,0.010447,0.007282,0.005758,0.004793
0.900,0.010530,0.007260,0.005887,0.004850
0.910,0.010507,0.007287,0.005917,0.004720
0.920,0.010352,0.007292,0.005949,0.004311
0.930,0.010375,0.007293,0.006025,0.004260
0.940,0.010368,0.007263,0.006023,0.004298
0.950,0.010340,0.007228,0.006001,0.004319
0.960,0.010123,0.007202,0.005656,0.004315
0.970,0.010162,0.007197,0.005651,0.004419
0.980,0.010235,0.007191,0.005791,0.004417
0.990,0.010288,0.007168,0.005815,0.004543
1.000,0.010284,0.007198,0.005802,0.004504
1.010,0.010161,0.007039,0.005807,0.004471
1.020,0.010173,0.007058,0.005809,0.004465
1.030,0.010175,0.007022,0.005828,0.004499
1.040,0.010406,0.007255,0.005964,0.004481
1.050,0.010304,0.007165,0.005896,0.004481
1.060,0.010331,0.007151,0.005964,0.004475
1.070,0.010497,0.007374,0.005982,0.004474
1.080,0.010370,0.007196,0.005992,0.004454
1.090,0.011385,0.007379,0.007550,0.004265
1.100,0.011977,0.008052,0.007788,0.004238
1.110,0.014229,0.009272,0.009754,0.004620
1.120,0.014404,0.009081,0.009982,0.005038
1.130,0.014612,0.009027,0.010326,0.005041
1.140,0.024271,0.017513,0.015556,0.006356
1.150,0.034580,0.028230,0.018697,0.007018
1.160,0.034718,0.028262,0.018906,0.007013
1.170,0.036828,0.030571,0.019145,0.007429
1.180,0.039631,0.031484,0.022890,0.007447
1.190,0.039671,0.031481,0.022950,0.007489
1.200,0.040750,0.031766,0.024028,0.008607
1.210,0.041293,0.032398,0.024044,0.008797
1.220,0.041816,0.032695,0.024523,0.008844
1.230,0.041897,0.032790,0.024534,0.008844
1.240,0.042356,0.033334,0.024602,0.008807
1.250,0.043076,0.034173,0.024685,0.008852
1.260,0.043127,0.034146,0.024716,0.009116
1.270,0.043523,0.034200,0.025326,0.009123
1.280,0.043754,0.034395,0.025414,0.009248
1.290,0.043803,0.034391,0.025415,0.009487
1.300,0.043949,0.034433,0.025600,0.009512
1.310,0.044505,0.034549,0.025981,0.010584
1.320,0.044757,0.034873,0.026003,0.010532
1.330,0.045069,0.034960,0.026195,0.011083
1.340,0.045151,0.035087,0.026163,0.011094
1.350,0.045220,0.035085,0.026163,0.011376
1.360,0.045264,0.035137,0.026174,0.011361
1.370,0.045358,0.035197,0.026234,0.011418
1.380,0.045508,0.035139,0.026485,0.011613
1.390,0.045691,0.035219,0.026607,0.011805
1.400,0.045793,0.035307,0.026638,0.011869
1.410,0.045890,0.035303,0.026633,0.012261
1.420,0.045957,0.035337,0.026692,0.012283
1.430,0.046405,0.035449,0.027248,0.012424
1.440,0.048374,0.036958,0.028596,0.012508
1.450,0.049376,0.037253,0.029790,0.012759
1.460,0.049714,0.037442,0.030060,0.012881
1.470,0.049921,0.037466,0.030347,0.012941
1.480,0.051024,0.038415,0.030987,0.012944
1.490,0.053873,0.040912,0.032394,0.013381
1.500,0.054203,0.041215,0.032521,0.013479
1.510,0.054482,0.041229,0.032719,0.014070
1.520,0.054866,0.041250,0.033125,0.014538
1.530,0.056785,0.043626,0.033322,0.014527
1.540,0.061337,0.045152,0.038788,0.014800
1.550,0.062370,0.045241,0.040208,0.015051
1.560,0.063262,0.046045,0.040441,0.015701
1.570,0.063850,0.045989,0.040804,0.017228
1.580,0.065363,0.046351,0.042736,0.017248
1.590,0.065351,0.046316,0.042674,0.017450
1.600,0.066281,0.047256,0.043077,0.017446
1.610,0.069064,0.049352,0.045083,0.017371
1.620,0.069340,0.049371,0.045532,0.017246
1.630,0.069491,0.049385,0.045741,0.017259
1.640,0.066665,0.046994,0.044122,0.016999
1.650,0.063043,0.042585,0.043352,0.016781
1.660,0.063399,0.042611,0.043734,0.017060
1.670,0.062781,0.041653,0.043723,0.017167
1.680,0.063111,0.043632,0.042263,0.017121
1.690,0.063498,0.043634,0.042829,0.017138
1.700,0.064500,0.045347,0.042317,0.017695
1.710,0.065803,0.046897,0.042671,0.017603
1.720,0.065552,0.046698,0.042515,0.017573
1.730,0.065755,0.046766,0.042569,0.018016
1.740,0.065768,0.046458,0.042922,0.018023
1.750,0.065673,0.046360,0.042890,0.018002
1.760,0.066481,0.047116,0.042871,0.019026
1.770,0.068911,0.050799,0.042471,0.019091
1.780,0.070296,0.051785,0.043559,0.019037
1.790,0.072572,0.053314,0.045291,0.019315
1.800,0.075595,0.056249,0.046386,0.019976
1.810,0.077924,0.056442,0.050046,0.019540
1.820,0.080087,0.057814,0.051465,0.020562
1.830,0.080695,0.058032,0.051953,0.021093
1.840,0.081588,0.058021,0.053325,0.021137
1.850,0.081937,0.058355,0.053361,0.021470
1.860,0.083256,0.059794,0.053821,0.021437
1.870,0.084021,0.060374,0.054274,0.021653
1.882,0.085347,0.060390,0.056334,0.021530
1.890,0.088508,0.062569,0.058689,0.021781
1.900,0.092371,0.064197,0.062025,0.023749
1.910,0.098265,0.064829,0.069550,0.024820
1.920,0.100051,0.066933,0.070077,0.024887
1.930,0.100412,0.067535,0.070044,0.024807
1.940,0.100513,0.066918,0.070771,0.024825
1.950,0.101205,0.067829,0.070820,0.025021
1.960,0.101437,0.067907,0.070852,0.025654
1.970,0.101653,0.067886,0.071179,0.025660
1.980,0.102107,0.067335,0.072192,0.026080
1.990,0.101616,0.066801,0.072040,0.025954
2.000,0.102239,0.066601,0.073062,0.026059
2.010,0.102582,0.066756,0.073291,0.026364
2.020,0.103071,0.067588,0.073299,0.026130
2.030,0.102439,0.066256,0.073582,0.026258
2.040,0.101217,0.067443,0.070814,0.026110
2.050,0.101903,0.069218,0.070104,0.026047
2.060,0.104119,0.072596,0.070083,0.025671
2.070,0.104846,0.073995,0.069951,0.024985
2.080,0.104727,0.074886,0.068744,0.025183
2.090,0.107283,0.077893,0.069382,0.025066
2.100,0.107423,0.078102,0.069226,0.025446
2.110,0.105814,0.077106,0.067755,0.025701
2.120,0.105717,0.077099,0.067611,0.025705
2.130,0.105925,0.077081,0.067874,0.025917
2.140,0.105826,0.076921,0.067941,0.025811
2.150,0.105987,0.077001,0.067833,0.026513
2.160,0.106004,0.077224,0.067581,0.026570
2.170,0.106975,0.076912,0.069374,0.026750
2.180,0.108302,0.078568,0.069226,0.027644
2.190,0.108128,0.078575,0.068949,0.027635
2.200,0.108761,0.078389,0.070395,0.026993
2.210,0.108729,0.078556,0.070111,0.027118
2.220,0.108970,0.078626,0.070407,0.027116
2.230,0.112020,0.080600,0.072960,0.026997
2.240,0.112499,0.081070,0.073175,0.027001
2.250,0.113272,0.081850,0.073489,0.027027
2.260,0.115297,0.083833,0.074602,0.026461
2.270,0.114529,0.081725,0.075627,0.026803
2.280,0.115313,0.083003,0.075398,0.026884
2.290,0.115005,0.083273,0.074731,0.026589
2.300,0.113459,0.082021,0.073907,0.026140
2.310,0.113412,0.083944,0.071664,0.026076
2.320,0.112023,0.082915,0.070750,0.025860
2.330,0.112426,0.083222,0.071236,0.025280
2.340,0.112699,0.083832,0.070833,0.025611
2.350,0.113377,0.083665,0.072249,0.025194
2.360,0.113139,0.082673,0.072790,0.025830
2.370,0.113117,0.082523,0.072783,0.026231
2.380,0.114021,0.084377,0.072024,0.026340
2.390,0.112086,0.083316,0.070274,0.026141
2.400,0.110406,0.083953,0.067432,0.024381
2.410,0.106386,0.084817,0.059638,0.023819
2.420,0.106389,0.085084,0.059272,0.023793
2.430,0.108048,0.087085,0.059261,0.024056
2.440,0.108765,0.088936,0.057831,0.023993
2.451,0.109358,0.089895,0.057517,0.023875
2.460,0.110546,0.091640,0.057335,0.023132
2.470,0.111589,0.093191,0.056767,0.023348
2.480,0.111469,0.094101,0.055138,0.023027
2.490,0.112682,0.095888,0.054548,0.022959
2.500,0.112327,0.096304,0.053117,0.022835
2.510,0.112713,0.096994,0.052925,0.022256
2.520,0.112589,0.096940,0.052675,0.022456
2.530,0.112520,0.097068,0.052334,0.022354
2.540,0.111898,0.096117,0.052757,0.022348
2.550,0.111834,0.095003,0.054514,0.022571
2.560,0.110176,0.092793,0.054835,0.022831
2.570,0.110563,0.091935,0.057066,0.022707
2.580,0.111501,0.091397,0.059778,0.022487
2.590,0.109814,0.089090,0.060118,0.022538
2.600,0.111522,0.088279,0.064236,0.022755
2.611,0.112038,0.088091,0.065411,0.022669
2.620,0.113374,0.088097,0.067540,0.023042
2.630,0.115169,0.088386,0.070210,0.022857
2.640,0.115448,0.088411,0.070615,0.022915
2.650,0.115884,0.087913,0.072166,0.022191
2.660,0.115963,0.087801,0.072390,0.022318
2.670,0.114902,0.087683,0.070970,0.021849
2.680,0.113079,0.085118,0.071421,0.020993
2.690,0.113119,0.085128,0.071461,0.021036
2.700,0.111974,0.084459,0.070347,0.021358
2.710,0.111517,0.083848,0.070351,0.021360
2.721,0.112116,0.083724,0.071164,0.022271
2.730,0.110406,0.082073,0.070079,0.023288
2.740,0.110562,0.082042,0.070097,0.024074
2.750,0.110980,0.080891,0.071703,0.025137
2.761,0.109672,0.078570,0.072128,0.025538
2.771,0.109555,0.078759,0.071605,0.025922
2.781,0.108775,0.076678,0.072455,0.026512
2.791,0.108965,0.075457,0.073596,0.027628
2.801,0.109480,0.075065,0.074457,0.028411
2.811,0.109593,0.073483,0.076077,0.028690
2.821,0.110289,0.073914,0.076633,0.028769
2.831,0.112059,0.075375,0.077257,0.030117
2.841,0.112090,0.075469,0.077314,0.029854
2.851,0.112862,0.077475,0.076431,0.029893
2.861,0.113264,0.078259,0.076441,0.029342
2.871,0.113913,0.079011,0.076836,0.028806
2.881,0.113436,0.078924,0.076258,0.028695
2.891,0.113994,0.079085,0.076861,0.028854
2.901,0.114984,0.079052,0.078339,0.028899
2.911,0.116919,0.081103,0.079261,0.028461
2.921,0.117255,0.081218,0.079532,0.028757
2.931,0.119044,0.082921,0.080172,0.029463
2.941,0.119530,0.083358,0.080400,0.029573
2.951,0.121291,0.085961,0.080290,0.029595
2.961,0.122626,0.087683,0.080371,0.029823
2.971,0.123468,0.088906,0.080395,0.029611
2.981,0.125718,0.092072,0.080396,0.029401
2.991,0.126315,0.092841,0.080404,0.029516
3.001,0.128084,0.095254,0.080384,0.029506
3.011,0.130013,0.097926,0.080285,0.029467
3.021,0.132605,0.100898,0.080895,0.029317
3.031,0.134760,0.103776,0.080787,0.029401
3.041,0.137271,0.106658,0.081235,0.029467
3.051,0.137758,0.108094,0.080224,0.029272
3.061,0.139323,0.110352,0.079915,0.029100
3.071,0.139658,0.111877,0.078417,0.028961
3.081,0.139624,0.113167,0.076482,0.028960
3.091,0.140967,0.115283,0.075763,0.029012
3.101,0.140357,0.116798,0.072368,0.028657
3.111,0.140968,0.118053,0.071591,0.028467
3.121,0.141925,0.119896,0.070472,0.028309
3.131,0.141019,0.120588,0.067432,0.028246
3.141,0.142218,0.122174,0.067118,0.028191
3.151,0.142329,0.123243,0.065375,0.028191
3.161,0.142834,0.123930,0.065176,0.028199
3.171,0.143766,0.125218,0.064684,0.028377
3.181,0.144350,0.126159,0.064171,0.028333
3.191,0.145325,0.127357,0.064025,0.028289
3.201,0.145712,0.127908,0.063923,0.028023
3.211,0.146028,0.128234,0.064033,0.027929
3.221,0.145732,0.128552,0.062807,0.027704
3.231,0.144894,0.128590,0.061158,0.026804
3.241,0.144803,0.128899,0.060601,0.026085
3.251,0.144157,0.129256,0.058535,0.025451
3.261,0.143746,0.129620,0.056950,0.024865
3.271,0.143958,0.129986,0.056918,0.024241
3.281,0.143771,0.130166,0.056272,0.023668
3.291,0.143860,0.130749,0.055368,0.023125
3.301,0.143544,0.130635,0.054992,0.022698
3.311,0.142978,0.130561,0.053822,0.022355
3.321,0.143935,0.130231,0.057154,0.022149
3.331,0.143126,0.129147,0.058289,0.020207
3.341,0.144344,0.128972,0.061418,0.020714
3.351,0.145127,0.127836,0.065364,0.021151
3.361,0.146335,0.127529,0.068392,0.021745
3.371,0.147790,0.126870,0.072434,0.022343
3.381,0.148272,0.126011,0.074879,0.022335
3.391,0.149276,0.125542,0.077639,0.022239
3.401,0.149053,0.124741,0.078445,0.022422
3.411,0.148666,0.122933,0.080447,0.022743
3.421,0.149458,0.122241,0.082978,0.022566
3.431,0.148018,0.120435,0.083311,0.021541
3.441,0.148511,0.119535,0.085388,0.021815
3.451,0.148598,0.118066,0.087437,0.022288
3.461,0.147684,0.115795,0.088933,0.022208
3.471,0.147781,0.115294,0.089724,0.022278
3.481,0.146613,0.113016,0.090460,0.023233
3.491,0.145427,0.110935,0.091114,0.023252
3.501,0.146443,0.111576,0.091775,0.023953
3.511,0.147035,0.110175,0.094126,0.024921
3.521,0.147775,0.108920,0.096665,0.025095
3.531,0.148662,0.107603,0.098872,0.027318
3.541,0.150255,0.105558,0.102563,0.030249
3.551,0.154870,0.106121,0.107910,0.032842
3.561,0.156812,0.103265,0.112153,0.036716
3.571,0.157130,0.102191,0.113159,0.037974
3.581,0.156621,0.100450,0.113465,0.039572
3.591,0.157620,0.101208,0.114104,0.039764
3.601,0.159101,0.101032,0.116310,0.039720
3.611,0.159102,0.099630,0.117510,0.039735
3.621,0.158111,0.097555,0.117832,0.039968
3.631,0.158753,0.097845,0.118448,0.039986
3.641,0.159595,0.099324,0.118302,0.040122
3.651,0.160783,0.098126,0.120072,0.042487
3.661,0.164542,0.097189,0.124623,0.045799
3.671,0.167718,0.096544,0.128019,0.049189
3.681,0.168238,0.096776,0.128291,0.049798
3.691,0.169448,0.096956,0.128941,0.051830
3.701,0.170893,0.096544,0.129326,0.056199
3.711,0.172471,0.098099,0.129922,0.056947
3.721,0.172656,0.098070,0.130289,0.056720
3.731,0.172528,0.097835,0.130299,0.056712
3.741,0.172634,0.097991,0.130326,0.056704
3.751,0.173296,0.098140,0.130390,0.058297
3.761,0.174478,0.098178,0.130962,0.060437
3.771,0.174194,0.098166,0.130628,0.060360
3.781,0.174450,0.098145,0.130392,0.061632
3.791,0.175689,0.097163,0.131825,0.063626
3.801,0.175810,0.097461,0.131711,0.063741
3.811,0.177165,0.100459,0.131119,0.064057
3.821,0.179381,0.101187,0.132860,0.065474
3.831,0.181569,0.101242,0.134896,0.067236
3.841,0.188503,0.103881,0.140555,0.070613
3.851,0.191362,0.105008,0.139852,0.077681
3.861,0.191325,0.104917,0.138742,0.079676
3.871,0.189553,0.105568,0.135882,0.079509
3.881,0.188628,0.105276,0.134818,0.079509
3.891,0.188128,0.105149,0.133177,0.081237
3.901,0.191567,0.105347,0.134319,0.086940
3.911,0.190235,0.104777,0.132168,0.087992
3.921,0.189962,0.105487,0.131222,0.087970
3.931,0.190960,0.104414,0.133060,0.088646
3.941,0.192522,0.103701,0.134141,0.091197
3.951,0.190525,0.101292,0.132699,0.091819
3.961,0.190346,0.101537,0.132287,0.091771
3.971,0.190230,0.099693,0.133511,0.091780
3.981,0.191982,0.099296,0.136020,0.092173
3.991,0.197697,0.098799,0.142530,0.094911
4.001,0.200903,0.096223,0.147484,0.096705
4.011,0.200033,0.094050,0.146769,0.098116
4.021,0.199446,0.092677,0.145174,0.100569
4.031,0.198832,0.092447,0.144893,0.099967
4.041,0.197881,0.093551,0.143159,0.099553
4.051,0.195869,0.092791,0.141353,0.098862
4.061,0.197208,0.094387,0.141774,0.099409
4.068,0.198994,0.094034,0.144025,0.100066
4.081,0.199428,0.094016,0.144506,0.100253
4.091,0.199367,0.091124,0.144785,0.102375
4.098,0.198277,0.090925,0.142776,0.103255
4.110,0.198414,0.091781,0.141873,0.104002
4.120,0.199476,0.095368,0.140983,0.104016
4.130,0.200912,0.097663,0.141399,0.104085
4.140,0.200262,0.095923,0.141694,0.104049
4.150,0.199511,0.096142,0.141109,0.103196
4.160,0.198635,0.095996,0.139855,0.103350
4.170,0.197044,0.095159,0.138440,0.102983
4.180,0.197130,0.093643,0.138778,0.104075
4.190,0.196403,0.093181,0.138297,0.103756
4.200,0.195739,0.094227,0.138241,0.101609
4.210,0.196076,0.092612,0.140032,0.101291
4.220,0.198366,0.093139,0.142690,0.101557
4.230,0.202145,0.095110,0.145293,0.103474
4.240,0.202388,0.095272,0.145368,0.103694
4.250,0.202957,0.094855,0.146690,0.103324
4.260,0.204598,0.096914,0.147727,0.103174
4.270,0.206448,0.100746,0.147743,0.103165
4.280,0.206910,0.100691,0.148347,0.103278
4.290,0.205707,0.101785,0.146868,0.101907
4.300,0.207884,0.106350,0.146678,0.101936
4.310,0.206773,0.102855,0.147734,0.101739
4.320,0.208634,0.109025,0.146635,0.100696
4.330,0.205925,0.109181,0.143329,0.099707
4.340,0.199662,0.106454,0.138163,0.097179
4.350,0.195949,0.105547,0.137356,0.091593
4.360,0.196590,0.107153,0.137955,0.090192
4.370,0.199279,0.108122,0.140564,0.090904
4.380,0.200606,0.108626,0.142054,0.090905
4.390,0.199758,0.108623,0.141931,0.089217
4.400,0.197981,0.109848,0.141020,0.085108
4.410,0.198036,0.109847,0.141073,0.085151
4.420,0.201303,0.109499,0.145053,0.086559
4.430,0.201239,0.110638,0.143069,0.088249
4.440,0.206293,0.110641,0.150804,0.087025
4.450,0.215395,0.111053,0.156758,0.097411
4.460,0.217458,0.110667,0.159105,0.098622
4.470,0.218691,0.110419,0.159368,0.101170
4.480,0.224844,0.110007,0.167811,0.101453
4.490,0.221835,0.111351,0.162164,0.102541
4.500,0.230149,0.111078,0.169865,0.108518
4.510,0.228814,0.111234,0.168891,0.107046
4.520,0.238837,0.111008,0.182230,0.107297
4.530,0.241668,0.109618,0.186647,0.107473
4.540,0.254081,0.108744,0.201471,0.110188
4.550,0.251866,0.107176,0.199576,0.110089
4.560,0.261652,0.105704,0.213076,0.109027
4.570,0.264921,0.106651,0.214620,0.112902
4.580,0.267577,0.110924,0.215076,0.114173
4.590,0.271306,0.110889,0.214956,0.122900
4.600,0.278473,0.113456,0.221601,0.124772
4.610,0.298764,0.113411,0.226344,0.158639
4.620,0.300845,0.112104,0.229359,0.159170
4.630,0.304712,0.109508,0.229116,0.168413
4.640,0.306082,0.108870,0.229313,0.171024
4.650,0.320751,0.109932,0.245837,0.174242
4.660,0.323146,0.112210,0.248027,0.174111
4.670,0.331660,0.123311,0.249740,0.180063
4.680,0.333849,0.124135,0.250320,0.182717
4.690,0.336116,0.129322,0.250627,0.182856
4.700,0.337888,0.130370,0.252463,0.182851
4.710,0.338722,0.130749,0.253306,0.182957
4.720,0.340392,0.131300,0.253437,0.185463
4.730,0.339731,0.130701,0.251731,0.186991
4.740,0.342599,0.135579,0.253105,0.186897
4.750,0.342494,0.135830,0.252644,0.187146
4.760,0.345374,0.139216,0.255086,0.186636
4.770,0.347938,0.136019,0.256606,0.191606
4.780,0.356530,0.151828,0.256419,0.195732
4.790,0.368952,0.174853,0.258795,0.196411
4.800,0.369809,0.175151,0.259858,0.196353
4.810,0.374317,0.181102,0.261662,0.197099
4.820,0.373826,0.179119,0.261250,0.198523
4.830,0.375071,0.181688,0.261313,0.198454
4.840,0.376377,0.184697,0.261010,0.198546
4.850,0.378636,0.189012,0.260860,0.198977
4.860,0.380313,0.189234,0.263019,0.199122
4.870,0.379840,0.189407,0.262439,0.198820
4.882,0.380468,0.189667,0.260934,0.201732
4.890,0.381113,0.191946,0.260193,0.201751
4.900,0.385021,0.196425,0.260081,0.204979
4.910,0.385378,0.197333,0.260147,0.204693
4.920,0.385478,0.197649,0.257801,0.207525
4.930,0.385320,0.198041,0.257853,0.206792
4.940,0.384087,0.200026,0.253650,0.207784
4.950,0.378677,0.200125,0.248820,0.203554
4.960,0.381332,0.204283,0.247063,0.206500
4.970,0.380532,0.204277,0.246587,0.205597
4.980,0.379692,0.204394,0.242407,0.208873
4.990,0.386709,0.204398,0.246671,0.216608
5.000,0.379028,0.205812,0.236336,0.213188
5.010,0.384312,0.208364,0.237030,0.219310
5.020,0.383987,0.208393,0.235524,0.220334
5.030,0.389902,0.208605,0.239855,0.225781
5.040,0.383441,0.208371,0.229581,0.225612
5.050,0.386053,0.209029,0.229163,0.229845
5.060,0.382462,0.210106,0.221136,0.230720
5.070,0.380436,0.210577,0.218659,0.229297
5.080,0.386765,0.208614,0.222427,0.237895
5.090,0.383723,0.208454,0.222199,0.233277
5.100,0.388969,0.206505,0.218468,0.246828
5.110,0.374727,0.206843,0.215297,0.226459
5.120,0.377608,0.206179,0.214852,0.232198
5.130,0.378798,0.206052,0.223630,0.225877
5.140,0.390062,0.205934,0.244060,0.223995
5.150,0.383993,0.205088,0.233317,0.225727
5.160,0.384085,0.205711,0.231026,0.227664
5.170,0.396471,0.199906,0.240210,0.243979
5.180,0.401559,0.204272,0.240871,0.248000
5.190,0.404278,0.202552,0.247061,0.247737
5.200,0.408025,0.209290,0.245741,0.249587
5.210,0.406231,0.209181,0.242861,0.249571
5.220,0.410727,0.208810,0.250886,0.249302
5.230,0.417703,0.208398,0.263350,0.248380
5.240,0.422507,0.209945,0.263520,0.254936
5.250,0.427952,0.215033,0.267767,0.255352
5.260,0.445597,0.215957,0.263906,0.286833
5.270,0.450018,0.218986,0.271664,0.284184
5.280,0.449998,0.218364,0.274112,0.282272
5.290,0.446740,0.199529,0.274325,0.290707
5.300,0.445712,0.196063,0.273429,0.292327
5.310,0.445155,0.194052,0.273886,0.292392
5.320,0.443368,0.193336,0.272695,0.291263
5.330,0.446075,0.192358,0.275882,0.293036
5.340,0.450325,0.189467,0.276250,0.300966
5.350,0.449510,0.185906,0.276786,0.301475
5.360,0.447983,0.185354,0.274821,0.301340
5.370,0.451685,0.184209,0.279104,0.303624
5.380,0.454134,0.183215,0.280139,0.306906
5.390,0.460955,0.180648,0.280117,0.318403
5.400,0.466981,0.175703,0.280165,0.329708
5.410,0.467220,0.175738,0.280186,0.330010
5.420,0.468342,0.177278,0.278498,0.332198
5.430,0.474378,0.176674,0.282506,0.337656
5.440,0.481507,0.175344,0.283196,0.347713
5.450,0.499351,0.175046,0.283396,0.372018
5.460,0.496113,0.169972,0.282694,0.370570
5.470,0.501478,0.170637,0.289263,0.372411
5.480,0.500804,0.170328,0.288695,0.372086
5.490,0.527322,0.170088,0.287955,0.407701
5.500,0.537637,0.168445,0.291540,0.419147
5.510,0.535735,0.165857,0.290086,0.418752
5.520,0.534016,0.165883,0.287512,0.418322
5.530,0.527875,0.165178,0.279475,0.416247
5.540,0.526086,0.165125,0.274662,0.417206
5.550,0.524393,0.163389,0.275047,0.415501
5.560,0.524877,0.163112,0.273275,0.417387
5.570,0.527614,0.164576,0.272415,0.420811
5.580,0.527575,0.164981,0.265898,0.424752
5.590,0.530728,0.164975,0.265845,0.428698
5.600,0.526025,0.164520,0.265435,0.423297
5.610,0.524529,0.163709,0.262349,0.423678
5.620,0.522909,0.162742,0.263416,0.421380
5.630,0.521051,0.161887,0.259474,0.421853
5.640,0.515911,0.161721,0.246351,0.423463
5.650,0.516643,0.160983,0.246230,0.424706
5.661,0.517516,0.160005,0.240845,0.429203
5.670,0.506206,0.160054,0.233887,0.419434
5.680,0.502021,0.151057,0.234009,0.417668
5.690,0.496205,0.149292,0.222745,0.417512
5.700,0.494359,0.141019,0.225714,0.416603
5.710,0.494343,0.141127,0.225682,0.416565
5.720,0.493315,0.141196,0.223106,0.416709
5.730,0.483464,0.140764,0.200364,0.416866
5.740,0.478921,0.128980,0.200347,0.415441
5.750,0.478112,0.120462,0.200748,0.416869
5.760,0.459937,0.116923,0.203703,0.395444
5.770,0.450357,0.113369,0.181854,0.396104
5.780,0.453047,0.107034,0.181403,0.401109
5.790,0.454656,0.107611,0.184473,0.401374
5.800,0.466102,0.128690,0.188583,0.406357
5.810,0.463474,0.121776,0.186542,0.406424
5.820,0.463075,0.121821,0.185204,0.406568
5.830,0.465591,0.122511,0.185004,0.409316
5.840,0.490327,0.130602,0.187774,0.433710
5.850,0.494549,0.142626,0.188084,0.434582
5.860,0.504854,0.142788,0.197893,0.441958
5.870,0.509831,0.144598,0.206760,0.443023
5.882,0.510449,0.147640,0.208744,0.441799
5.890,0.502165,0.146901,0.206161,0.433691
5.900,0.495795,0.151117,0.205758,0.425018
5.910,0.502707,0.155482,0.207871,0.430498
5.920,0.502283,0.163823,0.207463,0.427094
5.930,0.494749,0.167120,0.193291,0.423659
5.940,0.489985,0.167370,0.201400,0.414139
5.950,0.468768,0.167307,0.201903,0.388570
5.960,0.470367,0.170413,0.203077,0.388541
5.970,0.476909,0.186536,0.202891,0.389207
5.980,0.496313,0.191399,0.216896,0.403298
5.990,0.474196,0.193028,0.224501,0.370406
6.000,0.471041,0.198966,0.229261,0.360183
6.010,0.469909,0.199396,0.229864,0.358076
6.020,0.474785,0.202137,0.230324,0.362646
6.030,0.478625,0.201814,0.226125,0.370433
6.040,0.486259,0.202059,0.226295,0.380014
6.050,0.488491,0.202058,0.227352,0.382240
6.060,0.489770,0.206497,0.229038,0.380494
6.070,0.502351,0.221360,0.228021,0.389054
6.080,0.533511,0.225637,0.227522,0.426563
6.090,0.545142,0.230152,0.224915,0.440026
6.100,0.552976,0.232323,0.224304,0.448884
6.110,0.577693,0.233686,0.228095,0.476543
6.120,0.589923,0.238769,0.228577,0.488622
6.130,0.593069,0.241930,0.224861,0.492583
6.140,0.595271,0.244081,0.226698,0.493336
6.150,0.899061,0.429959,0.245358,0.750498
6.160,1.205945,0.675366,0.244283,0.968767
6.170,1.369587,0.697765,0.669144,0.970123
6.180,1.430367,0.711245,0.772782,0.971024
6.190,1.437928,0.714864,0.778584,0.974891
6.200,1.449962,0.715601,0.793196,0.980380
6.210,1.457926,0.717357,0.796958,0.987829
6.220,1.462777,0.717311,0.799401,0.993045
6.230,1.470302,0.717161,0.799653,1.004003
6.240,1.475026,0.718391,0.800104,1.009678
6.250,1.477311,0.719993,0.800991,1.011173
6.260,1.552880,0.748317,0.807874,1.094896
6.270,1.576030,0.747795,0.807646,1.127998
6.280,1.655124,0.753867,0.923728,1.147976
6.290,1.799558,0.759657,1.160679,1.146366
6.300,1.808291,0.758270,1.177166,1.144213
6.310,1.807979,0.757920,1.176919,1.144206
6.320,1.808936,0.757971,1.177566,1.145019
6.330,1.808362,0.756563,1.177662,1.144944
6.340,1.803432,0.753877,1.180354,1.136134
6.350,1.802531,0.748969,1.181265,1.137004
6.360,1.800843,0.747548,1.180264,1.136304
6.370,1.810542,0.751976,1.182368,1.146560
6.380,1.809928,0.752050,1.182431,1.145476
6.390,1.811108,0.750884,1.183472,1.147030
6.400,1.810715,0.747457,1.185437,1.146619
6.410,1.808082,0.743744,1.186048,1.144245
6.420,1.806184,0.737435,1.186105,1.145270
6.430,1.807472,0.733267,1.189227,1.146739
6.440,1.808005,0.730848,1.188101,1.150287
6.450,1.807795,0.729091,1.187921,1.151258
6.460,1.809281,0.729010,1.187906,1.153656
6.470,1.809544,0.732103,1.187485,1.152542
6.480,1.805368,0.733486,1.185785,1.146851
6.490,1.804274,0.730501,1.186003,1.146809
6.500,1.803190,0.727492,1.185169,1.147879
6.510,1.804438,0.729183,1.184941,1.149001
6.520,1.804553,0.725426,1.185251,1.151238
6.530,1.802254,0.723584,1.185038,1.149012
6.540,1.801529,0.722144,1.185523,1.148283
6.550,1.800891,0.721131,1.185910,1.147517
6.560,1.805670,0.724502,1.187160,1.151605
6.570,1.803942,0.724621,1.187068,1.148913
6.580,1.794686,0.726382,1.187379,1.132871
6.590,1.791918,0.728577,1.187478,1.126961
6.600,1.789627,0.729016,1.187432,1.123078
6.610,1.777508,0.726225,1.187206,1.105746
6.620,1.768953,0.722108,1.187136,1.094743
6.630,1.763119,0.716961,1.186886,1.088970
6.640,1.757661,0.712559,1.186689,1.083238
6.650,1.647493,0.642253,1.180193,0.953357
6.660,1.459612,0.411886,1.180112,0.753758
6.670,1.302499,0.375138,0.993471,0.754182
6.680,1.244933,0.365595,0.923844,0.750141
6.690,1.237110,0.362782,0.919802,0.743502
6.700,1.218719,0.359937,0.905200,0.732349
6.710,1.205895,0.357676,0.902671,0.715147
6.720,1.197752,0.356301,0.901593,0.703413
6.730,1.183848,0.356412,0.903263,0.677187
6.740,1.169921,0.354223,0.902694,0.654511
6.750,1.161011,0.351528,0.902072,0.640813
6.760,1.084665,0.287306,0.896954,0.537984
6.770,1.061716,0.287639,0.896957,0.489870
6.780,0.907806,0.260034,0.768098,0.408068
6.790,0.583110,0.245192,0.330647,0.413001
6.800,0.543667,0.247253,0.260959,0.407848
6.810,0.542371,0.246874,0.260194,0.406840
6.820,0.551019,0.251076,0.272094,0.408103
6.830,0.547012,0.251893,0.271047,0.402872
6.840,0.523389,0.248110,0.259781,0.380646
6.850,0.517959,0.246152,0.255409,0.377434
6.860,0.500035,0.244974,0.256412,0.352527
6.870,0.428287,0.236012,0.243549,0.261556
6.883,0.434978,0.236630,0.243159,0.272187
6.890,0.432862,0.235813,0.238842,0.273344
6.900,0.431911,0.235002,0.241012,0.270618
6.910,0.427585,0.236794,0.238837,0.264035
6.920,0.425621,0.235215,0.237202,0.263746
6.930,0.421159,0.237745,0.226498,0.263725
6.940,0.427966,0.238166,0.225225,0.275146
6.950,0.433051,0.238080,0.223507,0.284422
6.960,0.439964,0.237587,0.228641,0.291281
6.970,0.446891,0.234632,0.239448,0.295506
6.980,0.449585,0.236126,0.245925,0.293074
6.990,0.450969,0.236579,0.244547,0.295974
7.000,0.449698,0.231747,0.249253,0.293931
7.010,0.452780,0.224060,0.259019,0.296169
7.020,0.456202,0.226856,0.259595,0.298777
7.030,0.459302,0.223130,0.267321,0.299517
7.040,0.458594,0.217358,0.267238,0.302734
7.050,0.460407,0.217349,0.262047,0.309945
7.060,0.455715,0.212543,0.258847,0.309030
7.070,0.459973,0.212196,0.263374,0.311740
7.080,0.474555,0.214815,0.259114,0.334540
7.090,0.472486,0.216230,0.256116,0.333005
7.100,0.481628,0.222382,0.254165,0.343383
7.110,0.484068,0.218554,0.254607,0.348900
7.120,0.488265,0.207888,0.254792,0.360924
7.130,0.501100,0.206145,0.277231,0.362971
7.140,0.505660,0.206478,0.278497,0.368101
7.150,0.515479,0.206842,0.280919,0.379499
7.160,0.522520,0.203931,0.293634,0.381076
7.170,0.519462,0.189628,0.296741,0.381872
7.180,0.512129,0.172280,0.292407,0.383529
7.190,0.509522,0.165274,0.289383,0.385428
7.200,0.514358,0.164766,0.298509,0.385109
7.210,0.524093,0.166786,0.300765,0.395469
7.220,0.535057,0.166759,0.320078,0.395003
7.230,0.539196,0.166076,0.319901,0.401017
7.240,0.551673,0.166806,0.330239,0.409219
7.250,0.555879,0.166815,0.334058,0.411800
7.260,0.561430,0.167428,0.345956,0.409251
7.270,0.575042,0.167564,0.348397,0.425694
7.280,0.575249,0.166724,0.348134,0.426517
7.290,0.566530,0.159450,0.347988,0.417655
7.300,0.572886,0.153733,0.349837,0.426824
7.310,0.572876,0.155145,0.349779,0.426348
7.320,0.568989,0.152038,0.344971,0.426178
7.330,0.570300,0.154055,0.346051,0.426331
7.340,0.585811,0.156438,0.344611,0.447152
7.350,0.584368,0.157527,0.348285,0.442005
7.360,0.582739,0.161295,0.348984,0.437926
7.370,0.586382,0.159654,0.350039,0.442523
7.380,0.569903,0.156767,0.350412,0.421219
7.390,0.574502,0.160797,0.351534,0.424995
7.400,0.590918,0.164059,0.352719,0.444812
7.410,0.603064,0.163034,0.352186,0.461596
7.420,0.608647,0.162572,0.361460,0.461918
7.430,0.601779,0.165996,0.348842,0.461403
7.440,0.601815,0.165993,0.344533,0.464677
7.450,0.596592,0.165868,0.348917,0.454606
7.460,0.610716,0.164814,0.348226,0.473866
7.470,0.611923,0.162766,0.344468,0.478851
7.480,0.611310,0.160444,0.342790,0.480055
7.490,0.619117,0.160524,0.343143,0.489685
7.500,0.618370,0.162073,0.337456,0.492176
7.510,0.610214,0.162742,0.326277,0.489305
7.520,0.627891,0.160729,0.337888,0.504227
7.530,0.619611,0.158716,0.335887,0.495890
7.540,0.627345,0.154891,0.341613,0.502862
7.550,0.617678,0.155151,0.348291,0.485950
7.560,0.616892,0.155177,0.345701,0.486792
7.570,0.611455,0.156161,0.347883,0.477983
7.580,0.608360,0.151161,0.352010,0.472590
7.590,0.620244,0.146285,0.360805,0.482829
7.600,0.623729,0.136722,0.360881,0.490010
7.610,0.610397,0.136492,0.358113,0.475089
7.620,0.630961,0.138840,0.362395,0.497500
7.630,0.616974,0.138607,0.352094,0.487314
7.640,0.658028,0.170462,0.362167,0.522282
7.650,0.639584,0.177812,0.358041,0.499256
7.660,0.687935,0.196639,0.342961,0.562996
7.670,0.737375,0.191031,0.355656,0.617040
7.680,0.810453,0.187218,0.354194,0.704507
7.690,0.852081,0.187995,0.354771,0.751556
7.700,0.936253,0.187921,0.344496,0.850046
7.710,1.001417,0.184862,0.347091,0.920972
7.720,1.061952,0.186045,0.335810,0.990132
7.730,1.137774,0.186762,0.339319,1.069819
7.740,1.220600,0.186540,0.328143,1.160771
7.750,1.286753,0.186471,0.321037,1.232029
7.760,1.337969,0.185159,0.316018,1.286860
7.770,1.391500,0.185313,0.316922,1.342196
7.780,1.461553,0.184658,0.317068,1.414746
7.790,1.514985,0.183596,0.315587,1.470332
7.800,1.555440,0.180943,0.311249,1.513201
7.810,1.603008,0.180543,0.311561,1.562040
7.820,1.647456,0.202358,0.318509,1.603657
7.830,1.680984,0.205878,0.320621,1.637230
7.840,1.685835,0.220468,0.324497,1.639553
7.850,1.695687,0.221255,0.319338,1.650583
7.860,1.701340,0.221061,0.319517,1.656381
7.870,1.708934,0.220488,0.325960,1.663006
7.880,1.705352,0.225053,0.327418,1.658425
7.890,1.700549,0.225334,0.327713,1.653389
7.900,1.705857,0.223722,0.318773,1.660807
7.910,1.682129,0.227515,0.320823,1.635502
7.920,1.669316,0.229529,0.311243,1.623903
7.930,1.661855,0.225832,0.313840,1.616251
7.940,1.642498,0.227111,0.314744,1.595982
7.950,1.622451,0.226329,0.314242,1.575556
7.960,1.587520,0.225786,0.319087,1.538644
7.970,1.584649,0.225887,0.325228,1.534377
7.980,1.566166,0.226061,0.324157,1.515485
7.990,1.534758,0.226075,0.325725,1.482658
8.000,1.536539,0.226955,0.330607,1.483288
8.010,1.508372,0.226564,0.326401,1.455101
8.020,1.468872,0.226602,0.319212,1.415747
8.030,1.451032,0.226450,0.331649,1.394354
8.040,1.429183,0.226715,0.339912,1.369534
8.050,1.422347,0.225831,0.333763,1.364066
8.060,1.393664,0.226152,0.336152,1.333476
8.070,1.403275,0.225461,0.337610,1.343267
8.080,1.402204,0.225882,0.334360,1.342891
8.090,1.365768,0.225033,0.328130,1.306527
8.100,1.361120,0.224960,0.333507,1.300313
8.110,1.414365,0.227370,0.336789,1.354734
8.120,1.367112,0.226020,0.332667,1.306615
8.130,1.434054,0.226088,0.338627,1.375037
8.140,1.452817,0.200804,0.330735,1.400347
8.150,1.504366,0.195318,0.331344,1.454365
8.160,1.555052,0.172746,0.333545,1.509004
8.170,1.576111,0.173652,0.319177,1.533655
8.180,1.637551,0.171343,0.320629,1.596688
8.190,1.662119,0.172064,0.320886,1.621748
8.200,1.673236,0.170852,0.322390,1.632971
8.210,1.710562,0.171186,0.318789,1.671852
8.220,1.712205,0.172040,0.324542,1.672340
8.230,1.734675,0.172023,0.318271,1.696529
8.240,1.729293,0.171776,0.314718,1.691715
8.250,1.718547,0.175149,0.316983,1.679955
8.260,1.723069,0.175475,0.317795,1.684394
8.270,1.700520,0.175465,0.318174,1.661249
8.280,1.673312,0.175510,0.327535,1.631530
8.290,1.628063,0.178637,0.327289,1.584790
8.300,1.589604,0.177713,0.327714,1.545271
8.310,1.538260,0.174075,0.333791,1.491485
8.320,1.476869,0.157593,0.323966,1.432254
8.330,1.444796,0.158197,0.320735,1.399835
8.340,1.395206,0.140602,0.314338,1.352044
8.350,1.355345,0.139973,0.323616,1.308679
8.360,1.322595,0.139922,0.327224,1.273815
8.370,1.262085,0.140096,0.323913,1.211740
8.380,1.214971,0.129530,0.323706,1.163868
8.390,1.168512,0.121668,0.329805,1.114381
8.400,1.119548,0.120196,0.336134,1.061110
8.410,1.136399,0.116646,0.334055,1.079909
8.420,1.127240,0.115720,0.335567,1.069895
8.430,1.133975,0.118129,0.335154,1.076855
8.440,1.150950,0.117025,0.337166,1.094217
8.450,1.181449,0.117293,0.339623,1.125487
8.460,1.227147,0.119812,0.337808,1.173635
8.470,1.275526,0.120051,0.339100,1.223751
8.480,1.343613,0.121188,0.339403,1.294379
8.490,1.410015,0.119961,0.338159,1.363598
8.500,1.497785,0.119028,0.351150,1.451167
8.510,1.574463,0.119013,0.352569,1.529858
8.520,1.613259,0.119569,0.352101,1.569820
8.530,1.645509,0.119429,0.335292,1.606554
8.540,1.676281,0.120008,0.325225,1.640044
8.550,1.714897,0.121167,0.326148,1.679232
8.560,1.765927,0.119821,0.324406,1.731734
8.570,1.826753,0.121333,0.325567,1.793407
8.580,1.870219,0.121170,0.328431,1.837164
8.590,1.898842,0.124777,0.322503,1.867089
8.600,1.912261,0.124481,0.323762,1.880538
8.610,1.906500,0.124119,0.322661,1.874894
8.620,1.922088,0.124579,0.325067,1.890300
8.630,1.900733,0.126001,0.320881,1.869210
8.640,1.898851,0.125932,0.328011,1.866061
8.650,1.871240,0.121418,0.331638,1.837610
8.660,1.853597,0.120873,0.329449,1.820075
8.670,1.853425,0.115495,0.334150,1.819393
8.680,1.821399,0.114871,0.344098,1.784908
8.690,1.810665,0.114413,0.346209,1.773572
8.700,1.794039,0.115541,0.342405,1.757267
8.710,1.748536,0.115211,0.342485,1.710792
8.720,1.740914,0.115212,0.363086,1.698728
8.730,1.683619,0.115870,0.361710,1.640217
8.740,1.638875,0.116546,0.370527,1.592180
8.750,1.600294,0.110086,0.368817,1.553318
8.760,1.539960,0.109225,0.370463,1.490739
8.770,1.497344,0.109331,0.372582,1.446122
8.780,1.433466,0.114564,0.363270,1.381931
8.790,1.397942,0.110185,0.363647,1.345311
8.800,1.336442,0.112648,0.367299,1.280031
8.810,1.276911,0.115417,0.364387,1.218361
8.820,1.227601,0.118082,0.364097,1.166402
8.830,1.103115,0.116664,0.366234,1.033985
8.840,1.059657,0.121793,0.368092,0.986178
8.850,1.014687,0.123266,0.376918,0.933986
8.860,0.908084,0.121443,0.373018,0.818979
8.870,0.879456,0.120743,0.372918,0.787271
8.880,0.838704,0.121860,0.382159,0.736566
8.890,0.800948,0.121714,0.370409,0.699643
8.900,0.758363,0.121357,0.382687,0.643379
8.910,0.776575,0.123777,0.396280,0.656285
8.920,0.756399,0.124608,0.394515,0.633222
8.930,0.756658,0.124641,0.398416,0.631079
8.940,0.760428,0.126956,0.400936,0.633548
8.950,0.789104,0.131596,0.398579,0.668209
8.960,0.797477,0.131459,0.406149,0.673596
8.970,0.800781,0.131221,0.400132,0.681121
8.980,0.794755,0.130103,0.404522,0.671618
8.990,0.809166,0.133347,0.423384,0.676546
9.000,0.800679,0.134672,0.416302,0.670554
9.010,0.773741,0.136625,0.415920,0.637980
9.020,0.773091,0.141307,0.416288,0.635930
9.030,0.773224,0.142441,0.417059,0.635333
9.040,0.783392,0.141529,0.426232,0.641871
9.050,0.792737,0.140352,0.428013,0.652333
9.060,0.767975,0.139762,0.430662,0.620309
9.070,0.736151,0.139871,0.436770,0.575835
9.080,0.706057,0.139932,0.433490,0.539464
9.090,0.691166,0.138106,0.435799,0.518379
9.100,0.691316,0.139739,0.444219,0.510941
9.110,0.684270,0.138428,0.445055,0.500988
9.120,0.689117,0.144274,0.450572,0.501050
9.130,0.676813,0.145777,0.450558,0.483552
9.140,0.675293,0.144502,0.441340,0.490263
9.150,0.675343,0.143244,0.436983,0.494586
9.160,0.668444,0.147072,0.436549,0.484368
9.170,0.659931,0.147749,0.436232,0.472631
9.180,0.646582,0.148018,0.441819,0.448280
9.190,0.637169,0.148009,0.438805,0.437639
9.200,0.644736,0.149301,0.448511,0.438443
9.210,0.641548,0.148825,0.448834,0.433569
9.220,0.618924,0.145413,0.429080,0.421678
9.230,0.615795,0.145332,0.428912,0.417273
9.240,0.610882,0.145744,0.420917,0.418048
9.250,0.612115,0.143165,0.424804,0.416809
9.260,0.609649,0.141088,0.426139,0.412519
9.270,0.617228,0.140808,0.434301,0.415363
9.280,0.623737,0.139886,0.438774,0.420662
9.290,0.626249,0.140323,0.439414,0.423571
9.300,0.624558,0.135136,0.435620,0.426669
9.310,0.615858,0.128406,0.431945,0.419782
9.320,0.618012,0.120858,0.437219,0.419728
9.330,0.622257,0.126273,0.442092,0.419301
9.340,0.621764,0.125275,0.440425,0.420622
9.350,0.609346,0.125309,0.439276,0.403281
9.360,0.606904,0.125155,0.441628,0.397032
9.370,0.613829,0.128239,0.445122,0.402750
9.380,0.604474,0.124117,0.437588,0.398121
9.390,0.603573,0.121894,0.436732,0.398381
9.400,0.590632,0.118797,0.420826,0.397037
9.410,0.585049,0.120111,0.411755,0.397886
9.420,0.586263,0.120280,0.413806,0.397495
9.430,0.593104,0.151647,0.419465,0.390929
9.440,0.605575,0.169066,0.430095,0.391351
9.450,0.611346,0.188662,0.427847,0.393824
9.460,0.609789,0.190456,0.423406,0.395344
9.470,0.617593,0.189295,0.434132,0.396382
9.480,0.603385,0.189866,0.428708,0.379782
9.490,0.598531,0.192566,0.417013,0.383741
9.500,0.596998,0.196991,0.416858,0.379250
9.510,0.596154,0.197889,0.416637,0.377695
9.520,0.601674,0.197177,0.425447,0.376998
9.530,0.604108,0.193485,0.428496,0.379344
9.540,0.598724,0.192815,0.421013,0.379526
9.550,0.589756,0.193012,0.416181,0.370611
9.560,0.579804,0.194676,0.411398,0.359202
9.570,0.589703,0.194929,0.425949,0.358217
9.580,0.590564,0.197360,0.426189,0.358019
9.590,0.594830,0.198848,0.424613,0.366041
9.600,0.591989,0.198773,0.412396,0.375327
9.610,0.603715,0.199744,0.412593,0.392863
9.620,0.603309,0.197487,0.408250,0.397885
9.630,0.611760,0.191407,0.409627,0.412091
9.640,0.635458,0.191011,0.418320,0.438553
9.650,0.671843,0.189092,0.421571,0.487745
9.660,0.689722,0.187946,0.430984,0.504624
9.670,0.750330,0.188087,0.443330,0.575393
9.680,0.751392,0.188129,0.428632,0.587769
9.690,0.791736,0.188138,0.428874,0.638370
9.700,0.818161,0.190266,0.421721,0.674787
9.710,0.835057,0.190337,0.420616,0.695826
9.720,0.857025,0.190023,0.423015,0.720723
9.730,0.909170,0.189642,0.422358,0.782458
9.740,0.908857,0.191951,0.423961,0.780662
9.750,0.953824,0.191859,0.421672,0.833765
9.760,0.955920,0.192596,0.418970,0.837349
9.770,0.956939,0.196921,0.426365,0.833767
9.781,0.968565,0.197668,0.428132,0.846020
9.790,0.974029,0.197772,0.429781,0.851415
9.800,0.976216,0.197784,0.431133,0.853232
9.810,0.978723,0.198674,0.437625,0.852591
9.820,0.977954,0.201295,0.429459,0.855242
9.830,1.006057,0.199331,0.435028,0.884968
9.840,1.042390,0.199309,0.430731,0.928075
9.850,1.024722,0.199388,0.416328,0.914861
9.860,1.058976,0.204768,0.416358,0.951917
9.870,1.095110,0.206257,0.424275,0.988288
9.881,1.126416,0.204595,0.428502,1.021441
9.891,1.142090,0.204506,0.430802,1.037765
9.901,1.189667,0.204703,0.431195,1.089713
9.910,1.183513,0.207050,0.430748,1.082723
9.920,1.193329,0.208247,0.431940,1.092747
9.930,1.232981,0.189824,0.416147,1.145002
9.940,1.204385,0.175984,0.394665,1.124194
9.951,1.243632,0.166498,0.408326,1.162828
9.960,1.244611,0.164294,0.408465,1.164139
9.970,1.274993,0.164071,0.402479,1.198623
9.980,1.260295,0.158807,0.402229,1.183781
9.990,1.266709,0.155649,0.404193,1.190359
10.000,1.262651,0.149394,0.405641,1.186349
10.010,1.250011,0.147710,0.407441,1.172476
10.020,1.224262,0.146940,0.391579,1.150605
10.030,1.193691,0.156251,0.390204,1.117240
10.040,1.200653,0.157157,0.388798,1.125036
10.050,1.162195,0.165683,0.388111,1.082874
10.060,1.141646,0.168255,0.392171,1.058890
10.070,1.113428,0.169019,0.377332,1.033816
10.080,1.075828,0.166900,0.380703,0.992278
10.090,1.017932,0.161659,0.381421,0.929823
10.100,1.018063,0.161647,0.408651,0.918328
10.110,1.054018,0.164095,0.404965,0.959182
10.120,1.061440,0.164258,0.404957,0.967307
10.130,1.113440,0.167730,0.401226,1.025004
10.140,1.171416,0.166959,0.412310,1.083670
10.150,1.247200,0.167915,0.409840,1.165909
10.160,1.307705,0.168192,0.401713,1.233058
10.170,1.392608,0.174825,0.390948,1.325124
10.180,1.497621,0.175867,0.395701,1.433652
10.190,1.584763,0.176380,0.400641,1.523105
10.200,1.636136,0.174420,0.400638,1.576708
10.210,1.678923,0.174114,0.400932,1.621025
10.220,1.712479,0.176829,0.399994,1.655694
10.230,1.747415,0.178257,0.403275,1.690873
10.240,1.795786,0.187890,0.402121,1.740070
10.250,1.825957,0.187832,0.402112,1.771199
10.260,1.870670,0.187214,0.401195,1.817526
10.270,1.916443,0.183109,0.374484,1.870558
10.280,1.961142,0.182988,0.403575,1.910424
10.290,1.982467,0.182972,0.401077,1.932830
10.300,1.990990,0.182941,0.404352,1.940895
10.310,1.996640,0.185424,0.397789,1.947808
10.320,2.009148,0.188478,0.397530,1.960388
10.330,2.007848,0.187935,0.390175,1.960586
10.340,1.999674,0.187960,0.390429,1.952161
10.350,2.018128,0.188598,0.391672,1.970752
10.360,2.013549,0.182547,0.391000,1.966768
10.370,1.994931,0.178352,0.381262,1.950021
10.380,1.968702,0.175705,0.374592,1.924732
10.390,1.944456,0.176016,0.370923,1.900617
10.400,1.898372,0.175217,0.374010,1.852898
10.410,1.901809,0.179833,0.372532,1.856275
10.420,1.871067,0.177856,0.370447,1.825384
10.430,1.810020,0.176417,0.370807,1.762825
10.440,1.794440,0.175963,0.370905,1.746849
10.450,1.730337,0.161147,0.355546,1.685730
10.460,1.697056,0.160823,0.357765,1.651103
10.470,1.601882,0.160774,0.355696,1.553595
10.480,1.560923,0.160025,0.356052,1.511324
10.490,1.508447,0.158956,0.351605,1.458259
10.500,1.456228,0.158019,0.352922,1.403950
10.510,1.384662,0.157116,0.350110,1.330423
10.520,1.328361,0.157323,0.351007,1.271450
10.530,1.259266,0.140271,0.349100,1.201751
10.540,1.119645,0.135644,0.345733,1.056255
10.550,1.069219,0.131499,0.345744,1.003194
10.560,0.937895,0.115037,0.332416,0.869433
10.570,0.874869,0.115937,0.332313,0.800951
10.580,0.823517,0.115997,0.332131,0.744590
10.590,0.826051,0.116022,0.332684,0.747142
10.600,0.791380,0.114846,0.309504,0.719236
10.610,0.804750,0.114495,0.312811,0.732573
10.620,0.798356,0.113772,0.319665,0.722663
10.630,0.813772,0.113013,0.318012,0.740487
10.640,0.814554,0.112351,0.313804,0.743238
10.650,0.824332,0.112079,0.313016,0.754310
10.661,0.816547,0.112203,0.301296,0.750587
10.670,0.807122,0.108412,0.307094,0.738503
10.681,0.781815,0.112147,0.304648,0.711230
10.690,0.751178,0.112202,0.303184,0.678055
10.700,0.745829,0.111719,0.303643,0.671998
10.710,0.742570,0.107068,0.313752,0.664459
10.720,0.742990,0.106276,0.313752,0.665056
10.730,0.735398,0.107618,0.316218,0.655161
10.740,0.718122,0.094445,0.315331,0.638236
10.750,0.705667,0.094195,0.319593,0.622055
10.760,0.677162,0.094214,0.317003,0.590915
10.770,0.640085,0.094216,0.336741,0.536132
10.781,0.602568,0.094189,0.304915,0.511120
10.790,0.590861,0.094374,0.304935,0.497217
10.800,0.593934,0.094083,0.309635,0.498028
10.810,0.597310,0.093028,0.313234,0.500010
10.820,0.604152,0.085200,0.313156,0.509582
10.830,0.604299,0.086284,0.312027,0.510266
10.840,0.611966,0.086250,0.328698,0.508941
10.850,0.595221,0.085985,0.335608,0.484006
10.860,0.594928,0.087846,0.337020,0.482327
10.870,0.595057,0.087931,0.338163,0.481670
10.881,0.606775,0.086751,0.341084,0.494279
10.890,0.609052,0.084686,0.343971,0.495435
10.900,0.609473,0.086027,0.341614,0.497350
10.910,0.605543,0.083855,0.350600,0.486549
10.920,0.620147,0.081093,0.365543,0.494353
10.930,0.622087,0.084976,0.364599,0.496830
10.940,0.670703,0.091175,0.363939,0.555948
10.950,0.702728,0.091058,0.368602,0.591327
10.960,0.774183,0.095849,0.369498,0.673530
10.970,0.837758,0.098206,0.377416,0.741452
10.980,0.877929,0.099416,0.378332,0.785965
10.990,1.003970,0.107368,0.383137,0.921756
11.000,1.036921,0.106598,0.384138,0.957226
11.010,1.154434,0.108414,0.393680,1.079805
11.020,1.170695,0.107536,0.387576,1.099431
11.030,1.273783,0.108264,0.388591,1.208221
11.040,1.289076,0.108406,0.388518,1.224345
11.050,1.347908,0.109578,0.389855,1.285637
11.060,1.378907,0.114777,0.390632,1.317429
11.070,1.437879,0.110954,0.407355,1.374499
11.080,1.443318,0.112609,0.407082,1.380135
11.090,1.527017,0.115414,0.403829,1.468122
11.100,1.523416,0.112223,0.404785,1.464360
11.110,1.576479,0.114347,0.403370,1.519705
11.120,1.567717,0.113423,0.396534,1.512492
11.130,1.617402,0.113877,0.406586,1.561317
11.140,1.603150,0.114027,0.406318,1.546608
11.150,1.628564,0.115455,0.406766,1.572715
11.160,1.613391,0.115298,0.409738,1.556230
11.170,1.611128,0.120354,0.411639,1.552997
11.180,1.604371,0.120348,0.411507,1.546023
11.190,1.591071,0.119910,0.410658,1.532478
11.200,1.578863,0.124308,0.411541,1.519207
11.210,1.545052,0.119990,0.416416,1.483032
11.220,1.534569,0.122835,0.427944,1.468563
11.230,1.527994,0.122838,0.431515,1.460641
11.240,1.522191,0.125493,0.433944,1.453620
11.250,1.504213,0.124604,0.429940,1.436065
11.260,1.511759,0.125647,0.428659,1.444258
11.270,1.531697,0.125739,0.422286,1.466956
11.280,1.549987,0.123759,0.423353,1.485906
11.290,1.561758,0.127991,0.426286,1.496993
11.301,1.620796,0.130755,0.412524,1.561956
11.310,1.676525,0.135375,0.410397,1.619872
11.320,1.716547,0.137295,0.410097,1.661175
11.330,1.738850,0.139442,0.409132,1.684270
11.340,1.774430,0.138589,0.391949,1.725042
11.350,1.811833,0.140886,0.386375,1.764541
11.360,1.860798,0.141827,0.389572,1.814026
11.370,1.878111,0.141723,0.388153,1.832089
11.380,1.917006,0.141984,0.389104,1.871724
11.390,1.955140,0.143190,0.388712,1.910751
11.400,2.005937,0.144793,0.395152,1.961294
11.410,2.061682,0.145695,0.393660,2.018499
11.420,2.092159,0.145761,0.382337,2.051755
11.430,2.112977,0.145113,0.384103,2.072699
11.440,2.125752,0.142573,0.384669,2.085791
11.450,2.148986,0.144004,0.385724,2.109176
11.460,2.164664,0.145522,0.382633,2.125602
11.470,2.163708,0.144780,0.376146,2.125837
11.480,2.165371,0.144782,0.373957,2.127916
11.490,2.127661,0.140537,0.366686,2.091108
11.500,2.124884,0.140955,0.363233,2.088857
11.510,2.075295,0.139415,0.362332,2.038658
11.521,2.071000,0.139137,0.366206,2.033612
11.530,2.005700,0.137938,0.367507,1.966912
11.541,1.997254,0.140100,0.367393,1.958167
11.550,1.950883,0.138791,0.371894,1.910072
11.560,1.907522,0.132806,0.374125,1.865753
11.570,1.832668,0.132731,0.353298,1.793386
11.580,1.807933,0.131053,0.355237,1.767839
11.590,1.698681,0.127798,0.365713,1.653916
11.600,1.664754,0.127034,0.365916,1.619066
11.610,1.553764,0.122509,0.358978,1.506755
11.620,1.496659,0.121815,0.359422,1.447745
11.630,1.361054,0.119007,0.352263,1.309281
11.640,1.334864,0.120957,0.348671,1.282832
11.650,1.213993,0.117719,0.350705,1.156256
11.660,1.155137,0.117511,0.349197,1.094803
11.670,1.051520,0.103260,0.333805,0.991769
11.680,1.007536,0.103072,0.338955,0.943193
11.690,0.919235,0.103249,0.347956,0.844546
11.700,0.884244,0.101893,0.342139,0.808978
11.710,0.830012,0.100458,0.335542,0.752489
11.720,0.781608,0.098844,0.313536,0.709110
11.730,0.773100,0.099187,0.317316,0.697965
11.740,0.734904,0.090069,0.314842,0.657910
11.750,0.728602,0.089469,0.314744,0.650994
11.760,0.732111,0.089207,0.315068,0.654798
11.770,0.737665,0.089208,0.312423,0.662257
11.780,0.747657,0.086512,0.308911,0.675337
11.790,0.754111,0.085130,0.317811,0.678552
11.800,0.739148,0.084569,0.318673,0.661540
11.810,0.729490,0.083252,0.319970,0.650264
11.820,0.732991,0.083405,0.322312,0.653020
11.830,0.730342,0.082831,0.331496,0.645483
11.840,0.722804,0.082063,0.331623,0.636975
11.850,0.727047,0.082964,0.330501,0.642249
11.861,0.717396,0.083136,0.342944,0.624608
11.870,0.720336,0.083756,0.355549,0.620850
11.881,0.707126,0.084741,0.352714,0.606991
11.891,0.700181,0.084678,0.349931,0.600526
11.901,0.661122,0.084472,0.348175,0.555627
11.910,0.613984,0.083528,0.352706,0.495579
11.921,0.595266,0.083767,0.358616,0.467674
11.930,0.598312,0.082640,0.354835,0.474595
11.941,0.598278,0.084170,0.357900,0.471974
11.950,0.596519,0.083864,0.370005,0.460325
11.961,0.578847,0.085084,0.377962,0.430081
11.971,0.585018,0.086046,0.378644,0.437574
11.981,0.587945,0.084143,0.378553,0.441924
11.990,0.605121,0.083880,0.388232,0.456521
12.001,0.610378,0.091213,0.399979,0.451949
12.010,0.613459,0.091150,0.392943,0.462191
12.021,0.623288,0.091014,0.388059,0.479181
12.030,0.641778,0.091151,0.384926,0.505374
12.041,0.638579,0.089481,0.388620,0.498750
12.050,0.631357,0.089534,0.385744,0.491728
12.061,0.636816,0.090500,0.384312,0.499648
12.070,0.656743,0.093372,0.385383,0.523520
12.081,0.657049,0.092632,0.385138,0.524215
12.090,0.644836,0.089709,0.377065,0.515352
12.101,0.642512,0.091552,0.375698,0.513119
12.110,0.660851,0.094999,0.375651,0.535337
12.121,0.662589,0.094270,0.375463,0.537740
12.130,0.656618,0.095177,0.369607,0.534303
12.141,0.652583,0.091585,0.371768,0.528456
12.151,0.662674,0.095352,0.368668,0.542336
12.161,0.664375,0.095821,0.367950,0.544817
12.171,0.660338,0.096220,0.368017,0.539769
12.181,0.658721,0.095650,0.365162,0.539834
12.190,0.657762,0.095701,0.356806,0.544226
12.201,0.665000,0.094013,0.366820,0.546653
12.210,0.661420,0.088683,0.360207,0.547597
12.221,0.662663,0.091411,0.362038,0.547444
12.230,0.660014,0.092615,0.357174,0.547236
12.241,0.660292,0.092795,0.360090,0.545628
12.251,0.661243,0.091964,0.358005,0.548286
12.261,0.662787,0.091891,0.359765,0.549009
12.271,0.669012,0.091032,0.368282,0.551052
12.281,0.668241,0.091231,0.367932,0.550317
12.291,0.666355,0.091094,0.358366,0.554351
12.301,0.664799,0.091396,0.358255,0.552501
12.311,0.669729,0.091748,0.364998,0.553982
12.321,0.672500,0.094294,0.365853,0.556342
12.331,0.670828,0.101804,0.359612,0.557068
12.341,0.678961,0.104489,0.363727,0.563713
12.351,0.694543,0.104936,0.364043,0.582109
12.361,0.678724,0.104077,0.349605,0.572372
12.371,0.676042,0.103309,0.334667,0.578236
12.381,0.680609,0.107710,0.333746,0.583301
12.391,0.701712,0.113417,0.334342,0.606426
12.401,0.696782,0.113742,0.333074,0.601357
12.411,0.689588,0.110363,0.319396,0.601113
12.421,0.682961,0.110425,0.313267,0.596746
12.431,0.688840,0.110659,0.317308,0.601308
12.441,0.678938,0.110931,0.314732,0.591265
12.451,0.671926,0.113703,0.298782,0.591004
12.461,0.668258,0.114080,0.294865,0.588735
12.471,0.675784,0.111384,0.293960,0.598218
12.481,0.668045,0.110356,0.294386,0.589443
12.491,0.663852,0.110306,0.280273,0.591591
12.501,0.656061,0.112786,0.269052,0.587628
12.511,0.655522,0.113562,0.268421,0.587165
12.521,0.628469,0.113779,0.276883,0.552597
12.531,0.625797,0.113364,0.284349,0.545817
12.541,0.618643,0.113425,0.283494,0.538038
12.551,0.617742,0.114175,0.279500,0.538934
12.561,0.609960,0.116081,0.295322,0.520924
12.571,0.605640,0.116770,0.306799,0.508958
12.581,0.593207,0.118793,0.304869,0.494811
12.591,0.596845,0.118405,0.302636,0.500616
12.601,0.603984,0.118838,0.303040,0.508765
12.611,0.599366,0.118483,0.311184,0.498364
12.621,0.592086,0.119414,0.318543,0.484598
12.631,0.592786,0.116937,0.318931,0.485803
12.641,0.600613,0.118136,0.318069,0.495592
12.651,0.599497,0.116740,0.322424,0.491743
12.661,0.600470,0.117278,0.339609,0.481119
12.671,0.606900,0.121677,0.348127,0.482006
12.681,0.607964,0.121681,0.345428,0.485276
12.691,0.612774,0.123872,0.345341,0.490803
12.701,0.598146,0.124294,0.338951,0.476909
12.711,0.599971,0.124298,0.352397,0.469394
12.721,0.597191,0.124691,0.350926,0.466841
12.731,0.608246,0.121967,0.359856,0.474964
12.741,0.605893,0.120343,0.359471,0.472657
12.751,0.598250,0.118706,0.359336,0.463346
12.761,0.593258,0.117398,0.357110,0.458961
12.771,0.593068,0.116303,0.357303,0.458844
12.781,0.600052,0.115274,0.368676,0.459187
12.791,0.599131,0.115569,0.369440,0.457292
12.801,0.602203,0.115531,0.370340,0.460597
12.811,0.601347,0.113921,0.363352,0.465420
12.821,0.603908,0.118336,0.366075,0.465500
12.831,0.606371,0.107129,0.372710,0.466151
12.841,0.588477,0.100795,0.368463,0.447639
12.851,0.578720,0.097745,0.368675,0.435248
12.861,0.582700,0.100761,0.370008,0.438726
12.871,0.586148,0.100670,0.379499,0.435219
12.881,0.577260,0.099218,0.386640,0.417007
12.891,0.563586,0.096497,0.386568,0.398601
12.901,0.582266,0.101399,0.385927,0.424043
12.911,0.587095,0.101976,0.385955,0.430488
12.921,0.588185,0.102971,0.386515,0.431236
12.931,0.586091,0.103625,0.388002,0.426871
12.941,0.590011,0.108721,0.389843,0.429320
12.951,0.592236,0.103727,0.391494,0.432107
12.961,0.592284,0.108974,0.390519,0.431764
12.971,0.592229,0.109243,0.398567,0.424199
12.981,0.582729,0.111642,0.398130,0.410612
12.991,0.587483,0.116325,0.405415,0.408954
13.001,0.591954,0.119238,0.410113,0.409877
13.011,0.588293,0.118649,0.410736,0.404112
13.021,0.589359,0.118866,0.404977,0.411350
13.031,0.597230,0.121632,0.401457,0.425113
13.041,0.597942,0.123742,0.402581,0.424442
13.051,0.601024,0.122644,0.411108,0.420926
13.061,0.595522,0.120971,0.397926,0.426225
13.068,0.603270,0.120905,0.394166,0.440397
13.081,0.614089,0.119380,0.406188,0.444820
13.091,0.608362,0.121071,0.404764,0.437736
13.099,0.600176,0.121889,0.404170,0.426615
13.110,0.601210,0.121511,0.401486,0.430694
13.120,0.600828,0.123800,0.399645,0.431222
13.130,0.598713,0.126735,0.399813,0.427253
13.140,0.589179,0.124896,0.398457,0.415651
13.150,0.598693,0.124904,0.395755,0.431521
13.160,0.597031,0.125833,0.380486,0.442540
13.170,0.593318,0.121475,0.377084,0.441677
13.180,0.591112,0.120002,0.383919,0.433150
13.190,0.590502,0.114794,0.385830,0.432030
13.200,0.599705,0.114791,0.386215,0.444193
13.210,0.598978,0.113741,0.377548,0.450883
13.220,0.598393,0.114215,0.378087,0.449532
13.230,0.589703,0.114968,0.373706,0.441447
13.240,0.583543,0.114499,0.370742,0.435847
13.250,0.591563,0.112953,0.384135,0.435464
13.260,0.596847,0.111946,0.393183,0.434858
13.270,0.591092,0.112033,0.384272,0.434941
13.280,0.592533,0.112965,0.375494,0.444229
13.290,0.597636,0.113386,0.377749,0.449019
13.300,0.599911,0.113319,0.389293,0.442157
13.310,0.607413,0.116960,0.402634,0.439495
13.320,0.612247,0.114635,0.400468,0.448699
13.330,0.619488,0.113879,0.394303,0.464029
13.340,0.630509,0.112797,0.400144,0.474029
13.350,0.628077,0.111951,0.399968,0.471140
13.360,0.624519,0.111652,0.399216,0.467103
13.370,0.619534,0.114810,0.390168,0.467343
13.380,0.617536,0.113253,0.386600,0.468043
13.390,0.615424,0.113689,0.387972,0.464004
13.400,0.598676,0.112784,0.388685,0.441154
13.410,0.598154,0.110022,0.389774,0.440182
13.420,0.600771,0.106853,0.393351,0.441342
13.430,0.602912,0.103609,0.395712,0.442923
13.440,0.605192,0.104684,0.404641,0.437680
13.450,0.608639,0.103893,0.401755,0.445242
13.460,0.619697,0.102484,0.407943,0.455087
13.470,0.615058,0.102370,0.404208,0.452142
13.480,0.614087,0.102576,0.406041,0.449123
13.490,0.608795,0.101514,0.399687,0.447857
13.500,0.607725,0.097779,0.396813,0.449787
13.510,0.614703,0.099370,0.401068,0.455116
13.520,0.615141,0.099853,0.402810,0.454061
13.530,0.608077,0.098423,0.409938,0.438203
13.540,0.607951,0.100686,0.408233,0.439104
13.550,0.605583,0.101894,0.400061,0.443057
13.560,0.609798,0.101957,0.403049,0.446105
13.570,0.594758,0.101209,0.397881,0.430331
13.580,0.586319,0.101318,0.386868,0.428764
13.590,0.586276,0.099612,0.386626,0.429323
13.600,0.591363,0.102152,0.397955,0.425332
13.610,0.592722,0.101587,0.404013,0.421631
13.620,0.590707,0.100301,0.399621,0.423293
13.630,0.598136,0.097399,0.397529,0.436178
13.640,0.605846,0.097630,0.398050,0.446176
13.650,0.598601,0.098371,0.401996,0.432488
13.660,0.589743,0.097077,0.402790,0.419682
13.670,0.590379,0.094334,0.401222,0.422692
13.680,0.595307,0.096256,0.398049,0.432067
13.690,0.590356,0.095711,0.396767,0.426539
13.700,0.579579,0.095865,0.398135,0.410135
13.710,0.573225,0.095372,0.396294,0.403042
13.720,0.578177,0.094222,0.400033,0.406674
13.730,0.583382,0.093971,0.405526,0.408720
13.740,0.582149,0.094027,0.405784,0.406688
13.750,0.572251,0.093186,0.391662,0.406680
13.760,0.564321,0.092162,0.383056,0.404021
13.770,0.573880,0.090334,0.394863,0.406524
13.780,0.571905,0.090846,0.398351,0.400173
13.790,0.565065,0.090047,0.394565,0.394346
13.800,0.565876,0.089738,0.382111,0.407619
13.810,0.555613,0.087801,0.366453,0.408300
13.820,0.549615,0.089164,0.367393,0.398935
13.830,0.543435,0.089044,0.372694,0.385346
13.840,0.547957,0.089366,0.366060,0.397832
13.850,0.556792,0.086561,0.368542,0.408291
13.860,0.563295,0.086810,0.375793,0.410542
13.870,0.565221,0.083879,0.379514,0.410375
13.882,0.565242,0.084666,0.380124,0.409678
13.890,0.565574,0.082333,0.384839,0.406195
13.900,0.566531,0.086269,0.384372,0.407152
13.910,0.565272,0.086654,0.384556,0.405143
13.920,0.571196,0.084477,0.380452,0.417595
13.930,0.570036,0.082485,0.379400,0.417365
13.940,0.565721,0.086527,0.370777,0.418422
13.950,0.556405,0.086143,0.368087,0.408262
13.960,0.549501,0.086194,0.359406,0.406631
13.970,0.548471,0.085550,0.355991,0.408377
13.980,0.550548,0.087923,0.358089,0.408833
13.990,0.550050,0.087845,0.359770,0.406699
14.000,0.550724,0.088419,0.356229,0.410585
14.010,0.556061,0.087957,0.362917,0.412018
14.020,0.549388,0.086174,0.362073,0.404109
14.030,0.546471,0.086112,0.356325,0.405275
14.040,0.544762,0.083923,0.355600,0.404068
14.050,0.553336,0.083436,0.373734,0.399428
14.060,0.547937,0.083702,0.374767,0.390870
14.070,0.551441,0.088629,0.378686,0.390933
14.080,0.558890,0.089489,0.378025,0.401805
14.090,0.567373,0.089489,0.382676,0.409222
14.100,0.561221,0.088540,0.373410,0.409505
14.110,0.555632,0.088812,0.363814,0.410463
14.120,0.567169,0.087296,0.364249,0.425890
14.130,0.567598,0.087732,0.369104,0.422177
14.140,0.558943,0.088086,0.369069,0.410422
14.150,0.557261,0.087831,0.365840,0.411080
14.160,0.555912,0.087212,0.364139,0.410895
14.170,0.556941,0.087284,0.369113,0.407824
14.180,0.550133,0.086079,0.371503,0.396513
14.190,0.555621,0.086454,0.372168,0.403399
14.200,0.554744,0.086270,0.366907,0.407035
14.210,0.558845,0.086264,0.369460,0.410324
14.220,0.554773,0.086502,0.370045,0.404175
14.230,0.546427,0.086336,0.359086,0.402723
14.240,0.555368,0.086527,0.366986,0.407760
14.250,0.561461,0.086586,0.367256,0.415771
14.260,0.564342,0.086343,0.369873,0.417397
14.270,0.557678,0.087934,0.356912,0.419387
14.280,0.549231,0.084260,0.351787,0.413281
14.290,0.557087,0.084314,0.361828,0.415111
14.300,0.556791,0.083738,0.372079,0.405662
14.310,0.558815,0.083770,0.372342,0.408189
14.320,0.561737,0.080876,0.370758,0.414181
14.330,0.551636,0.082104,0.362671,0.407469
14.340,0.537511,0.082399,0.363353,0.387431
14.350,0.526247,0.082986,0.361485,0.373333
14.360,0.529893,0.082327,0.368486,0.371789
14.370,0.528988,0.081565,0.366696,0.372437
14.380,0.528768,0.080379,0.363826,0.375187
14.390,0.540142,0.081766,0.361073,0.393311
14.400,0.550424,0.079188,0.364361,0.404891
14.410,0.549996,0.080476,0.363502,0.404828
14.420,0.541551,0.079172,0.363550,0.393499
14.430,0.539320,0.081246,0.362009,0.391427
14.440,0.538430,0.079040,0.362192,0.390482
14.450,0.543954,0.079466,0.364353,0.396002
14.460,0.552359,0.081017,0.372368,0.399848
14.470,0.559531,0.081976,0.378200,0.404128
14.480,0.555878,0.084412,0.373601,0.402860
14.490,0.558400,0.085821,0.372960,0.406628
14.500,0.563596,0.084868,0.374174,0.412834
14.510,0.557611,0.085033,0.369400,0.408953
14.520,0.561117,0.085230,0.375889,0.407793
14.530,0.559154,0.085238,0.373689,0.407117
14.540,0.568965,0.089252,0.375990,0.417597
14.550,0.557861,0.089248,0.357866,0.418540
14.560,0.556350,0.089699,0.354038,0.419686
14.570,0.566745,0.087946,0.353655,0.434043
14.580,0.557548,0.087201,0.353086,0.422594
14.590,0.550387,0.087839,0.347880,0.417360
14.600,0.553186,0.085746,0.346747,0.422408
14.610,0.562495,0.085861,0.362747,0.421240
14.620,0.555026,0.085528,0.373178,0.401842
14.630,0.549762,0.085018,0.371788,0.395960
14.640,0.556260,0.086223,0.371797,0.404670
14.650,0.555225,0.086434,0.370041,0.404813
14.660,0.555102,0.085825,0.370022,0.404792
14.670,0.554821,0.085605,0.368095,0.406207
14.680,0.551716,0.085259,0.362612,0.406981
14.690,0.557512,0.085219,0.379206,0.399700
14.700,0.554051,0.088974,0.377829,0.395350
14.710,0.554595,0.088960,0.382021,0.392074
14.720,0.558809,0.091986,0.378789,0.400406
14.730,0.559609,0.092328,0.379734,0.400549
14.740,0.557524,0.093772,0.372392,0.404183
14.750,0.553803,0.093594,0.371438,0.399964
14.760,0.554573,0.095761,0.371180,0.400758
14.770,0.552313,0.095302,0.371763,0.397189
14.780,0.554854,0.097115,0.373701,0.398471
14.790,0.559690,0.096229,0.385191,0.394487
14.800,0.555206,0.097059,0.380299,0.392691
14.810,0.552907,0.096587,0.381907,0.387974
14.820,0.552668,0.096704,0.380606,0.388882
14.830,0.556225,0.096132,0.385012,0.389758
14.840,0.556480,0.096278,0.385354,0.389747
14.850,0.560548,0.095978,0.390886,0.390142
14.860,0.562971,0.096084,0.393646,0.390829
14.870,0.564660,0.097969,0.395431,0.390995
14.880,0.563848,0.097806,0.392235,0.393078
14.890,0.560217,0.095931,0.391173,0.389389
14.900,0.552666,0.095635,0.391153,0.378540
14.910,0.551238,0.096671,0.390358,0.377014
14.920,0.546176,0.096584,0.389731,0.370256
14.930,0.554518,0.093243,0.400731,0.371767
14.940,0.557894,0.092513,0.405674,0.371640
14.950,0.560930,0.095022,0.405445,0.375803
14.960,0.558606,0.092766,0.408692,0.369333
14.970,0.551665,0.092468,0.404287,0.363781
14.980,0.550772,0.086487,0.404022,0.364192
14.990,0.549186,0.085894,0.405780,0.359957
15.000,0.551920,0.085918,0.423008,0.343945
15.010,0.550793,0.086497,0.423884,0.340901
15.020,0.546873,0.085649,0.416918,0.343386
15.030,0.557904,0.085387,0.419146,0.358167
15.040,0.549354,0.082961,0.416814,0.348100
15.050,0.547710,0.083119,0.415683,0.346823
15.060,0.546395,0.080880,0.417543,0.343022
15.070,0.549862,0.080270,0.435497,0.325957
15.080,0.559387,0.078599,0.445420,0.329146
15.090,0.560932,0.076832,0.445290,0.332353
15.100,0.569555,0.076936,0.445302,0.346670
15.110,0.561815,0.076940,0.432141,0.350672
15.120,0.554331,0.076604,0.422247,0.350888
15.130,0.551515,0.078474,0.421017,0.347498
15.140,0.557691,0.077786,0.436715,0.338006
15.150,0.566993,0.075439,0.449706,0.336979
15.160,0.570255,0.076419,0.449128,0.342979
15.170,0.576375,0.076252,0.446326,0.356632
15.180,0.581732,0.076077,0.445134,0.366716
15.190,0.571252,0.076139,0.431004,0.367107
15.200,0.570480,0.073588,0.430992,0.366439
15.210,0.578880,0.073544,0.442391,0.366039
15.220,0.581180,0.067847,0.448626,0.363184
15.230,0.583293,0.069942,0.448034,0.366884
15.240,0.591991,0.072926,0.447794,0.380284
15.250,0.597862,0.073821,0.447797,0.389188
15.260,0.593508,0.068151,0.445194,0.386535
15.270,0.592975,0.068204,0.444188,0.386865
15.280,0.598624,0.069120,0.447574,0.391473
15.290,0.597415,0.068986,0.444588,0.393049
15.300,0.601007,0.068597,0.442596,0.400765
15.310,0.607193,0.067182,0.444684,0.407954
15.320,0.610160,0.068459,0.448665,0.407810
15.330,0.610743,0.068492,0.448270,0.409109
15.340,0.611036,0.069056,0.448277,0.409443
15.350,0.616233,0.067339,0.456204,0.408761
15.360,0.615700,0.068137,0.455333,0.408798
15.370,0.612322,0.067047,0.450621,0.409126
15.380,0.622435,0.068031,0.454078,0.420251
15.390,0.627467,0.069772,0.452797,0.428745
15.400,0.625955,0.070421,0.450075,0.429293
15.410,0.631598,0.069760,0.451684,0.435926
15.420,0.633976,0.071446,0.453069,0.437664
15.430,0.636112,0.073971,0.456921,0.436337
15.440,0.645404,0.076524,0.463533,0.442525
15.450,0.648049,0.074572,0.461779,0.448517
15.460,0.643945,0.075209,0.455199,0.449224
15.470,0.642058,0.075461,0.453089,0.448614
15.480,0.643971,0.075724,0.454000,0.450387
15.490,0.646557,0.075980,0.451368,0.456651
15.500,0.645401,0.077730,0.448156,0.457882
15.510,0.643600,0.078341,0.445246,0.458082
15.520,0.644291,0.079596,0.447200,0.456933
15.530,0.644040,0.079397,0.455469,0.448365
15.540,0.648095,0.079312,0.462448,0.447079
15.550,0.651351,0.078296,0.463522,0.450861
15.560,0.664735,0.082126,0.462079,0.470757
15.570,0.653576,0.081001,0.443659,0.473041
15.580,0.649020,0.080994,0.437211,0.472773
15.590,0.652415,0.081066,0.441327,0.473608
15.600,0.652176,0.084125,0.458308,0.456301
15.610,0.656423,0.084522,0.464618,0.455935
15.620,0.665761,0.087023,0.464683,0.468758
15.630,0.675409,0.085972,0.464679,0.482555
15.640,0.664294,0.086124,0.450396,0.480638
15.650,0.658993,0.086388,0.438395,0.484374
15.661,0.661162,0.085302,0.438443,0.487468
15.670,0.656344,0.085472,0.445192,0.474644
15.680,0.653727,0.086237,0.448459,0.467768
15.690,0.658331,0.086243,0.456477,0.466465
15.700,0.666540,0.086247,0.468936,0.465765
15.710,0.655752,0.086339,0.450273,0.468839
15.720,0.661242,0.085269,0.444662,0.481919
15.730,0.676101,0.087146,0.444360,0.502058
15.740,0.662596,0.084820,0.444379,0.484114
15.750,0.659956,0.084877,0.445815,0.479152
15.760,0.666871,0.085819,0.450665,0.483997
15.770,0.674618,0.087383,0.461307,0.484427
15.780,0.667796,0.086870,0.456150,0.479930
15.790,0.672695,0.088732,0.454682,0.487760
15.800,0.680041,0.091085,0.463233,0.489463
15.810,0.671872,0.090673,0.459792,0.481437
15.820,0.683913,0.090854,0.457648,0.500040
15.830,0.686082,0.091215,0.454497,0.505788
15.840,0.685605,0.091047,0.453713,0.505874
15.850,0.677174,0.092119,0.439986,0.506450
15.860,0.676369,0.092293,0.438392,0.506725
15.870,0.687664,0.091574,0.455752,0.506742
15.880,0.680469,0.091322,0.452084,0.500319
15.890,0.687698,0.089714,0.467968,0.495869
15.900,0.695413,0.088508,0.475533,0.499634
15.910,0.689169,0.089279,0.474103,0.492148
15.920,0.695712,0.087639,0.477249,0.498566
15.930,0.697742,0.086809,0.471295,0.507138
15.940,0.686220,0.085599,0.459219,0.502682
15.950,0.678568,0.089340,0.461928,0.488973
15.960,0.683492,0.090027,0.473204,0.484906
15.970,0.690453,0.093522,0.480403,0.487023
15.980,0.692722,0.093919,0.481851,0.488736
15.990,0.699765,0.093910,0.481783,0.498735
16.000,0.692574,0.092409,0.468501,0.501624
16.010,0.689605,0.091141,0.464614,0.501381
16.020,0.689247,0.090242,0.462669,0.502847
16.030,0.691313,0.090483,0.468531,0.500205
16.040,0.695013,0.090604,0.473091,0.501017
16.050,0.694704,0.091412,0.472617,0.500890
16.060,0.691424,0.089430,0.475223,0.494199
16.070,0.696170,0.092002,0.472410,0.503008
16.080,0.695015,0.094574,0.471495,0.501791
16.090,0.694431,0.095739,0.467807,0.504208
16.100,0.688767,0.093518,0.458063,0.505799
16.110,0.688302,0.093836,0.458839,0.504402
16.120,0.681845,0.094781,0.459295,0.494952
16.130,0.684223,0.095600,0.458649,0.498661
16.140,0.695969,0.095706,0.464740,0.509147
16.150,0.693526,0.095423,0.464868,0.505737
16.160,0.696125,0.094966,0.467337,0.507117
16.170,0.694995,0.095828,0.460403,0.511726
16.180,0.697083,0.095251,0.461628,0.513568
16.190,0.694329,0.098161,0.455802,0.514491
16.200,0.689339,0.098172,0.443474,0.518538
16.210,0.697170,0.098560,0.451244,0.522217
16.220,0.689519,0.099534,0.449796,0.513043
16.230,0.673295,0.095732,0.449781,0.491791
16.240,0.676046,0.095794,0.450262,0.495102
16.250,0.675332,0.095623,0.452073,0.492504
16.260,0.682982,0.096118,0.468718,0.487371
16.270,0.679733,0.094186,0.464394,0.487344
16.280,0.684807,0.092025,0.464551,0.494656
16.290,0.678188,0.091121,0.452459,0.496906
16.300,0.667475,0.088226,0.442596,0.491781
16.310,0.668426,0.088620,0.445262,0.490593
16.320,0.651786,0.087779,0.444567,0.468487
16.330,0.658192,0.088565,0.463962,0.458381
16.340,0.663747,0.091697,0.469739,0.459887
16.350,0.665378,0.096962,0.469469,0.461438
16.360,0.670527,0.101208,0.458780,0.478418
16.370,0.669233,0.101364,0.441794,0.492357
16.380,0.665281,0.099599,0.444624,0.484756
16.390,0.648467,0.099598,0.431572,0.473640
16.400,0.646763,0.101955,0.424628,0.477073
16.410,0.661404,0.111707,0.432050,0.488169
16.420,0.654563,0.111778,0.428397,0.482115
16.430,0.642937,0.111360,0.418579,0.475141
16.440,0.644528,0.112307,0.415978,0.479339
16.450,0.652340,0.112988,0.425450,0.481429
16.460,0.651174,0.112584,0.425116,0.480238
16.470,0.645132,0.109223,0.416759,0.480185
16.480,0.647080,0.108172,0.413877,0.485507
16.490,0.647564,0.108886,0.416104,0.484087
16.500,0.647912,0.111448,0.422125,0.478727
16.510,0.650081,0.114708,0.424340,0.478939
16.520,0.649974,0.114701,0.423622,0.479430
16.530,0.648330,0.115126,0.409845,0.488983
16.540,0.644013,0.114799,0.403864,0.488332
16.550,0.640742,0.115498,0.403294,0.484319
16.560,0.630076,0.114748,0.400845,0.472390
16.570,0.626491,0.112634,0.410529,0.459641
16.580,0.635267,0.111281,0.424250,0.459557
16.590,0.633047,0.111358,0.423921,0.456770
16.600,0.633061,0.111359,0.416041,0.463977
16.610,0.635464,0.112305,0.413538,0.469242
16.620,0.648799,0.110284,0.433067,0.470352
16.630,0.637414,0.109778,0.433660,0.454076
16.640,0.631468,0.109930,0.427190,0.451858
16.650,0.643265,0.114356,0.427715,0.466661
16.660,0.637106,0.114792,0.425327,0.460243
16.670,0.637509,0.115543,0.426509,0.459519
16.680,0.638148,0.115121,0.429275,0.457934
16.690,0.642848,0.117409,0.435750,0.457811
16.700,0.646629,0.118339,0.443118,0.455819
16.710,0.650155,0.118045,0.436867,0.466813
16.720,0.653450,0.118531,0.438658,0.469603
16.730,0.663001,0.118536,0.452089,0.470250
16.740,0.674638,0.117510,0.471515,0.467975
16.750,0.685055,0.117626,0.467899,0.486348
16.760,0.682382,0.116906,0.453695,0.496124
16.770,0.683553,0.116913,0.447346,0.503446
16.780,0.684188,0.117173,0.458916,0.493741
16.790,0.679046,0.121040,0.459212,0.485363
16.800,0.681656,0.120930,0.464270,0.484236
16.810,0.683147,0.121428,0.460282,0.489985
16.820,0.688047,0.121408,0.468147,0.489395
16.830,0.682145,0.120345,0.457233,0.491708
16.840,0.678274,0.118332,0.453938,0.489891
16.850,0.683316,0.114907,0.461284,0.490850
16.860,0.678742,0.111242,0.470712,0.476179
16.870,0.671304,0.110841,0.472897,0.463391
16.880,0.671089,0.110861,0.472498,0.463482
16.890,0.680778,0.110776,0.488147,0.461411
16.900,0.686718,0.110926,0.503336,0.453795
16.910,0.674322,0.103537,0.497254,0.443542
16.920,0.678564,0.107381,0.496950,0.449400
16.930,0.683479,0.107203,0.499498,0.454041
16.940,0.685941,0.105566,0.507387,0.449365
16.950,0.679166,0.103719,0.498543,0.449404
16.960,0.673562,0.105528,0.486150,0.454102
16.970,0.684704,0.105032,0.487897,0.468770
16.980,0.678255,0.105859,0.488049,0.458947
16.990,0.679353,0.106058,0.500460,0.447003
17.000,0.679060,0.108344,0.498585,0.448103
17.010,0.684425,0.105744,0.498892,0.456467
17.020,0.683249,0.105754,0.498991,0.454592
17.030,0.685950,0.105408,0.510738,0.445604
17.040,0.693995,0.109355,0.520222,0.446139
17.050,0.695462,0.107896,0.520281,0.448701
17.060,0.702079,0.107910,0.521398,0.457619
17.070,0.704446,0.107186,0.513767,0.469892
17.080,0.701138,0.107845,0.505533,0.473709
17.090,0.698860,0.110423,0.505549,0.469715
17.100,0.699446,0.110497,0.508306,0.467590
17.110,0.703700,0.108207,0.503829,0.479209
17.120,0.692939,0.109400,0.489068,0.478548
17.130,0.694237,0.109212,0.491757,0.477716
17.140,0.690835,0.112327,0.494826,0.468810
17.150,0.684799,0.107348,0.494643,0.461253
17.160,0.689314,0.108145,0.496251,0.466040
17.170,0.687729,0.107731,0.497968,0.461945
17.180,0.691831,0.107925,0.502674,0.462926
17.190,0.689042,0.101172,0.497631,0.465732
17.200,0.690663,0.101174,0.491113,0.474960
17.210,0.687483,0.101189,0.490852,0.470593
17.220,0.686920,0.102170,0.491743,0.468625
17.230,0.681302,0.101773,0.485728,0.466780
17.240,0.665665,0.102104,0.465518,0.464735
17.250,0.659925,0.102867,0.466544,0.455254
17.260,0.651245,0.103497,0.461080,0.448122
17.270,0.651976,0.104306,0.470296,0.439334
17.280,0.647854,0.105673,0.465028,0.438516
17.290,0.651317,0.098210,0.467603,0.442624
17.300,0.652922,0.096273,0.468211,0.444766
17.310,0.651580,0.097072,0.468210,0.442621
17.320,0.652774,0.099037,0.466358,0.445888
17.330,0.647498,0.098097,0.460189,0.444811
17.340,0.653938,0.099321,0.463335,0.450656
17.350,0.661980,0.101241,0.454851,0.470189
17.360,0.662801,0.101890,0.447197,0.478476
17.370,0.660430,0.103222,0.446488,0.475565
17.380,0.657329,0.103441,0.443922,0.473619
17.390,0.648430,0.105008,0.424939,0.478394
17.400,0.637583,0.100528,0.408692,0.478933
17.410,0.638625,0.099709,0.408696,0.480487
17.420,0.633849,0.091431,0.407388,0.476907
17.430,0.627666,0.097487,0.402826,0.471373
17.440,0.636857,0.097488,0.417620,0.470826
17.450,0.641715,0.099127,0.426324,0.469275
17.460,0.638770,0.102189,0.429335,0.461796
17.470,0.628773,0.102394,0.428349,0.448762
17.480,0.638568,0.102539,0.442446,0.448882
17.490,0.640648,0.103769,0.445046,0.448994
17.500,0.641746,0.101925,0.449060,0.446983
17.510,0.640908,0.099188,0.447406,0.448054
17.520,0.656711,0.103863,0.447476,0.469305
17.530,0.647001,0.105832,0.431192,0.470620
17.540,0.636900,0.104221,0.417004,0.469986
17.550,0.640310,0.104354,0.425316,0.467134
17.560,0.637803,0.105008,0.422969,0.465685
17.570,0.636468,0.105826,0.428251,0.458796
17.580,0.632373,0.108336,0.425813,0.454799
17.590,0.633235,0.106881,0.427280,0.454966
17.600,0.627850,0.106224,0.423582,0.451099
17.610,0.621011,0.106916,0.429452,0.435655
17.620,0.634063,0.107601,0.448797,0.434785
17.630,0.631854,0.110475,0.445627,0.434110
17.640,0.630241,0.108020,0.439882,0.438224
17.650,0.634545,0.106631,0.439784,0.444822
17.660,0.632769,0.106245,0.443807,0.438342
17.670,0.634903,0.107855,0.446729,0.438066
17.680,0.625053,0.108033,0.434212,0.436441
17.690,0.625621,0.108436,0.431690,0.439644
17.700,0.618112,0.108416,0.431870,0.428715
17.710,0.608462,0.108416,0.430622,0.415976
17.720,0.603660,0.107942,0.429887,0.409818
17.730,0.599314,0.109359,0.423587,0.409624
17.740,0.610636,0.108763,0.442033,0.407006
17.750,0.613094,0.107929,0.454820,0.396704
17.760,0.610911,0.109686,0.454854,0.392796
17.770,0.610589,0.108405,0.445121,0.403652
17.780,0.612665,0.107143,0.440809,0.411784
17.790,0.618259,0.107688,0.450602,0.409396
17.800,0.611668,0.107792,0.445681,0.404828
17.810,0.610839,0.107315,0.448149,0.400962
17.820,0.608823,0.108741,0.441704,0.404646
17.830,0.608352,0.108452,0.442137,0.403541
17.840,0.608684,0.107371,0.436084,0.410851
17.850,0.599294,0.106384,0.437055,0.396004
17.860,0.592982,0.108548,0.435568,0.387461
17.870,0.611722,0.108004,0.461258,0.387014
17.881,0.615880,0.107408,0.466116,0.387953
17.890,0.615344,0.105639,0.469807,0.383105
17.900,0.618394,0.105592,0.473956,0.382919
17.910,0.615997,0.105691,0.475161,0.377497
17.920,0.618781,0.105639,0.478336,0.378053
17.930,0.620714,0.101261,0.478647,0.382008
17.940,0.609789,0.102007,0.464416,0.381780
17.950,0.609558,0.106616,0.459175,0.386461
17.960,0.607882,0.102805,0.456231,0.388336
17.970,0.618901,0.104624,0.462903,0.397257
17.980,0.624712,0.104310,0.468378,0.400008
17.990,0.613450,0.103632,0.453326,0.400096
18.000,0.607951,0.102989,0.445973,0.400132
18.010,0.603971,0.102881,0.449738,0.389785
18.020,0.594741,0.099471,0.460707,0.362728
18.030,0.594104,0.097351,0.460679,0.362294
18.040,0.600112,0.096860,0.460348,0.372602
18.050,0.604699,0.096642,0.456325,0.384822
18.060,0.602756,0.098192,0.457986,0.379371
18.070,0.599785,0.102063,0.454632,0.377671
18.080,0.601274,0.101751,0.455696,0.378839
18.090,0.606758,0.105963,0.462040,0.378743
18.100,0.611257,0.107261,0.471194,0.374309
18.110,0.609568,0.107216,0.467154,0.376622
18.120,0.595947,0.106810,0.447199,0.379153
18.130,0.599500,0.103436,0.448008,0.384694
18.140,0.604858,0.103652,0.458055,0.381176
18.150,0.601172,0.104352,0.465719,0.365547
18.160,0.597151,0.105968,0.459775,0.366014
18.170,0.598357,0.104826,0.459192,0.369034
18.180,0.602903,0.104736,0.465137,0.369013
18.190,0.601953,0.104432,0.464975,0.367749
18.200,0.600097,0.104224,0.464480,0.365393
18.210,0.600663,0.105214,0.466754,0.363135
18.220,0.603662,0.104799,0.470840,0.362954
18.230,0.604816,0.104920,0.470858,0.364810
18.240,0.608950,0.105664,0.475396,0.365587
18.250,0.603638,0.105770,0.467237,0.367262
18.260,0.606322,0.104763,0.470752,0.367483
18.270,0.602568,0.104868,0.470956,0.360959
18.280,0.599880,0.104469,0.469465,0.358531
18.290,0.590664,0.104895,0.458358,0.357476
18.300,0.592746,0.104281,0.458823,0.360492
18.310,0.595325,0.104388,0.463366,0.358897
18.320,0.601679,0.109502,0.471731,0.357068
18.330,0.608683,0.109965,0.476026,0.363044
18.340,0.608474,0.112753,0.476016,0.361850
18.350,0.614111,0.111247,0.480682,0.365652
18.360,0.612733,0.109324,0.480704,0.363886
18.370,0.593694,0.109098,0.456174,0.363972
18.380,0.591074,0.108083,0.454225,0.362444
18.390,0.592677,0.107523,0.457019,0.361716
18.400,0.593140,0.108160,0.457589,0.361564
18.410,0.592416,0.108713,0.456265,0.361886
18.420,0.592972,0.108827,0.457904,0.360690
18.430,0.591583,0.106375,0.457873,0.359175
18.440,0.586378,0.106261,0.449783,0.360893
18.450,0.582911,0.102038,0.447403,0.359450
18.460,0.585934,0.102245,0.447662,0.363955
18.470,0.583460,0.098919,0.455564,0.350859
18.480,0.571634,0.099943,0.445303,0.344212
18.490,0.568113,0.098947,0.441197,0.343957
18.500,0.582937,0.098905,0.446926,0.360957
18.510,0.593671,0.098739,0.458649,0.363781
18.520,0.591799,0.099580,0.451281,0.369670
18.530,0.595425,0.098430,0.449989,0.377295
18.540,0.588922,0.101239,0.446445,0.370495
18.550,0.580444,0.102360,0.445240,0.358049
18.560,0.578905,0.099516,0.446932,0.354231
18.570,0.584762,0.097201,0.453500,0.356140
18.580,0.591982,0.096229,0.462516,0.356737
18.590,0.591094,0.092668,0.461683,0.357287
18.600,0.585401,0.091011,0.454803,0.357164
18.610,0.596752,0.093511,0.467040,0.359502
18.620,0.598361,0.096404,0.473191,0.353316
18.630,0.595998,0.096426,0.472282,0.350522
18.640,0.602882,0.095861,0.462309,0.374897
18.650,0.603247,0.096984,0.457717,0.380784
18.660,0.607047,0.096154,0.462221,0.381592
18.670,0.607424,0.095460,0.458228,0.387141
18.680,0.603170,0.095368,0.452577,0.387161
18.690,0.611620,0.096545,0.458413,0.393212
18.700,0.612188,0.096947,0.460497,0.391558
18.710,0.611598,0.097510,0.458457,0.392889
18.720,0.620907,0.097531,0.466464,0.398027
18.730,0.630318,0.096508,0.479634,0.397413
18.740,0.614913,0.095988,0.458352,0.398520
18.750,0.614409,0.095953,0.455971,0.400477
18.760,0.622290,0.094122,0.465612,0.401984
18.770,0.624545,0.096336,0.472622,0.396741
18.780,0.619747,0.098426,0.470432,0.391271
18.790,0.639377,0.097449,0.495693,0.391912
18.800,0.641563,0.097881,0.499219,0.390899
18.810,0.636167,0.097825,0.492480,0.390643
18.820,0.630414,0.091229,0.487418,0.389260
18.830,0.630279,0.093346,0.485430,0.391019
18.840,0.621745,0.089720,0.486546,0.376551
18.850,0.610123,0.091823,0.481185,0.363702
18.860,0.612756,0.092967,0.481947,0.366817
18.870,0.616215,0.091580,0.485355,0.368463
18.881,0.615532,0.091879,0.484042,0.368972
18.890,0.618650,0.096544,0.481013,0.376874
18.901,0.619652,0.096547,0.481042,0.378477
18.910,0.622350,0.095936,0.483630,0.379760
18.920,0.629708,0.096968,0.480225,0.395617
18.930,0.631890,0.099110,0.484525,0.393316
18.940,0.630756,0.099582,0.484490,0.391416
18.950,0.631004,0.101656,0.485752,0.389715
18.960,0.628391,0.101604,0.487656,0.383072
18.970,0.629848,0.101908,0.489400,0.383159
18.980,0.623652,0.100711,0.481340,0.383551
18.990,0.635490,0.101517,0.493276,0.387583
19.000,0.629121,0.101404,0.490731,0.380386
19.010,0.615218,0.103868,0.474251,0.377876
19.020,0.613944,0.103054,0.472335,0.378426
19.030,0.616534,0.103153,0.474843,0.379469
19.040,0.620124,0.101179,0.481307,0.377704
19.050,0.627971,0.100376,0.491496,0.377763
19.060,0.625398,0.099628,0.489346,0.376480
19.070,0.624499,0.105538,0.487316,0.376010
19.080,0.615952,0.110216,0.476447,0.374496
19.090,0.615883,0.110293,0.474874,0.376353
19.100,0.629420,0.110941,0.478377,0.393722
19.110,0.615577,0.108464,0.465771,0.387593
19.120,0.613815,0.106808,0.460004,0.392120
19.130,0.611056,0.107840,0.459238,0.388408
19.140,0.598683,0.113227,0.462509,0.362885
19.150,0.605784,0.112421,0.476930,0.356194
19.160,0.614099,0.112360,0.473130,0.375021
19.170,0.611651,0.113276,0.477395,0.365212
19.180,0.614083,0.114228,0.479710,0.365961
19.190,0.612641,0.114291,0.482184,0.360230
19.200,0.612998,0.114561,0.482634,0.360147
19.210,0.616381,0.114208,0.488073,0.358702
19.220,0.604267,0.115799,0.476185,0.353520
19.230,0.596428,0.116046,0.464185,0.356079
19.240,0.597810,0.115959,0.467323,0.354315
19.250,0.594221,0.117982,0.464413,0.351425
19.260,0.588909,0.117405,0.454881,0.355123
19.270,0.586507,0.117182,0.446558,0.361726
19.280,0.589455,0.116965,0.446201,0.366989
19.290,0.581576,0.117274,0.435739,0.366890
19.300,0.576055,0.117330,0.430717,0.364082
19.310,0.584620,0.119442,0.441093,0.364625
19.320,0.581376,0.119076,0.439734,0.361183
19.330,0.579268,0.117665,0.437838,0.360561
19.340,0.592664,0.122921,0.439641,0.377965
19.350,0.590872,0.121436,0.439648,0.375623
19.360,0.594166,0.122772,0.438894,0.381225
19.370,0.594164,0.122891,0.435170,0.385430
19.380,0.592831,0.124052,0.433848,0.384494
19.390,0.589130,0.120649,0.435424,0.378053
19.400,0.584827,0.120948,0.429110,0.378496
19.410,0.587970,0.120842,0.434135,0.377668
19.420,0.580516,0.119853,0.439395,0.359953
19.430,0.582462,0.118113,0.436182,0.367500
19.440,0.586864,0.117754,0.437439,0.373082
19.450,0.585020,0.116076,0.434961,0.373608
19.460,0.592907,0.116368,0.440592,0.379310
19.470,0.578709,0.116041,0.421322,0.379376
19.480,0.583539,0.116194,0.428793,0.378356
19.490,0.578015,0.115545,0.424304,0.375123
19.500,0.569886,0.115443,0.421172,0.366138
19.510,0.575028,0.114546,0.423355,0.371897
19.520,0.576437,0.115195,0.425341,0.371611
19.530,0.580491,0.115720,0.440996,0.359307
19.540,0.579937,0.117273,0.439715,0.359479
19.550,0.570584,0.117061,0.426039,0.361044
19.560,0.575240,0.116628,0.429144,0.364877
19.570,0.564472,0.109997,0.422359,0.357969
19.580,0.570285,0.107446,0.421038,0.369334
19.590,0.566021,0.108318,0.416192,0.368009
19.600,0.551329,0.107093,0.413663,0.348392
19.610,0.552501,0.109243,0.414620,0.348444
19.620,0.552044,0.110115,0.415382,0.346532
19.630,0.571102,0.108798,0.441884,0.345050
19.640,0.568109,0.103146,0.437718,0.347149
19.650,0.560284,0.103077,0.425070,0.350155
19.660,0.550788,0.103434,0.425120,0.334577
19.670,0.562542,0.103121,0.442884,0.331171
19.680,0.564300,0.102082,0.444986,0.331664
19.690,0.563118,0.100892,0.447117,0.327123
19.700,0.571665,0.100391,0.456053,0.329755
19.710,0.565441,0.099638,0.448414,0.329728
19.720,0.568525,0.100897,0.448135,0.334986
19.730,0.573892,0.100892,0.452004,0.338917
19.740,0.585879,0.101441,0.467887,0.337707
19.750,0.597235,0.100293,0.481228,0.339191
19.761,0.599356,0.098309,0.483378,0.340453
19.770,0.598006,0.097277,0.482649,0.339409
19.780,0.596905,0.097112,0.484215,0.335262
19.790,0.587188,0.098245,0.471273,0.336213
19.800,0.587977,0.097758,0.473539,0.334546
19.810,0.583786,0.095382,0.469122,0.334114
19.820,0.592139,0.094354,0.479601,0.334229
19.830,0.588663,0.094207,0.478887,0.329115
19.840,0.576843,0.086584,0.476849,0.312836
19.850,0.584470,0.087721,0.478662,0.323717
19.860,0.588710,0.089201,0.489526,0.314621
19.870,0.583362,0.089353,0.488922,0.305423
19.881,0.587464,0.088971,0.490964,0.310084
19.890,0.592333,0.096097,0.487609,0.322274
19.901,0.589215,0.095149,0.486112,0.319088
19.910,0.584328,0.095104,0.478368,0.321805
19.920,0.582997,0.095796,0.476434,0.322056
19.930,0.580210,0.095632,0.478124,0.314477
19.940,0.577928,0.096734,0.479496,0.307777
19.950,0.584167,0.097570,0.478407,0.320715
19.960,0.583645,0.097592,0.477947,0.320444
19.970,0.584038,0.098886,0.478103,0.320530
19.980,0.582837,0.098570,0.476673,0.320571
19.990,0.578630,0.098630,0.470561,0.321957
20.000,0.586829,0.099188,0.480818,0.321471
20.010,0.584519,0.098407,0.483018,0.314123
20.020,0.585211,0.097093,0.483605,0.314913
20.030,0.582443,0.096432,0.470710,0.329200
20.040,0.582348,0.097831,0.466261,0.334902
20.050,0.587104,0.099254,0.471404,0.335586
20.060,0.585031,0.099408,0.471124,0.332298
20.070,0.586729,0.102128,0.470983,0.334656
20.080,0.585416,0.101576,0.477430,0.323195
20.090,0.592509,0.103274,0.477999,0.334542
20.100,0.592054,0.103205,0.476046,0.336537
20.110,0.588728,0.100282,0.472775,0.336195
20.120,0.594660,0.098804,0.481469,0.334733
20.130,0.579201,0.098986,0.461642,0.335503
20.140,0.577037,0.098404,0.459955,0.334260
20.150,0.575765,0.099477,0.454798,0.338775
20.160,0.578060,0.100501,0.458407,0.337516
20.170,0.561113,0.100218,0.435116,0.339820
20.180,0.561543,0.100036,0.435957,0.339506
20.190,0.567168,0.102796,0.437448,0.346053
20.200,0.561770,0.103832,0.430010,0.346260
20.210,0.567214,0.103829,0.432675,0.351772
20.220,0.568328,0.101598,0.434450,0.352034
20.230,0.568464,0.103221,0.436301,0.349482
20.240,0.564934,0.102888,0.431276,0.350094
20.250,0.560516,0.101958,0.420443,0.356386
20.260,0.564665,0.102165,0.425603,0.356751
20.270,0.565678,0.102151,0.432147,0.350437
20.280,0.564927,0.101941,0.430235,0.351636
20.290,0.566512,0.099480,0.431162,0.353749
20.300,0.572702,0.099561,0.435276,0.358623
20.310,0.581939,0.099044,0.442621,0.364595
20.320,0.572925,0.102616,0.428043,0.366732
20.330,0.573712,0.102638,0.430048,0.365609
20.340,0.571742,0.102464,0.429217,0.363542
20.350,0.567405,0.101457,0.432289,0.353244
20.360,0.560375,0.098425,0.423536,0.353482
20.370,0.561104,0.098228,0.420845,0.357881
20.380,0.567127,0.096682,0.418761,0.370034
20.390,0.556776,0.087180,0.415867,0.359797
20.400,0.562037,0.087303,0.421890,0.360933
20.410,0.566971,0.088160,0.431433,0.357141
20.420,0.566166,0.086407,0.428894,0.359344
20.430,0.566249,0.084693,0.425510,0.363876
20.440,0.566139,0.085394,0.423078,0.366369
20.450,0.564207,0.084133,0.430664,0.354654
20.460,0.556876,0.084475,0.424712,0.350135
20.470,0.563504,0.083917,0.430442,0.353856
20.480,0.573618,0.088232,0.437591,0.360231
20.490,0.576176,0.088653,0.440698,0.360424
20.500,0.572990,0.088502,0.428338,0.370151
20.510,0.573440,0.088551,0.423623,0.376212
20.520,0.580501,0.088569,0.435484,0.373484
20.530,0.579915,0.088598,0.442171,0.364605
20.540,0.582466,0.085733,0.439630,0.372345
20.550,0.588347,0.085865,0.436025,0.385566
20.560,0.590842,0.088292,0.435771,0.389105
20.570,0.591339,0.084388,0.439608,0.386401
20.580,0.588718,0.087457,0.433879,0.388187
20.590,0.582816,0.085483,0.434792,0.378580
20.600,0.581935,0.085491,0.435934,0.375901
20.610,0.583426,0.085399,0.436922,0.377084
20.620,0.577433,0.088739,0.425081,0.380605
20.630,0.576149,0.088226,0.423071,0.381018
20.640,0.585528,0.089436,0.432226,0.384741
20.650,0.596080,0.088307,0.451424,0.379117
20.661,0.594102,0.086763,0.448944,0.379314
20.670,0.593524,0.086216,0.449602,0.377750
20.680,0.591016,0.086218,0.446705,0.377255
20.690,0.595756,0.082799,0.458520,0.371252
20.701,0.595940,0.081396,0.457812,0.372729
20.710,0.601252,0.081711,0.460056,0.378385
20.721,0.607438,0.082047,0.458322,0.390116
20.730,0.606627,0.080206,0.456392,0.391496
20.740,0.596071,0.080321,0.443826,0.389702
20.750,0.592148,0.080188,0.441067,0.386871
20.760,0.594405,0.086830,0.435776,0.394813
20.770,0.589852,0.088416,0.429590,0.394411
20.781,0.594792,0.088863,0.428814,0.402491
20.790,0.594911,0.088838,0.425806,0.405853
20.800,0.589398,0.093400,0.422156,0.400563
20.810,0.584702,0.093175,0.418119,0.397959
20.820,0.597181,0.089895,0.422697,0.412155
20.830,0.603780,0.089936,0.419972,0.424365
20.840,0.603893,0.090643,0.419995,0.424352
20.850,0.609205,0.090328,0.425897,0.426125
20.860,0.607080,0.090371,0.422190,0.426772
20.870,0.606632,0.089719,0.425845,0.422622
20.881,0.597232,0.090744,0.425240,0.409418
20.891,0.601446,0.090832,0.431882,0.408613
20.901,0.601999,0.091575,0.427518,0.413819
20.910,0.606136,0.091043,0.430142,0.417241
20.920,0.616535,0.090636,0.446453,0.415428
20.930,0.613932,0.092577,0.446966,0.410565
20.941,0.620057,0.093967,0.447181,0.419129
20.950,0.624422,0.094187,0.447852,0.424806
20.960,0.632181,0.095453,0.457218,0.426020
20.970,0.631984,0.095379,0.458288,0.424593
20.980,0.622348,0.093002,0.445984,0.423989
20.990,0.622398,0.090937,0.445521,0.424995
21.000,0.617905,0.090901,0.446475,0.417377
21.010,0.616181,0.090112,0.447018,0.414408
21.020,0.604553,0.091937,0.431736,0.413082
21.030,0.605349,0.091961,0.436444,0.409277
21.040,0.603653,0.091689,0.446230,0.396067
21.050,0.593987,0.092244,0.444314,0.383271
21.060,0.592915,0.089529,0.442944,0.383841
21.070,0.590896,0.090315,0.440849,0.382954
21.080,0.593312,0.087841,0.446174,0.381093
21.090,0.595182,0.088194,0.448106,0.381660
21.101,0.607989,0.090870,0.460258,0.386724
21.110,0.615165,0.094444,0.465418,0.391018
21.120,0.616971,0.092336,0.469351,0.389662
21.130,0.626909,0.095490,0.474704,0.398187
21.140,0.623867,0.093705,0.475598,0.392728
21.150,0.620370,0.093811,0.471337,0.392302
21.161,0.624315,0.093944,0.470857,0.399046
21.170,0.639271,0.094172,0.475422,0.416861
21.180,0.649004,0.094135,0.484642,0.421267
21.190,0.633909,0.095609,0.462786,0.422528
21.201,0.630351,0.096153,0.459916,0.420207
21.210,0.632036,0.097651,0.469809,0.411356
21.221,0.634971,0.098127,0.486825,0.395677
21.230,0.631130,0.105541,0.483134,0.392133
21.241,0.636146,0.105514,0.481109,0.402595
21.250,0.648538,0.105817,0.479592,0.423550
21.261,0.646632,0.103062,0.480276,0.420530
21.270,0.647859,0.101504,0.481047,0.421914
21.281,0.642370,0.100723,0.480884,0.413818
21.290,0.642253,0.101080,0.482638,0.411501
21.301,0.654694,0.098361,0.498619,0.412710
21.310,0.655831,0.098720,0.501833,0.410526
21.321,0.644187,0.097399,0.498449,0.396283
21.330,0.639456,0.098610,0.501699,0.384028
21.341,0.653449,0.099873,0.520410,0.382354
21.350,0.652981,0.099886,0.520775,0.381052
21.361,0.653117,0.102791,0.520339,0.381107
21.370,0.662825,0.102794,0.521271,0.396291
21.380,0.680309,0.104584,0.524651,0.420267
21.390,0.676796,0.106861,0.519415,0.420526
21.401,0.676500,0.108177,0.520595,0.418247
21.410,0.671795,0.109476,0.515609,0.416498
21.421,0.672639,0.114230,0.514749,0.417645
21.430,0.689534,0.112706,0.534328,0.421009
21.441,0.693644,0.112912,0.539194,0.421499
21.451,0.695445,0.112972,0.533288,0.431838
21.461,0.691467,0.111128,0.525021,0.436039
21.471,0.691739,0.115606,0.526370,0.433674
21.481,0.691611,0.122091,0.526398,0.431653
21.490,0.695171,0.125076,0.531979,0.429670
21.501,0.707712,0.125095,0.547820,0.430233
21.510,0.715578,0.127950,0.556923,0.430716
21.521,0.720284,0.126786,0.558727,0.436530
21.530,0.719744,0.128812,0.548781,0.447525
21.541,0.713794,0.128503,0.540314,0.448386
21.551,0.713156,0.128449,0.540892,0.446686
21.561,0.713814,0.129141,0.543955,0.443809
21.571,0.720125,0.128725,0.548670,0.448299
21.581,0.733018,0.130647,0.564734,0.448690
21.591,0.732403,0.131414,0.563192,0.449399
21.601,0.727775,0.131221,0.558040,0.448361
21.611,0.730035,0.132574,0.561097,0.447822
21.621,0.728014,0.136550,0.557634,0.447664
21.630,0.720707,0.136922,0.553584,0.440699
21.641,0.719909,0.136135,0.552441,0.441073
21.651,0.727310,0.137498,0.562311,0.440317
21.661,0.726781,0.144971,0.564782,0.433839
21.671,0.717579,0.147765,0.562382,0.420490
21.681,0.716699,0.147706,0.561817,0.419765
21.691,0.725034,0.180230,0.564007,0.418434
21.701,0.747942,0.236518,0.564483,0.429925
21.711,0.746961,0.250560,0.552547,0.435731
21.721,0.736445,0.249414,0.538021,0.436665
21.730,0.736559,0.252770,0.536651,0.436614
21.741,0.739532,0.279153,0.536217,0.425973
21.751,0.738601,0.290220,0.547613,0.401777
21.761,0.739573,0.290550,0.555475,0.392424
21.771,0.739217,0.290495,0.555595,0.391623
21.781,0.741577,0.289982,0.556452,0.395232
21.791,0.740385,0.290077,0.555250,0.394618
21.801,0.731685,0.290757,0.544195,0.393287
21.811,0.724989,0.290349,0.533371,0.396009
21.821,0.739320,0.293650,0.551383,0.395398
21.831,0.746473,0.298192,0.556539,0.398205
21.841,0.742390,0.299427,0.550515,0.398020
21.851,0.739093,0.299448,0.543663,0.401274
21.861,0.752037,0.297789,0.553247,0.413278
21.871,0.743196,0.297888,0.552636,0.397740
21.881,0.728341,0.298587,0.549427,0.373439
21.891,0.728291,0.298225,0.549539,0.373464
21.901,0.727448,0.298668,0.551689,0.368262
21.911,0.739739,0.301242,0.565011,0.370445
21.921,0.729963,0.302247,0.552416,0.369228
21.931,0.716806,0.302398,0.535394,0.368400
21.941,0.710046,0.301651,0.533633,0.358341
21.951,0.706135,0.303394,0.539469,0.339929
21.961,0.705816,0.303457,0.537551,0.342241
21.971,0.706350,0.301948,0.533276,0.351247
21.981,0.704650,0.299720,0.533816,0.348913
21.991,0.704148,0.298847,0.530614,0.353502
22.001,0.697183,0.300022,0.522965,0.350084
22.011,0.689906,0.299017,0.515961,0.346905
22.021,0.699594,0.299005,0.532947,0.340581
22.031,0.694172,0.299029,0.533902,0.327726
22.041,0.695271,0.300376,0.534091,0.328516
22.051,0.699523,0.300332,0.533405,0.338544
22.061,0.698079,0.299398,0.530747,0.340563
22.071,0.689830,0.299384,0.524047,0.334080
22.081,0.672743,0.298174,0.501391,0.335087
22.091,0.679981,0.298567,0.512216,0.332966
22.101,0.681653,0.297261,0.519026,0.326953
22.108,0.676002,0.295192,0.515276,0.323003
22.121,0.683782,0.292259,0.515411,0.341312
22.128,0.690923,0.289716,0.516079,0.356513
22.139,0.685513,0.289701,0.509782,0.355140
22.150,0.673625,0.289739,0.490396,0.359631
22.160,0.673277,0.287679,0.487259,0.364857
22.170,0.675512,0.286933,0.493651,0.360963
22.179,0.678328,0.286481,0.500999,0.356452
22.190,0.671208,0.261497,0.504587,0.357116
22.199,0.645243,0.198079,0.504450,0.350192
22.210,0.637190,0.168572,0.503227,0.352643
22.220,0.636101,0.162456,0.504225,0.352121
22.230,0.637787,0.157393,0.507158,0.353256
22.240,0.630996,0.125245,0.507319,0.353691
22.250,0.620647,0.109874,0.498373,0.353207
22.259,0.628526,0.108788,0.509818,0.351134
22.270,0.633218,0.108023,0.511610,0.357143
22.280,0.636529,0.109179,0.512445,0.361456
22.290,0.648891,0.110121,0.519895,0.372347
22.299,0.644970,0.105933,0.513661,0.375389
22.310,0.645365,0.106563,0.513404,0.376240
22.320,0.639405,0.105093,0.493857,0.392301
22.330,0.628625,0.096002,0.484704,0.388608
22.340,0.623594,0.095523,0.478662,0.388107
22.350,0.621482,0.096344,0.479478,0.383482
22.360,0.608129,0.099286,0.469142,0.373991
22.370,0.624258,0.100775,0.489840,0.373629
22.380,0.625145,0.102733,0.490533,0.373670
22.390,0.632976,0.113460,0.496840,0.375414
22.399,0.637305,0.115434,0.492693,0.387410
22.410,0.624358,0.111899,0.471608,0.393557
22.420,0.624048,0.109378,0.471811,0.393531
22.430,0.622523,0.115847,0.469824,0.391637
22.439,0.621026,0.114479,0.471504,0.387623
22.450,0.623793,0.117903,0.474577,0.387290
22.460,0.630223,0.119110,0.484012,0.385650
22.470,0.630752,0.119149,0.485516,0.384611
22.480,0.647258,0.118965,0.500566,0.392715
22.490,0.643917,0.118976,0.494917,0.394375
22.500,0.637172,0.117910,0.486692,0.393975
22.510,0.638054,0.122496,0.483068,0.398438
22.520,0.624110,0.122482,0.466453,0.396147
22.530,0.632262,0.120894,0.477220,0.396738
22.540,0.639595,0.119029,0.488837,0.394907
22.550,0.640842,0.118230,0.490351,0.395293
22.560,0.654710,0.117883,0.500645,0.405096
22.570,0.675672,0.120158,0.519429,0.415076
22.580,0.674934,0.119946,0.519250,0.414160
22.590,0.666804,0.118733,0.508728,0.414399
22.600,0.661357,0.122474,0.493971,0.422358
22.610,0.660362,0.121657,0.494401,0.420530
22.620,0.658479,0.122214,0.505257,0.404195
22.630,0.655245,0.120571,0.511949,0.390790
22.640,0.659043,0.118802,0.510239,0.399850
22.650,0.670298,0.118917,0.520371,0.405428
22.660,0.687621,0.119420,0.539664,0.409053
22.670,0.680621,0.119969,0.531064,0.408442
22.680,0.667787,0.119856,0.513336,0.409951
22.690,0.671293,0.123174,0.508363,0.420749
22.700,0.670588,0.124042,0.511569,0.415452
22.710,0.672917,0.124552,0.522022,0.405953
22.720,0.675333,0.123735,0.525417,0.405834
22.730,0.678120,0.124067,0.523594,0.412677
22.740,0.691649,0.123873,0.537376,0.417446
22.750,0.705145,0.124555,0.550257,0.423004
22.760,0.689783,0.126064,0.530567,0.422383
22.770,0.688401,0.125818,0.530968,0.419688
22.780,0.686755,0.129295,0.530013,0.417134
22.790,0.678390,0.130575,0.526193,0.407779
22.800,0.680404,0.126465,0.531285,0.405823
22.810,0.678409,0.126496,0.534495,0.398186
22.820,0.676610,0.127050,0.539665,0.387841
22.830,0.691692,0.126760,0.557561,0.389223
22.840,0.699437,0.127258,0.566983,0.389291
22.850,0.698472,0.127975,0.566278,0.388348
22.860,0.699797,0.127183,0.565154,0.392609
22.870,0.688752,0.128778,0.544920,0.401071
22.880,0.691215,0.131135,0.547489,0.401045
22.890,0.686458,0.117680,0.541547,0.405097
22.900,0.678007,0.115817,0.542206,0.390246
22.910,0.680364,0.116650,0.549712,0.383542
22.920,0.697795,0.118004,0.570994,0.383352
22.930,0.701137,0.114500,0.576635,0.382066
22.940,0.699326,0.114569,0.574760,0.381552
22.950,0.704989,0.111451,0.574821,0.392644
22.960,0.706644,0.110706,0.573372,0.397914
22.970,0.700378,0.112932,0.570333,0.390508
22.980,0.695279,0.114335,0.559657,0.396390
22.990,0.698500,0.113472,0.561991,0.398989
23.000,0.700693,0.115135,0.561777,0.402643
23.010,0.700909,0.112880,0.564407,0.399971
23.020,0.706113,0.112954,0.562642,0.411425
23.030,0.705326,0.114713,0.555682,0.418979
23.040,0.703304,0.114819,0.552914,0.419212
23.050,0.707438,0.115375,0.561903,0.414031
23.060,0.692985,0.115834,0.554651,0.398965
23.070,0.678887,0.116485,0.542414,0.391288
23.080,0.694640,0.116443,0.563659,0.388914
23.090,0.697073,0.115477,0.567737,0.387621
23.100,0.692643,0.110206,0.568436,0.380118
23.110,0.705348,0.110360,0.581722,0.383323
23.120,0.708529,0.114099,0.584377,0.384054
23.130,0.708652,0.114084,0.584665,0.383848
23.140,0.709671,0.113517,0.586256,0.383472
23.150,0.700479,0.114027,0.578261,0.378527
23.160,0.690546,0.116201,0.568281,0.374712
23.170,0.694561,0.117634,0.569560,0.379709
23.180,0.696677,0.116858,0.568142,0.385899
23.190,0.699484,0.113127,0.570431,0.388701
23.200,0.700266,0.117292,0.569116,0.390797
23.210,0.690351,0.117422,0.557341,0.390086
23.220,0.695063,0.117439,0.555254,0.401265
23.230,0.691186,0.117436,0.554838,0.395096
23.240,0.675566,0.117167,0.537867,0.391612
23.250,0.662712,0.115390,0.523454,0.389702
23.260,0.663493,0.115014,0.524272,0.390042
23.270,0.669817,0.114222,0.534068,0.387787
23.280,0.666325,0.107261,0.535842,0.381257
23.290,0.669342,0.110693,0.534475,0.387431
23.300,0.668357,0.111301,0.535125,0.384649
23.310,0.673155,0.117585,0.539216,0.385432
23.320,0.678618,0.117593,0.547618,0.383158
23.330,0.662246,0.117900,0.524518,0.386717
23.340,0.665872,0.117922,0.527070,0.389457
23.350,0.674277,0.117882,0.533642,0.394942
23.360,0.670528,0.118446,0.533313,0.388787
23.370,0.668217,0.114558,0.536296,0.381808
23.380,0.685764,0.113043,0.545747,0.399567
23.390,0.689223,0.114133,0.553735,0.394181
23.400,0.692857,0.112983,0.556407,0.397110
23.410,0.695261,0.113274,0.552147,0.407050
23.420,0.676540,0.109840,0.526537,0.410367
23.430,0.674423,0.112553,0.523214,0.410397
23.440,0.674279,0.112791,0.520110,0.414023
23.450,0.662476,0.112907,0.511849,0.405138
23.460,0.659755,0.112548,0.515556,0.395995
23.470,0.671665,0.112109,0.531708,0.394782
23.480,0.668571,0.111530,0.537340,0.381855
23.490,0.663515,0.113081,0.534917,0.375938
23.500,0.673987,0.111964,0.546469,0.378278
23.510,0.675628,0.107158,0.548149,0.380162
23.520,0.668019,0.108356,0.546842,0.368066
23.530,0.661175,0.106946,0.541849,0.363475
23.540,0.663953,0.106556,0.535148,0.378282
23.550,0.658383,0.105414,0.526317,0.381243
23.560,0.658238,0.103989,0.526373,0.381306
23.570,0.654291,0.102879,0.522126,0.380654
23.580,0.639877,0.105322,0.503378,0.380738
23.590,0.648548,0.105357,0.514284,0.380823
23.600,0.653857,0.109603,0.519096,0.382172
23.610,0.637680,0.110355,0.500898,0.378891
23.620,0.627366,0.107686,0.484168,0.384151
23.630,0.630136,0.107749,0.481051,0.392494
23.640,0.627134,0.107627,0.481338,0.387334
23.650,0.618933,0.107820,0.476774,0.379657
23.660,0.613161,0.104182,0.472370,0.376802
23.670,0.612185,0.104170,0.475403,0.371363
23.680,0.623404,0.103876,0.496137,0.362892
23.690,0.626295,0.110639,0.507278,0.350247
23.700,0.627919,0.109216,0.509910,0.349779
23.710,0.636929,0.110105,0.509843,0.365535
23.720,0.634771,0.111768,0.511094,0.359478
23.730,0.637043,0.111817,0.511230,0.363269
23.740,0.639888,0.112096,0.516864,0.360198
23.750,0.640998,0.112186,0.516804,0.362225
23.760,0.650135,0.112103,0.524865,0.366915
23.770,0.650382,0.111518,0.526438,0.365271
23.780,0.655904,0.115248,0.531415,0.366778
23.790,0.655463,0.111801,0.531498,0.366936
23.800,0.657949,0.111338,0.524149,0.381797
23.810,0.660107,0.104114,0.523779,0.388017
23.820,0.653651,0.104961,0.512488,0.391917
23.830,0.654515,0.105146,0.518574,0.385247
23.840,0.640200,0.105571,0.501255,0.383998
23.850,0.637884,0.106446,0.502009,0.378883
23.860,0.649271,0.107403,0.512704,0.383604
23.870,0.654759,0.111917,0.517540,0.385144
23.880,0.639496,0.112121,0.507518,0.372573
23.890,0.635803,0.110934,0.498353,0.378924
23.900,0.637023,0.110914,0.497644,0.381899
23.910,0.634132,0.110677,0.497665,0.377099
23.920,0.648161,0.110483,0.518470,0.372955
23.930,0.648783,0.106287,0.519188,0.374254
23.940,0.651271,0.107761,0.524441,0.370813
23.950,0.658521,0.107653,0.532675,0.371912
23.960,0.661165,0.121703,0.532735,0.372184
23.970,0.651723,0.121207,0.515850,0.379408
23.980,0.655213,0.134689,0.508628,0.390463
23.990,0.658833,0.137601,0.508517,0.395648
24.000,0.647047,0.138829,0.497302,0.389983
24.010,0.648539,0.141483,0.496657,0.392323
24.020,0.651517,0.143011,0.496698,0.396627
24.030,0.659790,0.143454,0.511816,0.390881
24.040,0.665548,0.145429,0.529399,0.376220
24.050,0.667312,0.145798,0.534293,0.372263
24.060,0.670316,0.145722,0.529764,0.383978
24.070,0.676816,0.144817,0.530483,0.394583
24.080,0.677940,0.145885,0.527924,0.399520
24.090,0.665615,0.145888,0.511106,0.400663
24.100,0.665443,0.144245,0.504919,0.408735
24.110,0.669267,0.145041,0.505764,0.413623
24.120,0.681817,0.144962,0.527961,0.406346
24.130,0.681560,0.146739,0.533303,0.398221
24.140,0.678923,0.147473,0.531615,0.395695
24.150,0.677883,0.147088,0.528090,0.398762
24.160,0.682850,0.146207,0.531768,0.402655
24.170,0.682378,0.146923,0.531561,0.401866
24.180,0.671591,0.147040,0.511437,0.409690
24.190,0.671812,0.140764,0.501448,0.424342
24.200,0.671654,0.139118,0.501243,0.424878
24.210,0.666914,0.138588,0.507116,0.410367
24.220,0.666438,0.136880,0.506270,0.411211
24.230,0.669256,0.137274,0.511395,0.409309
24.240,0.671376,0.138210,0.513020,0.410432
24.250,0.674660,0.139158,0.520300,0.406311
24.260,0.664891,0.139157,0.510560,0.402548
24.270,0.656662,0.139124,0.497799,0.405025
24.280,0.655837,0.135909,0.490630,0.413441
24.290,0.652580,0.136086,0.490076,0.408860
24.300,0.648274,0.135816,0.489731,0.402464
24.310,0.647421,0.134565,0.484005,0.408394
24.320,0.647300,0.135090,0.484693,0.407211
24.330,0.648803,0.135230,0.486481,0.407425
24.340,0.651722,0.134211,0.489319,0.409018
24.350,0.648614,0.134247,0.482952,0.411625
24.360,0.642422,0.132367,0.479650,0.406351
24.370,0.634420,0.129011,0.472592,0.403114
24.380,0.633921,0.132409,0.471512,0.402492
24.390,0.638975,0.132613,0.478653,0.401987
24.400,0.647030,0.133095,0.493514,0.396709
24.410,0.643037,0.132962,0.491647,0.392557
24.420,0.634239,0.132988,0.477661,0.395491
24.430,0.642964,0.132901,0.482717,0.403391
24.440,0.639048,0.131619,0.477787,0.403458
24.450,0.630403,0.131661,0.465743,0.403926
24.460,0.624695,0.118848,0.456081,0.410011
24.470,0.622025,0.118878,0.458594,0.403082
24.480,0.617091,0.101983,0.464046,0.393780
24.490,0.611209,0.095110,0.466415,0.383390
24.500,0.613051,0.095068,0.468741,0.383505
24.510,0.626114,0.092041,0.489770,0.379041
24.520,0.627644,0.090007,0.495849,0.374126
24.530,0.616483,0.090624,0.481010,0.374790
24.540,0.611486,0.089589,0.459949,0.392856
24.550,0.608654,0.089897,0.454713,0.394480
24.560,0.607291,0.089869,0.459823,0.386379
24.570,0.610495,0.089895,0.458184,0.393306
24.580,0.609826,0.086534,0.459062,0.391996
24.590,0.618771,0.087419,0.470200,0.392616
24.600,0.616961,0.087359,0.474834,0.384112
24.610,0.615159,0.085468,0.474106,0.382543
24.620,0.601541,0.085781,0.456235,0.382549
24.630,0.601068,0.085107,0.455767,0.382513
24.640,0.605766,0.083940,0.460833,0.384108
24.650,0.614923,0.084002,0.459918,0.399437
24.660,0.613033,0.083383,0.457779,0.399118
24.670,0.610668,0.083282,0.453970,0.399863
24.680,0.613576,0.082622,0.463397,0.393589
24.690,0.604348,0.083553,0.461926,0.380631
24.700,0.608133,0.085454,0.465603,0.381756
24.710,0.608136,0.085712,0.466608,0.380473
24.720,0.607199,0.086102,0.471136,0.373241
24.730,0.600677,0.085658,0.464710,0.370838
24.740,0.602489,0.084590,0.462401,0.376859
24.750,0.599119,0.083450,0.458375,0.376658
24.760,0.602199,0.083821,0.459890,0.379629
24.770,0.613487,0.086629,0.470262,0.384337
24.780,0.612696,0.087630,0.473350,0.379021
24.790,0.616930,0.087325,0.471917,0.387649
24.800,0.618621,0.088855,0.477396,0.383262
24.810,0.611741,0.087951,0.477513,0.372119
24.820,0.614704,0.087271,0.483874,0.368933
24.830,0.612356,0.087267,0.480175,0.369860
24.840,0.620729,0.086944,0.490804,0.369942
24.850,0.618821,0.086668,0.488486,0.369876
24.860,0.615422,0.086663,0.481552,0.373285
24.870,0.619841,0.090618,0.482031,0.378995
24.880,0.629198,0.087679,0.496824,0.375991
24.890,0.624130,0.087736,0.490174,0.376258
24.900,0.614370,0.089867,0.475536,0.378470
24.910,0.622890,0.092535,0.485883,0.378612
24.920,0.623362,0.092470,0.489641,0.374542
24.930,0.615550,0.096099,0.484954,0.366723
24.940,0.621321,0.100219,0.491804,0.366231
24.950,0.625093,0.108455,0.496034,0.364595
24.960,0.622101,0.108432,0.495812,0.359752
24.970,0.619149,0.108226,0.492824,0.358827
24.980,0.627899,0.108978,0.489806,0.377453
24.990,0.630790,0.109393,0.488826,0.383379
25.000,0.634382,0.112172,0.493047,0.383097
25.010,0.624491,0.112496,0.480370,0.382855
25.020,0.621529,0.110997,0.476733,0.383020
25.030,0.630878,0.111974,0.488871,0.382719
25.040,0.622442,0.111065,0.494209,0.361740
25.050,0.634391,0.113190,0.498394,0.375823
25.060,0.633053,0.115109,0.495886,0.376302
25.070,0.633806,0.115198,0.501534,0.370006
25.080,0.639950,0.114850,0.500099,0.382421
25.090,0.631455,0.114018,0.491975,0.379073
25.100,0.637712,0.114571,0.501053,0.377488
25.110,0.640866,0.112759,0.501153,0.383198
25.120,0.645143,0.112686,0.505697,0.384424
25.130,0.647078,0.112381,0.508485,0.384087
25.140,0.650892,0.112242,0.510834,0.387441
25.150,0.643224,0.111959,0.511918,0.373019
25.160,0.649120,0.113097,0.512889,0.381459
25.170,0.656047,0.113653,0.517768,0.386519
25.180,0.648098,0.113699,0.509015,0.384716
25.190,0.655788,0.113408,0.517995,0.385846
25.200,0.654484,0.110234,0.512331,0.392065
25.210,0.649215,0.111097,0.505340,0.392133
25.220,0.648614,0.111658,0.500567,0.397070
25.230,0.656073,0.111643,0.500514,0.409211
25.240,0.653850,0.111177,0.502417,0.403407
25.250,0.664592,0.110514,0.516479,0.403385
25.260,0.670079,0.112396,0.521043,0.406062
25.270,0.653508,0.111101,0.506825,0.397313
25.280,0.649827,0.109763,0.504230,0.394943
25.290,0.654573,0.109960,0.515107,0.388637
25.300,0.649543,0.108840,0.508145,0.389679
25.310,0.659272,0.109633,0.519391,0.390964
25.320,0.674603,0.109157,0.537443,0.392848
25.330,0.668238,0.111841,0.530037,0.391273
25.340,0.659226,0.112744,0.520558,0.388443
25.350,0.663197,0.113966,0.520611,0.394723
25.360,0.657773,0.114089,0.517843,0.389214
25.370,0.659691,0.113045,0.516698,0.394254
25.380,0.653462,0.109584,0.507380,0.396949
25.390,0.650756,0.109782,0.510128,0.388845
25.400,0.648152,0.106815,0.507873,0.388274
25.410,0.641455,0.106152,0.499398,0.388328
25.420,0.631114,0.106392,0.484273,0.390468
25.430,0.633589,0.104321,0.488334,0.389976
25.440,0.635879,0.099252,0.492322,0.390013
25.450,0.630154,0.091690,0.488722,0.387089
25.460,0.634283,0.092046,0.492601,0.388827
25.470,0.637821,0.093168,0.496257,0.389698
25.480,0.622270,0.092844,0.494602,0.366017
25.490,0.628285,0.095521,0.503461,0.363517
25.500,0.630501,0.095463,0.505343,0.364755
25.510,0.643227,0.095359,0.520444,0.365768
25.520,0.647271,0.094844,0.518700,0.375387
25.530,0.643123,0.093144,0.512748,0.376856
25.540,0.638812,0.094758,0.509882,0.372991
25.550,0.630485,0.089562,0.507790,0.362822
25.560,0.639458,0.087486,0.516017,0.367394
25.570,0.625267,0.089880,0.512145,0.347259
25.580,0.621773,0.093574,0.514716,0.336024
25.590,0.626402,0.093306,0.512390,0.348037
25.600,0.621997,0.092289,0.499626,0.358798
25.610,0.635333,0.091705,0.519277,0.354387
25.620,0.626272,0.093637,0.509737,0.351591
25.630,0.621061,0.092822,0.500112,0.356354
25.640,0.617470,0.093013,0.494184,0.358329
25.650,0.625111,0.095429,0.504770,0.356180
25.661,0.616047,0.097605,0.504327,0.340060
25.670,0.610841,0.096938,0.500303,0.336789
25.680,0.617811,0.097487,0.509458,0.335618
25.690,0.607294,0.097257,0.500592,0.329779
25.700,0.605151,0.100283,0.502867,0.321365
25.710,0.608283,0.098498,0.504575,0.325132
25.720,0.617635,0.098570,0.519195,0.319677
25.730,0.612986,0.098708,0.521623,0.306459
25.740,0.608820,0.098810,0.512527,0.313392
25.750,0.598504,0.098361,0.497119,0.318442
25.760,0.591668,0.096437,0.490967,0.315789
25.770,0.596870,0.096475,0.494793,0.319571
25.780,0.596313,0.096310,0.495469,0.317528
25.790,0.586584,0.096801,0.483173,0.318205
25.800,0.584610,0.095984,0.485958,0.310485
25.810,0.583954,0.100907,0.483243,0.311924
25.820,0.559942,0.100466,0.455678,0.309514
25.830,0.580293,0.097323,0.480409,0.310604
25.840,0.587354,0.097039,0.490723,0.307829
25.850,0.582874,0.099108,0.491118,0.297864
25.860,0.586085,0.098370,0.491144,0.304296
25.870,0.589061,0.098175,0.496151,0.301974
25.880,0.588291,0.099099,0.493373,0.304711
25.890,0.590279,0.098818,0.496366,0.303784
25.900,0.589740,0.099715,0.496441,0.302318
25.910,0.592373,0.098228,0.496178,0.308325
25.920,0.607038,0.098112,0.515519,0.305139
25.930,0.615290,0.100047,0.525581,0.303870
25.940,0.605129,0.101051,0.513458,0.303858
25.950,0.604505,0.100445,0.514484,0.301071
25.960,0.610910,0.103612,0.517678,0.307385
25.970,0.609157,0.101916,0.515072,0.308845
25.980,0.610644,0.101086,0.517647,0.307749
25.990,0.608658,0.099108,0.510598,0.316122
26.000,0.618344,0.101480,0.508487,0.336886
26.010,0.604886,0.103110,0.492074,0.336331
26.020,0.600311,0.105110,0.491846,0.327739
26.030,0.603937,0.104899,0.497760,0.325532
26.040,0.605895,0.107065,0.499644,0.325578
26.050,0.642578,0.107569,0.543382,0.325685
26.060,0.632090,0.109050,0.535278,0.318001
26.070,0.636285,0.111317,0.534878,0.326147
26.080,0.636632,0.109945,0.531655,0.332498
26.090,0.651122,0.109106,0.548968,0.332700
26.100,0.652429,0.117783,0.555371,0.321486
26.110,0.642154,0.117155,0.543476,0.321357
26.120,0.648482,0.120167,0.543912,0.332036
26.130,0.658609,0.122416,0.543801,0.350801
26.140,0.657359,0.124891,0.544531,0.346422
26.150,0.648601,0.125399,0.530351,0.351691
26.160,0.648431,0.124749,0.529734,0.352536
26.170,0.648709,0.127480,0.529148,0.352950
26.180,0.664592,0.126010,0.546172,0.357073
26.190,0.667380,0.125339,0.550033,0.356580
26.200,0.667425,0.124329,0.548491,0.359383
26.210,0.662951,0.125189,0.545609,0.355166
26.220,0.673090,0.123478,0.557332,0.356628
26.230,0.691530,0.126428,0.577811,0.358279
26.240,0.689377,0.129205,0.578265,0.352357
26.250,0.693248,0.129094,0.582259,0.353415
26.260,0.693549,0.131994,0.582531,0.352484
26.270,0.690021,0.141949,0.578353,0.348550
26.280,0.697591,0.148595,0.580120,0.357790
26.290,0.697033,0.150146,0.580116,0.356057
26.300,0.695070,0.151001,0.577972,0.355343
26.310,0.690203,0.148950,0.574508,0.352328
26.320,0.703953,0.149027,0.585773,0.360848
26.330,0.698427,0.151572,0.571657,0.371531
26.340,0.694845,0.152770,0.566353,0.372444
26.350,0.694874,0.155343,0.565569,0.372626
26.360,0.695845,0.155180,0.568921,0.369390
26.370,0.697444,0.159408,0.569602,0.369556
26.380,0.703545,0.166250,0.569530,0.378117
26.390,0.711177,0.167930,0.578081,0.378675
26.400,0.717663,0.167792,0.585003,0.380338
26.410,0.721356,0.167759,0.588971,0.381215
26.420,0.706387,0.167350,0.565397,0.388977
26.430,0.699662,0.167315,0.557131,0.388764
26.440,0.704544,0.171506,0.561692,0.389191
26.450,0.707332,0.171497,0.561127,0.395023
26.460,0.708033,0.171269,0.557908,0.400895
26.470,0.714331,0.171457,0.556144,0.414216
26.480,0.718412,0.172288,0.554207,0.423423
26.490,0.727080,0.171574,0.568249,0.419882
26.500,0.711589,0.173017,0.560141,0.403319
26.510,0.714060,0.173407,0.554901,0.414604
26.520,0.715402,0.172464,0.555647,0.416309
26.530,0.723785,0.171958,0.565650,0.417536
26.540,0.732776,0.170861,0.574606,0.421421
26.550,0.705707,0.173618,0.538242,0.422107
26.560,0.700357,0.172394,0.531661,0.422039
26.570,0.702856,0.168740,0.539915,0.417164
26.580,0.711629,0.169116,0.553354,0.414265
26.590,0.692057,0.169609,0.537649,0.401384
26.600,0.688180,0.170065,0.530639,0.403846
26.610,0.694455,0.170245,0.529621,0.415676
26.620,0.700450,0.168815,0.538359,0.415092
26.630,0.687872,0.167914,0.539038,0.392951
26.640,0.687074,0.166719,0.537395,0.394312
26.650,0.692594,0.165718,0.537550,0.404060
26.660,0.695604,0.164928,0.540929,0.405042
26.670,0.705650,0.164665,0.552292,0.407186
26.680,0.692367,0.164683,0.529773,0.414236
26.690,0.688872,0.164838,0.525190,0.414184
26.700,0.694971,0.185715,0.525464,0.415190
26.710,0.704618,0.186293,0.529126,0.426389
26.720,0.709453,0.219054,0.510259,0.441559
26.730,0.689066,0.222881,0.481062,0.440130
26.740,0.693022,0.236056,0.480658,0.439914
26.750,0.691130,0.235988,0.479461,0.438279
26.760,0.703577,0.235234,0.497203,0.438720
26.770,0.711317,0.234588,0.495132,0.453635
26.780,0.717469,0.236652,0.494495,0.462852
26.790,0.723268,0.237460,0.494581,0.471296
26.800,0.733621,0.244539,0.502677,0.475097
26.810,0.747312,0.245112,0.522149,0.475138
26.820,0.734452,0.245109,0.509842,0.468404
26.830,0.720285,0.244110,0.497067,0.460591
26.840,0.722553,0.244456,0.500723,0.460001
26.850,0.739735,0.243682,0.515886,0.470839
26.860,0.754541,0.246524,0.528998,0.478247
26.870,0.749354,0.242471,0.526217,0.475221
26.880,0.743123,0.241016,0.528271,0.463759
26.890,0.735909,0.243617,0.515786,0.464949
26.900,0.732153,0.245661,0.510248,0.464054
26.910,0.728747,0.249164,0.506722,0.460675
26.920,0.733907,0.249367,0.520360,0.453498
26.930,0.735017,0.251091,0.520239,0.454482
26.940,0.739454,0.252176,0.526523,0.453843
26.950,0.746384,0.254785,0.526989,0.463094
26.960,0.744856,0.259819,0.527209,0.457554
26.970,0.737123,0.259816,0.525678,0.446664
26.980,0.734976,0.261913,0.527954,0.439154
26.990,0.739202,0.262326,0.510022,0.466350
27.000,0.746875,0.260107,0.506064,0.483803
27.010,0.747743,0.259119,0.512393,0.478988
27.020,0.760900,0.259359,0.533076,0.477003
27.030,0.753851,0.259567,0.522141,0.477793
27.040,0.745353,0.261069,0.508083,0.478795
27.050,0.750116,0.257995,0.512261,0.483428
27.060,0.754780,0.259470,0.518306,0.483453
27.070,0.756398,0.261183,0.519950,0.483295
27.080,0.749554,0.263268,0.509597,0.482526
27.090,0.754308,0.263596,0.510905,0.488338
27.100,0.751918,0.258602,0.508209,0.490132
27.110,0.748238,0.257946,0.511870,0.480951
27.120,0.739424,0.257797,0.505034,0.474584
27.130,0.743607,0.257925,0.508241,0.477616
27.140,0.747710,0.255634,0.513622,0.479494
27.150,0.741315,0.255693,0.513560,0.469494
27.160,0.748921,0.255550,0.525923,0.467954
27.170,0.743790,0.255449,0.521964,0.464245
27.180,0.740354,0.256486,0.521411,0.458770
27.190,0.742221,0.257408,0.523136,0.459306
27.200,0.742761,0.236994,0.535146,0.457326
27.210,0.746089,0.233767,0.550467,0.446081
27.220,0.725237,0.190184,0.549669,0.433201
27.230,0.725986,0.176481,0.555405,0.432937
27.240,0.720713,0.140454,0.559315,0.432280
27.250,0.716252,0.136756,0.555945,0.430395
27.260,0.713732,0.132418,0.545031,0.441385
27.270,0.718228,0.133253,0.552742,0.438829
27.280,0.706272,0.130762,0.550217,0.423064
27.290,0.700805,0.129960,0.551567,0.412326
27.300,0.695027,0.126468,0.542222,0.416009
27.310,0.695320,0.128139,0.528278,0.433558
27.320,0.695176,0.125981,0.528592,0.433577
27.330,0.694803,0.128116,0.528703,0.432216
27.340,0.696485,0.133394,0.525663,0.437008
27.350,0.677972,0.133488,0.510380,0.425840
27.360,0.687057,0.133065,0.531773,0.414196
27.370,0.695010,0.133970,0.541272,0.414869
27.380,0.690998,0.130994,0.536257,0.415630
27.390,0.689533,0.129039,0.536618,0.413334
27.400,0.694427,0.128922,0.535263,0.423203
27.410,0.706639,0.128697,0.552125,0.421822
27.420,0.697229,0.128397,0.537941,0.424572
27.430,0.701293,0.127807,0.539810,0.429048
27.440,0.702828,0.127351,0.531610,0.441747
27.450,0.690814,0.125497,0.528390,0.426942
27.460,0.700811,0.118741,0.527812,0.445478
27.470,0.700580,0.125369,0.527269,0.443940
27.480,0.700761,0.124465,0.527895,0.443735
27.490,0.703457,0.129529,0.555243,0.412044
27.500,0.706597,0.129701,0.575565,0.388821
27.510,0.701271,0.129692,0.571388,0.385328
27.520,0.692582,0.131862,0.551112,0.398193
27.530,0.691534,0.132648,0.544540,0.405094
27.540,0.690145,0.129978,0.543857,0.404505
27.550,0.685704,0.131709,0.541175,0.399965
27.560,0.692594,0.128334,0.548597,0.402812
27.570,0.692434,0.127959,0.550370,0.400231
27.580,0.690196,0.123070,0.548086,0.401031
27.590,0.687139,0.122266,0.547926,0.396218
27.600,0.698004,0.127451,0.560205,0.396405
27.610,0.698036,0.127910,0.559590,0.397181
27.620,0.708487,0.126199,0.557976,0.417961
27.630,0.716248,0.125435,0.555775,0.434042
27.640,0.715130,0.123801,0.552854,0.436391
27.650,0.733312,0.123726,0.571079,0.443066
27.660,0.721263,0.123783,0.554918,0.443806
27.670,0.718643,0.127743,0.550297,0.444189
27.680,0.725284,0.127728,0.559866,0.443026
27.690,0.727062,0.127818,0.561883,0.443360
27.700,0.717389,0.129171,0.548834,0.443557
27.710,0.709240,0.128440,0.532736,0.450241
27.720,0.707431,0.129810,0.533187,0.446453
27.730,0.704914,0.129329,0.525993,0.451121
27.740,0.712271,0.129534,0.531970,0.455586
27.750,0.739453,0.128168,0.566077,0.458171
27.760,0.732574,0.131102,0.567041,0.444905
27.770,0.723548,0.130911,0.563801,0.434181
27.780,0.730121,0.131025,0.563835,0.444971
27.790,0.730189,0.136891,0.563132,0.444207
27.800,0.726834,0.132749,0.565303,0.437148
27.810,0.713265,0.132731,0.559958,0.421398
27.820,0.718222,0.133695,0.564998,0.422784
27.830,0.731760,0.133119,0.582671,0.422192
27.840,0.731243,0.122568,0.584810,0.421534
27.850,0.735433,0.119242,0.583987,0.430816
27.860,0.722976,0.119202,0.550901,0.452762
27.870,0.739855,0.122750,0.565252,0.461312
27.880,0.745452,0.123424,0.570362,0.463845
27.890,0.748701,0.123392,0.569955,0.469553
27.900,0.752223,0.123534,0.569948,0.475119
27.910,0.744502,0.129356,0.554988,0.479103
27.920,0.746533,0.128799,0.558874,0.477894
27.930,0.744894,0.128985,0.557187,0.477255
27.940,0.736577,0.128801,0.557780,0.463506
27.950,0.741146,0.128579,0.563367,0.464093
27.960,0.737064,0.133694,0.568628,0.449502
27.970,0.737413,0.132960,0.568436,0.450534
27.980,0.732799,0.131693,0.563194,0.449960
27.990,0.735751,0.128786,0.567771,0.449866
28.000,0.724564,0.128819,0.553116,0.449958
28.010,0.724796,0.136497,0.553492,0.447599
28.020,0.720677,0.135672,0.552585,0.442288
28.030,0.735485,0.136503,0.578186,0.433598
28.040,0.746936,0.136517,0.594245,0.431450
28.050,0.747074,0.139116,0.594162,0.430973
28.060,0.746436,0.139313,0.585656,0.441322
28.070,0.749135,0.136182,0.576084,0.459113
28.080,0.749948,0.135401,0.577672,0.458677
28.090,0.749275,0.136509,0.577801,0.457082
28.100,0.742222,0.131201,0.568388,0.458929
28.110,0.748692,0.131460,0.569425,0.467989
28.120,0.740981,0.130068,0.571454,0.453405
28.130,0.734051,0.130050,0.580966,0.429413
28.140,0.739423,0.129533,0.589367,0.427332
28.150,0.729904,0.129564,0.573349,0.432716
28.160,0.734002,0.129323,0.573434,0.439554
28.170,0.748334,0.123622,0.593586,0.438608
28.180,0.744796,0.117185,0.590022,0.439160
28.190,0.741664,0.117946,0.585983,0.439065
28.200,0.744546,0.117487,0.585391,0.444817
28.210,0.743654,0.117333,0.588114,0.439746
28.220,0.749951,0.119032,0.594515,0.441371
28.230,0.747719,0.118194,0.596050,0.435704
28.240,0.748546,0.116020,0.587147,0.449577
28.250,0.726956,0.115823,0.554405,0.455725
28.260,0.722716,0.111547,0.550432,0.454863
28.270,0.730994,0.111782,0.561573,0.454414
28.280,0.739734,0.111871,0.569974,0.458063
28.290,0.742546,0.108086,0.569549,0.464011
28.300,0.744181,0.107447,0.570848,0.465181
28.310,0.761647,0.107139,0.594422,0.463993
28.320,0.763381,0.110137,0.596582,0.463370
28.330,0.749517,0.110245,0.579082,0.462910
28.340,0.745515,0.109890,0.577004,0.459111
28.350,0.746733,0.110959,0.584645,0.451097
28.360,0.744519,0.115034,0.597678,0.428786
28.370,0.721609,0.113637,0.576739,0.418544
28.380,0.723422,0.111373,0.573510,0.426639
28.390,0.726844,0.111716,0.573559,0.432264
28.400,0.724362,0.111053,0.583200,0.415025
28.410,0.734335,0.107017,0.599407,0.410494
28.420,0.742583,0.107030,0.608272,0.412286
28.430,0.749076,0.107031,0.611704,0.418901
28.440,0.757920,0.106846,0.620281,0.422231
28.450,0.775107,0.108565,0.641223,0.421708
28.460,0.781959,0.107162,0.650883,0.419912
28.470,0.781469,0.105584,0.652505,0.416872
28.480,0.784487,0.105385,0.651968,0.423382
28.490,0.766728,0.105239,0.626153,0.429801
28.500,0.765641,0.106633,0.624661,0.429692
28.510,0.769944,0.096918,0.631237,0.430070
28.520,0.774736,0.096713,0.630757,0.439326
28.530,0.764153,0.096931,0.608214,0.452337
28.540,0.752332,0.097806,0.592656,0.452987
28.550,0.770564,0.093756,0.616856,0.452180
28.560,0.770427,0.095664,0.626723,0.437750
28.570,0.762554,0.097912,0.627190,0.422533
28.580,0.762707,0.101442,0.624297,0.426244
28.590,0.771075,0.099486,0.629667,0.433796
28.600,0.773169,0.097845,0.637290,0.426706
28.610,0.767232,0.101036,0.637653,0.414530
28.620,0.768391,0.103764,0.635355,0.419502
28.630,0.772427,0.105977,0.626914,0.438625
28.640,0.764823,0.109147,0.617085,0.438460
28.650,0.762734,0.109310,0.616972,0.434924
28.660,0.760708,0.110639,0.614280,0.434852
28.670,0.745495,0.112910,0.594889,0.434881
28.680,0.747696,0.111475,0.598320,0.434323
28.690,0.757765,0.109459,0.610206,0.435747
28.700,0.755447,0.109159,0.610515,0.431342
28.710,0.752998,0.109083,0.607255,0.431681
28.720,0.766030,0.104005,0.624666,0.431020
28.730,0.782211,0.103555,0.644814,0.430517
28.740,0.775329,0.109396,0.647743,0.411820
28.750,0.777278,0.109788,0.648295,0.414514
28.760,0.787365,0.108227,0.646038,0.436881
28.770,0.789588,0.110467,0.646383,0.439813
28.780,0.781502,0.112722,0.645590,0.425737
28.790,0.779679,0.112735,0.646903,0.420365
28.800,0.781181,0.113065,0.643118,0.428788
28.810,0.765177,0.114466,0.621826,0.430958
28.820,0.760057,0.112855,0.614677,0.432578
28.830,0.767045,0.111510,0.623479,0.432663
28.840,0.769450,0.112251,0.623780,0.436294
28.850,0.779865,0.111689,0.632355,0.442540
28.860,0.784989,0.108456,0.634905,0.448711
28.870,0.786076,0.110348,0.633649,0.451917
28.881,0.777077,0.110353,0.632506,0.437730
28.890,0.776906,0.110352,0.638345,0.428860
28.900,0.779802,0.109424,0.643025,0.427359
28.910,0.769973,0.115106,0.630058,0.427360
28.920,0.759727,0.115809,0.618446,0.425791
28.930,0.760612,0.116195,0.616783,0.429660
28.940,0.750143,0.116192,0.607124,0.424987
28.950,0.737485,0.115876,0.589880,0.427200
28.960,0.733640,0.112497,0.587095,0.425313
28.970,0.735689,0.112078,0.586412,0.429881
28.980,0.732175,0.112131,0.586010,0.424381
28.990,0.730342,0.112240,0.586537,0.420448
29.000,0.739218,0.110938,0.595625,0.423518
29.010,0.743552,0.112507,0.595381,0.430969
29.020,0.743188,0.112880,0.595543,0.430018
29.030,0.744327,0.111600,0.597840,0.429133
29.040,0.749123,0.110809,0.599775,0.434944
29.050,0.733169,0.110511,0.579176,0.435752
29.060,0.722756,0.109926,0.564948,0.437180
29.070,0.723424,0.108766,0.567631,0.435095
29.080,0.721139,0.104163,0.569842,0.429502
29.090,0.713607,0.104832,0.562627,0.426257
29.100,0.702594,0.104988,0.549030,0.425655
29.110,0.702686,0.103008,0.548709,0.426702
29.120,0.718772,0.098046,0.574469,0.420721
29.130,0.717992,0.098929,0.585011,0.404337
29.140,0.716540,0.098887,0.585109,0.401620
29.150,0.716073,0.099401,0.584218,0.401956
29.160,0.716590,0.098852,0.588196,0.397183
29.170,0.721142,0.098923,0.593514,0.397494
29.180,0.716094,0.098992,0.587394,0.397440
29.190,0.711759,0.098300,0.575244,0.407470
29.200,0.714907,0.099058,0.576780,0.410613
29.210,0.713889,0.099218,0.576159,0.409676
29.220,0.703500,0.099162,0.563186,0.409757
29.230,0.704056,0.098563,0.564045,0.409675
29.240,0.701184,0.094185,0.560934,0.410050
29.250,0.698704,0.096585,0.560347,0.406042
29.260,0.700490,0.096135,0.575581,0.387492
29.270,0.708586,0.096004,0.588533,0.382760
29.280,0.707815,0.094886,0.587619,0.383019
29.290,0.712528,0.094834,0.588723,0.390009
29.300,0.712333,0.096465,0.589709,0.387757
29.310,0.711876,0.097691,0.590499,0.385403
29.320,0.718947,0.097459,0.595000,0.391615
29.330,0.719168,0.097510,0.591595,0.397126
29.340,0.715532,0.097001,0.591547,0.390703
29.350,0.697639,0.097190,0.574428,0.383779
29.360,0.679512,0.096907,0.557790,0.375787
29.370,0.688681,0.094728,0.569578,0.375351
29.380,0.691345,0.097018,0.572308,0.375510
29.390,0.688398,0.096605,0.567839,0.376986
29.400,0.677857,0.098292,0.554098,0.377894
29.410,0.674657,0.092164,0.550363,0.379168
29.420,0.683302,0.091204,0.559110,0.382073
29.430,0.683958,0.090732,0.564826,0.374885
29.440,0.682783,0.090989,0.563597,0.374529
29.450,0.678470,0.089285,0.556269,0.378040
29.460,0.680623,0.096981,0.543882,0.397537
29.470,0.685436,0.096433,0.545752,0.403334
29.480,0.684841,0.096367,0.545745,0.402346
29.490,0.701152,0.096356,0.566334,0.401989
29.500,0.698995,0.095856,0.565836,0.399044
29.510,0.688656,0.096260,0.558904,0.390650
29.520,0.683658,0.096250,0.557762,0.383441
29.530,0.683464,0.095711,0.562599,0.376091
29.540,0.696350,0.094849,0.582413,0.369732
29.550,0.693961,0.095055,0.579570,0.369656
29.560,0.699980,0.094731,0.581951,0.377268
29.570,0.709089,0.095277,0.580903,0.395324
29.580,0.707138,0.095138,0.578111,0.395955
29.590,0.711759,0.093984,0.584722,0.394802
29.600,0.715407,0.095543,0.590618,0.392237
29.610,0.713747,0.095712,0.588143,0.392889
29.620,0.690775,0.095460,0.559721,0.393408
29.630,0.686337,0.090690,0.556468,0.391379
29.640,0.696635,0.088810,0.569524,0.391224
29.650,0.693140,0.092006,0.569895,0.383664
29.660,0.694665,0.092182,0.566066,0.391959
29.670,0.693782,0.087317,0.557956,0.402982
29.680,0.694498,0.087015,0.557260,0.405237
29.690,0.703227,0.088113,0.576762,0.392569
29.700,0.702032,0.088174,0.577958,0.388638
29.710,0.704975,0.089030,0.577553,0.394330
29.720,0.693508,0.089050,0.562564,0.395659
29.730,0.684195,0.092259,0.549488,0.397082
29.740,0.701588,0.092320,0.571687,0.396077
29.750,0.700595,0.088176,0.575966,0.389001
29.760,0.691761,0.088323,0.567207,0.386016
29.770,0.674477,0.086379,0.542743,0.391009
29.780,0.674670,0.087838,0.540157,0.394582
29.790,0.676742,0.087445,0.548211,0.387036
29.800,0.670484,0.083638,0.547241,0.378260
29.810,0.674013,0.083359,0.546824,0.385135
29.820,0.667573,0.086058,0.542597,0.379259
29.830,0.668907,0.087028,0.546786,0.375349
29.840,0.685415,0.098532,0.558916,0.384315
29.850,0.690083,0.100629,0.561326,0.388589
29.860,0.693830,0.100332,0.559129,0.398383
29.870,0.686470,0.099948,0.547545,0.401803
29.881,0.685694,0.100484,0.546605,0.401624
29.891,0.694276,0.100328,0.558338,0.400265
29.900,0.697305,0.097220,0.562572,0.400369
29.910,0.697396,0.097206,0.561986,0.401353
29.920,0.685615,0.097581,0.552983,0.393389
29.930,0.682639,0.098178,0.553499,0.387292
29.940,0.699332,0.099281,0.571904,0.390043
29.950,0.695768,0.103739,0.570323,0.384789
29.960,0.686530,0.098923,0.573405,0.364341
29.970,0.683125,0.098499,0.573547,0.357773
29.980,0.682654,0.098524,0.574284,0.355679
29.990,0.667748,0.098504,0.554259,0.359139
30.000,0.655808,0.098574,0.539144,0.360126
30.010,0.657285,0.097168,0.541386,0.359839
30.020,0.654254,0.097201,0.544069,0.350127
30.030,0.645687,0.096743,0.536953,0.345303
30.040,0.637598,0.098206,0.523840,0.349970
30.050,0.637684,0.106937,0.521901,0.350465
30.060,0.634209,0.108049,0.521990,0.343617
30.070,0.629470,0.107732,0.522888,0.333489
30.080,0.629348,0.107848,0.523454,0.332330
30.090,0.634791,0.108018,0.530553,0.331369
30.100,0.641014,0.107198,0.536499,0.334030
30.110,0.641074,0.106863,0.537382,0.332831
30.120,0.640550,0.108050,0.537628,0.331038
30.130,0.636361,0.109784,0.530948,0.333162
30.140,0.640970,0.110090,0.534455,0.336275
30.150,0.646551,0.108556,0.541549,0.336107
30.160,0.645896,0.108556,0.550043,0.320701
30.170,0.657438,0.108699,0.570269,0.308551
30.180,0.653543,0.109665,0.567408,0.305189
30.190,0.643738,0.110556,0.551290,0.313458
30.200,0.648915,0.113130,0.547811,0.328932
30.210,0.651184,0.111743,0.552042,0.326808
30.220,0.656281,0.111733,0.558381,0.326237
30.230,0.644116,0.109244,0.546129,0.323565
30.240,0.630044,0.115782,0.523027,0.331652
30.250,0.630309,0.115829,0.520321,0.336362
30.260,0.622756,0.115694,0.513012,0.333555
30.270,0.620001,0.116541,0.513252,0.327707
30.280,0.615335,0.114437,0.510587,0.323793
30.290,0.620708,0.115340,0.512896,0.330018
30.300,0.644111,0.115572,0.539739,0.331970
30.310,0.643384,0.117399,0.541139,0.327611
30.320,0.643828,0.115192,0.544467,0.323730
30.330,0.635054,0.114040,0.535806,0.321249
30.340,0.620011,0.105261,0.524425,0.313548
30.350,0.620261,0.102357,0.521586,0.319679
30.360,0.618621,0.104013,0.528071,0.304981
30.370,0.628523,0.104925,0.543451,0.297812
30.380,0.630365,0.103646,0.545058,0.299214
30.390,0.627506,0.103992,0.534361,0.312101
30.400,0.631233,0.103995,0.535041,0.318389
30.410,0.631454,0.105649,0.535193,0.318028
30.420,0.633910,0.105009,0.537386,0.319424
30.430,0.627135,0.105354,0.529337,0.319377
30.440,0.612970,0.103798,0.514080,0.317300
30.450,0.616175,0.099218,0.515276,0.322984
30.460,0.611638,0.099285,0.510383,0.322108
30.470,0.609113,0.099692,0.509355,0.318808
30.480,0.610937,0.100458,0.510518,0.320192
30.490,0.618985,0.105471,0.508843,0.336299
30.500,0.624357,0.105215,0.511651,0.342001
30.510,0.623177,0.105270,0.509217,0.343462
30.520,0.634539,0.105013,0.523023,0.343597
30.530,0.631590,0.106413,0.520993,0.340806
30.540,0.624608,0.105337,0.517675,0.333245
30.550,0.624621,0.096739,0.517534,0.336082
30.560,0.624885,0.096176,0.520177,0.332637
30.570,0.620569,0.095526,0.520946,0.323413
30.580,0.619984,0.095456,0.520324,0.323312
30.590,0.618711,0.095143,0.513468,0.331817
30.600,0.619940,0.095160,0.502294,0.350672
30.610,0.620649,0.095001,0.501898,0.352531
30.621,0.627868,0.093658,0.511041,0.352538
30.630,0.628944,0.096682,0.512867,0.350985
30.640,0.616483,0.096285,0.495660,0.353697
30.650,0.611958,0.095297,0.487702,0.357152
30.661,0.611503,0.094928,0.486146,0.358590
30.670,0.601025,0.094801,0.472883,0.358645
30.680,0.605391,0.092917,0.477598,0.360229
30.690,0.604865,0.091022,0.473562,0.365124
30.700,0.607104,0.086879,0.474473,0.368649
30.710,0.605597,0.086787,0.470635,0.371105
30.720,0.607644,0.087877,0.474396,0.369401
30.730,0.612135,0.088171,0.479879,0.369663
30.740,0.606893,0.076943,0.480175,0.363085
30.750,0.606673,0.079476,0.479584,0.362953
30.761,0.608651,0.081638,0.482074,0.362485
30.770,0.617340,0.079577,0.491960,0.364351
30.780,0.618442,0.079772,0.493561,0.364012
30.790,0.612783,0.079175,0.483858,0.367580
30.800,0.600854,0.078229,0.458408,0.380485
30.811,0.608439,0.079643,0.459397,0.390909
30.821,0.618988,0.079373,0.473208,0.391051
30.830,0.624085,0.080971,0.477609,0.393466
30.840,0.623943,0.079905,0.476730,0.394524
30.850,0.627810,0.080366,0.476534,0.400753
30.860,0.622656,0.081666,0.469297,0.400989
30.870,0.610197,0.082140,0.452808,0.400698
30.881,0.619564,0.082127,0.465689,0.400310
30.891,0.615481,0.081862,0.462034,0.398296
30.901,0.615544,0.082463,0.465082,0.394706
30.911,0.614733,0.081223,0.464840,0.393984
30.920,0.622809,0.083104,0.475359,0.393724
30.930,0.628135,0.081406,0.477760,0.399590
30.941,0.632328,0.081369,0.482333,0.400715
30.950,0.638919,0.080737,0.493325,0.397906
30.960,0.646345,0.081369,0.498617,0.403141
30.970,0.645205,0.080691,0.498373,0.401750
30.981,0.648992,0.079138,0.499698,0.406485
30.990,0.642984,0.077165,0.504780,0.390731
31.000,0.650002,0.081445,0.517680,0.384548
31.011,0.667279,0.081914,0.538411,0.385571
31.020,0.663620,0.083120,0.522770,0.400243
31.030,0.671894,0.081848,0.527407,0.408147
31.040,0.667748,0.081844,0.521026,0.409537
31.050,0.681177,0.080957,0.540457,0.406638
31.060,0.686449,0.087229,0.544982,0.408164
31.068,0.681476,0.087514,0.539120,0.407554
31.081,0.687601,0.087469,0.541131,0.415117
31.091,0.682376,0.087464,0.533805,0.415980
31.098,0.672351,0.088724,0.534280,0.398407
31.109,0.674494,0.088738,0.538628,0.396167
31.119,0.672856,0.091905,0.531058,0.402823
31.130,0.675728,0.089223,0.530627,0.408758
31.139,0.673112,0.089232,0.531316,0.403510
31.150,0.676952,0.089264,0.537662,0.401516
31.159,0.679981,0.089536,0.541354,0.401614
31.170,0.673481,0.089561,0.532947,0.401900
31.179,0.674920,0.089703,0.536192,0.399961
31.190,0.683624,0.091260,0.550825,0.394469
31.199,0.672232,0.094150,0.551212,0.373090
31.210,0.674227,0.094241,0.549952,0.378488
31.219,0.673655,0.094531,0.545322,0.384057
31.230,0.682800,0.098141,0.555681,0.384451
31.239,0.692579,0.098133,0.567879,0.384121
31.250,0.697747,0.096639,0.567632,0.394088
31.259,0.701597,0.094318,0.565569,0.404320
31.270,0.693408,0.094510,0.555298,0.404384
31.279,0.698729,0.094617,0.562529,0.403523
31.289,0.697244,0.095723,0.563553,0.399242
31.300,0.685964,0.096077,0.559749,0.384704
31.310,0.684226,0.091812,0.565404,0.374239
31.319,0.677093,0.091788,0.556410,0.374750
31.330,0.673662,0.090976,0.553441,0.373158
31.339,0.677141,0.091006,0.555672,0.376120
31.350,0.677448,0.094713,0.564774,0.361932
31.359,0.697816,0.091882,0.590067,0.361007
31.369,0.706914,0.090564,0.598551,0.365051
31.379,0.704934,0.091429,0.586436,0.380350
31.390,0.711652,0.091471,0.587336,0.391304
31.399,0.708241,0.093061,0.581253,0.393815
31.410,0.713749,0.093039,0.588087,0.393617
31.419,0.706099,0.095306,0.578101,0.394070
31.430,0.702094,0.095156,0.576554,0.389186
31.439,0.697566,0.096148,0.568473,0.392673
31.450,0.686723,0.096321,0.555866,0.391565
31.460,0.680872,0.097490,0.552494,0.385788
31.470,0.681698,0.098096,0.551832,0.388034
31.479,0.685410,0.100453,0.549686,0.396914
31.490,0.697280,0.098135,0.561152,0.402091
31.500,0.687727,0.096424,0.549487,0.402163
31.510,0.676734,0.096625,0.537546,0.399596
31.520,0.673771,0.095831,0.542352,0.388121
31.530,0.671427,0.096510,0.543192,0.382679
31.539,0.676810,0.096617,0.550618,0.381519
31.550,0.661183,0.097087,0.531125,0.381632
31.559,0.654321,0.092277,0.521178,0.384701
31.570,0.660520,0.094721,0.523144,0.391964
31.579,0.663968,0.095032,0.532811,0.384622
31.590,0.668229,0.098846,0.544066,0.375169
31.599,0.673175,0.098417,0.545313,0.382248
31.610,0.682514,0.098792,0.540778,0.404506
31.620,0.684099,0.095466,0.541150,0.407473
31.630,0.678121,0.093685,0.538335,0.401579
31.640,0.683259,0.093673,0.544644,0.401784
31.650,0.678087,0.093672,0.538952,0.400696
31.660,0.672380,0.093276,0.532853,0.399327
31.670,0.673104,0.093238,0.533974,0.399059
31.680,0.669308,0.093653,0.529275,0.398836
31.690,0.662190,0.093494,0.517000,0.403070
31.700,0.671729,0.093140,0.522486,0.411767
31.710,0.678900,0.093547,0.537726,0.403738
31.720,0.682563,0.097433,0.542416,0.402719
31.730,0.677077,0.094592,0.532601,0.407212
31.740,0.676312,0.094570,0.520149,0.421781
31.750,0.672554,0.097309,0.520669,0.414445
31.759,0.672176,0.097630,0.528098,0.404229
31.770,0.679272,0.097521,0.535575,0.406274
31.780,0.674802,0.097410,0.525020,0.412582
31.790,0.676926,0.096432,0.525193,0.416055
31.799,0.676573,0.096739,0.524685,0.416051
31.810,0.675724,0.097486,0.523684,0.415757
31.820,0.675284,0.103999,0.517648,0.420992
31.830,0.679469,0.104097,0.522260,0.422003
31.840,0.681958,0.104121,0.529252,0.417275
31.850,0.677120,0.102390,0.522084,0.418850
31.860,0.660180,0.102051,0.495839,0.423753
31.870,0.657168,0.101721,0.489188,0.426870
31.880,0.653746,0.103418,0.497212,0.411665
31.890,0.655708,0.104006,0.512326,0.395801
31.900,0.660795,0.101604,0.517562,0.398066
31.910,0.666689,0.101637,0.512740,0.413814
31.920,0.677145,0.098382,0.518655,0.424080
31.930,0.678401,0.099712,0.518497,0.425966
31.940,0.678669,0.099674,0.523004,0.420861
31.950,0.679582,0.104055,0.522997,0.421282
31.960,0.681655,0.102852,0.525736,0.421516
31.970,0.684580,0.103238,0.528601,0.422579
31.980,0.674963,0.100754,0.528763,0.407227
31.990,0.662164,0.100774,0.514038,0.405057
32.000,0.659878,0.099676,0.511189,0.405203
32.010,0.667242,0.100185,0.510611,0.417673
32.020,0.678663,0.101768,0.518022,0.426473
32.030,0.674585,0.101175,0.515267,0.423473
32.040,0.671107,0.101119,0.509617,0.424794
32.050,0.672271,0.102436,0.510549,0.425199
32.060,0.674656,0.102468,0.516895,0.421285
32.070,0.675005,0.099579,0.522109,0.416073
32.080,0.667804,0.100143,0.509965,0.419368
32.090,0.662516,0.098841,0.497797,0.425859
32.100,0.659522,0.098548,0.496050,0.423311
32.110,0.660951,0.097918,0.517060,0.399897
32.120,0.669032,0.100144,0.531045,0.394420
32.130,0.670900,0.101554,0.532034,0.395897
32.140,0.671437,0.101519,0.524071,0.407273
32.150,0.676627,0.101924,0.526746,0.412278
32.160,0.684768,0.102368,0.536905,0.412506
32.170,0.689516,0.102369,0.542366,0.413270
32.180,0.694307,0.102210,0.541905,0.421846
32.190,0.696795,0.102047,0.542727,0.424919
32.200,0.687173,0.102273,0.536295,0.417295
32.210,0.679303,0.101645,0.525362,0.418468
32.220,0.669594,0.100671,0.515118,0.415783
32.230,0.665791,0.099590,0.512657,0.412967
32.240,0.659115,0.100800,0.515665,0.397947
32.250,0.655583,0.097319,0.514295,0.394739
32.260,0.651086,0.097645,0.508584,0.394614
32.270,0.647203,0.098496,0.501743,0.396767
32.280,0.652284,0.099163,0.503237,0.402981
32.290,0.655560,0.098868,0.509263,0.400793
32.300,0.655272,0.098104,0.509919,0.399674
32.310,0.649981,0.097684,0.503936,0.398726
32.320,0.645443,0.091975,0.503445,0.393293
32.330,0.650316,0.091729,0.510995,0.391638
32.340,0.646211,0.092517,0.506402,0.390623
32.350,0.650265,0.092087,0.507735,0.395690
32.360,0.652053,0.093830,0.506021,0.400388
32.370,0.657163,0.093668,0.515336,0.396886
32.380,0.664133,0.093343,0.523449,0.397946
32.390,0.652342,0.092852,0.509302,0.396913
32.400,0.642207,0.095569,0.500687,0.390652
32.410,0.630148,0.095338,0.498816,0.373068
32.420,0.630382,0.098032,0.500601,0.370364
32.430,0.643958,0.100286,0.518489,0.368502
32.440,0.644565,0.101765,0.518207,0.369552
32.450,0.646987,0.098025,0.518650,0.374146
32.460,0.643469,0.098088,0.514012,0.374464
32.470,0.657424,0.098052,0.532222,0.373272
32.480,0.668077,0.100480,0.543184,0.375742
32.490,0.673818,0.099928,0.540271,0.390067
32.500,0.682600,0.100573,0.539315,0.406161
32.510,0.676283,0.099246,0.539402,0.395670
32.520,0.677464,0.098414,0.549915,0.383231
32.530,0.679256,0.097916,0.551309,0.384525
32.540,0.679404,0.098818,0.549492,0.387149
32.550,0.678438,0.096850,0.548557,0.387278
32.560,0.684375,0.097712,0.555517,0.387585
32.570,0.694707,0.097536,0.570644,0.384018
32.580,0.693301,0.097041,0.570418,0.381933
32.590,0.692764,0.097914,0.572216,0.378026
32.600,0.695285,0.097571,0.574897,0.378674
32.610,0.693831,0.097698,0.571123,0.381675
32.620,0.681062,0.097478,0.557823,0.378388
32.630,0.685297,0.096747,0.559662,0.383471
32.640,0.689002,0.098239,0.559266,0.390249
32.650,0.686171,0.100426,0.557669,0.386976
32.660,0.675287,0.100028,0.543271,0.388410
32.670,0.670383,0.099997,0.538148,0.387055
32.680,0.673835,0.108381,0.540741,0.387178
32.690,0.664599,0.108416,0.538408,0.374238
32.700,0.665484,0.104460,0.538526,0.376758
32.710,0.663980,0.105799,0.536802,0.376192
32.720,0.666928,0.105407,0.539370,0.377839
32.730,0.670572,0.105481,0.544271,0.377238
32.740,0.666127,0.104066,0.540788,0.374758
32.750,0.669119,0.104110,0.544486,0.374722
32.760,0.668516,0.104447,0.543502,0.374979
32.770,0.673642,0.103788,0.549887,0.375028
32.780,0.676159,0.106026,0.554022,0.372839
32.790,0.667346,0.106617,0.545052,0.370003
32.800,0.670631,0.106296,0.548649,0.370717
32.810,0.669911,0.108101,0.546924,0.371442
32.820,0.677867,0.109587,0.554309,0.374481
32.830,0.670992,0.109665,0.545641,0.374805
32.840,0.669334,0.109313,0.544702,0.373309
32.850,0.670145,0.109798,0.548830,0.368543
32.860,0.664549,0.108891,0.550356,0.356197
32.870,0.663267,0.108715,0.548441,0.356813
32.880,0.653822,0.106853,0.532796,0.363584
32.890,0.656704,0.106824,0.536312,0.363619
32.900,0.655205,0.108614,0.536447,0.360167
32.910,0.663107,0.108606,0.542839,0.365022
32.920,0.665497,0.107370,0.537647,0.377217
32.930,0.650423,0.106210,0.520727,0.374985
32.940,0.646800,0.104039,0.517333,0.374023
32.950,0.644709,0.103918,0.517547,0.370130
32.960,0.650146,0.104673,0.517431,0.379471
32.970,0.635503,0.103920,0.499429,0.378993
32.980,0.625041,0.100955,0.489143,0.375798
32.990,0.631391,0.100957,0.509248,0.359345
33.000,0.628935,0.100971,0.513103,0.349413
33.010,0.629168,0.101211,0.506707,0.358966
33.020,0.621933,0.100188,0.483814,0.377739
33.030,0.621082,0.100364,0.483298,0.376952
33.040,0.625403,0.099818,0.492160,0.372753
33.050,0.625697,0.099694,0.492163,0.373274
33.060,0.622977,0.100454,0.481842,0.381886
33.070,0.603675,0.100589,0.456419,0.382082
33.080,0.617402,0.101173,0.475226,0.380933
33.090,0.627236,0.099422,0.492278,0.375770
33.100,0.622818,0.100743,0.486351,0.375788
33.110,0.615764,0.103966,0.472636,0.380751
33.120,0.622148,0.101482,0.472643,0.391635
33.130,0.633880,0.100957,0.490351,0.388803
33.140,0.627034,0.100598,0.494219,0.372558
33.150,0.629250,0.098646,0.494845,0.375969
33.160,0.639177,0.098909,0.494626,0.392568
33.170,0.646143,0.101251,0.498155,0.398862
33.180,0.644180,0.093645,0.500566,0.394503
33.190,0.647435,0.092597,0.505214,0.394152
33.200,0.649601,0.092813,0.505715,0.397014
33.210,0.653913,0.090413,0.505251,0.405153
33.220,0.650102,0.088197,0.502219,0.403275
33.230,0.660220,0.088171,0.515083,0.403491
33.240,0.671228,0.089439,0.523300,0.410737
33.250,0.677424,0.089262,0.520261,0.424574
33.260,0.683240,0.090471,0.519720,0.434191
33.270,0.680001,0.091518,0.518561,0.430256
33.280,0.682363,0.088883,0.529907,0.420615
33.290,0.685634,0.087751,0.535436,0.419169
33.300,0.683531,0.087364,0.531350,0.421010
33.310,0.683849,0.086037,0.531048,0.422178
33.320,0.681432,0.085666,0.529770,0.419946
33.330,0.701893,0.086869,0.555953,0.419552
33.340,0.705025,0.087075,0.557021,0.423326
33.350,0.702176,0.086156,0.548489,0.429869
33.360,0.709003,0.085460,0.546307,0.443769
33.370,0.713577,0.085491,0.552021,0.444023
33.380,0.716703,0.084593,0.560496,0.438579
33.390,0.712407,0.085106,0.554690,0.438862
33.400,0.721939,0.085630,0.554669,0.454099
33.410,0.717349,0.086988,0.549831,0.452447
33.420,0.711023,0.085477,0.552665,0.439101
33.430,0.715801,0.081543,0.557987,0.440877
33.440,0.719146,0.090870,0.557173,0.445502
33.450,0.722648,0.091024,0.557133,0.451152
33.460,0.718416,0.091247,0.557312,0.444071
33.470,0.717547,0.091818,0.556276,0.443848
33.480,0.724626,0.096143,0.555852,0.454827
33.490,0.720441,0.096752,0.542752,0.463783
33.500,0.720663,0.098476,0.540644,0.466221
33.510,0.718647,0.098500,0.544328,0.458757
33.520,0.720794,0.098336,0.558926,0.444381
33.530,0.717243,0.098834,0.555093,0.443330
33.540,0.714085,0.100461,0.550016,0.444192
33.550,0.714110,0.100280,0.550667,0.443467
33.560,0.710226,0.099281,0.551454,0.436421
33.570,0.714438,0.099636,0.555782,0.437722
33.580,0.704171,0.098512,0.541643,0.439062
33.590,0.707321,0.098380,0.543864,0.441402
33.600,0.712606,0.095673,0.550778,0.441925
33.610,0.704902,0.093380,0.546836,0.434900
33.620,0.699564,0.093777,0.547056,0.425823
33.630,0.699609,0.093812,0.549803,0.422337
33.640,0.709254,0.097677,0.558414,0.426232
33.650,0.703923,0.101317,0.556072,0.419554
33.660,0.704154,0.101275,0.555950,0.420115
33.670,0.704308,0.097809,0.555975,0.421160
33.680,0.704512,0.100867,0.556284,0.420370
33.690,0.719175,0.100400,0.568313,0.429131
33.700,0.734887,0.101977,0.570062,0.452426
33.710,0.733637,0.101913,0.567915,0.453111
33.720,0.737685,0.101020,0.572410,0.454226
33.730,0.735100,0.102040,0.570714,0.451935
33.740,0.725495,0.102796,0.562473,0.446542
33.750,0.721379,0.102997,0.567834,0.432832
33.760,0.717855,0.102507,0.569345,0.425035
33.770,0.728266,0.100689,0.585339,0.421440
33.780,0.721637,0.100451,0.575662,0.423417
33.790,0.730280,0.100569,0.585855,0.424227
33.800,0.739134,0.102643,0.589518,0.433880
33.810,0.738333,0.103359,0.589713,0.432079
33.820,0.732497,0.102203,0.582196,0.432613
33.830,0.711742,0.102068,0.555875,0.432623
33.840,0.731925,0.099828,0.579559,0.435730
33.850,0.743406,0.100977,0.598098,0.429808
33.860,0.741977,0.102274,0.604547,0.417843
33.870,0.737417,0.102271,0.596268,0.421651
33.880,0.749221,0.102573,0.609115,0.424015
33.890,0.763796,0.104952,0.626723,0.423778
33.900,0.762492,0.103550,0.630322,0.416372
33.910,0.772078,0.101101,0.628120,0.437434
33.920,0.778574,0.100361,0.623875,0.454846
33.930,0.784099,0.102556,0.628028,0.458121
33.940,0.795577,0.097467,0.642328,0.459193
33.950,0.806907,0.096728,0.643275,0.477431
33.960,0.813314,0.095076,0.643018,0.488843
33.970,0.815029,0.096116,0.641924,0.492918
33.980,0.811938,0.093531,0.646113,0.482736
33.990,0.807457,0.093444,0.646768,0.474284
34.000,0.803824,0.091814,0.648931,0.465394
34.010,0.799810,0.091462,0.643043,0.466718
34.020,0.794477,0.091132,0.635762,0.467648
34.030,0.798151,0.094144,0.637643,0.470737
34.040,0.806844,0.093343,0.649176,0.469952
34.050,0.814228,0.093349,0.658350,0.469923
34.060,0.817515,0.092834,0.661387,0.471465
34.070,0.819750,0.092809,0.660758,0.476209
34.080,0.821229,0.094410,0.663416,0.474745
34.090,0.826937,0.094327,0.671570,0.473203
34.100,0.827367,0.094595,0.671294,0.474292
34.110,0.827276,0.094493,0.671274,0.474181
34.120,0.830647,0.095358,0.674363,0.475516
34.130,0.827267,0.095083,0.671202,0.474150
34.140,0.825220,0.098968,0.669074,0.472793
34.150,0.834390,0.092794,0.673213,0.484129
34.160,0.842939,0.092880,0.675661,0.495381
34.170,0.844074,0.092295,0.678562,0.493452
34.180,0.843292,0.092489,0.678022,0.492822
34.190,0.840175,0.092307,0.672268,0.495408
34.200,0.835254,0.089371,0.670393,0.490139
34.210,0.835198,0.089749,0.670491,0.489839
34.220,0.848982,0.089544,0.677561,0.503651
34.230,0.854997,0.091866,0.674814,0.516920
34.240,0.871516,0.092394,0.674809,0.543724
34.250,0.876907,0.093155,0.668367,0.559976
34.260,0.884987,0.094497,0.677753,0.561180
34.270,0.876022,0.094400,0.664614,0.562841
34.280,0.881058,0.093990,0.662533,0.573131
34.290,0.876994,0.095990,0.646530,0.584725
34.300,0.870344,0.092746,0.645203,0.576723
34.310,0.886086,0.093126,0.666302,0.576643
34.320,0.894444,0.092617,0.676414,0.577856
34.330,0.894743,0.094360,0.673864,0.581006
34.340,0.874945,0.093672,0.651556,0.576392
34.350,0.871675,0.094203,0.647665,0.575737
34.360,0.871124,0.091824,0.647627,0.575329
34.370,0.861931,0.093616,0.640318,0.569346
34.380,0.849419,0.091289,0.625323,0.567582
34.390,0.858664,0.089958,0.631414,0.574916
34.400,0.860155,0.087440,0.636824,0.571556
34.410,0.850401,0.088051,0.636877,0.556613
34.420,0.847594,0.087786,0.640158,0.548549
34.430,0.857274,0.086603,0.630753,0.574081
34.440,0.851979,0.089483,0.619960,0.577504
34.450,0.846094,0.089292,0.623939,0.564448
34.460,0.852396,0.088623,0.635538,0.561086
34.470,0.855326,0.089677,0.635426,0.565486
34.480,0.855376,0.090065,0.630301,0.571207
34.490,0.856103,0.089812,0.631598,0.570903
34.500,0.855834,0.089746,0.630783,0.571411
34.510,0.855430,0.090576,0.633139,0.568060
34.520,0.853939,0.096591,0.630218,0.568074
34.530,0.860121,0.096730,0.629336,0.578263
34.540,0.855884,0.095995,0.613556,0.588957
34.550,0.853253,0.100519,0.609531,0.588565
34.560,0.851088,0.101543,0.607976,0.586860
34.570,0.847559,0.108002,0.606453,0.582158
34.580,0.842824,0.107362,0.599798,0.582295
34.590,0.842519,0.107858,0.593463,0.588223
34.600,0.844610,0.108027,0.588830,0.595798
34.610,0.865272,0.107243,0.600341,0.613829
34.620,0.869883,0.105139,0.606082,0.615066
34.630,0.863842,0.105522,0.593121,0.619108
34.640,0.858218,0.101016,0.585130,0.619642
34.650,0.856615,0.101538,0.589661,0.613009
34.660,0.846477,0.101546,0.586463,0.601891
34.670,0.848437,0.100661,0.593527,0.597862
34.680,0.852418,0.099797,0.600048,0.597159
34.690,0.844226,0.101331,0.595535,0.589735
34.700,0.833335,0.102033,0.595505,0.573943
34.710,0.840380,0.101901,0.603923,0.575440
34.720,0.836685,0.101678,0.599026,0.575215
34.730,0.828212,0.100567,0.589964,0.572507
34.740,0.826466,0.099612,0.603917,0.555345
34.750,0.822568,0.099792,0.603807,0.549616
34.760,0.811573,0.100681,0.590169,0.547918
34.770,0.809445,0.100670,0.584016,0.551355
34.780,0.816704,0.102388,0.584181,0.561475
34.790,0.818854,0.101931,0.600017,0.547825
34.800,0.821434,0.102046,0.603559,0.547774
34.810,0.804774,0.102617,0.581231,0.547083
34.820,0.802653,0.103349,0.568993,0.556612
34.830,0.808048,0.102721,0.569172,0.564300
34.840,0.811348,0.105597,0.573006,0.564623
34.850,0.810222,0.105180,0.570564,0.565556
34.860,0.807142,0.107827,0.566540,0.564698
34.870,0.815365,0.106721,0.572030,0.571150
34.880,0.820947,0.107193,0.567441,0.583501
34.890,0.808428,0.107128,0.546288,0.586215
34.900,0.800123,0.106227,0.537180,0.583396
34.910,0.806081,0.106659,0.547689,0.581745
34.920,0.800166,0.106799,0.547509,0.573666
34.930,0.784741,0.108212,0.553198,0.545967
34.940,0.775728,0.104391,0.550302,0.536680
34.950,0.775484,0.105013,0.555442,0.530879
34.960,0.767725,0.105528,0.544860,0.530464
34.970,0.764784,0.103144,0.543992,0.527568
34.980,0.768805,0.106368,0.555246,0.521007
34.990,0.768938,0.106137,0.553709,0.522883
35.000,0.770473,0.106267,0.552434,0.526453
35.010,0.783650,0.105269,0.552599,0.545582
35.020,0.794742,0.100420,0.550809,0.564038
35.030,0.786629,0.100052,0.550784,0.552641
35.040,0.783072,0.101942,0.554995,0.542945
35.050,0.783589,0.102484,0.555675,0.542894
35.060,0.782238,0.106801,0.551530,0.544339
35.070,0.782942,0.103102,0.553270,0.544298
35.080,0.786150,0.107288,0.553866,0.547498
35.090,0.776062,0.118499,0.535613,0.548954
35.100,0.771110,0.119366,0.538769,0.538599
35.110,0.766065,0.125223,0.543053,0.525612
35.120,0.761169,0.131137,0.532332,0.528019
35.130,0.775113,0.134396,0.543590,0.535956
35.140,0.779179,0.152139,0.541316,0.539397
35.150,0.780981,0.153611,0.545181,0.537693
35.160,0.783855,0.153479,0.553448,0.533449
35.170,0.773434,0.153450,0.538674,0.533371
35.180,0.777083,0.160783,0.528455,0.546573
35.190,0.778190,0.160604,0.525289,0.551234
35.200,0.804047,0.171355,0.558145,0.552814
35.210,0.794620,0.174418,0.550139,0.546211
35.220,0.784885,0.174611,0.541562,0.540616
35.230,0.792554,0.174613,0.540574,0.552659
35.240,0.785024,0.174153,0.526042,0.556069
35.250,0.776941,0.173918,0.526205,0.544517
35.260,0.778249,0.173131,0.526811,0.546047
35.270,0.792001,0.179383,0.548398,0.542537
35.280,0.772474,0.178683,0.544066,0.518440
35.290,0.772486,0.183792,0.541589,0.519265
35.300,0.774388,0.186110,0.540273,0.522632
35.310,0.782199,0.186457,0.542969,0.531276
35.320,0.782504,0.202711,0.547692,0.520821
35.330,0.775024,0.207541,0.548450,0.506746
35.340,0.775924,0.206544,0.549928,0.506929
35.350,0.778023,0.209724,0.543821,0.515358
35.360,0.780239,0.209398,0.546009,0.516526
35.370,0.778638,0.210839,0.546081,0.513440
35.380,0.775652,0.210550,0.553636,0.500792
35.390,0.780112,0.216538,0.564269,0.493241
35.400,0.783407,0.215765,0.569828,0.492410
35.410,0.777936,0.214879,0.561262,0.493960
35.420,0.797446,0.214393,0.564225,0.521158
35.430,0.794631,0.215013,0.558243,0.523042
35.440,0.797077,0.214723,0.561147,0.523775
35.450,0.791141,0.213646,0.549924,0.527108
35.460,0.793734,0.213686,0.550505,0.530374
35.470,0.796810,0.213808,0.556330,0.528857
35.480,0.793490,0.216772,0.547047,0.532330
35.490,0.798231,0.216774,0.551926,0.534377
35.500,0.802900,0.220096,0.551731,0.540184
35.510,0.795138,0.219969,0.559837,0.520039
35.520,0.785566,0.223079,0.563656,0.499642
35.530,0.789524,0.222793,0.570904,0.497775
35.540,0.787889,0.221157,0.568692,0.498446
35.550,0.784731,0.216724,0.565743,0.498767
35.560,0.782995,0.212821,0.562578,0.501292
35.570,0.794170,0.211252,0.578581,0.501322
35.580,0.793288,0.210762,0.578052,0.500740
35.590,0.796789,0.207988,0.591545,0.491619
35.600,0.798133,0.214358,0.592805,0.489539
35.610,0.782831,0.213571,0.578470,0.482269
35.620,0.790030,0.210939,0.577070,0.496631
35.630,0.774232,0.208105,0.569056,0.481978
35.640,0.788998,0.193098,0.587913,0.489478
35.650,0.777991,0.189325,0.574976,0.488701
35.667,0.775898,0.189336,0.576990,0.482963
35.673,0.780016,0.191461,0.580064,0.485071
35.680,0.773521,0.191719,0.583291,0.470479
35.690,0.774215,0.197563,0.586847,0.464745
35.700,0.758129,0.198711,0.564785,0.465072
35.710,0.765463,0.205429,0.574679,0.462034
35.720,0.770264,0.205435,0.574161,0.470576
35.730,0.764760,0.205460,0.573396,0.462451
35.740,0.767274,0.215480,0.576661,0.457973
35.750,0.772314,0.215559,0.576472,0.466566
35.760,0.776305,0.218030,0.575995,0.472592
35.770,0.767415,0.215562,0.566510,0.470664
35.780,0.773825,0.218933,0.572711,0.472097
35.790,0.761017,0.214725,0.557113,0.471875
35.800,0.766094,0.215659,0.563264,0.472360
35.810,0.759494,0.218690,0.560069,0.464035
35.820,0.759159,0.203048,0.556872,0.474329
35.830,0.760162,0.196339,0.555737,0.480055
35.840,0.759824,0.197247,0.550113,0.485594
35.850,0.746996,0.192560,0.543566,0.474826
35.860,0.747667,0.195035,0.541243,0.477518
35.870,0.751400,0.193756,0.546483,0.477929
35.880,0.747479,0.195029,0.544032,0.474044
35.890,0.746902,0.187648,0.547148,0.472525
35.900,0.750053,0.187277,0.542986,0.482363
35.910,0.747120,0.187254,0.542538,0.478306
35.920,0.732783,0.187333,0.537059,0.462000
35.930,0.735185,0.188761,0.537451,0.464771
35.940,0.747401,0.190793,0.540906,0.479195
35.950,0.754031,0.189727,0.540703,0.490108
35.960,0.754346,0.189430,0.554368,0.475215
35.970,0.749976,0.189486,0.550607,0.472644
35.980,0.750682,0.190860,0.554470,0.468678
35.990,0.750853,0.194765,0.556617,0.464784
36.000,0.744113,0.194256,0.555780,0.455057
36.010,0.743875,0.195041,0.547907,0.463798
36.020,0.744300,0.195146,0.547355,0.465084
36.030,0.739744,0.193309,0.538264,0.469174
36.040,0.738246,0.193483,0.534508,0.471033
36.050,0.736627,0.194091,0.530586,0.472680
36.060,0.748431,0.196413,0.539704,0.479887
36.070,0.736249,0.199508,0.521133,0.480292
36.080,0.742456,0.198082,0.532290,0.478196
36.090,0.734385,0.195118,0.517896,0.482737
36.100,0.734481,0.194342,0.518756,0.482271
36.110,0.737675,0.195811,0.520811,0.484334
36.120,0.725151,0.195623,0.524248,0.461238
36.130,0.734251,0.196727,0.531737,0.466561
36.140,0.716159,0.194804,0.515885,0.456945
36.150,0.730323,0.194905,0.526980,0.466556
36.160,0.724559,0.195339,0.517470,0.468032
36.170,0.723083,0.195242,0.515059,0.468448
36.180,0.718703,0.198139,0.507035,0.469246
36.190,0.711667,0.194642,0.501242,0.466198
36.200,0.707968,0.188862,0.494798,0.469813
36.210,0.702211,0.185336,0.484487,0.473312
36.220,0.692170,0.191110,0.483186,0.457282
36.230,0.683932,0.197159,0.481924,0.443442
36.240,0.674939,0.193195,0.477432,0.436208
36.250,0.672446,0.199128,0.482279,0.424191
36.260,0.669707,0.195955,0.482046,0.421593
36.270,0.668163,0.197536,0.472068,0.429620
36.280,0.669901,0.195261,0.477673,0.427165
36.290,0.672549,0.195244,0.477736,0.431243
36.300,0.675654,0.193200,0.471251,0.443964
36.310,0.674669,0.190138,0.471251,0.443788
36.320,0.670963,0.189460,0.470816,0.438894
36.330,0.670791,0.195007,0.471074,0.435916
36.340,0.678357,0.191511,0.486437,0.432285
36.350,0.683821,0.192842,0.488877,0.437518
36.360,0.695903,0.200600,0.487165,0.454655
36.370,0.700608,0.199063,0.497666,0.451170
36.380,0.712013,0.199160,0.499222,0.466985
36.390,0.704903,0.203563,0.486301,0.467934
36.400,0.703128,0.207032,0.484502,0.465602
36.410,0.704981,0.207100,0.485055,0.467792
36.420,0.698202,0.206792,0.489190,0.453229
36.430,0.708486,0.207336,0.498828,0.458406
36.440,0.699794,0.203522,0.490369,0.455882
36.450,0.692288,0.203056,0.494004,0.440445
36.460,0.685740,0.203807,0.477278,0.448227
36.470,0.688126,0.204662,0.478921,0.449738
36.480,0.684623,0.203224,0.473257,0.451040
36.490,0.685958,0.199588,0.455296,0.472661
36.500,0.689698,0.201034,0.455875,0.476914
36.510,0.689129,0.201485,0.458706,0.473172
36.520,0.686434,0.203446,0.454223,0.472739
36.530,0.698757,0.204029,0.476391,0.468705
36.540,0.701713,0.208700,0.480518,0.466849
36.550,0.703951,0.212674,0.483356,0.465493
36.560,0.686912,0.209910,0.472284,0.452476
36.570,0.693395,0.207348,0.479159,0.456300
36.580,0.690519,0.207388,0.474364,0.456930
36.590,0.705063,0.208807,0.496388,0.455097
36.600,0.699380,0.206759,0.488032,0.456297
36.610,0.706247,0.205323,0.497202,0.457621
36.620,0.707790,0.209886,0.497002,0.458153
36.630,0.707054,0.208645,0.492850,0.462053
36.640,0.699635,0.206569,0.487060,0.457811
36.650,0.693173,0.207630,0.474484,0.460699
36.660,0.698092,0.212309,0.474476,0.465973
36.670,0.706343,0.225384,0.478159,0.468493
36.680,0.722616,0.222993,0.498836,0.472874
36.690,0.735372,0.222803,0.498633,0.492438
36.700,0.739937,0.226668,0.506937,0.489022
36.710,0.740879,0.225267,0.510450,0.487440
36.720,0.738841,0.220267,0.514128,0.482744
36.730,0.743762,0.215993,0.521657,0.484152
36.740,0.756862,0.205703,0.529560,0.500092
36.750,0.756109,0.198852,0.526839,0.504579
36.760,0.761814,0.199214,0.539527,0.499585
36.770,0.765872,0.200387,0.549377,0.494561
36.780,0.760624,0.211193,0.537041,0.495514
36.790,0.784116,0.239744,0.560328,0.493349
36.800,0.773290,0.246884,0.557153,0.476032
36.810,0.781249,0.246392,0.556684,0.489637
36.820,0.778896,0.248418,0.556206,0.485389
36.830,0.788378,0.248256,0.565284,0.490268
36.840,0.776570,0.250918,0.548186,0.489484
36.850,0.776141,0.251420,0.545458,0.491587
36.860,0.772984,0.245351,0.556502,0.477087
36.870,0.766709,0.250023,0.539312,0.484226
36.880,0.756189,0.251222,0.540635,0.465213
36.890,0.762800,0.254008,0.540554,0.474495
36.900,0.763190,0.261471,0.541137,0.470386
36.910,0.769305,0.271848,0.540857,0.474765
36.920,0.783240,0.284766,0.548805,0.480818
36.930,0.771837,0.289568,0.539997,0.469345
36.940,0.773411,0.293148,0.549324,0.458771
36.950,0.773866,0.294773,0.549555,0.458222
36.960,0.769156,0.297745,0.549302,0.448570
36.970,0.770976,0.300245,0.550396,0.448689
36.980,0.769773,0.302367,0.548508,0.447508
36.990,0.764419,0.306331,0.554459,0.427870
37.000,0.762486,0.308292,0.553668,0.424020
37.010,0.760888,0.311662,0.552307,0.420446
37.020,0.766032,0.313816,0.554991,0.424629
37.030,0.751746,0.318022,0.536445,0.419774
37.040,0.750556,0.319459,0.533816,0.419906
37.050,0.750483,0.318313,0.533253,0.421359
37.060,0.750941,0.318727,0.534130,0.420750
37.070,0.746411,0.322763,0.527783,0.417611
37.080,0.742842,0.324622,0.521923,0.417169
37.090,0.726951,0.326563,0.499355,0.415282
37.100,0.727041,0.325967,0.499730,0.415457
37.110,0.717296,0.327347,0.486727,0.412861
37.120,0.721827,0.328672,0.485379,0.421207
37.130,0.710835,0.328233,0.480418,0.408348
37.140,0.717576,0.330094,0.487547,0.410185
37.150,0.730507,0.328240,0.496601,0.423422
37.160,0.730285,0.328441,0.501536,0.417018
37.170,0.721203,0.312140,0.503181,0.411719
37.180,0.699824,0.305785,0.482360,0.404448
37.190,0.685287,0.302189,0.482272,0.381725
37.200,0.682482,0.303157,0.477089,0.382443
37.210,0.676541,0.292403,0.472441,0.386014
37.220,0.673831,0.289278,0.469626,0.387063
37.230,0.663927,0.277906,0.462829,0.386468
37.240,0.643015,0.270594,0.456171,0.363533
37.250,0.640708,0.268822,0.453872,0.363649
37.260,0.638971,0.270432,0.437296,0.379372
37.270,0.629699,0.269248,0.422636,0.381320
37.280,0.636857,0.269028,0.422474,0.393353
37.290,0.614153,0.205005,0.396901,0.421457
37.300,0.602388,0.163846,0.399711,0.419829
37.310,0.588201,0.141439,0.402346,0.405084
37.320,0.594176,0.144229,0.405031,0.410114
37.330,0.592680,0.143789,0.390714,0.421825
37.340,0.608525,0.142907,0.403848,0.432189
37.350,0.609420,0.136569,0.415322,0.424558
37.360,0.627760,0.120073,0.417243,0.453402
37.370,0.626228,0.120330,0.418868,0.449702
37.380,0.629073,0.113785,0.417464,0.456629
37.390,0.619330,0.114654,0.403645,0.455516
37.400,0.623084,0.114481,0.410262,0.454767
37.410,0.644694,0.115302,0.435310,0.461346
37.420,0.661085,0.117419,0.417716,0.498757
37.430,0.665518,0.119471,0.421250,0.501187
37.440,0.661304,0.119765,0.409376,0.505363
37.450,0.667521,0.117269,0.410939,0.512798
37.460,0.682972,0.116697,0.433742,0.514491
37.470,0.699821,0.123399,0.437551,0.532044
37.480,0.699992,0.124064,0.437564,0.532104
37.490,0.698317,0.126740,0.431227,0.534441
37.500,0.706250,0.128075,0.440806,0.536727
37.510,0.707407,0.131133,0.442734,0.535924
37.520,0.716704,0.130620,0.444227,0.547051
37.530,0.719256,0.133241,0.445633,0.548623
37.540,0.722490,0.135335,0.449133,0.549505
37.550,0.724440,0.133201,0.454116,0.548497
37.560,0.736182,0.134132,0.472620,0.548273
37.570,0.735859,0.132551,0.472564,0.548272
37.580,0.744246,0.137369,0.473921,0.557163
37.590,0.751350,0.133117,0.480751,0.561859
37.600,0.769583,0.131999,0.499499,0.570382
37.610,0.769687,0.131521,0.499794,0.570374
37.620,0.769870,0.131214,0.507393,0.563946
37.630,0.772876,0.131242,0.507063,0.568330
37.640,0.776934,0.153526,0.506290,0.568970
37.650,0.800360,0.151042,0.560653,0.550845
37.660,0.806180,0.151239,0.568614,0.551118
37.670,0.807430,0.148829,0.570174,0.551991
37.680,0.831090,0.157294,0.596860,0.556531
37.690,0.843545,0.162404,0.598340,0.571999
37.700,0.839636,0.161559,0.594394,0.570600
37.710,0.847648,0.165269,0.601273,0.574164
37.720,0.855035,0.168680,0.598987,0.586384
37.730,0.857042,0.168795,0.599423,0.588831
37.740,0.865233,0.198190,0.602005,0.589015
37.750,0.875835,0.197476,0.606850,0.599852
37.760,0.879664,0.193349,0.623121,0.590037
37.770,0.900206,0.192108,0.621999,0.621758
37.780,0.917439,0.192688,0.656043,0.611697
37.790,0.912097,0.208043,0.657602,0.596824
37.800,0.924267,0.239336,0.660510,0.600594
37.810,0.926114,0.237879,0.666298,0.597619
37.820,0.922968,0.237162,0.665222,0.594225
37.830,0.917504,0.236957,0.666763,0.584032
37.840,0.909421,0.237250,0.659366,0.579651
37.850,0.909613,0.242576,0.658335,0.578920
37.860,0.899334,0.244006,0.652573,0.568692
37.870,0.905690,0.244373,0.660424,0.569557
37.881,0.919797,0.256870,0.666677,0.579298
37.890,0.920257,0.257586,0.671504,0.574112
37.900,0.927515,0.264260,0.667191,0.587628
37.910,0.913353,0.264281,0.657165,0.576631
37.920,0.907849,0.270816,0.663829,0.556938
37.930,0.909432,0.271487,0.661114,0.562396
37.940,0.915794,0.274803,0.660946,0.571238
37.950,0.916156,0.275553,0.669433,0.561491
37.960,0.904817,0.275416,0.656038,0.558976
37.970,0.895650,0.274512,0.652371,0.548858
37.980,0.895972,0.274598,0.654361,0.546967
37.990,0.902252,0.272592,0.666945,0.543081
38.000,0.896873,0.272813,0.661792,0.540357
38.010,0.905430,0.272301,0.661990,0.554459
38.020,0.900004,0.272294,0.661077,0.546662
38.030,0.912921,0.271780,0.667271,0.560634
38.040,0.922819,0.269723,0.670425,0.573911
38.050,0.920086,0.269636,0.662806,0.578397
38.060,0.912935,0.270563,0.653002,0.577783
38.070,0.912696,0.270560,0.652619,0.577840
38.080,0.910617,0.269686,0.650991,0.576805
38.090,0.914508,0.269823,0.649390,0.584648
38.100,0.892832,0.269962,0.629139,0.573109
38.110,0.909113,0.270912,0.627865,0.599065
38.120,0.922703,0.270691,0.636828,0.610374
38.130,0.917318,0.271422,0.634931,0.603875
38.140,0.907591,0.263070,0.624582,0.603666
38.150,0.863376,0.265547,0.551475,0.608916
38.161,0.848044,0.267623,0.526032,0.608972
38.170,0.835388,0.264792,0.504648,0.610810
38.180,0.821615,0.260437,0.485199,0.609759
38.190,0.813769,0.256850,0.496053,0.591759
38.201,0.821134,0.257112,0.496912,0.601027
38.210,0.824075,0.255220,0.506575,0.597783
38.220,0.816324,0.253386,0.507190,0.587315
38.230,0.815225,0.253173,0.507461,0.585643
38.240,0.809787,0.230080,0.509375,0.585965
38.250,0.804860,0.229764,0.507710,0.580723
38.260,0.783333,0.229546,0.469850,0.583233
38.270,0.768070,0.229598,0.481180,0.552885
38.281,0.757609,0.237005,0.460461,0.552970
38.290,0.753705,0.232819,0.459709,0.550032
38.300,0.742944,0.197005,0.461295,0.548053
38.310,0.744067,0.192595,0.463966,0.548888
38.320,0.744485,0.189346,0.461481,0.552668
38.330,0.745784,0.191503,0.462427,0.552884
38.341,0.749839,0.194633,0.465835,0.554414
38.350,0.742052,0.192108,0.451185,0.556927
38.361,0.733290,0.188739,0.460603,0.538457
38.370,0.728200,0.188906,0.454883,0.536350
38.380,0.714981,0.178493,0.450364,0.525842
38.390,0.701099,0.179128,0.434417,0.520322
38.400,0.693415,0.171197,0.434413,0.512641
38.410,0.696911,0.171240,0.430272,0.520796
38.420,0.694050,0.164143,0.426882,0.522049
38.430,0.694718,0.163224,0.424743,0.524961
38.440,0.685708,0.158537,0.430459,0.509672
38.450,0.679504,0.156727,0.418392,0.511967
38.460,0.685103,0.157345,0.419775,0.518072
38.470,0.695774,0.156801,0.414408,0.536452
38.480,0.698165,0.157549,0.418371,0.536263
38.490,0.689252,0.155837,0.403574,0.536574
38.500,0.689163,0.156648,0.404332,0.535652
38.510,0.678108,0.158577,0.400314,0.523863
38.520,0.677126,0.164304,0.397468,0.522995
38.530,0.662778,0.164803,0.387545,0.511784
38.540,0.656864,0.174632,0.384386,0.503211
38.550,0.654875,0.174630,0.383309,0.501438
38.560,0.657400,0.172883,0.382722,0.505778
38.570,0.659822,0.173532,0.382868,0.508591
38.580,0.653195,0.172967,0.382158,0.500700
38.590,0.666642,0.174397,0.397132,0.506244
38.600,0.668959,0.174724,0.400207,0.506766
38.610,0.650579,0.173653,0.415193,0.469800
38.620,0.642517,0.179723,0.394968,0.473844
38.630,0.645911,0.179243,0.397901,0.476181
38.640,0.647914,0.176363,0.403195,0.475523
38.650,0.655625,0.172582,0.403233,0.487301
38.660,0.654764,0.170526,0.407737,0.483101
38.670,0.656557,0.172420,0.410864,0.482213
38.680,0.660097,0.173221,0.411878,0.485880
38.690,0.659821,0.172454,0.400674,0.495059
38.700,0.656907,0.177063,0.401189,0.489104
38.710,0.650979,0.177027,0.398629,0.483250
38.720,0.655572,0.197563,0.397028,0.482817
38.730,0.668103,0.197540,0.418432,0.481927
38.740,0.701405,0.271599,0.429419,0.483531
38.750,0.688997,0.276351,0.418803,0.472178
38.760,0.685602,0.276371,0.418977,0.467041
38.770,0.691787,0.282736,0.402151,0.486729
38.780,0.692852,0.290989,0.397967,0.486817
38.790,0.697924,0.291529,0.400506,0.491633
38.800,0.699716,0.294391,0.401444,0.491710
38.810,0.698424,0.294478,0.397467,0.493051
38.820,0.695917,0.294345,0.396734,0.490167
38.830,0.700385,0.294126,0.399056,0.494756
38.840,0.712314,0.293054,0.394549,0.515599
38.850,0.719150,0.292058,0.401840,0.520003
38.860,0.717163,0.291258,0.398621,0.520185
38.870,0.717661,0.291764,0.399207,0.520139
38.881,0.717847,0.295345,0.395654,0.521089
38.891,0.730563,0.301598,0.396216,0.534578
38.901,0.729363,0.302941,0.395806,0.532480
38.910,0.723954,0.303734,0.397589,0.523238
38.920,0.721055,0.303079,0.398197,0.519136
38.930,0.724137,0.303253,0.404193,0.518690
38.940,0.733267,0.303198,0.398942,0.535346
38.950,0.733020,0.305080,0.400330,0.532899
38.960,0.735296,0.308637,0.402111,0.532644
38.970,0.725536,0.309317,0.405851,0.515763
38.980,0.719042,0.308520,0.394818,0.515709
38.990,0.720170,0.308999,0.395352,0.516586
39.000,0.728468,0.309732,0.391468,0.530551
39.010,0.730050,0.309214,0.394747,0.530599
39.020,0.731223,0.307074,0.401891,0.528087
39.030,0.736549,0.306477,0.404780,0.533600
39.040,0.735798,0.303122,0.405116,0.534226
39.050,0.735474,0.303134,0.406196,0.532950
39.060,0.737619,0.303008,0.413314,0.530508
39.070,0.737743,0.303333,0.415317,0.528929
39.080,0.742403,0.303662,0.424256,0.528166
39.090,0.727705,0.302606,0.416800,0.514064
39.100,0.728389,0.302656,0.412537,0.518423
39.110,0.727874,0.303049,0.410396,0.519169
39.120,0.721944,0.301850,0.414081,0.508553
39.130,0.722986,0.301541,0.412120,0.511801
39.140,0.725065,0.301087,0.407900,0.518347
39.150,0.729425,0.301186,0.430823,0.505706
39.160,0.732609,0.300021,0.432575,0.509492
39.170,0.730869,0.298471,0.429621,0.510403
39.180,0.726599,0.297586,0.430305,0.504209
39.190,0.728526,0.297613,0.426232,0.510395
39.200,0.734108,0.292927,0.427910,0.519616
39.210,0.732199,0.292371,0.421924,0.522125
39.220,0.725665,0.273151,0.419148,0.525637
39.230,0.718660,0.273303,0.402771,0.528728
39.241,0.684575,0.177813,0.389916,0.533846
39.250,0.684429,0.160083,0.398182,0.533168
39.261,0.684719,0.157074,0.399710,0.533292
39.270,0.671473,0.154269,0.398931,0.517621
39.281,0.668316,0.139488,0.399275,0.517464
39.290,0.665255,0.135113,0.395784,0.517362
39.300,0.666426,0.130301,0.391923,0.523012
39.310,0.670791,0.134932,0.397290,0.523368
39.321,0.674958,0.133286,0.407880,0.520996
39.330,0.671368,0.127552,0.404606,0.520345
39.341,0.656045,0.125429,0.406551,0.499379
39.350,0.650331,0.125122,0.411328,0.487939
39.360,0.653318,0.123231,0.415646,0.488749
39.370,0.654776,0.123269,0.415542,0.490776
39.380,0.655212,0.116007,0.416658,0.492179
39.390,0.647585,0.104197,0.428078,0.474614
39.401,0.647931,0.105405,0.430781,0.472369
39.410,0.646553,0.100176,0.429931,0.472392
39.421,0.650617,0.101624,0.432783,0.475051
39.430,0.651294,0.098628,0.446113,0.464154
39.441,0.641475,0.098560,0.451334,0.445055
39.450,0.641838,0.097276,0.451716,0.445473
39.461,0.632311,0.090254,0.446703,0.438324
39.470,0.639151,0.091211,0.445188,0.449447
39.481,0.643893,0.091595,0.446544,0.454761
39.490,0.642092,0.092524,0.444306,0.454218
39.501,0.628061,0.091327,0.444819,0.433885
39.510,0.628701,0.091178,0.442263,0.437441
39.521,0.637284,0.092146,0.444868,0.446915
39.530,0.629750,0.094981,0.445135,0.435223
39.541,0.622148,0.093442,0.442299,0.427444
39.550,0.619726,0.093493,0.438795,0.427525
39.561,0.623060,0.096317,0.433303,0.437236
39.570,0.631084,0.095475,0.442758,0.439451
39.581,0.633670,0.096027,0.446255,0.439515
39.590,0.628949,0.095590,0.442408,0.436709
39.600,0.632872,0.094624,0.442440,0.442515
39.610,0.622401,0.094038,0.430515,0.439541
39.620,0.628173,0.091655,0.441435,0.437419
39.630,0.629921,0.092240,0.452197,0.428732
39.640,0.629828,0.092169,0.451983,0.428835
39.650,0.621621,0.091587,0.429612,0.439839
39.660,0.617454,0.091562,0.429057,0.434483
39.670,0.624436,0.091479,0.440340,0.433188
39.680,0.623751,0.093262,0.438877,0.433308
39.690,0.621390,0.093352,0.439544,0.429200
39.700,0.611246,0.093285,0.438524,0.415471
39.710,0.617697,0.100002,0.448994,0.412254
39.720,0.615668,0.099848,0.448324,0.409979
39.730,0.620398,0.098931,0.443952,0.421916
39.740,0.621163,0.098977,0.444903,0.422029
39.750,0.619655,0.099347,0.442074,0.422697
39.760,0.632828,0.099332,0.449909,0.433805
39.770,0.642058,0.099162,0.449339,0.447772
39.781,0.649607,0.097551,0.453049,0.455215
39.790,0.645446,0.093519,0.455106,0.448032
39.801,0.643722,0.093087,0.457119,0.443570
39.810,0.645182,0.088222,0.461174,0.442488
39.821,0.648736,0.088829,0.458808,0.449959
39.830,0.647928,0.089343,0.461614,0.445803
39.841,0.645756,0.089394,0.462182,0.442038
39.851,0.643841,0.088511,0.459147,0.442584
39.860,0.642574,0.090039,0.456727,0.442939
39.870,0.639811,0.092552,0.455776,0.439385
39.882,0.642685,0.092044,0.455774,0.443669
39.891,0.637623,0.090438,0.445831,0.446787
39.901,0.643942,0.088231,0.460958,0.440901
39.911,0.650479,0.087959,0.468746,0.442340
39.920,0.655457,0.086317,0.469496,0.449162
39.930,0.650249,0.087429,0.451568,0.459637
39.941,0.652480,0.086409,0.455899,0.458716
39.951,0.655194,0.085774,0.459035,0.459574
39.960,0.658946,0.085838,0.458723,0.465203
39.970,0.653715,0.084587,0.457066,0.459651
39.981,0.654930,0.084895,0.461560,0.456825
39.990,0.660741,0.085067,0.470085,0.456468
40.000,0.661795,0.086062,0.469756,0.458144
40.010,0.666193,0.088211,0.470587,0.463227
40.020,0.656691,0.088802,0.465295,0.454816
40.030,0.653770,0.085975,0.466198,0.450203
40.040,0.650740,0.085983,0.461722,0.450424
40.050,0.656610,0.090584,0.467271,0.452315
40.060,0.652226,0.087731,0.472164,0.441320
40.070,0.650238,0.090591,0.461701,0.448815
40.080,0.645376,0.090239,0.452316,0.451418
40.090,0.646965,0.090237,0.454687,0.451309
40.100,0.650035,0.091044,0.469924,0.439805
40.108,0.659256,0.091179,0.469514,0.453721
40.121,0.654346,0.090673,0.457276,0.459180
40.128,0.651372,0.090453,0.449887,0.462283
40.139,0.652519,0.090359,0.458470,0.455436
40.149,0.647132,0.090505,0.458833,0.447282
40.159,0.653805,0.091060,0.466715,0.448717
40.169,0.651949,0.091029,0.457520,0.455440
40.179,0.657843,0.087456,0.470482,0.451394
40.190,0.651485,0.086997,0.471635,0.440935
40.199,0.660976,0.087869,0.484507,0.440933
40.209,0.658645,0.082722,0.476962,0.446628
40.219,0.656676,0.083162,0.476075,0.444589
40.229,0.651577,0.082358,0.476165,0.437077
40.239,0.649264,0.082711,0.481983,0.427078
40.249,0.657253,0.082770,0.493242,0.426431
40.259,0.652203,0.082991,0.494884,0.416619
40.269,0.652044,0.082481,0.497239,0.413657
40.279,0.651699,0.080425,0.500958,0.409003
40.289,0.660008,0.079765,0.511686,0.409177
40.299,0.658105,0.082507,0.511229,0.406128
40.309,0.654692,0.082176,0.506950,0.406043
40.319,0.647854,0.082369,0.504320,0.398236
40.329,0.643751,0.081214,0.502115,0.394588
40.339,0.643061,0.081919,0.499589,0.396519
40.349,0.644499,0.081997,0.501700,0.396173
40.359,0.661609,0.083079,0.523896,0.395420
40.370,0.670943,0.080150,0.536301,0.395123
40.379,0.667644,0.079782,0.535922,0.390091
40.390,0.667121,0.079792,0.536495,0.388402
40.399,0.666641,0.078790,0.536109,0.388317
40.410,0.665431,0.078834,0.536645,0.385481
40.419,0.658490,0.079554,0.532813,0.378670
40.430,0.663532,0.078486,0.539932,0.377607
40.439,0.657095,0.078435,0.530742,0.379387
40.450,0.656482,0.078999,0.530005,0.379239
40.459,0.654084,0.078962,0.530225,0.374770
40.469,0.665729,0.078964,0.545733,0.373009
40.479,0.671691,0.080464,0.549216,0.378227
40.490,0.665639,0.083430,0.542035,0.377244
40.499,0.665766,0.082635,0.541456,0.378472
40.510,0.667290,0.081254,0.552800,0.364809
40.519,0.679530,0.084277,0.566450,0.365778
40.529,0.680174,0.088817,0.566067,0.366493
40.539,0.687817,0.088811,0.565511,0.381317
40.550,0.691433,0.084657,0.563468,0.391684
40.559,0.690725,0.087346,0.562256,0.391586
40.570,0.684471,0.084085,0.562841,0.380316
40.579,0.687076,0.086032,0.562450,0.385127
40.590,0.700595,0.092596,0.574580,0.390021
40.599,0.693588,0.092595,0.565487,0.390787
40.610,0.688413,0.094444,0.566506,0.379557
40.619,0.686828,0.098170,0.566496,0.375736
40.630,0.691305,0.098123,0.573791,0.372878
40.639,0.687888,0.098060,0.568334,0.374926
40.650,0.690212,0.097678,0.567878,0.379956
40.660,0.690533,0.097768,0.561805,0.389426
40.670,0.690045,0.097282,0.562728,0.387344
40.679,0.682701,0.100788,0.552814,0.387709
40.690,0.683629,0.100963,0.553727,0.387996
40.700,0.678868,0.100576,0.549785,0.385336
40.710,0.678302,0.099247,0.553940,0.378675
40.719,0.681205,0.101503,0.555547,0.380927
40.730,0.682197,0.102144,0.555170,0.383073
40.739,0.680240,0.102148,0.552234,0.383835
40.750,0.679898,0.101642,0.551698,0.384135
40.759,0.672985,0.101169,0.545800,0.380494
40.770,0.670590,0.101977,0.548193,0.372528
40.780,0.668906,0.102769,0.547889,0.369719
40.790,0.658556,0.103281,0.535064,0.369778
40.799,0.658098,0.101867,0.534666,0.369929
40.810,0.657210,0.102092,0.535662,0.366835
40.820,0.672972,0.102326,0.555976,0.365118
40.830,0.676217,0.104302,0.559459,0.365235
40.839,0.677178,0.106622,0.559795,0.365829
40.850,0.674704,0.107010,0.549047,0.377255
40.860,0.657111,0.104733,0.527564,0.377494
40.870,0.651191,0.107559,0.519686,0.377369
40.880,0.648992,0.107564,0.519526,0.373782
40.890,0.661394,0.107326,0.530819,0.379676
40.900,0.663794,0.108338,0.529182,0.385813
40.910,0.658326,0.108113,0.521984,0.386311
40.920,0.656032,0.108208,0.523070,0.380877
40.930,0.652469,0.110677,0.526402,0.369279
40.940,0.664367,0.110644,0.542465,0.367250
40.950,0.664794,0.110554,0.539568,0.372284
40.959,0.678736,0.110735,0.548794,0.383727
40.970,0.672231,0.110602,0.539190,0.385922
40.979,0.663393,0.109491,0.531671,0.381350
40.990,0.663101,0.107958,0.531409,0.381646
41.000,0.677135,0.109232,0.550623,0.378676
41.010,0.678437,0.110144,0.551865,0.378931
41.020,0.666451,0.110019,0.537378,0.378520
41.030,0.671307,0.104898,0.534904,0.391825
41.040,0.672964,0.105118,0.535314,0.394043
41.050,0.665832,0.105184,0.533536,0.384198
41.060,0.664895,0.104150,0.532208,0.384698
41.070,0.672231,0.103595,0.535839,0.392478
41.080,0.680839,0.102486,0.545132,0.394803
41.090,0.664790,0.098242,0.528452,0.391194
41.100,0.667672,0.098108,0.525601,0.399881
41.110,0.667219,0.099711,0.524703,0.399907
41.120,0.677251,0.095155,0.539029,0.398826
41.130,0.683126,0.094518,0.544370,0.401733
41.140,0.687173,0.095049,0.541218,0.412619
41.150,0.690410,0.098275,0.541867,0.416399
41.160,0.684029,0.099150,0.539002,0.409318
41.170,0.682285,0.097799,0.539641,0.405876
41.180,0.679916,0.097027,0.536595,0.406125
41.190,0.691549,0.097204,0.551992,0.405089
41.200,0.693174,0.097702,0.553967,0.405049
41.210,0.692725,0.097701,0.545728,0.415335
41.220,0.696002,0.098353,0.544254,0.422532
41.230,0.692926,0.098834,0.546941,0.413804
41.240,0.701795,0.099475,0.558081,0.413723
41.250,0.692222,0.100144,0.545583,0.414104
41.260,0.697881,0.101503,0.550585,0.416643
41.270,0.692001,0.101791,0.547089,0.411337
41.280,0.688315,0.101256,0.541500,0.412676
41.290,0.689986,0.101345,0.541468,0.415477
41.300,0.694291,0.101591,0.546691,0.415750
41.310,0.710925,0.101021,0.568076,0.415329
41.320,0.694708,0.100541,0.547677,0.415403
41.330,0.698243,0.099446,0.548396,0.420613
41.340,0.697527,0.095426,0.548457,0.420277
41.350,0.696389,0.095790,0.553439,0.411688
41.360,0.695098,0.095659,0.551754,0.411799
41.370,0.697481,0.096773,0.554255,0.412210
41.380,0.710782,0.097392,0.569536,0.413950
41.390,0.702454,0.097233,0.563803,0.407572
41.400,0.692603,0.100146,0.552628,0.405306
41.410,0.694140,0.100959,0.553682,0.406292
41.420,0.708197,0.101998,0.572093,0.404781
41.430,0.707328,0.098592,0.572097,0.404100
41.440,0.700231,0.103279,0.558646,0.409355
41.450,0.708204,0.104048,0.567937,0.410091
41.460,0.702850,0.104909,0.567090,0.401747
41.470,0.691730,0.104965,0.562121,0.389220
41.480,0.694885,0.104371,0.567347,0.387414
41.490,0.715816,0.103446,0.592765,0.387714
41.500,0.711218,0.103660,0.586566,0.388621
41.510,0.700970,0.103737,0.572360,0.391154
41.520,0.706669,0.099773,0.573886,0.400101
41.530,0.704164,0.101250,0.574228,0.394789
41.540,0.693428,0.102933,0.573971,0.375238
41.550,0.692243,0.103423,0.574197,0.372560
41.560,0.703831,0.103711,0.586290,0.375347
41.570,0.714764,0.106471,0.600365,0.372979
41.580,0.703652,0.105618,0.592677,0.364287
41.590,0.712177,0.104728,0.592451,0.381091
41.600,0.710420,0.105344,0.591259,0.379488
41.610,0.708348,0.100723,0.593050,0.374036
41.620,0.696450,0.100444,0.579854,0.372456
41.630,0.690594,0.100488,0.574819,0.369331
41.640,0.699316,0.103066,0.592272,0.357258
41.650,0.695417,0.101982,0.592878,0.348854
41.660,0.700433,0.100845,0.593205,0.358531
41.670,0.706219,0.101557,0.590968,0.373078
41.680,0.711616,0.101409,0.595590,0.376013
41.690,0.701047,0.103192,0.582150,0.376722
41.700,0.696284,0.101929,0.576585,0.376791
41.710,0.700774,0.101617,0.588788,0.366177
41.720,0.695129,0.099459,0.590963,0.352243
41.730,0.700860,0.097345,0.588605,0.367794
41.740,0.699663,0.097707,0.574808,0.386752
41.750,0.698674,0.097803,0.573870,0.386333
41.760,0.696664,0.097316,0.572863,0.384316
41.770,0.698148,0.099905,0.574720,0.383570
41.780,0.699601,0.100312,0.578309,0.380707
41.790,0.709860,0.102350,0.591637,0.378670
41.800,0.706182,0.102925,0.586086,0.380267
41.810,0.689552,0.102307,0.561996,0.386233
41.820,0.690220,0.102418,0.561482,0.388140
41.830,0.692152,0.102480,0.567680,0.382507
41.840,0.691627,0.101960,0.567313,0.382241
41.850,0.697121,0.101713,0.574427,0.381661
41.860,0.704717,0.103656,0.582181,0.383337
41.870,0.703202,0.103596,0.580454,0.383189
41.880,0.693655,0.103572,0.566226,0.387064
41.890,0.690699,0.104111,0.558968,0.392149
41.900,0.688304,0.103083,0.558648,0.388650
41.910,0.686728,0.100885,0.558437,0.386738
41.920,0.670585,0.100535,0.538337,0.387001
41.930,0.678954,0.098487,0.547827,0.388799
41.940,0.681455,0.096846,0.554915,0.383497
41.950,0.669567,0.099007,0.545301,0.375719
41.960,0.664665,0.100086,0.536928,0.378775
41.970,0.668479,0.100121,0.538954,0.382583
41.980,0.664378,0.098077,0.534129,0.382733
41.990,0.643806,0.098112,0.508742,0.382154
42.000,0.654906,0.097937,0.521048,0.384473
42.010,0.663232,0.101312,0.530332,0.385176
42.020,0.656356,0.101493,0.528908,0.375179
42.030,0.661801,0.101034,0.529681,0.383680
42.040,0.672471,0.100889,0.538030,0.390593
42.050,0.672577,0.101015,0.537932,0.390878
42.060,0.657976,0.100395,0.522353,0.387298
42.070,0.641625,0.102102,0.504162,0.383508
42.080,0.656253,0.101229,0.524926,0.380622
42.090,0.646616,0.104530,0.524449,0.363509
42.100,0.656815,0.102536,0.537771,0.362898
42.110,0.670504,0.105234,0.554052,0.362668
42.120,0.678594,0.107066,0.558577,0.370161
42.130,0.678396,0.107055,0.551290,0.380578
42.140,0.669317,0.106574,0.532487,0.391262
42.150,0.671842,0.106685,0.534168,0.393262
42.160,0.663424,0.106367,0.533090,0.380307
42.170,0.660589,0.106082,0.538960,0.366942
42.180,0.666200,0.105059,0.548632,0.363027
42.190,0.663157,0.101703,0.546150,0.362150
42.200,0.673813,0.102280,0.550289,0.375161
42.210,0.679947,0.108024,0.549191,0.386066
42.220,0.687785,0.108656,0.555674,0.390473
42.230,0.688744,0.108376,0.556021,0.391744
42.240,0.683891,0.106920,0.557679,0.381142
42.250,0.682727,0.106199,0.556292,0.381285
42.260,0.677235,0.107793,0.549631,0.380702
42.270,0.683798,0.103647,0.556187,0.384049
42.280,0.701367,0.103744,0.575940,0.386583
42.290,0.696146,0.102289,0.565937,0.392265
42.300,0.702012,0.103913,0.568906,0.397955
42.310,0.710140,0.110216,0.573781,0.403643
42.320,0.716499,0.149110,0.573657,0.402561
42.330,0.712352,0.160470,0.564352,0.403982
42.340,0.716905,0.163988,0.564353,0.410567
42.350,0.708541,0.165019,0.553267,0.410725
42.360,0.718654,0.168678,0.566508,0.408754
42.370,0.721901,0.178469,0.566682,0.410075
42.380,0.724059,0.190479,0.566925,0.408137
42.390,0.730810,0.190520,0.576515,0.406713
42.400,0.741642,0.189731,0.591037,0.405845
42.410,0.746927,0.196867,0.590277,0.413178
42.420,0.753750,0.198872,0.593824,0.419478
42.430,0.748972,0.201502,0.579559,0.429497
42.440,0.749487,0.201447,0.577578,0.433075
42.450,0.754816,0.201754,0.584914,0.432340
42.460,0.760106,0.207416,0.591833,0.429504
42.470,0.768217,0.219136,0.593842,0.435302
42.480,0.767519,0.218782,0.593316,0.434967
42.490,0.770093,0.218888,0.590435,0.443303
42.500,0.760449,0.218960,0.567611,0.456243
42.510,0.753667,0.216900,0.560286,0.455025
42.520,0.754161,0.215927,0.560699,0.455797
42.530,0.744773,0.215783,0.559559,0.441609
42.540,0.741066,0.223394,0.555857,0.436231
42.550,0.760008,0.225136,0.579428,0.437251
42.560,0.765052,0.225355,0.578744,0.446737
42.570,0.771035,0.223206,0.586303,0.448245
42.580,0.756544,0.223338,0.567683,0.447454
42.590,0.759047,0.222981,0.568453,0.450880
42.600,0.751046,0.225830,0.555406,0.452322
42.610,0.745633,0.224575,0.545600,0.455911
42.620,0.751470,0.224110,0.557998,0.450688
42.630,0.751394,0.250238,0.555634,0.439596
42.640,0.752712,0.269285,0.555629,0.430509
42.650,0.752683,0.272752,0.557962,0.425224
42.660,0.753017,0.273072,0.557469,0.426255
42.670,0.757888,0.273279,0.558381,0.433501
42.680,0.750684,0.280734,0.544592,0.433745
42.690,0.759261,0.287294,0.544607,0.444233
42.700,0.748837,0.287108,0.536110,0.436935
42.710,0.737845,0.285582,0.527087,0.430160
42.720,0.749780,0.284982,0.545877,0.427753
42.730,0.743530,0.285352,0.550077,0.410885
42.740,0.739933,0.285331,0.548145,0.406970
42.750,0.741730,0.286566,0.549826,0.407105
42.760,0.741864,0.286349,0.550525,0.406557
42.770,0.738199,0.286817,0.547158,0.404094
42.780,0.719683,0.287532,0.522892,0.402310
42.790,0.721104,0.287463,0.529220,0.396589
42.800,0.713825,0.287231,0.526073,0.387674
42.810,0.713993,0.284154,0.534128,0.379145
42.820,0.721835,0.265762,0.551272,0.382774
42.830,0.719188,0.255791,0.553266,0.381705
42.840,0.714670,0.253125,0.554093,0.373713
42.850,0.720790,0.255234,0.554211,0.383725
42.860,0.702258,0.256705,0.529411,0.383397
42.870,0.696758,0.252837,0.524680,0.382434
42.880,0.690088,0.245788,0.523693,0.376237
42.890,0.700188,0.246483,0.538231,0.373919
42.900,0.700280,0.246513,0.538323,0.373941
42.910,0.694738,0.240793,0.539181,0.366009
42.920,0.697720,0.237139,0.543070,0.368312
42.930,0.687479,0.233720,0.539435,0.356389
42.940,0.681755,0.236101,0.533156,0.353258
42.950,0.677869,0.238623,0.525165,0.356044
42.960,0.677798,0.235137,0.528445,0.353364
42.970,0.670709,0.225705,0.532024,0.340379
42.980,0.671499,0.225642,0.531680,0.342510
42.990,0.686704,0.230478,0.544473,0.349273
43.000,0.687134,0.230415,0.554613,0.333866
43.010,0.687040,0.230540,0.554334,0.334049
43.020,0.687833,0.230608,0.553160,0.337561
43.030,0.691178,0.234634,0.553619,0.340850
43.040,0.688616,0.227514,0.553093,0.341346
43.050,0.666733,0.225846,0.528046,0.338665
43.060,0.676526,0.227002,0.543331,0.333091
43.070,0.691618,0.255796,0.549651,0.332847
43.080,0.705219,0.285473,0.552326,0.332828
43.090,0.709581,0.294359,0.551912,0.335039
43.100,0.708817,0.290607,0.553240,0.334506
43.110,0.701467,0.290502,0.545900,0.331146
43.120,0.709934,0.293142,0.553874,0.333614
43.130,0.716775,0.271495,0.571107,0.337482
43.140,0.710607,0.248174,0.572267,0.340415
43.150,0.709309,0.237800,0.567615,0.352680
43.160,0.714726,0.235848,0.568094,0.363977
43.170,0.709465,0.242203,0.566499,0.351792
43.180,0.708171,0.239754,0.565783,0.352014
43.190,0.704277,0.236285,0.567153,0.344257
43.200,0.702873,0.237194,0.569268,0.337201
43.210,0.714839,0.237861,0.583868,0.336919
43.220,0.699755,0.240996,0.563389,0.337893
43.230,0.704605,0.241648,0.562519,0.348779
43.240,0.708435,0.240996,0.567358,0.349149
43.250,0.710073,0.235848,0.571583,0.349103
43.260,0.730360,0.234901,0.596902,0.349222
43.270,0.728004,0.236702,0.591727,0.351883
43.280,0.740924,0.242771,0.602675,0.356109
43.290,0.747564,0.250782,0.605034,0.360409
43.300,0.752397,0.250606,0.611118,0.360324
43.310,0.748715,0.251910,0.598395,0.372878
43.320,0.746590,0.251020,0.585530,0.389281
43.330,0.759567,0.248937,0.599774,0.394011
43.340,0.763195,0.249422,0.605694,0.391651
43.350,0.759096,0.249382,0.605847,0.383385
43.360,0.764864,0.251320,0.612618,0.382823
43.370,0.779498,0.258750,0.628304,0.381967
43.380,0.785957,0.260953,0.631343,0.388635
43.390,0.776029,0.262120,0.612455,0.398012
43.400,0.771391,0.263301,0.602233,0.403773
43.410,0.785688,0.263042,0.621734,0.401946
43.420,0.795228,0.263047,0.637763,0.395541
43.430,0.793183,0.264001,0.637277,0.391562
43.440,0.796946,0.263241,0.637661,0.399018
43.450,0.803868,0.264387,0.645496,0.399547
43.460,0.799024,0.264353,0.639464,0.399554
43.470,0.801296,0.264153,0.631710,0.416221
43.480,0.809368,0.264211,0.631996,0.431104
43.490,0.797777,0.264617,0.624857,0.419500
43.500,0.794261,0.267028,0.624452,0.411834
43.510,0.804696,0.267228,0.638034,0.411143
43.520,0.805254,0.267231,0.639399,0.410110
43.530,0.814564,0.264208,0.653226,0.408663
43.540,0.817015,0.264249,0.656598,0.408124
43.550,0.817324,0.265917,0.656385,0.408002
43.560,0.808317,0.264528,0.645580,0.408201
43.570,0.795371,0.237215,0.636610,0.413608
43.580,0.783562,0.198487,0.635214,0.413614
43.590,0.776597,0.179614,0.635033,0.409359
43.600,0.774282,0.179118,0.638601,0.399522
43.610,0.792830,0.195277,0.655375,0.401162
43.620,0.791578,0.193863,0.651640,0.405435
43.630,0.782234,0.189274,0.637892,0.411291
43.640,0.787941,0.188288,0.642957,0.414734
43.650,0.782755,0.187342,0.645137,0.401756
43.660,0.782413,0.184089,0.651852,0.391625
43.670,0.785296,0.169661,0.656057,0.396856
43.680,0.785849,0.172459,0.656059,0.396741
43.690,0.786529,0.172354,0.657846,0.395173
43.700,0.786455,0.173898,0.656226,0.397037
43.710,0.779985,0.175568,0.648661,0.395968
43.720,0.787486,0.175012,0.658804,0.394313
43.730,0.787448,0.173582,0.663329,0.387219
43.740,0.785870,0.178951,0.659517,0.388079
43.750,0.786461,0.183122,0.653740,0.397003
43.760,0.769386,0.185113,0.631226,0.399050
43.770,0.768683,0.190734,0.630324,0.396466
43.780,0.762206,0.187390,0.625697,0.392869
43.790,0.752202,0.183021,0.616873,0.389588
43.800,0.748593,0.187145,0.610637,0.390501
43.810,0.741782,0.186176,0.610365,0.378198
43.820,0.735626,0.187819,0.614624,0.357920
43.830,0.743674,0.188701,0.627493,0.351704
43.840,0.742723,0.194165,0.624696,0.351698
43.850,0.742998,0.194109,0.623988,0.353563
43.860,0.743648,0.191609,0.617302,0.367746
43.870,0.729872,0.185842,0.601531,0.369238
43.880,0.726866,0.182944,0.599655,0.367803
43.890,0.725754,0.185104,0.598963,0.365648
43.900,0.723683,0.182387,0.601428,0.358799
43.910,0.728176,0.183265,0.606293,0.359255
43.920,0.707848,0.184221,0.582899,0.356847
43.930,0.707045,0.183691,0.581821,0.357289
43.940,0.711825,0.184589,0.593523,0.346918
43.950,0.703007,0.179187,0.584764,0.346643
43.960,0.704846,0.186986,0.583690,0.348066
43.970,0.708375,0.188249,0.600349,0.325482
43.980,0.701386,0.187141,0.600290,0.310760
43.990,0.702496,0.177885,0.605290,0.309000
44.000,0.694241,0.170730,0.598042,0.308492
44.010,0.682954,0.170703,0.584684,0.308920
44.020,0.683892,0.170338,0.585621,0.309419
44.030,0.669736,0.170762,0.570508,0.306443
44.040,0.673873,0.171705,0.562843,0.328375
44.050,0.676856,0.172467,0.565109,0.330213
44.060,0.674823,0.170135,0.564711,0.327936
44.070,0.671947,0.170402,0.564790,0.321696
44.080,0.687584,0.172958,0.582418,0.321941
44.090,0.688061,0.171866,0.582783,0.322886
44.100,0.702054,0.171597,0.597308,0.326583
44.110,0.686688,0.136139,0.586218,0.330688
44.120,0.667321,0.134033,0.567619,0.324286
44.130,0.661771,0.129868,0.567498,0.314677
44.140,0.671898,0.127980,0.574955,0.323257
44.150,0.670232,0.125044,0.573558,0.323429
44.160,0.679160,0.128810,0.580507,0.328143
44.170,0.678886,0.132134,0.577480,0.331577
44.180,0.692491,0.144876,0.589535,0.333172
44.190,0.710255,0.149516,0.609315,0.332930
44.200,0.724568,0.151394,0.616980,0.348444
44.210,0.731002,0.152644,0.624256,0.348378
44.220,0.727650,0.160349,0.614658,0.354906
44.230,0.747978,0.164199,0.632819,0.363387
44.240,0.746425,0.168083,0.632830,0.358362
44.250,0.743716,0.169600,0.634074,0.349713
44.260,0.751064,0.180885,0.638710,0.351322
44.270,0.759488,0.184664,0.646429,0.353342
44.280,0.765746,0.189238,0.646483,0.364163
44.290,0.771678,0.194377,0.645596,0.375379
44.300,0.777136,0.193237,0.650560,0.378644
44.310,0.778484,0.193829,0.650228,0.381670
44.320,0.786278,0.203345,0.652861,0.388144
44.330,0.768188,0.203327,0.631384,0.387461
44.340,0.768459,0.200977,0.632631,0.387189
44.350,0.770302,0.203184,0.632318,0.390199
44.360,0.767374,0.211582,0.631954,0.380433
44.370,0.777442,0.211080,0.646049,0.377468
44.380,0.784402,0.210835,0.658254,0.370860
44.390,0.781005,0.208941,0.657022,0.366924
44.400,0.787510,0.209153,0.662771,0.370353
44.410,0.784033,0.208837,0.658018,0.371627
44.420,0.786364,0.210184,0.657147,0.377292
44.430,0.802587,0.215685,0.663303,0.397059
44.440,0.798153,0.226667,0.650530,0.403090
44.450,0.803768,0.226420,0.658175,0.401974
44.460,0.802613,0.220422,0.657555,0.404009
44.470,0.793102,0.218119,0.644311,0.407797
44.480,0.792430,0.219956,0.644157,0.405741
44.490,0.794292,0.220185,0.642475,0.411879
44.500,0.799071,0.219936,0.642345,0.421350
44.510,0.800087,0.220007,0.643972,0.420757
44.520,0.800205,0.220665,0.643616,0.421181
44.530,0.802952,0.219097,0.645944,0.423657
44.540,0.798296,0.218674,0.650394,0.407977
44.550,0.806761,0.217156,0.662018,0.406742
44.560,0.806686,0.217188,0.660534,0.408982
44.570,0.812660,0.217815,0.668386,0.407716
44.580,0.809842,0.218133,0.664796,0.407809
44.590,0.816881,0.217564,0.666012,0.419986
44.600,0.805977,0.220442,0.653179,0.417566
44.610,0.800698,0.219360,0.649654,0.413458
44.620,0.807374,0.213588,0.656230,0.419041
44.630,0.814492,0.213926,0.666602,0.416264
44.640,0.796659,0.213834,0.651628,0.405366
44.650,0.795955,0.213796,0.650030,0.406568
44.660,0.784435,0.212978,0.634673,0.408863
44.670,0.782298,0.212907,0.635669,0.403220
44.680,0.778222,0.207856,0.632813,0.402460
44.690,0.768024,0.206058,0.619576,0.404384
44.700,0.761496,0.212209,0.617094,0.392477
44.710,0.749837,0.213365,0.602207,0.392527
44.720,0.747862,0.205233,0.601586,0.394045
44.730,0.725514,0.198889,0.578652,0.389841
44.740,0.726051,0.192399,0.581536,0.389805
44.750,0.726253,0.192088,0.581316,0.390663
44.760,0.716062,0.187072,0.572769,0.386892
44.770,0.721313,0.184319,0.580361,0.386652
44.780,0.719158,0.181534,0.584140,0.378172
44.790,0.717982,0.177018,0.585094,0.376599
44.800,0.717290,0.176282,0.579557,0.384114
44.810,0.714359,0.175005,0.579278,0.379630
44.820,0.696200,0.162195,0.565889,0.371693
44.830,0.694994,0.162052,0.563666,0.372876
44.840,0.697183,0.163744,0.565539,0.373387
44.850,0.698520,0.163596,0.569010,0.370668
44.860,0.703398,0.154229,0.572877,0.377881
44.870,0.708056,0.153791,0.573268,0.386077
44.882,0.691180,0.154864,0.554069,0.383086
44.890,0.688154,0.153286,0.552993,0.379813
44.900,0.681334,0.153697,0.543095,0.381630
44.910,0.669677,0.153471,0.529094,0.380752
44.920,0.668000,0.150846,0.530264,0.377214
44.930,0.663336,0.145279,0.529662,0.371977
44.940,0.670398,0.128241,0.531491,0.387950
44.950,0.665970,0.129596,0.525738,0.387712
44.960,0.667303,0.128222,0.526216,0.389807
44.970,0.665054,0.128209,0.528143,0.383308
44.980,0.671184,0.128132,0.534728,0.384884
44.990,0.670335,0.127879,0.535281,0.382714
45.000,0.671774,0.127750,0.531472,0.390509
45.010,0.677633,0.127654,0.530673,0.401593
45.020,0.674935,0.125540,0.529188,0.399670
45.030,0.675074,0.125439,0.530652,0.397993
45.040,0.670484,0.122163,0.524101,0.399929
45.050,0.665104,0.121818,0.516472,0.400974
45.060,0.662578,0.123659,0.516574,0.396066
45.070,0.647698,0.124652,0.495736,0.397769
45.080,0.642794,0.121989,0.483049,0.406162
45.090,0.647854,0.120919,0.495866,0.399012
45.100,0.643257,0.114260,0.490604,0.400041
45.110,0.645002,0.115565,0.488093,0.405510
45.120,0.645789,0.121308,0.484652,0.409195
45.130,0.635354,0.122370,0.467402,0.412596
45.140,0.636936,0.121846,0.468766,0.413642
45.150,0.637287,0.121797,0.468861,0.414089
45.160,0.640627,0.124487,0.478689,0.407139
45.170,0.638674,0.125105,0.477429,0.405357
45.180,0.640599,0.125170,0.471014,0.415747
45.190,0.644837,0.127063,0.468052,0.424968
45.200,0.635010,0.113613,0.461705,0.420902
45.210,0.633400,0.109195,0.456280,0.425535
45.220,0.626753,0.108530,0.453797,0.418459
45.230,0.627701,0.111739,0.459742,0.412504
45.240,0.635909,0.111115,0.470789,0.412785
45.250,0.643827,0.110508,0.472110,0.423573
45.260,0.648414,0.109275,0.471360,0.431647
45.270,0.639775,0.108324,0.459474,0.431811
45.280,0.642299,0.108791,0.463507,0.431132
45.290,0.635117,0.108811,0.464314,0.419459
45.300,0.632092,0.110270,0.467878,0.410452
45.310,0.640142,0.110219,0.478669,0.410498
45.320,0.637704,0.107800,0.473907,0.412865
45.330,0.645437,0.107733,0.484191,0.412965
45.340,0.640893,0.105192,0.478819,0.412809
45.350,0.639722,0.103783,0.481748,0.407912
45.360,0.631895,0.104038,0.475750,0.402653
45.370,0.630797,0.101857,0.480166,0.396195
45.380,0.637296,0.100962,0.489146,0.395840
45.390,0.638751,0.102623,0.490906,0.395580
45.400,0.640687,0.100893,0.490970,0.399060
45.410,0.633823,0.101012,0.477290,0.404625
45.420,0.637277,0.101141,0.481423,0.405122
45.430,0.632764,0.099967,0.482409,0.397087
45.440,0.614880,0.098003,0.478111,0.374009
45.450,0.631235,0.097681,0.498057,0.375308
45.460,0.636824,0.095878,0.507163,0.373012
45.470,0.637883,0.100650,0.505911,0.375258
45.480,0.636012,0.098741,0.503593,0.375707
45.490,0.628514,0.099823,0.496325,0.372461
45.500,0.621907,0.099110,0.496434,0.361246
45.510,0.614225,0.098945,0.495560,0.349146
45.520,0.620960,0.100536,0.501596,0.351973
45.530,0.622598,0.101176,0.504751,0.350169
45.540,0.620520,0.104573,0.502575,0.348608
45.550,0.642997,0.104596,0.530935,0.347294
45.560,0.650357,0.101212,0.540515,0.347223
45.570,0.648258,0.100861,0.537829,0.347571
45.580,0.642822,0.099433,0.537452,0.338348
45.590,0.640060,0.100106,0.538468,0.331221
45.600,0.643149,0.098131,0.542633,0.330999
45.610,0.640669,0.097948,0.543845,0.324184
45.620,0.640600,0.093712,0.550816,0.313349
45.630,0.643385,0.092396,0.554586,0.312796
45.640,0.644156,0.092222,0.557415,0.309388
45.651,0.653379,0.091931,0.568856,0.307988
45.660,0.646179,0.089899,0.560615,0.308506
45.670,0.640428,0.087335,0.552511,0.311853
45.680,0.634783,0.086156,0.553150,0.299253
45.690,0.627077,0.084489,0.552419,0.284465
45.700,0.634243,0.084636,0.552431,0.299868
45.710,0.641901,0.085705,0.563656,0.294930
45.720,0.647598,0.086839,0.570604,0.293688
45.730,0.636004,0.084881,0.556973,0.295088
45.740,0.627362,0.086292,0.544534,0.299364
45.750,0.621365,0.089710,0.547753,0.279309
45.760,0.619027,0.088916,0.548696,0.272437
45.770,0.623611,0.090822,0.546742,0.285859
45.780,0.610900,0.090721,0.533178,0.284059
45.790,0.612612,0.090649,0.531990,0.289937
45.800,0.611092,0.090464,0.527022,0.295798
45.810,0.611713,0.093143,0.527320,0.295722
45.820,0.622658,0.093150,0.543005,0.290123
45.830,0.621999,0.093652,0.534213,0.304513
45.840,0.628193,0.097119,0.534829,0.314884
45.850,0.622168,0.096550,0.529254,0.312507
45.860,0.624370,0.096472,0.531309,0.313435
45.870,0.609716,0.102014,0.514514,0.310841
45.882,0.607625,0.105995,0.511295,0.310725
45.890,0.619634,0.105285,0.520978,0.318501
45.900,0.626458,0.105313,0.522636,0.328953
45.910,0.628000,0.104791,0.528408,0.322781
45.920,0.623878,0.109994,0.523499,0.321050
45.930,0.619070,0.111170,0.516878,0.322065
45.940,0.626205,0.111408,0.522450,0.326752
45.950,0.627484,0.109399,0.522840,0.329252
45.960,0.620287,0.108886,0.514260,0.329298
45.970,0.636714,0.105085,0.523121,0.347429
45.980,0.643629,0.108491,0.525392,0.355599
45.990,0.643813,0.111010,0.526232,0.353909
46.000,0.641974,0.111021,0.526605,0.349988
46.010,0.646708,0.110814,0.531979,0.350643
46.020,0.644843,0.112664,0.532961,0.345082
46.030,0.638947,0.111685,0.525457,0.345941
46.040,0.649721,0.108961,0.529900,0.359820
46.050,0.634090,0.109165,0.508853,0.362245
46.060,0.628015,0.110162,0.501248,0.361963
46.070,0.630146,0.109377,0.503829,0.362322
46.080,0.649733,0.111877,0.526216,0.364326
46.090,0.651993,0.112947,0.527298,0.366463
46.100,0.645765,0.112762,0.519901,0.366060
46.110,0.647175,0.113340,0.516468,0.373164
46.120,0.638593,0.112363,0.506353,0.372536
46.130,0.635816,0.111674,0.504735,0.370181
46.140,0.637227,0.112349,0.505589,0.371235
46.150,0.653551,0.112492,0.525345,0.372139
46.160,0.662671,0.112326,0.536513,0.372383
46.170,0.663515,0.113437,0.535602,0.374852
46.180,0.666750,0.111780,0.537597,0.378219
46.190,0.679623,0.112131,0.553395,0.378244
46.200,0.675600,0.112067,0.557591,0.364649
46.210,0.670986,0.112564,0.552159,0.364241
46.220,0.666893,0.110707,0.546383,0.366000
46.230,0.666209,0.111845,0.545616,0.365552
46.240,0.667093,0.110568,0.547408,0.364873
46.250,0.663776,0.107108,0.543634,0.365499
46.260,0.683718,0.106575,0.569471,0.363062
46.270,0.681907,0.105511,0.574364,0.352093
46.280,0.685235,0.105518,0.574666,0.358010
46.290,0.695832,0.105530,0.582163,0.366241
46.300,0.712008,0.104515,0.604997,0.360570
46.310,0.713002,0.103188,0.604147,0.364321
46.320,0.702697,0.102958,0.590988,0.365945
46.330,0.701582,0.102303,0.589650,0.366148
46.340,0.695864,0.099595,0.588980,0.356946
46.350,0.696706,0.101826,0.588294,0.359083
46.360,0.695707,0.101815,0.587079,0.359138
46.370,0.708177,0.094548,0.599016,0.365726
46.380,0.719927,0.090795,0.610294,0.370934
46.390,0.712931,0.090621,0.604960,0.366172
46.400,0.708593,0.090675,0.604966,0.357630
46.410,0.706853,0.093171,0.605202,0.353116
46.420,0.720927,0.085746,0.622782,0.352883
46.430,0.728767,0.083985,0.625145,0.365023
46.440,0.730330,0.084904,0.623241,0.371138
46.450,0.722536,0.084305,0.608094,0.381015
46.460,0.726853,0.084236,0.611905,0.383134
46.470,0.715542,0.084391,0.604199,0.373928
46.480,0.714476,0.080959,0.608086,0.366268
46.490,0.728309,0.081102,0.616981,0.378405
46.500,0.728261,0.085508,0.616918,0.377445
46.510,0.724641,0.085554,0.612158,0.378217
46.520,0.741402,0.082550,0.628616,0.384324
46.530,0.751583,0.083777,0.641126,0.383167
46.540,0.742724,0.092172,0.637091,0.370483
46.550,0.743401,0.091891,0.628965,0.385493
46.560,0.758296,0.091376,0.627531,0.415773
46.570,0.763641,0.091864,0.631068,0.420073
46.580,0.747900,0.087648,0.613558,0.418591
46.590,0.745602,0.086614,0.604068,0.428394
46.600,0.757527,0.093223,0.606540,0.444145
46.610,0.755752,0.093244,0.608474,0.438435
46.620,0.760737,0.093687,0.609359,0.445673
46.630,0.763814,0.095752,0.613011,0.445488
46.640,0.769866,0.098333,0.620865,0.444467
46.650,0.764434,0.098812,0.611685,0.447703
46.660,0.771400,0.099298,0.601358,0.472828
46.670,0.777573,0.098717,0.601167,0.483190
46.680,0.780021,0.098549,0.603687,0.484028
46.690,0.785992,0.099370,0.605065,0.491737
46.700,0.793783,0.099243,0.602117,0.507639
46.710,0.794772,0.098320,0.596082,0.516413
46.720,0.798694,0.099281,0.596795,0.521433
46.730,0.803509,0.098661,0.603726,0.520968
46.740,0.800722,0.100189,0.601361,0.519118
46.750,0.801554,0.100411,0.603944,0.517356
46.760,0.783625,0.100164,0.579401,0.518006
46.770,0.784301,0.100182,0.580867,0.517383
46.780,0.785602,0.103582,0.580967,0.518575
46.790,0.782975,0.102708,0.584949,0.510232
46.800,0.772226,0.105482,0.569640,0.510605
46.810,0.765031,0.106868,0.561264,0.508757
46.820,0.768228,0.110187,0.561306,0.512805
46.830,0.779196,0.116490,0.579418,0.507790
46.840,0.795695,0.124317,0.600361,0.507191
46.850,0.805583,0.123121,0.611975,0.509207
46.860,0.810396,0.124694,0.617305,0.510027
46.870,0.804800,0.126725,0.613890,0.504761
46.880,0.810370,0.127330,0.620704,0.505186
46.890,0.822976,0.137150,0.631333,0.509802
46.900,0.822135,0.138247,0.630806,0.508800
46.910,0.820331,0.136227,0.626485,0.511763
46.920,0.813846,0.145022,0.614957,0.512974
46.930,0.821221,0.159855,0.628241,0.504146
46.940,0.822301,0.177693,0.631366,0.495965
46.950,0.819886,0.177661,0.630723,0.492787
46.960,0.819545,0.177498,0.626774,0.497295
46.970,0.824692,0.197850,0.630897,0.492891
46.980,0.825645,0.209319,0.629896,0.491025
46.990,0.817400,0.216301,0.620285,0.486418
47.000,0.821053,0.214071,0.620524,0.493206
47.010,0.827819,0.215149,0.624257,0.499297
47.020,0.815143,0.215879,0.608837,0.497164
47.030,0.808650,0.215703,0.597664,0.500186
47.040,0.812922,0.212791,0.596801,0.509304
47.050,0.808263,0.212788,0.596406,0.502305
47.060,0.808840,0.213488,0.616475,0.478124
47.070,0.802966,0.214347,0.612696,0.472667
47.080,0.805283,0.217660,0.611741,0.476318
47.090,0.798795,0.217762,0.611282,0.465819
47.100,0.794396,0.216071,0.616868,0.451500
47.110,0.807468,0.215698,0.632503,0.453230
47.120,0.804543,0.216777,0.632934,0.446869
47.130,0.798957,0.215380,0.627015,0.445865
47.140,0.806655,0.215836,0.633860,0.449811
47.150,0.802122,0.215021,0.629402,0.448352
47.160,0.786719,0.219017,0.628020,0.420177
47.170,0.781479,0.225484,0.628026,0.406754
47.180,0.781861,0.226513,0.630306,0.403377
47.190,0.776461,0.234558,0.625989,0.394984
47.200,0.769864,0.248470,0.625082,0.374466
47.210,0.765884,0.255483,0.624523,0.362324
47.220,0.765114,0.254155,0.628202,0.355200
47.230,0.761468,0.254073,0.624200,0.354478
47.240,0.766547,0.255444,0.626730,0.359933
47.250,0.766341,0.255731,0.625826,0.360862
47.260,0.786934,0.262662,0.649287,0.358747
47.270,0.791052,0.269913,0.647105,0.366286
47.280,0.793118,0.272788,0.648347,0.366427
47.290,0.783906,0.272394,0.637366,0.366164
47.300,0.794103,0.272101,0.649750,0.366585
47.310,0.798544,0.272678,0.652950,0.370103
47.320,0.799631,0.272253,0.655719,0.367859
47.330,0.784818,0.269374,0.640938,0.364109
47.340,0.779309,0.264401,0.637119,0.362620
47.350,0.772706,0.267181,0.629745,0.359320
47.360,0.768514,0.269636,0.624386,0.357842
47.370,0.761337,0.272682,0.614753,0.356873
47.380,0.753905,0.272612,0.608423,0.351962
47.390,0.735532,0.269317,0.591987,0.343551
47.400,0.735080,0.268970,0.593304,0.340572
47.410,0.728935,0.269784,0.587754,0.336314
47.420,0.725256,0.264725,0.585623,0.336100
47.430,0.708237,0.255302,0.568255,0.336908
47.440,0.701708,0.240034,0.567895,0.335071
47.450,0.700546,0.242050,0.567841,0.331259
47.460,0.701899,0.244745,0.567222,0.333198
47.470,0.698486,0.235256,0.567203,0.332893
47.480,0.695407,0.226723,0.569227,0.328888
47.490,0.694022,0.219668,0.569764,0.329819
47.500,0.700833,0.221611,0.571165,0.340333
47.510,0.693490,0.222928,0.567146,0.331026
47.520,0.702471,0.222607,0.579953,0.327973
47.530,0.707011,0.222533,0.583204,0.331988
47.540,0.707683,0.221642,0.583791,0.332986
47.550,0.705190,0.221669,0.585962,0.323735
47.560,0.705776,0.221120,0.586881,0.323723
47.570,0.708661,0.221041,0.583852,0.335348
47.580,0.721018,0.216435,0.593740,0.347126
47.590,0.736617,0.216424,0.594082,0.377932
47.600,0.739127,0.216224,0.593118,0.384405
47.610,0.731844,0.216221,0.581332,0.388455
47.620,0.735785,0.215266,0.581841,0.395603
47.630,0.744799,0.215678,0.593054,0.395596
47.640,0.737149,0.215578,0.572041,0.411928
47.650,0.726947,0.215065,0.559822,0.410850
47.660,0.724816,0.210080,0.559157,0.410569
47.670,0.722155,0.197510,0.559961,0.411024
47.680,0.726291,0.193641,0.552987,0.429194
47.690,0.717462,0.177601,0.539228,0.438682
47.700,0.721931,0.145475,0.551744,0.442266
47.710,0.738447,0.118261,0.551660,0.476434
47.720,0.745947,0.111795,0.548247,0.493321
47.730,0.753491,0.108845,0.551225,0.502048
47.740,0.760463,0.109742,0.563761,0.498432
47.750,0.764081,0.109791,0.565847,0.501581
47.760,0.752627,0.102724,0.551450,0.501794
47.770,0.748663,0.094507,0.551325,0.497600
47.780,0.745501,0.097192,0.549276,0.494592
47.790,0.754309,0.095670,0.561303,0.494741
47.800,0.740442,0.093242,0.540356,0.497571
47.810,0.740810,0.094914,0.538058,0.500285
47.820,0.742753,0.095067,0.535706,0.505632
47.830,0.757292,0.095560,0.555994,0.505204
47.840,0.746136,0.096538,0.539923,0.505849
47.850,0.745520,0.099902,0.536239,0.508200
47.860,0.749473,0.099520,0.540215,0.509875
47.870,0.751747,0.096007,0.542235,0.511750
47.881,0.750854,0.095310,0.539367,0.513596
47.890,0.763346,0.095967,0.548008,0.522661
47.900,0.770488,0.095499,0.556154,0.524618
47.910,0.777679,0.094655,0.566092,0.524752
47.920,0.785947,0.095150,0.571938,0.530609
47.930,0.793000,0.098676,0.572749,0.539509
47.940,0.793621,0.102652,0.570492,0.542066
47.950,0.798285,0.101980,0.575579,0.543663
47.960,0.807743,0.099837,0.579574,0.553693
47.970,0.808010,0.100140,0.574551,0.559234
47.980,0.833191,0.099346,0.608874,0.560009
47.990,0.833410,0.099695,0.608175,0.561031
48.000,0.827105,0.106444,0.605488,0.553315
48.010,0.829271,0.103734,0.604514,0.558114
48.020,0.815085,0.103356,0.584619,0.558481
48.030,0.808119,0.104846,0.580058,0.552808
48.040,0.806070,0.104838,0.586004,0.543468
48.050,0.811437,0.104820,0.589324,0.547851
48.060,0.803868,0.106615,0.577333,0.549111
48.070,0.802515,0.105100,0.582201,0.542241
48.080,0.789723,0.105157,0.575526,0.530447
48.090,0.780091,0.107456,0.581236,0.509078
48.100,0.770580,0.107973,0.571469,0.505528
48.110,0.771075,0.108076,0.571355,0.506390
48.120,0.765227,0.108893,0.569351,0.499554
48.130,0.764914,0.106910,0.569081,0.499811
48.140,0.755330,0.115680,0.568488,0.483696
48.150,0.763582,0.118282,0.570739,0.493278
48.160,0.772386,0.116246,0.574654,0.502832
48.170,0.773082,0.117183,0.575629,0.502568
48.180,0.765810,0.117475,0.580174,0.485864
48.190,0.770836,0.121092,0.592534,0.477941
48.200,0.770756,0.126554,0.592492,0.476448
48.210,0.751953,0.126377,0.592530,0.445389
48.220,0.754804,0.126453,0.594739,0.447241
48.230,0.750062,0.131389,0.591112,0.442624
48.240,0.747717,0.131347,0.586735,0.444489
48.250,0.756167,0.135090,0.588273,0.455493
48.260,0.759925,0.136052,0.581654,0.469740
48.270,0.773297,0.140731,0.586309,0.484173
48.280,0.773417,0.143769,0.586788,0.482891
48.290,0.762406,0.144481,0.572174,0.482705
48.300,0.762842,0.144487,0.576952,0.477680
48.310,0.773212,0.144596,0.593109,0.474520
48.320,0.765395,0.143976,0.592280,0.462932
48.330,0.752642,0.144591,0.566861,0.473532
48.340,0.766860,0.145514,0.570386,0.491487
48.350,0.768561,0.143542,0.571468,0.493464
48.360,0.771439,0.143340,0.576428,0.492242
48.370,0.771000,0.142932,0.573240,0.495387
48.380,0.758638,0.146390,0.554935,0.496134
48.390,0.749318,0.146492,0.550220,0.487109
48.400,0.746160,0.146285,0.541766,0.491778
48.410,0.743549,0.145263,0.534506,0.496052
48.420,0.741408,0.143660,0.533551,0.494339
48.430,0.753199,0.143844,0.557191,0.485958
48.440,0.747104,0.142946,0.551063,0.483798
48.450,0.742603,0.143041,0.545891,0.482701
48.460,0.725025,0.142830,0.537485,0.465157
48.470,0.724353,0.139477,0.537870,0.464682
48.480,0.702076,0.139113,0.498373,0.474533
48.490,0.701413,0.137648,0.504026,0.467964
48.500,0.705449,0.133086,0.516016,0.462249
48.510,0.703958,0.132995,0.515463,0.460617
48.520,0.709538,0.133025,0.515384,0.469178
48.530,0.708191,0.130837,0.514102,0.469164
48.540,0.703668,0.130317,0.506253,0.471035
48.550,0.702232,0.136544,0.504067,0.469469
48.560,0.705074,0.160039,0.502338,0.468159
48.570,0.708672,0.161300,0.504948,0.470346
48.580,0.709550,0.164927,0.498471,0.477270
48.590,0.712395,0.166908,0.494279,0.485115
48.600,0.719645,0.184570,0.496264,0.487385
48.610,0.713122,0.186679,0.488069,0.485265
48.620,0.715567,0.185283,0.491051,0.486391
48.630,0.715280,0.187324,0.490008,0.486237
48.640,0.716570,0.178618,0.493624,0.487755
48.650,0.713265,0.174617,0.489275,0.488739
48.660,0.713760,0.175886,0.487045,0.491228
48.670,0.714455,0.180444,0.487712,0.489922
48.680,0.709234,0.182793,0.482625,0.486490
48.690,0.701022,0.186382,0.466288,0.489152
48.700,0.696085,0.184404,0.460190,0.488626
48.710,0.695147,0.186274,0.460704,0.486089
48.720,0.677552,0.185999,0.454428,0.466879
48.730,0.677015,0.181231,0.458372,0.464111
48.740,0.674404,0.181015,0.458003,0.460747
48.750,0.661544,0.184530,0.450530,0.447897
48.760,0.656106,0.189491,0.447237,0.441075
48.770,0.645785,0.187704,0.439588,0.434244
48.780,0.645289,0.186963,0.440198,0.433207
48.790,0.655679,0.186876,0.456380,0.432099
48.800,0.656405,0.189324,0.450647,0.438112
48.810,0.644726,0.189042,0.431595,0.440068
48.820,0.647006,0.188588,0.432445,0.442767
48.830,0.644273,0.188270,0.438438,0.432913
48.840,0.628113,0.188042,0.434455,0.412813
48.850,0.634653,0.189029,0.441767,0.414601
48.860,0.633099,0.192465,0.437923,0.414723
48.870,0.628442,0.191992,0.436306,0.409531
48.881,0.631337,0.188451,0.438271,0.413512
48.891,0.645280,0.189955,0.445966,0.425932
48.900,0.652063,0.192646,0.460423,0.419624
48.910,0.654984,0.192622,0.469911,0.413624
48.920,0.643757,0.192560,0.453540,0.414300
48.930,0.629017,0.192176,0.426651,0.420356
48.940,0.630933,0.192387,0.430290,0.419421
48.950,0.623781,0.191504,0.426682,0.412761
48.960,0.623313,0.193104,0.426036,0.411975
48.970,0.637236,0.190813,0.449724,0.409156
48.980,0.639524,0.190987,0.461976,0.398865
48.990,0.635436,0.191489,0.455939,0.399037
49.000,0.629182,0.191405,0.444260,0.402326
49.010,0.634980,0.191452,0.451380,0.403486
49.020,0.639468,0.191386,0.467741,0.391803
49.030,0.642392,0.191208,0.470293,0.393613
49.040,0.647739,0.191581,0.467281,0.405599
49.050,0.655497,0.184859,0.467578,0.420564
49.060,0.640675,0.152875,0.458921,0.420100
49.070,0.638105,0.148052,0.459486,0.417291
49.080,0.630021,0.136657,0.458319,0.410117
49.090,0.627228,0.128394,0.465865,0.399875
49.100,0.632884,0.115597,0.479247,0.396866
49.108,0.631723,0.115121,0.479280,0.395110
49.120,0.636092,0.114903,0.478753,0.402748
49.128,0.634037,0.104263,0.473936,0.408064
49.139,0.641539,0.105841,0.486182,0.404965
49.149,0.634461,0.105105,0.488461,0.391023
49.159,0.628320,0.106841,0.491803,0.376166
49.169,0.641061,0.105824,0.501415,0.385154
49.179,0.647278,0.106688,0.508689,0.385774
49.189,0.650496,0.104951,0.508206,0.392246
49.199,0.647486,0.104915,0.503359,0.393525
49.209,0.647242,0.103847,0.503299,0.393481
49.219,0.648296,0.105861,0.506488,0.390579
49.229,0.643414,0.107606,0.500689,0.389503
49.239,0.645184,0.107330,0.503221,0.389245
49.249,0.651610,0.103709,0.513593,0.387377
49.259,0.646707,0.099839,0.513597,0.380106
49.269,0.647516,0.099213,0.513835,0.381323
49.279,0.655438,0.104376,0.513323,0.393958
49.289,0.644090,0.104321,0.498768,0.393955
49.299,0.646582,0.101634,0.498168,0.399458
49.309,0.645871,0.101560,0.497503,0.399155
49.319,0.649746,0.103649,0.504317,0.396348
49.329,0.656376,0.105356,0.512539,0.396275
49.339,0.660291,0.106009,0.512611,0.402463
49.349,0.663086,0.105493,0.518940,0.399067
49.359,0.660297,0.099891,0.516017,0.399676
49.369,0.667046,0.100269,0.519163,0.406652
49.379,0.667730,0.102455,0.520333,0.405734
49.389,0.654728,0.101289,0.514226,0.392404
49.399,0.645801,0.094509,0.502198,0.394873
49.409,0.641610,0.094436,0.494044,0.398328
49.419,0.651685,0.093983,0.510731,0.393719
49.429,0.664729,0.094077,0.533915,0.384640
49.439,0.662731,0.092900,0.531516,0.384801
49.449,0.667203,0.093020,0.537420,0.384301
49.459,0.672415,0.091121,0.543665,0.385055
49.469,0.657959,0.095178,0.525793,0.383917
49.479,0.653872,0.094419,0.515614,0.390866
49.489,0.652527,0.093379,0.513640,0.391466
49.499,0.651506,0.092449,0.513888,0.389656
49.509,0.643587,0.092736,0.507968,0.384152
49.519,0.635637,0.095157,0.496421,0.385415
49.529,0.661531,0.095181,0.530304,0.383851
49.539,0.658417,0.093876,0.537809,0.368052
49.549,0.656243,0.095342,0.549233,0.346278
49.559,0.666230,0.095373,0.557061,0.352774
49.569,0.664581,0.095674,0.554294,0.353938
49.579,0.670240,0.094490,0.556498,0.361391
49.589,0.673886,0.094437,0.554185,0.371596
49.599,0.670589,0.094378,0.551490,0.369650
49.609,0.676338,0.094425,0.560513,0.366528
49.619,0.675230,0.098213,0.561208,0.362401
49.630,0.680484,0.098015,0.565804,0.365127
49.639,0.679764,0.097795,0.564889,0.365260
49.649,0.677855,0.098031,0.562140,0.365892
49.659,0.678884,0.098489,0.558988,0.372446
49.669,0.683612,0.098467,0.564517,0.372761
49.679,0.690120,0.098989,0.571769,0.373559
49.689,0.684011,0.102546,0.570804,0.362683
49.699,0.686059,0.102329,0.573641,0.362134
49.709,0.695620,0.106148,0.575215,0.376493
49.719,0.693242,0.105757,0.572015,0.377091
49.729,0.703160,0.105447,0.572725,0.394083
49.739,0.697393,0.105198,0.561653,0.399796
49.749,0.693321,0.109251,0.555802,0.399803
49.759,0.704607,0.106388,0.569888,0.400475
49.770,0.704742,0.108241,0.568854,0.401684
49.779,0.702637,0.106297,0.572230,0.393640
49.789,0.704304,0.106052,0.572496,0.396289
49.799,0.702886,0.106476,0.576562,0.387669
49.809,0.702917,0.112205,0.577249,0.385079
49.819,0.711515,0.112085,0.585836,0.387926
49.829,0.707161,0.112300,0.581358,0.386638
49.839,0.707248,0.110298,0.580798,0.388210
49.849,0.699737,0.110497,0.564365,0.398640
49.859,0.701479,0.111066,0.565883,0.399392
49.869,0.701112,0.114407,0.569668,0.392361
49.880,0.696031,0.114042,0.567611,0.386356
49.890,0.703616,0.115162,0.570370,0.395590
49.900,0.702663,0.115171,0.570018,0.394398
49.910,0.702338,0.120513,0.570997,0.390791
49.919,0.690536,0.120084,0.557765,0.388996
49.930,0.674828,0.120144,0.538206,0.388963
49.939,0.682906,0.119379,0.547303,0.390602
49.950,0.677334,0.119426,0.539337,0.391962
49.959,0.677341,0.118923,0.534145,0.399170
49.970,0.684320,0.114398,0.541940,0.401880
49.979,0.696224,0.114752,0.564321,0.391283
49.989,0.697536,0.114409,0.566018,0.391267
49.999,0.699994,0.114648,0.566943,0.394236
50.010,0.701038,0.114151,0.565436,0.398380
50.019,0.700889,0.114053,0.565913,0.397466
50.030,0.679132,0.114381,0.537916,0.398477
50.039,0.674903,0.114135,0.530917,0.400742
50.050,0.678541,0.111759,0.532051,0.406016
50.060,0.670588,0.111845,0.524999,0.401939
50.070,0.668938,0.113449,0.523718,0.400409
50.079,0.667477,0.113574,0.526291,0.394518
50.090,0.675211,0.113724,0.541894,0.386429
50.099,0.675296,0.114649,0.541443,0.386937
50.110,0.671987,0.115423,0.530914,0.395443
50.119,0.684857,0.112333,0.541935,0.403382
50.130,0.686141,0.112585,0.548097,0.397119
50.140,0.683712,0.113162,0.545508,0.396330
50.150,0.686522,0.116033,0.545474,0.400384
50.159,0.688799,0.115844,0.546765,0.402581
50.170,0.671948,0.113344,0.533563,0.392401
50.179,0.660575,0.112917,0.519562,0.392000
50.190,0.659567,0.109269,0.518717,0.392455
50.199,0.678616,0.109958,0.543515,0.391178
50.210,0.686440,0.105922,0.564578,0.375810
50.219,0.685774,0.109043,0.564508,0.373799
50.230,0.678548,0.109086,0.563828,0.361421
50.240,0.689512,0.109426,0.580179,0.356153
50.250,0.697877,0.109120,0.589865,0.356630
50.259,0.687683,0.109490,0.578523,0.355290
50.270,0.691834,0.108107,0.577632,0.365086
50.279,0.700247,0.106364,0.578019,0.380693
50.290,0.713691,0.105300,0.593918,0.381481
50.299,0.718588,0.105296,0.600181,0.380872
50.310,0.720221,0.098549,0.598954,0.387636
50.320,0.712721,0.097607,0.584421,0.396102
50.330,0.708409,0.099139,0.577573,0.398026
50.339,0.706061,0.098773,0.580071,0.390235
50.350,0.699233,0.099749,0.579993,0.377605
50.359,0.695089,0.099563,0.576118,0.375931
50.370,0.698772,0.104251,0.579396,0.376450
50.380,0.700819,0.122125,0.579359,0.374935
50.390,0.701241,0.142053,0.577360,0.371774
50.400,0.707872,0.144632,0.584901,0.371558
50.410,0.725002,0.140175,0.606473,0.371713
50.420,0.731680,0.140258,0.614453,0.371658
50.430,0.739164,0.152080,0.615950,0.379264
50.440,0.734607,0.152968,0.607341,0.383906
50.450,0.735897,0.156975,0.607060,0.385204
50.460,0.731340,0.158620,0.607874,0.374416
50.470,0.722926,0.159718,0.598628,0.372501
50.480,0.717118,0.159465,0.591197,0.373249
50.490,0.723394,0.160459,0.596631,0.376275
50.500,0.720030,0.161701,0.595339,0.371305
50.510,0.723345,0.162456,0.597098,0.374580
50.520,0.729552,0.162805,0.600709,0.380643
50.530,0.743013,0.167237,0.615403,0.381286
50.540,0.749241,0.168701,0.623012,0.380471
50.550,0.739198,0.168650,0.609712,0.382390
50.560,0.745935,0.168462,0.610524,0.394082
50.570,0.744891,0.168262,0.609592,0.393635
50.580,0.741439,0.168342,0.605314,0.393684
50.590,0.728745,0.168347,0.585846,0.399390
50.600,0.734081,0.167271,0.593387,0.398480
50.610,0.741935,0.168828,0.607103,0.391650
50.620,0.728896,0.169067,0.599633,0.378346
50.630,0.723829,0.171750,0.586538,0.387818
50.640,0.717604,0.171365,0.577413,0.390107
50.650,0.719364,0.167624,0.584513,0.384358
50.660,0.716147,0.168898,0.584810,0.377276
50.670,0.715725,0.169029,0.585579,0.375217
50.680,0.726186,0.168836,0.598042,0.375748
50.690,0.737237,0.169072,0.610607,0.376951
50.700,0.718085,0.169659,0.584586,0.380948
50.710,0.711621,0.169772,0.564477,0.398683
50.720,0.720902,0.170827,0.569383,0.407825
50.730,0.721266,0.170828,0.572638,0.403891
50.740,0.706106,0.170880,0.554223,0.402769
50.750,0.694446,0.167591,0.540159,0.402985
50.760,0.699540,0.167980,0.547976,0.401076
50.770,0.692116,0.168359,0.552739,0.380997
50.780,0.687535,0.169428,0.550425,0.375541
50.790,0.683431,0.168845,0.537904,0.386301
50.800,0.680514,0.171646,0.526048,0.396120
50.810,0.677125,0.171548,0.529940,0.385010
50.820,0.674126,0.171569,0.530216,0.379316
50.830,0.682057,0.171103,0.542725,0.375998
50.840,0.684359,0.171229,0.547462,0.373247
50.850,0.689630,0.169520,0.547334,0.383767
50.860,0.695565,0.171710,0.544929,0.396709
50.870,0.687321,0.168292,0.536392,0.395438
50.880,0.686860,0.152213,0.534455,0.403690
50.890,0.678915,0.123423,0.534015,0.400649
50.900,0.675029,0.116992,0.531469,0.399397
50.910,0.672061,0.117802,0.527143,0.399886
50.920,0.665565,0.118862,0.518206,0.400388
50.930,0.664783,0.111537,0.522559,0.395510
50.940,0.662297,0.111557,0.525139,0.387841
50.950,0.660827,0.108302,0.525049,0.386376
50.960,0.666983,0.109106,0.524758,0.396979
50.970,0.682181,0.105881,0.537461,0.406566
50.980,0.680778,0.105147,0.537367,0.404523
50.990,0.680279,0.104009,0.537263,0.404116
51.000,0.682901,0.103556,0.537251,0.408645
51.010,0.685027,0.106643,0.538459,0.409818
51.020,0.680902,0.107184,0.536381,0.405505
51.030,0.663139,0.102111,0.515252,0.404773
51.040,0.659215,0.101199,0.505216,0.411194
51.050,0.677065,0.114488,0.525897,0.410782
51.060,0.680926,0.117602,0.535269,0.404124
51.070,0.683376,0.116719,0.535262,0.408501
51.080,0.689438,0.115928,0.536365,0.417370
51.090,0.695137,0.120525,0.535696,0.426285
51.100,0.681985,0.120687,0.518491,0.426269
51.110,0.676525,0.118486,0.502315,0.437410
51.120,0.683983,0.118844,0.503906,0.446975
51.130,0.683960,0.117347,0.509054,0.441468
51.140,0.708467,0.117039,0.539011,0.444629
51.150,0.712603,0.116974,0.534848,0.456132
51.160,0.718116,0.116198,0.535382,0.464279
51.170,0.718511,0.116787,0.535712,0.464361
51.180,0.715867,0.117988,0.532113,0.464112
51.190,0.709046,0.120850,0.518022,0.468823
51.200,0.716276,0.119920,0.530114,0.466530
51.210,0.720025,0.119721,0.548334,0.451035
51.220,0.716077,0.116146,0.550167,0.443387
51.230,0.726597,0.116093,0.552113,0.457861
51.240,0.743326,0.116440,0.560691,0.473921
51.250,0.750645,0.118575,0.570124,0.473673
51.260,0.752841,0.124030,0.571858,0.473671
51.270,0.751304,0.125586,0.570302,0.472696
51.280,0.754945,0.129328,0.577445,0.468801
51.290,0.752718,0.131055,0.584069,0.456369
51.300,0.749069,0.126240,0.584508,0.451130
51.310,0.752991,0.126311,0.580340,0.462868
51.320,0.765429,0.126311,0.590612,0.470218
51.330,0.772284,0.125704,0.596014,0.474751
51.340,0.770222,0.128822,0.591579,0.476111
51.350,0.772752,0.128821,0.591717,0.480024
51.360,0.775962,0.130281,0.591222,0.485387
51.370,0.775342,0.130922,0.590186,0.485485
51.380,0.774868,0.131090,0.590215,0.484647
51.390,0.775062,0.130868,0.589857,0.485452
51.400,0.781654,0.139633,0.596927,0.484937
51.410,0.783220,0.139516,0.598284,0.485823
51.420,0.791976,0.139953,0.600121,0.497487
51.430,0.791934,0.135747,0.594283,0.505529
51.440,0.796497,0.138312,0.595029,0.511095
51.450,0.815179,0.138415,0.619647,0.511270
51.460,0.812393,0.139148,0.621963,0.503767
51.470,0.801350,0.139097,0.613253,0.496724
51.480,0.800075,0.139728,0.602360,0.507699
51.490,0.796952,0.139401,0.596768,0.509478
51.500,0.795270,0.140164,0.597201,0.506122
51.510,0.787809,0.134765,0.595075,0.498364
51.520,0.792940,0.137509,0.598700,0.501402
51.530,0.803234,0.137275,0.613386,0.500097
51.540,0.807146,0.140019,0.616550,0.501742
51.550,0.798156,0.132568,0.599221,0.510306
51.560,0.797472,0.127293,0.593168,0.517599
51.570,0.808199,0.126823,0.605158,0.520467
51.580,0.805586,0.128048,0.607374,0.513487
51.590,0.804546,0.125930,0.609231,0.510170
51.600,0.810808,0.125010,0.613086,0.515663
51.610,0.804302,0.124957,0.612490,0.506107
51.620,0.800476,0.125302,0.608453,0.504823
51.630,0.800462,0.124455,0.606817,0.506976
51.640,0.788920,0.124723,0.594567,0.503318
51.650,0.792855,0.124467,0.605942,0.495944
51.660,0.791275,0.122995,0.603812,0.496387
51.670,0.792197,0.123569,0.600865,0.501267
51.680,0.795320,0.123998,0.600887,0.506057
51.690,0.807276,0.122279,0.622048,0.499798
51.700,0.802214,0.124050,0.617126,0.497307
51.710,0.793552,0.126165,0.600402,0.503315
51.720,0.797926,0.126243,0.597456,0.513610
51.730,0.787502,0.128237,0.595620,0.498950
51.740,0.777301,0.126049,0.593504,0.485862
51.750,0.769546,0.125019,0.581944,0.487764
51.760,0.769057,0.121094,0.578882,0.491611
51.770,0.774649,0.119238,0.589676,0.488001
51.780,0.765372,0.114932,0.580243,0.485698
51.790,0.760633,0.113552,0.569494,0.491269
51.800,0.774714,0.113028,0.587800,0.491831
51.810,0.785145,0.113563,0.608822,0.482589
51.820,0.773370,0.115849,0.598341,0.476097
51.830,0.767904,0.116341,0.584008,0.484846
51.840,0.776766,0.112924,0.581920,0.501979
51.850,0.772143,0.114004,0.584523,0.491468
51.860,0.766643,0.112583,0.591588,0.474436
51.870,0.769310,0.111384,0.592537,0.477840
51.880,0.770958,0.110213,0.593770,0.479236
51.890,0.769568,0.110270,0.593851,0.476882
51.900,0.761698,0.096071,0.585703,0.477395
51.910,0.749462,0.096401,0.571444,0.475240
51.920,0.740387,0.096398,0.568675,0.464208
51.930,0.750103,0.096278,0.589553,0.453664
51.940,0.751794,0.093950,0.597003,0.447163
51.950,0.734634,0.096297,0.572155,0.450613
51.960,0.744542,0.093222,0.573278,0.465838
51.970,0.757630,0.092900,0.589234,0.467093
51.980,0.759193,0.090977,0.599013,0.457473
51.990,0.758556,0.090883,0.598672,0.456880
52.000,0.768085,0.084802,0.604327,0.466424
52.010,0.777414,0.086248,0.608835,0.475662
52.020,0.768785,0.085762,0.598501,0.474839
52.030,0.758882,0.084728,0.583520,0.477732
52.040,0.757633,0.084382,0.587633,0.470718
52.050,0.758249,0.085518,0.599763,0.455975
52.060,0.758649,0.088230,0.609161,0.443494
52.070,0.751822,0.088929,0.602830,0.440368
52.080,0.751670,0.089248,0.599565,0.444483
52.090,0.745841,0.088676,0.597671,0.437270
52.100,0.742717,0.087511,0.599376,0.429789
52.110,0.754547,0.087608,0.614085,0.429611
52.120,0.750653,0.087728,0.613946,0.422912
52.130,0.758719,0.087677,0.622173,0.425287
52.140,0.751785,0.092065,0.610998,0.428236
52.150,0.739298,0.095330,0.597204,0.425231
52.160,0.735027,0.095269,0.596865,0.418259
52.170,0.735436,0.095977,0.601496,0.412136
52.180,0.734577,0.096485,0.603898,0.406942
52.190,0.725432,0.099308,0.590774,0.409116
52.200,0.732220,0.096981,0.585386,0.429028
52.210,0.737289,0.096272,0.591520,0.429455
52.220,0.728616,0.096150,0.589204,0.417702
52.230,0.733033,0.097328,0.593957,0.418426
52.240,0.729514,0.097747,0.588245,0.420243
52.250,0.739068,0.091651,0.600915,0.420384
52.260,0.747276,0.091655,0.613022,0.417403
52.270,0.737284,0.091815,0.600121,0.418345
52.280,0.744445,0.091723,0.607043,0.421051
52.290,0.743373,0.093791,0.608554,0.416495
52.300,0.726247,0.093874,0.589943,0.413025
52.310,0.711845,0.094151,0.567827,0.418846
52.320,0.712736,0.094936,0.571708,0.414886
52.330,0.717037,0.098800,0.586467,0.400546
52.340,0.710134,0.097022,0.594255,0.376481
52.350,0.710676,0.096785,0.595410,0.375739
52.360,0.717543,0.095608,0.603350,0.376424
52.370,0.720555,0.095617,0.609609,0.372066
52.380,0.716162,0.096475,0.608970,0.364330
52.390,0.721538,0.095773,0.612972,0.368388
52.400,0.733351,0.096860,0.625256,0.370780
52.410,0.735337,0.096861,0.627598,0.370756
52.420,0.733796,0.097332,0.625851,0.370532
52.430,0.728923,0.097324,0.619443,0.371682
52.440,0.736781,0.102389,0.626224,0.374441
52.450,0.737632,0.103004,0.628683,0.371818
52.460,0.735099,0.103078,0.625607,0.371969
52.470,0.729066,0.105092,0.610069,0.385108
52.480,0.720344,0.104165,0.599722,0.385199
52.490,0.720360,0.104120,0.602238,0.381295
52.500,0.709155,0.104982,0.596969,0.368113
52.510,0.715572,0.107482,0.611144,0.356361
52.520,0.730119,0.105498,0.626257,0.360203
52.530,0.732701,0.104956,0.626297,0.365495
52.540,0.733873,0.103236,0.623486,0.373065
52.550,0.727362,0.104436,0.612152,0.378706
52.560,0.722415,0.105927,0.605600,0.379358
52.570,0.719984,0.106596,0.599946,0.383509
52.580,0.724034,0.107396,0.610048,0.374878
52.590,0.733543,0.107760,0.621508,0.374433
52.600,0.729817,0.108026,0.615627,0.376783
52.610,0.723898,0.110600,0.603904,0.383532
52.620,0.729295,0.110480,0.613192,0.379027
52.630,0.723076,0.109958,0.605727,0.379266
52.640,0.722386,0.105612,0.604374,0.381338
52.650,0.724380,0.103812,0.606262,0.382617
52.660,0.743123,0.103846,0.631282,0.378061
52.670,0.741181,0.103515,0.628407,0.379130
52.680,0.740373,0.103506,0.627395,0.379228
52.690,0.741214,0.101925,0.629218,0.378278
52.700,0.732252,0.100385,0.632398,0.355230
52.710,0.732638,0.101052,0.632068,0.356422
52.720,0.746020,0.101028,0.640672,0.368617
52.730,0.750197,0.099188,0.646370,0.367646
52.740,0.757341,0.098229,0.655115,0.367069
52.750,0.748342,0.098370,0.645640,0.365360
52.760,0.742371,0.098804,0.635220,0.371277
52.770,0.756499,0.098417,0.652350,0.370196
52.780,0.750503,0.101393,0.647021,0.366521
52.790,0.753857,0.107479,0.645980,0.373441
52.800,0.775934,0.106247,0.664827,0.385733
52.810,0.790924,0.105693,0.683576,0.383555
52.820,0.787990,0.103585,0.680610,0.383365
52.830,0.783051,0.100691,0.673803,0.386029
52.840,0.788150,0.105935,0.675834,0.391416
52.850,0.788665,0.110313,0.675941,0.391060
52.860,0.785953,0.111062,0.665344,0.403368
52.870,0.789174,0.111132,0.657981,0.421315
52.880,0.788941,0.113752,0.657469,0.420979
52.890,0.790375,0.114757,0.661676,0.416783
52.900,0.778565,0.120881,0.646379,0.416828
52.910,0.791924,0.122134,0.661982,0.417142
52.920,0.806280,0.121976,0.678221,0.418600
52.930,0.798949,0.122526,0.665108,0.425367
52.940,0.792287,0.117864,0.651091,0.435785
52.950,0.789885,0.116188,0.648622,0.435555
52.960,0.782177,0.117120,0.650000,0.419028
52.970,0.778300,0.115234,0.650211,0.411944
52.980,0.794784,0.117869,0.669374,0.411979
52.990,0.815318,0.118008,0.692826,0.413291
53.000,0.821434,0.116976,0.698445,0.416227
53.010,0.810446,0.114495,0.680618,0.424821
53.020,0.797546,0.114257,0.667763,0.420853
53.030,0.798134,0.114299,0.670787,0.417130
53.040,0.795813,0.114205,0.666030,0.420332
53.050,0.796093,0.112210,0.669088,0.416525
53.060,0.805413,0.110065,0.681008,0.415697
53.070,0.812023,0.107782,0.693251,0.408862
53.080,0.804057,0.107819,0.683446,0.409615
53.090,0.796462,0.107168,0.674542,0.409707
53.100,0.795075,0.106440,0.674780,0.406801
53.110,0.791054,0.104488,0.673043,0.402320
53.120,0.784702,0.104278,0.664690,0.403821
53.130,0.784748,0.105252,0.669838,0.395055
53.140,0.787909,0.106254,0.674355,0.393391
53.150,0.785288,0.107162,0.672286,0.391440
53.160,0.775244,0.106989,0.656196,0.398703
53.170,0.784167,0.108182,0.665507,0.400393
53.180,0.778058,0.106580,0.656791,0.403287
53.190,0.769612,0.106778,0.647590,0.401905
53.200,0.766828,0.108106,0.643715,0.402453
53.210,0.764936,0.108404,0.646990,0.393420
53.220,0.754779,0.109401,0.638287,0.387701
53.230,0.760343,0.108955,0.643074,0.390778
53.240,0.762802,0.110689,0.645092,0.391754
53.250,0.761691,0.117551,0.643377,0.390410
53.260,0.753132,0.116877,0.634935,0.387820
53.270,0.747980,0.116884,0.622633,0.397669
53.280,0.751980,0.112682,0.628703,0.396873
53.290,0.746281,0.108335,0.628464,0.387598
53.300,0.734297,0.108486,0.620927,0.376660
53.310,0.725242,0.114261,0.608967,0.376934
53.320,0.730798,0.113459,0.613003,0.381341
53.330,0.731787,0.113267,0.605605,0.394874
53.340,0.724626,0.115488,0.595325,0.396654
53.350,0.722380,0.109961,0.593140,0.397400
53.360,0.721867,0.110377,0.602769,0.381548
53.370,0.714415,0.110473,0.604380,0.364569
53.380,0.727834,0.108217,0.622382,0.361485
53.390,0.721238,0.107445,0.614604,0.361805
53.400,0.728211,0.097615,0.620553,0.368344
53.410,0.715023,0.097583,0.594074,0.385762
53.420,0.708164,0.101167,0.581829,0.390815
53.430,0.712426,0.102481,0.592863,0.381526
53.440,0.704980,0.102209,0.591598,0.369542
53.450,0.707399,0.104864,0.594173,0.369290
53.460,0.706794,0.104311,0.595158,0.366694
53.470,0.706451,0.107074,0.593265,0.368299
53.480,0.692062,0.105416,0.572250,0.374655
53.490,0.666807,0.104659,0.541994,0.374060
53.500,0.660476,0.105410,0.536518,0.370494
53.510,0.657455,0.106255,0.538705,0.361598
53.520,0.664079,0.106394,0.547317,0.360729
53.530,0.663788,0.106552,0.551371,0.353909
53.540,0.658425,0.106505,0.551310,0.343858
53.550,0.656969,0.105410,0.547311,0.347776
53.560,0.642847,0.107815,0.527995,0.350500
53.570,0.635504,0.108066,0.517936,0.352036
53.580,0.637743,0.107008,0.517881,0.356460
53.590,0.643090,0.107227,0.524747,0.355960
53.600,0.656860,0.107451,0.541378,0.356132
53.610,0.660608,0.107370,0.545675,0.356531
53.620,0.663946,0.107235,0.545683,0.362704
53.630,0.657000,0.108595,0.534602,0.366138
53.640,0.659834,0.106887,0.538562,0.365933
53.650,0.662655,0.106417,0.538838,0.370729
53.660,0.657666,0.108768,0.537869,0.362480
53.670,0.659427,0.107961,0.541812,0.360039
53.680,0.663361,0.108392,0.545167,0.362066
53.690,0.667033,0.108175,0.545989,0.367596
53.700,0.671490,0.107032,0.550109,0.369896
53.710,0.682686,0.106629,0.563291,0.370666
53.720,0.683733,0.105637,0.569209,0.363776
53.730,0.665999,0.105645,0.549881,0.360590
53.740,0.654262,0.104337,0.537410,0.358279
53.750,0.653428,0.097106,0.537736,0.358301
53.760,0.651057,0.097618,0.537392,0.354338
53.770,0.644785,0.097385,0.535276,0.346039
53.780,0.649733,0.098087,0.540678,0.346698
53.790,0.657831,0.098523,0.548048,0.350254
53.800,0.646998,0.101935,0.535330,0.348766
53.810,0.637877,0.095305,0.524217,0.350715
53.820,0.631075,0.095366,0.519129,0.345928
53.830,0.621976,0.096885,0.518484,0.329609
53.840,0.616458,0.090148,0.518476,0.321056
53.850,0.622342,0.090839,0.522868,0.325065
53.860,0.625114,0.089869,0.525700,0.326084
53.870,0.627251,0.090124,0.523839,0.333038
53.880,0.615153,0.089657,0.504157,0.340882
53.890,0.617401,0.089652,0.502887,0.346772
53.900,0.616111,0.089229,0.506349,0.339473
53.910,0.605189,0.088659,0.507456,0.317618
53.920,0.609250,0.084827,0.515235,0.313883
53.930,0.609048,0.086050,0.511296,0.319549
53.940,0.609198,0.094379,0.510177,0.319271
53.950,0.611648,0.092449,0.507247,0.329039
53.960,0.618693,0.093983,0.505452,0.344189
53.970,0.618594,0.092598,0.510239,0.337254
53.980,0.616013,0.095923,0.512673,0.327776
53.990,0.623328,0.096420,0.511141,0.343476
54.000,0.627459,0.096700,0.513824,0.346898
54.010,0.626343,0.096266,0.512380,0.347139
54.020,0.628472,0.096494,0.506911,0.358757
54.030,0.623977,0.096243,0.499404,0.361498
54.040,0.633115,0.096559,0.506592,0.367255
54.050,0.637934,0.096560,0.517321,0.360576
54.060,0.637018,0.094699,0.514332,0.363712
54.070,0.641450,0.094794,0.517987,0.366281
54.080,0.639635,0.096603,0.518052,0.362524
54.090,0.642370,0.095748,0.516583,0.369613
54.100,0.632830,0.096034,0.499784,0.376122
54.110,0.629856,0.095856,0.495903,0.376311
54.120,0.627479,0.096280,0.499997,0.366693
54.130,0.632222,0.096404,0.503336,0.370222
54.140,0.624203,0.096408,0.491855,0.372040
54.150,0.620671,0.097042,0.491564,0.366305
54.160,0.618323,0.093585,0.488146,0.367802
54.170,0.615514,0.092929,0.483556,0.369317
54.180,0.609079,0.095187,0.477450,0.366002
54.190,0.613304,0.095211,0.487972,0.359111
54.200,0.609437,0.095211,0.484588,0.357103
54.210,0.588400,0.095033,0.457312,0.357839
54.220,0.587596,0.094866,0.452824,0.362243
54.230,0.598574,0.094537,0.467095,0.362182
54.240,0.602786,0.093273,0.467007,0.369535
54.250,0.603638,0.093230,0.468332,0.369259
54.260,0.617118,0.094790,0.482146,0.373343
54.270,0.614437,0.096275,0.480208,0.371032
54.280,0.604351,0.097166,0.464370,0.374378
54.290,0.595541,0.095100,0.456684,0.370223
54.300,0.595890,0.092442,0.458232,0.369545
54.310,0.596728,0.092417,0.464608,0.362882
54.320,0.597832,0.092459,0.464939,0.364261
54.330,0.622854,0.090418,0.496432,0.365139
54.340,0.626639,0.092220,0.498372,0.368507
54.350,0.628799,0.095372,0.502708,0.365483
54.360,0.617178,0.095104,0.488421,0.365115
54.370,0.623649,0.094489,0.502398,0.357220
54.380,0.623111,0.098940,0.503718,0.353196
54.390,0.622593,0.099505,0.508516,0.345156
54.400,0.633918,0.099537,0.516689,0.353521
54.410,0.642504,0.100158,0.524211,0.357747
54.420,0.635164,0.099996,0.514399,0.358926
54.430,0.626203,0.097020,0.508133,0.352871
54.440,0.631454,0.095168,0.513721,0.354639
54.450,0.633420,0.095259,0.522571,0.345060
54.460,0.623420,0.094043,0.520064,0.330668
54.470,0.625287,0.094001,0.522266,0.330734
54.480,0.625999,0.092734,0.522410,0.332210
54.490,0.619938,0.094273,0.523808,0.317900
54.500,0.614449,0.092967,0.520629,0.312810
54.510,0.620655,0.093133,0.527350,0.313753
54.520,0.616116,0.093824,0.526316,0.306248
54.530,0.618176,0.096368,0.530913,0.301639
54.540,0.615128,0.096897,0.530032,0.296749
54.550,0.616228,0.105999,0.522239,0.309463
54.560,0.618291,0.105935,0.525749,0.307652
54.570,0.618430,0.105248,0.524489,0.310307
54.580,0.624285,0.103784,0.533134,0.307780
54.590,0.623060,0.104344,0.534540,0.302627
54.600,0.624326,0.103994,0.535173,0.304234
54.610,0.630346,0.104118,0.537327,0.312691
54.620,0.637714,0.103459,0.545320,0.314010
54.630,0.631180,0.101791,0.542100,0.306846
54.640,0.629376,0.104284,0.542334,0.301850
54.650,0.639671,0.103467,0.554501,0.301666
54.660,0.643393,0.103833,0.559118,0.300931
54.670,0.633495,0.105399,0.546275,0.302969
54.680,0.642374,0.102873,0.551165,0.313494
54.690,0.638148,0.103417,0.541831,0.320868
54.700,0.640579,0.103490,0.544228,0.321632
54.710,0.640642,0.104398,0.544500,0.321003
54.720,0.647706,0.104251,0.552648,0.321303
54.730,0.647520,0.109121,0.546211,0.330195
54.740,0.641487,0.109190,0.542307,0.324787
54.750,0.645118,0.111099,0.540510,0.334190
54.760,0.631409,0.108237,0.529171,0.327017
54.770,0.631220,0.108718,0.528344,0.327829
54.780,0.629969,0.108678,0.528102,0.325821
54.790,0.645924,0.110076,0.541725,0.334120
54.800,0.652603,0.110885,0.548665,0.335502
54.810,0.648987,0.111037,0.542852,0.337887
54.820,0.649087,0.111045,0.542865,0.338055
54.830,0.626399,0.112362,0.517696,0.334276
54.840,0.627706,0.111394,0.519988,0.333495
54.850,0.617878,0.107677,0.508586,0.333945
54.860,0.632513,0.107676,0.526452,0.333657
54.870,0.626092,0.108297,0.518592,0.333654
54.880,0.624542,0.105275,0.515907,0.335871
54.890,0.629805,0.104584,0.521828,0.336766
54.900,0.622071,0.104578,0.519783,0.325364
54.910,0.618752,0.104479,0.514788,0.327004
54.920,0.615284,0.104345,0.511482,0.325688
54.930,0.621555,0.105627,0.518113,0.326700
54.940,0.615988,0.099843,0.514850,0.323113
54.950,0.611129,0.098854,0.506171,0.327868
54.960,0.617687,0.099033,0.513332,0.328966
54.970,0.627954,0.099743,0.526941,0.326666
54.980,0.627011,0.098668,0.524243,0.329510
54.990,0.626737,0.096652,0.523330,0.331033
55.000,0.626121,0.096462,0.521116,0.333406
55.010,0.621776,0.098312,0.514956,0.334306
55.020,0.622580,0.098059,0.513858,0.337550
55.030,0.618262,0.095177,0.509955,0.336356
55.040,0.624359,0.093822,0.519769,0.332959
55.050,0.622798,0.085661,0.525694,0.322778
55.060,0.621838,0.085983,0.521962,0.326872
55.070,0.612545,0.085431,0.515033,0.320397
55.080,0.618297,0.085961,0.521197,0.321334
55.090,0.618171,0.086685,0.521431,0.320517
55.100,0.613834,0.087515,0.520646,0.313148
55.110,0.618204,0.087091,0.532501,0.301719
55.120,0.609144,0.087884,0.521840,0.301689
55.130,0.613471,0.087577,0.523213,0.308098
55.140,0.622373,0.086183,0.528622,0.316985
55.150,0.625027,0.086452,0.532240,0.316078
55.160,0.619211,0.088311,0.523459,0.318769
55.170,0.620836,0.086258,0.526229,0.317930
55.180,0.614970,0.086355,0.521474,0.314319
55.190,0.616090,0.086898,0.526542,0.307846
55.200,0.619191,0.087221,0.523054,0.319694
55.210,0.619345,0.085857,0.523478,0.319669
55.220,0.615708,0.092056,0.521189,0.314617
55.230,0.610889,0.086347,0.521012,0.307043
55.240,0.617741,0.089267,0.521294,0.319199
55.250,0.612524,0.086362,0.521157,0.310036
55.260,0.617146,0.087436,0.524649,0.312998
55.270,0.617953,0.084848,0.526454,0.312269
55.280,0.618738,0.085749,0.526603,0.313327
55.290,0.609277,0.083753,0.522329,0.302285
55.300,0.603976,0.082683,0.513312,0.307344
55.310,0.608230,0.083819,0.515091,0.312409
55.320,0.611703,0.084463,0.517510,0.315008
55.330,0.620740,0.082677,0.527768,0.316139
55.340,0.617905,0.084470,0.523719,0.316842
55.350,0.621981,0.086768,0.523614,0.324285
55.360,0.612879,0.088984,0.507375,0.332074
55.370,0.612781,0.088178,0.506846,0.332914
55.380,0.611607,0.089990,0.506735,0.330431
55.390,0.609947,0.089819,0.505370,0.329498
55.400,0.597626,0.090899,0.491535,0.327548
55.410,0.601987,0.090725,0.489883,0.337893
55.420,0.612328,0.090729,0.488477,0.357916
55.430,0.614012,0.089234,0.490213,0.358803
55.440,0.618476,0.089607,0.494248,0.360836
55.450,0.632868,0.088675,0.495840,0.383147
55.460,0.641968,0.092560,0.488673,0.405900
55.470,0.625914,0.091855,0.466385,0.407204
55.480,0.621778,0.092005,0.463744,0.403837
55.490,0.623885,0.092673,0.463802,0.406857
55.500,0.631028,0.095856,0.473491,0.405974
55.510,0.631224,0.094276,0.472540,0.407753
55.520,0.634717,0.094768,0.470438,0.415419
55.530,0.642970,0.094003,0.473835,0.424327
55.540,0.647228,0.094872,0.475169,0.429090
55.550,0.649575,0.094803,0.466263,0.442220
55.560,0.656258,0.094489,0.466421,0.451882
55.570,0.665929,0.094743,0.465514,0.466672
55.580,0.656115,0.099053,0.449865,0.467222
55.590,0.650868,0.099023,0.443434,0.466037
55.600,0.664450,0.098158,0.456233,0.472980
55.610,0.660804,0.099070,0.442465,0.480699
55.620,0.658925,0.098658,0.440470,0.480036
55.630,0.656872,0.098621,0.441991,0.475814
55.640,0.662083,0.102781,0.451986,0.472756
55.651,0.661243,0.102921,0.447983,0.475354
55.660,0.660097,0.101512,0.449271,0.472841
55.670,0.657875,0.101933,0.446295,0.472473
55.680,0.674991,0.101817,0.476507,0.467106
55.690,0.676317,0.100832,0.478892,0.466798
55.700,0.671252,0.101498,0.477706,0.460515
55.710,0.677247,0.101579,0.477806,0.469091
55.720,0.680242,0.095639,0.484666,0.467634
55.730,0.681729,0.095395,0.487139,0.467279
55.740,0.675396,0.095672,0.487056,0.458022
55.750,0.679413,0.096193,0.486930,0.463948
55.760,0.688288,0.095514,0.500372,0.462867
55.770,0.690450,0.101116,0.501116,0.464090
55.780,0.695004,0.102276,0.508565,0.462528
55.790,0.689753,0.101949,0.499529,0.464582
55.800,0.687143,0.101431,0.499791,0.460528
55.810,0.684386,0.100428,0.499735,0.456686
55.820,0.683845,0.100746,0.501672,0.453673
55.830,0.681238,0.100811,0.494385,0.457718
55.840,0.679870,0.100233,0.493712,0.456536
55.850,0.682884,0.099608,0.493377,0.461506
55.860,0.679552,0.096952,0.493834,0.456638
55.870,0.685904,0.098234,0.502284,0.456645
55.880,0.690964,0.097597,0.509554,0.456355
55.890,0.689156,0.097601,0.499652,0.464497
55.900,0.695541,0.095874,0.505319,0.468229
55.910,0.697981,0.095200,0.518447,0.457523
55.920,0.688843,0.096502,0.519759,0.441637
55.930,0.682375,0.096551,0.510226,0.442700
55.940,0.688097,0.099401,0.509308,0.451887
55.950,0.681167,0.099420,0.519021,0.429793
55.960,0.666341,0.097998,0.519077,0.406160
55.970,0.668353,0.097735,0.519467,0.409022
55.980,0.674386,0.097051,0.520973,0.417090
55.990,0.677335,0.099416,0.522969,0.418811
56.000,0.676141,0.098090,0.518581,0.422634
56.010,0.673847,0.097253,0.518379,0.419399
56.020,0.668793,0.097822,0.521269,0.407423
56.030,0.669099,0.100364,0.521727,0.406720
56.040,0.661305,0.099429,0.508114,0.411410
56.050,0.656150,0.101399,0.512526,0.396949
56.060,0.660580,0.101606,0.529932,0.381069
56.070,0.652209,0.101581,0.534059,0.360331
56.080,0.654791,0.096983,0.532938,0.367863
56.090,0.671145,0.098036,0.544190,0.380371
56.100,0.678442,0.098123,0.554040,0.379070
56.110,0.673745,0.101515,0.554475,0.369032
56.120,0.679628,0.102433,0.554849,0.378872
56.130,0.683046,0.104688,0.557091,0.381106
56.140,0.674541,0.099717,0.549559,0.378215
56.150,0.669892,0.099887,0.543919,0.378060
56.160,0.671793,0.099879,0.545487,0.379174
56.170,0.674679,0.099460,0.547272,0.381829
56.180,0.652392,0.103565,0.519023,0.381451
56.190,0.653301,0.103624,0.519930,0.381756
56.200,0.651687,0.106969,0.519845,0.378174
56.210,0.652804,0.106859,0.528233,0.368381
56.220,0.639644,0.107179,0.511627,0.368640
56.230,0.637636,0.107137,0.506342,0.372450
56.240,0.663586,0.107263,0.526702,0.389135
56.250,0.669527,0.107903,0.540159,0.380595
56.260,0.669998,0.113609,0.539490,0.380712
56.270,0.675878,0.110359,0.540623,0.390332
56.280,0.681359,0.108695,0.537383,0.404542
56.290,0.679957,0.111935,0.536009,0.403121
56.300,0.687168,0.118286,0.543716,0.403214
56.310,0.691432,0.120732,0.542633,0.411158
56.320,0.697517,0.120930,0.546828,0.415795
56.330,0.697339,0.121168,0.550489,0.410563
56.340,0.699711,0.121033,0.553482,0.410615
56.350,0.696372,0.125809,0.552530,0.404742
56.360,0.710749,0.125912,0.568552,0.407503
56.370,0.708605,0.125300,0.566010,0.407497
56.380,0.711412,0.125999,0.561496,0.418275
56.390,0.723983,0.126246,0.560872,0.440040
56.400,0.728938,0.126240,0.555650,0.454606
56.410,0.718115,0.128534,0.540958,0.454459
56.420,0.718430,0.129208,0.540518,0.455288
56.430,0.723012,0.130453,0.548259,0.452923
56.440,0.724128,0.129012,0.559928,0.440680
56.450,0.718821,0.130106,0.547194,0.447610
56.460,0.735473,0.129181,0.547084,0.474270
56.470,0.747579,0.129846,0.546136,0.493710
56.480,0.749753,0.131117,0.552094,0.490031
56.490,0.743030,0.127878,0.549465,0.483560
56.500,0.740816,0.127422,0.547925,0.482028
56.510,0.748151,0.129843,0.555896,0.483582
56.520,0.746167,0.130643,0.550874,0.486041
56.530,0.749438,0.128771,0.552130,0.490130
56.540,0.755256,0.128760,0.551306,0.499895
56.550,0.765737,0.131673,0.556483,0.509256
56.560,0.752057,0.131673,0.537130,0.509649
56.570,0.751288,0.132870,0.535640,0.509773
56.580,0.750420,0.134944,0.538282,0.505147
56.590,0.735882,0.134720,0.528973,0.493518
56.600,0.727550,0.134651,0.501296,0.509804
56.610,0.744837,0.135229,0.499730,0.535505
56.620,0.741907,0.134465,0.498170,0.533077
56.630,0.746391,0.134527,0.506448,0.531519
56.640,0.740916,0.134072,0.496963,0.532925
56.650,0.740787,0.133904,0.498360,0.531481
56.660,0.739128,0.134001,0.496939,0.530476
56.670,0.736992,0.136563,0.492350,0.531130
56.680,0.751765,0.139025,0.490824,0.552191
56.690,0.767454,0.139032,0.501874,0.563718
56.700,0.773136,0.135363,0.507993,0.566885
56.710,0.768869,0.136909,0.494162,0.572904
56.720,0.769539,0.136949,0.494637,0.573384
56.730,0.772357,0.137483,0.500920,0.571588
56.740,0.764201,0.134809,0.497712,0.564015
56.750,0.752253,0.133515,0.478279,0.565072
56.760,0.742737,0.129937,0.463902,0.565305
56.770,0.736667,0.127850,0.460782,0.560368
56.780,0.739745,0.130980,0.459661,0.564605
56.790,0.759697,0.127031,0.476536,0.577854
56.800,0.760631,0.123027,0.478475,0.578347
56.810,0.758696,0.123265,0.479931,0.574536
56.820,0.748757,0.122588,0.468068,0.571421
56.830,0.748581,0.122134,0.469936,0.569752
56.840,0.758347,0.121413,0.480299,0.574161
56.850,0.754740,0.113332,0.480054,0.571259
56.860,0.736105,0.113341,0.453041,0.568998
56.870,0.732575,0.112530,0.444856,0.571057
56.883,0.734902,0.110469,0.443868,0.575204
56.890,0.734754,0.111287,0.457195,0.564315
56.900,0.726597,0.111640,0.459626,0.551564
56.910,0.729118,0.110495,0.457781,0.556633
56.920,0.729972,0.109662,0.459176,0.556769
56.930,0.732178,0.110440,0.463976,0.555530
56.940,0.727369,0.112258,0.454445,0.556726
56.950,0.721698,0.110950,0.453718,0.550162
56.960,0.712328,0.112599,0.462479,0.529949
56.970,0.696803,0.110764,0.462485,0.509288
56.980,0.697998,0.110480,0.464853,0.508829
56.990,0.700082,0.120448,0.465269,0.509051
57.000,0.700689,0.120462,0.464888,0.510229
57.010,0.697144,0.118887,0.459687,0.510454
57.020,0.693772,0.120174,0.458059,0.507011
57.030,0.686870,0.121223,0.455553,0.499567
57.040,0.673225,0.121008,0.455478,0.480759
57.050,0.666918,0.114210,0.457064,0.472047
57.060,0.666147,0.114185,0.457026,0.470999
57.070,0.667213,0.117253,0.457506,0.471289
57.080,0.680244,0.116528,0.477917,0.469839
57.090,0.682712,0.118786,0.480904,0.469806
57.100,0.673391,0.119169,0.480646,0.456327
57.110,0.654947,0.114972,0.480483,0.429969
57.120,0.654276,0.115275,0.481847,0.427332
57.130,0.656807,0.118468,0.469108,0.444182
57.140,0.662327,0.122334,0.469048,0.451338
57.150,0.670929,0.128661,0.479100,0.451725
57.160,0.681850,0.129831,0.490145,0.455874
57.170,0.679254,0.128252,0.489336,0.453307
57.180,0.668720,0.122968,0.500762,0.425797
57.190,0.669164,0.125076,0.510095,0.414656
57.200,0.663053,0.125831,0.502587,0.413778
57.210,0.656136,0.126904,0.503520,0.401095
57.220,0.659168,0.128588,0.503340,0.405730
57.230,0.654148,0.132195,0.492645,0.409555
57.240,0.646736,0.133471,0.481171,0.411008
57.250,0.650406,0.136634,0.485510,0.410656
57.260,0.659280,0.137107,0.495865,0.412273
57.270,0.659585,0.136310,0.496368,0.412421
57.280,0.645982,0.135573,0.497557,0.389037
57.290,0.640558,0.137391,0.501140,0.374562
57.300,0.638608,0.138211,0.497498,0.375784
57.310,0.635531,0.135618,0.497792,0.371094
57.320,0.644523,0.139400,0.498022,0.384644
57.330,0.636231,0.138639,0.488560,0.383247
57.340,0.632935,0.141367,0.479285,0.388470
57.350,0.634642,0.141092,0.479289,0.391338
57.360,0.637475,0.141416,0.479550,0.395484
57.370,0.634826,0.140092,0.477112,0.394642
57.380,0.620410,0.137583,0.477517,0.371427
57.390,0.622470,0.138827,0.487344,0.361513
57.400,0.629075,0.141366,0.496497,0.359502
57.410,0.624320,0.146110,0.496485,0.349184
57.420,0.635517,0.147921,0.500624,0.362460
57.430,0.634290,0.149141,0.493470,0.369552
57.440,0.638553,0.143893,0.497951,0.372947
57.450,0.643831,0.139991,0.497960,0.383350
57.460,0.644867,0.133819,0.492778,0.393846
57.470,0.644146,0.131426,0.490941,0.395762
57.480,0.646058,0.130820,0.497792,0.390487
57.490,0.647941,0.127625,0.494305,0.399002
57.500,0.652941,0.125981,0.503025,0.396771
57.510,0.654288,0.126693,0.508125,0.392238
57.520,0.654132,0.119586,0.508216,0.394087
57.530,0.653530,0.113770,0.505625,0.398121
57.540,0.656014,0.113524,0.510516,0.396031
57.550,0.650397,0.111469,0.502971,0.397003
57.560,0.650865,0.111213,0.500819,0.400546
57.570,0.650390,0.111161,0.499222,0.401780
57.580,0.639412,0.105394,0.486172,0.401717
57.590,0.637768,0.107451,0.481961,0.403629
57.600,0.638088,0.101429,0.487362,0.399182
57.610,0.640403,0.094503,0.496666,0.393076
57.620,0.648019,0.096678,0.504402,0.395171
57.630,0.640931,0.095376,0.503264,0.385255
57.640,0.643165,0.094896,0.508560,0.382129
57.650,0.638451,0.095250,0.499022,0.386682
57.660,0.628890,0.095385,0.489599,0.383011
57.670,0.627982,0.094634,0.489514,0.381813
57.680,0.619399,0.094135,0.479112,0.381111
57.690,0.609887,0.095970,0.466913,0.380452
57.700,0.612046,0.096109,0.468031,0.382506
57.710,0.626741,0.096598,0.468009,0.405514
57.720,0.640595,0.101244,0.470551,0.422722
57.730,0.636369,0.099662,0.471136,0.416010
57.740,0.639969,0.099858,0.472322,0.420119
57.750,0.645472,0.099625,0.467083,0.434214
57.760,0.658004,0.100100,0.470904,0.448551
57.770,0.665772,0.099589,0.474719,0.456044
57.780,0.662321,0.100828,0.473061,0.452455
57.790,0.649817,0.100787,0.453072,0.454785
57.800,0.646305,0.100767,0.446745,0.456043
57.810,0.648626,0.101385,0.444684,0.461186
57.820,0.652283,0.101830,0.444370,0.466518
57.830,0.663927,0.103341,0.453891,0.473395
57.840,0.668242,0.100775,0.466958,0.467270
57.850,0.670051,0.104036,0.475500,0.460483
57.860,0.669248,0.104192,0.475332,0.459452
57.870,0.676922,0.104067,0.483707,0.461974
57.883,0.686069,0.106933,0.496950,0.460756
57.890,0.675243,0.105461,0.478671,0.464440
57.900,0.680190,0.101906,0.469523,0.481478
57.910,0.690481,0.095230,0.479949,0.487180
57.920,0.694998,0.091512,0.496393,0.477746
57.930,0.694565,0.091087,0.490461,0.483294
57.941,0.695040,0.097324,0.483342,0.489888
57.950,0.702221,0.107453,0.484937,0.496391
57.960,0.708401,0.112631,0.485859,0.503077
57.970,0.712713,0.112501,0.495716,0.499569
57.980,0.705020,0.125071,0.482235,0.498859
57.990,0.704226,0.132911,0.482375,0.495563
58.000,0.712928,0.140335,0.488090,0.500341
58.010,0.721416,0.138413,0.501094,0.500188
58.020,0.726605,0.153091,0.501311,0.503195
58.030,0.734074,0.156234,0.500376,0.513887
58.040,0.749456,0.156173,0.496606,0.539145
58.050,0.766597,0.156247,0.501260,0.558565
58.060,0.767617,0.157958,0.503663,0.557324
58.070,0.768243,0.163026,0.503974,0.556444
58.080,0.764588,0.169143,0.496249,0.556527
58.090,0.768158,0.173925,0.500290,0.556351
58.100,0.777747,0.173800,0.507083,0.563516
58.108,0.780897,0.173250,0.497478,0.576455
58.120,0.779553,0.173731,0.489250,0.581510
58.128,0.777920,0.177508,0.490619,0.577013
58.139,0.770670,0.177826,0.485963,0.571095
58.149,0.772588,0.180985,0.489783,0.569428
58.159,0.790007,0.180337,0.517902,0.568654
58.169,0.796062,0.181057,0.524884,0.570465
58.179,0.793324,0.181242,0.521351,0.569831
58.189,0.798330,0.181104,0.524248,0.574192
58.199,0.810616,0.183004,0.542085,0.574240
58.209,0.803167,0.183700,0.544468,0.561147
58.219,0.801357,0.183818,0.543161,0.559786
58.229,0.814866,0.210680,0.543025,0.569864
58.239,0.822185,0.247919,0.543039,0.565361
58.249,0.820284,0.264151,0.544689,0.553538
58.259,0.802759,0.263179,0.533160,0.539350
58.269,0.794321,0.263024,0.526048,0.533888
58.279,0.796348,0.263250,0.530204,0.532685
58.289,0.812293,0.269023,0.548031,0.535825
58.299,0.825396,0.273594,0.566200,0.534642
58.309,0.822731,0.276002,0.568124,0.527204
58.319,0.818085,0.277106,0.573529,0.513361
58.329,0.809879,0.278196,0.564798,0.509425
58.339,0.802278,0.280283,0.552704,0.509519
58.349,0.804906,0.282920,0.549789,0.515326
58.359,0.818740,0.282306,0.564983,0.520992
58.369,0.811084,0.287835,0.554878,0.516835
58.379,0.806112,0.286742,0.544598,0.520585
58.389,0.808876,0.288892,0.543561,0.524751
58.399,0.800528,0.289261,0.548087,0.506729
58.409,0.796912,0.289219,0.545727,0.503592
58.419,0.784349,0.288381,0.527974,0.503272
58.429,0.780283,0.289009,0.526693,0.497906
58.439,0.788374,0.289326,0.546706,0.488811
58.449,0.779381,0.284697,0.550207,0.472922
58.459,0.771566,0.290937,0.549417,0.456957
58.469,0.783086,0.291941,0.540891,0.485212
58.479,0.784262,0.288856,0.543784,0.485724
58.489,0.783543,0.287020,0.544325,0.485046
58.499,0.776269,0.284824,0.532957,0.487264
58.509,0.767991,0.286064,0.519852,0.487577
58.519,0.761786,0.277684,0.520251,0.482232
58.529,0.752682,0.276985,0.520252,0.468131
58.539,0.749392,0.279908,0.532445,0.446925
58.550,0.737988,0.280870,0.536308,0.422033
58.559,0.739834,0.283573,0.532792,0.427871
58.569,0.745177,0.281533,0.541339,0.427761
58.579,0.747925,0.279631,0.546106,0.427746
58.589,0.753919,0.277681,0.554025,0.429352
58.599,0.752994,0.278535,0.547435,0.435583
58.609,0.750039,0.278542,0.547421,0.430469
58.619,0.747471,0.279740,0.546959,0.425786
58.629,0.753520,0.276929,0.554668,0.428306
58.639,0.753046,0.277462,0.552585,0.429817
58.649,0.748154,0.274829,0.545402,0.432134
58.659,0.763811,0.274667,0.560908,0.439713
58.669,0.759810,0.274166,0.556600,0.438567
58.679,0.763498,0.276886,0.559551,0.439506
58.689,0.762033,0.276731,0.556164,0.441356
58.699,0.760033,0.274140,0.540713,0.458397
58.709,0.754208,0.271284,0.538733,0.452770
58.719,0.748365,0.270568,0.544745,0.435999
58.729,0.733571,0.244688,0.546052,0.424361
58.739,0.727554,0.192881,0.561553,0.420464
58.749,0.724877,0.155411,0.569420,0.420779
58.759,0.764568,0.149676,0.619607,0.422195
58.769,0.763452,0.150188,0.617729,0.422744
58.779,0.761197,0.149662,0.614932,0.422944
58.789,0.760056,0.149077,0.616738,0.418443
58.799,0.759121,0.148703,0.613028,0.422315
58.809,0.776085,0.152252,0.612165,0.452085
58.819,0.794207,0.148220,0.610852,0.485443
58.829,0.794374,0.139960,0.611065,0.487895
58.839,0.798947,0.139802,0.617286,0.487574
58.849,0.794349,0.144404,0.614009,0.482836
58.859,0.784599,0.144555,0.606972,0.475694
58.870,0.806222,0.140642,0.635010,0.476419
58.882,0.814978,0.149099,0.646887,0.472753
58.890,0.810558,0.148514,0.646917,0.465238
58.899,0.818788,0.152039,0.645894,0.479706
58.909,0.819301,0.155709,0.639701,0.487638
58.919,0.817915,0.155617,0.640847,0.483821
58.930,0.819094,0.155666,0.641798,0.484539
58.939,0.807198,0.155286,0.627473,0.483460
58.950,0.817256,0.155200,0.640643,0.483110
58.959,0.826071,0.147834,0.650348,0.487428
58.969,0.813933,0.149235,0.650939,0.465289
58.979,0.816512,0.149307,0.650854,0.469882
58.990,0.817356,0.149331,0.650580,0.471717
58.999,0.810281,0.151471,0.646663,0.464153
59.010,0.816683,0.150522,0.648638,0.472846
59.019,0.831798,0.151346,0.663687,0.478018
59.030,0.841034,0.151337,0.676611,0.476061
59.039,0.832515,0.150661,0.670483,0.469931
59.050,0.830212,0.149700,0.664760,0.474275
59.059,0.831706,0.144044,0.665248,0.477945
59.070,0.827004,0.147536,0.658422,0.478173
59.079,0.823298,0.146440,0.653487,0.478884
59.090,0.814040,0.146989,0.642986,0.477099
59.099,0.815338,0.145915,0.655674,0.462144
59.110,0.817920,0.146346,0.669206,0.446922
59.119,0.815675,0.146062,0.669270,0.442797
59.130,0.817258,0.146836,0.664086,0.453144
59.139,0.824083,0.146595,0.667151,0.461013
59.150,0.825802,0.146447,0.670777,0.458869
59.159,0.795863,0.146345,0.637783,0.453005
59.170,0.799398,0.145670,0.637385,0.459953
59.179,0.804131,0.140626,0.636760,0.470518
59.190,0.797307,0.141155,0.632749,0.464115
59.199,0.786377,0.140998,0.632800,0.445053
59.210,0.788317,0.141832,0.633693,0.446945
59.219,0.785271,0.140843,0.628937,0.448611
59.230,0.794459,0.140697,0.638359,0.451516
59.240,0.781961,0.140534,0.622941,0.451285
59.250,0.776254,0.138842,0.615826,0.451721
59.259,0.738066,0.138883,0.564913,0.454231
59.270,0.754381,0.133240,0.588753,0.452446
59.279,0.769201,0.134103,0.606686,0.453452
59.290,0.754770,0.134560,0.586296,0.455881
59.299,0.751019,0.134147,0.577367,0.461174
59.310,0.737345,0.134874,0.578445,0.436909
59.319,0.725637,0.132617,0.593027,0.396588
59.330,0.729165,0.132331,0.598698,0.394628
59.340,0.728563,0.130927,0.595920,0.398172
59.350,0.733574,0.120940,0.596822,0.409033
59.359,0.725931,0.119853,0.588077,0.408383
59.370,0.707317,0.119880,0.566004,0.406898
59.379,0.693675,0.118729,0.548326,0.407955
59.390,0.702862,0.119107,0.561453,0.405708
59.399,0.711074,0.117718,0.582936,0.389814
59.410,0.718865,0.116229,0.598762,0.380449
59.420,0.720254,0.116776,0.598555,0.383225
59.430,0.725224,0.116665,0.594838,0.398129
59.440,0.727072,0.110004,0.594662,0.403621
59.450,0.708071,0.109244,0.571210,0.403919
59.459,0.700686,0.108005,0.564022,0.401467
59.470,0.712155,0.109758,0.579060,0.399760
59.480,0.729814,0.110123,0.604226,0.394224
59.490,0.737270,0.109602,0.610271,0.398904
59.499,0.743804,0.108160,0.610280,0.411223
59.510,0.740655,0.108138,0.606155,0.411646
59.520,0.727391,0.108065,0.590080,0.411371
59.530,0.720853,0.104661,0.580792,0.413951
59.539,0.718506,0.102941,0.574936,0.418453
59.550,0.723823,0.105473,0.588458,0.408059
59.559,0.729061,0.106115,0.600297,0.399891
59.570,0.739210,0.099004,0.607966,0.408665
59.580,0.749022,0.096772,0.609582,0.424356
59.590,0.759463,0.096381,0.617368,0.431686
59.600,0.756326,0.096540,0.613565,0.431565
59.610,0.748455,0.096380,0.603897,0.431513
59.620,0.749710,0.093372,0.605231,0.432483
59.630,0.752139,0.092581,0.615263,0.422603
59.640,0.751865,0.094119,0.621349,0.412757
59.650,0.748638,0.094214,0.616322,0.414403
59.659,0.757908,0.094160,0.616429,0.430782
59.670,0.769868,0.096060,0.630519,0.431179
59.680,0.775091,0.094755,0.645040,0.419178
59.690,0.781074,0.095199,0.649834,0.422764
59.700,0.786540,0.095875,0.647223,0.436527
59.710,0.790205,0.094095,0.645735,0.445641
59.720,0.788153,0.094991,0.644754,0.443232
59.730,0.782093,0.097792,0.636718,0.443505
59.740,0.784804,0.097682,0.635860,0.449509
59.750,0.805356,0.100797,0.659056,0.451756
59.760,0.821006,0.100424,0.679652,0.449488
59.770,0.811054,0.098869,0.666856,0.450929
59.780,0.805272,0.100904,0.652243,0.461369
59.790,0.809184,0.098817,0.651060,0.470250
59.800,0.815105,0.099447,0.662380,0.464499
59.810,0.815381,0.095195,0.664493,0.462853
59.820,0.804696,0.095505,0.650561,0.463880
59.830,0.800031,0.094506,0.645302,0.463361
59.840,0.810793,0.096633,0.660217,0.460609
59.850,0.813383,0.096748,0.663261,0.460778
59.860,0.816553,0.094892,0.663430,0.466491
59.870,0.822490,0.094890,0.663698,0.476434
59.882,0.824079,0.092874,0.664114,0.478993
59.890,0.818795,0.092843,0.657537,0.479009
59.900,0.799691,0.090559,0.632406,0.481007
59.910,0.808964,0.090283,0.644795,0.480116
59.920,0.817567,0.086571,0.657175,0.478582
59.930,0.811389,0.088550,0.660945,0.462236
59.940,0.815663,0.091462,0.661462,0.468411
59.950,0.818727,0.091124,0.661456,0.473799
59.960,0.814596,0.092506,0.659303,0.469392
59.970,0.801306,0.091589,0.644337,0.467475
59.980,0.781655,0.094685,0.620984,0.465186
59.990,0.794173,0.093732,0.640111,0.460632
60.000,0.798199,0.094980,0.654127,0.447457
60.010,0.795391,0.100261,0.654656,0.440477
60.020,0.798415,0.106762,0.652546,0.447495
60.030,0.801530,0.107047,0.649679,0.457065
60.040,0.803491,0.109008,0.651019,0.458137
60.050,0.799460,0.109121,0.640796,0.465414
60.060,0.794153,0.109481,0.632624,0.467419
60.070,0.793229,0.113958,0.637594,0.457929
60.080,0.794739,0.113088,0.647886,0.446166
60.090,0.795063,0.111738,0.644095,0.452528
60.100,0.793190,0.112789,0.638144,0.457386
60.110,0.791422,0.111933,0.635875,0.457692
60.120,0.793201,0.111520,0.635258,0.461713
60.130,0.780658,0.112680,0.620637,0.459935
60.140,0.782107,0.113133,0.622216,0.460151
60.150,0.790868,0.113703,0.634225,0.458588
60.160,0.783499,0.118483,0.636082,0.441851
60.170,0.767252,0.115682,0.621600,0.434634
60.180,0.771165,0.115643,0.627355,0.433299
60.190,0.770976,0.114905,0.628407,0.431630
60.200,0.764221,0.119649,0.629838,0.415960
60.210,0.768544,0.119519,0.629716,0.424068
60.220,0.772949,0.119297,0.631141,0.429976
60.230,0.774647,0.117991,0.636110,0.426051
60.240,0.776131,0.118843,0.638413,0.425070
60.250,0.763762,0.121162,0.625041,0.421873
60.260,0.740705,0.123764,0.597917,0.419311
60.270,0.732850,0.124219,0.588960,0.418049
60.280,0.732853,0.123277,0.597301,0.406336
60.290,0.744343,0.122720,0.621129,0.391390
60.300,0.734595,0.125096,0.608269,0.392415
60.310,0.741785,0.124167,0.608029,0.406359
60.320,0.758601,0.131575,0.614325,0.425169
60.330,0.757530,0.133027,0.614593,0.422411
60.340,0.748478,0.131712,0.598035,0.430378
60.350,0.753348,0.137230,0.592668,0.444348
60.360,0.752185,0.137464,0.593791,0.440793
60.370,0.747538,0.137468,0.590825,0.436854
60.380,0.757024,0.136172,0.594770,0.448098
60.390,0.764711,0.139310,0.602322,0.450094
60.400,0.771371,0.140357,0.612949,0.446773
60.410,0.755099,0.140825,0.588665,0.451459
60.420,0.751349,0.159482,0.577714,0.453143
60.430,0.763333,0.175137,0.583371,0.460090
60.440,0.758209,0.176386,0.584290,0.449861
60.450,0.756206,0.177460,0.583884,0.446581
60.460,0.757217,0.180220,0.583871,0.447206
60.470,0.774388,0.200024,0.599041,0.448127
60.480,0.792424,0.206904,0.609430,0.462301
60.490,0.771257,0.206873,0.581640,0.462315
60.500,0.771052,0.207874,0.569030,0.476985
60.510,0.778711,0.205263,0.570718,0.488405
60.520,0.791737,0.201761,0.591448,0.486137
60.530,0.798840,0.202445,0.609781,0.474688
60.540,0.805225,0.202852,0.614087,0.479724
60.550,0.818555,0.204834,0.622770,0.490135
60.560,0.827528,0.206922,0.624404,0.502101
60.570,0.839357,0.206762,0.639401,0.502927
60.580,0.840829,0.208450,0.641120,0.502501
60.590,0.833219,0.208107,0.639412,0.492033
60.600,0.833539,0.207861,0.633144,0.500710
60.610,0.841762,0.208566,0.638490,0.507339
60.620,0.840253,0.208247,0.639391,0.503823
60.630,0.840892,0.207246,0.639403,0.505284
60.640,0.841492,0.206594,0.640635,0.504989
60.650,0.841318,0.207196,0.640727,0.504337
60.660,0.846852,0.209283,0.646328,0.505587
60.670,0.854475,0.212064,0.643246,0.520952
60.680,0.847862,0.212204,0.622852,0.534692
60.690,0.849536,0.211832,0.621666,0.538860
60.700,0.863163,0.207959,0.642626,0.537435
60.710,0.857238,0.208111,0.645357,0.524464
60.720,0.854279,0.208881,0.643618,0.521457
60.730,0.852837,0.208522,0.636470,0.527974
60.740,0.851407,0.208506,0.634367,0.528202
60.750,0.845083,0.205481,0.627058,0.527959
60.760,0.845460,0.209659,0.624886,0.529492
60.770,0.855397,0.213510,0.631458,0.536077
60.780,0.873101,0.221436,0.647806,0.541867
60.790,0.861047,0.221677,0.630087,0.543371
60.800,0.860330,0.218942,0.629388,0.544152
60.810,0.859236,0.219467,0.625794,0.546354
60.820,0.853950,0.221314,0.631231,0.530846
60.830,0.856476,0.221435,0.633606,0.532035
60.840,0.852442,0.221459,0.633412,0.525740
60.850,0.841480,0.220383,0.633919,0.507608
60.860,0.841123,0.220535,0.633680,0.507250
60.870,0.838258,0.222747,0.633632,0.501569
60.880,0.829306,0.223091,0.631109,0.489572
60.890,0.821629,0.222531,0.622368,0.488071
60.900,0.830228,0.222303,0.633620,0.488249
60.910,0.841670,0.222632,0.650331,0.485709
60.920,0.835426,0.209285,0.646308,0.486232
60.930,0.829830,0.188367,0.636182,0.498405
60.940,0.834175,0.183646,0.636748,0.506631
60.950,0.838863,0.183654,0.641080,0.508900
60.960,0.851099,0.182780,0.657698,0.508325
60.970,0.838700,0.168589,0.644159,0.509956
60.980,0.824632,0.170072,0.634917,0.497970
60.990,0.826432,0.178186,0.634841,0.498214
61.000,0.817299,0.173715,0.634893,0.484470
61.010,0.812043,0.179388,0.637036,0.470552
61.020,0.792623,0.181366,0.617046,0.463262
61.030,0.785252,0.186024,0.608745,0.459832
61.040,0.778573,0.187495,0.604660,0.453218
61.050,0.765377,0.199412,0.597709,0.434489
61.060,0.758671,0.208783,0.588922,0.430306
61.070,0.745140,0.213614,0.561718,0.440539
61.080,0.734148,0.216198,0.545969,0.440623
61.090,0.733636,0.215549,0.547620,0.438033
61.100,0.727875,0.222664,0.546822,0.425687
61.110,0.726661,0.223070,0.537977,0.434576
61.120,0.746924,0.223970,0.564537,0.434776
61.130,0.746777,0.224333,0.567343,0.430665
61.140,0.743486,0.230138,0.557617,0.434592
61.150,0.733239,0.230001,0.543695,0.434897
61.160,0.746875,0.228236,0.542598,0.459694
61.170,0.740434,0.231617,0.543054,0.446866
61.180,0.733421,0.232089,0.543734,0.434045
61.190,0.724714,0.233795,0.537166,0.426617
61.200,0.729582,0.234803,0.518193,0.456765
61.210,0.731927,0.234094,0.520300,0.458481
61.220,0.732372,0.233937,0.521346,0.458083
61.230,0.732613,0.234609,0.529075,0.449176
61.240,0.741812,0.237673,0.529449,0.462041
61.250,0.745072,0.237606,0.532575,0.463725
61.260,0.746661,0.235087,0.536349,0.463213
61.270,0.743418,0.231473,0.537665,0.458264
61.280,0.726269,0.217912,0.522517,0.454925
61.290,0.735702,0.216299,0.520720,0.472570
61.300,0.747223,0.212357,0.542364,0.468069
61.310,0.740287,0.212330,0.541689,0.457727
61.320,0.728993,0.210712,0.527466,0.456958
61.330,0.730558,0.210002,0.523291,0.464522
61.340,0.735151,0.211356,0.528169,0.465632
61.350,0.738201,0.217357,0.526990,0.469018
61.360,0.743199,0.217414,0.526041,0.477867
61.370,0.744901,0.212892,0.526302,0.482245
61.380,0.744449,0.211813,0.527199,0.481042
61.390,0.749627,0.211555,0.529951,0.486146
61.400,0.731345,0.212616,0.503707,0.485737
61.410,0.728444,0.214180,0.490612,0.494022
61.420,0.733757,0.212238,0.501116,0.492176
61.430,0.724455,0.211551,0.508500,0.470648
61.440,0.733266,0.211295,0.511262,0.481295
61.450,0.749175,0.211633,0.538084,0.476382
61.460,0.741769,0.211234,0.527935,0.476326
61.470,0.746318,0.214575,0.526225,0.483772
61.480,0.758141,0.205011,0.525056,0.507015
61.490,0.764829,0.192212,0.532026,0.514748
61.500,0.768981,0.191556,0.537778,0.515202
61.510,0.762455,0.176028,0.532981,0.516026
61.520,0.761407,0.168532,0.534132,0.515792
61.530,0.765422,0.153169,0.543410,0.516833
61.540,0.763527,0.142822,0.544540,0.515802
61.550,0.764392,0.140964,0.542702,0.519518
61.560,0.759755,0.136746,0.548154,0.507992
61.570,0.761429,0.137666,0.552463,0.505576
61.580,0.763730,0.137006,0.550733,0.511083
61.590,0.765481,0.136980,0.551275,0.513121
61.600,0.767392,0.132609,0.551280,0.517103
61.610,0.761185,0.127926,0.550421,0.509975
61.620,0.746028,0.131650,0.526987,0.511382
61.630,0.751477,0.132019,0.533299,0.512719
61.640,0.763206,0.128799,0.546494,0.516951
61.650,0.772250,0.128202,0.555470,0.520948
61.660,0.752682,0.130310,0.550015,0.497025
61.670,0.747006,0.128380,0.548963,0.490077
61.680,0.750942,0.129449,0.550951,0.493569
61.690,0.749438,0.130628,0.551574,0.490265
61.700,0.729467,0.130323,0.544966,0.467065
61.710,0.736769,0.130206,0.553854,0.468104
61.720,0.735748,0.131192,0.553782,0.466304
61.730,0.732962,0.131130,0.550935,0.465304
61.740,0.724004,0.128643,0.550594,0.452194
61.750,0.728116,0.127996,0.554788,0.453851
61.760,0.737670,0.126896,0.568077,0.453148
61.770,0.725033,0.129599,0.557842,0.444622
61.780,0.717142,0.132105,0.547077,0.444464
61.790,0.710164,0.132051,0.549921,0.429514
61.800,0.690767,0.131929,0.529646,0.423354
61.810,0.695809,0.132661,0.530630,0.430096
61.820,0.695835,0.135644,0.530805,0.428992
61.830,0.690163,0.135312,0.528165,0.423151
61.840,0.700334,0.133925,0.531301,0.436178
61.850,0.703132,0.124719,0.537979,0.435222
61.860,0.706678,0.133922,0.551608,0.420935
61.870,0.707240,0.133364,0.551774,0.421838
61.883,0.716845,0.134780,0.558758,0.428359
61.890,0.725740,0.134842,0.555277,0.447419
61.900,0.741262,0.134605,0.555264,0.472263
61.910,0.731294,0.133377,0.548958,0.464378
61.920,0.725249,0.134584,0.537145,0.468347
61.930,0.722588,0.134472,0.533172,0.468805
61.940,0.714675,0.134680,0.537529,0.451314
61.950,0.698498,0.134899,0.509996,0.457828
61.960,0.694698,0.133506,0.502503,0.460730
61.970,0.696111,0.130809,0.514825,0.449906
61.980,0.695787,0.131506,0.523439,0.439133
61.990,0.697847,0.129291,0.520044,0.447022
62.000,0.706911,0.129294,0.522331,0.458451
62.010,0.711694,0.127011,0.522334,0.466416
62.020,0.712537,0.126127,0.519596,0.470978
62.030,0.701805,0.126752,0.503778,0.471881
62.040,0.709637,0.127828,0.496940,0.490199
62.050,0.717232,0.135342,0.509452,0.486377
62.060,0.716775,0.136315,0.505182,0.489873
62.070,0.713905,0.154690,0.499373,0.486166
62.080,0.709707,0.157510,0.500245,0.478153
62.090,0.707323,0.157515,0.496833,0.478174
62.100,0.702425,0.165853,0.497188,0.467652
62.110,0.704948,0.166189,0.503075,0.465026
62.120,0.707966,0.165043,0.501682,0.471478
62.130,0.703993,0.172843,0.494801,0.470004
62.140,0.690882,0.177397,0.480414,0.463735
62.150,0.687163,0.181569,0.476592,0.460527
62.160,0.688081,0.184784,0.472340,0.464979
62.170,0.687327,0.184319,0.472542,0.463842
62.180,0.687978,0.184179,0.477644,0.459618
62.190,0.701320,0.181898,0.482694,0.475152
62.200,0.704178,0.191303,0.483447,0.474920
62.210,0.704106,0.201146,0.480220,0.474019
62.220,0.706955,0.200623,0.480728,0.477949
62.230,0.713366,0.200663,0.479977,0.488106
62.240,0.714637,0.200879,0.485903,0.483995
62.250,0.709085,0.202488,0.479936,0.481104
62.260,0.699730,0.202014,0.465014,0.482259
62.270,0.706064,0.199202,0.474387,0.483531
62.280,0.707061,0.197274,0.473506,0.486632
62.290,0.701521,0.197514,0.462605,0.488995
62.300,0.704580,0.202873,0.465623,0.488335
62.310,0.704837,0.202756,0.473015,0.481604
62.320,0.704608,0.202316,0.472766,0.481698
62.330,0.704396,0.202253,0.475285,0.478927
62.340,0.696521,0.203736,0.477523,0.464334
62.350,0.694956,0.205150,0.477512,0.461368
62.360,0.684538,0.206772,0.461482,0.461381
62.370,0.680769,0.209415,0.460635,0.455420
62.380,0.681870,0.208418,0.464634,0.453458
62.390,0.671477,0.207969,0.471958,0.429984
62.400,0.661327,0.208250,0.472043,0.413717
62.410,0.660420,0.208906,0.470021,0.414239
62.420,0.657226,0.209820,0.469734,0.408989
62.430,0.671479,0.209864,0.486298,0.412742
62.440,0.667661,0.211407,0.476690,0.416947
62.450,0.659743,0.210830,0.469646,0.412606
62.460,0.659689,0.211088,0.469310,0.412771
62.470,0.660858,0.209349,0.455388,0.430729
62.480,0.654528,0.207622,0.450180,0.427362
62.490,0.658892,0.208099,0.469906,0.412337
62.500,0.653885,0.211048,0.465645,0.407675
62.510,0.656145,0.212716,0.470385,0.404990
62.520,0.655021,0.212937,0.471075,0.402241
62.530,0.659183,0.211795,0.477871,0.401626
62.540,0.646894,0.211704,0.478437,0.380462
62.550,0.634715,0.203197,0.465697,0.380394
62.560,0.634574,0.201314,0.471915,0.373434
62.570,0.630120,0.181169,0.473285,0.374473
62.580,0.632664,0.176619,0.476782,0.376496
62.590,0.633031,0.176770,0.480080,0.372833
62.600,0.634625,0.172827,0.482186,0.374668
62.610,0.643474,0.176967,0.474243,0.397285
62.620,0.649440,0.178040,0.485595,0.392775
62.630,0.648703,0.165148,0.491160,0.390262
62.640,0.651335,0.154516,0.493197,0.396383
62.650,0.647369,0.141922,0.488425,0.400482
62.660,0.646591,0.129201,0.488550,0.403369
62.670,0.653730,0.125640,0.489596,0.414577
62.680,0.649507,0.122436,0.485219,0.414043
62.690,0.635543,0.121988,0.478998,0.399493
62.700,0.643160,0.116456,0.489237,0.400923
62.710,0.641977,0.111742,0.485333,0.405093
62.720,0.639061,0.114281,0.484768,0.400424
62.730,0.654287,0.114185,0.511933,0.391124
62.740,0.649605,0.115952,0.501786,0.395920
62.750,0.660164,0.116874,0.512468,0.399417
62.760,0.662272,0.117528,0.513625,0.401224
62.770,0.654060,0.117123,0.503876,0.400232
62.780,0.662065,0.119362,0.508205,0.407198
62.790,0.674959,0.120190,0.511576,0.423573
62.800,0.703361,0.118182,0.516200,0.462911
62.810,0.702510,0.113673,0.515011,0.464071
62.820,0.704471,0.112101,0.515106,0.467310
62.830,0.706329,0.113223,0.514449,0.470556
62.840,0.706164,0.114097,0.510634,0.474238
62.850,0.704460,0.115381,0.506773,0.475533
62.860,0.715545,0.115910,0.517928,0.479917
62.870,0.718720,0.119499,0.520200,0.481322
62.882,0.716274,0.120262,0.518229,0.479608
62.890,0.702262,0.119965,0.502904,0.475255
62.900,0.711149,0.120231,0.513140,0.477457
62.910,0.723742,0.121639,0.527045,0.480863
62.920,0.727450,0.124739,0.532245,0.479937
62.930,0.710579,0.128395,0.511216,0.476545
62.940,0.706348,0.128230,0.508281,0.473430
62.950,0.711246,0.128633,0.508916,0.479925
62.960,0.724555,0.129461,0.530944,0.475728
62.970,0.715539,0.132865,0.531714,0.460026
62.980,0.710500,0.132501,0.529679,0.454637
62.990,0.693341,0.132755,0.510336,0.450172
63.000,0.688701,0.132596,0.509400,0.444115
63.010,0.680443,0.131273,0.506919,0.434515
63.020,0.682096,0.131502,0.507416,0.436453
63.030,0.678578,0.131511,0.501858,0.437391
63.040,0.677580,0.133340,0.503414,0.433485
63.050,0.682750,0.133541,0.509284,0.434678
63.060,0.683561,0.133440,0.508926,0.436399
63.070,0.684543,0.134039,0.511674,0.434536
63.080,0.684160,0.133895,0.512783,0.432667
63.090,0.685679,0.133743,0.511645,0.436449
63.100,0.683778,0.134583,0.511282,0.433625
63.110,0.676568,0.129385,0.517365,0.416338
63.120,0.675771,0.127976,0.518188,0.414451
63.130,0.676964,0.127465,0.521157,0.412830
63.140,0.671095,0.126470,0.519289,0.405848
63.150,0.670111,0.126215,0.519108,0.404530
63.160,0.668839,0.126361,0.519024,0.402483
63.170,0.663762,0.128355,0.522096,0.389256
63.180,0.665484,0.128411,0.522563,0.391545
63.190,0.664577,0.129901,0.521110,0.391450
63.200,0.664417,0.130716,0.522025,0.389684
63.210,0.655459,0.127823,0.516625,0.382604
63.220,0.657680,0.127334,0.517172,0.385826
63.230,0.630811,0.125655,0.481872,0.387211
63.240,0.631136,0.124598,0.482223,0.387646
63.250,0.614651,0.124355,0.461789,0.386112
63.260,0.606572,0.126025,0.452513,0.383771
63.270,0.635188,0.125831,0.487258,0.387569
63.280,0.631344,0.122197,0.487840,0.381674
63.290,0.620563,0.120137,0.487143,0.365181
63.300,0.581941,0.121020,0.483916,0.299724
63.310,0.584314,0.120739,0.481139,0.308788
63.320,0.578179,0.117493,0.481693,0.297419
63.330,0.585639,0.115691,0.486992,0.304020
63.340,0.579122,0.115246,0.485628,0.293711
63.350,0.592447,0.114774,0.501532,0.293745
63.360,0.585797,0.105601,0.496487,0.292415
63.370,0.583880,0.097165,0.495833,0.292618
63.380,0.588148,0.094878,0.496503,0.300668
63.390,0.589694,0.095839,0.497499,0.301743
63.400,0.586560,0.098333,0.490589,0.306114
63.410,0.570233,0.097455,0.471467,0.305592
63.420,0.572014,0.094849,0.476488,0.301933
63.430,0.568148,0.092838,0.475941,0.296063
63.440,0.574240,0.095741,0.480988,0.298724
63.450,0.576858,0.095778,0.481476,0.302940
63.460,0.571625,0.093875,0.471354,0.309464
63.470,0.571602,0.086474,0.475909,0.304568
63.480,0.574119,0.086472,0.476258,0.308728
63.490,0.571378,0.087150,0.472744,0.308853
63.500,0.577875,0.085226,0.476851,0.315102
63.510,0.582180,0.085335,0.474392,0.326501
63.520,0.587124,0.085212,0.474345,0.335336
63.530,0.597935,0.085133,0.473410,0.355192
63.540,0.618324,0.087228,0.471233,0.390711
63.550,0.642666,0.086795,0.474328,0.424852
63.560,0.662264,0.096091,0.477982,0.448211
63.570,0.665079,0.094921,0.476251,0.454429
63.580,0.671712,0.094483,0.473348,0.467131
63.590,0.683337,0.094907,0.477809,0.479209
63.600,0.701715,0.093745,0.476508,0.506513
63.610,0.712182,0.095056,0.471371,0.525334
63.620,0.720965,0.095184,0.455200,0.550930
63.630,0.715757,0.095086,0.448285,0.549825
63.640,0.716564,0.095862,0.444128,0.554098
63.650,0.713091,0.095869,0.443592,0.550031
63.660,0.714986,0.095637,0.439642,0.555674
63.670,0.725074,0.093324,0.442613,0.566671
63.680,0.728118,0.094533,0.443934,0.569334
63.690,0.726798,0.093472,0.437125,0.573080
63.700,0.718297,0.094694,0.427740,0.569229
63.710,0.713313,0.094308,0.424776,0.565232
63.720,0.697897,0.093077,0.424859,0.545794
63.730,0.707139,0.095391,0.425340,0.556806
63.740,0.710301,0.095921,0.426349,0.559958
63.750,0.752671,0.096715,0.434929,0.606627
63.760,0.772653,0.092772,0.431973,0.633866
63.770,0.780958,0.093529,0.402244,0.662833
63.780,0.800877,0.095089,0.405562,0.684018
63.790,0.850774,0.096858,0.403913,0.742489
63.800,0.865735,0.097434,0.403926,0.759505
63.810,0.887984,0.097481,0.403369,0.785052
63.820,0.913268,0.097646,0.398939,0.815703
63.830,0.954718,0.098007,0.387653,0.866952
63.840,0.976351,0.098314,0.392233,0.888679
63.850,0.991087,0.102655,0.378766,0.910084
63.860,1.038673,0.106034,0.377812,0.961694
63.870,1.049897,0.106085,0.368454,0.977380
63.882,1.062613,0.106399,0.365579,0.992057
63.890,1.081103,0.110507,0.366263,1.011150
63.900,1.105015,0.110016,0.368538,1.035922
63.910,1.110653,0.110893,0.370185,1.041256
63.920,1.116111,0.110746,0.368446,1.047706
63.930,1.128912,0.110028,0.368140,1.061513
63.940,1.133198,0.106651,0.358037,1.069847
63.950,1.131016,0.107943,0.355849,1.068137
63.960,1.128286,0.108132,0.347096,1.068111
63.970,1.135090,0.111783,0.343223,1.076166
63.980,1.137002,0.111896,0.341584,1.078691
63.990,1.136013,0.111331,0.340699,1.077986
64.000,1.131874,0.110888,0.333207,1.076019
64.010,1.131025,0.111556,0.335826,1.074241
64.020,1.128602,0.111975,0.340728,1.070097
64.030,1.122202,0.113084,0.351619,1.059676
64.040,1.100470,0.109520,0.354581,1.036008
64.050,1.081335,0.109848,0.344244,1.019174
64.060,1.058020,0.099462,0.334248,0.998896
64.070,1.048877,0.101534,0.337861,0.987767
64.080,1.026841,0.101795,0.335217,0.965231
64.090,1.008913,0.101477,0.327612,0.948830
64.100,0.979289,0.101130,0.334478,0.914825
64.110,0.948223,0.099172,0.334334,0.881767
64.120,0.906427,0.098332,0.344007,0.832826
64.130,0.892683,0.098076,0.345925,0.817068
64.140,0.870028,0.096143,0.348936,0.791170
64.150,0.852677,0.103967,0.354236,0.768613
64.160,0.823821,0.103645,0.353963,0.736647
64.170,0.777867,0.103648,0.345805,0.689024
64.180,0.725841,0.102340,0.347541,0.628957
64.190,0.680030,0.098737,0.354022,0.572154
64.200,0.662787,0.098037,0.348198,0.555368
64.210,0.647214,0.103446,0.347081,0.536395
64.220,0.634743,0.104942,0.346255,0.521530
64.230,0.644701,0.106253,0.344396,0.534548
64.240,0.638015,0.106610,0.350106,0.522612
64.250,0.628829,0.109653,0.342570,0.515798
64.260,0.632913,0.109665,0.343482,0.520166
64.270,0.646387,0.109797,0.359426,0.525902
64.280,0.642613,0.109397,0.351588,0.526659
64.290,0.627469,0.108991,0.352259,0.507693
64.300,0.631069,0.106928,0.354795,0.510819
64.310,0.642544,0.110547,0.355338,0.523810
64.320,0.638103,0.110271,0.355343,0.518408
64.330,0.620827,0.110271,0.354351,0.497697
64.340,0.621655,0.110676,0.360653,0.494101
64.350,0.624079,0.110350,0.359023,0.498398
64.360,0.591126,0.108498,0.366795,0.450688
64.370,0.588560,0.108778,0.370302,0.444350
64.380,0.589926,0.108716,0.371922,0.444823
64.390,0.573855,0.105591,0.370975,0.424898
64.400,0.548095,0.104698,0.371547,0.389100
64.410,0.549269,0.103156,0.371664,0.391051
64.420,0.553791,0.103414,0.382195,0.387192
64.430,0.546781,0.102729,0.390629,0.368545
64.440,0.544281,0.102831,0.397067,0.357778
64.450,0.557140,0.101280,0.411311,0.361898
64.460,0.561402,0.106880,0.416127,0.361369
64.470,0.553098,0.105868,0.413399,0.351867
64.480,0.552001,0.106477,0.415785,0.347118
64.490,0.555788,0.106825,0.421086,0.346663
64.500,0.555125,0.107246,0.421459,0.345013
64.510,0.559336,0.107694,0.432325,0.338164
64.520,0.553219,0.107478,0.425374,0.336982
64.530,0.551981,0.107157,0.415543,0.347165
64.540,0.561940,0.109477,0.419402,0.357622
64.550,0.557884,0.113248,0.423922,0.344528
64.560,0.555432,0.112995,0.422660,0.342192
64.570,0.564040,0.113367,0.432102,0.344350
64.580,0.573032,0.114444,0.440165,0.348601
64.590,0.566559,0.113875,0.438785,0.339838
64.600,0.568258,0.113842,0.433139,0.349783
64.610,0.586193,0.114827,0.455904,0.350127
64.620,0.581093,0.114884,0.449107,0.350392
64.630,0.580695,0.116266,0.451769,0.345824
64.640,0.583738,0.116126,0.452779,0.349651
64.650,0.575626,0.109155,0.450404,0.341419
64.660,0.583449,0.110048,0.450643,0.353869
64.670,0.574560,0.110028,0.450680,0.338970
64.680,0.568929,0.108490,0.445934,0.336234
64.690,0.575879,0.108315,0.447863,0.345432
64.700,0.592360,0.111182,0.458162,0.358631
64.710,0.590969,0.106712,0.459749,0.355650
64.720,0.592752,0.107286,0.460653,0.357271
64.730,0.594919,0.112729,0.467081,0.350794
64.740,0.590892,0.112597,0.464776,0.347070
64.750,0.596870,0.109631,0.464684,0.358196
64.760,0.607536,0.109626,0.474055,0.363805
64.770,0.600919,0.109447,0.463877,0.365983
64.780,0.597903,0.109447,0.460287,0.365576
64.790,0.597642,0.109433,0.460494,0.364891
64.800,0.610331,0.110531,0.475297,0.366579
64.810,0.611871,0.118415,0.472565,0.370198
64.820,0.608474,0.130084,0.473728,0.359027
64.830,0.609771,0.133451,0.473317,0.360531
64.840,0.619061,0.133523,0.480602,0.366647
64.850,0.622300,0.135300,0.478674,0.373929
64.860,0.622740,0.135183,0.467992,0.387962
64.870,0.626192,0.134622,0.471322,0.389677
64.882,0.630660,0.134628,0.475471,0.391836
64.890,0.634273,0.135472,0.474095,0.398978
64.900,0.638638,0.135428,0.473868,0.406162
64.910,0.643269,0.135358,0.481166,0.404910
64.920,0.635931,0.136665,0.471523,0.404224
64.930,0.636160,0.136666,0.470363,0.405932
64.940,0.643946,0.139965,0.476289,0.410152
64.950,0.636982,0.141053,0.467021,0.409562
64.960,0.636434,0.137306,0.466898,0.410123
64.970,0.645783,0.136450,0.481697,0.407902
64.980,0.643755,0.137544,0.478811,0.407729
64.990,0.650894,0.137305,0.485191,0.411582
65.000,0.650585,0.136570,0.485147,0.411390
65.010,0.645364,0.136731,0.472813,0.417429
65.020,0.649322,0.138171,0.477683,0.417548
65.030,0.657056,0.137570,0.495337,0.409191
65.040,0.648699,0.135361,0.491552,0.401080
65.050,0.647498,0.131261,0.489125,0.403462
65.060,0.647834,0.131293,0.489611,0.403401
65.070,0.647111,0.129068,0.491731,0.400368
65.080,0.644189,0.128095,0.490793,0.397106
65.090,0.651899,0.128079,0.497418,0.401427
65.100,0.646338,0.128062,0.497308,0.392475
65.110,0.630780,0.126701,0.476585,0.393315
65.120,0.638414,0.126628,0.486560,0.393444
65.130,0.634152,0.125189,0.481538,0.393189
65.140,0.632918,0.126189,0.480612,0.392012
65.150,0.638294,0.131552,0.483793,0.395040
65.160,0.632012,0.130679,0.484979,0.383611
65.170,0.634136,0.131699,0.484521,0.387328
65.180,0.637264,0.131938,0.488014,0.387994
65.190,0.632120,0.131750,0.487136,0.380678
65.200,0.620649,0.128883,0.480228,0.371450
65.210,0.620130,0.128339,0.477322,0.374504
65.220,0.618338,0.127249,0.476133,0.373426
65.230,0.614207,0.121647,0.468535,0.378058
65.240,0.609736,0.121729,0.462468,0.378263
65.250,0.610244,0.121820,0.472414,0.366582
65.260,0.604638,0.122648,0.457910,0.375318
65.270,0.614922,0.123098,0.469192,0.377935
65.280,0.615258,0.122963,0.469683,0.377915
65.290,0.615459,0.123976,0.469141,0.378585
65.300,0.611165,0.121800,0.465730,0.376540
65.310,0.607600,0.112446,0.471710,0.366091
65.320,0.607845,0.100718,0.477673,0.362160
65.330,0.614560,0.096235,0.483841,0.366498
65.340,0.598607,0.095507,0.468783,0.359793
65.350,0.590403,0.090234,0.469044,0.347032
65.360,0.587808,0.091485,0.476861,0.331289
65.370,0.586083,0.093815,0.479396,0.323839
65.380,0.579749,0.094373,0.475598,0.317818
65.390,0.579300,0.094820,0.475997,0.316266
65.400,0.572786,0.096757,0.474081,0.306544
65.410,0.571631,0.096852,0.468815,0.312401
65.420,0.579726,0.095658,0.479617,0.311286
65.430,0.575962,0.095719,0.475994,0.309838
65.440,0.567390,0.090597,0.466583,0.309877
65.450,0.578753,0.087344,0.471062,0.324695
65.460,0.578888,0.090910,0.468953,0.327002
65.470,0.567052,0.110552,0.448798,0.328492
65.480,0.568142,0.116146,0.448981,0.328194
65.490,0.559982,0.116550,0.443881,0.320883
65.500,0.577183,0.118608,0.451450,0.339507
65.510,0.586390,0.117926,0.466919,0.334564
65.520,0.578752,0.116013,0.457599,0.334810
65.530,0.576154,0.119039,0.442975,0.348649
65.540,0.585876,0.123730,0.441099,0.365202
65.550,0.588821,0.138731,0.439317,0.366694
65.560,0.594339,0.140756,0.439601,0.374403
65.570,0.592182,0.141026,0.427092,0.385206
65.580,0.620992,0.142946,0.440135,0.414100
65.590,0.656057,0.148296,0.434650,0.468508
65.600,0.673999,0.148296,0.446656,0.482474
65.610,0.678865,0.151826,0.445460,0.489256
65.620,0.678598,0.152177,0.435740,0.497461
65.630,0.688334,0.152677,0.435553,0.510673
65.640,0.695676,0.152958,0.435397,0.520575
65.651,0.687267,0.150212,0.431737,0.513201
65.660,0.694393,0.150052,0.431567,0.522891
65.670,0.702157,0.152637,0.438575,0.526667
65.680,0.715593,0.154041,0.443638,0.539935
65.690,0.708640,0.154208,0.437222,0.535935
65.700,0.704296,0.154303,0.443555,0.524864
65.710,0.705608,0.157597,0.443158,0.525981
65.720,0.712410,0.158685,0.444518,0.533620
65.730,0.706184,0.159424,0.448668,0.521514
65.740,0.702611,0.157934,0.450094,0.515882
65.750,0.691060,0.157223,0.439413,0.509668
65.760,0.691432,0.157201,0.440009,0.509665
65.770,0.682127,0.158113,0.428130,0.506953
65.780,0.677939,0.159683,0.429215,0.499877
65.790,0.679832,0.159813,0.435392,0.497056
65.800,0.665354,0.159930,0.418403,0.491993
65.810,0.664951,0.160214,0.420302,0.489732
65.820,0.648092,0.160179,0.412582,0.473437
65.830,0.647478,0.159436,0.408393,0.476470
65.840,0.646519,0.158125,0.407915,0.476014
65.850,0.636708,0.158697,0.408332,0.462036
65.860,0.629973,0.158722,0.398771,0.461145
65.870,0.627197,0.158713,0.395903,0.459834
65.882,0.625556,0.159664,0.391613,0.460941
65.890,0.604506,0.155898,0.386906,0.437523
65.900,0.615324,0.156482,0.404694,0.436302
65.910,0.624254,0.158066,0.409857,0.443538
65.920,0.615087,0.158465,0.400561,0.439058
65.930,0.605058,0.158699,0.391509,0.433163
65.940,0.589307,0.158468,0.393734,0.408832
65.950,0.610873,0.160653,0.398811,0.433943
65.960,0.611870,0.155440,0.401048,0.435182
65.970,0.598246,0.133786,0.401759,0.422598
65.980,0.594141,0.119713,0.401041,0.421710
65.990,0.611013,0.120601,0.399449,0.446355
66.000,0.607747,0.120944,0.393401,0.447174
66.010,0.590421,0.117844,0.372530,0.442642
66.020,0.592331,0.116025,0.372865,0.445383
66.030,0.596831,0.117162,0.375018,0.449268
66.040,0.595852,0.117961,0.375351,0.447479
66.050,0.597885,0.108775,0.378950,0.449479
66.060,0.597579,0.108418,0.374215,0.453111
66.070,0.608308,0.113859,0.386430,0.455792
66.080,0.589266,0.115039,0.367318,0.446182
66.090,0.562923,0.112818,0.367282,0.411410
66.100,0.560115,0.112552,0.362862,0.411573
66.110,0.559535,0.111875,0.365539,0.408589
66.120,0.564557,0.111877,0.374095,0.407751
66.130,0.561706,0.112397,0.382506,0.395690
66.140,0.558203,0.112519,0.382546,0.390625
66.150,0.556871,0.110309,0.381998,0.389890
66.160,0.553296,0.115940,0.387883,0.377149
66.170,0.546721,0.116203,0.381537,0.373938
66.180,0.535889,0.119141,0.374344,0.364485
66.190,0.538491,0.118581,0.374278,0.368548
66.200,0.532536,0.117394,0.366356,0.368235
66.210,0.545328,0.113101,0.376917,0.377524
66.220,0.534513,0.111522,0.377377,0.361737
66.230,0.526465,0.111515,0.372636,0.354784
66.240,0.534570,0.111978,0.376287,0.362815
66.250,0.543382,0.118816,0.380058,0.369733
66.260,0.544454,0.119034,0.382665,0.368549
66.270,0.525626,0.115311,0.382114,0.342016
66.280,0.521424,0.113547,0.384638,0.333232
66.290,0.521038,0.110869,0.378062,0.340966
66.300,0.529489,0.111171,0.388599,0.342039
66.310,0.525861,0.110760,0.387539,0.337751
66.320,0.530293,0.112607,0.386696,0.344959
66.330,0.534452,0.111289,0.392691,0.345033
66.340,0.536369,0.111363,0.389854,0.351146
66.350,0.533311,0.113293,0.388840,0.346971
66.360,0.539088,0.112996,0.389450,0.355214
66.370,0.540752,0.113014,0.389937,0.357197
66.380,0.540506,0.110727,0.389935,0.357544
66.390,0.547839,0.111073,0.389956,0.368408
66.400,0.533455,0.111582,0.369471,0.368260
66.410,0.545364,0.111472,0.366711,0.387968
66.420,0.545106,0.109656,0.365215,0.389530
66.430,0.545368,0.113195,0.364511,0.389545
66.440,0.542654,0.111752,0.361067,0.389378
66.450,0.531680,0.111526,0.351378,0.383117
66.460,0.536614,0.108538,0.348849,0.393038
66.470,0.537243,0.106277,0.351034,0.392568
66.480,0.562311,0.106474,0.385967,0.394824
66.490,0.554615,0.104714,0.387290,0.382935
66.500,0.559340,0.104923,0.392137,0.384813
66.510,0.556701,0.102869,0.392460,0.381194
66.520,0.558433,0.101809,0.394938,0.381452
66.530,0.564725,0.102339,0.397583,0.387774
66.540,0.567254,0.116461,0.397616,0.387447
66.550,0.571229,0.116420,0.405314,0.385318
66.560,0.571646,0.115981,0.405231,0.386154
66.570,0.574544,0.114352,0.407776,0.388257
66.580,0.575509,0.114019,0.407365,0.390210
66.590,0.573560,0.111460,0.405849,0.389660
66.600,0.566772,0.115052,0.396109,0.388704
66.610,0.566187,0.115203,0.395560,0.388366
66.620,0.562009,0.118521,0.388230,0.388696
66.630,0.569519,0.123763,0.379879,0.405866
66.640,0.570273,0.124443,0.381038,0.405629
66.650,0.569972,0.122058,0.381396,0.405596
66.660,0.571875,0.120640,0.375516,0.414096
66.670,0.572579,0.120248,0.376653,0.414150
66.680,0.590153,0.118225,0.385033,0.431339
66.690,0.588121,0.118207,0.385415,0.428216
66.700,0.592373,0.120507,0.392593,0.426912
66.710,0.580787,0.120777,0.381749,0.420707
66.720,0.585194,0.121884,0.388117,0.420668
66.730,0.592409,0.119991,0.390738,0.428806
66.740,0.579950,0.120841,0.384066,0.417412
66.750,0.593277,0.116474,0.400296,0.422106
66.760,0.591127,0.116399,0.397877,0.421398
66.770,0.590616,0.116893,0.404792,0.413892
66.780,0.588965,0.116023,0.400167,0.416275
66.790,0.591314,0.116134,0.404731,0.415160
66.800,0.582736,0.115068,0.393797,0.413840
66.810,0.577091,0.113809,0.382872,0.416522
66.820,0.580155,0.113311,0.386375,0.417679
66.830,0.578866,0.113265,0.382571,0.419400
66.840,0.573637,0.113326,0.383066,0.411677
66.850,0.578809,0.113734,0.389971,0.412320
66.860,0.576679,0.113993,0.387012,0.412051
66.870,0.574358,0.113803,0.384943,0.410797
66.882,0.576781,0.112227,0.391118,0.408789
66.890,0.569104,0.112728,0.391024,0.397834
66.900,0.588139,0.112549,0.417612,0.398548
66.910,0.574831,0.110590,0.415681,0.381326
66.920,0.576345,0.110731,0.421641,0.377003
66.930,0.576696,0.112762,0.419346,0.379489
66.940,0.579908,0.112800,0.419410,0.384272
66.950,0.591259,0.112366,0.427877,0.392278
66.960,0.587177,0.113747,0.427884,0.385686
66.970,0.600726,0.113615,0.446464,0.385531
66.980,0.579682,0.113397,0.420629,0.382418
66.990,0.581404,0.113812,0.419701,0.385913
67.000,0.583313,0.114235,0.419833,0.388516
67.010,0.584281,0.114727,0.420053,0.389587
67.020,0.586744,0.114823,0.423546,0.389477
67.030,0.598970,0.114252,0.426508,0.404725
67.040,0.600447,0.096797,0.426185,0.411744
67.050,0.586055,0.097581,0.416429,0.400656
67.060,0.590625,0.097572,0.416443,0.407299
67.070,0.577669,0.095010,0.402643,0.403180
67.080,0.592569,0.095472,0.406640,0.420318
67.090,0.587943,0.094360,0.406415,0.414246
67.100,0.589251,0.093113,0.408023,0.414806
67.108,0.592225,0.092199,0.413664,0.413656
67.120,0.591869,0.089927,0.415361,0.411944
67.130,0.582340,0.083016,0.417651,0.397235
67.138,0.579680,0.081234,0.414261,0.397263
67.149,0.585329,0.083080,0.419493,0.399666
67.159,0.591181,0.088183,0.429667,0.396365
67.169,0.592649,0.086973,0.429156,0.399367
67.179,0.567183,0.085723,0.419936,0.371487
67.189,0.572761,0.085601,0.419949,0.379961
67.199,0.570148,0.084093,0.413274,0.383669
67.209,0.585768,0.091183,0.419890,0.398123
67.219,0.583571,0.088198,0.416229,0.399411
67.229,0.592362,0.088820,0.432168,0.395265
67.239,0.593096,0.088419,0.431914,0.396731
67.249,0.576353,0.088379,0.419090,0.385662
67.259,0.580566,0.090437,0.418348,0.392254
67.269,0.575363,0.089990,0.410681,0.392792
67.279,0.587360,0.090192,0.421137,0.399375
67.289,0.588138,0.091301,0.418688,0.402828
67.299,0.592227,0.092415,0.421313,0.405817
67.309,0.589715,0.092281,0.421952,0.401502
67.319,0.584775,0.095406,0.419310,0.396281
67.329,0.579757,0.094808,0.415411,0.393145
67.339,0.583200,0.094514,0.415721,0.397952
67.349,0.586803,0.093379,0.410130,0.409160
67.359,0.587167,0.093224,0.414455,0.405341
67.369,0.589823,0.093477,0.417902,0.405600
67.379,0.586939,0.096698,0.413275,0.405402
67.389,0.587960,0.096470,0.414089,0.406105
67.399,0.570976,0.096446,0.388842,0.406834
67.409,0.577226,0.096772,0.396716,0.407972
67.419,0.579079,0.097365,0.398317,0.408897
67.429,0.582805,0.093435,0.404175,0.409359
67.439,0.581238,0.104080,0.404393,0.404316
67.449,0.566801,0.104080,0.396698,0.391231
67.459,0.582845,0.102675,0.398840,0.412424
67.469,0.570275,0.103346,0.373348,0.418503
67.479,0.573313,0.102955,0.379855,0.416892
67.489,0.572784,0.103990,0.380418,0.415391
67.499,0.570553,0.103804,0.373616,0.418528
67.509,0.602748,0.105777,0.380079,0.455693
67.519,0.606255,0.105034,0.384318,0.456960
67.529,0.590139,0.106030,0.375132,0.443055
67.539,0.584527,0.103981,0.374671,0.436442
67.549,0.581219,0.107044,0.371579,0.433920
67.559,0.583057,0.107096,0.382384,0.426930
67.569,0.594652,0.107756,0.396806,0.429587
67.579,0.581766,0.109732,0.396552,0.411287
67.589,0.587431,0.116484,0.397518,0.416516
67.599,0.588625,0.115631,0.394003,0.421747
67.609,0.585048,0.114157,0.388984,0.421831
67.619,0.601790,0.114017,0.400522,0.434435
67.629,0.598386,0.114467,0.397365,0.432510
67.639,0.597783,0.114659,0.395868,0.432997
67.649,0.592155,0.114017,0.390438,0.430355
67.659,0.583451,0.107999,0.378506,0.430679
67.669,0.586873,0.111566,0.377101,0.435623
67.679,0.589086,0.111021,0.376505,0.439251
67.689,0.584194,0.111034,0.380066,0.429539
67.699,0.581673,0.115514,0.377441,0.427244
67.709,0.572900,0.111992,0.371935,0.421114
67.719,0.576363,0.111105,0.367823,0.429599
67.729,0.565233,0.111578,0.344367,0.434109
67.739,0.566441,0.111151,0.347059,0.433648
67.749,0.571765,0.111371,0.344388,0.442616
67.759,0.570006,0.115019,0.345497,0.438532
67.769,0.569405,0.114937,0.346849,0.436701
67.779,0.558972,0.117301,0.335859,0.431149
67.789,0.559676,0.114764,0.333968,0.434203
67.799,0.567224,0.114636,0.343444,0.436633
67.809,0.567408,0.114499,0.344267,0.436260
67.819,0.565140,0.113330,0.344673,0.433290
67.829,0.566295,0.114326,0.344296,0.434832
67.839,0.564768,0.114727,0.347220,0.430394
67.849,0.568250,0.116485,0.363055,0.421343
67.859,0.572452,0.121014,0.366607,0.422677
67.869,0.581156,0.133567,0.373572,0.424672
67.880,0.586640,0.133680,0.375688,0.430273
67.890,0.602508,0.135122,0.384631,0.443640
67.899,0.605455,0.138166,0.387540,0.444182
67.909,0.598985,0.142532,0.380337,0.440240
67.919,0.598844,0.143004,0.374548,0.444835
67.929,0.592937,0.146781,0.367779,0.441326
67.939,0.602141,0.142722,0.371778,0.451647
67.949,0.600382,0.142583,0.370543,0.450363
67.959,0.595558,0.142231,0.374116,0.441018
67.969,0.595615,0.146222,0.376522,0.437729
67.979,0.592820,0.151397,0.369678,0.438010
67.989,0.602832,0.149045,0.375706,0.447255
67.999,0.602297,0.149604,0.380972,0.441860
68.009,0.573503,0.149442,0.380007,0.402700
68.019,0.565891,0.148832,0.369249,0.402165
68.029,0.568637,0.148573,0.369434,0.405946
68.039,0.579176,0.148580,0.369533,0.420494
68.049,0.580523,0.147885,0.369540,0.422584
68.059,0.586494,0.150391,0.372709,0.427136
68.069,0.579069,0.152122,0.357017,0.429789
68.079,0.576936,0.150254,0.354920,0.429314
68.089,0.571306,0.141105,0.351854,0.427410
68.099,0.572450,0.141652,0.351598,0.428967
68.109,0.581912,0.142001,0.366014,0.429524
68.119,0.568040,0.142923,0.353754,0.420833
68.129,0.570047,0.142426,0.353302,0.424083
68.139,0.580084,0.143249,0.356056,0.434972
68.149,0.591491,0.144121,0.358121,0.448151
68.159,0.584276,0.142118,0.356786,0.440323
68.169,0.578661,0.144182,0.356554,0.432353
68.179,0.583107,0.144746,0.353775,0.440347
68.189,0.581147,0.144518,0.352357,0.438966
68.199,0.588651,0.145372,0.352653,0.448345
68.209,0.590312,0.144853,0.352852,0.450535
68.219,0.587628,0.144835,0.353660,0.446378
68.229,0.592928,0.141893,0.355017,0.453204
68.239,0.590607,0.141435,0.352064,0.452619
68.249,0.584917,0.141321,0.349226,0.447434
68.259,0.590552,0.133809,0.347408,0.458425
68.269,0.590684,0.132764,0.347619,0.458740
68.279,0.588799,0.132861,0.345995,0.457514
68.289,0.582942,0.130715,0.347680,0.449281
68.299,0.576931,0.129822,0.338415,0.448855
68.309,0.583577,0.128897,0.337171,0.458545
68.319,0.583778,0.128259,0.338021,0.458354
68.329,0.582637,0.122691,0.338757,0.457883
68.339,0.581499,0.122097,0.334326,0.459847
68.349,0.564608,0.112571,0.312128,0.456821
68.359,0.557067,0.112223,0.294380,0.459424
68.369,0.565653,0.107158,0.285969,0.476132
68.379,0.561257,0.106480,0.284672,0.471840
68.389,0.543620,0.106847,0.274959,0.456622
68.399,0.553278,0.106331,0.271869,0.469998
68.409,0.552318,0.104983,0.271094,0.469619
68.419,0.553390,0.104346,0.267221,0.473228
68.429,0.550023,0.089584,0.265631,0.473224
68.439,0.539177,0.089363,0.256189,0.465933
68.449,0.557452,0.089103,0.256086,0.487066
68.459,0.544621,0.083272,0.250135,0.476561
68.469,0.542485,0.082378,0.248551,0.475107
68.479,0.542686,0.081524,0.247149,0.476213
68.489,0.534118,0.083342,0.239894,0.469880
68.499,0.541107,0.083084,0.233120,0.481195
68.509,0.535122,0.084684,0.219623,0.480572
68.519,0.537227,0.080159,0.222836,0.482216
68.529,0.536687,0.078858,0.221720,0.482343
68.539,0.526999,0.078537,0.220262,0.472276
68.549,0.524557,0.078325,0.221195,0.469146
68.559,0.528445,0.078763,0.201919,0.481953
68.569,0.524046,0.079003,0.201972,0.477064
68.579,0.524674,0.079056,0.202549,0.477501
68.589,0.533964,0.076076,0.202824,0.488049
68.599,0.530217,0.076197,0.203064,0.483828
68.609,0.520681,0.078652,0.166308,0.487098
68.619,0.517105,0.070999,0.168964,0.483537
68.630,0.515531,0.071384,0.168918,0.481813
68.639,0.527561,0.073414,0.165101,0.495654
68.650,0.514486,0.072275,0.162655,0.482717
68.659,0.513933,0.072336,0.160617,0.482801
68.670,0.513269,0.071452,0.158628,0.482884
68.679,0.503264,0.072933,0.159673,0.471657
68.689,0.511804,0.073448,0.158204,0.481165
68.699,0.504742,0.073362,0.157819,0.473789
68.709,0.500067,0.072217,0.164608,0.466643
68.719,0.503794,0.073119,0.164337,0.470591
68.730,0.493272,0.071275,0.161007,0.460776
68.739,0.497223,0.072301,0.165720,0.463185
68.750,0.497248,0.072460,0.166005,0.463085
68.759,0.487410,0.072247,0.166413,0.452389
68.769,0.489418,0.071702,0.166172,0.454725
68.779,0.504410,0.071194,0.165397,0.471174
68.790,0.502085,0.070723,0.159275,0.470870
68.799,0.496554,0.072665,0.160204,0.464350
68.809,0.490450,0.072383,0.166208,0.455716
68.819,0.488910,0.074328,0.162820,0.454970
68.830,0.505130,0.077098,0.162930,0.471875
68.839,0.504373,0.077876,0.160720,0.471696
68.850,0.506716,0.080422,0.161472,0.473519
68.859,0.503971,0.080763,0.161557,0.470493
68.870,0.488184,0.083110,0.159319,0.453909
68.880,0.500150,0.084318,0.163005,0.465264
68.890,0.500391,0.084466,0.161831,0.465905
68.900,0.497966,0.084538,0.161843,0.463282
68.910,0.506922,0.084522,0.164775,0.471885
68.919,0.498564,0.081991,0.164568,0.463424
68.930,0.499717,0.083515,0.164621,0.464373
68.939,0.500016,0.083490,0.164625,0.464698
68.950,0.487541,0.083630,0.166247,0.450626
68.960,0.488762,0.083594,0.165806,0.452116
68.970,0.496117,0.084784,0.167384,0.459267
68.979,0.496346,0.084986,0.167628,0.459388
68.990,0.494237,0.081563,0.180552,0.452790
68.999,0.490807,0.081547,0.190770,0.444802
69.010,0.488101,0.079010,0.191329,0.442033
69.019,0.490439,0.079036,0.188075,0.445995
69.030,0.494092,0.078641,0.188285,0.449990
69.039,0.497891,0.080774,0.188248,0.453799
69.050,0.497167,0.080771,0.188211,0.453021
69.060,0.488918,0.080196,0.186779,0.444661
69.070,0.496723,0.081055,0.190911,0.451350
69.080,0.497362,0.082412,0.187251,0.453337
69.090,0.491966,0.082368,0.186786,0.447613
69.100,0.494380,0.081550,0.191673,0.448355
69.110,0.492897,0.081619,0.194499,0.445484
69.120,0.493875,0.081141,0.195889,0.446045
69.130,0.494245,0.081162,0.196490,0.446187
69.140,0.477386,0.079719,0.193355,0.429135
69.150,0.479383,0.085924,0.195484,0.429199
69.160,0.481691,0.085332,0.198900,0.430330
69.170,0.485357,0.085337,0.201026,0.433448
69.180,0.488031,0.082457,0.203542,0.435828
69.190,0.485045,0.082754,0.202481,0.432922
69.199,0.495576,0.082894,0.204479,0.443748
69.210,0.488468,0.081771,0.197218,0.439340
69.220,0.488976,0.082218,0.196570,0.440112
69.230,0.488878,0.083610,0.198521,0.438862
69.240,0.485432,0.087901,0.195784,0.435415
69.250,0.489763,0.089079,0.195909,0.439946
69.259,0.487511,0.090217,0.195568,0.437357
69.270,0.486025,0.090469,0.193327,0.436647
69.280,0.468696,0.090531,0.194131,0.416885
69.290,0.478017,0.092527,0.196944,0.425620
69.300,0.496772,0.088596,0.194281,0.448540
69.310,0.494966,0.090226,0.189488,0.448269
69.320,0.503025,0.090446,0.190583,0.456653
69.330,0.485487,0.084872,0.191850,0.437822
69.340,0.484877,0.084911,0.191788,0.437165
69.350,0.484148,0.085270,0.191037,0.436616
69.360,0.488205,0.085927,0.190922,0.441032
69.370,0.487679,0.081391,0.190180,0.441631
69.380,0.477698,0.082748,0.189699,0.430537
69.390,0.479370,0.082876,0.191079,0.431759
69.400,0.466772,0.085021,0.191815,0.416959
69.410,0.465036,0.086112,0.188972,0.416093
69.420,0.470578,0.088563,0.192244,0.420288
69.430,0.469490,0.089976,0.191642,0.419045
69.440,0.471313,0.090416,0.191194,0.421196
69.450,0.471091,0.092959,0.190436,0.420736
69.460,0.478293,0.092854,0.195858,0.426359
69.470,0.476486,0.095641,0.194643,0.424271
69.480,0.480920,0.097659,0.194391,0.428905
69.490,0.479764,0.096398,0.181883,0.433358
69.500,0.478968,0.096940,0.178759,0.433657
69.510,0.493806,0.097855,0.205593,0.438178
69.520,0.491127,0.099490,0.204703,0.435206
69.530,0.488456,0.105965,0.204537,0.430726
69.540,0.486438,0.107397,0.204616,0.428042
69.550,0.495424,0.108493,0.203448,0.438501
69.560,0.489496,0.107921,0.205845,0.430798
69.570,0.484266,0.108658,0.206104,0.424533
69.580,0.480782,0.108643,0.205623,0.420794
69.590,0.474241,0.110858,0.205994,0.412531
69.600,0.490074,0.110530,0.204976,0.431208
69.610,0.497574,0.111411,0.207564,0.438275
69.620,0.498116,0.119725,0.203207,0.438740
69.630,0.496517,0.119665,0.202815,0.437122
69.640,0.499298,0.119355,0.205475,0.439127
69.650,0.514759,0.117230,0.210912,0.454697
69.660,0.515283,0.119031,0.207550,0.456368
69.670,0.516019,0.119021,0.205259,0.458233
69.680,0.510234,0.119025,0.204346,0.452122
69.690,0.506438,0.119510,0.204823,0.447487
69.700,0.499926,0.120527,0.215187,0.434849
69.710,0.500057,0.120512,0.215050,0.435072
69.720,0.507356,0.122415,0.216620,0.442155
69.730,0.507939,0.122221,0.219461,0.441476
69.740,0.508008,0.120858,0.219928,0.441698
69.750,0.502484,0.122010,0.219721,0.435117
69.760,0.501966,0.119587,0.224221,0.432890
69.770,0.518643,0.123658,0.227317,0.449474
69.780,0.522265,0.123950,0.228484,0.452982
69.790,0.513241,0.120898,0.226614,0.444349
69.800,0.504251,0.120706,0.242995,0.425033
69.810,0.510969,0.120598,0.244588,0.432114
69.820,0.516096,0.118589,0.268440,0.424536
69.830,0.529103,0.119482,0.270792,0.438572
69.840,0.532361,0.120172,0.273046,0.440923
69.850,0.535605,0.121161,0.275328,0.443156
69.860,0.532158,0.121523,0.275610,0.438707
69.870,0.533391,0.123672,0.280064,0.436778
69.880,0.539573,0.123483,0.279416,0.444767
69.890,0.540903,0.135645,0.278104,0.443661
69.900,0.543160,0.145549,0.277351,0.443750
69.910,0.545683,0.151738,0.277902,0.444428
69.920,0.541949,0.153731,0.275810,0.440459
69.930,0.549353,0.156522,0.288306,0.440647
69.940,0.551019,0.163300,0.288231,0.440315
69.950,0.548911,0.165222,0.287996,0.437107
69.960,0.545769,0.168359,0.284972,0.433947
69.970,0.554006,0.175376,0.284976,0.441537
69.980,0.549534,0.179200,0.284853,0.434435
69.990,0.553142,0.184991,0.290295,0.432982
70.000,0.551412,0.193238,0.286578,0.429635
70.010,0.559767,0.194758,0.266873,0.451870
70.020,0.561564,0.198346,0.267582,0.452121
70.030,0.563138,0.203805,0.267557,0.451665
70.040,0.572414,0.208654,0.268907,0.460229
70.050,0.569385,0.211360,0.271398,0.453729
70.060,0.575391,0.219680,0.270861,0.457656
70.070,0.587703,0.226434,0.268234,0.471352
70.080,0.596820,0.232312,0.269447,0.479190
70.090,0.596616,0.231920,0.269830,0.478911
70.100,0.581739,0.239564,0.268232,0.457253
70.110,0.574923,0.240630,0.266213,0.449181
70.120,0.575091,0.235201,0.266237,0.452248
70.130,0.584099,0.234599,0.276816,0.457720
70.140,0.594672,0.235138,0.282266,0.467622
70.150,0.591779,0.234926,0.276375,0.467578
70.160,0.597494,0.233644,0.276587,0.475299
70.170,0.591142,0.236155,0.276165,0.466275
70.180,0.598418,0.238549,0.282005,0.470820
70.190,0.600510,0.237267,0.281771,0.474260
70.200,0.597897,0.238270,0.275999,0.473849
70.210,0.601012,0.237673,0.275721,0.478231
70.220,0.597420,0.229869,0.278963,0.475658
70.230,0.607808,0.227148,0.280757,0.488886
70.240,0.606853,0.225028,0.278842,0.489775
70.250,0.607051,0.217054,0.282920,0.491278
70.260,0.608592,0.218277,0.285353,0.491236
70.270,0.581666,0.206333,0.281020,0.465606
70.280,0.580397,0.199993,0.282383,0.465965
70.290,0.576117,0.191023,0.282633,0.464263
70.300,0.568723,0.181848,0.269657,0.466543
70.310,0.567068,0.173952,0.268953,0.467944
70.320,0.553046,0.166735,0.242148,0.468427
70.330,0.528602,0.151939,0.239720,0.445948
70.340,0.532819,0.136799,0.238067,0.456624
70.350,0.533352,0.117289,0.245158,0.458917
70.360,0.530246,0.109017,0.247764,0.455949
70.370,0.533385,0.106403,0.241963,0.463283
70.380,0.531045,0.101122,0.242749,0.461363
70.390,0.528387,0.101960,0.242604,0.458192
70.400,0.523758,0.103149,0.244417,0.451601
70.410,0.539177,0.111080,0.245405,0.467064
70.420,0.562352,0.128088,0.292944,0.462620
70.430,0.556849,0.131608,0.282464,0.461492
70.440,0.558857,0.133941,0.284208,0.462177
70.450,0.573390,0.140678,0.284229,0.477703
70.460,0.606553,0.143075,0.322176,0.493597
70.470,0.613677,0.146331,0.339395,0.489895
70.480,0.620286,0.147748,0.339453,0.497691
70.490,0.618601,0.148425,0.335840,0.497844
70.500,0.626042,0.154392,0.334763,0.505990
70.510,0.615471,0.157412,0.336777,0.490516
70.520,0.611813,0.157704,0.336478,0.486032
70.530,0.612731,0.157477,0.336567,0.487200
70.540,0.624193,0.158260,0.360686,0.484227
70.550,0.635691,0.165143,0.361641,0.496030
70.560,0.633892,0.164573,0.364909,0.491504
70.570,0.628671,0.164408,0.365825,0.484116
70.580,0.630233,0.164583,0.365736,0.486151
70.590,0.630062,0.167121,0.364745,0.485808
70.600,0.634371,0.169348,0.362845,0.492028
70.610,0.641308,0.170318,0.363105,0.500422
70.620,0.642130,0.171717,0.365656,0.499140
70.630,0.631554,0.171549,0.356074,0.492588
70.640,0.615242,0.172284,0.358480,0.469397
70.651,0.619194,0.171932,0.358145,0.474945
70.660,0.616078,0.173105,0.358026,0.470536
70.670,0.615380,0.177351,0.356774,0.468990
70.680,0.614217,0.177640,0.354032,0.469434
70.690,0.611679,0.177267,0.353419,0.466715
70.700,0.610096,0.175207,0.349633,0.468270
70.710,0.610637,0.176041,0.349951,0.468425
70.720,0.605679,0.175568,0.343402,0.467009
70.730,0.591307,0.174642,0.335385,0.454600
70.740,0.589969,0.174399,0.335278,0.453031
70.750,0.592457,0.175025,0.335581,0.455803
70.760,0.594303,0.175071,0.334741,0.458797
70.770,0.594389,0.175445,0.334778,0.458738
70.780,0.594307,0.175303,0.334403,0.458960
70.790,0.593665,0.175221,0.332778,0.459342
70.800,0.588351,0.175113,0.332409,0.452765
70.810,0.587614,0.174406,0.332556,0.451972
70.820,0.586549,0.173629,0.331366,0.451763
70.830,0.592632,0.175125,0.331408,0.459035
70.840,0.590929,0.174098,0.331499,0.457161
70.850,0.590704,0.173743,0.335287,0.454232
70.860,0.593624,0.173776,0.335037,0.458194
70.870,0.585396,0.172350,0.335033,0.448036
70.883,0.595823,0.173540,0.335837,0.460546
70.890,0.593144,0.173241,0.335824,0.457197
70.900,0.594750,0.172628,0.331622,0.462551
70.910,0.585571,0.169400,0.326955,0.455299
70.920,0.551301,0.156948,0.266355,0.456460
70.930,0.551142,0.155455,0.259325,0.460806
70.940,0.549194,0.153461,0.259443,0.459078
70.950,0.544073,0.144632,0.261562,0.454624
70.960,0.511049,0.139592,0.233767,0.432479
70.970,0.501844,0.134971,0.218712,0.431040
70.980,0.501985,0.131714,0.219702,0.431707
70.990,0.500515,0.131427,0.218236,0.430830
71.000,0.486886,0.126654,0.217268,0.416907
71.010,0.484839,0.121408,0.208561,0.420513
71.020,0.518584,0.121133,0.215097,0.456059
71.030,0.515584,0.121098,0.215125,0.452640
71.040,0.502508,0.119891,0.183718,0.452094
71.050,0.527306,0.107989,0.184383,0.482072
71.060,0.531562,0.108495,0.178721,0.488718
71.070,0.533046,0.108544,0.179245,0.490130
71.080,0.543624,0.110505,0.178638,0.501402
71.090,0.562389,0.110785,0.182404,0.520324
71.100,0.566659,0.108122,0.181585,0.525774
71.110,0.565156,0.109026,0.182187,0.523758
71.120,0.568036,0.109164,0.181884,0.526941
71.130,0.605562,0.109135,0.181835,0.567214
71.140,0.677227,0.105815,0.181804,0.643729
71.150,0.719723,0.102367,0.181683,0.688850
71.160,0.714126,0.102829,0.180649,0.683205
71.170,0.718494,0.101670,0.183268,0.687248
71.180,0.727665,0.105370,0.184335,0.695999
71.190,0.727708,0.106260,0.184061,0.695981
71.200,0.718326,0.109345,0.179726,0.686829
71.210,0.758250,0.106517,0.182127,0.728304
71.220,0.809275,0.105515,0.188785,0.779842
71.230,0.809688,0.105475,0.186028,0.780937
71.240,0.810453,0.109312,0.185523,0.781323
71.250,0.811690,0.110855,0.185571,0.782378
71.260,0.802803,0.112703,0.184616,0.773116
71.270,0.796702,0.116373,0.185049,0.766125
71.280,0.797097,0.120417,0.184836,0.765963
71.290,0.815280,0.120315,0.186937,0.784386
71.300,0.836083,0.126312,0.191306,0.804041
71.310,0.835094,0.127577,0.184269,0.804457
71.320,0.832404,0.127530,0.184286,0.801668
71.330,0.811449,0.127669,0.185162,0.779657
71.340,0.814768,0.128176,0.200371,0.779275
71.350,0.820256,0.135128,0.193184,0.785647
71.360,0.807910,0.140190,0.192682,0.771971
71.370,0.795016,0.141114,0.192565,0.758325
71.380,0.794538,0.136168,0.193566,0.758473
71.390,0.788343,0.139212,0.190772,0.752137
71.400,0.766221,0.139163,0.190568,0.728980
71.410,0.768969,0.133778,0.196266,0.731366
71.420,0.767491,0.137429,0.196161,0.729162
71.430,0.748786,0.140325,0.199607,0.707917
71.440,0.738921,0.140600,0.209715,0.694446
71.450,0.739576,0.139728,0.209333,0.695434
71.460,0.717522,0.140124,0.200864,0.674431
71.470,0.703975,0.139093,0.199409,0.660659
71.480,0.702856,0.138014,0.195601,0.660832
71.490,0.710493,0.140148,0.196168,0.668339
71.500,0.701297,0.142291,0.196120,0.658109
71.510,0.698452,0.140416,0.196401,0.655397
71.520,0.698407,0.140157,0.195131,0.655783
71.530,0.700082,0.139343,0.196335,0.657382
71.540,0.701619,0.139132,0.196070,0.659142
71.550,0.703925,0.137330,0.195913,0.662018
71.560,0.732886,0.136006,0.195210,0.693193
71.570,0.745077,0.134200,0.203471,0.704080
71.580,0.757166,0.135889,0.231560,0.707965
71.590,0.785276,0.151842,0.231829,0.734750
71.600,0.806049,0.154122,0.232137,0.756356
71.610,0.809398,0.154154,0.236305,0.758631
71.620,0.850160,0.158032,0.240154,0.800078
71.630,0.859749,0.154022,0.240026,0.811070
71.640,0.827406,0.149790,0.244817,0.776034
71.650,0.827905,0.148736,0.247791,0.775825
71.660,0.851094,0.155614,0.248236,0.799078
71.670,0.854647,0.155615,0.260206,0.799061
71.680,0.862704,0.155714,0.260951,0.807414
71.690,0.884954,0.156258,0.262179,0.830655
71.700,0.889213,0.156239,0.262314,0.835153
71.710,0.864225,0.152713,0.257743,0.810637
71.720,0.815456,0.148560,0.255027,0.760171
71.730,0.805410,0.147789,0.255287,0.749448
71.740,0.806943,0.153893,0.254598,0.750102
71.750,0.816006,0.155589,0.257592,0.758488
71.760,0.805659,0.155306,0.258292,0.747162
71.770,0.809392,0.157729,0.259057,0.750418
71.780,0.815878,0.166522,0.260010,0.755197
71.790,0.771912,0.163253,0.257056,0.709309
71.800,0.700884,0.145842,0.254783,0.636438
71.810,0.692323,0.145843,0.255175,0.626839
71.820,0.685256,0.143536,0.255360,0.619488
71.830,0.675524,0.141412,0.256049,0.608913
71.840,0.662620,0.143832,0.249175,0.596900
71.850,0.665640,0.154411,0.248425,0.597929
71.860,0.672025,0.155824,0.249442,0.604248
71.870,0.660016,0.157429,0.246892,0.591508
71.882,0.651643,0.157542,0.256444,0.577975
71.890,0.646198,0.161147,0.255822,0.571103
71.900,0.636761,0.169068,0.262248,0.555073
71.910,0.602644,0.165845,0.258288,0.518616
71.920,0.598723,0.169312,0.260768,0.511667
71.930,0.604448,0.177846,0.272527,0.509370
71.940,0.603341,0.190704,0.268943,0.505295
71.950,0.600685,0.191581,0.284933,0.492881
71.960,0.604254,0.198390,0.291198,0.490885
71.970,0.607727,0.198890,0.292870,0.493966
71.980,0.595658,0.198438,0.292341,0.479549
71.990,0.612231,0.200648,0.301297,0.493748
72.000,0.611721,0.210213,0.302075,0.488635
72.010,0.584516,0.211287,0.302751,0.453165
72.020,0.574381,0.211284,0.303001,0.439844
72.030,0.566552,0.211831,0.302453,0.429688
72.040,0.563225,0.209070,0.312951,0.419015
72.050,0.559682,0.209390,0.312973,0.414062
72.060,0.565818,0.227226,0.313142,0.412868
72.070,0.570420,0.244761,0.307049,0.413754
72.080,0.553085,0.247526,0.286418,0.403235
72.090,0.563708,0.246154,0.289566,0.416326
72.100,0.562582,0.246241,0.289068,0.415095
72.110,0.557394,0.250035,0.289299,0.405558
72.120,0.555779,0.251253,0.283054,0.406992
72.130,0.555481,0.251188,0.289213,0.402269
72.140,0.551748,0.251056,0.282404,0.402050
72.150,0.555828,0.251313,0.284795,0.405805
72.160,0.554465,0.252321,0.284822,0.403288
72.170,0.549335,0.252417,0.272257,0.404884
72.180,0.569665,0.251967,0.271907,0.432548
72.190,0.569732,0.253485,0.271078,0.432269
72.200,0.577232,0.256547,0.283665,0.432336
72.210,0.578240,0.256860,0.284159,0.433173
72.220,0.575294,0.256776,0.284680,0.428936
72.230,0.579146,0.256826,0.285617,0.433444
72.240,0.571463,0.255455,0.285019,0.424356
72.250,0.570004,0.255143,0.289029,0.419844
72.260,0.573230,0.254413,0.291107,0.423229
72.270,0.582314,0.258944,0.291643,0.432414
72.280,0.601541,0.265672,0.290599,0.454777
72.290,0.611516,0.266572,0.294600,0.464868
72.300,0.620010,0.269059,0.295252,0.474179
72.310,0.628735,0.269944,0.307446,0.477404
72.320,0.632623,0.271206,0.312414,0.478598
72.330,0.628877,0.271315,0.312709,0.473379
72.340,0.631242,0.270453,0.312726,0.476995
72.350,0.632615,0.265539,0.317915,0.478143
72.360,0.628201,0.264776,0.318269,0.472477
72.370,0.644973,0.265337,0.318309,0.494233
72.380,0.643716,0.262361,0.311942,0.498226
72.390,0.645543,0.260471,0.314486,0.499979
72.400,0.657586,0.251765,0.321668,0.515329
72.410,0.649133,0.252098,0.321643,0.504347
72.420,0.649424,0.251495,0.321418,0.505166
72.430,0.641495,0.246710,0.309377,0.504912
72.440,0.626828,0.237813,0.309688,0.490359
72.450,0.621986,0.236457,0.301461,0.489975
72.460,0.628556,0.234123,0.294336,0.503622
72.470,0.632051,0.233025,0.297547,0.506609
72.480,0.645635,0.233018,0.299570,0.522308
72.490,0.644084,0.232098,0.288642,0.526935
72.500,0.642361,0.226839,0.292642,0.524911
72.510,0.643213,0.224977,0.295243,0.525300
72.520,0.642410,0.226948,0.292877,0.524794
72.530,0.636733,0.226370,0.294412,0.517211
72.540,0.621482,0.227112,0.285157,0.503334
72.550,0.649122,0.231682,0.285257,0.535081
72.560,0.660207,0.212992,0.285648,0.555799
72.570,0.643835,0.191227,0.284396,0.545045
72.580,0.635200,0.177596,0.283516,0.539961
72.590,0.636852,0.173441,0.289759,0.539943
72.600,0.650291,0.173154,0.289918,0.555737
72.610,0.639429,0.170313,0.284916,0.546521
72.620,0.659130,0.181706,0.296348,0.560012
72.630,0.666487,0.188201,0.293748,0.567889
72.640,0.661554,0.192650,0.292531,0.561218
72.650,0.671266,0.192158,0.288516,0.574832
72.660,0.690451,0.185280,0.289999,0.598577
72.670,0.698274,0.192312,0.294478,0.603229
72.680,0.695529,0.197728,0.293504,0.598766
72.690,0.698817,0.209044,0.293607,0.598699
72.700,0.699458,0.209050,0.300408,0.596066
72.710,0.713207,0.215906,0.301368,0.609283
72.720,0.713578,0.215778,0.302443,0.609230
72.730,0.704871,0.215468,0.311749,0.594331
72.740,0.702696,0.217020,0.312843,0.590604
72.750,0.703185,0.217082,0.316108,0.589423
72.760,0.689692,0.217632,0.314501,0.573934
72.770,0.693679,0.214736,0.320574,0.576465
72.780,0.687246,0.205014,0.320583,0.572279
72.790,0.702982,0.206979,0.318898,0.591310
72.800,0.703219,0.209970,0.319188,0.590380
72.810,0.717554,0.216168,0.306022,0.611969
72.820,0.726933,0.213367,0.305314,0.624251
72.830,0.720911,0.212602,0.303043,0.618609
72.840,0.735096,0.212482,0.307139,0.633154
72.850,0.723407,0.211153,0.302357,0.622345
72.860,0.716332,0.211336,0.303336,0.613560
72.870,0.721005,0.214322,0.303457,0.617922
72.883,0.797779,0.221498,0.308159,0.701732
72.890,0.835661,0.222354,0.312200,0.742576
72.900,0.833045,0.221812,0.300042,0.744807
72.910,0.830575,0.221834,0.300042,0.742037
72.920,0.824260,0.218387,0.298347,0.736683
72.930,0.872971,0.222575,0.315329,0.783011
72.940,0.892158,0.222294,0.316588,0.803930
72.950,0.877864,0.222226,0.311482,0.790089
72.960,0.885120,0.220307,0.314003,0.797687
72.970,0.884827,0.221348,0.314166,0.797009
72.980,0.883624,0.222077,0.312845,0.795991
72.990,0.901555,0.222403,0.313606,0.815469
73.000,0.927029,0.216741,0.315075,0.844472
73.010,0.917882,0.216858,0.311275,0.835816
73.020,0.917855,0.220002,0.312039,0.834679
73.030,0.923398,0.219835,0.308652,0.842063
73.040,0.907143,0.219418,0.306748,0.825027
73.050,0.922670,0.217481,0.318264,0.838290
73.060,0.935458,0.217707,0.319899,0.851675
73.070,0.936110,0.214416,0.319980,0.853194
73.080,0.935484,0.213740,0.323760,0.851249
73.090,0.930842,0.214328,0.316368,0.848788
73.100,0.905338,0.214371,0.322620,0.818290
73.110,0.914135,0.212393,0.322699,0.828492
73.120,0.916285,0.206208,0.317871,0.834274
73.130,0.935260,0.202947,0.317315,0.856059
73.140,0.933868,0.198173,0.319046,0.855012
73.150,0.933762,0.197828,0.317032,0.855726
73.160,0.901219,0.198541,0.314662,0.820832
73.170,0.882809,0.188870,0.306961,0.805888
73.180,0.870828,0.183632,0.305886,0.794390
73.190,0.871103,0.168245,0.306366,0.797906
73.200,0.860809,0.168017,0.280670,0.796233
73.210,0.857778,0.156288,0.280076,0.795559
73.220,0.857970,0.156248,0.275444,0.797390
73.230,0.847035,0.156488,0.253784,0.792827
73.240,0.857122,0.155682,0.258534,0.802236
73.250,0.862554,0.164342,0.253719,0.807847
73.260,0.869338,0.167413,0.257754,0.813194
73.270,0.858222,0.167533,0.257560,0.801337
73.280,0.861380,0.174261,0.258048,0.803131
73.290,0.860088,0.175423,0.252740,0.803182
73.300,0.883897,0.177858,0.247364,0.829730
73.310,0.884310,0.173025,0.249683,0.830497
73.320,0.889605,0.172623,0.275108,0.828199
73.330,0.899893,0.175204,0.278893,0.837454
73.340,0.922633,0.181856,0.278018,0.860747
73.350,0.947658,0.189947,0.274886,0.886799
73.360,0.948735,0.192125,0.265693,0.890278
73.370,0.971018,0.188465,0.264922,0.914972
73.380,0.968832,0.183989,0.271229,0.911712
73.390,0.976325,0.191844,0.270606,0.918248
73.400,0.998880,0.198322,0.270937,0.940756
73.410,1.020018,0.217245,0.271744,0.958852
73.420,1.055870,0.226126,0.303519,0.985700
73.430,1.050071,0.231496,0.297215,0.980164
73.440,1.048087,0.232220,0.298128,0.977589
73.450,1.056288,0.233866,0.310732,0.982087
73.460,1.048165,0.238500,0.300964,0.975288
73.470,1.054907,0.235135,0.301778,0.983093
73.480,1.068856,0.237651,0.301811,0.997440
73.490,1.060636,0.241118,0.307316,0.986087
73.500,1.014443,0.239672,0.307827,0.936426
73.510,0.995742,0.240006,0.307435,0.916178
73.520,0.996075,0.241613,0.305185,0.916870
73.530,0.996076,0.241891,0.304196,0.917126
73.540,0.995421,0.242285,0.305520,0.915871
73.550,0.967550,0.246725,0.317316,0.880108
73.560,0.929218,0.245525,0.324337,0.835445
73.570,0.922354,0.255720,0.328691,0.822987
73.580,0.920791,0.259800,0.328213,0.820144
73.590,0.920700,0.272934,0.331002,0.814637
73.600,0.928875,0.275351,0.329162,0.823798
73.610,0.932658,0.276164,0.329039,0.827839
73.620,0.906178,0.276662,0.330582,0.797078
73.630,0.839209,0.272735,0.336636,0.718724
73.640,0.823275,0.271672,0.340677,0.698509
73.650,0.816616,0.272136,0.340154,0.690724
73.660,0.812102,0.273596,0.340513,0.684621
73.670,0.808426,0.275153,0.340865,0.679452
73.680,0.789867,0.275461,0.340886,0.657121
73.690,0.792044,0.274785,0.348653,0.655948
73.700,0.799045,0.277641,0.367879,0.652728
73.710,0.781040,0.284050,0.374717,0.623640
73.720,0.733772,0.298313,0.377056,0.554310
73.730,0.715132,0.318748,0.378499,0.516287
73.740,0.725834,0.331452,0.376718,0.524460
73.750,0.722498,0.332448,0.376745,0.519177
73.760,0.716597,0.332968,0.373646,0.512867
73.770,0.699643,0.331601,0.374087,0.489489
73.780,0.689840,0.330541,0.377464,0.473437
73.790,0.701494,0.325937,0.377845,0.493043
73.800,0.717071,0.330026,0.385015,0.506987
73.810,0.718007,0.336961,0.386180,0.502849
73.820,0.700111,0.347369,0.366064,0.485271
73.830,0.693891,0.350572,0.357588,0.480329
73.840,0.692459,0.349149,0.355449,0.480885
73.850,0.698671,0.346003,0.359513,0.489053
73.860,0.704730,0.345289,0.359062,0.498492
73.870,0.712005,0.345528,0.358685,0.508828
73.880,0.719812,0.346406,0.357024,0.520255
73.890,0.733086,0.348654,0.354975,0.538376
73.900,0.733464,0.348537,0.362926,0.533645
73.910,0.731923,0.334716,0.371105,0.534750
73.920,0.698335,0.325613,0.333095,0.520285
73.930,0.676996,0.314343,0.334814,0.497405
73.940,0.667671,0.308518,0.334956,0.488268
73.950,0.665457,0.309174,0.332858,0.486262
73.960,0.671528,0.307895,0.332792,0.495379
73.970,0.672112,0.307955,0.332800,0.496127
73.980,0.661826,0.299613,0.333215,0.487045
73.990,0.652219,0.294117,0.334360,0.476537
74.000,0.657821,0.291940,0.332716,0.486620
74.010,0.673173,0.292895,0.337512,0.503449
74.020,0.675294,0.295624,0.332430,0.508054
74.030,0.677992,0.295186,0.332188,0.512044
74.040,0.673047,0.289771,0.332374,0.508481
74.050,0.657562,0.270675,0.333668,0.497783
74.060,0.656709,0.270388,0.338086,0.493817
74.070,0.648765,0.270003,0.335942,0.484909
74.080,0.660835,0.270090,0.342381,0.496517
74.090,0.662109,0.267582,0.346876,0.496453
74.100,0.659044,0.270663,0.358975,0.481890
74.110,0.655591,0.261487,0.365654,0.477201
74.120,0.637545,0.255423,0.361848,0.458572
74.130,0.620673,0.252476,0.359181,0.438725
74.140,0.616171,0.247199,0.359680,0.434960
74.150,0.613799,0.239714,0.359287,0.436119
74.160,0.618191,0.227794,0.363435,0.445179
74.170,0.612871,0.215732,0.368223,0.439867
74.180,0.611159,0.218415,0.370840,0.433921
74.190,0.608939,0.241045,0.374615,0.415172
74.200,0.583057,0.248605,0.358662,0.386668
74.210,0.567413,0.250388,0.347484,0.372181
74.220,0.557864,0.244839,0.346295,0.362416
74.230,0.552715,0.230282,0.348002,0.362435
74.240,0.549519,0.223563,0.347338,0.362418
74.250,0.554503,0.225159,0.354925,0.361670
74.260,0.558432,0.227607,0.360905,0.360262
74.270,0.568475,0.233935,0.372639,0.359970
74.280,0.566141,0.236084,0.371288,0.356265
74.290,0.565699,0.239216,0.370109,0.354698
74.300,0.562650,0.243125,0.361597,0.355968
74.310,0.562398,0.243012,0.356731,0.360527
74.320,0.562906,0.242092,0.354350,0.364267
74.330,0.559477,0.248899,0.356384,0.352212
74.340,0.564620,0.256549,0.362637,0.348529
74.350,0.569092,0.260946,0.365943,0.349083
74.360,0.571730,0.262250,0.368423,0.349806
74.370,0.575391,0.263017,0.374041,0.349271
74.380,0.572916,0.259645,0.379232,0.342053
74.390,0.560385,0.249091,0.378823,0.329360
74.400,0.547336,0.242597,0.365764,0.327016
74.410,0.513549,0.242292,0.342581,0.296084
74.420,0.509268,0.240736,0.340372,0.292484
74.430,0.518976,0.233638,0.341873,0.312845
74.440,0.532473,0.233590,0.342335,0.334320
74.450,0.562752,0.235311,0.341781,0.380138
74.460,0.592019,0.237372,0.341038,0.421704
74.470,0.626341,0.231550,0.342857,0.470252
74.480,0.644409,0.220666,0.336872,0.503077
74.490,0.667896,0.209217,0.329796,0.541801
74.500,0.706448,0.208126,0.330669,0.588567
74.510,0.763724,0.208275,0.330553,0.656225
74.520,0.825049,0.207822,0.331950,0.726172
74.530,0.878381,0.206490,0.333450,0.785955
74.540,0.901437,0.203093,0.329049,0.814291
74.550,0.921192,0.202354,0.303766,0.845798
74.560,0.945643,0.198636,0.281285,0.880717
74.570,0.985282,0.190624,0.279099,0.925499
74.580,1.026306,0.187103,0.284404,0.968199
74.590,1.060941,0.186897,0.282905,1.005301
74.600,1.085213,0.186773,0.278884,1.032001
74.610,1.095566,0.186767,0.277548,1.043240
74.620,1.097760,0.185195,0.288187,1.042942
74.630,3.549727,1.432014,0.280063,3.235964
74.640,4.149412,1.458814,0.301165,3.872826
74.650,4.454642,1.687464,1.290561,3.915450
74.660,4.504630,1.800476,1.303961,3.917865
74.670,4.586061,1.815204,1.464050,3.948867
74.680,4.614947,1.835687,1.468307,3.971405
74.690,4.645280,1.868794,1.495746,3.981077
74.700,4.664976,1.874042,1.500191,3.999924
74.710,4.689762,1.874374,1.504400,4.027080
74.720,4.944379,2.251442,1.715870,4.053848
74.730,4.977724,2.271192,1.729216,4.077896
74.740,5.133696,2.381712,1.976025,4.096047
74.750,5.163341,2.437269,1.983269,4.097128
74.760,5.365173,2.699816,2.169126,4.097678
74.770,5.377823,2.722179,2.168719,4.099680
74.780,5.392223,2.744392,2.176475,4.099676
74.790,5.401393,2.749718,2.191266,4.100300
74.800,5.416036,2.764587,2.208715,4.100253
74.810,5.421935,2.773566,2.213083,4.099631
74.821,5.422450,2.775730,2.212966,4.098910
74.830,5.423436,2.777352,2.213957,4.098581
74.840,5.424289,2.778354,2.215462,4.098218
74.850,5.424479,2.778608,2.215495,4.098279
74.860,5.424689,2.778595,2.215950,4.098320
74.870,5.425118,2.779117,2.216272,4.098360
74.881,5.426210,2.780239,2.216760,4.098781
74.890,5.426264,2.780547,2.216449,4.098811
74.900,5.426489,2.780957,2.215863,4.099147
74.910,5.426418,2.781086,2.215006,4.099430
74.920,5.426632,2.781320,2.215495,4.099290
74.930,5.425672,2.781443,2.215276,4.098053
74.940,5.424487,2.781453,2.215235,4.096500
74.950,5.421690,2.782566,2.214671,4.092344
74.960,5.419236,2.783576,2.214711,4.088384
74.970,5.415323,2.783557,2.214726,4.083199
74.980,5.411381,2.783531,2.214129,4.078312
74.990,5.406471,2.783570,2.214088,4.071791
75.000,5.399644,2.783703,2.214236,4.062550
75.010,5.388658,2.784155,2.213805,4.047862
75.020,5.376969,2.785121,2.214503,4.031237
75.030,5.362701,2.785119,2.212424,4.013335
75.040,5.352169,2.784796,2.210693,4.000433
75.050,5.339764,2.785123,2.209697,3.984145
75.060,5.326546,2.786146,2.208015,3.966630
75.070,5.310057,2.786151,2.208231,3.944336
75.080,5.293522,2.785874,2.208488,3.922099
75.090,5.276644,2.785758,2.208325,3.899465
75.100,5.261060,2.785651,2.209505,3.877756
75.110,5.250483,2.785839,2.208838,3.863638
75.120,5.242415,2.785663,2.203888,3.855630
75.130,4.086368,2.357521,2.202197,2.508151
75.140,3.502498,2.349597,2.201120,1.379114
75.150,3.032704,2.147416,1.741900,1.245665
75.160,2.929960,2.004168,1.742580,1.237493
75.170,2.806860,1.964918,1.647598,1.141481
75.180,2.772721,1.962363,1.647416,1.059780
75.190,2.723278,1.952493,1.603864,1.015693
75.200,2.692364,1.952857,1.607028,0.923382
75.210,2.638941,1.951334,1.606617,0.758343
75.220,2.221755,1.591143,1.415864,0.632288
75.230,2.165654,1.576982,1.403053,0.484384
75.240,1.687254,1.346257,0.965286,0.320375
75.250,1.554610,1.179509,0.964140,0.309848
75.260,0.812362,0.552687,0.510839,0.305797
75.270,0.760463,0.493113,0.511419,0.271284
75.280,0.699128,0.414863,0.492664,0.271938
75.290,0.580262,0.332119,0.396613,0.262868
75.300,0.484721,0.260247,0.314056,0.261905
75.310,0.438685,0.210526,0.283136,0.260686
75.320,0.434991,0.204379,0.281976,0.260645
75.330,0.429815,0.202555,0.277569,0.258201
75.340,0.425384,0.200135,0.271958,0.258721
75.350,0.424442,0.200119,0.273193,0.255869
75.360,0.421800,0.195582,0.272322,0.255937
75.370,0.422284,0.196950,0.271734,0.256310
75.380,0.423845,0.194703,0.276044,0.255997
75.390,0.424121,0.195231,0.275034,0.257138
75.401,0.423986,0.195726,0.275750,0.255769
75.410,0.425383,0.198611,0.279975,0.251233
75.421,0.423659,0.198365,0.277350,0.251426
75.430,0.423797,0.198096,0.276783,0.252493
75.440,0.417457,0.189739,0.273643,0.251772
75.450,0.417130,0.187310,0.277197,0.249148
75.460,0.408800,0.182563,0.276015,0.240009
75.470,0.397477,0.180844,0.276017,0.221581
75.481,0.399900,0.177867,0.281631,0.221285
75.490,0.395762,0.177085,0.281537,0.214489
75.500,0.391363,0.177099,0.276694,0.212701
75.510,0.392282,0.177259,0.277644,0.213021
75.520,0.382545,0.173623,0.272550,0.204724
75.530,0.383452,0.172627,0.274064,0.205243
75.540,0.376665,0.167965,0.276151,0.193403
75.550,0.373455,0.166052,0.275482,0.189750
75.560,0.371247,0.160839,0.275696,0.189598
75.570,0.365925,0.158621,0.270681,0.188341
75.580,0.363236,0.159538,0.269055,0.184656
75.590,0.361948,0.158338,0.269245,0.182873
75.600,0.343846,0.157661,0.256599,0.165922
75.610,0.342233,0.156749,0.254553,0.166602
75.620,0.343359,0.163285,0.253220,0.164659
75.630,0.342627,0.161713,0.253238,0.164659
75.640,0.340300,0.158335,0.252177,0.164746
75.651,0.334160,0.158310,0.248767,0.157213
75.660,0.327265,0.158508,0.239287,0.157223
75.670,0.320432,0.158751,0.232502,0.153028
75.680,0.322298,0.159471,0.232345,0.156399
75.690,0.322745,0.159023,0.232262,0.157893
75.700,0.312464,0.163142,0.215000,0.157459
75.710,0.309253,0.159367,0.213732,0.156711
75.720,0.306547,0.154511,0.213330,0.156804
75.730,0.301805,0.147754,0.212527,0.155202
75.740,0.302758,0.145716,0.214275,0.156574
75.750,0.294008,0.147858,0.202548,0.153470
75.760,0.285135,0.147656,0.193145,0.148978
75.770,0.276173,0.135157,0.189465,0.148686
75.780,0.271106,0.130410,0.185918,0.148076
75.790,0.264049,0.130387,0.175944,0.147529
75.800,0.255769,0.128607,0.168426,0.143215
75.810,0.252468,0.124810,0.167759,0.141492
75.820,0.250354,0.122848,0.166344,0.141121
75.830,0.248715,0.119842,0.166876,0.140177
75.840,0.248954,0.120112,0.166882,0.140363
75.850,0.246773,0.120798,0.163643,0.139735
75.860,0.245875,0.120679,0.162456,0.139639
75.870,0.245218,0.120027,0.162515,0.138977
75.881,0.238985,0.120112,0.157534,0.133680
75.890,0.239859,0.122345,0.158019,0.132643
75.900,0.234539,0.122113,0.152142,0.130190
75.910,0.227344,0.120840,0.148165,0.123004
75.920,0.231142,0.121904,0.151684,0.124732
75.930,0.230558,0.122314,0.153862,0.120510
75.940,0.231786,0.122241,0.155227,0.121187
75.951,0.226987,0.121876,0.151098,0.117639
75.961,0.225232,0.121616,0.150889,0.114768
75.970,0.223426,0.122872,0.147494,0.114312
75.980,0.214802,0.122024,0.139930,0.108026
75.990,0.214843,0.119356,0.142527,0.107693
76.000,0.215057,0.119377,0.142199,0.108526
76.010,0.211468,0.119821,0.139089,0.104956
76.020,0.211295,0.120270,0.139306,0.103799
76.030,0.207967,0.121245,0.134243,0.102609
76.040,0.203439,0.122721,0.129510,0.097746
76.050,0.203281,0.123175,0.130243,0.095855
76.060,0.202296,0.123202,0.128506,0.096080
76.070,0.202421,0.122369,0.129132,0.096566
76.080,0.203878,0.121927,0.131366,0.097175
76.090,0.200835,0.120490,0.126992,0.098437
76.100,0.199602,0.117275,0.127606,0.099017
76.108,0.199665,0.117007,0.127848,0.099148
76.120,0.193418,0.110138,0.127901,0.094454
76.128,0.190937,0.106682,0.127695,0.093647
76.139,0.192122,0.108836,0.127685,0.093607
76.149,0.193467,0.112067,0.127591,0.092688
76.159,0.195613,0.114076,0.129130,0.092609
76.169,0.198425,0.117174,0.130608,0.092651
76.179,0.196013,0.116685,0.132008,0.085904
76.189,0.192729,0.119341,0.130823,0.076076
76.199,0.191872,0.118095,0.131246,0.075119
76.209,0.194841,0.119639,0.133846,0.075729
76.219,0.196391,0.122342,0.133766,0.075554
76.229,0.198409,0.125348,0.134205,0.075120
76.239,0.196329,0.126318,0.131684,0.072447
76.249,0.198362,0.127244,0.133693,0.072682
76.259,0.199032,0.129416,0.132839,0.072243
76.269,0.201341,0.132639,0.133142,0.072237
76.279,0.200122,0.133882,0.130810,0.070804
76.289,0.201802,0.136470,0.131003,0.070271
76.299,0.201580,0.135133,0.131997,0.070360
76.309,0.200841,0.134759,0.131250,0.070361
76.319,0.201947,0.136756,0.130890,0.070343
76.329,0.202546,0.138367,0.130390,0.069842
76.339,0.201950,0.139290,0.129744,0.067444
76.349,0.202025,0.139374,0.129798,0.067390
76.359,0.203041,0.141451,0.129154,0.067354
76.369,0.203914,0.143782,0.127862,0.067519
76.379,0.203323,0.146264,0.125215,0.065333
76.389,0.203192,0.147097,0.124724,0.063980
76.399,0.203956,0.148093,0.124712,0.064134
76.409,0.203494,0.149644,0.122094,0.064103
76.419,0.200179,0.151092,0.117066,0.059482
76.429,0.198313,0.154087,0.110856,0.057413
76.439,0.198671,0.157344,0.107670,0.055856
76.449,0.199600,0.159572,0.106889,0.054327
76.459,0.200920,0.161340,0.106960,0.053830
76.469,0.203267,0.164895,0.106768,0.052230
76.479,0.203499,0.166265,0.105167,0.052032
76.489,0.203017,0.168360,0.101973,0.049720
76.499,0.203073,0.170808,0.099105,0.047345
76.509,0.203832,0.172187,0.098567,0.046729
76.519,0.204691,0.173444,0.098358,0.046274
76.529,0.205060,0.174069,0.098871,0.044433
76.539,0.205259,0.174144,0.099245,0.044221
76.549,0.206177,0.175120,0.099410,0.044265
76.559,0.205814,0.175381,0.098497,0.043579
76.569,0.204972,0.175346,0.097245,0.042556
76.579,0.204760,0.176325,0.095730,0.040886
76.589,0.205083,0.176824,0.096343,0.038863
76.599,0.204442,0.176936,0.095186,0.037815
76.609,0.203520,0.177108,0.094181,0.034399
76.619,0.202445,0.176294,0.093692,0.033559
76.629,0.201935,0.175857,0.093709,0.032721
76.639,0.200691,0.174326,0.093673,0.033361
76.649,0.198967,0.172442,0.093578,0.033086
76.659,0.196251,0.170622,0.091118,0.033168
76.669,0.193723,0.167795,0.090990,0.033079
76.679,0.188647,0.164857,0.085925,0.032044
76.689,0.186668,0.163305,0.084778,0.031450
76.699,0.183358,0.159963,0.083919,0.031457
76.709,0.180933,0.158983,0.080832,0.030451
76.719,0.178078,0.156006,0.080356,0.030284
76.729,0.176514,0.154908,0.079109,0.030040
76.739,0.176358,0.154887,0.078918,0.029733
76.749,0.173430,0.153150,0.076071,0.028921
76.759,0.174298,0.154376,0.075413,0.029340
76.769,0.172898,0.153469,0.073893,0.029680
76.779,0.172616,0.153586,0.072981,0.029685
76.789,0.171351,0.152656,0.071444,0.030874
76.799,0.170388,0.152643,0.069352,0.030371
76.809,0.170992,0.153471,0.068920,0.030576
76.819,0.168974,0.151810,0.067299,0.031253
76.829,0.168275,0.151009,0.067081,0.031827
76.839,0.167031,0.149949,0.066036,0.032465
76.849,0.166323,0.149190,0.066006,0.032391
76.859,0.163929,0.146644,0.065689,0.032452
76.869,0.162010,0.144694,0.065546,0.031852
76.880,0.159793,0.141881,0.066161,0.032036
76.890,0.157286,0.139237,0.066182,0.031173
76.899,0.156210,0.138044,0.066413,0.030573
76.909,0.154227,0.135892,0.066427,0.030109
76.919,0.153150,0.134636,0.066705,0.029644
76.929,0.151514,0.132760,0.066611,0.029906
76.939,0.148799,0.129358,0.067194,0.029877
76.949,0.150048,0.129878,0.068957,0.029848
76.959,0.148496,0.127374,0.070402,0.029504
76.969,0.146167,0.123982,0.071631,0.029366
76.979,0.145024,0.121975,0.072717,0.029430
76.989,0.144484,0.119787,0.075271,0.029347
76.999,0.142766,0.117673,0.075449,0.029029
77.009,0.140712,0.115231,0.075325,0.029120
77.019,0.138791,0.112382,0.075856,0.029646
77.029,0.136214,0.109513,0.075534,0.029256
77.039,0.134479,0.107943,0.074585,0.029493
77.049,0.131780,0.105523,0.073196,0.029548
77.059,0.131238,0.103987,0.074360,0.029678
77.069,0.130143,0.103683,0.072956,0.029405
77.079,0.127810,0.101689,0.071462,0.029801
77.089,0.125668,0.101733,0.067853,0.028963
77.099,0.125836,0.101544,0.068643,0.028491
77.109,0.127593,0.102562,0.070290,0.028641
77.119,0.128307,0.103391,0.070429,0.028507
77.129,0.128498,0.103070,0.071226,0.028551
77.139,0.129489,0.104820,0.070958,0.027297
77.149,0.130145,0.105203,0.071664,0.027094
77.159,0.130779,0.106071,0.071482,0.027249
77.169,0.131668,0.108299,0.069748,0.027257
77.179,0.131184,0.108271,0.068599,0.027939
77.189,0.130383,0.108277,0.066746,0.028650
77.199,0.129729,0.108531,0.065045,0.028630
77.209,0.127371,0.106317,0.064094,0.028497
77.219,0.126061,0.105948,0.062078,0.028508
77.229,0.124113,0.104489,0.060598,0.028528
77.239,0.122500,0.102053,0.061196,0.029094
77.249,0.121880,0.101389,0.061076,0.029065
77.259,0.118691,0.097558,0.061165,0.028791
77.269,0.116995,0.095392,0.061253,0.028919
77.279,0.116909,0.095150,0.061430,0.028991
77.289,0.115186,0.093494,0.061233,0.027876
77.299,0.114441,0.092145,0.061874,0.027889
77.309,0.113968,0.091121,0.062395,0.028151
77.319,0.113565,0.090621,0.062622,0.027632
77.329,0.113829,0.089998,0.064263,0.026977
77.339,0.114094,0.089770,0.065274,0.026420
77.349,0.114510,0.089710,0.066063,0.026465
77.359,0.114627,0.089716,0.066363,0.026197
77.369,0.114588,0.089686,0.066468,0.025863
77.379,0.114121,0.089534,0.066064,0.025351
77.389,0.113807,0.089204,0.066081,0.025063
77.399,0.111710,0.086385,0.066519,0.024332
77.409,0.111843,0.085749,0.067486,0.024528
77.419,0.111158,0.084468,0.067646,0.025401
77.429,0.109761,0.082062,0.068441,0.025082
77.439,0.108826,0.080680,0.068713,0.024747
77.449,0.107036,0.078490,0.068433,0.024756
77.459,0.105531,0.077933,0.066700,0.024783
77.469,0.102453,0.074814,0.065477,0.024746
77.479,0.103157,0.076817,0.064185,0.024916
77.489,0.101427,0.076160,0.062099,0.025113
77.499,0.099300,0.073157,0.061966,0.025860
77.509,0.099710,0.073556,0.061970,0.026294
77.519,0.098625,0.073149,0.060861,0.025926
77.529,0.098735,0.072722,0.061595,0.025809
77.539,0.098830,0.072839,0.061564,0.025917
77.549,0.099709,0.073579,0.061927,0.026326
77.559,0.097586,0.073238,0.058856,0.026366
77.569,0.097825,0.073987,0.058317,0.026359
77.579,0.098444,0.075355,0.057799,0.025926
77.589,0.097523,0.074481,0.057730,0.025109
77.599,0.098809,0.077259,0.056250,0.025105
77.609,0.096653,0.075968,0.054347,0.024843
77.619,0.095662,0.074921,0.054056,0.024820
77.629,0.095357,0.075369,0.052788,0.025018
77.639,0.094143,0.072985,0.053943,0.025026
77.649,0.093265,0.072415,0.053087,0.025222
77.659,0.092083,0.071095,0.052940,0.024944
77.669,0.090437,0.068835,0.052962,0.025210
77.679,0.090335,0.068993,0.052913,0.024507
77.689,0.091174,0.070234,0.053097,0.023677
77.699,0.091856,0.071679,0.052326,0.023698
77.709,0.092372,0.071995,0.053151,0.022899
77.719,0.094800,0.074573,0.053870,0.022887
77.729,0.094797,0.074341,0.054228,0.022788
77.739,0.095117,0.074711,0.054622,0.021952
77.749,0.095662,0.075327,0.054656,0.022131
77.759,0.094193,0.073641,0.054424,0.022075
77.770,0.094312,0.074061,0.054334,0.021391
77.779,0.091904,0.071028,0.054134,0.021703
77.789,0.092217,0.070745,0.054194,0.023708
77.799,0.091917,0.070429,0.054066,0.023778
77.809,0.090335,0.068241,0.054459,0.023191
77.819,0.090635,0.068303,0.054844,0.023275
77.829,0.091018,0.069737,0.052929,0.024890
77.839,0.091279,0.070632,0.051942,0.025397
77.849,0.090676,0.070732,0.050771,0.025327
77.859,0.091170,0.071672,0.050375,0.025248
77.869,0.091276,0.071937,0.050123,0.025379
77.880,0.093197,0.073518,0.051129,0.025819
77.890,0.094203,0.074335,0.051700,0.025992
77.899,0.094766,0.074779,0.052131,0.025905
77.909,0.096239,0.077486,0.050942,0.025744
77.919,0.095439,0.076702,0.051008,0.024971
77.929,0.095033,0.076872,0.049942,0.025055
77.939,0.094708,0.077127,0.048750,0.025387
77.949,0.090912,0.073713,0.046619,0.025652
77.959,0.090386,0.073018,0.046685,0.025662
77.969,0.090156,0.072724,0.046688,0.025681
77.979,0.088291,0.070228,0.047039,0.025509
77.989,0.087734,0.070400,0.045893,0.025198
77.999,0.087981,0.070753,0.046089,0.024709
78.010,0.089572,0.072507,0.046763,0.024065
78.019,0.090050,0.073425,0.046419,0.023727
78.030,0.090916,0.075014,0.045563,0.023720
78.039,0.094401,0.079190,0.045701,0.023492
78.050,0.094271,0.079447,0.045227,0.023017
78.059,0.096296,0.080371,0.047554,0.023495
78.069,0.096017,0.079962,0.047507,0.023841
78.079,0.095548,0.079135,0.047962,0.023806
78.089,0.097908,0.082261,0.047421,0.023881
78.099,0.095345,0.079528,0.046857,0.023883
78.109,0.094934,0.079286,0.046416,0.023912
78.119,0.095867,0.080145,0.046839,0.023945
78.129,0.095639,0.079767,0.047111,0.023759
78.139,0.095712,0.080196,0.046540,0.023735
78.149,0.096313,0.080274,0.047810,0.023375
78.159,0.096958,0.080172,0.049270,0.023363
78.170,0.095695,0.078914,0.048879,0.023257
78.179,0.097130,0.079465,0.050759,0.023304
78.190,0.095681,0.077749,0.050641,0.023356
78.199,0.095330,0.077437,0.050481,0.023302
78.209,0.094708,0.077760,0.048692,0.023496
78.219,0.092533,0.075185,0.048550,0.023506
78.229,0.093328,0.075856,0.049113,0.023322
78.239,0.092689,0.075185,0.049009,0.023164
78.250,0.095317,0.076538,0.051771,0.023391
78.259,0.100213,0.080882,0.054215,0.023695
78.270,0.099883,0.080184,0.054638,0.023702
78.279,0.100818,0.081464,0.054631,0.023312
78.290,0.101335,0.082513,0.054595,0.021901
78.299,0.101412,0.082515,0.054662,0.022082
78.309,0.101438,0.083162,0.053710,0.022113
78.320,0.101074,0.083114,0.053260,0.021708
78.330,0.099394,0.081528,0.053293,0.019803
78.339,0.098808,0.080801,0.053392,0.019585
78.350,0.100233,0.081020,0.055108,0.021108
78.359,0.099568,0.080155,0.055169,0.021102
78.369,0.101400,0.081830,0.056116,0.020898
78.379,0.100817,0.081580,0.055439,0.020864
78.390,0.101178,0.081807,0.055843,0.020643
78.400,0.102253,0.082334,0.056963,0.020782
78.410,0.100322,0.079867,0.057052,0.020758
78.419,0.102627,0.082150,0.057944,0.020640
78.430,0.103613,0.083030,0.058434,0.020666
78.439,0.104189,0.083088,0.059507,0.020266
78.450,0.107044,0.085701,0.060935,0.020016
78.459,0.107838,0.086621,0.061008,0.020097
78.470,0.108444,0.087340,0.061051,0.020113
78.479,0.109377,0.088686,0.060789,0.020072
78.490,0.110496,0.089771,0.061147,0.020289
78.500,0.111727,0.091488,0.060990,0.019826
78.510,0.110542,0.089942,0.060760,0.020931
78.519,0.110779,0.089754,0.061453,0.020972
78.530,0.110427,0.089361,0.061310,0.021208
78.539,0.107599,0.085640,0.061442,0.021635
78.550,0.106581,0.084620,0.060915,0.022099
78.559,0.104738,0.083731,0.059157,0.021439
78.570,0.104886,0.084284,0.058803,0.020964
78.579,0.104781,0.084017,0.058994,0.020974
78.590,0.103897,0.082943,0.058954,0.020962
78.599,0.104672,0.083870,0.058952,0.021134
78.610,0.106055,0.085486,0.059110,0.021116
78.619,0.109691,0.089392,0.059974,0.021079
78.630,0.110387,0.090394,0.059756,0.021054
78.640,0.112844,0.092474,0.061132,0.021099
78.650,0.116520,0.096349,0.062030,0.021123
78.660,0.118994,0.099465,0.061761,0.021257
78.670,0.120821,0.100595,0.063338,0.021602
78.680,0.120121,0.100081,0.062742,0.021824
78.690,0.121347,0.101376,0.062704,0.022717
78.700,0.121424,0.101306,0.062977,0.022693
78.710,0.121037,0.100867,0.063002,0.022506
78.720,0.120943,0.101114,0.062399,0.022573
78.730,0.120175,0.100435,0.062099,0.022330
78.740,0.120897,0.100369,0.063426,0.022785
78.750,0.118122,0.098438,0.061311,0.022445
78.760,0.116617,0.096770,0.061068,0.022490
78.770,0.117430,0.097054,0.062167,0.022484
78.780,0.118669,0.096867,0.064687,0.022690
78.790,0.119709,0.098212,0.064851,0.021887
78.800,0.119799,0.098667,0.064119,0.022477
78.810,0.120214,0.098440,0.065255,0.022426
78.820,0.120575,0.098850,0.065302,0.022418
78.830,0.120523,0.098919,0.065119,0.022363
78.840,0.120067,0.098762,0.064770,0.021610
78.850,0.119718,0.098485,0.064903,0.020515
78.860,0.120163,0.098467,0.065694,0.020679
78.870,0.118362,0.096745,0.064990,0.020643
78.880,0.117424,0.095833,0.064786,0.020178
78.890,0.116855,0.094992,0.064856,0.020622
78.900,0.115080,0.094027,0.063082,0.020569
78.910,0.114793,0.093788,0.062783,0.020966
78.920,0.111969,0.091202,0.061411,0.021165
78.930,0.110965,0.090339,0.060893,0.021073
78.940,0.110108,0.090050,0.059758,0.021062
78.950,0.107272,0.087498,0.058323,0.021208
78.960,0.106822,0.086691,0.058518,0.021710
78.970,0.106107,0.085814,0.058522,0.021679
78.980,0.104775,0.084137,0.058555,0.021678
78.990,0.103394,0.082754,0.058155,0.021452
79.000,0.101643,0.080689,0.057967,0.021458
79.010,0.101013,0.080383,0.057610,0.020573
79.020,0.100223,0.079795,0.057062,0.020529
79.030,0.099272,0.078635,0.057033,0.020463
79.040,0.098867,0.078462,0.056799,0.019806
79.050,0.098742,0.078461,0.056815,0.019130
79.060,0.098751,0.078434,0.056819,0.019274
79.070,0.098178,0.077678,0.056866,0.019270
79.080,0.097690,0.077493,0.056259,0.019315
79.090,0.095960,0.075196,0.056405,0.019293
79.100,0.095383,0.074174,0.056769,0.019324
79.110,0.093545,0.071913,0.056622,0.019315
79.120,0.088318,0.066038,0.055376,0.019303
79.130,0.087344,0.064714,0.055434,0.019187
79.140,0.083111,0.060884,0.053240,0.019131
79.150,0.077272,0.054754,0.051015,0.019249
79.160,0.072230,0.048529,0.049933,0.019206
79.170,0.068841,0.046185,0.047395,0.018967
79.180,0.067762,0.046076,0.046112,0.018503
79.190,0.065548,0.043162,0.046159,0.017404
79.200,0.063395,0.040273,0.045756,0.017420
79.210,0.063349,0.040199,0.045755,0.017425
79.220,0.062976,0.039636,0.045764,0.017342
79.230,0.062500,0.039698,0.045060,0.017317
79.240,0.059775,0.039708,0.041436,0.016713
79.250,0.059216,0.039356,0.041051,0.016505
79.260,0.054260,0.034815,0.038436,0.015961
79.270,0.051966,0.034022,0.035896,0.015954
79.280,0.046476,0.030697,0.031213,0.015605
79.290,0.041169,0.022307,0.030865,0.015642
79.300,0.039667,0.020209,0.030902,0.014496
79.310,0.036425,0.017467,0.028473,0.014526
79.320,0.034862,0.015309,0.027752,0.014519
79.330,0.034901,0.015356,0.027778,0.014514
79.340,0.034867,0.015329,0.027761,0.014494
79.350,0.031890,0.015561,0.024072,0.013977
79.360,0.029933,0.015560,0.021503,0.013838
79.370,0.029546,0.015218,0.021225,0.013816
79.380,0.029368,0.014743,0.021191,0.014002
79.390,0.026427,0.014550,0.017811,0.013018
79.400,0.026049,0.014497,0.017375,0.012903
79.410,0.025365,0.013709,0.017472,0.012255
79.420,0.025263,0.013368,0.017840,0.011883
79.430,0.024811,0.012721,0.017700,0.011852
79.440,0.024860,0.012845,0.017686,0.011842
79.450,0.024500,0.012419,0.017686,0.011543
79.460,0.022854,0.012282,0.016408,0.010112
79.470,0.022684,0.012281,0.016187,0.010087
79.480,0.022711,0.012208,0.016165,0.010269
79.490,0.022696,0.012128,0.016168,0.010327
79.500,0.022740,0.012111,0.016182,0.010421
79.510,0.022920,0.012137,0.016249,0.010679
79.520,0.023220,0.012585,0.015929,0.011272
79.530,0.022334,0.012695,0.014806,0.010882
79.540,0.022038,0.012650,0.014370,0.010915
79.550,0.022073,0.012751,0.014336,0.010915
79.560,0.022074,0.012747,0.014326,0.010933
79.570,0.022117,0.012721,0.014419,0.010928
79.580,0.021573,0.011887,0.014369,0.010846
79.590,0.021349,0.012085,0.013888,0.010811
79.600,0.020004,0.012068,0.012092,0.010407
79.610,0.019792,0.011765,0.012021,0.010431
79.620,0.019767,0.011804,0.011931,0.010444
79.630,0.019404,0.011462,0.011661,0.010449
79.640,0.019532,0.011732,0.011603,0.010450
79.650,0.019420,0.011739,0.011594,0.010243
79.660,0.019581,0.011589,0.012084,0.010154
79.670,0.019308,0.011589,0.012173,0.009503
79.680,0.019405,0.011499,0.012306,0.009638
79.690,0.019226,0.011375,0.012076,0.009717
79.700,0.019175,0.011416,0.011970,0.009699
79.710,0.019378,0.011594,0.012097,0.009732
79.720,0.019059,0.010928,0.012196,0.009751
79.730,0.019108,0.011048,0.012145,0.009775
79.740,0.019225,0.011163,0.012228,0.009772
79.750,0.019748,0.011689,0.012583,0.009749
79.760,0.019605,0.011719,0.012352,0.009718
79.770,0.019432,0.011433,0.012364,0.009697
79.780,0.019445,0.011482,0.012402,0.009615
79.790,0.019494,0.011480,0.012499,0.009592
79.800,0.019531,0.011601,0.012479,0.009547
79.810,0.019314,0.011521,0.012194,0.009570
79.820,0.019430,0.011545,0.012340,0.009589
79.830,0.018958,0.010582,0.012455,0.009607
79.840,0.018973,0.010588,0.012472,0.009609
79.850,0.018793,0.010577,0.012170,0.009653
79.860,0.019237,0.010941,0.012550,0.009635
79.870,0.018831,0.010832,0.012362,0.009190
79.880,0.018711,0.010796,0.012394,0.008942
79.890,0.018682,0.010789,0.012350,0.008951
79.900,0.018661,0.010802,0.012344,0.008899
79.910,0.018578,0.010751,0.012243,0.008926
79.920,0.018153,0.010700,0.011667,0.008884
79.930,0.018040,0.010607,0.011526,0.008949
79.940,0.017980,0.010550,0.011472,0.008966
79.950,0.017891,0.010502,0.011471,0.008845
79.960,0.017927,0.010507,0.011536,0.008824
79.970,0.017961,0.010521,0.011564,0.008841
79.980,0.017939,0.010727,0.011425,0.008730
79.990,0.017984,0.010790,0.011522,0.008617
80.000,0.017778,0.010603,0.011482,0.008474
80.010,0.017580,0.010962,0.011386,0.007698
80.020,0.016644,0.010461,0.010955,0.006898
80.030,0.016623,0.010334,0.011016,0.006943
80.040,0.016650,0.010450,0.010998,0.006861
80.050,0.016671,0.010344,0.010957,0.007132
80.060,0.016565,0.010354,0.010939,0.006893
80.070,0.016691,0.010556,0.010934,0.006900
80.080,0.016518,0.010507,0.010827,0.006724
80.090,0.016538,0.010208,0.011146,0.006714
80.100,0.016821,0.010187,0.011388,0.007033
80.110,0.016730,0.010107,0.011297,0.007077
80.120,0.016666,0.010070,0.011196,0.007142
80.130,0.016687,0.009992,0.011319,0.007105
80.140,0.016354,0.009632,0.011144,0.007105
80.150,0.016339,0.009651,0.011147,0.007042
80.160,0.015891,0.009705,0.010512,0.006916
80.170,0.015852,0.009763,0.010411,0.006899
80.180,0.015617,0.009823,0.010178,0.006618
80.190,0.015544,0.009965,0.010144,0.006278
80.200,0.015465,0.009789,0.010184,0.006294
80.210,0.015070,0.009465,0.009912,0.006266
80.220,0.014949,0.009480,0.009768,0.006180
80.230,0.014811,0.009121,0.009902,0.006175
80.240,0.014688,0.009013,0.009827,0.006157
80.250,0.013957,0.008385,0.009280,0.006195
80.260,0.013922,0.008349,0.009211,0.006265
80.270,0.013905,0.008338,0.009190,0.006273
80.280,0.013812,0.008278,0.009081,0.006307
80.290,0.013753,0.008291,0.009002,0.006274
80.300,0.013350,0.008020,0.008820,0.006010
80.310,0.013324,0.008033,0.008824,0.005929
80.320,0.013377,0.008020,0.008765,0.006148
80.330,0.013238,0.008011,0.008572,0.006129
80.340,0.013252,0.008014,0.008593,0.006129
80.350,0.012979,0.007575,0.008633,0.006046
80.360,0.012129,0.007084,0.007816,0.005988
80.370,0.011903,0.007034,0.007498,0.005999
80.380,0.011689,0.006855,0.007413,0.005890
80.390,0.011700,0.006876,0.007421,0.005877
80.400,0.011697,0.006919,0.007376,0.005876
80.410,0.011670,0.006887,0.007388,0.005846
80.420,0.011677,0.006903,0.007392,0.005836
80.430,0.011700,0.006908,0.007477,0.005767
80.440,0.011756,0.006865,0.007536,0.005855
80.450,0.011732,0.006855,0.007535,0.005820
80.460,0.012037,0.007187,0.007468,0.006122
80.470,0.012034,0.007248,0.007436,0.006083
80.480,0.011927,0.006944,0.007674,0.005929
80.490,0.012003,0.007057,0.007648,0.005982
80.500,0.012079,0.007124,0.007704,0.005984
80.510,0.011731,0.006525,0.007699,0.005979
80.520,0.011615,0.006473,0.007432,0.006146
80.530,0.011488,0.006417,0.007285,0.006142
80.540,0.011336,0.006169,0.007274,0.006128
80.550,0.011233,0.006172,0.007403,0.005769
80.560,0.011174,0.006163,0.007450,0.005601
80.570,0.010801,0.005826,0.007070,0.005722
80.580,0.010881,0.005872,0.007147,0.005731
80.590,0.010508,0.005839,0.006572,0.005757
80.600,0.010121,0.005745,0.006178,0.005591
80.610,0.010053,0.005729,0.006226,0.005429
80.620,0.010122,0.005865,0.006280,0.005348
80.630,0.010034,0.005860,0.006081,0.005420
80.640,0.010072,0.005988,0.005967,0.005475
80.651,0.010090,0.005953,0.006006,0.005504
80.660,0.010014,0.005845,0.005955,0.005537
80.670,0.009972,0.005863,0.005817,0.005587
80.680,0.010038,0.006011,0.005808,0.005559
80.690,0.009937,0.005928,0.005787,0.005488
80.700,0.009854,0.005899,0.005721,0.005438
80.710,0.009848,0.005965,0.005653,0.005427
80.720,0.009797,0.005957,0.005569,0.005429
80.730,0.009907,0.006020,0.005455,0.005671
80.740,0.009943,0.006064,0.005455,0.005686
80.750,0.009911,0.006032,0.005428,0.005690
80.760,0.009885,0.006100,0.005417,0.005582
80.770,0.009919,0.006098,0.005447,0.005616
80.780,0.009898,0.006072,0.005448,0.005606
80.790,0.009868,0.006055,0.005420,0.005599
80.800,0.009959,0.006083,0.005525,0.005627
80.810,0.009919,0.006072,0.005472,0.005618
80.820,0.009742,0.006060,0.005334,0.005453
80.830,0.009725,0.006142,0.005255,0.005408
80.840,0.009838,0.006326,0.005200,0.005453
80.850,0.009887,0.006364,0.005246,0.005453
80.860,0.009877,0.006396,0.005258,0.005384
80.870,0.009871,0.006420,0.005226,0.005377
80.880,0.009947,0.006418,0.005253,0.005492
80.890,0.009970,0.006454,0.005259,0.005486
80.900,0.010055,0.006499,0.005362,0.005488
80.910,0.010137,0.006509,0.005486,0.005504
80.920,0.010195,0.006546,0.005560,0.005493
80.930,0.010184,0.006595,0.005513,0.005460
80.940,0.009968,0.006471,0.005409,0.005313
80.950,0.010439,0.006514,0.005910,0.005622
80.960,0.010149,0.006132,0.005983,0.005441
80.970,0.010127,0.006115,0.005979,0.005424
80.980,0.009952,0.006056,0.005752,0.005411
80.990,0.009756,0.005844,0.005656,0.005388
81.000,0.009998,0.005888,0.005550,0.005873
81.010,0.010115,0.005876,0.005610,0.006025
81.020,0.009969,0.005914,0.005594,0.005755
81.030,0.010158,0.005930,0.005697,0.005963
81.040,0.010149,0.005932,0.005694,0.005950
81.050,0.010148,0.005945,0.005569,0.006053
81.060,0.010085,0.005938,0.005524,0.005994
81.070,0.010004,0.005924,0.005495,0.005898
81.080,0.009893,0.005838,0.005405,0.005881
81.090,0.009852,0.005725,0.005428,0.005900
81.100,0.009633,0.005734,0.005255,0.005683
81.110,0.009614,0.005756,0.005186,0.005692
81.120,0.009447,0.005565,0.005044,0.005730
81.130,0.009467,0.005583,0.005098,0.005698
81.140,0.009428,0.005475,0.005175,0.005669
81.150,0.009472,0.005547,0.005127,0.005716
81.160,0.009531,0.005578,0.005195,0.005723
81.170,0.009408,0.005444,0.005155,0.005684
81.180,0.009253,0.005208,0.005137,0.005666
81.190,0.009126,0.004965,0.005112,0.005701
81.200,0.009127,0.004966,0.005132,0.005685
81.210,0.009074,0.004863,0.005080,0.005734
81.220,0.009063,0.004857,0.005037,0.005760
81.230,0.008837,0.004744,0.004934,0.005590
81.240,0.008933,0.004728,0.004942,0.005746
81.250,0.008989,0.004983,0.004943,0.005616
81.260,0.009031,0.005007,0.004969,0.005638
81.270,0.009033,0.005108,0.004941,0.005575
81.280,0.009222,0.005108,0.005244,0.005608
81.290,0.009231,0.005100,0.005260,0.005615
81.300,0.009454,0.005119,0.005449,0.005787
81.310,0.009458,0.005074,0.005500,0.005785
81.320,0.009381,0.005055,0.005512,0.005662
81.330,0.009330,0.004902,0.005562,0.005663
81.340,0.009324,0.004703,0.005670,0.005715
81.350,0.009265,0.004708,0.005569,0.005716
81.360,0.009258,0.004683,0.005581,0.005712
81.370,0.009298,0.004811,0.005521,0.005730
81.380,0.009361,0.004824,0.005770,0.005573
81.390,0.009362,0.004777,0.005800,0.005585
81.400,0.009313,0.004662,0.005804,0.005597
81.410,0.009399,0.004725,0.005930,0.005555
81.420,0.009403,0.004714,0.005943,0.005556
81.430,0.009696,0.004648,0.006362,0.005652
81.440,0.009715,0.004720,0.006391,0.005592
81.450,0.009375,0.004770,0.006009,0.005389
81.460,0.009235,0.004771,0.005914,0.005248
81.470,0.009153,0.004704,0.005866,0.005220
81.480,0.009362,0.004704,0.006101,0.005319
81.490,0.009312,0.004645,0.006125,0.005256
81.500,0.008920,0.004499,0.006237,0.004520
81.510,0.008862,0.004528,0.006204,0.004421
81.520,0.008861,0.004487,0.006230,0.004423
81.530,0.008704,0.004469,0.006157,0.004227
81.540,0.008719,0.004468,0.006171,0.004240
81.550,0.008815,0.004584,0.006207,0.004261
81.560,0.008929,0.004574,0.006305,0.004366
81.570,0.008993,0.004669,0.006293,0.004412
81.580,0.009037,0.004735,0.006303,0.004419
81.590,0.009093,0.004852,0.006292,0.004423
81.600,0.009106,0.004827,0.006352,0.004389
81.610,0.009144,0.004885,0.006405,0.004328
81.620,0.009132,0.004885,0.006398,0.004312
81.630,0.009147,0.004913,0.006402,0.004307
81.640,0.009291,0.004963,0.006333,0.004647
81.650,0.009250,0.004932,0.006333,0.004597
81.660,0.009192,0.004903,0.006291,0.004569
81.670,0.009284,0.005064,0.006288,0.004585
81.680,0.009333,0.005126,0.006298,0.004601
81.690,0.009457,0.005144,0.006476,0.004587
