time_seconds,packet_counter,sample_time_fine,utc_time,euler_roll_deg,euler_pitch_deg,euler_yaw_deg,quat_w,quat_x,quat_y,quat_z,acc_x,acc_y,acc_z,free_acc_x,free_acc_y,free_acc_z,gyro_x_dps,gyro_y_dps,gyro_z_dps,mag_x,mag_y,mag_z,lat,lon,altitude,vel_x,vel_y,vel_z,status_word,temperature,baropressure,delta_v_x,delta_v_y,delta_v_z,delta_q_w,delta_q_x,delta_q_y,delta_q_z
0.001682,62813,6334971,,178.19219971,0.64600861,-118.22920990,,,,,-0.07559543,0.31477642,-9.81740475,-0.02097501,-0.02882101,0.00703359,0.27835142,-0.13677243,0.02693744,-0.44370452,-0.01259924,0.99560875,,,,,,,3,,,,,,,,,
0.002956,62814,6335071,,178.19717407,0.64932674,-118.22296906,,,,,-0.08331893,0.31832227,-9.80290508,-0.02185982,-0.02030458,-0.00726271,0.12059325,-0.60451368,-0.56503295,-0.44557643,-0.01304772,0.99559230,,,,,,,3,,,,,,,,,
0.004130,62815,6335171,,178.19532776,0.64983839,-118.24076843,,,,,-0.08487973,0.32488936,-9.80319309,-0.02619613,-0.01621879,-0.00674868,-0.79107304,-0.38431690,-0.31943327,-0.44561973,-0.01256657,0.99461019,,,,,,,3,,,,,,,,,
0.005274,62816,6335271,,178.19578552,0.64586574,-118.26766205,,,,,-0.07185328,0.32740763,-9.81149578,-0.03432333,-0.02584621,0.00148320,-0.37380387,-0.03562375,-0.19333610,-0.44461095,-0.01162466,0.99710393,,,,,,,3,,,,,,,,,
0.006687,62817,6335371,,178.19493103,0.64423543,-118.27237701,,,,,-0.08034845,0.33182380,-9.81213093,-0.03420933,-0.01595653,0.00235152,-0.06047107,-0.15092018,-0.41420799,-0.44271249,-0.01261659,0.99709773,,,,,,,3,,,,,,,,,
0.007907,62818,6335471,,178.20103455,0.65432322,-118.23985291,,,,,-0.07442103,0.32700381,-9.80598927,-0.03464772,-0.02494033,-0.00401258,-0.03020608,-1.36563496,-0.13129212,-0.44320774,-0.01404757,0.99558830,,,,,,,3,,,,,,,,,
0.009055,62819,6335571,,178.19766235,0.65149277,-118.22784424,,,,,-0.08282029,0.32182127,-9.80665398,-0.02491891,-0.01919591,-0.00340891,-0.57952069,0.20526642,-0.10115147,-0.44368678,-0.01355952,0.99559367,,,,,,,3,,,,,,,,,
0.010198,62820,6335671,,178.19668579,0.65393668,-118.21925354,,,,,-0.08003851,0.31856406,-9.80943775,-0.02356888,-0.02404987,-0.00076652,-0.42648651,-0.52770468,-0.26128747,-0.44409639,-0.01403326,0.99706841,,,,,,,3,,,,,,,,,
0.011317,62821,6335771,,178.19862366,0.65422618,-118.20932007,,,,,-0.08311233,0.32599711,-9.80527878,-0.02905238,-0.01762225,-0.00465441,-0.29849509,-0.41703283,-0.17552750,-0.44555920,-0.01304823,0.99608713,,,,,,,3,,,,,,,,,
0.012413,62822,6335871,,178.19667053,0.65361261,-118.22924805,,,,,-0.08438764,0.33010367,-9.79939079,-0.03165918,-0.01440732,-0.01039147,-0.66630608,-0.18805036,-0.38920736,-0.44653451,-0.01207161,0.99560291,,,,,,,3,,,,,,,,,
0.013602,62823,6335971,,178.19526672,0.65238678,-118.26738739,,,,,-0.07908751,0.32457265,-9.80597878,-0.02926676,-0.02182602,-0.00404382,-0.23558219,-0.45712754,-0.13389679,-0.44373164,-0.01019906,0.99614137,,,,,,,3,,,,,,,,,
0.014567,62824,6336071,,178.19883728,0.64817291,-118.27044678,,,,,-0.06804704,0.31694955,-9.81087494,-0.02763370,-0.03389015,0.00048995,0.01643048,0.28706215,-0.02116817,-0.44414961,-0.01115244,0.99711370,,,,,,,3,,,,,,,,,
0.015260,62825,6336171,,178.20410156,0.64657456,-118.27561188,,,,,-0.08435266,0.32061937,-9.81080246,-0.02371215,-0.01746522,0.00071168,-0.19000759,-0.14450136,0.03498343,-0.44511509,-0.01257550,0.99560207,,,,,,,3,,,,,,,,,
0.015934,62826,6336271,,178.20223999,0.64957589,-118.29164124,,,,,-0.08334249,0.32275930,-9.81525898,-0.02626369,-0.01840299,0.00522089,-0.41795667,-0.89074679,-0.66827675,-0.44369668,-0.01115984,0.99662113,,,,,,,3,,,,,,,,,
0.016577,62827,6336371,,178.20396423,0.64950609,-118.28430176,,,,,-0.07417612,0.31642988,-9.81326103,-0.02480753,-0.02905497,0.00292468,-0.65609714,-0.23332540,-0.40546460,-0.44220781,-0.01262552,0.99808961,,,,,,,3,,,,,,,,,
0.017245,62828,6336471,,178.19796753,0.65133953,-118.24182892,,,,,-0.07142761,0.32658178,-9.81355000,-0.03440966,-0.02722524,0.00350118,-0.76418579,-0.15984190,-0.42513213,-0.44265139,-0.01405802,0.99806470,,,,,,,3,,,,,,,,,
0.017887,62829,6336571,,178.19650269,0.65971792,-118.20624542,,,,,-0.07333379,0.32302287,-9.81254101,-0.03088873,-0.02911967,0.00239515,-0.76590182,-1.05306427,-0.23383742,-0.44229451,-0.01166322,0.99612540,,,,,,,3,,,,,,,,,
0.018356,62830,6336671,,178.19311523,0.65752941,-118.18408966,,,,,-0.08251131,0.32538158,-9.80182838,-0.02838261,-0.01895580,-0.00812650,-0.28635979,0.04326155,-0.62153179,-0.44325212,-0.01164688,0.99562609,,,,,,,3,,,,,,,,,
0.018812,62831,6336771,,178.19465637,0.65923297,-118.18218994,,,,,-0.07566459,0.32134417,-9.81013107,-0.02786186,-0.02752829,-0.00003576,-0.58668796,-0.25317225,-0.28898280,-0.44460994,-0.01354419,0.99608403,,,,,,,3,,,,,,,,,
0.019329,62832,6336871,,178.19210815,0.65941393,-118.19471741,,,,,-0.08536944,0.32229802,-9.79804516,-0.02439322,-0.01851372,-0.01197243,-0.44044622,-0.46619003,0.32546545,-0.44503677,-0.01401743,0.99706393,,,,,,,3,,,,,,,,,
0.020184,62986,6354372,,,,,,,,,-0.06662853,0.25248563,-7.36163998,,,,0.04597650,-0.06941296,0.10522645,-0.44371340,-0.01211910,0.99561632,,,,,,,1,,,,,,,,,
0.027824,62987,6354472,,178.09375000,0.50197113,179.98101807,,,,,-0.08346979,0.31690571,-9.82252312,-0.01443166,-0.01165947,0.01230478,-0.23745972,-0.56788968,0.16992085,-0.44474879,-0.01162060,0.99314523,,,,,,,3,,,,,,,,,
0.037761,62988,6354572,,178.08966064,0.50598842,179.98170471,,,,,-0.09508611,0.31310645,-9.81526661,0.00847875,-0.01438451,0.00506353,-0.34409522,-0.04270296,-0.41817975,-0.44386059,-0.01067514,0.99217516,,,,,,,3,,,,,,,,,
0.047689,62989,6354672,,178.08555603,0.51056182,179.98889160,,,,,-0.08567132,0.30970672,-9.80808735,-0.00220909,-0.01839403,-0.00230956,-0.52320380,-0.70972127,-0.71284742,-0.44235554,-0.01022179,0.99515843,,,,,,,3,,,,,,,,,
0.057670,62990,6354772,,178.08421326,0.52056271,179.99649048,,,,,-0.08951082,0.31265745,-9.81598663,-0.00012989,-0.01574957,0.00571871,-0.16051343,-0.96283597,-0.45202213,-0.44370556,-0.01067971,0.99662870,,,,,,,3,,,,,,,,,
0.067734,62991,6354872,,178.07727051,0.52252996,179.99613953,,,,,-0.08780232,0.30934799,-9.81048489,-0.00162307,-0.02019333,0.00009060,-0.58976592,0.01551135,-0.16716485,-0.44651678,-0.01303189,0.99558783,,,,,,,3,,,,,,,,,
0.077720,62992,6354972,,178.06718445,0.52319950,-179.99832153,,,,,-0.07461774,0.31512135,-9.81462002,-0.01515381,-0.01632925,0.00429201,-0.79480270,-0.13985254,-0.36254852,-0.44417524,-0.01163156,0.99611646,,,,,,,3,,,,,,,,,
0.087901,62993,6355072,,178.06295776,0.52554560,-179.99098206,,,,,-0.10042635,0.31938833,-9.81040096,0.01021728,-0.01302935,0.00045466,-0.95307456,-0.29918419,-0.67151795,-0.44274795,-0.01069604,0.99712795,,,,,,,3,,,,,,,,,
0.097750,62994,6355172,,178.05575562,0.53149831,-179.98767090,,,,,-0.08399602,0.31973949,-9.80667114,-0.00723166,-0.01318328,-0.00341344,-0.39177101,-0.52945060,-0.38490008,-0.44327870,-0.01020647,0.99564880,,,,,,,3,,,,,,,,,
0.107722,62995,6355272,,178.05407715,0.53342015,-179.98516846,,,,,-0.08322314,0.31855449,-9.81494617,-0.00832281,-0.01511046,0.00480866,-0.32020562,-0.22482301,-0.46470910,-0.44376662,-0.00923828,0.99566168,,,,,,,3,,,,,,,,,
0.117662,62996,6355372,,178.04718018,0.53929442,-179.98226929,,,,,-0.09142096,0.31850088,-9.80974483,-0.00113959,-0.01612273,-0.00031757,-0.52857777,-0.49146776,-0.39997788,-0.44374940,-0.00923879,0.99615651,,,,,,,3,,,,,,,,,
0.127745,62997,6355472,,178.04699707,0.54509914,-179.98020935,,,,,-0.07912249,0.30619776,-9.80986023,-0.01462186,-0.02823635,-0.00073838,0.06948928,-0.72914302,-0.08148728,-0.44565523,-0.01064602,0.99464041,,,,,,,3,,,,,,,,,
0.137797,62998,6355572,,178.04450989,0.55122095,-179.97601318,,,,,-0.08061095,0.31460443,-9.80670452,-0.01380380,-0.02057267,-0.00359392,-0.53914114,-0.32377332,-0.38169477,-0.44473207,-0.01066134,0.99415004,,,,,,,3,,,,,,,,,
0.147685,62999,6355672,,178.03921509,0.55389547,-179.97395325,,,,,-0.07898629,0.30897722,-9.80708504,-0.01619511,-0.02670354,-0.00342131,-0.19163262,-0.52216428,-0.14682783,-0.44273907,-0.01117618,0.99712044,,,,,,,3,,,,,,,,,
0.157835,63000,6355772,,178.03851318,0.55727285,-179.97129822,,,,,-0.08842041,0.31463292,-9.80324268,-0.00722572,-0.02124445,-0.00697899,-0.20752561,-0.46059391,-0.25459784,-0.44408855,-0.01259386,0.99808067,,,,,,,3,,,,,,,,,
0.167859,63001,6355872,,178.03611755,0.56214660,-179.97270203,,,,,-0.08068731,0.30654684,-9.81259823,-0.01551374,-0.03001436,0.00201631,-0.23638930,-0.11677284,-0.02460869,-0.44506341,-0.01257702,0.99708658,,,,,,,3,,,,,,,,,
0.177887,63002,6355972,,178.03594971,0.56373996,-179.97261047,,,,,-0.08190268,0.31448728,-9.82322216,-0.01496905,-0.02252389,0.01291895,-0.18578360,-0.28925907,0.02858074,-0.44416687,-0.01115193,0.99661887,,,,,,,3,,,,,,,,,
0.187774,63003,6356072,,178.02970886,0.56667691,-179.97070312,,,,,-0.07464265,0.31304088,-9.81189728,-0.02272221,-0.02452179,0.00147414,-0.33249945,-0.47999240,0.09172460,-0.44463706,-0.01114401,0.99661666,,,,,,,3,,,,,,,,,
0.197752,63004,6356172,,178.03175354,0.57430416,-179.96830750,,,,,-0.09268663,0.32471231,-9.81145000,-0.00584231,-0.01241068,0.00160813,0.16073876,-0.52579479,-0.37267628,-0.44516730,-0.01161421,0.99462754,,,,,,,3,,,,,,,,,
0.207774,63005,6356272,,178.02934265,0.57747900,-179.96888733,,,,,-0.08133467,0.31730771,-9.81288815,-0.01765683,-0.02062919,0.00267076,-0.46882840,-0.20584635,-0.18752203,-0.44467151,-0.01114300,0.99562699,,,,,,,3,,,,,,,,,
0.217720,63006,6356372,,178.02360535,0.57987946,-179.96778870,,,,,-0.08262932,0.31928542,-9.81940746,-0.01704148,-0.01958212,0.00926471,-0.30937128,-0.40169391,-0.17635865,-0.44422793,-0.00971050,0.99565190,,,,,,,3,,,,,,,,,
0.227711,63007,6356472,,178.02105713,0.58010536,-179.96882629,,,,,-0.08059068,0.31504166,-9.81221008,-0.01867078,-0.02436257,0.00190663,-0.55460528,0.13008451,0.13366061,-0.44470647,-0.01018222,0.99514723,,,,,,,3,,,,,,,,,
0.237660,63008,6356572,,178.01747131,0.58358550,-179.96279907,,,,,-0.08475435,0.31379104,-9.80222225,-0.01542114,-0.02566227,-0.00807881,-0.35820727,-0.50599018,-0.50383349,-0.44328758,-0.00972633,0.99565637,,,,,,,3,,,,,,,,,
0.247752,63009,6356672,,178.01376343,0.58326375,-179.95852661,,,,,-0.08430777,0.31492206,-9.81323051,-0.01560893,-0.02554620,0.00295687,-0.36058975,0.05131291,-0.50837973,-0.44373217,-0.00923929,0.99665135,,,,,,,3,,,,,,,,,
0.257717,63010,6356772,,178.00773621,0.58931947,-179.95503235,,,,,-0.08232597,0.30674997,-9.80810928,-0.01872792,-0.03451151,-0.00247049,-0.40698504,-0.45718154,-0.56189474,-0.44655275,-0.01015157,0.99612802,,,,,,,3,,,,,,,,,
0.267838,63011,6356872,,178.00450134,0.58871412,-179.94798279,,,,,-0.08452807,0.30871964,-9.80809498,-0.01625954,-0.03332015,-0.00239730,-0.52660188,0.05715680,-0.35139805,-0.44701359,-0.01158356,0.99560827,,,,,,,3,,,,,,,,,
0.277745,63012,6356972,,177.99890137,0.58966964,-179.94441223,,,,,-0.08223297,0.30790120,-9.81464291,-0.01873187,-0.03511923,0.00409460,-0.39973615,0.03744119,-0.39320732,-0.44516781,-0.01065444,0.99513745,,,,,,,3,,,,,,,,,
0.287841,63013,6357072,,177.99382019,0.59383827,-179.93832397,,,,,-0.08445700,0.31023028,-9.81118202,-0.01759971,-0.03364192,0.00073409,-0.49174849,-0.59750538,-0.69357225,-0.44555134,-0.01160883,0.99709946,,,,,,,3,,,,,,,,,
0.297728,63014,6357172,,177.99221802,0.59757340,-179.93646240,,,,,-0.07471954,0.31377017,-9.80501366,-0.02763456,-0.03000836,-0.00540996,-0.11839411,-0.26883539,0.00281704,-0.44502842,-0.01353780,0.99756622,,,,,,,3,,,,,,,,,
0.307843,63015,6357272,,177.99333191,0.60330927,-179.93795776,,,,,-0.07803059,0.31140664,-9.80777168,-0.02552293,-0.03244152,-0.00270462,-0.17946804,-0.58526055,-0.22561147,-0.44502842,-0.01353780,0.99756622,,,,,,,3,,,,,,,,,
0.317777,63016,6357372,,177.98818970,0.60771883,-179.93601990,,,,,-0.09117245,0.30955294,-9.80050182,-0.01293307,-0.03486377,-0.00989914,-0.44330956,-0.38022252,-0.08086903,-0.44322652,-0.01116776,0.99662334,,,,,,,3,,,,,,,,,
0.327757,63017,6357472,,177.98356628,0.60790730,-179.93309021,,,,,-0.08010104,0.31862360,-9.81357479,-0.02419868,-0.02697410,0.00336361,-0.31459224,-0.17899431,-0.24667898,-0.44324324,-0.01212702,0.99561858,,,,,,,3,,,,,,,,,
0.337888,63018,6357572,,177.97868347,0.61040127,-179.92976379,,,,,-0.08188801,0.31973913,-9.81871605,-0.02279648,-0.02709432,0.00855637,-0.58287298,-0.16924522,-0.61935147,-0.44372174,-0.01259873,0.99511391,,,,,,,3,,,,,,,,,
0.347757,63019,6357672,,177.97801208,0.61356741,-179.92826843,,,,,-0.08148090,0.30605340,-9.80846977,-0.02362268,-0.04027206,-0.00217080,-0.06866021,-0.23909976,0.20085084,-0.44371340,-0.01211910,0.99561632,,,,,,,3,,,,,,,,,
0.357904,63020,6357772,,177.97428894,0.61534315,-179.92417908,,,,,-0.08248923,0.31317258,-9.81152725,-0.02303457,-0.03417047,0.00114179,-0.53940709,-0.24030988,-0.34360014,-0.44420969,-0.01163054,0.99512678,,,,,,,3,,,,,,,,,
0.367728,63021,6357872,,177.96846008,0.61998183,-179.92225647,,,,,-0.08240512,0.31977624,-9.81355858,-0.02405836,-0.02836863,0.00340223,-0.32250902,-0.51375690,-0.42898751,-0.44469711,-0.01162212,0.99462974,,,,,,,3,,,,,,,,,
0.377797,63022,6357972,,177.96780396,0.62327760,-179.91676331,,,,,-0.08874691,0.30313662,-9.80295277,-0.01797466,-0.04493320,-0.00771928,-0.30491461,-0.25537602,-0.61449536,-0.44420969,-0.01163054,0.99512678,,,,,,,3,,,,,,,,,
0.387762,63023,6358072,,177.96147156,0.62361503,-179.91131592,,,,,-0.09516980,0.31975695,-9.80525589,-0.01165733,-0.02941362,-0.00476265,-0.50750637,-0.11060954,-0.36853062,-0.44504616,-0.01257752,0.99758136,,,,,,,3,,,,,,,,,
0.397789,63024,6358172,,177.95820618,0.63018596,-179.90718079,,,,,-0.09124786,0.30963495,-9.81220055,-0.01692474,-0.04045026,0.00176597,-0.47838832,-0.61474184,-0.51885703,-0.44507229,-0.01209688,0.99709415,,,,,,,3,,,,,,,,,
0.407799,63025,6358272,,177.95262146,0.63539606,-179.90243530,,,,,-0.08287089,0.32398111,-9.80527973,-0.02603152,-0.02660724,-0.00473499,-0.32202562,-0.42070363,-0.36279374,-0.44468924,-0.01018272,0.99564207,,,,,,,3,,,,,,,,,
0.417844,63026,6358372,,177.94958496,0.63706285,-179.89607239,,,,,-0.08138965,0.31178680,-9.81119251,-0.02794057,-0.03953289,0.00072169,-0.19984881,-0.35224801,-0.92625049,-0.44425404,-0.00922986,0.99516457,,,,,,,3,,,,,,,,,
0.427760,63027,6358472,,177.95115662,0.64065653,-179.89004517,,,,,-0.09343556,0.31233755,-9.80703068,-0.01632186,-0.03878023,-0.00328350,-0.24065232,-0.29827780,-0.48097072,-0.44372278,-0.01067920,0.99613386,,,,,,,3,,,,,,,,,
0.437761,63028,6358572,,177.94796753,0.64272600,-179.88798523,,,,,-0.09342883,0.32043228,-9.81146145,-0.01671837,-0.03121106,0.00143051,-0.26197716,-0.19295371,-0.27551612,-0.44373113,-0.01115883,0.99563146,,,,,,,3,,,,,,,,,
0.447883,63029,6358672,,177.94340515,0.64590460,-179.88916016,,,,,-0.07945125,0.31714255,-9.81461239,-0.03102553,-0.03535495,0.00429893,-0.24807882,0.01497746,0.25191130,-0.44420132,-0.01115091,0.99562919,,,,,,,3,,,,,,,,,
0.457875,63030,6358772,,177.94360352,0.64867747,-179.88529968,,,,,-0.08951520,0.30881464,-9.80601501,-0.02166203,-0.04341579,-0.00447893,-0.13060701,-0.34090806,-0.50727127,-0.44555971,-0.01208846,0.99659705,,,,,,,3,,,,,,,,,
0.467752,63031,6358872,,177.94223022,0.65033722,-179.88459778,,,,,-0.08618361,0.30991146,-9.80498886,-0.02536139,-0.04257172,-0.00550795,-0.25993600,-0.41019501,-0.04858070,-0.44648179,-0.01399267,0.99606752,,,,,,,3,,,,,,,,,
0.477750,63032,6358972,,177.93974304,0.65571868,-179.88375854,,,,,-0.08768594,0.29600066,-9.80436230,-0.02466870,-0.05690388,-0.00662065,-0.34755225,-0.51505944,-0.05544427,-0.44369617,-0.01211961,0.99611115,,,,,,,3,,,,,,,,,
0.487890,63033,6359072,,177.93344116,0.66016984,-179.88359070,,,,,-0.08298671,0.31344661,-9.80291843,-0.03013665,-0.04039367,-0.00749326,-0.40300792,-0.44925100,-0.03167536,-0.44275633,-0.01117567,0.99662560,,,,,,,3,,,,,,,,,
0.497853,63034,6359172,,177.92964172,0.66280466,-179.87985229,,,,,-0.08489720,0.30755204,-9.81119156,-0.02857371,-0.04756388,0.00057745,-0.67124196,-0.13512554,-0.45531039,-0.44326934,-0.01164637,0.99513125,,,,,,,3,,,,,,,,,
0.507772,63035,6359272,,177.92623901,0.66591501,-179.87532043,,,,,-0.08489162,0.30351818,-9.81260586,-0.02930060,-0.05164558,0.00184250,0.03611821,-0.37698285,-0.44219202,-0.44279078,-0.01117466,0.99563593,,,,,,,3,,,,,,,,,
0.517792,63036,6359372,,177.92713928,0.66740882,-179.86871338,,,,,-0.08255865,0.30597442,-9.81741810,-0.03198988,-0.04947293,0.00671101,-0.04586412,-0.34459105,-0.51181356,-0.44282573,-0.01021388,0.99515617,,,,,,,3,,,,,,,,,
0.527768,63037,6359472,,177.92793274,0.67172498,-179.86785889,,,,,-0.08865843,0.31411612,-9.80737782,-0.02607845,-0.04077093,-0.00295568,0.01421405,0.03925239,-0.27673098,-0.44423577,-0.01114990,0.99463952,,,,,,,3,,,,,,,,,
0.537783,63038,6359572,,177.92352295,0.67034936,-179.85870361,,,,,-0.08313823,0.31863067,-9.80806160,-0.03181299,-0.03721507,-0.00217867,-0.43396290,-0.17643437,-0.60840684,-0.44418409,-0.01115142,0.99612403,,,,,,,3,,,,,,,,,
0.547792,63039,6359672,,177.92041016,0.67800575,-179.85917664,,,,,-0.08452947,0.31263599,-9.82080650,-0.03175533,-0.04405334,0.01035094,-0.18912554,-0.52244688,0.03745284,-0.44366220,-0.01116086,0.99761075,,,,,,,3,,,,,,,,,
0.557898,63040,6359772,,177.91593933,0.68053854,-179.85433960,,,,,-0.08335058,0.31574634,-9.79774189,-0.03327907,-0.04100888,-0.01260495,-0.41611735,-0.45040215,-0.70973435,-0.44320878,-0.01212803,0.99660826,,,,,,,3,,,,,,,,,
0.567772,63041,6359872,,177.91337585,0.68631953,-179.85154724,,,,,-0.07860641,0.31523556,-9.80292511,-0.03904939,-0.04214901,-0.00750375,-0.30104510,-0.59379093,-0.62650695,-0.44508901,-0.01305614,0.99608934,,,,,,,3,,,,,,,,,
0.577821,63042,6359972,,177.90788269,0.69004112,-179.84652710,,,,,-0.07860095,0.31605846,-9.81117153,-0.03977608,-0.04271077,0.00075865,-0.60624273,-0.48929650,-0.25695188,-0.44424415,-0.01162953,0.99413711,,,,,,,3,,,,,,,,,
0.587757,63043,6360072,,177.90756226,0.69286352,-179.84782410,,,,,-0.08427387,0.32098493,-9.81527233,-0.03464696,-0.03785240,0.00510263,-0.19716532,-0.45450288,0.24193483,-0.44471434,-0.01162161,0.99413490,,,,,,,3,,,,,,,,,
0.597760,63044,6360172,,177.90373230,0.69964522,-179.84765625,,,,,-0.09180966,0.30665946,-9.80153942,-0.02791543,-0.05234258,-0.00905895,-0.41860981,-0.47518523,0.01258122,-0.44607219,-0.01351893,0.99459279,,,,,,,3,,,,,,,,,
0.607849,63045,6360272,,177.90136719,0.70375061,-179.84663391,,,,,-0.07821132,0.31584123,-9.81325150,-0.04258493,-0.04410145,0.00280881,-0.41738302,-0.56518257,-0.28598944,-0.44505453,-0.01305715,0.99707901,,,,,,,3,,,,,,,,,
0.617789,63046,6360372,,177.89726257,0.71128619,-179.84249878,,,,,-0.08288468,0.31444550,-9.82184410,-0.03911505,-0.04630651,0.01139569,-0.27236593,-0.51337601,-0.49520312,-0.44318369,-0.01068914,0.99811536,,,,,,,3,,,,,,,,,
0.627811,63047,6360472,,177.89878845,0.71289766,-179.83654785,,,,,-0.08738171,0.31982559,-9.81218243,-0.03456806,-0.04039503,0.00199413,-0.09334553,0.03278487,-0.23863227,-0.44321766,-0.01164789,0.99661577,,,,,,,3,,,,,,,,,
0.637804,63048,6360572,,177.89524841,0.71276790,-179.83192444,,,,,-0.08722042,0.31307554,-9.80325794,-0.03485667,-0.04731979,-0.00717688,-0.22892798,-0.20112698,-0.68461820,-0.44326934,-0.01164637,0.99513125,,,,,,,3,,,,,,,,,
0.647800,63049,6360672,,177.88986206,0.71477520,-179.82527161,,,,,-0.08274007,0.30509454,-9.81362152,-0.03975516,-0.05663083,0.00282311,-0.33725508,-0.28692392,-0.72031885,-0.44376609,-0.01019805,0.99515170,,,,,,,3,,,,,,,,,
0.657733,63050,6360772,,177.88865662,0.72019434,-179.81744385,,,,,-0.08654969,0.30442744,-9.81224251,-0.03702994,-0.05769368,0.00146103,-0.41296879,-0.67499430,-0.64807652,-0.44567245,-0.01064551,0.99414557,,,,,,,3,,,,,,,,,
0.667849,63051,6360872,,177.88497925,0.72245824,-179.81927490,,,,,-0.07562385,0.31621227,-9.80603409,-0.04787374,-0.04625621,-0.00444818,-0.41975819,-0.03316673,0.00833717,-0.44609880,-0.01207851,0.99461550,,,,,,,3,,,,,,,,,
0.677837,63052,6360972,,177.88024902,0.72701478,-179.81271362,,,,,-0.09199672,0.31412676,-9.80494785,-0.03243843,-0.04884631,-0.00540996,-0.22533987,-0.33511104,-0.80750605,-0.44418409,-0.01115142,0.99612403,,,,,,,3,,,,,,,,,
0.687978,63053,6361072,,177.88305664,0.73124945,-179.80683899,,,,,-0.08723346,0.31139678,-9.81462193,-0.03814748,-0.05158601,0.00409484,0.02109595,-0.45617633,-0.66222675,-0.44319203,-0.01116877,0.99761295,,,,,,,3,,,,,,,,,
0.698045,63054,6361172,,177.87844849,0.73174280,-179.80111694,,,,,-0.08349153,0.31164679,-9.80704880,-0.04176401,-0.05178416,-0.00351501,-0.25478748,-0.15578213,-0.27338120,-0.44270411,-0.01213696,0.99760008,,,,,,,3,,,,,,,,,
0.707880,63055,6361272,,177.87626648,0.73730683,-179.80357361,,,,,-0.08108421,0.31516153,-9.81185532,-0.04521073,-0.04923519,0.00137901,-0.59771909,-0.43985116,0.15041745,-0.44319105,-0.01308831,0.99659312,,,,,,,3,,,,,,,,,
0.717914,63056,6361372,,177.87098694,0.73887038,-179.80189514,,,,,-0.07748917,0.32275590,-9.81149483,-0.04921620,-0.04244255,0.00125146,-0.62602472,-0.37056642,-0.15622245,-0.44373113,-0.01115883,0.99563146,,,,,,,3,,,,,,,,,
0.727889,63057,6361472,,177.86489868,0.74127817,-179.79891968,,,,,-0.08418284,0.30655339,-9.80500126,-0.04259361,-0.05932154,-0.00576043,-0.56189005,-0.18870705,-0.28010016,-0.44519338,-0.01113356,0.99414021,,,,,,,3,,,,,,,,,
0.737792,63058,6361572,,177.85986328,0.74408990,-179.79812622,,,,,-0.08268330,0.31663835,-9.81047535,-0.04470726,-0.05017484,0.00006104,-0.33999158,-0.23970277,-0.27074528,-0.44470596,-0.01114199,0.99463731,,,,,,,3,,,,,,,,,
0.747860,63059,6361672,,177.85757446,0.75141042,-179.79396057,,,,,-0.08498598,0.30793595,-9.81429195,-0.04414696,-0.05965260,0.00356674,-0.49025775,-1.01786649,-0.48462188,-0.44281688,-0.01069401,0.99514860,,,,,,,3,,,,,,,,,
0.757809,63060,6361772,,177.85350037,0.75656354,-179.79313660,,,,,-0.08827614,0.31184116,-9.80772400,-0.04142199,-0.05607056,-0.00281358,-0.43382771,-0.63343244,-0.20064502,-0.44373113,-0.01115883,0.99563146,,,,,,,3,,,,,,,,,
0.767931,63061,6361872,,177.85098267,0.75829822,-179.79081726,,,,,-0.07773507,0.30714002,-9.81569767,-0.05184622,-0.06164017,0.00483465,-0.47723690,0.11936743,-0.34556507,-0.44461882,-0.01306406,0.99609160,,,,,,,3,,,,,,,,,
0.777866,63062,6361972,,177.84750366,0.75979006,-179.78886414,,,,,-0.07986374,0.31586468,-9.80877113,-0.05043611,-0.05294445,-0.00173640,-0.16204921,-0.48152642,-0.17566958,-0.44280800,-0.01117415,0.99514109,,,,,,,3,,,,,,,,,
0.787793,63063,6362072,,177.84381104,0.76558983,-179.78089905,,,,,-0.08322825,0.29470342,-9.80437660,-0.04772389,-0.07503150,-0.00688887,-0.73388894,-0.47510646,-0.47245384,-0.44278243,-0.01069503,0.99613827,,,,,,,3,,,,,,,,,
0.797801,63064,6362172,,177.83288574,0.77027965,-179.77577209,,,,,-0.08213025,0.31524807,-9.81287575,-0.04984226,-0.05672012,0.00234580,-1.11142599,-0.44874924,-0.60629775,-0.44413191,-0.01211271,0.99709862,,,,,,,3,,,,,,,,,
0.807911,63065,6362272,,177.82980347,0.76946223,-179.77398682,,,,,-0.06796838,0.31233317,-9.80434990,-0.06339553,-0.05949292,-0.00647163,-0.24703511,0.21148979,-0.29657938,-0.44415802,-0.01163206,0.99661130,,,,,,,3,,,,,,,,,
0.817779,63066,6362372,,177.82716370,0.76731128,-179.77218628,,,,,-0.07538251,0.31495243,-9.80706882,-0.05606418,-0.05739701,-0.00355434,-0.21802807,-0.19687843,-0.28853998,-0.44376558,-0.01115782,0.99464178,,,,,,,3,,,,,,,,,
0.827863,63067,6362472,,177.82870483,0.77480835,-179.77291870,,,,,-0.08979193,0.30968413,-9.80533028,-0.04282590,-0.06228685,-0.00530171,-0.01530321,-0.60869819,-0.00721406,-0.44563696,-0.01256606,0.99411535,,,,,,,3,,,,,,,,,
0.837898,63068,6362572,,177.82536316,0.77666068,-179.76789856,,,,,-0.08842591,0.31171355,-9.81633091,-0.04490273,-0.06125696,0.00573754,-0.25815887,-0.60369379,-0.20301964,-0.44566306,-0.01208542,0.99362803,,,,,,,3,,,,,,,,,
0.847851,63069,6362672,,177.82693481,0.77983874,-179.76634216,,,,,-0.08999076,0.31170243,-9.80635738,-0.04332984,-0.06092576,-0.00420713,-0.37550729,-0.18127074,-0.30261263,-0.44423577,-0.01114990,0.99463952,,,,,,,3,,,,,,,,,
0.857897,63070,6362772,,177.81884766,0.78245384,-179.76434326,,,,,-0.08547131,0.30658039,-9.80981731,-0.04840707,-0.06757675,-0.00101733,-0.85001571,-0.27284397,-0.02928506,-0.44421804,-0.01211017,0.99462444,,,,,,,3,,,,,,,,,
0.867767,63071,6362872,,177.81741333,0.78490490,-179.75917053,,,,,-0.08486900,0.30618933,-9.81431484,-0.04983641,-0.06799293,0.00345087,-0.05838120,-0.64289358,-1.14564631,-0.44608158,-0.01207902,0.99511033,,,,,,,3,,,,,,,,,
0.877924,63072,6362972,,177.81300354,0.79253805,-179.75086975,,,,,-0.09217530,0.30221409,-9.80361938,-0.04380493,-0.07244734,-0.00729895,-0.38042670,-1.09505157,-0.35954951,-0.44420132,-0.01115091,0.99562919,,,,,,,3,,,,,,,,,
0.887803,63073,6363072,,177.81457520,0.80023348,-179.75158691,,,,,-0.09340715,0.30782327,-9.80395126,-0.04344540,-0.06681420,-0.00674224,-0.34685200,-0.55144135,-0.05910428,-0.44364446,-0.01212113,0.99759561,,,,,,,3,,,,,,,,,
0.897884,63074,6363172,,177.80836487,0.80106068,-179.75303650,,,,,-0.09710707,0.30733478,-9.81356525,-0.04001114,-0.06851202,0.00289011,-0.49783760,-0.19697374,-0.25413304,-0.44456762,-0.01210581,0.99808598,,,,,,,3,,,,,,,,,
0.907902,63075,6363272,,177.80436707,0.80377662,-179.74684143,,,,,-0.08731319,0.31034547,-9.80669880,-0.04999007,-0.06630743,-0.00399852,-0.78089537,-0.05875829,-0.60770258,-0.44414914,-0.01211220,0.99660379,,,,,,,3,,,,,,,,,
0.917896,63076,6363372,,177.79995728,0.80228734,-179.74176025,,,,,-0.08519604,0.31255561,-9.80359936,-0.05207892,-0.06441110,-0.00704217,-0.40479250,-0.17175999,-0.24038026,-0.44418409,-0.01115142,0.99612403,,,,,,,3,,,,,,,,,
0.927896,63077,6363472,,177.80023193,0.80617136,-179.74324036,,,,,-0.08635414,0.31349069,-9.80738735,-0.05168512,-0.06355451,-0.00320888,-0.14527850,-0.49919990,0.07302725,-0.44561189,-0.01112717,0.99562252,,,,,,,3,,,,,,,,,
0.937883,63078,6363572,,177.80070496,0.80630249,-179.74272156,,,,,-0.08379371,0.31000471,-9.80912590,-0.05422036,-0.06708609,-0.00164247,-0.19604647,-0.23800832,-0.24913481,-0.44563800,-0.01064652,0.99513525,,,,,,,3,,,,,,,,,
0.947904,63079,6363672,,177.79591370,0.79992020,-179.74017334,,,,,-0.07782754,0.30102468,-9.80987358,-0.05860148,-0.07691842,-0.00132084,-0.44582214,0.60846233,-0.10184835,-0.44554245,-0.01208896,0.99709189,,,,,,,3,,,,,,,,,
0.957912,63080,6363772,,177.79624939,0.79937321,-179.74551392,,,,,-0.09404219,0.31865922,-9.80973721,-0.04292881,-0.05922625,-0.00055385,-0.25779111,-0.33810314,0.52977765,-0.44602102,-0.01256068,0.99658728,,,,,,,3,,,,,,,,,
0.967989,63081,6363872,,177.79357910,0.79551256,-179.74818420,,,,,-0.07965934,0.31085902,-9.80018425,-0.05630206,-0.06710207,-0.01059771,-0.34165361,0.06359470,-0.31132880,-0.44557694,-0.01208795,0.99610221,,,,,,,3,,,,,,,,,
0.977879,63082,6363972,,177.79640198,0.79072255,-179.74353027,,,,,-0.07424975,0.30939004,-9.79850006,-0.06058268,-0.06792451,-0.01240087,0.07375334,0.43648906,-0.36408905,-0.44373062,-0.01211860,0.99512148,,,,,,,3,,,,,,,,,
0.987922,63083,6364072,,177.79168701,0.79177773,-179.73855591,,,,,-0.08284327,0.31072024,-9.81221676,-0.05286920,-0.06811316,0.00146317,-0.55306304,-0.45014709,-0.61706245,-0.44324273,-0.01308679,0.99510860,,,,,,,3,,,,,,,,,
0.997895,63084,6364172,,177.78726196,0.79536080,-179.73487854,,,,,-0.08950838,0.30855638,-9.80360126,-0.04637381,-0.07072939,-0.00714207,-0.59881298,-0.23113427,-0.17279346,-0.44369617,-0.01211961,0.99611115,,,,,,,3,,,,,,,,,
1.007810,63085,6364272,,177.78466797,0.79746503,-179.73077393,,,,,-0.07905064,0.31209221,-9.81636047,-0.05743140,-0.06812633,0.00559187,-0.43666963,-0.21106318,-0.46706584,-0.44461983,-0.01114452,0.99711150,,,,,,,3,,,,,,,,,
1.017894,63086,6364372,,177.78465271,0.79656804,-179.73249817,,,,,-0.08354018,0.31967485,-9.80805206,-0.05269581,-0.06024438,-0.00235462,-0.34945209,-0.04981270,-0.14601469,-0.44464543,-0.01162364,0.99611425,,,,,,,3,,,,,,,,,
1.027814,63087,6364472,,177.78507996,0.79661351,-179.73275757,,,,,-0.08867310,0.31873816,-9.81010723,-0.04785787,-0.06104065,-0.00026560,-0.18241940,-0.40912444,0.05746299,-0.44418409,-0.01115142,0.99612403,,,,,,,3,,,,,,,,,
1.037802,63088,6364572,,177.78462219,0.79770374,-179.72549438,,,,,-0.07277829,0.30555123,-9.81056595,-0.06371778,-0.07447010,-0.00054026,-0.31855517,-0.26909697,-0.49723804,-0.44370556,-0.01067971,0.99662870,,,,,,,3,,,,,,,,,
1.047850,63089,6364672,,177.77767944,0.80142665,-179.72224426,,,,,-0.07039732,0.31465453,-9.80121326,-0.06655751,-0.06651922,-0.00958109,-0.99542825,-0.29781850,-0.55030220,-0.44414961,-0.01115244,0.99711370,,,,,,,3,,,,,,,,,
1.057801,63090,6364772,,177.77529907,0.80307728,-179.72163391,,,,,-0.08398756,0.29952884,-9.80400276,-0.05352568,-0.08207692,-0.00719523,-0.75322013,-0.58402456,-0.11420883,-0.44376558,-0.01115782,0.99464178,,,,,,,3,,,,,,,,,
1.067819,63091,6364872,,177.76486206,0.80651504,-179.72689819,,,,,-0.09159723,0.30699494,-9.81012917,-0.04637858,-0.07650886,-0.00069308,-1.03861425,-0.39784753,0.37734743,-0.44377396,-0.01163744,0.99413937,,,,,,,3,,,,,,,,,
1.077893,63092,6364972,,177.75729370,0.80913079,-179.72506714,,,,,-0.08861453,0.31956130,-9.80491447,-0.04980306,-0.06500622,-0.00546622,-0.83732335,-0.33536640,-0.49521022,-0.44327819,-0.01116624,0.99513882,,,,,,,3,,,,,,,,,
1.087929,63093,6365072,,177.75640869,0.80999565,-179.71789551,,,,,-0.07297558,0.31418771,-9.81154919,-0.06578010,-0.07087733,0.00072789,-0.51104452,-0.40897358,-0.41803487,-0.44276470,-0.01165530,0.99612319,,,,,,,3,,,,,,,,,
1.097824,63094,6365172,,177.75816345,0.81296951,-179.71350098,,,,,-0.08168503,0.31275064,-9.80569267,-0.05732287,-0.07133047,-0.00505090,0.10679823,-0.32197661,-0.39698265,-0.44370505,-0.01163947,0.99611872,,,,,,,3,,,,,,,,,
1.107794,63095,6365272,,177.76159668,0.81842399,-179.71574402,,,,,-0.09573434,0.29478961,-9.80227852,-0.04406226,-0.08867506,-0.00896358,-0.01934086,-0.45907553,0.09924900,-0.44421905,-0.01019064,0.99564433,,,,,,,3,,,,,,,,,
1.117829,63096,6365372,,177.76626587,0.82038617,-179.70906067,,,,,-0.07876676,0.31283203,-9.80776691,-0.06191006,-0.07020421,-0.00301957,-0.02420632,-0.68627110,-0.88597628,-0.44423681,-0.00923036,0.99565941,,,,,,,3,,,,,,,,,
1.127901,63097,6365472,,177.76171875,0.82120204,-179.70710754,,,,,-0.08686194,0.30825016,-9.80532265,-0.05355416,-0.07586335,-0.00553036,-0.98796659,-0.27144418,0.02878162,-0.44466266,-0.01162314,0.99561942,,,,,,,3,,,,,,,,,
1.137798,63098,6365572,,177.75810242,0.82307351,-179.70690918,,,,,-0.07441720,0.31913492,-9.81392288,-0.06662579,-0.06580178,0.00330210,-0.70174799,-0.45870675,-0.41957852,-0.44280750,-0.01213392,0.99463111,,,,,,,3,,,,,,,,,
1.147821,63099,6365672,,177.75624084,0.82374501,-179.70137024,,,,,-0.09538699,0.30905396,-9.80840874,-0.04521364,-0.07564439,-0.00229764,-0.35125006,0.09666147,-0.63362459,-0.44280750,-0.01213392,0.99463111,,,,,,,3,,,,,,,,,
1.157804,63100,6365772,,177.75427246,0.82424992,-179.69512939,,,,,-0.09458019,0.29808661,-9.80157566,-0.04634658,-0.08656159,-0.00957155,-0.21266057,-0.37851678,-0.51736549,-0.44371340,-0.01211910,0.99561632,,,,,,,3,,,,,,,,,
1.167832,63101,6365872,,177.75053406,0.82317430,-179.69474792,,,,,-0.08174499,0.31774753,-9.81011581,-0.05901259,-0.06835093,-0.00045943,-0.75653000,-0.06013645,-0.22906528,-0.44413140,-0.01307248,0.99658865,,,,,,,3,,,,,,,,,
1.177835,63102,6365972,,177.75195312,0.82616043,-179.69096375,,,,,-0.07466666,0.31157300,-9.81019592,-0.06700014,-0.07408243,-0.00072527,-0.21224290,-0.77252486,-0.18617229,-0.44371441,-0.01019957,0.99663621,,,,,,,3,,,,,,,,,
1.187873,63103,6366072,,177.75274658,0.82704186,-179.68963623,,,,,-0.08930061,0.30711871,-9.79810810,-0.05210719,-0.07756132,-0.01276159,0.08862959,-0.41987972,-0.15313321,-0.44371441,-0.01019957,0.99663621,,,,,,,3,,,,,,,,,
1.197953,63104,6366172,,177.75526428,0.82800323,-179.68913269,,,,,-0.08995618,0.30346438,-9.81497955,-0.05171851,-0.08249553,0.00395441,-1.05867687,-0.28164485,-0.53344322,-0.44324324,-0.01212702,0.99561858,,,,,,,3,,,,,,,,,
1.209390,63105,6366272,,177.75209045,0.83051610,-179.68579102,,,,,-0.08669207,0.30532917,-9.80605125,-0.05521454,-0.07975230,-0.00493670,-0.06215792,-0.27377968,-0.21884460,-0.44466212,-0.01258290,0.99510944,,,,,,,3,,,,,,,,,
1.217944,63106,6366372,,177.75447083,0.82963639,-179.68402100,,,,,-0.08087103,0.31960115,-9.82114220,-0.06144115,-0.06623803,0.01061749,-0.40030832,-0.40309405,-0.28895689,-0.44468874,-0.01114249,0.99513215,,,,,,,3,,,,,,,,,
1.227933,63107,6366472,,177.74951172,0.83674496,-179.68395996,,,,,-0.08350646,0.31279337,-9.81323624,-0.05990287,-0.07356270,0.00247526,-0.75510233,-0.85048651,-0.20427491,-0.44518504,-0.01065393,0.99464262,,,,,,,3,,,,,,,,,
1.237947,63108,6366572,,177.75117493,0.83492649,-179.68101501,,,,,-0.09707937,0.31165475,-9.80219650,-0.04581778,-0.07371660,-0.00839686,-0.20322031,-0.35464586,-0.41243105,-0.44611704,-0.01015847,0.99514055,,,,,,,3,,,,,,,,,
1.251049,63109,6366672,,177.75494385,0.83879876,-179.68331909,,,,,-0.08049951,0.31516501,-9.81084538,-0.06352653,-0.06999721,0.00013852,-0.08954457,-1.02574490,0.10563217,-0.44603088,-0.01016101,0.99761468,,,,,,,3,,,,,,,,,
1.257994,63110,6366772,,177.75819397,0.83462930,-179.68878174,,,,,-0.09601246,0.31256810,-9.81320953,-0.04692448,-0.07206559,0.00263596,-0.15400288,-0.15572922,0.19839085,-0.44509840,-0.01161623,0.99660689,,,,,,,3,,,,,,,,,
1.267883,63111,6366872,,177.75534058,0.83645672,-179.68844604,,,,,-0.09481641,0.30511782,-9.81459808,-0.04854615,-0.08055452,0.00370455,-1.03913847,-0.60811031,-0.19387869,-0.44563800,-0.01064652,0.99513525,,,,,,,3,,,,,,,,,
1.278077,63112,6366972,,177.75291443,0.83685762,-179.68621826,,,,,-0.08145027,0.31164336,-9.81497097,-0.06212810,-0.07421932,0.00413513,-0.64669704,-0.64903371,-0.59424508,-0.44565573,-0.00968625,0.99515033,,,,,,,3,,,,,,,,,
1.287864,63113,6367072,,177.75456238,0.83733809,-179.68576050,,,,,-0.09901305,0.29876983,-9.80912781,-0.04421517,-0.08622295,-0.00194526,-0.14574520,-0.34302016,-0.27109493,-0.44360062,-0.01356205,0.99806780,,,,,,,3,,,,,,,,,
1.298004,63114,6367172,,177.75860596,0.83448839,-179.68589783,,,,,-0.07886171,0.30542454,-9.81812000,-0.06387952,-0.07941040,0.00701356,-0.10537656,0.01319111,-0.01270021,-0.44266862,-0.01405751,0.99756986,,,,,,,3,,,,,,,,,
1.307953,63115,6367272,,177.75099182,0.83411521,-179.68850708,,,,,-0.07190814,0.31184015,-9.80604458,-0.07086192,-0.07420558,-0.00491452,-1.08284442,-0.38728453,0.07392989,-0.44322652,-0.01116776,0.99662334,,,,,,,3,,,,,,,,,
1.317906,63116,6367372,,177.75317383,0.83367318,-179.68833923,,,,,-0.08595047,0.31511137,-9.80978775,-0.05686034,-0.07047210,-0.00083661,-0.40796125,-0.42032427,-0.17572940,-0.44412455,-0.00971354,0.99862087,,,,,,,3,,,,,,,,,
1.327854,63117,6367472,,177.75701904,0.83395696,-179.68251038,,,,,-0.08842270,0.30581161,-9.81050396,-0.05417043,-0.07907736,-0.00044227,-0.27357637,-0.18902618,-0.55422273,-0.44507328,-0.01017734,0.99811399,,,,,,,3,,,,,,,,,
1.337832,63118,6367572,,177.76383972,0.83038551,-179.67976379,,,,,-0.07690736,0.31155568,-9.81671619,-0.06562518,-0.07279484,0.00582695,-0.49375518,-0.50418696,-0.32466541,-0.44428849,-0.00922884,0.99417490,,,,,,,3,,,,,,,,,
1.347861,63119,6367672,,177.76220703,0.83081269,-179.67915344,,,,,-0.08544745,0.32084510,-9.81973648,-0.05671285,-0.06346589,0.00933504,-0.45395961,-0.06557396,-0.32905613,-0.44471484,-0.01066185,0.99464488,,,,,,,3,,,,,,,,,
1.357836,63120,6367772,,177.75747681,0.82608241,-179.68072510,,,,,-0.08533663,0.30723566,-9.81222057,-0.05620749,-0.07785946,0.00128555,-0.93496464,-0.27218979,-0.06713660,-0.44464543,-0.01162364,0.99611425,,,,,,,3,,,,,,,,,
1.367836,63121,6367872,,177.75990295,0.82777029,-179.67961121,,,,,-0.08872069,0.30599698,-9.80775356,-0.05294459,-0.07827364,-0.00316882,-0.32856996,-0.46953837,-0.28784090,-0.44420081,-0.01211068,0.99511927,,,,,,,3,,,,,,,,,
1.377920,63122,6367972,,177.75500488,0.82549590,-179.67431641,,,,,-0.08089077,0.30513817,-9.81086922,-0.06032119,-0.07999001,-0.00020671,-0.52217036,-0.15264678,-0.65088437,-0.44225901,-0.01358377,0.99609518,,,,,,,3,,,,,,,,,
1.387898,63123,6368072,,177.75517273,0.82853621,-179.66950989,,,,,-0.07879257,0.31397501,-9.81153202,-0.06306716,-0.07135274,0.00076628,-0.47087458,-0.50979657,-0.32643595,-0.44186607,-0.01406928,0.99361569,,,,,,,3,,,,,,,,,
1.397845,63124,6368172,,177.75277710,0.82754338,-179.67105103,,,,,-0.08701788,0.30601478,-9.80638885,-0.05388809,-0.07920767,-0.00456405,-0.29754150,0.45273663,0.01978345,-0.44337270,-0.01164333,0.99216223,,,,,,,3,,,,,,,,,
1.407955,63125,6368272,,177.74763489,0.83083576,-179.66554260,,,,,-0.08840896,0.30769846,-9.80946255,-0.05397755,-0.07858411,-0.00142193,-0.50056930,-0.76439491,-0.53405569,-0.44370556,-0.01067971,0.99662870,,,,,,,3,,,,,,,,,
1.417860,63126,6368372,,177.75576782,0.83244652,-179.66133118,,,,,-0.07862318,0.31375092,-9.81430817,-0.06415876,-0.07146720,0.00352359,0.07765508,-0.68119536,-0.86250348,-0.44325262,-0.01068711,0.99613607,,,,,,,3,,,,,,,,,
1.427950,63127,6368472,,177.75894165,0.83504677,-179.65692139,,,,,-0.08723163,0.31699479,-9.81045723,-0.05560258,-0.06755471,-0.00006747,-0.24792298,-0.32628209,-0.44640049,-0.44467101,-0.01210277,0.99511701,,,,,,,3,,,,,,,,,
1.437927,63128,6368572,,177.76576233,0.83203626,-179.65370178,,,,,-0.09696910,0.28449890,-9.81610012,-0.04536103,-0.09852996,0.00445223,0.51288120,-0.20294196,-0.49107107,-0.44424415,-0.01162953,0.99413711,,,,,,,3,,,,,,,,,
1.447855,63129,6368672,,177.76725769,0.83104390,-179.65245056,,,,,-0.08384099,0.39287615,-9.76403236,-0.05812348,0.01076522,-0.04355955,-1.16170184,-0.12606479,-0.18611070,-0.44338205,-0.01020343,0.99267977,,,,,,,3,,,,,,,,,
1.457915,63130,6368772,,177.75273132,0.83693027,-179.64727783,,,,,-0.04587587,0.25878891,-9.84529972,-0.09755192,-0.12829873,0.03185081,-1.00633948,-0.70521212,-0.50429891,-0.44533905,-0.01256891,0.98916918,,,,,,,3,,,,,,,,,
1.467987,63131,6368872,,177.74571228,0.83120114,-179.64202881,,,,,-0.08123496,0.28371787,-9.77656174,-0.06030408,-0.10138671,-0.03533840,-0.30718613,-0.00803628,-1.13139938,-0.44961354,-0.01297629,0.98765701,,,,,,,3,,,,,,,,,
1.477983,63132,6368972,,177.75102234,0.82517713,-179.64445496,,,,,-0.11990865,0.32136127,-9.80967712,-0.02168861,-0.06315528,-0.00019503,1.21380348,-0.41552969,-0.47149063,-0.44871804,-0.00963166,0.98820919,,,,,,,3,,,,,,,,,
1.487934,63133,6369072,,177.75071716,0.80928540,-179.65504456,,,,,-0.01921055,0.25783229,-9.85571384,-0.11907297,-0.13017367,0.04188395,-0.33030765,0.98166040,0.84049624,-0.44868258,-0.01155221,0.98817897,,,,,,,3,,,,,,,,,
1.497899,63134,6369172,,177.75701904,0.80195743,-179.65226746,,,,,-0.27010927,0.25002745,-9.88555527,0.13134621,-0.13607375,0.07491374,0.51335680,-1.01431223,-1.16943671,-0.44826406,-0.01155861,0.98669672,,,,,,,3,,,,,,,,,
1.507886,63135,6369272,,177.75344849,0.80834794,-179.65519714,,,,,-0.01208592,0.42309746,-9.74762440,-0.12559859,0.03921772,-0.05971336,-1.01413144,-0.07336081,-0.21839667,-0.44678459,-0.01158438,0.98868275,,,,,,,3,,,,,,,,,
1.517862,63136,6369372,,177.73902893,0.80836821,-179.65426636,,,,,-0.03343645,0.33541614,-9.76721001,-0.10516781,-0.05122239,-0.04332113,-1.20388050,-1.19624115,-0.24593051,-0.44435483,-0.01402565,0.98964584,,,,,,,3,,,,,,,,,
1.527899,63137,6369472,,177.72286987,0.80912191,-179.65661621,,,,,-0.08525126,0.28084439,-9.76830864,-0.05202629,-0.10817574,-0.04366517,-1.24917479,0.03012258,-0.31131399,-0.44578162,-0.01592094,0.98812437,,,,,,,3,,,,,,,,,
1.537816,63138,6369572,,177.71250916,0.80365306,-179.66278076,,,,,-0.08543604,0.26690817,-9.86610603,-0.05289602,-0.12719591,0.05350375,-0.26981710,-0.49374328,0.52517282,-0.44673085,-0.01542497,0.98812747,,,,,,,3,,,,,,,,,
1.547837,63139,6369672,,177.70957947,0.79910052,-179.67524719,,,,,-0.09779249,0.33978227,-9.75286388,-0.03832866,-0.05018647,-0.05655980,0.20736521,-0.16058739,0.82577104,-0.44442427,-0.01306386,0.98817641,,,,,,,3,,,,,,,,,
1.558002,63140,6369772,,177.71839905,0.79862088,-179.68208313,,,,,-0.09201819,0.33548233,-9.84584427,-0.04547673,-0.05689257,0.03607392,0.59336255,-0.54114756,0.17516750,-0.44587919,-0.01063943,0.98820752,,,,,,,3,,,,,,,,,
1.567874,63141,6369872,,177.73538208,0.80615777,-179.67239380,,,,,-0.04011014,0.29258427,-9.74607658,-0.09709567,-0.09273989,-0.06602335,1.51690487,-0.98226679,-1.26558848,-0.44669792,-0.01254668,0.99064702,,,,,,,3,,,,,,,,,
1.577911,63142,6369972,,177.75254822,0.82178456,-179.64717102,,,,,-0.05960265,0.26375556,-9.84249687,-0.08224817,-0.12218245,0.02946091,1.70448523,-2.28328976,-3.64192389,-0.44528738,-0.01257043,0.99065369,,,,,,,3,,,,,,,,,
1.587877,63143,6370072,,177.75088501,0.84316564,-179.60627747,,,,,-0.10418284,0.21386188,-9.89275932,-0.04174980,-0.17571580,0.07832527,-1.16439774,-2.70312207,-5.48707729,-0.44573197,-0.01208339,0.99164867,,,,,,,3,,,,,,,,,
1.597953,63144,6370172,,177.72740173,0.84976655,-179.59019470,,,,,-0.18677858,0.27559453,-9.82951164,0.04118749,-0.11603923,0.01873612,-3.44473440,-0.95505372,-1.55663554,-0.44522682,-0.01305209,0.99213064,,,,,,,3,,,,,,,,,
1.607918,63145,6370272,,177.70600891,0.83705443,-179.59262085,,,,,-0.14276153,0.33330157,-9.76230717,0.00091628,-0.05955133,-0.04678941,-3.19004369,1.11108832,1.40714405,-0.44525242,-0.01353121,0.99113339,,,,,,,3,,,,,,,,,
1.617851,63146,6370372,,177.70527649,0.81550574,-179.59530640,,,,,-0.01444629,0.40437296,-9.73324585,-0.12398170,0.01377741,-0.07478356,0.34343563,1.46375020,-0.21639556,-0.44527900,-0.01209080,0.99115610,,,,,,,3,,,,,,,,,
1.627882,63147,6370472,,177.73062134,0.81665683,-179.56478882,,,,,-0.03812038,0.25450534,-9.83919048,-0.10161503,-0.13507791,0.02546096,2.40596210,-0.49298801,-4.21374049,-0.44712478,-0.01301992,0.99162686,,,,,,,3,,,,,,,,,
1.637911,63148,6370572,,177.72517395,0.80548388,-179.52435303,,,,,-0.17936179,0.21749164,-9.87666607,0.04131430,-0.17510463,0.06340051,-1.20718674,-0.02318818,-5.71440434,-0.44856045,-0.01443506,0.99011302,,,,,,,3,,,,,,,,,
1.647844,63149,6370672,,177.71197510,0.78961873,-179.52735901,,,,,-0.16592710,0.41491255,-9.79559135,0.03064304,0.02208746,-0.00994086,-2.60215821,0.78567693,0.94875319,-0.44900501,-0.01394803,0.99110800,,,,,,,3,,,,,,,,,
1.657880,63150,6370772,,177.73419189,0.78090245,-179.53952026,,,,,0.09668543,0.37586194,-9.68258190,-0.22901738,-0.00798433,-0.12798285,2.40296151,-0.05404160,1.88132395,-0.44861263,-0.01347378,0.98913842,,,,,,,3,,,,,,,,,
1.667876,63151,6370872,,177.75193787,0.79627800,-179.51510620,,,,,-0.15252247,0.12805232,-9.95155334,0.01442013,-0.26073298,0.13445568,2.63351220,-3.00368945,-4.88626269,-0.45004874,-0.01392915,0.98813450,,,,,,,3,,,,,,,,,
1.677912,63152,6370972,,177.73413086,0.77552181,-179.51773071,,,,,-0.27907822,0.39177862,-9.79050159,0.14651987,0.00309509,-0.01443815,-3.88518193,1.17381913,-0.93514169,-0.44909221,-0.01202596,0.98965371,,,,,,,3,,,,,,,,,
1.687925,63153,6371072,,177.75878906,0.78922349,-179.54057312,,,,,0.35061949,0.46163458,-9.70386219,-0.48625368,0.07891650,-0.10695553,2.36094218,-2.29060084,3.68167900,-0.44619328,-0.01255561,0.99163890,,,,,,,3,,,,,,,,,
1.697879,63154,6371172,,177.77174377,0.82961589,-179.51774597,,,,,-0.36656862,-0.03463604,-9.96835899,0.22173825,-0.41911033,0.14817166,1.96200812,-6.73548732,-4.15592892,-0.44669792,-0.01254668,0.99064702,,,,,,,3,,,,,,,,,
1.707895,63155,6371272,,177.76309204,0.79439414,-179.52296448,,,,,-0.32031608,0.50498533,-9.76221371,0.18648401,0.12238653,-0.03773546,-3.76157087,4.93607953,-0.59082678,-0.44669792,-0.01254668,0.99064702,,,,,,,3,,,,,,,,,
1.717853,63156,6371372,,177.79512024,0.84900117,-179.53172302,,,,,0.63193917,0.40161926,-9.77204704,-0.77978307,0.02118067,-0.04601717,4.00481312,-6.14106577,2.44787427,-0.44483593,-0.00969853,0.99169093,,,,,,,3,,,,,,,,,
1.727902,63157,6371472,,177.79647827,0.86645770,-179.50590515,,,,,-0.93285918,-0.13116419,-9.92017174,0.78290862,-0.50608349,0.10527325,-0.58066949,-5.95134489,-4.53872388,-0.44581029,-0.01064146,0.99018687,,,,,,,3,,,,,,,,,
1.737889,63158,6371572,,177.80633545,0.84859383,-179.52529907,,,,,0.24818835,0.82935262,-9.63978004,-0.39000142,0.45418215,-0.15596271,-2.41710555,6.78500064,1.73835209,-0.44723701,-0.01253674,0.98866540,,,,,,,3,,,,,,,,,
1.747964,63159,6371672,,177.83509827,0.94462818,-179.52023315,,,,,0.25210503,-0.08723522,-9.96341133,-0.42069325,-0.46282297,0.13148546,6.21739399,-14.55337264,-0.05213127,-0.44479108,-0.01305899,0.99114323,,,,,,,3,,,,,,,,,
1.757899,63160,6371772,,177.80685425,0.88021767,-179.52311707,,,,,-1.20008326,0.31093270,-9.68964958,1.05342710,-0.05425127,-0.10400724,-5.19830116,5.49223409,-1.94519604,-0.44292808,-0.01213037,0.99116725,,,,,,,3,,,,,,,,,
1.767880,63161,6371872,,177.87113953,0.95090759,-179.54565430,,,,,1.32803237,0.64986229,-9.77398682,-1.49141455,0.27715647,-0.04761195,5.98208842,-2.32047438,3.57530158,-0.44529676,-0.01113052,0.99117118,,,,,,,3,,,,,,,,,
1.777903,63162,6371972,,177.85029602,0.96912283,-179.54443359,,,,,-1.34961486,-0.42604181,-10.07448292,1.17629004,-0.79372507,0.25740647,-0.54797722,-11.58328110,-1.87345707,-0.44333825,-0.01164434,0.99315190,,,,,,,3,,,,,,,,,
1.787917,63163,6372072,,177.88496399,0.91177595,-179.56233215,,,,,0.37158644,1.11579370,-9.49558830,-0.51925975,0.75854415,-0.29287171,-1.12955278,14.66991957,1.14152653,-0.44228563,-0.01214335,0.99611789,,,,,,,3,,,,,,,,,
1.797916,63164,6372172,,177.90829468,1.04325640,-179.56314087,,,,,0.37443271,-0.46140206,-10.05847549,-0.56290078,-0.82774162,0.20987439,6.46332946,-20.50312140,0.72430245,-0.44238949,-0.01118055,0.99365878,,,,,,,3,,,,,,,,,
1.807900,63165,6372272,,177.88027954,0.92378259,-179.58622742,,,,,-1.57560837,0.65556914,-9.62178898,1.42304921,0.30436975,-0.15246344,-7.73049775,12.10674765,0.92195334,-0.44241560,-0.01069990,0.99317151,,,,,,,3,,,,,,,,,
1.817906,63166,6372372,,177.95050049,1.05218148,-179.59100342,,,,,1.89971459,0.39286172,-9.77831745,-2.08106661,0.03284064,-0.06632614,8.94786969,-8.38498440,0.70305816,-0.44191146,-0.00974906,0.99467337,,,,,,,3,,,,,,,,,
1.827843,63167,6372472,,177.89578247,1.00032377,-179.60743713,,,,,-2.26813316,-0.25337940,-9.94669151,2.09039879,-0.60727310,0.15369964,-6.33073842,-6.17420542,1.05324783,-0.44143239,-0.01023711,0.99466807,,,,,,,3,,,,,,,,,
1.837908,63168,6372572,,177.97612000,1.03071129,-179.62461853,,,,,1.51787889,1.22259450,-9.69231319,-1.68947911,0.86973786,-0.11548281,5.25634710,9.32804741,2.31752011,-0.44194591,-0.00974805,0.99368370,,,,,,,3,,,,,,,,,
1.847875,63169,6372672,,177.94525146,1.09814668,-179.64733887,,,,,-1.05248964,-1.03252959,-9.98591232,0.85596204,-1.38300562,0.14438343,0.81701565,-20.01334561,-0.31618288,-0.44094554,-0.00928577,0.99567509,,,,,,,3,,,,,,,,,
1.857891,63170,6372772,,177.99671936,1.00855911,-179.66833496,,,,,-0.18190889,1.63178515,-9.60479736,0.01628029,1.29084361,-0.15883684,-2.03001162,18.01961510,3.93492449,-0.44145015,-0.00927684,0.99468315,,,,,,,3,,,,,,,,,
1.867872,63171,6372872,,178.01977539,1.15430820,-179.67330933,,,,,0.65026987,-0.90515763,-10.07536507,-0.85681480,-1.25154972,0.20624447,8.82906794,-20.57324866,-1.67379506,-0.44200593,-0.01022616,0.99169677,,,,,,,3,,,,,,,,,
1.877904,63172,6372972,,178.01469421,1.02224469,-179.72592163,,,,,-1.58107674,1.18053603,-9.46606731,1.41251445,0.85255599,-0.28816199,-7.14044539,12.51360324,5.45654891,-0.43768814,-0.01029993,0.99419105,,,,,,,3,,,,,,,,,
1.887975,63173,6373072,,178.08552551,1.19254255,-179.71272278,,,,,1.86752152,-0.12545940,-9.88658619,-2.07402134,-0.45793512,0.01974487,13.03553812,-12.92881215,-2.12522382,-0.43668824,-0.00887788,0.99669242,,,,,,,3,,,,,,,,,
1.897986,63174,6373172,,178.03744507,1.07524931,-179.76156616,,,,,-2.39421964,0.06344229,-9.84504700,2.20786095,-0.27066398,0.06953716,-8.82487932,3.65310149,4.92261253,-0.43719339,-0.00790918,0.99621046,,,,,,,3,,,,,,,,,
1.907906,63175,6373272,,178.14909363,1.20661819,-179.75508118,,,,,2.00235152,0.75377256,-9.77866650,-2.20751452,0.43440524,-0.06198740,12.82713710,-4.11488332,0.36636876,-0.44194847,-0.00494921,0.99623346,,,,,,,3,,,,,,,,,
1.917897,63176,6373372,,178.09191895,1.13460517,-179.80273438,,,,,-2.46633053,-0.68676412,-9.88484001,2.26665425,-1.01122212,0.08794236,-6.62981020,-5.36006438,1.75286549,-0.44109425,-0.00496250,0.99376374,,,,,,,3,,,,,,,,,
1.927888,63177,6373472,,178.22702026,1.21541858,-179.79093933,,,,,2.11841536,1.45442283,-9.79345131,-2.32360315,1.14580297,-0.02862668,11.01930299,3.95456982,-0.29670667,-0.44331419,-0.00828592,0.99567902,,,,,,,3,,,,,,,,,
1.937905,63178,6373572,,178.15547180,1.16364789,-179.84504700,,,,,-2.56996155,-1.51296329,-9.80229855,2.36519694,-1.82230687,-0.01803350,-3.89571152,-10.68891820,1.49296281,-0.44297397,-0.00685038,0.99273491,,,,,,,3,,,,,,,,,
1.947891,63179,6373672,,178.32170105,1.27211261,-179.82635498,,,,,2.44351578,2.39755392,-10.04012489,-2.66672206,2.09756041,0.23291969,11.97812836,2.87842336,-1.15216327,-0.44023165,-0.00449617,0.99179643,,,,,,,3,,,,,,,,,
1.957956,63180,6373772,,178.21583557,1.18152118,-179.89521790,,,,,-2.67594934,-1.59432590,-9.19670486,2.48077822,-1.87799418,-0.62134528,-7.84428358,-6.47859707,3.27339761,-0.43885654,-0.00259936,0.99183333,,,,,,,3,,,,,,,,,
1.967973,63181,6373872,,178.36778259,1.39937890,-179.84153748,,,,,2.73170710,2.65957332,-10.89072514,-3.00269747,2.34556723,1.07481813,14.04752968,-8.70026764,-3.06645975,-0.43828303,-0.00261032,0.99480462,,,,,,,3,,,,,,,,,
1.977939,63182,6373972,,178.30563354,1.23018157,-179.92758179,,,,,-2.79072380,-1.35265446,-8.78446674,2.60504675,-1.61331129,-1.01981103,-10.07154509,6.78692334,5.30486620,-0.43764889,-0.00310293,0.99925274,,,,,,,3,,,,,,,,,
1.987839,63183,6374072,,178.34130859,1.41958725,-179.87843323,,,,,2.79310656,1.63521135,-11.13960457,-3.08022356,1.31467450,1.28989363,11.49231067,-16.63771756,-6.10551037,-0.43572584,-0.00169621,1.00126374,,,,,,,3,,,,,,,,,
1.997907,63184,6374172,,178.43830872,1.31239092,-179.97209167,,,,,-2.05157661,-0.02935909,-8.72106266,1.85789251,-0.26612222,-1.06032181,0.72174396,10.83328450,8.26872349,-0.43359002,-0.00220933,0.99483448,,,,,,,3,,,,,,,,,
2.007912,63185,6374272,,178.34463501,1.32975340,-179.94132996,,,,,-1.17672801,-1.57456505,-9.93648052,0.93544650,-1.85203028,0.08748269,3.29440984,-11.52861739,-5.06912649,-0.43162802,0.00016192,0.98498666,,,,,,,3,,,,,,,,,
2.017972,63186,6374372,,178.63792419,1.44025040,-179.91842651,,,,,1.91094208,2.23992443,-10.14614296,-2.17128062,2.00189114,0.32289326,20.76849986,-3.81537782,5.18210977,-0.43169945,0.00496279,0.98555708,,,,,,,3,,,,,,,,,
2.027936,63187,6374472,,178.55520630,1.47464848,179.94917297,,,,,-5.99384928,-3.80679750,-6.78044319,5.80782938,-3.98811483,-2.98474121,-8.48364563,-7.32166055,5.62606396,-0.43353587,0.00259376,0.98551035,,,,,,,3,,,,,,,,,
2.037924,63188,6374572,,178.67623901,1.62032557,-179.91961670,,,,,4.28159428,4.01043797,-14.24120331,-4.67883825,3.69436932,4.39322090,15.75879175,-2.21045220,-5.93746979,-0.43555948,0.00262370,0.99490112,,,,,,,3,,,,,,,,,
2.047935,63189,6374672,,178.83905029,1.62210417,179.95556641,,,,,0.20095541,0.16830184,-7.89130020,-0.42253244,0.01841974,-1.92930079,7.20490701,-7.76973548,7.57398994,-0.43178910,0.00208025,0.99491143,,,,,,,3,,,,,,,,,
2.057971,63190,6374772,,178.60565186,1.71936738,179.90298462,,,,,-8.60356998,-1.94693017,-8.37980843,8.33534718,-2.15151691,-1.22801852,-4.21012434,-19.10809453,0.87414389,-0.42707643,0.00728534,0.98462754,,,,,,,3,,,,,,,,,
2.068002,63191,6374872,,178.89610291,1.84367943,-179.95545959,,,,,7.08268213,3.07580805,-13.98668289,-7.53552914,2.83226442,3.98827028,23.81134743,-10.79886803,-2.43676604,-0.43016249,0.01021397,0.99207979,,,,,,,3,,,,,,,,,
2.077876,63192,6374972,,179.03813171,2.10702014,179.81909180,,,,,-0.25802529,-0.78477001,-7.59597111,-0.00398874,-0.90742064,-2.24385929,-6.14197461,-19.85851034,11.87584116,-0.42531291,0.00773109,0.99503338,,,,,,,3,,,,,,,,,
2.088015,63193,6375072,,178.69412231,2.29027462,179.79371643,,,,,-10.09796429,-3.86727929,-8.42509270,9.73089027,-4.07654285,-1.08334160,-8.52826384,-28.33509100,-4.45025714,-0.42318362,0.01009150,1.00349224,,,,,,,3,,,,,,,,,
2.097956,63194,6375172,,178.86372375,2.37463808,179.95881653,,,,,6.84090090,5.05884790,-16.09671211,-7.46635818,4.75810862,6.08345699,10.34914788,-19.22229359,-2.06170028,-0.42034528,0.01004350,1.00400054,,,,,,,3,,,,,,,,,
2.108002,63195,6375272,,178.90580750,2.89779544,179.71846008,,,,,2.10333729,-1.72810781,-1.47088683,-2.17551327,-1.74880028,-8.48995972,-5.45140791,-41.95115507,12.35197193,-0.40968406,0.00602695,0.99755859,,,,,,,3,,,,,,,,,
2.117889,63196,6375372,,178.71882629,3.36227632,179.70677185,,,,,-13.51035118,-3.02170825,-10.89182949,12.85974789,-3.30945992,1.79898930,-8.15184017,-33.09186013,-7.29016143,-0.41074219,0.00747995,1.00846088,,,,,,,3,,,,,,,,,
2.127906,63197,6375472,,178.89553833,3.15562034,179.98458862,,,,,8.46262646,3.20697641,-14.63820362,-9.23353195,2.96036005,4.39352798,2.60138491,1.60746795,-10.16156527,-0.41296902,0.01040106,1.00008512,,,,,,,3,,,,,,,,,
2.137902,63198,6375572,,178.74842834,3.49195075,179.73905945,,,,,3.04880929,-0.02486148,-3.55880904,-3.25990701,-0.10124803,-6.42201900,-23.40111090,-39.06616171,18.57987332,-0.40328994,0.00400218,0.99112672,,,,,,,3,,,,,,,,,
2.147868,63199,6375672,,178.37835693,3.86347485,179.66262817,,,,,-11.79734993,-4.95946598,-12.68765450,10.92401314,-5.35343599,3.51270771,-16.36191111,-20.24735130,-8.47976950,-0.40444607,0.00209301,1.01088107,,,,,,,3,,,,,,,,,
2.157948,63200,6375772,,178.50218201,3.72349381,179.92442322,,,,,6.22077322,4.72471762,-13.19475746,-6.99566031,4.41526031,3.09904432,-0.64730199,-2.82721231,-7.06744433,-0.40354320,0.00783681,1.01295567,,,,,,,3,,,,,,,,,
2.167945,63201,6375872,,178.36265564,3.96847439,179.70037842,,,,,3.88047695,0.44293636,-3.29376936,-4.06013060,0.33932209,-6.72993994,-25.23254075,-24.26954725,16.01781642,-0.39104149,-0.00148886,1.00248063,,,,,,,3,,,,,,,,,
2.177906,63202,6375972,,177.91603088,4.42146540,179.58358765,,,,,-12.46569061,-4.54024506,-13.40087509,11.38765812,-5.06263065,4.34372139,-18.24114374,-30.81605476,-5.54626600,-0.40102422,-0.00996906,1.02159202,,,,,,,3,,,,,,,,,
2.187906,63203,6376072,,178.05657959,4.21985912,179.87646484,,,,,3.49598575,6.61977625,-16.24229622,-4.59964180,6.11324692,6.34789991,1.27631722,11.55751677,-9.62759304,-0.39796776,-0.00569867,1.01722217,,,,,,,3,,,,,,,,,
2.197995,63204,6376172,,178.18385315,4.29666519,179.68878174,,,,,5.01499128,1.17275727,-2.70176959,-5.16689491,1.14793813,-7.41057873,-0.57198523,-23.79756411,9.36101758,-0.37794465,-0.00266822,1.00005388,,,,,,,3,,,,,,,,,
2.207973,63205,6376272,,177.84036255,5.00906372,179.42137146,,,,,-9.50030136,-2.68322015,-6.16647625,8.94707680,-2.96886039,-2.93933821,-11.78044732,-44.93926038,7.33930806,-0.38014555,-0.00263898,1.01785469,,,,,,,3,,,,,,,,,
2.217938,63206,6376372,,177.91448975,4.89020777,179.71900940,,,,,-5.04131794,1.89024699,-17.75558853,3.52189398,1.24593735,8.37538242,7.90570491,13.27990180,-22.02795601,-0.37621114,-0.00125592,0.99662167,,,,,,,3,,,,,,,,,
2.227926,63207,6376472,,178.25028992,4.70517588,179.84361267,,,,,10.98467922,2.12432432,-7.76526928,-11.56396866,1.96726441,-2.92714310,35.83167782,-14.39473467,-3.91499357,-0.37056231,-0.00422443,0.98176020,,,,,,,3,,,,,,,,,
2.237933,63208,6376572,,178.42243958,5.51092720,179.70787048,,,,,-4.43200779,-6.62503672,4.98940086,4.96403980,-6.52314758,-14.58107567,2.22703633,-48.89301783,4.65302966,-0.36632049,-0.00046287,0.99767333,,,,,,,3,,,,,,,,,
2.247949,63209,6376672,,178.55172729,5.71816015,179.87249756,,,,,-12.57926083,-2.30702806,-18.99407959,10.71479988,-2.74235988,10.28020000,30.57797144,-10.49045083,-15.23050223,-0.36416367,0.00814104,0.99683088,,,,,,,3,,,,,,,,,
2.257932,63210,6376772,,178.88992310,5.19172668,-179.83679199,,,,,1.25472391,8.04754353,-14.97435379,-2.55553150,7.82910061,5.05994797,14.22924260,27.13868603,-13.85264390,-0.36525124,0.00960083,0.99338520,,,,,,,3,,,,,,,,,
2.267986,63211,6376872,,179.21130371,5.16476393,-179.90141296,,,,,10.80827236,0.63281596,-9.55973625,-11.52972126,0.53079855,-1.16323853,46.61133167,-22.74950231,-7.02327392,-0.36447984,0.01006393,1.00230205,,,,,,,3,,,,,,,,,
2.277935,63212,6376972,,179.59443665,5.84949398,-179.90769958,,,,,3.46266246,-0.79672670,-7.43373871,-4.16597176,-0.84372401,-2.87358475,13.77829131,-19.22952676,-2.48454641,-0.36045256,0.01239218,1.01126480,,,,,,,3,,,,,,,,,
2.287915,63213,6377072,,179.67356873,5.77221537,-179.87985229,,,,,-8.05669689,-4.60209560,-9.37726688,7.15621758,-4.56866455,0.22400713,23.87209513,7.68055541,-0.89138579,-0.35964370,0.01669910,1.00985277,,,,,,,3,,,,,,,,,
2.297968,63214,6377172,,179.73301697,5.47675419,-179.70103455,,,,,-9.80737972,-7.17186022,-8.89500904,8.97810555,-7.17411613,-0.10001636,-6.92487011,24.53717968,-21.69532579,-0.36649078,0.01873128,1.01677728,,,,,,,3,,,,,,,,,
2.308039,63215,6377272,,179.58207703,5.13245392,-179.53106689,,,,,0.22654456,10.47354317,-13.06817722,-1.43614006,10.42337036,3.17387033,-7.10532328,31.80408602,-2.92328660,-0.37330037,0.01500383,1.02163172,,,,,,,3,,,,,,,,,
2.317928,63216,6377372,,179.56784058,4.82905483,-179.56329346,,,,,8.47588730,4.52869081,-9.15308094,-9.23017025,4.38645124,-1.38887000,-0.08088656,9.96021898,-4.51049685,-0.37883869,0.01413600,1.02406394,,,,,,,3,,,,,,,,,
2.327929,63217,6377472,,179.70817566,5.08039331,-179.50270081,,,,,4.36120319,0.54741961,-9.52743816,-5.15540266,0.50332427,-0.85955250,-8.39450996,-0.81257074,-15.49795365,-0.38120583,0.01225655,1.02253807,,,,,,,3,,,,,,,,,
2.337904,63218,6377572,,179.60815430,5.06910515,-179.34973145,,,,,1.16632497,-3.57925344,-9.72876835,-1.93129063,-3.63766098,-0.36127520,-9.46094752,15.14789963,-8.01980749,-0.38572502,0.00897119,1.02592671,,,,,,,3,,,,,,,,,
2.347924,63219,6377672,,179.48207092,4.80585146,-179.36776733,,,,,-6.37951279,-3.42116070,-9.28448200,5.66323662,-3.37773705,-0.15592265,-1.77204445,5.06694425,-2.29708888,-0.38617799,0.00897860,1.02641928,,,,,,,3,,,,,,,,,
2.358004,63220,6377772,,179.36926270,4.57818174,-179.11720276,,,,,-11.74335861,-7.71106863,-9.71966362,11.08052635,-7.64706326,0.69409609,-14.98559043,28.14830069,-27.24194996,-0.38251635,0.01180339,1.01163948,,,,,,,3,,,,,,,,,
2.367929,63221,6377872,,179.34680176,4.05120230,-178.75685120,,,,,5.14852715,10.46897888,-11.75057697,-6.14550400,10.29395485,1.50130701,20.60551789,23.50093582,-12.59868434,-0.38727775,0.01044467,1.00912035,,,,,,,3,,,,,,,,,
2.378027,63222,6377972,,179.86967468,4.18736076,-178.81184387,,,,,6.05949593,0.86591870,-8.71007824,-6.66094589,0.74502826,-1.66427851,15.60427408,-5.12388881,-8.96144981,-0.38321435,0.01230381,0.99185359,,,,,,,3,,,,,,,,,
2.387943,63223,6378072,,179.85986328,4.42282534,-178.78890991,,,,,2.67904067,-1.14565349,-8.34169960,-3.23217821,-1.20611000,-1.79639578,3.83530490,5.54911419,-3.68160344,-0.38221395,0.01276609,0.99384499,,,,,,,3,,,,,,,,,
2.397947,63224,6378172,,179.78872681,4.13121557,-178.79792786,,,,,-4.83871078,-3.10828996,-9.83503056,4.22454739,-2.98901939,0.27512980,8.21678587,14.97796623,-6.99136840,-0.38955244,0.01288138,1.01261091,,,,,,,3,,,,,,,,,
2.407945,63225,6378272,,179.86021423,3.90380096,-178.52941895,,,,,-10.96482182,-7.84679222,-7.83303547,10.63382530,-7.60816050,-1.29276180,-4.38852930,23.67607895,-26.49930861,-0.39215395,0.01436795,1.00618947,,,,,,,3,,,,,,,,,
2.417980,63226,6378372,,179.74346924,3.48000932,-178.22634888,,,,,-2.91018677,9.12341881,-12.41966820,1.92686653,9.22183800,2.66877651,-2.41613374,36.60250223,-11.52835955,-0.39688036,0.01204844,1.00414991,,,,,,,3,,,,,,,,,
2.427919,63227,6378472,,179.90956116,3.21444416,-178.24865723,,,,,7.16556692,8.06090355,-9.82730675,-7.92555380,7.81517315,-0.43663323,18.01196699,10.92172776,-5.09618429,-0.40147781,0.01020502,1.00607669,,,,,,,3,,,,,,,,,
2.437921,63228,6378572,,-179.73225403,3.43349290,-178.19320679,,,,,5.15069389,-1.62888098,-9.04842091,-5.56782436,-1.65767264,-1.27704716,11.65183229,-0.62771386,-21.01026977,-0.39997816,0.01402358,0.99723911,,,,,,,3,,,,,,,,,
2.447927,63229,6378672,,-179.56767273,3.55737329,-177.95098877,,,,,1.61372125,0.45422918,-12.82309151,-2.38873076,0.48883438,2.73932052,13.16010113,8.72202948,-12.78527231,-0.40084961,0.01403738,0.99921393,,,,,,,3,,,,,,,,,
2.457976,63230,6378772,,-179.65544128,3.11001062,-177.67669678,,,,,1.36777759,-2.40585995,-10.84703541,-1.84425020,-2.40593719,0.90161586,-7.50072677,33.49045973,-25.62001226,-0.40870342,0.01128858,1.00160480,,,,,,,3,,,,,,,,,
2.467952,63231,6378872,,-179.82806396,2.74773097,-177.57942200,,,,,0.46416676,-2.14353371,-7.15656281,-0.69282532,-2.14594126,-2.74356937,-8.79484869,14.53475354,-2.34173121,-0.41437018,0.00898490,0.99956089,,,,,,,3,,,,,,,,,
2.477918,63232,6378972,,-179.96810913,2.41227722,-177.53169250,,,,,-1.72572803,-2.30067587,-8.51096249,1.46341228,-2.20066023,-1.32321882,-18.50878129,39.78622075,-14.01783714,-0.41711250,0.00663068,1.00049937,,,,,,,3,,,,,,,,,
2.488067,63233,6379072,,179.78067017,1.95014405,-177.40129089,,,,,-6.68272591,-2.07930636,-10.45038891,6.37460232,-1.79095507,0.72102427,-20.18030104,32.97890588,-19.99668848,-0.42585397,0.00197665,1.00335038,,,,,,,3,,,,,,,,,
2.497926,63234,6379172,,179.48907471,1.65657377,-177.17031860,,,,,-4.55000448,-2.03474283,-7.65035677,4.47297716,-1.86454296,-2.14565897,-27.63964967,29.36848837,-19.36120256,-0.43404698,-0.00412723,1.00766551,,,,,,,3,,,,,,,,,
2.507935,63235,6379272,,179.29412842,1.42061973,-176.92573547,,,,,0.06202650,3.23856473,-9.80260944,-0.40301800,3.15033531,-0.06342649,-23.21528194,32.38694704,-16.38407849,-0.43168011,-0.00848024,0.99227101,,,,,,,3,,,,,,,,,
2.517955,63236,6379372,,179.06062317,1.24920011,-176.90473938,,,,,2.55423522,9.41099358,-10.23453140,-3.27096272,9.10996914,0.40668583,-21.77962740,20.62483366,-4.09263569,-0.43313092,-0.01373395,0.98822242,,,,,,,3,,,,,,,,,
2.527917,63237,6379472,,178.97300720,1.11489367,-176.93946838,,,,,3.99418783,6.20669413,-13.01329994,-4.50970840,5.73039913,3.14683366,-14.16346019,14.26927946,-7.86995655,-0.43517202,-0.01993597,0.98019785,,,,,,,3,,,,,,,,,
2.537927,63238,6379572,,178.80354309,1.01943600,-176.91253662,,,,,1.15701890,1.25020087,-10.22765636,-1.36181164,1.02565575,0.26088905,-31.85597155,9.29563474,-8.03153578,-0.43752980,-0.02325533,0.97815442,,,,,,,3,,,,,,,,,
2.547929,63239,6379672,,178.44688416,0.96459222,-176.81411743,,,,,0.28291792,0.84462565,-11.41202736,-0.47801256,0.52980065,1.56930804,-28.11170112,6.85547453,-12.30597317,-0.44252121,-0.02269370,0.98358065,,,,,,,3,,,,,,,,,
2.557964,63240,6379772,,178.21749878,0.94527173,-176.61396790,,,,,-0.56719941,2.73700500,-10.54749393,0.25654554,2.42333412,0.79429340,-23.35765382,1.66195012,-14.71962115,-0.44533190,-0.02600566,0.98202986,,,,,,,3,,,,,,,,,
2.567940,63241,6379872,,178.02186584,0.93893820,-176.44725037,,,,,-1.22314966,-3.07122254,-7.81579161,1.29941368,-3.23001289,-2.17334723,-30.67054441,-1.65792960,-12.50701296,-0.44600141,-0.03319595,0.98587072,,,,,,,3,,,,,,,,,
2.577949,63242,6379972,,177.74481201,1.01274037,-176.32164001,,,,,1.57666266,0.00407442,-12.22528076,-1.74307418,-0.60258770,2.36108303,-20.99603224,-8.14413913,-12.80735858,-0.44482568,-0.03849734,0.98975074,,,,,,,3,,,,,,,,,
2.587991,63243,6380072,,177.50743103,1.13588154,-176.18087769,,,,,2.08023548,0.41342640,-9.46036911,-2.25933671,-0.15178776,-0.44066477,-33.33089285,-7.10096732,-9.25025326,-0.43738610,-0.04100907,0.95907319,,,,,,,3,,,,,,,,,
2.597928,63244,6380172,,177.17982483,1.25241888,-176.08699036,,,,,-1.39332902,0.67554575,-9.14011574,1.17610884,0.30325127,-0.66959167,-26.02772162,-6.70079166,-11.57571411,-0.43242711,-0.04540875,0.95061749,,,,,,,3,,,,,,,,,
2.607986,63245,6380272,,176.80581665,1.23332441,-175.95298767,,,,,-0.03767763,-0.19795525,-12.73362064,-0.14709067,-0.96694756,2.85600424,-41.09380582,1.64181067,-8.38403842,-0.43687445,-0.05686596,0.97861511,,,,,,,3,,,,,,,,,
2.617909,63246,6380372,,176.36421204,1.14234591,-175.90945435,,,,,-1.50705385,-0.27538025,-10.56375980,1.38391161,-0.86948347,0.70726871,-40.79896363,3.62056119,-7.65176360,-0.43832877,-0.06500476,0.98639512,,,,,,,3,,,,,,,,,
2.628046,63247,6380472,,175.92443848,1.10213447,-175.87835693,,,,,-3.53225994,-0.33641347,-6.94255400,3.45885706,-0.56855154,-2.87948418,-48.13735986,-3.30923775,-3.80251017,-0.43998149,-0.07265782,0.98873943,,,,,,,3,,,,,,,,,
2.637930,63248,6380572,,175.43547058,1.11956596,-175.86009216,,,,,-1.53371751,0.49301213,-10.40492058,1.38103867,-0.26401210,0.64160419,-39.98522172,-8.39399086,-6.97890117,-0.43953329,-0.07986324,0.98417479,,,,,,,3,,,,,,,,,
2.647970,63249,6380672,,175.01742554,1.14150345,-175.77406311,,,,,-2.30459785,-2.00934672,-8.59578514,2.35054636,-2.59442925,-1.40243149,-44.90506504,-4.23698192,-7.81288264,-0.44146720,-0.08655421,0.99247003,,,,,,,3,,,,,,,,,
2.657941,63250,6380772,,174.51545715,1.16936493,-175.70492554,,,,,-1.82347226,0.82979864,-8.16199207,1.66550922,0.16004038,-1.59454918,-52.33172097,-7.66062662,-4.05662992,-0.43988913,-0.09378103,0.99335307,,,,,,,3,,,,,,,,,
2.667968,63251,6380872,,173.95677185,1.19924808,-175.65516663,,,,,-1.47169495,0.27247375,-9.12196732,1.35218906,-0.61912656,-0.69164085,-50.96250368,-3.73219295,-5.04103947,-0.44057384,-0.10480989,0.99465930,,,,,,,3,,,,,,,,,
2.677936,63252,6380972,,173.45280457,1.25408661,-175.63667297,,,,,-0.61596984,-0.60451746,-9.10152245,0.55001163,-1.61828709,-0.85399294,-49.33954145,-4.58011099,-0.36217388,-0.43903860,-0.11251532,0.99405020,,,,,,,3,,,,,,,,,
2.687929,63253,6381072,,172.93672180,1.29464889,-175.65704346,,,,,0.60839140,2.14022183,-10.91727734,-0.90692139,0.67961335,1.25114536,-52.39628675,0.98049596,1.26708654,-0.43805131,-0.11973068,0.99146718,,,,,,,3,,,,,,,,,
2.697978,63254,6381172,,172.41702271,1.26135564,-175.68981934,,,,,-0.14301200,2.53690529,-8.70769310,-0.14909649,1.34992766,-0.89082670,-55.57943835,1.70476975,2.55531720,-0.43939671,-0.12882650,0.98834783,,,,,,,3,,,,,,,,,
2.707962,63255,6381272,,171.85302734,1.28536832,-175.72148132,,,,,1.31393456,2.17302179,-11.03402710,-1.59346771,0.43555236,1.37317991,-55.16200451,1.03097970,1.44633023,-0.44010800,-0.13841493,0.98967671,,,,,,,3,,,,,,,,,
2.717938,63256,6381372,,171.31787109,1.19714284,-175.73519897,,,,,0.65858245,-0.41178980,-11.32822132,-0.71797752,-2.20604086,1.27175474,-53.26819113,8.33646359,1.30197834,-0.43856394,-0.14660051,0.98906010,,,,,,,3,,,,,,,,,
2.727934,63257,6381472,,170.82673645,1.09271085,-175.74032593,,,,,0.60483122,4.43052292,-9.03026009,-0.99448776,2.85715294,-0.22549725,-53.64216448,6.74459922,3.51472293,-0.44132036,-0.15471283,0.98644406,,,,,,,3,,,,,,,,,
2.737916,63258,6381572,,170.30758667,1.06515288,-175.76309204,,,,,0.45754221,0.73938072,-10.56824207,-0.57452393,-1.11658478,0.68742537,-50.01578141,8.87408315,3.65364193,-0.44098395,-0.16239482,0.97840798,,,,,,,3,,,,,,,,,
2.747987,63259,6381672,,169.86372375,0.93895495,-175.80389404,,,,,1.78955007,1.98348665,-11.53083801,-1.96070480,-0.23661375,1.84227467,-43.46526799,10.90174434,5.17728681,-0.45407966,-0.17273846,0.98807371,,,,,,,3,,,,,,,,,
2.757951,63260,6381772,,169.48593140,0.88928795,-175.82678223,,,,,1.33486867,0.32352918,-9.37806702,-1.37617540,-1.47265458,-0.60655880,-42.97421837,6.40454373,4.08339060,-0.45911080,-0.17841406,0.98894811,,,,,,,3,,,,,,,,,
2.767938,63261,6381872,,169.36442566,1.07283318,-175.86915588,,,,,0.57973170,1.04419124,-8.47880268,-0.70758009,-0.54759121,-1.35842872,-5.98342970,-15.01206936,0.12092467,-0.46134746,-0.18269673,0.98985863,,,,,,,3,,,,,,,,,
2.777958,63262,6381972,,169.46403503,1.38299656,-175.96391296,,,,,2.50903082,2.86138821,-9.26905251,-2.83687925,0.95662212,-0.29010677,13.27397576,-31.97658586,10.17009959,-0.44760615,-0.16611004,0.94813555,,,,,,,3,,,,,,,,,
2.787980,63263,6382072,,169.57080078,1.55833197,-176.07142639,,,,,2.12042117,-1.18891406,-9.39705086,-2.17130375,-2.96573830,-0.91182041,14.30301120,-17.47038080,7.76854873,-0.41999835,-0.14157806,0.86356378,,,,,,,3,,,,,,,,,
2.797966,63264,6382172,,169.63475037,1.60891545,-176.13726807,,,,,0.91407585,-2.05566239,-9.12778091,-0.91724586,-3.66439009,-1.31145573,6.51342207,-8.06156982,6.05639832,-0.42369047,-0.15449122,0.89896351,,,,,,,3,,,,,,,,,
2.808017,63265,6382272,,169.59046936,1.52660882,-176.24745178,,,,,-2.14563107,-1.52918339,-6.86458874,2.15827656,-2.53516674,-3.35090160,-3.77132780,3.14872276,7.21730466,-0.43351489,-0.17451678,0.97033733,,,,,,,3,,,,,,,,,
2.817956,63266,6382372,,169.52995300,1.37741339,-176.28334045,,,,,-3.68425560,-0.00559815,-9.33465385,3.55984497,-1.40733719,-0.62979031,-1.53301344,7.44785001,2.55018261,-0.43879583,-0.17347269,0.98121208,,,,,,,3,,,,,,,,,
2.828025,63267,6382472,,169.46881104,1.20437074,-176.24061584,,,,,-1.54263878,2.39820242,-9.91611195,1.27684021,0.67499971,0.31227756,-4.34928346,9.89044262,4.52315788,-0.45460883,-0.17512819,0.98506469,,,,,,,3,,,,,,,,,
2.838084,63268,6382572,,169.36714172,1.14375842,-176.21615601,,,,,-6.43054771,-1.46120906,-5.22128248,6.51394796,-1.95335388,-4.87707710,-8.63916306,4.09724095,0.29201335,-0.45567819,-0.17558844,0.98109394,,,,,,,3,,,,,,,,,
2.847996,63269,6382672,,169.40934753,1.01574492,-176.13150024,,,,,-3.02692223,6.31942463,-8.73020077,2.55788040,4.88367939,-0.13320446,10.22604140,7.78586326,1.13711465,-0.44175526,-0.17246138,0.97774994,,,,,,,3,,,,,,,,,
2.858021,63270,6382772,,169.52809143,0.98726821,-176.17343140,,,,,1.11757600,6.54239130,-10.93260670,-1.63244629,4.44579792,2.00161362,10.48673521,6.23325881,11.17449684,-0.43924630,-0.16866067,0.97089607,,,,,,,3,,,,,,,,,
2.867974,63271,6382872,,169.82989502,1.02461791,-176.45417786,,,,,3.21480155,8.28462887,-14.05424500,-3.82381725,5.47981739,5.35101414,35.92604371,-12.36672600,12.07683313,-0.44026649,-0.16432360,0.97095966,,,,,,,3,,,,,,,,,
2.878088,63272,6382972,,170.27853394,1.12634766,-176.58795166,,,,,5.15863705,4.61026144,-11.70315266,-5.52847290,2.28112650,2.29741740,35.65619318,-10.23400626,8.26530583,-0.43684581,-0.15525924,0.96617264,,,,,,,3,,,,,,,,,
2.887980,63273,6383072,,170.78062439,1.38844752,-176.70733643,,,,,4.71901894,2.71846652,-12.26577282,-5.01468468,0.51289940,2.50872850,37.92873031,-18.86418506,1.27954992,-0.42880493,-0.14530595,0.94608545,,,,,,,3,,,,,,,,,
2.898148,63274,6383172,,171.18695068,1.77191401,-176.71318054,,,,,2.71579146,0.88072234,-10.47114944,-3.01223493,-0.82896519,0.47043610,41.25731372,-28.26464613,-4.07815014,-0.42451471,-0.14201978,0.94962227,,,,,,,3,,,,,,,,,
2.908111,63275,6383272,,171.57537842,2.13428903,-176.58470154,,,,,-0.49165303,-2.88184214,-8.27183151,0.37408590,-3.98514175,-2.19165230,28.82350075,-18.87811182,-7.98566422,-0.42873135,-0.14052120,0.97782624,,,,,,,3,,,,,,,,,
2.917996,63276,6383372,,171.78945923,2.25765395,-176.48184204,,,,,-1.12847781,-0.41538119,-9.74383831,0.86504221,-1.75123739,-0.22974300,21.19094023,-9.42161502,-2.06070350,-0.43324140,-0.13805424,0.99812776,,,,,,,3,,,,,,,,,
2.928166,63277,6383472,,171.93745422,2.27234077,-176.51325989,,,,,1.62899387,-0.24365173,-8.84050465,-1.86485529,-1.57515907,-1.21500969,19.68434564,-9.15481246,5.85261237,-0.43313017,-0.13661788,1.00210905,,,,,,,3,,,,,,,,,
2.937964,63278,6383572,,172.11260986,2.29607177,-176.61387634,,,,,-2.56800556,-2.02656603,-9.11254025,2.39035177,-3.06255007,-1.04040623,25.84702042,0.42255219,3.18447389,-0.42885271,-0.13236564,0.99230278,,,,,,,3,,,,,,,,,
2.948144,63279,6383672,,172.28042603,2.12152529,-176.65444946,,,,,-1.78365004,-1.83869112,-8.01634598,1.65455770,-2.77289009,-2.11119175,20.83586431,3.31485067,4.45523677,-0.42684993,-0.12567672,0.98598683,,,,,,,3,,,,,,,,,
2.958038,63280,6383772,,172.47998047,1.98665869,-176.72595215,,,,,-1.08346844,-0.37091964,-7.77805662,0.88715458,-1.28771091,-2.19630098,22.64928636,2.55894574,4.35831767,-0.42698091,-0.12231372,0.98406041,,,,,,,3,,,,,,,,,
2.968125,63281,6383872,,172.71138000,1.89214444,-176.80239868,,,,,-1.56753325,0.60551888,-8.44090462,1.29472160,-0.34950209,-1.38135576,26.11087746,4.14937450,2.39396423,-0.42791346,-0.12085849,0.98506826,,,,,,,3,,,,,,,,,
2.977985,63282,6383972,,172.95074463,1.83209515,-176.85560608,,,,,-2.29653883,-1.16752958,-8.82219124,2.14850903,-2.10632610,-1.15746641,25.22089357,2.02126236,3.54850675,-0.42805535,-0.11317629,0.98518920,,,,,,,3,,,,,,,,,
2.988107,63283,6384072,,173.22238159,1.82065094,-176.88371277,,,,,-1.08028460,1.82232833,-8.96207523,0.75864983,0.83479834,-0.71466804,27.74630649,1.32921628,3.85822488,-0.42701900,-0.10599087,0.97838151,,,,,,,3,,,,,,,,,
2.998075,63284,6384172,,173.52665710,1.84226954,-176.91722107,,,,,-2.07578015,2.72852540,-8.53465652,1.69206619,1.87904310,-1.02810407,32.04291042,-2.42839649,2.90574070,-0.42542535,-0.10073544,0.97303039,,,,,,,3,,,,,,,,,
3.008022,63285,6384272,,173.88113403,1.86478150,-176.93125916,,,,,-1.98539984,1.42489076,-8.48732185,1.70633793,0.63032818,-1.21123695,35.76203038,2.17856930,2.41893711,-0.42453921,-0.09595092,0.97410005,,,,,,,3,,,,,,,,,
3.018108,63286,6384372,,174.26487732,1.81012142,-176.98255920,,,,,1.10782540,-0.54717511,-10.74685001,-1.32355165,-1.66173410,0.75204539,38.64675395,7.47502306,6.80621307,-0.42503858,-0.08970375,0.97667027,,,,,,,3,,,,,,,,,
3.028038,63287,6384472,,174.63087463,1.71692145,-177.05232239,,,,,2.57613611,0.91038609,-11.17587662,-2.87567902,-0.25458145,1.28451252,37.13626786,7.35059665,6.32718629,-0.42847130,-0.08292591,0.97626561,,,,,,,3,,,,,,,,,
3.037998,63288,6384572,,175.02458191,1.71896517,-177.10411072,,,,,0.98531479,2.27712011,-10.60555553,-1.32010555,1.29887986,0.87910652,36.71262879,0.81885249,3.28473039,-0.42914239,-0.07763344,0.97337747,,,,,,,3,,,,,,,,,
3.048038,63289,6384672,,175.45742798,1.70011854,-177.10906982,,,,,0.72186393,2.32742214,-11.82046890,-1.04925728,1.35101056,2.09402084,39.68078312,11.80510174,4.79000910,-0.42869252,-0.07188224,0.97594458,,,,,,,3,,,,,,,,,
3.057986,63290,6384772,,175.92132568,1.60933864,-177.06547546,,,,,-0.62434667,3.83995318,-13.01617432,0.16198730,2.92545509,3.41697788,37.36348776,16.08275616,1.41994788,-0.43210849,-0.06414515,0.97654474,,,,,,,3,,,,,,,,,
3.067963,63291,6384872,,176.32757568,1.44065225,-177.00898743,,,,,-3.24341202,7.00459194,-12.91368484,2.68780589,6.29693508,3.60828209,31.94297792,15.41258653,4.69149558,-0.43552291,-0.05928735,0.97561496,,,,,,,3,,,,,,,,,
3.077971,63292,6384972,,176.56304932,1.16943407,-177.15922546,,,,,-5.45707321,3.33516717,-10.77638817,5.15658092,2.90711594,1.24116468,22.48798462,16.96267235,16.56074816,-0.43655199,-0.05447015,0.97568607,,,,,,,3,,,,,,,,,
3.087993,63293,6385072,,176.68266296,0.85563600,-177.38847351,,,,,-4.99112034,-1.00676179,-7.70268536,5.01835203,-1.23162651,-2.09447479,26.04113611,12.18273863,10.45500044,-0.44080144,-0.05343864,0.97568113,,,,,,,3,,,,,,,,,
3.097932,63294,6385172,,176.88768005,0.67708439,-177.46214294,,,,,-3.40156269,-6.49419403,-3.86299706,3.81966019,-6.56236696,-6.23621273,23.57885120,1.74423683,0.31617541,-0.44364181,-0.04955158,0.97721267,,,,,,,3,,,,,,,,,
3.107995,63295,6385272,,177.11663818,0.82682008,-177.42329407,,,,,7.27108955,-5.99523163,-8.28814602,-7.06892586,-6.72136497,-1.97704291,22.34298311,-7.84091971,3.75832269,-0.44426328,-0.04042156,0.97784889,,,,,,,3,,,,,,,,,
3.117986,63296,6385372,,177.31155396,1.04590988,-177.51301575,,,,,6.09707403,0.71841401,-12.87772369,-6.26179123,-0.17849541,3.00139213,17.20383779,7.56617877,3.67565008,-0.44781068,-0.03796515,0.98529136,,,,,,,3,,,,,,,,,
3.127996,63297,6385472,,177.50062561,0.84306288,-177.54103088,,,,,1.70996046,1.64752340,-10.19856358,-1.83690548,1.10460198,0.44149876,14.18352985,21.03724390,4.10667771,-0.45204082,-0.04077322,0.98374140,,,,,,,3,,,,,,,,,
3.138001,63298,6385572,,177.66381836,0.65856963,-177.47563171,,,,,-2.01611924,4.54880047,-13.24684334,1.71910846,4.06863356,3.61029720,10.16277678,17.03324016,-0.65928705,-0.45115754,-0.03742232,0.97044039,,,,,,,3,,,,,,,,,
3.148006,63299,6385672,,177.75074768,0.50283700,-177.46409607,,,,,-5.75077915,7.28682566,-12.18327808,5.44163418,6.98246861,2.68961811,0.97590810,9.07745545,12.42110028,-0.45035201,-0.03358925,0.95516753,,,,,,,3,,,,,,,,,
3.158073,63300,6385772,,177.75636292,0.41581401,-177.65802002,,,,,-7.57378578,-4.75043488,-4.77573013,7.79314804,-4.61426926,-5.19350052,5.93098751,-10.78708936,9.05077929,-0.44810495,-0.03266602,0.95271963,,,,,,,3,,,,,,,,,
3.168001,63301,6385872,,177.78613281,0.60029894,-177.73934937,,,,,-0.48514482,-7.07003403,-4.08281660,0.88149071,-7.21492720,-6.00319481,12.47785147,-42.07972997,-3.94887259,-0.44739860,-0.03268680,0.97300804,,,,,,,3,,,,,,,,,
3.178019,63302,6385972,,177.91902161,1.24274838,-177.71011353,,,,,10.14876366,-1.36827528,-12.65302181,-10.29034805,-2.21767044,2.54908228,14.59112310,-38.14409300,1.15996334,-0.44587785,-0.02935465,0.97801602,,,,,,,3,,,,,,,,,
3.187957,63303,6386072,,178.07225037,1.60990500,-177.75152588,,,,,5.17234612,3.68681240,-13.40650463,-5.55911827,3.00855732,3.55540514,12.22866311,-19.94167473,2.50401565,-0.43886358,-0.02179421,0.98113942,,,,,,,3,,,,,,,,,
3.198011,63304,6386172,,178.27250671,1.80361950,-177.67253113,,,,,-4.69025278,7.38136196,-14.62996483,4.00454760,7.07770205,5.13017559,9.68599713,-14.45856108,-0.02063232,-0.44541478,-0.01592581,0.98515755,,,,,,,3,,,,,,,,,
3.207950,63305,6386272,,178.31741333,1.81111753,-177.72642517,,,,,-6.69416094,2.92512655,-8.58898258,6.34931803,2.88471699,-0.91951513,-5.42547197,-25.00492469,8.14949656,-0.44260204,-0.01645293,0.98466855,,,,,,,3,,,,,,,,,
3.218109,63306,6386372,,178.13862610,1.97269332,-177.88456726,,,,,-4.38845062,-2.07779455,-7.82649374,4.26569462,-2.18983245,-1.89665794,-6.82840905,-34.13370304,3.15467377,-0.42594612,-0.01913520,0.98916250,,,,,,,3,,,,,,,,,
3.228023,63307,6386472,,178.04765320,2.28482342,-177.90266418,,,,,-1.61724663,-4.59523964,-6.30024385,1.64784765,-4.77811050,-3.60857725,-5.02493047,-39.45585816,-3.82999912,-0.42642611,-0.02633107,0.99844652,,,,,,,3,,,,,,,,,
3.237979,63308,6386572,,177.99295044,2.80996966,-177.86566162,,,,,2.45181942,-4.57374287,-6.16918659,-2.51386142,-4.90370989,-3.97060871,-3.32680137,-46.74765542,-2.12351264,-0.42505401,-0.02827911,1.00980198,,,,,,,3,,,,,,,,,
3.248000,63309,6386672,,178.00875854,3.45844221,-177.86900330,,,,,8.28329182,-1.72452092,-13.65161419,-8.96293736,-2.53800344,3.28005004,-2.23591707,-35.64995039,0.61012746,-0.41479027,-0.02317223,1.01042914,,,,,,,3,,,,,,,,,
3.257984,63310,6386772,,177.97679138,3.85504842,-177.91909790,,,,,2.87633753,0.93515116,-9.94204617,-3.53462505,0.44147444,-0.09731531,-3.52096828,-33.83108809,0.02510765,-0.40457615,-0.02190290,1.00753188,,,,,,,3,,,,,,,,,
3.268023,63311,6386872,,177.94746399,4.23181915,-177.90414429,,,,,0.63228369,1.77097857,-10.43935299,-1.41452885,1.35046053,0.55269909,-0.47788518,-37.82184809,-0.65961869,-0.40082148,-0.02532515,1.00551748,,,,,,,3,,,,,,,,,
3.277985,63312,6386972,,177.99519348,4.57731342,-177.90814209,,,,,-0.43641186,1.73981392,-9.73329735,-0.32156944,1.40475488,-0.06755161,4.23657894,-30.02976338,0.66332577,-0.39437824,-0.02255260,1.00311995,,,,,,,3,,,,,,,,,
3.287997,63313,6387072,,178.17991638,4.75301027,-177.82844543,,,,,-1.76220775,4.15378761,-13.01372910,0.56359982,3.76704979,3.40548563,9.36021504,-17.05524190,-5.60076323,-0.38836288,-0.01833375,1.00272214,,,,,,,3,,,,,,,,,
3.298181,63314,6387172,,178.28343201,4.88653231,-177.79197693,,,,,-2.15206265,4.35512066,-10.97842789,1.06113076,4.04662418,1.47893429,2.38177021,-28.91056176,1.89211459,-0.38323367,-0.01889944,1.00125468,,,,,,,3,,,,,,,,,
3.308115,63315,6387272,,178.25588989,5.07365561,-177.84794617,,,,,-1.58196235,3.55117583,-11.37415600,0.49470758,3.20809746,1.72716904,0.24645337,-15.95043832,6.09288348,-0.36844495,-0.01865342,0.96719432,,,,,,,3,,,,,,,,,
3.318014,63316,6387372,,178.17543030,5.11098194,-177.95042419,,,,,-5.80539083,1.03200841,-9.87173462,4.96005869,0.87966061,0.52215672,-4.16521968,-6.64118631,3.74821230,-0.36417830,-0.01968544,0.96769410,,,,,,,3,,,,,,,,,
3.328018,63317,6387472,,178.04086304,5.03428936,-177.99114990,,,,,-6.65514755,-8.28577995,-3.67832255,6.71226931,-8.16872215,-5.88385630,-9.85374487,-14.56347449,-1.31668545,-0.37316716,-0.02482983,1.00368500,,,,,,,3,,,,,,,,,
3.338002,63318,6387572,,177.93159485,5.20001459,-177.96189880,,,,,1.52158439,-4.88253784,-4.40103912,-1.52175570,-5.13512897,-5.78407145,-1.76696289,-38.68429608,-6.32355605,-0.37079847,-0.02582968,1.00368106,,,,,,,3,,,,,,,,,
3.347965,63319,6387672,,178.00140381,5.84819555,-177.96397400,,,,,10.47863007,0.48846138,-15.98578835,-11.97081375,-0.50409508,5.09018230,1.50959550,-19.94875592,2.51855179,-0.36634389,-0.02398797,1.01115394,,,,,,,3,,,,,,,,,
3.357995,63320,6387772,,177.92498779,6.15407515,-178.02822876,,,,,-0.86427927,4.53606606,-10.01845551,-0.36198139,4.11525965,0.37522221,-11.92234194,-31.20302596,-0.03863464,-0.36640894,-0.02447185,1.02252555,,,,,,,3,,,,,,,,,
3.368023,63321,6387872,,177.86178589,6.43980742,-177.92562866,,,,,-2.53753304,4.52203083,-12.79555702,1.08511496,4.06670952,3.30450344,-11.12049566,-9.52963617,3.30094889,-0.36856833,-0.02827693,1.02591777,,,,,,,3,,,,,,,,,
3.377991,63322,6387972,,177.72221375,6.46782970,-177.99949646,,,,,-7.71135378,5.19897842,-11.86533356,6.19223976,4.90917397,3.01959944,-17.42762553,-14.99167783,3.30013866,-0.36106259,-0.02840305,1.02545869,,,,,,,3,,,,,,,,,
3.387991,63323,6388072,,177.46861267,6.46388149,-178.07678223,,,,,-5.32811785,-4.47039461,-7.59614277,4.67345953,-4.66405487,-1.87235498,-22.31308396,-26.42496883,-0.18202083,-0.35313782,-0.02949535,1.02300739,,,,,,,3,,,,,,,,,
3.398154,63324,6388172,,177.26005554,6.61275339,-178.06364441,,,,,-2.15643001,-5.15541124,-4.91860676,1.89554310,-5.32910347,-4.95296478,-17.20472401,-30.89702324,-5.33162475,-0.35110280,-0.03480427,1.01105917,,,,,,,3,,,,,,,,,
3.408021,63325,6388272,,177.09284973,7.00850391,-178.04289246,,,,,2.48811793,-3.84661818,-5.31572056,-2.87048054,-4.20351601,-5.10993671,-18.05801442,-42.34058172,1.04864652,-0.34743044,-0.03870989,1.01992154,,,,,,,3,,,,,,,,,
3.417987,63326,6388372,,176.84385681,7.62139940,-178.10638428,,,,,3.83735108,0.12035109,-10.61860275,-5.12961102,-0.63594913,0.20358753,-19.97819062,-31.30797182,3.52087138,-0.34136483,-0.04121672,1.03079700,,,,,,,3,,,,,,,,,
3.428044,63327,6388472,,176.68066406,7.98536444,-178.17851257,,,,,1.20939505,1.59594440,-10.58362007,-2.62809753,0.87908983,0.54049778,-17.07423666,-29.98713617,0.45793409,-0.33438832,-0.04373258,1.02732885,,,,,,,3,,,,,,,,,
3.438015,63328,6388572,,176.51332092,8.20098305,-178.19071960,,,,,2.87160587,1.88690400,-13.88924694,-4.76520634,0.87415540,3.61256742,-20.35877218,-11.22856462,2.71309649,-0.33267343,-0.04904392,1.03319049,,,,,,,3,,,,,,,,,
3.448098,63329,6388672,,176.30558777,8.28264999,-178.18914795,,,,,-2.22842479,2.42841220,-12.29187965,0.38447189,1.63870358,2.74961185,-19.69262554,-9.51205612,-3.17986735,-0.33108804,-0.05387157,1.03559577,,,,,,,3,,,,,,,,,
3.458008,63330,6388772,,176.14913940,8.40692997,-178.10949707,,,,,-0.55170935,4.26453400,-12.76448631,-1.44462395,3.33677387,3.12437797,-22.08674345,-17.00234550,0.06094715,-0.32347444,-0.05303520,1.02525723,,,,,,,3,,,,,,,,,
3.468077,63331,6388872,,175.93331909,8.54680920,-178.12582397,,,,,-0.69048673,4.27201319,-12.32300282,-1.22423148,3.33237314,2.69191742,-25.14116306,-8.63921088,4.71579099,-0.32120857,-0.05499178,1.02177429,,,,,,,3,,,,,,,,,
3.478013,63332,6388972,,175.68716431,8.57632542,-178.22912598,,,,,-2.88116455,2.75411987,-9.80980110,1.39603662,2.05801296,0.44720840,-25.40533087,-5.18899674,4.91359455,-0.32131392,-0.06075312,1.02910399,,,,,,,3,,,,,,,,,
3.488060,63333,6389072,,175.61920166,8.30646706,-178.30421448,,,,,-2.08228207,-1.99885726,-8.40267181,1.05012369,-2.58812189,-1.38521194,0.36409527,15.46643404,2.12245588,-0.32532746,-0.06596695,1.03246462,,,,,,,3,,,,,,,,,
3.498041,63334,6389172,,175.63999939,8.02362728,-178.30636597,,,,,-4.48932886,0.25579777,-6.71505833,3.62208986,-0.12635517,-2.58509159,7.26554287,21.10473812,-1.59634584,-0.31850326,-0.07086586,0.99630374,,,,,,,3,,,,,,,,,
3.508020,63335,6389272,,175.63702393,7.86295080,-178.33941650,,,,,-6.05325699,-3.09308267,-4.01987076,5.63123941,-3.20863342,-5.25434875,2.08050465,2.33372132,4.51166267,-0.31006378,-0.07195555,0.96812749,,,,,,,3,,,,,,,,,
3.518078,63336,6389372,,175.60797119,8.00018978,-178.29299927,,,,,1.00245976,-6.77896500,-4.03926086,-1.17204285,-7.14742231,-6.54597139,-5.77763183,-12.13455079,-6.72152598,-0.31915814,-0.06365437,0.99493039,,,,,,,3,,,,,,,,,
3.528115,63337,6389472,,175.54185486,8.17245483,-178.18382263,,,,,6.60318136,3.57329369,-17.97745323,-9.07167435,1.85853958,7.25988626,-17.48733504,0.01303557,-0.66609792,-0.33002579,-0.06300272,1.02061367,,,,,,,3,,,,,,,,,
3.538073,63338,6389572,,175.40979004,8.30177879,-178.10391235,,,,,-4.26864529,9.04907894,-16.87178993,1.53054523,7.74102974,8.06551838,-4.27229485,13.51406886,-2.01656810,-0.34833357,-0.07230428,1.04313350,,,,,,,3,,,,,,,,,
3.548021,63339,6389672,,175.31295776,8.01586151,-178.18742371,,,,,-4.96363688,3.26373100,-11.23275375,3.30399656,2.40758181,2.18657112,-22.77013290,13.17928799,11.37077599,-0.34463611,-0.07477101,1.05350304,,,,,,,3,,,,,,,,,
3.558098,63340,6389772,,175.06542969,7.73026800,-178.34176636,,,,,-6.58954525,-5.23040771,-3.16568947,6.48797083,-5.26777744,-6.23932743,-13.33970779,-0.20121908,-2.59912881,-0.32437164,-0.06933644,1.01757324,,,,,,,3,,,,,,,,,
3.568063,63341,6389872,,174.93872070,7.67413330,-178.29034424,,,,,0.53291291,-6.30672264,-0.65151554,-0.18814659,-6.33885956,-9.84051800,-12.48879514,-18.36066864,-2.60605548,-0.32631528,-0.07121652,1.00120652,,,,,,,3,,,,,,,,,
3.578004,63342,6389972,,174.83517456,7.96315861,-178.26589966,,,,,5.59739447,-0.44755480,-11.40926266,-7.00798845,-1.65690947,0.59858513,-4.97328144,-2.92946088,2.44142081,-0.34243119,-0.07287495,1.02336371,,,,,,,3,,,,,,,,,
3.588051,63343,6390072,,174.75341797,8.01327324,-178.33660889,,,,,2.01910353,3.24494052,-10.55302811,-3.46062040,2.15205145,0.60162544,-9.01856897,9.68556854,-0.10417960,-0.33952975,-0.07820344,1.02279913,,,,,,,3,,,,,,,,,
3.598012,63344,6390172,,174.70341492,8.01454449,-178.29222107,,,,,2.39103818,2.82944441,-12.55421638,-4.01030922,1.53123307,2.47029161,-9.46970553,22.59872589,1.90819456,-0.33656773,-0.08401359,1.02371156,,,,,,,3,,,,,,,,,
3.608103,63345,6390272,,174.68368530,7.78085184,-178.21627808,,,,,-5.35025549,6.38210344,-15.98756886,3.02881241,4.98659039,7.18146229,-5.71760685,36.21538077,-1.43931915,-0.34438965,-0.08196457,1.02964187,,,,,,,3,,,,,,,,,
3.618110,63346,6390372,,174.62631226,7.26224899,-178.19563293,,,,,-6.17247677,5.51176119,-13.74054527,4.28316593,4.30905867,5.02108288,-13.44592748,34.59448126,6.00641073,-0.33956265,-0.08108173,1.02027965,,,,,,,3,,,,,,,,,
3.628105,63347,6390472,,174.48020935,6.71979523,-178.25166321,,,,,-7.17858696,-3.32964444,-5.06746531,6.82561398,-3.57788277,-4.31018353,-6.33698036,23.64931997,-2.23752131,-0.34394053,-0.08148607,1.01579845,,,,,,,3,,,,,,,,,
3.638052,63348,6390572,,174.42381287,6.44346285,-178.19024658,,,,,-3.96836877,-6.70696878,-1.07574463,4.31056023,-6.61463594,-9.00139523,-2.64623534,0.76096765,-7.37162339,-0.35756373,-0.08126282,1.02958691,,,,,,,3,,,,,,,,,
3.648188,63349,6390672,,174.44235229,6.58106327,-178.09735107,,,,,5.13701677,-4.08913660,-8.22834492,-5.78870106,-5.03678465,-2.75874472,3.54017456,-13.46440058,-1.53782627,-0.35939229,-0.08219245,1.03055251,,,,,,,3,,,,,,,,,
3.658030,63350,6390772,,174.48269653,6.91661167,-178.10804749,,,,,2.66687512,0.78213823,-12.12103748,-4.01246262,-0.52057552,1.91896057,2.55441690,-0.11396073,-1.03105665,-0.34930313,-0.07947389,1.01135063,,,,,,,3,,,,,,,,,
3.667998,63351,6390872,,174.49781799,7.00638771,-178.12870789,,,,,3.57892966,3.73580742,-10.72948551,-4.91456032,2.53453064,0.64190197,2.38802004,-4.12738342,-1.75100875,-0.35209659,-0.08278635,1.01029444,,,,,,,3,,,,,,,,,
3.678084,63352,6390972,,174.58543396,7.06711817,-178.07322693,,,,,0.42588776,2.98937416,-12.00936317,-1.82698250,1.83228302,2.20938206,10.34920423,18.10597942,-1.66598111,-0.35643566,-0.08463739,1.01964390,,,,,,,3,,,,,,,,,
3.687999,63353,6391072,,174.78350830,6.86363697,-177.97550964,,,,,-5.72495794,7.58170557,-15.60383987,3.61024499,6.27820683,6.93095589,9.72708072,24.36801980,-5.81680510,-0.35414732,-0.08035623,1.02021801,,,,,,,3,,,,,,,,,
3.698024,63354,6391172,,174.87077332,6.41725826,-177.95420837,,,,,-5.18081236,4.40807629,-10.79780579,3.88586378,3.53491974,1.80906868,2.10502033,33.41388989,6.89242628,-0.35355303,-0.07748262,1.01185560,,,,,,,3,,,,,,,,,
3.708019,63355,6391272,,174.84487915,5.90956259,-178.04161072,,,,,-7.23785973,-3.81095290,-3.17271304,7.17156315,-3.80643797,-6.30365610,7.60084966,22.48671932,-3.70513174,-0.35808596,-0.07788239,1.00292075,,,,,,,3,,,,,,,,,
3.718034,63356,6391372,,174.97248840,5.65525293,-177.96011353,,,,,-0.74834323,-5.49852371,-3.66522360,0.81833029,-5.75490618,-6.62200928,12.29772401,-2.05899617,-8.31665861,-0.36022615,-0.07592360,0.99650913,,,,,,,3,,,,,,,,,
3.728034,63357,6391472,,175.06069946,5.91593933,-177.87257385,,,,,5.69317436,-0.54865479,-9.54606724,-6.55061293,-1.59127903,-1.03539658,9.13002059,-6.33908662,-1.77604907,-0.36482462,-0.07584749,0.99945581,,,,,,,3,,,,,,,,,
3.738084,63358,6391572,,175.09770203,6.12031031,-177.90336609,,,,,3.41283751,4.72632551,-13.60282326,-4.88243961,3.34952068,3.67726278,1.30525481,1.58602393,-3.70470827,-0.37186369,-0.07861435,1.01174581,,,,,,,3,,,,,,,,,
3.748051,63359,6391672,,175.18052673,6.18750000,-177.81451416,,,,,-1.97759271,4.58475494,-13.01805210,0.61034632,3.50223041,3.62184238,5.06234369,18.78905127,1.97710007,-0.38073331,-0.07847176,1.02704108,,,,,,,3,,,,,,,,,
3.758002,63360,6391772,,175.25949097,5.80859518,-177.82843018,,,,,-8.27076721,4.22350979,-10.59362030,7.08849192,3.61773682,1.78746271,4.58875673,29.78359312,-1.37259642,-0.37629449,-0.06990540,1.02423048,,,,,,,3,,,,,,,,,
3.768111,63361,6391872,,175.26226807,5.38904524,-177.81430054,,,,,-7.14022350,-3.61361098,-5.24566031,6.88425159,-3.74537802,-4.25480938,0.54602757,2.32353516,-3.98318831,-0.36769313,-0.06764070,1.00253987,,,,,,,3,,,,,,,,,
3.778045,63362,6391972,,175.29647827,5.30206394,-177.69688416,,,,,-0.05893764,-4.66150236,-5.79106236,-0.05957603,-5.13796234,-4.49150753,7.37351108,-4.70695144,-11.88945714,-0.37450606,-0.07184201,0.99353361,,,,,,,3,,,,,,,,,
3.788070,63363,6392072,,175.40956116,5.42901468,-177.56492615,,,,,4.92761803,-0.28273520,-9.26631927,-5.63431644,-1.21901321,-1.23797369,6.64105824,-5.49562570,-5.97609408,-0.37787861,-0.07418951,1.00337470,,,,,,,3,,,,,,,,,
3.798047,63364,6392172,,175.47621155,5.57718468,-177.51246643,,,,,6.13013697,3.38417959,-14.01470184,-7.41225910,1.99272346,3.75752831,10.04605141,17.89802407,1.01077985,-0.37686935,-0.07420738,1.00535846,,,,,,,3,,,,,,,,,
3.808069,63365,6392272,,175.66036987,5.45019674,-177.52198792,,,,,-6.74804831,9.78815079,-20.04797554,4.50868750,8.46339893,11.37835217,16.56151314,34.82232612,1.03940229,-0.37894315,-0.06745175,1.00347602,,,,,,,3,,,,,,,,,
3.818051,63366,6392372,,175.70347595,4.92917824,-177.57704163,,,,,-7.48131132,-3.47470713,-5.55864048,7.21373844,-3.57287884,-3.91691971,-1.13658841,17.43828916,2.22628437,-0.37545305,-0.05934919,1.00015843,,,,,,,3,,,,,,,,,
3.828039,63367,6392472,,175.67587280,4.64026928,-177.56300354,,,,,0.57319456,-6.24358559,-2.06365108,-0.19135356,-6.44288206,-8.31665993,5.82783885,-3.63547832,-13.02962318,-0.37632835,-0.05884948,0.98878258,,,,,,,3,,,,,,,,,
3.838093,63368,6392572,,175.82186890,4.81892967,-177.40573120,,,,,8.08468723,0.74304181,-12.65683651,-9.01141834,-0.57322121,2.08348536,4.20998218,-3.00656667,-3.29110018,-0.38739312,-0.06682388,0.99057984,,,,,,,3,,,,,,,,,
3.848070,63369,6392672,,175.84359741,4.95362473,-177.38378906,,,,,2.99206829,5.81646729,-15.23944473,-4.34460735,4.51126337,5.43104076,8.34371982,26.23907840,1.90111955,-0.39726669,-0.07002866,1.01571238,,,,,,,3,,,,,,,,,
3.858133,63370,6392772,,175.91584778,4.61170864,-177.47901917,,,,,-8.17337894,4.14178848,-9.58467960,7.30502510,3.78111172,0.53646946,9.73634587,39.96265478,7.64827422,-0.39317691,-0.06241770,1.01585340,,,,,,,3,,,,,,,,,
3.868094,63371,6392872,,176.00309753,4.11691380,-177.48419189,,,,,-6.10011148,-8.77116585,0.24124897,6.68452120,-8.44270706,-10.21417618,11.77649520,7.99057855,-10.21310759,-0.38558188,-0.05629030,0.98086053,,,,,,,3,,,,,,,,,
3.878062,63372,6392972,,176.14651489,3.97351265,-177.36021423,,,,,11.40387154,1.25462997,-13.97144318,-12.34000015,-0.25908279,3.24909782,6.52402167,0.52294340,-4.51045843,-0.38871646,-0.05670754,0.95807922,,,,,,,3,,,,,,,,,
3.888089,63373,6393072,,176.12686157,4.15927649,-177.31521606,,,,,-2.04098392,6.26442194,-15.63992691,0.72888422,5.21091604,6.26040173,-1.62133718,11.80490793,-5.19823628,-0.41497019,-0.06684161,0.99489409,,,,,,,3,,,,,,,,,
3.898068,63374,6393172,,176.11692810,4.04271173,-177.31039429,,,,,-6.82291889,4.22573566,-13.64119530,5.80248356,3.52680922,4.41624165,1.14373994,23.35277023,11.75687548,-0.41992986,-0.06389339,1.02954912,,,,,,,3,,,,,,,,,
3.908179,63375,6393272,,176.15393066,3.78300929,-177.43013000,,,,,-5.56561708,-7.66024733,-0.23967437,6.05307961,-7.37225246,-9.71899223,2.12301383,-6.39890541,-7.05982056,-0.39889807,-0.05031757,1.00661576,,,,,,,3,,,,,,,,,
3.918226,63376,6393372,,176.25714111,3.86940455,-177.28390503,,,,,5.49401808,-1.78537309,-4.00798893,-5.56661940,-2.31865406,-6.42818832,3.48233822,-21.53980409,-10.35054124,-0.39747593,-0.05320907,0.97837585,,,,,,,3,,,,,,,,,
3.928182,63377,6393472,,176.27729797,4.16394949,-177.18171692,,,,,6.53239107,3.79110169,-16.09208679,-7.65303612,2.37519646,5.96293163,2.32017108,10.02987325,-0.69198648,-0.40998918,-0.06404380,0.99100530,,,,,,,3,,,,,,,,,
3.938207,63378,6393572,,176.38552856,4.07654095,-177.18507385,,,,,-6.39474106,7.09399748,-16.88190842,5.03070831,6.31188726,7.75660229,15.95419492,33.74979176,3.11132427,-0.41324422,-0.06063624,1.00736988,,,,,,,3,,,,,,,,,
3.948231,63379,6393672,,176.52288818,3.67260599,-177.22055054,,,,,-9.99317646,-5.60894489,-0.91443545,10.23506355,-5.15665913,-8.67356968,8.90254797,11.36974292,-0.39687884,-0.39829722,-0.05031749,0.98336512,,,,,,,3,,,,,,,,,
3.958342,63380,6393772,,176.60386658,3.50411224,-177.19151306,,,,,5.45649147,-3.45513034,-5.51271677,-5.44813633,-4.08203602,-4.96724892,11.74292055,-18.40634211,-7.79422000,-0.39048609,-0.04563608,0.95379281,,,,,,,3,,,,,,,,,
3.968191,63381,6393872,,176.71368408,3.77883840,-177.12496948,,,,,6.65346622,4.23420238,-17.35521698,-7.80863667,2.82641006,7.24937725,3.52380601,1.04729521,-1.33970084,-0.41070396,-0.05489919,0.96195561,,,,,,,3,,,,,,,,,
3.978294,63382,6393972,,176.73420715,3.75989413,-177.12956238,,,,,-5.95397377,8.15671349,-16.82649803,4.64151573,7.42518330,7.67208338,7.45905066,32.59324608,8.10950921,-0.42829174,-0.05750366,1.00882828,,,,,,,3,,,,,,,,,
3.988351,63383,6394072,,176.79934692,3.40369654,-177.23506165,,,,,-6.26919270,-8.35544586,-0.40447208,6.76219225,-8.03495026,-9.51193428,9.85389001,5.98657500,-6.27413579,-0.41351181,-0.04335282,1.00912654,,,,,,,3,,,,,,,,,
3.998111,63384,6394172,,176.94041443,3.32314157,-177.09704590,,,,,3.88812804,-2.11676741,-0.76892692,-3.71774101,-2.36692953,-9.51690292,2.93850640,-23.23270575,-14.50778625,-0.39573559,-0.03883438,0.96871692,,,,,,,3,,,,,,,,,
4.008105,63385,6394272,,176.98886108,3.68314362,-176.95614624,,,,,6.88830709,5.94660854,-20.85424805,-8.28175926,4.41902113,10.82819271,6.07693883,0.21988685,1.39330715,-0.42247406,-0.05134765,0.97679567,,,,,,,3,,,,,,,,,
4.018229,63386,6394372,,177.05702209,3.60363221,-176.97850037,,,,,-10.79995537,6.14381933,-14.86706543,9.66239262,5.87249041,5.89242458,10.86478106,30.25279980,3.44026554,-0.43175706,-0.04737165,1.02282476,,,,,,,3,,,,,,,,,
4.028131,63387,6394472,,177.12921143,3.18225670,-177.01820374,,,,,-4.62236500,-7.48651552,-2.69841146,5.06679392,-7.36828709,-7.23893929,6.83863769,-8.16535284,-4.40388869,-0.40329728,-0.03343981,0.99746048,,,,,,,3,,,,,,,,,
4.038117,63388,6394572,,177.19473267,3.33123660,-176.95074463,,,,,9.34023285,-1.35543191,-7.96075296,-9.62611675,-2.28520775,-2.60869932,2.05081552,-16.21181258,-7.88548328,-0.40270790,-0.04158545,0.94241613,,,,,,,3,,,,,,,,,
4.048155,63389,6394672,,177.24836731,3.49526405,-176.85485840,,,,,3.33983493,7.39747286,-18.66363525,-4.59687805,6.26005363,8.93373680,2.96478832,22.29229116,0.40707084,-0.42097682,-0.05233369,0.97876662,,,,,,,3,,,,,,,,,
4.058080,63390,6394772,,177.23004150,3.20796156,-176.93074036,,,,,-9.54106045,0.79385352,-8.23808479,9.08654118,0.84687066,-1.14816594,1.43559371,36.15007733,6.99304094,-0.42527884,-0.04555989,1.02090693,,,,,,,3,,,,,,,,,
4.068092,63391,6394872,,177.22868347,2.77972722,-177.00753784,,,,,-2.33353686,-7.18616629,-0.06565467,2.90914607,-7.06993389,-10.03190327,0.04834238,-6.30865001,-8.54053001,-0.41022745,-0.03716370,0.99885100,,,,,,,3,,,,,,,,,
4.078077,63392,6394972,,177.28604126,2.96939135,-176.83424377,,,,,8.70457077,3.15632105,-17.87084389,-9.70212460,1.73545969,7.63253260,-4.11700196,-15.11780923,-9.14028551,-0.41653144,-0.04664086,0.96106762,,,,,,,3,,,,,,,,,
4.088091,63393,6395072,,177.20562744,3.16413236,-176.75201416,,,,,-2.40234256,8.00426388,-14.38003063,1.37235427,7.38332510,4.95590878,1.51318818,23.57372173,5.73548786,-0.44484377,-0.05578420,1.00679350,,,,,,,3,,,,,,,,,
4.098110,63394,6395172,,177.28311157,2.86318970,-176.85289001,,,,,-9.32333946,-5.87625837,-1.50654256,9.63308048,-5.43172169,-8.15261364,10.60193916,12.90903106,-0.77140503,-0.43070856,-0.04019252,1.02987027,,,,,,,3,,,,,,,,,
4.108086,63395,6395272,,177.38494873,2.69116974,-176.82113647,,,,,3.37623954,-5.13696575,-1.30185473,-2.96437740,-5.39845085,-9.01373672,4.83044382,-21.34779552,-13.06695784,-0.40332067,-0.03534678,0.96873409,,,,,,,3,,,,,,,,,
4.118190,63396,6395372,,177.48448181,3.01158142,-176.68505859,,,,,7.27137232,5.34693003,-18.51336288,-8.35442162,4.05412626,8.48423958,3.77459903,-3.17825180,0.09982750,-0.40863714,-0.04580683,0.94528812,,,,,,,3,,,,,,,,,
4.128095,63397,6395472,,177.54925537,3.01397920,-176.65188599,,,,,-7.91660404,8.94445801,-19.60521698,6.56293344,8.47370148,10.43612003,10.09480700,33.47170403,3.83830463,-0.44016704,-0.04769879,0.99704975,,,,,,,3,,,,,,,,,
4.138091,63398,6395572,,177.56394958,2.58623123,-176.72973633,,,,,-6.50623894,-9.98096275,1.64717209,7.28941011,-9.52969933,-11.56894588,6.50089935,-6.30452586,-1.10618009,-0.43822271,-0.03094256,1.02156818,,,,,,,3,,,,,,,,,
4.148131,63399,6395672,,177.72645569,2.63403988,-176.69239807,,,,,7.82729149,-2.31502247,-6.16985893,-7.87201595,-3.05087662,-4.23525476,13.68093123,-13.71258148,-8.57589075,-0.40553439,-0.02474804,0.96493274,,,,,,,3,,,,,,,,,
4.158133,63400,6395772,,177.90702820,2.77623463,-176.61009216,,,,,6.47117281,5.36369514,-18.95618439,-7.46209860,4.23876953,8.98324108,12.95837833,20.17318911,2.75067790,-0.41974685,-0.04081733,0.93937433,,,,,,,3,,,,,,,,,
4.168094,63401,6395872,,178.03170776,2.50994039,-176.65991211,,,,,-7.27228546,6.25467062,-16.44678879,6.35160017,6.05827808,7.01236010,18.74328901,50.80628359,6.97904887,-0.43950421,-0.04145622,0.96548736,,,,,,,3,,,,,,,,,
4.178149,63402,6395972,,178.17106628,1.93324900,-176.76397705,,,,,-4.53112268,-7.75081348,1.47775459,5.17723846,-7.44075441,-11.39392090,14.81364383,17.62828112,-5.10707844,-0.42342407,-0.02108156,0.95253205,,,,,,,3,,,,,,,,,
4.188076,63403,6396072,,178.26930237,1.80818093,-176.61521912,,,,,7.78816414,3.10220838,-14.37505531,-8.38859367,2.07667160,4.34005880,-4.80608267,-2.85032716,-15.42913950,-0.41389906,-0.01979196,0.92984134,,,,,,,3,,,,,,,,,
4.198118,63404,6396172,,178.14443970,1.86974740,-176.47016907,,,,,-7.21100187,6.51783562,-14.35974503,6.50419140,6.41226768,4.89487362,0.49996558,36.12613411,8.26065020,-0.45056224,-0.03646824,0.96105802,,,,,,,3,,,,,,,,,
4.208130,63405,6396272,,178.10899353,1.67767942,-176.56585693,,,,,-0.81873918,-10.13255596,1.28587890,1.56287861,-10.08178806,-11.40933228,-1.40270464,-6.02640952,-6.59932963,-0.46570027,-0.03047742,1.01550055,,,,,,,3,,,,,,,,,
4.218201,63406,6396372,,178.08404541,1.73483407,-176.50164795,,,,,5.88309669,6.37500143,-15.35559177,-6.75090647,5.29471588,5.53497314,-26.60871629,-14.73511373,-14.49580098,-0.43178353,-0.02190190,0.95495093,,,,,,,3,,,,,,,,,
4.228122,63407,6396472,,177.90283203,1.89363372,-176.36834717,,,,,-5.51252699,8.48108006,-17.42185783,4.54720020,8.09806347,7.95809746,0.80550123,20.34848591,11.79494866,-0.45046556,-0.03741900,0.93630546,,,,,,,3,,,,,,,,,
4.238237,63408,6396572,,177.86013794,1.64721620,-176.46142578,,,,,-5.28779411,-13.08594322,1.70254254,6.30861855,-12.65918255,-11.87753773,-9.93349416,-9.28399269,-15.37732910,-0.45152256,-0.03406428,0.98879784,,,,,,,3,,,,,,,,,
4.248079,63409,6396672,,177.73085022,1.74665415,-176.29521179,,,,,7.79456854,4.84641695,-9.98444271,-8.39149857,3.84886312,-0.01855707,-25.21800610,-30.20709900,-15.06040149,-0.41946897,-0.02882860,0.95391351,,,,,,,3,,,,,,,,,
4.258029,63410,6396772,,177.46615601,2.15302587,-176.12001038,,,,,1.05617535,5.52639389,-15.98505497,-1.74433112,4.68138504,6.32376575,-21.11355589,6.36341105,1.23204094,-0.44581425,-0.04901962,0.94208223,,,,,,,3,,,,,,,,,
4.268087,63411,6396872,,177.22079468,1.93565130,-176.17742920,,,,,-9.65281677,-2.93676138,-4.64737034,9.75244904,-2.54002285,-5.05627632,-24.03588307,16.20450257,-1.58318833,-0.45064947,-0.04656084,0.99355197,,,,,,,3,,,,,,,,,
4.278074,63412,6396972,,176.92610168,1.71859086,-176.16081238,,,,,0.67157620,-4.99022961,-0.22818193,-0.12875926,-5.05190611,-9.98546600,-29.73464799,-24.47821636,-15.37375691,-0.42451307,-0.04796404,1.00108218,,,,,,,3,,,,,,,,,
4.288182,63413,6397072,,176.65086365,2.04976892,-176.00056458,,,,,8.60243702,3.64073730,-17.43866730,-9.32109451,1.92157078,7.43367481,-37.19628814,-16.47258749,-5.40065192,-0.44183928,-0.07116945,0.94966763,,,,,,,3,,,,,,,,,
4.298084,63414,6397172,,176.29187012,2.23435736,-175.95692444,,,,,-4.69200611,9.63909245,-19.00765800,3.55251503,8.60290527,9.85336685,-31.42103535,27.23904542,7.27929716,-0.44471815,-0.06920668,0.96254802,,,,,,,3,,,,,,,,,
4.308167,63415,6397272,,175.95487976,1.91923022,-176.05072021,,,,,-7.09222841,-9.75218010,0.75871462,7.91270161,-9.15598011,-11.04601860,-28.88778991,1.12190681,-10.30362808,-0.42522967,-0.06379072,0.99884897,,,,,,,3,,,,,,,,,
4.318053,63416,6397372,,175.70628357,1.85892332,-175.97207642,,,,,14.36603355,-0.71075612,-17.88400078,-14.71506882,-3.14572072,7.50133753,-23.91561880,4.36960456,-8.41979788,-0.43935147,-0.07889699,0.96291625,,,,,,,3,,,,,,,,,
4.328083,63417,6397472,,175.46838379,1.84797299,-175.87763977,,,,,-6.14528990,8.88721848,-17.54467010,5.11316872,7.72644091,8.58042049,-38.58022107,11.08228843,-2.06832557,-0.45083204,-0.08925263,0.93795675,,,,,,,3,,,,,,,,,
4.338111,63418,6397572,,175.06364441,1.76011705,-175.82537842,,,,,-5.68608999,-8.08648396,-1.71411777,6.27456045,-7.87369633,-8.61732864,-17.06350473,2.93719649,-1.18880745,-0.43366209,-0.07995903,0.97727609,,,,,,,3,,,,,,,,,
4.348032,63419,6397672,,174.83374023,1.71932423,-175.79144287,,,,,4.26834917,1.75520778,-7.48752737,-4.57446051,0.63125587,-2.42842770,-42.91200901,-27.09936464,-17.65462857,-0.43938741,-0.08562014,0.97171539,,,,,,,3,,,,,,,,,
4.358094,63420,6397772,,174.45230103,2.11047459,-175.65959167,,,,,-0.11690139,10.78567314,-22.88137817,-1.23591089,8.41119099,13.95775604,-30.20999842,2.96978354,4.85611424,-0.46722001,-0.10722478,0.95688564,,,,,,,3,,,,,,,,,
4.368104,63421,6397872,,174.13998413,2.09441519,-175.70782471,,,,,-7.84322309,-10.67107010,2.07088256,8.75350761,-9.80573463,-12.71412563,-27.90579141,-5.73598603,-5.11326702,-0.44398880,-0.09899233,0.99423951,,,,,,,3,,,,,,,,,
4.378119,63422,6397972,,173.91099548,2.12454510,-175.62028503,,,,,5.92819548,-0.12653856,-5.29772234,-5.98583794,-1.20770979,-4.91409063,-38.13819855,-36.53219227,-22.99900742,-0.43144330,-0.10015545,0.97597790,,,,,,,3,,,,,,,,,
4.388099,63423,6398072,,173.52558899,2.62344313,-175.45669556,,,,,4.89931726,5.47161293,-18.00861549,-5.80101299,2.92049789,8.43412399,-33.36270787,-12.97660896,-2.22302295,-0.46150649,-0.12795654,0.94768035,,,,,,,3,,,,,,,,,
4.398186,63424,6398172,,173.16757202,2.72328329,-175.48828125,,,,,-10.31868362,2.65260172,-9.90913773,9.77605724,2.19163680,0.69861794,-31.67064462,6.38398999,2.46418177,-0.44034952,-0.12161217,0.99192059,,,,,,,3,,,,,,,,,
4.408109,63425,6398272,,172.84068298,2.55189776,-175.50624084,,,,,-4.06686497,-7.51674080,-0.96412867,4.83491182,-7.25084591,-9.64878941,-30.64250648,-33.32986149,-13.07171593,-0.41304785,-0.11535386,0.99660939,,,,,,,3,,,,,,,,,
4.418176,63426,6398372,,172.58877563,2.99864221,-175.38140869,,,,,9.79541206,1.87875199,-13.35620308,-10.45852852,-0.73992753,2.99643421,-32.80432966,-46.06565761,-11.29452888,-0.42889768,-0.13282645,0.95024061,,,,,,,3,,,,,,,,,
4.428106,63427,6398472,,172.29177856,3.47058415,-175.34584045,,,,,-0.14748114,8.59895897,-16.76412773,-1.18874741,6.18305779,7.86464787,-27.77041877,3.69445060,4.28324834,-0.43329421,-0.13995442,0.95505333,,,,,,,3,,,,,,,,,
4.438077,63428,6398572,,172.01803589,3.37230563,-175.40597534,,,,,-10.50323772,-6.91199207,-1.88609731,11.01345825,-6.25991392,-8.33613300,-21.75230323,-0.16720411,-3.34567980,-0.40828612,-0.13079081,0.98995703,,,,,,,3,,,,,,,,,
4.448088,63429,6398672,,171.75692749,3.31086183,-175.38653564,,,,,5.24366331,-2.49738693,-4.40395212,-5.07087803,-3.56396699,-6.25712872,-32.25843362,-39.88683626,-13.48683262,-0.40339121,-0.13759391,0.99185294,,,,,,,3,,,,,,,,,
4.458112,63430,6398772,,171.47001648,3.75861979,-175.28150940,,,,,6.02711868,6.64423990,-19.40964508,-7.51470089,3.00916481,9.91224766,-35.60832380,-18.92619635,-3.20603765,-0.42331958,-0.16076422,0.96021622,,,,,,,3,,,,,,,,,
4.468146,63431,6398872,,171.11364746,3.96074724,-175.28684998,,,,,-9.32694912,3.93675780,-12.35446644,8.31278706,2.61785483,3.48486328,-25.81305218,9.96259589,7.07448497,-0.41472113,-0.15852310,0.99245423,,,,,,,3,,,,,,,,,
4.478155,63432,6398972,,170.89160156,3.81959391,-175.35232544,,,,,-2.20485735,-9.67236710,-0.20212710,3.24935508,-9.38049793,-11.03297234,-23.77174258,-30.57603167,-14.16643815,-0.39683825,-0.15212382,1.03717363,,,,,,,3,,,,,,,,,
4.488169,63433,6399072,,170.73808289,4.18447018,-175.22053528,,,,,9.51702595,3.88465858,-15.73957062,-10.74254608,0.33705413,5.51975155,-26.12363967,-34.78485229,-14.03814927,-0.40993923,-0.17011574,0.97497815,,,,,,,3,,,,,,,,,
4.498132,63434,6399172,,170.51962280,4.59113646,-175.14973450,,,,,-2.00510836,7.90047789,-14.21898270,0.55858660,5.52328110,5.54162979,-9.26634177,5.01015592,5.77636825,-0.40730709,-0.17111741,0.96903837,,,,,,,3,,,,,,,,,
4.508061,63435,6399272,,170.53495789,4.44984007,-175.23017883,,,,,-8.90976906,-7.19431782,-2.30395555,9.46876144,-6.71241665,-8.04498863,9.18310652,0.04041041,-6.29765341,-0.38438907,-0.15711722,1.00054479,,,,,,,3,,,,,,,,,
4.518167,63436,6399372,,170.62355042,4.35742235,-175.12350464,,,,,5.34104347,-2.33701777,-4.28247356,-5.22915554,-3.50499606,-6.49967432,-0.50081626,-30.78127202,-17.32586254,-0.38737437,-0.16281751,0.97916496,,,,,,,3,,,,,,,,,
4.528116,63437,6399472,,170.73515320,4.69222355,-174.98497009,,,,,4.37456322,6.66699409,-21.35003471,-6.26048136,2.55840778,11.90180969,7.06729663,2.12626414,-3.19033526,-0.40757868,-0.17878744,0.95704126,,,,,,,3,,,,,,,,,
4.538204,63438,6399572,,170.81658936,4.68321371,-174.96130371,,,,,-9.25358868,-4.87989187,-4.77036095,9.38647079,-4.83844233,-5.21506262,21.65388704,16.01225494,2.43795790,-0.39678210,-0.16458450,0.99145877,,,,,,,3,,,,,,,,,
4.548136,63439,6399672,,171.03330994,4.56970501,-174.97821045,,,,,2.81639576,-2.63242936,-1.22051692,-2.49117470,-3.08769703,-9.30183220,19.61438401,-30.79593985,-19.09381432,-0.37815812,-0.15338458,1.00607741,,,,,,,3,,,,,,,,,
4.558224,63440,6399772,,171.28068542,4.91978312,-174.82983398,,,,,4.97083426,9.26752281,-24.32046318,-7.49795723,4.73839188,15.10504913,9.91139593,-10.09505460,-10.81551405,-0.39643764,-0.16841590,0.95874566,,,,,,,3,,,,,,,,,
4.568081,63441,6399872,,171.41320801,5.05701637,-174.74102783,,,,,-9.72291660,-2.14056468,-6.35063410,9.45669937,-2.25790095,-3.12708044,28.56876031,7.94574860,2.69111438,-0.38892606,-0.14983885,0.99568963,,,,,,,3,,,,,,,,,
4.578242,63442,6399972,,171.72741699,4.97861767,-174.75863647,,,,,1.76620877,-5.42363596,-2.78006053,-1.20798397,-5.92610359,-8.03687286,24.36838521,-34.88999964,-22.39175067,-0.37657607,-0.13565795,1.02071416,,,,,,,3,,,,,,,,,
4.588193,63443,6400072,,172.02345276,5.36285496,-174.55409241,,,,,6.48566198,3.59515142,-16.58311272,-8.10577965,0.48163271,6.35510445,24.08460622,-30.44404168,-14.87801324,-0.39714092,-0.16072901,0.96974856,,,,,,,3,,,,,,,,,
4.598210,63444,6400172,,172.30838013,5.73503733,-174.47467041,,,,,-5.09294701,8.79212570,-16.58164024,2.85977745,6.81417847,8.07150269,35.81110871,5.76013716,2.68720389,-0.38026133,-0.14662220,0.98984694,,,,,,,3,,,,,,,,,
4.608154,63445,6400272,,172.66116333,5.62533426,-174.50004578,,,,,-6.65830660,-9.23904610,0.64236706,7.74922943,-8.38465691,-10.94331837,39.28976845,-14.35828536,-13.16541844,-0.35625684,-0.12255881,1.01756012,,,,,,,3,,,,,,,,,
4.618248,63446,6400372,,173.07327271,5.73737764,-174.33833313,,,,,8.48664284,2.72645807,-10.08561897,-9.58761024,0.49373591,-0.51673794,24.54702540,-39.85166079,-20.67421422,-0.37160107,-0.13235639,0.96290445,,,,,,,3,,,,,,,,,
4.628228,63447,6400472,,173.38580322,6.12841415,-174.17620850,,,,,-0.43011844,6.04468775,-17.65758324,-1.73131657,3.83173680,8.32845974,35.88102252,3.18389994,-1.91334324,-0.39465386,-0.13868643,0.95873052,,,,,,,3,,,,,,,,,
4.638118,63448,6400572,,173.74926758,6.04598713,-174.16139221,,,,,-7.15228558,-7.22910690,-2.25661826,7.67495441,-6.73644018,-7.63626671,40.27677176,7.38785533,-2.81660118,-0.36977956,-0.11416877,1.01168811,,,,,,,3,,,,,,,,,
4.648130,63449,6400672,,174.16021729,5.91317034,-174.12110901,,,,,5.22137308,0.52402151,-6.20655727,-5.73981571,-0.76889515,-4.26985216,34.08499013,-23.01833856,-25.12088081,-0.36819708,-0.11082660,0.99146372,,,,,,,3,,,,,,,,,
4.658155,63450,6400772,,174.59580994,6.13005257,-173.88229370,,,,,2.27389431,9.74201393,-21.75805092,-5.27515554,7.10921335,12.38331032,38.55091615,15.88541833,-5.46926971,-0.39537084,-0.12811397,0.95741004,,,,,,,3,,,,,,,,,
4.668102,63451,6400872,,174.98710632,5.97135496,-173.78794861,,,,,-9.08301449,-7.11695099,-2.52308536,9.58425808,-6.39169931,-6.98376322,47.38379191,22.23651413,-5.94342955,-0.37443817,-0.10496733,1.00438893,,,,,,,3,,,,,,,,,
4.678159,63452,6400972,,175.38101196,5.72127724,-173.72274780,,,,,7.05227995,0.46611369,-7.30669498,-7.61051273,-1.03487945,-3.33629513,24.14000247,-15.35850680,-25.21922188,-0.37364075,-0.09538142,1.00553417,,,,,,,3,,,,,,,,,
4.688134,63453,6401072,,175.70393372,5.87019825,-173.46414185,,,,,-0.79811442,7.36299849,-21.03847313,-1.84617591,5.58652353,11.68827248,31.71554969,25.70249362,-9.99387388,-0.40167761,-0.11217536,0.97395790,,,,,,,3,,,,,,,,,
4.698210,63454,6401172,,176.01849365,5.62220430,-173.39028931,,,,,-6.06147432,-5.63237429,-1.66466868,6.52750826,-5.08730268,-7.95473099,42.13088467,19.03656708,-0.94733699,-0.37833935,-0.08522496,1.01111388,,,,,,,3,,,,,,,,,
4.708137,63455,6401272,,176.42306519,5.40991640,-173.32299805,,,,,6.03634405,1.29723239,-10.37671280,-7.03710890,-0.28815198,-0.05127215,19.87364604,-10.57813766,-29.45149908,-0.37693605,-0.07563320,0.97565007,,,,,,,3,,,,,,,,,
4.718192,63456,6401372,,176.62205505,5.46092176,-173.03005981,,,,,-1.22893691,6.79112577,-18.13289642,-1.05100310,5.61435604,8.66359901,25.31329237,31.67966730,-4.15014460,-0.40583605,-0.09193371,0.94655091,,,,,,,3,,,,,,,,,
4.728132,63457,6401472,,176.94410706,5.14055204,-173.02873230,,,,,-5.97737741,-9.04881954,0.64919448,7.11888027,-8.25663376,-10.40919113,41.78068721,26.05296770,-4.78162633,-0.38837159,-0.07210334,1.02710366,,,,,,,3,,,,,,,,,
4.738242,63458,6401572,,177.43566895,4.80449200,-172.90966797,,,,,7.09006929,2.33991218,-11.17044449,-8.15338326,0.78508711,0.76297045,26.64450307,8.25402321,-27.96271762,-0.39063072,-0.07060908,0.99000895,,,,,,,3,,,,,,,,,
4.748151,63459,6401672,,177.64462280,4.73809290,-172.62139893,,,,,-2.78381014,8.66858482,-18.14081573,0.40152097,7.98659849,8.77048492,24.96546669,42.02832596,-3.23641662,-0.40845200,-0.07940955,0.94574654,,,,,,,3,,,,,,,,,
4.758107,63460,6401772,,177.85206604,4.35266638,-172.63525391,,,,,-4.40891743,-10.04986954,-0.11918478,5.69030666,-9.48501015,-9.70508766,36.48982802,30.20316481,-3.08248806,-0.38443494,-0.05872343,1.01249242,,,,,,,3,,,,,,,,,
4.768144,63461,6401872,,178.23760986,4.04530573,-172.57185364,,,,,6.29113531,2.60948300,-10.09159279,-7.27517700,1.24820185,-0.12747145,19.66345038,3.55855460,-25.47181593,-0.39676982,-0.05946232,0.98174369,,,,,,,3,,,,,,,,,
4.778090,63462,6401972,,178.42575073,4.00959110,-172.32164001,,,,,-4.27867270,7.50751638,-18.25146866,2.13694549,7.30790377,8.79567528,22.39191801,41.19754615,-2.71238146,-0.42247075,-0.06429850,0.95630544,,,,,,,3,,,,,,,,,
4.788269,63463,6402072,,178.62365723,3.67772555,-172.29487610,,,,,-3.37645006,-9.40126610,4.09812737,4.89889956,-8.80930519,-13.87783051,29.01070599,17.53755230,-8.08682530,-0.39641765,-0.05084083,1.01008320,,,,,,,3,,,,,,,,,
4.798211,63464,6402172,,178.93807983,3.48759890,-172.19699097,,,,,7.15803337,6.06789494,-17.96017265,-9.03543854,4.39205360,7.76886272,7.98820249,1.38703864,-26.71151747,-0.40381911,-0.05645852,0.96988171,,,,,,,3,,,,,,,,,
4.808260,63465,6402272,,179.01283264,3.46222687,-171.89292908,,,,,-7.65108538,2.08906412,-9.70606899,6.81829500,2.82704401,0.27693892,19.53193851,35.54980957,-0.25935095,-0.41188964,-0.04719812,0.95910305,,,,,,,3,,,,,,,,,
4.818281,63466,6402372,,179.15570068,3.16882992,-171.94932556,,,,,1.38892150,-5.41660690,0.85723114,-0.46504855,-5.60672092,-10.79401398,16.52508945,1.59586932,-10.43766372,-0.39211276,-0.04275632,1.01666474,,,,,,,3,,,,,,,,,
4.828140,63467,6402472,,179.29681396,3.18443465,-171.86021423,,,,,3.55171442,6.67664862,-20.18046761,-5.60010338,5.51225281,10.23402500,-10.98260097,-3.41667898,-21.20161069,-0.42343414,-0.05613592,0.98710501,,,,,,,3,,,,,,,,,
4.838259,63468,6402572,,179.23359680,3.21620369,-171.60328674,,,,,-7.15736055,1.01206398,-7.00000906,6.60393763,1.81792665,-2.52559733,13.87770813,23.23116042,1.15897457,-0.41799137,-0.04422220,0.97445714,,,,,,,3,,,,,,,,,
4.848148,63469,6402672,,179.33532715,3.11003947,-171.64553833,,,,,1.07082331,-7.67020130,1.69387829,0.29344201,-7.72570324,-11.66463470,2.55396376,-19.79511082,-18.61925789,-0.39874402,-0.04840259,1.01208925,,,,,,,3,,,,,,,,,
4.858243,63470,6402772,,179.33428955,3.29142165,-171.43078613,,,,,4.60971165,7.32330990,-22.59979630,-6.89589643,5.97000694,12.54213428,-13.91791318,-15.01462385,-19.31583644,-0.42839056,-0.05653508,0.99301094,,,,,,,3,,,,,,,,,
4.868290,63471,6402872,,179.22996521,3.38853908,-171.22256470,,,,,-6.62593937,4.79965591,-10.34971809,5.28823614,5.43800879,0.87303257,8.02790894,17.25881399,0.95105219,-0.41469035,-0.04908850,0.99913460,,,,,,,3,,,,,,,,,
4.878120,63472,6402972,,179.32403564,3.25799036,-171.26290894,,,,,-2.16752076,-11.26794434,2.70843911,4.16286135,-10.77379799,-12.53046799,4.76403774,-17.86365114,-18.35598996,-0.39506176,-0.05470790,1.01992404,,,,,,,3,,,,,,,,,
4.888170,63473,6403072,,179.35516357,3.44557214,-171.03701782,,,,,7.94306469,9.66257191,-20.72266006,-10.56332779,7.73605061,10.47412491,-20.66510616,-23.36649891,-19.25742808,-0.42308933,-0.06333829,0.97957128,,,,,,,3,,,,,,,,,
4.898199,63474,6403172,,179.16828918,3.66619635,-170.83657837,,,,,-7.19080544,5.67951441,-11.91577053,5.53897762,6.40200329,2.51008034,-1.22926650,16.66813240,-2.84028913,-0.41719079,-0.04999836,0.98080158,,,,,,,3,,,,,,,,,
4.908383,63475,6403272,,179.20254517,3.47980285,-170.78869629,,,,,-1.98477733,-12.88718891,2.97568130,4.30122709,-12.37536716,-12.86159515,2.02403926,-12.42687862,-16.56057058,-0.39297429,-0.05474564,1.02587104,,,,,,,3,,,,,,,,,
4.918248,63476,6403372,,179.23750305,3.60072255,-170.66195679,,,,,6.53389835,8.67207241,-18.28845215,-9.01629639,6.90820169,8.11816788,-19.33078431,-26.74412820,-20.13455244,-0.41368175,-0.06398251,0.99296677,,,,,,,3,,,,,,,,,
4.928232,63477,6403472,,179.08567810,3.84311271,-170.40454102,,,,,-6.48736572,5.13166618,-13.56668758,4.74270010,5.73179960,4.15527582,4.93383325,11.24210974,-4.75190775,-0.40542573,-0.05355567,0.97931999,,,,,,,3,,,,,,,,,
4.938213,63478,6403572,,179.08209229,3.76007175,-170.40063477,,,,,0.52609760,-6.80582428,-1.87007987,0.60125840,-6.88108015,-8.11358356,-4.12230774,-16.86157701,-16.23547748,-0.38422564,-0.06352836,1.01588070,,,,,,,3,,,,,,,,,
4.948265,63479,6403672,,178.95848083,3.87890768,-170.18051147,,,,,3.84278822,7.26629782,-23.89977264,-6.59135103,5.55262566,14.00730228,-44.88758658,-21.74069191,-26.04546474,-0.41252801,-0.07648141,0.99227995,,,,,,,3,,,,,,,,,
4.958249,63480,6403772,,178.37379456,4.22676039,-170.02545166,,,,,-6.19412231,4.25090313,-12.46726322,4.57335949,4.65878630,3.05750132,-34.79309292,-7.10525711,-0.09063755,-0.40087697,-0.06948400,1.00679708,,,,,,,3,,,,,,,,,
4.968217,63481,6403872,,178.01368713,4.30566072,-170.03935242,,,,,-4.34527969,-7.86480522,3.08351707,5.98622465,-6.87119818,-12.80280876,-31.57468729,-32.82430113,-18.17316629,-0.39062208,-0.08551510,1.04963887,,,,,,,3,,,,,,,,,
4.978150,63482,6403972,,177.82563782,4.58302736,-169.81433105,,,,,7.52065754,6.69765234,-21.27815056,-10.10716534,4.02063179,10.99702358,-41.05961389,-31.81688238,-23.36531388,-0.41525924,-0.10236172,1.00768876,,,,,,,3,,,,,,,,,
4.988289,63483,6404072,,177.42599487,4.82498026,-169.55841064,,,,,-1.98556387,5.89788866,-16.58329582,-0.24739420,5.14221764,7.01202822,-26.85464579,10.49910383,-7.82020033,-0.39215863,-0.09554730,0.99999630,,,,,,,3,,,,,,,,,
4.998304,63484,6404172,,177.20492554,4.73728037,-169.56924438,,,,,-6.69144678,-9.15908241,2.54881501,8.53734398,-7.61191177,-12.26714134,-20.46365656,-11.55359966,-9.84304965,-0.36980695,-0.10457636,1.02965117,,,,,,,3,,,,,,,,,
5.008136,63485,6404272,,177.03506470,4.90311003,-169.44778442,,,,,6.91818666,-2.24741650,-7.45789433,-6.85877180,-4.02384806,-3.19692183,-26.25998049,-40.85233473,-22.52003528,-0.39353573,-0.11663318,0.97590715,,,,,,,3,,,,,,,,,
5.018279,63486,6404372,,176.76835632,5.27911854,-169.23532104,,,,,-1.76312435,11.33766651,-21.70678329,-1.98253500,9.81590652,12.53223419,-29.31891486,3.98258555,-4.83231999,-0.40530318,-0.10586581,0.95424914,,,,,,,3,,,,,,,,,
5.028166,63487,6404472,,176.58381653,5.28203058,-169.19042969,,,,,-6.72360277,-9.79097271,-1.51602697,8.38217926,-8.52221584,-8.25261879,-0.21230378,-7.85055881,-6.23900215,-0.37748522,-0.11067763,1.00824130,,,,,,,3,,,,,,,,,
5.038263,63488,6404572,,176.62716675,5.30709743,-169.09823608,,,,,6.75721979,1.21793592,-9.79917717,-7.61463356,-0.89558882,-0.70325136,-22.35930214,-39.48894701,-29.09169496,-0.37837341,-0.12504779,0.97486049,,,,,,,3,,,,,,,,,
5.048263,63489,6404672,,176.49026489,5.68043327,-168.82792664,,,,,-1.68552005,7.94684601,-18.13856506,-1.29912174,6.68341541,8.78007698,0.61690258,5.97282327,-6.50725612,-0.38120991,-0.10963196,0.95579463,,,,,,,3,,,,,,,,,
5.058294,63490,6404772,,176.50143433,5.60535669,-168.80369568,,,,,-4.57923841,-7.23642015,-2.25974870,5.76204872,-6.42820597,-7.56636047,12.34234137,3.47753511,-9.15601799,-0.35460168,-0.11010113,1.00440705,,,,,,,3,,,,,,,,,
5.068212,63491,6404872,,176.65631104,5.51028728,-168.69830322,,,,,5.87208414,-1.51070845,-9.37028599,-6.20906162,-3.45272756,-1.21444607,-2.47817299,-19.29912639,-28.67769329,-0.37359124,-0.13040793,0.97430485,,,,,,,3,,,,,,,,,
5.078361,63492,6404972,,176.70137024,5.67161322,-168.37377930,,,,,-2.71245718,9.63957500,-21.09708786,-0.96406460,8.35485649,11.88950920,9.50971678,23.85902215,-8.84828382,-0.38380140,-0.12014850,0.95660466,,,,,,,3,,,,,,,,,
5.088399,63493,6405072,,176.82455444,5.48269510,-168.33914185,,,,,-2.52034593,-10.93491077,3.45242167,5.06833410,-10.00337124,-13.53997993,26.87025789,5.12100989,-7.50853111,-0.35953203,-0.11098093,1.01080048,,,,,,,3,,,,,,,,,
5.098150,63494,6405172,,177.14338684,5.35228109,-168.24049377,,,,,4.93111038,8.90308762,-16.76146889,-8.10824013,6.37902164,6.88714027,0.35033329,-0.11165489,-26.78228506,-0.36405814,-0.12144647,0.96954697,,,,,,,3,,,,,,,,,
5.108348,63495,6405272,,177.18902588,5.36146069,-167.96939087,,,,,-6.70637941,-7.24623585,-4.54952478,7.70289326,-6.10793209,-5.00954247,25.89863104,24.04778809,-0.04996785,-0.39124516,-0.11377988,0.94875199,,,,,,,3,,,,,,,,,
5.118244,63496,6405372,,177.36164856,5.24268150,-167.90809631,,,,,3.85111713,1.19183004,-2.39611578,-4.21452332,0.08428001,-7.69573450,14.77847348,-5.34233833,-16.96060110,-0.37738338,-0.10780136,1.01274025,,,,,,,3,,,,,,,,,
5.128177,63497,6405472,,177.59921265,5.28096151,-167.82069397,,,,,-2.00365329,8.03978443,-28.43845558,-2.08221436,6.39335871,19.03447914,4.59563814,6.12338198,-25.66026598,-0.38349283,-0.11727833,0.96704161,,,,,,,3,,,,,,,,,
5.138292,63498,6405572,,177.63996887,5.19168425,-167.50167847,,,,,-4.48152208,-4.75078344,0.09458638,5.33917141,-3.80988073,-9.66920853,29.81152518,15.24658732,-2.42948762,-0.38149661,-0.10771585,0.97561401,,,,,,,3,,,,,,,,,
5.148313,63499,6405672,,177.92274475,5.04481936,-167.48339844,,,,,6.33507967,1.00202012,-10.43299675,-7.20418406,-1.06432533,0.01714230,-5.02663290,-14.68732119,-31.67321618,-0.36283654,-0.10899971,0.99795139,,,,,,,3,,,,,,,,,
5.158173,63500,6405772,,177.92243958,5.22319221,-167.15870667,,,,,-6.82768917,3.19188237,-15.09424400,4.79681444,3.78653002,5.87209749,15.19034071,12.89419333,-11.20416804,-0.39162844,-0.10850181,0.96763450,,,,,,,3,,,,,,,,,
5.168212,63501,6405872,,178.04530334,5.17218781,-167.03884888,,,,,-0.53230858,-6.48982954,2.43919468,2.21743202,-6.16289711,-12.36741066,19.85399388,-11.06634506,-12.68875490,-0.37982702,-0.10488572,1.02514315,,,,,,,3,,,,,,,,,
5.178187,63502,6405972,,178.30862427,5.31106329,-166.94563293,,,,,4.05439043,6.36651659,-17.45578384,-6.96303082,4.19331932,7.36896420,1.17392510,-29.85146130,-31.74464630,-0.37988013,-0.11301837,0.96514815,,,,,,,3,,,,,,,,,
5.188159,63503,6406072,,178.29299927,5.58822680,-166.63882446,,,,,-5.97079611,1.55771506,-9.09906197,4.62403727,2.31792212,-0.22724605,13.93843534,2.87452673,-4.08742938,-0.39778155,-0.10070193,0.93012542,,,,,,,3,,,,,,,,,
5.198214,63504,6406172,,178.35623169,5.66010857,-166.62539673,,,,,0.09150487,-8.16706657,1.90943611,2.11374140,-7.88594627,-11.94991302,-0.98336934,-35.96265694,-19.85897309,-0.36596566,-0.09935746,1.02134216,,,,,,,3,,,,,,,,,
5.208240,63505,6406272,,178.40684509,6.02110624,-166.42227173,,,,,4.43215609,8.83090305,-20.91246033,-8.41858482,6.29427910,10.77129936,-11.91428573,-34.78060733,-25.16385295,-0.37017563,-0.11174589,0.97461742,,,,,,,3,,,,,,,,,
5.218194,63506,6406372,,178.26971436,6.27449656,-166.15763855,,,,,-7.71403170,1.34916878,-7.58924198,6.43166399,2.63692570,-1.46829391,-1.86533533,-3.28703046,-2.58737832,-0.36631036,-0.10316857,0.96883553,,,,,,,3,,,,,,,,,
5.228297,63507,6406472,,178.21060181,6.38854837,-166.18690491,,,,,0.64778936,-7.33160210,-0.21382856,1.29176569,-7.28895903,-9.89186096,-5.22830747,-43.55446685,-20.59861769,-0.33953634,-0.11037273,1.04554355,,,,,,,3,,,,,,,,,
5.238268,63508,6406572,,178.16679382,6.85631180,-165.98515320,,,,,6.64797878,9.21674538,-20.98331833,-10.93111229,5.92367268,10.49301243,-25.35676481,-38.01457554,-19.44384443,-0.35830534,-0.12155654,0.99975431,,,,,,,3,,,,,,,,,
5.248205,63509,6406672,,177.91261292,7.17040586,-165.80307007,,,,,-8.31615925,1.02222633,-8.11716843,6.90330553,2.43051982,-0.78898239,-9.69155690,-1.33757846,0.01863628,-0.36142933,-0.10949731,0.98409736,,,,,,,3,,,,,,,,,
5.258166,63510,6406772,,177.82725525,7.20957279,-165.83013916,,,,,-0.31702599,-10.03089333,0.26282537,2.98104405,-9.61429024,-10.43515396,-14.82377812,-32.68864674,-16.63216120,-0.33508047,-0.11764279,1.03456604,,,,,,,3,,,,,,,,,
5.268265,63511,6406872,,177.77900696,7.50858688,-165.63754272,,,,,5.43613386,7.79509306,-18.65735435,-9.38558769,4.78075409,8.21183777,-19.21012219,-35.47738566,-19.10714001,-0.34334826,-0.13284434,0.99123979,,,,,,,3,,,,,,,,,
5.278177,63512,6406972,,177.63217163,7.80861378,-165.44996643,,,,,-5.86683750,5.13656473,-14.24058342,2.67365456,5.32015657,5.20440483,-0.10530215,4.26820784,1.89301766,-0.34906843,-0.11306031,0.97272348,,,,,,,3,,,,,,,,,
5.288304,63513,6407072,,177.63966370,7.76676702,-165.49874878,,,,,-2.02748227,-13.23129368,4.76147223,6.07146645,-11.94158173,-14.76827049,1.81283914,-26.57473268,-15.32510547,-0.32433546,-0.11445182,1.00745857,,,,,,,3,,,,,,,,,
5.298253,63514,6407172,,177.73304749,7.99316406,-165.34033203,,,,,6.78481150,8.43859768,-19.05945778,-11.07003403,4.87496281,8.44996071,-14.54463512,-24.03336102,-20.85623364,-0.33458918,-0.13297184,0.94576377,,,,,,,3,,,,,,,,,
5.308362,63515,6407272,,177.59339905,8.15284157,-165.10969543,,,,,-8.04503155,2.75872278,-10.74257565,5.69291592,3.80474210,1.99271727,1.16446892,15.91505623,4.05753023,-0.34851190,-0.12026300,0.95776939,,,,,,,3,,,,,,,,,
5.318289,63516,6407372,,177.55569458,7.98657513,-165.20840454,,,,,1.79297602,-7.13502169,0.60788453,0.36990976,-7.32558489,-10.96230507,-1.06834425,-14.52270680,-8.49894696,-0.32426363,-0.12262367,1.03206766,,,,,,,3,,,,,,,,,
5.328296,63517,6407472,,177.61767578,8.06633282,-165.11674500,,,,,4.03684521,6.36989546,-20.59084892,-8.09427452,3.35968161,10.27837658,-18.12239237,-4.44484123,-16.25719748,-0.33278936,-0.13877741,0.98080885,,,,,,,3,,,,,,,,,
5.338258,63518,6407572,,177.41050720,8.01894188,-164.93579102,,,,,-6.74497032,-0.55920708,-8.67765236,5.57511902,0.41701698,-0.41556406,0.79527489,34.53074876,4.91136748,-0.33534965,-0.12432946,0.96915054,,,,,,,3,,,,,,,,,
5.348317,63519,6407672,,177.42745972,7.71094465,-164.98475647,,,,,3.83064532,-6.57851315,0.53819251,-1.70021582,-7.29964972,-11.17046738,-2.65539377,-4.90882537,-16.29602369,-0.31602955,-0.12899777,1.02211285,,,,,,,3,,,,,,,,,
5.358223,63520,6407772,,177.51853943,7.67473173,-164.84954834,,,,,0.34588873,8.23908520,-21.93102455,-5.06193638,6.04131031,12.25218678,-9.99924668,16.51029868,-10.72956210,-0.33983728,-0.14106412,0.99310631,,,,,,,3,,,,,,,,,
5.368258,63521,6407872,,177.38842773,7.48010063,-164.68325806,,,,,-6.45359993,-1.79955983,-6.39188385,5.95274734,-0.64149415,-2.78890753,2.88627530,36.25184715,7.00134176,-0.33257255,-0.12534724,0.99438107,,,,,,,3,,,,,,,,,
5.378294,63522,6407972,,177.41001892,7.16809130,-164.77751160,,,,,3.18034816,-5.12200308,-1.54889584,-1.69589186,-5.93102980,-8.93198013,1.05947194,-2.17148405,-16.02335742,-0.31997165,-0.12940902,1.01664424,,,,,,,3,,,,,,,,,
5.388294,63523,6408072,,177.46896362,7.15897417,-164.61364746,,,,,0.75307441,8.99182034,-24.80808258,-5.68634844,6.47569180,15.14548492,-11.15296040,27.11332383,-5.96358288,-0.35322350,-0.13699108,0.97529227,,,,,,,3,,,,,,,,,
5.398204,63524,6408172,,177.36749268,6.83402205,-164.46488953,,,,,-7.28091812,-7.04517365,-0.62523407,8.82314968,-4.99031973,-8.65394592,8.34773255,37.21949713,2.93097782,-0.34335390,-0.12228692,0.99684918,,,,,,,3,,,,,,,,,
5.408233,63525,6408272,,177.34906006,6.42685461,-164.56997681,,,,,4.93961763,0.82627863,-7.33985662,-5.54596853,-1.10942888,-3.12014246,-12.71471816,4.90145943,-12.38441875,-0.35156405,-0.13799374,1.00892830,,,,,,,3,,,,,,,,,
5.418239,63526,6408372,,177.37591553,6.43531036,-164.47579956,,,,,-0.00263430,10.34322548,-25.02078056,-5.02167273,8.09553146,15.50179482,1.11777113,33.71688391,2.83114735,-0.38002306,-0.13845947,0.97414511,,,,,,,3,,,,,,,,,
5.428315,63527,6408472,,177.36825562,6.07141113,-164.39613342,,,,,-9.28202629,-10.75904179,1.68770254,11.98517895,-7.80903530,-11.03535843,7.06107774,39.62866536,-1.15754332,-0.35530555,-0.12689385,1.01551723,,,,,,,3,,,,,,,,,
5.438222,63528,6408572,,177.43733215,5.65317154,-164.43101501,,,,,8.57456684,-0.30259746,-7.91730118,-8.70837498,-3.18706751,-2.93266487,-4.25188923,1.68683773,-15.58971041,-0.36202696,-0.14788760,0.98645508,,,,,,,3,,,,,,,,,
5.448383,63529,6408672,,177.46147156,5.68702555,-164.30389404,,,,,-0.87972188,8.66876125,-21.52790642,-3.09584618,7.08688974,12.04988480,3.57951965,36.83142627,6.12418282,-0.38525346,-0.13931859,0.94491440,,,,,,,3,,,,,,,,,
5.458188,63530,6408772,,177.40618896,5.33930206,-164.34648132,,,,,-8.78413582,-10.26836395,-1.31943727,11.14588928,-7.68562460,-8.10585213,10.13412072,28.12216497,6.35472305,-0.36252919,-0.12004591,1.00074661,,,,,,,3,,,,,,,,,
5.468339,63531,6408872,,177.52337646,5.07974005,-164.39356995,,,,,7.63241482,5.74140358,-12.33336163,-9.77780724,2.55210304,1.98305416,-8.37424393,-2.96583526,-14.11876770,-0.37186548,-0.14003849,0.97811908,,,,,,,3,,,,,,,,,
5.478251,63532,6408972,,177.43598938,5.10792685,-164.29965210,,,,,-3.70919371,4.73762608,-18.88633537,1.06585562,4.29627419,9.46760654,-2.62233438,33.04736828,8.08005744,-0.39741141,-0.13527578,0.94887549,,,,,,,3,,,,,,,,,
5.488296,63533,6409072,,177.38368225,4.76367331,-164.36372375,,,,,-7.38864851,-8.52027893,2.14889693,9.60752487,-6.10898876,-11.72231960,7.47243271,20.56076136,5.57794613,-0.37796900,-0.12699103,1.01243353,,,,,,,3,,,,,,,,,
5.493574,63534,6409172,,177.52409363,4.55898857,-164.40548706,,,,,7.15308094,1.74096322,-10.12653065,-7.94872093,-0.94468272,-0.29978347,-3.43011225,-8.91639532,-10.19519969,-0.38315955,-0.14464109,0.96166247,,,,,,,3,,,,,,,,,
5.508303,63535,6409272,,177.42739868,4.64988852,-164.29154968,,,,,-2.12077117,5.85445404,-18.92417908,-0.63678026,4.96989775,9.42051315,-6.59466120,24.44107892,6.80653196,-0.40744910,-0.13221364,0.91869330,,,,,,,3,,,,,,,,,
5.513415,63536,6409372,,177.37634277,4.41541767,-164.38237000,,,,,-7.81333733,-5.45193768,-1.98058188,8.88933659,-3.32099652,-7.54181480,9.08692978,25.20421766,9.38815905,-0.38739380,-0.12634633,0.99854308,,,,,,,3,,,,,,,,,
5.527283,63537,6409472,,177.49356079,4.16613817,-164.45480347,,,,,4.49535465,-4.86229372,-3.80814600,-3.12175989,-6.15486145,-6.63736820,-1.22752459,-12.33553082,-9.29846756,-0.38742420,-0.14744815,0.95912284,,,,,,,3,,,,,,,,,
5.537158,63538,6409572,,177.48443604,4.31357145,-164.34178162,,,,,0.25418735,10.65426826,-22.62740898,-4.31525040,8.71074963,13.21431923,-10.87715992,16.20599155,6.13056820,-0.41587123,-0.14072791,0.95562321,,,,,,,3,,,,,,,,,
5.547331,63539,6409672,,177.33200073,4.13369656,-164.41833496,,,,,-8.86330032,-4.65151167,-4.59383726,9.54675770,-2.49024463,-4.85869455,6.86471193,23.96493789,15.66203187,-0.39514494,-0.12094615,1.02184355,,,,,,,3,,,,,,,,,
5.557213,63540,6409772,,177.43983459,3.86338472,-164.56317139,,,,,4.53904772,-5.72139597,-1.83996618,-2.80089951,-6.87910509,-8.60928726,1.76640175,-16.42087784,-9.04943118,-0.38767254,-0.13400429,0.95933443,,,,,,,3,,,,,,,,,
5.567216,63541,6409872,,177.47373962,4.04149199,-164.47009277,,,,,2.09824061,10.97016430,-22.02170372,-6.03955507,8.57098389,12.51673126,-12.26309154,11.82617885,5.73301533,-0.41906956,-0.13731611,0.96011406,,,,,,,3,,,,,,,,,
5.577236,63542,6409972,,177.31025696,3.92329645,-164.53157043,,,,,-11.29434109,-3.46938419,-5.73217440,11.55245399,-0.76993322,-3.57322669,5.98745909,21.98824187,16.97206215,-0.40013134,-0.12037876,1.01391137,,,,,,,3,,,,,,,,,
5.587326,63543,6410072,,177.42367554,3.66315174,-164.66917419,,,,,3.84176683,-5.45339251,-0.84669453,-2.12101865,-6.31476593,-9.54553223,0.61082280,-19.46530830,-3.88809927,-0.39155358,-0.13585697,0.95483279,,,,,,,3,,,,,,,,,
5.597165,63544,6410172,,177.42579651,3.88334680,-164.65914917,,,,,3.90636253,9.27042580,-22.80248642,-7.34732246,6.42118073,13.09554672,-10.20571903,0.52362221,5.63295690,-0.41985244,-0.13250023,0.95375448,,,,,,,3,,,,,,,,,
5.607348,63545,6410272,,177.31980896,3.84875751,-164.70495605,,,,,-8.83977890,-0.26624513,-8.63744259,8.17961407,1.44480753,-0.70130754,10.35515076,27.29167203,18.46313855,-0.40375099,-0.11839420,1.00551355,,,,,,,3,,,,,,,,,
5.617231,63546,6410372,,177.38583374,3.60257816,-164.92103577,,,,,1.52989817,-8.99466610,2.31931853,1.19176936,-8.92695618,-12.67800236,-1.60822887,-17.53973625,-0.41916708,-0.39089978,-0.13154548,0.94896722,,,,,,,3,,,,,,,,,
5.627264,63547,6410472,,177.38557434,3.81315374,-164.90039062,,,,,4.94483566,9.94170189,-26.09575462,-8.64588070,6.54168320,16.34432411,-17.64531219,-4.05609802,0.02748235,-0.41969183,-0.13345878,0.94433969,,,,,,,3,,,,,,,,,
5.637321,63548,6410572,,177.23265076,3.81814289,-164.89181519,,,,,-8.95614624,-0.31897253,-8.49738216,8.30389214,1.36813068,-0.82946754,11.60637739,24.47893866,21.05230617,-0.40589854,-0.11883456,0.99757963,,,,,,,3,,,,,,,,,
5.647376,63549,6410672,,177.34057617,3.52667785,-165.12258911,,,,,2.58803630,-9.83238792,2.88250160,0.35290301,-10.01200294,-13.32316589,5.63996211,-14.68380535,-3.70277703,-0.39055324,-0.12579124,0.94856530,,,,,,,3,,,,,,,,,
5.657233,63550,6410772,,177.43028259,3.63976908,-165.10427856,,,,,2.44991565,9.72768879,-25.00759125,-6.01307249,7.10843372,15.46132755,-12.25077414,7.64264103,3.01795601,-0.41831046,-0.12724328,0.94691885,,,,,,,3,,,,,,,,,
5.667417,63551,6410872,,177.25636292,3.50876689,-165.08143616,,,,,-7.91320276,-3.17884541,-6.63143110,8.20128059,-1.52346873,-2.94477320,12.31998445,29.02442101,16.79734762,-0.40563715,-0.11499732,0.99368370,,,,,,,3,,,,,,,,,
5.677321,63552,6410972,,177.39767456,3.26543713,-165.28167725,,,,,3.44913721,-3.61990786,-2.07291341,-2.35154200,-4.50819016,-8.15669250,1.02468921,-20.37851655,-1.43734159,-0.40059406,-0.12898517,0.95539099,,,,,,,3,,,,,,,,,
5.687277,63553,6411072,,177.48605347,3.45977831,-165.23130798,,,,,1.34587646,10.19834614,-24.10850716,-4.95178509,8.00908470,14.63009930,-3.56304246,6.45336977,-1.68801530,-0.42900917,-0.12707056,0.96368968,,,,,,,3,,,,,,,,,
5.697373,63554,6411172,,177.40315247,3.33664036,-165.16256714,,,,,-9.01755428,-6.72060251,-3.28562379,10.30438614,-4.47915173,-6.37373257,8.56356141,24.25674236,13.41738497,-0.40730581,-0.10873351,1.00317490,,,,,,,3,,,,,,,,,
5.707320,63555,6411272,,177.45768738,3.11424446,-165.34304810,,,,,4.88598633,-3.30739498,-4.32411814,-3.93781996,-4.71963596,-5.97640848,-0.75816701,-12.32176115,-3.75346813,-0.40194893,-0.12703763,0.94453037,,,,,,,3,,,,,,,,,
5.717411,63556,6411372,,177.50564575,3.23164082,-165.30801392,,,,,0.95578450,10.14254284,-23.34554291,-4.42643833,8.12267876,13.90486908,-8.88765047,10.61693655,1.29386845,-0.43490225,-0.13176104,0.94033217,,,,,,,3,,,,,,,,,
5.727315,63557,6411472,,177.34785461,3.13924193,-165.29205322,,,,,-8.11772823,-7.30307388,-5.98068857,9.45752716,-5.46079588,-3.74796200,4.53863082,19.54979604,15.74247955,-0.41643035,-0.11530169,1.00747800,,,,,,,3,,,,,,,,,
5.737253,63558,6411572,,177.35282898,2.97794104,-165.48094177,,,,,5.63779640,0.67687821,-8.57298565,-5.87759304,-1.33173990,-1.56478024,-3.74801935,-17.14605439,-8.42222686,-0.41525611,-0.13114849,0.97853696,,,,,,,3,,,,,,,,,
5.747239,63559,6411672,,177.40237427,3.12341857,-165.38851929,,,,,-0.67695904,7.61572886,-22.85768509,-2.09154201,6.14630651,13.38239479,-5.63403991,11.12144505,0.30691025,-0.44384837,-0.12682337,0.96955639,,,,,,,3,,,,,,,,,
5.757275,63560,6411772,,177.36193848,2.97501755,-165.31517029,,,,,-9.66243649,-5.83291292,-2.74484944,10.75334549,-3.45270538,-6.87156868,10.45421241,15.63012293,8.62670224,-0.41743678,-0.11385021,1.01986504,,,,,,,3,,,,,,,,,
5.767264,63561,6411872,,177.49560547,2.81033206,-165.46104431,,,,,6.12128162,-2.84858060,-3.13329887,-5.15453243,-4.46909523,-7.21923256,0.43177385,-24.00174920,-7.17649769,-0.40616482,-0.13369106,0.95479381,,,,,,,3,,,,,,,,,
5.777321,63562,6411972,,177.50643921,3.09553885,-165.40412903,,,,,0.79739392,8.55436420,-22.98661041,-3.71010876,6.72840166,13.48727226,-5.06290632,9.15199245,4.36521146,-0.43148938,-0.12413608,0.93453294,,,,,,,3,,,,,,,,,
5.787248,63563,6412072,,177.40296936,3.00013900,-165.43310547,,,,,-7.44022226,-6.04558563,-3.39407182,8.59461403,-4.27158022,-6.31593704,7.80139938,12.20005401,14.51531995,-0.41439259,-0.10957354,1.00164175,,,,,,,3,,,,,,,,,
5.797336,63564,6412172,,177.43649292,2.84806323,-165.59812927,,,,,5.97748899,1.48932230,-8.70254707,-6.40410423,-0.58499551,-1.44924688,-7.30950879,-20.25124963,-5.23437865,-0.40537757,-0.12793793,0.94004607,,,,,,,3,,,,,,,,,
5.807248,63565,6412272,,177.38540649,3.04663587,-165.56187439,,,,,-1.66387725,7.96174479,-23.31059074,-1.15560722,6.72674179,13.88911819,-9.82881212,14.49932706,2.84522565,-0.43591505,-0.12502481,0.94191808,,,,,,,3,,,,,,,,,
5.817237,63566,6412372,,177.27142334,2.88954496,-165.51219177,,,,,-8.39636707,-8.77621841,-0.76527286,10.32717323,-6.50662756,-9.06833363,2.48879970,16.71590615,6.12989628,-0.41943172,-0.11909975,1.02719331,,,,,,,3,,,,,,,,,
5.827331,63567,6412472,,177.36242676,2.73631406,-165.61717224,,,,,5.77827168,-1.86381507,-6.43366575,-5.29195833,-3.66265631,-3.85458469,-1.77822908,-23.43516281,-11.52136458,-0.40961954,-0.13411073,0.94982225,,,,,,,3,,,,,,,,,
5.837270,63568,6412572,,177.39659119,2.98710656,-165.48034668,,,,,1.53466845,8.12461853,-19.90425682,-4.12335777,6.31051922,10.32632065,-2.25462367,10.56794360,4.84172089,-0.43487671,-0.12167847,0.93307054,,,,,,,3,,,,,,,,,
5.847233,63569,6412672,,177.38447571,2.83909750,-165.51881409,,,,,-9.57488632,-3.57280231,-3.73546791,10.04627609,-1.35982835,-5.85806894,15.95986910,24.97281085,9.49946552,-0.41950032,-0.11427528,0.97383523,,,,,,,3,,,,,,,,,
5.857426,63570,6412772,,177.54454041,2.55311322,-165.65029907,,,,,5.65188360,-2.81843305,-3.92732286,-4.73587847,-4.35060692,-6.35721874,5.50338864,-16.25285519,-8.27167157,-0.40926963,-0.12929264,0.89498198,,,,,,,3,,,,,,,,,
5.867371,63571,6412872,,177.60749817,2.72233438,-165.55107117,,,,,0.72294259,9.42837334,-24.52747917,-3.78283119,7.58173275,15.06474018,-3.93705252,13.42789321,-2.05334952,-0.43525678,-0.11974778,0.92320406,,,,,,,3,,,,,,,,,
5.877291,63572,6412972,,177.56062317,2.59644437,-165.49430847,,,,,-9.16961575,-8.46553802,-3.26003981,10.89111233,-6.21503353,-6.47250223,21.42112102,20.13232921,9.74201151,-0.42079604,-0.10610886,1.00859118,,,,,,,3,,,,,,,,,
5.887217,63573,6413072,,177.74919128,2.38669515,-165.59765625,,,,,6.13727188,2.82237673,-8.20605564,-6.86989832,0.71694583,-1.81026149,-5.78963162,-15.63725707,-14.23895769,-0.40818399,-0.12309212,0.94307727,,,,,,,3,,,,,,,,,
5.897335,63574,6413172,,177.66917419,2.53451109,-165.48155212,,,,,-2.18822765,5.98363018,-21.62154579,0.06684452,5.19831800,12.09102726,-8.22453643,18.93131899,1.06973793,-0.43809512,-0.11969979,0.92269582,,,,,,,3,,,,,,,,,
5.907252,63575,6413272,,177.56639099,2.35076737,-165.48432922,,,,,-5.33890200,-7.54048824,0.46509638,7.08623219,-6.02010584,-10.35606194,10.94830317,12.78330777,9.11497453,-0.42997843,-0.11458302,0.98317826,,,,,,,3,,,,,,,,,
5.917232,63576,6413372,,177.74095154,2.22062683,-165.55500793,,,,,6.32971144,2.77864432,-10.41671085,-7.10583639,0.49330640,0.40392113,-9.52559099,-18.05117399,-16.50439398,-0.42103973,-0.12574111,0.90982199,,,,,,,3,,,,,,,,,
5.927438,63577,6413472,,177.60238647,2.38070726,-165.37710571,,,,,-3.58947515,8.36054611,-20.02740288,0.95671225,7.97239685,10.59531212,-2.61399920,28.73303148,6.47423386,-0.43687761,-0.11299958,0.92082894,,,,,,,3,,,,,,,,,
5.937288,63578,6413572,,177.61653137,2.13895655,-165.47457886,,,,,-5.98943567,-9.98785782,2.11763954,8.40813828,-8.11982536,-12.09366703,13.74101982,9.78089407,1.79517520,-0.42319778,-0.11180855,0.96346575,,,,,,,3,,,,,,,,,
5.947381,63579,6413672,,177.78456116,2.02648902,-165.47212219,,,,,5.88808250,3.01885700,-13.39320850,-6.80400944,0.70363951,3.41762018,-7.88828024,-14.19465794,-15.51086954,-0.42167035,-0.12236341,0.89354521,,,,,,,3,,,,,,,,,
5.957325,63580,6413772,,177.67074585,2.10900545,-165.29975891,,,,,-4.26876116,6.26215696,-16.35625839,2.22158098,6.33662271,6.85919380,5.78853239,24.98309029,7.86130099,-0.43298522,-0.10682243,0.91451442,,,,,,,3,,,,,,,,,
5.967380,63581,6413872,,177.71810913,1.90109444,-165.40994263,,,,,-2.16714597,-12.31570721,3.88633275,5.35747337,-11.25625992,-14.06263733,12.76884399,2.41556620,3.52719208,-0.42785949,-0.11027320,0.92487544,,,,,,,3,,,,,,,,,
5.977324,63582,6413972,,177.87532043,1.89710832,-165.43432617,,,,,4.88944483,9.48145866,-19.62625313,-7.61924553,6.87577677,10.00187302,-9.66203170,-7.88363913,-17.15790136,-0.43065709,-0.11933220,0.89354813,,,,,,,3,,,,,,,,,
5.987346,63583,6414072,,177.80946350,1.91607618,-165.21386719,,,,,-8.03407478,2.44826293,-11.41351318,6.96645832,3.84380078,1.82478142,10.42568357,26.42944773,6.10489949,-0.42542163,-0.10504261,0.94377130,,,,,,,3,,,,,,,,,
5.997236,63584,6414172,,177.88172913,1.69472122,-165.31004333,,,,,0.99524504,-12.79409122,2.83933783,2.46959019,-12.52532578,-13.14825153,5.17964279,-11.01142693,-1.62341857,-0.42477122,-0.11321964,0.95799315,,,,,,,3,,,,,,,,,
6.007254,63585,6414272,,177.92826843,1.85067499,-165.27244568,,,,,3.56372666,11.63155746,-19.19472313,-6.88857841,9.32320976,9.74765015,-17.64040641,-13.64596835,-14.98559726,-0.45085186,-0.11949611,0.94786775,,,,,,,3,,,,,,,,,
6.017344,63586,6414372,,177.77307129,1.92092073,-165.11148071,,,,,-8.04030323,-2.06282687,-7.59899759,8.17980576,-0.37660408,-2.11373520,11.20246476,20.40086151,11.94128205,-0.43324164,-0.10924388,0.97335124,,,,,,,3,,,,,,,,,
6.027299,63587,6414472,,177.88456726,1.76412010,-165.25770569,,,,,3.43442035,-7.07409382,0.87000543,-1.34845185,-7.71424103,-11.10005951,2.32705015,-19.61879461,-9.77242293,-0.41998580,-0.12192719,0.92868847,,,,,,,3,,,,,,,,,
6.037227,63588,6414572,,177.88619995,1.97448802,-165.15061951,,,,,2.17799807,9.97949886,-26.10995102,-5.21282387,7.77635813,16.60494614,-17.21062017,-1.84102989,-12.41114869,-0.44782436,-0.11617869,0.92863989,,,,,,,3,,,,,,,,,
6.047253,63589,6414672,,177.71986389,1.93912399,-164.99412537,,,,,-8.30092525,-4.57040644,-2.35173559,9.12558365,-2.52131510,-7.37334967,15.73626237,20.11100707,8.50624673,-0.43250501,-0.10540878,0.95609897,,,,,,,3,,,,,,,,,
6.057200,63590,6414772,,177.86309814,1.74129498,-165.10256958,,,,,4.59586096,-2.81291413,-5.39972353,-3.71466541,-4.19456911,-4.72023582,-7.11880778,-16.61849570,-19.83409754,-0.41901845,-0.12675442,0.95384961,,,,,,,3,,,,,,,,,
6.067309,63591,6414872,,177.90327454,1.87929261,-164.92060852,,,,,1.33312595,7.79049110,-20.36031914,-3.62620068,6.22194672,10.76995850,-4.43371442,12.25316983,-6.90442778,-0.44291040,-0.14124726,0.98862833,,,,,,,3,,,,,,,,,
6.077266,63592,6414972,,177.86509705,1.79838431,-164.85423279,,,,,-9.70237732,-7.02478218,-2.17054176,11.20360947,-4.44356108,-7.63862181,16.25057049,14.63875854,10.24068618,-0.42585295,-0.11608483,0.96585852,,,,,,,3,,,,,,,,,
6.087454,63593,6415072,,177.95652771,1.63118148,-164.94554138,,,,,6.22039700,1.89633822,-6.40276384,-6.52570248,-0.10959592,-3.60700226,-0.84170246,-25.03128239,-11.27600540,-0.40599725,-0.10726134,0.87951487,,,,,,,3,,,,,,,,,
6.097368,63594,6415172,,178.04219055,1.89145160,-164.85429382,,,,,-1.64466095,10.39723587,-26.05142021,-1.59634161,9.32953644,16.63549805,2.59369604,9.26959550,-5.59863392,-0.43796998,-0.11873779,0.91331124,,,,,,,3,,,,,,,,,
6.107358,63595,6415272,,178.00682068,1.81354058,-164.76831055,,,,,-5.70631313,-11.76938820,2.69636583,8.61922932,-9.86507320,-12.67672634,16.01439621,9.08008336,6.50477164,-0.43265676,-0.10493036,0.96550626,,,,,,,3,,,,,,,,,
6.117259,63596,6415372,,178.11820984,1.67749345,-164.81460571,,,,,6.80887127,5.97462320,-15.48218536,-8.48152256,3.19004679,5.58543348,-17.61571869,-14.62472080,-22.73754265,-0.41441995,-0.11481585,0.91695476,,,,,,,3,,,,,,,,,
6.127401,63597,6415472,,178.03996277,1.81519938,-164.58798218,,,,,-4.66945457,6.77000570,-16.35448456,2.48898649,7.06964493,6.83106756,6.60511480,25.09516515,2.42510562,-0.44565871,-0.12006959,0.96173799,,,,,,,3,,,,,,,,,
6.137376,63598,6415572,,178.08918762,1.47010779,-164.57501221,,,,,-4.34076977,-13.24265003,1.37180769,7.80523968,-11.58818817,-11.49719238,10.02802654,14.08588376,-5.77397128,-0.43487614,-0.10921355,0.96691155,,,,,,,3,,,,,,,,,
6.147316,63599,6415672,,178.17233276,1.34149957,-164.56411743,,,,,7.20893526,7.48846245,-12.75075817,-9.15979195,4.67247677,3.00709438,-12.87747986,-9.83770844,-19.12564983,-0.41703758,-0.12485176,0.91727751,,,,,,,3,,,,,,,,,
6.157264,63600,6415772,,178.05342102,1.46403825,-164.36157227,,,,,-6.02227020,2.85907054,-14.66978073,4.88604736,3.74355745,5.01671171,5.61731705,25.37682166,3.62950532,-0.44734699,-0.11619867,0.95585370,,,,,,,3,,,,,,,,,
6.167292,63601,6415872,,178.11074829,1.25094068,-164.37882996,,,,,-2.09046459,-9.42984867,5.21005964,4.70784140,-8.39560509,-15.26086235,11.82462498,1.85321794,-6.06768563,-0.44007748,-0.10670847,0.92684960,,,,,,,3,,,,,,,,,
6.177418,63602,6415972,,178.22169495,1.24621332,-164.30274963,,,,,6.20829344,10.82653141,-23.46627808,-9.21737194,7.64801645,13.87360954,-15.72708430,-3.17109312,-22.14103662,-0.42335272,-0.12281747,0.89897192,,,,,,,3,,,,,,,,,
6.187276,63603,6416072,,178.09278870,1.30952156,-164.10910034,,,,,-6.82223272,-6.30833435,-4.20680857,8.19142151,-4.50393200,-5.68404961,15.15031068,23.74213029,5.07046307,-0.44809890,-0.11426887,0.96231234,,,,,,,3,,,,,,,,,
6.197336,63604,6416172,,178.16564941,1.07354033,-164.12097168,,,,,2.81000900,-3.41346073,-4.26757526,-1.75587845,-4.26155663,-5.72764826,-6.70060213,-5.73932984,-18.21433184,-0.43977201,-0.11150438,0.90599531,,,,,,,3,,,,,,,,,
6.207361,63605,6416272,,178.15750122,1.10067344,-163.96960449,,,,,-1.72087753,13.94027901,-24.73734093,-2.41622782,12.82599831,15.46209717,-14.28931497,5.96679862,-15.62333543,-0.44560161,-0.12484635,0.90674436,,,,,,,3,,,,,,,,,
6.217337,63606,6416372,,178.01170349,1.09871185,-163.77403259,,,,,-5.01353645,-13.29796600,1.89982545,8.50215435,-11.43062019,-12.02222443,11.14791972,7.03537147,4.72332084,-0.44178560,-0.11005287,0.95696843,,,,,,,3,,,,,,,,,
6.227364,63607,6416472,,178.05867004,0.98736727,-163.80393982,,,,,3.11964726,5.93370724,-12.33436108,-4.79252529,4.22877789,2.64256239,-21.89051211,-14.17809302,-30.11809139,-0.42169309,-0.12140891,0.90691870,,,,,,,3,,,,,,,,,
6.237417,63608,6416572,,177.87606812,1.15077734,-163.54194641,,,,,-4.51643419,8.35991764,-18.91523552,1.84572840,8.49362755,9.47167301,-2.21257874,9.11669745,-3.65895582,-0.45167592,-0.12764159,0.94674516,,,,,,,3,,,,,,,,,
6.247365,63609,6416672,,177.92811584,1.13239229,-163.45626831,,,,,-0.65379006,-13.31267166,3.87159109,4.48272228,-12.46803093,-14.14497185,5.80550541,-9.92639332,-8.70318755,-0.44085336,-0.11774056,0.93904006,,,,,,,3,,,,,,,,,
6.257384,63610,6416772,,177.88200378,1.24982321,-163.40335083,,,,,6.28817606,8.06245136,-18.49000549,-8.59463692,4.94548225,8.81013680,-23.62673595,-21.21710156,-26.23347253,-0.41790038,-0.13155055,0.90232432,,,,,,,3,,,,,,,,,
6.267476,63611,6416872,,177.73321533,1.51477277,-163.17857361,,,,,-8.61770916,2.38868499,-9.95487976,7.45994997,4.26564360,0.38370728,6.63652172,7.59476994,-0.44258569,-0.44429681,-0.12585042,0.95720047,,,,,,,3,,,,,,,,,
6.277397,63612,6416972,,177.82957458,1.39501226,-163.07496643,,,,,1.69560039,-12.92949772,4.50991249,2.27721691,-12.68166351,-14.89815140,-0.12028038,-15.77262117,-19.44578933,-0.43437037,-0.12215549,0.90684330,,,,,,,3,,,,,,,,,
6.287281,63613,6417072,,177.75488281,1.56133521,-162.93911743,,,,,1.85150504,13.80102444,-22.60515785,-6.17524958,11.44495964,13.33208084,-22.70813186,-15.47499739,-21.25622830,-0.42882642,-0.13184512,0.89880157,,,,,,,3,,,,,,,,,
6.297394,63614,6417172,,177.51695251,1.70244408,-162.78373718,,,,,-7.02204418,-4.81588268,-6.91477680,7.99162483,-3.00130177,-2.86722422,2.19305528,1.62574532,5.56075924,-0.43719184,-0.12693043,0.95820856,,,,,,,3,,,,,,,,,
6.307316,63615,6417272,,177.59956360,1.64088130,-162.76422119,,,,,4.93694115,-4.04072762,-3.15056753,-3.44760323,-5.50986862,-7.06639338,-10.53822545,-24.72433711,-29.21489108,-0.42047277,-0.13630323,0.89333051,,,,,,,3,,,,,,,,,
6.317327,63616,6417372,,177.44027710,1.91785526,-162.49519348,,,,,-0.92344099,11.77137566,-27.08698845,-3.06794500,9.97272110,17.82956505,-21.91720449,-1.20877476,-17.08569772,-0.43655270,-0.14084198,0.91494739,,,,,,,3,,,,,,,,,
6.327300,63617,6417472,,177.23408508,1.95051360,-162.33938599,,,,,-5.13446140,-8.94552803,0.04417433,7.57454491,-7.06810379,-10.08278561,1.08925936,0.93594306,-0.24852348,-0.42672354,-0.13382649,0.95815188,,,,,,,3,,,,,,,,,
6.337433,63618,6417572,,177.30439758,1.96461475,-162.30371094,,,,,6.73941612,2.12673521,-9.15428066,-7.23857117,-0.65140259,-0.87829518,-14.58363379,-28.85272713,-35.80260853,-0.40240967,-0.15149777,0.91791850,,,,,,,3,,,,,,,,,
6.347335,63619,6417672,,177.17167664,2.23991394,-161.97285461,,,,,-3.38421011,7.89017773,-19.48991966,0.46763098,7.39650631,10.11166096,-6.45287074,7.03382400,-14.19503018,-0.42692161,-0.15013646,0.94354463,,,,,,,3,,,,,,,,,
6.357381,63620,6417772,,177.10729980,2.13306046,-161.84054565,,,,,-4.66500521,-10.63527107,0.13063750,7.80199194,-8.69383717,-10.29518890,1.62746663,-5.13568370,-8.07910634,-0.41575757,-0.13448694,0.94879597,,,,,,,3,,,,,,,,,
6.367277,63621,6417872,,177.16680908,2.16957855,-161.74198914,,,,,7.31748724,5.72318172,-11.93533039,-9.01541901,2.27856731,2.07454967,-14.01578040,-25.05270528,-32.51670698,-0.39435598,-0.15211397,0.91943341,,,,,,,3,,,,,,,,,
6.377296,63622,6417972,,177.04441833,2.48451591,-161.46308899,,,,,-5.90409279,2.28834128,-15.01470661,4.58226395,3.09406853,5.47794151,3.13274737,8.10560149,-8.46627817,-0.42218930,-0.15214193,0.95689511,,,,,,,3,,,,,,,,,
6.387384,63623,6418072,,177.07064819,2.44906259,-161.32293701,,,,,-0.65741742,-11.94288158,5.04634380,4.62226152,-10.83628941,-15.41053677,4.75591835,-8.19772965,-19.59422983,-0.41229221,-0.14461896,0.93479967,,,,,,,3,,,,,,,,,
6.397251,63624,6418172,,177.06210327,2.52286434,-161.16949463,,,,,3.65799189,13.56137276,-22.56794357,-8.47853470,9.96134472,13.33237553,-26.03443911,-15.55661473,-29.22111338,-0.39838219,-0.15636177,0.90945077,,,,,,,3,,,,,,,,,
6.407308,63625,6418272,,176.91523743,2.64632511,-160.89306641,,,,,-7.80168247,-5.79776525,-3.64803600,9.15466785,-3.33015823,-6.11240959,17.48313447,7.36362011,-1.05815286,-0.41205245,-0.15135022,0.95151615,,,,,,,3,,,,,,,,,
6.417379,63626,6418372,,177.06687927,2.53103137,-160.80690002,,,,,3.50659752,-1.67953110,-5.32871056,-2.77719498,-3.10737014,-4.80003500,-9.57698048,-21.33488647,-31.94631447,-0.40118158,-0.15534924,0.89708382,,,,,,,3,,,,,,,,,
6.427356,63627,6418472,,176.98927307,2.77586055,-160.55456543,,,,,-0.32644328,10.98076820,-27.39204407,-4.05620480,8.51252842,18.16127968,-16.77102066,-1.98957968,-21.66205082,-0.41486624,-0.16232824,0.91867405,,,,,,,3,,,,,,,,,
6.437262,63628,6418572,,176.79841614,2.83299065,-160.32875061,,,,,-3.19153404,-12.50729752,2.87690830,7.25290251,-10.65633583,-13.11680984,10.53232672,2.50664037,-4.26631118,-0.40594506,-0.15145886,0.96490353,,,,,,,3,,,,,,,,,
6.447356,63629,6418672,,176.86375427,2.77869201,-160.29991150,,,,,4.15321732,6.55105352,-15.40517330,-6.62392139,3.50777721,5.72583580,-24.13071512,-14.52366985,-36.77592074,-0.38296500,-0.16766906,0.92765522,,,,,,,3,,,,,,,,,
6.457323,63630,6418772,,176.67391968,2.90940642,-159.91520691,,,,,-6.36288357,5.44501257,-13.73224735,3.74333000,6.27484846,4.43082333,-1.46627502,15.95496332,-16.24281481,-0.40944782,-0.16819884,0.96313667,,,,,,,3,,,,,,,,,
6.467392,63631,6418872,,176.69709778,2.74901795,-159.67413330,,,,,1.31428695,-10.46983719,4.10686111,2.55200386,-9.94986916,-14.65092278,-8.67094479,-3.76554561,-17.08712011,-0.40568161,-0.16488540,0.92461675,,,,,,,3,,,,,,,,,
6.477316,63632,6418972,,176.54313660,2.80158234,-159.57479858,,,,,5.66602278,8.17530632,-18.51966667,-8.65989304,4.13309479,8.86186504,-27.39199555,-6.94187984,-32.63715395,-0.39209309,-0.18094356,0.90117699,,,,,,,3,,,,,,,,,
6.487319,63633,6419072,,176.33586121,2.88074088,-159.29721069,,,,,-7.50629234,-1.35828102,-10.00389862,7.26824045,0.54854405,0.42776179,7.93002123,20.90106529,-5.95939341,-0.40949744,-0.17203639,0.95961231,,,,,,,3,,,,,,,,,
6.497311,63634,6419172,,176.46710205,2.65086842,-159.15174866,,,,,3.92416525,-7.36915112,1.48217678,-0.90395188,-8.18148232,-11.96413517,-4.10304831,-4.76327788,-27.97744693,-0.40181834,-0.17549716,0.89478260,,,,,,,3,,,,,,,,,
6.507391,63635,6419272,,176.40254211,2.68500423,-158.89318848,,,,,-0.13176785,12.98787117,-29.35877228,-5.16990805,9.72182178,20.35100555,-23.83352676,6.99083266,-31.20825788,-0.41137367,-0.18446389,0.91240400,,,,,,,3,,,,,,,,,
6.517333,63636,6419372,,176.19415283,2.64764357,-158.59315491,,,,,-4.06454945,-9.24445629,-0.87102896,7.14261961,-7.38885689,-9.27222538,17.69557555,14.13839596,-2.69290389,-0.40493390,-0.17115173,0.95618594,,,,,,,3,,,,,,,,,
6.527506,63637,6419472,,176.41386414,2.53020120,-158.46937561,,,,,4.06196356,5.77752018,-10.64505386,-6.14763594,2.91304398,1.04750395,-27.18978951,-12.21299466,-41.90508544,-0.38088942,-0.18449618,0.91057736,,,,,,,3,,,,,,,,,
6.537407,63638,6419572,,176.14083862,2.68075609,-158.13417053,,,,,-3.90278029,4.30281353,-16.28752708,1.77504563,4.15150642,6.85770321,0.85489508,16.58090405,-12.87467521,-0.41026470,-0.18978108,0.95487469,,,,,,,3,,,,,,,,,
6.547327,63639,6419672,,176.18148804,2.56408739,-157.97294617,,,,,-1.08078849,-12.96494484,4.42262125,5.98676538,-11.31369591,-15.00666142,7.66070090,0.25442783,-19.66597926,-0.40618998,-0.18359748,0.92679179,,,,,,,3,,,,,,,,,
6.557330,63640,6419772,,176.24209595,2.52581286,-157.81889343,,,,,3.59324145,10.50457764,-20.76719856,-7.67276096,6.50328112,11.46329212,-17.24937637,-1.60279332,-36.86900255,-0.38969427,-0.19010220,0.89758068,,,,,,,3,,,,,,,,,
6.567331,63641,6419872,,176.19088745,2.56042838,-157.43403625,,,,,-7.80555248,-3.55953646,-6.04700613,8.47564220,-0.88728082,-3.69731140,18.58889941,19.06410128,-12.69353945,-0.40276688,-0.18174316,0.94514436,,,,,,,3,,,,,,,,,
6.577957,63642,6419972,,176.32913208,2.32235622,-157.22775269,,,,,4.08029795,-3.47600102,-0.95163584,-2.30227947,-4.82470703,-9.31447601,-6.69847324,-8.90897688,-27.06706809,-0.39560428,-0.18855971,0.89064884,,,,,,,3,,,,,,,,,
6.587475,63643,6420072,,176.32328796,2.45049596,-157.01791382,,,,,-0.00118907,12.21052933,-26.93474960,-5.14372587,9.02587128,17.89019203,-10.04748831,4.05171218,-32.31337908,-0.41070840,-0.19503482,0.91223997,,,,,,,3,,,,,,,,,
6.597497,63644,6420172,,176.21592712,2.44683933,-156.69430542,,,,,-3.79549146,-11.48147488,-0.89406389,7.95475674,-9.24735641,-9.45256805,16.45844388,15.40090179,-5.99609116,-0.40473777,-0.18363428,0.95499974,,,,,,,3,,,,,,,,,
6.607667,63645,6420272,,176.33352661,2.28346419,-156.59614563,,,,,5.40587330,7.59350491,-14.26819229,-8.19145489,3.55764961,4.69004393,-19.89147283,-9.72679043,-40.20947732,-0.38112798,-0.19889139,0.90935874,,,,,,,3,,,,,,,,,
6.617612,63646,6420372,,176.28208923,2.36846876,-156.22358704,,,,,-5.69135046,2.74587989,-15.69561958,3.97011518,3.58776093,6.23009586,13.55612916,19.44566297,-22.44925574,-0.40579790,-0.20137034,0.94184989,,,,,,,3,,,,,,,,,
6.630051,63647,6420472,,176.39103699,2.23725986,-155.91914368,,,,,-0.12274196,-13.37728310,6.30183792,5.68072128,-11.75590324,-16.89888000,12.52651913,-0.14847221,-21.56583736,-0.39999565,-0.19186068,0.92471296,,,,,,,3,,,,,,,,,
6.637460,63648,6420572,,176.48844910,2.27629328,-155.73529053,,,,,3.42683244,13.37322903,-21.15986443,-8.94073677,8.94632626,12.07640934,-17.39468352,-13.19089419,-41.51589785,-0.38832694,-0.19924824,0.90486413,,,,,,,3,,,,,,,,,
6.647456,63649,6420672,,176.38989258,2.46782470,-155.36956787,,,,,-4.74320221,-5.31026268,-4.06830549,6.40073633,-3.34858942,-5.82712746,24.34198653,7.30151491,-4.45420157,-0.39352199,-0.19101444,0.93564355,,,,,,,3,,,,,,,,,
6.657398,63650,6420772,,176.54864502,2.38219023,-155.28958130,,,,,4.15041113,0.12134473,-7.80794382,-3.86986828,-2.26082468,-2.21850634,-3.46965670,-10.82533501,-34.38338743,-0.37683606,-0.19607329,0.88567644,,,,,,,3,,,,,,,,,
6.667620,63651,6420872,,176.61747742,2.43990707,-154.98953247,,,,,-3.36548281,7.30721855,-26.58058357,-0.36125851,6.08583450,17.29195404,1.70993231,11.72682606,-36.23011691,-0.39922148,-0.20338865,0.91364962,,,,,,,3,,,,,,,,,
6.677500,63652,6420972,,176.62493896,2.38588643,-154.57914734,,,,,-1.44381809,-11.48603916,5.38397217,6.33069897,-9.47480488,-15.72472000,20.72435635,1.54712888,-11.01745884,-0.39678180,-0.19480491,0.94793618,,,,,,,3,,,,,,,,,
6.687366,63653,6421072,,176.79608154,2.37802362,-154.47135925,,,,,3.66197181,9.13646317,-14.53487301,-7.51763916,5.41406202,5.11988831,-21.76663809,-14.33865881,-39.82309011,-0.37397325,-0.20573731,0.92214996,,,,,,,3,,,,,,,,,
6.697317,63654,6421172,,176.62414551,2.52481747,-154.13438416,,,,,-7.15482998,0.72284716,-11.14025879,5.95599508,2.93387008,1.66798878,18.32583297,17.79473283,-15.08784007,-0.40032890,-0.20914416,0.94620705,,,,,,,3,,,,,,,,,
6.707421,63655,6421272,,176.83807373,2.38032627,-153.89315796,,,,,5.25564671,-10.90117359,2.78575373,0.14627039,-11.92418289,-13.44515228,3.90518072,-2.91995155,-27.09629447,-0.39958856,-0.20961624,0.89969593,,,,,,,3,,,,,,,,,
6.717328,63656,6421372,,176.75479126,2.40351677,-153.65316772,,,,,-2.07702756,14.19182682,-25.90974808,-4.77993298,11.61616230,17.04630089,-28.23466331,5.49542677,-38.70510084,-0.40117538,-0.21151273,0.90707934,,,,,,,3,,,,,,,,,
6.727376,63657,6421472,,176.49195862,2.29292321,-153.31930542,,,,,-3.55847669,-11.78777122,-4.46536350,8.43725014,-9.45805550,-5.72789383,16.42297300,13.48693252,-7.18414409,-0.39913905,-0.19908401,0.94538277,,,,,,,3,,,,,,,,,
6.737380,63658,6421572,,176.72688293,2.18366790,-153.15220642,,,,,3.53745008,9.11878395,-11.99135017,-7.44922829,5.52037382,2.61950970,-15.92627311,-6.79358064,-42.57306429,-0.37339261,-0.20958155,0.90972304,,,,,,,3,,,,,,,,,
6.747393,63659,6421672,,176.68247986,2.28124547,-152.74394226,,,,,-4.42677069,-0.26528949,-12.19411850,3.95946884,0.90099239,2.52475309,4.54008907,11.32260864,-23.20239850,-0.39542508,-0.21642743,0.94809538,,,,,,,3,,,,,,,,,
6.757373,63660,6421772,,176.67137146,2.20356297,-152.51699829,,,,,1.68210733,-9.94743061,3.50127292,3.13331270,-9.41390800,-13.91807175,4.64449875,0.61133235,-15.88595279,-0.39371699,-0.21308301,0.91797656,,,,,,,3,,,,,,,,,
6.767344,63661,6421872,,176.78775024,2.20386505,-152.39190674,,,,,0.70349753,14.53556538,-21.83775139,-7.60680294,10.85629559,12.86661816,-10.32962720,-0.11389495,-40.83006831,-0.39009023,-0.21890089,0.91097599,,,,,,,3,,,,,,,,,
6.777435,63662,6421972,,176.70170593,2.26738644,-152.01350403,,,,,-3.93283248,-9.23313808,-4.40433836,7.74655151,-6.75651550,-5.72792816,16.37684703,3.31505131,-9.62715420,-0.38745916,-0.20455834,0.94040710,,,,,,,3,,,,,,,,,
6.787414,63663,6422072,,176.77091980,2.15138793,-151.85685730,,,,,4.32645178,2.65775657,-8.83045959,-5.12234688,-0.35784149,-1.03658795,-10.15973478,-7.60400521,-29.95599051,-0.36480546,-0.21307497,0.88447809,,,,,,,3,,,,,,,,,
6.797450,63664,6422172,,176.74836731,2.24872494,-151.61271667,,,,,-5.11364365,9.13735580,-22.74117279,-0.02488422,8.83649063,13.62006283,-0.56168728,5.35465017,-31.78685345,-0.39590093,-0.21928674,0.91935170,,,,,,,3,,,,,,,,,
6.807442,63665,6422272,,176.81962585,2.28038025,-151.25555420,,,,,0.70373499,-15.10800838,6.02442169,6.67328072,-13.30230713,-16.58398438,21.93579968,-1.84441660,-11.84299221,-0.39178020,-0.21456188,0.93231088,,,,,,,3,,,,,,,,,
6.817376,63666,6422372,,176.88487244,2.37041807,-151.14285278,,,,,2.87772512,12.33808613,-16.96132088,-8.72214127,7.96594238,7.81302643,-28.41416581,-15.86205567,-40.73699674,-0.36555189,-0.22411384,0.91101658,,,,,,,3,,,,,,,,,
6.827347,63667,6422472,,176.69338989,2.51632810,-150.80940247,,,,,-6.66805649,-3.50070214,-6.05616140,7.41345501,-0.38237059,-3.61042404,17.11985379,2.20159921,-8.58480927,-0.38249117,-0.21904160,0.94020271,,,,,,,3,,,,,,,,,
6.837434,63668,6422572,,176.86941528,2.55371737,-150.66958618,,,,,4.14088726,-5.32337761,-0.55686289,-0.94840336,-6.72001314,-9.76797676,-4.12168577,-20.01203250,-26.62705876,-0.37833640,-0.22437145,0.89462131,,,,,,,3,,,,,,,,,
6.847426,63669,6422672,,176.80004883,2.74912262,-150.44015503,,,,,-1.00128758,10.55128765,-26.39805984,-4.65651274,7.62765789,17.19353867,-17.35171310,-4.87469107,-35.24036102,-0.38637832,-0.23240520,0.91572845,,,,,,,3,,,,,,,,,
6.857424,63670,6422772,,176.62660217,2.80183458,-150.14796448,,,,,-3.77935314,-10.85665035,-0.57237577,8.66787529,-7.73950577,-9.55736637,13.21490316,-6.40460990,-4.81303324,-0.37797114,-0.22008701,0.96148348,,,,,,,3,,,,,,,,,
6.867408,63671,6422872,,176.78555298,2.91216469,-150.04135132,,,,,4.94702816,10.63506508,-14.08069420,-9.89141083,5.48598194,4.67261505,-23.72036077,-26.21542034,-34.20550199,-0.34995413,-0.22534311,0.92641288,,,,,,,3,,,,,,,,,
6.877537,63672,6422972,,176.62178040,3.17875075,-149.74612427,,,,,-4.54684162,0.13442233,-12.88829994,3.61439514,1.35533571,3.26481533,5.39869294,-8.81574480,-18.25110216,-0.37074378,-0.23124211,0.94699508,,,,,,,3,,,,,,,,,
6.887405,63673,6423072,,176.55761719,3.26486564,-149.54440308,,,,,-0.35892981,-9.73900700,3.69532108,5.37170744,-7.92937946,-14.06965637,-10.66582533,-18.66237688,-16.56863874,-0.36616871,-0.23322518,0.91532207,,,,,,,3,,,,,,,,,
6.897427,63674,6423172,,176.52087402,3.44103146,-149.39576721,,,,,3.54689884,12.16712761,-18.64476013,-9.70905113,6.85782528,9.35434055,-21.16200243,-21.45357808,-36.33596093,-0.36877999,-0.23894238,0.91818696,,,,,,,3,,,,,,,,,
6.907526,63675,6423272,,176.39715576,3.66316319,-149.05503845,,,,,-6.91249752,-8.27100468,-2.64135480,10.14488697,-3.89343929,-7.25198412,7.35833611,-4.18693157,-5.95065077,-0.36662990,-0.22987615,0.95792204,,,,,,,3,,,,,,,,,
6.917402,63676,6423372,,176.40213013,3.73949790,-148.96498108,,,,,4.16041994,-3.07628727,-2.59209061,-1.95655489,-5.03161716,-7.72859716,-12.75027527,-25.92817161,-25.20470943,-0.33299801,-0.23905952,0.90649039,,,,,,,3,,,,,,,,,
6.927352,63677,6423472,,176.30207825,3.98097444,-148.78660583,,,,,1.19212711,12.58752918,-24.83930588,-8.15310764,7.71524620,15.68523216,-19.06995476,-8.96380366,-27.84765284,-0.35596427,-0.24876310,0.92997003,,,,,,,3,,,,,,,,,
6.937414,63678,6423572,,176.15191650,4.09973764,-148.48687744,,,,,-5.43028021,-11.27445316,-0.39091906,10.52308464,-6.92422295,-9.72761440,6.74552898,-4.31439016,-7.53530973,-0.35299823,-0.23922324,0.95289487,,,,,,,3,,,,,,,,,
6.947344,63679,6423672,,176.14933777,4.12025261,-148.42724609,,,,,5.54380703,7.23325634,-12.98566914,-8.85171127,1.89114296,3.17042470,-24.91278715,-23.85788321,-27.96026046,-0.32321417,-0.25075197,0.92466044,,,,,,,3,,,,,,,,,
6.957422,63680,6423772,,176.04272461,4.34549379,-148.20204163,,,,,-5.07653189,6.70964861,-18.85736465,0.26736522,6.49158573,9.78008461,1.25460138,4.11442826,-19.42518265,-0.34624612,-0.25037619,0.95176262,,,,,,,3,,,,,,,,,
6.967435,63681,6423872,,176.08543396,4.30213451,-147.93205261,,,,,-1.49206650,-15.52668190,5.69968033,9.69113541,-11.80185223,-16.41480637,6.21925394,-1.71952339,-13.86126018,-0.34160849,-0.24707656,0.91126788,,,,,,,3,,,,,,,,,
6.977473,63682,6423972,,176.09269714,4.31641626,-147.82347107,,,,,4.59162569,12.05173492,-17.43001938,-10.87266922,5.75733328,8.06704044,-22.40509856,-17.98135750,-35.19026159,-0.33967933,-0.25718704,0.90715939,,,,,,,3,,,,,,,,,
6.987388,63683,6424072,,175.98509216,4.50289059,-147.51501465,,,,,-6.75619745,-1.24842203,-8.36636162,6.13416767,1.60728693,-1.04911256,13.85883802,4.49730860,-6.54060622,-0.34942237,-0.24937032,0.96907926,,,,,,,3,,,,,,,,,
6.997469,63684,6424172,,176.16397095,4.49605799,-147.37953186,,,,,4.03351212,-9.63424301,1.53802705,1.94801033,-10.09672165,-12.35956478,1.71683688,-18.14490126,-19.92172545,-0.32348379,-0.25265762,0.90236473,,,,,,,3,,,,,,,,,
7.007370,63685,6424272,,176.14251709,4.69494343,-147.21507263,,,,,1.89695692,13.23842430,-27.46772766,-9.64351177,7.10156393,18.28552628,-13.86811940,-5.07657823,-32.25316071,-0.34150839,-0.25715691,0.90863496,,,,,,,3,,,,,,,,,
7.017378,63686,6424372,,176.05963135,4.74077702,-146.93380737,,,,,-5.19615173,-8.23386955,-2.58874011,8.76682281,-4.50777435,-7.26131392,23.95731882,3.72890976,-3.13489269,-0.34052762,-0.24807402,0.95529109,,,,,,,3,,,,,,,,,
7.027390,63687,6424472,,176.32363892,4.70510244,-146.84742737,,,,,4.67991352,1.95157564,-9.37986279,-5.28302431,-1.99070561,-0.72315359,-1.22058607,-14.42221422,-34.24764425,-0.31143385,-0.26007420,0.93397236,,,,,,,3,,,,,,,,,
7.037410,63688,6424572,,176.38102722,4.84093428,-146.55294800,,,,,-4.33059406,7.71631956,-20.32106590,-1.32629406,6.77634764,11.21617222,7.05292463,8.67261477,-18.77960854,-0.33388722,-0.25970358,0.95068741,,,,,,,3,,,,,,,,,
7.047448,63689,6424672,,176.48031616,4.73392582,-146.38063049,,,,,-1.03846908,-11.38000584,5.05207729,7.36854219,-8.49704742,-15.39415932,23.98955219,-0.99718179,-1.87226691,-0.33271971,-0.24004523,0.95446783,,,,,,,3,,,,,,,,,
7.057373,63690,6424772,,176.79785156,4.71508694,-146.33123779,,,,,4.89181328,7.80704451,-15.57306385,-9.03242779,2.17011499,5.74120903,3.60436809,-9.54421948,-36.58840131,-0.30531368,-0.24913421,0.92675489,,,,,,,3,,,,,,,,,
7.067373,63691,6424872,,176.89414978,4.88118982,-146.00888062,,,,,-5.03180122,-1.76329648,-11.50521469,4.69847107,0.28224939,1.91381407,35.29740676,9.99441688,-10.95913244,-0.32974780,-0.24825506,0.95435274,,,,,,,3,,,,,,,,,
7.077391,63692,6424972,,177.23371887,4.75847864,-145.83267212,,,,,3.14868808,-8.06763363,1.98550653,2.08653045,-8.26539421,-12.44363785,24.48305043,-5.25938952,-17.90602051,-0.32471120,-0.23393001,0.93135113,,,,,,,3,,,,,,,,,
7.087364,63693,6425072,,177.52568054,4.74367237,-145.70816040,,,,,0.27323195,11.93836975,-23.95609093,-8.06525803,7.58797884,14.53662109,20.12794423,2.71012131,-29.46676455,-0.30037147,-0.24488969,0.90903550,,,,,,,3,,,,,,,,,
7.097378,63694,6425172,,177.87243652,4.77183199,-145.43118286,,,,,-5.09604692,-9.60301018,-1.89416170,9.54742432,-5.34701300,-7.78104877,55.80578399,17.01424711,1.31103112,-0.32157844,-0.23686592,0.93874174,,,,,,,3,,,,,,,,,
7.107469,63695,6425272,,178.31480408,4.47066116,-145.35067749,,,,,3.47602367,7.52968407,-13.34524632,-7.78282976,3.18288040,3.50148177,11.77226561,10.19941220,-25.32546889,-0.32274747,-0.23202683,0.89428419,,,,,,,3,,,,,,,,,
7.117458,63696,6425372,,178.54368591,4.32334137,-145.17120361,,,,,-4.28594112,4.56853628,-16.29787445,0.09161448,5.08486414,6.92345619,34.90327753,23.77943678,-15.83006135,-0.33531275,-0.22606434,0.91460067,,,,,,,3,,,,,,,,,
7.127520,63697,6425472,,178.85025024,4.18877840,-144.93965149,,,,,3.03987408,-13.11811066,8.41866875,5.40799522,-12.13447952,-18.58414650,42.21022073,16.15774309,-7.79186785,-0.33607095,-0.21502857,0.95286804,,,,,,,3,,,,,,,,,
7.137387,63698,6425572,,179.25659180,3.97297502,-144.85813904,,,,,1.10059762,10.47247982,-25.17015076,-8.17741108,6.39083672,15.42452526,6.76448659,17.60668406,-44.11258551,-0.31221813,-0.22693962,0.92954546,,,,,,,3,,,,,,,,,
7.147337,63699,6425672,,179.38104248,3.73766685,-144.47300720,,,,,-5.57586288,-4.50754070,-4.58854961,6.93623447,-0.82475615,-4.82013750,55.39383479,34.29205756,-5.68133385,-0.33605066,-0.22078769,0.95030320,,,,,,,3,,,,,,,,,
7.157437,63700,6425772,,179.95227051,3.38944411,-144.33140564,,,,,5.23787069,0.58281314,-9.04127598,-5.01304102,-2.95683169,-1.09169817,16.89516959,21.41858190,-31.20702162,-0.33845949,-0.21305062,0.91231716,,,,,,,3,,,,,,,,,
7.167346,63701,6425872,,-179.91519165,3.17173004,-144.05024719,,,,,-4.02700138,7.00266218,-21.96323013,-1.85419738,7.33941460,12.34385681,18.46854806,32.62453859,-26.01041221,-0.34714401,-0.21146792,0.92021477,,,,,,,3,,,,,,,,,
7.177489,63702,6425972,,-179.70687866,2.85639644,-143.82135010,,,,,2.14757061,-10.66589451,9.70853043,4.98004389,-9.86339855,-19.39254379,43.81566011,26.36333833,-0.15589293,-0.35073262,-0.19894475,0.95898628,,,,,,,3,,,,,,,,,
7.187348,63703,6426072,,-179.13003540,2.61376262,-143.76342773,,,,,-1.53360522,15.13984489,-24.29878426,-8.84364510,12.43435669,14.53911018,5.71902326,15.53151379,-45.81210733,-0.32780308,-0.20123702,0.92789519,,,,,,,3,,,,,,,,,
7.197503,63704,6426172,,-179.05865479,2.51582026,-143.36727905,,,,,-0.26277885,-11.23396492,-4.80005884,6.59617615,-9.12067604,-4.65585995,52.97460911,20.61397708,-6.28004988,-0.33845264,-0.19626698,0.94870031,,,,,,,3,,,,,,,,,
7.207413,63705,6426272,,-178.63835144,2.31510210,-143.23780823,,,,,4.11789656,4.32627678,-11.60673904,-6.45620584,0.88316059,1.52530622,8.75625044,12.39907292,-32.08574595,-0.34277764,-0.19618115,0.91899443,,,,,,,3,,,,,,,,,
7.217412,63706,6426372,,-178.53672791,2.09550643,-142.96492004,,,,,-7.66650009,3.40901804,-17.19936943,3.27776718,7.35737419,7.55973673,35.12523135,29.62401600,-32.43418122,-0.36428612,-0.19486088,0.92286551,,,,,,,3,,,,,,,,,
7.227451,63707,6426472,,-178.12437439,1.86509228,-142.60447693,,,,,1.69458199,-11.13183784,10.17739773,5.87064171,-10.07339191,-19.57846832,47.09146323,11.77464422,-9.53174243,-0.36341462,-0.18144996,0.95524162,,,,,,,3,,,,,,,,,
7.237546,63708,6426572,,-177.71003723,1.76038659,-142.50914001,,,,,-1.33378315,14.50894165,-25.50230598,-9.01622009,12.30934334,15.35987473,-7.79751044,3.83426543,-43.89079561,-0.33653250,-0.18669043,0.92808169,,,,,,,3,,,,,,,,,
7.247453,63709,6426672,,-177.72929382,1.68265486,-142.19487000,,,,,-1.43906081,-9.01577473,-3.55524111,6.44583225,-6.43533134,-5.57589054,56.05650657,15.14321582,-1.12243433,-0.34489721,-0.18032432,0.96128941,,,,,,,3,,,,,,,,,
7.257598,63710,6426772,,-177.30236816,1.53630352,-142.09838867,,,,,3.85600257,6.36228180,-10.46467304,-7.48788357,2.75753069,0.34386015,-6.97128893,7.01370141,-28.98853520,-0.34501231,-0.18127476,0.94395721,,,,,,,3,,,,,,,,,
7.267499,63711,6426872,,-177.36643982,1.53869474,-141.88687134,,,,,-3.50200462,-3.98754025,-10.25564098,4.63629532,-0.78055906,0.80569744,17.25529815,5.53610866,-23.78648895,-0.37144303,-0.18658708,0.93780339,,,,,,,3,,,,,,,,,
7.277431,63712,6426972,,-177.38011169,1.39985371,-141.65872192,,,,,3.02827096,-1.62497330,-0.63493478,-1.42780733,-3.26069117,-9.03682995,8.01061491,8.34252795,1.42866245,-0.37464738,-0.18126152,0.95667249,,,,,,,3,,,,,,,,,
7.287514,63713,6427072,,-177.21951294,1.27446413,-141.69612122,,,,,-6.37192822,14.66618156,-28.67792892,-5.42822313,15.87089920,18.52742767,-29.87649394,7.59848129,-36.80016108,-0.34923303,-0.18552274,0.94188976,,,,,,,3,,,,,,,,,
7.297432,63714,6427172,,-177.51618958,1.22371554,-141.38642883,,,,,4.28623247,-16.65561104,11.62790585,7.49291992,-16.23645210,-20.44767380,27.82984654,-0.19233308,11.71692144,-0.34982759,-0.18120411,0.96768266,,,,,,,3,,,,,,,,,
7.307507,63715,6427272,,-177.38600159,1.41869926,-141.43492126,,,,,-0.56616527,14.55981541,-21.78657341,-9.65829659,11.82957554,11.61305141,-57.20879022,-13.44693920,-33.74995227,-0.34392464,-0.19233800,0.95566171,,,,,,,3,,,,,,,,,
7.317529,63716,6427372,,-177.84785461,1.50315690,-141.17639160,,,,,-6.23552227,-5.89315510,-3.45603418,8.39037895,-0.80613470,-5.77391195,15.54620040,-4.77670731,-4.03683518,-0.36505154,-0.19582768,0.96786952,,,,,,,3,,,,,,,,,
7.327491,63717,6427472,,-177.72888184,1.53815258,-141.01689148,,,,,4.22098303,-3.18050194,-4.19965172,-1.49782801,-5.13632679,-5.59079647,-28.11112568,-14.29417635,-11.52995867,-0.36103866,-0.19347535,0.92240900,,,,,,,3,,,,,,,,,
7.337473,63718,6427572,,-178.00427246,1.68029153,-140.92185974,,,,,-2.32398343,9.78448296,-24.77730370,-5.48184013,9.16486359,14.71639824,-29.18423719,-10.03746244,-21.46391899,-0.36212495,-0.20112734,0.90051299,,,,,,,3,,,,,,,,,
7.347422,63719,6427672,,-178.43208313,1.74745762,-140.76194763,,,,,-1.16917598,-11.99034309,5.27428246,8.71425533,-8.74825668,-14.57598209,-11.07113815,-9.34115112,10.45279942,-0.36863819,-0.20056827,0.97025031,,,,,,,3,,,,,,,,,
7.357480,63720,6427772,,-178.40771484,1.86460650,-140.81225586,,,,,2.10317850,12.25631428,-14.10328293,-10.02652740,7.94411325,4.04873848,-43.53745626,-24.25505701,-28.40065569,-0.33400759,-0.20882130,0.94802910,,,,,,,3,,,,,,,,,
7.367404,63721,6427872,,-178.78973389,2.11992884,-140.58689880,,,,,-4.70854187,-4.32798719,-7.88866520,6.06377745,-0.54168367,-1.63442552,-10.60554038,-10.70645727,4.92494974,-0.35403121,-0.21089196,0.96570724,,,,,,,3,,,,,,,,,
7.377416,63722,6427972,,-178.96687317,2.28577828,-140.58361816,,,,,1.18404377,-7.31337214,6.96432304,4.05513096,-6.36035728,-16.68997574,-24.73731276,-33.80661894,-2.92683744,-0.35388613,-0.21231811,0.92857844,,,,,,,3,,,,,,,,,
7.387409,63723,6428072,,-179.17448425,2.62184715,-140.60810852,,,,,2.62734747,12.68810081,-25.96156311,-11.19820404,7.49956417,15.86505032,-30.66242332,-26.40324371,-16.23623221,-0.34863505,-0.22199909,0.91212440,,,,,,,3,,,,,,,,,
7.397421,63724,6428172,,-179.46641541,2.82007909,-140.40930176,,,,,-7.67285681,-8.33529186,-0.54590476,11.20847034,-1.69442749,-8.82733154,-10.88229879,-7.92342327,7.59309739,-0.34695277,-0.22013502,0.97499686,,,,,,,3,,,,,,,,,
7.407412,63725,6428272,,-179.62156677,2.92138410,-140.52191162,,,,,7.36674166,0.35801831,-5.61157799,-6.05671406,-4.58554173,-4.64033413,-26.37596223,-36.07261274,-9.35445889,-0.31543446,-0.22880000,0.91713089,,,,,,,3,,,,,,,,,
7.417383,63726,6428372,,-179.80554199,3.21087790,-140.45028687,,,,,-3.55998731,8.76867390,-21.17989922,-3.73518229,8.22978306,11.55215931,-23.98970245,-13.71122398,-7.18032003,-0.33361515,-0.23137517,0.91996747,,,,,,,3,,,,,,,,,
7.427608,63727,6428472,,179.98155212,3.44947672,-140.37446594,,,,,-2.20571661,-8.13548756,-0.31111714,6.85349846,-5.02401543,-9.33258629,-1.37940612,-18.51896510,14.33716300,-0.33442551,-0.21937810,0.95726031,,,,,,,3,,,,,,,,,
7.437448,63728,6428572,,179.94721985,3.60265160,-140.49481201,,,,,2.78953314,4.01524544,-8.89093018,-5.10671377,0.83255243,-1.11605263,-28.51200997,-38.49085488,-17.39951588,-0.30354199,-0.22900192,0.92114538,,,,,,,3,,,,,,,,,
7.447390,63729,6428672,,179.73083496,3.97798157,-140.35647583,,,,,-3.57403493,6.52645969,-18.05274010,-2.27404571,6.41008043,8.51333523,-8.86659129,-10.78094561,3.81917114,-0.32067555,-0.23112212,0.94081628,,,,,,,3,,,,,,,,,
7.457416,63730,6428772,,179.64837646,4.15381193,-140.33029175,,,,,0.47589675,-14.31684780,7.00895643,9.15701866,-11.07099533,-16.86071205,4.54290524,-27.45675258,6.64654417,-0.31560546,-0.22448200,0.92808306,,,,,,,3,,,,,,,,,
7.467570,63731,6428872,,179.65820312,4.34288692,-140.41461182,,,,,2.35553670,10.67988110,-19.26412010,-9.65857887,5.45761204,9.35509109,-27.73642492,-24.39468827,-19.59744173,-0.29125789,-0.23400229,0.90677983,,,,,,,3,,,,,,,,,
7.477425,63732,6428972,,179.40483093,4.57103443,-140.32954407,,,,,-4.93128872,-3.36583138,-8.84813213,5.45516682,-0.09075475,-0.55718207,7.07081247,-8.33585998,12.30951121,-0.31556323,-0.23505829,0.96403325,,,,,,,3,,,,,,,,,
7.487438,63733,6429072,,179.50506592,4.71417379,-140.38725281,,,,,6.62097692,-4.07115316,1.68124735,-2.38722134,-7.30820704,-12.07047844,-5.33633801,-33.54609503,0.99367598,-0.30709600,-0.23709670,0.90912515,,,,,,,3,,,,,,,,,
7.497434,63734,6429172,,179.37773132,4.97622824,-140.42642212,,,,,-4.36584473,8.58907318,-28.32546806,-3.79889154,7.47772741,18.91781998,-20.98630776,-9.60487156,-15.09299003,-0.30590051,-0.23759398,0.90269142,,,,,,,3,,,,,,,,,
7.507423,63735,6429272,,179.19488525,5.00475740,-140.29452515,,,,,-1.70407629,-6.68090296,0.22714578,5.59692192,-4.23879099,-9.86207104,13.40502916,-4.76151612,15.98721718,-0.30942470,-0.23564182,0.96454960,,,,,,,3,,,,,,,,,
7.517500,63736,6429372,,179.43383789,5.06858397,-140.40560913,,,,,5.23908043,5.30021238,-11.19208908,-8.11202431,-0.16374397,1.01071072,-13.69144631,-20.66511812,-16.09439138,-0.27975491,-0.24284831,0.93539351,,,,,,,3,,,,,,,,,
7.527540,63737,6429472,,179.35969543,5.33095407,-140.24665833,,,,,-6.23963976,-1.25578237,-10.89499569,4.92581844,2.23188734,1.59594440,7.37658637,-6.39479022,3.80355007,-0.30187413,-0.23912841,0.96354276,,,,,,,3,,,,,,,,,
7.537535,63738,6429572,,179.35427856,5.35796738,-140.27027893,,,,,1.33717799,-7.92318869,5.18162107,4.39172935,-6.69408131,-15.13701820,6.30363580,-12.60044397,10.26336327,-0.29879093,-0.23388721,0.93346083,,,,,,,3,,,,,,,,,
7.547542,63739,6429672,,179.47674561,5.36312246,-140.37527466,,,,,2.38059807,14.11917973,-24.47986984,-12.45891190,7.45618486,14.56672859,-12.32286764,-7.11665499,-17.69340868,-0.28078437,-0.23466012,0.91028523,,,,,,,3,,,,,,,,,
7.557441,63740,6429772,,179.45802307,5.45725727,-140.21482849,,,,,-4.89163160,-11.48680115,-0.87425327,11.04885292,-5.96416998,-8.50672817,25.56508046,0.23989577,15.83527620,-0.28711250,-0.22305751,0.96436596,,,,,,,3,,,,,,,,,
7.567548,63741,6429872,,179.52375793,5.44568872,-140.36940002,,,,,3.68834734,5.81724739,-10.15794659,-7.22003365,1.34293222,0.04545641,-7.16240872,-11.41866074,-3.55804938,-0.27697825,-0.23089166,0.92718583,,,,,,,3,,,,,,,,,
7.577416,63742,6429972,,179.54917908,5.51237822,-140.39480591,,,,,-3.21703410,9.82743645,-21.89842796,-5.32701778,8.03135109,12.42163181,3.57844304,2.16536719,-4.13362451,-0.29654232,-0.23584327,0.92948312,,,,,,,3,,,,,,,,,
7.587422,63743,6430072,,179.60343933,5.53355837,-140.29859924,,,,,0.65953934,-16.16824341,7.19249487,10.27388191,-12.54563808,-17.03548431,23.28596245,-0.59351094,15.13866009,-0.29385194,-0.22629531,0.94449055,,,,,,,3,,,,,,,,,
7.597430,63744,6430172,,179.78788757,5.50908232,-140.44892883,,,,,2.57707047,10.45294571,-19.07675362,-9.99709606,4.94872618,9.03869152,-15.53767120,-6.48136842,-15.93919924,-0.26752824,-0.22768626,0.91689402,,,,,,,3,,,,,,,,,
7.607477,63745,6430272,,179.65301514,5.54904556,-140.38894653,,,,,-6.11850834,-5.61929989,-6.13342094,7.84201908,-0.97449517,-3.05315804,23.83338674,10.66347575,11.35733161,-0.29396382,-0.22918312,0.96670842,,,,,,,3,,,,,,,,,
7.617448,63746,6430372,,179.82324219,5.48575211,-140.41821289,,,,,7.51044750,-1.67631376,-3.50250387,-4.97061586,-6.36797333,-7.00931883,-3.58166326,-6.08566483,5.22937938,-0.29109117,-0.23305337,0.92559654,,,,,,,3,,,,,,,,,
7.627455,63747,6430472,,179.78060913,5.47583485,-140.47463989,,,,,-4.32668972,9.62258148,-26.29427910,-4.70495367,8.36093903,16.86104202,-11.31157020,7.34749148,-12.61204846,-0.29570132,-0.23393075,0.91418004,,,,,,,3,,,,,,,,,
7.637515,63748,6430572,,179.63383484,5.35499144,-140.40489197,,,,,-2.31884360,-9.23839855,1.21971118,7.77127361,-5.79517651,-10.72194290,17.42741721,11.69930552,22.34067451,-0.30094138,-0.22474770,0.97119653,,,,,,,3,,,,,,,,,
7.647367,63749,6430672,,179.90672302,5.23643064,-140.56236267,,,,,5.31238317,8.88297081,-11.83264256,-10.57404709,2.60492229,1.60781145,-14.88828584,-0.66332273,-13.31136421,-0.27472052,-0.22709540,0.94012100,,,,,,,3,,,,,,,,,
7.657507,63750,6430772,,179.76812744,5.29989910,-140.50949097,,,,,-4.49469233,-5.43370676,-8.77173805,6.33133221,-1.99187493,-0.64312029,4.11271645,10.87468142,14.38763810,-0.30013582,-0.23051810,0.96418256,,,,,,,3,,,,,,,,,
7.667457,63751,6430872,,179.70098877,5.26148701,-140.58078003,,,,,2.91778874,-4.02562714,3.49247861,0.57539201,-4.87169552,-13.51639271,4.28488673,-6.28665510,7.74567358,-0.29820603,-0.22957370,0.92561591,,,,,,,3,,,,,,,,,
7.677453,63752,6430972,,179.81805420,5.20139885,-140.70722961,,,,,-2.37736821,10.86456203,-23.96609116,-6.63005829,8.24261284,14.40674591,-14.08772876,6.59476493,-13.30105404,-0.29622525,-0.23008226,0.91473311,,,,,,,3,,,,,,,,,
7.687500,63753,6431072,,179.67672729,5.16691017,-140.56739807,,,,,-3.67056584,-9.10953808,-2.36847615,8.43882561,-5.04493046,-7.08985615,18.79716383,9.05182943,19.08810598,-0.30351987,-0.21798319,0.96832216,,,,,,,3,,,,,,,,,
7.697561,63754,6431172,,179.82778931,5.02937222,-140.74023438,,,,,6.39449739,5.27939367,-11.00406456,-8.97267532,-0.66588676,0.58858538,-9.75368687,-9.33503981,-3.81255695,-0.27557647,-0.21842059,0.89325190,,,,,,,3,,,,,,,,,
7.707576,63755,6431272,,179.78930664,5.13872766,-140.74299622,,,,,-6.17515230,6.61791563,-19.76739502,-0.67871356,7.84700775,10.47198105,4.23044244,14.23334840,-2.32086584,-0.29982087,-0.22473925,0.90886253,,,,,,,3,,,,,,,,,
7.717411,63756,6431372,,179.83663940,5.09020901,-140.66175842,,,,,0.33925679,-14.90315533,5.36327171,9.48962307,-11.54650116,-15.16254807,16.19628244,0.19285398,11.61133525,-0.29877454,-0.21613227,0.94363725,,,,,,,3,,,,,,,,,
7.727485,63757,6431472,,179.94934082,5.03878784,-140.77906799,,,,,4.20041752,10.71325684,-17.54397392,-11.23204231,4.44914341,7.37371063,-10.93642035,-7.59306922,-18.57929275,-0.27631128,-0.21890253,0.92589474,,,,,,,3,,,,,,,,,
7.737436,63758,6431572,,179.87103271,5.08518028,-140.62904358,,,,,-6.93421793,0.36283150,-9.99787426,4.49115610,3.99567080,0.76304436,13.52500570,12.80895172,9.42982149,-0.30708042,-0.22320440,0.97119021,,,,,,,3,,,,,,,,,
7.747439,63759,6431672,,-179.96231079,5.03429890,-140.65533447,,,,,4.58697701,-8.59408379,5.20696878,2.31539631,-9.33023071,-15.39056873,9.34128004,-12.93519667,1.63077223,-0.29826564,-0.22140811,0.91486019,,,,,,,3,,,,,,,,,
7.757466,63760,6431772,,-179.87126160,5.10386562,-140.67401123,,,,,-1.54246092,12.00998878,-26.12096977,-8.18380737,8.64202118,16.43298149,-12.57318981,3.93661880,-16.84803616,-0.30052692,-0.21848600,0.90549469,,,,,,,3,,,,,,,,,
7.767467,63761,6431872,,179.95179749,5.00657463,-140.55836487,,,,,-4.30106306,-6.95521021,-4.36256790,7.42372561,-3.10806465,-4.96717072,18.72906343,13.86808781,16.18778568,-0.31264597,-0.21206862,0.96589619,,,,,,,3,,,,,,,,,
7.777413,63762,6431972,,-179.82539368,4.88753700,-140.67123413,,,,,7.26611853,0.49704543,-6.37517071,-6.30052900,-4.61723232,-4.12959814,1.45319532,-13.33461674,-14.63710734,-0.28310668,-0.21687187,0.93430370,,,,,,,3,,,,,,,,,
7.787502,63763,6432072,,-179.80950928,4.98552322,-140.56214905,,,,,-3.09182048,7.24009180,-23.44454765,-3.74669361,6.32611084,13.78730392,-3.07790928,15.67957692,-6.31900458,-0.30261678,-0.21943162,0.95296615,,,,,,,3,,,,,,,,,
7.797452,63764,6432172,,-179.88893127,4.86297894,-140.49327087,,,,,-3.06460118,-9.66177273,2.76886415,8.70697403,-5.49592352,-12.22678757,12.23186903,6.35255361,9.94232388,-0.30588609,-0.21217872,0.95751745,,,,,,,3,,,,,,,,,
7.807509,63765,6432272,,-179.68298340,4.73033476,-140.56637573,,,,,4.37281561,5.59468603,-11.72423172,-7.70386791,0.86973763,1.49320316,-6.94457947,-6.09359553,-20.64698567,-0.28239709,-0.22024004,0.92584300,,,,,,,3,,,,,,,,,
7.817463,63766,6432372,,-179.76165771,4.84796524,-140.37185669,,,,,-5.45046234,2.42089200,-14.98306847,1.67053056,4.55332041,5.54107285,5.46415262,13.12104099,2.05880130,-0.30732164,-0.22319731,0.96426243,,,,,,,3,,,,,,,,,
7.827465,63767,6432472,,-179.74725342,4.71390009,-140.36616516,,,,,2.99346495,-7.47575092,6.07102633,2.93132019,-7.45655012,-16.01251221,9.64321624,-1.86038195,2.95362651,-0.30512944,-0.22033520,0.92077988,,,,,,,3,,,,,,,,,
7.837507,63768,6432572,,-179.61070251,4.67853212,-140.38034058,,,,,-0.50146258,12.97407436,-24.13298416,-9.47572994,8.92435455,14.32844639,-20.04376386,1.97939394,-24.07955700,-0.29772404,-0.21661344,0.90603316,,,,,,,3,,,,,,,,,
7.847624,63769,6432672,,-179.74551392,4.73005295,-140.16510010,,,,,-3.91124868,-12.73040771,-2.48106503,10.94997597,-7.63396978,-6.83544445,17.53117119,3.54072311,11.17463430,-0.30475140,-0.20500211,0.96703714,,,,,,,3,,,,,,,,,
7.857527,63770,6432772,,-179.73991394,4.70724726,-140.22192383,,,,,4.10796452,4.89245796,-9.63887691,-6.90532255,0.55201340,-0.53055382,-20.42199241,-8.78184998,-14.57757200,-0.28451976,-0.21204929,0.93684673,,,,,,,3,,,,,,,,,
7.867445,63771,6432872,,-179.81208801,4.76230431,-140.16647339,,,,,-4.42458820,7.15390015,-23.43015480,-2.71591020,7.10484791,13.88719749,-0.18981116,8.99720158,-9.94185858,-0.30758941,-0.22174980,0.95735735,,,,,,,3,,,,,,,,,
7.877450,63772,6432972,,-179.79388428,4.70940256,-139.97215271,,,,,0.26099965,-11.30612278,5.47811174,7.41527271,-8.67688560,-15.20096588,13.15281930,-2.68491428,5.73373463,-0.30596131,-0.21649539,0.95299590,,,,,,,3,,,,,,,,,
7.887441,63773,6433072,,-179.68652344,4.71574831,-140.05218506,,,,,5.18944502,7.79050493,-15.07517529,-9.97561646,1.73000526,4.75826025,-16.12493770,-13.63036307,-22.46413189,-0.28349406,-0.21734037,0.92291486,,,,,,,3,,,,,,,,,
7.897403,63774,6433172,,-179.81495667,4.81502151,-139.89834595,,,,,-7.73534632,1.73719656,-10.40692043,4.14304209,5.70150900,1.17553520,7.60375761,15.83746528,8.22745890,-0.31106409,-0.21978134,0.98013008,,,,,,,3,,,,,,,,,
7.907480,63775,6433272,,-179.80220032,4.73044252,-139.94166565,,,,,3.41398597,-10.79243088,6.81025887,4.82035637,-10.16369820,-16.82879639,-1.07763982,-8.67848276,-0.03649416,-0.30055216,-0.22233611,0.92967683,,,,,,,3,,,,,,,,,
7.917475,63776,6433372,,-179.83174133,4.75754547,-139.92707825,,,,,1.77696943,12.61966419,-25.29460716,-11.05322361,6.99233866,15.31596279,-28.58131932,0.07876509,-19.86436723,-0.30163318,-0.22374985,0.91134292,,,,,,,3,,,,,,,,,
7.927576,63777,6433472,,179.86860657,4.68226719,-139.78804016,,,,,-6.09335327,-3.29926276,-6.61737490,6.37263584,0.88668323,-2.66539478,7.70947443,19.60144763,12.33014692,-0.32111129,-0.21769054,0.97615469,,,,,,,3,,,,,,,,,
7.937544,63778,6433572,,-179.96449280,4.43794489,-139.85115051,,,,,3.96832275,-4.18508244,0.43229330,-0.20929444,-5.73924160,-10.61136341,-4.60144892,-4.65022715,-16.33221686,-0.29504442,-0.22195317,0.93960571,,,,,,,3,,,,,,,,,
7.947468,63779,6433672,,179.91624451,4.48984241,-139.74447632,,,,,1.31197214,8.85220337,-25.72803879,-8.04917717,4.48682022,15.80225372,-24.71400474,15.44907340,-8.02379034,-0.30886191,-0.22892235,0.94387889,,,,,,,3,,,,,,,,,
7.957536,63780,6433772,,179.66654968,4.35780764,-139.66918945,,,,,-5.62811661,-7.30437326,-0.76407254,8.99390030,-2.12467051,-8.65039635,6.60104913,23.03375430,11.53737711,-0.31934604,-0.22731631,0.96760023,,,,,,,3,,,,,,,,,
7.967439,63781,6433872,,179.74804688,4.11846733,-139.77810669,,,,,5.58040714,-1.68794858,-5.10640001,-3.34556818,-5.22290134,-5.17091370,-11.92110226,-9.81149161,-18.65746597,-0.29486552,-0.23443523,0.93792468,,,,,,,3,,,,,,,,,
7.977516,63782,6433972,,179.66543579,4.23368073,-139.58686829,,,,,-2.95265889,10.55445194,-23.93202591,-5.66497135,8.72150326,14.35849953,-15.69807649,21.72509176,-4.42751602,-0.31398475,-0.23364142,0.95614749,,,,,,,3,,,,,,,,,
7.987505,63783,6434072,,179.49778748,4.00156689,-139.55120850,,,,,-4.26792097,-9.92423630,3.10457230,9.84923553,-4.77141619,-12.63883877,10.30593157,16.77534758,11.97454166,-0.31940109,-0.22778866,0.95225489,,,,,,,3,,,,,,,,,
7.997600,63784,6434172,,179.62535095,3.77539277,-139.62054443,,,,,4.98368216,7.19963074,-13.43790627,-9.05729008,1.47159600,3.32762623,-23.30670915,-5.18806058,-20.69903342,-0.29551131,-0.23489609,0.91911334,,,,,,,3,,,,,,,,,
8.007491,63785,6434272,,179.41656494,3.85971475,-139.45387268,,,,,-4.06801128,2.13651252,-15.32150841,1.05542922,3.46585941,5.77830076,1.75354093,18.69286001,3.87248418,-0.32069981,-0.23689178,0.96397847,,,,,,,3,,,,,,,,,
8.017653,63786,6434372,,179.33969116,3.68646359,-139.51698303,,,,,0.91323245,-10.50296116,7.34811783,6.48559380,-8.33864212,-17.24693298,1.21787897,4.91871975,7.14020463,-0.32750568,-0.22189823,0.96566600,,,,,,,3,,,,,,,,,
8.027492,63787,6434472,,179.44839478,3.59242344,-139.54110718,,,,,2.23103046,11.35318089,-25.38517380,-10.05290222,5.66835499,15.61460209,-28.00468401,3.61011996,-27.35187161,-0.30244809,-0.22614302,0.92713326,,,,,,,3,,,,,,,,,
8.037482,63788,6434572,,179.13151550,3.56921411,-139.29808044,,,,,-4.30849171,-8.94940662,-2.53940344,9.03977966,-4.29220724,-7.09131289,10.81596655,13.31924796,8.71489535,-0.32325944,-0.24261048,0.96832800,,,,,,,3,,,,,,,,,
8.047472,63789,6434672,,179.12237549,3.50089145,-139.36682129,,,,,4.66236305,1.75703824,-7.84418058,-4.94500160,-2.19733572,-2.22110224,-22.08938844,-4.67290423,-12.40210552,-0.31657308,-0.24750538,0.92820847,,,,,,,3,,,,,,,,,
8.057571,63790,6434772,,178.94987488,3.46943736,-139.24124146,,,,,-3.79406142,10.96525478,-22.81894302,-4.98402023,9.50096035,13.41543865,-22.09303063,18.77657593,-13.43872333,-0.31963035,-0.24744502,0.90790898,,,,,,,3,,,,,,,,,
8.067581,63791,6434872,,178.75433350,3.25993657,-139.09530640,,,,,-3.16539145,-13.22132301,6.24943352,11.25234890,-7.73915100,-16.08024216,1.00018227,15.14730711,9.86280597,-0.34027627,-0.24424833,0.97811192,,,,,,,3,,,,,,,,,
8.077475,63792,6434972,,178.74456787,3.09547734,-139.18493652,,,,,3.63916636,9.39808178,-14.55633068,-9.31425667,3.77292204,4.78472042,-42.28146302,-8.38505868,-20.46207196,-0.31234539,-0.24950191,0.94056702,,,,,,,3,,,,,,,,,
8.087566,63793,6435072,,178.39340210,3.19014978,-139.01686096,,,,,-4.86264610,5.36344671,-14.15759468,-0.14323235,6.40344524,4.73216867,-4.57980192,18.37292883,6.19083523,-0.33124092,-0.25494716,0.94830221,,,,,,,3,,,,,,,,,
8.097496,63794,6435172,,178.31402588,3.04877973,-139.02754211,,,,,-0.86374909,-13.86014843,4.93865681,9.87072372,-9.59896374,-15.17821503,-19.37887738,1.47010089,-0.85131243,-0.33194900,-0.25445828,0.95523304,,,,,,,3,,,,,,,,,
8.107597,63795,6435272,,178.16661072,3.05071712,-139.08715820,,,,,7.45136070,7.48457813,-19.16605186,-10.86544418,-0.53305650,9.12348366,-23.88286122,-10.43746650,-14.14865576,-0.30720654,-0.25869972,0.92115158,,,,,,,3,,,,,,,,,
8.117593,63796,6435372,,177.86029053,3.17075348,-138.93939209,,,,,-6.46518755,1.27050042,-11.39640141,3.95267057,4.41464329,1.89170074,-13.33877547,23.95949765,11.81432420,-0.33509207,-0.25776637,0.95763868,,,,,,,3,,,,,,,,,
8.127530,63797,6435472,,177.73851013,2.97230911,-139.05189514,,,,,-0.05205593,-10.22798157,6.44502068,6.93565321,-7.30013180,-16.60814857,-5.15563254,-8.03187985,-3.20858382,-0.32828560,-0.26170501,0.92149299,,,,,,,3,,,,,,,,,
8.137501,63798,6435572,,177.76412964,2.98676205,-139.04067993,,,,,3.95013618,9.67290592,-22.34636307,-9.55743980,3.10202336,12.66844463,-23.35562525,-1.96736470,-11.50199075,-0.30478296,-0.26304847,0.89388311,,,,,,,3,,,,,,,,,
8.147478,63799,6435672,,177.56529236,3.02366328,-138.88809204,,,,,-6.35661125,1.03306162,-9.69271183,4.08290720,4.24762154,0.19857550,3.54497981,17.99400701,10.26413593,-0.33602449,-0.26591459,0.96690547,,,,,,,3,,,,,,,,,
8.157501,63800,6435772,,177.55674744,2.83285332,-138.99838257,,,,,1.11892605,-11.96654034,6.93833542,7.16894293,-9.29338074,-17.30706024,-5.67906836,-9.78825531,0.85691836,-0.32823536,-0.26843068,0.93276626,,,,,,,3,,,,,,,,,
8.167478,63801,6435872,,177.54617310,2.98853803,-139.01074219,,,,,4.67987108,14.28639698,-26.73895264,-13.13855743,5.75779247,17.26915741,-17.14378848,-8.62121930,-10.89629641,-0.31399566,-0.26577508,0.89775181,,,,,,,3,,,,,,,,,
8.177646,63802,6435972,,177.36335754,3.02213812,-138.90065002,,,,,-7.70708179,-6.21267366,-3.37410426,9.89356041,-0.02890158,-6.33946419,4.86009410,19.41404090,14.29983943,-0.34299949,-0.26627803,0.96884376,,,,,,,3,,,,,,,,,
8.187490,63803,6436072,,177.38592529,2.87763548,-139.04104614,,,,,3.17931366,-3.38664126,1.87196922,-0.08827186,-4.54552984,-12.02523232,-10.53090178,-17.78626168,-6.55642750,-0.32712400,-0.27276450,0.92181849,,,,,,,3,,,,,,,,,
8.197688,63804,6436172,,177.32269287,2.97974563,-138.99711609,,,,,0.77198231,9.75390339,-25.50071716,-7.09548092,4.98887634,16.07744217,-15.86097821,4.85819958,-4.08064871,-0.33065730,-0.27797472,0.89846462,,,,,,,3,,,,,,,,,
8.207492,63805,6436272,,177.15969849,2.92453384,-138.97749329,,,,,-5.40257931,-4.90397310,-2.77635622,7.31020784,-0.48724556,-6.99185658,6.54555811,13.53248561,18.70944883,-0.34878638,-0.26953793,0.96282595,,,,,,,3,,,,,,,,,
8.217581,63806,6436372,,177.24276733,2.76231122,-139.13270569,,,,,4.17810488,-4.69395399,-0.94884896,0.01077032,-6.36307812,-9.37567329,-8.59313015,-16.99141720,-12.23622072,-0.31817526,-0.26907632,0.92439556,,,,,,,3,,,,,,,,,
8.227623,63807,6436472,,177.16030884,3.00830317,-139.02864075,,,,,1.63390100,11.46457481,-25.74923897,-8.78104115,5.77002525,16.34979248,-8.15656410,8.24173399,2.79904951,-0.32914990,-0.27512795,0.91632855,,,,,,,3,,,,,,,,,
8.237723,63808,6436572,,177.11662292,2.90318036,-139.06048584,,,,,-7.61114502,-8.34946632,1.32689023,11.25949860,-1.32725644,-11.16287708,11.30611202,12.71749719,13.26646084,-0.34815663,-0.26858488,0.95443332,,,,,,,3,,,,,,,,,
8.247501,63809,6436672,,177.17852783,2.77012086,-139.21780396,,,,,5.73623705,-1.10525823,-4.70820045,-3.53265619,-4.93256855,-5.51578760,-3.57399083,-21.75948176,-10.49820908,-0.31843355,-0.26665753,0.89128369,,,,,,,3,,,,,,,,,
8.257495,63810,6436772,,177.18353271,2.93480086,-139.05364990,,,,,-0.74607873,8.75485802,-24.24072456,-5.17609692,5.36698437,14.84128284,-7.08907981,13.44847257,-4.74980106,-0.32590228,-0.27133125,0.89018273,,,,,,,3,,,,,,,,,
8.267596,63811,6436872,,177.12474060,2.81400609,-139.02516174,,,,,-5.69469786,-9.60712910,0.01716767,10.66771221,-3.60872126,-9.99690628,16.52194415,10.42844125,11.02805758,-0.34939438,-0.26952595,0.95886505,,,,,,,3,,,,,,,,,
8.277542,63812,6436972,,177.26976013,2.71105242,-139.09402466,,,,,3.88900971,5.06037951,-8.05480766,-6.27853870,0.63502884,-1.71358538,-13.61507370,-26.92588295,-17.45481992,-0.32337239,-0.27042815,0.92286384,,,,,,,3,,,,,,,,,
8.287478,63813,6437072,,177.18261719,3.00644159,-138.94911194,,,,,-2.91880488,6.95026875,-21.87522697,-2.45180178,5.58786917,12.49075127,3.00146324,5.37566965,3.51187815,-0.33215821,-0.27268150,0.92575264,,,,,,,3,,,,,,,,,
8.297590,63814,6437172,,177.18746948,3.00874090,-138.91136169,,,,,-3.13360834,-9.44642448,5.81917667,8.64822197,-4.72082901,-15.90085888,10.46519536,-5.95711384,1.61206221,-0.34119099,-0.26678154,0.95301253,,,,,,,3,,,,,,,,,
8.307472,63815,6437272,,177.35293579,3.04270411,-138.96539307,,,,,6.12547779,2.99643064,-13.61777210,-6.68112755,-2.84949064,3.48339748,-8.02431797,-26.44669566,-22.49351707,-0.31222680,-0.26869452,0.91997862,,,,,,,3,,,,,,,,,
8.317487,63816,6437372,,177.27461243,3.31410909,-138.75796509,,,,,-4.04538393,6.42969751,-17.60738182,-1.31998193,6.24701500,8.23585796,9.69630132,9.96240037,2.21157811,-0.32834274,-0.27035296,0.94213569,,,,,,,3,,,,,,,,,
8.327462,63817,6437472,,177.36434937,3.20814991,-138.75033569,,,,,-2.41498351,-12.23171234,3.53417110,10.02327633,-7.36795950,-13.71580124,14.18251386,-8.33516244,-6.44593724,-0.32566431,-0.26799092,0.92585951,,,,,,,3,,,,,,,,,
8.337486,63818,6437572,,177.51785278,3.28496790,-138.70129395,,,,,5.64914083,8.29059219,-16.88899803,-9.93613052,1.13556075,7.02438545,-7.93497910,-24.24914036,-23.85622348,-0.29956555,-0.26745579,0.89284998,,,,,,,3,,,,,,,,,
8.347454,63819,6437672,,177.45825195,3.53812242,-138.45935059,,,,,-6.10427809,4.05345297,-15.28779888,1.73369980,5.93681717,5.95201302,7.58949703,9.76730882,0.54001103,-0.32698002,-0.27086109,0.95400870,,,,,,,3,,,,,,,,,
8.357493,63820,6437772,,177.46157837,3.41962910,-138.44898987,,,,,-1.02702057,-13.06680584,7.06046534,9.63542175,-8.59460068,-17.33504868,7.43229681,-9.69806864,-4.15956215,-0.32129148,-0.26759240,0.94369906,,,,,,,3,,,,,,,,,
8.367623,63821,6437872,,177.59272766,3.51031804,-138.41999817,,,,,6.29807806,11.48540592,-20.50130844,-12.69456482,2.67801094,10.74282837,-11.18087368,-19.32263931,-25.42324646,-0.29870850,-0.26603544,0.90475100,,,,,,,3,,,,,,,,,
8.377598,63822,6437972,,177.47494507,3.70331025,-138.17721558,,,,,-7.07946253,-0.87143534,-8.06774139,5.75232124,3.34106255,-1.38515711,6.77416156,10.49004700,1.06384935,-0.32894889,-0.27659127,0.96182430,,,,,,,3,,,,,,,,,
8.387482,63823,6438072,,177.49798584,3.69288611,-138.18403625,,,,,1.83390784,-9.03944588,4.22055101,4.84748411,-7.62385416,-14.56170940,-4.25805860,-24.46447914,-13.48582773,-0.31568542,-0.28064299,0.93560439,,,,,,,3,,,,,,,,,
8.397510,63824,6438172,,177.46310425,3.91257405,-138.05563354,,,,,3.08295846,10.45105076,-25.78943443,-9.71733856,3.51068449,16.18160629,-22.16443855,-12.30015983,-21.98027104,-0.30581972,-0.27887759,0.90945959,,,,,,,3,,,,,,,,,
8.407485,63825,6438272,,177.21228027,3.95842433,-137.86061096,,,,,-7.88591719,-3.97525096,-3.58195567,8.49259853,1.89170170,-5.90768385,6.40820301,12.23214053,5.56798387,-0.33561426,-0.27600408,0.97317964,,,,,,,3,,,,,,,,,
8.417524,63826,6438372,,177.30187988,3.89202189,-137.91662598,,,,,3.14750338,-5.41393948,-0.29889160,1.45527124,-6.11562157,-10.01164055,-2.42769725,-27.82681393,-21.60814526,-0.30755043,-0.27885625,0.92726260,,,,,,,3,,,,,,,,,
8.427484,63827,6438472,,177.36322021,4.10711002,-137.71153259,,,,,5.42405415,8.77765369,-22.88908386,-10.27955151,0.83955288,13.04220200,-15.48053325,-7.82370336,-17.30534465,-0.30442578,-0.28946403,0.91672039,,,,,,,3,,,,,,,,,
8.437533,63828,6438572,,177.19540405,4.18871117,-137.51123047,,,,,-8.96712780,-0.00268074,-10.61840153,6.48706675,5.08602047,1.31851912,2.21804844,20.23469155,2.10806425,-0.33456105,-0.28706631,0.98389453,,,,,,,3,,,,,,,,,
8.447524,63829,6438672,,177.23579407,3.96113753,-137.55815125,,,,,0.67401600,-7.58769894,5.67038393,4.90426254,-5.50717688,-15.89565563,2.13902016,-19.07262195,-11.61844206,-0.30761191,-0.28605855,0.93506438,,,,,,,3,,,,,,,,,
8.457526,63830,6438772,,177.29640198,4.16449070,-137.43516541,,,,,4.93558598,9.17672062,-24.04276466,-10.27744389,1.20810676,14.24638557,-15.75213914,-13.73535503,-18.78736763,-0.29592603,-0.28384313,0.90745157,,,,,,,3,,,,,,,,,
8.467559,63831,6438872,,177.13755798,4.30170202,-137.24513245,,,,,-5.53509617,-2.75282407,-7.50690794,5.82622671,0.95725751,-2.12238765,11.83165666,16.49006595,4.86438218,-0.32024330,-0.27866039,0.96777236,,,,,,,3,,,,,,,,,
8.477532,63832,6438972,,177.23399353,4.17448473,-137.29579163,,,,,0.73426610,-7.53736115,2.34843421,4.77740049,-5.78092003,-12.61296463,2.57579262,-16.88085522,-19.32131426,-0.29876554,-0.28428686,0.93365252,,,,,,,3,,,,,,,,,
8.487755,63833,6439072,,177.32635498,4.36844301,-137.10723877,,,,,5.26983500,8.90499306,-21.20958138,-10.33130932,1.00261545,11.32736778,-9.44130475,-9.74561444,-16.58113628,-0.29871413,-0.29052079,0.91821659,,,,,,,3,,,,,,,,,
8.497580,63834,6439172,,177.24771118,4.42034674,-136.95745850,,,,,-7.95775890,1.03908074,-11.91626453,4.90828037,5.12909937,2.62081909,15.97060103,24.43311492,2.84148313,-0.32604152,-0.28624472,0.97257078,,,,,,,3,,,,,,,,,
8.507511,63835,6439272,,177.42422485,4.16964006,-136.98745728,,,,,-0.64922577,-8.60059452,2.87593865,6.56406832,-5.55912161,-13.01137352,12.67663388,-9.88950262,-15.46562978,-0.29963201,-0.28426725,0.92226905,,,,,,,3,,,,,,,,,
8.517555,63836,6439372,,177.54263306,4.25557899,-136.80505371,,,,,6.94411993,9.27817917,-21.31460381,-11.84602356,0.05598688,11.33617878,-15.22164518,-12.51656327,-19.42978449,-0.29002035,-0.28393996,0.90154254,,,,,,,3,,,,,,,,,
8.527471,63837,6439472,,177.40817261,4.39260626,-136.62890625,,,,,-7.50900602,-1.47334933,-7.96603203,6.33415461,3.28195214,-1.42586827,13.54909321,22.21484535,6.99698794,-0.31998283,-0.28250706,0.97315508,,,,,,,3,,,,,,,,,
8.537504,63838,6439572,,177.48872375,4.11254215,-136.66317749,,,,,0.50118750,-7.50975227,3.94801974,5.02208519,-5.45022297,-14.12476730,0.84100925,-4.52283089,-17.73736607,-0.30281940,-0.28517464,0.92471248,,,,,,,3,,,,,,,,,
8.547609,63839,6439672,,177.56900024,4.07091951,-136.50013733,,,,,4.79133415,9.47781181,-23.45185661,-10.41494751,1.55851555,13.65865993,-13.39803846,7.63812200,-19.64680863,-0.30003455,-0.28857428,0.90834558,,,,,,,3,,,,,,,,,
8.557624,63840,6439772,,177.43949890,4.00234270,-136.30476379,,,,,-6.80065918,-1.31115079,-10.08627892,5.70637274,2.86711550,0.58582687,11.05820006,32.58384432,3.59772531,-0.32351249,-0.28101090,0.98058248,,,,,,,3,,,,,,,,,
8.567657,63841,6439872,,177.57676697,3.69404006,-136.34500122,,,,,1.29017937,-6.20399475,1.88388789,3.55915308,-5.16587687,-12.06126404,11.44383767,-7.93304274,-15.07362132,-0.30183339,-0.28327826,0.94057977,,,,,,,3,,,,,,,,,
8.577576,63842,6439972,,177.72102356,3.78459978,-136.16593933,,,,,4.56739759,7.22356606,-23.47144699,-8.64734268,0.17149258,13.57886791,-4.95806121,1.80496842,-23.48965576,-0.30709082,-0.29134065,0.92014062,,,,,,,3,,,,,,,,,
8.587616,63843,6440072,,177.68693542,3.77095008,-135.92518616,,,,,-7.23303938,-1.21225309,-8.65892029,5.94265127,3.45564866,-0.85207319,19.87518966,29.30496078,-3.05230802,-0.33082271,-0.28280410,0.97210652,,,,,,,3,,,,,,,,,
8.597548,63844,6440172,,177.85899353,3.51508880,-135.90632629,,,,,0.34315869,-8.88523865,3.47871566,6.13821125,-6.32958174,-13.63715267,11.73566348,-2.37157060,-18.57752544,-0.30424872,-0.28227109,0.92574078,,,,,,,3,,,,,,,,,
8.607601,63845,6440272,,178.01382446,3.52662063,-135.70100403,,,,,5.52598858,12.20550060,-22.10453796,-12.84059525,3.21335840,12.37267494,-7.21612047,-2.73253052,-21.33565657,-0.30171394,-0.28518349,0.90245372,,,,,,,3,,,,,,,,,
8.617531,63846,6440372,,177.96276855,3.55438781,-135.45065308,,,,,-7.94618511,-2.13210607,-7.73266125,7.08008766,3.43179250,-1.75677967,16.13814045,28.52785943,-1.40625121,-0.32593876,-0.27568457,0.96779090,,,,,,,3,,,,,,,,,
8.627587,63847,6440472,,178.06845093,3.31019902,-135.47747803,,,,,2.82762671,-5.41707706,-1.25073934,1.91957331,-5.89711905,-8.92414856,8.33560982,-9.95420329,-21.31830618,-0.30544135,-0.28034019,0.94654530,,,,,,,3,,,,,,,,,
8.637612,63848,6440572,,178.25720215,3.40570569,-135.25178528,,,,,4.03939867,8.88554668,-23.23907280,-9.49383736,1.85536861,13.43455124,-2.94229096,1.37762440,-28.00065591,-0.30881858,-0.28747445,0.92662501,,,,,,,3,,,,,,,,,
8.647644,63849,6440672,,178.19294739,3.37672806,-134.94313049,,,,,-8.01852608,-5.05204391,-5.54307079,9.21090603,1.65270185,-4.01185274,14.33975164,26.06119467,-2.00296343,-0.33092964,-0.27608269,0.97270715,,,,,,,3,,,,,,,,,
8.657605,63850,6440772,,178.28239441,3.17711973,-134.93687439,,,,,3.63743448,-5.79680157,0.01562993,1.66375899,-6.67129564,-10.19961262,4.18236047,-8.91648155,-26.59169034,-0.30347151,-0.27652955,0.93770981,,,,,,,3,,,,,,,,,
8.667541,63851,6440872,,178.35748291,3.23344040,-134.66723633,,,,,2.37363577,10.29681778,-23.57678795,-9.27117920,4.06692600,13.93920803,-13.53853203,12.88004460,-25.50301624,-0.31211668,-0.29077798,0.92457712,,,,,,,3,,,,,,,,,
8.677580,63852,6440972,,178.24913025,3.07759619,-134.41482544,,,,,-9.42861271,-4.75261354,-6.49125195,9.97016239,2.90419197,-2.99650288,14.28310035,29.92851607,-2.65481705,-0.34052628,-0.28840739,0.98730665,,,,,,,3,,,,,,,,,
8.687512,63853,6441072,,178.38031006,2.75632381,-134.33129883,,,,,4.64278507,-0.29375613,-1.05984223,-2.94316578,-3.55356884,-9.03370857,-7.13954466,-10.38777602,-25.79059623,-0.31582138,-0.28688920,0.95529521,,,,,,,3,,,,,,,,,
8.697643,63854,6441172,,178.30271912,2.86845231,-134.13436890,,,,,1.98628581,9.19005299,-25.74707031,-8.20733070,3.45656061,16.08961487,-13.45846258,9.28587013,-17.01418051,-0.31810802,-0.29163843,0.92750204,,,,,,,3,,,,,,,,,
8.707633,63855,6441272,,178.16178894,2.78832889,-133.95141602,,,,,-7.09310102,-6.92108250,-3.06261516,9.92469597,-0.03518844,-6.59976006,13.60192131,26.07451695,-1.86573597,-0.34109583,-0.28647110,0.97199690,,,,,,,3,,,,,,,,,
8.717607,63856,6441372,,178.34738159,2.51597285,-133.90516663,,,,,4.62769556,-4.00550938,-0.70980853,-0.20914030,-6.14818335,-9.51371002,-7.16103628,-13.10398174,-32.37138104,-0.31422511,-0.28643259,0.94739431,,,,,,,3,,,,,,,,,
8.727658,63857,6441472,,178.25263977,2.65213990,-133.62030029,,,,,-0.20811690,9.77605057,-25.15531731,-6.99978542,5.58721352,15.62178040,-12.44942166,19.82112189,-14.89598005,-0.32393053,-0.29538903,0.94720381,,,,,,,3,,,,,,,,,
8.737648,63858,6441572,,178.12007141,2.52000093,-133.50309753,,,,,-6.41032171,-5.70594835,-3.30067945,8.59114552,0.44393063,-6.42947531,7.63578437,19.99545563,1.36634359,-0.34312677,-0.28884032,0.97986537,,,,,,,3,,,,,,,,,
8.747551,63859,6441672,,178.27703857,2.31330466,-133.44674683,,,,,5.03608608,-2.45163655,-4.85572386,-1.64066458,-5.65556622,-5.27160740,-0.56458744,-15.74614736,-33.61636402,-0.31392670,-0.28739521,0.94193822,,,,,,,3,,,,,,,,,
8.757574,63860,6441772,,178.23832703,2.47675967,-133.12504578,,,,,-1.40829182,9.46210861,-21.11427116,-5.92813110,6.43854141,11.62952232,-9.67862479,13.29004292,-15.94749450,-0.32450306,-0.29729757,0.94321263,,,,,,,3,,,,,,,,,
8.767691,63861,6441872,,178.13520813,2.33706570,-132.98731995,,,,,-7.51074648,-8.19960499,-1.10705853,11.18446922,-0.23104048,-8.67785072,6.75310280,12.64745702,-1.16811475,-0.35897210,-0.30393738,0.98894733,,,,,,,3,,,,,,,,,
8.777535,63862,6441972,,178.25456238,2.27835417,-132.93208313,,,,,5.38637495,-2.14732742,-4.06991100,-2.01617599,-5.56051970,-6.13355255,-10.14023118,-30.65873843,-26.87027155,-0.32870328,-0.30107218,0.95550078,,,,,,,3,,,,,,,,,
8.787560,63863,6442072,,178.20315552,2.63293624,-132.70808411,,,,,0.71565139,10.20625401,-23.75976372,-8.06683731,5.21242189,14.16725922,6.06345988,-1.42966489,-12.24758188,-0.32581475,-0.29824242,0.95902342,,,,,,,3,,,,,,,,,
8.797557,63864,6442172,,178.34298706,2.63989830,-132.62699890,,,,,-8.45208359,-6.03783703,-4.09017849,10.18743896,1.88398385,-5.54029608,26.83916858,6.87259056,-2.21134546,-0.34067878,-0.29320166,0.98030335,,,,,,,3,,,,,,,,,
8.807617,63865,6442272,,178.69204712,2.56606531,-132.57920837,,,,,3.63639402,-6.40983295,-0.67539901,2.38162184,-6.97604942,-9.51854229,22.44481782,-33.66994002,-25.51480002,-0.31202644,-0.28503397,0.95732266,,,,,,,3,,,,,,,,,
8.817568,63866,6442372,,179.04632568,2.97089338,-132.33892822,,,,,3.91909361,6.57929802,-21.11943436,-7.88601780,0.54621577,11.16626740,31.18431124,-21.09802404,-12.70112779,-0.32086062,-0.28681195,0.97258776,,,,,,,3,,,,,,,,,
8.827507,63867,6442472,,179.41395569,3.19830060,-132.23960876,,,,,-8.49900150,2.26892352,-13.97932816,3.66258287,7.15732670,4.51417828,53.06894768,1.43860561,2.71573978,-0.33665764,-0.27935618,0.99538547,,,,,,,3,,,,,,,,,
8.837531,63868,6442572,,-179.91409302,3.06810713,-132.28234863,,,,,-3.84546566,-5.48088789,-0.81141722,6.71062183,-0.80551147,-8.79574490,67.49575179,-26.61940895,-12.50401963,-0.30035812,-0.26602244,0.93838656,,,,,,,3,,,,,,,,,
8.847557,63869,6442672,,-179.13629150,3.35952353,-132.15397644,,,,,6.91338921,-1.73064530,-8.32898521,-3.74015713,-6.53092289,-2.04271364,64.81834496,-47.07428872,-15.92802847,-0.28045174,-0.24185620,0.88889831,,,,,,,3,,,,,,,,,
8.857723,63870,6442772,,-178.51660156,3.80807543,-131.92996216,,,,,5.05928230,4.05532026,-16.63484955,-7.35667658,-1.39374840,6.30300426,71.10416805,-1.59074177,-7.22006234,-0.29778373,-0.22046255,0.92922562,,,,,,,3,,,,,,,,,
8.867656,63871,6442872,,-177.78851318,3.73910689,-131.86564636,,,,,-5.52778578,6.90173340,-14.31029129,-2.38282204,8.56482792,4.39084148,76.65517890,35.28250329,-7.41859375,-0.29345667,-0.21237278,0.92294353,,,,,,,3,,,,,,,,,
8.877550,63872,6442972,,-177.02481079,3.10526419,-131.79905701,,,,,-6.92728758,-8.27050114,-0.55000979,10.77017879,-0.21842766,-8.47954369,70.15621293,25.17787533,-24.91808055,-0.28237143,-0.20774625,0.89289206,,,,,,,3,,,,,,,,,
8.887637,63873,6443072,,-176.30284119,2.66094756,-131.52047729,,,,,2.63116527,-4.18364906,-4.19326782,1.16396570,-4.57495451,-5.57004261,70.47288782,19.54442580,-28.71489050,-0.28680062,-0.21152006,0.91210574,,,,,,,3,,,,,,,,,
8.897675,63874,6443172,,-175.60630798,2.55174756,-131.21903992,,,,,8.57512665,3.35408401,-16.87195206,-9.56042767,-3.80429506,6.31078959,66.33264571,33.17700186,-23.56194990,-0.29604119,-0.20369446,0.93444747,,,,,,,3,,,,,,,,,
8.907645,63875,6443272,,-175.00854492,2.26295996,-131.03045654,,,,,-2.91298246,6.90613699,-19.89957428,-4.93550301,7.47634554,9.40778923,59.89999404,67.84039631,-18.44705687,-0.31721410,-0.18269727,0.93170512,,,,,,,3,,,,,,,,,
8.917554,63876,6443372,,-174.41668701,1.40791678,-130.88442993,,,,,-7.16025019,-3.21040010,-4.33772898,6.75772285,3.56029916,-5.06995869,67.03885995,71.08755020,-31.99314566,-0.32296515,-0.16963057,0.90862948,,,,,,,3,,,,,,,,,
8.927541,63877,6443472,,-173.75331116,0.49045739,-130.61016846,,,,,-1.47525775,-6.56790304,-0.56324446,6.03054905,-2.89997172,-8.60922623,54.97264776,42.96924258,-49.87919811,-0.31657362,-0.16685650,0.90474737,,,,,,,3,,,,,,,,,
8.937605,63878,6443572,,-173.22583008,0.15673448,-130.07319641,,,,,6.12011528,1.02423537,-13.72890949,-5.92692852,-2.88772869,3.63915062,51.98185477,45.64571026,-41.98714675,-0.33425540,-0.16129439,0.93987465,,,,,,,3,,,,,,,,,
8.947558,63879,6443672,,-172.79125977,-0.32378390,-129.70501709,,,,,2.86275387,6.49869871,-17.41045189,-8.26678944,3.56614423,6.62955904,42.53920704,72.97525739,-34.80487158,-0.35159633,-0.15284526,0.94585860,,,,,,,3,,,,,,,,,
8.957574,63880,6443772,,-172.38662720,-1.12646222,-129.44958496,,,,,-6.86952257,3.42005563,-15.65440178,0.43718100,9.14750862,4.98091412,40.82436510,85.27663983,-41.56726087,-0.35770276,-0.14505270,0.92319238,,,,,,,3,,,,,,,,,
8.967539,63881,6443872,,-172.03137207,-2.09842849,-129.15884399,,,,,-7.57260418,-4.54201603,-5.64273167,7.84686995,3.84837294,-3.90417433,32.28105521,50.59133413,-58.35501208,-0.36126274,-0.16083716,0.93380934,,,,,,,3,,,,,,,,,
8.977559,63882,6443972,,-171.73860168,-2.65350175,-128.65830994,,,,,1.57573843,-5.38809347,-3.25021076,3.08258915,-3.99101305,-5.86683655,30.71979349,24.08368927,-55.26897893,-0.36211482,-0.17426637,0.94249809,,,,,,,3,,,,,,,,,
8.987669,63883,6444072,,-172.40063477,-1.62069154,-128.45925903,,,,,-5.17716312,10.08271313,-34.56324387,-7.39572811,13.97893715,22.94967270,-84.04770438,-75.56159732,17.96658380,-0.36714804,-0.17610291,0.94541234,,,,,,,3,,,,,,,,,
8.997560,63884,6444172,,-173.51458740,-0.52718157,-128.55049133,,,,,-5.98687410,-0.18040529,-15.16916752,2.83657336,5.57543278,5.34150267,-153.02015673,-128.11687721,35.15494951,-0.37909973,-0.18070984,0.96408033,,,,,,,3,,,,,,,,,
9.007605,63885,6444272,,-175.10339355,0.64323264,-128.86457825,,,,,-5.64964771,-9.02438831,-2.18836999,10.48148823,-1.20667124,-6.72001028,-122.25917037,-135.61744944,34.18548270,-0.37712771,-0.19034171,0.96146393,,,,,,,3,,,,,,,,,
9.017669,63886,6444372,,-176.19738770,2.07171154,-129.06004333,,,,,8.67414379,-3.34090281,-9.82419014,-3.54700661,-8.86568260,-0.31222200,-131.84594193,-163.54172164,19.07620950,-0.32412079,-0.20754232,0.93572998,,,,,,,3,,,,,,,,,
9.027529,63887,6444472,,-177.44677734,3.62646389,-129.13699341,,,,,2.19753766,4.50026417,-19.04546547,-6.19337177,0.77174664,8.81865597,-115.83279564,-113.85074988,28.01975141,-0.30593014,-0.23858839,0.98233187,,,,,,,3,,,,,,,,,
9.037587,63888,6444572,,-178.57327271,4.80876350,-129.42381287,,,,,1.28929818,-0.16726620,-8.61196613,-1.26464367,-1.53365517,-1.39347172,-110.50427137,-111.02928069,33.14680559,-0.30120951,-0.26316544,1.02352631,,,,,,,3,,,,,,,,,
9.047649,63889,6444672,,-179.58734131,5.90702486,-129.71148682,,,,,-0.01279765,1.61682904,-15.69419956,-2.26845789,-0.10244274,5.73897457,-97.22643144,-92.72008436,31.78190157,-0.26824546,-0.26658252,0.98306715,,,,,,,3,,,,,,,,,
9.057667,63890,6444772,,-179.86129761,6.41954565,-129.67773438,,,,,-7.68440008,-6.43805790,-27.19879532,7.89004230,-0.48356628,18.15399933,-15.64723085,-52.56958914,-11.70812586,-0.24872248,-0.26257759,0.95205861,,,,,,,3,,,,,,,,,
9.067583,63891,6444872,,179.96286011,6.78934574,-129.83906555,,,,,4.25237036,-11.21034718,-18.95172310,4.50209045,-12.27220249,8.46164131,-32.44719956,-65.54619724,40.69726211,-0.22188701,-0.26781076,0.91005582,,,,,,,3,,,,,,,,,
9.077573,63892,6444972,,179.56497192,7.20262432,-130.26248169,,,,,1.56885183,2.93485141,-14.26281643,-4.28330755,-0.62946177,4.04157639,-5.19748666,-19.61479212,26.06410774,-0.20716910,-0.28293055,0.89257365,,,,,,,3,,,,,,,,,
9.087708,63893,6445072,,179.32489014,7.25751400,-130.67036438,,,,,-5.42808485,2.83875179,-11.17273235,0.59705448,4.87496567,1.88748169,-23.87920536,-1.87472791,31.58132623,-0.21296117,-0.28860745,0.92560363,,,,,,,3,,,,,,,,,
9.097588,63894,6445172,,178.92611694,7.05552626,-130.96707153,,,,,-6.16514635,-5.56232929,-4.57539320,7.98663950,0.59244227,-4.62891340,-32.63534736,-1.67600815,20.62616896,-0.22686018,-0.29078731,0.95716399,,,,,,,3,,,,,,,,,
9.107704,63895,6445272,,178.53836060,7.10598564,-131.07099915,,,,,3.06568766,-3.47103167,-2.00224304,0.60572958,-4.69066620,-8.40746498,-44.94489529,-26.96955860,10.62302310,-0.23513493,-0.29833433,0.97184581,,,,,,,3,,,,,,,,,
9.117713,63896,6445372,,178.05970764,7.53588343,-131.16140747,,,,,4.89597273,3.13165379,-15.00656796,-6.35963964,-3.31045818,4.52726364,-54.00488509,-8.77740097,22.99795898,-0.25000417,-0.30913526,0.99782240,,,,,,,3,,,,,,,,,
9.127645,63897,6445472,,177.51345825,7.71198988,-131.38136292,,,,,2.92415953,2.89615870,-12.94161510,-4.69502544,-1.80128574,2.72407484,-48.75279747,11.29129905,19.69556764,-0.26367462,-0.31995961,1.03122628,,,,,,,3,,,,,,,,,
9.137568,63898,6445572,,177.04917908,7.61634254,-131.60687256,,,,,-1.05333352,1.06394613,-13.28633595,-0.69197178,-0.18452024,3.46225119,-39.77022444,12.16104339,19.58335276,-0.24681820,-0.31495202,1.00516772,,,,,,,3,,,,,,,,,
9.147715,63899,6445672,,176.74476624,7.43455505,-131.80088806,,,,,-1.97010207,2.55136728,-13.16389465,-1.12563133,1.48318529,3.55190468,-32.55093647,11.63172166,14.13296852,-0.23173749,-0.31038386,0.95485020,,,,,,,3,,,,,,,,,
9.157591,63900,6445772,,176.47779846,7.12043238,-131.90087891,,,,,-4.20582533,1.09233904,-9.30925560,1.67799664,2.67854023,-0.06636715,-26.21657464,15.66767531,10.64176001,-0.23219022,-0.31756869,0.93791234,,,,,,,3,,,,,,,,,
9.167570,63901,6445872,,176.22268677,6.79427385,-132.02973938,,,,,-3.54392743,-0.12258134,-8.40239048,2.26190472,1.52013111,-1.10895729,-20.22172443,13.52236839,12.91672442,-0.23658571,-0.32661620,0.94170517,,,,,,,3,,,,,,,,,
9.177553,63902,6445972,,176.00759888,6.53841114,-132.14762878,,,,,-4.60367012,-1.53504217,-7.59940815,4.07400703,1.46885777,-1.91629434,-15.86329876,15.42474427,9.70673615,-0.24031124,-0.32943320,0.94114709,,,,,,,3,,,,,,,,,
9.187557,63903,6446072,,175.82669067,6.31172132,-132.18925476,,,,,-3.54356122,-5.54222965,-4.97155046,6.44545841,-1.62270975,-4.95512247,-18.01023042,7.95199139,9.31158750,-0.24326181,-0.32890204,0.93767738,,,,,,,3,,,,,,,,,
9.197569,63904,6446172,,175.63029480,6.26464462,-132.20094299,,,,,0.78678060,-4.32488966,-5.87744617,2.67007113,-4.12845612,-4.47459269,-18.62702553,1.96556068,4.74673601,-0.24639599,-0.33269027,0.94007552,,,,,,,3,,,,,,,,,
9.207701,63905,6446272,,175.43624878,6.37839174,-132.23486328,,,,,4.88259840,-1.73185825,-8.96646690,-2.06647635,-5.85625792,-1.68266773,-19.96332472,3.44314169,8.92115255,-0.25473970,-0.34023526,0.95277792,,,,,,,3,,,,,,,,,
9.217685,63906,6446372,,175.21334839,6.47065973,-132.34750366,,,,,4.81909513,2.97315669,-13.36451054,-5.54225874,-3.30666971,3.09660840,-21.05499727,14.61259721,10.84109738,-0.26218003,-0.34299621,0.96704495,,,,,,,3,,,,,,,,,
9.227717,63907,6446472,,175.01202393,6.42180061,-132.45404053,,,,,1.73977447,2.45286655,-11.74372387,-3.03011751,-1.17943335,1.78579903,-18.55837871,22.46225359,12.71373461,-0.26586425,-0.34245527,0.96950889,,,,,,,3,,,,,,,,,
9.237567,63908,6446572,,174.90872192,6.21947193,-132.56677246,,,,,-0.54449469,4.55148745,-14.32758522,-3.02723217,1.57066011,4.77170229,-9.86948845,28.19163654,10.76300270,-0.26341969,-0.33768702,0.94782716,,,,,,,3,,,,,,,,,
9.247561,63909,6446672,,174.88049316,5.80589199,-132.65641785,,,,,-4.55390215,1.07094443,-11.38147163,2.30444598,2.63289165,1.95771170,-2.42403819,29.91690475,4.53257885,-0.26004207,-0.33533373,0.92462766,,,,,,,3,,,,,,,,,
9.257524,63910,6446772,,174.85469055,5.30742311,-132.68832397,,,,,-7.41681957,-1.58865917,-7.26598263,6.25478220,3.53602219,-2.10737896,-0.48888370,25.61306083,3.10802017,-0.26054120,-0.33627883,0.90976739,,,,,,,3,,,,,,,,,
9.267577,63911,6446872,,174.83761597,4.88944864,-132.66923523,,,,,-5.64915895,-3.18017340,-4.68057203,6.28075361,1.57515001,-4.99510813,-0.73651990,13.64402943,-0.36604147,-0.26516223,-0.34244043,0.90865713,,,,,,,3,,,,,,,,,
9.277528,63912,6446972,,174.79670715,4.80787182,-132.59573364,,,,,2.18117118,-3.69408464,-3.37109518,1.38988304,-4.33496141,-7.08707380,-5.66879149,-4.28562183,-0.52505014,-0.27247101,-0.34952417,0.92434067,,,,,,,3,,,,,,,,,
9.287626,63913,6447072,,174.73312378,5.03783083,-132.59452820,,,,,7.03903294,0.06534374,-11.42723274,-4.65367413,-6.43254709,0.82952094,-8.46063643,-0.90147910,6.42578861,-0.27984449,-0.34844810,0.94262677,,,,,,,3,,,,,,,,,
9.301071,63914,6447172,,174.60551453,5.15319395,-132.65640259,,,,,4.35907364,3.31430054,-14.68052673,-5.11406326,-2.68744040,4.65480614,-13.04261334,26.60409737,6.61866888,-0.28732130,-0.34736899,0.95794392,,,,,,,3,,,,,,,,,
9.307714,63915,6447272,,174.49073792,4.91666126,-132.74029541,,,,,-3.58123779,5.06032085,-16.77640724,-1.00169849,4.04619694,7.49447346,-5.49818275,39.94617353,5.48401096,-0.29339769,-0.35014641,0.95737469,,,,,,,3,,,,,,,,,
9.317706,63916,6447372,,174.41265869,4.35153580,-132.81085205,,,,,-8.40708351,0.35363421,-7.38036776,5.62621689,5.62690735,-1.88547373,-12.66637579,30.03834552,0.09273929,-0.28710401,-0.34832329,0.93665522,,,,,,,3,,,,,,,,,
9.327690,63917,6447472,,174.30853271,3.88172507,-132.73602295,,,,,-5.68045139,-4.06794071,-2.88766503,7.03453398,1.27651644,-6.98062801,-9.59404315,5.01094011,-4.81259014,-0.28345862,-0.34741753,0.92036080,,,,,,,3,,,,,,,,,
9.337733,63918,6447572,,174.21737671,3.93835425,-132.61027527,,,,,3.04449725,-4.47163534,-3.02853084,1.38654566,-5.46270418,-7.59900999,-11.99017340,-14.97897539,-3.56891663,-0.29196772,-0.35159850,0.93014711,,,,,,,3,,,,,,,,,
9.347895,63919,6447672,,174.09986877,4.25690460,-132.61799622,,,,,6.62084055,0.06616012,-14.37658215,-4.08894968,-6.44640732,3.92334247,-12.41116918,-1.31902682,5.64954316,-0.29791188,-0.35342598,0.94740492,,,,,,,3,,,,,,,,,
9.357706,63920,6447772,,173.96138000,4.39827204,-132.67335510,,,,,4.01105118,3.97375298,-14.72516060,-5.15259409,-1.98979187,4.83614826,-10.16593574,17.11685363,2.22950757,-0.30048242,-0.35482550,0.95380175,,,,,,,3,,,,,,,,,
9.368042,63921,6447872,,173.95343018,4.23123932,-132.70800781,,,,,-3.16124010,6.31506538,-16.69382286,-1.96166563,4.60404062,7.52676773,-2.29174404,29.58608796,2.06749613,-0.29937208,-0.35723981,0.94387394,,,,,,,3,,,,,,,,,
9.377714,63922,6447972,,173.92227173,3.70009708,-132.72769165,,,,,-8.23816872,0.25973547,-6.27678919,5.65387297,5.61790371,-3.10627365,-3.92680083,29.61635594,-2.31319297,-0.29574341,-0.35729328,0.92657471,,,,,,,3,,,,,,,,,
9.387623,63923,6448072,,173.89706421,3.24685979,-132.66201782,,,,,-6.37930489,-4.65752983,-4.36861944,7.97774935,1.20877838,-5.62816668,-1.75845227,5.32274380,-5.40028736,-0.29609632,-0.35776278,0.91617554,,,,,,,3,,,,,,,,,
9.398243,63924,6448172,,173.88973999,3.19714403,-132.53375244,,,,,0.63406050,-3.61518264,-4.22203302,2.49625635,-3.21358967,-6.12715578,-4.06357366,-9.94166392,-6.90370762,-0.29702783,-0.35822710,0.91616350,,,,,,,3,,,,,,,,,
9.407767,63925,6448272,,173.87596130,3.50264978,-132.46754456,,,,,6.32931614,-1.21841347,-9.00407124,-2.98900557,-6.42476368,-1.47013950,-3.88972571,-10.82653115,-1.16235444,-0.30091444,-0.35912576,0.92553025,,,,,,,3,,,,,,,,,
9.417773,63926,6448372,,173.80096436,3.73702574,-132.49848938,,,,,5.02375793,3.66782093,-15.13896751,-5.45313311,-2.93064260,5.25161457,-2.79128765,9.58768680,2.55338725,-0.30475870,-0.35858604,0.93689895,,,,,,,3,,,,,,,,,
9.427710,63927,6448472,,173.75898743,3.66361570,-132.52539062,,,,,-1.47923470,4.82999229,-15.34978771,-1.88619900,2.62625790,5.93096066,-3.13578083,27.29763478,1.72926879,-0.30873984,-0.35996184,0.94328910,,,,,,,3,,,,,,,,,
9.437652,63928,6448572,,173.72520447,3.24855351,-132.54612732,,,,,-6.85922527,3.04229903,-9.88018036,2.85032344,6.04832077,0.59905434,-7.86489794,27.73381579,-2.53700781,-0.30761275,-0.36141688,0.93436605,,,,,,,3,,,,,,,,,
9.447599,63929,6448672,,173.67695618,2.79086089,-132.44464111,,,,,-8.68327332,-4.57150555,-3.07253122,9.43514442,3.18035793,-6.87659454,-4.91597359,6.61379768,-12.44652651,-0.30663186,-0.36334747,0.92098188,,,,,,,3,,,,,,,,,
9.457609,63930,6448772,,173.61941528,2.67872310,-132.26023865,,,,,0.40588766,-5.25707388,-2.13838506,3.81973362,-3.86925292,-8.39645576,-5.55601653,-11.31843027,-9.62819409,-0.30704099,-0.36478096,0.92194664,,,,,,,3,,,,,,,,,
9.467621,63931,6448872,,173.61114502,2.99771690,-132.15933228,,,,,6.66397524,-0.82187986,-9.80139065,-3.38006639,-6.46604776,-0.63261747,-4.03953268,-14.58778313,-3.14274207,-0.30817538,-0.36572507,0.92934740,,,,,,,3,,,,,,,,,
9.477752,63932,6448972,,173.56559753,3.29123521,-132.18032837,,,,,6.47128153,2.86771560,-16.26891327,-5.63252449,-4.64808655,6.26441002,0.37382084,6.69675972,-0.66900182,-0.30818427,-0.36524495,0.92935497,,,,,,,3,,,,,,,,,
9.487791,63933,6449072,,173.63110352,3.31071281,-132.19232178,,,,,-2.61752486,5.45799065,-15.19637871,-1.53713560,3.94989634,5.92565298,8.72262968,21.94936785,0.24749713,-0.30771613,-0.36141381,0.93139702,,,,,,,3,,,,,,,,,
9.497720,63934,6449172,,173.70402527,2.87833929,-132.20021057,,,,,-7.22366714,1.32762730,-9.11019707,4.36085796,5.34287071,-0.36208630,1.80722451,28.59487212,-2.05864484,-0.30663443,-0.35854861,0.92353165,,,,,,,3,,,,,,,,,
9.507681,63935,6449272,,173.72036743,2.41785264,-132.12800598,,,,,-6.67093372,-4.78630877,-3.94400430,8.29828835,1.52679110,-6.15271235,1.02422902,2.06091054,-11.41976808,-0.30743879,-0.36189002,0.91209525,,,,,,,3,,,,,,,,,
9.517718,63936,6449372,,173.77883911,2.40239501,-131.94163513,,,,,0.80466515,-4.70993042,-0.82029885,3.11059093,-3.61912131,-9.65105534,5.16504796,-17.86600585,-11.24228732,-0.30716947,-0.36621681,0.91747046,,,,,,,3,,,,,,,,,
9.527586,63937,6449472,,173.82313538,2.76483417,-131.85636902,,,,,7.03652048,0.90960294,-12.69685173,-4.73419714,-5.88543701,2.46853471,1.48861988,-11.00975012,-0.70532226,-0.30775687,-0.36573148,0.92786515,,,,,,,3,,,,,,,,,
9.537749,63938,6449572,,173.78565979,3.00547767,-131.88163757,,,,,4.09601784,5.04057360,-13.79299450,-5.73212814,-1.08734035,4.17740202,-2.35989247,13.07720825,1.49040085,-0.31321114,-0.36276281,0.93481141,,,,,,,3,,,,,,,,,
9.547687,63939,6449672,,173.82269287,2.85040665,-131.90243530,,,,,-4.79342365,6.06254673,-15.53760433,-0.48948002,5.99260378,6.39653969,2.86735802,28.46820114,1.97727979,-0.31421360,-0.35938603,0.93485981,,,,,,,3,,,,,,,,,
9.557643,63940,6449772,,173.81381226,2.38773441,-131.94631958,,,,,-9.35396576,-4.39024687,-2.11569214,9.65742207,3.95033431,-7.82079506,0.44553316,13.91114959,-8.19011228,-0.31004634,-0.35848966,0.92005217,,,,,,,3,,,,,,,,,
9.567669,63941,6449872,,173.82551575,2.17793751,-131.81372070,,,,,-0.76291168,-4.27784920,-3.53502369,4.01905298,-2.46043682,-6.78882599,2.40480182,-13.60589734,-12.39987803,-0.30932686,-0.36425751,0.91056401,,,,,,,3,,,,,,,,,
9.577703,63942,6449972,,173.86575317,2.49311471,-131.66517639,,,,,6.12043142,-3.11453271,-7.15730619,-1.33707333,-7.26441717,-3.39990711,1.94405988,-18.47802495,-7.21057948,-0.31409228,-0.36754152,0.92038327,,,,,,,3,,,,,,,,,
9.587626,63943,6450072,,173.89909363,2.76109099,-131.62318420,,,,,5.28610516,3.93188906,-16.18626785,-5.53421259,-2.93390703,6.41669464,-2.59338804,12.16012387,0.85643865,-0.31861064,-0.36555421,0.94018245,,,,,,,3,,,,,,,,,
9.597642,63944,6450172,,173.86906433,2.68286347,-131.63775635,,,,,-3.68393922,7.72919750,-16.61468697,-2.42290688,6.21863651,7.54387856,-0.00692525,28.29014152,1.39436850,-0.32042354,-0.36360508,0.94317281,,,,,,,3,,,,,,,,,
9.607725,63945,6450272,,173.85264587,2.22331357,-131.66069031,,,,,-8.25941753,-1.34754634,-4.24706316,6.76663351,4.97444677,-5.48662090,-2.32553278,18.47483525,-5.30909110,-0.31910193,-0.36505988,0.92633456,,,,,,,3,,,,,,,,,
9.617756,63946,6450372,,173.86340332,1.93324542,-131.55073547,,,,,-6.00366354,-5.17742729,-2.20821714,8.07580376,1.05638695,-7.99474049,-1.22728948,-11.19536990,-13.73608416,-0.31155720,-0.36422148,0.91401672,,,,,,,3,,,,,,,,,
9.627622,63947,6450472,,173.90599060,2.17115235,-131.37095642,,,,,4.97379398,-3.06452799,-4.75020981,-0.68924952,-6.09972000,-5.73201466,0.29281699,-28.27252476,-8.59755697,-0.31554818,-0.36319759,0.92143428,,,,,,,3,,,,,,,,,
9.637596,63948,6450572,,173.89566040,2.62077880,-131.34114075,,,,,6.22207212,2.02221847,-14.32652950,-4.84201050,-4.72701836,4.31673193,-0.72594847,-15.92714737,-3.52606872,-0.31682929,-0.36365753,0.92488390,,,,,,,3,,,,,,,,,
9.647608,63949,6450672,,173.85095215,2.93120146,-131.34109497,,,,,2.12009001,4.25249243,-12.81334782,-3.89240646,-0.03127241,3.18364716,3.32148834,-0.51826163,-4.02217418,-0.31431544,-0.36226225,0.93036097,,,,,,,3,,,,,,,,,
9.657625,63950,6450772,,173.90531921,2.88936591,-131.33309937,,,,,-4.47695160,4.96043396,-15.34421444,0.01000047,5.07258415,6.05526829,3.15322577,10.92648072,-5.14660645,-0.31051219,-0.35992745,0.93289077,,,,,,,3,,,,,,,,,
9.667619,63951,6450872,,173.93432617,2.52974892,-131.27088928,,,,,-8.81180286,-1.94526589,-3.48049259,7.47811890,5.13482380,-6.21840858,-0.14880912,4.13373337,-13.40786625,-0.30462170,-0.36386281,0.92444712,,,,,,,3,,,,,,,,,
9.677676,63952,6450972,,173.90774536,2.34374094,-131.08728027,,,,,-2.69768715,-5.17541504,-3.18168139,5.94513988,-1.48722553,-7.12834167,-3.05889126,-16.19393797,-15.94926865,-0.30515823,-0.36865169,0.91991580,,,,,,,3,,,,,,,,,
9.687665,63953,6451072,,173.90663147,2.64591813,-130.89518738,,,,,5.09289980,-3.92041540,-5.49762678,-0.06277561,-6.86458254,-5.12671947,-3.48681221,-27.24678573,-12.89799519,-0.30806062,-0.37100711,0.92975909,,,,,,,3,,,,,,,,,
9.697642,63954,6451172,,173.86106873,3.06030226,-130.78585815,,,,,6.35194397,2.63021374,-14.41163540,-5.39704514,-4.57629204,4.41098690,-7.50165824,-6.82505073,-7.68487209,-0.31029442,-0.37385619,0.94504035,,,,,,,3,,,,,,,,,
9.707810,63955,6451272,,173.78724670,3.27530265,-130.73374939,,,,,2.21746445,5.71133804,-12.81712246,-5.11279297,0.67587805,3.31969595,-5.16750085,5.96568914,-5.66336490,-0.31463295,-0.37666696,0.95387971,,,,,,,3,,,,,,,,,
9.717653,63956,6451372,,173.80384827,3.15755510,-130.69123840,,,,,-5.02908468,4.50598431,-13.42344475,0.54505777,5.31726837,4.15966034,0.64608419,17.94059664,-7.11600527,-0.30698639,-0.37295234,0.94606078,,,,,,,3,,,,,,,,,
9.727726,63957,6451472,,173.83108521,2.79027581,-130.64724731,,,,,-8.54929829,-2.27364874,-3.88195038,7.51054478,4.72870159,-5.81978703,2.31436883,4.02045596,-12.39980290,-0.29609573,-0.36832598,0.92392445,,,,,,,3,,,,,,,,,
9.737661,63958,6451572,,173.88531494,2.61697555,-130.45115662,,,,,-2.57846951,-4.32328081,-3.65979743,5.25941849,-1.03851104,-6.55825520,7.96126081,-15.40395147,-20.25465278,-0.29485190,-0.36929870,0.90511441,,,,,,,3,,,,,,,,,
9.747659,63959,6451672,,173.99240112,2.93587136,-130.22485352,,,,,4.78948116,-4.52571583,-3.86050868,0.60442662,-6.84044838,-6.81575394,5.87735985,-28.64122178,-17.45142361,-0.29503655,-0.37169853,0.91200215,,,,,,,3,,,,,,,,,
9.757657,63960,6451772,,174.02992249,3.34096932,-130.10118103,,,,,8.06300449,6.33301353,-18.11491585,-9.17818165,-4.00465012,8.35571957,-0.60706289,-3.34190463,-6.36924617,-0.29976520,-0.37259021,0.93769181,,,,,,,3,,,,,,,,,
9.767727,63961,6451872,,174.02122498,3.43930316,-130.04437256,,,,,-1.18946099,5.72290897,-13.42655373,-2.94023943,3.19932294,4.09835148,0.81047147,20.38958316,-5.05412441,-0.30528197,-0.37490425,0.95345980,,,,,,,3,,,,,,,,,
9.777631,63962,6451972,,174.01350403,3.06997490,-130.01651001,,,,,-7.59626627,1.09614241,-8.33610821,4.45707560,5.71561193,-1.13358259,-1.30577849,27.25662974,-11.80534933,-0.30166665,-0.37544310,0.94901657,,,,,,,3,,,,,,,,,
9.787699,63963,6452072,,173.98616028,2.63749290,-129.85034180,,,,,-6.28130293,-3.60296321,-3.33089232,7.04155493,2.37570047,-6.62728024,-5.97805050,-0.56698846,-21.47768352,-0.29412141,-0.37556449,0.93618876,,,,,,,3,,,,,,,,,
9.797638,63964,6452172,,173.93643188,2.71056294,-129.58793640,,,,,4.00358391,-6.18102360,-0.26927575,2.29284000,-6.87158442,-10.53692436,-5.41304957,-20.18780230,-18.24494987,-0.29896846,-0.37788042,0.93068540,,,,,,,3,,,,,,,,,
9.807643,63965,6452272,,173.92756653,3.11944652,-129.40792847,,,,,8.36459064,4.56483269,-19.06044006,-7.85519886,-5.52300358,9.11664963,-4.85684933,-5.25661305,-9.18264463,-0.30381951,-0.38212174,0.93752056,,,,,,,3,,,,,,,,,
9.817691,63966,6452372,,173.85255432,3.23101068,-129.33773804,,,,,-0.65587622,6.40293455,-13.81866932,-3.75461102,3.14672828,4.56132030,-8.21490416,22.99656904,-6.08380018,-0.30573034,-0.38353473,0.94936281,,,,,,,3,,,,,,,,,
9.827674,63967,6452472,,173.76040649,2.92553997,-129.31428528,,,,,-7.57996655,0.77069968,-8.54496288,4.68738794,5.48597956,-0.96360874,-6.44474495,23.90389991,-10.83756788,-0.30361477,-0.37828875,0.94549841,,,,,,,3,,,,,,,,,
9.837772,63968,6452572,,173.69517517,2.53841424,-129.17933655,,,,,-6.19339800,-5.02343273,-1.19365716,7.99646854,1.72519422,-8.91835880,-5.79054772,-9.40440124,-22.68713586,-0.29257691,-0.37510636,0.92680329,,,,,,,3,,,,,,,,,
9.847671,63969,6452672,,173.70581055,2.79461217,-128.90519714,,,,,6.68629169,-4.25173521,-3.57090688,-0.65195394,-8.12600517,-7.21247625,-3.47718549,-30.82994395,-20.83782628,-0.30048767,-0.38409191,0.92414755,,,,,,,3,,,,,,,,,
9.857625,63970,6452772,,173.73182678,3.25823522,-128.73150635,,,,,6.69033289,4.44444656,-17.64423752,-6.67737293,-4.28649521,7.79006386,0.44863777,-4.75062324,-11.67346350,-0.30491534,-0.39074501,0.94183135,,,,,,,3,,,,,,,,,
9.867678,63971,6452872,,173.70559692,3.36540675,-128.63137817,,,,,-0.48039442,6.74315453,-14.29835892,-4.16701794,3.06434608,5.04755783,0.88161686,17.46549722,-10.42216602,-0.29332578,-0.39094988,0.96415043,,,,,,,3,,,,,,,,,
9.877743,63972,6452972,,173.74284363,3.06425571,-128.55227661,,,,,-5.13107920,1.53509915,-7.38017416,2.40637660,4.25160360,-2.14377594,1.53054273,20.76706381,-15.46523021,-0.29119548,-0.39050898,0.97158957,,,,,,,3,,,,,,,,,
9.887683,63973,6453072,,173.82910156,2.65052891,-128.36416626,,,,,-2.86991405,-0.02457380,-5.56269646,2.14012218,1.79246902,-4.19056416,3.17727466,9.21164647,-22.51273381,-0.29453063,-0.38901266,0.97110176,,,,,,,3,,,,,,,,,
9.897768,63974,6453172,,173.89469910,2.52296996,-128.11875916,,,,,3.22294044,1.87422824,-6.98446655,-3.02449727,-2.00398636,-2.84179068,9.75319680,4.86280014,-20.40489986,-0.29310283,-0.38903692,0.97160327,,,,,,,3,,,,,,,,,
9.907756,63975,6453272,,174.10211182,2.67315555,-127.93262482,,,,,5.87413025,-1.12470329,-3.58514524,-2.53741837,-5.59089947,-6.70018196,16.59669203,2.28707006,-21.35720069,-0.29322344,-0.38903338,0.96813941,,,,,,,3,,,,,,,,,
9.917655,63976,6453372,,173.68382263,2.78253269,-127.78844452,,,,,-4.28645658,27.99699020,-28.07476807,-17.72075462,17.32791710,21.36125946,-46.74020368,11.05519990,-9.71460708,-0.29573774,-0.38946888,0.96317226,,,,,,,3,,,,,,,,,
9.927774,63977,6453472,,172.74296570,2.32221127,-127.54965973,,,,,-12.48449421,9.28426075,-29.30983353,2.67112017,12.23756886,20.96644211,-94.79182417,17.28209810,-27.60345821,-0.29710776,-0.40096334,0.95803583,,,,,,,3,,,,,,,,,
9.937675,63978,6453572,,171.92837524,1.85878456,-126.94712830,,,,,1.98107088,-4.14381456,-5.74601460,2.61918354,-4.47259474,-4.85971022,-112.66615602,42.89770318,-31.66911807,-0.29810733,-0.41918111,0.94636291,,,,,,,3,,,,,,,,,
9.947710,63979,6453672,,171.00202942,1.71117496,-126.87247467,,,,,14.46678448,3.19746780,2.95659947,-11.47161007,-9.27839279,-12.61083698,-83.92295097,13.03071345,-2.95902770,-0.30092913,-0.43400973,0.93819779,,,,,,,3,,,,,,,,,
9.957854,63980,6453772,,170.05181885,2.19798660,-127.11480713,,,,,-9.52889061,-5.30306005,4.76393795,9.35360622,5.22394991,-15.14597321,-103.09371420,-8.00644166,-9.63552972,-0.29852772,-0.44796723,0.93205178,,,,,,,3,,,,,,,,,
9.967827,63981,6453872,,169.26747131,1.75431883,-126.48609161,,,,,-2.07036495,-0.47033554,-13.01932812,3.36623478,-0.33200955,2.96344852,-78.64055097,52.08131940,-39.30770111,-0.30232388,-0.46373880,0.92238259,,,,,,,3,,,,,,,,,
9.977754,63982,6453972,,168.88531494,1.82500005,-126.40007019,,,,,1.48209786,1.27140784,-14.44726467,0.03825271,-2.47145081,4.55644417,-35.65126520,-28.46978745,-5.19722285,-0.30526936,-0.47280529,0.91381335,,,,,,,3,,,,,,,,,
9.987836,63983,6454072,,169.01979065,2.65024042,-126.45043182,,,,,3.86666393,4.73889065,-10.86420536,-4.76552486,-2.01133585,1.54263592,54.62734413,-93.57092786,-19.08666823,-0.29297611,-0.47205335,0.91636074,,,,,,,3,,,,,,,,,
9.997833,63984,6454172,,169.56114197,3.45942879,-126.55129242,,,,,-0.51380610,2.00358629,-10.42545033,-0.18356133,-0.06829298,0.81017447,55.14913985,-82.41089053,-2.90134248,-0.27866790,-0.46461871,0.92644536,,,,,,,3,,,,,,,,,
10.007784,63985,6454272,,170.12312317,4.38183928,-126.52124786,,,,,-0.95974869,0.30273676,-9.49581909,1.16515195,-0.62152213,-0.35956812,57.22458504,-98.90018296,-18.81770904,-0.26536056,-0.45668665,0.93504864,,,,,,,3,,,,,,,,,
10.017733,63986,6454372,,170.73805237,5.14372396,-126.60848236,,,,,-2.60018134,1.05125368,-9.31742382,1.38054931,1.12061656,-0.24948108,59.60286715,-71.43110872,-2.20893419,-0.25117397,-0.44732895,0.94268930,,,,,,,3,,,,,,,,,
10.027787,63987,6454472,,171.56063843,5.87602472,-126.56907654,,,,,0.58080053,2.84117317,-8.01780033,-2.21072602,-0.17283499,-1.58328390,91.06265017,-69.40344412,-14.70169874,-0.23940922,-0.43409058,0.95037931,,,,,,,3,,,,,,,,,
10.037823,63988,6454572,,172.38006592,6.49532366,-126.53144073,,,,,-2.47321606,0.57132512,-11.01035213,1.39245880,0.44651440,1.38839984,81.26738708,-56.63884167,-17.63488249,-0.23003827,-0.42129123,0.95656610,,,,,,,3,,,,,,,,,
10.047762,63989,6454672,,173.29754639,7.11892080,-126.46949005,,,,,0.58893639,1.54269958,-9.11088181,-1.44429111,-1.10782003,-0.73738456,87.94741455,-57.57981293,-7.75355391,-0.22155544,-0.40943739,0.96372294,,,,,,,3,,,,,,,,,
10.057812,63990,6454772,,174.17648315,7.70436049,-126.35249329,,,,,-1.89600956,0.12119564,-10.03707314,0.98893893,-0.09895836,0.35070133,90.28061400,-63.55448676,-22.39721482,-0.20785043,-0.39479277,0.97391880,,,,,,,3,,,,,,,,,
10.067740,63991,6454872,,175.10276794,8.22968864,-126.30495453,,,,,-1.47351515,1.25319934,-9.08773518,-0.33162561,0.40433520,-0.53965878,88.24292268,-47.76765879,-7.70385147,-0.19973391,-0.38389382,0.98353249,,,,,,,3,,,,,,,,,
10.077796,63992,6454972,,176.07992554,8.84238434,-126.20730591,,,,,-0.40364116,0.35771382,-10.08481598,-0.46567452,-1.12085485,0.21034384,100.33922185,-61.73418670,-13.64936210,-0.19279218,-0.36961296,0.98824626,,,,,,,3,,,,,,,,,
10.087716,63993,6455072,,176.96302795,9.35223103,-126.12799835,,,,,-2.81455159,-0.03805317,-13.13216972,0.91671556,0.09281625,3.58312130,84.53359038,-51.04419274,-12.40714108,-0.18109787,-0.35349324,0.99548668,,,,,,,3,,,,,,,,,
10.097737,63994,6455172,,177.20835876,9.37285995,-126.15322876,,,,,-0.83173990,3.15808105,-12.52463913,-2.79583049,0.50416696,2.81236458,18.56983806,-0.25255297,3.86031193,-0.17439824,-0.34688926,1.00255144,,,,,,,3,,,,,,,,,
10.107716,63995,6455272,,177.24412537,9.10437870,-126.11777496,,,,,0.48619342,0.51065695,-1.70288622,-0.78983021,-0.35465646,-8.18654442,-15.65093623,47.90724737,2.37113368,-0.18054512,-0.34678534,1.00153279,,,,,,,3,,,,,,,,,
10.117748,63996,6455372,,177.23080444,8.66986942,-126.03765869,,,,,-5.19176626,-4.56641865,-12.77433014,6.10479164,-0.39512277,3.35997677,-3.27641933,41.77618611,-9.13843623,-0.18726605,-0.34571069,0.99805278,,,,,,,3,,,,,,,,,
10.127721,63997,6455472,,177.04060364,8.29122639,-126.05758667,,,,,-2.82210231,-2.32663798,-11.88638020,3.03497124,-0.83304614,2.21558595,-15.02287301,32.63674072,4.74332433,-0.19285558,-0.34753677,0.99849057,,,,,,,3,,,,,,,,,
10.137739,63998,6455572,,176.95686340,8.06546402,-126.13539886,,,,,-0.36961630,1.57822275,-6.24973249,-1.29907751,0.32327747,-3.49863911,-9.31004132,23.16408284,9.77263723,-0.19994965,-0.35077599,0.99543518,,,,,,,3,,,,,,,,,
10.147789,63999,6455672,,176.84472656,7.76382732,-126.05780792,,,,,-0.15844354,0.56924242,-11.59863377,-0.75308442,-1.16945148,1.71358514,-15.26988680,36.83505993,-8.31326656,-0.20613833,-0.35307023,0.99190456,,,,,,,3,,,,,,,,,
10.157717,64000,6455772,,176.62533569,7.43326616,-126.09086609,,,,,-1.84994662,0.07868312,-9.50686073,0.75873387,0.20457312,-0.16289485,-23.80807747,24.00599245,7.03058009,-0.20795751,-0.35543975,0.99235266,,,,,,,3,,,,,,,,,
10.167742,64001,6455872,,176.44207764,7.09239531,-126.11948395,,,,,-1.27529633,0.65087450,-10.09236431,0.00981361,0.03914537,0.37779593,-18.02820747,39.74567674,5.40153600,-0.21210150,-0.35825035,0.99327683,,,,,,,3,,,,,,,,,
10.177722,64002,6455972,,176.29533386,6.77864170,-126.13211823,,,,,-0.36681065,0.57113642,-9.61237240,-0.40225786,-0.64698792,-0.20943880,-13.89889452,30.61142571,3.86422904,-0.22071002,-0.36050302,0.98775572,,,,,,,3,,,,,,,,,
10.187760,64003,6456072,,176.20098877,6.44156313,-126.11671448,,,,,-0.98678619,0.54799044,-9.65727615,0.02352555,-0.12945926,-0.09353566,-7.80611221,33.37488268,-1.73837364,-0.22694305,-0.36039656,0.98426282,,,,,,,3,,,,,,,,,
10.197816,64004,6456172,,176.14630127,6.10193825,-126.11576843,,,,,-0.78401154,0.56152171,-9.67417049,-0.06454979,-0.24502315,-0.09687829,-5.51632630,33.98269097,2.35416109,-0.23066902,-0.36225381,0.98421472,,,,,,,3,,,,,,,,,
10.207776,64005,6456272,,176.14210510,5.74893713,-126.15464783,,,,,-0.80223751,0.59581113,-9.50631237,-0.04840143,-0.14169770,-0.25805616,1.14190571,32.75928115,7.98597244,-0.23539597,-0.36361355,0.98268521,,,,,,,3,,,,,,,,,
10.217684,64006,6456372,,176.22341919,5.38775492,-126.15948486,,,,,-0.54612887,0.72214723,-9.63767624,-0.27876806,-0.22749838,-0.14222550,10.17845804,36.36828480,2.52762890,-0.23965374,-0.36306167,0.98217779,,,,,,,3,,,,,,,,,
10.227725,64007,6456472,,176.36558533,5.04034281,-126.13146210,,,,,-0.60506475,0.44844276,-9.64006519,-0.01059174,-0.27861080,-0.15020943,16.04100150,33.85719307,-2.67638252,-0.24674302,-0.35910287,0.98319447,,,,,,,3,,,,,,,,,
10.237826,64008,6456572,,176.55625916,4.70163488,-126.10859680,,,,,-0.88834715,0.45894310,-9.83522511,0.15479313,0.00098165,0.06904674,18.87558294,32.84060138,-0.31783850,-0.25307363,-0.35371488,0.97978467,,,,,,,3,,,,,,,,,
10.247706,64009,6456672,,176.78134155,4.34936571,-126.11853027,,,,,-0.64317614,0.48852545,-9.78301716,-0.00908848,-0.09952325,0.00015354,23.35617679,35.75215051,4.82436410,-0.25781095,-0.35171521,0.97979259,,,,,,,3,,,,,,,,,
10.257822,64010,6456772,,177.03517151,3.95983648,-126.12440491,,,,,-0.39427057,0.30346805,-9.91463852,-0.00116393,-0.33771196,0.10574150,26.10101638,40.30226886,1.74505015,-0.26253107,-0.34971601,0.98029530,,,,,,,3,,,,,,,,,
10.267714,64011,6456872,,177.28176880,3.56241107,-126.12046814,,,,,-0.32190487,0.11912493,-9.98121929,0.11205547,-0.42989361,0.16160226,24.28213529,39.79211861,1.52277894,-0.27206579,-0.34619468,0.97832423,,,,,,,3,,,,,,,,,
10.277722,64012,6456972,,177.48159790,3.14919567,-126.08525085,,,,,-0.44572395,0.02024303,-9.79088688,0.28093529,-0.29790318,-0.02315521,18.57009761,40.71526649,-2.29878810,-0.27927619,-0.34127256,0.97638696,,,,,,,3,,,,,,,,,
10.287814,64013,6457072,,177.60775757,2.69273949,-126.05593872,,,,,-0.35995227,0.00482106,-9.70127010,0.27607429,-0.29489881,-0.11610651,10.12668947,46.37125052,-1.21212059,-0.28303817,-0.34024951,0.97687906,,,,,,,3,,,,,,,,,
10.297817,64014,6457172,,177.67300415,2.20048952,-126.05652618,,,,,-0.16102676,-0.00215604,-9.77994537,0.20832050,-0.39075261,-0.04439831,4.24261256,49.20132233,2.91187357,-0.29015255,-0.33772957,0.97638851,,,,,,,3,,,,,,,,,
10.307809,64015,6457272,,177.70536804,1.72984743,-126.08791351,,,,,-0.05954832,0.37871665,-10.34239578,-0.10808478,-0.20775256,0.53118467,2.44686383,46.95557662,6.01363792,-0.30019191,-0.33419937,0.97342545,,,,,,,3,,,,,,,,,
10.317772,64016,6457372,,177.70565796,1.33944249,-126.12411499,,,,,0.39033949,0.12264322,-10.48833179,-0.12469278,-0.67517650,0.65817976,-0.04250831,37.29341685,5.44209409,-0.30728751,-0.33455923,0.97189993,,,,,,,3,,,,,,,,,
10.327837,64017,6457472,,177.69433594,1.02798784,-126.13233948,,,,,0.17711949,-0.10884954,-9.83777237,0.20651202,-0.57642132,0.00523686,-2.98741333,26.81307726,1.43055815,-0.31156099,-0.33688617,0.96936780,,,,,,,3,,,,,,,,,
10.337738,64018,6457572,,177.63847351,0.83967215,-126.09741211,,,,,0.48166943,-0.05490852,-9.33520985,-0.00324517,-0.75512576,-0.49840307,-6.04219708,17.00491536,-4.93926965,-0.31645286,-0.33584169,0.96441215,,,,,,,3,,,,,,,,,
10.347756,64019,6457672,,177.55609131,0.80494821,-126.07432556,,,,,0.52867031,0.36948159,-9.16243362,-0.36728805,-0.54849041,-0.65429211,-9.75589558,-0.87356620,-2.47316668,-0.31922075,-0.33867502,0.96435344,,,,,,,3,,,,,,,,,
10.357729,64020,6457772,,177.45846558,0.89933622,-126.06264496,,,,,0.26612547,0.19680294,-9.69691086,-0.05809477,-0.48469388,-0.12540293,-10.80168804,-13.84865592,-0.64081128,-0.31587675,-0.34065148,0.96483368,,,,,,,3,,,,,,,,,
10.367754,64021,6457872,,177.37133789,1.09292221,-126.05242920,,,,,0.32171270,0.26908565,-9.42613888,-0.16580255,-0.51165420,-0.39551663,-8.67818479,-21.45424573,-2.25090229,-0.31396991,-0.34116378,0.96532995,,,,,,,3,,,,,,,,,
10.377747,64022,6457972,,177.30296326,1.37460899,-126.02649689,,,,,0.14416493,0.29507315,-10.18046856,-0.08640446,-0.43654457,0.36038923,-6.34139607,-31.33904235,-4.20335861,-0.31105226,-0.34457326,0.96628010,,,,,,,3,,,,,,,,,
10.387744,64023,6458072,,177.27589417,1.69478655,-125.97148895,,,,,-0.00460715,0.45596674,-10.14950848,-0.15998647,-0.26828828,0.33930969,-2.75673286,-32.82534274,-8.22790628,-0.30439135,-0.34612599,0.96777320,,,,,,,3,,,,,,,,,
10.397765,64024,6458172,,177.27778625,2.06713939,-125.90523529,,,,,-0.03311411,0.35857704,-10.10397434,-0.10709805,-0.35383946,0.28797817,1.05649153,-38.53218435,-8.68657226,-0.29732236,-0.34432566,0.96932143,,,,,,,3,,,,,,,,,
10.407765,64025,6458272,,177.28523254,2.42367053,-125.88074493,,,,,-0.51901507,0.22055541,-9.80197239,0.24876586,-0.07170790,-0.00086737,0.72005909,-36.80995215,-3.51839970,-0.29209915,-0.34345451,0.97134048,,,,,,,3,,,,,,,,,
10.417729,64026,6458372,,177.29568481,2.76591086,-125.87541199,,,,,-0.35893840,0.24242011,-9.83899307,0.10368079,-0.23558359,0.02951384,0.51803244,-33.18083359,-1.53408461,-0.28651693,-0.34402758,0.96938038,,,,,,,3,,,,,,,,,
10.427814,64027,6458472,,177.27989197,3.07180095,-125.89393616,,,,,-0.46919122,0.16077965,-9.75800323,0.20667715,-0.23241466,-0.05000257,-2.08260024,-30.46609636,1.11224828,-0.28120607,-0.34603822,0.97234374,,,,,,,3,,,,,,,,,
10.437843,64028,6458572,,177.25050354,3.33390927,-125.91903687,,,,,-0.47815415,0.19570780,-9.82075214,0.16355254,-0.24708551,0.01422691,-3.41952396,-25.38955143,1.53680889,-0.27686316,-0.34467310,0.97634518,,,,,,,3,,,,,,,,,
10.447838,64029,6458672,,177.20150757,3.56949949,-125.94069672,,,,,-0.45537436,0.23917097,-9.76430607,0.09934612,-0.27334917,-0.04212284,-5.91108647,-23.04058619,0.63059497,-0.27313715,-0.34281588,0.97639328,,,,,,,3,,,,,,,,,
10.457782,64030,6458772,,177.14636230,3.78099990,-125.95180511,,,,,-0.50466180,0.27320686,-9.79897022,0.08711737,-0.25066859,-0.00346947,-5.86570926,-21.18544193,0.12047641,-0.26833144,-0.34385785,0.97887468,,,,,,,3,,,,,,,,,
10.467828,64031,6458872,,177.08213806,3.97764444,-125.95109558,,,,,-0.49069029,0.28857622,-9.79215527,0.05642112,-0.28580278,-0.01128125,-6.99377348,-19.55552486,-1.66311275,-0.26633692,-0.34725198,0.98031527,,,,,,,3,,,,,,,,,
10.477767,64032,6458972,,177.02200317,4.15769768,-125.94721222,,,,,-0.55372488,0.31250972,-9.78041077,0.06409229,-0.25033325,-0.01799202,-6.33118964,-18.30245323,-1.44438587,-0.26349702,-0.35017928,0.97929364,,,,,,,3,,,,,,,,,
10.487818,64033,6459072,,176.96678162,4.32949924,-125.95150757,,,,,-0.59813786,0.31162167,-9.78817368,0.08114624,-0.24423876,-0.00763869,-5.45220448,-17.19638947,-0.45161936,-0.26065764,-0.35214680,0.97878194,,,,,,,3,,,,,,,,,
10.497824,64034,6459172,,176.92066956,4.48400164,-125.95915222,,,,,-0.64583385,0.33321065,-9.73771095,0.08266145,-0.21372965,-0.05353880,-4.65081711,-15.62745233,0.01572306,-0.25688782,-0.35173053,0.97930223,,,,,,,3,,,,,,,,,
10.507787,64035,6459272,,176.88812256,4.61703014,-125.97223663,,,,,-0.69309419,0.34582865,-9.77239609,0.09133451,-0.19164757,-0.01489902,-3.03537619,-12.91586808,0.90632640,-0.25491202,-0.35224482,0.98177779,,,,,,,3,,,,,,,,,
10.517794,64036,6459372,,176.87289429,4.72483206,-125.98994446,,,,,-0.67464292,0.37836924,-9.78421307,0.04509577,-0.20392899,-0.00312304,-1.08389627,-10.62446427,1.17465060,-0.25302345,-0.35083711,0.98279905,,,,,,,3,,,,,,,,,
10.527780,64037,6459472,,176.87548828,4.80649662,-126.00244141,,,,,-0.66972184,0.32291466,-9.70273590,0.07919887,-0.24213183,-0.08779788,0.24991550,-8.16246794,0.76108062,-0.25215304,-0.34893137,0.98184407,,,,,,,3,,,,,,,,,
10.537790,64038,6459572,,176.88456726,4.86894274,-126.00692749,,,,,-0.67327958,0.32576135,-9.82948303,0.07102443,-0.25705522,0.03864861,0.88869192,-5.99530655,-0.20452717,-0.25030571,-0.35088155,0.97984344,,,,,,,3,,,,,,,,,
10.547751,64039,6459672,,176.89726257,4.91424131,-126.00425720,,,,,-0.66918850,0.29719707,-9.77119923,0.08607947,-0.27569503,-0.02130914,1.10036567,-4.53691175,-0.60291691,-0.24927820,-0.35281944,0.98130220,,,,,,,3,,,,,,,,,
10.557820,64040,6459772,,176.90214539,4.94632959,-125.99401855,,,,,-0.67823994,0.28130874,-9.79503441,0.10104679,-0.28408554,0.00224304,-0.15467537,-3.36266989,-1.22892125,-0.25116044,-0.34990853,0.98282313,,,,,,,3,,,,,,,,,
10.567753,64041,6459872,,176.89752197,4.96479034,-125.98429108,,,,,-0.68413389,0.29851449,-9.79636765,0.09010761,-0.27196711,0.00493789,-1.01386378,-1.71924890,-1.33194420,-0.25072524,-0.34895563,0.98234564,,,,,,,3,,,,,,,,,
10.577817,64042,6459972,,176.88829041,4.96827888,-125.96546173,,,,,-0.66574854,0.30664870,-9.77546978,0.07421738,-0.28126997,-0.01704955,-1.57927143,-0.69467640,-2.20849620,-0.24986263,-0.34848925,0.98037827,,,,,,,3,,,,,,,,,
10.587688,64043,6460072,,176.87437439,4.96717453,-125.95185852,,,,,-0.69837600,0.32763055,-9.78940392,0.07871139,-0.24486779,0.00073743,-1.81596545,0.27712641,-1.54182620,-0.24988039,-0.34752899,0.98039341,,,,,,,3,,,,,,,,,
10.597782,64044,6460172,,176.85932922,4.94939518,-125.94097137,,,,,-0.71162659,0.31671637,-9.76197243,0.09961112,-0.23637611,-0.02600670,-1.74828147,1.58970903,-0.67949513,-0.24833933,-0.34995601,0.98283648,,,,,,,3,,,,,,,,,
10.607709,64045,6460272,,176.86019897,4.92047834,-125.93852997,,,,,-0.69225693,0.33556110,-9.76446056,0.07590322,-0.23638502,-0.02406883,-0.46758563,2.97210004,0.04100793,-0.25203040,-0.35277402,0.98326814,,,,,,,3,,,,,,,,,
10.617700,64046,6460372,,176.86097717,4.87445116,-125.94309998,,,,,-0.69965923,0.33845234,-9.77208805,0.08219704,-0.22226879,-0.01556253,0.27763828,4.43572762,1.06495915,-0.25347540,-0.35274923,0.98227179,,,,,,,3,,,,,,,,,
10.627721,64047,6460472,,176.86975098,4.81249428,-125.95009613,,,,,-0.64811796,0.32948077,-9.76447678,0.06466147,-0.25787932,-0.02774382,1.03132079,6.39896219,0.86544985,-0.25121212,-0.34990698,0.98133862,,,,,,,3,,,,,,,,,
10.637813,64048,6460572,,176.89056396,4.72911596,-125.95386505,,,,,-0.65120399,0.33947623,-9.77420521,0.06403297,-0.23622125,-0.01693988,1.88116152,8.29554564,0.96997139,-0.25449613,-0.34745243,0.98284525,,,,,,,3,,,,,,,,,
10.647809,64049,6460672,,176.91595459,4.62004900,-125.95605469,,,,,-0.61053330,0.33101037,-9.76764679,0.05475011,-0.25476921,-0.02679896,2.53162989,10.61711755,0.70104779,-0.25686374,-0.34837207,0.98182929,,,,,,,3,,,,,,,,,
10.657733,64050,6460772,,176.94808960,4.50245667,-125.95484924,,,,,-0.62821072,0.30567256,-9.76951027,0.09324318,-0.23538509,-0.02445459,3.01270509,11.78619236,0.34607963,-0.25693268,-0.34837005,0.97984993,,,,,,,3,,,,,,,,,
10.667834,64051,6460872,,176.97708130,4.37109184,-125.94882965,,,,,-0.60604459,0.31346992,-9.78845119,0.08381244,-0.22906925,-0.00647140,2.37455518,13.28931636,-0.16793665,-0.25977886,-0.34976146,0.97832936,,,,,,,3,,,,,,,,,
10.677709,64052,6460972,,177.00086975,4.22461653,-125.93362427,,,,,-0.55331868,0.29354477,-9.78935623,0.08127132,-0.26014829,-0.01005411,1.75080096,15.00386289,-0.92437336,-0.26026577,-0.35071281,0.97732234,,,,,,,3,,,,,,,,,
10.687746,64053,6461072,,177.02249146,4.06216288,-125.91690063,,,,,-0.50959140,0.28047061,-9.76960659,0.07989088,-0.27613792,-0.03295898,1.79894526,16.46291424,-0.64163197,-0.26157296,-0.35069209,0.98028469,,,,,,,3,,,,,,,,,
10.697769,64054,6461172,,177.04969788,3.88207603,-125.89747620,,,,,-0.46731853,0.27322719,-9.80493832,0.07560924,-0.28912374,-0.00032139,2.43547812,18.14023624,-1.15861278,-0.26584059,-0.34774056,0.98080474,,,,,,,3,,,,,,,,,
10.707783,64055,6461272,,177.07717896,3.68975925,-125.87568665,,,,,-0.45679659,0.28480446,-9.77883625,0.07600261,-0.25918537,-0.02572536,2.10886445,19.15147989,-0.98874203,-0.27058583,-0.34718025,0.97980034,,,,,,,3,,,,,,,,,
10.717826,64056,6461372,,177.10687256,3.48108721,-125.85637665,,,,,-0.43640259,0.29384813,-9.78716946,0.07367864,-0.23853722,-0.01752472,2.63129174,20.59591123,-1.04907181,-0.27252710,-0.34666693,0.97831440,,,,,,,3,,,,,,,,,
10.727831,64057,6461472,,177.14204407,3.25690627,-125.83455658,,,,,-0.39382210,0.28545490,-9.79321098,0.07384171,-0.24266174,-0.01364064,3.14076815,22.73000042,-0.63521613,-0.27486029,-0.34758765,0.97828817,,,,,,,3,,,,,,,,,
10.737858,64058,6461572,,177.18399048,3.01354313,-125.82005310,,,,,-0.36754331,0.27188906,-9.78445435,0.08832183,-0.23259947,-0.02367091,3.67196135,24.49599535,0.03848713,-0.28105885,-0.34748220,0.97578496,,,,,,,3,,,,,,,,,
10.747858,64059,6461672,,177.22210693,2.75145769,-125.80823517,,,,,-0.32663420,0.27625737,-9.78859615,0.08202824,-0.22272494,-0.02058315,3.76927063,26.08973290,0.09995699,-0.28673553,-0.34738621,0.97476846,,,,,,,3,,,,,,,,,
10.757776,64060,6461772,,177.26622009,2.47590423,-125.80461121,,,,,-0.26078048,0.24461594,-9.81595135,0.09164360,-0.25282705,0.00313234,4.06569956,27.87188294,1.00801127,-0.28822440,-0.34592050,0.97329992,,,,,,,3,,,,,,,,,
10.767863,64061,6461872,,177.31378174,2.17815900,-125.79629517,,,,,-0.21829784,0.26353925,-9.88136292,0.07601234,-0.23301837,0.06860280,4.55901637,29.87414435,0.79656057,-0.29301339,-0.34391931,0.97182328,,,,,,,3,,,,,,,,,
10.777686,64062,6461972,,177.35951233,1.91182780,-125.79886627,,,,,-0.02495119,0.25149760,-9.90830326,-0.00728964,-0.35778052,0.08942509,4.45391385,26.23671345,1.68582516,-0.29730615,-0.34240663,0.97083622,,,,,,,3,,,,,,,,,
10.787834,64063,6462072,,177.40197754,1.64956033,-125.80709839,,,,,-0.02658514,0.19117878,-10.12099266,0.06749929,-0.36231679,0.30047464,3.33906796,24.78437959,2.73825336,-0.30148563,-0.34329671,0.97179067,,,,,,,3,,,,,,,,,
10.797737,64064,6462172,,177.43782043,1.44748151,-125.82038879,,,,,0.22204895,0.26138741,-9.81183529,-0.12759796,-0.47761962,-0.01027107,3.47550099,19.29822309,2.05786385,-0.30247870,-0.34135982,0.97132158,,,,,,,3,,,,,,,,,
10.807821,64065,6462272,,177.47796631,1.33738530,-125.82477570,,,,,0.23532321,0.18619141,-9.60895538,-0.07639325,-0.50883448,-0.21578526,3.10313701,8.11542416,1.05327739,-0.30534366,-0.33987144,0.97083604,,,,,,,3,,,,,,,,,
10.817801,64066,6462372,,177.50822449,1.30150056,-125.81958771,,,,,0.18403052,0.12768380,-9.61197376,-0.00099061,-0.49574524,-0.21384764,2.71177122,1.41151654,-0.49099642,-0.30682361,-0.33888587,0.96935993,,,,,,,3,,,,,,,,,
10.827906,64067,6462472,,177.53425598,1.35230792,-125.81003571,,,,,0.20659210,0.18638940,-9.65432549,-0.07132442,-0.48940331,-0.16997933,2.05005268,-7.56081194,-1.62342007,-0.30779797,-0.33982882,0.96785581,,,,,,,3,,,,,,,,,
10.837673,64068,6462572,,177.55345154,1.45460606,-125.78719330,,,,,0.03225193,0.18638173,-9.82120514,0.02050498,-0.36964270,0.00040603,1.21192241,-12.43548380,-2.90565852,-0.30728343,-0.34223738,0.96782029,,,,,,,3,,,,,,,,,
10.847788,64069,6462672,,177.54609680,1.61081779,-125.77281189,,,,,-0.00409145,0.14439924,-10.06597614,0.06537752,-0.40080172,0.24316931,-1.09608741,-17.05758295,-2.77011000,-0.30348849,-0.34038219,0.96984774,,,,,,,3,,,,,,,,,
10.857878,64070,6462772,,177.51846313,1.78418124,-125.75611877,,,,,-0.14693069,0.13441771,-9.87357330,0.14110625,-0.30967385,0.05407119,-4.03169290,-18.36995087,-2.12541058,-0.29962364,-0.34044856,0.97283459,,,,,,,3,,,,,,,,,
10.867818,64071,6462872,,177.46040344,1.95303345,-125.75121307,,,,,-0.20618124,0.18828441,-9.89567661,0.12474351,-0.26084375,0.07975006,-6.68996923,-17.29968413,-0.93888282,-0.29816824,-0.34383273,0.97229356,,,,,,,3,,,,,,,,,
10.877894,64072,6462972,,177.38243103,2.11702752,-125.76140594,,,,,-0.21900159,0.19269252,-9.84502125,0.12323747,-0.27595472,0.02905917,-8.70439222,-16.51862639,-0.01004061,-0.29729626,-0.34480631,0.96980876,,,,,,,3,,,,,,,,,
10.887792,64073,6463072,,177.30513000,2.25221038,-125.76665497,,,,,-0.25666115,0.29895088,-9.76687717,0.05494583,-0.20407045,-0.04310369,-7.67988263,-13.78224428,-0.02611327,-0.29354414,-0.34342974,0.97034413,,,,,,,3,,,,,,,,,
10.897844,64074,6463172,,177.24877930,2.36655855,-125.77486420,,,,,-0.26063865,0.33508116,-9.80290031,0.02497006,-0.20172781,-0.00566268,-5.54325816,-10.99075621,0.03120568,-0.28922737,-0.34158397,0.97385830,,,,,,,3,,,,,,,,,
10.907735,64075,6463272,,177.22554016,2.45078921,-125.78425598,,,,,-0.29764158,0.32926121,-9.75337219,0.04452632,-0.18440670,-0.05401874,-1.96223117,-8.55688661,0.80359358,-0.28912348,-0.34254676,0.97631741,,,,,,,3,,,,,,,,,
10.917784,64076,6463372,,177.22120667,2.52254653,-125.79222107,,,,,-0.29227144,0.31274271,-9.78005791,0.04855608,-0.20964590,-0.02858782,-0.46063906,-7.16240616,0.38651595,-0.28678039,-0.34402573,0.97531617,,,,,,,3,,,,,,,,,
10.927745,64077,6463472,,177.23323059,2.57533717,-125.79463959,,,,,-0.27765733,0.30063972,-9.80191422,0.04305548,-0.23482335,-0.00809693,1.28637862,-5.08152883,-0.35911742,-0.28590110,-0.34260014,0.97435367,,,,,,,3,,,,,,,,,
10.937772,64078,6463572,,177.25373840,2.59520888,-125.79294586,,,,,-0.29734752,0.24038124,-9.78428173,0.09924687,-0.25226694,-0.02764726,1.78075081,-1.66883399,-0.10077992,-0.28637078,-0.34355202,0.97384149,,,,,,,3,,,,,,,,,
10.947758,64079,6463672,,177.27360535,2.59602141,-125.78876495,,,,,-0.31804213,0.22169703,-9.79534340,0.12426196,-0.24515601,-0.01648426,1.34792951,-0.33971747,-0.53308303,-0.28586563,-0.34452069,0.97432345,,,,,,,3,,,,,,,,,
10.957865,64080,6463772,,177.28796387,2.57629991,-125.78226471,,,,,-0.31268749,0.21719970,-9.79647446,0.12555403,-0.24701044,-0.01568937,1.03563512,2.14507768,-0.58056592,-0.28735447,-0.34305504,0.97285491,,,,,,,3,,,,,,,,,
10.967773,64081,6463872,,177.28700256,2.52871871,-125.77645874,,,,,-0.29317296,0.23291475,-9.79203033,0.10754129,-0.24644727,-0.02014327,-0.65231039,4.81618794,-0.51443800,-0.29017407,-0.34588683,0.97131163,,,,,,,3,,,,,,,,,
10.977789,64082,6463972,,177.28509521,2.46046448,-125.77343750,,,,,-0.29576263,0.25591263,-9.79506588,0.09795155,-0.22085319,-0.01574659,-0.39880583,7.08397552,-0.07514260,-0.29107058,-0.34731194,0.97177935,,,,,,,3,,,,,,,,,
10.987875,64083,6464072,,177.28750610,2.36808634,-125.76904297,,,,,-0.27299279,0.25709307,-9.78828239,0.09272404,-0.22423312,-0.02318645,0.23385711,9.30508431,-0.25085889,-0.29056749,-0.34444156,0.97430110,,,,,,,3,,,,,,,,,
10.997781,64084,6464172,,177.30088806,2.25807500,-125.76432800,,,,,-0.24272850,0.27487996,-9.79143620,0.07002497,-0.22120582,-0.02008843,1.13615320,11.07499379,0.23639226,-0.29058620,-0.34156176,0.97533613,,,,,,,3,,,,,,,,,
11.007831,64085,6464272,,177.32531738,2.12426853,-125.75689697,,,,,-0.23672688,0.25959691,-9.82048416,0.08971188,-0.21452457,0.00837135,2.13062906,13.51675141,-0.23881855,-0.29528710,-0.34340215,0.97429389,,,,,,,3,,,,,,,,,
11.017774,64086,6464372,,177.35594177,1.98890269,-125.75316620,,,,,-0.11418602,0.26606813,-9.83552647,0.02242916,-0.28920153,0.01986790,2.41279912,13.40405671,0.54505497,-0.29825541,-0.34191066,0.97083932,,,,,,,3,,,,,,,,,
11.027720,64087,6464472,,177.38095093,1.85455287,-125.75165558,,,,,-0.11495855,0.23309253,-9.81501579,0.05877640,-0.28589827,-0.00152946,2.30685947,12.62906929,0.43439531,-0.29730615,-0.34240663,0.97083622,,,,,,,3,,,,,,,,,
11.037819,64088,6464572,,177.40921021,1.74012208,-125.74998474,,,,,-0.03405783,0.21714357,-9.82421780,0.03195402,-0.34310547,0.00498939,2.30490539,10.95248154,0.39468096,-0.30108386,-0.34426236,0.96930361,,,,,,,3,,,,,,,,,
11.047846,64089,6464672,,177.42089844,1.65277326,-125.74540710,,,,,0.02929652,0.20132430,-9.86471653,0.01537193,-0.39393675,0.04329228,0.77811788,7.89901559,-0.09394045,-0.30252987,-0.34231806,0.96932715,,,,,,,3,,,,,,,,,
11.057814,64090,6464772,,177.43092346,1.59798300,-125.74248505,,,,,0.04451864,0.19389763,-9.78668785,0.01393627,-0.39977118,-0.03510857,0.66185611,3.97803493,-0.12688959,-0.30060634,-0.34187108,0.97082812,,,,,,,3,,,,,,,,,
11.067772,64091,6464872,,177.44139099,1.58909929,-125.73393250,,,,,0.02875963,0.19678763,-9.78044128,0.01931890,-0.38466272,-0.04075980,0.14601324,-0.72488051,-0.58815213,-0.30287009,-0.34375361,0.97227126,,,,,,,3,,,,,,,,,
11.077766,64092,6464972,,177.44224548,1.61646521,-125.72193909,,,,,-0.01776551,0.21250455,-9.82048321,0.03105153,-0.34407294,0.00107598,-0.13541879,-3.60582890,-1.28241519,-0.30348849,-0.34038219,0.96984774,,,,,,,3,,,,,,,,,
11.087861,64093,6465072,,177.43547058,1.66739941,-125.71763611,,,,,-0.03246825,0.22182944,-9.84822941,0.02841977,-0.33719903,0.02932620,-1.37061363,-6.10753936,-0.67974907,-0.30211341,-0.33848539,0.96988463,,,,,,,3,,,,,,,,,
11.097748,64094,6465172,,177.42626953,1.72972786,-125.71887970,,,,,-0.09914199,0.22877206,-9.82212353,0.05588344,-0.28814957,0.00525784,-1.70922869,-7.69502431,-0.19504547,-0.29924896,-0.33901402,0.97088015,,,,,,,3,,,,,,,,,
11.107953,64095,6465272,,177.41191101,1.79982889,-125.71837616,,,,,-0.13943349,0.23669232,-9.81192207,0.06814726,-0.26134068,-0.00359058,-2.22370298,-7.66679087,-0.32313609,-0.29829922,-0.34046975,0.97036713,,,,,,,3,,,,,,,,,
11.117810,64096,6465372,,177.39895630,1.86787808,-125.71840668,,,,,-0.15718605,0.24050738,-9.81081581,0.07036473,-0.25492799,-0.00418377,-1.80003595,-7.12596069,-0.15722845,-0.29777685,-0.34143898,0.97134393,,,,,,,3,,,,,,,,,
11.127845,64097,6465472,,177.38769531,1.92026711,-125.71369171,,,,,-0.18218835,0.24796037,-9.80657864,0.07557805,-0.23781699,-0.00741124,-1.65828850,-5.42769606,-0.59197063,-0.29728109,-0.34096774,0.97234339,,,,,,,3,,,,,,,,,
11.137781,64098,6465572,,177.38439941,1.96061456,-125.71352386,,,,,-0.20745352,0.25912613,-9.79408741,0.07756396,-0.21521613,-0.01860428,-0.76168076,-3.95758748,-0.27659833,-0.29783791,-0.33999756,0.97037691,,,,,,,3,,,,,,,,,
11.147753,64099,6465672,,177.38314819,1.97388887,-125.71804810,,,,,-0.20793954,0.26000381,-9.78689575,0.07616426,-0.21503553,-0.02574468,-0.36787911,-1.58641720,0.13726677,-0.29836765,-0.34142751,0.96787781,,,,,,,3,,,,,,,,,
11.157784,64100,6465772,,177.37977600,1.97079396,-125.72283173,,,,,-0.17796335,0.26223424,-9.80076885,0.05821764,-0.23838916,-0.01282406,-0.58215175,-0.20210327,0.33436244,-0.29690588,-0.34049299,0.96987897,,,,,,,3,,,,,,,,,
11.167798,64101,6465872,,177.38105774,1.95231211,-125.72979736,,,,,-0.17054361,0.23811918,-9.80884838,0.07588230,-0.25515532,-0.00603485,-0.24972810,1.99295294,0.12485994,-0.29960540,-0.34236860,0.97230953,,,,,,,3,,,,,,,,,
11.177758,64102,6465972,,177.38351440,1.91461325,-125.73004150,,,,,-0.15474282,0.24152435,-9.81234837,0.06723670,-0.26055300,-0.00279117,0.04446139,2.99413765,0.20292503,-0.30199760,-0.34568694,0.96927643,,,,,,,3,,,,,,,,,
11.187761,64103,6466072,,177.38265991,1.87556446,-125.74207306,,,,,-0.12684482,0.22042550,-9.82113552,0.07215143,-0.29013273,0.00423241,0.26478240,3.46375840,0.20069042,-0.30157125,-0.34425393,0.96880651,,,,,,,3,,,,,,,,,
11.197925,64104,6466172,,177.38330078,1.83240294,-125.73487854,,,,,-0.11152271,0.21770464,-9.80812168,0.06964511,-0.29729259,-0.00922751,0.17445038,3.95040511,-1.21114878,-0.29968318,-0.34188643,0.97033775,,,,,,,3,,,,,,,,,
11.207857,64105,6466272,,177.38934326,1.79283071,-125.73339081,,,,,-0.10503651,0.23032236,-9.81770802,0.05871648,-0.29022989,0.00086308,0.22885026,3.00439061,-0.09933432,-0.29917017,-0.34141573,0.97183204,,,,,,,3,,,,,,,,,
11.217806,64106,6466372,,177.39640808,1.76447380,-125.72871399,,,,,-0.08823590,0.24675842,-9.80700874,0.03754128,-0.28941035,-0.00947690,-0.22829078,2.35027919,-0.29706558,-0.29965025,-0.33900815,0.97285730,,,,,,,3,,,,,,,,,
11.227804,64107,6466472,,177.40083313,1.74186981,-125.71721649,,,,,-0.07969341,0.23298480,-9.80673981,0.04528088,-0.30112815,-0.01054406,-0.48112973,1.62781476,-0.97030052,-0.30107805,-0.33898389,0.97235572,,,,,,,3,,,,,,,,,
11.237811,64108,6466572,,177.40838623,1.72873926,-125.70911407,,,,,-0.07423441,0.23419431,-9.81742668,0.04093418,-0.30302680,0.00009680,0.19177626,0.47239893,-0.65958203,-0.30163383,-0.33993322,0.96936935,,,,,,,3,,,,,,,,,
11.247789,64109,6466672,,177.41319275,1.71920645,-125.70578003,,,,,-0.09812292,0.23676930,-9.80803776,0.05293753,-0.28045824,-0.00841308,-0.38540362,-0.26770438,-0.36892061,-0.30114594,-0.34090140,0.96935648,,,,,,,3,,,,,,,,,
11.257767,64110,6466772,,177.41482544,1.72378349,-125.70348358,,,,,-0.09670722,0.22887599,-9.81496239,0.05771310,-0.28686869,-0.00189900,-0.18304252,-1.00919652,-0.38681565,-0.30062407,-0.34091082,0.97084326,,,,,,,3,,,,,,,,,
11.267810,64111,6466872,,177.41586304,1.73492420,-125.70448303,,,,,-0.09637314,0.22582938,-9.81221008,0.05849018,-0.29087150,-0.00484538,-0.47351001,-2.09450334,-0.13604776,-0.29921350,-0.34093457,0.97084993,,,,,,,3,,,,,,,,,
11.277871,64112,6466972,,177.42012024,1.75062442,-125.70007324,,,,,-0.11141203,0.22759040,-9.81146431,0.06375568,-0.27907309,-0.00508237,-0.20011039,-1.99437063,-0.20355970,-0.29780346,-0.33999857,0.97136658,,,,,,,3,,,,,,,,,
11.287956,64113,6467072,,177.42127991,1.77283859,-125.69264984,,,,,-0.12326729,0.24360679,-9.80823231,0.05546349,-0.26357847,-0.00730777,-0.99177164,-2.79364748,-0.10840255,-0.30059952,-0.33851215,0.97286040,,,,,,,3,,,,,,,,,
11.297823,64114,6467172,,177.42416382,1.78693593,-125.69602966,,,,,-0.13874668,0.24071269,-9.80717468,0.06501116,-0.25423101,-0.00804448,-0.85174892,-2.30657687,-0.13259117,-0.30157432,-0.33849531,0.97186625,,,,,,,3,,,,,,,,,
11.307806,64115,6467272,,177.42671204,1.79295075,-125.69732666,,,,,-0.12278005,0.23944555,-9.80106258,0.05543136,-0.26758918,-0.01469636,-0.24621797,-1.47135498,-0.37244531,-0.30249593,-0.34135932,0.97082675,,,,,,,3,,,,,,,,,
11.317910,64116,6467372,,177.42224121,1.79469049,-125.70285797,,,,,-0.13019601,0.24128553,-9.81615067,0.05922928,-0.26180750,0.00066733,-0.73671392,-0.91790549,-0.48515181,-0.30062303,-0.34283036,0.96982336,,,,,,,3,,,,,,,,,
11.327795,64117,6467472,,177.41868591,1.79603112,-125.70516968,,,,,-0.13734972,0.23399691,-9.81307983,0.06978267,-0.26037487,-0.00251508,-0.67706107,-0.55296886,0.02084650,-0.29778469,-0.34287837,0.97033155,,,,,,,3,,,,,,,,,
11.337786,64118,6467572,,177.41815186,1.79584646,-125.70223236,,,,,-0.14180839,0.24362728,-9.80338287,0.06453896,-0.25026506,-0.01161337,-0.30407791,-0.03822986,-0.45586337,-0.29969987,-0.34284571,0.96933299,,,,,,,3,,,,,,,,,
11.347796,64119,6467672,,177.41546631,1.78636408,-125.70210266,,,,,-0.13395640,0.24840203,-9.81578350,0.05755470,-0.25364238,0.00075197,-0.45835366,0.17693824,0.06602833,-0.30164170,-0.34137261,0.96835703,,,,,,,3,,,,,,,,,
11.357907,64120,6467772,,177.41209412,1.77494085,-125.70759583,,,,,-0.12453300,0.23437999,-9.80933952,0.06464743,-0.26780427,-0.00657988,-0.19808780,0.16617385,-0.43922508,-0.30071023,-0.34090829,0.96836907,,,,,,,3,,,,,,,,,
11.367770,64121,6467872,,177.41572571,1.76414573,-125.70885468,,,,,-0.11926691,0.23703673,-9.81451130,0.06054001,-0.26889122,-0.00141597,-0.25109120,0.48378876,-0.11500715,-0.30019569,-0.34331691,0.96833348,,,,,,,3,,,,,,,,,
11.377771,64122,6467972,,177.40896606,1.75153100,-125.70632935,,,,,-0.11937483,0.22909239,-9.82039261,0.06933145,-0.27250117,0.00412202,-0.63701957,0.69579436,-0.64670408,-0.30112767,-0.34282145,0.96883142,,,,,,,3,,,,,,,,,
11.387790,64123,6468072,,177.40495300,1.73991942,-125.70897675,,,,,-0.10802548,0.23904078,-9.81247425,0.05575825,-0.27447009,-0.00366068,-0.19286761,0.18189567,-0.18076868,-0.30203411,-0.34184685,0.97032660,,,,,,,3,,,,,,,,,
11.397778,64124,6468172,,177.41011047,1.73084068,-125.71237946,,,,,-0.10288238,0.23975258,-9.82040501,0.05284581,-0.27695304,0.00417995,-0.11908896,0.19465746,-0.07959932,-0.30153781,-0.34233540,0.97081608,,,,,,,3,,,,,,,,,
11.407817,64125,6468272,,177.40843201,1.71934414,-125.71090698,,,,,-0.11724459,0.23589577,-9.81210804,0.06563961,-0.26558411,-0.00381494,-0.45399483,0.47346231,-0.89859559,-0.30485469,-0.34275913,0.96980321,,,,,,,3,,,,,,,,,
11.417785,64126,6468372,,177.40127563,1.70557415,-125.71873474,,,,,-0.09730873,0.23188381,-9.80771828,0.05912051,-0.28268209,-0.00895262,-0.33661355,0.29948445,-0.41148643,-0.30298185,-0.34423020,0.96879983,,,,,,,3,,,,,,,,,
11.427776,64127,6468472,,177.39483643,1.69257259,-125.72750092,,,,,-0.11557239,0.22418134,-9.80321884,0.07809843,-0.27111524,-0.01324153,-0.40129517,0.11109531,-0.05735519,-0.30151120,-0.34377581,0.97079343,,,,,,,3,,,,,,,,,
11.437779,64128,6468572,,177.39706421,1.68894792,-125.72817230,,,,,-0.10636983,0.23388681,-9.81112671,0.06524311,-0.27254391,-0.00515413,-0.11665811,-0.15602863,-0.26167834,-0.30157277,-0.34137464,0.97033638,,,,,,,3,,,,,,,,,
11.447886,64129,6468672,,177.39506531,1.68823624,-125.72746277,,,,,-0.10916786,0.22095573,-9.81357384,0.07778860,-0.27846140,-0.00323367,-0.64609849,-0.69390624,-0.68281855,-0.30205968,-0.34232599,0.96932936,,,,,,,3,,,,,,,,,
11.457832,64130,6468772,,177.39248657,1.68181646,-125.72976685,,,,,-0.10752671,0.24680045,-9.81174088,0.05659804,-0.26415828,-0.00392818,-0.56224404,-0.70046514,0.02266340,-0.30064914,-0.34234971,0.96933603,,,,,,,3,,,,,,,,,
11.467881,64131,6468872,,177.38793945,1.68651295,-125.72534180,,,,,-0.11715478,0.23766008,-9.80314350,0.07005948,-0.26207119,-0.01267314,-0.88363289,-0.69855552,-0.82577136,-0.29922920,-0.34381336,0.96882522,,,,,,,3,,,,,,,,,
11.477815,64132,6468972,,177.38700867,1.68636787,-125.72127533,,,,,-0.12319885,0.22945400,-9.80593204,0.08007829,-0.26186806,-0.01007605,-0.13339830,-0.46791977,-0.15207128,-0.30023015,-0.34331590,0.96734381,,,,,,,3,,,,,,,,,
11.487777,64133,6469072,,177.38294983,1.68459857,-125.72162628,,,,,-0.12196930,0.23380394,-9.80659676,0.07672453,-0.26041967,-0.00926018,-0.35078846,-0.18748226,-0.37972770,-0.30118877,-0.34138003,0.96786445,,,,,,,3,,,,,,,,,
11.497768,64134,6469172,,177.38511658,1.67975497,-125.72048950,,,,,-0.12344299,0.24202412,-9.81274796,0.07141355,-0.25438017,-0.00269365,-0.57935020,-0.39876573,-0.31980026,-0.30206957,-0.33992633,0.97035682,,,,,,,3,,,,,,,,,
11.507801,64135,6469272,,177.38600159,1.67953336,-125.72442627,,,,,-0.11639024,0.23370187,-9.81315041,0.07354514,-0.26489305,-0.00286913,-0.28181667,-0.94818970,-0.06738090,-0.30295727,-0.34183154,0.97081697,,,,,,,3,,,,,,,,,
11.517773,64136,6469372,,177.38626099,1.67079961,-125.72960663,,,,,-0.11485144,0.22903159,-9.81559277,0.07746212,-0.26753819,-0.00065827,-0.32323721,-0.20887052,-0.22792515,-0.30258992,-0.34279618,0.96734023,,,,,,,3,,,,,,,,,
11.527817,64137,6469472,,177.38121033,1.66993320,-125.73774719,,,,,-0.12005132,0.23160899,-9.80281830,0.07872973,-0.26160935,-0.01316190,-0.44831089,-0.76177009,-0.12212082,-0.30350474,-0.34230122,0.96833301,,,,,,,3,,,,,,,,,
11.537839,64138,6469572,,177.37709045,1.65734649,-125.74864960,,,,,-0.10865647,0.23747036,-9.80730915,0.06954016,-0.26630175,-0.00871682,-0.70504500,0.10404394,-0.28699353,-0.30350524,-0.34134147,0.96884292,,,,,,,3,,,,,,,,,
11.547873,64139,6469672,,177.37629700,1.64912057,-125.75188446,,,,,-0.10775159,0.23391852,-9.81249619,0.07239832,-0.26813731,-0.00369906,0.05861754,-0.29606503,-0.45599730,-0.30249491,-0.34327886,0.96980685,,,,,,,3,,,,,,,,,
11.557961,64140,6469772,,177.37503052,1.64223266,-125.75798798,,,,,-0.10427551,0.22986779,-9.81286240,0.07483156,-0.27274483,-0.00361133,-0.43195178,-0.36989018,-0.03002477,-0.30105826,-0.34378323,0.97030085,,,,,,,3,,,,,,,,,
11.567801,64141,6469872,,177.37329102,1.64015722,-125.75993347,,,,,-0.11355519,0.22812621,-9.80733013,0.08198933,-0.26589203,-0.00894880,-0.49333949,-0.64589396,-0.38157991,-0.30252987,-0.34231806,0.96932715,,,,,,,3,,,,,,,,,
11.577822,64142,6469972,,177.37124634,1.63858557,-125.76510620,,,,,-0.10385017,0.24105145,-9.80696869,0.06614257,-0.26632723,-0.00900340,-0.48733410,-0.86728456,0.04483797,-0.30256486,-0.34135729,0.96884739,,,,,,,3,,,,,,,,,
11.587891,64143,6470072,,177.37135315,1.63123333,-125.76919556,,,,,-0.10874325,0.24373561,-9.80969524,0.06756052,-0.25965616,-0.00598669,-0.19723432,-0.34754953,-0.36695994,-0.30254811,-0.34039801,0.96985221,,,,,,,3,,,,,,,,,
11.597943,64144,6470172,,177.37606812,1.62572265,-125.76954651,,,,,-0.10429379,0.23591536,-9.80836868,0.07140967,-0.26676744,-0.00777030,-0.36642938,-0.49949563,-0.69276976,-0.30161610,-0.34089348,0.96935427,,,,,,,3,,,,,,,,,
11.607880,64145,6470272,,177.38418579,1.62149763,-125.76156616,,,,,-0.11032692,0.22191124,-9.81014347,0.08531475,-0.26855141,-0.00641751,0.24042775,-0.64073129,-0.62363112,-0.30067575,-0.34090930,0.96935874,,,,,,,3,,,,,,,,,
11.617846,64146,6470372,,177.38925171,1.61763108,-125.75286865,,,,,-0.10560060,0.23357235,-9.81904602,0.07352319,-0.26492974,0.00289822,-0.38178930,-0.25086677,-0.82297899,-0.29882160,-0.33950058,0.96939033,,,,,,,3,,,,,,,,,
11.627897,64147,6470472,,177.40289307,1.61700106,-125.74002838,,,,,-0.10762697,0.23221287,-9.81285381,0.07371784,-0.26215327,-0.00323200,0.33178004,-0.41205203,-0.11909930,-0.29923907,-0.34141371,0.96985269,,,,,,,3,,,,,,,,,
11.637860,64148,6470572,,177.40272522,1.61159599,-125.73389435,,,,,-0.12767312,0.23604777,-9.81171608,0.08365770,-0.24276981,-0.00361848,-1.03426609,0.42917344,0.00524077,-0.30111933,-0.34234181,0.96933383,,,,,,,3,,,,,,,,,
11.647934,64149,6470672,,177.40641785,1.60436583,-125.73545074,,,,,-0.11649176,0.23652834,-9.81348705,0.07609436,-0.25057873,-0.00210762,-0.20597509,-0.36375458,-0.47351540,-0.30212861,-0.34232396,0.96735001,,,,,,,3,,,,,,,,,
11.657917,64150,6470772,,177.40188599,1.59826660,-125.73935699,,,,,-0.09957837,0.23443806,-9.81079388,0.06903011,-0.26477787,-0.00535774,-0.40938641,-0.25975967,-0.15250961,-0.30217245,-0.34088305,0.96687782,,,,,,,3,,,,,,,,,
11.667969,64151,6470872,,177.39921570,1.58872128,-125.74372864,,,,,-0.10777968,0.23082383,-9.80906296,0.07809037,-0.25934359,-0.00700855,-0.55422583,-0.28433378,-0.06452548,-0.30072746,-0.34090778,0.96787423,,,,,,,3,,,,,,,,,
11.677937,64152,6470972,,177.40414429,1.58448100,-125.73863220,,,,,-0.11676513,0.22873506,-9.80216122,0.08467248,-0.25166786,-0.01371288,-0.08336266,-0.35269277,-0.30699766,-0.30126655,-0.34089786,0.96589261,,,,,,,3,,,,,,,,,
11.687851,64153,6471072,,177.40890503,1.58037639,-125.73719788,,,,,-0.11222988,0.23280787,-9.81180191,0.07835611,-0.25242442,-0.00399637,0.19148034,-0.59990373,-0.47967431,-0.30074468,-0.34090728,0.96737939,,,,,,,3,,,,,,,,,
11.697833,64154,6471172,,177.41041565,1.57638097,-125.73371887,,,,,-0.11246643,0.23228514,-9.82039547,0.07995360,-0.25247160,0.00457144,-0.74297426,-0.37896045,-0.23412133,-0.29836816,-0.34046772,0.96838778,,,,,,,3,,,,,,,,,
11.707920,64155,6471272,,177.41323853,1.57344234,-125.71925354,,,,,-0.11568990,0.22513065,-9.81800747,0.08783432,-0.25270668,0.00198150,-0.61945600,0.23693198,-0.50724197,-0.29932523,-0.34141117,0.96737850,,,,,,,3,,,,,,,,,
11.717916,64156,6471372,,177.41746521,1.56700635,-125.70668030,,,,,-0.10858911,0.23283814,-9.81180668,0.07696680,-0.25229725,-0.00401855,-0.08785562,0.15192360,-0.61381539,-0.29979542,-0.34140328,0.96737629,,,,,,,3,,,,,,,,,
11.727842,64157,6471472,,177.42086792,1.55991864,-125.69874573,,,,,-0.11551531,0.22797824,-9.80870533,0.08534560,-0.24819642,-0.00711823,-0.42481303,0.13229401,-0.41622279,-0.29970041,-0.34188592,0.96984291,,,,,,,3,,,,,,,,,
11.737901,64158,6471572,,177.42228699,1.55789578,-125.68778992,,,,,-0.11332686,0.23265143,-9.81625652,0.08048570,-0.24739698,0.00057983,-0.67957981,-0.31356990,-0.75184657,-0.30111098,-0.34186217,0.96983624,,,,,,,3,,,,,,,,,
11.747823,64159,6471672,,177.42031860,1.55224907,-125.68665314,,,,,-0.12357558,0.22590140,-9.80489063,0.09269180,-0.24193239,-0.01079202,-1.01658796,-0.12654830,-0.19769821,-0.30259097,-0.34087664,0.96836013,,,,,,,3,,,,,,,,,
11.757793,64160,6471772,,177.42172241,1.54372036,-125.69058990,,,,,-0.11217552,0.22524123,-9.81836605,0.08688767,-0.25098610,0.00235343,-0.31879948,-0.48553942,-0.13841610,-0.30025727,-0.34091571,0.96787643,,,,,,,3,,,,,,,,,
11.767895,64161,6471872,,177.42941284,1.54285717,-125.68614960,,,,,-0.11301818,0.23152645,-9.80801105,0.08112399,-0.24510704,-0.00764728,0.06363277,-0.70775818,0.12428147,-0.29977769,-0.34236354,0.96736115,,,,,,,3,,,,,,,,,
11.777814,64162,6471972,,177.43373108,1.54699290,-125.67902374,,,,,-0.11820088,0.23010182,-9.81419754,0.08463250,-0.24179934,-0.00138259,-0.04819934,-0.46716071,-0.76022076,-0.30027398,-0.34187496,0.96687168,,,,,,,3,,,,,,,,,
11.787868,64163,6472072,,177.43362427,1.54297972,-125.67206573,,,,,-0.11306518,0.24163309,-9.81174660,0.07271180,-0.23871246,-0.00344419,-0.39136482,-0.15985896,-0.21964402,-0.29973489,-0.34188491,0.96885324,,,,,,,3,,,,,,,,,
11.797936,64164,6472172,,177.43998718,1.53563309,-125.66119385,,,,,-0.10766716,0.23970026,-9.80696201,0.07127753,-0.24238613,-0.00841594,-0.44903867,0.19566871,-0.66875930,-0.29828098,-0.34238979,0.96984208,,,,,,,3,,,,,,,,,
11.807894,64165,6472272,,177.44340515,1.54155242,-125.64974976,,,,,-0.11682077,0.23763609,-9.81037617,0.07712804,-0.23690587,-0.00485754,-0.47657805,-0.73917796,-0.24347789,-0.29920360,-0.34333426,0.96982247,,,,,,,3,,,,,,,,,
11.817838,64166,6472372,,177.44419861,1.54353869,-125.64679718,,,,,-0.10680768,0.23285238,-9.81077957,0.07482152,-0.24790716,-0.00493646,-0.44078303,-0.49233743,0.23198183,-0.29967380,-0.34332636,0.96982026,,,,,,,3,,,,,,,,,
11.827843,64167,6472472,,177.44813538,1.54045033,-125.64273834,,,,,-0.11593679,0.23829050,-9.81038094,0.07565015,-0.23630138,-0.00482082,-0.31777573,0.05455967,-0.15152380,-0.29917750,-0.34381488,0.97030973,,,,,,,3,,,,,,,,,
11.837836,64168,6472572,,177.44935608,1.53866136,-125.63406372,,,,,-0.11585601,0.24040796,-9.80899811,0.07384378,-0.23482597,-0.00610232,-0.49938523,-0.17459941,-0.14619893,-0.30020455,-0.34283677,0.96834105,,,,,,,3,,,,,,,,,
11.847823,64169,6472672,,177.44804382,1.53750527,-125.62907410,,,,,-0.10973118,0.24187444,-9.80762577,0.06944679,-0.23890448,-0.00757599,-0.73608479,-0.19781406,-0.79715896,-0.30117154,-0.34138054,0.96835929,,,,,,,3,,,,,,,,,
11.857816,64170,6472772,,177.45347595,1.52928209,-125.62301636,,,,,-0.11095955,0.22207478,-9.81460762,0.08606699,-0.24792472,-0.00140595,0.08544582,-0.02098222,-0.46332119,-0.30024838,-0.34139585,0.96786886,,,,,,,3,,,,,,,,,
11.867860,64171,6472872,,177.45523071,1.52223051,-125.62074280,,,,,-0.11832081,0.23265058,-9.81728172,0.08261773,-0.23501177,0.00194764,-0.57484297,-0.09731459,-0.03795373,-0.30073580,-0.34138742,0.96737182,,,,,,,3,,,,,,,,,
11.877881,64172,6472972,,177.45678711,1.51894581,-125.61723328,,,,,-0.10808392,0.23524530,-9.81626701,0.07473229,-0.24132083,0.00078607,-0.77514376,-0.37875629,-0.35795893,-0.30169389,-0.34041131,0.96738249,,,,,,,3,,,,,,,,,
11.887917,64173,6473072,,177.46171570,1.50971448,-125.61602020,,,,,-0.10407226,0.23566078,-9.80871964,0.07174959,-0.24206229,-0.00678825,-0.13457260,-0.21596814,-0.33213540,-0.30070186,-0.34042865,0.96887147,,,,,,,3,,,,,,,,,
11.897916,64174,6473172,,177.46427917,1.50599766,-125.60957336,,,,,-0.11550461,0.23833953,-9.80072975,0.07643005,-0.23062386,-0.01434636,-0.95826103,-0.79953826,-0.47267156,-0.29885554,-0.34045932,0.96789068,,,,,,,3,,,,,,,,,
11.907905,64175,6473272,,177.47132874,1.50890839,-125.59903717,,,,,-0.12098555,0.22540469,-9.81799412,0.08941138,-0.23347700,0.00250053,-0.39602456,-0.36212796,-0.16765444,-0.30072695,-0.34186754,0.96736425,,,,,,,3,,,,,,,,,
11.917923,64176,6473372,,177.47445679,1.50467217,-125.59943390,,,,,-0.11681125,0.23284186,-9.80868053,0.08013675,-0.23129779,-0.00655866,-0.07672620,-0.50376919,0.00248013,-0.30024838,-0.34139585,0.96786886,,,,,,,3,,,,,,,,,
11.927902,64177,6473472,,177.47885132,1.50478816,-125.59810638,,,,,-0.10300444,0.22969916,-9.81872368,0.07463551,-0.24457483,0.00297713,-0.50700174,-0.62670598,0.01192815,-0.29842770,-0.34190559,0.96589094,,,,,,,3,,,,,,,,,
11.937903,64178,6473572,,177.48410034,1.50566089,-125.58438110,,,,,-0.11237477,0.23190665,-9.79941082,0.07727708,-0.23402706,-0.01594210,-0.39336241,-0.23496358,-0.59439177,-0.29942024,-0.34092849,0.96491182,,,,,,,3,,,,,,,,,
11.947874,64179,6473672,,177.48612976,1.50263703,-125.57591248,,,,,-0.10991415,0.23127297,-9.80733490,0.07606035,-0.23614043,-0.00810409,-0.05870920,-0.41854321,0.05128740,-0.30124044,-0.34137851,0.96637994,,,,,,,3,,,,,,,,,
11.957939,64180,6473772,,177.48616028,1.49797046,-125.57887268,,,,,-0.10496744,0.23203368,-9.81044102,0.07308756,-0.23944807,-0.00509214,-0.31832225,-0.55568306,-0.12492265,-0.29976881,-0.34284368,0.96735364,,,,,,,3,,,,,,,,,
11.967884,64181,6473872,,177.48403931,1.49571609,-125.58155060,,,,,-0.11044107,0.23915984,-9.81141758,0.07155127,-0.23080717,-0.00366473,-0.93840609,-0.31724983,0.41950840,-0.29926416,-0.34285259,0.96834552,,,,,,,3,,,,,,,,,
11.977902,64182,6473972,,177.48680115,1.49684250,-125.57267761,,,,,-0.11172549,0.23175006,-9.81145477,0.07764817,-0.23364434,-0.00390530,-0.30729576,-0.33087958,-0.17052073,-0.30071756,-0.34330747,0.96684676,,,,,,,3,,,,,,,,,
11.987968,64183,6474072,,177.48344421,1.49006999,-125.57096863,,,,,-0.11586194,0.23048380,-9.80903912,0.08200077,-0.23029914,-0.00625777,-0.43939445,-0.07256886,-0.22386137,-0.30023953,-0.34187597,0.96786135,,,,,,,3,,,,,,,,,
11.997870,64184,6474172,,177.48893738,1.48509240,-125.56902313,,,,,-0.10834321,0.23199473,-9.80837536,0.07632784,-0.23418467,-0.00701880,-0.13878301,0.04956195,-0.20753091,-0.29782018,-0.34095782,0.97036183,,,,,,,3,,,,,,,,,
12.007908,64185,6474272,,177.50253296,1.48791969,-125.55185699,,,,,-0.11593180,0.23244503,-9.80834103,0.07865612,-0.22713363,-0.00680900,-0.36668548,-0.40282249,-0.39530125,-0.30012727,-0.34235916,0.97082281,,,,,,,3,,,,,,,,,
12.017899,64186,6474372,,177.50967407,1.48617244,-125.54550171,,,,,-0.11076938,0.23223744,-9.81592655,0.07494545,-0.23102552,0.00065136,-0.57652181,-0.52904884,-0.03841578,-0.30071023,-0.34090829,0.96836907,,,,,,,3,,,,,,,,,
12.027941,64187,6474472,,177.51136780,1.48288655,-125.54402924,,,,,-0.10431612,0.23486164,-9.81180668,0.06888355,-0.23381513,-0.00349760,-0.58944821,-0.46030966,-0.57162099,-0.29976198,-0.33948475,0.96938586,,,,,,,3,,,,,,,,,
12.037899,64188,6474572,,177.52046204,1.47665763,-125.53459167,,,,,-0.10378561,0.23780239,-9.81351376,0.06620152,-0.23090293,-0.00163817,-0.82921426,0.02737532,-0.25965300,-0.30068460,-0.34042916,0.96936631,,,,,,,3,,,,,,,,,
12.048001,64189,6474672,,177.52912903,1.46605980,-125.53542328,,,,,-0.11122349,0.23298785,-9.82074356,0.07396404,-0.22567576,0.00562358,-0.42487923,-0.12670016,0.12104496,-0.30160671,-0.34233338,0.96883672,,,,,,,3,,,,,,,,,
12.063084,64190,6474772,,177.53108215,1.46358156,-125.54209900,,,,,-0.11157803,0.23484109,-9.81006432,0.07234416,-0.22333781,-0.00494194,-0.73735659,-0.62132721,0.31363751,-0.30068409,-0.34138894,0.96885633,,,,,,,3,,,,,,,,,
12.067975,64191,6474872,,177.53552246,1.45974922,-125.53620148,,,,,-0.10187957,0.23722705,-9.82420063,0.06457750,-0.22895777,0.00906920,-0.01119320,-0.17192280,-0.68214599,-0.30074418,-0.34186703,0.96686941,,,,,,,3,,,,,,,,,
12.077987,64192,6474972,,177.53762817,1.44958413,-125.53300476,,,,,-0.11717451,0.23120479,-9.81557083,0.07932119,-0.21822867,0.00060344,-0.67115637,0.17042955,-0.35559467,-0.30120498,-0.34329906,0.96634966,,,,,,,3,,,,,,,,,
12.087947,64193,6475072,,177.53263855,1.44918370,-125.53253937,,,,,-0.10602161,0.23411247,-9.80870914,0.07023363,-0.22577126,-0.00641632,-0.24695152,-0.91260303,-0.53832445,-0.30064863,-0.34330949,0.96882612,,,,,,,3,,,,,,,,,
12.098018,64194,6475172,,177.53187561,1.44522655,-125.53080750,,,,,-0.12098725,0.22579804,-9.81075954,0.08694015,-0.21791697,-0.00434399,-0.61727627,-0.16179632,-0.06026477,-0.30012727,-0.34235916,0.97082281,,,,,,,3,,,,,,,,,
12.107967,64195,6475272,,177.54077148,1.44084036,-125.53081512,,,,,-0.10619903,0.23703504,-9.80766392,0.06834068,-0.22165281,-0.00728202,-0.03103915,-0.01604864,0.44718380,-0.30061468,-0.34235072,0.97032571,,,,,,,3,,,,,,,,,
12.117970,64196,6475372,,177.55067444,1.43899286,-125.52491760,,,,,-0.11971367,0.22824439,-9.81350994,0.08238684,-0.21518022,-0.00145197,-0.37201364,-0.43104793,-0.86500013,-0.30024004,-0.34091622,0.96837127,,,,,,,3,,,,,,,,,
12.127872,64197,6475472,,177.55282593,1.43630290,-125.51598358,,,,,-0.11326522,0.23848766,-9.80384159,0.07009328,-0.21352586,-0.01082206,-0.79060181,-0.47837396,-0.46383745,-0.29924795,-0.34093356,0.96986026,,,,,,,3,,,,,,,,,
12.138033,64198,6475572,,177.56390381,1.43788922,-125.50755310,,,,,-0.11210123,0.22101411,-9.81494045,0.08228298,-0.22426212,-0.00048018,-0.45931587,-0.69063650,-0.03007059,-0.30021393,-0.34139687,0.96885854,,,,,,,3,,,,,,,,,
12.147995,64199,6475672,,177.56971741,1.43855822,-125.50259399,,,,,-0.12065992,0.23559108,-9.80933762,0.07433137,-0.20801270,-0.00522113,-0.57775423,-0.61117290,-0.25268239,-0.30210304,-0.34184483,0.96834725,,,,,,,3,,,,,,,,,
12.158087,64200,6475772,,177.57142639,1.43019331,-125.50711823,,,,,-0.11248667,0.23470815,-9.81143856,0.07070947,-0.21412033,-0.00334430,-0.69943661,-0.47793539,-0.52216604,-0.30061468,-0.34235072,0.97032571,,,,,,,3,,,,,,,,,
12.167935,64201,6475872,,177.57652283,1.42723930,-125.50539398,,,,,-0.10853749,0.23112939,-9.81319237,0.07110440,-0.21808957,-0.00180960,-0.34381033,-0.20713374,0.25888872,-0.29923856,-0.34237346,0.96934277,,,,,,,3,,,,,,,,,
12.177937,64202,6475972,,177.58631897,1.42476344,-125.49575043,,,,,-0.09707344,0.23495062,-9.81252384,0.06041555,-0.22378957,-0.00256705,-0.24907035,-0.03321288,-0.54396149,-0.29973435,-0.34284469,0.96834332,,,,,,,3,,,,,,,,,
12.187899,64203,6476072,,177.59146118,1.42027771,-125.49166870,,,,,-0.11592740,0.22683381,-9.81388092,0.07731984,-0.21201165,-0.00105190,-0.04158249,-0.18341533,-0.02262488,-0.30062303,-0.34283036,0.96982336,,,,,,,3,,,,,,,,,
12.197851,64204,6476172,,177.59638977,1.41518533,-125.48617554,,,,,-0.11597135,0.22973713,-9.81386471,0.07518759,-0.20909424,-0.00092149,-0.41509592,0.10576529,-0.72744087,-0.29923907,-0.34141371,0.96985269,,,,,,,3,,,,,,,,,
12.207891,64205,6476272,,177.60380554,1.41064405,-125.47306061,,,,,-0.11435292,0.23237906,-9.82004642,0.07182346,-0.20804545,0.00535178,-0.61251141,-0.09121198,-0.40227168,-0.30015337,-0.34187850,0.97033554,,,,,,,3,,,,,,,,,
12.217902,64206,6476372,,177.61163330,1.40359342,-125.46725464,,,,,-0.11864933,0.23772585,-9.80830956,0.06948158,-0.19908875,-0.00600410,-0.64860768,0.17786566,-0.19134509,-0.30021393,-0.34139687,0.96885854,,,,,,,3,,,,,,,,,
12.227890,64207,6476472,,177.62342834,1.39964187,-125.46407318,,,,,-0.11006542,0.23841360,-9.81763935,0.06204475,-0.20432897,0.00318575,0.37622019,-0.52028198,0.07223573,-0.30072695,-0.34186754,0.96736425,,,,,,,3,,,,,,,,,
12.237876,64208,6476572,,177.62760925,1.40041828,-125.46208191,,,,,-0.11231755,0.22940198,-9.81008720,0.07030837,-0.20724447,-0.00467300,-0.52468040,-0.63412501,-0.13518795,-0.30171010,-0.34233034,0.96586770,,,,,,,3,,,,,,,,,
12.247866,64209,6476672,,177.62419128,1.39453971,-125.46398926,,,,,-0.11004926,0.23545316,-9.81763744,0.06503191,-0.20528083,0.00307536,-0.57267694,-0.30391914,-0.46425441,-0.30265936,-0.34183437,0.96587080,,,,,,,3,,,,,,,,,
12.257884,64210,6476772,,177.62297058,1.38258767,-125.47029114,,,,,-0.10702023,0.23408329,-9.81249905,0.06531353,-0.20671363,-0.00216293,-0.11694090,-0.16247562,-0.19092776,-0.30126655,-0.34089786,0.96589261,,,,,,,3,,,,,,,,,
12.268034,64211,6476872,,177.63006592,1.37745571,-125.47042847,,,,,-0.11839790,0.22892857,-9.80766678,0.07555570,-0.19879502,-0.00689697,0.27919866,-0.47510043,-0.26058548,-0.30024788,-0.34235561,0.96735895,,,,,,,3,,,,,,,,,
12.277841,64212,6476972,,177.63742065,1.37340343,-125.46241760,,,,,-0.11811124,0.24014431,-9.81277657,0.06633255,-0.19145717,-0.00130868,-0.26340801,-0.13379249,-0.47503864,-0.30070919,-0.34282783,0.96734917,,,,,,,3,,,,,,,,,
12.287884,64213,6477072,,177.63674927,1.36744869,-125.45933533,,,,,-0.10886175,0.24456228,-9.81932068,0.05774700,-0.19579415,0.00520682,-0.12650566,-0.20750784,-0.14286209,-0.30073529,-0.34234717,0.96686184,,,,,,,3,,,,,,,,,
12.297873,64214,6477172,,177.63446045,1.36109030,-125.45845795,,,,,-0.10095543,0.23116647,-9.81355190,0.06542215,-0.20933303,-0.00130081,-0.86762724,-0.08911329,-0.14056700,-0.30024788,-0.34235561,0.96735895,,,,,,,3,,,,,,,,,
12.307881,64215,6477272,,177.63804626,1.35954463,-125.45146942,,,,,-0.10061264,0.23284629,-9.80942440,0.06333108,-0.20783946,-0.00534511,-0.43363169,-0.36417552,-0.24159766,-0.30114543,-0.34186116,0.96884656,,,,,,,3,,,,,,,,,
12.317981,64216,6477372,,177.64326477,1.35305572,-125.45206451,,,,,-0.10801686,0.24384554,-9.81933403,0.05879397,-0.19450966,0.00521016,-0.40500826,-0.17228772,-0.14674835,-0.30118042,-0.34090039,0.96836680,,,,,,,3,,,,,,,,,
12.327867,64217,6477472,,177.65539551,1.34890819,-125.45191956,,,,,-0.10746939,0.22024798,-9.81256008,0.07607400,-0.20628408,-0.00248861,0.31165115,-0.19246099,0.05839137,-0.30021393,-0.34139687,0.96885854,,,,,,,3,,,,,,,,,
12.337908,64218,6477572,,177.66363525,1.34427297,-125.44689941,,,,,-0.10656592,0.23886694,-9.81591320,0.06002877,-0.19556449,0.00162077,-0.56444598,-0.60459741,-0.18910461,-0.30123210,-0.34089887,0.96688229,,,,,,,3,,,,,,,,,
12.347919,64219,6477672,,177.66755676,1.34048367,-125.44665527,,,,,-0.11300923,0.22853427,-9.80286694,0.07153338,-0.19417450,-0.01164603,-0.12949788,-0.18129591,-0.36569073,-0.30214584,-0.34232345,0.96685517,,,,,,,3,,,,,,,,,
12.357882,64220,6477772,,177.66146851,1.33470619,-125.45221710,,,,,-0.12453970,0.23394124,-9.80278301,0.07535960,-0.18195790,-0.01125479,-1.09618240,-0.48350824,0.25655943,-0.30029121,-0.34187445,0.96637684,,,,,,,3,,,,,,,,,
12.367877,64221,6477872,,177.66796875,1.33394194,-125.44143677,,,,,-0.11544628,0.23935519,-9.81761551,0.06491531,-0.18574813,0.00359774,-0.00416618,-0.53604504,-0.77633574,-0.30173621,-0.34184968,0.96538043,,,,,,,3,,,,,,,,,
12.377883,64222,6477972,,177.66668701,1.32648027,-125.43962097,,,,,-0.11586410,0.23446994,-9.80592632,0.06976403,-0.18679152,-0.00825620,-0.30164303,-0.23446655,-0.49909243,-0.30267659,-0.34183386,0.96537596,,,,,,,3,,,,,,,,,
12.387887,64223,6478072,,177.66336060,1.31700373,-125.44167328,,,,,-0.11068305,0.24030849,-9.81245136,0.06357883,-0.18693829,-0.00161028,-0.45668539,-0.12313913,-0.43819647,-0.30164069,-0.34329215,0.96733713,,,,,,,3,,,,,,,,,
12.397933,64224,6478172,,177.66479492,1.31057250,-125.44468689,,,,,-0.10565946,0.22398072,-9.81083107,0.07419657,-0.19923323,-0.00399041,0.03817863,-0.26048503,-0.23654060,-0.30113608,-0.34330109,0.96832901,,,,,,,3,,,,,,,,,
12.407896,64225,6478272,,177.66502380,1.30938959,-125.44112396,,,,,-0.10069899,0.24866885,-9.81347752,0.05191837,-0.18905723,-0.00045824,-0.65864779,-0.27874770,-0.37107716,-0.30164069,-0.34329215,0.96733713,,,,,,,3,,,,,,,,,
