time_seconds,total_vibration,rms_x,rms_y,rms_z
12.56,0.711627,0.239539,0.401453,0.536535
12.57,0.714464,0.240098,0.400789,0.540537
12.58,0.712757,0.240346,0.397873,0.540327
12.59,0.715978,0.240662,0.401639,0.541657
12.6,0.717247,0.24059,0.401458,0.543499
12.61,0.714606,0.23961,0.396081,0.544396
12.62,0.711253,0.239366,0.396582,0.539729
12.63,0.711657,0.252003,0.396223,0.53475
12.64,0.706967,0.244459,0.394917,0.532994
12.65,0.702838,0.232765,0.389906,0.536447
12.66,0.700193,0.229616,0.384299,0.538387
12.67,0.695038,0.230267,0.375882,0.537372
12.68,0.695937,0.230876,0.375013,0.538879
12.69,0.698758,0.232873,0.37405,0.542327
12.7,0.699676,0.234149,0.375437,0.542003
12.71,0.707239,0.234138,0.390009,0.541535
12.72,0.701174,0.234305,0.387236,0.535532
12.73,0.704005,0.238012,0.384,0.539924
12.74,0.698081,0.237294,0.377625,0.537036
12.75,0.690858,0.236611,0.375258,0.529604
12.76,0.699714,0.237755,0.374896,0.540856
12.77,0.701235,0.238598,0.375556,0.541996
12.78,0.695007,0.240245,0.376016,0.53285
12.79,0.695135,0.238969,0.380008,0.530755
12.8,0.691409,0.236278,0.372223,0.532606
12.81,0.691253,0.235406,0.367554,0.536021
12.82,0.683227,0.23799,0.36636,0.525301
12.83,0.687209,0.238859,0.367701,0.529149
12.84,0.676921,0.239429,0.373159,0.511515
12.85,0.698026,0.237821,0.375691,0.538087
12.86,0.695475,0.241635,0.374569,0.53385
12.87,0.694897,0.240264,0.373185,0.534685
12.88,0.687506,0.24086,0.373151,0.524795
12.89,0.682188,0.237255,0.358031,0.530004
12.9,0.662529,0.237164,0.344692,0.513698
12.91,0.645601,0.232694,0.345437,0.493283
12.92,0.646201,0.232723,0.34682,0.493084
12.93,0.644557,0.234941,0.347408,0.489453
12.94,0.63849,0.234079,0.347248,0.481971
12.95,0.642384,0.241276,0.34707,0.483721
12.96,0.63669,0.241212,0.33804,0.482618
12.97,0.643572,0.241294,0.338468,0.491327
12.98,0.66657,0.242482,0.354332,0.50987
12.99,0.663796,0.225229,0.358551,0.511212
13.0,0.649018,0.201491,0.35495,0.504615
13.01,0.652022,0.193537,0.354896,0.51159
13.02,0.649251,0.198983,0.342802,0.514218
13.03,0.640463,0.198918,0.343879,0.502367
13.04,0.63971,0.195106,0.340276,0.505346
13.05,0.633629,0.194119,0.332035,0.503543
13.06,0.638027,0.195727,0.337325,0.504957
13.07,0.640432,0.193205,0.336979,0.509185
13.08,0.642641,0.200272,0.337985,0.508571
13.09,0.644662,0.20112,0.341179,0.508662
13.1,0.639138,0.200223,0.341531,0.501761
13.11,0.641191,0.198299,0.345892,0.502157
13.12,0.647634,0.199725,0.356178,0.502671
13.13,0.643288,0.187555,0.355859,0.502003
13.14,0.642509,0.184813,0.35508,0.502574
13.15,0.63773,0.187055,0.357358,0.493969
13.16,0.641822,0.183713,0.367993,0.492713
13.17,0.66575,0.186398,0.368816,0.521971
13.18,0.668374,0.186192,0.369677,0.524782
13.19,0.671845,0.183235,0.381359,0.521887
13.2,0.675608,0.182891,0.379583,0.528123
13.21,0.673954,0.184846,0.364226,0.536084
13.22,0.66852,0.186209,0.365578,0.527824
13.23,0.664715,0.183468,0.365106,0.524293
13.24,0.673314,0.183849,0.366543,0.534039
13.25,0.68669,0.189926,0.385603,0.53552
13.26,0.685996,0.18326,0.403183,0.52388
13.27,0.690039,0.183959,0.403514,0.528668
13.28,0.695414,0.189702,0.402785,0.534208
13.29,0.687681,0.189832,0.403194,0.523741
13.3,0.691138,0.190933,0.40304,0.527992
13.31,0.693995,0.194011,0.403125,0.530545
13.32,0.697989,0.194152,0.414661,0.526831
13.33,0.695408,0.193222,0.411193,0.526477
13.34,0.688417,0.192686,0.406015,0.521481
13.35,0.671215,0.193239,0.40242,0.501244
13.36,0.678091,0.194411,0.40394,0.508768
13.37,0.677178,0.194828,0.401493,0.509328
13.38,0.6842,0.193681,0.413198,0.509788
13.39,0.685728,0.194437,0.418278,0.507406
13.4,0.732205,0.205729,0.415815,0.566479
13.41,0.737365,0.20463,0.425447,0.566418
13.42,0.742102,0.207443,0.424452,0.572296
13.43,0.758079,0.20527,0.425667,0.592753
13.44,0.770479,0.212265,0.425582,0.606186
13.45,0.779519,0.197892,0.431765,0.618116
13.46,0.780144,0.199271,0.431439,0.618689
13.47,0.783836,0.202765,0.434901,0.619796
13.48,0.804973,0.203437,0.422248,0.654448
13.49,0.79639,0.203871,0.417517,0.646802
13.5,0.800701,0.200568,0.42181,0.650363
13.51,0.817292,0.199366,0.422973,0.670309
13.52,0.820348,0.195959,0.429218,0.671076
13.53,0.825535,0.194486,0.430102,0.677271
13.54,0.830431,0.19482,0.43932,0.677244
13.55,0.840647,0.195227,0.43933,0.689611
13.56,0.829228,0.192067,0.435204,0.679211
13.57,0.832243,0.191843,0.438247,0.681003
13.58,0.832602,0.187238,0.436699,0.683712
13.59,0.841047,0.186422,0.456449,0.681367
13.6,0.835276,0.185693,0.457333,0.673833
13.61,0.828565,0.185466,0.45562,0.666732
13.62,0.825405,0.186965,0.451718,0.665047
13.63,0.836893,0.191346,0.450633,0.678753
13.64,0.827313,0.188371,0.450328,0.667958
13.65,0.839454,0.189024,0.477318,0.664169
13.66,0.836715,0.189024,0.482369,0.657025
13.67,0.838683,0.186685,0.481154,0.661081
13.68,0.836018,0.1881,0.485779,0.653884
13.69,0.836533,0.188481,0.486432,0.653947
13.7,0.831837,0.187975,0.497222,0.639834
13.71,0.832103,0.186885,0.497558,0.640238
13.72,0.826411,0.184815,0.495571,0.634987
13.73,0.830691,0.186168,0.500336,0.636437
13.74,0.812497,0.188834,0.498456,0.613217
13.75,0.805545,0.185682,0.486698,0.61445
13.76,0.793754,0.187439,0.478201,0.605175
13.77,0.800066,0.185614,0.47662,0.615212
13.78,0.787516,0.176948,0.479298,0.599286
13.79,0.787947,0.176553,0.480679,0.598863
13.8,0.77325,0.179262,0.480335,0.578842
13.81,0.782421,0.179422,0.48091,0.590521
13.82,0.782961,0.174634,0.482597,0.591296
13.83,0.785132,0.173575,0.475252,0.600366
13.84,0.777296,0.17339,0.476673,0.58899
13.85,0.783037,0.178429,0.477196,0.594638
13.86,0.798505,0.176375,0.472298,0.619223
13.87,0.810852,0.177308,0.475001,0.632785
13.88,0.809523,0.177564,0.465034,0.638389
13.89,0.808931,0.178809,0.461558,0.639813
13.9,0.803306,0.180362,0.461904,0.631993
13.91,0.807562,0.179733,0.460806,0.638364
13.92,0.82222,0.175773,0.459881,0.658529
13.93,0.813749,0.185697,0.455077,0.648544
13.94,0.82248,0.181596,0.457028,0.659258
13.95,0.810475,0.190825,0.446585,0.648858
13.96,0.820215,0.1889,0.44593,0.661979
13.97,0.799677,0.185452,0.441143,0.64069
13.98,0.764862,0.186797,0.441629,0.59589
13.99,0.77564,0.18892,0.444368,0.607011
14.0,0.775889,0.190515,0.44619,0.605493
14.01,0.744537,0.189709,0.445105,0.565886
14.02,0.739415,0.193451,0.435963,0.56502
14.03,0.729725,0.193584,0.431711,0.555563
14.04,0.725739,0.195559,0.423785,0.555752
14.05,0.722711,0.196981,0.422414,0.552337
14.06,0.719387,0.196931,0.426166,0.545086
14.07,0.730493,0.197472,0.431833,0.555108
14.08,0.721123,0.199046,0.43337,0.540916
14.09,0.713543,0.198831,0.404792,0.552949
14.1,0.716117,0.199037,0.405415,0.555739
14.11,0.718276,0.199841,0.404079,0.559199
14.12,0.721378,0.198583,0.409024,0.560045
14.13,0.68612,0.193833,0.411261,0.513862
14.14,0.702838,0.193881,0.412013,0.535385
14.15,0.688059,0.191684,0.402298,0.524251
14.16,0.70759,0.190932,0.392588,0.55687
14.17,0.672547,0.189375,0.393353,0.511596
14.18,0.667204,0.187443,0.38509,0.511597
14.19,0.654241,0.189362,0.370738,0.504705
14.2,0.65666,0.189386,0.374471,0.505081
14.21,0.657422,0.18949,0.376271,0.504695
14.22,0.6545,0.190261,0.376302,0.500567
14.23,0.650954,0.188193,0.374258,0.498253
14.24,0.651577,0.186897,0.377423,0.497165
14.25,0.646268,0.187395,0.36696,0.497882
14.26,0.629058,0.189749,0.364542,0.476254
14.27,0.63129,0.189875,0.364,0.479562
14.28,0.630254,0.188068,0.364403,0.478603
14.29,0.626906,0.199257,0.356272,0.475793
14.3,0.621197,0.197919,0.354931,0.469828
14.31,0.627309,0.200255,0.356535,0.475707
14.32,0.62365,0.202713,0.348613,0.475726
14.33,0.635222,0.201305,0.351694,0.489177
14.34,0.641053,0.203615,0.355917,0.492761
14.35,0.64727,0.200135,0.371246,0.490999
14.36,0.654479,0.198943,0.386235,0.489477
14.37,0.668582,0.201848,0.38724,0.506265
14.38,0.668338,0.202838,0.38253,0.509119
14.39,0.668296,0.202166,0.388573,0.504738
14.4,0.667067,0.191495,0.389314,0.506698
14.41,0.685224,0.192369,0.383275,0.534441
14.42,0.682538,0.191762,0.383139,0.53131
14.43,0.666923,0.182455,0.38657,0.511919
14.44,0.665133,0.182217,0.383032,0.512333
14.45,0.667994,0.173132,0.385825,0.517088
14.46,0.668067,0.172828,0.386673,0.51665
14.47,0.667593,0.173184,0.386675,0.515918
14.48,0.660644,0.170943,0.386734,0.507608
14.49,0.661048,0.171854,0.384563,0.509472
14.5,0.663637,0.170775,0.389225,0.509661
14.51,0.664864,0.174477,0.38803,0.510915
14.52,0.652097,0.169916,0.387796,0.495957
14.53,0.653676,0.170495,0.390042,0.496076
14.54,0.657951,0.171945,0.389061,0.501962
14.55,0.647466,0.168198,0.390878,0.487993
14.56,0.641704,0.170876,0.386781,0.482686
14.57,0.636961,0.170322,0.381609,0.480712
14.58,0.636175,0.168807,0.380628,0.480984
14.59,0.634672,0.173175,0.38215,0.476215
14.6,0.627709,0.174114,0.38044,0.467941
14.61,0.62554,0.173595,0.380614,0.465079
14.62,0.621975,0.174569,0.369986,0.468496
14.63,0.637388,0.176078,0.379405,0.480949
14.64,0.624279,0.177325,0.377099,0.464841
14.65,0.616438,0.177713,0.359189,0.468399
14.66,0.589681,0.177364,0.352337,0.43832
14.67,0.593085,0.177224,0.355074,0.440755
14.68,0.59774,0.177269,0.355023,0.447021
14.69,0.590629,0.174743,0.353625,0.43961
14.7,0.58161,0.17531,0.338977,0.438898
14.71,0.562011,0.177226,0.336131,0.414082
14.72,0.564998,0.176332,0.341369,0.414242
14.73,0.558115,0.179985,0.335849,0.407803
14.74,0.55535,0.176449,0.332419,0.408383
14.75,0.552073,0.177287,0.337316,0.399465
14.76,0.557373,0.179484,0.338724,0.404618
14.77,0.5608,0.179478,0.34161,0.406923
14.78,0.558185,0.183706,0.339045,0.403573
14.79,0.557072,0.170628,0.340664,0.406403
14.8,0.543468,0.17228,0.341134,0.386399
14.81,0.554175,0.17853,0.338014,0.401226
14.82,0.552327,0.17523,0.33476,0.402858
14.83,0.544034,0.176076,0.330563,0.394586
14.84,0.5345,0.173069,0.325142,0.387324
14.85,0.534549,0.175749,0.30694,0.400804
14.86,0.527923,0.175754,0.293355,0.402189
14.87,0.521245,0.170774,0.297552,0.392422
14.88,0.5303,0.168093,0.30461,0.40022
14.89,0.537906,0.167891,0.299514,0.414061
14.9,0.532348,0.168961,0.306494,0.401133
14.91,0.523419,0.167485,0.307747,0.388855
14.92,0.524055,0.168601,0.30578,0.390776
14.93,0.533301,0.165934,0.320131,0.392928
14.94,0.538682,0.165507,0.341218,0.382565
14.95,0.558986,0.166684,0.338909,0.412095
14.96,0.571801,0.16919,0.342645,0.425354
14.97,0.589394,0.16769,0.370831,0.426322
14.98,0.594024,0.165781,0.375594,0.429314
14.99,0.600757,0.165308,0.372971,0.440992
15.0,0.599519,0.17077,0.362926,0.445584
15.01,0.606784,0.165747,0.372576,0.449335
15.02,0.619557,0.165509,0.376639,0.463249
15.03,0.628929,0.1702,0.374397,0.475825
15.04,0.629993,0.168039,0.377005,0.475942
15.05,0.63301,0.170485,0.377915,0.478347
15.06,0.640449,0.166556,0.378412,0.48912
15.07,0.635774,0.168673,0.371717,0.487427
15.08,0.638936,0.174572,0.374267,0.487532
15.09,0.641515,0.171071,0.377268,0.489842
15.1,0.654175,0.1743,0.38638,0.498272
15.11,0.65898,0.172252,0.394815,0.498704
15.12,0.658596,0.171147,0.404325,0.490896
15.13,0.649347,0.171888,0.393316,0.487246
15.14,0.649496,0.171653,0.393764,0.487165
15.15,0.648391,0.169867,0.389554,0.489698
15.16,0.643412,0.170242,0.389758,0.48279
15.17,0.64468,0.170082,0.386871,0.486842
15.18,0.643595,0.171062,0.387604,0.484475
15.19,0.644472,0.17014,0.38928,0.484621
15.2,0.647561,0.17207,0.394535,0.483807
15.21,0.652262,0.170544,0.401436,0.484983
15.22,0.659414,0.172381,0.400743,0.494486
15.23,0.660423,0.167733,0.40308,0.49553
15.24,0.666033,0.168425,0.412277,0.495239
15.25,0.66224,0.169812,0.408396,0.492888
15.26,0.664778,0.166066,0.41099,0.495418
15.27,0.663942,0.167172,0.409513,0.495148
15.28,0.670098,0.163719,0.415702,0.49942
15.29,0.677433,0.162814,0.412685,0.511954
15.3,0.682866,0.167565,0.413093,0.517284
15.31,0.678128,0.158904,0.419317,0.508704
15.32,0.682018,0.158983,0.423175,0.510681
15.33,0.687939,0.160997,0.426162,0.515487
15.34,0.684316,0.162352,0.431952,0.505319
15.35,0.686019,0.164025,0.443457,0.497054
15.36,0.704778,0.168315,0.440876,0.52346
15.37,0.717765,0.178343,0.443156,0.535717
15.38,0.711067,0.1776,0.448528,0.522396
15.39,0.709946,0.177593,0.447083,0.522111
15.4,0.726031,0.191056,0.442486,0.542977
15.41,0.724556,0.191062,0.444612,0.539256
15.42,0.722779,0.192242,0.444539,0.536505
15.43,0.72414,0.192122,0.432102,0.548412
15.44,0.723037,0.191022,0.419988,0.55669
15.45,0.716842,0.193297,0.435948,0.535209
15.46,0.715719,0.191375,0.435467,0.534788
15.47,0.708408,0.196916,0.41109,0.542283
15.48,0.711344,0.196798,0.42273,0.537197
15.49,0.705964,0.195867,0.422831,0.530316
15.5,0.704905,0.193463,0.421396,0.530932
15.51,0.70047,0.193378,0.415452,0.529776
15.52,0.688625,0.19327,0.412453,0.516462
15.53,0.703698,0.196466,0.422987,0.526948
15.54,0.711412,0.196108,0.422188,0.537965
15.55,0.712538,0.196936,0.425284,0.536712
15.56,0.703987,0.197563,0.427135,0.523567
15.57,0.702734,0.196388,0.426739,0.522648
15.58,0.703254,0.192026,0.424709,0.526607
15.59,0.707928,0.191576,0.420625,0.536224
15.6,0.695389,0.188809,0.41229,0.527195
15.61,0.69093,0.192883,0.405174,0.525371
15.62,0.686081,0.194112,0.395787,0.525718
15.63,0.684962,0.193037,0.396011,0.524485
15.641,0.686775,0.19231,0.39949,0.524485
15.65,0.68901,0.192166,0.39806,0.528541
15.66,0.694769,0.194422,0.398031,0.535234
15.67,0.706124,0.195637,0.416747,0.535405
15.68,0.714234,0.19375,0.416484,0.54693
15.69,0.716791,0.194271,0.415749,0.550637
15.7,0.71264,0.199855,0.404617,0.551542
15.71,0.710229,0.199898,0.398534,0.552844
15.72,0.711359,0.198857,0.397919,0.555111
15.73,0.714346,0.198826,0.400877,0.556827
15.74,0.715108,0.199165,0.401938,0.556918
15.75,0.715209,0.19919,0.402068,0.556946
15.76,0.710507,0.202935,0.397662,0.552722
15.77,0.711628,0.204587,0.39807,0.553262
15.78,0.706991,0.203116,0.391571,0.552496
15.79,0.695629,0.203452,0.39514,0.535136
15.8,0.696445,0.2033,0.401636,0.531406
15.81,0.691962,0.203559,0.397235,0.528753
15.82,0.692139,0.20093,0.403117,0.525528
15.83,0.686429,0.198003,0.399985,0.521529
15.84,0.690089,0.198248,0.391572,0.532534
15.85,0.696221,0.206441,0.379184,0.546192
15.86,0.681344,0.204766,0.384336,0.52401
15.87,0.68007,0.197965,0.376109,0.530893
15.88,0.680688,0.198692,0.364496,0.539444
15.89,0.676027,0.201688,0.366837,0.530816
15.9,0.669949,0.188732,0.379994,0.518475
15.91,0.676639,0.191774,0.382051,0.5245
15.92,0.679554,0.1905,0.391524,0.52174
15.93,0.673626,0.190454,0.399128,0.50813
15.94,0.667206,0.190682,0.395605,0.502295
15.95,0.655901,0.189162,0.376486,0.502675
15.96,0.648584,0.18775,0.376911,0.493304
15.97,0.63971,0.182448,0.377062,0.483493
15.98,0.634342,0.182449,0.367035,0.484135
15.99,0.639784,0.182352,0.367702,0.490782
16.0,0.652144,0.183859,0.368285,0.505821
16.01,0.659733,0.185143,0.38036,0.506256
16.02,0.67,0.185215,0.381379,0.518793
16.03,0.653076,0.179937,0.369831,0.507303
16.04,0.644048,0.184154,0.368318,0.495204
16.05,0.639884,0.18287,0.361779,0.495103
16.06,0.642093,0.184487,0.366033,0.494234
16.07,0.645712,0.185766,0.367408,0.497439
16.08,0.665158,0.191556,0.370412,0.518205
16.09,0.681242,0.19838,0.38515,0.525733
16.1,0.682678,0.197744,0.385114,0.527857
16.11,0.688108,0.195185,0.384689,0.536106
16.12,0.690659,0.193269,0.384669,0.540081
16.13,0.691591,0.193701,0.386825,0.539578
16.14,0.694606,0.19415,0.388063,0.542394
16.15,0.696137,0.194549,0.400791,0.534906
16.16,0.730366,0.194429,0.420088,0.56494
16.17,0.737977,0.193022,0.40264,0.587566
16.18,0.73287,0.193064,0.406673,0.57831
16.19,0.734957,0.19214,0.410671,0.57844
16.2,0.736553,0.187287,0.410606,0.582096
16.21,0.737545,0.187889,0.416699,0.578819
16.22,0.735644,0.187542,0.416478,0.576668
16.23,0.731489,0.186012,0.412606,0.574658
16.24,0.731153,0.19323,0.401948,0.579383
16.25,0.738486,0.196127,0.407137,0.584068
16.26,0.756175,0.197637,0.429215,0.590351
16.27,0.758403,0.194068,0.437109,0.588598
16.28,0.759404,0.192923,0.436446,0.590755
16.29,0.765149,0.205709,0.433303,0.596142
16.3,0.760108,0.202912,0.425097,0.59656
16.31,0.759569,0.203098,0.424776,0.596038
16.32,0.759466,0.208229,0.422099,0.596038
16.33,0.777804,0.208948,0.426188,0.616185
16.34,0.782998,0.208282,0.432015,0.618924
16.35,0.777332,0.20004,0.439941,0.608835
16.36,0.775541,0.200201,0.43617,0.609212
16.37,0.770431,0.203821,0.438854,0.599523
16.38,0.763773,0.202733,0.441479,0.589359
16.39,0.762645,0.199344,0.438783,0.591066
16.4,0.754467,0.199156,0.431763,0.58578
16.41,0.759692,0.196921,0.432525,0.592686
16.42,0.767004,0.199606,0.426566,0.605387
16.43,0.761548,0.199683,0.41758,0.604739
16.44,0.759818,0.199613,0.417864,0.602386
16.45,0.760232,0.198286,0.420139,0.601763
16.46,0.76743,0.198177,0.417178,0.612893
16.47,0.780245,0.19869,0.417891,0.628229
16.48,0.779087,0.198752,0.414968,0.62871
16.49,0.778647,0.198392,0.417248,0.626765
16.5,0.766561,0.192751,0.416527,0.613978
16.51,0.763754,0.193269,0.41357,0.612312
16.52,0.761378,0.193593,0.417557,0.606518
16.53,0.754187,0.192872,0.419132,0.596596
16.54,0.75692,0.198928,0.419808,0.597592
16.55,0.762632,0.195555,0.419486,0.606132
16.561,0.761679,0.19552,0.416999,0.606662
16.57,0.760513,0.194417,0.415988,0.606247
16.58,0.743628,0.188469,0.419075,0.58467
16.59,0.722783,0.183468,0.407258,0.56824
16.6,0.742216,0.18315,0.418498,0.584978
16.61,0.741091,0.182924,0.422667,0.58061
16.62,0.749304,0.184235,0.433942,0.582415
16.63,0.74818,0.184578,0.431883,0.582393
16.64,0.762078,0.184021,0.451242,0.585902
16.65,0.760601,0.184156,0.440329,0.592209
16.66,0.721407,0.184034,0.421781,0.555572
16.67,0.708279,0.1883,0.425965,0.533626
16.68,0.70492,0.189372,0.421728,0.532161
16.69,0.702494,0.19083,0.419101,0.530506
16.7,0.707378,0.192337,0.419296,0.536266
16.71,0.720836,0.193538,0.438758,0.538181
16.72,0.718728,0.193527,0.443429,0.531496
16.73,0.719066,0.19539,0.442237,0.532264
16.74,0.723163,0.188636,0.448687,0.534846
16.75,0.722314,0.18661,0.451467,0.532063
16.76,0.71114,0.186113,0.437751,0.528636
16.77,0.714635,0.186575,0.427225,0.541638
16.78,0.713002,0.185468,0.429616,0.537962
16.79,0.705566,0.17918,0.429529,0.530304
16.8,0.707835,0.180237,0.429434,0.53304
16.81,0.708798,0.179793,0.430984,0.533218
16.82,0.710303,0.175032,0.431774,0.536158
16.83,0.695466,0.176196,0.43532,0.512957
16.84,0.682004,0.179063,0.433496,0.495123
16.85,0.692614,0.181304,0.433493,0.508849
16.86,0.69135,0.179642,0.436455,0.505173
16.87,0.691726,0.174076,0.43233,0.511149
16.88,0.690152,0.175801,0.429862,0.510512
16.89,0.69173,0.175036,0.43411,0.509315
16.9,0.691182,0.176699,0.43071,0.510881
16.91,0.673794,0.177237,0.423637,0.493069
16.92,0.664997,0.17419,0.426732,0.479352
16.93,0.664848,0.175465,0.427762,0.47776
16.94,0.668471,0.177664,0.432647,0.477605
16.95,0.685687,0.178972,0.435491,0.498481
16.96,0.68754,0.185279,0.451284,0.484486
16.97,0.679127,0.187636,0.456235,0.46675
16.98,0.678486,0.187473,0.452941,0.469085
16.99,0.674098,0.192079,0.449346,0.464329
17.0,0.678141,0.191804,0.454174,0.465631
17.01,0.682301,0.191767,0.460413,0.465595
17.02,0.672617,0.191464,0.453582,0.458277
17.03,0.66957,0.193493,0.450053,0.456439
17.04,0.670092,0.188615,0.453843,0.455492
17.05,0.673534,0.190315,0.463608,0.449996
17.06,0.676768,0.194281,0.464285,0.452448
17.07,0.676432,0.19722,0.463857,0.451111
17.08,0.683505,0.201879,0.460337,0.463156
17.09,0.685975,0.200218,0.464046,0.463827
17.1,0.671888,0.202675,0.455887,0.450026
17.11,0.685627,0.205373,0.477774,0.446809
17.12,0.68182,0.204547,0.467007,0.452707
17.13,0.692857,0.203731,0.479753,0.456488
17.14,0.679444,0.205749,0.458225,0.457539
17.15,0.677968,0.208221,0.457548,0.4549
17.16,0.681409,0.207915,0.462394,0.455282
17.17,0.680304,0.204122,0.464158,0.453547
17.18,0.681972,0.203597,0.465795,0.45461
17.19,0.682883,0.20155,0.464756,0.457939
17.2,0.685871,0.208681,0.466144,0.4578
17.21,0.672736,0.207253,0.447292,0.457766
17.22,0.667509,0.207331,0.440064,0.457084
17.23,0.677978,0.206015,0.458741,0.454719
17.24,0.684439,0.203865,0.455159,0.46875
17.25,0.681357,0.211557,0.45554,0.460407
17.26,0.674874,0.207985,0.449589,0.458331
17.27,0.67185,0.206821,0.451599,0.452399
17.28,0.684279,0.207812,0.465199,0.456774
17.29,0.685563,0.199607,0.465848,0.461671
17.3,0.695531,0.199322,0.48466,0.457316
17.31,0.711535,0.202557,0.484871,0.479743
17.32,0.708165,0.201416,0.480196,0.479939
17.33,0.705901,0.198041,0.475466,0.482709
17.34,0.701825,0.196544,0.469617,0.483104
17.35,0.691354,0.194983,0.465958,0.472054
17.36,0.698567,0.195017,0.461926,0.486404
17.37,0.692263,0.193747,0.469428,0.470455
17.38,0.698063,0.192477,0.468986,0.479893
17.39,0.706626,0.192469,0.472921,0.488489
17.4,0.709856,0.196031,0.478028,0.486781
17.41,0.711933,0.203116,0.477783,0.487151
17.42,0.71523,0.20773,0.47402,0.493667
17.43,0.726649,0.20613,0.482191,0.503012
17.44,0.727208,0.212611,0.480208,0.503019
17.45,0.7116,0.212002,0.477936,0.482708
17.46,0.701308,0.215001,0.4638,0.480101
17.47,0.717942,0.213605,0.466075,0.502581
17.48,0.715942,0.215768,0.466961,0.49796
17.49,0.730748,0.212941,0.469609,0.517799
17.5,0.732537,0.212639,0.464824,0.524724
17.51,0.723742,0.210913,0.452016,0.524404
17.52,0.732502,0.21077,0.461708,0.528168
17.53,0.741011,0.20731,0.463444,0.539759
17.54,0.743067,0.203979,0.458981,0.547611
17.55,0.735318,0.203053,0.449459,0.545388
17.561,0.738013,0.203941,0.451944,0.546642
17.57,0.73609,0.199008,0.451826,0.545964
17.58,0.72767,0.191683,0.4551,0.534457
17.59,0.728674,0.201425,0.45363,0.533492
17.6,0.724558,0.19908,0.454516,0.527984
17.61,0.718507,0.19982,0.442297,0.529809
17.623,0.716008,0.206236,0.44676,0.520134
17.63,0.705789,0.208958,0.432848,0.516834
17.64,0.705393,0.205771,0.436745,0.514288
17.65,0.706315,0.20938,0.436615,0.514206
17.66,0.703776,0.20879,0.433641,0.513481
17.67,0.701248,0.208881,0.426549,0.51592
17.68,0.701378,0.20929,0.426959,0.515592
17.69,0.700008,0.210318,0.427668,0.512715
17.7,0.68997,0.207692,0.426957,0.50063
17.71,0.687345,0.21073,0.423276,0.498872
17.72,0.701307,0.210507,0.435417,0.507868
17.73,0.692436,0.210579,0.421055,0.507776
17.74,0.689227,0.216666,0.417879,0.503455
17.75,0.682649,0.211024,0.409642,0.503658
17.76,0.68213,0.210592,0.409983,0.502858
17.77,0.679259,0.211726,0.408491,0.4997
17.78,0.668981,0.210966,0.390265,0.500721
17.79,0.668156,0.210898,0.39379,0.496874
17.8,0.663257,0.218927,0.372627,0.50312
17.81,0.64569,0.217791,0.368808,0.483181
17.82,0.663437,0.217425,0.396537,0.48542
17.83,0.674012,0.224662,0.394882,0.497883
17.84,0.673326,0.222891,0.395532,0.497235
17.85,0.6726,0.222977,0.401474,0.491416
17.86,0.664492,0.225947,0.401385,0.478945
17.87,0.672729,0.226319,0.414757,0.478874
17.88,0.677386,0.229252,0.424847,0.475184
17.89,0.671909,0.23269,0.417368,0.472357
17.9,0.671095,0.228615,0.418854,0.471874
17.91,0.671291,0.225948,0.418766,0.473513
17.92,0.665211,0.222246,0.418863,0.466548
17.93,0.651587,0.222297,0.40667,0.458006
17.94,0.657978,0.214456,0.40909,0.468604
17.95,0.66252,0.214699,0.407331,0.476361
17.96,0.667187,0.205122,0.418366,0.477529
17.97,0.6477,0.205529,0.411105,0.456361
17.98,0.650491,0.203531,0.416857,0.456008
17.99,0.642562,0.204833,0.41702,0.443873
18.0,0.646053,0.204821,0.423219,0.443079
18.01,0.646159,0.204113,0.423668,0.44313
18.02,0.640026,0.20438,0.412511,0.444631
18.03,0.636075,0.204662,0.411417,0.439818
18.04,0.635529,0.207317,0.418406,0.431108
18.05,0.638896,0.207439,0.42121,0.433289
18.06,0.642543,0.197392,0.436417,0.428296
18.07,0.652915,0.197244,0.438036,0.442174
18.08,0.650928,0.196983,0.435754,0.441614
18.09,0.650929,0.189532,0.430717,0.449743
18.1,0.655373,0.190492,0.422881,0.463031
18.11,0.646853,0.187878,0.403119,0.469698
18.12,0.652422,0.1902,0.401026,0.478181
18.13,0.651861,0.188381,0.401019,0.478142
18.14,0.64764,0.187912,0.399777,0.473608
18.15,0.644423,0.183087,0.401535,0.469605
18.16,0.664007,0.189985,0.404277,0.491296
18.17,0.661085,0.189823,0.404293,0.487388
18.18,0.658875,0.190061,0.398644,0.488954
18.19,0.661467,0.190172,0.40388,0.488112
18.2,0.663533,0.187501,0.404524,0.491405
18.21,0.668708,0.186983,0.405499,0.497773
18.22,0.662773,0.187058,0.397714,0.496085
18.23,0.662505,0.187792,0.394756,0.497809
18.24,0.65181,0.180846,0.394968,0.485954
18.25,0.662213,0.184006,0.409724,0.486616
18.26,0.666481,0.184978,0.411839,0.490274
18.27,0.663634,0.185932,0.413598,0.484537
18.28,0.668208,0.185391,0.418261,0.487022
18.29,0.668043,0.185868,0.41723,0.487497
18.3,0.662389,0.181966,0.41987,0.478912
18.31,0.661246,0.180627,0.420561,0.477229
18.32,0.649627,0.180974,0.398987,0.479658
18.33,0.64288,0.175113,0.401699,0.470391
18.34,0.646235,0.17659,0.40505,0.471562
18.35,0.639473,0.176523,0.39355,0.472105
18.36,0.641408,0.180211,0.396229,0.471095
18.37,0.641461,0.179318,0.379547,0.485038
18.38,0.635168,0.174135,0.373806,0.483099
18.39,0.629813,0.17143,0.374998,0.476081
18.4,0.623327,0.174519,0.362896,0.4758
18.41,0.623539,0.17657,0.362602,0.475545
18.42,0.629735,0.176642,0.373773,0.475035
18.43,0.633747,0.179475,0.374094,0.479038
18.44,0.621526,0.18033,0.3713,0.464663
18.45,0.617733,0.180463,0.371361,0.459476
18.46,0.621258,0.182371,0.357304,0.474379
18.47,0.62241,0.181767,0.357824,0.475728
18.48,0.626406,0.181036,0.365091,0.475731
18.49,0.620774,0.179764,0.369014,0.465697
18.5,0.619345,0.181742,0.363111,0.467663
18.51,0.619383,0.181983,0.363552,0.467276
18.52,0.620204,0.181679,0.370014,0.463395
18.53,0.617636,0.184546,0.374075,0.455505
18.54,0.617775,0.183167,0.368549,0.460725
18.55,0.612702,0.183381,0.365144,0.456557
18.561,0.602279,0.18583,0.347386,0.455555
18.57,0.599373,0.186881,0.34442,0.453539
18.58,0.608028,0.189784,0.340079,0.466933
18.59,0.608498,0.193086,0.35034,0.45853
18.6,0.604021,0.190866,0.357218,0.448115
18.61,0.603073,0.189909,0.361388,0.44388
18.62,0.5998,0.188304,0.361803,0.439773
18.63,0.603487,0.190436,0.366773,0.439782
18.64,0.607208,0.191356,0.370591,0.441301
18.65,0.60832,0.192446,0.367161,0.445208
18.66,0.595392,0.184347,0.365234,0.432564
18.67,0.597309,0.183553,0.369259,0.432127
18.68,0.597605,0.185278,0.364404,0.435905
18.69,0.60092,0.191128,0.362769,0.439289
18.7,0.598506,0.190895,0.361167,0.437409
18.71,0.593063,0.190059,0.359987,0.43129
18.72,0.588544,0.189302,0.357716,0.427304
18.73,0.588243,0.189424,0.359982,0.424926
18.74,0.58874,0.19551,0.359098,0.423603
18.75,0.574741,0.190757,0.347602,0.416067
18.76,0.573274,0.190977,0.344472,0.416546
18.77,0.576829,0.19034,0.343656,0.422378
18.78,0.568596,0.19063,0.335302,0.417772
18.79,0.570922,0.193005,0.338276,0.417458
18.8,0.575065,0.187781,0.348021,0.417516
18.81,0.580188,0.187703,0.347891,0.424684
18.82,0.573158,0.187101,0.347643,0.415508
18.83,0.568743,0.184762,0.345648,0.412139
18.84,0.566011,0.187864,0.339394,0.412174
18.85,0.568393,0.190592,0.33823,0.415145
18.86,0.566595,0.186566,0.338492,0.414303
18.87,0.571779,0.188536,0.350148,0.41083
18.88,0.576174,0.188968,0.347233,0.419163
18.89,0.572731,0.187008,0.347732,0.414888
18.9,0.572328,0.185379,0.348519,0.414401
18.91,0.575217,0.183209,0.350073,0.418041
18.92,0.569072,0.183868,0.340487,0.417259
18.93,0.56392,0.180643,0.342986,0.409555
18.94,0.562384,0.179502,0.340912,0.409674
18.95,0.561744,0.179532,0.339571,0.409898
18.96,0.563672,0.185515,0.354228,0.397281
18.97,0.559843,0.186097,0.354986,0.390866
18.98,0.548865,0.186828,0.337396,0.390528
18.99,0.541955,0.187137,0.329312,0.387619
19.0,0.538222,0.185252,0.328171,0.384277
19.01,0.544324,0.187911,0.338044,0.38302
19.02,0.541412,0.187716,0.33291,0.383485
19.03,0.552424,0.184834,0.330482,0.402231
19.04,0.553498,0.188951,0.331865,0.400654
19.05,0.555093,0.18895,0.333736,0.401306
19.06,0.554471,0.189809,0.332534,0.401039
19.07,0.54657,0.189113,0.332662,0.39027
19.08,0.544256,0.186025,0.341936,0.380381
19.09,0.531317,0.184478,0.324466,0.378137
19.1,0.526456,0.184545,0.320629,0.374561
19.11,0.516585,0.185338,0.313992,0.365949
19.12,0.517893,0.177946,0.315176,0.370422
19.13,0.514168,0.176311,0.31031,0.370123
19.14,0.516911,0.179602,0.310867,0.37189
19.15,0.511161,0.18017,0.310029,0.364288
19.16,0.509676,0.181648,0.317804,0.354647
19.17,0.505766,0.181346,0.313852,0.352717
19.18,0.512034,0.179637,0.326421,0.351225
19.19,0.512212,0.178129,0.327434,0.351309
19.2,0.510184,0.178169,0.325463,0.350167
19.21,0.52237,0.185952,0.340044,0.350232
19.22,0.517367,0.185712,0.340579,0.342325
19.23,0.523302,0.185907,0.339463,0.352205
19.24,0.521346,0.181214,0.339746,0.351476
19.25,0.520439,0.181487,0.337012,0.352623
19.26,0.521676,0.181314,0.337778,0.353804
19.27,0.512627,0.180223,0.335225,0.343409
19.28,0.514278,0.180157,0.337988,0.343205
19.29,0.512327,0.178559,0.335709,0.343358
19.3,0.502907,0.177348,0.321759,0.343416
19.31,0.506586,0.178382,0.332642,0.337874
19.32,0.508782,0.178444,0.335039,0.338771
19.33,0.516898,0.178313,0.3492,0.336819
19.34,0.517705,0.174917,0.347673,0.341387
19.35,0.516498,0.171471,0.352562,0.336255
19.36,0.521853,0.16954,0.361826,0.335661
19.37,0.508458,0.169126,0.35043,0.3273
19.38,0.510677,0.169072,0.35056,0.330626
19.39,0.504406,0.168658,0.347287,0.32461
19.4,0.503937,0.167263,0.347421,0.32446
19.41,0.504141,0.165478,0.353379,0.319216
19.42,0.50724,0.164084,0.355553,0.322414
19.43,0.514892,0.164194,0.352803,0.33717
19.44,0.522313,0.164205,0.361499,0.339361
19.45,0.521012,0.163289,0.361239,0.338077
19.46,0.51054,0.155177,0.345188,0.342661
19.47,0.510344,0.157155,0.343928,0.342735
19.48,0.510974,0.156884,0.34461,0.343112
19.49,0.50999,0.155991,0.345312,0.341344
19.5,0.506226,0.155444,0.351826,0.329121
19.51,0.500587,0.151942,0.34111,0.333383
19.52,0.495811,0.151951,0.338636,0.328732
19.53,0.479684,0.152263,0.338969,0.303335
19.54,0.473624,0.143172,0.3375,0.299858
19.55,0.47415,0.144041,0.335013,0.303047
19.561,0.474274,0.140754,0.332533,0.307483
19.571,0.47361,0.140678,0.332605,0.306415
19.58,0.476739,0.14363,0.323847,0.319021
19.59,0.475938,0.140452,0.3238,0.319286
19.6,0.474228,0.140462,0.321073,0.319491
19.61,0.475648,0.140519,0.321269,0.321374
19.62,0.480395,0.138801,0.321189,0.329167
19.63,0.480008,0.139899,0.320346,0.32896
19.64,0.477136,0.134079,0.31948,0.328046
19.65,0.478848,0.132356,0.319642,0.331068
19.66,0.471242,0.125315,0.31265,0.329569
19.67,0.480959,0.127659,0.325381,0.330382
19.68,0.472392,0.127523,0.313991,0.329092
19.69,0.467291,0.121641,0.311339,0.326546
19.7,0.471416,0.122287,0.312296,0.331286
19.71,0.459124,0.106559,0.297726,0.332866
19.72,0.459857,0.108501,0.297386,0.333552
19.73,0.459499,0.107562,0.306778,0.324742
19.74,0.462396,0.1065,0.307372,0.328618
19.75,0.461576,0.104484,0.307032,0.32843
19.76,0.455773,0.100617,0.306812,0.32167
19.77,0.461096,0.102711,0.310163,0.32536
19.78,0.467787,0.107625,0.310687,0.33274
19.79,0.470553,0.107232,0.310752,0.336683
19.8,0.476995,0.107904,0.319328,0.337506
19.81,0.476136,0.106561,0.307737,0.347344
19.82,0.48387,0.113632,0.307328,0.356044
19.83,0.479411,0.117486,0.297842,0.356822
19.84,0.478678,0.116935,0.29858,0.3554
19.85,0.487162,0.117045,0.291752,0.372166
19.86,0.480612,0.117625,0.281123,0.371648
19.87,0.478588,0.115287,0.28518,0.366644
19.88,0.476476,0.122073,0.295891,0.352952
19.89,0.481276,0.122689,0.303972,0.352384
19.9,0.490288,0.123306,0.303218,0.365016
19.91,0.483014,0.120221,0.294944,0.363121
19.92,0.491384,0.120307,0.311408,0.360569
19.93,0.486338,0.120691,0.311325,0.353603
19.94,0.486634,0.120775,0.308148,0.35675
19.95,0.487786,0.120776,0.309302,0.357325
19.96,0.485414,0.122632,0.309529,0.353242
19.97,0.487921,0.125359,0.311312,0.35417
19.98,0.486047,0.124503,0.310129,0.352932
19.99,0.485681,0.124504,0.309792,0.352722
20.0,0.485702,0.126894,0.305529,0.355608
20.01,0.483618,0.126909,0.300587,0.356971
20.02,0.489667,0.12924,0.307742,0.358281
20.03,0.491596,0.129186,0.309783,0.359182
20.04,0.497133,0.129266,0.308914,0.367428
20.05,0.505855,0.135918,0.315688,0.371155
20.06,0.508843,0.143257,0.322758,0.366368
20.07,0.519796,0.143233,0.323506,0.380811
20.08,0.520046,0.140864,0.324467,0.381217
20.09,0.521759,0.14275,0.326615,0.381022
20.1,0.521634,0.142997,0.32602,0.381268
20.11,0.527806,0.145283,0.330779,0.384783
20.12,0.516512,0.144815,0.3292,0.370731
20.131,0.522062,0.143518,0.337505,0.37154
20.14,0.521451,0.147505,0.334288,0.372027
20.15,0.51997,0.14973,0.334726,0.368657
20.16,0.525454,0.149556,0.343132,0.368775
20.17,0.518371,0.147014,0.334482,0.367719
20.181,0.522936,0.14763,0.338878,0.369904
20.19,0.522763,0.146795,0.339184,0.369711
20.2,0.534536,0.149763,0.357943,0.367663
20.21,0.533162,0.151002,0.355699,0.367339
20.22,0.535883,0.149659,0.359916,0.367741
20.23,0.531849,0.152363,0.351801,0.368626
20.24,0.540133,0.152727,0.35829,0.374227
20.25,0.540337,0.152817,0.359084,0.373723
20.26,0.544716,0.152787,0.365967,0.373416
20.27,0.546483,0.152335,0.363679,0.378385
20.28,0.546111,0.15028,0.360846,0.38137
20.29,0.550696,0.151874,0.370204,0.378351
20.3,0.555234,0.151339,0.37548,0.379995
20.31,0.551246,0.158021,0.375515,0.371335
20.32,0.546665,0.153215,0.372834,0.369273
20.331,0.546592,0.151467,0.37406,0.368647
20.34,0.547386,0.150356,0.380057,0.364117
20.351,0.536607,0.16147,0.380094,0.342642
20.36,0.534846,0.160743,0.377637,0.342947
20.37,0.533233,0.160945,0.374224,0.34408
20.38,0.534508,0.162579,0.365881,0.354115
20.39,0.537189,0.17207,0.360728,0.358942
20.401,0.527905,0.171939,0.360548,0.345147
20.411,0.53292,0.172583,0.359401,0.353623
20.42,0.537785,0.179199,0.343748,0.372744
20.431,0.539153,0.18145,0.3444,0.373028
20.441,0.531801,0.183853,0.337525,0.367542
20.451,0.531668,0.185504,0.336221,0.367716
20.46,0.535264,0.186835,0.336518,0.371961
20.471,0.532988,0.183946,0.335211,0.371314
20.481,0.54196,0.195386,0.334997,0.378579
20.491,0.54128,0.195521,0.334956,0.377572
20.5,0.542109,0.195001,0.340453,0.374098
20.511,0.545467,0.195536,0.344905,0.37462
20.521,0.546753,0.198273,0.336507,0.382609
20.531,0.54687,0.197952,0.334034,0.385101
20.54,0.547333,0.199882,0.339994,0.379506
20.551,0.539198,0.194447,0.334679,0.375385
20.561,0.533026,0.195505,0.324473,0.374983
20.571,0.536286,0.196223,0.323878,0.37974
20.581,0.536502,0.196187,0.325577,0.378608
20.591,0.536683,0.197054,0.32421,0.379587
20.601,0.538376,0.197462,0.326851,0.379508
20.611,0.543038,0.195322,0.322206,0.391054
20.62,0.544699,0.195345,0.323809,0.392027
20.628,0.538869,0.195446,0.315552,0.39065
20.641,0.540731,0.194776,0.321487,0.388713
20.648,0.544537,0.193123,0.321324,0.394937
20.66,0.540493,0.193454,0.31362,0.395411
20.67,0.540486,0.193834,0.308215,0.399445
20.679,0.542096,0.19387,0.305163,0.403929
20.69,0.549594,0.194066,0.318456,0.403705
20.7,0.551608,0.191618,0.305024,0.417749
20.71,0.563268,0.190882,0.302655,0.435012
20.719,0.570239,0.19241,0.299696,0.445347
20.73,0.587262,0.190519,0.331684,0.445606
20.74,0.598375,0.189363,0.33262,0.459954
20.75,0.609252,0.189896,0.331985,0.474249
20.76,0.610772,0.189983,0.324728,0.481146
20.77,0.610862,0.189319,0.339053,0.471544
20.78,0.614508,0.188171,0.33922,0.476594
20.79,0.611596,0.18603,0.333418,0.477781
20.8,0.604019,0.188437,0.318426,0.477425
20.81,0.598982,0.186557,0.321352,0.469797
20.82,0.604843,0.189377,0.323323,0.474799
20.83,0.606385,0.189406,0.320162,0.478878
20.839,0.603114,0.191935,0.311535,0.479431
20.85,0.603511,0.186293,0.313257,0.481031
20.86,0.616641,0.18669,0.312371,0.497813
20.87,0.627874,0.191985,0.314573,0.508342
20.88,0.624064,0.186233,0.326396,0.498236
20.89,0.625168,0.184665,0.328344,0.498923
20.9,0.631203,0.184624,0.328687,0.506257
20.91,0.635982,0.188729,0.33766,0.504817
20.92,0.622424,0.181317,0.341368,0.487857
20.93,0.620613,0.181744,0.340753,0.485815
20.94,0.621783,0.185489,0.340739,0.485905
20.95,0.624054,0.185139,0.340789,0.488907
20.96,0.639935,0.184516,0.342433,0.508145
20.97,0.646134,0.184204,0.353367,0.508616
20.98,0.645571,0.182315,0.35375,0.508315
20.99,0.652778,0.183028,0.354162,0.516904
21.0,0.657004,0.184295,0.346325,0.527019
21.01,0.65624,0.18313,0.351946,0.522732
21.02,0.652386,0.181277,0.351502,0.518838
21.03,0.654774,0.184487,0.354136,0.518923
21.04,0.644487,0.181502,0.345884,0.512626
21.05,0.653522,0.186244,0.348892,0.520268
21.06,0.651813,0.180711,0.348748,0.520171
21.07,0.647695,0.193906,0.348751,0.510178
21.08,0.638393,0.192388,0.345482,0.501174
21.09,0.641608,0.19061,0.34527,0.50608
21.1,0.640917,0.193128,0.344171,0.504998
21.11,0.635632,0.194397,0.348562,0.494715
21.12,0.640479,0.198566,0.347457,0.500059
21.13,0.641919,0.198034,0.35109,0.499578
21.14,0.642158,0.197311,0.348988,0.50164
21.15,0.6405,0.199589,0.349481,0.498264
21.16,0.645152,0.209715,0.349349,0.500196
21.17,0.645178,0.209007,0.349668,0.500302
21.18,0.64647,0.208858,0.358615,0.495679
21.19,0.647911,0.210223,0.359863,0.496078
21.2,0.645053,0.214207,0.354826,0.494274
21.21,0.645705,0.219247,0.357078,0.491285
21.22,0.641501,0.218821,0.363205,0.481377
21.23,0.628325,0.218718,0.342689,0.479081
21.24,0.615656,0.220602,0.335855,0.466442
21.25,0.606342,0.219691,0.340886,0.450758
21.26,0.604718,0.22238,0.341637,0.44667
21.27,0.599877,0.223449,0.332127,0.446783
21.28,0.594823,0.223119,0.338948,0.434909
21.29,0.599334,0.22986,0.335754,0.44004
21.3,0.599982,0.229015,0.335137,0.44183
21.31,0.600603,0.227242,0.333509,0.444811
21.32,0.594049,0.223775,0.335953,0.435837
21.33,0.594626,0.223175,0.344592,0.43015
21.34,0.59586,0.222621,0.343871,0.432714
21.35,0.594735,0.221924,0.34438,0.431117
21.36,0.585088,0.221962,0.348668,0.414115
21.37,0.574869,0.215876,0.347256,0.404086
21.38,0.568309,0.215309,0.337384,0.403471
21.39,0.569364,0.210558,0.339918,0.405335
21.4,0.561766,0.211834,0.339546,0.394228
21.41,0.558626,0.207269,0.332877,0.397863
21.42,0.557083,0.206938,0.327994,0.399923
21.43,0.558025,0.205333,0.330599,0.399919
21.44,0.556208,0.200553,0.330587,0.399822
21.45,0.562869,0.198628,0.344452,0.398399
21.46,0.541776,0.194612,0.34421,0.37036
21.47,0.53743,0.194589,0.337959,0.369797
21.48,0.532163,0.186958,0.337104,0.366886
21.49,0.526396,0.191191,0.33663,0.356678
21.5,0.51981,0.18806,0.335357,0.349816
21.51,0.51425,0.189747,0.3256,0.349905
21.52,0.521028,0.188405,0.330107,0.356375
21.53,0.519884,0.1852,0.328969,0.357434
21.54,0.521611,0.186945,0.329232,0.358798
21.55,0.51596,0.184779,0.325444,0.355187
21.56,0.520299,0.184591,0.331913,0.355627
21.57,0.519965,0.170553,0.335049,0.35919
21.58,0.522203,0.171037,0.341656,0.355968
21.59,0.524938,0.173862,0.345101,0.355298
21.6,0.528702,0.173343,0.343924,0.362207
21.61,0.532037,0.178995,0.343796,0.364457
21.62,0.528686,0.175061,0.344254,0.361043
21.63,0.526768,0.176379,0.339203,0.362375
21.64,0.526365,0.178895,0.336546,0.363034
21.65,0.529363,0.176136,0.336184,0.369028
21.66,0.532053,0.166352,0.348619,0.365885
21.67,0.536517,0.169175,0.359291,0.36075
21.68,0.529574,0.16917,0.349555,0.360057
21.69,0.524022,0.170434,0.336447,0.363806
21.7,0.530031,0.166335,0.334259,0.376214
21.71,0.516613,0.162084,0.334607,0.358686
21.72,0.513141,0.161058,0.329266,0.359107
21.73,0.510749,0.161099,0.323467,0.360944
21.74,0.510373,0.1658,0.322722,0.358944
21.75,0.512896,0.169924,0.318788,0.364091
21.76,0.534956,0.167835,0.348976,0.369087
21.77,0.542122,0.168052,0.361799,0.367091
21.78,0.546422,0.169751,0.354263,0.379815
21.79,0.543995,0.164396,0.354332,0.378621
21.8,0.544117,0.163556,0.354826,0.378697
21.81,0.549995,0.167993,0.366421,0.374177
21.82,0.54919,0.168386,0.363868,0.375308
21.83,0.54844,0.16902,0.351076,0.385959
21.84,0.550511,0.174628,0.352763,0.384871
21.85,0.55753,0.175143,0.35376,0.393724
21.86,0.577969,0.175823,0.372898,0.40507
21.87,0.591574,0.175643,0.388576,0.410022
21.88,0.606302,0.175315,0.38908,0.430679
21.89,0.603372,0.178461,0.384377,0.429492
21.9,0.60372,0.177496,0.384306,0.430444
21.91,0.612327,0.184509,0.391556,0.43311
21.92,0.616855,0.184588,0.39948,0.432265
21.93,0.637646,0.18674,0.402129,0.458272
21.94,0.652608,0.204413,0.403047,0.470814
21.95,0.644776,0.207479,0.39274,0.467379
21.96,0.654875,0.211038,0.41133,0.463823
21.97,0.659811,0.212053,0.418022,0.464372
21.98,0.67197,0.212243,0.419883,0.479787
21.99,0.671255,0.20773,0.419858,0.480782
22.0,0.663213,0.207707,0.422252,0.467346
22.01,0.668837,0.211673,0.430927,0.465661
22.02,0.668808,0.211973,0.427806,0.468351
22.03,0.67341,0.21204,0.426693,0.475872
22.04,0.676691,0.216633,0.42661,0.478524
22.05,0.678238,0.214742,0.43954,0.469785
22.06,0.686616,0.21551,0.446402,0.475103
22.07,0.689951,0.215329,0.445034,0.481259
22.08,0.699241,0.219085,0.442201,0.495377
22.09,0.700332,0.215336,0.444397,0.496595
22.1,0.698509,0.220039,0.44525,0.491172
22.11,0.699904,0.219355,0.446268,0.492539
22.12,0.700781,0.219006,0.449397,0.491093
22.13,0.709606,0.218822,0.461802,0.492338
22.14,0.711189,0.220165,0.463147,0.49276
22.15,0.708789,0.223155,0.463865,0.48725
22.16,0.700639,0.221348,0.451875,0.487554
22.17,0.697247,0.219675,0.44593,0.48892
22.18,0.698552,0.221952,0.44612,0.48958
22.19,0.701227,0.21892,0.448786,0.492326
22.2,0.689746,0.224563,0.448554,0.473413
22.21,0.696638,0.223285,0.446591,0.485803
22.22,0.697375,0.223971,0.445665,0.487392
22.23,0.703026,0.224943,0.447943,0.492943
22.24,0.702777,0.220572,0.447185,0.495247
22.25,0.700163,0.227862,0.446731,0.488609
22.26,0.692664,0.227227,0.42279,0.4994
22.27,0.686524,0.22599,0.409862,0.502252
22.28,0.682676,0.227376,0.410935,0.495458
22.29,0.686386,0.226523,0.410432,0.501357
22.3,0.686203,0.232607,0.410072,0.498607
22.31,0.686041,0.230578,0.399772,0.507611
22.32,0.692551,0.230709,0.407138,0.510528
22.33,0.692503,0.229556,0.413037,0.506226
22.34,0.692638,0.226404,0.41165,0.508953
22.35,0.690913,0.233092,0.410265,0.50469
22.36,0.675724,0.232433,0.390148,0.500362
22.37,0.662623,0.232653,0.374013,0.495031
22.38,0.655745,0.234765,0.380925,0.479357
22.39,0.667834,0.233729,0.382882,0.494746
22.4,0.678033,0.236348,0.385227,0.505439
22.41,0.66657,0.231767,0.379574,0.496512
22.42,0.665996,0.232435,0.378296,0.496404
22.43,0.644885,0.232296,0.374746,0.470618
22.44,0.63458,0.215293,0.373634,0.465551
22.45,0.642269,0.220168,0.371969,0.475052
22.46,0.629848,0.217759,0.3566,0.471302
22.47,0.621252,0.218618,0.340691,0.471264
22.48,0.60645,0.221137,0.337022,0.453096
22.49,0.606596,0.219917,0.337356,0.453637
22.5,0.618631,0.227811,0.3356,0.467097
22.51,0.613857,0.223827,0.325931,0.469564
22.52,0.617404,0.223649,0.330359,0.471203
22.53,0.609208,0.225027,0.329044,0.460681
22.54,0.605982,0.21741,0.32915,0.460008
22.55,0.613776,0.217398,0.315506,0.479494
22.56,0.601431,0.217096,0.30206,0.472597
22.57,0.604597,0.218052,0.311819,0.46985
22.58,0.58795,0.215267,0.30778,0.452346
22.59,0.593564,0.214059,0.321866,0.450444
22.6,0.608997,0.207591,0.320878,0.474154
22.61,0.621451,0.204071,0.319598,0.492355
22.62,0.615733,0.203323,0.312671,0.489923
22.63,0.608143,0.205409,0.295251,0.490379
22.64,0.607968,0.204051,0.29913,0.488374
22.65,0.605233,0.200261,0.299376,0.486391
22.66,0.62037,0.203586,0.300443,0.503137
22.67,0.6278,0.213944,0.302112,0.507039
22.68,0.627301,0.21178,0.302345,0.507192
22.69,0.620639,0.212905,0.300537,0.499542
22.7,0.618355,0.20775,0.300739,0.498757
22.71,0.611964,0.207601,0.300667,0.490919
22.72,0.612256,0.209861,0.295689,0.493339
22.73,0.614216,0.209199,0.306078,0.489707
22.74,0.613857,0.207955,0.313911,0.484803
22.75,0.617557,0.202006,0.313639,0.49214
22.76,0.613079,0.206802,0.312872,0.484984
22.77,0.615044,0.20689,0.312331,0.487775
22.78,0.619221,0.205049,0.311091,0.494582
22.79,0.612,0.203755,0.316242,0.48272
22.8,0.614712,0.196481,0.319473,0.487035
22.81,0.617632,0.196124,0.31948,0.490853
22.82,0.607993,0.195972,0.309837,0.485028
22.83,0.611891,0.195996,0.301608,0.495004
22.84,0.608961,0.19188,0.306044,0.490258
22.85,0.606959,0.182244,0.309085,0.489543
22.86,0.612783,0.181976,0.308837,0.496999
22.87,0.620373,0.181815,0.312091,0.504385
22.88,0.61504,0.180076,0.302752,0.50417
22.89,0.596798,0.176286,0.300505,0.48455
22.9,0.592466,0.172773,0.311694,0.473299
22.91,0.604309,0.172967,0.313249,0.486977
22.92,0.614197,0.175216,0.304341,0.503899
22.93,0.613372,0.174399,0.303135,0.503905
22.94,0.606806,0.173047,0.303909,0.495891
22.95,0.602484,0.169424,0.306301,0.490369
22.96,0.602534,0.169317,0.306537,0.49032
22.97,0.613055,0.167725,0.307553,0.503107
22.98,0.617314,0.166812,0.309556,0.507371
22.99,0.616545,0.166277,0.310801,0.505848
23.0,0.615973,0.159653,0.329012,0.495666
23.01,0.621864,0.159609,0.341273,0.494745
23.02,0.617931,0.161401,0.336707,0.492358
23.03,0.617833,0.160048,0.336432,0.492866
23.04,0.621491,0.160248,0.343988,0.492183
23.05,0.607373,0.170512,0.339576,0.473832
23.06,0.608242,0.169679,0.340775,0.474383
23.07,0.604356,0.179916,0.330326,0.473034
23.08,0.603406,0.178769,0.331216,0.471631
23.09,0.591269,0.179715,0.312884,0.468407
23.1,0.573791,0.18612,0.314837,0.442123
23.11,0.558426,0.186071,0.310946,0.424888
23.12,0.571135,0.19405,0.316124,0.434287
23.13,0.570117,0.190642,0.317027,0.4338
23.14,0.567443,0.190974,0.312291,0.433583
23.15,0.568826,0.194147,0.310825,0.435037
23.16,0.55434,0.192082,0.312176,0.415865
23.17,0.542167,0.179612,0.3078,0.408588
23.18,0.547506,0.179806,0.316782,0.408757
23.19,0.553073,0.179931,0.325948,0.408991
23.2,0.553417,0.182552,0.32608,0.408188
23.21,0.558398,0.18269,0.333937,0.408557
23.22,0.558039,0.179233,0.334003,0.409543
23.23,0.55022,0.179248,0.320073,0.41008
23.24,0.546944,0.180158,0.312167,0.411391
23.25,0.540467,0.178558,0.311438,0.404015
23.26,0.539083,0.170358,0.317904,0.400657
23.27,0.541291,0.169705,0.31693,0.404662
23.28,0.535512,0.169675,0.316471,0.397278
23.29,0.543846,0.169514,0.330373,0.397351
23.3,0.540342,0.169433,0.327273,0.395163
23.31,0.533201,0.167764,0.327634,0.385765
23.32,0.539331,0.167791,0.331488,0.390947
23.33,0.537621,0.167942,0.331957,0.38812
23.34,0.540727,0.167931,0.339405,0.385991
23.35,0.542201,0.174453,0.335369,0.388685
23.36,0.530994,0.175018,0.334791,0.373147
23.37,0.522849,0.178762,0.332839,0.361432
23.38,0.551822,0.188755,0.338967,0.392404
23.39,0.555751,0.190491,0.339476,0.396646
23.4,0.549204,0.1909,0.328226,0.396799
23.41,0.540624,0.192771,0.333093,0.379688
23.42,0.53113,0.191557,0.344608,0.355879
23.43,0.537158,0.190028,0.347279,0.363077
23.44,0.54157,0.189967,0.352086,0.365029
23.45,0.541761,0.190175,0.354488,0.362873
23.46,0.543897,0.190823,0.357265,0.363004
23.47,0.532124,0.19122,0.356568,0.345616
23.48,0.548405,0.187497,0.363363,0.365459
23.49,0.552019,0.189037,0.361715,0.371688
23.5,0.550543,0.186315,0.355941,0.376418
23.51,0.553681,0.188561,0.350008,0.385358
23.52,0.55566,0.186627,0.350523,0.388668
23.53,0.556342,0.186635,0.352261,0.388067
23.54,0.558324,0.192463,0.345957,0.393698
23.55,0.560997,0.185277,0.346318,0.400567
23.56,0.576294,0.188789,0.350205,0.416929
23.57,0.571905,0.175836,0.350445,0.416348
23.58,0.574781,0.176066,0.354642,0.416657
23.59,0.580869,0.175876,0.364769,0.416438
23.6,0.579346,0.170758,0.364125,0.417009
23.61,0.5903,0.170982,0.365281,0.431033
23.62,0.596696,0.172135,0.372672,0.433049
23.63,0.59755,0.172785,0.372424,0.43418
23.64,0.597656,0.171696,0.371659,0.43541
23.65,0.598047,0.171362,0.374003,0.43407
23.66,0.605348,0.170648,0.371971,0.446052
23.67,0.61146,0.167267,0.379239,0.449537
23.68,0.619719,0.16727,0.388308,0.453089
23.69,0.614697,0.167302,0.379,0.454116
23.7,0.622958,0.175137,0.385443,0.456988
23.71,0.622947,0.17575,0.381711,0.45986
23.72,0.621188,0.174548,0.384631,0.455485
23.73,0.622222,0.178679,0.384775,0.455172
23.74,0.656629,0.187869,0.392095,0.492065
23.75,0.656786,0.189189,0.392364,0.491555
23.76,0.653986,0.18933,0.38758,0.491563
23.77,0.645368,0.189589,0.388141,0.479482
23.78,0.655867,0.190128,0.404865,0.479685
23.79,0.651765,0.190098,0.390126,0.486274
23.8,0.650587,0.189378,0.391251,0.484068
23.81,0.659081,0.189778,0.401721,0.486819
23.82,0.659632,0.194362,0.399058,0.487946
23.83,0.654809,0.194164,0.399003,0.481531
23.84,0.648547,0.195956,0.388384,0.481011
23.85,0.645069,0.193009,0.388755,0.477211
23.86,0.651441,0.1927,0.39178,0.483477
23.87,0.66252,0.190157,0.390412,0.500351
23.88,0.641769,0.17897,0.383165,0.482723
23.89,0.641927,0.176571,0.385713,0.481786
23.9,0.644508,0.180996,0.387422,0.482219
23.91,0.645844,0.182,0.389965,0.481578
23.92,0.640511,0.181993,0.380873,0.481735
23.93,0.641795,0.182324,0.377709,0.485793
23.94,0.645,0.181641,0.371692,0.49485
23.95,0.644612,0.179065,0.372224,0.494883
23.96,0.649768,0.18073,0.365614,0.505828
23.97,0.655135,0.181051,0.365777,0.512474
23.98,0.638685,0.18165,0.360001,0.495299
23.99,0.634665,0.180361,0.360706,0.490062
24.0,0.633297,0.18586,0.354447,0.490803
24.01,0.646328,0.195071,0.349085,0.507766
24.02,0.642016,0.195581,0.348816,0.502254
24.03,0.644681,0.19489,0.347376,0.506914
24.04,0.638324,0.18917,0.347325,0.501037
24.05,0.639109,0.191395,0.354751,0.495964
24.06,0.628896,0.190265,0.353276,0.484258
24.07,0.633804,0.190962,0.3523,0.491047
24.08,0.638698,0.190523,0.348908,0.4999
24.09,0.642227,0.190314,0.355049,0.500176
24.1,0.640539,0.191695,0.353403,0.498648
24.11,0.640479,0.19166,0.367404,0.488359
24.12,0.622636,0.178571,0.354364,0.479807
24.13,0.621416,0.177172,0.354861,0.478374
24.14,0.62691,0.176807,0.354843,0.485636
24.15,0.631054,0.178745,0.356042,0.489401
24.16,0.624971,0.178646,0.359474,0.479012
24.17,0.627432,0.178573,0.370116,0.474128
24.18,0.613612,0.178745,0.352179,0.469616
24.19,0.615522,0.179143,0.351625,0.472371
24.2,0.611206,0.169289,0.354713,0.468073
24.21,0.607661,0.167197,0.352699,0.465726
24.22,0.615387,0.169879,0.365775,0.464812
24.23,0.62023,0.167354,0.370582,0.468345
24.24,0.588696,0.158206,0.369988,0.429702
24.25,0.586803,0.153661,0.369308,0.429345
24.26,0.586998,0.157615,0.36976,0.427787
24.27,0.589259,0.158232,0.369184,0.431151
24.28,0.593938,0.156499,0.364062,0.442413
24.29,0.594299,0.155148,0.37081,0.437745
24.3,0.602658,0.156556,0.381137,0.439797
24.31,0.595036,0.156492,0.368796,0.439963
24.32,0.590358,0.15308,0.375845,0.428754
24.33,0.591953,0.154009,0.375811,0.430646
24.34,0.596515,0.150383,0.376457,0.437602
24.35,0.598352,0.144417,0.381714,0.437565
24.36,0.599175,0.145073,0.37959,0.440313
24.37,0.59938,0.145239,0.399983,0.422108
24.38,0.595455,0.143664,0.400896,0.416184
24.39,0.605339,0.14324,0.418256,0.413497
24.4,0.600998,0.140075,0.413613,0.412918
24.41,0.594776,0.137491,0.406848,0.411497
24.42,0.598493,0.144622,0.410719,0.410596
24.43,0.596016,0.143586,0.411797,0.406253
24.44,0.59801,0.144816,0.413885,0.406624
24.45,0.596119,0.14539,0.408311,0.40927
24.46,0.583859,0.144515,0.408251,0.391584
24.47,0.580363,0.14464,0.408248,0.386308
24.48,0.582794,0.144707,0.408526,0.389634
24.49,0.585296,0.144083,0.407467,0.394692
24.5,0.584702,0.140223,0.405943,0.396767
24.51,0.571897,0.136425,0.409572,0.375107
24.52,0.579686,0.134681,0.408726,0.388381
24.53,0.593261,0.13615,0.414062,0.40246
24.54,0.596526,0.13428,0.419328,0.402463
24.55,0.595091,0.138462,0.414658,0.403757
24.56,0.592815,0.137029,0.415351,0.40017
24.57,0.584194,0.136345,0.415027,0.387873
24.58,0.585646,0.136638,0.41305,0.392047
24.59,0.592696,0.16114,0.403007,0.403619
24.6,0.596888,0.159873,0.402976,0.410277
24.61,0.604049,0.160918,0.392304,0.430208
24.62,0.605806,0.160782,0.39928,0.426293
24.63,0.616261,0.162156,0.413943,0.426772
24.64,0.615908,0.162043,0.420317,0.420021
24.65,0.615434,0.157973,0.420411,0.420782
24.66,0.619085,0.158089,0.421438,0.425046
24.67,0.616322,0.171777,0.408401,0.428432
24.68,0.616252,0.17204,0.406725,0.429817
24.69,0.625488,0.173336,0.409304,0.440069
24.7,0.620501,0.169317,0.399166,0.44387
24.71,0.628568,0.168253,0.412323,0.443597
24.72,0.634188,0.166867,0.411309,0.452962
24.73,0.640532,0.166444,0.419079,0.454918
24.74,0.641118,0.185381,0.410668,0.45609
24.75,0.65321,0.185413,0.415654,0.468547
24.76,0.654653,0.182781,0.415616,0.47162
24.77,0.66498,0.184651,0.416004,0.484813
24.78,0.656149,0.185003,0.408014,0.479406
24.79,0.65301,0.185008,0.407044,0.475929
24.8,0.653559,0.204815,0.398818,0.475535
24.81,0.653705,0.212703,0.399248,0.471899
24.82,0.653596,0.213194,0.396519,0.473823
24.83,0.655157,0.217954,0.396019,0.474232
24.84,0.656983,0.230036,0.39643,0.470694
24.85,0.690792,0.231237,0.436164,0.483202
24.86,0.688404,0.235031,0.440628,0.473821
24.87,0.678724,0.235667,0.427624,0.47145
24.88,0.679523,0.239142,0.427438,0.471019
24.89,0.673546,0.242122,0.402872,0.482426
24.9,0.676082,0.24617,0.406152,0.481174
24.91,0.683965,0.246966,0.410314,0.488322
24.92,0.698619,0.244749,0.420772,0.501117
24.93,0.693943,0.248956,0.420354,0.492829
24.94,0.692386,0.251656,0.417179,0.491965
24.95,0.690583,0.250404,0.41742,0.48986
24.96,0.694225,0.250508,0.41979,0.492921
24.97,0.693859,0.251082,0.419944,0.491981
24.98,0.69297,0.250871,0.421716,0.489312
24.99,0.68966,0.248815,0.420947,0.486339
25.0,0.690214,0.249477,0.421141,0.486617
25.01,0.690666,0.256763,0.431061,0.474635
25.02,0.688678,0.26546,0.430451,0.467462
25.03,0.680669,0.263109,0.427445,0.459755
25.04,0.684339,0.268206,0.4299,0.459969
25.05,0.683318,0.266875,0.429661,0.459448
25.06,0.695784,0.268676,0.447202,0.460368
25.07,0.704387,0.268652,0.457482,0.463355
25.08,0.700433,0.268655,0.45755,0.457251
25.09,0.690646,0.267584,0.453219,0.447194
25.1,0.698294,0.269311,0.452965,0.458158
25.11,0.691903,0.268719,0.454288,0.447372
25.12,0.68839,0.268339,0.450489,0.446022
25.13,0.681613,0.268879,0.433508,0.452074
25.14,0.679361,0.267712,0.430728,0.452034
25.15,0.67192,0.267851,0.427996,0.443341
25.16,0.669884,0.268445,0.426806,0.441043
25.17,0.665658,0.264105,0.427911,0.436166
25.18,0.672907,0.263388,0.428609,0.446905
25.19,0.670715,0.260455,0.432946,0.441111
25.2,0.66968,0.260693,0.436633,0.435732
25.21,0.658533,0.260692,0.41896,0.436094
25.22,0.651996,0.261704,0.418399,0.426089
25.23,0.647914,0.262291,0.412894,0.42487
25.24,0.645236,0.251804,0.416501,0.423617
25.25,0.63844,0.265385,0.414016,0.407145
25.26,0.640641,0.264686,0.414621,0.410428
25.27,0.630916,0.261579,0.420906,0.390474
25.28,0.629457,0.265485,0.419941,0.386502
25.29,0.624291,0.265334,0.412317,0.386434
25.3,0.611928,0.243445,0.404953,0.388849
25.31,0.608277,0.232022,0.405908,0.389108
25.32,0.61052,0.232696,0.401135,0.397087
25.33,0.612406,0.236023,0.403497,0.395631
25.34,0.618297,0.229422,0.417996,0.393618
25.35,0.581947,0.228309,0.375899,0.3811
25.36,0.586692,0.224501,0.383951,0.382608
25.37,0.588795,0.225373,0.382473,0.386783
25.38,0.588228,0.220016,0.384525,0.386969
25.39,0.578487,0.217409,0.3845,0.373551
25.4,0.590546,0.217445,0.379009,0.397258
25.41,0.58441,0.221566,0.373905,0.39069
25.42,0.567041,0.222836,0.362152,0.375135
25.43,0.581329,0.22174,0.365582,0.393859
25.44,0.576928,0.217372,0.368451,0.387091
25.45,0.586779,0.216652,0.3811,0.390043
25.46,0.584494,0.216997,0.378657,0.388798
25.47,0.587673,0.21696,0.378941,0.393309
25.48,0.591694,0.216432,0.376005,0.402342
25.49,0.600793,0.216243,0.377232,0.414593
25.5,0.599748,0.217965,0.379595,0.409996
25.51,0.601175,0.209338,0.362914,0.431141
25.52,0.607395,0.208235,0.367238,0.436695
25.53,0.608733,0.208826,0.374071,0.432456
25.54,0.603401,0.200944,0.369542,0.432611
25.55,0.604435,0.201489,0.369977,0.43343
25.561,0.590119,0.197019,0.345358,0.436064
25.57,0.59544,0.197708,0.33247,0.452686
25.58,0.613556,0.197597,0.332584,0.476229
25.59,0.615495,0.187666,0.340814,0.47693
25.6,0.602443,0.189943,0.342193,0.457999
25.61,0.600916,0.191402,0.346056,0.452449
25.62,0.604454,0.191387,0.351451,0.45301
25.63,0.601676,0.191011,0.351748,0.449224
25.641,0.604122,0.192921,0.343216,0.4582
25.65,0.614378,0.194258,0.344115,0.470434
25.66,0.617498,0.192965,0.350001,0.47071
25.67,0.618957,0.19148,0.353045,0.470959
25.68,0.612012,0.19164,0.359041,0.45708
25.69,0.62129,0.191904,0.375131,0.456563
25.7,0.646999,0.194192,0.372687,0.491937
25.71,0.666901,0.19899,0.373105,0.515706
25.72,0.673864,0.201639,0.388485,0.512361
25.73,0.675979,0.199538,0.395532,0.510574
25.74,0.675066,0.200859,0.390947,0.512377
25.75,0.675217,0.187299,0.398041,0.512251
25.76,0.68555,0.184723,0.408739,0.518448
25.77,0.705341,0.189959,0.403534,0.546427
25.78,0.715492,0.187317,0.405286,0.559093
25.79,0.716164,0.187113,0.405919,0.559562
25.8,0.714183,0.186951,0.409727,0.554283
25.81,0.713184,0.191557,0.407711,0.552909
25.82,0.713465,0.190303,0.415309,0.548029
25.83,0.717048,0.18371,0.415372,0.554864
25.84,0.710913,0.182981,0.402747,0.556516
25.85,0.711685,0.18817,0.402557,0.55591
25.86,0.704399,0.18896,0.392467,0.553571
25.87,0.702867,0.191882,0.390381,0.552092
25.88,0.702966,0.197144,0.388996,0.551342
25.89,0.701619,0.19498,0.389225,0.550233
25.9,0.696105,0.192247,0.388979,0.544333
25.91,0.693597,0.187412,0.3881,0.543445
25.92,0.693765,0.187621,0.387226,0.544209
25.93,0.684381,0.187059,0.384592,0.5343
25.94,0.683801,0.188016,0.383998,0.533648
25.95,0.677085,0.187187,0.373705,0.532681
25.96,0.67683,0.187203,0.372563,0.533152
25.97,0.675135,0.187136,0.371882,0.531499
25.98,0.683733,0.18938,0.389751,0.528886
25.99,0.678212,0.189628,0.393037,0.519168
26.0,0.679015,0.188713,0.395279,0.518848
26.01,0.670175,0.187803,0.399167,0.50451
26.02,0.656521,0.177796,0.396081,0.492471
26.03,0.653673,0.180176,0.389463,0.493096
26.04,0.652785,0.180174,0.386961,0.49389
26.05,0.658857,0.183768,0.386855,0.500664
26.06,0.656546,0.183542,0.385627,0.498655
26.07,0.651546,0.183754,0.4036,0.477341
26.08,0.63751,0.184072,0.40687,0.454966
26.09,0.633328,0.182826,0.404247,0.451955
26.1,0.658546,0.179642,0.414826,0.478886
26.11,0.66892,0.177266,0.413057,0.495393
26.12,0.670446,0.182254,0.407359,0.500339
26.13,0.673135,0.182123,0.415421,0.497361
26.14,0.667114,0.18459,0.415701,0.488017
26.15,0.662348,0.185029,0.419471,0.478031
26.16,0.663089,0.186756,0.415276,0.482031
26.17,0.675676,0.186599,0.411553,0.502337
26.18,0.675311,0.193652,0.405482,0.504111
26.19,0.662653,0.193685,0.386502,0.502206
26.2,0.635248,0.191941,0.385495,0.467004
26.21,0.624187,0.189051,0.384539,0.453871
26.22,0.609413,0.187145,0.36196,0.453151
26.23,0.611023,0.187157,0.3539,0.461601
26.24,0.621435,0.188107,0.355795,0.473505
26.25,0.618068,0.188275,0.350113,0.473267
26.26,0.611593,0.188021,0.353973,0.461949
26.27,0.584975,0.183862,0.352535,0.42908
26.28,0.572268,0.180814,0.351258,0.414022
26.29,0.579903,0.185257,0.348562,0.42482
26.3,0.604617,0.193217,0.348021,0.455094
26.31,0.618843,0.19057,0.370211,0.457813
26.32,0.618381,0.189439,0.36998,0.457846
26.33,0.610132,0.18985,0.367686,0.448357
26.34,0.607508,0.190486,0.369698,0.442836
26.35,0.622457,0.186321,0.374063,0.461318
26.36,0.632548,0.188683,0.373998,0.473963
26.37,0.63311,0.185582,0.376736,0.473769
26.38,0.639194,0.183979,0.386163,0.474973
26.39,0.636459,0.182025,0.386052,0.472135
26.4,0.641148,0.181225,0.398209,0.468677
26.41,0.662459,0.181121,0.410378,0.487481
26.42,0.661982,0.180676,0.410664,0.486756
26.43,0.66286,0.179822,0.410363,0.488518
26.44,0.66205,0.177756,0.407803,0.490316
26.45,0.673141,0.187603,0.418698,0.492561
26.46,0.679301,0.189101,0.43399,0.487178
26.47,0.684703,0.19207,0.436189,0.491595
26.48,0.674352,0.193519,0.421395,0.489619
26.49,0.670971,0.194759,0.41651,0.488662
26.5,0.68439,0.198487,0.41302,0.508338
26.51,0.683644,0.197531,0.41044,0.509793
26.52,0.682915,0.197535,0.409889,0.509257
26.53,0.682526,0.196064,0.411639,0.507891
26.54,0.687569,0.196355,0.421191,0.506748
26.55,0.698821,0.193699,0.422239,0.522059
26.561,0.700206,0.193977,0.418025,0.527177
26.57,0.690628,0.193796,0.401968,0.527097
26.58,0.691422,0.192733,0.40321,0.527579
26.59,0.688158,0.192776,0.39797,0.527275
26.6,0.676471,0.189304,0.395749,0.514937
26.61,0.671488,0.189681,0.396719,0.507476
26.62,0.673341,0.190746,0.403378,0.504272
26.63,0.678623,0.191044,0.410475,0.505511
26.64,0.679251,0.192152,0.410933,0.505562
26.65,0.683378,0.192033,0.415065,0.50779
26.66,0.68626,0.189943,0.415479,0.512105
26.67,0.676218,0.192406,0.419807,0.493976
26.68,0.679187,0.189093,0.419715,0.499377
26.69,0.690174,0.194218,0.418315,0.513451
26.7,0.69608,0.194257,0.426341,0.514806
26.71,0.686784,0.188854,0.426317,0.504241
26.72,0.695361,0.192161,0.438459,0.504337
26.73,0.713289,0.194743,0.443215,0.523848
26.74,0.712061,0.190509,0.450794,0.517225
26.75,0.71067,0.189016,0.448824,0.517573
26.76,0.707943,0.189035,0.444683,0.517403
26.77,0.714055,0.188122,0.456442,0.515893
26.78,0.720864,0.190291,0.457928,0.523198
26.79,0.712025,0.188745,0.457889,0.511559
26.8,0.696241,0.18429,0.457708,0.491215
26.81,0.681322,0.185071,0.439651,0.486472
26.82,0.677293,0.182215,0.434582,0.48648
26.83,0.678305,0.186175,0.434134,0.48679
26.84,0.67742,0.186462,0.430448,0.488717
26.85,0.668926,0.184946,0.430891,0.477064
26.86,0.658062,0.178426,0.432236,0.463014
26.87,0.671094,0.178077,0.441431,0.473069
26.88,0.664517,0.176987,0.433212,0.47179
26.89,0.672496,0.180045,0.434059,0.481069
26.9,0.673255,0.179786,0.432077,0.484003
26.91,0.662769,0.180365,0.442939,0.458843
26.92,0.66018,0.18061,0.44261,0.455318
26.93,0.669673,0.178188,0.456128,0.456791
26.94,0.675753,0.178638,0.455886,0.465724
26.95,0.670544,0.17463,0.447569,0.467777
26.96,0.661339,0.174332,0.435734,0.465954
26.97,0.660092,0.173835,0.433653,0.466313
26.98,0.662619,0.176461,0.436542,0.466215
26.99,0.662826,0.176133,0.439018,0.464305
27.0,0.664662,0.197447,0.438645,0.458673
27.01,0.667275,0.198576,0.444148,0.456679
27.02,0.6717,0.198645,0.444091,0.463147
27.03,0.672806,0.199621,0.445167,0.463298
27.04,0.670554,0.199939,0.436333,0.468275
27.05,0.667472,0.201493,0.440973,0.458761
27.06,0.668964,0.202114,0.449278,0.452561
27.07,0.674017,0.202109,0.448401,0.460856
27.08,0.67449,0.205721,0.447254,0.461063
27.09,0.679417,0.205666,0.450018,0.46561
27.1,0.668051,0.207173,0.442792,0.45531
27.11,0.662102,0.209291,0.443909,0.444434
27.12,0.666576,0.202104,0.44417,0.454082
27.13,0.659275,0.201624,0.430163,0.457112
27.14,0.657791,0.197697,0.429885,0.456951
27.15,0.649782,0.197001,0.422043,0.453085
27.16,0.654114,0.196322,0.437134,0.445238
27.17,0.665749,0.193314,0.441377,0.459389
27.18,0.663035,0.201647,0.44196,0.45125
27.19,0.651691,0.196882,0.441656,0.436896
27.2,0.645182,0.197453,0.432823,0.435817
27.21,0.647836,0.197053,0.436048,0.43672
27.22,0.6431,0.1998,0.423857,0.440457
27.23,0.614722,0.197702,0.4156,0.407522
27.24,0.618857,0.212396,0.411685,0.41035
27.25,0.632099,0.212666,0.431048,0.410512
27.26,0.634451,0.213021,0.426375,0.418753
27.27,0.62965,0.216986,0.414829,0.421062
27.28,0.622417,0.215529,0.412427,0.413344
27.29,0.625512,0.217047,0.412141,0.417487
27.3,0.631476,0.216084,0.422886,0.416217
27.31,0.640922,0.214469,0.433295,0.42076
27.32,0.648736,0.219123,0.432706,0.430823
27.33,0.652586,0.218907,0.432487,0.436924
27.34,0.658461,0.21915,0.443484,0.434588
27.35,0.673326,0.219035,0.454964,0.44542
27.36,0.673613,0.219157,0.452418,0.448377
27.37,0.666978,0.223693,0.443491,0.445126
27.38,0.670768,0.223454,0.443743,0.450656
27.39,0.670335,0.223767,0.458124,0.4352
27.4,0.670747,0.22717,0.459334,0.43279
27.41,0.663826,0.227448,0.44504,0.436888
27.42,0.671155,0.233499,0.445631,0.444229
27.43,0.671943,0.233883,0.44693,0.443914
27.44,0.667766,0.233439,0.459669,0.424407
27.45,0.679103,0.230489,0.472005,0.430427
27.46,0.68029,0.232943,0.470364,0.432771
27.47,0.685379,0.229867,0.470528,0.442165
27.48,0.683984,0.223112,0.467121,0.44705
27.49,0.683403,0.223222,0.473783,0.439023
27.5,0.677233,0.20071,0.481563,0.431807
27.51,0.686031,0.199703,0.477077,0.450726
27.52,0.688695,0.199423,0.477218,0.454747
27.53,0.695051,0.201492,0.48236,0.458067
27.54,0.698744,0.208841,0.494015,0.44786
27.55,0.697525,0.208061,0.487976,0.452913
27.561,0.699438,0.206693,0.486008,0.458573
27.57,0.700469,0.207689,0.488564,0.456976
27.58,0.698581,0.207314,0.485664,0.457347
27.59,0.708043,0.206334,0.505168,0.451173
27.6,0.714351,0.205208,0.513294,0.452456
27.61,0.732502,0.206674,0.514277,0.478919
27.62,0.729294,0.21193,0.507342,0.479125
27.63,0.726662,0.211602,0.51089,0.471438
27.64,0.736267,0.215201,0.523214,0.471195
27.65,0.742975,0.21516,0.523543,0.48127
27.66,0.7357,0.222252,0.511742,0.479561
27.67,0.722357,0.223116,0.503058,0.467921
27.68,0.725478,0.22049,0.503463,0.473527
27.69,0.7272,0.220534,0.506021,0.473421
27.7,0.736016,0.231175,0.512208,0.475311
27.71,0.737227,0.232016,0.511721,0.477298
27.72,0.73545,0.22576,0.511206,0.478108
27.73,0.740962,0.225867,0.511132,0.486572
27.74,0.737873,0.223034,0.504412,0.490184
27.75,0.729669,0.223462,0.492435,0.489887
27.76,0.719601,0.222692,0.485901,0.481804
27.77,0.723914,0.218376,0.485759,0.490308
27.78,0.724239,0.218942,0.487214,0.48909
27.79,0.735322,0.257131,0.487257,0.486994
27.8,0.737557,0.273592,0.480584,0.488034
27.81,0.730215,0.276192,0.469697,0.486124
27.82,0.74787,0.271844,0.477558,0.507296
27.83,0.748805,0.283914,0.47914,0.500526
27.84,0.7572,0.2909,0.490029,0.4986
27.85,0.748598,0.299159,0.483785,0.486677
27.86,0.750351,0.299275,0.484058,0.489029
27.87,0.752523,0.30153,0.488346,0.486712
27.88,0.748424,0.303063,0.485472,0.482295
27.89,0.744413,0.302718,0.479292,0.482485
27.9,0.741824,0.300597,0.472155,0.486841
27.91,0.743164,0.303508,0.475945,0.483376
27.92,0.742348,0.312319,0.475198,0.477205
27.93,0.742001,0.31432,0.472363,0.478164
27.94,0.733422,0.314409,0.459131,0.47776
27.95,0.72848,0.314046,0.455603,0.473798
27.96,0.735705,0.313544,0.469852,0.471372
27.97,0.736724,0.317071,0.478901,0.461392
27.98,0.738695,0.316139,0.478917,0.465151
27.99,0.732655,0.317269,0.470152,0.463768
28.0,0.739794,0.319161,0.479205,0.464536
28.01,0.726544,0.32051,0.479189,0.442173
28.02,0.724724,0.322482,0.479251,0.437662
28.03,0.718291,0.324687,0.472383,0.432868
28.04,0.711027,0.322022,0.463197,0.432793
28.05,0.700081,0.320581,0.462627,0.416313
28.06,0.696419,0.320314,0.459331,0.414021
28.07,0.694307,0.322777,0.454303,0.414109
28.08,0.696692,0.322238,0.454916,0.417843
28.09,0.684762,0.322259,0.435023,0.419288
28.1,0.678559,0.322269,0.42859,0.415806
28.11,0.662665,0.321347,0.42637,0.392517
28.12,0.658949,0.326015,0.426004,0.382687
28.13,0.659388,0.326645,0.42227,0.387019
28.14,0.647455,0.325989,0.403315,0.387642
28.15,0.646384,0.328294,0.404471,0.382673
28.16,0.644745,0.326056,0.404945,0.381318
28.17,0.645491,0.329068,0.405202,0.379716
28.18,0.645734,0.321963,0.404115,0.387303
28.19,0.643758,0.322014,0.401637,0.386548
28.2,0.638326,0.318026,0.395784,0.386878
28.21,0.633471,0.316072,0.39362,0.382685
28.22,0.633019,0.316887,0.393532,0.38135
28.23,0.624997,0.316789,0.393416,0.36809
28.24,0.62518,0.314682,0.395729,0.367728
28.25,0.635551,0.313387,0.396478,0.38538
28.26,0.633944,0.313713,0.394797,0.384193
28.27,0.626807,0.313122,0.395997,0.371521
28.28,0.629092,0.316107,0.403087,0.365177
28.29,0.609228,0.275746,0.403862,0.363343
28.3,0.599262,0.250164,0.401947,0.367385
28.31,0.592722,0.241646,0.398907,0.365785
28.32,0.566399,0.239191,0.391617,0.332012
28.33,0.566894,0.231694,0.397133,0.331621
28.34,0.551749,0.228862,0.378066,0.330326
28.35,0.544968,0.22385,0.37043,0.331155
28.36,0.54584,0.237179,0.370845,0.32274
28.37,0.544705,0.235212,0.364236,0.329713
28.38,0.545549,0.23193,0.368452,0.328747
28.39,0.545638,0.224022,0.362503,0.340774
28.4,0.533774,0.216577,0.355942,0.333638
28.41,0.526322,0.216491,0.345418,0.332915
28.42,0.529284,0.209341,0.344175,0.343309
28.43,0.52236,0.208219,0.334386,0.343061
28.44,0.536291,0.209319,0.353827,0.344383
28.45,0.529428,0.207608,0.344716,0.34404
28.46,0.520555,0.204639,0.329162,0.347495
28.47,0.530065,0.202463,0.317488,0.373066
28.48,0.544366,0.202762,0.31794,0.392602
28.49,0.543343,0.204669,0.314206,0.3932
28.5,0.535119,0.204579,0.293072,0.398256
28.51,0.541929,0.203043,0.3049,0.399371
28.52,0.5488,0.201126,0.306469,0.408419
28.53,0.552439,0.192247,0.306431,0.417529
28.54,0.553356,0.194919,0.307816,0.416484
28.55,0.550354,0.191078,0.306412,0.41532
28.561,0.551188,0.193707,0.312483,0.410659
28.57,0.549435,0.19175,0.310606,0.410652
28.58,0.551234,0.190281,0.309413,0.414627
28.59,0.558224,0.196401,0.31114,0.419801
28.6,0.554053,0.196823,0.303956,0.41934
28.61,0.552717,0.193733,0.303171,0.419584
28.62,0.554853,0.188703,0.309646,0.419968
28.63,0.563078,0.185339,0.312726,0.43001
28.64,0.582176,0.189938,0.320456,0.447392
28.65,0.579314,0.18342,0.324387,0.443548
28.66,0.580823,0.183547,0.326273,0.444085
28.67,0.583092,0.179603,0.325517,0.449197
28.68,0.576938,0.179712,0.329258,0.438349
28.69,0.581074,0.180511,0.326295,0.445639
28.7,0.581525,0.177716,0.330314,0.444389
28.71,0.585982,0.177196,0.339783,0.44331
28.72,0.592024,0.176795,0.342783,0.44915
28.73,0.593883,0.180233,0.343881,0.449399
28.74,0.58603,0.181041,0.344235,0.438358
28.751,0.574691,0.178825,0.345856,0.4227
28.76,0.575699,0.178622,0.34678,0.423399
28.77,0.575599,0.176595,0.346258,0.42454
28.78,0.57972,0.167557,0.338301,0.439946
28.79,0.578967,0.170546,0.335783,0.439734
28.8,0.581426,0.171721,0.344255,0.435954
28.81,0.597126,0.171551,0.344251,0.45675
28.82,0.599844,0.176832,0.346166,0.456851
28.83,0.60078,0.18202,0.344722,0.457134
28.84,0.600903,0.184421,0.340615,0.459407
28.85,0.596272,0.184029,0.332131,0.459741
28.86,0.591985,0.169177,0.331133,0.460626
28.87,0.589648,0.169949,0.332696,0.456197
28.88,0.591142,0.169493,0.332227,0.458635
28.89,0.587774,0.168445,0.336428,0.451576
28.9,0.588658,0.1685,0.335773,0.453191
28.91,0.597282,0.177219,0.337258,0.459995
28.92,0.592122,0.174004,0.344834,0.448799
28.93,0.598273,0.175122,0.353675,0.44964
28.94,0.588631,0.175607,0.331841,0.453354
28.95,0.591464,0.177526,0.332572,0.455752
28.96,0.584798,0.177441,0.325704,0.452128
28.97,0.564504,0.177625,0.323316,0.427295
28.98,0.555243,0.178607,0.323961,0.414058
28.99,0.561273,0.176278,0.331241,0.417412
29.0,0.559472,0.177021,0.33017,0.415524
29.01,0.552671,0.176623,0.319068,0.415266
29.02,0.54852,0.177499,0.323419,0.405917
29.03,0.545063,0.177008,0.316012,0.407305
29.04,0.54881,0.175004,0.315443,0.413596
29.051,0.557261,0.18136,0.325883,0.414063
29.06,0.559604,0.179541,0.330311,0.414507
29.07,0.570562,0.177351,0.333177,0.427879
29.08,0.572236,0.178366,0.333013,0.429816
29.09,0.563801,0.16848,0.338708,0.418046
29.101,0.562133,0.16834,0.335994,0.418047
29.111,0.567916,0.168627,0.347628,0.416232
29.12,0.574126,0.171422,0.345663,0.425151
29.13,0.570163,0.171666,0.342798,0.422027
29.14,0.554999,0.169486,0.341052,0.40371
29.15,0.554151,0.169718,0.340107,0.403246
29.16,0.55903,0.169391,0.338819,0.411124
29.17,0.567077,0.172876,0.338752,0.420639
29.18,0.572014,0.172842,0.342281,0.424463
29.19,0.570218,0.175782,0.349334,0.414988
29.2,0.582443,0.17813,0.346597,0.432874
29.211,0.585083,0.183848,0.338534,0.44036
29.22,0.584096,0.184247,0.340015,0.437734
29.23,0.577773,0.179107,0.338656,0.432498
29.24,0.581785,0.178836,0.345377,0.432673
29.25,0.592424,0.179928,0.35656,0.437558
29.26,0.598999,0.180327,0.354946,0.447543
29.27,0.598528,0.180374,0.354478,0.447265
29.28,0.582783,0.180051,0.35235,0.427863
29.29,0.593418,0.181698,0.352001,0.441844
29.3,0.591641,0.185139,0.345622,0.443068
29.31,0.584138,0.185561,0.351954,0.427683
29.32,0.580432,0.179203,0.358878,0.419517
29.331,0.580914,0.174851,0.35174,0.42798
29.34,0.578754,0.171768,0.351384,0.426592
29.351,0.582831,0.171867,0.353219,0.430569
29.36,0.59144,0.172905,0.366998,0.430369
29.371,0.596611,0.172256,0.365583,0.438887
29.38,0.601809,0.170022,0.372645,0.440911
29.391,0.60209,0.173187,0.369211,0.442946
29.4,0.603376,0.173179,0.372918,0.441592
29.411,0.599849,0.165432,0.376798,0.436434
29.42,0.599998,0.167612,0.372508,0.439478
29.431,0.595194,0.167083,0.36418,0.440128
29.44,0.594331,0.175556,0.361883,0.437551
29.451,0.588913,0.171594,0.359703,0.433576
29.46,0.590236,0.17444,0.359325,0.434551
29.471,0.594161,0.176165,0.359438,0.439087
29.48,0.592402,0.175362,0.363617,0.433556
29.491,0.58973,0.179404,0.357976,0.432954
29.5,0.587248,0.177389,0.363189,0.426013
29.511,0.596641,0.177386,0.363815,0.438354
29.521,0.600124,0.184208,0.360048,0.443374
29.531,0.595255,0.184998,0.359326,0.437023
29.54,0.58975,0.186659,0.358213,0.429706
29.551,0.584031,0.181448,0.350457,0.430521
29.561,0.577213,0.180612,0.340492,0.429674
29.571,0.576423,0.183321,0.345231,0.423643
29.581,0.567444,0.181142,0.345641,0.411962
29.591,0.562992,0.181148,0.338537,0.411751
29.601,0.571233,0.181005,0.338334,0.423172
29.611,0.571582,0.18247,0.329268,0.430109
29.621,0.565019,0.176144,0.331151,0.422562
29.628,0.559701,0.176693,0.331543,0.414879
29.641,0.558167,0.174462,0.335317,0.410701
29.648,0.570089,0.174625,0.338286,0.424346
29.66,0.578185,0.175854,0.342206,0.431588
29.67,0.567837,0.169823,0.343194,0.419305
29.68,0.567765,0.169243,0.345191,0.4178
29.69,0.568571,0.168769,0.33767,0.42517
29.7,0.555693,0.169089,0.336318,0.408771
29.71,0.557384,0.164007,0.349737,0.401824
29.72,0.556288,0.171564,0.346791,0.399698
29.73,0.557708,0.172954,0.346848,0.401026
29.74,0.55489,0.17687,0.336461,0.404245
29.75,0.561983,0.182763,0.324874,0.42057
29.76,0.563231,0.183485,0.326801,0.420433
29.77,0.563926,0.18428,0.328349,0.41981
29.78,0.576055,0.1855,0.330787,0.433601
29.79,0.563129,0.182111,0.331264,0.41739
29.8,0.563589,0.176427,0.33674,0.416068
29.81,0.560204,0.175735,0.330545,0.416755
29.82,0.551442,0.176116,0.319023,0.413878
29.83,0.547778,0.17612,0.317958,0.409811
29.84,0.56023,0.178574,0.317946,0.425299
29.85,0.557043,0.178368,0.314861,0.42349
29.859,0.553167,0.176267,0.306594,0.425352
29.87,0.562276,0.176356,0.318125,0.428777
29.879,0.556289,0.176575,0.310422,0.426517
29.89,0.557243,0.172845,0.310597,0.429155
29.899,0.555056,0.173409,0.305539,0.429724
29.91,0.549153,0.172438,0.301286,0.425513
29.919,0.552985,0.175697,0.309018,0.423593
29.93,0.552182,0.175836,0.309529,0.422113
29.939,0.55592,0.179965,0.310105,0.424846
29.95,0.555943,0.180975,0.309101,0.425179
29.959,0.564203,0.178361,0.310361,0.436106
29.97,0.571428,0.177428,0.311679,0.444865
29.979,0.57008,0.177502,0.309453,0.44466
29.99,0.568692,0.174936,0.309061,0.444172
30.0,0.570942,0.175393,0.313054,0.444082
30.01,0.563131,0.175623,0.312539,0.434273
30.019,0.564675,0.171308,0.323045,0.430293
30.03,0.564022,0.170523,0.323177,0.429651
30.04,0.563706,0.168957,0.323147,0.429876
30.05,0.571498,0.168857,0.321026,0.441633
30.06,0.577389,0.168964,0.321027,0.449189
30.07,0.565948,0.165809,0.314082,0.440633
30.08,0.570398,0.165834,0.321871,0.440741
30.09,0.582638,0.166193,0.326495,0.453043
30.1,0.578524,0.166043,0.330216,0.445058
30.11,0.574478,0.163523,0.331844,0.439506
30.119,0.572355,0.166623,0.3267,0.439424
30.13,0.571769,0.166446,0.325773,0.439417
30.139,0.570334,0.168817,0.32055,0.440488
30.15,0.577526,0.17138,0.315917,0.452063
30.16,0.571711,0.174038,0.31857,0.441676
30.17,0.572604,0.177685,0.317556,0.442111
30.179,0.569419,0.177891,0.308495,0.444324
30.19,0.568878,0.177422,0.307804,0.444297
30.2,0.56757,0.176897,0.307944,0.442734
30.21,0.567495,0.177531,0.306982,0.443053
30.219,0.566145,0.170463,0.308343,0.443156
30.23,0.573258,0.170726,0.310745,0.450461
30.239,0.577266,0.165155,0.313104,0.455988
30.25,0.556157,0.156885,0.310369,0.434015
30.26,0.56079,0.156638,0.323783,0.43025
30.27,0.563368,0.156176,0.322391,0.434806
30.28,0.554605,0.155242,0.318458,0.426697
30.29,0.55716,0.156264,0.318208,0.429828
30.3,0.551317,0.155923,0.311376,0.427415
30.31,0.550402,0.15684,0.311528,0.425787
30.32,0.551037,0.161264,0.311172,0.425214
30.33,0.557663,0.162533,0.31205,0.432661
30.34,0.559132,0.171965,0.313269,0.430023
30.35,0.562163,0.171945,0.319454,0.429432
30.36,0.558904,0.171466,0.311646,0.431103
30.37,0.545935,0.173102,0.30062,0.421555
30.38,0.543382,0.173147,0.295628,0.421768
30.39,0.545143,0.173271,0.29555,0.424039
30.4,0.550783,0.172837,0.302457,0.426625
30.41,0.553804,0.170356,0.309451,0.426518
30.42,0.556497,0.169493,0.298328,0.438134
30.43,0.560471,0.171521,0.297719,0.4428
30.44,0.55566,0.158531,0.29968,0.440247
30.45,0.562803,0.157836,0.313473,0.439966
30.46,0.55577,0.157952,0.314048,0.430471
30.47,0.549217,0.15707,0.317219,0.419929
30.48,0.564922,0.156928,0.313926,0.442675
30.49,0.574397,0.166155,0.321439,0.446095
30.5,0.572078,0.165656,0.317092,0.446412
30.51,0.573609,0.171446,0.317565,0.445854
30.52,0.56401,0.171874,0.304732,0.442386
30.53,0.56883,0.172304,0.306671,0.447026
30.54,0.58928,0.179687,0.307158,0.4697
30.55,0.581227,0.179354,0.307291,0.459596
30.56,0.577392,0.179209,0.310514,0.4526
30.57,0.585197,0.180118,0.314188,0.459673
30.58,0.584405,0.18058,0.306347,0.463758
30.59,0.577957,0.18028,0.314306,0.450273
30.6,0.576587,0.180999,0.310488,0.450876
30.61,0.585758,0.184053,0.328445,0.448732
30.62,0.60058,0.181203,0.341308,0.45975
30.63,0.606108,0.182127,0.341102,0.46674
30.64,0.60476,0.181841,0.337699,0.467576
30.65,0.58942,0.178922,0.341719,0.44568
30.66,0.589484,0.175104,0.334374,0.452796
30.67,0.590212,0.173343,0.336581,0.452786
30.68,0.588965,0.175641,0.339909,0.447763
30.69,0.588129,0.176176,0.339176,0.447009
30.7,0.588214,0.175404,0.342291,0.445045
30.71,0.586182,0.174652,0.338534,0.445534
30.72,0.619365,0.182795,0.34455,0.481128
30.73,0.623598,0.188251,0.34421,0.484722
30.74,0.618071,0.18764,0.344016,0.477971
30.75,0.617278,0.186945,0.345564,0.476098
30.76,0.611727,0.188152,0.332512,0.477749
30.77,0.608883,0.188316,0.333943,0.47303
30.78,0.60988,0.188786,0.33921,0.470372
30.79,0.608888,0.190625,0.34087,0.467134
30.8,0.616591,0.190741,0.353184,0.468042
30.81,0.625676,0.190211,0.355689,0.478306
30.82,0.638305,0.189992,0.355119,0.495204
30.83,0.633421,0.1911,0.362464,0.483034
30.84,0.622907,0.179247,0.36522,0.471697
30.85,0.624619,0.179489,0.36537,0.473749
30.86,0.623678,0.184553,0.366036,0.470035
30.87,0.623276,0.183331,0.367279,0.469009
30.88,0.628123,0.19113,0.367207,0.472405
30.89,0.622668,0.191341,0.367091,0.465133
30.9,0.62115,0.191762,0.363142,0.466029
30.91,0.632768,0.192306,0.364954,0.479815
30.92,0.628102,0.188356,0.364464,0.475604
30.93,0.625003,0.186141,0.368358,0.469354
30.94,0.630107,0.185564,0.374724,0.471363
30.95,0.627586,0.185178,0.366827,0.474354
30.96,0.627058,0.185414,0.364993,0.474977
30.97,0.623353,0.184995,0.36247,0.472188
30.98,0.610663,0.188973,0.364844,0.451759
30.99,0.60127,0.180979,0.358014,0.447882
31.0,0.602631,0.183953,0.354381,0.451376
31.01,0.63033,0.185851,0.358043,0.484335
31.02,0.64112,0.188941,0.366068,0.491253
31.03,0.642214,0.190664,0.371816,0.487688
31.04,0.630357,0.183607,0.37448,0.472655
31.05,0.640224,0.184688,0.379854,0.481132
31.06,0.638091,0.185741,0.376422,0.48059
31.07,0.635339,0.186953,0.379243,0.474215
31.08,0.635328,0.186635,0.379876,0.473817
31.09,0.631108,0.187094,0.369879,0.475902
31.1,0.630774,0.188445,0.370362,0.474549
31.11,0.621016,0.186135,0.348357,0.47923
31.12,0.613396,0.187292,0.344135,0.471961
31.13,0.616037,0.186657,0.357815,0.465434
31.14,0.629755,0.184145,0.357188,0.484869
31.15,0.62725,0.185567,0.349854,0.486426
31.16,0.627395,0.19588,0.361408,0.473961
31.17,0.634212,0.196368,0.36985,0.476314
31.18,0.632731,0.19381,0.367467,0.477235
31.19,0.63313,0.204467,0.367023,0.473647
31.2,0.635595,0.203943,0.369673,0.475111
31.21,0.639335,0.205312,0.371596,0.478031
31.22,0.612692,0.200427,0.369567,0.445691
31.23,0.605349,0.193433,0.376197,0.433021
31.24,0.632948,0.194292,0.386865,0.461746
31.25,0.64458,0.19535,0.385156,0.478514
31.26,0.642089,0.194374,0.386401,0.474544
31.27,0.650132,0.194199,0.394517,0.478868
31.28,0.651377,0.195882,0.390823,0.482886
31.29,0.651945,0.194352,0.39025,0.484731
31.3,0.649555,0.193884,0.386995,0.484319
31.31,0.642035,0.19653,0.383986,0.475542
31.32,0.629812,0.193269,0.385246,0.459233
31.33,0.625512,0.19675,0.376534,0.459105
31.34,0.632496,0.197958,0.375468,0.468921
31.35,0.649583,0.209863,0.371932,0.489471
31.36,0.649907,0.205063,0.375014,0.489584
31.37,0.656082,0.205516,0.383777,0.490838
31.38,0.666245,0.204336,0.383901,0.504726
31.39,0.66724,0.204481,0.384268,0.505703
31.4,0.670505,0.204436,0.393217,0.503154
31.41,0.657446,0.204014,0.3899,0.488459
31.42,0.654973,0.205925,0.390219,0.48406
31.43,0.657016,0.209097,0.391446,0.484478
31.44,0.652485,0.21114,0.382261,0.484803
31.45,0.658939,0.214054,0.39443,0.4825
31.46,0.665331,0.213947,0.405042,0.482528
31.47,0.666458,0.21558,0.405737,0.482772
31.48,0.67478,0.213709,0.404993,0.495618
31.49,0.675777,0.214683,0.405858,0.495848
31.5,0.680194,0.214925,0.418119,0.491577
31.51,0.661771,0.208512,0.414779,0.471616
31.52,0.653008,0.200841,0.40849,0.468207
31.53,0.648364,0.198843,0.402984,0.467377
31.54,0.648374,0.199362,0.408643,0.462228
31.55,0.640736,0.19847,0.406472,0.453799
31.56,0.645382,0.197318,0.414135,0.453955
31.57,0.644154,0.194395,0.411602,0.455772
31.58,0.644463,0.194892,0.410757,0.456758
31.59,0.649268,0.200562,0.411614,0.460324
31.6,0.65387,0.197479,0.41997,0.460623
31.61,0.663209,0.196924,0.422827,0.47147
31.62,0.670221,0.201108,0.415806,0.485651
31.63,0.673192,0.204963,0.411567,0.491722
31.64,0.663467,0.205789,0.418168,0.472202
31.65,0.664684,0.204053,0.423008,0.470353
31.66,0.665175,0.204121,0.413504,0.479382
31.67,0.660638,0.205417,0.406673,0.478396
31.68,0.659695,0.206647,0.405892,0.477228
31.69,0.662639,0.193069,0.419275,0.475419
31.7,0.660443,0.192421,0.414608,0.476717
31.71,0.653877,0.191403,0.40994,0.47209
31.72,0.659558,0.190549,0.409485,0.480655
31.73,0.659636,0.193139,0.403069,0.485131
31.74,0.640218,0.192048,0.398881,0.462484
31.75,0.638285,0.197508,0.406437,0.450785
31.76,0.656092,0.197248,0.413117,0.469983
31.77,0.662579,0.198506,0.403121,0.486928
31.78,0.658514,0.196807,0.402136,0.482902
31.79,0.667426,0.196134,0.414932,0.484583
31.8,0.679246,0.198217,0.416021,0.499011
31.81,0.691436,0.197184,0.416163,0.515762
31.82,0.694125,0.198295,0.421921,0.514268
31.83,0.694631,0.193858,0.42366,0.515212
31.84,0.688776,0.194781,0.421825,0.508464
31.85,0.671757,0.181513,0.422456,0.489736
31.86,0.671916,0.187767,0.420213,0.489526
31.87,0.668464,0.188256,0.4159,0.488294
31.88,0.653621,0.18301,0.415786,0.469946
31.89,0.656179,0.187245,0.417519,0.470306
31.9,0.651104,0.188705,0.406091,0.47267
31.91,0.655213,0.188748,0.40248,0.481341
31.92,0.661371,0.186914,0.402504,0.490373
31.93,0.65985,0.183831,0.401991,0.48991
31.94,0.666809,0.181519,0.411233,0.492516
31.95,0.662477,0.177833,0.396483,0.500052
31.96,0.659293,0.180075,0.386778,0.502637
31.97,0.660743,0.18181,0.388524,0.502569
31.98,0.655284,0.180421,0.391802,0.493291
31.99,0.665225,0.17947,0.391405,0.507067
32.0,0.668153,0.18132,0.384705,0.51532
32.01,0.661145,0.183382,0.383786,0.506154
32.02,0.66195,0.185519,0.38393,0.506318
32.03,0.66272,0.186377,0.38208,0.508406
32.04,0.658081,0.186089,0.377043,0.506242
32.05,0.659191,0.187351,0.375491,0.508369
32.06,0.664455,0.187225,0.366837,0.52142
32.07,0.676713,0.198732,0.364828,0.534178
32.08,0.685855,0.198719,0.388845,0.528874
32.09,0.688926,0.197924,0.395666,0.528104
32.1,0.69584,0.197919,0.385844,0.544192
32.11,0.697523,0.205216,0.386648,0.543073
32.12,0.685384,0.199472,0.386541,0.529668
32.13,0.679342,0.197344,0.384832,0.523895
32.14,0.688797,0.197291,0.385518,0.535624
32.15,0.689375,0.198126,0.380707,0.539487
32.16,0.682356,0.192561,0.37949,0.533402
32.17,0.692476,0.1906,0.380312,0.546404
32.18,0.700109,0.193641,0.38681,0.550485
32.19,0.696666,0.192456,0.377157,0.553223
32.2,0.701058,0.194831,0.383421,0.553635
32.21,0.715605,0.194871,0.385962,0.570219
32.22,0.714609,0.196234,0.379873,0.572586
32.23,0.711589,0.192871,0.382315,0.568327
32.24,0.712883,0.197784,0.389113,0.563627
32.25,0.704676,0.192866,0.38094,0.560585
32.26,0.688093,0.192825,0.374608,0.544022
32.27,0.680011,0.193839,0.37484,0.533233
32.28,0.694131,0.193505,0.377719,0.549274
32.29,0.690276,0.199762,0.367478,0.549122
32.3,0.677473,0.199747,0.365693,0.534171
32.31,0.672562,0.198184,0.37593,0.521286
32.32,0.683284,0.201994,0.369394,0.538166
32.33,0.681845,0.201572,0.368401,0.53718
32.34,0.681662,0.199498,0.368404,0.537719
32.35,0.691848,0.20049,0.373344,0.546874
32.36,0.703585,0.204549,0.384601,0.552516
32.37,0.704704,0.206313,0.384227,0.553545
32.38,0.717567,0.206965,0.384401,0.569477
32.39,0.724282,0.208996,0.383907,0.577513
32.4,0.728561,0.208172,0.395511,0.575358
32.41,0.728166,0.208004,0.404941,0.568316
32.42,0.721627,0.207379,0.405062,0.560057
32.43,0.723058,0.207185,0.407737,0.560034
32.44,0.726657,0.210644,0.408525,0.56282
32.45,0.73398,0.210726,0.415091,0.567469
32.46,0.729712,0.208057,0.414032,0.56371
32.47,0.731455,0.206212,0.419227,0.562807
32.48,0.741409,0.205841,0.438125,0.561572
32.49,0.735029,0.204953,0.442755,0.549755
32.5,0.733392,0.213673,0.446212,0.54139
32.51,0.743139,0.212904,0.456218,0.546618
32.52,0.751215,0.213035,0.456329,0.557408
32.53,0.757806,0.212525,0.467956,0.556884
32.54,0.767517,0.214771,0.480281,0.558825
32.55,0.773153,0.216475,0.488019,0.559233
32.56,0.764574,0.21626,0.488991,0.546527
32.57,0.762179,0.207029,0.502112,0.534732
32.58,0.752593,0.212842,0.483614,0.535922
32.59,0.746479,0.210899,0.479052,0.532223
32.6,0.744841,0.211437,0.493464,0.51631
32.61,0.740504,0.205969,0.495349,0.510444
32.62,0.756136,0.206982,0.497851,0.530136
32.63,0.755006,0.206794,0.497459,0.528966
32.64,0.748742,0.207259,0.499643,0.517702
32.65,0.745779,0.207043,0.499953,0.513193
32.66,0.743612,0.204342,0.499946,0.511133
32.67,0.733512,0.20433,0.498482,0.4978
32.68,0.742744,0.202153,0.493905,0.516586
32.69,0.749115,0.205023,0.494268,0.52425
32.7,0.75314,0.203212,0.501176,0.524163
32.71,0.747729,0.203181,0.509551,0.508109
32.72,0.747945,0.20185,0.509617,0.508889
32.73,0.747874,0.204069,0.506725,0.510785
32.74,0.740789,0.199854,0.49793,0.510777
32.75,0.745551,0.19962,0.506351,0.509517
32.76,0.745504,0.199615,0.506049,0.509749
32.77,0.742386,0.197642,0.510234,0.501733
32.78,0.74399,0.197659,0.511647,0.502662
32.79,0.753811,0.200276,0.508004,0.519665
32.8,0.755351,0.198269,0.509296,0.521404
32.81,0.75345,0.198673,0.507825,0.519932
32.82,0.739089,0.194118,0.507331,0.501185
32.83,0.745441,0.196295,0.506875,0.510126
32.84,0.743523,0.19781,0.507438,0.506167
32.85,0.731956,0.195013,0.502846,0.494849
32.86,0.72291,0.186915,0.497937,0.489612
32.87,0.721397,0.184259,0.498859,0.487444
32.88,0.718229,0.185061,0.50819,0.472596
32.89,0.719402,0.176961,0.507226,0.478483
32.9,0.720531,0.182916,0.497834,0.487717
32.91,0.71576,0.18279,0.490733,0.487935
32.92,0.7159,0.183037,0.491624,0.487151
32.93,0.724081,0.184901,0.493098,0.496949
32.94,0.719831,0.187258,0.485689,0.49719
32.95,0.708218,0.187195,0.47925,0.486673
32.96,0.711626,0.18724,0.486724,0.484203
32.97,0.704865,0.187277,0.477041,0.483935
32.98,0.691292,0.188025,0.459436,0.481092
32.99,0.696479,0.196145,0.454821,0.48964
33.0,0.696924,0.182972,0.449993,0.49973
33.01,0.687948,0.185539,0.44246,0.493029
33.02,0.678562,0.185827,0.443839,0.478457
33.03,0.678818,0.186901,0.443074,0.47911
33.04,0.683052,0.1897,0.428742,0.496744
33.05,0.677473,0.187225,0.423449,0.494578
33.06,0.678195,0.187268,0.424413,0.494725
33.07,0.668006,0.18565,0.411505,0.492372
33.08,0.668393,0.179479,0.411766,0.49496
33.09,0.669272,0.178203,0.412357,0.496116
33.1,0.667062,0.177423,0.396861,0.505959
33.11,0.657887,0.179415,0.391005,0.497734
33.12,0.638451,0.180082,0.387383,0.474472
33.13,0.636409,0.185706,0.382251,0.473724
33.14,0.648921,0.185114,0.373529,0.4973
33.15,0.671224,0.191222,0.380002,0.519205
33.16,0.674078,0.191375,0.383885,0.519989
33.17,0.677785,0.191699,0.392678,0.518119
33.18,0.668488,0.188271,0.392853,0.507047
33.19,0.658165,0.185965,0.388941,0.497316
33.2,0.649761,0.189167,0.375812,0.495147
33.21,0.641755,0.188767,0.367459,0.491111
33.22,0.63837,0.188624,0.372664,0.482762
33.23,0.638892,0.187188,0.372016,0.484508
33.24,0.642053,0.187008,0.369206,0.490863
33.25,0.643178,0.188624,0.358645,0.499472
33.26,0.648768,0.192502,0.361572,0.503099
33.27,0.648644,0.193217,0.358926,0.504557
33.28,0.634241,0.19318,0.354887,0.488875
33.29,0.635159,0.191644,0.358749,0.487851
33.3,0.630235,0.193152,0.351201,0.48636
33.31,0.626062,0.192101,0.345576,0.485415
33.32,0.640665,0.192977,0.360312,0.493343
33.33,0.648526,0.191702,0.359544,0.504544
33.34,0.657771,0.191345,0.368892,0.509871
33.35,0.665639,0.191613,0.382844,0.509696
33.36,0.663158,0.195787,0.375218,0.510547
33.37,0.660954,0.196045,0.369383,0.511843
33.38,0.651755,0.198561,0.356417,0.508257
33.39,0.642853,0.198559,0.35977,0.494368
33.4,0.634337,0.192293,0.35937,0.486066
33.41,0.636464,0.195338,0.359642,0.487429
33.42,0.638382,0.197126,0.362581,0.487039
33.43,0.62829,0.195823,0.352183,0.482047
33.44,0.626679,0.190436,0.354005,0.480771
33.45,0.628418,0.190324,0.360164,0.478506
33.46,0.628215,0.190298,0.358035,0.479845
33.47,0.633018,0.189498,0.359361,0.48545
33.48,0.629587,0.188878,0.352551,0.486223
33.49,0.624228,0.182692,0.356567,0.478691
33.5,0.617808,0.182443,0.355014,0.471558
33.51,0.626434,0.17961,0.356819,0.482535
33.52,0.639876,0.184195,0.36869,0.48947
33.53,0.640049,0.184086,0.371341,0.487731
33.54,0.623768,0.178292,0.372186,0.467735
33.55,0.629679,0.178494,0.370927,0.476497
33.56,0.628867,0.179013,0.369063,0.476677
33.57,0.631478,0.17803,0.373896,0.476731
33.58,0.63114,0.177345,0.379202,0.472327
33.59,0.632849,0.178273,0.379332,0.474155
33.6,0.62438,0.178257,0.379474,0.462682
33.61,0.629313,0.173088,0.379613,0.471136
33.62,0.630769,0.171566,0.380257,0.473116
33.63,0.641805,0.170164,0.397343,0.474422
33.64,0.627091,0.170171,0.402744,0.449535
33.65,0.612456,0.163033,0.403921,0.430547
33.66,0.613128,0.167767,0.400833,0.432566
33.67,0.612717,0.167451,0.399677,0.433174
33.68,0.614322,0.169945,0.413093,0.421741
33.69,0.629271,0.17262,0.420468,0.435191
33.7,0.634286,0.177771,0.415011,0.445513
33.71,0.63357,0.177738,0.413913,0.445529
33.72,0.63336,0.175839,0.41707,0.443033
33.73,0.631263,0.174966,0.417019,0.440426
33.74,0.627542,0.174985,0.417239,0.434857
33.75,0.62145,0.174207,0.417523,0.426059
33.76,0.619164,0.169802,0.419639,0.422416
33.77,0.620044,0.169065,0.415966,0.427603
33.78,0.617998,0.171512,0.416882,0.422746
33.79,0.600061,0.16349,0.41362,0.402818
33.8,0.603874,0.165508,0.41529,0.405962
33.81,0.604318,0.165222,0.415814,0.406203
33.82,0.591906,0.172499,0.403438,0.397284
33.83,0.577458,0.171142,0.403515,0.375957
33.84,0.569745,0.173791,0.394241,0.372801
33.85,0.561377,0.175304,0.382706,0.371415
33.86,0.561394,0.171471,0.383903,0.371994
33.87,0.58155,0.176232,0.383984,0.399624
33.88,0.586841,0.171409,0.384036,0.40929
33.89,0.591091,0.172011,0.391074,0.408488
33.9,0.606232,0.172018,0.40575,0.416286
33.91,0.61943,0.169826,0.406801,0.435161
33.92,0.622447,0.166679,0.402957,0.444167
33.93,0.618968,0.166936,0.40325,0.438911
33.94,0.617326,0.165511,0.404207,0.43625
33.95,0.621417,0.165241,0.399043,0.446787
33.96,0.620905,0.170815,0.391878,0.450307
33.97,0.625915,0.170938,0.404287,0.446208
33.98,0.632233,0.176537,0.402377,0.454584
33.99,0.63811,0.174531,0.400668,0.464961
34.0,0.640495,0.17667,0.402198,0.466111
34.01,0.630815,0.17685,0.400042,0.454553
34.02,0.616031,0.171875,0.385787,0.448465
34.03,0.625358,0.175435,0.373632,0.469781
34.04,0.625031,0.178327,0.368532,0.472279
34.05,0.616511,0.177867,0.365925,0.463194
34.06,0.623262,0.177846,0.372354,0.467097
34.07,0.640876,0.182119,0.374621,0.487045
34.08,0.642608,0.182123,0.367583,0.494631
34.09,0.640163,0.180886,0.367812,0.491735
34.1,0.646742,0.180751,0.374173,0.495579
34.11,0.647234,0.18004,0.376912,0.494404
34.12,0.648321,0.181016,0.376446,0.495824
34.13,0.636701,0.178491,0.359233,0.494451
34.14,0.635916,0.17888,0.3545,0.49671
34.15,0.641004,0.178638,0.351366,0.505486
34.16,0.64721,0.179752,0.353363,0.511571
34.17,0.646942,0.180434,0.351964,0.511956
34.18,0.642002,0.181282,0.340909,0.512917
34.19,0.634139,0.178961,0.331994,0.509789
34.2,0.6312,0.172631,0.332093,0.508259
34.21,0.627793,0.172918,0.325368,0.508291
34.22,0.624173,0.173621,0.319667,0.507208
34.23,0.650859,0.180321,0.328099,0.532403
34.24,0.663485,0.184411,0.328496,0.546164
34.25,0.667369,0.184944,0.335721,0.546323
34.26,0.677521,0.187197,0.349589,0.549345
34.27,0.684848,0.188574,0.350958,0.557032
34.28,0.691615,0.186555,0.349057,0.567176
34.29,0.689868,0.186966,0.349251,0.564787
34.3,0.69141,0.183213,0.356143,0.563599
34.31,0.692809,0.183405,0.350816,0.568572
34.32,0.698684,0.181283,0.350756,0.576425
34.33,0.700803,0.188851,0.355383,0.573727
34.34,0.705405,0.184789,0.365794,0.574147
34.35,0.713002,0.183331,0.367724,0.582701
34.36,0.722163,0.19408,0.367722,0.590451
34.37,0.708984,0.194204,0.372461,0.571153
34.38,0.70673,0.196155,0.376538,0.564987
34.39,0.702878,0.195621,0.369555,0.564976
34.4,0.695483,0.201521,0.353306,0.564146
34.41,0.681896,0.201045,0.353672,0.547247
34.42,0.680712,0.201011,0.361497,0.540633
34.43,0.690927,0.201776,0.364172,0.551403
34.44,0.691205,0.20264,0.361328,0.553303
34.45,0.685584,0.20327,0.360901,0.546313
34.46,0.687882,0.199755,0.373483,0.542024
34.47,0.687917,0.200351,0.364149,0.548165
34.48,0.691616,0.195632,0.373149,0.548471
34.49,0.684609,0.20024,0.372197,0.538575
34.5,0.682906,0.19684,0.376249,0.534837
34.51,0.684883,0.19935,0.378459,0.534877
34.52,0.69044,0.202953,0.377507,0.541299
34.53,0.678154,0.206607,0.376236,0.525027
34.54,0.681731,0.203668,0.386784,0.523139
34.55,0.688306,0.203577,0.398727,0.522817
34.56,0.687329,0.203989,0.392491,0.52608
34.57,0.67132,0.201118,0.385421,0.51154
34.58,0.667166,0.201543,0.385029,0.506205
34.59,0.669677,0.203986,0.386064,0.507752
34.6,0.66397,0.203934,0.379725,0.505051
34.61,0.658228,0.204138,0.378398,0.498404
34.62,0.661804,0.208172,0.38627,0.495422
34.63,0.666809,0.206785,0.395554,0.495389
34.64,0.664791,0.208317,0.394884,0.492562
34.65,0.655566,0.20833,0.39323,0.481388
34.66,0.650391,0.204007,0.397682,0.472481
34.67,0.648773,0.205467,0.395199,0.471706
34.68,0.645724,0.206285,0.393123,0.468892
34.69,0.643799,0.208441,0.398862,0.460367
34.7,0.638651,0.207836,0.399707,0.452674
34.71,0.647063,0.209128,0.410846,0.454051
34.72,0.646858,0.208807,0.41063,0.454101
34.73,0.623869,0.202979,0.403866,0.430005
34.74,0.613255,0.199186,0.402825,0.417299
34.75,0.612693,0.20039,0.403793,0.414955
34.76,0.604261,0.198333,0.395479,0.411572
34.77,0.594669,0.196266,0.394545,0.399307
34.78,0.58667,0.195885,0.39449,0.387542
34.79,0.588436,0.194861,0.397252,0.387913
34.8,0.583401,0.195643,0.390357,0.386913
34.81,0.590203,0.196075,0.400325,0.386825
34.82,0.582947,0.191106,0.400408,0.378126
34.83,0.587554,0.186481,0.411205,0.375971
34.84,0.580146,0.185906,0.402844,0.373798
34.85,0.577437,0.187209,0.403716,0.367967
34.86,0.572768,0.178998,0.402619,0.365952
34.87,0.575598,0.173924,0.411363,0.363103
34.88,0.573616,0.172498,0.408962,0.363359
34.89,0.570963,0.172155,0.405049,0.363726
34.9,0.572659,0.170924,0.405454,0.366511
34.91,0.574258,0.171272,0.407378,0.366717
34.92,0.572528,0.173331,0.404017,0.366762
34.93,0.560361,0.171519,0.401206,0.351595
34.94,0.559676,0.173556,0.400801,0.349964
34.95,0.558879,0.173365,0.40242,0.346912
34.96,0.559425,0.17286,0.402929,0.347453
34.97,0.555091,0.17254,0.397919,0.346434
34.98,0.552848,0.177244,0.38956,0.349956
34.99,0.554406,0.171295,0.393765,0.350676
35.0,0.554321,0.171168,0.393997,0.350343
35.01,0.565245,0.168985,0.3923,0.370198
35.02,0.564622,0.165761,0.392494,0.370499
35.03,0.56659,0.163188,0.400465,0.36609
35.04,0.566038,0.168175,0.39807,0.365589
35.05,0.563621,0.167727,0.382999,0.377953
35.06,0.563502,0.168741,0.384262,0.376036
35.07,0.569033,0.175362,0.393779,0.371463
35.08,0.570984,0.174525,0.398347,0.369977
35.09,0.578268,0.172293,0.396443,0.384112
35.1,0.598061,0.176907,0.398012,0.409838
35.11,0.607732,0.177817,0.404859,0.416904
35.12,0.606462,0.177426,0.399692,0.420193
35.13,0.614649,0.178034,0.389179,0.441177
35.14,0.637475,0.179898,0.391204,0.470075
35.15,0.643068,0.181078,0.39477,0.47424
35.16,0.640148,0.183291,0.387239,0.475646
35.17,0.648433,0.181667,0.382502,0.491075
35.18,0.664103,0.183415,0.382907,0.51066
35.19,0.659909,0.179729,0.378368,0.509917
35.2,0.662144,0.181616,0.38114,0.510081
35.21,0.676029,0.184107,0.370489,0.534656
35.22,0.699387,0.188026,0.369282,0.5634
35.23,0.703729,0.18755,0.377802,0.563316
35.24,0.710626,0.189926,0.38924,0.563391
35.25,0.723261,0.187714,0.381701,0.584957
35.26,0.733256,0.18983,0.372407,0.602447
35.27,0.732978,0.190017,0.376527,0.599481
35.28,0.732256,0.190271,0.376489,0.598541
35.29,0.741172,0.189275,0.380689,0.607113
35.3,0.744106,0.189174,0.380794,0.610659
35.31,0.73527,0.189258,0.370493,0.606249
35.32,0.733807,0.189321,0.370518,0.604439
35.33,0.736235,0.186614,0.361495,0.613627
35.34,0.742379,0.192062,0.361357,0.619403
35.35,0.742021,0.191037,0.365835,0.616656
35.36,0.737412,0.193048,0.36627,0.610209
35.37,0.737968,0.192074,0.356088,0.617176
35.38,0.740525,0.193774,0.354617,0.620544
35.39,0.740091,0.195567,0.354771,0.619376
35.4,0.734929,0.195869,0.355384,0.612746
35.41,0.740961,0.19591,0.352666,0.621506
35.42,0.741075,0.193794,0.349017,0.624358
35.43,0.745907,0.195611,0.357441,0.62478
35.44,0.745348,0.195074,0.360139,0.622728
35.45,0.755414,0.196544,0.358482,0.635225
35.46,0.750626,0.196282,0.343821,0.63773
35.47,0.74808,0.196292,0.347379,0.632789
35.48,0.741967,0.192378,0.347331,0.626791
35.49,0.746216,0.193046,0.343526,0.633688
35.5,0.747964,0.194268,0.341317,0.636563
35.51,0.746659,0.194389,0.351085,0.629644
35.52,0.746051,0.196052,0.351141,0.628375
35.53,0.750517,0.197131,0.343097,0.637731
35.54,0.750258,0.193086,0.336631,0.642094
35.55,0.745883,0.192673,0.338887,0.635904
35.561,0.743163,0.194951,0.337794,0.632599
35.57,0.743306,0.187699,0.34284,0.632244
35.58,0.744517,0.196005,0.338899,0.633273
35.59,0.749679,0.213645,0.336884,0.634731
35.6,0.735805,0.210502,0.339304,0.618037
35.61,0.726604,0.208867,0.328919,0.613303
35.62,0.729013,0.205717,0.330201,0.616528
35.63,0.729366,0.205881,0.329262,0.617394
35.646,0.711909,0.2032,0.32671,0.598987
35.652,0.714034,0.204489,0.333363,0.59741
35.66,0.71788,0.2007,0.338687,0.600301
35.67,0.710938,0.200023,0.338625,0.592248
35.68,0.695259,0.199431,0.338351,0.573699
35.69,0.69429,0.199446,0.334605,0.574716
35.7,0.6923,0.197036,0.331677,0.574844
35.71,0.675662,0.192745,0.336551,0.553265
35.72,0.654231,0.202168,0.336554,0.523333
35.73,0.654499,0.202351,0.326878,0.529692
35.74,0.650659,0.204017,0.313945,0.53214
35.75,0.633841,0.208898,0.312607,0.510287
35.76,0.619457,0.21181,0.31344,0.490529
35.77,0.630258,0.213072,0.30997,0.505711
35.78,0.637215,0.213097,0.310718,0.513894
35.79,0.631013,0.213982,0.311894,0.505085
35.8,0.640208,0.213813,0.333318,0.50304
35.81,0.651546,0.212864,0.335712,0.516235
35.82,0.652677,0.212331,0.335768,0.517844
35.83,0.645255,0.212674,0.331429,0.511154
35.84,0.637019,0.209161,0.331198,0.502347
35.85,0.632344,0.210098,0.324148,0.500645
35.86,0.630692,0.205122,0.324415,0.500452
35.87,0.633933,0.205056,0.32237,0.505866
35.88,0.635796,0.209932,0.323605,0.505416
35.89,0.640492,0.210451,0.332782,0.505169
35.9,0.639534,0.207568,0.331406,0.506052
35.91,0.642732,0.208011,0.330622,0.510417
35.92,0.649786,0.215754,0.332313,0.515014
35.93,0.648234,0.214569,0.332489,0.513438
35.94,0.64637,0.212902,0.336629,0.509065
35.95,0.64306,0.21519,0.337379,0.503384
35.96,0.646481,0.217703,0.343654,0.502439
35.97,0.648276,0.217464,0.339709,0.507513
35.98,0.652028,0.218603,0.340522,0.511272
35.99,0.645671,0.218004,0.341263,0.502896
36.0,0.643138,0.217747,0.340615,0.500194
36.01,0.647007,0.216929,0.335754,0.508753
36.02,0.647883,0.213712,0.33681,0.510528
36.03,0.640587,0.211081,0.342473,0.498507
36.04,0.635836,0.211824,0.339645,0.494023
36.05,0.641196,0.214517,0.338269,0.500689
36.06,0.650396,0.213284,0.338417,0.512834
36.07,0.652706,0.215547,0.334712,0.517235
36.08,0.65212,0.210137,0.337306,0.517038
36.09,0.644167,0.193937,0.339744,0.511775
36.1,0.641465,0.196346,0.336296,0.509736
36.11,0.64615,0.19902,0.336364,0.514549
36.12,0.644151,0.202828,0.336078,0.510728
36.13,0.642984,0.203044,0.356143,0.495342
36.14,0.646443,0.202383,0.371565,0.488743
36.15,0.649162,0.202099,0.360175,0.500841
36.16,0.647074,0.204025,0.35619,0.500207
36.17,0.648315,0.203589,0.3599,0.499335
36.18,0.647833,0.201212,0.360214,0.499447
36.19,0.646015,0.201298,0.361525,0.496099
36.2,0.64746,0.201191,0.36408,0.496158
36.21,0.648348,0.200673,0.359659,0.50073
36.22,0.646267,0.189471,0.364161,0.499147
36.23,0.635527,0.189687,0.36356,0.485529
36.24,0.630604,0.186171,0.363648,0.480377
36.25,0.637386,0.179277,0.364114,0.491469
36.26,0.639198,0.183059,0.365704,0.491248
36.27,0.626836,0.182284,0.368568,0.473131
36.28,0.621927,0.186696,0.368098,0.465234
36.29,0.619584,0.192615,0.358485,0.467197
36.3,0.606888,0.193578,0.339886,0.464024
36.31,0.612489,0.197323,0.339372,0.470141
36.32,0.628818,0.202506,0.352265,0.479909
36.33,0.630078,0.201146,0.358893,0.477216
36.34,0.631667,0.201074,0.361778,0.477168
36.35,0.634423,0.203067,0.359442,0.481723
36.36,0.632289,0.20338,0.357532,0.480205
36.37,0.624924,0.205074,0.355046,0.471611
36.38,0.619981,0.19838,0.354685,0.46821
36.39,0.622056,0.197033,0.35888,0.468334
36.4,0.620824,0.194535,0.358774,0.467825
36.41,0.618374,0.192134,0.371509,0.455468
36.42,0.609407,0.185371,0.37132,0.446246
36.43,0.605606,0.185408,0.364735,0.446487
36.44,0.604345,0.185417,0.360903,0.447886
36.45,0.600034,0.180413,0.36795,0.438298
36.46,0.59479,0.179044,0.361527,0.437054
36.47,0.593516,0.179141,0.365595,0.431868
36.48,0.588345,0.182811,0.366008,0.422809
36.49,0.588471,0.183115,0.367903,0.421206
36.5,0.593418,0.183986,0.367656,0.427929
36.51,0.59877,0.195282,0.363806,0.433631
36.52,0.598203,0.198582,0.365596,0.429826
36.53,0.596491,0.194966,0.365879,0.428862
36.54,0.599876,0.194683,0.372399,0.428099
36.55,0.594656,0.193504,0.371204,0.42235
36.561,0.585672,0.187608,0.376115,0.407863
36.57,0.590161,0.186815,0.364374,0.424996
36.58,0.591334,0.186849,0.361781,0.42881
36.59,0.588104,0.189107,0.364053,0.421391
36.6,0.591676,0.186498,0.370601,0.421846
36.61,0.592598,0.182816,0.371221,0.424199
36.62,0.584,0.178281,0.36599,0.418715
36.63,0.577805,0.178125,0.348345,0.425189
36.64,0.569758,0.183438,0.330708,0.426154
36.65,0.559931,0.180316,0.335348,0.410549
36.66,0.556707,0.186676,0.334556,0.403916
36.67,0.557892,0.186936,0.332155,0.407395
36.68,0.567431,0.197017,0.331007,0.41665
36.69,0.570559,0.198144,0.336987,0.415591
36.7,0.574282,0.200075,0.342683,0.415136
36.71,0.579441,0.200784,0.35061,0.415344
36.72,0.583916,0.205576,0.350395,0.419428
36.73,0.591327,0.205472,0.355188,0.425783
36.74,0.602326,0.207173,0.357005,0.438661
36.75,0.596947,0.208627,0.357191,0.430389
36.76,0.60384,0.202268,0.372851,0.429758
36.77,0.61594,0.202008,0.373941,0.445807
36.78,0.629997,0.201371,0.375903,0.463728
36.79,0.636725,0.208446,0.382074,0.464746
36.8,0.640965,0.208886,0.38964,0.464094
36.81,0.622926,0.205917,0.389438,0.440425
36.82,0.612411,0.202634,0.388018,0.428286
36.83,0.611059,0.214011,0.379432,0.428514
36.84,0.614167,0.213736,0.376661,0.435482
36.85,0.61746,0.215711,0.376006,0.43971
36.86,0.618299,0.216111,0.376654,0.440138
36.87,0.614926,0.215877,0.376682,0.435479
36.88,0.625356,0.219962,0.376356,0.448378
36.89,0.630643,0.220293,0.36778,0.462515
36.9,0.636772,0.221679,0.378163,0.461877
36.91,0.638804,0.221673,0.385809,0.458348
36.92,0.639694,0.223785,0.383113,0.460817
36.93,0.640338,0.223684,0.383593,0.461362
36.94,0.641125,0.223868,0.384088,0.461953
36.95,0.64085,0.224463,0.381424,0.463488
36.96,0.646335,0.224542,0.390775,0.463276
36.97,0.654371,0.224675,0.403295,0.463762
36.98,0.656672,0.222263,0.401687,0.469536
36.99,0.65719,0.223291,0.39895,0.4721
37.0,0.668587,0.228245,0.422398,0.465287
37.01,0.660935,0.222216,0.434825,0.445402
37.02,0.655717,0.223475,0.432515,0.439266
37.03,0.656514,0.225432,0.431831,0.440128
37.04,0.65674,0.225917,0.426908,0.444993
37.05,0.663096,0.225206,0.426812,0.454764
37.06,0.664284,0.228517,0.424985,0.456553
37.07,0.656658,0.232403,0.43258,0.435963
37.08,0.656457,0.232436,0.435953,0.432266
37.09,0.657775,0.233077,0.43212,0.43774
37.1,0.657113,0.232702,0.432645,0.436425
37.11,0.654375,0.23277,0.432254,0.432644
37.12,0.654781,0.234352,0.432116,0.432542
37.13,0.653676,0.234941,0.436064,0.426548
37.14,0.654021,0.231173,0.441139,0.42391
37.15,0.652587,0.232777,0.437385,0.424711
37.16,0.651885,0.225698,0.43998,0.424773
37.17,0.647975,0.22562,0.438892,0.41993
37.18,0.640233,0.220467,0.438644,0.410955
37.19,0.643978,0.218163,0.440016,0.416531
37.2,0.64225,0.215295,0.436884,0.418647
37.21,0.634641,0.216764,0.429955,0.413427
37.22,0.629429,0.216195,0.425616,0.410234
37.23,0.630407,0.218584,0.421787,0.414402
37.24,0.624272,0.222764,0.420906,0.403647
37.25,0.621259,0.222521,0.420628,0.399399
37.26,0.612978,0.228953,0.407324,0.39675
37.27,0.599933,0.229396,0.40177,0.38194
37.28,0.584454,0.227177,0.400059,0.360457
37.29,0.578548,0.218469,0.39716,0.359518
37.3,0.584381,0.220167,0.391673,0.373657
37.31,0.582045,0.218082,0.389516,0.373488
37.32,0.581463,0.220881,0.386789,0.373771
37.33,0.580371,0.212625,0.387575,0.37604
37.34,0.579447,0.212502,0.387031,0.375245
37.35,0.572637,0.204946,0.391039,0.36469
37.36,0.573812,0.206536,0.391687,0.364944
37.37,0.575174,0.208662,0.39237,0.365146
37.38,0.574533,0.207503,0.397849,0.358813
37.39,0.570196,0.207036,0.398691,0.351148
37.4,0.568271,0.208945,0.3934,0.35286
37.41,0.559644,0.210983,0.378546,0.354106
37.42,0.568713,0.207634,0.393405,0.354337
37.43,0.577926,0.210835,0.394588,0.365851
37.44,0.574527,0.210245,0.392647,0.362914
37.45,0.580938,0.210605,0.397086,0.368044
37.46,0.577326,0.208496,0.387501,0.373734
37.47,0.564014,0.208571,0.369807,0.371286
37.48,0.569648,0.207953,0.386008,0.363665
37.49,0.574636,0.207261,0.390218,0.367395
37.5,0.559982,0.198432,0.368396,0.372141
37.51,0.548018,0.192916,0.352068,0.373036
37.52,0.554707,0.190903,0.363596,0.372898
37.53,0.553393,0.190868,0.359256,0.375164
37.54,0.561536,0.192226,0.357951,0.387613
37.55,0.574221,0.20246,0.36005,0.398878
37.561,0.586518,0.200758,0.381359,0.397826
37.57,0.594787,0.197885,0.390651,0.402499
37.58,0.604535,0.199009,0.393066,0.413954
37.59,0.612528,0.196848,0.392566,0.427005
37.6,0.615442,0.19691,0.39715,0.426928
37.61,0.617147,0.196889,0.403562,0.42337
37.62,0.617211,0.196387,0.403018,0.424215
37.63,0.621846,0.1952,0.401802,0.432602
37.64,0.624319,0.198453,0.400699,0.435696
37.65,0.63153,0.194353,0.41572,0.433859
37.66,0.63068,0.197925,0.412425,0.434152
37.67,0.636697,0.197932,0.418286,0.437313
37.68,0.638393,0.198111,0.420743,0.437348
37.69,0.638508,0.198647,0.414945,0.442778
37.7,0.64603,0.200128,0.412249,0.455362
37.71,0.656226,0.198452,0.429122,0.455087
37.72,0.665039,0.196613,0.444332,0.454081
37.73,0.661698,0.192664,0.44566,0.44957
37.74,0.660738,0.182473,0.447421,0.450658
37.75,0.660652,0.182742,0.446574,0.451262
37.76,0.660451,0.174192,0.448099,0.452836
37.77,0.664573,0.173945,0.446696,0.460286
37.78,0.673127,0.172266,0.447799,0.472123
37.79,0.688507,0.182614,0.467031,0.471779
37.8,0.68361,0.178896,0.471055,0.461981
37.81,0.68502,0.18119,0.470993,0.463236
37.82,0.677852,0.177609,0.46215,0.462985
37.83,0.678533,0.186492,0.462325,0.460308
37.84,0.681885,0.189243,0.46184,0.464605
37.85,0.684382,0.192655,0.456328,0.472257
37.86,0.686711,0.191714,0.460023,0.472437
37.87,0.688181,0.190421,0.462945,0.472244
37.88,0.686539,0.190677,0.459407,0.473205
37.89,0.685597,0.195188,0.454538,0.4747
37.9,0.683082,0.19284,0.452469,0.47401
37.91,0.695929,0.192057,0.470619,0.475342
37.92,0.688962,0.191557,0.454361,0.481176
37.93,0.69401,0.187475,0.45377,0.490507
37.94,0.699827,0.195462,0.45441,0.49504
37.95,0.702463,0.195307,0.463004,0.490852
37.96,0.700944,0.201174,0.462945,0.486347
37.97,0.705647,0.201887,0.463028,0.492732
37.98,0.708829,0.204931,0.458022,0.500656
37.99,0.706035,0.20511,0.457794,0.49683
38.0,0.700561,0.2049,0.453634,0.492968
38.01,0.702003,0.203293,0.456902,0.492667
38.02,0.706123,0.203501,0.449095,0.50548
38.03,0.706911,0.201737,0.44916,0.507228
38.04,0.69768,0.200177,0.452431,0.491927
38.05,0.686157,0.185883,0.455776,0.478044
38.06,0.673999,0.189649,0.439141,0.474829
38.07,0.665356,0.193735,0.424464,0.474338
38.08,0.654816,0.196802,0.41981,0.462399
38.09,0.644722,0.194306,0.420022,0.44888
38.1,0.64059,0.194696,0.409901,0.45214
38.11,0.63744,0.195008,0.404302,0.452594
38.12,0.651811,0.202171,0.408401,0.46604
38.13,0.646306,0.208212,0.402546,0.460777
38.14,0.643349,0.205301,0.402461,0.458011
38.15,0.650483,0.205812,0.413458,0.458064
38.16,0.657394,0.203482,0.413356,0.468933
38.17,0.659622,0.205414,0.405743,0.477786
38.18,0.668489,0.20754,0.409633,0.485805
38.19,0.666883,0.206889,0.418055,0.476613
38.2,0.657947,0.210623,0.418399,0.462034
38.21,0.64756,0.210215,0.397211,0.466227
38.22,0.653942,0.212068,0.384049,0.484947
38.23,0.651465,0.212363,0.381192,0.483737
38.24,0.646784,0.212696,0.380559,0.47777
38.25,0.652572,0.21274,0.389357,0.478533
38.26,0.666593,0.212728,0.390871,0.496299
38.27,0.682972,0.214333,0.389931,0.518137
38.28,0.694777,0.225713,0.398249,0.522652
38.29,0.679039,0.217531,0.372468,0.524444
38.3,0.684129,0.219186,0.376203,0.527693
38.31,0.696101,0.218412,0.376676,0.543109
38.32,0.708124,0.222792,0.373665,0.558729
38.33,0.715328,0.217669,0.375779,0.568423
38.34,0.711171,0.21494,0.380216,0.561249
38.35,0.71584,0.213989,0.393188,0.558604
38.36,0.724754,0.214236,0.384102,0.576054
38.37,0.745993,0.217565,0.383436,0.601787
38.38,0.758256,0.222942,0.397033,0.606311
38.39,0.75984,0.218034,0.407593,0.603065
38.4,0.767159,0.223625,0.410001,0.608625
38.41,0.771165,0.22507,0.397962,0.621019
38.42,0.783449,0.226116,0.400072,0.634513
38.43,0.772416,0.225885,0.399866,0.621055
38.44,0.769676,0.218531,0.402279,0.618723
38.45,0.770337,0.218473,0.395971,0.623615
38.46,0.792334,0.217092,0.397603,0.650059
38.47,0.805207,0.220388,0.400811,0.662675
38.48,0.812387,0.224209,0.417414,0.6599
38.49,0.818989,0.223959,0.427623,0.661607
38.5,0.82486,0.224875,0.428238,0.66816
38.51,0.835828,0.226142,0.427702,0.681571
38.52,0.834576,0.229751,0.428252,0.678477
38.53,0.831687,0.229892,0.428557,0.674679
38.54,0.829858,0.229729,0.425879,0.674179
38.55,0.834268,0.229721,0.422892,0.681465
38.561,0.84259,0.228987,0.421768,0.692557
38.57,0.842497,0.225506,0.423646,0.692439
38.58,0.853568,0.220984,0.448595,0.691742
38.59,0.861869,0.220676,0.460602,0.694238
38.6,0.86954,0.220334,0.460849,0.703684
38.61,0.87345,0.221315,0.461383,0.707856
38.62,0.869346,0.216726,0.468999,0.699165
38.628,0.867318,0.217902,0.46881,0.696402
38.64,0.865223,0.217857,0.463732,0.69721
38.648,0.864917,0.218375,0.446506,0.707832
38.659,0.86454,0.219152,0.447065,0.706778
38.67,0.861218,0.21746,0.454464,0.698477
38.679,0.856994,0.21348,0.455014,0.694137
38.689,0.868415,0.213953,0.451412,0.71035
38.699,0.882948,0.208891,0.450578,0.730029
38.709,0.886847,0.210292,0.456481,0.730685
38.719,0.881281,0.208373,0.463872,0.719763
38.729,0.882245,0.211243,0.464766,0.719531
38.739,0.892553,0.211236,0.461633,0.734114
38.749,0.894993,0.221192,0.453989,0.738905
38.759,0.886415,0.2262,0.454706,0.726503
38.769,0.872336,0.227047,0.460146,0.705468
38.779,0.861572,0.216464,0.456697,0.697766
38.789,0.869445,0.217586,0.451553,0.710417
38.799,0.875231,0.216589,0.446017,0.721241
38.809,0.867304,0.216165,0.449877,0.709295
38.819,0.863204,0.211149,0.462584,0.697533
38.829,0.861266,0.208967,0.464372,0.694602
38.839,0.86831,0.20888,0.462532,0.704554
38.85,0.861708,0.210602,0.453149,0.702028
38.859,0.854943,0.211251,0.461146,0.688219
38.869,0.83634,0.209935,0.462527,0.664426
38.879,0.826013,0.202795,0.451465,0.661326
38.889,0.820015,0.205717,0.438838,0.661458
38.899,0.816491,0.19796,0.44331,0.656464
38.909,0.807972,0.200854,0.447535,0.642019
38.919,0.794552,0.200209,0.44708,0.625578
38.93,0.797104,0.201777,0.444255,0.630317
38.939,0.798474,0.200429,0.438596,0.636415
38.95,0.791635,0.199738,0.436917,0.6292
38.959,0.770111,0.198056,0.436664,0.602636
38.969,0.751001,0.192759,0.433135,0.582444
38.979,0.740892,0.186776,0.420768,0.580508
38.99,0.735253,0.187608,0.407411,0.582594
38.999,0.741327,0.185769,0.405674,0.592017
39.009,0.75005,0.192587,0.409612,0.598082
39.019,0.753485,0.190354,0.41647,0.598379
39.029,0.765461,0.194683,0.426712,0.604934
39.039,0.779951,0.191712,0.430685,0.621354
39.049,0.802863,0.202534,0.431647,0.645949
39.06,0.804966,0.203867,0.434409,0.646295
39.069,0.805333,0.203596,0.439924,0.6431
39.079,0.794592,0.203603,0.42038,0.642808
39.09,0.786083,0.205824,0.408073,0.639562
39.1,0.782598,0.205907,0.415631,0.630328
39.11,0.778962,0.202857,0.416547,0.626195
39.119,0.782852,0.202755,0.40551,0.638207
39.13,0.795371,0.207908,0.412285,0.64762
39.139,0.803603,0.211611,0.426005,0.647703
39.149,0.795917,0.210373,0.430383,0.635608
39.16,0.798223,0.209815,0.429629,0.639184
39.169,0.801037,0.211722,0.422918,0.646509
39.179,0.797376,0.214138,0.415553,0.645964
39.19,0.782737,0.219426,0.411398,0.628714
39.199,0.775186,0.230978,0.411767,0.614826
39.21,0.774364,0.228999,0.418938,0.609664
39.219,0.779385,0.229023,0.427794,0.609904
39.23,0.785077,0.227258,0.42947,0.616648
39.24,0.789144,0.22794,0.42954,0.62152
39.25,0.781114,0.215556,0.428749,0.616319
39.259,0.779238,0.212357,0.428083,0.615518
39.27,0.776391,0.211225,0.421565,0.616806
39.279,0.771692,0.217554,0.4176,0.611383
39.29,0.758416,0.213217,0.422708,0.592495
39.299,0.755569,0.216341,0.422723,0.587695
39.31,0.770843,0.216165,0.418765,0.610006
39.319,0.775619,0.218555,0.410528,0.620714
39.33,0.774615,0.21779,0.416001,0.616068
39.339,0.77351,0.238793,0.417022,0.606125
39.35,0.768487,0.234592,0.41386,0.603538
39.359,0.76617,0.235129,0.409759,0.603182
39.37,0.768216,0.231179,0.414914,0.603787
39.379,0.780332,0.231834,0.414622,0.61908
39.39,0.799842,0.230558,0.419013,0.641107
39.399,0.810585,0.230954,0.420458,0.653394
39.41,0.82256,0.231366,0.441152,0.654569
39.42,0.828565,0.237302,0.449623,0.654253
39.43,0.825746,0.235214,0.448673,0.652092
39.439,0.822031,0.234982,0.448714,0.647437
39.45,0.824952,0.239831,0.447496,0.650211
39.46,0.835615,0.245675,0.445895,0.662626
39.47,0.84865,0.259779,0.446406,0.673382
39.48,0.855384,0.260347,0.455096,0.675862
39.49,0.860254,0.260476,0.467055,0.673831
39.5,0.857434,0.261368,0.468674,0.668749
39.51,0.854192,0.258703,0.464473,0.668566
39.52,0.849219,0.258199,0.458553,0.666511
39.53,0.83996,0.254986,0.452472,0.66014
39.54,0.827418,0.255617,0.448182,0.646849
39.55,0.795938,0.251601,0.448201,0.607725
39.56,0.789531,0.24885,0.449844,0.599228
39.57,0.797924,0.248801,0.44332,0.615019
39.58,0.817653,0.252155,0.438501,0.642411
39.59,0.83382,0.258812,0.444883,0.656012
39.6,0.838569,0.258685,0.448027,0.659963
39.61,0.848235,0.260839,0.454295,0.667144
39.62,0.853678,0.262973,0.457514,0.671038
39.63,0.858354,0.263905,0.450992,0.680979
39.64,0.851328,0.261736,0.440266,0.680014
39.65,0.849009,0.26235,0.436652,0.679209
39.66,0.840697,0.262359,0.436087,0.669155
39.67,0.8385,0.26073,0.443691,0.661998
39.68,0.846163,0.260021,0.452026,0.666374
39.69,0.851172,0.255953,0.451956,0.674327
39.7,0.853039,0.244725,0.451094,0.681395
39.71,0.852977,0.246522,0.447668,0.682927
39.72,0.848671,0.247295,0.435642,0.685057
39.73,0.847289,0.247833,0.433726,0.684368
39.74,0.841385,0.247572,0.43433,0.676753
39.75,0.846438,0.252967,0.441175,0.676632
39.76,0.848159,0.255595,0.442681,0.676815
39.77,0.850116,0.259302,0.444841,0.676444
39.78,0.853934,0.258342,0.441453,0.683799
39.79,0.856101,0.268243,0.436548,0.685843
39.8,0.850857,0.263517,0.44165,0.677836
39.81,0.838527,0.26666,0.442754,0.660294
39.82,0.827706,0.266468,0.437983,0.649817
39.83,0.824429,0.269927,0.431275,0.64871
39.84,0.822836,0.247831,0.428533,0.657266
39.85,0.830953,0.251444,0.430947,0.664488
39.86,0.827324,0.249471,0.424748,0.664694
39.87,0.826137,0.248903,0.423754,0.664064
39.88,0.823374,0.250157,0.430656,0.655668
39.89,0.810729,0.250905,0.426616,0.642127
39.9,0.802563,0.252422,0.423627,0.633191
39.91,0.797746,0.251256,0.416435,0.632338
39.92,0.795123,0.248281,0.408402,0.635442
39.93,0.80102,0.248172,0.415099,0.638542
39.94,0.802357,0.253322,0.415278,0.638083
39.95,0.805441,0.256538,0.423342,0.635378
39.96,0.794494,0.252384,0.422972,0.623392
39.97,0.782177,0.236973,0.426817,0.611123
39.98,0.775608,0.239183,0.417934,0.608022
39.99,0.768225,0.238591,0.405814,0.60709
40.0,0.773954,0.24024,0.409302,0.61136
40.01,0.764946,0.242576,0.413213,0.596284
40.02,0.768324,0.243396,0.422064,0.59409
40.03,0.771441,0.243072,0.4279,0.594087
40.04,0.77499,0.242004,0.426561,0.600075
40.05,0.777658,0.240292,0.42621,0.604447
40.06,0.774488,0.240469,0.422453,0.602942
40.07,0.764308,0.240329,0.421678,0.59042
40.08,0.738739,0.238449,0.42113,0.558146
40.09,0.725732,0.231703,0.424532,0.541085
40.1,0.718123,0.232314,0.420053,0.534121
40.11,0.711509,0.230339,0.412389,0.532095
40.12,0.698525,0.233786,0.408713,0.515979
40.13,0.690611,0.225733,0.422432,0.497533
40.14,0.694303,0.226983,0.427868,0.497459
40.15,0.69378,0.23159,0.424256,0.497698
40.16,0.697341,0.232029,0.424414,0.502314
40.17,0.69582,0.231462,0.416688,0.506915
40.18,0.687651,0.231388,0.40754,0.503224
40.19,0.679148,0.238091,0.407907,0.488023
40.2,0.670138,0.235955,0.411014,0.47379
40.21,0.665369,0.234008,0.405846,0.472488
40.22,0.670825,0.232983,0.415587,0.472243
40.23,0.672232,0.232449,0.419035,0.471457
40.24,0.669344,0.230455,0.418421,0.468866
40.25,0.663044,0.226006,0.41432,0.465712
40.26,0.664436,0.223105,0.417867,0.465925
40.27,0.660841,0.215858,0.415594,0.466259
40.28,0.65659,0.212269,0.420083,0.457802
40.29,0.649657,0.204619,0.41799,0.453288
40.3,0.655814,0.206606,0.419841,0.459499
40.31,0.660197,0.200791,0.417664,0.470213
40.32,0.666144,0.203339,0.41861,0.476621
40.33,0.669049,0.200728,0.425169,0.475989
40.34,0.664038,0.200879,0.432722,0.461894
40.35,0.659367,0.197261,0.432829,0.456631
40.36,0.662494,0.199232,0.43337,0.459778
40.37,0.661717,0.1989,0.428477,0.463374
40.38,0.649763,0.198988,0.42169,0.452519
40.39,0.642157,0.19732,0.425682,0.438435
40.4,0.633585,0.196171,0.418452,0.433411
40.41,0.619732,0.195693,0.398815,0.43211
40.42,0.613822,0.195398,0.396924,0.425499
40.43,0.613583,0.200297,0.40774,0.412448
40.44,0.614511,0.196857,0.412276,0.410974
40.45,0.609163,0.18622,0.404269,0.415895
40.46,0.621059,0.19073,0.404268,0.431166
40.47,0.623115,0.196886,0.402678,0.43285
40.48,0.621012,0.199468,0.396881,0.433997
40.49,0.622059,0.208619,0.395122,0.432798
40.5,0.605031,0.20485,0.390495,0.414261
40.51,0.597587,0.201753,0.391175,0.404212
40.52,0.594375,0.201344,0.383008,0.407489
40.53,0.599841,0.20263,0.370949,0.425614
40.54,0.599501,0.201653,0.37045,0.426033
40.55,0.600203,0.201893,0.374312,0.423524
40.56,0.609882,0.20163,0.390338,0.42301
40.57,0.612125,0.201952,0.391782,0.424758
40.58,0.617647,0.199722,0.390706,0.434681
40.59,0.613238,0.200614,0.379787,0.437696
40.6,0.618098,0.208273,0.380169,0.440613
40.61,0.617826,0.211676,0.380051,0.438707
40.62,0.622389,0.221367,0.384013,0.436919
40.63,0.619554,0.216629,0.385077,0.434322
40.64,0.622555,0.214621,0.387501,0.437442
40.65,0.631819,0.210263,0.388827,0.451441
40.66,0.64801,0.213075,0.388772,0.472623
40.67,0.646328,0.212903,0.391374,0.468229
40.68,0.648477,0.214347,0.396745,0.466016
40.69,0.64495,0.20804,0.397458,0.463365
40.7,0.647838,0.208494,0.397271,0.467333
40.71,0.650801,0.209487,0.404056,0.465184
40.72,0.645479,0.209775,0.38978,0.469797
40.73,0.651089,0.211919,0.385478,0.480014
40.74,0.649208,0.21668,0.387017,0.474067
40.75,0.652038,0.218537,0.388459,0.475915
40.76,0.651727,0.219469,0.38528,0.477641
40.77,0.659135,0.218884,0.385386,0.48788
40.78,0.663062,0.22462,0.379791,0.494931
40.79,0.662644,0.222379,0.380566,0.494787
40.8,0.662285,0.229435,0.37412,0.495999
40.81,0.653168,0.229769,0.373998,0.483694
40.82,0.649571,0.223778,0.377556,0.478871
40.83,0.652448,0.223847,0.380781,0.480195
40.84,0.664321,0.225743,0.372603,0.501527
40.85,0.679896,0.225527,0.371427,0.522914
40.86,0.683222,0.225723,0.373268,0.525845
40.87,0.686582,0.225625,0.382039,0.52396
40.88,0.679901,0.224474,0.384476,0.513863
40.89,0.680671,0.223608,0.382419,0.516787
40.9,0.681191,0.22319,0.383974,0.5165
40.91,0.684802,0.223876,0.382396,0.522117
40.92,0.694541,0.226583,0.3803,0.535181
40.93,0.691608,0.227674,0.364559,0.541832
40.94,0.692919,0.227661,0.364358,0.543646
40.95,0.697526,0.227136,0.37461,0.542788
40.96,0.698676,0.226432,0.375107,0.544217
40.97,0.693078,0.220075,0.371597,0.54207
40.98,0.693415,0.216954,0.37135,0.543925
40.99,0.692252,0.208131,0.374368,0.543823
41.0,0.690823,0.208207,0.373737,0.542408
41.01,0.690306,0.205314,0.367458,0.547123
41.02,0.696793,0.208211,0.370724,0.552026
41.03,0.690006,0.20723,0.370772,0.543775
41.04,0.685617,0.207352,0.374727,0.535402
41.05,0.681941,0.208659,0.370564,0.533093
41.06,0.67268,0.20896,0.352839,0.533234
41.07,0.674756,0.210574,0.35014,0.536988
41.08,0.692875,0.215752,0.360393,0.551038
41.09,0.699788,0.215172,0.373244,0.551446
41.1,0.693331,0.21057,0.366754,0.549418
41.11,0.694307,0.206006,0.381627,0.542204
41.12,0.691898,0.192762,0.390106,0.537944
41.13,0.694904,0.192626,0.376178,0.551613
41.14,0.692202,0.194422,0.362933,0.556438
41.15,0.680556,0.193304,0.362018,0.542894
41.16,0.666067,0.190545,0.364922,0.523612
41.17,0.664317,0.189498,0.361686,0.524014
41.18,0.660964,0.186249,0.356326,0.524611
41.19,0.673105,0.188735,0.365778,0.532594
41.2,0.673474,0.191193,0.363289,0.533885
41.21,0.668185,0.193387,0.351038,0.534645
41.22,0.666216,0.199861,0.356163,0.526353
41.23,0.654087,0.198389,0.356379,0.511337
41.24,0.649709,0.193672,0.358933,0.505746
41.25,0.653223,0.192227,0.355276,0.513349
41.26,0.669189,0.195598,0.360775,0.52858
41.27,0.664686,0.195781,0.36685,0.518555
41.28,0.66032,0.188433,0.369096,0.514086
41.29,0.660572,0.188484,0.369442,0.514142
41.3,0.659809,0.178628,0.382332,0.50721
41.31,0.671572,0.176615,0.386948,0.5197
41.32,0.682918,0.177753,0.379511,0.539215
41.33,0.681469,0.184037,0.371157,0.541084
41.34,0.664843,0.181683,0.37178,0.520373
41.35,0.64673,0.183907,0.373811,0.494675
41.36,0.641237,0.182066,0.371567,0.489872
41.37,0.640258,0.186368,0.367657,0.489924
41.38,0.640841,0.185504,0.366499,0.491878
41.39,0.636893,0.18591,0.364671,0.48794
41.4,0.64216,0.188752,0.372259,0.488022
41.41,0.638805,0.187578,0.372586,0.483803
41.42,0.632516,0.184939,0.372542,0.476535
41.43,0.623134,0.179224,0.370127,0.468168
41.44,0.625497,0.180785,0.367401,0.472842
41.45,0.620332,0.181858,0.361489,0.470177
41.46,0.616244,0.177142,0.368637,0.46096
41.47,0.633516,0.176882,0.379736,0.475243
41.48,0.642355,0.177692,0.379269,0.487033
41.49,0.6454,0.181162,0.376483,0.491917
41.5,0.648668,0.181605,0.382233,0.491618
41.51,0.645343,0.184966,0.38186,0.486249
41.52,0.635244,0.181354,0.379439,0.476101
41.53,0.637968,0.193609,0.381013,0.473654
41.54,0.635311,0.197416,0.37687,0.471822
41.55,0.643241,0.200453,0.375222,0.482479
41.56,0.645812,0.202119,0.377275,0.483616
41.57,0.642015,0.201609,0.382198,0.474828
41.58,0.625669,0.198366,0.379646,0.45605
41.59,0.61505,0.19768,0.365948,0.453091
41.6,0.614431,0.193703,0.366829,0.453256
41.61,0.604233,0.192235,0.351703,0.452159
41.62,0.608938,0.19234,0.339232,0.467688
41.63,0.606696,0.196083,0.346681,0.457651
41.64,0.600477,0.195714,0.348707,0.447965
41.65,0.602129,0.196774,0.350462,0.448348
41.66,0.600841,0.198294,0.348107,0.447785
41.67,0.61078,0.202967,0.364574,0.446029
41.68,0.621358,0.202706,0.382498,0.445748
41.69,0.608637,0.204151,0.373135,0.435352
41.7,0.610148,0.201203,0.372807,0.439105
41.71,0.62333,0.204007,0.378613,0.451191
41.72,0.630753,0.205468,0.383618,0.456584
41.73,0.631323,0.21179,0.388341,0.45045
41.74,0.632477,0.211036,0.387942,0.452761
41.75,0.6328,0.214813,0.390196,0.449486
41.76,0.613101,0.212471,0.381195,0.430627
41.77,0.61659,0.211764,0.375858,0.440534
41.78,0.619893,0.212555,0.376564,0.444171
41.79,0.622793,0.214052,0.377716,0.446524
41.8,0.617284,0.213939,0.36907,0.446158
41.81,0.60484,0.214795,0.368843,0.428543
41.82,0.591902,0.214599,0.371109,0.408133
41.83,0.595457,0.210023,0.379408,0.408056
41.84,0.594799,0.210856,0.376994,0.408903
41.85,0.59457,0.205514,0.374775,0.413305
41.86,0.603203,0.21507,0.374174,0.421418
41.87,0.602834,0.214341,0.374099,0.421327
41.88,0.602268,0.215983,0.373453,0.42025
41.89,0.6039,0.221522,0.373172,0.419959
41.9,0.603833,0.219768,0.366472,0.426632
41.91,0.605242,0.220217,0.37246,0.423198
41.92,0.604324,0.221098,0.374827,0.419319
41.93,0.607733,0.223167,0.374809,0.423147
41.94,0.602126,0.221196,0.372907,0.417814
41.95,0.604034,0.220595,0.379505,0.414935
41.96,0.597364,0.220388,0.373371,0.410935
41.97,0.587187,0.220309,0.363994,0.404675
41.98,0.578524,0.218695,0.367024,0.390072
41.99,0.575656,0.219191,0.368014,0.384579
42.0,0.573198,0.217992,0.364878,0.384577
42.01,0.576034,0.219958,0.365327,0.38726
42.02,0.582146,0.219922,0.364119,0.397423
42.03,0.583049,0.21801,0.36299,0.400819
42.04,0.583245,0.215688,0.365397,0.400173
42.05,0.573804,0.211684,0.366912,0.387062
42.06,0.574817,0.210307,0.364558,0.391514
42.07,0.581473,0.216136,0.359214,0.402941
42.08,0.57151,0.214248,0.351144,0.396762
42.09,0.572811,0.21699,0.352194,0.396216
42.1,0.580981,0.218239,0.360831,0.39964
42.11,0.594011,0.218342,0.36024,0.418811
42.12,0.592232,0.217867,0.361035,0.415844
42.13,0.584584,0.214887,0.354031,0.412581
42.14,0.586359,0.21272,0.357861,0.412919
42.15,0.586156,0.216669,0.355577,0.412552
42.16,0.59253,0.215681,0.358444,0.419632
42.17,0.582142,0.21417,0.341571,0.41994
42.18,0.573508,0.214789,0.32427,0.421457
42.19,0.579035,0.219453,0.32415,0.426672
42.2,0.581206,0.223979,0.331342,0.421718
42.21,0.564798,0.217917,0.327981,0.404891
42.22,0.552972,0.212361,0.314377,0.402303
42.23,0.560578,0.213246,0.310101,0.415465
42.24,0.564547,0.216783,0.311059,0.418283
42.25,0.559429,0.212227,0.315207,0.410567
42.26,0.561234,0.210183,0.323666,0.407488
42.27,0.560147,0.211908,0.324674,0.404285
42.28,0.552574,0.212719,0.320109,0.397013
42.29,0.551897,0.212304,0.318106,0.397901
42.3,0.557324,0.212198,0.315326,0.407617
42.31,0.553049,0.212106,0.309396,0.406384
42.32,0.553857,0.211593,0.309613,0.407585
42.33,0.546831,0.21217,0.297324,0.406947
42.34,0.54771,0.211126,0.300289,0.406495
42.35,0.548516,0.214866,0.299671,0.406079
42.36,0.554437,0.207555,0.298499,0.418592
42.37,0.578894,0.21723,0.293224,0.449388
42.38,0.594406,0.223786,0.306781,0.4573
42.39,0.602014,0.218111,0.31349,0.465374
42.4,0.619016,0.217387,0.338845,0.47022
42.41,0.646027,0.225925,0.33188,0.506126
42.42,0.661905,0.228427,0.331185,0.5256
42.43,0.668771,0.228773,0.347391,0.523676
42.44,0.671378,0.228829,0.354668,0.522108
42.45,0.669891,0.229991,0.343552,0.527096
42.46,0.680727,0.230125,0.349963,0.536618
42.47,0.67366,0.230646,0.34811,0.528621
42.48,0.6712,0.232666,0.347012,0.525318
42.49,0.670677,0.23391,0.345981,0.524776
42.5,0.67804,0.235762,0.347177,0.532563
42.51,0.683309,0.235511,0.348571,0.538465
42.52,0.683267,0.238121,0.356246,0.532204
42.53,0.68422,0.237557,0.362929,0.529156
42.54,0.684548,0.239942,0.362057,0.529101
42.55,0.685253,0.240296,0.360485,0.530923
42.56,0.684577,0.240395,0.361628,0.529227
42.57,0.691305,0.238108,0.363011,0.537988
42.58,0.706399,0.240028,0.36311,0.556361
42.59,0.705681,0.237954,0.361929,0.55711
42.6,0.706841,0.237305,0.365331,0.556636
42.61,0.708031,0.238004,0.369396,0.555165
42.62,0.721633,0.240014,0.366764,0.573265
42.63,0.726521,0.24296,0.368583,0.577017
42.64,0.736157,0.243318,0.385025,0.578342
42.65,0.739413,0.239578,0.391129,0.579958
42.66,0.740972,0.239718,0.387561,0.58427
42.67,0.743957,0.243546,0.387863,0.586276
42.68,0.746936,0.247041,0.393948,0.584542
42.69,0.744531,0.243267,0.39523,0.582186
42.7,0.73908,0.242163,0.388479,0.580242
42.71,0.744459,0.249087,0.391137,0.582398
42.72,0.745895,0.253838,0.393752,0.580417
42.73,0.742447,0.249259,0.394088,0.577747
42.74,0.741113,0.24772,0.394235,0.576595
42.75,0.749532,0.250287,0.410084,0.575314
42.76,0.748102,0.250153,0.40244,0.578898
42.77,0.75454,0.248508,0.402066,0.588147
42.78,0.75687,0.251029,0.402172,0.589995
42.79,0.75521,0.251867,0.402518,0.587268
42.8,0.757136,0.251449,0.413986,0.581931
42.81,0.762548,0.250898,0.414995,0.58848
42.82,0.760214,0.250823,0.4133,0.586682
42.83,0.762257,0.250919,0.413396,0.589219
42.84,0.767083,0.250798,0.422128,0.589342
42.85,0.766807,0.251148,0.42276,0.588381
42.86,0.760084,0.249434,0.425022,0.578676
42.87,0.746452,0.23863,0.425111,0.565268
42.88,0.740872,0.238631,0.423835,0.558847
42.89,0.735071,0.239316,0.420688,0.553244
42.9,0.718553,0.239502,0.405415,0.542767
42.91,0.696102,0.231095,0.407347,0.514997
42.92,0.677292,0.227847,0.404656,0.493015
42.93,0.671561,0.224794,0.394823,0.494547
42.94,0.672522,0.224864,0.385616,0.503013
42.95,0.671448,0.228479,0.387124,0.498772
42.96,0.663137,0.229259,0.382762,0.490596
42.97,0.668222,0.235645,0.383162,0.494144
42.98,0.670584,0.238637,0.383613,0.495556
42.99,0.671195,0.23544,0.38659,0.495599
43.0,0.674047,0.235093,0.398043,0.490543
43.01,0.675654,0.230023,0.398663,0.494636
43.02,0.686373,0.241088,0.390629,0.510288
43.03,0.680942,0.235843,0.386234,0.508806
43.04,0.69158,0.231544,0.406619,0.509246
43.05,0.695832,0.229015,0.413694,0.510482
43.06,0.708108,0.229088,0.412998,0.527607
43.07,0.701594,0.227747,0.412868,0.519524
43.08,0.695606,0.234469,0.415451,0.506253
43.09,0.695827,0.235741,0.416531,0.505078
43.1,0.688132,0.236525,0.404712,0.503776
43.11,0.67676,0.237816,0.400822,0.490703
43.12,0.668238,0.240961,0.400927,0.477218
43.13,0.671552,0.240698,0.404836,0.478701
43.14,0.656758,0.238759,0.382947,0.477155
43.15,0.654792,0.238971,0.385475,0.472286
43.16,0.656417,0.23896,0.392231,0.468974
43.17,0.65845,0.236208,0.393345,0.472274
43.18,0.650772,0.229585,0.382721,0.473624
43.19,0.649078,0.224744,0.382701,0.473637
43.2,0.660108,0.223524,0.3856,0.486922
43.21,0.674556,0.238063,0.379612,0.504228
43.22,0.677759,0.231244,0.381028,0.510589
43.23,0.680124,0.229777,0.392506,0.505679
43.24,0.69032,0.229249,0.402632,0.511737
43.25,0.703916,0.228698,0.378464,0.547686
43.26,0.730432,0.229838,0.378416,0.580954
43.27,0.730602,0.231821,0.383194,0.577236
43.28,0.741113,0.228988,0.410229,0.573172
43.29,0.744439,0.229934,0.414893,0.573745
43.3,0.743639,0.239594,0.407626,0.573964
43.31,0.74089,0.239354,0.411854,0.567453
43.32,0.739982,0.240174,0.412258,0.565627
43.33,0.746476,0.237553,0.422617,0.567617
43.34,0.76239,0.243288,0.416062,0.590713
43.35,0.772589,0.244941,0.414713,0.604078
43.36,0.772236,0.245797,0.418179,0.600882
43.37,0.7776,0.242578,0.436893,0.595771
43.38,0.778183,0.238152,0.433755,0.600591
43.39,0.787063,0.238095,0.431886,0.613395
43.4,0.791845,0.242272,0.425936,0.622014
43.41,0.792426,0.244379,0.426942,0.621239
43.42,0.792008,0.247042,0.426147,0.620198
43.43,0.791821,0.249365,0.426094,0.619065
43.44,0.78815,0.249301,0.426387,0.614184
43.45,0.797244,0.246199,0.429384,0.624991
43.46,0.794938,0.245632,0.427675,0.623447
43.47,0.791042,0.237315,0.428951,0.62083
43.48,0.793929,0.236426,0.429119,0.624727
43.49,0.794194,0.240825,0.424389,0.626611
43.5,0.791188,0.236986,0.424666,0.62408
43.51,0.785552,0.238513,0.426047,0.615376
43.52,0.793591,0.230862,0.426346,0.628266
43.53,0.815889,0.238484,0.424285,0.654815
43.54,0.819832,0.241743,0.414213,0.664916
43.55,0.820301,0.241376,0.418945,0.662659
43.56,0.813278,0.241411,0.425893,0.649428
43.57,0.810664,0.239737,0.425517,0.647022
43.58,0.810571,0.231251,0.424518,0.650641
43.59,0.811833,0.233012,0.422873,0.652654
43.6,0.812668,0.231645,0.423422,0.653823
43.61,0.811638,0.237631,0.422636,0.650897
43.62,0.799366,0.232915,0.422807,0.637158
43.63,0.797681,0.233588,0.419368,0.637073
43.64,0.799527,0.233783,0.421613,0.637833
43.65,0.796558,0.234429,0.413944,0.638904
43.66,0.799216,0.234973,0.422484,0.636428
43.67,0.795179,0.234768,0.422158,0.631646
43.68,0.797265,0.234862,0.427216,0.630839
43.69,0.796523,0.236372,0.42538,0.630578
43.7,0.79794,0.235979,0.423293,0.633913
43.71,0.796079,0.224482,0.426829,0.633377
43.72,0.799772,0.227019,0.430735,0.63448
43.73,0.795737,0.225763,0.424442,0.634095
43.74,0.783094,0.22576,0.410414,0.627558
43.75,0.764018,0.228594,0.405077,0.606119
43.76,0.745659,0.228513,0.407595,0.581081
43.77,0.735011,0.227725,0.400193,0.572912
43.78,0.723071,0.227881,0.376647,0.57362
43.79,0.723065,0.227144,0.369345,0.578631
43.8,0.749389,0.217613,0.369529,0.614554
43.81,0.771861,0.233397,0.368955,0.636527
43.82,0.784315,0.239255,0.372964,0.647151
43.83,0.781859,0.23838,0.377536,0.641829
43.84,0.770606,0.232354,0.387801,0.624064
43.85,0.768157,0.229868,0.387023,0.622446
43.86,0.765669,0.227541,0.3773,0.626194
43.87,0.753769,0.227537,0.357789,0.623202
43.88,0.748128,0.22742,0.35604,0.617423
43.89,0.738816,0.227822,0.355849,0.606067
43.9,0.73818,0.222868,0.359632,0.6049
43.91,0.749209,0.225018,0.357913,0.61853
43.92,0.752717,0.225073,0.363547,0.619483
43.93,0.754228,0.225295,0.36536,0.620172
43.94,0.756542,0.227462,0.372201,0.618129
43.95,0.746793,0.228041,0.368172,0.608397
43.96,0.745851,0.226335,0.368292,0.607805
43.97,0.752712,0.22693,0.372075,0.613709
43.98,0.765369,0.229136,0.370325,0.629401
43.99,0.771771,0.226104,0.373045,0.636667
44.0,0.782811,0.231003,0.386782,0.64018
44.01,0.789577,0.229142,0.400632,0.64064
44.02,0.779703,0.229007,0.400209,0.628749
44.03,0.768157,0.221377,0.399886,0.617373
44.04,0.770892,0.22571,0.394205,0.622842
44.05,0.767984,0.225711,0.383842,0.625715
44.06,0.764824,0.227783,0.376696,0.625436
44.07,0.762731,0.227424,0.376762,0.622967
44.08,0.767978,0.234942,0.378122,0.625792
44.09,0.765632,0.230241,0.379307,0.623946
44.1,0.771248,0.230899,0.381091,0.629507
44.11,0.782008,0.226524,0.381173,0.64415
44.12,0.785902,0.224852,0.389879,0.644266
44.13,0.798125,0.22195,0.412386,0.646281
44.14,0.804733,0.221942,0.419187,0.650091
44.15,0.822548,0.223456,0.418332,0.672049
44.16,0.816107,0.223143,0.403912,0.673121
44.17,0.821942,0.227683,0.412824,0.673294
44.18,0.823048,0.231316,0.409447,0.675465
44.19,0.829455,0.241062,0.416911,0.675329
44.2,0.819398,0.24102,0.419816,0.661119
44.21,0.806408,0.2363,0.416992,0.648516
44.22,0.805237,0.230772,0.41114,0.652775
44.23,0.817932,0.231695,0.403796,0.672517
44.24,0.821577,0.233067,0.403436,0.676689
44.25,0.817001,0.233469,0.40328,0.67108
44.26,0.812158,0.233003,0.404997,0.664295
44.27,0.812944,0.232195,0.40541,0.665287
44.28,0.812193,0.231866,0.405595,0.66437
44.29,0.807997,0.230133,0.40337,0.661203
44.3,0.782416,0.232929,0.407907,0.625724
44.31,0.763575,0.220323,0.407558,0.606961
44.32,0.750995,0.211655,0.402679,0.597533
44.33,0.751429,0.211326,0.385757,0.609244
44.34,0.75432,0.217021,0.377733,0.615808
44.35,0.752927,0.219075,0.387751,0.607087
44.36,0.751591,0.222782,0.395102,0.599292
44.37,0.758133,0.228031,0.398237,0.603469
44.38,0.757239,0.227707,0.396282,0.603755
44.39,0.757235,0.227685,0.397146,0.60319
44.4,0.75087,0.227066,0.3922,0.598687
44.41,0.745179,0.22539,0.393213,0.591502
44.42,0.744741,0.222314,0.397631,0.589156
44.43,0.748553,0.21701,0.398175,0.595563
44.44,0.756933,0.215478,0.393288,0.609788
44.45,0.763121,0.217344,0.399598,0.612728
44.46,0.777399,0.217733,0.426013,0.612743
44.47,0.77095,0.223236,0.424473,0.603615
44.48,0.7595,0.223968,0.42701,0.586806
44.49,0.747264,0.218996,0.426178,0.573426
44.5,0.732368,0.219292,0.399763,0.573118
44.51,0.727462,0.219427,0.383721,0.577763
44.52,0.724179,0.22432,0.383324,0.571996
44.53,0.708597,0.221127,0.385437,0.551952
44.54,0.703611,0.223682,0.384289,0.545305
44.55,0.702302,0.227376,0.383223,0.542833
44.56,0.707435,0.223915,0.394242,0.543047
44.57,0.705897,0.223707,0.405547,0.532708
44.58,0.698081,0.218249,0.406137,0.524154
44.59,0.701043,0.218304,0.405687,0.528414
44.6,0.691619,0.216859,0.405272,0.516782
44.61,0.691462,0.216467,0.40591,0.516236
44.62,0.704615,0.217137,0.398646,0.538902
44.63,0.699128,0.228398,0.378298,0.54176
44.64,0.694178,0.230345,0.376302,0.53593
44.65,0.68255,0.232446,0.382654,0.515188
44.66,0.687406,0.232959,0.383765,0.520558
44.67,0.689977,0.231617,0.373202,0.532112
44.68,0.690519,0.233691,0.373925,0.531399
44.69,0.688756,0.219899,0.369886,0.537787
44.7,0.697864,0.224011,0.369013,0.548328
44.71,0.696345,0.223092,0.365162,0.549349
44.72,0.688031,0.224681,0.366323,0.53732
44.73,0.669562,0.222405,0.369726,0.512008
44.74,0.674618,0.223145,0.368177,0.519386
44.75,0.677546,0.221207,0.367628,0.524392
44.76,0.671437,0.219711,0.361605,0.521342
44.77,0.671648,0.220304,0.361228,0.521623
44.78,0.672923,0.222855,0.362513,0.521292
44.79,0.682291,0.223987,0.378586,0.52156
44.8,0.67807,0.220385,0.376915,0.518791
44.81,0.681093,0.221402,0.372792,0.525257
44.82,0.688153,0.225746,0.372667,0.532647
44.83,0.688387,0.231225,0.382807,0.523327
44.84,0.679527,0.228628,0.38614,0.510276
44.85,0.673913,0.23142,0.376047,0.509109
44.86,0.674562,0.226556,0.367201,0.518526
44.87,0.672105,0.224683,0.362929,0.519159
44.88,0.672527,0.22514,0.36297,0.519478
44.89,0.67499,0.227214,0.361996,0.52244
44.9,0.671674,0.227257,0.364605,0.516298
44.91,0.667805,0.227914,0.365706,0.510175
44.92,0.66715,0.227981,0.363554,0.510825
44.93,0.665657,0.227898,0.35951,0.511775
44.94,0.65309,0.227885,0.359379,0.495421
44.95,0.647105,0.225348,0.356101,0.491075
44.96,0.631772,0.224717,0.325916,0.492358
44.97,0.636464,0.217071,0.325153,0.502238
44.98,0.640807,0.215758,0.323454,0.509372
44.99,0.644257,0.217737,0.323284,0.512976
45.0,0.652771,0.214543,0.343769,0.511766
45.01,0.646167,0.216991,0.345357,0.501174
45.02,0.644151,0.208431,0.349074,0.499635
45.03,0.645405,0.215242,0.346455,0.500187
45.04,0.635847,0.207033,0.346136,0.491558
45.05,0.635148,0.208212,0.345502,0.4906
45.06,0.628402,0.209209,0.333091,0.490072
45.07,0.623229,0.209196,0.321632,0.491126
45.08,0.621561,0.209097,0.32067,0.489681
45.09,0.62299,0.213636,0.32048,0.489662
45.1,0.625831,0.216872,0.318631,0.493056
45.11,0.614638,0.217763,0.319905,0.477515
45.12,0.596824,0.215244,0.325503,0.451572
45.13,0.58781,0.202653,0.319144,0.450111
45.14,0.594528,0.200444,0.313146,0.463924
45.15,0.588347,0.200717,0.305613,0.460941
45.16,0.579487,0.198556,0.305182,0.450827
45.17,0.575214,0.198323,0.307766,0.443643
45.18,0.584265,0.192883,0.307324,0.457945
45.19,0.581737,0.194248,0.303118,0.456951
45.2,0.57237,0.191398,0.302669,0.446504
45.21,0.575909,0.201196,0.302702,0.446724
45.22,0.583399,0.201318,0.301173,0.457296
45.23,0.590364,0.206614,0.297421,0.466241
45.24,0.576468,0.204994,0.298106,0.448806
45.25,0.583655,0.208897,0.305253,0.451482
45.26,0.588319,0.214264,0.307213,0.453686
45.27,0.587407,0.213932,0.309016,0.451429
45.28,0.587942,0.210669,0.31242,0.451317
45.29,0.597631,0.214402,0.297529,0.47188
45.3,0.626805,0.221014,0.292465,0.508431
45.31,0.636086,0.223945,0.307451,0.509831
45.32,0.641093,0.223622,0.335475,0.498448
45.33,0.644781,0.218207,0.344028,0.499773
45.34,0.662281,0.217914,0.342747,0.52312
45.35,0.674769,0.219304,0.348585,0.534516
45.36,0.674809,0.224095,0.358504,0.52595
45.37,0.671988,0.221787,0.364928,0.51885
45.38,0.672161,0.223036,0.365122,0.518402
45.39,0.674993,0.222168,0.368277,0.52022
45.4,0.67601,0.226845,0.367357,0.520173
45.41,0.682762,0.229566,0.366598,0.528271
45.42,0.68669,0.232425,0.360342,0.536354
45.43,0.684647,0.232496,0.3679,0.528523
45.44,0.690352,0.235384,0.378845,0.526931
45.45,0.700489,0.235263,0.378563,0.540394
45.46,0.71705,0.235233,0.375861,0.56352
45.47,0.722867,0.237344,0.377598,0.56888
45.48,0.72704,0.23598,0.388872,0.567168
45.49,0.737307,0.235167,0.404332,0.569943
45.5,0.747589,0.235501,0.38765,0.59427
45.51,0.762783,0.235362,0.388273,0.612933
45.52,0.763124,0.235313,0.392339,0.610784
45.53,0.762165,0.228622,0.396347,0.609538
45.54,0.764834,0.2393,0.395883,0.609084
45.55,0.765603,0.236182,0.403641,0.606169
45.561,0.770944,0.237279,0.410695,0.607769
45.57,0.788094,0.237486,0.414073,0.627085
45.58,0.817694,0.252526,0.422761,0.652784
45.59,0.822519,0.254727,0.426097,0.655814
45.6,0.83321,0.252032,0.44632,0.6569
45.61,0.846785,0.250842,0.461008,0.664525
45.62,0.866114,0.254486,0.459169,0.688879
45.631,0.873361,0.255211,0.459527,0.697468
45.64,0.875849,0.256186,0.471628,0.692132
45.65,0.877533,0.254409,0.47654,0.691556
45.66,0.885876,0.254091,0.47635,0.702357
45.67,0.888711,0.250893,0.47686,0.706728
45.68,0.884692,0.251289,0.4764,0.701838
45.69,0.880543,0.250089,0.476931,0.696669
45.7,0.879067,0.248842,0.475356,0.696328
45.71,0.884279,0.242111,0.475985,0.704819
45.72,0.890815,0.2419,0.475293,0.713535
45.73,0.896962,0.249287,0.482825,0.713637
45.74,0.901837,0.250711,0.489266,0.714894
45.75,0.899765,0.252521,0.486558,0.713492
45.76,0.916966,0.263767,0.491334,0.727904
45.77,0.923134,0.264385,0.489801,0.736459
45.78,0.925418,0.264488,0.494475,0.736165
45.79,0.9156,0.259723,0.497199,0.723644
45.8,0.89784,0.255066,0.496941,0.702928
45.81,0.890861,0.251916,0.488993,0.700756
45.82,0.88009,0.248575,0.471787,0.700133
45.83,0.868549,0.249024,0.456879,0.695432
45.84,0.856873,0.247826,0.455736,0.681995
45.85,0.854939,0.24168,0.45723,0.680773
45.86,0.851371,0.239995,0.450886,0.681129
45.87,0.85141,0.23998,0.449552,0.682064
45.88,0.855711,0.243482,0.448966,0.686577
45.89,0.863852,0.240029,0.447112,0.699082
45.9,0.869057,0.241448,0.447227,0.704948
45.91,0.866803,0.237679,0.453163,0.699642
45.92,0.866635,0.236912,0.462686,0.693433
45.93,0.870939,0.237371,0.45827,0.701554
45.94,0.867745,0.240063,0.447022,0.703933
45.95,0.859288,0.24022,0.447458,0.693147
45.96,0.846993,0.244288,0.450336,0.674476
45.97,0.841935,0.241907,0.448818,0.669998
45.98,0.838078,0.243734,0.440059,0.67031
45.99,0.828126,0.241935,0.427604,0.666644
46.0,0.817859,0.241763,0.44046,0.645321
46.01,0.808839,0.240588,0.442624,0.632789
46.02,0.80916,0.240434,0.43552,0.638165
46.03,0.809621,0.240165,0.435607,0.638791
46.04,0.815685,0.231054,0.450606,0.63946
46.05,0.810287,0.229278,0.44208,0.639189
46.06,0.808962,0.230659,0.441348,0.637517
46.07,0.790232,0.230037,0.433209,0.61958
46.08,0.764097,0.215058,0.433358,0.591435
46.09,0.754802,0.211282,0.426421,0.585876
46.1,0.747922,0.21402,0.417488,0.582483
46.11,0.734394,0.215169,0.397378,0.578902
46.12,0.708317,0.211555,0.39702,0.547114
46.13,0.6949,0.214058,0.396317,0.529149
46.14,0.684898,0.214889,0.383716,0.525042
46.15,0.693536,0.214262,0.376032,0.541927
46.16,0.689486,0.214421,0.375775,0.536849
46.17,0.680375,0.214345,0.376145,0.524864
46.18,0.679934,0.216857,0.381932,0.519049
46.19,0.686354,0.217222,0.380361,0.528415
46.2,0.69224,0.216082,0.381533,0.535665
46.21,0.683444,0.212955,0.382048,0.525152
46.22,0.668056,0.21281,0.382017,0.505049
46.23,0.65214,0.20309,0.371071,0.496334
46.24,0.649783,0.200498,0.369164,0.495718
46.25,0.646491,0.205409,0.365293,0.492259
46.26,0.6175,0.186659,0.360003,0.465685
46.27,0.610913,0.187155,0.359002,0.457498
46.28,0.60599,0.187044,0.348648,0.459002
46.29,0.608366,0.191357,0.341401,0.465765
46.3,0.600673,0.19168,0.343476,0.453973
46.31,0.598163,0.192952,0.342004,0.451223
46.32,0.603987,0.194353,0.350108,0.452163
46.33,0.614107,0.193652,0.348101,0.467389
46.34,0.613029,0.193631,0.353318,0.462037
46.35,0.603616,0.191538,0.345207,0.456615
46.36,0.610976,0.192458,0.35473,0.458713
46.37,0.607542,0.195085,0.347925,0.458255
46.38,0.602119,0.188312,0.355394,0.448085
46.39,0.591821,0.18871,0.355455,0.433926
46.4,0.588732,0.182182,0.358784,0.429755
46.41,0.587407,0.186199,0.34965,0.433731
46.42,0.583293,0.182148,0.346158,0.432697
46.43,0.579759,0.185494,0.352504,0.421252
46.44,0.578436,0.179892,0.35539,0.419434
46.45,0.597905,0.188767,0.357767,0.440296
46.46,0.602367,0.188117,0.361674,0.443453
46.47,0.601283,0.187763,0.373406,0.432266
46.48,0.594709,0.184839,0.373551,0.424232
46.49,0.60685,0.189003,0.375448,0.437702
46.5,0.602815,0.191487,0.358019,0.44558
46.51,0.593913,0.191327,0.355465,0.435628
46.52,0.589426,0.191394,0.358375,0.427035
46.53,0.594805,0.194789,0.357518,0.433625
46.54,0.593111,0.194787,0.33704,0.447484
46.55,0.596993,0.197512,0.333775,0.453854
46.561,0.595473,0.192827,0.334549,0.453302
46.57,0.602371,0.198523,0.338565,0.456961
46.58,0.608235,0.201125,0.331458,0.468651
46.59,0.622652,0.197127,0.331677,0.4887
46.6,0.627227,0.202301,0.326929,0.495585
46.61,0.637751,0.20717,0.345079,0.494699
46.62,0.650875,0.207199,0.352161,0.506646
46.63,0.677711,0.208114,0.352355,0.540209
46.64,0.694721,0.213941,0.35447,0.557869
46.65,0.690932,0.214087,0.372175,0.541332
46.66,0.689422,0.213729,0.383882,0.53128
46.67,0.69923,0.213714,0.382555,0.544886
46.68,0.710932,0.218042,0.376845,0.562024
46.69,0.706149,0.217646,0.37634,0.556457
46.7,0.699952,0.218824,0.376759,0.547816
46.71,0.701158,0.219881,0.376795,0.548908
46.72,0.707691,0.220282,0.38075,0.554375
46.73,0.710743,0.214227,0.380089,0.561066
46.74,0.707526,0.215307,0.375217,0.559864
46.75,0.706198,0.210924,0.375264,0.559825
46.76,0.70585,0.211057,0.379592,0.556407
46.77,0.708941,0.207922,0.382892,0.559249
46.78,0.711694,0.220125,0.382293,0.558485
46.79,0.709003,0.217486,0.380006,0.557655
46.8,0.710646,0.218522,0.378813,0.560149
46.81,0.709494,0.21448,0.378593,0.560399
46.82,0.710869,0.224134,0.374977,0.560795
46.83,0.702654,0.224127,0.376169,0.549533
46.84,0.703641,0.226083,0.370064,0.554121
46.85,0.702325,0.226082,0.370289,0.552298
46.86,0.698882,0.226266,0.366404,0.550444
46.87,0.69914,0.222682,0.370085,0.54977
46.88,0.70051,0.224783,0.361921,0.556058
46.89,0.701799,0.225856,0.36509,0.555176
46.9,0.695253,0.226499,0.364439,0.547047
46.91,0.694171,0.221427,0.371508,0.542978
46.92,0.7003,0.221456,0.36272,0.556607
46.93,0.712155,0.220951,0.358832,0.574095
46.94,0.722931,0.227326,0.368395,0.578997
46.95,0.719003,0.219845,0.378554,0.570378
46.96,0.718028,0.218384,0.370882,0.574734
46.97,0.723922,0.218364,0.36066,0.588476
46.98,0.745076,0.229767,0.360666,0.610136
46.99,0.749535,0.227914,0.375027,0.607628
47.0,0.750145,0.227641,0.38472,0.602401
47.01,0.753905,0.227294,0.388145,0.605024
47.02,0.769682,0.235764,0.386826,0.622246
47.03,0.771463,0.237326,0.385788,0.624499
47.04,0.764212,0.237049,0.39029,0.612782
47.05,0.763178,0.231959,0.39638,0.609522
47.06,0.764905,0.233221,0.389245,0.615772
47.07,0.766947,0.233199,0.388591,0.618727
47.08,0.757094,0.231718,0.388286,0.607233
47.09,0.747133,0.229104,0.390269,0.594482
47.1,0.738561,0.226353,0.384093,0.588821
47.11,0.73717,0.223634,0.372778,0.595352
47.12,0.729787,0.23122,0.365516,0.587814
47.13,0.704656,0.225881,0.365595,0.558442
47.14,0.686965,0.225986,0.362734,0.537843
47.15,0.682613,0.228593,0.345508,0.542522
47.16,0.68052,0.232922,0.330768,0.547217
47.17,0.67232,0.234718,0.331386,0.535821
47.18,0.658508,0.23285,0.336894,0.51567
47.19,0.658655,0.233081,0.342305,0.512179
47.2,0.660329,0.236163,0.340522,0.514107
47.21,0.660204,0.235629,0.340534,0.514184
47.22,0.657413,0.235686,0.338135,0.512161
47.23,0.658167,0.236162,0.339043,0.51231
47.24,0.658278,0.235763,0.339148,0.512567
47.25,0.661725,0.233325,0.346113,0.513463
47.26,0.668356,0.231676,0.342037,0.525393
47.27,0.676325,0.232822,0.341261,0.535491
47.28,0.674845,0.222729,0.341051,0.538044
47.29,0.67331,0.222524,0.345853,0.533118
47.3,0.67927,0.223533,0.349203,0.53805
47.31,0.685423,0.222573,0.35325,0.543581
47.32,0.682668,0.217635,0.350684,0.543775
47.33,0.680353,0.217938,0.352731,0.53941
47.34,0.677605,0.217241,0.352696,0.536246
47.35,0.682833,0.219326,0.353912,0.541205
47.36,0.686047,0.229245,0.350935,0.543095
47.37,0.685803,0.229622,0.350035,0.543208
47.38,0.685301,0.228195,0.355699,0.539484
47.39,0.690379,0.22874,0.353695,0.546992
47.4,0.701344,0.237759,0.351147,0.558614
47.41,0.700408,0.236863,0.350355,0.558318
47.42,0.700697,0.236774,0.371816,0.544673
47.43,0.691595,0.235858,0.371913,0.53325
47.44,0.683179,0.232942,0.362475,0.530174
47.45,0.671659,0.232252,0.34615,0.526654
47.46,0.667461,0.231343,0.350454,0.518813
47.47,0.656545,0.23135,0.352251,0.503435
47.48,0.635719,0.219967,0.350608,0.482522
47.49,0.620167,0.2169,0.334809,0.474831
47.5,0.617299,0.218871,0.330492,0.473212
47.51,0.613487,0.219651,0.325375,0.471434
47.52,0.598547,0.211699,0.322519,0.457628
47.53,0.600764,0.214536,0.325743,0.456929
47.54,0.608457,0.216611,0.338619,0.456768
47.55,0.605767,0.217136,0.333881,0.456431
47.561,0.601968,0.216205,0.335735,0.450447
47.57,0.595813,0.214605,0.333996,0.44428
47.58,0.598839,0.211992,0.336767,0.4475
47.59,0.603896,0.222094,0.333158,0.452073
47.6,0.610037,0.220439,0.346908,0.450785
47.61,0.604199,0.220554,0.352704,0.438192
47.621,0.611867,0.215014,0.353075,0.451096
47.628,0.627674,0.215022,0.353488,0.472004
47.64,0.631791,0.210044,0.361779,0.473453
47.648,0.628148,0.207947,0.366176,0.466093
47.659,0.627288,0.203592,0.366001,0.466994
47.669,0.637178,0.20441,0.372604,0.474741
47.679,0.635569,0.201374,0.369351,0.476419
47.689,0.638474,0.201979,0.37422,0.476248
47.699,0.637505,0.198132,0.373728,0.476953
47.709,0.63966,0.198191,0.375954,0.478062
47.719,0.633453,0.198812,0.378012,0.467808
47.729,0.629795,0.19916,0.378453,0.462332
47.739,0.633222,0.199831,0.379747,0.465651
47.749,0.630706,0.200838,0.376803,0.464192
47.759,0.624732,0.2019,0.380961,0.452101
47.769,0.62284,0.202237,0.379031,0.450961
47.779,0.627549,0.206483,0.383992,0.451368
47.789,0.631923,0.207326,0.39096,0.451102
47.799,0.634833,0.204547,0.392478,0.45512
47.809,0.647194,0.21079,0.387627,0.473469
47.819,0.650164,0.208117,0.388568,0.477929
47.829,0.651025,0.210309,0.389356,0.477499
47.839,0.651278,0.208592,0.394175,0.474636
47.849,0.648087,0.208576,0.39285,0.471361
47.859,0.643975,0.19678,0.398561,0.465973
47.869,0.649776,0.196775,0.402582,0.470548
47.879,0.644853,0.195938,0.397323,0.468592
47.889,0.635697,0.193496,0.397408,0.456877
47.899,0.624615,0.183349,0.399431,0.443826
47.909,0.630562,0.184899,0.39934,0.451606
47.919,0.623182,0.18487,0.382491,0.455937
47.929,0.626108,0.184992,0.397716,0.446779
47.939,0.619596,0.183567,0.394682,0.440941
47.949,0.629666,0.180193,0.398262,0.453208
47.959,0.632001,0.186949,0.393732,0.457657
47.969,0.631293,0.188899,0.392907,0.456587
47.979,0.627352,0.193356,0.389146,0.452492
47.989,0.629234,0.191236,0.393048,0.452634
47.999,0.631305,0.189556,0.397515,0.452324
48.009,0.638052,0.189144,0.397322,0.462029
48.019,0.640684,0.189869,0.398169,0.464637
48.029,0.632177,0.182211,0.397085,0.456914
48.039,0.620254,0.181493,0.379064,0.456164
48.049,0.622302,0.181987,0.377831,0.459765
48.059,0.622005,0.184115,0.376659,0.459477
48.069,0.622129,0.18265,0.376659,0.460231
48.079,0.621936,0.182455,0.380792,0.45663
48.089,0.615981,0.172479,0.380962,0.452273
48.099,0.611455,0.174091,0.371274,0.453569
48.109,0.613152,0.181965,0.368979,0.454642
48.119,0.602387,0.185087,0.368691,0.438954
48.129,0.592606,0.192326,0.369388,0.421598
48.139,0.588983,0.192787,0.365301,0.419868
48.149,0.597699,0.192569,0.366727,0.430897
48.159,0.601181,0.194426,0.366875,0.434763
48.169,0.598607,0.199894,0.367286,0.428338
48.179,0.59861,0.201504,0.366866,0.427948
48.189,0.593113,0.201055,0.357993,0.42802
48.199,0.599542,0.202403,0.358044,0.436221
48.209,0.602214,0.205539,0.356524,0.439665
48.219,0.604248,0.206282,0.359376,0.439787
48.229,0.602152,0.205177,0.357654,0.438831
48.239,0.60184,0.204732,0.357033,0.439117
48.249,0.605868,0.21324,0.354001,0.443045
48.259,0.601752,0.217417,0.348493,0.43976
48.269,0.599532,0.219446,0.347766,0.436281
48.279,0.599435,0.217589,0.34419,0.439898
48.289,0.590801,0.218608,0.333254,0.436118
48.299,0.584007,0.218611,0.334006,0.426279
48.309,0.574321,0.218178,0.335352,0.412046
48.319,0.574132,0.219526,0.336232,0.410346
48.33,0.570501,0.217564,0.330589,0.410912
48.339,0.56838,0.217787,0.327074,0.410666
48.349,0.575856,0.216523,0.327047,0.421626
48.359,0.580123,0.216795,0.320867,0.431957
48.369,0.577762,0.222954,0.316306,0.429011
48.379,0.583876,0.223876,0.319905,0.434111
48.389,0.598348,0.225443,0.32363,0.449955
48.399,0.614601,0.227622,0.317667,0.474353
48.409,0.607924,0.230473,0.308312,0.470529
48.419,0.603364,0.2315,0.302827,0.46771
48.43,0.596235,0.233793,0.286223,0.467882
48.439,0.603351,0.23202,0.285343,0.478307
48.449,0.599563,0.235854,0.282182,0.473521
48.459,0.592482,0.234011,0.277778,0.468096
48.469,0.596072,0.232011,0.288453,0.467192
48.479,0.600875,0.228906,0.289313,0.47429
48.489,0.597263,0.228453,0.279058,0.476087
48.499,0.599151,0.228155,0.268336,0.484689
48.509,0.590526,0.227821,0.267179,0.474799
48.519,0.587305,0.232349,0.270653,0.46657
48.529,0.593449,0.231791,0.280234,0.46896
48.539,0.605205,0.232,0.280341,0.483588
48.549,0.614879,0.235631,0.280347,0.493922
48.56,0.617526,0.234637,0.281966,0.496768
48.57,0.616506,0.233759,0.282475,0.495625
48.58,0.614561,0.235504,0.276864,0.49555
48.59,0.622731,0.235049,0.276491,0.506062
48.6,0.627842,0.240538,0.277408,0.509286
48.609,0.620066,0.234574,0.266772,0.508223
48.619,0.620614,0.230011,0.279529,0.504103
48.63,0.620489,0.221837,0.27851,0.508161
48.639,0.622147,0.220651,0.281524,0.509043
48.65,0.626154,0.221906,0.278489,0.515044
48.659,0.637286,0.222129,0.2828,0.526133
48.67,0.647272,0.223913,0.29249,0.532235
48.679,0.654559,0.22391,0.301799,0.535937
48.69,0.666172,0.224038,0.300355,0.550798
48.699,0.671289,0.231985,0.30034,0.553722
48.71,0.670524,0.234251,0.299091,0.552515
48.719,0.667343,0.233083,0.292342,0.55277
48.729,0.669153,0.232857,0.293786,0.554287
48.739,0.669967,0.234682,0.292881,0.554978
48.75,0.664636,0.224988,0.292817,0.552612
48.759,0.671283,0.222493,0.294146,0.560889
48.769,0.664065,0.22008,0.294068,0.553238
48.779,0.668754,0.222429,0.30994,0.549267
48.79,0.679344,0.220053,0.323971,0.555093
48.799,0.694118,0.21943,0.322822,0.573966
48.81,0.695521,0.221155,0.321571,0.575701
48.819,0.694761,0.221265,0.323867,0.57345
48.829,0.695511,0.223632,0.324228,0.573237
48.839,0.695803,0.223674,0.322715,0.574428
48.85,0.696264,0.23446,0.322907,0.570564
48.859,0.689348,0.235791,0.321273,0.562484
48.87,0.694908,0.235778,0.320564,0.569688
48.88,0.689204,0.235857,0.31493,0.565855
48.89,0.677021,0.233676,0.313709,0.552575
48.9,0.662546,0.229305,0.32016,0.532808
48.91,0.690896,0.228244,0.322024,0.567047
48.919,0.71439,0.232785,0.327068,0.590923
48.93,0.725742,0.233046,0.345084,0.594397
48.939,0.723474,0.230643,0.354059,0.587248
48.95,0.727116,0.23037,0.354635,0.59149
48.96,0.73937,0.236778,0.353949,0.60442
48.97,0.735866,0.239829,0.345805,0.603655
48.98,0.734973,0.241629,0.345735,0.601888
48.989,0.736049,0.243912,0.346918,0.601601
49.0,0.730599,0.24348,0.346881,0.595119
49.01,0.728698,0.243849,0.346804,0.592676
49.019,0.7298,0.240495,0.343685,0.597202
49.03,0.730724,0.242882,0.33602,0.601711
49.039,0.720564,0.241741,0.337673,0.588856
49.05,0.717463,0.237113,0.349266,0.580125
49.059,0.73511,0.237443,0.348928,0.601878
49.07,0.756129,0.239554,0.352926,0.62433
49.08,0.775811,0.245237,0.371064,0.635651
49.09,0.775662,0.245444,0.381593,0.629123
49.1,0.781523,0.241219,0.380578,0.638555
49.11,0.789303,0.243996,0.377608,0.64875
49.12,0.79365,0.254733,0.366782,0.656096
49.13,0.789465,0.254725,0.366479,0.651202
49.14,0.786264,0.256441,0.359012,0.650814
49.15,0.779025,0.257239,0.357126,0.642782
49.16,0.766653,0.257158,0.356185,0.628298
49.17,0.751924,0.249997,0.339829,0.62242
49.18,0.746384,0.248568,0.334381,0.619268
49.19,0.737291,0.248411,0.339645,0.605418
49.2,0.725607,0.240291,0.339618,0.594496
49.21,0.723444,0.236255,0.338662,0.594023
49.22,0.734876,0.235783,0.347169,0.60326
49.23,0.745294,0.242714,0.345096,0.61438
49.24,0.751322,0.245516,0.345537,0.620331
49.25,0.759507,0.24608,0.358171,0.622905
49.26,0.768514,0.243871,0.3682,0.628943
49.27,0.782426,0.246427,0.36859,0.644675
49.28,0.787223,0.249113,0.357029,0.655891
49.29,0.78082,0.248925,0.350188,0.651985
49.3,0.767575,0.248884,0.353384,0.634309
49.31,0.759504,0.24383,0.353501,0.626442
49.32,0.760299,0.239793,0.354964,0.628135
49.33,0.759506,0.236728,0.354563,0.628565
49.34,0.760801,0.236125,0.35832,0.628227
49.35,0.752844,0.228097,0.35828,0.621596
49.36,0.756747,0.225275,0.363086,0.624568
49.37,0.753942,0.225027,0.359461,0.623362
49.38,0.760862,0.22977,0.36964,0.624086
49.39,0.763465,0.230639,0.374426,0.62409
49.4,0.758802,0.230565,0.369383,0.621431
49.41,0.734559,0.23208,0.366795,0.592602
49.42,0.713064,0.231262,0.362435,0.568875
49.43,0.704305,0.225934,0.344826,0.571047
49.44,0.703157,0.226005,0.336026,0.574838
49.45,0.69636,0.224443,0.33867,0.565549
49.46,0.687783,0.216136,0.34973,0.55138
49.47,0.691976,0.212895,0.350761,0.557201
49.48,0.698284,0.209073,0.350214,0.56678
49.49,0.699258,0.212709,0.349179,0.567266
49.5,0.698617,0.213575,0.34963,0.565871
49.51,0.702156,0.216077,0.356759,0.564851
49.52,0.699062,0.214147,0.357872,0.561031
49.53,0.69959,0.224286,0.356429,0.558642
49.54,0.699903,0.224569,0.354455,0.560174
49.55,0.694617,0.230143,0.342886,0.558531
49.56,0.674203,0.230433,0.342307,0.533175
49.57,0.65536,0.231412,0.340379,0.509988
49.58,0.629979,0.221132,0.31894,0.496236
49.59,0.628662,0.221305,0.309989,0.500146
49.6,0.618984,0.222628,0.310649,0.486904
49.61,0.609602,0.222427,0.314927,0.472188
49.62,0.597556,0.207164,0.316722,0.462432
49.63,0.609091,0.206907,0.318345,0.476276
49.64,0.619605,0.210392,0.31992,0.487131
49.65,0.623646,0.217589,0.327582,0.484025
49.66,0.620511,0.214753,0.328007,0.480964
49.67,0.621193,0.215468,0.328384,0.481268
49.68,0.622455,0.221104,0.327685,0.480818
49.69,0.630201,0.241321,0.327447,0.481347
49.7,0.64255,0.245308,0.327381,0.495496
49.71,0.648954,0.25573,0.330644,0.496405
49.72,0.635822,0.259028,0.321836,0.483317
49.73,0.627976,0.255515,0.32687,0.471404
49.74,0.61822,0.256797,0.328821,0.45621
49.75,0.616581,0.256448,0.326243,0.456039
49.76,0.595243,0.261376,0.313085,0.43356
49.77,0.578183,0.257862,0.311677,0.41311
49.78,0.561191,0.254845,0.308235,0.393676
49.79,0.560114,0.2556,0.300915,0.3973
49.8,0.555277,0.255598,0.292188,0.397025
49.81,0.558645,0.265889,0.297654,0.390882
49.82,0.567589,0.279156,0.291804,0.398848
49.83,0.569058,0.279515,0.292464,0.400204
49.84,0.570633,0.28084,0.288882,0.404102
49.85,0.572544,0.279831,0.295092,0.403015
49.86,0.57085,0.279994,0.291029,0.403454
49.87,0.564681,0.274416,0.29088,0.398684
49.88,0.565401,0.271482,0.276413,0.41179
49.89,0.570368,0.27777,0.269225,0.419144
49.9,0.577248,0.281148,0.28011,0.419177
49.91,0.578433,0.278022,0.290924,0.415513
49.92,0.578311,0.27814,0.290469,0.415583
49.93,0.573147,0.278228,0.291667,0.407452
49.94,0.567664,0.280233,0.292467,0.397712
49.95,0.579731,0.281094,0.288325,0.417064
49.96,0.591217,0.290123,0.28426,0.429607
49.97,0.58557,0.2899,0.285726,0.420965
49.98,0.582678,0.289556,0.295894,0.410022
49.99,0.578707,0.286917,0.296506,0.405789
50.0,0.582356,0.285534,0.304807,0.405835
50.01,0.588665,0.281953,0.298761,0.421628
50.02,0.598387,0.282008,0.29713,0.436179
50.03,0.600646,0.280761,0.30154,0.437061
50.04,0.602143,0.279515,0.307982,0.435425
50.05,0.597643,0.272683,0.307871,0.433632
50.06,0.601066,0.272818,0.31384,0.433998
50.07,0.598266,0.281315,0.310043,0.427384
50.08,0.605172,0.28168,0.309983,0.436807
50.09,0.607197,0.282055,0.305631,0.442407
50.1,0.60357,0.281418,0.304094,0.438893
50.11,0.60537,0.279026,0.307054,0.440835
50.12,0.60431,0.279317,0.304547,0.440935
50.13,0.600257,0.279563,0.311123,0.430529
50.14,0.58869,0.279702,0.30922,0.415579
50.15,0.585445,0.27055,0.309017,0.417202
50.16,0.584834,0.272167,0.305345,0.417995
50.17,0.590084,0.271296,0.316897,0.417341
50.18,0.585727,0.265184,0.315571,0.416135
50.19,0.572363,0.240635,0.310304,0.416419
50.2,0.559612,0.235112,0.310436,0.401893
50.21,0.552746,0.228276,0.306307,0.399492
50.22,0.564639,0.232107,0.308772,0.41183
50.23,0.558486,0.230581,0.302863,0.408673
50.24,0.561608,0.230311,0.3105,0.40737
50.25,0.557232,0.231733,0.303004,0.406196
50.26,0.554822,0.221998,0.305985,0.406101
50.27,0.558071,0.221864,0.310775,0.406987
50.28,0.578367,0.221813,0.312942,0.432868
50.29,0.577874,0.222298,0.312703,0.432133
50.3,0.587835,0.225353,0.328006,0.432641
50.31,0.590802,0.218971,0.328739,0.439352
50.32,0.580154,0.208858,0.328874,0.429883
50.33,0.581159,0.208146,0.332833,0.428536
50.34,0.590955,0.204257,0.341783,0.436682
50.35,0.602922,0.212112,0.336695,0.452946
50.36,0.59934,0.214515,0.336269,0.447342
50.37,0.603447,0.217085,0.33528,0.452337
50.38,0.597939,0.218709,0.33533,0.44413
50.39,0.591779,0.213064,0.336413,0.437759
50.4,0.592574,0.205769,0.342051,0.437954
50.41,0.598794,0.205101,0.335646,0.451475
50.42,0.599218,0.203936,0.336963,0.451584
50.43,0.607956,0.20495,0.336038,0.463341
50.44,0.621723,0.204073,0.341567,0.47773
50.45,0.613309,0.20926,0.346946,0.46042
50.46,0.601298,0.200314,0.340995,0.452941
50.47,0.60095,0.199572,0.339688,0.453789
50.48,0.593806,0.204812,0.33049,0.448814
50.49,0.598741,0.207734,0.329996,0.454357
50.5,0.611812,0.210889,0.322961,0.474907
50.51,0.609345,0.209682,0.328096,0.468708
50.52,0.59887,0.211756,0.328404,0.453824
50.53,0.588952,0.205808,0.324268,0.446495
50.54,0.586587,0.206548,0.319317,0.446608
50.55,0.590988,0.206618,0.325792,0.447701
50.56,0.603573,0.207174,0.327624,0.462647
50.57,0.599878,0.195743,0.327502,0.462904
50.58,0.601759,0.195552,0.34238,0.454587
50.59,0.589911,0.192996,0.342169,0.440077
50.6,0.596895,0.194931,0.353085,0.440019
50.61,0.593552,0.194323,0.349631,0.438521
50.62,0.603253,0.194873,0.34977,0.45122
50.631,0.600467,0.201868,0.343163,0.449499
50.64,0.605467,0.201263,0.350922,0.450485
50.65,0.604774,0.207434,0.348202,0.448863
50.66,0.603802,0.204989,0.351023,0.446474
50.67,0.600127,0.211874,0.339955,0.446869
50.68,0.600552,0.209945,0.340623,0.447841
50.69,0.606679,0.212456,0.34023,0.455154
50.7,0.610657,0.208944,0.35091,0.453989
50.71,0.612217,0.209523,0.353742,0.453625
50.72,0.609301,0.204679,0.354194,0.451554
50.73,0.613245,0.206782,0.354765,0.45547
50.74,0.608661,0.204723,0.347354,0.455963
50.75,0.611463,0.203496,0.34712,0.460417
50.76,0.611484,0.203392,0.345603,0.46163
50.77,0.607116,0.203235,0.341675,0.45885
50.78,0.588129,0.202878,0.339605,0.435206
50.79,0.588597,0.198486,0.339992,0.437556
50.8,0.581265,0.200074,0.325193,0.43828
50.81,0.576677,0.200141,0.324566,0.432617
50.82,0.579926,0.203973,0.328268,0.432377
50.83,0.577787,0.203643,0.324379,0.432603
50.84,0.564429,0.208792,0.313648,0.420251
50.85,0.555628,0.202048,0.314815,0.410841
50.86,0.568463,0.211417,0.314511,0.423718
50.87,0.564581,0.208483,0.315936,0.418892
50.88,0.563712,0.208203,0.318998,0.415527
50.89,0.562845,0.209899,0.31707,0.414975
50.9,0.55408,0.21085,0.301491,0.414307
50.91,0.547381,0.211306,0.297129,0.408278
50.92,0.572711,0.215063,0.296024,0.440585
50.93,0.567393,0.214787,0.297883,0.432513
50.94,0.556627,0.210015,0.301897,0.417834
50.95,0.555174,0.202839,0.296662,0.423162
50.96,0.55881,0.202785,0.302318,0.42397
50.97,0.561765,0.202734,0.307529,0.424152
50.98,0.561738,0.197132,0.309606,0.425244
50.99,0.568491,0.201348,0.323944,0.421546
51.0,0.558389,0.200624,0.33238,0.401338
51.01,0.554428,0.201357,0.326264,0.400497
51.02,0.560108,0.198859,0.32933,0.407084
51.03,0.582638,0.209521,0.330284,0.431834
51.04,0.597865,0.227866,0.341972,0.434252
51.05,0.597867,0.228724,0.340963,0.434596
51.06,0.591885,0.236571,0.333291,0.428111
51.07,0.594124,0.240001,0.335408,0.42765
51.08,0.588921,0.239483,0.323516,0.429899
51.09,0.60564,0.245855,0.329342,0.444846
51.1,0.602783,0.252087,0.318966,0.44504
51.11,0.609222,0.252188,0.318863,0.453739
51.12,0.607608,0.25191,0.320804,0.450349
51.13,0.607837,0.247374,0.320644,0.453276
51.14,0.623562,0.249184,0.312298,0.478755
51.15,0.629907,0.243453,0.326409,0.480594
51.16,0.629835,0.243538,0.323116,0.482677
51.17,0.63421,0.236333,0.328151,0.488556
51.18,0.64535,0.236486,0.348373,0.489067
51.19,0.645861,0.233888,0.357298,0.484532
51.2,0.652492,0.239949,0.34856,0.496665
51.21,0.656926,0.244659,0.353812,0.496498
51.22,0.658835,0.243637,0.352386,0.500528
51.23,0.65746,0.242447,0.350727,0.500464
51.24,0.660036,0.249107,0.349993,0.501097
51.25,0.658897,0.258861,0.353511,0.492104
51.26,0.663435,0.259265,0.353302,0.498101
51.27,0.665509,0.263449,0.353269,0.498696
51.28,0.68621,0.280144,0.352362,0.517923
51.29,0.683795,0.280248,0.351154,0.515488
51.3,0.694023,0.285591,0.354842,0.523633
51.31,0.718144,0.293509,0.351735,0.553051
51.32,0.726031,0.289513,0.348905,0.567069
51.33,0.73231,0.295744,0.347995,0.572462
51.34,0.743861,0.294445,0.34761,0.588047
51.35,0.748696,0.295494,0.347593,0.59364
51.36,0.74512,0.289559,0.352035,0.589432
51.37,0.7486,0.289616,0.35113,0.594334
51.38,0.752321,0.288817,0.361179,0.593399
51.39,0.760045,0.288172,0.360717,0.603745
51.4,0.763099,0.29064,0.360775,0.606375
51.41,0.760441,0.29025,0.367918,0.598884
51.42,0.752334,0.291996,0.372227,0.584971
51.43,0.757704,0.292654,0.388906,0.580707
51.44,0.753051,0.292471,0.378851,0.581394
51.45,0.757193,0.292672,0.381821,0.58472
51.46,0.758576,0.294569,0.381835,0.58555
51.47,0.766504,0.295864,0.390437,0.589536
51.48,0.769414,0.29806,0.391397,0.59158
51.49,0.772831,0.298206,0.392032,0.595526
51.5,0.778803,0.296938,0.402041,0.597265
51.51,0.775056,0.296551,0.403561,0.59153
51.52,0.771737,0.301291,0.399914,0.587256
51.53,0.762908,0.293185,0.398236,0.580929
51.54,0.753661,0.281301,0.391244,0.579485
51.55,0.754414,0.281081,0.387461,0.583103
51.56,0.756388,0.274426,0.399804,0.580492
51.57,0.755794,0.271813,0.400691,0.580335
51.58,0.755789,0.271955,0.403983,0.577975
51.59,0.745523,0.264957,0.410713,0.562953
51.6,0.746605,0.259677,0.410962,0.566654
51.61,0.738655,0.261577,0.410799,0.555368
51.62,0.747866,0.261952,0.413946,0.565096
51.63,0.750716,0.261835,0.413944,0.568918
51.64,0.739596,0.258973,0.439002,0.535923
51.65,0.733382,0.258997,0.424718,0.538873
51.66,0.736759,0.261237,0.426521,0.540969
51.67,0.732082,0.261315,0.428385,0.533053
51.68,0.728653,0.26155,0.409307,0.543134
51.69,0.732298,0.265417,0.41449,0.542229
51.7,0.72544,0.26083,0.413321,0.536094
51.71,0.732323,0.258091,0.425728,0.537068
51.72,0.718512,0.259276,0.428196,0.515446
51.73,0.722239,0.259049,0.428432,0.520547
51.74,0.72181,0.261648,0.429742,0.517564
51.75,0.719696,0.254417,0.426662,0.520762
51.76,0.737412,0.260534,0.426584,0.542149
51.77,0.732138,0.256208,0.426404,0.53718
51.78,0.723982,0.237561,0.430463,0.531429
51.79,0.732695,0.240177,0.429931,0.542509
51.8,0.721213,0.229729,0.433456,0.528667
51.81,0.710937,0.220943,0.432732,0.518999
51.82,0.708595,0.222063,0.43292,0.515146
51.83,0.701025,0.2127,0.439325,0.503178
51.84,0.692562,0.209597,0.439481,0.492512
51.85,0.690296,0.211566,0.437892,0.489897
51.86,0.682404,0.212724,0.435094,0.480746
51.87,0.683109,0.21346,0.437105,0.479595
51.88,0.684816,0.213731,0.430368,0.48793
51.89,0.680432,0.212637,0.43323,0.479672
51.9,0.679523,0.20889,0.434912,0.478506
51.91,0.689255,0.210889,0.436473,0.48999
51.92,0.69061,0.205249,0.431111,0.498958
51.93,0.689356,0.206394,0.423161,0.503535
51.94,0.688352,0.206689,0.422094,0.502936
51.95,0.687519,0.208422,0.42026,0.502617
51.96,0.692677,0.206057,0.41674,0.513489
51.97,0.687444,0.205952,0.408908,0.512794
51.98,0.685908,0.203482,0.410628,0.510342
51.99,0.671101,0.20129,0.396833,0.502376
52.0,0.665583,0.205931,0.383084,0.503825
52.01,0.671703,0.210726,0.385901,0.507799
52.02,0.672531,0.202159,0.388765,0.510188
52.03,0.669349,0.202146,0.395224,0.500962
52.04,0.670474,0.203128,0.393242,0.503622
52.05,0.665851,0.20469,0.392593,0.497322
52.06,0.655221,0.20271,0.380349,0.493516
52.07,0.666305,0.204934,0.378174,0.50887
52.08,0.661709,0.205034,0.370821,0.508243
52.09,0.657987,0.205032,0.361956,0.509801
52.1,0.658406,0.20422,0.366904,0.507123
52.11,0.662809,0.200031,0.369079,0.512917
52.12,0.644,0.201094,0.36651,0.489866
52.13,0.644968,0.202878,0.371676,0.4865
52.14,0.629585,0.201899,0.345599,0.485979
52.15,0.630228,0.204787,0.345562,0.485629
52.16,0.633888,0.203067,0.349237,0.488478
52.17,0.626708,0.206429,0.343891,0.481548
52.18,0.620492,0.206461,0.345188,0.472472
52.19,0.614661,0.2082,0.3316,0.473816
52.2,0.614432,0.207422,0.33085,0.474385
52.21,0.607418,0.206576,0.318482,0.474186
52.22,0.60626,0.205451,0.314731,0.475695
52.23,0.615952,0.21174,0.314441,0.485479
52.24,0.62105,0.196172,0.312592,0.499505
52.25,0.620094,0.195562,0.31835,0.494899
52.26,0.614316,0.188869,0.337418,0.477349
52.27,0.628385,0.19223,0.341865,0.490962
52.28,0.665052,0.202034,0.337294,0.536385
52.29,0.67957,0.210955,0.350926,0.542369
52.3,0.68365,0.212399,0.353925,0.544978
52.31,0.686959,0.210804,0.363299,0.543588
52.32,0.702191,0.208271,0.363182,0.563732
52.33,0.738331,0.211069,0.359698,0.609261
52.34,0.764159,0.226929,0.373456,0.626876
52.35,0.772968,0.223689,0.389737,0.628926
52.36,0.778253,0.219996,0.393927,0.634114
52.37,0.792542,0.219627,0.392174,0.652752
52.38,0.80895,0.229983,0.390334,0.670184
52.39,0.814615,0.23162,0.388196,0.677682
52.4,0.815857,0.232928,0.394847,0.67488
52.41,0.806493,0.236586,0.389435,0.665431
52.42,0.798963,0.236711,0.389685,0.656091
52.43,0.796961,0.233969,0.382581,0.658816
52.44,0.797667,0.234447,0.383352,0.659052
52.45,0.801987,0.24042,0.383085,0.662289
52.46,0.796315,0.242837,0.382457,0.654884
52.47,0.792683,0.240063,0.381111,0.652281
52.48,0.791836,0.241169,0.378881,0.652143
52.49,0.804205,0.238658,0.377308,0.668899
52.5,0.817134,0.235904,0.375488,0.686342
52.51,0.821499,0.232836,0.372291,0.694296
52.52,0.820631,0.232771,0.372957,0.692933
52.53,0.817731,0.232941,0.370397,0.690817
52.54,0.821716,0.235985,0.370787,0.694294
52.55,0.82712,0.233292,0.381285,0.695935
52.56,0.825579,0.236147,0.381241,0.69316
52.57,0.818666,0.234918,0.381876,0.68498
52.58,0.83011,0.242544,0.385529,0.693991
52.59,0.842661,0.250928,0.393487,0.701628
52.6,0.845854,0.251407,0.400188,0.701508
52.61,0.848477,0.251954,0.412567,0.697295
52.62,0.865317,0.253849,0.42003,0.712678
52.63,0.887834,0.259603,0.41705,0.739544
52.64,0.899856,0.265794,0.415383,0.752696
52.65,0.899615,0.263356,0.416425,0.752689
52.66,0.898109,0.262909,0.418141,0.750091
52.67,0.901964,0.261153,0.416755,0.756078
52.68,0.902344,0.261315,0.416772,0.756465
52.69,0.898393,0.2521,0.414593,0.756087
52.7,0.909249,0.251775,0.421674,0.765202
52.71,0.911956,0.252704,0.41377,0.772398
52.72,0.918651,0.264497,0.419574,0.773252
52.73,0.914147,0.260131,0.425983,0.765856
52.74,0.907348,0.26419,0.426909,0.7558
52.75,0.912179,0.264412,0.423949,0.763166
52.76,0.908215,0.266121,0.405584,0.767812
52.77,0.902001,0.266836,0.40362,0.761246
52.78,0.873627,0.263764,0.401957,0.72944
52.79,0.854252,0.253735,0.39237,0.71513
52.8,0.846463,0.253412,0.380547,0.712366
52.81,0.843767,0.253279,0.383847,0.707428
52.82,0.830963,0.252877,0.393741,0.686673
52.83,0.808698,0.250399,0.391392,0.661895
52.84,0.812258,0.244803,0.375671,0.677279
52.85,0.817764,0.24864,0.369179,0.686019
52.86,0.81591,0.247224,0.377274,0.679892
52.87,0.801096,0.24774,0.37851,0.661142
52.88,0.787089,0.242782,0.377238,0.646729
52.89,0.792055,0.239909,0.377389,0.653737
52.9,0.792418,0.243759,0.365636,0.659408
52.91,0.792829,0.241233,0.368084,0.659468
52.92,0.796858,0.245438,0.369022,0.662243
52.93,0.795479,0.245477,0.369394,0.66036
52.94,0.796776,0.243314,0.374544,0.659823
52.95,0.794211,0.238835,0.384918,0.652356
52.96,0.800673,0.235859,0.385168,0.661131
52.97,0.827873,0.240634,0.382974,0.693397
52.98,0.840362,0.244841,0.379415,0.708736
52.99,0.828612,0.245145,0.383161,0.692595
53.0,0.813919,0.245342,0.38529,0.673664
53.01,0.811353,0.245437,0.385348,0.670493
53.02,0.826076,0.244982,0.380917,0.69086
53.03,0.833093,0.250715,0.377539,0.699036
53.04,0.830714,0.252357,0.381166,0.693624
53.05,0.829463,0.25849,0.375138,0.693155
53.06,0.831167,0.257458,0.377199,0.69446
53.07,0.830204,0.258004,0.38157,0.690708
53.08,0.822777,0.254501,0.38268,0.682457
53.09,0.808418,0.244637,0.375549,0.672797
53.1,0.815975,0.244822,0.363826,0.688119
53.11,0.823211,0.245419,0.348718,0.70416
53.12,0.81092,0.241403,0.337075,0.696919
53.13,0.785608,0.234218,0.339168,0.668795
53.14,0.780259,0.228219,0.347967,0.660029
53.15,0.78733,0.227646,0.350242,0.66738
53.16,0.799237,0.23265,0.338887,0.685426
53.17,0.807266,0.244593,0.340217,0.690004
53.18,0.807306,0.244468,0.34043,0.68999
53.19,0.80786,0.246284,0.340659,0.689879
53.2,0.797369,0.254703,0.331097,0.679189
53.21,0.791519,0.253349,0.331248,0.672749
53.22,0.78432,0.24156,0.330979,0.668775
53.23,0.780945,0.239126,0.322219,0.669976
53.24,0.791993,0.234289,0.321913,0.684641
53.25,0.802177,0.236325,0.323805,0.694829
53.26,0.805904,0.246353,0.325528,0.694855
53.27,0.819804,0.249558,0.353605,0.696249
53.28,0.81884,0.248231,0.357781,0.69345
53.29,0.822453,0.251388,0.359723,0.695581
53.3,0.829058,0.253143,0.358836,0.703202
53.31,0.834622,0.252997,0.352861,0.712793
53.32,0.828528,0.254459,0.34036,0.711241
53.33,0.821401,0.254207,0.342835,0.701814
53.34,0.804203,0.251345,0.343715,0.682222
53.35,0.792451,0.252428,0.337517,0.671074
53.36,0.798626,0.250729,0.351874,0.671657
53.37,0.802789,0.249356,0.356313,0.674783
53.38,0.813789,0.250082,0.357908,0.686741
53.39,0.825637,0.25107,0.359997,0.699316
53.4,0.847303,0.253905,0.360176,0.72369
53.41,0.855708,0.256284,0.356379,0.73454
53.42,0.850117,0.2537,0.35484,0.729674
53.43,0.847874,0.25504,0.354437,0.726787
53.44,0.846022,0.254478,0.349223,0.72735
53.45,0.845835,0.254803,0.346178,0.728473
53.46,0.838848,0.25599,0.354932,0.715652
53.47,0.827259,0.249434,0.355455,0.704124
53.48,0.841873,0.250649,0.362713,0.717193
53.49,0.864074,0.263398,0.358079,0.740963
53.5,0.882868,0.277951,0.365059,0.754276
53.51,0.882276,0.279539,0.369129,0.751008
53.52,0.867146,0.282049,0.369889,0.731829
53.53,0.863985,0.274727,0.370021,0.730807
53.54,0.874247,0.274503,0.36681,0.744585
53.55,0.874667,0.270622,0.370856,0.744495
53.56,0.876047,0.267152,0.369667,0.747953
53.57,0.893499,0.269559,0.373968,0.765393
53.58,0.901376,0.273288,0.366744,0.776718
53.59,0.910504,0.28181,0.374305,0.780702
53.6,0.907925,0.283231,0.389859,0.769492
53.61,0.898743,0.284095,0.390825,0.757816
53.62,0.903801,0.285831,0.391948,0.762583
53.63,0.910304,0.285029,0.388915,0.772112
53.64,0.908557,0.286452,0.389358,0.769299
53.65,0.906916,0.290301,0.387644,0.766782
53.66,0.909753,0.292065,0.387877,0.769351
53.67,0.916578,0.288706,0.388346,0.778428
53.68,0.926879,0.289085,0.394417,0.787381
53.69,0.939083,0.286961,0.416998,0.790977
53.7,0.947041,0.281123,0.420706,0.80054
53.71,0.966226,0.281844,0.421272,0.822609
53.72,0.976751,0.281786,0.417964,0.836627
53.73,0.977595,0.284983,0.41871,0.836157
53.74,0.969688,0.284818,0.418027,0.827302
53.75,0.966601,0.287411,0.416448,0.82358
53.76,0.96676,0.282012,0.416687,0.825509
53.77,0.955889,0.273041,0.393556,0.827216
53.78,0.958329,0.2745,0.396559,0.828121
53.79,0.960436,0.269904,0.396397,0.832141
53.8,0.95916,0.269606,0.396389,0.830768
53.81,0.961272,0.268035,0.402806,0.830631
53.82,0.977856,0.267069,0.405859,0.848619
53.83,0.977482,0.26669,0.403221,0.849564
53.84,0.992012,0.267928,0.401726,0.866555
53.85,1.001211,0.265475,0.407807,0.875008
53.86,0.991374,0.270334,0.384413,0.872909
53.87,1.000533,0.274238,0.38312,0.882655
53.88,0.98785,0.275184,0.383019,0.867997
53.89,0.973416,0.275069,0.380698,0.85261
53.9,0.948839,0.264024,0.385613,0.825766
53.91,0.945881,0.262239,0.384706,0.823361
53.92,0.957152,0.262456,0.390397,0.833575
53.93,0.968455,0.260674,0.395529,0.844696
53.94,0.967418,0.260181,0.395697,0.84358
53.95,0.971127,0.260385,0.390443,0.850201
53.96,0.980001,0.260518,0.388547,0.861141
53.97,0.960549,0.260452,0.387867,0.839273
53.98,0.943105,0.25817,0.380894,0.823235
53.99,0.928018,0.245272,0.38509,0.807938
54.0,0.922015,0.229032,0.383208,0.806727
54.01,0.923654,0.232659,0.381594,0.808327
54.02,0.941443,0.234334,0.380425,0.828661
54.03,0.936633,0.234542,0.380413,0.823139
54.04,0.943422,0.235355,0.380787,0.830455
54.05,0.947536,0.240594,0.376424,0.83561
54.06,0.942614,0.23963,0.384972,0.826374
54.07,0.935845,0.239038,0.377465,0.822306
54.08,0.918997,0.23561,0.381781,0.802052
54.09,0.915648,0.227653,0.379012,0.801832
54.1,0.90339,0.232031,0.364254,0.79347
54.11,0.90296,0.230636,0.363267,0.79384
54.12,0.880657,0.229815,0.362254,0.769099
54.13,0.87802,0.229826,0.361803,0.766289
54.14,0.871444,0.227893,0.359072,0.760623
54.15,0.86557,0.223162,0.371494,0.749268
54.16,0.868859,0.215602,0.371065,0.755476
54.17,0.843314,0.211956,0.376207,0.724377
54.18,0.841779,0.214381,0.367273,0.726459
54.19,0.827426,0.214775,0.34526,0.720625
54.2,0.846251,0.223807,0.33994,0.741951
54.21,0.804488,0.227593,0.338286,0.693516
54.22,0.806197,0.234279,0.337518,0.693648
54.23,0.818694,0.235015,0.337983,0.707669
54.24,0.803602,0.236365,0.337317,0.690018
54.25,0.801438,0.231216,0.340985,0.687438
54.26,0.780907,0.228908,0.340012,0.664688
54.27,0.783403,0.234873,0.341078,0.664997
54.28,0.772357,0.230634,0.337765,0.655178
54.29,0.78268,0.240274,0.344865,0.660246
54.3,0.768736,0.24013,0.354441,0.638486
54.31,0.776062,0.24426,0.348652,0.648885
54.32,0.768216,0.24421,0.344998,0.641477
54.33,0.761212,0.244996,0.351451,0.629208
54.34,0.75208,0.240357,0.361939,0.613883
54.35,0.755631,0.240483,0.362698,0.617734
54.36,0.791682,0.236744,0.358795,0.664815
54.37,0.785094,0.236131,0.35271,0.660463
54.38,0.784103,0.236498,0.351755,0.659663
54.39,0.801469,0.236828,0.352629,0.679645
54.4,0.80271,0.248053,0.346202,0.680409
54.41,0.802038,0.249034,0.346142,0.679288
54.42,0.808612,0.25696,0.341084,0.686648
54.43,0.803594,0.261316,0.340853,0.679188
54.44,0.807839,0.261772,0.341924,0.683497
54.45,0.80595,0.26139,0.345503,0.679602
54.46,0.793162,0.259296,0.339445,0.668317
54.47,0.803463,0.261913,0.361925,0.667807
54.48,0.809005,0.261071,0.375404,0.667385
54.49,0.798627,0.262857,0.371448,0.656307
54.5,0.796541,0.263871,0.364383,0.657324
54.51,0.790135,0.26201,0.361726,0.65178
54.52,0.768007,0.262673,0.362831,0.623851
54.53,0.767282,0.266165,0.364696,0.620383
54.54,0.759758,0.265507,0.367129,0.609881
54.55,0.741705,0.261018,0.363463,0.591515
54.561,0.740981,0.261166,0.355731,0.595232
54.57,0.743853,0.260227,0.355674,0.599245
54.58,0.735919,0.258246,0.351484,0.592744
54.59,0.737848,0.25808,0.3421,0.600651
54.6,0.743778,0.258711,0.344246,0.606439
54.61,0.747528,0.260247,0.349157,0.607585
54.62,0.749725,0.263045,0.352241,0.607306
54.63,0.752334,0.26907,0.352704,0.607625
54.64,0.749492,0.27085,0.343731,0.608463
54.65,0.739827,0.270188,0.328658,0.60525
54.66,0.728827,0.270154,0.331913,0.589949
54.67,0.724642,0.268135,0.332295,0.585483
54.68,0.728596,0.266791,0.333905,0.59007
54.69,0.725823,0.269522,0.33337,0.585697
54.7,0.70748,0.261874,0.335961,0.564873
54.71,0.708107,0.258333,0.336126,0.567186
54.72,0.70358,0.253541,0.335954,0.563805
54.73,0.703094,0.262275,0.352678,0.54879
54.74,0.703471,0.260584,0.358122,0.546549
54.75,0.703211,0.264199,0.35627,0.545688
54.76,0.701873,0.26246,0.358531,0.54332
54.77,0.698951,0.256567,0.357537,0.543022
54.78,0.711555,0.256524,0.360541,0.557239
54.79,0.7234,0.2526,0.350355,0.580303
54.8,0.725178,0.251632,0.342364,0.587666
54.81,0.720784,0.248843,0.338458,0.585707
54.82,0.724567,0.250163,0.348552,0.58389
54.83,0.722341,0.249878,0.343167,0.584443
54.84,0.720492,0.249884,0.338321,0.584984
54.85,0.705677,0.254521,0.332687,0.567907
54.86,0.673466,0.254664,0.335907,0.525233
54.87,0.670105,0.253048,0.335952,0.521674
54.88,0.671392,0.252606,0.335644,0.523738
54.89,0.666904,0.252098,0.336363,0.517753
54.9,0.67764,0.243692,0.342215,0.531694
54.91,0.679854,0.242793,0.344924,0.53318
54.92,0.668711,0.236735,0.344081,0.522244
54.93,0.665029,0.230852,0.338319,0.523937
54.94,0.670811,0.230453,0.352113,0.522394
54.95,0.679011,0.230805,0.36121,0.526605
54.96,0.685901,0.231891,0.361898,0.534524
54.97,0.723141,0.229236,0.340759,0.595204
54.98,0.727195,0.236695,0.333684,0.601201
54.99,0.73462,0.23893,0.350532,0.599756
55.0,0.733537,0.241575,0.355187,0.594609
55.01,0.735322,0.251156,0.355237,0.592811
55.02,0.737304,0.252129,0.355308,0.594815
55.03,0.731092,0.250513,0.367015,0.58055
55.04,0.75408,0.248173,0.363153,0.612508
55.05,0.767821,0.250373,0.360855,0.629798
55.06,0.811915,0.252619,0.359552,0.682724
55.07,0.814323,0.251594,0.360026,0.685714
55.08,0.825712,0.251553,0.372171,0.692827
55.09,0.817558,0.249825,0.377789,0.680635
55.1,0.839042,0.242254,0.376444,0.709644
55.11,0.842343,0.240936,0.371984,0.716323
55.12,0.856712,0.237723,0.369186,0.735625
55.13,0.850302,0.23242,0.370053,0.729421
55.14,0.853475,0.230662,0.372346,0.732511
55.15,0.856559,0.237575,0.373466,0.733331
55.16,0.846599,0.238287,0.37029,0.723073
55.17,0.847908,0.243425,0.367765,0.724183
55.18,0.850109,0.24294,0.368906,0.726343
55.19,0.839229,0.242075,0.372283,0.712116
55.2,0.841691,0.244571,0.369992,0.715356
55.21,0.84382,0.245067,0.369371,0.718011
55.22,0.831593,0.242581,0.374239,0.701887
55.23,0.821692,0.227927,0.360657,0.702249
55.24,0.819813,0.232444,0.356058,0.700918
55.25,0.827501,0.229083,0.357467,0.710279
55.26,0.826038,0.232219,0.355435,0.708575
55.27,0.82526,0.235747,0.353744,0.707348
55.28,0.823474,0.239828,0.349156,0.706174
55.29,0.79441,0.239804,0.351617,0.670781
55.3,0.793975,0.239953,0.352024,0.669998
55.31,0.799069,0.241452,0.358762,0.671939
55.32,0.784153,0.239957,0.350689,0.65904
55.33,0.791615,0.239373,0.349619,0.668672
55.34,0.792622,0.240295,0.342587,0.673158
55.35,0.789316,0.23268,0.343282,0.671593
55.36,0.788539,0.230417,0.351918,0.666975
55.37,0.791535,0.230331,0.353907,0.669496
55.38,0.799586,0.228171,0.355726,0.678774
55.39,0.785851,0.231117,0.355294,0.66175
55.4,0.782405,0.234019,0.351856,0.658475
55.41,0.786808,0.239102,0.349665,0.663047
55.42,0.787084,0.238743,0.353019,0.661725
55.43,0.789929,0.239202,0.360551,0.660888
55.44,0.78594,0.23893,0.352578,0.660533
55.45,0.786689,0.240085,0.34062,0.667246
55.46,0.785611,0.242732,0.340167,0.665246
55.47,0.759493,0.242902,0.339452,0.634509
55.48,0.739058,0.23379,0.33351,0.616701
55.49,0.729816,0.23021,0.313966,0.617301
55.5,0.73434,0.22786,0.324796,0.617935
55.51,0.734613,0.207996,0.333855,0.620431
55.52,0.739702,0.203679,0.331647,0.629034
55.53,0.753448,0.206945,0.318187,0.650856
55.54,0.744868,0.207873,0.332529,0.633279
55.55,0.722342,0.203513,0.336271,0.606038
55.561,0.677813,0.206852,0.336096,0.551074
55.57,0.673253,0.206835,0.33573,0.545687
55.58,0.664217,0.208772,0.322407,0.541897
55.59,0.662165,0.210353,0.316547,0.542229
55.6,0.673188,0.228106,0.31695,0.548354
55.61,0.659706,0.228684,0.318709,0.530415
55.62,0.644212,0.228213,0.320461,0.510129
55.631,0.641361,0.226418,0.318366,0.508647
55.64,0.645069,0.226736,0.319334,0.512573
55.65,0.668023,0.225466,0.317713,0.542659
55.66,0.673553,0.226723,0.323441,0.545579
55.67,0.674472,0.219431,0.319432,0.55202
55.68,0.676989,0.219292,0.330716,0.548499
55.69,0.672664,0.217498,0.326681,0.546307
55.7,0.667315,0.213345,0.326756,0.541317
55.71,0.664568,0.213738,0.329309,0.536212
55.72,0.671821,0.215881,0.327478,0.545433
55.73,0.669637,0.216639,0.325085,0.543876
55.74,0.668442,0.213191,0.326208,0.543095
55.75,0.65158,0.215995,0.320616,0.524507
55.76,0.651097,0.211948,0.32062,0.525555
55.77,0.649347,0.212016,0.323996,0.521274
55.78,0.645304,0.208279,0.325436,0.516844
55.79,0.653982,0.219226,0.322881,0.524767
55.8,0.654684,0.220266,0.321335,0.526153
55.81,0.649042,0.220738,0.312828,0.524089
55.82,0.647538,0.220132,0.310987,0.523579
55.83,0.643829,0.221831,0.310989,0.518259
55.84,0.634503,0.221072,0.31066,0.507159
55.85,0.641222,0.224034,0.314758,0.511764
55.86,0.636947,0.224917,0.306443,0.511084
55.87,0.638566,0.224477,0.305263,0.513995
55.88,0.618243,0.223764,0.301957,0.490892
55.89,0.617432,0.21839,0.30664,0.489387
55.9,0.617951,0.212632,0.308598,0.491343
55.91,0.61115,0.206829,0.311238,0.483588
55.92,0.615512,0.203856,0.309549,0.491403
55.93,0.610641,0.204042,0.301919,0.489994
55.94,0.60902,0.20527,0.291828,0.493564
55.95,0.591067,0.205858,0.291526,0.471164
55.96,0.583777,0.200963,0.295188,0.461815
55.97,0.58795,0.201681,0.294979,0.466901
55.98,0.591566,0.200352,0.292234,0.473718
55.99,0.59506,0.206238,0.292694,0.475282
56.0,0.589548,0.205804,0.280309,0.476066
56.01,0.587213,0.212298,0.269238,0.476718
56.02,0.565146,0.212827,0.268953,0.449176
56.03,0.554209,0.211787,0.26879,0.435942
56.04,0.543758,0.209518,0.261031,0.428529
56.05,0.54326,0.214938,0.255106,0.428783
56.06,0.541895,0.213018,0.255306,0.427893
56.07,0.553337,0.214194,0.262623,0.437415
56.08,0.55645,0.210937,0.271167,0.437734
56.09,0.553106,0.209796,0.271778,0.433646
56.1,0.529767,0.19407,0.270238,0.412264
56.11,0.52971,0.192791,0.270637,0.412528
56.12,0.538049,0.192094,0.279436,0.417747
56.13,0.551874,0.193662,0.279804,0.434476
56.14,0.560943,0.19303,0.280157,0.445992
56.15,0.540956,0.189833,0.283596,0.419726
56.16,0.527449,0.186583,0.283454,0.403785
56.17,0.529724,0.193716,0.285805,0.401743
56.18,0.522986,0.193969,0.272235,0.402217
56.19,0.518519,0.193743,0.273938,0.395327
56.2,0.519103,0.194489,0.274518,0.395324
56.21,0.526695,0.199815,0.275916,0.401686
56.22,0.518418,0.200674,0.275095,0.390909
56.23,0.520059,0.205642,0.273154,0.391866
56.24,0.521689,0.206241,0.273099,0.393753
56.25,0.535152,0.210061,0.273576,0.409167
56.26,0.533677,0.209877,0.273558,0.407343
56.27,0.533751,0.207296,0.272705,0.40933
56.28,0.53177,0.2075,0.273373,0.40619
56.29,0.523414,0.191541,0.275234,0.401896
56.3,0.522359,0.190043,0.276949,0.400053
56.31,0.526071,0.188809,0.28146,0.402346
56.32,0.548322,0.191007,0.281354,0.430131
56.33,0.55072,0.18958,0.283659,0.432307
56.34,0.552592,0.189445,0.294686,0.427351
56.35,0.543104,0.185742,0.286591,0.422289
56.36,0.541239,0.185179,0.283376,0.422311
56.37,0.549113,0.184843,0.282205,0.433266
56.38,0.569743,0.190665,0.282166,0.456767
56.39,0.576228,0.196603,0.280166,0.463566
56.4,0.578324,0.196558,0.286449,0.462353
56.41,0.57147,0.202915,0.286675,0.450801
56.42,0.565106,0.202618,0.284504,0.444239
56.43,0.567405,0.204497,0.284574,0.44626
56.44,0.576435,0.20536,0.285188,0.456917
56.45,0.592447,0.211404,0.282056,0.476179
56.46,0.59341,0.211344,0.285481,0.475363
56.47,0.597066,0.214383,0.288106,0.476993
56.48,0.585628,0.213753,0.288146,0.462862
56.49,0.583502,0.209828,0.287762,0.462212
56.5,0.597732,0.214008,0.285678,0.47945
56.51,0.612388,0.210378,0.287725,0.49797
56.52,0.613969,0.209885,0.288156,0.499873
56.53,0.619658,0.206839,0.298522,0.502074
56.54,0.616862,0.207596,0.292173,0.502053
56.55,0.614004,0.201725,0.29213,0.500966
56.561,0.616892,0.200554,0.29191,0.505096
56.57,0.628056,0.201256,0.289926,0.519512
56.58,0.629233,0.20474,0.282837,0.523468
56.59,0.622601,0.203007,0.280988,0.51717
56.6,0.620829,0.203465,0.281758,0.514434
56.61,0.623708,0.203654,0.287461,0.514687
56.62,0.622289,0.209771,0.283461,0.512727
56.628,0.61231,0.208532,0.282855,0.501429
56.64,0.612644,0.223992,0.277233,0.498299
56.648,0.612333,0.224931,0.272605,0.500044
56.659,0.609204,0.224185,0.268038,0.499025
56.669,0.619688,0.217889,0.273363,0.511673
56.679,0.639398,0.230369,0.270226,0.531731
56.689,0.639042,0.230941,0.268238,0.532061
56.699,0.655421,0.240824,0.271114,0.545964
56.709,0.657076,0.236459,0.267154,0.551784
56.719,0.654613,0.235242,0.264757,0.55053
56.729,0.655029,0.232538,0.267738,0.550732
56.739,0.660159,0.231946,0.267039,0.557405
56.749,0.651294,0.228637,0.266793,0.548389
56.759,0.664211,0.22834,0.26853,0.562964
56.769,0.677503,0.229349,0.274547,0.575355
56.779,0.681713,0.236431,0.272975,0.578202
56.789,0.678362,0.234113,0.269686,0.576746
56.799,0.680247,0.238119,0.269029,0.577632
56.809,0.673265,0.236764,0.265911,0.57142
56.819,0.656788,0.235904,0.267163,0.551673
56.829,0.65713,0.236119,0.263196,0.553891
