time_seconds,total_vibration,rms_x,rms_y,rms_z
0.330,0.344545,0.021993,0.005683,0.343796
0.340,0.344522,0.021964,0.005674,0.343775
0.350,0.344518,0.021959,0.005673,0.343771
0.360,0.344507,0.021960,0.005675,0.343759
0.370,0.344543,0.022042,0.005768,0.343789
0.380,0.344531,0.022045,0.005769,0.343777
0.390,0.344535,0.022013,0.005749,0.343783
0.400,0.344547,0.022013,0.006103,0.343789
0.410,0.344547,0.022018,0.006312,0.343785
0.420,0.344554,0.022009,0.006369,0.343792
0.430,0.344566,0.021943,0.006306,0.343808
0.440,0.344572,0.021942,0.006369,0.343814
0.450,0.344586,0.021956,0.006371,0.343827
0.460,0.344548,0.021938,0.006099,0.343795
0.470,0.344540,0.021702,0.006141,0.343801
0.480,0.344562,0.021622,0.006081,0.343829
0.490,0.344538,0.021571,0.006116,0.343808
0.500,0.344506,0.021150,0.006050,0.343802
0.510,0.344496,0.021035,0.006230,0.343797
0.520,0.010147,0.006738,0.006159,0.004431
0.530,0.010126,0.006798,0.006109,0.004360
0.540,0.009968,0.006567,0.006104,0.004356
0.550,0.009850,0.006413,0.006089,0.004339
0.560,0.009848,0.006391,0.006102,0.004348
0.570,0.009674,0.006196,0.006033,0.004335
0.580,0.009620,0.006154,0.005970,0.004362
0.590,0.009817,0.006330,0.006127,0.004332
0.600,0.009743,0.006221,0.006102,0.004358
0.610,0.008892,0.005052,0.006179,0.003919
0.620,0.008903,0.005037,0.006139,0.004025
0.630,0.008857,0.005037,0.006068,0.004032
0.640,0.008830,0.005033,0.006030,0.004035
0.650,0.009060,0.005163,0.006091,0.004282
0.662,0.008954,0.005098,0.006180,0.004000
0.670,0.008864,0.005053,0.006123,0.003943
0.680,0.008919,0.005029,0.006213,0.003958
0.690,0.008874,0.004938,0.006212,0.003972
0.700,0.008903,0.004941,0.006186,0.004074
0.710,0.009024,0.004998,0.006176,0.004279
0.720,0.009159,0.005002,0.006338,0.004325
0.730,0.009017,0.005019,0.006090,0.004362
0.740,0.008924,0.005026,0.005877,0.004455
0.750,0.009041,0.005161,0.005947,0.004443
0.760,0.009077,0.005183,0.005908,0.004542
0.770,0.008891,0.005075,0.005702,0.004559
0.780,0.008762,0.005109,0.005580,0.004420
0.790,0.008918,0.005291,0.005625,0.004460
0.800,0.009026,0.005553,0.005540,0.004467
0.810,0.009223,0.005853,0.005545,0.004479
0.820,0.009325,0.005931,0.005614,0.004502
0.830,0.009356,0.005989,0.005691,0.004391
0.840,0.009372,0.005965,0.005808,0.004302
0.850,0.009415,0.006025,0.005801,0.004323
0.860,0.009482,0.006027,0.005937,0.004282
0.870,0.009207,0.005756,0.005871,0.004143
0.880,0.009254,0.005791,0.005877,0.004190
0.890,0.009240,0.005644,0.005893,0.004335
0.900,0.009023,0.005658,0.005487,0.004393
0.910,0.008924,0.005672,0.005252,0.004459
0.920,0.009086,0.005669,0.005406,0.004605
0.930,0.009082,0.005648,0.005411,0.004616
0.940,0.008982,0.005553,0.005320,0.004641
0.950,0.008960,0.005493,0.005277,0.004719
0.960,0.008992,0.005484,0.005241,0.004828
0.970,0.009090,0.005504,0.005214,0.005016
0.980,0.009099,0.005477,0.005240,0.005033
0.990,0.009153,0.005476,0.005318,0.005050
1.000,0.009166,0.005442,0.005302,0.005127
1.010,0.009010,0.005395,0.005104,0.005102
1.020,0.008932,0.005350,0.005032,0.005083
1.030,0.008892,0.005257,0.005002,0.005139
1.040,0.008960,0.005384,0.004996,0.005132
1.050,0.009093,0.005614,0.004937,0.005176
1.060,0.009192,0.005631,0.005102,0.005173
1.070,0.009199,0.005654,0.005098,0.005163
1.080,0.009181,0.005644,0.005114,0.005126
1.090,0.008943,0.005449,0.004884,0.005141
1.100,0.009032,0.005461,0.004900,0.005267
1.110,0.009101,0.005474,0.005007,0.005271
1.120,0.009198,0.005595,0.005152,0.005172
1.130,0.009223,0.005650,0.005152,0.005157
1.140,0.009255,0.005645,0.005200,0.005172
1.150,0.009091,0.005528,0.005190,0.005016
1.160,0.009085,0.005565,0.005091,0.005065
1.170,0.009181,0.005608,0.005240,0.005037
1.180,0.009146,0.005610,0.005194,0.005020
1.190,0.009141,0.005492,0.005345,0.004983
1.200,0.009124,0.005489,0.005374,0.004923
1.210,0.009133,0.005459,0.005571,0.004753
1.220,0.009030,0.005461,0.005452,0.004690
1.230,0.009008,0.005446,0.005457,0.004659
1.240,0.009180,0.005650,0.005621,0.004556
1.250,0.009165,0.005599,0.005618,0.004592
1.260,0.009144,0.005586,0.005610,0.004576
1.270,0.009469,0.006023,0.005666,0.004613
1.280,0.009475,0.005986,0.005662,0.004679
1.290,0.009398,0.005850,0.005676,0.004678
1.300,0.009314,0.005671,0.005755,0.004633
1.310,0.009061,0.005286,0.005771,0.004568
1.320,0.009133,0.005233,0.005869,0.004646
1.330,0.009017,0.005143,0.005767,0.004649
1.340,0.009028,0.005244,0.005688,0.004653
1.350,0.009110,0.005322,0.005716,0.004690
1.360,0.009204,0.005577,0.005601,0.004716
1.370,0.009263,0.005594,0.005644,0.004759
1.380,0.009218,0.005513,0.005631,0.004782
1.390,0.009492,0.005599,0.005891,0.004903
1.400,0.009616,0.005808,0.005892,0.004901
1.410,0.009831,0.005690,0.006146,0.005148
1.420,0.009996,0.005855,0.006081,0.005354
1.430,0.010155,0.005859,0.006351,0.005335
1.440,0.010600,0.005907,0.007010,0.005321
1.450,0.010577,0.005960,0.006972,0.005266
1.460,0.010542,0.005984,0.006985,0.005152
1.470,0.010588,0.006154,0.006984,0.005046
1.480,0.010671,0.006197,0.007002,0.005143
1.490,0.010618,0.006214,0.006897,0.005153
1.500,0.010687,0.006408,0.006921,0.005024
1.510,0.010722,0.006403,0.006952,0.005062
1.520,0.010757,0.006403,0.006999,0.005072
1.530,0.010786,0.006411,0.007083,0.005005
1.540,0.010806,0.006361,0.007085,0.005110
1.550,0.010785,0.006276,0.007139,0.005095
1.560,0.010737,0.006269,0.007034,0.005148
1.570,0.011268,0.006825,0.007240,0.005290
1.580,0.011974,0.007675,0.007205,0.005706
1.590,0.017448,0.013822,0.008578,0.006306
1.600,0.019105,0.015130,0.009314,0.007024
1.610,0.019690,0.015799,0.009427,0.007017
1.620,0.019987,0.016208,0.009354,0.007022
1.630,0.020354,0.016561,0.009401,0.007183
1.640,0.020511,0.016749,0.009369,0.007240
1.650,0.020707,0.016968,0.009384,0.007268
1.660,0.020693,0.016971,0.009350,0.007264
1.670,0.020720,0.017011,0.009325,0.007279
1.680,0.020776,0.017011,0.009338,0.007421
1.690,0.020888,0.017029,0.009551,0.007425
1.700,0.020883,0.017033,0.009524,0.007434
1.710,0.020820,0.017018,0.009418,0.007429
1.720,0.020833,0.017016,0.009448,0.007432
1.730,0.020872,0.017022,0.009428,0.007551
1.740,0.020827,0.017014,0.009337,0.007557
1.750,0.020796,0.017010,0.009308,0.007517
1.760,0.020863,0.017011,0.009309,0.007698
1.770,0.020714,0.016857,0.009272,0.007676
1.780,0.020711,0.016864,0.009326,0.007589
1.790,0.020679,0.016850,0.009289,0.007576
1.800,0.020674,0.016832,0.009298,0.007593
1.810,0.020676,0.016832,0.009306,0.007587
1.820,0.020599,0.016846,0.009160,0.007523
1.830,0.020633,0.016850,0.009212,0.007545
1.840,0.020659,0.016824,0.009269,0.007603
1.850,0.020588,0.016763,0.009240,0.007580
1.860,0.031562,0.017718,0.009637,0.024278
1.870,0.068637,0.036122,0.052948,0.024550
1.880,0.093365,0.058287,0.053941,0.049092
1.890,0.105381,0.061290,0.060535,0.060698
1.900,0.164741,0.140288,0.061428,0.060710
1.910,0.205570,0.158566,0.064784,0.113662
1.920,0.214520,0.160093,0.085228,0.114565
1.930,0.306321,0.183087,0.216474,0.115976
1.940,0.472910,0.276465,0.264112,0.278310
1.950,0.506844,0.310858,0.264410,0.300576
1.960,0.516890,0.324824,0.264335,0.302971
1.970,0.532074,0.328071,0.264291,0.324994
1.980,0.571287,0.378168,0.266212,0.335394
1.990,0.831301,0.697080,0.267966,0.365151
2.000,1.372076,1.138970,0.275369,0.713800
2.010,1.810464,1.386914,0.322108,1.118255
2.020,2.067805,1.466930,0.411713,1.398008
2.030,2.216034,1.482994,0.482577,1.574375
2.040,2.328119,1.506355,0.510540,1.700112
2.050,2.425492,1.544835,0.515399,1.797458
2.060,2.516003,1.590917,0.517335,1.879261
2.070,2.591065,1.624316,0.547392,1.943085
2.080,2.659730,1.669165,0.561265,1.993246
2.090,2.715182,1.702086,0.588917,2.031820
2.100,2.764895,1.732303,0.607326,2.067589
2.110,2.811953,1.763738,0.610263,2.103305
2.120,2.857851,1.793222,0.613003,2.139134
2.130,2.906181,1.827177,0.635723,2.168679
2.140,2.956518,1.857046,0.692147,2.193927
2.150,3.009280,1.882625,0.768356,2.218359
2.160,3.058913,1.904078,0.837669,2.242709
2.170,3.100090,1.920854,0.891961,2.263910
2.180,3.124842,1.930442,0.929716,2.274568
2.190,3.130744,1.934169,0.950688,2.270846
2.200,3.126895,1.937162,0.962440,2.258005
2.210,3.118780,1.938986,0.970309,2.241789
2.220,3.108480,1.937584,0.976929,2.225764
2.230,3.095739,1.934034,0.979482,2.209915
2.240,3.078665,1.926539,0.978769,2.192860
2.250,3.058575,1.915556,0.977209,2.174992
2.260,3.036176,1.902263,0.975348,2.156028
2.270,3.012272,1.887911,0.973792,2.135720
2.280,2.987871,1.873259,0.972959,2.114621
2.290,2.964018,1.859749,0.971815,2.093397
2.300,2.940667,1.845000,0.970292,2.074134
2.310,2.918796,1.827863,0.968639,2.059132
2.320,2.895911,1.803694,0.967551,2.048618
2.330,2.870313,1.772673,0.967484,2.039682
2.340,2.840658,1.735145,0.969011,2.029687
2.350,2.807667,1.691497,0.969881,2.020189
2.361,2.770716,1.642263,0.970945,2.009254
2.371,2.740565,1.598829,0.973549,2.001661
2.380,2.702391,1.530949,0.973247,2.002974
2.390,2.672708,1.476341,0.974069,2.003740
2.400,2.608493,1.365476,0.973158,1.998168
2.410,2.560714,1.262709,0.969697,2.005620
2.420,2.519903,1.190170,0.962642,2.001681
2.430,2.444459,1.063896,0.924258,1.997311
2.440,2.368496,1.045301,0.895011,1.927712
2.450,2.357916,1.012789,0.895954,1.931656
2.460,2.327992,0.965387,0.899377,1.917993
2.470,2.308395,0.888899,0.904382,1.928896
2.480,2.280243,0.858827,0.912093,1.905259
2.490,2.292867,0.866221,0.917437,1.914473
2.500,2.254103,0.757865,0.919125,1.913591
2.510,2.177912,0.689384,0.914971,1.852263
2.520,2.122970,0.719651,0.895225,1.785407
2.530,2.090772,0.749283,0.873629,1.745473
2.540,2.078241,0.791021,0.865571,1.715856
2.550,2.064119,0.831613,0.866161,1.678920
2.560,2.036745,0.863111,0.865978,1.628941
2.570,1.999787,0.890360,0.844910,1.578776
2.580,1.971764,0.904875,0.841274,1.536656
2.590,1.949570,0.916652,0.830673,1.506837
2.600,1.929957,0.925057,0.829046,1.477053
2.610,1.909541,0.931241,0.842209,1.438687
2.620,1.885862,0.938368,0.858164,1.392658
2.630,1.856802,0.944687,0.858690,1.348307
2.640,1.815317,0.954716,0.830061,1.301880
2.650,1.753894,0.964960,0.772576,1.244235
2.660,1.678087,0.970460,0.704476,1.173838
2.670,1.599933,0.978453,0.636891,1.093977
2.680,1.546647,1.004440,0.580965,1.022593
2.690,1.540619,1.050063,0.553462,0.982117
2.700,1.569925,1.102448,0.545802,0.975383
2.710,1.623510,1.166139,0.547509,0.987997
2.720,1.687817,1.239190,0.550945,1.004785
2.730,1.755740,1.310834,0.570185,1.019424
2.740,1.834698,1.385216,0.612881,1.035215
2.750,1.935186,1.468386,0.687834,1.056254
2.760,2.053071,1.560014,0.783298,1.080696
2.770,2.164179,1.642691,0.868013,1.109860
2.780,2.263492,1.720968,0.930666,1.138212
2.790,2.333827,1.780597,0.959750,1.164089
2.800,2.387064,1.825418,0.975751,1.189047
2.810,2.430164,1.865033,0.986184,1.206148
2.820,2.467086,1.902252,0.996797,1.214227
2.830,2.499441,1.935655,1.013695,1.213619
2.840,2.535417,1.972016,1.040700,1.206828
2.850,2.582155,2.017371,1.078571,1.197673
2.860,2.634699,2.071130,1.115133,1.186818
2.870,2.675935,2.120086,1.134782,1.173939
2.880,2.721408,2.183989,1.137448,1.158648
2.890,2.777519,2.266103,1.129557,1.141707
2.900,2.834257,2.348586,1.115704,1.127990
2.910,2.883876,2.422924,1.095843,1.115934
2.920,2.934067,2.499471,1.071848,1.101151
2.930,2.999165,2.588806,1.052212,1.089003
2.940,3.080792,2.684155,1.049337,1.088800
2.950,3.174242,2.774686,1.068409,1.111501
2.960,3.270071,2.851118,1.103403,1.160598
2.970,3.348526,2.904570,1.149995,1.205660
2.980,3.408856,2.947428,1.193671,1.228055
2.990,3.451592,2.981823,1.214132,1.244228
3.000,3.465535,2.996017,1.215208,1.247832
3.010,3.460041,2.991270,1.206951,1.251979
3.020,3.456572,2.976613,1.203081,1.280726
3.030,3.474887,2.962280,1.218871,1.346881
3.040,3.525287,2.951548,1.270848,1.449467
3.050,3.598489,2.939020,1.364517,1.565049
3.060,3.681125,2.921696,1.482729,1.678061
3.070,3.761863,2.897995,1.606725,1.780919
3.080,3.824566,2.867993,1.702778,1.871489
3.090,3.878386,2.818480,1.771573,1.989869
3.100,3.929696,2.748747,1.808215,2.148782
3.110,3.993419,2.665184,1.823230,2.349473
3.120,4.061466,2.574942,1.825089,2.556214
3.130,4.131695,2.484992,1.816572,2.756046
3.140,4.203296,2.394388,1.797639,2.950101
3.150,4.268331,2.293378,1.768128,3.135728
3.160,4.321396,2.172030,1.736993,3.307507
3.170,4.363564,2.039668,1.703068,3.461214
3.180,4.408874,1.916869,1.670884,3.601657
3.191,4.452457,1.806284,1.643907,3.722805
3.200,4.485963,1.701017,1.617372,3.822893
3.210,4.515272,1.607306,1.589529,3.908663
3.220,4.540593,1.524142,1.560450,3.982332
3.230,4.560109,1.447155,1.534834,4.042848
3.240,4.573573,1.381715,1.516851,4.087492
3.251,4.581340,1.334445,1.511530,4.113783
3.260,4.585001,1.306468,1.514901,4.125585
3.271,4.578900,1.285502,1.523319,4.122294
3.280,4.567160,1.279638,1.535447,4.106565
3.291,4.547486,1.282297,1.545281,4.080128
3.300,4.519229,1.294956,1.555643,4.040605
3.310,4.485977,1.320705,1.567762,3.990220
3.320,4.444164,1.349212,1.580990,3.928192
3.331,4.400145,1.373309,1.601137,3.861562
3.340,4.367335,1.371627,1.656424,3.801120
3.351,4.352531,1.454129,1.672678,3.745955
3.361,4.337328,1.494171,1.712948,3.694006
3.371,4.298693,1.537137,1.749200,3.613346
3.380,4.244044,1.592659,1.772850,3.511745
3.391,4.184397,1.644328,1.780481,3.411049
3.401,4.122812,1.691102,1.779454,3.312294
3.411,4.054025,1.730819,1.780809,3.204389
3.421,3.968054,1.762384,1.792325,3.070347
3.431,3.881494,1.780206,1.820947,2.929337
3.441,3.807840,1.785247,1.867767,2.797139
3.451,3.759175,1.783614,1.928018,2.689399
3.460,3.734854,1.781093,1.994625,2.607357
3.471,3.713436,1.781939,2.063799,2.520920
3.481,3.672784,1.774773,2.132928,2.406271
3.491,3.626121,1.763302,2.203988,2.276391
3.500,3.584437,1.768230,2.275128,2.131981
3.511,3.569637,1.791768,2.343182,2.010317
3.520,3.594748,1.817990,2.403872,1.959215
3.531,3.655251,1.837359,2.451559,1.993698
3.541,3.726324,1.836620,2.480859,2.087499
3.551,3.786050,1.817578,2.487303,2.200888
3.558,3.825554,1.782788,2.469455,2.314805
3.570,3.849718,1.736311,2.433458,2.425662
3.579,3.878845,1.671809,2.399199,2.548399
3.590,3.933116,1.609981,2.367603,2.696632
3.600,4.008336,1.557402,2.345880,2.852736
3.610,4.087963,1.507461,2.331422,3.000579
3.620,4.163156,1.453455,2.314598,3.140378
3.630,4.233664,1.384756,2.288667,3.281519
3.640,4.292520,1.301524,2.254192,3.413266
3.650,4.343258,1.216094,2.207806,3.537033
3.660,4.387612,1.144502,2.147601,3.650899
3.670,4.425397,1.083760,2.080679,3.752383
3.679,4.451985,1.028938,2.007162,3.838327
3.690,4.469115,0.971339,1.932570,3.910839
3.700,4.482440,0.905215,1.857899,3.977571
3.710,4.488256,0.832406,1.788686,4.031395
3.720,4.487176,0.760392,1.729266,4.070159
3.730,4.486078,0.700765,1.674715,4.102336
3.740,4.488572,0.659607,1.624658,4.131911
3.750,4.495714,0.623557,1.576102,4.163955
3.760,4.512995,0.621223,1.527716,4.200868
3.770,4.538912,0.598608,1.476738,4.250016
3.780,4.568448,0.590546,1.426061,4.299805
3.790,4.600835,0.588201,1.379545,4.349547
3.800,4.626656,0.578436,1.338127,4.390988
3.810,4.641726,0.565079,1.301299,4.419607
3.819,4.645460,0.552079,1.263868,4.436005
3.830,4.634355,0.541295,1.226981,4.436075
3.840,4.602806,0.469668,1.217268,4.414011
3.850,4.560654,0.472620,1.148645,4.388258
3.860,4.523970,0.459354,1.114318,4.360458
3.870,4.481753,0.450897,1.075405,4.327390
3.880,4.451545,0.449432,1.026768,4.308133
3.890,4.431537,0.449116,0.963741,4.302095
3.900,4.404146,0.456837,0.887234,4.289594
3.910,4.352714,0.465092,0.798127,4.253564
3.920,4.269978,0.466132,0.697654,4.186731
3.930,4.154804,0.461177,0.608527,4.084043
3.940,4.018299,0.472615,0.552386,3.951991
3.950,3.881593,0.505894,0.544407,3.809784
3.960,3.751676,0.548699,0.578544,3.665964
3.970,3.625827,0.595905,0.630187,3.520566
3.980,3.502093,0.640181,0.685615,3.374131
3.990,3.380714,0.685661,0.739887,3.226711
4.000,3.262026,0.741510,0.786935,3.077614
4.010,3.148655,0.803810,0.829470,2.929146
4.020,3.048365,0.855950,0.869189,2.793634
4.030,2.967621,0.897933,0.895615,2.682976
4.040,2.912249,0.941585,0.911711,2.600653
4.050,2.875092,0.984451,0.926892,2.537298
4.060,2.841251,1.016105,0.943352,2.479985
4.070,2.807708,1.032576,0.961526,2.427443
4.080,2.788192,1.039225,0.983256,2.393164
4.090,2.785035,1.045483,1.007222,2.376739
4.100,2.790468,1.053107,1.028142,2.370781
4.110,2.798278,1.060241,1.040354,2.371479
4.120,2.771604,1.067617,1.055761,2.329668
4.130,2.768179,1.056205,1.111557,2.304709
4.140,2.883584,1.046689,1.108296,2.447688
4.150,3.015142,1.089979,1.106414,2.584352
4.160,3.046461,1.096875,1.112054,2.615554
4.170,3.088627,1.097858,1.118772,2.661330
4.180,3.147513,1.100968,1.115168,2.729672
4.190,3.206539,1.100788,1.109353,2.799910
4.200,3.239205,1.099180,1.101221,2.841050
4.210,3.292550,1.093024,1.089424,2.908494
4.220,3.326646,1.087879,1.071743,2.955412
4.230,3.318445,1.081808,1.049742,2.956317
4.240,3.350088,1.080404,1.026330,3.000410
4.250,3.415093,1.078212,1.004583,3.080768
4.260,3.461619,1.077138,0.982215,3.139719
4.270,3.501186,1.078471,0.969564,3.186715
4.280,3.547432,1.079496,0.963970,3.238785
4.290,3.578433,1.081477,0.961716,3.272720
4.300,3.581287,1.095246,0.962621,3.270996
4.310,3.580436,1.095257,0.956643,3.271814
4.320,3.580670,1.083275,0.957967,3.275670
4.330,3.795848,1.147397,1.089009,3.450507
4.340,4.059055,1.462396,1.603982,3.429952
4.350,4.040981,1.449445,1.612582,3.410017
4.360,4.033254,1.442078,1.598537,3.410605
4.370,3.975118,1.424256,1.586271,3.355116
4.380,3.913276,1.408800,1.579286,3.291636
4.390,3.803244,1.390688,1.570054,3.172630
4.400,3.673281,1.363289,1.562623,3.031938
4.410,3.537777,1.332505,1.553132,2.885840
4.420,3.425162,1.304756,1.545158,2.764387
4.430,3.350061,1.293145,1.541192,2.678696
4.440,3.306756,1.299254,1.540172,2.621916
4.450,3.279877,1.307982,1.545061,2.580612
4.460,3.223969,1.309273,1.543258,2.509608
4.470,3.147043,1.309659,1.539902,2.411923
4.480,3.042391,1.310754,1.535783,2.275838
4.490,2.931033,1.313660,1.532544,2.125220
4.500,2.821511,1.310603,1.528896,1.976290
4.510,2.728825,1.303861,1.525775,1.848904
4.520,2.660586,1.298779,1.522103,1.753594
4.530,2.620519,1.295052,1.521458,1.695619
4.540,2.600728,1.289305,1.522069,1.668767
4.550,2.586835,1.280933,1.522238,1.653395
4.560,2.574215,1.273741,1.522264,1.639171
4.570,2.564131,1.270676,1.521338,1.626555
4.580,2.557625,1.271261,1.518697,1.618302
4.590,2.552666,1.272367,1.514543,1.613489
4.600,2.548494,1.273078,1.510614,1.610012
4.610,2.545879,1.273411,1.508809,1.607301
4.620,2.396214,1.272984,1.476619,1.393180
4.630,2.163859,1.270673,1.396520,1.057075
4.640,2.149434,1.271974,1.394985,1.027700
4.650,2.089852,1.194931,1.394294,0.997779
4.660,2.068812,1.166144,1.394228,0.988037
4.670,2.058829,1.150818,1.393994,0.985482
4.680,2.044951,1.131098,1.390125,0.984882
4.690,2.034220,1.118045,1.386090,0.983249
4.700,2.022862,1.103071,1.383640,0.980177
4.710,2.013100,1.088122,1.382275,0.978713
4.720,1.994100,1.061911,1.375348,0.978366
4.730,1.947850,1.054104,1.366518,0.903114
4.740,1.939454,1.040724,1.366135,0.901139
4.750,1.920239,1.029149,1.352599,0.893670
4.760,1.915211,1.023409,1.350122,0.893217
4.770,1.911553,1.019286,1.348053,0.893220
4.780,1.905491,1.015278,1.344465,0.890237
4.790,1.902725,1.012444,1.343080,0.889637
4.800,1.894494,1.011970,1.343081,0.872445
4.810,1.890375,1.011730,1.343097,0.863719
4.820,1.865238,1.003440,1.316123,0.860258
4.830,1.494963,0.815958,1.142264,0.514160
4.840,0.468056,0.199615,0.287162,0.311076
4.850,0.387799,0.197167,0.196864,0.269736
4.860,0.340315,0.195381,0.177802,0.214539
4.870,0.284014,0.172281,0.172558,0.145626
4.880,0.259542,0.172295,0.150529,0.122547
4.890,0.250742,0.171776,0.142977,0.113675
4.900,0.249385,0.170400,0.142613,0.113218
4.910,0.248356,0.170323,0.142609,0.111058
4.920,0.230610,0.146169,0.140085,0.110415
4.930,0.226984,0.142414,0.138035,0.110392
4.940,0.207506,0.113779,0.134990,0.109045
4.950,0.136289,0.064564,0.086809,0.082889
4.960,0.112740,0.064258,0.071595,0.058784
4.970,0.090105,0.064239,0.059166,0.022172
4.980,0.086962,0.061929,0.057469,0.020603
4.990,0.058545,0.029748,0.046778,0.018827
5.000,0.054383,0.029721,0.041600,0.018537
5.010,0.052913,0.027603,0.041559,0.017627
5.020,0.042267,0.026598,0.028936,0.015548
5.030,0.039428,0.026592,0.024779,0.015279
5.040,0.036019,0.025765,0.020689,0.014334
5.050,0.032611,0.021471,0.020454,0.013570
5.060,0.030653,0.019431,0.019960,0.012792
5.070,0.026912,0.015738,0.019634,0.009545
5.080,0.024946,0.015967,0.016933,0.008980
5.090,0.023477,0.015944,0.014718,0.008963
5.100,0.023193,0.015946,0.014261,0.008961
5.110,0.022528,0.015700,0.013509,0.008861
5.120,0.021510,0.015126,0.012446,0.008888
5.130,0.020734,0.014442,0.012375,0.008258
5.140,0.019208,0.014427,0.009893,0.007933
5.150,0.017593,0.013781,0.008324,0.007093
5.160,0.015366,0.011207,0.008324,0.006422
5.170,0.015099,0.011062,0.008087,0.006341
5.180,0.014836,0.010905,0.007624,0.006562
5.190,0.014302,0.010244,0.007625,0.006439
5.200,0.014285,0.010060,0.007683,0.006620
5.210,0.013828,0.009593,0.007670,0.006353
5.220,0.013717,0.009425,0.007675,0.006359
5.230,0.013757,0.009611,0.007427,0.006460
5.240,0.013353,0.009116,0.007317,0.006456
5.250,0.013051,0.008963,0.007303,0.006054
5.260,0.012846,0.008777,0.007238,0.005965
5.270,0.012821,0.008782,0.007271,0.005863
5.280,0.012553,0.008409,0.007245,0.005863
5.290,0.012492,0.008462,0.007093,0.005842
5.300,0.012318,0.008423,0.007038,0.005590
5.310,0.011877,0.008000,0.006954,0.005358
5.320,0.011499,0.007818,0.006570,0.005285
5.330,0.011204,0.007450,0.006507,0.005261
5.340,0.010918,0.006896,0.006520,0.005398
5.350,0.010782,0.006779,0.006276,0.005559
5.360,0.010883,0.006902,0.006317,0.005560
5.370,0.011135,0.007247,0.006350,0.005580
5.380,0.011052,0.007228,0.006293,0.005503
5.390,0.011148,0.007387,0.006231,0.005557
5.400,0.011098,0.007390,0.006141,0.005553
5.410,0.011073,0.007396,0.006092,0.005548
5.420,0.011143,0.007467,0.006072,0.005616
5.430,0.011081,0.007420,0.006057,0.005571
5.440,0.011056,0.007330,0.006100,0.005595
5.450,0.011007,0.007290,0.006059,0.005595
5.460,0.010790,0.007197,0.005876,0.005486
5.470,0.010796,0.007188,0.005941,0.005440
5.480,0.010596,0.006895,0.005929,0.005439
5.490,0.010533,0.006793,0.005774,0.005610
5.500,0.010443,0.006675,0.005744,0.005614
5.510,0.010650,0.007026,0.005715,0.005603
5.520,0.010684,0.007060,0.005754,0.005586
5.530,0.010504,0.006960,0.005881,0.005226
5.540,0.010513,0.006873,0.005972,0.005255
5.550,0.010581,0.006971,0.005927,0.005313
5.560,0.010585,0.007014,0.005769,0.005437
5.570,0.010676,0.007233,0.005662,0.005442
5.580,0.010784,0.007661,0.005241,0.005489
5.590,0.010735,0.007585,0.005251,0.005489
5.600,0.010785,0.007472,0.005169,0.005811
5.610,0.010790,0.007345,0.005351,0.005818
5.620,0.010889,0.007397,0.005431,0.005861
5.630,0.010734,0.007277,0.005272,0.005871
5.640,0.010750,0.007267,0.005273,0.005912
5.650,0.010841,0.007367,0.005347,0.005888
5.661,0.010876,0.007463,0.005301,0.005872
5.670,0.010936,0.007348,0.005578,0.005874
5.680,0.010457,0.006943,0.005410,0.005645
5.690,0.010396,0.006948,0.005438,0.005498
5.700,0.010164,0.006933,0.005209,0.005303
5.710,0.010063,0.006907,0.005166,0.005184
5.720,0.009940,0.006746,0.005226,0.005097
5.730,0.009691,0.006708,0.004978,0.004913
5.740,0.009811,0.006808,0.005105,0.004882
5.750,0.009526,0.006366,0.005140,0.004879
5.760,0.009661,0.006605,0.005126,0.004839
5.770,0.009676,0.006556,0.005217,0.004841
5.780,0.009713,0.006639,0.005185,0.004835
5.790,0.009713,0.006636,0.005185,0.004839
5.800,0.009560,0.006627,0.004901,0.004843
5.810,0.009490,0.006535,0.004915,0.004815
5.820,0.009513,0.006584,0.004877,0.004833
5.830,0.009643,0.006510,0.005177,0.004880
5.840,0.009653,0.006601,0.005203,0.004748
5.850,0.009532,0.006540,0.005233,0.004549
5.860,0.009644,0.006562,0.005421,0.004534
5.870,0.009735,0.006483,0.005679,0.004527
5.880,0.009707,0.006391,0.005744,0.004516
5.890,0.009351,0.005971,0.005654,0.004453
5.900,0.009430,0.005999,0.005737,0.004476
5.910,0.009493,0.006035,0.005768,0.004520
5.920,0.009494,0.006028,0.005766,0.004534
5.930,0.009681,0.006213,0.005825,0.004602
5.940,0.009756,0.006398,0.005838,0.004492
5.950,0.009772,0.006403,0.005861,0.004488
5.960,0.009804,0.006405,0.005816,0.004613
5.970,0.009961,0.006360,0.006108,0.004632
5.980,0.009967,0.006391,0.006046,0.004683
5.990,0.009918,0.006394,0.006026,0.004603
6.000,0.010159,0.006396,0.006336,0.004706
6.010,0.010118,0.006365,0.006274,0.004744
6.020,0.010132,0.006364,0.006275,0.004772
6.030,0.010184,0.006357,0.006357,0.004783
6.040,0.010263,0.006431,0.006453,0.004726
6.050,0.010077,0.006199,0.006419,0.004682
6.060,0.010153,0.006193,0.006580,0.004628
6.070,0.010131,0.006155,0.006574,0.004642
6.080,0.009833,0.005746,0.006537,0.004577
6.090,0.009893,0.005713,0.006461,0.004845
6.100,0.009795,0.005710,0.006509,0.004580
6.110,0.009720,0.005631,0.006466,0.004579
6.120,0.009462,0.005686,0.006080,0.004497
6.130,0.009337,0.005477,0.006025,0.004569
6.140,0.009362,0.005533,0.006020,0.004561
6.150,0.009328,0.005485,0.006040,0.004522
6.160,0.009355,0.005599,0.006039,0.004440
6.170,0.009326,0.005625,0.005968,0.004442
6.180,0.009296,0.005697,0.005939,0.004323
6.190,0.009230,0.005743,0.005751,0.004374
6.200,0.009246,0.005785,0.005736,0.004374
6.210,0.009284,0.005777,0.005772,0.004415
6.220,0.009356,0.005785,0.005791,0.004530
6.230,0.009323,0.005768,0.005765,0.004517
6.240,0.009331,0.005806,0.005749,0.004506
6.250,0.009358,0.005835,0.005750,0.004523
6.260,0.009539,0.006179,0.005689,0.004523
6.270,0.009598,0.006183,0.005765,0.004545
6.280,0.009585,0.006141,0.005732,0.004615
6.290,0.009570,0.006125,0.005693,0.004654
6.300,0.009628,0.006124,0.005692,0.004775
6.310,0.010067,0.006778,0.005714,0.004770
6.320,0.010090,0.006804,0.005724,0.004770
6.330,0.009939,0.006991,0.005173,0.004812
6.340,0.009794,0.006842,0.005200,0.004699
6.350,0.009701,0.006845,0.005054,0.004659
6.360,0.009721,0.006765,0.005170,0.004690
6.370,0.009589,0.006604,0.005125,0.004697
6.380,0.009650,0.006681,0.005135,0.004704
6.390,0.009643,0.006689,0.005071,0.004747
6.400,0.009695,0.006694,0.005071,0.004845
6.410,0.009748,0.006588,0.005323,0.004825
6.420,0.009729,0.006586,0.005385,0.004719
6.430,0.009681,0.006460,0.005491,0.004673
6.440,0.009466,0.006155,0.005486,0.004650
6.450,0.009995,0.006993,0.005337,0.004745
6.460,0.010736,0.007043,0.005615,0.005842
6.470,0.016958,0.009030,0.008565,0.011519
6.480,0.018781,0.010761,0.009450,0.012150
6.490,0.021281,0.013742,0.010795,0.012145
6.500,0.024925,0.018429,0.011143,0.012548
6.510,0.035636,0.028849,0.013378,0.016083
6.520,0.059445,0.053698,0.013380,0.021707
6.530,0.071267,0.066255,0.014203,0.022077
6.540,0.077007,0.071480,0.014479,0.024722
6.550,0.078312,0.071482,0.017768,0.026597
6.560,0.079257,0.072239,0.017834,0.027296
6.570,0.086226,0.074004,0.034779,0.027365
6.580,0.088598,0.074099,0.037793,0.030505
6.590,0.088702,0.074204,0.037859,0.030471
6.600,0.091374,0.074672,0.041853,0.031962
6.610,0.094921,0.074973,0.048386,0.032371
6.620,0.095114,0.075199,0.048400,0.032393
6.630,0.097301,0.076350,0.050711,0.032657
6.640,0.098053,0.076966,0.050964,0.033063
6.650,0.104341,0.079412,0.055430,0.038836
6.660,0.108839,0.084143,0.055708,0.040772
6.670,0.114574,0.089586,0.058221,0.041374
6.680,0.122197,0.092118,0.066872,0.044436
6.690,0.123028,0.092660,0.067609,0.044486
6.700,0.133794,0.094813,0.079333,0.051163
6.710,0.152012,0.097048,0.100533,0.059853
6.720,0.161417,0.098734,0.109559,0.065603
6.730,0.171867,0.108816,0.114323,0.068026
6.740,0.220409,0.119566,0.159011,0.094867
6.750,0.264664,0.121243,0.205198,0.115070
6.760,0.277756,0.138506,0.210546,0.116770
6.770,0.308236,0.165025,0.227873,0.125897
6.780,0.361679,0.174149,0.276504,0.155015
6.790,0.413200,0.178318,0.324097,0.184113
6.800,0.427727,0.186755,0.334493,0.190232
6.810,0.442084,0.213680,0.336781,0.190677
6.820,0.487618,0.246771,0.366780,0.205785
6.830,0.546444,0.264513,0.416449,0.234954
6.840,0.589787,0.266392,0.457841,0.259356
6.850,0.608381,0.266380,0.475335,0.270603
6.860,0.614238,0.274525,0.477546,0.271798
6.870,0.625826,0.293321,0.479613,0.274941
6.880,0.664028,0.327549,0.498655,0.291528
6.890,0.714508,0.358966,0.528693,0.319607
6.900,0.764778,0.379934,0.564843,0.348553
6.910,0.798901,0.384987,0.594613,0.369409
6.920,0.815012,0.385018,0.609262,0.380532
6.930,0.821295,0.386037,0.615144,0.383533
6.940,0.822433,0.387544,0.615716,0.383536
6.950,0.828906,0.397931,0.617021,0.384736
6.960,0.848009,0.421993,0.622934,0.391144
6.970,0.881425,0.455400,0.637082,0.404533
6.980,0.918134,0.487555,0.654375,0.420777
6.990,0.956516,0.515592,0.674997,0.439851
7.000,0.989909,0.537447,0.694222,0.457303
7.010,1.016249,0.553547,0.709833,0.471684
7.020,1.035454,0.560054,0.724235,0.483723
7.030,1.051527,0.564008,0.738137,0.492704
7.040,1.062222,0.563967,0.748353,0.500225
7.050,1.068465,0.563994,0.755572,0.502631
7.060,1.072811,0.564307,0.760907,0.503489
7.070,1.074312,0.564262,0.762876,0.503760
7.080,1.074919,0.564483,0.763526,0.503824
7.090,1.075858,0.565478,0.763515,0.504727
7.100,1.078351,0.568446,0.763917,0.506104
7.110,1.088324,0.581077,0.765376,0.510880
7.120,1.105457,0.600000,0.770063,0.518689
7.130,1.124354,0.620617,0.775917,0.526270
7.140,1.151307,0.647389,0.785064,0.538582
7.150,1.179356,0.672209,0.795876,0.552808
7.160,1.208701,0.698660,0.808035,0.565607
7.170,1.240625,0.726803,0.820326,0.581355
7.180,1.271534,0.750651,0.832837,0.599754
7.190,1.301923,0.775417,0.845129,0.616027
7.200,1.332239,0.800632,0.858314,0.630195
7.210,1.357380,0.820066,0.868481,0.644758
7.220,1.381369,0.838204,0.879171,0.657764
7.230,1.403185,0.853730,0.890068,0.669217
7.240,1.416425,0.866748,0.892649,0.676893
7.250,1.427885,0.879840,0.893960,0.682328
7.260,1.444839,0.890214,0.904606,0.690482
7.270,1.457553,0.897304,0.912022,0.698228
7.280,1.463567,0.905175,0.911624,0.701162
7.290,1.467482,0.913292,0.907806,0.703769
7.300,1.481574,0.919100,0.918688,0.711567
7.310,1.494611,0.920329,0.931354,0.720720
7.320,1.496569,0.917092,0.932777,0.727041
7.330,1.492978,0.918017,0.924297,0.729317
7.340,1.492480,0.922106,0.916378,0.733122
7.350,1.500824,0.926326,0.920173,0.740050
7.360,1.512935,0.927200,0.930859,0.750182
7.370,1.521097,0.923773,0.940032,0.759422
7.380,1.517710,0.915779,0.940268,0.762030
7.390,1.505628,0.905328,0.933032,0.759439
7.400,1.491525,0.899275,0.921590,0.752744
7.410,1.482457,0.898292,0.910529,0.749458
7.420,1.483108,0.898943,0.909482,0.751235
7.430,1.487872,0.899648,0.912216,0.756476
7.440,1.494749,0.899593,0.917814,0.763298
7.450,1.497684,0.895701,0.921956,0.768619
7.460,1.492730,0.884686,0.922517,0.771062
7.470,1.479384,0.868646,0.917705,0.769318
7.480,1.461508,0.850489,0.909591,0.765060
7.490,1.442054,0.834557,0.898857,0.758348
7.500,1.423932,0.820154,0.887738,0.752894
7.510,1.410726,0.809834,0.879760,0.748557
7.520,1.400003,0.803549,0.871953,0.744323
7.530,1.392890,0.800363,0.864744,0.742818
7.540,1.390018,0.799763,0.861582,0.741758
7.550,1.390540,0.800069,0.860352,0.743832
7.560,1.393186,0.799894,0.861648,0.747464
7.570,1.397985,0.800188,0.866192,0.750847
7.580,1.403268,0.800354,0.871512,0.754363
7.590,1.409409,0.799892,0.879237,0.757329
7.600,1.414032,0.798113,0.886079,0.759846
7.610,1.413020,0.789185,0.891834,0.760555
7.620,1.407197,0.775583,0.895177,0.759825
7.630,1.399267,0.759363,0.896940,0.759483
7.640,1.384906,0.737322,0.896613,0.755251
7.650,1.367689,0.714775,0.893599,0.749099
7.660,1.349792,0.688773,0.890047,0.745217
7.670,1.326638,0.658731,0.884433,0.737443
7.680,1.304065,0.631243,0.878861,0.727820
7.690,1.281636,0.600368,0.873566,0.720439
7.700,1.256317,0.566394,0.866233,0.712159
7.710,1.234225,0.537444,0.859842,0.703659
7.720,1.213136,0.507889,0.854250,0.695705
7.730,1.192819,0.480217,0.847278,0.688715
7.740,1.176620,0.452568,0.846128,0.680943
7.750,1.161181,0.426888,0.842507,0.675492
7.760,1.144299,0.400272,0.836847,0.669992
7.770,1.126984,0.372236,0.830657,0.664487
7.780,1.111422,0.349329,0.822827,0.660443
7.790,1.095797,0.326245,0.815626,0.655050
7.800,1.080219,0.304300,0.806408,0.651137
7.810,1.065689,0.284464,0.797418,0.647224
7.820,1.051489,0.266959,0.788434,0.642445
7.830,1.037976,0.250273,0.781216,0.635971
7.840,1.025116,0.234954,0.774674,0.628919
7.850,1.013760,0.222018,0.768128,0.623215
7.860,1.004866,0.215440,0.762349,0.618196
7.870,0.996906,0.212058,0.756903,0.613147
7.880,0.991948,0.208100,0.753615,0.610509
7.890,0.988330,0.213258,0.749439,0.607994
7.900,0.988740,0.219184,0.747136,0.609387
7.910,0.990292,0.229656,0.745698,0.609813
7.920,0.992409,0.241147,0.744983,0.609692
7.930,0.997335,0.252495,0.747016,0.610647
7.940,1.003536,0.267367,0.750501,0.610203
7.950,1.013162,0.279381,0.756147,0.613747
7.960,1.028831,0.310614,0.763888,0.615213
7.970,1.055834,0.372450,0.771596,0.617014
7.980,1.153881,0.496349,0.829676,0.629855
7.990,1.238905,0.611582,0.860676,0.648143
8.000,1.270183,0.667016,0.857072,0.658698
8.010,1.296178,0.668623,0.887054,0.667949
8.020,1.356206,0.694677,0.956739,0.664355
8.030,1.493995,0.858598,1.010729,0.687937
8.040,1.570738,0.929903,1.007878,0.765951
8.050,1.610079,0.936788,1.040506,0.795065
8.060,1.918481,1.174395,1.276861,0.819140
8.070,2.130553,1.254898,1.337159,1.084662
8.080,2.240052,1.288884,1.376692,1.208854
8.090,2.881324,1.463763,1.914511,1.579263
8.100,3.653959,1.482435,2.198518,2.514025
8.110,3.779305,1.499366,2.206185,2.677274
8.120,3.916622,1.499329,2.296486,2.796085
8.130,4.357669,1.634264,2.295485,3.324035
8.140,4.429268,1.740917,2.297891,3.362636
8.150,4.512235,1.755718,2.294713,3.465834
8.160,4.670588,1.931498,2.395183,3.513802
8.170,4.715493,1.952632,2.429897,3.538178
8.180,4.815898,1.984662,2.458755,3.634352
8.190,4.976477,2.002768,2.614244,3.730947
8.200,5.494330,2.094483,2.613732,4.355365
8.210,5.581846,2.137465,2.656145,4.419630
8.220,5.671430,2.184856,2.658604,4.508142
8.230,5.828327,2.305346,2.866825,4.520629
8.240,6.141395,2.326840,2.900618,4.887634
8.250,6.209905,2.361703,2.915437,4.948283
8.260,6.270625,2.405726,2.919834,5.000779
8.270,6.466610,2.577340,3.130586,5.037240
8.280,6.533882,2.577940,3.205241,5.076639
8.290,6.613536,2.588122,3.220079,5.164452
8.300,6.703841,2.588678,3.315004,5.220248
8.310,6.966463,2.670240,3.311912,5.516581
8.320,6.985583,2.696248,3.318076,5.524399
8.330,7.048519,2.698639,3.317911,5.602717
8.340,7.160622,2.769327,3.428574,5.643599
8.350,7.213038,2.768504,3.504355,5.664167
8.360,7.284710,2.773937,3.504011,5.752754
8.370,7.348037,2.800323,3.594736,5.764522
8.380,7.482029,2.803030,3.661612,5.892060
8.390,7.501267,2.800432,3.658451,5.919656
8.400,7.583961,2.824730,3.760421,5.949503
8.410,7.712998,2.824794,3.856145,6.053182
8.420,7.724322,2.826097,3.855796,6.067220
8.430,7.735460,2.836104,3.868041,6.068947
8.440,7.759004,2.841788,3.876489,6.090913
8.450,7.769487,2.840872,3.873020,6.106889
8.460,7.773672,2.850725,3.875474,6.106067
8.470,7.777494,2.842318,3.880766,6.111489
8.480,7.781960,2.842727,3.872723,6.122076
8.490,7.767720,2.810119,3.864201,6.124431
8.500,7.765774,2.805250,3.866702,6.122617
8.510,7.770613,2.818882,3.862740,6.124995
8.520,7.765971,2.810183,3.841316,6.136568
8.530,7.753985,2.778361,3.838304,6.137786
8.540,7.745424,2.758574,3.850287,6.128389
8.550,7.751893,2.768205,3.847971,6.133678
8.560,7.699299,2.700192,3.785130,6.136852
8.570,7.640952,2.656004,3.764868,6.095536
8.580,7.609232,2.631798,3.755583,6.072038
8.590,7.410449,2.574971,3.526017,5.987611
8.600,7.070306,2.556949,3.353036,5.675244
8.610,7.020945,2.543989,3.383741,5.601079
8.620,6.972450,2.570395,3.354525,5.545745
8.630,6.760917,2.512496,3.356756,5.303730
8.640,6.716571,2.438277,3.357898,5.281256
8.650,6.709883,2.422434,3.357660,5.280196
8.660,6.717379,2.407440,3.409316,5.263457
8.670,6.964483,2.411901,3.397379,5.580732
8.680,6.940369,2.364908,3.427107,5.552555
8.690,6.887324,2.512226,3.321244,5.485735
8.700,6.600391,2.585677,3.321753,5.083836
8.710,6.655432,2.675197,3.356538,5.086428
8.720,6.623781,2.740110,3.357412,5.009398
8.730,6.573558,2.684480,3.296719,5.013668
8.740,6.304233,2.694978,3.272477,4.665977
8.750,6.356911,2.842285,3.256723,4.661061
8.760,6.299096,2.807685,3.256367,4.603432
8.770,6.121224,2.690111,3.064709,4.565111
8.780,6.071799,2.743770,2.985824,4.519218
8.790,6.013186,2.757156,2.971609,4.441400
8.800,5.915660,2.755217,2.881239,4.370614
8.810,5.620085,2.700297,2.881505,3.998835
8.820,5.620617,2.666505,2.915734,3.997447
8.830,5.579524,2.669717,2.922511,3.932255
8.840,5.523361,2.762718,2.797122,3.879564
8.850,5.481666,2.795119,2.706022,3.861790
8.860,5.392192,2.794671,2.707460,3.732989
8.870,5.364315,2.809288,2.610487,3.750884
8.880,5.211284,2.808242,2.519731,3.594749
8.890,5.179345,2.809473,2.519637,3.547381
8.900,5.073065,2.807525,2.365346,3.501275
8.910,4.890522,2.837003,2.199627,3.321183
8.920,4.963953,2.934588,2.202831,3.343136
8.930,5.020760,3.039571,2.192427,3.341002
8.940,5.240870,3.391838,2.253404,3.299140
8.950,5.227001,3.392528,2.255226,3.275095
8.960,5.285193,3.389726,2.283580,3.350863
8.970,5.275843,3.397619,2.263950,3.341443
8.980,5.286223,3.420953,2.287669,3.317801
8.990,5.327117,3.425818,2.353652,3.332006
9.000,5.353454,3.441686,2.353324,3.357996
9.010,5.348051,3.434376,2.352684,3.357318
9.020,5.494443,3.546582,2.480029,3.385279
9.030,5.549923,3.547137,2.468482,3.482249
9.040,5.641450,3.552516,2.550889,3.563503
9.050,5.674032,3.555811,2.637655,3.548749
9.060,5.683181,3.551310,2.651206,3.557786
9.070,5.706679,3.568292,2.677643,3.558610
9.080,5.706140,3.569538,2.659671,3.569955
9.090,5.709626,3.556287,2.690775,3.565444
9.100,5.701372,3.567589,2.685211,3.545080
9.110,5.678947,3.565190,2.635194,3.549029
9.120,5.645723,3.538649,2.610093,3.541124
9.130,5.587798,3.533686,2.601599,3.459513
9.140,5.577790,3.526471,2.589887,3.459514
9.150,5.521834,3.533016,2.593992,3.358521
9.160,5.398617,3.455663,2.457851,3.341022
9.170,5.009699,3.418834,2.425115,2.743624
9.180,4.930140,3.420190,2.333082,2.676809
9.190,4.865146,3.335472,2.325814,2.671117
9.200,4.725677,3.253204,2.326248,2.517391
9.210,4.529305,3.120940,2.227763,2.410687
9.220,4.427501,2.976503,2.230353,2.401816
9.230,4.318023,2.975421,2.058223,2.357098
9.240,4.305805,2.975565,2.034446,2.355206
9.250,4.135120,2.823554,2.022437,2.244217
9.260,4.130349,2.812281,2.017822,2.253720
9.270,4.116536,2.793421,2.017074,2.252572
9.280,4.073973,2.725865,2.020515,2.254869
9.290,4.026793,2.694504,2.011704,2.215346
9.300,4.019159,2.696066,1.995743,2.214019
9.310,4.024778,2.695840,1.993438,2.226542
9.320,3.984868,2.684525,1.947494,2.209019
9.330,3.912593,2.660237,1.924032,2.128292
9.340,3.835877,2.550609,1.924237,2.122654
9.350,3.789227,2.509297,1.914794,2.096482
9.361,3.785732,2.509234,1.910675,2.093999
9.370,3.701924,2.481889,1.867189,2.014466
9.380,3.669154,2.483141,1.867889,1.951332
9.390,3.690417,2.510921,1.872024,1.951916
9.400,3.707294,2.544341,1.873409,1.939252
9.410,3.677477,2.502815,1.866757,1.942929
9.420,3.588453,2.392486,1.867293,1.914737
9.430,3.499530,2.240955,1.859224,1.941164
9.440,3.105219,1.643147,1.784166,1.938868
9.450,3.125036,1.664696,1.783426,1.952954
9.460,3.040979,1.683725,1.724138,1.854716
9.470,3.052928,1.688250,1.728316,1.866309
9.480,2.994907,1.629638,1.680310,1.868236
9.490,3.103228,1.845032,1.675020,1.849375
9.500,3.080672,1.848617,1.674243,1.808332
9.510,3.168156,1.842065,1.756770,1.886205
9.520,2.933224,1.618191,1.598919,1.851680
9.530,2.864105,1.705441,1.592601,1.660780
9.540,2.743009,1.769583,1.417460,1.543854
9.550,2.728312,1.865296,1.257637,1.543602
9.560,2.736365,1.872995,1.260579,1.546132
9.570,2.742884,1.885132,1.254203,1.548117
9.580,2.764570,1.933270,1.265672,1.517693
9.590,2.740633,1.947889,1.160482,1.539507
9.600,2.731016,1.933194,1.157265,1.543356
9.610,2.802709,1.965505,1.254290,1.555225
9.620,2.886374,2.034301,1.252269,1.620060
9.630,2.923608,2.032086,1.297977,1.653289
9.640,2.996764,2.052469,1.328800,1.732703
9.650,3.008197,2.052912,1.352376,1.733746
9.660,3.080968,2.061738,1.393733,1.816345
9.670,3.150388,2.115548,1.400237,1.867817
9.680,3.173532,2.139300,1.405243,1.876164
9.690,3.222100,2.139660,1.484840,1.897112
9.700,3.274954,2.167049,1.485987,1.954754
9.710,3.275538,2.161410,1.494131,1.955768
9.720,3.388985,2.161059,1.610057,2.054936
9.730,3.444490,2.166050,1.727639,2.046460
9.740,3.456852,2.185660,1.726303,2.047583
9.750,3.490750,2.186319,1.773834,2.063700
9.760,3.610091,2.228215,1.802516,2.195166
9.770,3.676289,2.236636,1.857083,2.250289
9.780,3.690401,2.251276,1.859406,2.256861
9.790,3.714262,2.256440,1.910947,2.247777
9.800,3.799133,2.285159,2.025324,2.260426
9.810,3.890655,2.284327,2.025311,2.411879
9.820,3.908740,2.283571,2.059274,2.413078
9.830,4.001440,2.283867,2.084958,2.539375
9.840,4.000461,2.278915,2.090269,2.537915
9.850,4.034489,2.278070,2.159904,2.534228
9.860,4.115016,2.273304,2.291019,2.552779
9.870,4.221118,2.293684,2.288591,2.705402
9.880,4.365859,2.293079,2.546004,2.705619
9.890,4.481830,2.284058,2.646445,2.804676
9.900,4.624179,2.253275,2.900263,2.809672
9.910,4.690713,2.250684,2.953350,2.866171
9.920,4.755818,2.273078,3.042695,2.862329
9.930,4.795124,2.286378,3.043128,2.916344
9.940,4.847146,2.291769,3.112469,2.924920
9.950,4.901705,2.281344,3.139006,2.994799
9.960,4.936458,2.265123,3.199672,2.999989
9.970,4.951127,2.283611,3.194826,3.015271
9.980,5.014136,2.317507,3.208048,3.078822
9.990,4.978566,2.159208,3.270733,3.070220
10.000,5.015933,2.218008,3.279277,3.079994
10.010,4.976683,2.214178,3.265887,3.032947
10.020,5.049707,2.269500,3.268334,3.109163
10.030,5.088464,2.199012,3.325042,3.162421
10.040,5.050039,2.159330,3.320885,3.132398
10.050,5.002704,2.071589,3.306752,3.130649
10.060,5.120627,2.109865,3.311514,3.286817
10.070,5.264670,2.079972,3.388487,3.450887
10.080,5.285758,2.049841,3.418951,3.471047
10.090,5.306556,2.072236,3.420413,3.488000
10.100,5.308205,2.069680,3.417092,3.495275
10.110,5.344072,2.074159,3.425787,3.538496
10.120,5.381173,2.087447,3.433038,3.579642
10.130,5.350831,2.085102,3.399170,3.567825
10.140,5.359469,2.103852,3.414667,3.554964
10.150,5.447382,2.093802,3.518032,3.593524
10.160,5.439788,2.097956,3.537892,3.559943
10.170,5.495506,2.046180,3.572445,3.640243
10.180,5.601807,2.019066,3.741990,3.647071
10.190,5.575916,2.016571,3.682690,3.669070
10.200,5.585964,2.001700,3.696854,3.678243
10.210,5.614341,2.003281,3.696715,3.720482
10.220,5.774424,2.173099,3.692178,3.871619
10.230,5.777855,2.184167,3.667710,3.893704
10.240,5.808671,2.181779,3.672864,3.935806
10.250,5.841714,2.210847,3.678114,3.963490
10.260,5.801282,2.175920,3.690403,3.911671
10.270,5.809125,2.194204,3.681745,3.921245
10.280,5.828830,2.190015,3.721702,3.915102
10.290,5.898614,2.231157,3.710704,4.005779
10.300,5.924664,2.230006,3.640067,4.108361
10.310,5.917410,2.323540,3.648518,4.037972
10.320,6.053236,2.411348,3.652875,4.181335
10.330,6.003117,2.416985,3.648169,4.109313
10.340,6.059997,2.430961,3.650535,4.181817
10.350,6.156715,2.455634,3.760823,4.210845
10.361,6.108111,2.452019,3.701655,4.194564
10.370,6.048255,2.477013,3.690613,4.101851
10.380,6.007978,2.515602,3.597582,4.101823
10.390,5.952001,2.510402,3.552867,4.062184
10.400,5.842446,2.580140,3.307769,4.066413
10.410,5.828855,2.580711,3.302043,4.051172
10.420,5.861214,2.577824,3.243952,4.145530
10.430,5.859746,2.608614,3.243979,4.124119
10.440,5.832952,2.605330,3.185520,4.133769
10.450,5.849490,2.597287,3.168798,4.174848
10.460,5.831910,2.630993,3.123102,4.163566
10.470,5.832063,2.595335,3.133547,4.178287
10.480,5.852064,2.598440,3.106973,4.223918
10.490,5.894027,2.649859,3.019134,4.313077
10.500,5.893302,2.654785,3.015135,4.311853
10.510,5.917208,2.656114,2.997823,4.355625
10.520,5.855465,2.600506,3.022024,4.288497
10.530,5.823135,2.598453,2.969517,4.282395
10.540,5.850265,2.577005,2.953854,4.342740
10.550,5.839527,2.611126,2.903128,4.342113
10.560,5.768366,2.574379,2.903425,4.268108
10.570,5.671851,2.577940,2.801193,4.204455
10.580,5.667740,2.600622,2.795539,4.188675
10.590,5.682327,2.567422,2.816156,4.215027
10.600,5.771936,2.582855,2.813026,4.327931
10.610,5.738168,2.579070,2.799571,4.293875
10.620,5.699302,2.513465,2.807151,4.276031
10.630,5.777372,2.537514,2.788945,4.377309
10.640,5.726488,2.537773,2.723271,4.351571
10.650,5.704551,2.527636,2.647948,4.375081
10.661,5.738227,2.527222,2.609236,4.442104
10.670,5.664641,2.562892,2.554755,4.358092
10.680,5.576699,2.564812,2.327787,4.370666
10.690,5.574547,2.566720,2.334358,4.363290
10.700,5.551285,2.555144,2.306195,4.355396
10.710,5.622381,2.724430,2.348538,4.321228
10.720,5.599041,2.798201,2.504677,4.152821
10.730,5.694864,2.816083,2.580829,4.223799
10.740,5.791867,2.974451,2.561081,4.259017
10.750,5.815240,2.960594,2.680903,4.226660
10.760,5.823734,2.957360,2.722212,4.214197
10.770,5.839339,2.940819,2.766745,4.218363
10.780,5.846023,2.939347,2.729167,4.252984
10.790,5.792669,2.940514,2.730963,4.177347
10.800,5.713117,2.942233,2.717446,4.074121
10.810,5.702481,2.870025,2.747977,4.090217
10.820,5.649582,2.810322,2.741500,4.062517
10.830,5.673207,2.823099,2.771349,4.066326
10.840,5.636774,2.811055,2.786606,4.013230
10.850,5.551328,2.792104,2.623622,4.017213
10.860,5.534688,2.821778,2.552505,4.019336
10.870,5.528857,2.789444,2.576389,4.018642
10.880,5.504271,2.753096,2.537581,4.034618
10.890,5.573478,2.775416,2.600160,4.074297
10.900,5.562321,2.720064,2.626044,4.079774
10.910,5.574538,2.737328,2.676057,4.052312
10.920,5.513648,2.723589,2.685149,3.971443
10.930,5.504247,2.720935,2.696149,3.952724
10.940,5.520966,2.739863,2.734282,3.936740
10.950,5.499268,2.736816,2.783566,3.873442
10.960,5.523429,2.701696,2.803151,3.918092
10.970,5.520919,2.721095,2.805693,3.899265
10.980,5.490674,2.746273,2.828713,3.821501
10.990,5.397769,2.688397,2.820844,3.735139
11.000,5.388161,2.648233,2.813858,3.755175
11.010,5.393622,2.679194,2.813733,3.741120
11.020,5.370696,2.689013,2.782236,3.724614
11.030,5.408030,2.696191,2.806551,3.755079
11.040,5.388626,2.695314,2.802462,3.730788
11.050,5.391886,2.692744,2.796079,3.742126
11.060,5.379423,2.697266,2.826297,3.697972
11.070,5.335788,2.669291,2.846000,3.639478
11.080,5.310886,2.663254,2.800462,3.642802
11.090,5.281958,2.697385,2.786236,3.586097
11.100,5.188798,2.684557,2.813192,3.435510
11.110,5.190755,2.678018,2.793109,3.459871
11.120,5.207460,2.721312,2.776740,3.464364
11.130,5.110479,2.700725,2.791566,3.321180
11.140,5.105735,2.673790,2.780877,3.344562
11.151,5.111504,2.700274,2.746406,3.360542
11.160,5.054516,2.705972,2.752647,3.263247
11.170,5.053960,2.673353,2.767959,3.276294
11.180,5.047843,2.677971,2.755973,3.273195
11.190,5.043726,2.699684,2.761032,3.244623
11.200,5.032912,2.710872,2.768655,3.211840
11.210,4.916076,2.523196,2.741000,3.207523
11.220,4.736291,2.315740,2.587564,3.220919
11.230,4.610107,2.299743,2.506443,3.111593
11.240,4.435504,2.077694,2.518899,3.002005
11.250,4.378514,2.072827,2.398651,3.020140
11.260,4.374400,2.083004,2.337967,3.054568
11.270,4.332028,2.115281,2.293557,3.005270
11.280,4.327013,2.142895,2.308546,2.966759
11.290,4.325153,2.070110,2.342108,2.989335
11.300,4.331620,2.047357,2.304005,3.043489
11.310,4.286651,2.074388,2.263588,2.991398
11.320,4.205082,2.088722,2.291741,2.840401
11.330,4.221829,2.067177,2.267973,2.899469
11.340,4.210813,2.083094,2.238855,2.894684
11.350,4.186007,2.096287,2.249489,2.840427
11.361,4.183278,2.065443,2.263307,2.848018
11.370,4.210695,2.075285,2.263840,2.880654
11.380,4.262126,2.081164,2.276476,2.941450
11.390,4.166987,2.066016,2.161979,2.901931
11.400,4.159414,2.096261,2.137536,2.887447
11.410,4.119129,2.078411,2.075186,2.888084
11.420,4.116689,2.081849,2.086367,2.874040
11.430,4.146356,2.036011,2.121264,2.923553
11.440,4.133217,2.013173,2.055942,2.967106
11.450,4.073246,2.054369,1.989771,2.900295
11.460,4.046682,2.069627,1.973083,2.863428
11.470,4.043789,2.046056,1.991838,2.863297
11.480,3.961907,1.974105,1.954007,2.825150
11.490,3.969171,1.992931,1.939253,2.832285
11.500,3.935491,1.974650,1.940343,2.797127
11.510,3.915069,1.928737,1.965915,2.782610
11.520,3.958740,1.948523,1.965475,2.830510
11.530,3.895944,1.983695,1.933302,2.739649
11.540,3.875635,1.957930,1.953086,2.715238
11.550,3.883666,1.923664,1.957441,2.747872
11.560,3.837066,1.919263,1.895713,2.728695
11.570,3.825373,1.944867,1.873690,2.709290
11.580,3.832122,1.944111,1.894108,2.705170
11.590,3.887547,1.896093,1.932937,2.789554
11.600,3.927843,1.911141,1.906263,2.853358
11.610,3.905193,1.915079,1.911307,2.816009
11.620,3.888380,1.857320,1.999237,2.770002
11.630,3.907378,1.850411,2.017216,2.788265
11.640,3.891544,1.864595,2.010012,2.761748
11.650,3.842317,1.832766,2.065603,2.671639
11.660,3.882634,1.823909,2.110209,2.700967
11.670,3.908888,1.825337,2.086404,2.755807
11.680,3.912172,1.831681,2.089736,2.753732
11.690,3.925634,1.831980,2.121878,2.748105
11.700,3.925456,1.833151,2.118213,2.749898
11.710,3.924621,1.837862,2.124557,2.740651
11.720,3.905045,1.818628,2.125614,2.724653
11.730,3.922788,1.825938,2.134821,2.738020
11.740,3.928869,1.844873,2.127098,2.740057
11.750,3.913370,1.837352,2.072048,2.764999
11.760,3.944174,1.863665,2.054835,2.803733
11.770,3.933399,1.838479,2.053374,2.806293
11.780,3.926251,1.796022,2.048413,2.827323
11.790,3.876298,1.797768,2.015350,2.780661
11.800,3.846469,1.803777,2.031663,2.722876
11.810,3.837196,1.786798,2.041686,2.713474
11.820,3.808832,1.756004,2.032686,2.700340
11.830,3.834408,1.753048,2.053129,2.722897
11.840,3.822382,1.754041,2.053342,2.705130
11.850,3.865352,1.760658,2.103636,2.723186
11.860,3.920304,1.774759,2.186786,2.727083
11.870,3.882871,1.755182,2.178572,2.692554
11.880,3.825547,1.760950,2.153337,2.626215
11.890,3.812626,1.763245,2.167255,2.594242
11.900,3.792230,1.706501,2.180870,2.590881
11.910,3.842571,1.700578,2.218519,2.636581
11.920,3.818998,1.700805,2.199188,2.618316
11.930,3.751481,1.707258,2.154401,2.552928
11.940,3.718171,1.704927,2.157139,2.502953
11.950,3.766115,1.700578,2.195284,2.544089
11.960,3.814273,1.694953,2.245170,2.575855
11.970,3.794903,1.702394,2.222604,2.561869
11.980,3.807291,1.716611,2.233139,2.561601
11.990,3.812587,1.704736,2.278478,2.537367
12.000,3.830156,1.686664,2.308791,2.548479
12.010,3.802749,1.690243,2.288078,2.523624
12.020,3.775693,1.686448,2.308367,2.466413
12.030,3.784087,1.653509,2.341685,2.470169
12.040,3.794550,1.645533,2.373079,2.461569
12.050,3.793182,1.660705,2.364701,2.457332
12.060,3.820296,1.689595,2.391728,2.453481
12.070,3.899496,1.682236,2.471492,2.503572
12.080,3.895358,1.651351,2.473281,2.515897
12.090,3.824179,1.669908,2.433862,2.431473
12.100,3.771793,1.642850,2.452231,2.348197
12.110,3.830961,1.638489,2.528181,2.366415
12.120,3.860987,1.646449,2.525609,2.411996
12.130,3.843388,1.645518,2.506230,2.404729
12.140,3.852455,1.672292,2.505979,2.401024
12.150,3.860872,1.709382,2.501072,2.393531
12.160,3.859761,1.702942,2.520301,2.376095
12.171,3.851258,1.702573,2.544210,2.336756
12.180,3.827141,1.686704,2.542619,2.310223
12.190,3.817750,1.685430,2.521439,2.318811
12.200,3.841362,1.695840,2.548150,2.321017
12.210,3.872829,1.702269,2.576488,2.337262
12.220,3.878234,1.700607,2.578739,2.344939
12.230,3.848347,1.685822,2.570266,2.315493
12.240,3.891763,1.704911,2.592712,2.348818
12.250,3.909530,1.713455,2.627314,2.333606
12.260,3.829347,1.668829,2.639791,2.215945
12.270,3.809474,1.655285,2.633076,2.199779
12.280,3.804743,1.673934,2.637456,2.172059
12.290,3.882205,1.721909,2.691572,2.204991
12.300,3.948522,1.728575,2.720040,2.281280
12.310,3.940083,1.713289,2.710559,2.289489
12.320,3.936442,1.730888,2.699824,2.282664
12.330,3.876700,1.742069,2.690599,2.180522
12.340,3.918732,1.740910,2.746969,2.186288
12.350,3.962863,1.717947,2.779430,2.242254
12.361,3.899111,1.691239,2.705874,2.240764
12.370,3.898511,1.732704,2.688221,2.229258
12.380,3.909868,1.746008,2.723763,2.195367
12.390,3.949642,1.710503,2.783627,2.219295
12.400,3.989221,1.704423,2.798938,2.274812
12.410,3.935259,1.704465,2.765686,2.220820
12.420,3.922304,1.728625,2.747862,2.201267
12.430,3.969368,1.767122,2.778165,2.216972
12.440,4.047797,1.776833,2.821271,2.295202
12.450,4.013762,1.744088,2.798836,2.288003
12.460,3.940633,1.731660,2.755622,2.221820
12.470,3.940851,1.746401,2.754576,2.211946
12.480,3.939522,1.743942,2.752609,2.213965
12.491,4.020187,1.758002,2.767657,2.326243
12.500,4.057622,1.780634,2.780442,2.358554
12.511,4.045781,1.778276,2.783430,2.336364
12.520,4.027937,1.760694,2.768127,2.337029
12.530,4.007790,1.768692,2.736179,2.333974
12.540,4.016141,1.789663,2.738710,2.329369
12.550,3.998041,1.798237,2.752852,2.274309
12.560,3.973101,1.777058,2.726353,2.279166
12.570,3.885495,1.763289,2.659779,2.216631
12.580,3.899737,1.814165,2.660649,2.199477
12.590,3.953924,1.826575,2.684831,2.255842
12.598,3.986121,1.815454,2.698127,2.305082
12.609,3.915829,1.802071,2.623380,2.281258
12.619,3.839624,1.793096,2.562818,2.226990
12.630,3.860495,1.814784,2.569965,2.237244
12.639,3.940349,1.809181,2.605669,2.337456
12.650,3.941428,1.789741,2.597220,2.363500
12.659,3.875477,1.776196,2.535689,2.331251
12.669,3.830386,1.781991,2.500937,2.289472
12.680,3.881654,1.787185,2.504333,2.366753
12.690,3.914477,1.769958,2.498899,2.438418
12.699,3.901796,1.772345,2.476721,2.438987
12.710,3.949067,1.808258,2.457190,2.507499
12.720,3.984758,1.825416,2.459839,2.548597
12.730,3.992958,1.809623,2.452169,2.579892
12.739,3.965880,1.761955,2.410123,2.610560
12.750,3.925590,1.753746,2.362651,2.598560
12.759,3.937728,1.756098,2.371585,2.607184
12.770,3.953172,1.753931,2.399160,2.606785
12.779,3.940018,1.734102,2.380495,2.617227
12.790,3.862801,1.687407,2.317356,2.589160
12.800,3.866466,1.677098,2.269693,2.642991
12.810,3.940280,1.682149,2.267317,2.748719
12.819,4.004924,1.685142,2.262988,2.842288
12.830,3.995959,1.675627,2.244199,2.850181
12.839,3.990569,1.657175,2.172497,2.908379
12.850,3.935095,1.640257,2.115058,2.884625
12.859,3.951837,1.647351,2.133613,2.889801
12.870,3.974379,1.611804,2.156536,2.923547
12.879,3.944452,1.581389,2.114573,2.930271
12.889,3.883638,1.576730,2.020975,2.917572
12.899,3.868106,1.589994,2.038211,2.877474
12.910,3.930729,1.624656,2.063473,2.924586
12.919,3.965111,1.648921,2.073453,2.950247
12.929,3.939985,1.608001,2.038770,2.963313
12.939,3.914783,1.589570,1.999873,2.966361
12.950,3.879631,1.570118,1.995771,2.933114
12.959,3.882025,1.572460,1.999214,2.932683
12.970,3.877005,1.565119,1.996693,2.931687
12.980,3.912263,1.547601,1.998560,2.986049
12.990,3.863211,1.540604,1.951126,2.957033
12.999,3.884074,1.527782,1.904299,3.020854
13.010,3.956736,1.542643,1.912039,3.101631
13.019,4.017484,1.540890,1.925005,3.171780
13.030,4.047314,1.524243,1.899238,3.232697
13.039,4.018699,1.502645,1.838749,3.242068
13.050,4.094818,1.481411,1.853411,3.337338
13.059,4.169625,1.495153,1.872862,3.412137
13.070,4.226162,1.512445,1.894656,3.461680
13.079,4.200123,1.467296,1.872488,3.461483
13.090,4.170604,1.443390,1.848363,3.448785
13.099,4.239515,1.473067,1.985879,3.443813
13.110,4.259751,1.476526,2.013440,3.451292
13.120,4.285920,1.471976,2.042329,3.468615
13.130,4.264006,1.448141,2.027529,3.460313
13.139,4.181452,1.401020,1.977530,3.407500
13.150,4.199348,1.378347,1.958894,3.449263
13.160,4.292376,1.414404,1.952872,3.551091
13.170,4.374709,1.422790,1.971102,3.637101
13.179,4.399504,1.434191,1.989173,3.652660
13.190,4.403640,1.419452,1.959636,3.679270
13.199,4.457229,1.395872,1.931973,3.766419
13.210,4.461344,1.338090,1.889422,3.813553
13.220,4.509644,1.329637,1.890604,3.872282
13.230,4.646308,1.325358,1.893666,4.030587
13.240,4.782934,1.336710,1.898665,4.181475
13.250,4.876884,1.342107,1.880800,4.294804
13.260,4.969268,1.366119,1.860600,4.400626
13.270,5.081046,1.371494,1.874910,4.518932
13.280,5.179622,1.386403,1.874371,4.625268
13.290,5.257601,1.414689,1.885316,4.699639
13.300,5.305109,1.436528,1.885871,4.745952
13.310,5.310476,1.436482,1.884474,4.752519
13.320,5.380113,1.404915,1.886274,4.838781
13.330,5.459852,1.405124,1.883219,4.928397
13.340,5.507347,1.419216,1.883517,4.976852
13.350,5.540949,1.419729,1.839321,5.030247
13.360,5.543017,1.409601,1.811636,5.045398
13.370,5.543895,1.407631,1.818050,5.044605
13.380,5.582001,1.436578,1.840909,5.070112
13.390,5.728348,1.437109,1.878986,5.217097
13.400,5.849981,1.444728,1.854693,5.356786
13.410,5.838402,1.417497,1.818389,5.363870
13.420,5.823845,1.402482,1.802053,5.357501
13.430,5.821739,1.395559,1.795772,5.359129
13.440,5.796253,1.396988,1.767063,5.340642
13.450,5.792185,1.396532,1.757266,5.339580
13.460,5.810996,1.420664,1.776293,5.347351
13.470,5.834219,1.397311,1.826161,5.361974
13.480,5.843540,1.389996,1.877981,5.356124
13.490,5.826501,1.361346,1.885219,5.342360
13.500,5.833103,1.348087,1.898432,5.348244
13.510,5.834241,1.336437,1.891011,5.355033
13.520,5.797523,1.324400,1.886316,5.319685
13.530,5.841795,1.317883,1.899944,5.364696
13.540,5.834308,1.325557,1.921278,5.347031
13.550,5.780522,1.318546,1.919654,5.290634
13.560,5.759174,1.302643,1.944331,5.262203
13.570,5.717857,1.280509,1.918215,5.232077
13.580,5.752515,1.307884,1.917988,5.263287
13.590,5.752107,1.327678,1.916205,5.258532
13.600,5.730449,1.295621,1.799910,5.283913
13.610,5.779589,1.317095,1.852099,5.314004
13.620,5.764785,1.313829,1.830892,5.306075
13.630,5.775398,1.315305,1.883242,5.298923
13.640,5.781561,1.318074,1.892056,5.301815
13.650,5.758496,1.315475,1.892807,5.277033
13.660,5.712987,1.317028,1.938209,5.210279
13.670,5.661887,1.289183,1.936892,5.161727
13.680,5.655289,1.275724,1.964967,5.147206
13.690,5.600815,1.262599,1.972401,5.087692
13.700,5.543990,1.252307,1.982374,5.023718
13.710,5.480106,1.250000,1.982655,4.953598
13.720,5.463625,1.260599,2.015383,4.919383
13.730,5.340010,1.267415,2.054451,4.763255
13.740,5.233784,1.271646,2.079064,4.631728
13.750,5.170525,1.265545,2.096077,4.554030
13.760,5.073139,1.246026,2.088539,4.452209
13.770,4.942890,1.233965,2.048772,4.325739
13.780,4.851570,1.228481,2.049500,4.222336
13.790,4.828608,1.196306,2.071357,4.194494
13.800,4.759649,1.189475,2.143158,4.079986
13.810,4.731806,1.175876,2.189625,4.026517
13.820,4.602324,1.191915,2.191839,3.867372
13.830,4.505498,1.190916,2.192004,3.751846
13.840,4.420797,1.181333,2.192226,3.652677
13.850,4.354479,1.222747,2.198197,3.554478
13.860,4.429870,1.274377,2.222831,3.613688
13.870,4.423494,1.286665,2.244121,3.588275
13.880,4.385961,1.292349,2.231609,3.547732
13.890,4.202785,1.316593,2.199945,3.330199
13.900,4.026007,1.312899,2.183035,3.117593
13.910,3.970297,1.290331,2.194223,3.046915
13.920,3.981833,1.254896,2.196391,3.075077
13.930,3.962191,1.284256,2.203504,3.032196
13.940,4.009538,1.325352,2.253780,3.039789
13.950,4.042257,1.320996,2.296950,3.052677
13.960,4.028079,1.327205,2.276252,3.046740
13.970,4.043553,1.405391,2.269191,3.037427
13.980,4.010872,1.410960,2.251794,3.004283
13.990,3.986403,1.415490,2.223561,2.990581
14.000,3.944937,1.435998,2.228404,2.921413
14.010,3.909428,1.435191,2.244033,2.861499
14.020,3.876536,1.430432,2.238945,2.822857
14.030,3.867949,1.438712,2.239755,2.806178
14.040,3.876443,1.454587,2.268099,2.786882
14.050,3.862562,1.445106,2.250790,2.786575
14.060,3.830797,1.479383,2.228783,2.742071
14.070,3.859820,1.488085,2.273393,2.741440
14.080,3.820938,1.441510,2.280470,2.705749
14.090,3.832599,1.431569,2.288693,2.720534
14.100,3.779451,1.440207,2.256489,2.668016
14.110,3.659745,1.421189,2.194858,2.560577
14.120,3.690182,1.436949,2.185192,2.603375
14.130,3.685115,1.450348,2.180095,2.593019
14.140,3.653922,1.448347,2.174624,2.554301
14.150,3.658869,1.445992,2.157382,2.577234
14.160,3.649176,1.445186,2.138386,2.579773
14.170,3.648692,1.458879,2.138608,2.571183
14.180,3.601787,1.466726,2.134594,2.503017
14.190,3.636189,1.468160,2.123195,2.560941
14.200,3.647163,1.484395,2.117615,2.571785
14.210,3.666393,1.490329,2.126442,2.588358
14.220,3.681767,1.485995,2.126517,2.612500
14.230,3.738399,1.491730,2.160369,2.661424
14.240,3.729663,1.482857,2.173159,2.643653
14.250,3.650708,1.481425,2.155495,2.546937
14.260,3.712839,1.481335,2.172213,2.621510
14.270,3.761130,1.495755,2.206588,2.653260
14.280,3.803576,1.534957,2.236942,2.665931
14.290,3.817489,1.536844,2.235389,2.685958
14.300,3.795884,1.555470,2.172179,2.696458
14.310,3.763940,1.547238,2.127941,2.691685
14.320,3.751180,1.536182,2.130658,2.678020
14.330,3.776925,1.530848,2.150922,2.700963
14.340,3.854834,1.551200,2.164016,2.787572
14.350,3.909238,1.555008,2.163759,2.860462
14.360,3.874580,1.533253,2.164611,2.824176
14.370,3.927218,1.527092,2.157829,2.904273
14.380,3.921386,1.515043,2.150728,2.907969
14.390,3.905760,1.507829,2.147653,2.892922
14.400,4.035621,1.506614,2.136128,3.074623
14.410,4.122459,1.546241,2.152762,3.157439
14.420,4.191880,1.585999,2.221386,3.181495
14.430,4.214132,1.586610,2.253806,3.187779
14.440,4.198937,1.549664,2.202094,3.221863
14.450,4.167929,1.554724,2.144835,3.217786
14.460,4.161327,1.541266,2.153113,3.210178
14.470,4.126452,1.491982,2.120170,3.210370
14.480,4.157871,1.518288,2.123639,3.236178
14.490,4.184353,1.531069,2.142830,3.251602
14.500,4.101443,1.514517,2.120775,3.167079
14.510,4.094695,1.508619,2.104715,3.171871
14.520,4.113176,1.511276,2.109417,3.191335
14.530,4.045511,1.501214,2.092777,3.119743
14.540,4.096713,1.482773,2.050360,3.221872
14.550,4.161250,1.486829,2.044221,3.305526
14.560,4.145171,1.447237,2.033011,3.309805
14.570,4.221927,1.461978,1.986042,3.426795
14.580,4.269139,1.473678,1.976452,3.485321
14.590,4.233083,1.472011,1.954508,3.454283
14.600,4.253947,1.450905,1.912173,3.512056
14.610,4.267023,1.450787,1.921892,3.522645
14.620,4.237179,1.432724,1.958855,3.473309
14.630,4.231629,1.418378,1.941249,3.482304
14.640,4.265563,1.429251,1.933940,3.523087
14.650,4.239042,1.440929,1.931469,3.487496
14.660,4.289983,1.430019,1.915965,3.562032
14.670,4.291931,1.418748,1.890471,3.582449
14.680,4.302491,1.413286,1.865281,3.610371
14.690,4.333296,1.418941,1.944467,3.603208
14.700,4.322540,1.397291,1.984518,3.576816
14.710,4.298094,1.387662,1.974952,3.556342
14.720,4.231729,1.393234,1.947030,3.489341
14.730,4.251106,1.395996,1.865663,3.555616
14.740,4.266390,1.405750,1.824568,3.591226
14.750,4.301667,1.407613,1.832810,3.628192
14.760,4.294486,1.429933,1.830371,3.612152
14.770,4.239025,1.412663,1.788619,3.574151
14.780,4.215985,1.382515,1.752774,3.576447
14.790,4.157645,1.407393,1.735581,3.506140
14.800,4.212382,1.409346,1.736326,3.569745
14.810,4.249116,1.421526,1.732848,3.609915
14.820,4.316229,1.424130,1.731495,3.688308
14.830,4.311619,1.422131,1.714253,3.691739
14.840,4.212995,1.396972,1.706674,3.589576
14.850,4.155227,1.357971,1.708743,3.535820
14.860,4.083729,1.329837,1.653317,3.489257
14.870,4.043225,1.320502,1.597093,3.471777
14.880,4.093602,1.324503,1.608285,3.523732
14.890,4.192495,1.323351,1.600103,3.642174
14.900,4.168288,1.329373,1.588114,3.617359
14.910,4.136283,1.301569,1.550005,3.607248
14.920,4.123387,1.266759,1.500883,3.625603
14.930,4.124933,1.250378,1.475246,3.643525
14.940,4.113961,1.254671,1.480960,3.627290
14.950,4.113295,1.251590,1.480437,3.627813
14.960,4.140584,1.243571,1.476803,3.662925
14.970,4.131504,1.249017,1.466445,3.654972
14.980,4.114003,1.223614,1.425287,3.660102
14.990,4.116485,1.218651,1.418300,3.667255
15.000,4.113278,1.213028,1.413564,3.667350
15.010,4.123149,1.242669,1.405009,3.671795
15.020,4.175311,1.245449,1.398822,3.731671
15.030,4.265169,1.236162,1.404351,3.832933
15.040,4.290792,1.272102,1.409548,3.847834
15.050,4.381337,1.312060,1.421000,3.931332
15.060,4.489763,1.332001,1.427194,4.043126
15.070,4.499577,1.288743,1.430855,4.066693
15.080,4.495284,1.282001,1.445106,4.059029
15.090,4.472166,1.262413,1.471826,4.029926
15.100,4.428593,1.265326,1.482584,3.976597
15.110,4.423555,1.264841,1.455306,3.981218
15.120,4.464410,1.264854,1.405160,4.044333
15.130,4.547955,1.265399,1.373618,4.146786
15.140,4.647893,1.272973,1.379697,4.251928
15.150,4.700195,1.257878,1.400270,4.306834
15.160,4.735008,1.254219,1.431157,4.335784
15.170,4.799275,1.250919,1.553438,4.365212
15.180,4.788566,1.250214,1.576352,4.345393
15.190,4.786118,1.245141,1.486204,4.375815
15.200,4.797370,1.245030,1.440578,4.403339
15.210,4.864284,1.258341,1.461535,4.465619
15.220,4.881099,1.255398,1.453783,4.487272
15.230,4.838317,1.238294,1.471570,4.439642
15.240,4.816869,1.237461,1.466020,4.418337
15.250,4.786683,1.239059,1.454498,4.388793
15.260,4.779135,1.270645,1.430841,4.379302
15.270,4.835138,1.301907,1.435935,4.429637
15.280,4.870399,1.291357,1.431589,4.472554
15.290,4.946212,1.249657,1.416005,4.571465
15.300,4.997761,1.209640,1.414036,4.638415
15.310,5.108526,1.200337,1.465280,4.744384
15.320,5.129525,1.194211,1.471187,4.766708
15.330,5.145619,1.195772,1.486816,4.778798
15.340,5.161201,1.195200,1.508976,4.788787
15.350,5.212717,1.195710,1.537466,4.835172
15.360,5.296607,1.195597,1.600870,4.905284
15.370,5.349264,1.201144,1.653546,4.943446
15.380,5.362296,1.190426,1.677880,4.951951
15.390,5.381330,1.176412,1.729386,4.958225
15.400,5.370795,1.163770,1.742860,4.945050
15.410,5.373693,1.149276,1.759860,4.945567
15.420,5.362236,1.142622,1.715207,4.950359
15.430,5.384982,1.144292,1.700289,4.979723
15.440,5.433152,1.155131,1.695587,5.030884
15.450,5.458292,1.153197,1.693367,5.059209
15.460,5.479511,1.145939,1.685277,5.086424
15.470,5.551380,1.125702,1.697951,5.164066
15.480,5.624600,1.128367,1.684815,5.246361
15.490,5.673511,1.120914,1.663688,5.307016
15.500,5.772586,1.123802,1.664272,5.412025
15.510,5.840885,1.115664,1.671122,5.484395
15.520,5.881113,1.136183,1.667112,5.524248
15.530,5.818274,1.160187,1.668836,5.451721
15.540,5.766278,1.117335,1.684865,5.400255
15.550,5.665643,1.071375,1.721997,5.290216
15.560,5.573520,1.079277,1.738466,5.184305
15.570,5.515929,1.108039,1.748767,5.112684
15.580,5.505088,1.114918,1.800919,5.081304
15.590,5.522599,1.118122,1.855960,5.079795
15.600,5.601081,1.122908,1.842663,5.168730
15.610,5.604693,1.143757,1.861063,5.161477
15.620,5.571730,1.160312,1.892817,5.110293
15.630,5.518352,1.161715,1.897082,5.050119
15.640,5.437051,1.175568,1.930853,4.944832
15.650,5.383173,1.186103,1.938240,4.880055
15.661,5.358807,1.175840,1.919018,4.863290
15.670,5.280006,1.189844,1.821791,4.810802
15.680,5.295033,1.216561,1.859923,4.806043
15.690,5.284899,1.216466,1.888500,4.783716
15.700,5.249458,1.234880,1.875936,4.744759
15.710,5.222113,1.239734,1.916659,4.696802
15.720,5.205414,1.227337,1.965331,4.661271
15.730,5.197004,1.229025,1.952502,4.656832
15.740,5.224440,1.231947,1.967896,4.680221
15.750,5.270290,1.229822,2.043852,4.699592
15.760,5.267672,1.169074,2.083217,4.694874
15.770,5.228452,1.136503,2.097992,4.652258
15.780,5.212571,1.130282,2.105372,4.632576
15.790,5.114210,1.151161,2.142289,4.498952
15.800,5.051571,1.159072,2.192781,4.400754
15.810,4.882583,1.167204,2.168377,4.216088
15.820,4.869322,1.182785,2.155489,4.202997
15.830,4.858694,1.184287,2.158639,4.188633
15.840,4.857296,1.186557,2.165636,4.182753
15.850,4.808591,1.185148,2.199114,4.108755
15.860,4.726858,1.182451,2.144486,4.043041
15.870,4.659171,1.187088,2.113649,3.978842
15.880,4.631116,1.212034,2.079196,3.956660
15.890,4.481700,1.203715,2.063772,3.791774
15.900,4.463669,1.205514,2.083352,3.759085
15.910,4.398209,1.193646,2.077442,3.688318
15.920,4.390626,1.180055,2.077188,3.683796
15.930,4.392666,1.163263,2.075390,3.692572
15.940,4.383020,1.151480,2.076961,3.683910
15.950,4.360427,1.167555,2.086216,3.646620
15.960,4.333604,1.193676,2.091864,3.602689
15.970,4.242355,1.206455,2.103257,3.481143
15.980,4.145509,1.207293,2.110383,3.357674
15.990,4.026778,1.205710,2.110002,3.210778
16.000,3.958851,1.208390,2.113884,3.121505
16.010,3.870440,1.194948,2.120466,3.009324
16.020,3.931181,1.166715,2.122747,3.096273
16.030,4.019043,1.159070,2.126956,3.207074
16.040,4.109789,1.217270,2.108577,3.310970
16.050,4.122990,1.258895,2.072478,3.334526
16.060,4.176344,1.240091,2.049245,3.421202
16.070,4.157251,1.208699,2.044565,3.411969
16.080,4.143744,1.222234,2.009377,3.411622
16.090,4.155395,1.228351,1.958531,3.452914
16.100,4.136067,1.220119,2.041503,3.383877
16.110,4.267135,1.201493,2.130262,3.496690
16.120,4.316937,1.185771,2.118947,3.569308
16.130,4.357960,1.181166,2.117317,3.621276
16.140,4.445439,1.154948,2.090043,3.749632
16.150,4.502530,1.152843,2.064066,3.831887
16.160,4.539997,1.208565,2.069822,3.855747
16.170,4.590082,1.227615,2.090431,3.897680
16.180,4.625756,1.230235,2.082081,3.943232
16.190,4.658902,1.261081,2.089010,3.968763
16.200,4.698473,1.278912,2.146465,3.979035
16.210,4.710534,1.285733,2.173275,3.976543
16.220,4.754635,1.325948,2.244598,3.976203
16.230,4.801872,1.347588,2.327774,3.977870
16.240,4.801301,1.360174,2.410773,3.923085
16.250,4.810019,1.374205,2.438402,3.911781
16.260,4.858435,1.385310,2.478158,3.942593
16.270,4.867460,1.388582,2.504656,3.935823
16.280,4.938539,1.394091,2.533997,4.003066
16.290,4.995147,1.377680,2.530233,4.080614
16.300,5.038690,1.371306,2.501416,4.153412
16.310,5.111329,1.362954,2.495756,4.247262
16.320,5.118679,1.352538,2.513725,4.248848
16.330,5.171979,1.362079,2.516789,4.308117
16.340,5.223673,1.375797,2.512065,4.368464
16.350,5.258872,1.405087,2.489454,4.414078
16.360,5.308292,1.430438,2.513602,4.451249
16.370,5.331010,1.443199,2.530779,4.464527
16.380,5.355081,1.428312,2.539498,4.493080
16.390,5.345133,1.424584,2.527835,4.488993
16.400,5.339908,1.422625,2.525344,4.484796
16.410,5.328971,1.437975,2.526970,4.465936
16.420,5.351893,1.506348,2.585154,4.437415
16.430,5.359062,1.521594,2.625869,4.416912
16.440,5.334411,1.520946,2.652021,4.371435
16.450,5.355681,1.518722,2.661549,4.392375
16.460,5.385676,1.501346,2.664499,4.433048
16.470,5.408141,1.477789,2.653240,4.474869
16.480,5.452133,1.473434,2.649189,4.531726
16.490,5.527215,1.489712,2.649202,4.616556
16.500,5.648806,1.496090,2.661835,4.752405
16.510,5.690564,1.495332,2.659238,4.803640
16.520,5.708353,1.510907,2.672174,4.812686
16.530,5.696771,1.507329,2.672128,4.800093
16.540,5.743626,1.463649,2.670262,4.869976
16.550,5.779641,1.431242,2.668842,4.922710
16.560,5.802187,1.438023,2.671741,4.945631
16.570,5.850031,1.449226,2.675936,4.996196
16.580,5.937045,1.440620,2.673020,5.101773
16.590,5.975995,1.444010,2.678172,5.143418
16.600,5.970410,1.466071,2.642435,5.149172
16.610,5.910831,1.484538,2.596410,5.098306
16.620,5.883053,1.502265,2.579214,5.069632
16.630,5.846500,1.551858,2.589040,5.007012
16.640,5.769115,1.572501,2.592840,4.907862
16.650,5.724129,1.561548,2.608523,4.850034
16.660,5.664025,1.522557,2.612870,4.789145
16.670,5.638975,1.498865,2.613178,4.766838
16.680,5.608355,1.476164,2.575069,4.758529
16.690,5.639398,1.448442,2.578375,4.801751
16.700,5.664643,1.435133,2.530368,4.860639
16.710,5.708581,1.425597,2.463098,4.948607
16.720,5.708565,1.392049,2.355860,5.009973
16.730,5.717098,1.374533,2.283296,5.057908
16.740,5.739882,1.366435,2.170576,5.134949
16.750,5.813897,1.378828,2.101778,5.242400
16.760,5.864807,1.398304,2.009190,5.329527
16.770,5.960084,1.428113,2.024038,5.420919
16.780,6.017827,1.434448,2.016946,5.485302
16.790,6.092933,1.440745,2.001907,5.571396
16.800,6.127697,1.443352,1.980683,5.616254
16.810,6.136604,1.445315,1.981520,5.625171
16.820,6.166074,1.444517,1.963294,5.663861
16.830,6.204049,1.433767,1.944864,5.714196
16.840,6.187752,1.419260,1.903943,5.713928
16.850,6.189861,1.392106,1.880242,5.730717
16.860,6.171960,1.370323,1.852157,5.725803
16.870,6.160220,1.352429,1.829171,5.724804
16.880,6.141854,1.366466,1.819573,5.704761
16.890,6.149593,1.415982,1.809080,5.704359
16.900,6.170046,1.484537,1.827360,5.703189
16.910,6.191580,1.498457,1.867397,5.709914
16.920,6.171646,1.437831,1.865337,5.704593
16.930,6.191918,1.425820,1.823722,5.742902
16.940,6.277546,1.445003,1.798438,5.838251
16.950,6.320052,1.433778,1.788757,5.889625
16.960,6.352082,1.441910,1.781321,5.924250
16.970,6.365566,1.518045,1.796137,5.915223
16.980,6.354789,1.542297,1.815937,5.891267
16.990,6.315722,1.537125,1.837018,5.843883
17.000,6.223555,1.550856,1.833345,5.741632
17.010,6.191129,1.600081,1.870320,5.680821
17.020,6.115432,1.595308,1.920668,5.582521
17.030,6.070522,1.597818,2.036504,5.490980
17.040,6.037493,1.615142,2.189748,5.389586
17.050,5.999099,1.678362,2.233743,5.308736
17.060,6.005333,1.738230,2.279621,5.276922
17.070,5.979920,1.761720,2.273506,5.242801
17.080,5.885593,1.759766,2.257747,5.142568
17.090,5.866843,1.795051,2.296396,5.091582
17.100,5.823892,1.800163,2.280069,5.047615
17.110,5.806579,1.801573,2.281908,5.026290
17.120,5.828340,1.783737,2.265202,5.065243
17.130,5.938611,1.750751,2.257076,5.206494
17.140,6.043481,1.742310,2.263422,5.325875
17.150,6.128745,1.791828,2.247924,5.412735
17.160,6.142510,1.807345,2.233821,5.428994
17.170,6.126814,1.811633,2.209629,5.419721
17.180,6.105367,1.833282,2.209794,5.388080
17.190,6.071505,1.878700,2.188664,5.342603
17.200,6.046525,1.896075,2.198659,5.303892
17.210,5.987092,1.892549,2.228645,5.224622
17.220,5.944002,1.899159,2.245464,5.165486
17.230,5.914077,1.937385,2.247367,5.115876
17.240,5.863707,1.985416,2.248641,5.038332
17.250,5.771824,2.030824,2.220636,4.925290
17.260,5.727315,2.032495,2.222038,4.871719
17.270,5.610386,2.022971,2.164897,4.764162
17.280,5.533832,2.014928,2.144190,4.686770
17.290,5.478073,2.014155,2.116553,4.633861
17.300,5.521110,2.030592,2.118957,4.676471
17.310,5.568273,2.047904,2.136925,4.716493
17.320,5.634123,2.051486,2.144352,4.789207
17.330,5.728129,2.063001,2.201771,4.869054
17.340,5.876504,2.096038,2.215233,5.023212
17.350,6.074478,2.143126,2.250178,5.219481
17.360,6.220694,2.164711,2.249458,5.380613
17.370,6.356643,2.195914,2.272153,5.515631
17.380,6.441664,2.217653,2.282871,5.600496
17.390,6.527119,2.231752,2.306653,5.683478
17.400,6.556337,2.211422,2.287420,5.732615
17.410,6.596174,2.224362,2.278562,5.776667
17.420,6.630455,2.239597,2.243274,5.823647
17.430,6.598662,2.261243,2.271392,5.768006
17.440,6.527923,2.253786,2.303648,5.676921
17.450,6.483145,2.258904,2.341788,5.607545
17.460,6.424506,2.252834,2.369517,5.530316
17.470,6.393885,2.201996,2.406842,5.499099
17.480,6.378976,2.179800,2.425989,5.482187
17.490,6.407227,2.189118,2.424039,5.512201
17.500,6.428032,2.186970,2.408992,5.543781
17.510,6.420746,2.160851,2.370571,5.562113
17.520,6.456930,2.156470,2.336880,5.619659
17.530,6.522307,2.159963,2.246810,5.729475
17.540,6.537018,2.178316,2.111112,5.790574
17.550,6.697041,2.168215,2.185011,5.947683
17.560,6.759292,2.161181,2.196510,6.016035
17.570,6.821542,2.166302,2.287922,6.050288
17.580,6.834233,2.169886,2.311813,6.054243
17.590,6.822014,2.133052,2.267973,6.070113
17.600,6.826369,2.130351,2.251825,6.081957
17.610,6.817032,2.126151,2.210803,6.088001
17.620,6.795094,2.137869,2.211263,6.059136
17.630,6.741103,2.135698,2.214098,5.998252
17.640,6.742733,2.115731,2.200786,6.012044
17.650,6.726348,2.085171,2.273354,5.977263
17.660,6.720614,2.097521,2.272880,5.966663
17.670,6.752496,2.112543,2.308280,5.983746
17.680,6.743636,2.090364,2.309183,5.981194
17.690,6.758893,2.056249,2.400082,5.974452
17.700,6.797333,2.025192,2.380380,6.036234
17.710,6.859150,2.019803,2.358797,6.115914
17.720,6.901257,2.012443,2.408525,6.146254
17.730,6.929499,2.008140,2.408406,6.179394
17.740,6.953799,1.981204,2.441682,6.202284
17.750,6.949645,1.937831,2.460892,6.203740
17.760,6.928004,1.948063,2.483666,6.167147
17.770,6.916729,1.940171,2.515842,6.143892
17.780,6.889324,1.941581,2.566801,6.091352
17.790,6.824731,1.937734,2.607396,6.001969
17.800,6.750306,1.920686,2.642065,5.907376
17.810,6.710340,1.913155,2.680658,5.846587
17.820,6.656522,1.934034,2.684740,5.775895
17.830,6.553558,1.947126,2.663594,5.662427
17.840,6.486016,1.954481,2.651178,5.587455
17.850,6.348300,1.940903,2.629151,5.442553
17.860,6.195267,1.913207,2.627231,5.274337
17.870,6.046661,1.878415,2.607260,5.122096
17.880,5.971315,1.837619,2.600996,5.051196
17.890,5.925357,1.787301,2.584018,5.023770
17.900,5.937586,1.764117,2.574013,5.051463
17.910,5.936768,1.747028,2.545581,5.070811
17.920,5.927963,1.739140,2.524577,5.073721
17.930,5.946437,1.738450,2.482133,5.116338
17.940,5.973332,1.750548,2.448841,5.159405
17.950,5.958756,1.759710,2.413098,5.156273
17.960,5.955386,1.781797,2.407411,5.147446
17.970,5.941883,1.798053,2.364775,5.145951
17.980,5.946228,1.809974,2.340460,5.157894
17.990,5.921038,1.786319,2.389649,5.114424
18.000,5.915765,1.789502,2.463866,5.071816
18.010,5.871231,1.768461,2.468704,5.024878
18.020,5.840693,1.767568,2.453030,4.997204
18.030,5.789487,1.759343,2.429580,4.951769
18.040,5.757245,1.716633,2.421589,4.933047
18.050,5.619835,1.656224,2.303119,4.851299
18.060,5.568238,1.608125,2.262168,4.827194
18.070,5.554685,1.607265,2.159414,4.858823
18.080,5.593991,1.681979,2.160116,4.878277
18.090,5.605155,1.731537,2.159019,4.874236
18.100,5.611871,1.748397,2.159564,4.875704
18.110,5.615730,1.757432,2.182379,4.866732
18.120,5.579986,1.751508,2.182949,4.827339
18.130,5.533518,1.765023,2.193989,4.763500
18.140,5.404776,1.770892,2.181893,4.616805
18.150,5.354691,1.762557,2.119686,4.590538
18.160,5.343881,1.732328,2.117491,4.590461
18.170,5.326515,1.725723,2.082824,4.588626
18.180,5.376591,1.722053,2.070261,4.653631
18.190,5.361846,1.724700,1.985733,4.672437
18.200,5.275987,1.735637,1.993645,4.566068
18.210,5.208293,1.757407,2.054274,4.451718
18.220,5.157768,1.757441,1.990869,4.421584
18.230,5.164534,1.721422,2.041224,4.420693
18.240,5.227884,1.683455,1.999901,4.527377
18.250,5.315663,1.691288,1.976363,4.635710
18.260,5.351122,1.662484,1.948574,4.698267
18.270,5.395632,1.656389,1.934835,4.756642
18.280,5.454864,1.655989,1.889603,4.841760
18.290,5.484166,1.664170,1.914204,4.862349
18.300,5.594378,1.688269,2.016598,4.937625
18.310,5.679897,1.721403,2.145824,4.969250
18.320,5.588220,1.727834,2.121240,4.872692
18.330,5.534706,1.717613,2.108799,4.820347
18.340,5.385400,1.664281,2.101805,4.670666
18.350,5.300590,1.623631,2.103535,4.586416
18.361,5.277479,1.624095,2.116518,4.553509
18.370,5.275404,1.627634,2.120613,4.547933
18.380,5.280319,1.631005,2.111312,4.556748
18.390,5.336657,1.647014,2.113729,4.615128
18.400,5.328445,1.645421,2.121432,4.602656
18.410,5.333660,1.620115,2.169601,4.595213
18.420,5.311252,1.606745,2.188399,4.564940
18.430,5.265041,1.620729,2.188396,4.506087
18.440,5.199382,1.662586,2.182299,4.416667
18.450,5.251637,1.642334,2.195918,4.478881
18.460,5.260986,1.621642,2.230940,4.480085
18.470,5.276008,1.600698,2.247492,4.496978
18.480,5.376350,1.622859,2.274649,4.593195
18.490,5.340520,1.619676,2.192714,4.592364
18.500,5.295641,1.601313,2.125651,4.578342
18.510,5.338158,1.606188,2.115974,4.630200
18.520,5.362638,1.623784,2.113614,4.653370
18.530,5.375669,1.636091,2.147739,4.648467
18.540,5.343542,1.678186,2.156583,4.591980
18.550,5.244071,1.694429,2.161741,4.467221
18.560,5.161858,1.687960,2.159526,4.374016
18.570,5.041157,1.645089,2.165260,4.244831
18.580,4.983917,1.549444,2.152023,4.219887
18.590,4.937939,1.497833,2.145078,4.187885
18.600,4.971516,1.462091,2.148148,4.238363
18.610,5.019005,1.450070,2.145384,4.299423
18.620,5.071375,1.460120,2.175740,4.342009
18.630,5.071681,1.485868,2.170590,4.336206
18.640,5.097668,1.497464,2.160142,4.367792
18.650,5.112304,1.498119,2.169449,4.380044
18.660,5.094908,1.495363,2.177487,4.356664
18.670,5.119326,1.501457,2.178981,4.382370
18.680,5.119641,1.506150,2.248191,4.346019
18.690,5.137428,1.517578,2.305470,4.333005
18.700,5.148682,1.539180,2.321727,4.330062
18.710,5.137080,1.519382,2.255391,4.358243
18.720,5.149452,1.516084,2.246995,4.378282
18.730,5.088100,1.530901,2.179696,4.335209
18.740,5.041749,1.529377,2.210546,4.265410
18.750,4.954318,1.514653,2.277011,4.131139
18.760,4.944739,1.504041,2.288898,4.116947
18.770,4.893590,1.503715,2.275029,4.063287
18.780,4.816394,1.510969,2.249860,3.981551
18.790,4.799245,1.518876,2.252150,3.956462
18.800,4.653571,1.496629,2.167858,3.836173
18.810,4.471847,1.449461,2.018744,3.717680
18.820,4.528056,1.400951,2.047038,3.788174
18.830,4.510765,1.385796,2.044588,3.774418
18.840,4.544802,1.392173,2.064846,3.801774
18.850,4.620208,1.424171,2.201881,3.803916
18.860,4.638460,1.431694,2.236626,3.803034
18.870,4.636040,1.430380,2.251430,3.791826
18.880,4.570533,1.428361,2.251362,3.712267
18.890,4.490121,1.418989,2.267249,3.606554
18.900,4.446712,1.459586,2.324910,3.498236
18.910,4.384722,1.466750,2.311279,3.425261
18.920,4.326460,1.459193,2.303465,3.359027
18.930,4.354892,1.414442,2.303839,3.414200
18.940,4.398765,1.366820,2.322148,3.476861
18.950,4.385897,1.427568,2.368253,3.404338
18.960,4.385609,1.449626,2.353177,3.405100
18.970,4.395615,1.452957,2.322422,3.437543
18.980,4.319496,1.412559,2.293535,3.376747
18.990,4.346342,1.445289,2.317942,3.380676
19.000,4.403749,1.501988,2.397831,3.374529
19.010,4.360744,1.517986,2.422816,3.292684
19.020,4.311300,1.509405,2.425171,3.229172
19.030,4.223095,1.486187,2.394885,3.144885
19.040,4.252416,1.478858,2.404127,3.180597
19.050,4.294715,1.505314,2.472976,3.172222
19.060,4.330103,1.531807,2.521749,3.169249
19.070,4.360008,1.557552,2.519606,3.199264
19.080,4.413539,1.561160,2.502523,3.283212
19.090,4.462062,1.585097,2.498237,3.340102
19.100,4.441409,1.644729,2.537602,3.252931
19.110,4.398616,1.658639,2.553206,3.174568
19.120,4.344032,1.638337,2.535894,3.123413
19.130,4.414081,1.607528,2.537531,3.234332
19.140,4.422396,1.589892,2.541214,3.251471
19.150,4.422776,1.622448,2.572899,3.210732
19.160,4.453644,1.668535,2.601476,3.206752
19.170,4.414688,1.668691,2.609697,3.145540
19.180,4.358784,1.666858,2.551556,3.116110
19.190,4.324847,1.653527,2.474979,3.137615
19.200,4.334280,1.644024,2.469439,3.159911
19.210,4.357767,1.660278,2.523862,3.140658
19.220,4.366381,1.700764,2.542799,3.115584
19.230,4.394015,1.702004,2.542480,3.153783
19.240,4.363048,1.698402,2.508417,3.139977
19.250,4.359006,1.708904,2.461965,3.165330
19.260,4.357749,1.746717,2.468159,3.138016
19.270,4.389179,1.788089,2.531451,3.107955
19.280,4.426370,1.796989,2.553852,3.137105
19.290,4.387385,1.780020,2.496791,3.137947
19.300,4.355179,1.773596,2.440966,3.140642
19.310,4.413707,1.794677,2.465114,3.191107
19.320,4.427062,1.867681,2.532104,3.114338
19.330,4.473187,1.906554,2.574703,3.121755
19.340,4.439711,1.903373,2.555382,3.091638
19.350,4.403263,1.890962,2.445991,3.135301
19.361,4.412589,1.881193,2.392858,3.194727
19.370,4.434696,1.883158,2.380675,3.233054
19.380,4.512179,1.917242,2.408991,3.298591
19.390,4.506242,1.914622,2.425784,3.279636
19.400,4.464697,1.894259,2.379241,3.268717
19.410,4.478747,1.888695,2.347605,3.313723
19.420,4.511339,1.895837,2.360041,3.344875
19.430,4.474732,1.906090,2.365597,3.285422
19.440,4.445970,1.895598,2.361604,3.255177
19.450,4.392979,1.850826,2.292713,3.258247
19.460,4.358826,1.846363,2.259711,3.237902
19.470,4.366607,1.850567,2.304778,3.214133
19.480,4.360469,1.857565,2.391290,3.137654
19.490,4.359187,1.847466,2.427304,3.114093
19.500,4.318604,1.834044,2.359372,3.117689
19.510,4.330198,1.815902,2.333034,3.163868
19.520,4.377919,1.819394,2.337656,3.223561
19.530,4.393423,1.857362,2.379287,3.192392
19.540,4.388017,1.845622,2.400373,3.175937
19.550,4.348422,1.832337,2.344583,3.170843
19.560,4.374103,1.809147,2.293951,3.255388
19.570,4.372804,1.792372,2.290069,3.265640
19.580,4.330568,1.810268,2.326697,3.172259
19.590,4.313985,1.802462,2.370450,3.121308
19.600,4.327400,1.770872,2.417661,3.121749
19.610,4.317915,1.751171,2.393596,3.138230
19.620,4.334861,1.761186,2.382414,3.164387
19.630,4.289638,1.817277,2.425010,3.036088
19.640,4.260823,1.816721,2.447386,2.977322
19.650,4.250674,1.791537,2.439651,2.984414
19.660,4.210961,1.754592,2.397059,2.984579
19.670,4.231110,1.748303,2.403836,3.011196
19.680,4.235421,1.801396,2.416964,2.975239
19.690,4.227325,1.815971,2.431121,2.943158
19.700,4.213415,1.812650,2.446323,2.912501
19.710,4.179118,1.789790,2.401856,2.914235
19.720,4.164690,1.748617,2.393881,2.925119
19.730,4.150317,1.731682,2.396489,2.912601
19.740,4.181837,1.737131,2.414587,2.939372
19.750,4.148657,1.722846,2.422310,2.894058
19.760,4.095721,1.694565,2.406340,2.848316
19.770,4.051968,1.689264,2.345557,2.839576
19.780,4.070319,1.695893,2.309133,2.891254
19.790,4.090599,1.696894,2.308805,2.919413
19.800,4.117359,1.695311,2.319481,2.949334
19.810,4.141720,1.693004,2.288220,3.008593
19.820,4.087359,1.623502,2.221819,3.022295
19.830,4.077901,1.595230,2.185669,3.050798
19.840,4.097853,1.635692,2.187082,3.055091
19.850,4.125105,1.670321,2.186810,3.073171
19.860,4.123954,1.669205,2.186951,3.072133
19.870,4.140062,1.758232,2.219672,3.020229
19.880,4.114195,1.729109,2.202432,3.014312
19.890,4.106561,1.720324,2.169084,3.033051
19.900,4.122731,1.744120,2.192181,3.024781
19.910,4.135991,1.767192,2.241811,2.992947
19.920,4.116449,1.772028,2.242056,2.962812
19.930,4.156412,1.765943,2.239300,3.023696
19.940,4.138286,1.751701,2.218417,3.022513
19.950,4.201593,1.752623,2.216492,3.109480
19.960,4.293121,1.790496,2.216888,3.210984
19.970,4.246290,1.796410,2.153804,3.188262
19.980,4.206360,1.814588,2.079100,3.174599
19.990,4.170230,1.806634,2.011481,3.175033
20.000,4.194752,1.808637,2.020174,3.200575
20.010,4.172744,1.818226,2.019078,3.166886
20.020,4.182146,1.831355,2.013220,3.175441
20.030,4.166275,1.800298,1.973196,3.197385
20.040,4.156990,1.780598,1.918656,3.229364
20.050,4.254195,1.781144,1.911228,3.357515
20.060,4.192754,1.791537,1.907144,3.276031
20.070,4.182173,1.791826,1.908707,3.261405
20.080,4.164900,1.788700,1.873316,3.261538
20.090,4.121249,1.773482,1.802399,3.254352
20.100,4.078439,1.748126,1.730743,3.253037
20.110,4.091861,1.756699,1.778901,3.239267
20.120,4.081273,1.742127,1.779716,3.233326
20.130,4.047515,1.686864,1.731700,3.246241
20.140,4.062900,1.693702,1.705180,3.275804
20.150,4.062167,1.699251,1.716955,3.265856
20.160,4.089382,1.693127,1.737205,3.292185
20.170,4.074919,1.671632,1.718932,3.294828
20.180,4.060101,1.612933,1.705957,3.312488
20.190,4.111994,1.607879,1.694697,3.383965
20.200,4.143529,1.597173,1.660809,3.443775
20.210,4.233633,1.599881,1.647411,3.556692
20.220,4.297088,1.653684,1.683902,3.590928
20.230,4.268381,1.665612,1.681889,3.551910
20.240,4.189043,1.668250,1.658240,3.466303
20.250,4.224640,1.661679,1.643361,3.519343
20.260,4.207014,1.653399,1.629714,3.508458
20.270,4.198794,1.610006,1.613976,3.526023
20.280,4.177970,1.591906,1.612815,3.509999
20.290,4.194160,1.609555,1.652650,3.502722
20.300,4.229543,1.610410,1.642238,3.549461
20.310,4.300472,1.613962,1.699625,3.605616
20.320,4.397662,1.603967,1.673596,3.737084
20.330,4.476231,1.601191,1.698623,3.819360
20.340,4.580957,1.543681,1.716542,3.956729
20.350,4.698244,1.517338,1.794185,4.068425
20.361,4.754439,1.514022,1.804966,4.129712
20.370,4.785690,1.389031,1.764543,4.226087
20.380,4.880495,1.389084,1.750633,4.338774
20.390,4.950688,1.396762,1.751438,4.414842
20.400,4.988796,1.311962,1.677494,4.511414
20.410,5.018227,1.303523,1.640328,4.559906
20.420,5.010983,1.271900,1.619441,4.568329
20.430,4.999049,1.271348,1.660188,4.540698
20.440,5.013622,1.305217,1.649787,4.550936
20.450,5.003476,1.299442,1.744093,4.506036
20.460,4.957096,1.331136,1.816886,4.415858
20.470,4.997529,1.282770,1.869736,4.453525
20.480,4.998103,1.281103,1.865279,4.456517
20.490,4.993839,1.273301,1.859440,4.456413
20.500,4.986146,1.258293,1.872092,4.446754
20.510,5.004527,1.269333,1.922876,4.442594
20.520,4.994166,1.269928,1.967433,4.411143
20.530,4.961321,1.297231,1.968361,4.365485
20.540,5.003057,1.319756,2.130549,4.330078
20.550,4.912284,1.356711,2.123129,4.216894
20.560,4.932742,1.344974,2.145232,4.233317
20.570,4.979955,1.383336,2.220759,4.237282
20.580,4.984668,1.398900,2.214675,4.240898
20.590,4.993429,1.409310,2.230188,4.239627
20.600,5.003585,1.455124,2.233608,4.234321
20.610,5.002578,1.441757,2.175432,4.267859
20.620,5.020830,1.465435,2.200514,4.268369
20.630,5.058334,1.517190,2.276437,4.254728
20.640,5.040724,1.498805,2.262435,4.247808
20.650,5.050937,1.502226,2.239296,4.270929
20.661,5.083251,1.525078,2.294106,4.272079
20.670,5.078843,1.524670,2.296626,4.265622
20.680,5.082387,1.529579,2.296583,4.268108
20.690,5.095047,1.558203,2.371599,4.231670
20.700,5.067224,1.563322,2.396560,4.182019
20.710,4.991925,1.554295,2.387724,4.099055
20.720,4.956246,1.554435,2.409139,4.042791
20.730,4.988795,1.537167,2.411679,4.087664
20.740,5.016818,1.535334,2.410518,4.123180
20.750,5.008881,1.553735,2.449907,4.083228
20.760,5.039475,1.554371,2.451114,4.119743
20.770,5.049020,1.557294,2.451537,4.130061
20.780,5.051834,1.576551,2.485514,4.105817
20.790,5.006544,1.580798,2.479959,4.051711
20.800,4.954096,1.576117,2.482751,3.986837
20.810,4.814179,1.572382,2.448311,3.835324
20.820,4.738331,1.607832,2.478009,3.704878
20.830,4.631628,1.599279,2.477672,3.571474
20.840,4.517462,1.607135,2.465915,3.426929
20.850,4.414760,1.626498,2.412338,3.320427
20.860,4.315454,1.628601,2.431946,3.171189
20.870,4.208648,1.626074,2.421770,3.033749
20.880,4.106771,1.630713,2.438191,2.874294
20.890,4.003303,1.624635,2.472156,2.697303
20.900,3.897359,1.633531,2.473510,2.530361
20.910,3.859908,1.637097,2.475825,2.467609
20.920,3.850162,1.625841,2.498975,2.436292
20.930,3.825038,1.628290,2.456016,2.438765
20.940,3.784330,1.602900,2.480046,2.366694
20.950,3.765004,1.598357,2.458974,2.360924
20.960,3.685846,1.528714,2.383934,2.359100
20.970,3.654552,1.557153,2.390457,2.284018
20.980,3.681229,1.560120,2.416022,2.297892
20.990,3.643035,1.523514,2.381124,2.298011
21.000,3.662665,1.537158,2.403126,2.297226
21.010,3.656260,1.515846,2.386406,2.318515
21.020,3.644698,1.527697,2.330313,2.349385
21.030,3.656760,1.490565,2.332382,2.389582
21.040,3.656722,1.489467,2.227738,2.488028
21.050,3.657694,1.460648,2.251726,2.484946
21.060,3.617867,1.433492,2.205202,2.484179
21.070,3.596365,1.421570,2.180307,2.481782
21.080,3.677379,1.407652,2.179669,2.605893
21.090,3.687935,1.384453,2.173849,2.637903
21.100,3.690257,1.350368,2.157251,2.672222
21.110,3.705424,1.349627,2.192840,2.664606
21.120,3.677535,1.308767,2.182871,2.654517
21.130,3.661923,1.271944,2.132950,2.691164
21.140,3.672238,1.275498,2.160582,2.681478
21.150,3.747897,1.258888,2.144190,2.804351
21.160,3.707845,1.229711,2.137007,2.769318
21.170,3.675611,1.229478,2.127919,2.733215
21.180,3.677608,1.224292,2.149286,2.721484
21.190,3.617631,1.187770,2.092624,2.701366
21.200,3.638757,1.199096,2.073282,2.739383
21.210,3.680805,1.197765,2.091160,2.782217
21.220,3.689074,1.150675,2.059649,2.836028
21.230,3.627712,1.150781,2.099099,2.725762
21.240,3.651248,1.167511,2.094821,2.753227
21.250,3.698262,1.157787,2.086283,2.825614
21.260,3.742351,1.150815,2.075714,2.893481
21.270,3.755523,1.154330,2.108022,2.885779
21.280,3.702990,1.131517,2.081901,2.845608
21.290,3.699587,1.115526,2.083833,2.846082
21.300,3.731005,1.116295,2.095118,2.878326
21.310,3.718533,1.113043,2.112077,2.850922
21.320,3.710983,1.040684,2.075114,2.895215
21.330,3.724477,1.056125,2.083442,2.900966
21.340,3.727748,1.046226,2.156681,2.854864
21.350,3.685970,1.016944,2.139931,2.823631
21.361,3.703046,1.014456,2.131366,2.853193
21.370,3.722076,1.019503,2.138501,2.870762
21.380,3.720392,0.990895,2.166163,2.857828
21.390,3.702492,1.016803,2.117324,2.862079
21.400,3.781840,1.006782,2.154305,2.940693
21.410,3.911946,1.011141,2.124873,3.125032
21.420,3.917148,1.014269,2.113511,3.138212
21.431,3.950363,1.027225,2.194757,3.119811
21.440,3.956083,1.001638,2.167206,3.154447
21.450,3.958354,1.021663,2.157027,3.157848
21.460,3.989637,1.070628,2.190159,3.158190
21.470,3.978873,1.036805,2.178969,3.163632
21.480,4.006657,1.051999,2.156342,3.208860
21.490,4.035513,1.090531,2.192000,3.207997
21.500,4.019392,1.063747,2.209688,3.184530
21.510,4.034760,1.088092,2.197819,3.203893
21.520,4.056342,1.104648,2.239046,3.196927
21.531,4.029342,1.118831,2.305436,3.109466
21.540,4.055308,1.125616,2.296359,3.147260
21.550,4.059394,1.177851,2.276598,3.147768
21.560,4.086826,1.203423,2.316500,3.144478
21.570,4.145721,1.194335,2.303742,3.233162
21.580,4.142214,1.196443,2.304982,3.226998
21.590,4.148406,1.224570,2.299712,3.228161
21.598,4.174839,1.261584,2.322871,3.231402
21.609,4.163885,1.263187,2.325450,3.214745
21.619,4.170116,1.280492,2.296222,3.236907
21.629,4.175624,1.319705,2.307703,3.220049
21.639,4.136407,1.343489,2.305877,3.160353
21.649,4.136932,1.347129,2.313246,3.154099
21.659,4.160693,1.347768,2.266727,3.218204
21.669,4.181418,1.389646,2.281242,3.216998
21.679,4.216730,1.427705,2.269895,3.254235
21.689,4.229835,1.434751,2.291088,3.253291
21.699,4.205242,1.436995,2.270613,3.234722
21.709,4.184359,1.463863,2.257408,3.204695
21.719,4.176599,1.473605,2.275572,3.177143
21.729,4.198634,1.483685,2.265026,3.208873
21.739,4.202180,1.468745,2.290812,3.202074
21.749,4.130643,1.473175,2.264248,3.124924
21.759,4.065694,1.512802,2.290210,2.999373
21.769,4.078844,1.532451,2.301606,2.998529
21.779,4.101385,1.537783,2.311216,3.019083
21.789,4.132813,1.525581,2.281042,3.090241
21.799,4.157886,1.528753,2.274929,3.126599
21.809,4.190637,1.541335,2.264659,3.171284
21.819,4.201729,1.573275,2.279493,3.159627
21.829,4.178892,1.571596,2.262546,3.142310
21.839,4.153810,1.575237,2.206123,3.147347
21.849,4.167507,1.589881,2.216384,3.150878
21.859,4.206863,1.612711,2.252853,3.165678
21.869,4.183517,1.643628,2.273384,3.103551
21.879,4.193690,1.663745,2.243062,3.128524
21.889,4.205647,1.650086,2.246661,3.149158
21.899,4.145018,1.659478,2.209940,3.089251
21.909,4.034102,1.691428,2.213868,2.917506
21.919,4.040887,1.703562,2.201167,2.929420
21.929,3.997678,1.726011,2.111652,2.922882
21.939,3.962879,1.732778,2.121938,2.863436
21.949,3.985808,1.721486,2.114843,2.906989
21.959,4.002846,1.687575,2.065261,2.984890
21.969,3.987070,1.689831,2.082240,2.950504
21.979,3.988267,1.696163,2.097581,2.937594
21.989,3.985022,1.684400,2.067054,2.961499
21.999,4.067991,1.689165,2.049737,3.081209
22.009,4.172361,1.673787,2.050092,3.225548
22.019,4.242556,1.648502,1.993171,3.362885
22.029,4.383829,1.644583,1.944496,3.568227
22.039,4.417990,1.642876,1.942737,3.611837
22.049,4.417373,1.602449,1.983491,3.607091
22.059,4.403883,1.592318,1.958705,3.608627
22.069,4.358086,1.589941,1.955933,3.555183
22.079,4.414220,1.589498,1.955732,3.624079
22.089,4.401397,1.580464,1.934487,3.623837
22.099,4.372433,1.558788,1.964243,3.581913
22.109,4.408989,1.555880,1.932507,3.644699
22.119,4.415030,1.561296,1.960755,3.634596
22.129,4.439341,1.537932,2.025171,3.638846
22.139,4.503615,1.516466,1.996736,3.741112
22.149,4.448969,1.513678,1.985028,3.682631
22.159,4.443763,1.525814,2.069322,3.624476
22.170,4.486307,1.494803,2.061637,3.693531
22.179,4.435396,1.450601,2.040283,3.661385
22.189,4.444600,1.452493,2.066105,3.657314
22.199,4.486929,1.442626,2.074951,3.707552
22.210,4.456379,1.410420,2.063366,3.689519
22.219,4.462810,1.407560,2.089326,3.683771
22.230,4.446429,1.397108,2.091454,3.666694
22.239,4.428797,1.420748,2.059653,3.654250
22.249,4.465136,1.410052,2.095279,3.682254
22.259,4.501344,1.368679,2.070347,3.755327
22.270,4.489225,1.366369,2.047583,3.754142
22.279,4.491518,1.365593,2.090161,3.733646
22.289,4.509935,1.370888,2.087381,3.755398
22.299,4.450784,1.377661,2.088504,3.680989
22.310,4.429501,1.350232,2.120104,3.647261
22.319,4.433268,1.319076,2.079583,3.686358
22.330,4.439129,1.320187,2.101453,3.680606
22.339,4.441182,1.316720,2.105673,3.681914
22.349,4.442808,1.294020,2.122218,3.682424
22.360,4.417744,1.282266,2.123905,3.655309
22.370,4.386545,1.238150,2.088071,3.653591
22.380,4.377586,1.219954,2.110247,3.636184
22.390,4.394594,1.221766,2.166152,3.623194
22.399,4.380136,1.212567,2.176271,3.602654
22.410,4.348453,1.143588,2.171675,3.589579
22.419,4.349888,1.122794,2.158766,3.605633
22.430,4.369210,1.114644,2.172978,3.622946
22.439,4.410973,1.128893,2.179480,3.664990
22.450,4.362780,1.147625,2.183544,3.598463
22.459,4.339028,1.142568,2.188299,3.568340
22.470,4.346132,1.136882,2.148052,3.603087
22.479,4.326462,1.112181,2.141112,3.591235
22.490,4.350946,1.082170,2.126157,3.638556
22.499,4.242727,1.110182,2.165586,3.475409
22.510,4.204801,1.127962,2.186500,3.409879
22.519,4.070812,1.118785,2.197064,3.239250
22.530,3.960274,1.117781,2.190864,3.103942
22.540,3.932431,1.104372,2.185448,3.077043
22.550,3.942838,1.108061,2.152802,3.111851
22.559,4.002878,1.115952,2.162408,3.178313
22.570,3.970612,1.115822,2.184830,3.122054
22.579,3.905872,1.113227,2.190579,3.036104
22.590,3.925049,1.103746,2.185056,3.068108
22.600,3.894580,1.089394,2.158667,3.053053
22.610,3.929110,1.101059,2.239238,3.035027
22.619,3.932099,1.077177,2.233621,3.051562
22.630,3.896122,1.048822,2.170670,3.060707
22.639,3.847252,1.067408,2.182811,2.982838
22.650,3.861749,1.068658,2.194248,2.992717
22.660,3.852778,1.056071,2.184567,2.992705
22.670,3.846010,1.052831,2.167869,2.997280
22.679,3.901040,1.050405,2.160453,3.073631
22.690,3.993603,1.047034,2.140380,3.204895
22.700,3.945525,1.056025,2.171283,3.120498
22.710,3.970938,1.088756,2.200553,3.120982
22.720,3.969422,1.082621,2.158294,3.150558
22.730,3.960019,1.103294,2.134342,3.147869
22.740,3.972208,1.085610,2.134492,3.169201
22.750,3.934503,1.079103,2.122751,3.132057
22.759,3.881077,1.109807,2.173568,3.017729
22.770,3.894521,1.088742,2.148029,3.060703
22.780,3.902502,1.082519,2.100815,3.105519
22.790,3.881501,1.080176,2.117243,3.068640
22.800,3.910279,1.081561,2.117267,3.104463
22.810,3.985737,1.100566,2.115963,3.193362
22.820,3.928639,1.104970,2.171399,3.081927
22.830,3.924093,1.101662,2.151254,3.091432
22.840,3.937084,1.108848,2.165615,3.095351
22.850,3.906278,1.124990,2.162324,3.052500
22.860,3.995255,1.117128,2.127470,3.191858
22.870,4.114890,1.115246,2.123788,3.343363
22.880,4.149875,1.122467,2.101730,3.397684
22.890,4.201845,1.164800,2.048152,3.479054
22.900,4.224152,1.158353,2.028480,3.519510
22.910,4.212360,1.167309,2.035273,3.498433
22.920,4.221944,1.197409,2.043512,3.495007
22.930,4.265346,1.234240,2.047862,3.532151
22.940,4.261412,1.219854,2.050818,3.530684
22.950,4.295993,1.191999,2.034656,3.590943
22.960,4.461797,1.198423,2.061803,3.770992
22.970,4.554693,1.195545,2.052556,3.886247
22.980,4.560382,1.258912,2.052901,3.872702
22.990,4.563458,1.284373,2.079906,3.853508
23.000,4.529387,1.253552,2.045987,3.841600
23.010,4.561110,1.252256,2.057256,3.873407
23.020,4.615488,1.247035,2.056898,3.939138
23.030,4.668839,1.250722,2.067094,3.995106
23.040,4.693515,1.256146,2.060753,4.025478
23.050,4.709633,1.260771,2.059809,4.043302
23.060,4.729699,1.245278,2.040856,4.080961
23.070,4.744759,1.253380,2.012792,4.109799
23.080,4.720134,1.264450,2.010213,4.079200
23.090,4.759322,1.304731,2.033720,4.100343
23.100,4.792071,1.333339,2.026349,4.132803
23.110,4.777904,1.331577,2.011660,4.124135
23.120,4.771237,1.337469,1.984934,4.127459
23.130,4.772989,1.337434,2.062594,4.091259
23.140,4.769001,1.325874,2.055879,4.093750
23.150,4.799572,1.351368,2.062307,4.117838
23.160,4.819132,1.354011,2.043590,4.149027
23.170,4.850389,1.355372,2.086164,4.163791
23.180,4.798257,1.368819,2.091166,4.095928
23.190,4.736729,1.363424,2.072580,4.035107
23.200,4.780280,1.373742,2.030155,4.103946
23.210,4.829141,1.372662,2.019240,4.166421
23.220,4.847850,1.430315,2.035405,4.160886
23.230,4.839866,1.414813,2.084509,4.132484
23.240,4.841100,1.409661,2.108989,4.123260
23.250,4.856486,1.408031,2.137134,4.127416
23.260,4.838298,1.371770,2.090111,4.142320
23.270,4.855311,1.369759,2.096804,4.159473
23.280,4.837389,1.374850,2.113684,4.128251
23.290,4.797063,1.367229,2.101397,4.089820
23.300,4.784397,1.397866,2.115306,4.057328
23.310,4.781525,1.376885,2.097646,4.070265
23.320,4.784886,1.371675,2.048968,4.100656
23.330,4.848344,1.383244,2.029999,4.179974
23.340,4.977887,1.421307,2.013264,4.325046
23.350,5.006846,1.398935,1.986666,4.377744
23.360,4.986352,1.402723,2.002969,4.345594
23.370,4.967819,1.409212,2.084032,4.283708
23.380,4.927344,1.387305,2.174270,4.198412
23.390,4.873516,1.362652,2.210707,4.123968
23.400,4.862724,1.355511,2.233262,4.101368
23.410,4.890506,1.363393,2.245355,4.125117
23.420,4.975442,1.330386,2.263383,4.226369
23.430,4.978085,1.267339,2.256561,4.252424
23.440,5.031040,1.270019,2.244087,4.320010
23.450,5.079402,1.283904,2.247960,4.370193
23.460,4.953224,1.297846,2.219669,4.233567
23.470,4.934066,1.310921,2.229204,4.202040
23.480,4.918562,1.307921,2.228181,4.185309
23.490,4.902036,1.284606,2.200099,4.187997
23.500,4.911838,1.286941,2.243063,4.175955
23.510,4.883778,1.283511,2.250745,4.139810
23.520,4.841885,1.281836,2.246737,4.093033
23.530,4.796237,1.293769,2.234768,4.041765
23.540,4.861257,1.308596,2.232542,4.115234
23.550,4.880916,1.305622,2.235450,4.137808
23.560,4.885361,1.311617,2.256755,4.129585
23.570,4.875047,1.331153,2.265906,4.106067
23.580,4.875415,1.327479,2.280729,4.099482
23.590,4.863124,1.298673,2.281653,4.093591
23.600,4.903299,1.260126,2.262564,4.163559
23.610,4.983274,1.281027,2.212051,4.277712
23.620,5.007500,1.294726,2.197265,4.309381
23.630,5.058890,1.302703,2.139189,4.395362
23.640,5.089264,1.306619,2.129816,4.433649
23.650,5.071658,1.283721,2.114815,4.427340
23.660,5.089641,1.271564,2.163614,4.427905
23.670,5.066602,1.273001,2.196015,4.384911
23.680,5.054734,1.275863,2.203146,4.366768
23.690,5.102905,1.280336,2.196900,4.424253
23.700,5.140552,1.311570,2.194634,4.459668
23.710,5.147281,1.297514,2.178828,4.479249
23.720,5.252904,1.235239,2.157851,4.627188
23.730,5.247632,1.238972,2.091200,4.650749
23.740,5.281101,1.267293,2.082813,4.684644
23.750,5.334837,1.282784,2.121533,4.723775
23.760,5.339730,1.281493,2.161111,4.711698
23.770,5.306261,1.277945,2.165670,4.672595
23.780,5.284693,1.276708,2.148194,4.656529
23.790,5.332248,1.270087,2.158761,4.707387
23.800,5.402165,1.236302,2.126461,4.809689
23.810,5.457917,1.245978,2.111409,4.876305
23.820,5.485155,1.270564,2.100862,4.904994
23.830,5.479474,1.262955,2.100084,4.900941
23.840,5.378078,1.249001,2.102704,4.789818
23.850,5.328979,1.258442,2.124597,4.722333
23.860,5.323893,1.254182,2.158359,4.702378
23.870,5.319464,1.259861,2.150857,4.699283
23.880,5.374514,1.254088,2.149468,4.763659
23.890,5.426961,1.266599,2.170825,4.809902
23.900,5.413325,1.272636,2.152399,4.801215
23.910,5.405620,1.283000,2.128897,4.800254
23.920,5.332281,1.288136,2.117807,4.721104
23.930,5.330641,1.316665,2.125707,4.707812
23.940,5.375848,1.309936,2.112784,4.766545
23.950,5.429229,1.304013,2.121611,4.824401
23.960,5.543149,1.297125,2.122739,4.953580
23.970,5.587401,1.296839,2.152422,4.990424
23.980,5.659796,1.245985,2.188140,5.068812
23.990,5.714199,1.239610,2.196361,5.127517
24.000,5.686560,1.259675,2.134642,5.117957
24.010,5.702808,1.259997,2.095252,5.152121
24.020,5.698213,1.261453,2.089924,5.148843
24.030,5.664428,1.268551,2.111469,5.100807
24.040,5.578117,1.248073,2.144875,4.995719
24.050,5.530183,1.251563,2.215002,4.910222
24.060,5.487741,1.241946,2.186614,4.877662
24.070,5.489913,1.219488,2.166099,4.894896
24.080,5.504980,1.223993,2.186131,4.901783
24.090,5.496647,1.232181,2.195889,4.885993
24.100,5.433190,1.278648,2.239734,4.782071
24.110,5.365199,1.253514,2.236135,4.713148
24.120,5.361547,1.241421,2.227606,4.716231
24.130,5.406779,1.227097,2.223069,4.773412
24.140,5.466073,1.229556,2.240774,4.831674
24.150,5.569723,1.282079,2.338080,4.889936
24.160,5.636307,1.314818,2.280732,4.983720
24.170,5.675377,1.341721,2.224884,5.045749
24.180,5.724689,1.337222,2.237430,5.096842
24.190,5.711312,1.335434,2.257718,5.073303
24.200,5.646347,1.285373,2.280315,5.002921
24.210,5.609150,1.274012,2.318526,4.946099
24.220,5.500848,1.268771,2.355023,4.806601
24.230,5.494554,1.267898,2.361989,4.796203
24.240,5.487428,1.253006,2.360569,4.792657
24.250,5.446456,1.253585,2.274189,4.787533
24.260,5.505494,1.253867,2.235684,4.872371
24.270,5.557447,1.258628,2.231204,4.931815
24.280,5.604126,1.297498,2.314288,4.936273
24.290,5.575788,1.297202,2.346992,4.888589
24.300,5.483691,1.296020,2.350517,4.781869
24.310,5.386771,1.285543,2.380569,4.658065
24.320,5.333980,1.267083,2.405023,4.589304
24.330,5.285544,1.288091,2.414514,4.521938
24.340,5.283908,1.261945,2.410267,4.529657
24.350,5.264758,1.232139,2.382986,4.529999
24.360,5.247480,1.230885,2.335329,4.535109
24.370,5.178911,1.213404,2.248982,4.504536
24.380,5.179882,1.212126,2.184529,4.537594
24.390,5.162313,1.208071,2.159252,4.530748
24.400,5.219398,1.214508,2.197809,4.575666
24.410,5.252642,1.205866,2.212345,4.608868
24.420,5.276804,1.218470,2.217012,4.630858
24.430,5.263683,1.215118,2.201493,4.624205
24.440,5.191934,1.226423,2.200901,4.539614
24.450,5.105761,1.219226,2.194193,4.446100
24.460,5.104924,1.216381,2.226036,4.430060
24.470,5.035849,1.203899,2.265443,4.333379
24.480,4.949076,1.213487,2.240410,4.242801
24.490,4.876107,1.230078,2.225326,4.160679
24.500,4.885902,1.213444,2.222911,4.178309
24.510,4.888257,1.222752,2.225794,4.176814
24.520,4.877165,1.219359,2.225893,4.164769
24.530,4.905965,1.209807,2.213149,4.207948
24.540,4.875965,1.202589,2.175438,4.194793
24.550,4.840483,1.198605,2.102868,4.191845
24.560,4.893287,1.197723,2.102331,4.253225
24.570,4.961709,1.223522,2.104235,4.323626
24.580,5.086584,1.230604,2.131273,4.451586
24.590,5.078877,1.226137,2.111006,4.453676
24.600,5.083007,1.198241,2.071290,4.484521
24.610,5.150789,1.198660,2.102180,4.546942
24.620,5.139792,1.198229,2.139015,4.517336
24.630,5.021988,1.198153,2.149108,4.377913
24.640,4.949871,1.195293,2.144263,4.298213
24.650,4.865307,1.146420,2.024081,4.273175
24.660,4.741975,1.133929,2.067478,4.114131
24.670,4.730934,1.124836,2.113467,4.080409
24.680,4.732898,1.116403,2.126486,4.078238
24.690,4.714298,1.114350,2.114975,4.063214
24.700,4.674522,1.114111,2.093894,4.028091
24.710,4.677365,1.111428,2.040978,4.059172
24.720,4.758847,1.136405,2.006074,4.163037
24.730,4.835554,1.134730,2.022471,4.243181
24.740,4.925271,1.145374,2.060801,4.324293
24.750,4.926125,1.152098,2.067726,4.320172
24.760,4.906284,1.209765,2.068388,4.281339
24.770,4.897328,1.201841,2.076125,4.269556
24.780,4.854002,1.154051,1.968463,4.284233
24.790,4.841154,1.156848,1.929347,4.286734
24.800,4.860204,1.173561,1.931140,4.302909
24.810,4.850644,1.160527,1.880145,4.318214
24.820,4.852542,1.178944,1.888256,4.311815
24.830,4.880925,1.132154,1.898410,4.351746
24.840,4.896846,1.140997,1.921908,4.357005
24.850,4.937017,1.152585,1.945967,4.388496
24.860,4.943832,1.159231,1.959192,4.388533
24.870,4.919322,1.160202,1.974846,4.353578
24.880,4.831193,1.169949,1.954417,4.260504
24.890,4.794013,1.203856,1.957163,4.207470
24.900,4.805479,1.187037,1.997633,4.206309
24.910,4.748618,1.192887,1.994477,4.141070
24.920,4.694621,1.162214,1.986508,4.091762
24.930,4.663116,1.146991,2.004830,4.050891
24.940,4.675758,1.172910,2.055181,4.032769
24.950,4.640113,1.168458,2.078029,3.980847
24.960,4.506034,1.166733,2.037128,3.846191
24.970,4.459802,1.160745,1.968197,3.829974
24.980,4.522980,1.148095,1.997385,3.892259
24.990,4.574116,1.169340,2.040121,3.923402
25.000,4.570190,1.169139,2.047981,3.914783
25.010,4.569812,1.161096,2.046254,3.917637
25.020,4.576671,1.173753,2.057071,3.916207
25.030,4.598293,1.172819,2.106210,3.915696
25.040,4.656185,1.221732,2.138604,3.951430
25.050,4.654580,1.222186,2.137831,3.949817
25.060,4.602971,1.225748,2.145091,3.883744
25.070,4.561574,1.261908,2.204227,3.789054
25.080,4.408740,1.245028,2.175700,3.626737
25.090,4.392287,1.226927,2.164502,3.619637
25.100,4.373382,1.229178,2.178179,3.587636
25.110,4.303085,1.239800,2.175563,3.499481
25.120,4.332851,1.249457,2.175983,3.532357
25.130,4.332179,1.249331,2.166107,3.537645
25.140,4.290396,1.247223,2.156079,3.493317
25.150,4.251905,1.246080,2.164038,3.441354
25.160,4.292343,1.241558,2.170526,3.488776
25.170,4.274126,1.240929,2.173226,3.464872
25.180,4.196695,1.244846,2.143775,3.386272
25.190,4.180156,1.254901,2.129003,3.371391
25.200,4.189011,1.268748,2.132744,3.374832
25.210,4.199846,1.287520,2.173332,3.355239
25.220,4.164625,1.276412,2.228346,3.278620
25.230,4.070231,1.282423,2.216460,3.163776
25.240,3.916152,1.255356,2.173589,3.005967
25.250,3.886237,1.254442,2.189866,2.955283
25.260,3.912126,1.211967,2.216541,2.987108
25.270,3.899553,1.219411,2.223429,2.962417
25.280,3.873950,1.219236,2.218096,2.932747
25.290,3.882392,1.228454,2.218312,2.939891
25.300,3.870143,1.212672,2.225584,2.924758
25.310,3.914555,1.234539,2.252187,2.954202
25.320,3.956379,1.224899,2.264218,3.004309
25.330,3.876246,1.208153,2.226680,2.933862
25.340,3.894458,1.210551,2.214273,2.966203
25.350,3.858115,1.190411,2.202739,2.935288
25.360,3.878563,1.218573,2.228800,2.931003
25.370,3.900978,1.223721,2.243977,2.946982
25.380,3.900480,1.203861,2.242650,2.955501
25.390,3.940858,1.205732,2.216536,3.027134
25.400,3.870077,1.208495,2.166954,2.970076
25.410,3.900031,1.208868,2.211343,2.976380
25.420,3.896654,1.214483,2.215446,2.966604
25.430,3.860850,1.193673,2.193969,2.944114
25.440,3.895633,1.204460,2.187815,2.989765
25.450,3.863394,1.220727,2.177835,2.948334
25.460,3.853301,1.228594,2.184873,2.926571
25.470,3.843714,1.228885,2.187747,2.911656
25.480,3.747183,1.228922,2.156590,2.807178
25.490,3.736810,1.220004,2.159437,2.795026
25.500,3.754433,1.229096,2.192299,2.789071
25.510,3.724938,1.232747,2.200909,2.740712
25.520,3.755790,1.222835,2.193765,2.792495
25.530,3.700795,1.255921,2.150580,2.737435
25.540,3.753143,1.225631,2.140893,2.828514
25.550,3.827723,1.235676,2.179302,2.893995
25.560,3.888568,1.242911,2.215431,2.944147
25.570,3.865515,1.177380,2.185599,2.962961
25.580,3.881651,1.173364,2.174323,2.993785
25.590,3.899658,1.173379,2.190976,3.005019
25.600,3.906546,1.155045,2.177473,3.030773
25.610,3.993936,1.154899,2.149023,3.162189
25.620,4.019800,1.156514,2.149138,3.194131
25.630,4.207682,1.189527,2.170769,3.402554
25.640,4.272656,1.189166,2.178909,3.477618
25.650,4.387393,1.199169,2.166795,3.621631
25.661,4.354847,1.193209,2.099988,3.623671
25.670,4.369702,1.173861,2.047844,3.677320
25.680,4.411289,1.173726,2.083551,3.706839
25.690,4.403773,1.166721,2.093047,3.694743
25.700,4.410979,1.146258,2.089196,3.711886
25.710,4.367593,1.133136,2.043628,3.689912
25.720,4.284788,1.114243,1.982783,3.631315
25.730,4.273548,1.111236,1.969275,3.626338
25.740,4.322048,1.105068,1.967115,3.686379
25.750,4.374218,1.082831,1.944452,3.765683
25.760,4.446494,1.086306,1.914253,3.863532
25.770,4.478366,1.089315,1.914277,3.899320
25.780,4.622060,1.094030,1.911781,4.063451
25.790,4.682298,1.099504,1.905964,4.133074
25.800,4.720557,1.092802,1.889574,4.185565
25.810,4.716154,1.082244,1.853938,4.199259
25.820,4.695543,1.082504,1.813845,4.193599
25.830,4.729872,1.100694,1.874453,4.200784
25.840,4.725550,1.098473,1.882860,4.192734
25.850,4.717927,1.105107,1.894109,4.177311
25.860,4.729472,1.109040,1.961744,4.158064
25.870,4.704804,1.101445,1.949770,4.137680
25.880,4.711145,1.103560,1.951941,4.143304
25.890,4.705167,1.095218,1.972952,4.128748
25.900,4.681622,1.091909,1.946974,4.115169
25.910,4.662090,1.086945,1.886927,4.122274
25.920,4.687074,1.091695,1.905790,4.140631
25.930,4.673933,1.101431,1.943692,4.105430
25.940,4.628357,1.062670,1.918639,4.075689
25.950,4.633848,1.038572,1.898622,4.097457
25.960,4.673327,1.050300,1.908980,4.134326
25.970,4.742710,1.076566,1.954749,4.184885
25.980,4.749163,1.064384,1.978651,4.184086
25.990,4.722485,1.037088,1.928030,4.184377
26.000,4.714140,1.035016,1.905479,4.185810
26.010,4.738005,1.049479,1.953789,4.186883
26.020,4.729904,1.064251,1.958913,4.171573
26.030,4.713123,1.020884,1.944158,4.170321
26.040,4.704958,1.032681,1.978608,4.141897
26.050,4.710609,1.045196,2.025229,4.122603
26.060,4.681007,1.035086,2.009624,4.099004
26.070,4.637339,1.042333,1.985467,4.059110
26.080,4.656140,1.057476,2.022545,4.058411
26.090,4.663321,1.057719,2.030270,4.062732
26.100,4.637072,1.056931,2.026083,4.034888
26.110,4.574875,1.058873,2.064495,3.942858
26.120,4.524509,1.056870,2.063920,3.885157
26.130,4.382068,1.016662,2.051920,3.736113
26.140,4.333135,1.036585,2.068109,3.663943
26.150,4.229470,1.039243,2.109653,3.515360
26.160,4.210701,1.031890,2.143045,3.474560
26.170,4.146381,1.033223,2.139600,3.398093
26.180,4.136798,1.062389,2.135083,3.380214
26.190,4.153629,1.082447,2.170024,3.372231
26.200,4.177352,1.084816,2.175079,3.397422
26.210,4.216213,1.080522,2.174854,3.446583
26.220,4.228500,1.083689,2.200464,3.444385
26.230,4.250903,1.101151,2.234490,3.444518
26.240,4.223045,1.111969,2.255402,3.392756
26.250,4.201929,1.112529,2.269211,3.356959
26.260,4.113348,1.114249,2.297478,3.224853
26.270,4.058411,1.125187,2.334969,3.122911
26.280,3.887735,1.124882,2.341226,2.892712
26.290,3.903973,1.115688,2.341276,2.917991
26.300,3.868854,1.109456,2.353633,2.863136
26.310,3.903490,1.162334,2.380461,2.866988
26.320,3.886564,1.181163,2.431237,2.792726
26.330,3.852999,1.169124,2.392855,2.784419
26.340,3.868699,1.174354,2.376957,2.817410
26.350,3.823397,1.173589,2.360393,2.769405
26.360,3.823399,1.178586,2.310430,2.809132
26.370,3.854012,1.186273,2.345446,2.818696
26.380,3.826681,1.184233,2.358381,2.771122
26.390,3.840678,1.173662,2.329267,2.819191
26.400,3.833032,1.169188,2.323711,2.815227
26.410,3.898687,1.215354,2.340106,2.871686
26.420,3.921370,1.214170,2.353993,2.891652
26.430,3.963001,1.211686,2.363925,2.940927
26.440,3.965584,1.218736,2.374925,2.932622
26.450,3.954669,1.219922,2.374980,2.917305
26.460,3.981749,1.213025,2.350466,2.976274
26.470,3.935935,1.211566,2.325888,2.934950
26.480,4.002700,1.240817,2.324598,3.013010
26.490,4.036787,1.267951,2.375141,3.007766
26.500,4.025502,1.264535,2.377684,2.992029
26.510,4.051815,1.247330,2.320060,3.078749
26.520,4.072355,1.243675,2.347811,3.086281
26.530,4.101729,1.274399,2.380292,3.087766
26.540,4.090875,1.263937,2.438736,3.031550
26.550,4.018004,1.248289,2.384626,2.983235
26.560,4.030569,1.261367,2.350593,3.021448
26.570,4.054652,1.286090,2.371925,3.026574
26.580,4.076487,1.295161,2.387966,3.039395
26.590,4.066925,1.315999,2.367030,3.034007
26.600,4.078700,1.325907,2.372569,3.041165
26.610,4.090742,1.329942,2.343431,3.077947
26.620,4.079728,1.317140,2.307788,3.095713
26.630,4.168496,1.317766,2.338166,3.189488
26.640,4.199808,1.306854,2.348319,3.227371
26.650,4.253148,1.297181,2.343338,3.303840
26.660,4.264608,1.303976,2.328177,3.326577
26.670,4.288352,1.303931,2.353056,3.339589
26.680,4.274915,1.282420,2.322823,3.351834
26.690,4.262537,1.267124,2.310880,3.350142
26.700,4.247170,1.287451,2.308268,3.324578
26.710,4.233470,1.293754,2.324125,3.293464
26.720,4.292389,1.284188,2.368323,3.341632
26.730,4.265163,1.277732,2.332040,3.334758
26.740,4.244580,1.268775,2.321119,3.319500
26.750,4.258968,1.289361,2.380621,3.287705
26.760,4.218794,1.278593,2.376155,3.243041
26.770,4.192019,1.257393,2.344903,3.239355
26.780,4.293567,1.269950,2.364137,3.351538
26.790,4.280263,1.274106,2.415158,3.296107
26.800,4.236673,1.271350,2.473343,3.196192
26.810,4.250877,1.223794,2.458023,3.245060
26.820,4.198309,1.200965,2.410656,3.220593
26.830,4.256286,1.226794,2.487894,3.228208
26.840,4.254996,1.222780,2.509462,3.211293
26.850,4.234072,1.221393,2.499848,3.191602
26.860,4.258718,1.229568,2.534672,3.193787
26.870,4.226713,1.217483,2.530923,3.158681
26.880,4.204138,1.220759,2.517548,3.137910
26.890,4.229412,1.241714,2.549635,3.137743
26.900,4.215057,1.245650,2.539950,3.124695
26.910,4.173938,1.207395,2.527266,3.094654
26.920,4.138566,1.240903,2.523242,3.036632
26.930,4.117082,1.236874,2.506985,3.022505
26.940,4.100271,1.243583,2.482363,3.017217
26.950,4.108167,1.279841,2.525935,2.976356
26.960,4.079455,1.280906,2.560485,2.906054
26.970,4.036532,1.266660,2.548260,2.862784
26.980,4.038768,1.270932,2.571629,2.843080
26.990,3.984873,1.252644,2.535647,2.807239
27.000,3.986801,1.249087,2.521927,2.823871
27.010,4.017733,1.271573,2.538835,2.842464
27.020,4.043173,1.286368,2.557425,2.855185
27.030,4.036362,1.266688,2.559842,2.852179
27.040,3.953147,1.250840,2.440046,2.847622
27.050,3.948765,1.256450,2.440060,2.839047
27.060,3.946534,1.253047,2.444599,2.833538
27.070,3.977921,1.221149,2.426675,2.905840
27.080,3.997929,1.229839,2.416092,2.938270
27.090,4.019281,1.236861,2.397751,2.979192
27.100,4.003113,1.234848,2.398006,2.957977
27.110,3.983808,1.220272,2.395282,2.940117
27.120,3.955613,1.226633,2.396719,2.897927
27.130,3.916169,1.241808,2.397887,2.836270
27.140,3.888064,1.249991,2.398679,2.793009
27.150,3.843449,1.244809,2.376520,2.752218
27.160,3.790326,1.234154,2.360263,2.696775
27.170,3.812582,1.237847,2.359158,2.727250
27.180,3.829794,1.268348,2.359239,2.737263
27.190,3.898131,1.297622,2.372247,2.807854
27.200,3.891433,1.278440,2.384714,2.796780
27.210,3.872887,1.272201,2.364496,2.791042
27.220,3.820360,1.275671,2.313205,2.759872
27.230,3.846574,1.269239,2.314616,2.797806
27.240,3.978264,1.293453,2.302730,2.975063
27.250,4.011833,1.283629,2.276183,3.044025
27.260,4.101219,1.291329,2.259839,3.169478
27.270,4.138343,1.301070,2.262417,3.211629
27.280,4.092580,1.307617,2.246655,3.160995
27.290,4.057766,1.313131,2.178417,3.161590
27.300,4.018062,1.304504,2.109299,3.161321
27.310,3.970514,1.318375,2.093513,3.105491
27.320,4.016170,1.339642,2.083037,3.161635
27.330,3.997662,1.316947,2.023124,3.186522
27.340,3.994446,1.322634,2.012235,3.187028
27.350,3.987003,1.306952,2.016010,3.181787
27.360,3.941845,1.285926,1.944659,3.178495
27.370,3.952951,1.299676,1.877941,3.226453
27.380,3.991460,1.325403,1.916118,3.240919
27.390,3.968943,1.313447,1.897499,3.229066
27.400,3.965825,1.304757,1.910085,3.221328
27.410,4.022633,1.312361,1.936296,3.272620
27.420,4.001668,1.296068,1.956152,3.241454
27.430,4.023309,1.320071,1.985621,3.240638
27.440,4.049861,1.315879,2.006841,3.262273
27.450,4.004543,1.279071,1.970229,3.243230
27.460,4.010471,1.275946,1.923396,3.279693
27.470,4.099399,1.311899,1.922726,3.374480
27.480,4.156298,1.290352,1.859463,3.486000
27.490,4.185061,1.291017,1.844236,3.528003
27.500,4.202035,1.291176,1.894060,3.521719
27.510,4.112928,1.268165,1.884406,3.428840
27.520,4.089039,1.246945,1.819053,3.443315
27.530,4.096471,1.251954,1.797034,3.461842
27.540,4.130393,1.269478,1.807264,3.490326
27.550,4.154119,1.266437,1.831449,3.506941
27.560,4.130728,1.257383,1.821930,3.487473
27.570,4.092916,1.253222,1.789874,3.460889
27.580,4.023400,1.223815,1.758736,3.405417
27.590,4.089442,1.201669,1.772515,3.483923
27.600,4.143385,1.212895,1.790970,3.533972
27.610,4.132639,1.228100,1.794589,3.514246
27.620,4.109925,1.228501,1.790587,3.489422
27.630,4.060340,1.210908,1.758076,3.453871
27.640,4.091019,1.207527,1.724126,3.507949
27.650,4.151277,1.210572,1.730446,3.573958
27.660,4.196242,1.225286,1.758034,3.607830
27.670,4.188163,1.223021,1.746552,3.604786
27.680,4.103474,1.184258,1.727726,3.528596
27.690,4.077709,1.153012,1.705475,3.519891
27.700,4.128938,1.153419,1.683214,3.589505
27.710,4.241315,1.168920,1.679811,3.714918
27.720,4.311422,1.166623,1.705531,3.783982
27.730,4.283555,1.168219,1.722992,3.743715
27.740,4.203060,1.148094,1.746997,3.646313
27.750,4.060999,1.134009,1.695840,3.511390
27.760,4.024967,1.134647,1.688181,3.473181
27.770,3.948809,1.144781,1.696618,3.376989
27.780,3.923556,1.117641,1.686822,3.361518
27.790,3.949285,1.104192,1.685008,3.396816
27.800,3.994462,1.111288,1.688648,3.445175
27.810,4.102027,1.098543,1.717153,3.559665
27.820,4.130821,1.083312,1.738401,3.587211
27.830,4.162134,1.099283,1.737075,3.619048
27.840,4.174058,1.099579,1.700207,3.650066
27.850,4.179439,1.106947,1.709372,3.649716
27.860,4.186859,1.105149,1.710810,3.658082
27.870,4.149031,1.087372,1.700134,3.625137
27.880,4.220416,1.053130,1.680301,3.725509
27.890,4.261140,1.041465,1.653482,3.786642
27.900,4.337899,1.055670,1.659953,3.866197
27.910,4.333356,1.050705,1.634907,3.873122
27.920,4.294199,1.026723,1.566933,3.864028
27.930,4.265050,0.991556,1.495962,3.869052
27.940,4.259903,0.981427,1.462477,3.878755
27.950,4.364102,0.986671,1.456644,3.993752
27.960,4.382413,0.976862,1.467982,4.012021
27.970,4.361234,0.926866,1.512282,3.984255
27.980,4.261114,0.922292,1.511896,3.875647
27.990,4.210072,0.905205,1.486495,3.833490
28.000,4.234242,0.902757,1.424914,3.883742
28.010,4.224880,0.929725,1.398910,3.876632
28.020,4.245869,0.950493,1.433946,3.881721
28.030,4.279048,0.942209,1.443331,3.916541
28.040,4.246692,0.931768,1.420475,3.892101
28.050,4.260731,0.928538,1.395826,3.917055
28.060,4.270267,0.940814,1.423684,3.914483
28.070,4.294005,0.945510,1.508712,3.907464
28.080,4.285398,0.960871,1.514225,3.892105
28.090,4.207718,0.957844,1.501467,3.812220
28.100,4.223031,0.936446,1.495164,3.836867
28.110,4.263712,0.934039,1.522546,3.871520
28.120,4.293043,0.937551,1.555901,3.889780
28.130,4.320006,0.938673,1.555037,3.919593
28.140,4.266873,0.930577,1.548500,3.865537
28.150,4.244095,0.923341,1.529247,3.849829
28.160,4.238992,0.910766,1.525468,3.848702
28.170,4.251552,0.913160,1.553574,3.850745
28.180,4.260176,0.916236,1.556494,3.858359
28.190,4.257473,0.920638,1.547956,3.857762
28.200,4.245265,0.946663,1.584396,3.823061
28.210,4.157897,0.922310,1.610878,3.720554
28.220,4.080971,0.923534,1.599315,3.639176
28.230,4.061634,0.915720,1.579679,3.628077
28.240,4.069037,0.932006,1.580785,3.631742
28.250,4.107340,0.953420,1.618444,3.652653
28.260,4.083368,0.922735,1.614386,3.635410
28.270,4.077035,0.908615,1.566517,3.652760
28.280,4.097869,0.909301,1.586917,3.667069
28.290,4.111651,0.915652,1.658504,3.649195
28.300,4.072973,0.924192,1.682588,3.592197
28.310,3.974982,0.913182,1.676795,3.486394
28.320,3.870802,0.904341,1.648547,3.383426
28.330,3.864860,0.888747,1.679033,3.365728
28.340,3.876451,0.894736,1.730877,3.351177
28.350,3.882891,0.894063,1.726224,3.361197
28.361,3.890902,0.892765,1.741247,3.363057
28.370,3.893942,0.898253,1.787435,3.340808
28.380,3.808843,0.894608,1.792875,3.239223
28.390,3.749134,0.897552,1.786934,3.171320
28.400,3.701392,0.872577,1.770552,3.131143
28.410,3.726160,0.888296,1.810599,3.133198
28.420,3.795242,0.877241,1.867818,3.185210
28.430,3.791571,0.880782,1.869048,3.179134
28.440,3.784480,0.907476,1.870638,3.162197
28.450,3.679756,0.892651,1.870022,3.040855
28.460,3.623986,0.892271,1.869295,2.973696
28.470,3.554324,0.883748,1.851864,2.902207
28.480,3.554887,0.881121,1.858882,2.899208
28.490,3.589659,0.888692,1.897571,2.914636
28.500,3.539047,0.900966,1.914050,2.837170
28.510,3.541818,0.881725,1.924244,2.839774
28.520,3.510710,0.868800,1.932486,2.799245
28.530,3.455522,0.862746,1.928398,2.734517
28.540,3.456771,0.857297,1.923817,2.741028
28.550,3.458703,0.871119,1.947371,2.722411
28.560,3.497536,0.868983,1.969838,2.756332
28.570,3.455842,0.861858,1.916744,2.743380
28.580,3.477718,0.857985,1.906964,2.778826
28.590,3.529412,0.855953,1.986920,2.788591
28.600,3.437532,0.855466,1.981404,2.675600
28.610,3.422033,0.840201,1.956697,2.678752
28.620,3.419022,0.835214,1.951672,2.680131
28.630,3.397040,0.846125,1.977563,2.629296
28.640,3.412190,0.837656,2.006863,2.629424
28.650,3.333841,0.835604,2.002411,2.531128
28.660,3.324938,0.841286,2.011487,2.510253
28.670,3.297667,0.830195,2.009240,2.479585
28.680,3.295894,0.825192,2.006868,2.480817
28.690,3.319079,0.836494,2.020250,2.497028
28.700,3.275823,0.813033,2.040813,2.430036
28.710,3.271300,0.812387,2.035364,2.428729
28.720,3.321936,0.813137,2.013564,2.513887
28.730,3.392980,0.814197,2.058438,2.571426
28.740,3.392811,0.795781,2.067686,2.569547
28.750,3.336465,0.771396,2.026197,2.536034
28.760,3.342277,0.768530,2.035349,2.537230
28.770,3.367402,0.774972,2.058008,2.550180
28.780,3.312712,0.790615,2.074264,2.458947
28.790,3.292205,0.774386,2.045607,2.460576
28.800,3.308174,0.760287,2.010038,2.515100
28.810,3.342399,0.781242,2.040965,2.528983
28.820,3.361876,0.777533,2.094418,2.512184
28.830,3.329734,0.776591,2.055599,2.501709
28.840,3.326859,0.761808,2.022246,2.529459
28.850,3.386545,0.778568,2.027596,2.598341
28.860,3.379671,0.780795,2.029466,2.587239
28.870,3.356821,0.772673,2.003285,2.580324
28.880,3.454408,0.784885,1.993523,2.709752
28.890,3.474846,0.780028,2.022208,2.716024
28.900,3.429855,0.791731,2.044246,2.637826
28.910,3.370654,0.770806,2.002014,2.599828
28.920,3.334940,0.759016,1.971272,2.580661
28.930,3.396012,0.774465,1.991007,2.639885
28.940,3.368201,0.759874,2.001265,2.600445
28.950,3.389608,0.765792,2.002291,2.625612
28.960,3.486888,0.768364,1.981195,2.764575
28.970,3.517920,0.770762,2.002904,2.787483
28.980,3.526081,0.805440,2.007107,2.784966
28.990,3.489082,0.804759,1.972534,2.763180
29.000,3.516376,0.785971,1.964400,2.808608
29.010,3.604636,0.797000,1.963294,2.916105
29.020,3.599646,0.783188,1.927438,2.937525
29.030,3.610041,0.789274,1.923142,2.951434
29.040,3.612327,0.777521,1.935001,2.949600
29.050,3.582547,0.766179,1.895913,2.941619
29.060,3.613739,0.773207,1.858315,3.001320
29.070,3.640687,0.779454,1.859229,3.031554
29.080,3.619944,0.783973,1.857611,3.006436
29.090,3.583769,0.774883,1.806234,2.996744
29.100,3.594722,0.774625,1.792225,3.018264
29.110,3.671652,0.783898,1.791157,3.107779
29.120,3.655405,0.777806,1.785166,3.093572
29.130,3.657249,0.794620,1.743085,3.115398
29.140,3.658059,0.801261,1.741314,3.115639
29.150,3.674541,0.798394,1.742913,3.134816
29.160,3.707321,0.795508,1.704770,3.194551
29.170,3.714112,0.812131,1.708171,3.196439
29.180,3.734513,0.844386,1.726012,3.202262
29.190,3.714815,0.852373,1.704924,3.188502
29.200,3.715388,0.877100,1.669481,3.201193
29.210,3.703119,0.878514,1.658323,3.192377
29.220,3.676502,0.881479,1.657620,3.161005
29.230,3.687630,0.884747,1.608089,3.198420
29.240,3.684315,0.891538,1.573210,3.210038
29.250,3.688736,0.909518,1.596308,3.198648
29.260,3.682233,0.912460,1.614153,3.181315
29.270,3.671585,0.906025,1.605028,3.175459
29.280,3.669588,0.889485,1.577900,3.191383
29.290,3.685791,0.898377,1.612074,3.190484
29.300,3.690340,0.900156,1.623281,3.189560
29.310,3.696903,0.868298,1.589748,3.222708
29.320,3.707620,0.876283,1.502892,3.274124
29.330,3.763048,0.858598,1.548120,3.320642
29.340,3.762346,0.865360,1.568889,3.308321
29.350,3.769018,0.866427,1.601177,3.300157
29.361,3.743880,0.899367,1.573110,3.276141
29.370,3.752466,0.927765,1.576617,3.276360
29.380,3.707121,0.937127,1.599109,3.210512
29.390,3.732159,0.935147,1.585285,3.246749
29.400,3.826472,0.941379,1.549162,3.369835
29.410,3.833809,0.953845,1.544435,3.376832
29.420,3.820274,0.963328,1.606770,3.329381
29.430,3.785098,0.960532,1.574838,3.305182
29.440,3.788124,0.946541,1.581362,3.309568
29.450,3.769976,0.946804,1.575864,3.291343
29.460,3.736813,0.961146,1.598065,3.238234
29.470,3.728174,0.965008,1.629211,3.211497
29.480,3.715587,0.962366,1.621273,3.201704
29.490,3.738740,0.957036,1.630437,3.225513
29.500,3.721421,0.958440,1.632212,3.204100
29.510,3.689836,0.954058,1.628737,3.170470
29.520,3.688920,0.952180,1.662893,3.152186
29.530,3.690299,0.959641,1.664491,3.150693
29.540,3.733471,0.959032,1.659458,3.203945
29.550,3.781586,0.959024,1.662064,3.258559
29.560,3.720027,0.959603,1.661536,3.187015
29.570,3.677982,0.954689,1.661163,3.139532
29.580,3.732289,0.950343,1.652479,3.208761
29.590,3.726268,0.980390,1.633341,3.202515
29.600,3.704578,0.985824,1.661819,3.160761
29.610,3.711068,0.978840,1.661486,3.170703
29.620,3.687590,0.984239,1.660861,3.141836
29.630,3.685824,0.974811,1.688433,3.127977
29.640,3.697994,0.965972,1.662676,3.158728
29.650,3.685431,0.993855,1.663608,3.134815
29.660,3.656588,0.995699,1.673501,3.094934
29.670,3.665576,0.985786,1.643462,3.124693
29.680,3.678714,0.984157,1.684898,3.118572
29.690,3.679057,0.968823,1.686941,3.122671
29.700,3.679884,0.935971,1.677164,3.138889
29.710,3.724472,0.942497,1.680390,3.187426
29.720,3.718679,0.963953,1.707297,3.159826
29.730,3.657175,0.962114,1.733564,3.073112
29.740,3.703125,0.955147,1.710655,3.142370
29.750,3.753567,0.942370,1.701093,3.210527
29.760,3.783709,0.946633,1.686823,3.251917
29.770,3.773738,0.963223,1.657868,3.250351
29.780,3.820456,0.956533,1.694903,3.287588
29.790,3.790243,0.950458,1.637380,3.283528
29.800,3.820123,0.948006,1.629358,3.322622
29.810,3.854828,0.965341,1.636432,3.354088
29.820,3.846511,0.985403,1.652745,3.330626
29.830,3.858280,1.017779,1.700400,3.310451
29.840,3.830547,1.016180,1.732592,3.261686
29.850,3.810065,1.002102,1.711136,3.253368
29.860,3.867509,0.964592,1.709831,3.332217
29.870,3.880426,0.937692,1.718633,3.350335
29.880,3.866943,0.948930,1.713891,3.333970
29.890,3.856776,0.966905,1.741451,3.302600
29.900,3.794339,0.952969,1.760518,3.223264
29.910,3.788347,0.950910,1.754690,3.220001
29.920,3.772579,0.982883,1.706657,3.217704
29.930,3.798628,0.997583,1.756877,3.216798
29.940,3.831794,0.998607,1.761426,3.253123
29.950,3.820466,0.997242,1.761981,3.239890
29.960,3.806904,1.000984,1.741074,3.234071
29.970,3.788879,1.021870,1.710056,3.222902
29.980,3.810882,1.023274,1.757719,3.222756
29.990,3.811090,1.022032,1.744324,3.230665
30.000,3.812206,1.037625,1.740082,3.229298
30.010,3.803461,1.049716,1.750211,3.209544
30.020,3.781916,1.074154,1.721620,3.191411
30.030,3.818523,1.116239,1.740098,3.210481
30.040,3.920829,1.131063,1.749451,3.321599
30.050,3.902741,1.139620,1.748157,3.297969
30.060,3.958763,1.143468,1.798669,3.336027
30.070,4.005259,1.175450,1.823654,3.366705
30.080,3.982898,1.206103,1.885465,3.294513
30.090,4.038965,1.213840,1.903539,3.349085
30.100,4.052156,1.209066,1.876203,3.382010
30.110,3.988681,1.221515,1.909118,3.282186
30.120,4.025479,1.235483,1.951962,3.296651
30.130,4.052566,1.294986,1.971211,3.295547
30.140,4.100605,1.320390,1.986191,3.335652
30.150,4.163000,1.300597,1.982813,3.421618
30.160,4.186443,1.313097,1.986611,3.443176
30.170,4.178071,1.347751,2.026070,3.396305
30.180,4.210187,1.368334,2.075882,3.397654
30.190,4.226340,1.370158,2.088959,3.408939
30.200,4.206477,1.372855,2.086895,3.384462
30.210,4.183760,1.381870,2.084476,3.353989
30.220,4.191910,1.378521,2.067387,3.376049
30.230,4.234689,1.385294,2.085056,3.415566
30.240,4.215605,1.385260,2.082305,3.393580
30.250,4.197389,1.397996,2.075491,3.369870
30.260,4.230341,1.419335,2.073804,3.403030
30.270,4.233473,1.418879,2.103861,3.388634
30.280,4.214503,1.421693,2.127091,3.349076
30.290,4.199892,1.421220,2.111143,3.341003
30.300,4.154952,1.434737,2.114175,3.276495
30.310,4.122071,1.450630,2.124737,3.220658
30.320,4.082366,1.454404,2.113008,3.175785
30.330,4.042741,1.436062,2.077655,3.156712
30.340,4.013444,1.434371,2.006264,3.166262
30.350,4.018883,1.445695,2.012495,3.164056
30.361,3.979380,1.462009,2.019862,3.101314
30.370,3.946885,1.469502,2.022928,3.053886
30.380,3.943508,1.468962,2.016953,3.053737
30.390,3.922963,1.462724,1.988309,3.049050
30.400,3.943657,1.461720,1.979848,3.081559
30.410,3.948599,1.464161,1.982373,3.085103
30.420,3.982379,1.455628,2.020991,3.107424
30.430,3.974562,1.456304,2.010305,3.104029
30.440,3.962545,1.458192,2.005691,3.090735
30.450,3.945658,1.457462,2.013620,3.064205
30.460,3.936605,1.451213,2.009826,3.058012
30.470,3.964692,1.435297,2.020662,3.094452
30.480,3.969686,1.428448,2.020976,3.103804
30.490,3.971192,1.428023,2.041030,3.092784
30.500,3.962983,1.416867,2.042692,3.086282
30.510,3.941650,1.406423,2.034791,3.068910
30.520,3.966563,1.397565,2.053151,3.092734
30.530,3.935434,1.397047,2.039441,3.062120
30.540,3.829683,1.399715,2.053092,2.914117
30.550,3.796952,1.400577,2.059889,2.865675
30.560,3.780200,1.389502,2.024072,2.874427
30.570,3.845748,1.377888,2.016914,2.970398
30.580,3.889376,1.376370,2.030801,3.018062
30.590,3.887256,1.386712,2.092100,2.968317
30.598,3.882370,1.400696,2.132129,2.926580
30.609,3.855707,1.390365,2.105224,2.915715
30.619,3.828852,1.382240,2.061047,2.915751
30.629,3.823675,1.338360,2.070434,2.922770
30.639,3.776655,1.328545,2.107952,2.838067
30.649,3.720521,1.330514,2.119209,2.753355
30.660,3.684303,1.316754,2.106924,2.720499
30.669,3.652690,1.290791,2.079735,2.711218
30.679,3.621163,1.279563,2.037070,2.706637
30.689,3.651132,1.281457,2.025831,2.754023
30.699,3.671274,1.277737,2.026711,2.781741
30.709,3.688944,1.269477,2.029858,2.806495
30.719,3.673383,1.267604,2.028384,2.787935
30.729,3.635277,1.289235,2.006137,2.743816
30.739,3.665566,1.314030,2.012890,2.767304
30.749,3.654371,1.300099,2.017027,2.756042
30.759,3.589458,1.270403,2.014248,2.685720
30.769,3.583884,1.277688,1.984551,2.696905
30.779,3.586474,1.345197,1.945301,2.696117
30.789,3.629066,1.408174,1.957806,2.711856
30.799,3.661658,1.423178,1.993546,2.721779
30.809,3.732452,1.395475,1.981344,2.838683
30.819,3.838572,1.386435,1.962009,2.993820
30.829,3.894671,1.404101,2.005151,3.029246
30.839,3.923544,1.427600,2.064874,3.015368
30.849,3.937441,1.436658,2.107097,2.999933
30.859,3.938202,1.419644,2.100649,3.013523
30.869,4.005337,1.408871,2.085778,3.115661
30.879,4.075274,1.402337,2.067221,3.219923
30.889,4.104580,1.429017,2.076244,3.239552
30.899,4.131274,1.479526,2.174669,3.185788
30.909,4.177783,1.502703,2.276439,3.164425
30.919,4.178257,1.492193,2.304524,3.149661
30.929,4.194189,1.479972,2.290515,3.186604
30.939,4.248863,1.511009,2.278257,3.252574
30.949,4.257359,1.545926,2.284362,3.242979
30.959,4.316918,1.552928,2.307150,3.301706
30.969,4.319395,1.555187,2.307815,3.303416
30.979,4.315141,1.556216,2.309502,3.296185
30.989,4.319870,1.560434,2.340935,3.278162
30.999,4.325543,1.561006,2.350832,3.278288
31.009,4.364931,1.561602,2.351084,3.329629
31.019,4.373713,1.556340,2.349430,3.344749
31.029,4.446433,1.525676,2.396801,3.420296
31.039,4.436066,1.518700,2.401042,3.406938
31.049,4.422297,1.530508,2.409084,3.377953
31.059,4.390544,1.542006,2.417223,3.325076
31.069,4.308794,1.556040,2.408796,3.215921
31.079,4.244852,1.537546,2.369604,3.168547
31.089,4.195321,1.521626,2.296351,3.164197
31.099,4.204670,1.509104,2.267946,3.202854
31.109,4.262666,1.510029,2.276465,3.272284
31.119,4.343680,1.500676,2.270433,3.385360
31.129,4.403069,1.492327,2.223018,3.495449
31.139,4.476231,1.492431,2.166397,3.621604
31.149,4.570154,1.491411,2.157938,3.742366
31.159,4.636570,1.497138,2.163180,3.817985
31.169,4.714542,1.485647,2.150808,3.923491
31.179,4.806880,1.465341,2.122610,4.056279
31.189,4.826601,1.461664,2.126279,4.079038
31.199,4.866729,1.462210,2.134829,4.121832
31.209,4.910643,1.468177,2.127391,4.175294
31.219,4.987149,1.456485,2.119841,4.272773
31.229,5.030190,1.425679,2.107181,4.339360
31.239,5.019189,1.406900,2.102805,4.334870
31.249,5.011817,1.416680,2.099851,4.324576
31.259,5.021097,1.419615,2.101952,4.333348
31.269,5.009935,1.403057,2.097327,4.328059
31.279,4.995696,1.338422,2.100058,4.330746
31.289,4.968447,1.282474,2.095875,4.318337
31.299,4.949960,1.252436,2.071732,4.317572
31.309,4.916099,1.251985,2.068899,4.280212
31.319,4.829529,1.256344,2.062393,4.182401
31.329,4.799653,1.240549,2.056401,4.155589
31.339,4.790782,1.252968,2.027651,4.155754
31.349,4.767321,1.231565,1.983751,4.156361
31.360,4.768884,1.245575,2.002392,4.145023
31.370,4.729132,1.261413,1.997644,4.096700
31.379,4.667163,1.259466,2.017685,4.015607
31.389,4.661036,1.270250,2.072934,3.976766
31.399,4.710202,1.218285,1.976619,4.098141
31.409,4.720278,1.174060,1.856940,4.177844
31.419,4.755639,1.167911,1.775705,4.254287
31.429,4.751657,1.182541,1.783743,4.242417
31.439,4.760348,1.133376,1.846288,4.238820
31.449,4.781653,1.096596,1.853039,4.269418
31.459,4.752103,1.102236,1.826574,4.246314
31.469,4.765995,1.193915,1.814638,4.242212
31.479,4.795339,1.295385,1.785546,4.257826
31.489,4.804377,1.328489,1.714123,4.287066
31.499,4.838835,1.360340,1.733718,4.307903
31.509,4.810891,1.373751,1.758207,4.262181
31.519,4.773679,1.369521,1.723494,4.235798
31.529,4.719463,1.364316,1.648446,4.206495
31.539,4.762225,1.359382,1.600834,4.274131
31.549,4.838821,1.339846,1.586217,4.370688
31.559,4.922866,1.344542,1.614080,4.452141
31.569,4.933558,1.314665,1.594589,4.479836
31.579,4.963227,1.365953,1.577297,4.503324
31.589,4.977301,1.391667,1.571871,4.512872
31.599,4.969180,1.452772,1.566428,4.486481
31.609,4.932804,1.453896,1.552306,4.450741
31.619,4.843340,1.452578,1.569079,4.345798
31.629,4.764210,1.440753,1.571543,4.260537
31.639,4.662258,1.445669,1.573863,4.143628
31.649,4.569768,1.444838,1.598058,4.030066
31.659,4.504136,1.430196,1.599102,3.960385
31.670,4.460933,1.437549,1.603160,3.906822
31.679,4.392048,1.450190,1.616132,3.817741
31.690,4.446445,1.488581,1.662172,3.846062
31.700,4.391603,1.494596,1.655379,3.783131
31.710,4.346282,1.501029,1.655904,3.727608
31.719,4.238649,1.499115,1.663301,3.598921
31.729,4.192113,1.514122,1.678645,3.530354
31.739,4.132518,1.508290,1.694578,3.454153
31.750,4.170675,1.498450,1.708095,3.497369
31.759,4.233432,1.513966,1.722457,3.558511
31.769,4.308228,1.523314,1.835365,3.587726
31.779,4.401601,1.544309,1.901849,3.656799
31.790,4.411150,1.541905,1.889286,3.675782
31.799,4.423869,1.551866,1.883109,3.690018
31.810,4.371149,1.556486,1.883433,3.624497
31.819,4.378020,1.557040,1.905712,3.620904
31.830,4.409472,1.583599,1.924563,3.637542
31.839,4.436491,1.560482,1.966195,3.658063
31.850,4.441201,1.563991,1.976371,3.656795
31.859,4.430241,1.552840,1.964462,3.654669
31.869,4.419903,1.541118,1.966835,3.645828
31.880,4.502664,1.560671,1.967456,3.737299
31.890,4.519125,1.547975,1.979318,3.756137
31.899,4.466863,1.587239,2.034393,3.646201
31.909,4.383205,1.598686,2.033959,3.538319
31.919,4.335931,1.602464,2.035957,3.476677
31.930,4.306793,1.596380,2.024829,3.449653
31.939,4.261431,1.592096,1.964857,3.429921
31.950,4.309534,1.602413,1.991506,3.469620
31.959,4.325291,1.591194,2.056254,3.456597
31.970,4.312671,1.558606,2.053190,3.457498
31.979,4.317737,1.467938,2.072924,3.491560
31.990,4.303223,1.457568,2.129043,3.443893
31.999,4.252670,1.413700,2.102939,3.415304
32.010,4.316165,1.406132,2.087368,3.506418
32.019,4.450031,1.401405,2.106501,3.660805
32.030,4.465146,1.403342,2.160115,3.647199
32.039,4.454064,1.432867,2.170830,3.615671
32.050,4.431209,1.428047,2.187858,3.579047
32.059,4.327091,1.423424,2.163769,3.466365
32.070,4.304813,1.403319,2.182460,3.434965
32.079,4.289738,1.370055,2.179994,3.431097
32.090,4.359888,1.304150,2.212764,3.522996
32.100,4.449117,1.300460,2.325845,3.562849
32.110,4.482227,1.314818,2.365269,3.573110
32.119,4.487300,1.335439,2.359865,3.575402
32.130,4.503119,1.339009,2.358636,3.594714
32.139,4.503076,1.331855,2.357717,3.597920
32.150,4.526122,1.326465,2.341074,3.639457
32.160,4.638984,1.334784,2.357082,3.765991
32.170,4.637489,1.362276,2.396412,3.729305
32.180,4.586194,1.353223,2.385256,3.675937
32.190,4.470413,1.331132,2.340275,3.568724
32.199,4.468190,1.321940,2.345946,3.565633
32.210,4.489131,1.317254,2.362058,3.582990
32.220,4.513044,1.329231,2.404191,3.580583
32.230,4.524867,1.327006,2.416426,3.588086
32.240,4.537024,1.366732,2.414008,3.590153
32.250,4.569490,1.368150,2.403266,3.637680
32.260,4.552503,1.358835,2.387411,3.630306
32.270,4.534221,1.371194,2.319114,3.647011
32.280,4.492743,1.367467,2.284708,3.618685
32.290,4.535466,1.372485,2.344190,3.632012
32.300,4.527149,1.369108,2.365890,3.608765
32.310,4.550824,1.367570,2.369596,3.636587
32.319,4.606044,1.345251,2.348933,3.726722
32.330,4.654887,1.333509,2.302551,3.819422
32.340,4.690456,1.358417,2.282858,3.865700
32.350,4.762621,1.381120,2.310113,3.929179
32.360,4.775742,1.388802,2.331447,3.929796
32.370,4.776829,1.381682,2.347612,3.923999
32.380,4.711488,1.365134,2.329943,3.860815
32.390,4.672548,1.319030,2.254767,3.874130
32.400,4.704937,1.293414,2.218348,3.942391
32.410,4.772615,1.325867,2.290740,3.971453
32.420,4.799819,1.350170,2.337526,3.968788
32.430,4.801960,1.364369,2.343363,3.963075
32.440,4.807169,1.368077,2.342300,3.968736
32.450,4.779541,1.371220,2.304841,3.956195
32.460,4.782698,1.373019,2.292151,3.966745
32.470,4.792329,1.372165,2.357426,3.940320
32.480,4.773141,1.387338,2.378955,3.898556
32.490,4.760090,1.374881,2.322454,3.921016
32.500,4.794388,1.381410,2.321091,3.961111
32.510,4.758496,1.409599,2.326382,3.904391
32.520,4.708403,1.443017,2.339249,3.822914
32.530,4.783857,1.446170,2.400537,3.877022
32.540,4.768674,1.433004,2.467035,3.821059
32.550,4.715349,1.435751,2.466382,3.753677
32.560,4.736276,1.433258,2.459634,3.785273
32.570,4.787537,1.444023,2.448245,3.852454
32.580,4.841180,1.457828,2.456097,3.908880
32.590,4.894967,1.480605,2.457835,3.965799
32.600,4.856258,1.462796,2.396995,3.962056
32.610,4.829892,1.446530,2.386438,3.942121
32.620,4.824932,1.431056,2.382042,3.944354
32.630,4.836956,1.425170,2.396208,3.952622
32.640,4.892177,1.431829,2.425708,3.999900
32.650,4.900701,1.469727,2.471759,3.968272
32.660,4.805362,1.474222,2.467590,3.850866
32.670,4.793778,1.452136,2.429607,3.868930
32.680,4.847345,1.439409,2.428142,3.940684
32.690,4.919583,1.476388,2.481200,3.983243
32.700,4.927853,1.502627,2.530643,3.952429
32.710,4.913782,1.501300,2.525094,3.938941
32.720,4.923270,1.490742,2.482334,3.981745
32.730,4.953970,1.483722,2.467770,4.031190
32.740,5.006448,1.481470,2.486441,4.085020
32.750,4.957065,1.490179,2.532207,3.992466
32.760,4.931627,1.486248,2.541929,3.956085
32.770,4.921282,1.464837,2.521522,3.964240
32.780,4.885819,1.458022,2.506666,3.932178
32.790,4.875607,1.471505,2.475389,3.934294
32.800,4.918175,1.478882,2.522093,3.954795
32.810,4.899533,1.478220,2.531278,3.925930
32.820,4.883779,1.493239,2.539209,3.895376
32.830,4.815473,1.495028,2.557903,3.796156
32.840,4.765130,1.475412,2.569125,3.732187
32.850,4.716610,1.458010,2.579027,3.670046
32.860,4.692071,1.460931,2.551979,3.656311
32.870,4.720667,1.502428,2.554657,3.674389
32.880,4.720052,1.525069,2.581936,3.645087
32.890,4.708173,1.525177,2.600685,3.616236
32.900,4.665620,1.518873,2.581082,3.577576
32.910,4.618991,1.499583,2.530040,3.561633
32.920,4.619373,1.499601,2.526214,3.564834
32.930,4.655378,1.486482,2.581883,3.577261
32.940,4.633530,1.484416,2.591029,3.542976
32.950,4.610427,1.494209,2.588740,3.510242
32.960,4.598034,1.498882,2.578775,3.499313
32.970,4.584486,1.501580,2.553556,3.498874
32.980,4.585128,1.472122,2.572882,3.498075
32.990,4.568563,1.475764,2.571474,3.475832
33.000,4.576863,1.512927,2.605348,3.445416
33.010,4.593273,1.512528,2.654673,3.429741
33.020,4.540081,1.495487,2.657228,3.363777
33.030,4.454894,1.486599,2.584097,3.310369
33.040,4.439215,1.485872,2.507588,3.348255
33.050,4.526299,1.502535,2.504260,3.458100
33.060,4.536398,1.521814,2.504941,3.462407
33.070,4.538728,1.515360,2.529556,3.450374
33.080,4.470783,1.500358,2.536413,3.362058
33.090,4.347690,1.474041,2.525487,3.217379
33.100,4.311108,1.465155,2.518289,3.177608
33.110,4.316111,1.466421,2.523507,3.179676
33.120,4.341656,1.469161,2.552582,3.189964
33.130,4.331793,1.469725,2.565359,3.165955
33.140,4.306073,1.466388,2.561898,3.135067
33.150,4.312030,1.426272,2.531398,3.186123
33.160,4.393510,1.420395,2.514892,3.310699
33.170,4.392990,1.426392,2.518100,3.304987
33.180,4.404366,1.430908,2.514250,3.321068
33.190,4.357711,1.415708,2.465599,3.302459
33.200,4.342711,1.385978,2.418758,3.329837
33.210,4.323663,1.383368,2.411783,3.311141
33.220,4.291272,1.385125,2.419592,3.262210
33.230,4.242488,1.386697,2.424346,3.193481
33.240,4.198443,1.359166,2.402243,3.163672
33.250,4.237265,1.361695,2.352188,3.250755
33.260,4.265166,1.365553,2.337173,3.296139
33.270,4.443489,1.371437,2.335434,3.522712
33.280,4.593328,1.392274,2.314396,3.715347
33.290,4.737478,1.399469,2.279924,3.909876
33.300,4.779126,1.388743,2.208153,4.004435
33.310,4.929157,1.388508,2.195184,4.189249
33.320,4.932993,1.385852,2.185662,4.199610
33.330,4.948776,1.379271,2.160172,4.233397
33.340,4.922328,1.369756,2.101849,4.235010
33.350,4.914563,1.363835,2.045176,4.255601
33.360,5.000198,1.353610,2.046429,4.356817
33.370,4.994585,1.307363,2.021794,4.375960
33.380,5.018542,1.286603,1.992638,4.422647
33.390,4.994992,1.321697,1.979267,4.391534
33.400,4.967089,1.315056,1.980371,4.361276
33.410,4.929055,1.285603,1.959532,4.336247
33.420,4.929380,1.251508,1.919679,4.364326
33.430,4.918115,1.251423,1.832589,4.389010
33.440,4.933485,1.269505,1.831610,4.401459
33.450,4.939999,1.265720,1.852745,4.401009
33.460,4.913034,1.277294,1.830193,4.376850
33.470,4.887320,1.259250,1.773383,4.376677
33.480,4.851470,1.268867,1.674664,4.372898
33.490,4.887717,1.263473,1.684360,4.410935
33.500,4.926811,1.211255,1.637594,4.486047
33.510,4.969356,1.190387,1.571181,4.561674
33.520,5.046356,1.214985,1.559200,4.643104
33.530,5.095218,1.241412,1.598759,4.675908
33.540,5.057159,1.228227,1.620860,4.630241
33.550,5.009242,1.194900,1.626382,4.584714
33.560,4.970876,1.183287,1.620658,4.547847
33.570,4.984651,1.197204,1.575543,4.575053
33.580,5.041160,1.201997,1.549092,4.644224
33.590,5.080443,1.201628,1.517939,4.697111
33.600,5.105416,1.196266,1.470491,4.740452
33.610,5.141943,1.190906,1.412287,4.798621
33.620,5.152750,1.191203,1.372340,4.821675
33.630,5.146034,1.194160,1.360980,4.816989
33.640,5.121354,1.191447,1.325749,4.801158
33.650,5.059153,1.197693,1.298927,4.740606
33.660,5.011684,1.230882,1.369082,4.661279
33.670,5.019297,1.237085,1.460338,4.640084
33.680,4.973958,1.217499,1.456862,4.597337
33.690,4.988423,1.219655,1.479986,4.605046
33.700,4.980431,1.227796,1.471180,4.597047
33.710,5.004523,1.255473,1.499097,4.606707
33.720,5.019544,1.254207,1.544421,4.608422
33.730,5.023515,1.262243,1.522170,4.617948
33.740,5.033488,1.302843,1.588259,4.595219
33.750,5.015296,1.288905,1.698498,4.539496
33.760,4.956894,1.296670,1.697816,4.472904
33.770,4.799020,1.328895,1.742462,4.269480
33.780,4.641350,1.310594,1.757467,4.090939
33.790,4.485989,1.276026,1.760508,3.923833
33.800,4.407539,1.338136,1.789469,3.799157
33.810,4.231887,1.362152,1.821577,3.568651
33.820,4.248003,1.350051,1.822205,3.592000
33.830,4.201343,1.360273,1.834046,3.526644
33.840,4.227506,1.382799,1.876007,3.527077
33.850,4.323982,1.382772,1.875910,3.642214
33.860,4.240567,1.394058,1.893967,3.528725
33.870,4.258734,1.417173,1.956069,3.507453
33.880,4.270185,1.411039,1.958124,3.522670
33.890,4.332547,1.380271,1.949088,3.614813
33.900,4.382054,1.390765,1.983523,3.651548
33.910,4.431851,1.418531,2.033701,3.673301
33.920,4.446870,1.421396,2.038693,3.687548
33.930,4.407845,1.434036,2.053178,3.627271
33.940,4.423738,1.464585,2.088717,3.614099
33.950,4.392278,1.476791,2.095638,3.566440
33.960,4.409879,1.444509,2.086912,3.606276
33.970,4.439436,1.453451,2.101290,3.630517
33.980,4.474948,1.464229,2.170347,3.629158
33.990,4.476160,1.464215,2.195116,3.615736
34.000,4.420259,1.464833,2.189652,3.549420
34.010,4.392407,1.486981,2.213769,3.490179
34.020,4.254555,1.476528,2.211423,3.321251
34.030,4.223456,1.450076,2.181693,3.312866
34.040,4.207819,1.481247,2.160475,3.293022
34.050,4.236190,1.512984,2.176159,3.304620
34.060,4.269801,1.518572,2.221463,3.315154
34.070,4.172996,1.507017,2.227275,3.190930
34.080,4.152072,1.507479,2.227275,3.163299
34.090,4.050559,1.527486,2.230789,3.016188
34.100,4.044804,1.537238,2.279605,2.966604
34.110,3.960591,1.544991,2.321463,2.812488
34.120,3.948306,1.542220,2.316665,2.800668
34.130,4.013311,1.545457,2.291975,2.909480
34.140,4.051932,1.555265,2.314436,2.939845
34.150,4.102335,1.560704,2.371125,2.961609
34.160,4.086480,1.556609,2.340709,2.966036
34.170,4.072400,1.555149,2.287663,2.988737
34.180,4.143607,1.556089,2.284265,3.087102
34.190,4.094666,1.550038,2.269657,3.035182
34.200,4.173790,1.569669,2.283010,3.121623
34.210,4.145360,1.567872,2.248218,3.109872
34.220,4.133719,1.575113,2.220089,3.110925
34.230,4.127659,1.566099,2.225078,3.103857
34.240,4.078800,1.526317,2.162729,3.103155
34.250,4.129274,1.526315,2.087740,3.219101
34.260,4.126853,1.520556,2.087400,3.218943
34.270,4.174841,1.499644,2.063832,3.304688
34.280,4.206272,1.520294,2.058890,3.338023
34.290,4.245329,1.541261,2.071243,3.370057
34.300,4.221133,1.496633,2.043727,3.376571
34.310,4.208630,1.485162,2.019181,3.380794
34.320,4.159345,1.494669,2.021342,3.313653
34.330,4.147024,1.464365,1.994986,3.327683
34.340,4.201009,1.441553,1.959546,3.424994
34.350,4.103701,1.445998,1.962059,3.301481
34.360,4.142715,1.440882,1.945498,3.361693
34.370,4.124117,1.425096,1.916854,3.362011
34.380,4.042895,1.438420,1.902210,3.264589
34.390,3.995814,1.438783,1.905190,3.204166
34.400,3.989777,1.427884,1.889704,3.210683
34.410,4.007786,1.410193,1.858943,3.258532
34.420,4.056187,1.431836,1.877734,3.297971
34.430,4.092313,1.425315,1.883189,3.342021
34.440,4.074863,1.370178,1.834772,3.370569
34.450,4.049996,1.342136,1.832723,3.352949
34.460,4.011723,1.342288,1.853902,3.294729
34.470,4.017083,1.325664,1.848834,3.310798
34.480,4.038609,1.320913,1.770092,3.381172
34.490,4.135733,1.351959,1.754801,3.492444
34.500,4.192466,1.352812,1.753129,3.559945
34.510,4.282645,1.316855,1.710678,3.698720
34.520,4.394785,1.307604,1.667979,3.849955
34.530,4.503061,1.313845,1.641316,3.982142
34.540,4.643512,1.283200,1.643907,4.148876
34.550,4.698695,1.243955,1.608056,4.236091
34.560,4.740681,1.237152,1.544265,4.307987
34.570,4.765382,1.251744,1.538157,4.333137
34.580,4.800081,1.259571,1.547848,4.365596
34.590,4.814425,1.241513,1.528478,4.393301
34.600,4.821759,1.237063,1.473897,4.421162
34.610,4.818397,1.245400,1.394846,4.440758
34.620,4.823831,1.259719,1.438039,4.428826
34.630,4.787603,1.269639,1.442976,4.384858
34.640,4.800448,1.271102,1.418561,4.406392
34.650,4.810527,1.261092,1.336919,4.445612
34.660,4.839295,1.225900,1.301696,4.496835
34.670,4.904266,1.216722,1.317811,4.564514
34.680,4.917011,1.240846,1.364555,4.557991
34.690,4.900369,1.241287,1.382861,4.534371
34.700,4.863656,1.201428,1.403272,4.499172
34.710,4.862700,1.174974,1.419191,4.500131
34.720,4.903734,1.173678,1.416507,4.545613
34.730,4.985918,1.174879,1.406549,4.636880
34.740,5.022045,1.184417,1.461281,4.656474
34.750,4.982777,1.189070,1.493595,4.602538
34.760,4.976220,1.190826,1.503026,4.591907
34.770,4.928775,1.173271,1.494004,4.547989
34.780,4.924308,1.128958,1.497683,4.553154
34.790,4.943352,1.100830,1.487380,4.583951
34.800,5.034810,1.087358,1.471094,4.690720
34.810,5.113574,1.094908,1.482201,4.770000
34.820,5.127061,1.089513,1.487637,4.784000
34.830,5.108770,1.092625,1.492632,4.762117
34.840,5.053433,1.090588,1.502909,4.699901
34.850,5.049805,1.082793,1.499185,4.698993
34.860,5.013410,1.076563,1.502783,4.660144
34.870,5.006290,1.081662,1.477180,4.659494
34.880,5.010765,1.082399,1.513021,4.652628
34.890,5.007225,1.093418,1.543122,4.636326
34.900,4.972814,1.091578,1.502955,4.612858
34.910,4.967317,1.075861,1.491046,4.614493
34.920,4.923542,1.051067,1.431291,4.592160
34.930,4.918502,1.078388,1.429270,4.581040
34.940,4.919316,1.089045,1.420585,4.582094
34.950,4.915415,1.083383,1.409292,4.582738
34.960,4.907034,1.083069,1.382275,4.582059
34.970,4.908862,1.071976,1.410461,4.578034
34.980,4.868367,1.046116,1.399930,4.543879
34.990,4.767851,1.029234,1.399096,4.440227
35.000,4.695013,1.057795,1.442758,4.340815
35.010,4.579072,1.072268,1.486015,4.196415
35.020,4.454774,1.056635,1.485940,4.064544
35.030,4.428466,1.074085,1.489202,4.029879
35.040,4.306418,1.087658,1.531036,3.875328
35.050,4.234644,1.106732,1.558084,3.778853
35.060,4.162441,1.101234,1.613497,3.675572
35.070,4.189959,1.081982,1.616846,3.710914
35.080,4.182369,1.090263,1.621240,3.697988
35.090,4.183077,1.091135,1.681119,3.671702
35.100,4.165077,1.079935,1.688334,3.651183
35.110,4.237422,1.055116,1.691029,3.739371
35.120,4.279590,1.043518,1.671414,3.798991
35.130,4.273580,1.049462,1.668830,3.791717
35.140,4.231613,1.039138,1.698673,3.733799
35.150,4.194255,1.043307,1.709419,3.685264
35.160,4.170009,1.090489,1.741169,3.628793
35.170,4.075841,1.109518,1.785062,3.492135
35.180,4.033710,1.078191,1.746742,3.472350
35.190,4.071042,1.080493,1.715838,3.530130
35.200,4.099520,1.110934,1.715406,3.553768
35.210,4.110997,1.116960,1.726491,3.559765
35.220,4.087424,1.111434,1.759925,3.517728
35.230,4.079089,1.115074,1.759319,3.507188
35.240,4.102507,1.118425,1.740937,3.542433
35.250,4.106676,1.140067,1.731315,3.545078
35.260,4.108866,1.146394,1.738441,3.542087
35.270,4.105589,1.144412,1.753668,3.531407
35.280,4.098130,1.143601,1.743291,3.528141
35.290,4.059468,1.147528,1.745135,3.480943
35.300,3.952237,1.155047,1.781002,3.333778
35.310,3.877905,1.151216,1.833835,3.217126
35.320,3.876972,1.155596,1.861466,3.198508
35.330,3.905570,1.155637,1.882521,3.220885
35.340,3.974785,1.154257,1.879737,3.306538
35.350,3.989945,1.166275,1.898419,3.309904
35.360,3.975219,1.170064,1.937077,3.268188
35.370,3.966825,1.157075,1.933210,3.264901
35.380,3.981081,1.135013,1.910386,3.303206
35.390,4.017715,1.128853,1.883504,3.364541
35.400,4.019315,1.147395,1.903679,3.348789
35.410,3.967867,1.158464,1.943565,3.259522
35.420,3.936337,1.150152,1.943833,3.223882
35.430,3.888951,1.119217,1.930028,3.185323
35.440,3.919908,1.119000,1.927196,3.224815
35.450,3.947278,1.131448,1.929074,3.252615
35.460,3.967096,1.133895,1.970785,3.250867
35.470,3.957953,1.134199,1.948155,3.253257
35.480,3.960318,1.134303,1.951095,3.254336
35.490,4.044411,1.120363,1.954042,3.359132
35.500,4.051814,1.110055,1.929008,3.385839
35.510,4.057400,1.106002,1.945736,3.384282
35.520,4.045708,1.104176,1.949850,3.368477
35.530,3.985795,1.080105,1.941361,3.309237
35.540,4.020299,1.066785,1.947098,3.351654
35.550,4.016541,1.054004,1.946366,3.351617
35.560,4.030509,1.050343,1.937604,3.374532
35.570,4.024048,1.050164,1.931360,3.370455
35.580,4.000401,1.026045,1.919786,3.356316
35.590,4.035349,1.036598,1.901353,3.405050
35.600,4.049678,1.057834,1.909626,3.410896
35.610,3.965883,1.057878,1.949338,3.287735
35.620,3.954541,1.053840,1.944194,3.278403
35.630,3.963276,1.023623,1.935624,3.303500
35.640,3.956230,1.029892,1.914142,3.305622
35.650,3.974997,1.023052,1.980612,3.291070
35.666,3.964405,0.969133,1.977768,3.296320
35.671,3.997104,0.945835,1.931032,3.369474
35.680,4.024691,0.951914,1.957703,3.385173
35.690,3.970796,0.926511,1.975768,3.317400
35.700,3.942065,0.889595,1.963451,3.300509
35.710,3.965947,0.878961,1.940109,3.345466
35.720,3.959866,0.894493,1.923247,3.343882
35.730,3.898893,0.900288,1.981301,3.235010
35.740,3.839663,0.880912,1.964533,3.179248
35.750,3.906700,0.851097,1.950669,3.276099
35.760,3.953616,0.845412,1.958467,3.328778
35.770,3.954717,0.850206,1.958701,3.328728
35.780,3.916085,0.850954,1.966337,3.277975
35.790,3.878598,0.857155,1.968124,3.230371
35.800,3.870694,0.873652,1.947722,3.228836
35.810,3.865352,0.887997,1.915314,3.237897
35.820,3.902235,0.870667,1.884211,3.304410
35.830,3.917969,0.889561,1.867685,3.327299
35.840,3.898571,0.929446,1.900883,3.274390
35.850,3.871518,0.932344,1.899892,3.241882
35.860,3.863272,0.923245,1.873139,3.250207
35.870,3.898264,0.921837,1.862281,3.298271
35.880,3.893463,0.947566,1.852668,3.290713
35.890,3.869332,0.957816,1.881382,3.242641
35.900,3.858146,0.950889,1.863165,3.241869
35.910,3.894508,0.936206,1.823341,3.311516
35.920,3.911221,0.952769,1.824867,3.325619
35.930,3.907150,0.962981,1.841558,3.308648
35.940,3.879074,0.949378,1.858264,3.269978
35.950,3.855382,0.951797,1.839101,3.252039
35.960,3.852125,0.971485,1.824617,3.250516
35.970,3.846312,0.988951,1.828274,3.236280
35.980,3.861232,0.988784,1.824934,3.255923
35.990,3.811196,1.009721,1.825650,3.189464
36.000,3.790397,1.002775,1.854748,3.149835
36.010,3.775545,0.994347,1.823630,3.152838
36.020,3.801988,1.026801,1.817253,3.177795
36.030,3.785014,1.043279,1.849518,3.133239
36.040,3.757024,1.058536,1.867437,3.083409
36.050,3.780926,1.049950,1.852380,3.124371
36.060,3.756410,1.066273,1.830653,3.101997
36.070,3.714174,1.092681,1.867685,3.018757
36.080,3.687799,1.092723,1.907257,2.961113
36.090,3.638758,1.075988,1.895974,2.913433
36.100,3.639264,1.068760,1.875588,2.929874
36.110,3.635279,1.088439,1.845928,2.936512
36.120,3.606655,1.092933,1.860979,2.889673
36.130,3.605920,1.093246,1.862057,2.887943
36.140,3.599124,1.093773,1.841421,2.892495
36.150,3.586537,1.120571,1.803576,2.890446
36.160,3.594447,1.123432,1.827085,2.884391
36.170,3.538284,1.134768,1.847185,2.796366
36.180,3.514372,1.153213,1.838555,2.764167
36.190,3.548636,1.164924,1.871067,2.781165
36.200,3.550237,1.164196,1.883998,2.774776
36.210,3.572282,1.180087,1.886055,2.794886
36.220,3.566476,1.195232,1.890952,2.777673
36.230,3.596250,1.190265,1.936039,2.787119
36.240,3.626600,1.191026,1.940558,2.822750
36.250,3.575052,1.191584,1.940243,2.756190
36.260,3.589009,1.204310,1.974636,2.744346
36.270,3.596868,1.211947,1.982619,2.745518
36.280,3.602795,1.211843,1.988579,2.749022
36.290,3.630830,1.232104,1.991594,2.774599
36.300,3.655383,1.213908,2.036967,2.781910
36.310,3.624382,1.196910,2.016268,2.763732
36.320,3.585865,1.219472,2.032210,2.690992
36.330,3.580825,1.205517,2.087452,2.647939
36.340,3.547284,1.188896,2.076042,2.619122
36.350,3.573880,1.181936,2.096193,2.642275
36.360,3.618027,1.182619,2.103021,2.696078
36.370,3.632496,1.183026,2.096414,2.720390
36.380,3.632939,1.171914,2.134570,2.696010
36.390,3.641560,1.170382,2.151823,2.694591
36.400,3.638526,1.158976,2.157911,2.690551
36.410,3.608022,1.169443,2.156298,2.645865
36.420,3.600039,1.159720,2.167324,2.630215
36.430,3.633072,1.151855,2.173741,2.673442
36.440,3.662944,1.155993,2.160131,2.722990
36.450,3.664825,1.147319,2.170192,2.721189
36.460,3.662139,1.127867,2.152083,2.740022
36.470,3.664988,1.119426,2.134001,2.761351
36.480,3.612830,1.135106,2.136627,2.683077
36.490,3.633088,1.113550,2.146225,2.711651
36.500,3.647656,1.103839,2.095682,2.773995
36.510,3.648564,1.117444,2.090968,2.773300
36.520,3.632870,1.097237,2.110377,2.745928
36.530,3.619779,1.079573,2.094418,2.747860
36.540,3.591889,1.061884,2.056330,2.746922
36.550,3.601348,1.077970,2.111181,2.711199
36.560,3.608249,1.079924,2.140613,2.696480
36.570,3.621033,1.052885,2.123518,2.737514
36.580,3.640714,1.075394,2.103400,2.770205
36.590,3.660985,1.074305,2.143432,2.766654
36.600,3.619283,1.063322,2.144500,2.714714
36.610,3.616205,1.073964,2.131333,2.716793
36.620,3.631561,1.070159,2.179322,2.700658
36.630,3.619670,1.082262,2.186204,2.674180
36.640,3.614822,1.104100,2.185180,2.659491
36.650,3.624916,1.075630,2.209898,2.664467
36.660,3.599026,1.086093,2.158632,2.667152
36.670,3.601525,1.101943,2.153196,2.668418
36.680,3.602515,1.087046,2.180201,2.653896
36.690,3.610371,1.077837,2.127577,2.710436
36.700,3.650956,1.096772,2.113974,2.767253
36.710,3.606948,1.089173,2.147232,2.685735
36.720,3.607503,1.057277,2.126527,2.715534
36.730,3.605975,1.068286,2.039651,2.775185
36.740,3.553423,1.082706,2.036060,2.703520
36.750,3.583911,1.078522,2.042479,2.740345
36.760,3.612619,1.060023,1.992373,2.820960
36.770,3.621915,1.062807,1.984332,2.837453
36.780,3.637086,1.073873,1.986413,2.851202
36.790,3.663219,1.036807,1.985448,2.898655
36.800,3.644954,1.042559,1.931394,2.910065
36.810,3.674238,1.048443,1.972979,2.916873
36.820,3.702911,1.024413,1.981759,2.955462
36.830,3.690988,1.025255,1.921955,2.979653
36.840,3.717714,1.023309,1.946171,2.997776
36.850,3.707600,1.030997,1.949152,2.980629
36.860,3.695693,1.029253,1.932186,2.977489
36.870,3.680931,1.043801,1.933829,2.952971
36.880,3.642793,1.037652,1.917065,2.918575
36.890,3.643873,1.020017,1.901763,2.936099
36.900,3.728768,1.020581,1.891383,3.047096
36.910,3.734596,1.010050,1.912490,3.044566
36.920,3.755015,1.011356,1.939493,3.052157
36.930,3.769804,1.011847,1.956753,3.059200
36.940,3.709364,1.016619,1.960929,2.980038
36.950,3.757561,1.025783,1.980826,3.023799
36.960,3.789066,1.025859,1.994379,3.054028
36.970,3.777858,1.024544,2.008258,3.031406
36.980,3.798332,1.031042,2.046196,3.029416
36.990,3.805158,1.052548,2.102270,2.991961
37.000,3.831191,1.050110,2.104413,3.024357
37.010,3.866542,1.036170,2.109035,3.070581
37.020,3.848842,1.046101,2.095367,3.054290
37.030,3.866950,1.063474,2.139380,3.040622
37.040,3.912815,1.086726,2.194569,3.051724
37.050,3.888824,1.077337,2.120531,3.076629
37.060,3.927736,1.083348,2.125195,3.120419
37.070,3.936721,1.133008,2.170322,3.082818
37.080,3.956320,1.129740,2.216586,3.076183
37.090,3.955775,1.128081,2.198206,3.089252
37.100,3.951161,1.125313,2.191688,3.088988
37.110,3.965943,1.121337,2.230252,3.081766
37.120,3.976257,1.149458,2.229432,3.085288
37.130,4.004056,1.144449,2.258108,3.102201
37.140,4.048056,1.115667,2.253470,3.172368
37.150,4.060424,1.124201,2.221738,3.207351
37.160,4.112678,1.147660,2.301368,3.209471
37.170,4.124139,1.139088,2.321971,3.212390
37.180,4.118987,1.133030,2.300739,3.223181
37.190,4.105709,1.145037,2.300561,3.202055
37.200,4.067073,1.166345,2.300339,3.144704
37.210,4.098068,1.159520,2.312344,3.178481
37.220,4.087418,1.159833,2.308208,3.167640
37.230,4.042187,1.153034,2.310640,3.109779
37.240,4.077902,1.152467,2.359430,3.119968
37.250,4.047434,1.164383,2.379125,3.060342
37.260,3.989525,1.158073,2.381628,2.983794
37.270,4.015172,1.153819,2.391568,3.011762
37.280,4.030575,1.172187,2.433534,2.991559
37.290,4.013359,1.175165,2.461715,2.943807
37.300,4.029268,1.171474,2.457066,2.970770
37.310,4.022187,1.168795,2.444839,2.972317
37.320,4.027518,1.176951,2.494743,2.934611
37.330,4.036700,1.175854,2.511197,2.933633
37.340,4.022139,1.161948,2.475542,2.949436
37.350,4.019953,1.176793,2.460569,2.953098
37.361,3.995227,1.182340,2.484282,2.896939
37.370,3.970660,1.179436,2.496230,2.853753
37.380,3.963269,1.178188,2.475538,2.862008
37.390,3.929008,1.183652,2.453724,2.831132
37.400,3.869256,1.201250,2.494849,2.702568
37.410,3.872905,1.226629,2.532371,2.661179
37.420,3.864365,1.218181,2.510370,2.673461
37.430,3.832410,1.231971,2.493432,2.636742
37.440,3.871350,1.251353,2.544110,2.636090
37.450,3.851306,1.239754,2.553836,2.602593
37.460,3.830511,1.243215,2.527271,2.596177
37.470,3.821351,1.247847,2.524355,2.583260
37.480,3.853981,1.234576,2.515049,2.646417
37.490,3.808465,1.216894,2.445264,2.654102
37.500,3.739230,1.217401,2.449142,2.549800
37.510,3.723716,1.237163,2.471368,2.495563
37.520,3.753899,1.252086,2.514742,2.490003
37.530,3.725924,1.236523,2.488013,2.482601
37.540,3.682387,1.221509,2.434607,2.478019
37.550,3.688784,1.236626,2.480256,2.434382
37.560,3.684420,1.219987,2.498903,2.417037
37.570,3.689334,1.176228,2.433459,2.511165
37.580,3.651768,1.167815,2.395584,2.496557
37.590,3.652423,1.189702,2.396688,2.486099
37.600,3.697186,1.209309,2.416644,2.523210
37.610,3.678416,1.188550,2.383475,2.537151
37.620,3.657724,1.192558,2.348467,2.538001
37.630,3.659829,1.211991,2.365940,2.515504
37.640,3.610438,1.212860,2.376816,2.432073
37.650,3.601397,1.210144,2.364634,2.431897
37.660,3.579098,1.199895,2.330812,2.436700
37.670,3.589147,1.212577,2.341735,2.434731
37.680,3.616348,1.218694,2.361615,2.452658
37.690,3.588534,1.206942,2.358415,2.420485
37.700,3.602528,1.213455,2.366594,2.430013
37.710,3.583220,1.245145,2.370322,2.381313
37.720,3.588414,1.244698,2.384507,2.375199
37.730,3.636013,1.237235,2.392016,2.442968
37.740,3.631614,1.252231,2.391830,2.428926
37.750,3.645176,1.248608,2.400133,2.442877
37.760,3.660156,1.250012,2.397372,2.467149
37.770,3.626003,1.244358,2.400496,2.416008
37.780,3.607812,1.265497,2.366006,2.411812
37.790,3.636414,1.285989,2.356794,2.452604
37.800,3.639955,1.285195,2.354429,2.460531
37.810,3.641537,1.317277,2.334820,2.464587
37.820,3.633752,1.349393,2.316093,2.453366
37.830,3.610203,1.357425,2.308515,2.421099
37.840,3.606345,1.358217,2.307600,2.415773
37.850,3.605072,1.358483,2.314774,2.406843
37.860,3.635249,1.373378,2.308603,2.449331
37.870,3.674159,1.370228,2.296354,2.519658
37.880,3.683497,1.384579,2.312789,2.510397
37.890,3.725261,1.410451,2.334309,2.537559
37.900,3.767425,1.411086,2.301967,2.627409
37.910,3.738861,1.401428,2.238445,2.646592
37.920,3.756912,1.466759,2.259265,2.618918
37.930,3.783678,1.483215,2.316478,2.598119
37.940,3.755092,1.465846,2.274993,2.603155
37.950,3.749656,1.485516,2.245961,2.609371
37.960,3.776670,1.518307,2.309305,2.573926
37.970,3.825043,1.525294,2.352127,2.602293
37.980,3.816805,1.518413,2.346919,2.598921
37.990,3.794581,1.534890,2.347646,2.555683
38.000,3.835618,1.574884,2.386208,2.556896
38.010,3.866633,1.583267,2.415723,2.570681
38.020,3.841728,1.563470,2.375115,2.583266
38.030,3.860865,1.574927,2.364598,2.614299
38.040,3.868819,1.592567,2.366250,2.613877
38.050,3.902374,1.624050,2.388825,2.623833
38.060,3.874717,1.669541,2.358579,2.581311
38.070,3.867145,1.684873,2.382946,2.537239
38.080,3.856582,1.679233,2.388071,2.520024
38.091,3.833318,1.682852,2.361200,2.507404
38.100,3.851679,1.716027,2.398310,2.477659
38.110,3.915445,1.746023,2.496738,2.459352
38.120,3.918907,1.725369,2.504936,2.471079
38.130,3.937291,1.709894,2.463705,2.551212
38.140,3.938481,1.723296,2.453403,2.553957
38.150,3.949764,1.769943,2.478782,2.514673
38.160,3.971524,1.780260,2.503902,2.516774
38.170,3.966345,1.761839,2.455460,2.568761
38.180,4.014084,1.761423,2.435340,2.660710
38.190,4.032931,1.775638,2.452424,2.664069
38.200,4.044070,1.786175,2.468311,2.659232
38.210,4.052152,1.783835,2.481453,2.660875
38.220,4.043116,1.786408,2.464458,2.661198
38.230,4.059100,1.788274,2.451291,2.696208
38.240,4.051421,1.786377,2.421294,2.712969
38.250,4.019913,1.818461,2.407589,2.656391
38.260,4.016029,1.838818,2.445956,2.600874
38.270,4.007244,1.832851,2.421528,2.614358
38.280,4.014486,1.804797,2.391523,2.671971
38.290,3.997827,1.814338,2.384101,2.647047
38.300,3.976169,1.823470,2.394092,2.598692
38.310,3.990811,1.790213,2.405312,2.633663
38.320,3.972227,1.773586,2.377723,2.641859
38.330,3.978430,1.787055,2.386276,2.634393
38.340,3.998153,1.792605,2.434356,2.616430
38.350,4.014299,1.775817,2.417167,2.668028
38.361,4.033771,1.766971,2.404125,2.714646
38.370,4.084896,1.777163,2.428274,2.762527
38.380,4.100610,1.783622,2.444209,2.767587
38.390,4.086551,1.767458,2.454556,2.747935
38.400,4.051289,1.752786,2.486178,2.675744
38.410,4.046046,1.745879,2.495514,2.663607
38.420,4.018399,1.689223,2.465161,2.686454
38.430,4.023352,1.666585,2.404560,2.761873
38.440,4.055481,1.669625,2.411239,2.800928
38.450,4.072357,1.668644,2.476914,2.768504
38.460,4.051045,1.656124,2.461798,2.758219
38.470,4.017836,1.644915,2.412192,2.760179
38.480,4.028236,1.648201,2.406404,2.778369
38.490,4.060671,1.649920,2.411942,2.819459
38.500,4.073256,1.636084,2.422384,2.836670
38.510,4.055380,1.631147,2.403389,2.830051
38.520,4.061784,1.633476,2.408825,2.833267
38.530,4.070718,1.621824,2.406169,2.854958
38.540,4.062901,1.604568,2.394787,2.863132
38.550,4.042196,1.586873,2.372697,2.862079
38.560,4.050909,1.564893,2.405485,2.859129
38.570,4.033418,1.549249,2.384213,2.860738
38.580,4.056907,1.550485,2.373961,2.901517
38.590,4.074618,1.534123,2.386597,2.924574
38.600,4.061390,1.499833,2.367781,2.939218
38.610,4.024304,1.475796,2.309709,2.946572
38.620,4.010869,1.471630,2.292500,2.943776
38.630,3.975177,1.470541,2.295212,2.893362
38.640,3.971220,1.456394,2.293082,2.896771
38.650,3.962762,1.409169,2.288280,2.912301
38.660,3.983882,1.389544,2.318216,2.926834
38.670,3.998437,1.398540,2.393547,2.881409
38.680,3.921747,1.405813,2.405252,2.760172
38.690,3.910473,1.384034,2.389651,2.768721
38.700,3.925812,1.348203,2.365349,2.828334
38.710,3.949442,1.354921,2.351043,2.869649
38.720,3.991841,1.372322,2.430316,2.853960
38.730,3.955401,1.378098,2.467219,2.767467
38.740,3.938743,1.361159,2.454649,2.763267
38.750,3.906524,1.313475,2.424859,2.766906
38.760,3.881151,1.306098,2.388023,2.766729
38.770,3.917559,1.322887,2.444262,2.760946
38.780,3.933101,1.318466,2.537126,2.700726
38.790,3.917006,1.286777,2.551537,2.678956
38.800,3.896803,1.267149,2.544024,2.665962
38.810,3.854149,1.277709,2.528606,2.613059
38.820,3.872309,1.285961,2.545095,2.619843
38.830,3.888681,1.283588,2.580579,2.610528
38.840,3.874287,1.284087,2.545988,2.622816
38.850,3.842339,1.285275,2.539262,2.581432
38.860,3.779689,1.282787,2.528871,2.499063
38.870,3.725177,1.280266,2.505965,2.440901
38.880,3.757046,1.260520,2.517807,2.487395
38.890,3.764985,1.260253,2.525324,2.491910
38.900,3.747146,1.267075,2.498369,2.488730
38.910,3.747197,1.277331,2.488935,2.493013
38.920,3.748332,1.278688,2.497142,2.485807
38.930,3.702435,1.273368,2.494182,2.421903
38.940,3.686058,1.286805,2.465128,2.419566
38.950,3.681464,1.290015,2.425434,2.450777
38.960,3.681760,1.285791,2.415856,2.462873
38.970,3.689766,1.291088,2.443663,2.444582
38.980,3.628921,1.286733,2.444582,2.353168
38.990,3.636789,1.265187,2.434785,2.386914
39.000,3.647483,1.236398,2.395443,2.457092
39.010,3.695552,1.242771,2.394401,2.525760
39.020,3.750939,1.287524,2.447920,2.533676
39.030,3.714616,1.288515,2.480868,2.446098
39.040,3.712656,1.277165,2.501057,2.428452
39.050,3.677333,1.243901,2.453569,2.440387
39.060,3.677598,1.216313,2.427363,2.480568
39.070,3.697314,1.241237,2.470420,2.454891
39.080,3.692671,1.253373,2.509403,2.401618
39.090,3.704460,1.257154,2.526019,2.400378
39.100,3.675366,1.236070,2.488360,2.405932
39.110,3.742644,1.235422,2.467876,2.527984
39.120,3.780673,1.257275,2.508926,2.533385
39.130,3.793070,1.273017,2.557307,2.495394
39.140,3.808874,1.274210,2.590523,2.484574
39.150,3.770414,1.255968,2.566773,2.459723
39.160,3.748754,1.259613,2.490372,2.502914
39.170,3.707067,1.266774,2.423454,2.502899
39.180,3.720913,1.269339,2.448087,2.498168
39.190,3.744579,1.281278,2.513655,2.462059
39.200,3.705024,1.256291,2.504987,2.423628
39.210,3.721618,1.226473,2.477511,2.491614
39.220,3.678847,1.203840,2.410524,2.504807
39.230,3.719368,1.221827,2.417260,2.549058
39.240,3.781635,1.260064,2.499478,2.542756
39.250,3.812417,1.266905,2.543631,2.541539
39.260,3.831745,1.257045,2.543002,2.575898
39.270,3.809909,1.242513,2.488976,2.603185
39.280,3.805904,1.238622,2.395920,2.685197
39.290,3.821948,1.237416,2.367880,2.732990
39.300,3.881717,1.239498,2.369831,2.813410
39.310,3.892890,1.234279,2.366582,2.833803
39.320,3.889066,1.214705,2.333249,2.864485
39.330,3.869216,1.209290,2.291170,2.873846
39.340,3.848501,1.202280,2.285837,2.853144
39.350,3.860577,1.201650,2.295909,2.861624
39.361,3.856403,1.197851,2.296989,2.856718
39.370,3.884343,1.193692,2.288506,2.902750
39.380,3.879942,1.199380,2.265103,2.912859
39.390,3.895394,1.232544,2.214819,2.957956
39.400,3.951151,1.268853,2.272833,2.972514
39.410,3.956373,1.276032,2.299404,2.955904
39.421,3.956012,1.276814,2.300333,2.954360
39.431,3.985952,1.278671,2.308326,2.987381
39.440,4.038551,1.291427,2.326717,3.037844
39.450,4.034725,1.290074,2.344083,3.019932
39.460,4.035992,1.282685,2.337342,3.029982
39.470,4.035991,1.298633,2.338056,3.022627
39.480,4.037442,1.304188,2.336483,3.023388
39.490,4.022701,1.305768,2.342624,2.998201
39.500,3.978308,1.300062,2.336184,2.946017
39.510,3.935852,1.261632,2.290035,2.941931
39.520,3.891503,1.218850,2.226920,2.949412
39.530,3.917839,1.221720,2.184377,3.014193
39.540,3.933202,1.229673,2.164860,3.044891
39.550,3.921894,1.242922,2.166646,3.023581
39.560,3.918759,1.251208,2.143244,3.032764
39.570,3.909719,1.230061,2.098196,3.061115
39.580,3.866053,1.221154,2.042202,3.047057
39.590,3.842695,1.219176,2.011555,3.038677
39.598,3.824389,1.249958,2.014794,3.000694
39.609,3.774421,1.243022,1.997056,2.951765
39.619,3.763633,1.233529,1.941957,2.978615
39.629,3.813914,1.218501,1.867069,3.094390
39.639,3.859108,1.214731,1.829384,3.173405
39.649,3.964394,1.212755,1.890560,3.266715
39.659,4.028854,1.196625,1.897229,3.346682
39.669,4.088179,1.184301,1.914145,3.412725
39.679,4.058732,1.170213,1.862008,3.411280
39.689,4.033195,1.160017,1.804182,3.415545
39.699,4.056844,1.159421,1.798450,3.446636
39.709,4.019740,1.158597,1.810466,3.396789
39.719,4.046942,1.156645,1.840295,3.413682
39.729,4.069918,1.141909,1.777108,3.478817
39.739,4.096342,1.121023,1.671436,3.567861
39.749,4.120930,1.116642,1.609215,3.625687
39.759,4.167351,1.106999,1.629129,3.672507
39.769,4.253472,1.105101,1.676773,3.749561
39.779,4.308700,1.154515,1.705709,3.784514
39.789,4.338102,1.186035,1.746814,3.789603
39.799,4.328243,1.196295,1.741498,3.777532
39.809,4.323792,1.195112,1.764189,3.762249
39.819,4.298703,1.218651,1.748236,3.733284
39.829,4.326557,1.220014,1.729435,3.773554
39.839,4.335097,1.216949,1.701420,3.797008
39.849,4.397503,1.217673,1.688139,3.873693
39.859,4.447656,1.215030,1.700097,3.926196
39.869,4.478876,1.197210,1.702025,3.966123
39.879,4.506609,1.190736,1.695091,4.002291
39.889,4.526935,1.141626,1.674013,4.048149
39.899,4.592303,1.097824,1.586714,4.167297
39.909,4.647930,1.074295,1.541035,4.251394
39.919,4.729092,1.103620,1.535754,4.334488
39.929,4.775751,1.105419,1.522116,4.389648
39.939,4.779810,1.077715,1.503757,4.407247
39.949,4.835947,1.051349,1.455350,4.490324
39.959,4.926258,1.055784,1.431075,4.594057
39.969,4.940442,1.050386,1.382021,4.625438
39.979,4.993294,1.056947,1.395448,4.676385
39.989,4.980950,1.058662,1.382740,4.666597
39.999,4.959312,1.059585,1.380705,4.643889
40.009,4.947029,1.059830,1.380554,4.630758
40.019,4.942974,1.072165,1.376807,4.624700
40.029,4.947078,1.087573,1.438062,4.606815
40.039,4.955846,1.110360,1.445644,4.608430
40.049,4.958200,1.092654,1.449745,4.613902
40.059,4.965365,1.070337,1.446533,4.627826
40.069,4.943668,1.067778,1.448630,4.604473
40.079,4.940767,1.061165,1.446910,4.603429
40.089,4.968323,1.059254,1.465326,4.627638
40.099,5.004931,1.045618,1.461888,4.671070
40.109,5.041505,1.037559,1.456327,4.713741
40.119,5.121307,1.030478,1.438954,4.805758
40.129,5.148190,1.027230,1.438904,4.835102
40.139,5.163447,1.043293,1.439077,4.847864
40.149,5.183870,1.042551,1.341953,4.897424
40.159,5.166471,1.044990,1.331960,4.881219
40.169,5.198743,1.033370,1.326583,4.919273
40.179,5.339223,1.057035,1.328180,5.062205
40.189,5.450816,1.067150,1.283733,5.188893
40.199,5.543580,1.072019,1.278216,5.286608
40.209,5.626093,1.072131,1.313490,5.364532
40.219,5.647352,1.092487,1.244655,5.399064
40.229,5.686762,1.117152,1.295468,5.423375
40.239,5.657686,1.092955,1.343026,5.386199
40.249,5.617063,1.081128,1.356920,5.342409
40.259,5.573746,1.080525,1.323750,5.305356
40.269,5.508886,1.079442,1.279478,5.248387
40.279,5.474117,1.036606,1.220219,5.234737
40.289,5.551831,1.000436,1.226383,5.321461
40.299,5.624869,0.985584,1.288842,5.385783
40.309,5.717688,0.989904,1.291413,5.481268
40.319,5.825269,0.991333,1.294365,5.592462
40.329,5.837696,0.974523,1.294038,5.608428
40.339,5.838795,0.971904,1.293451,5.610162
40.349,5.782265,0.970928,1.289654,5.552358
40.360,5.736342,0.982197,1.279957,5.504781
40.369,5.701474,0.984680,1.269994,5.470313
40.379,5.725701,0.994290,1.269841,5.493864
40.389,5.723671,0.998584,1.270533,5.490810
40.399,5.712599,1.000867,1.331710,5.464302
40.409,5.708470,1.015702,1.400491,5.440001
40.419,5.650032,0.986336,1.407810,5.382200
40.429,5.608974,0.983681,1.403304,5.340758
40.439,5.545820,0.968275,1.395219,5.279386
40.449,5.480738,0.969046,1.371224,5.217201
40.459,5.376610,0.940081,1.367669,5.114065
40.469,5.407909,0.949325,1.403354,5.135646
40.479,5.428583,0.950542,1.409173,5.155600
40.489,5.445712,0.952244,1.419133,5.170596
40.499,5.471267,0.956151,1.423657,5.195550
40.509,5.453866,0.962909,1.423406,5.176039
40.519,5.473046,0.956115,1.423672,5.197426
40.529,5.475108,0.932069,1.401237,5.210047
40.539,5.515696,0.904996,1.436991,5.247756
40.550,5.529425,0.921540,1.451406,5.255352
40.559,5.557621,0.926409,1.465170,5.280359
40.569,5.633407,0.928610,1.477585,5.356277
40.579,5.637021,0.934399,1.484849,5.357063
40.589,5.614889,0.927991,1.481709,5.335761
40.599,5.584781,0.896385,1.478893,5.310287
40.609,5.582555,0.908392,1.496564,5.300948
40.619,5.553483,0.912265,1.500785,5.268452
40.629,5.585110,0.913219,1.522065,5.295546
40.639,5.617172,0.885799,1.553654,5.324861
40.650,5.642081,0.893598,1.577262,5.342921
40.659,5.611351,0.904546,1.591960,5.304217
40.669,5.546551,0.916357,1.574949,5.238707
40.679,5.411272,0.870482,1.575823,5.103029
40.689,5.304228,0.865152,1.581743,4.988430
40.699,5.209085,0.868463,1.587733,4.884613
40.709,5.163098,0.871887,1.590114,4.834142
40.719,5.145081,0.849996,1.610295,4.812100
40.729,5.105815,0.811489,1.596010,4.781589
40.739,5.074887,0.810888,1.557398,4.761455
40.749,5.068687,0.810647,1.548588,4.757763
40.759,5.067682,0.813657,1.543529,4.757823
40.769,5.077742,0.824008,1.551584,4.764144
40.779,5.142644,0.817624,1.611903,4.814567
40.789,5.080753,0.831304,1.628712,4.740283
40.799,5.006969,0.835820,1.578191,4.677655
40.809,4.894122,0.827668,1.564273,4.562943
40.819,4.768630,0.788421,1.562492,4.435859
40.829,4.717186,0.777538,1.573994,4.378336
40.839,4.717511,0.790478,1.575270,4.375909
40.849,4.767817,0.789377,1.601048,4.421042
40.859,4.854957,0.793804,1.637903,4.500862
40.869,4.872770,0.796897,1.647300,4.516109
40.879,4.919150,0.817727,1.690439,4.546622
40.890,4.910354,0.827506,1.715364,4.525963
40.899,4.863491,0.822674,1.672778,4.492057
40.909,4.861492,0.808218,1.618187,4.512467
40.919,4.847661,0.804257,1.619683,4.497735
40.929,4.815304,0.804321,1.615949,4.464183
40.939,4.831015,0.800993,1.615508,4.481880
40.949,4.860334,0.807260,1.623429,4.509507
40.959,4.884607,0.804719,1.618185,4.537983
40.969,4.911361,0.785657,1.607922,4.573707
40.979,4.853873,0.781442,1.587307,4.519943
40.990,4.825688,0.781347,1.580392,4.492118
40.999,4.797245,0.780185,1.575348,4.463535
41.010,4.801359,0.767403,1.577122,4.469545
41.019,4.822375,0.780421,1.576469,4.490099
41.029,4.859222,0.771708,1.635486,4.510176
41.039,4.890845,0.784803,1.685087,4.523818
41.050,4.864598,0.771640,1.668328,4.503951
41.059,4.810319,0.769764,1.665371,4.446704
41.070,4.756525,0.773939,1.652508,4.392581
41.079,4.779634,0.786669,1.653106,4.415121
41.089,4.836364,0.799834,1.672981,4.466745
41.099,4.901999,0.805149,1.756959,4.504933
41.109,4.874344,0.796921,1.773091,4.469932
41.119,4.777139,0.783284,1.768366,4.368113
41.129,4.684431,0.786979,1.766479,4.266628
41.139,4.642291,0.829045,1.762075,4.214101
41.150,4.562107,0.831009,1.780660,4.117219
41.159,4.509725,0.808346,1.764489,4.070722
41.170,4.502875,0.815080,1.753224,4.066662
41.179,4.498217,0.818072,1.773119,4.052254
41.190,4.537377,0.832916,1.807386,4.077670
41.199,4.585814,0.849792,1.844413,4.111652
41.210,4.527606,0.839030,1.808370,4.065100
41.219,4.457792,0.855930,1.779434,3.996612
41.230,4.390679,0.859151,1.767934,3.926108
41.239,4.441650,0.867560,1.795685,3.968767
41.249,4.517852,0.899001,1.816830,4.037562
41.259,4.524888,0.899044,1.821239,4.043441
41.270,4.483051,0.911218,1.814115,3.997051
41.279,4.398861,0.948980,1.792186,3.903523
41.289,4.389586,0.953411,1.797373,3.889591
41.299,4.374645,0.945834,1.799510,3.873588
41.310,4.363314,0.945911,1.797437,3.861733
41.319,4.363090,0.944655,1.795273,3.862793
41.330,4.363145,0.969262,1.799141,3.854953
41.339,4.371152,0.969149,1.815957,3.856166
41.349,4.332285,0.968326,1.821002,3.809854
41.360,4.240205,0.966072,1.792004,3.719511
41.370,4.211623,0.973407,1.797962,3.682062
41.380,4.103684,0.969709,1.827719,3.543915
41.390,4.053687,0.953908,1.827548,3.490344
41.399,4.020643,0.960239,1.835936,3.445700
41.410,3.953508,0.959634,1.838659,3.365807
41.420,3.962786,0.970693,1.836680,3.374616
41.430,4.033249,0.999042,1.894087,3.417813
41.439,4.102135,1.017473,1.949396,3.462963
41.450,4.098577,1.016479,1.966968,3.449079
41.459,4.064878,1.012218,1.960980,3.413679
41.470,3.956528,1.004449,1.944137,3.296289
41.479,3.945968,0.984425,1.960528,3.279924
41.490,3.995265,1.007652,1.992660,3.313017
41.500,4.057700,1.007624,2.033236,3.363863
41.510,4.051299,1.012999,2.030954,3.355903
41.519,4.034197,1.016690,2.040777,3.328109
41.530,3.990986,1.023347,2.020228,3.286246
41.539,3.896729,1.017280,1.968480,3.205422
41.550,3.883686,1.007082,1.968744,3.192624
41.559,3.884665,1.011819,1.965052,3.194591
41.570,3.905956,1.021711,1.989325,3.202372
41.579,3.937271,1.007664,2.033756,3.217227
41.590,3.858308,0.999416,2.001808,3.143322
41.600,3.800717,1.028964,1.941303,3.101294
41.610,3.816571,1.030507,1.947432,3.116373
41.619,3.847799,1.029291,1.980391,3.134353
41.630,3.820825,1.031904,1.986194,3.096597
41.639,3.737338,0.998471,1.954459,3.025036
41.650,3.758345,1.031728,1.944201,3.046437
41.660,3.813098,1.051650,1.993798,3.075470
41.670,3.819566,1.046621,2.009340,3.075097
41.680,3.838350,1.055943,1.995448,3.104207
41.690,3.786472,1.041153,1.965198,3.064533
41.699,3.708797,1.035282,1.949753,2.980239
41.710,3.822573,1.051200,2.007151,3.078699
41.719,3.830451,1.031101,2.021137,3.086129
41.730,3.844935,1.049671,2.014455,3.102207
41.739,3.817499,1.054025,1.999557,3.076378
41.750,3.768096,1.026737,1.996623,3.026195
41.759,3.809394,1.023528,2.031054,3.055928
41.770,3.810728,1.009426,2.040493,3.055993
41.780,3.791639,0.982182,2.019916,3.054797
41.790,3.750826,1.010193,2.010602,3.000948
41.799,3.776594,1.006987,2.031340,3.020314
41.810,3.785544,1.005613,2.034156,3.030065
41.820,3.792907,1.013055,2.033058,3.037522
41.830,3.845229,0.994771,2.052880,3.095465
41.839,3.849507,1.003966,2.058849,3.093848
41.850,3.830163,1.003352,2.036799,3.084620
41.860,3.878712,1.004872,2.041644,3.141072
41.870,3.861017,1.005721,2.038186,3.121181
41.880,3.810673,0.976918,2.008101,3.087780
41.890,3.793700,0.980306,1.985030,3.080717
41.899,3.763816,0.981469,1.990890,3.039636
41.910,3.812338,0.990742,2.022854,3.075778
41.920,3.821663,0.992756,2.040561,3.075005
41.930,3.752272,0.972796,1.992328,3.027184
41.940,3.695225,0.995414,1.957003,2.972201
41.950,3.661184,0.999804,1.956735,2.928456
41.960,3.662201,1.006031,1.956419,2.927805
41.970,3.687295,1.012838,1.955862,2.957179
41.980,3.683476,1.013210,1.961784,2.948356
41.990,3.648940,0.996382,1.943879,2.922896
42.000,3.589554,0.995391,1.918407,2.865974
42.010,3.594251,0.999885,1.922712,2.867412
42.020,3.573706,1.010549,1.944124,2.823215
42.030,3.506115,1.005483,1.913794,2.760297
42.040,3.470738,1.004073,1.886524,2.734755
42.050,3.541035,1.005966,1.908426,2.808001
42.060,3.593328,1.029160,1.912568,2.862677
42.070,3.687552,1.050620,1.922063,2.966464
42.080,3.680938,1.045575,1.884375,2.984160
42.090,3.700198,1.050266,1.901113,2.995693
42.100,3.690601,1.024047,1.894326,2.997231
42.110,3.662013,1.022015,1.880310,2.971576
42.120,3.641230,1.022405,1.854740,2.961956
42.130,3.655607,1.014199,1.838359,2.992540
42.140,3.629571,1.019680,1.860316,2.945040
42.150,3.566744,0.997279,1.851636,2.880719
42.160,3.504184,0.975048,1.801273,2.843238
42.170,3.522150,0.983524,1.827383,2.845855
42.180,3.528690,0.980941,1.866126,2.829661
42.190,3.513745,0.980684,1.875117,2.805102
42.200,3.495970,0.974998,1.859766,2.795077
42.210,3.401017,0.968600,1.825966,2.700847
42.220,3.440570,0.971455,1.850569,2.732982
42.230,3.424102,0.942074,1.853317,2.720697
42.240,3.386953,0.943105,1.852723,2.673840
42.250,3.397057,0.968601,1.884964,2.654942
42.260,3.331995,0.965803,1.846724,2.599813
42.270,3.369875,0.976535,1.839956,2.648961
42.280,3.383854,1.007562,1.873057,2.631909
42.290,3.331610,0.995618,1.871058,2.570508
42.300,3.299115,0.994534,1.864207,2.533731
42.310,3.288269,1.013949,1.861571,2.513796
42.320,3.323033,1.036834,1.880516,2.535977
42.330,3.320805,1.027313,1.907847,2.516445
42.340,3.288982,1.016165,1.908300,2.478549
42.350,3.329827,1.016729,1.909309,2.531512
42.360,3.312267,1.011219,1.939262,2.487531
42.370,3.268417,1.002644,1.926170,2.442770
42.380,3.299523,1.002032,1.898169,2.505942
42.390,3.328034,1.024194,1.907943,2.527170
42.400,3.326313,1.024315,1.907579,2.525129
42.410,3.278997,1.017454,1.870238,2.493756
42.420,3.240769,1.018865,1.846786,2.460464
42.430,3.266339,1.020399,1.872009,2.474537
42.440,3.268792,0.983518,1.891433,2.477938
42.450,3.230630,0.980862,1.872296,2.443233
42.460,3.295247,0.981452,1.887719,2.516332
42.470,3.371812,0.990453,1.922331,2.587037
42.480,3.369509,0.990655,1.920107,2.585612
42.490,3.355841,0.987443,1.898177,2.585257
42.500,3.355073,0.997175,1.901354,2.578180
42.510,3.379851,0.988511,1.935323,2.588583
42.520,3.357302,0.967948,1.907536,2.587636
42.530,3.358697,0.964024,1.895262,2.599901
42.540,3.426807,0.978205,1.941939,2.648584
42.550,3.419012,0.988298,1.954059,2.625750
42.560,3.342419,0.958286,1.957212,2.534319
42.570,3.209860,0.921063,1.923370,2.399060
42.580,3.154004,0.932344,1.940858,2.304679
42.590,3.150981,0.924129,1.943483,2.301639
42.600,3.129855,0.919283,1.945106,2.273207
42.610,3.095895,0.927856,1.936919,2.229797
42.620,3.118864,0.932493,1.963270,2.236814
42.630,3.103298,0.938150,1.970077,2.206610
42.640,3.090018,0.933924,1.955213,2.202984
42.650,3.162000,0.924037,1.990662,2.276327
42.660,3.232773,0.945217,2.022078,2.338500
42.670,3.231161,0.937763,2.015943,2.344563
42.680,3.196004,0.923763,1.971429,2.339780
42.690,3.201537,0.935606,1.965454,2.347653
42.700,3.229877,0.940430,2.000423,2.354995
42.710,3.202164,0.929358,1.999297,2.322274
42.720,3.155517,0.930151,1.966826,2.285542
42.730,3.200403,0.942066,2.009239,2.306089
42.740,3.202778,0.929595,2.022863,2.302535
42.750,3.169893,0.902618,1.981114,2.304060
42.760,3.209730,0.902568,1.984013,2.356146
42.770,3.209138,0.893486,1.996552,2.348196
42.780,3.238198,0.862102,2.001626,2.395037
42.790,3.255501,0.844730,2.004037,2.422510
42.800,3.243875,0.862607,1.985302,2.416032
42.810,3.270520,0.881826,2.016077,2.419529
42.820,3.245266,0.847158,2.025866,2.389549
42.830,3.175025,0.854583,1.965102,2.342828
42.840,3.202736,0.857692,1.967387,2.377240
42.850,3.197713,0.857529,1.998451,2.344398
42.860,3.167962,0.864582,1.981743,2.315421
42.870,3.167821,0.864374,1.983623,2.313696
42.880,3.139219,0.873743,1.986281,2.268470
42.890,3.144874,0.874604,2.013234,2.252151
42.900,3.164420,0.874562,2.042950,2.252787
42.910,3.159191,0.874738,2.036485,2.251234
42.920,3.180753,0.888533,2.057167,2.257379
42.930,3.197041,0.872820,2.074596,2.270529
42.940,3.146900,0.877102,2.028228,2.240528
42.950,3.174470,0.886120,2.028356,2.275483
42.960,3.134111,0.877544,2.022016,2.228007
42.970,3.027082,0.869117,2.008035,2.091807
42.980,3.019573,0.870057,2.010741,2.077918
42.990,3.019945,0.866634,2.014957,2.075805
43.000,3.038485,0.876787,2.036542,2.077531
43.010,3.057022,0.879417,2.053861,2.086544
43.020,3.042811,0.876425,2.035935,2.084597
43.030,3.054304,0.880090,2.048486,2.087564
43.040,3.035457,0.876710,2.034605,2.075033
43.050,2.980742,0.864757,2.003642,2.030379
43.060,2.981237,0.868873,2.000671,2.032277
43.070,2.998621,0.873066,2.023119,2.033833
43.080,2.994337,0.862795,2.040788,2.014156
43.090,2.982621,0.860895,2.026429,2.012081
43.100,3.012644,0.856723,2.028902,2.055628
43.110,3.054798,0.852416,2.045174,2.102960
43.120,3.091246,0.877158,2.071742,2.119971
43.130,3.099101,0.892107,2.073000,2.123969
43.140,3.113894,0.890843,2.075995,2.143124
43.150,3.103536,0.919152,2.085980,2.106130
43.160,3.113393,0.934434,2.108290,2.091689
43.170,3.119607,0.928983,2.106514,2.105121
43.180,3.136269,0.940176,2.106441,2.124891
43.190,3.188140,0.937386,2.132059,2.177124
43.200,3.167465,0.927997,2.152021,2.130837
43.210,3.167566,0.941183,2.151761,2.125458
43.220,3.163285,0.942033,2.154443,2.115967
43.230,3.140348,0.933178,2.122321,2.118188
43.240,3.209571,0.964472,2.149585,2.179547
43.250,3.236844,0.975490,2.189731,2.175008
43.260,3.184378,0.980522,2.186035,2.097640
43.270,3.192009,0.994293,2.187441,2.101286
43.280,3.166672,0.985017,2.165081,2.090450
43.290,3.155397,0.979098,2.154721,2.086881
43.300,3.154132,0.961679,2.157377,2.090322
43.310,3.124677,0.938647,2.129937,2.084687
43.320,3.141933,0.957677,2.142295,2.089298
43.330,3.165605,0.951371,2.183869,2.084865
43.340,3.128876,0.952756,2.161338,2.052009
43.350,3.131388,0.964122,2.149552,2.062884
43.360,3.162193,0.975216,2.178199,2.074578
43.370,3.192800,0.978014,2.223547,2.072028
43.380,3.187785,0.967007,2.228812,2.063800
43.390,3.155746,0.949571,2.197861,2.055834
43.400,3.204705,0.967125,2.218864,2.100344
43.410,3.283618,0.980868,2.263785,2.166870
43.420,3.273027,0.957820,2.259014,2.166135
43.430,3.239261,0.965950,2.228769,2.142975
43.440,3.274603,0.978573,2.254309,2.164142
43.450,3.301309,0.974838,2.305438,2.152507
43.460,3.281192,0.979098,2.307615,2.117192
43.470,3.279941,0.972300,2.283074,2.144813
43.480,3.308336,0.982010,2.286656,2.179896
43.490,3.342089,0.988680,2.320235,2.192848
43.500,3.314661,0.975125,2.301114,2.177380
43.510,3.288555,0.967506,2.262282,2.181881
43.520,3.388884,0.977500,2.358843,2.228203
43.530,3.391793,0.990290,2.387734,2.195977
43.540,3.346755,0.976933,2.370953,2.150570
43.550,3.375329,0.992903,2.391591,2.165013
43.560,3.429372,1.004650,2.438749,2.191752
43.570,3.477096,1.010571,2.468581,2.230481
43.580,3.487796,1.008018,2.480940,2.234627
43.590,3.485938,1.007362,2.480186,2.232861
43.600,3.471661,1.007766,2.475614,2.215440
43.610,3.471004,1.015927,2.460779,2.227180
43.620,3.441460,1.013063,2.426920,2.219778
43.630,3.485004,1.022184,2.481707,2.222954
43.640,3.500512,1.024674,2.501110,2.224426
43.650,3.438364,0.987783,2.459104,2.190762
43.660,3.411759,0.963373,2.422063,2.201277
43.670,3.439103,0.984309,2.423863,2.232364
43.680,3.506314,0.977870,2.484125,2.273132
43.690,3.458312,0.973287,2.452071,2.236064
43.700,3.435344,0.978482,2.410554,2.243522
43.710,3.472899,1.000818,2.419444,2.281597
43.720,3.509328,1.014650,2.446949,2.301806
43.730,3.512703,1.012098,2.467380,2.286214
43.740,3.437192,0.982814,2.428311,2.225235
43.750,3.408318,0.974749,2.392872,2.222760
43.760,3.475503,0.985618,2.432190,2.278624
43.770,3.447113,0.988974,2.423579,2.242940
43.780,3.412106,0.983140,2.422231,2.192874
43.790,3.387288,0.980262,2.407369,2.171954
43.800,3.442089,0.986325,2.428068,2.231507
43.810,3.547976,0.996419,2.484485,2.328651
43.820,3.597498,0.996844,2.501646,2.385386
43.830,3.582211,0.995652,2.477476,2.388101
43.840,3.577834,0.997068,2.476127,2.382340
43.850,3.596336,0.990487,2.471486,2.417503
43.860,3.626157,0.992675,2.477376,2.454836
43.870,3.661306,1.004247,2.483536,2.495737
43.880,3.668465,1.012143,2.495258,2.491362
43.890,3.673393,1.005456,2.485884,2.510628
43.900,3.614714,0.995048,2.444383,2.470026
43.910,3.586216,1.004546,2.423403,2.445189
43.920,3.662832,1.021050,2.468435,2.506117
43.930,3.716891,1.027775,2.529332,2.522188
43.940,3.720940,1.026967,2.518128,2.539639
43.950,3.678979,1.021374,2.477130,2.521013
43.960,3.696302,1.025339,2.478910,2.542899
43.970,3.740246,1.064279,2.496293,2.573961
43.980,3.778158,1.076225,2.525772,2.595514
43.990,3.854558,1.072024,2.555782,2.678873
44.000,3.851180,1.069010,2.552504,2.678345
44.010,3.835394,1.070887,2.555333,2.652116
44.020,3.783097,1.090218,2.493418,2.627948
44.030,3.827941,1.131061,2.513314,2.656517
44.040,3.926572,1.146194,2.578088,2.730874
44.050,3.947192,1.134398,2.572424,2.770577
44.060,4.017698,1.119519,2.551949,2.894154
44.070,4.004784,1.112846,2.494261,2.928913
44.080,3.986000,1.112147,2.446777,2.943570
44.090,4.018253,1.132891,2.475559,2.955423
44.100,4.078040,1.187262,2.524381,2.974613
44.110,4.074436,1.187596,2.571454,2.928869
44.120,4.099228,1.172477,2.580076,2.961786
44.130,4.120418,1.152098,2.541772,3.031486
44.140,4.116982,1.150081,2.521094,3.044822
44.150,4.143336,1.156723,2.521153,3.077826
44.160,4.114275,1.186311,2.538293,3.012805
44.170,4.132440,1.194195,2.572918,3.005171
44.180,4.130045,1.192974,2.593935,2.984223
44.190,4.184630,1.190821,2.612826,3.044046
44.200,4.186629,1.191268,2.605894,3.052550
44.210,4.151192,1.165898,2.578691,3.037010
44.220,4.176116,1.197594,2.576036,3.061005
44.230,4.218408,1.233105,2.626486,3.062024
44.240,4.293660,1.234119,2.667086,3.130354
44.250,4.358319,1.232519,2.667626,3.218636
44.260,4.300500,1.220591,2.629662,3.176372
44.270,4.301552,1.207362,2.624943,3.186739
44.280,4.313852,1.238356,2.631705,3.185894
44.290,4.375379,1.268408,2.690564,3.208729
44.300,4.397571,1.277971,2.732829,3.199542
44.310,4.362695,1.259693,2.700369,3.186579
44.320,4.397040,1.243278,2.672455,3.262852
44.330,4.404757,1.246886,2.667214,3.276146
44.340,4.407120,1.255214,2.668094,3.275427
44.350,4.399051,1.282298,2.683751,3.241118
44.360,4.435928,1.287949,2.698826,3.276428
44.370,4.412471,1.302048,2.673440,3.259952
44.380,4.397113,1.297980,2.658530,3.253010
44.390,4.391470,1.307590,2.656574,3.243121
44.400,4.396346,1.314967,2.661022,3.243097
44.410,4.425836,1.319661,2.690103,3.257279
44.420,4.460966,1.326044,2.750079,3.252521
44.430,4.486139,1.315511,2.714582,3.320530
44.440,4.464186,1.309276,2.702471,3.303241
44.450,4.472460,1.323419,2.712258,3.300776
44.460,4.522937,1.342648,2.750031,3.330404
44.470,4.549894,1.318331,2.820989,3.317462
44.480,4.512328,1.298232,2.807669,3.285223
44.490,4.432096,1.304717,2.752321,3.219614
44.500,4.447329,1.318328,2.769382,3.220446
44.510,4.538036,1.351573,2.839741,3.271528
44.520,4.553298,1.353206,2.848884,3.284085
44.530,4.501052,1.307003,2.809292,3.264826
44.540,4.418651,1.296502,2.751736,3.204918
44.550,4.409251,1.305191,2.737774,3.200400
44.560,4.415477,1.325971,2.799838,3.146290
44.570,4.447001,1.342624,2.886900,3.104671
44.580,4.485959,1.354402,2.914106,3.130082
44.590,4.544921,1.335698,2.906574,3.228629
44.600,4.509168,1.313747,2.859627,3.229426
44.610,4.488373,1.332574,2.825269,3.222979
44.620,4.485892,1.352255,2.829985,3.207151
44.630,4.459091,1.353120,2.857732,3.144189
44.640,4.472348,1.353617,2.889631,3.133632
44.650,4.444949,1.361336,2.889766,3.090888
44.660,4.462714,1.350058,2.902116,3.109805
44.670,4.482142,1.356524,2.902411,3.134557
44.680,4.531653,1.365282,2.918913,3.186194
44.690,4.577843,1.394038,2.956228,3.205311
44.700,4.602895,1.391560,2.990708,3.210276
44.710,4.608450,1.392098,2.991773,3.217013
44.720,4.570319,1.355553,2.971681,3.196781
44.730,4.524457,1.326037,2.925910,3.186124
44.740,4.504573,1.337413,2.926177,3.152775
44.750,4.496300,1.375196,2.952755,3.099482
44.760,4.539187,1.388819,2.968293,3.140802
44.770,4.618047,1.393765,2.984405,3.236835
44.780,4.671503,1.375257,2.980433,3.323947
44.790,4.649949,1.359903,2.925594,3.348669
44.800,4.684573,1.348577,2.879183,3.440475
44.810,4.636666,1.361534,2.852921,3.392011
44.820,4.547568,1.400331,2.852540,3.253069
44.830,4.561530,1.414940,2.846610,3.271439
44.840,4.618688,1.413608,2.878536,3.323857
44.850,4.691854,1.404850,2.906159,3.405015
44.860,4.692712,1.400220,2.888237,3.423305
44.870,4.777214,1.391386,2.914455,3.520194
44.880,4.882002,1.397338,2.936161,3.641476
44.890,5.003239,1.418501,2.946785,3.786386
44.900,5.041094,1.403777,2.958117,3.832960
44.910,5.065197,1.377057,2.910489,3.910114
44.920,4.988628,1.361772,2.820290,3.883034
44.930,4.941243,1.361920,2.802959,3.834642
44.940,4.940126,1.354467,2.805625,3.833893
44.950,4.929478,1.343070,2.796477,3.830879
44.960,4.867544,1.314024,2.738406,3.803611
44.970,4.823275,1.308857,2.655280,3.807934
44.980,4.819871,1.311862,2.625656,3.823102
44.990,4.822994,1.306969,2.629205,3.826276
45.000,4.828019,1.307458,2.598515,3.853315
45.010,4.795921,1.265858,2.520190,3.879061
45.020,4.815988,1.251000,2.500931,3.920981
45.030,4.875064,1.259453,2.550554,3.959128
45.040,4.934469,1.281200,2.564317,4.016439
45.050,4.960558,1.281781,2.552208,4.055910
45.060,4.965842,1.257786,2.479428,4.114608
45.070,4.990640,1.244182,2.408208,4.190350
45.080,5.017052,1.270756,2.378198,4.230859
45.090,5.003146,1.270210,2.402649,4.200632
45.100,5.059629,1.251097,2.453952,4.244139
45.110,5.114395,1.216332,2.497287,4.294313
45.120,5.188369,1.239690,2.478242,4.386418
45.130,5.201962,1.247081,2.474566,4.402467
45.140,5.256321,1.253452,2.473015,4.465642
45.150,5.299402,1.258927,2.508116,4.495345
45.160,5.347473,1.236331,2.498072,4.563616
45.170,5.342838,1.238134,2.488624,4.562861
45.180,5.254815,1.234730,2.418971,4.498567
45.190,5.202496,1.215377,2.357722,4.475485
45.200,5.259948,1.212172,2.322740,4.560984
45.210,5.272223,1.227172,2.341189,4.561713
45.220,5.318007,1.232104,2.353322,4.607059
45.230,5.322365,1.236640,2.366756,4.603993
45.240,5.333826,1.226307,2.341225,4.632984
45.250,5.269452,1.186088,2.328384,4.575910
45.260,5.253054,1.176270,2.314359,4.566695
45.270,5.147663,1.160148,2.301466,4.455979
45.280,5.112642,1.160974,2.274429,4.429246
45.290,5.081793,1.153353,2.273853,4.395906
45.300,5.084495,1.158404,2.287739,4.390495
45.310,5.128815,1.149638,2.346297,4.413385
45.320,5.166764,1.093881,2.388872,4.448838
45.330,5.156042,1.088064,2.383018,4.440959
45.340,5.124071,1.108064,2.386368,4.396993
45.350,5.071500,1.124140,2.344974,4.354023
45.360,4.982412,1.151276,2.294789,4.270005
45.370,4.924825,1.178405,2.248617,4.220069
45.380,4.826786,1.177086,2.275478,4.090786
45.390,4.735071,1.147009,2.286445,3.984650
45.400,4.702094,1.160388,2.280873,3.944719
45.410,4.657847,1.191167,2.307853,3.866585
45.420,4.639506,1.191527,2.310324,3.842874
45.431,4.649196,1.208785,2.317165,3.845076
45.440,4.671930,1.242178,2.346941,3.843929
45.450,4.677916,1.247968,2.351929,3.846285
45.460,4.725087,1.278000,2.372204,3.881470
45.470,4.720461,1.298903,2.410356,3.845229
45.480,4.709966,1.296251,2.423528,3.824921
45.490,4.739276,1.323339,2.426828,3.849678
45.500,4.730974,1.321656,2.445589,3.828111
45.510,4.671703,1.332041,2.444208,3.751843
45.520,4.644315,1.383398,2.431033,3.707553
45.530,4.583978,1.379099,2.395735,3.656692
45.540,4.536765,1.382607,2.380763,3.605912
45.550,6.104265,3.385209,2.929688,4.149618
45.560,6.690574,3.784081,3.008791,4.625115
45.570,6.757431,3.983340,3.024138,4.544279
45.580,6.834469,4.137332,3.052444,4.502781
45.590,6.854565,4.205023,3.094561,4.441457
45.600,6.829595,4.234381,3.058962,4.399562
45.610,6.809909,4.260337,3.019555,4.371118
45.620,6.762698,4.253007,3.027595,4.298801
45.630,6.719209,4.256371,2.993869,4.250626
45.640,6.707626,4.260540,2.986453,4.233336
45.651,6.679584,4.255216,2.956269,4.215502
45.660,6.626140,4.261626,2.946883,4.130395
45.670,6.591629,4.255376,2.894227,4.118834
45.680,6.613340,4.270688,2.882141,4.146174
45.690,6.599509,4.268308,2.871698,4.133813
45.700,6.535935,4.278632,2.884981,4.011065
45.710,6.508035,4.270687,2.868283,3.986064
45.720,6.508252,4.273492,2.857428,3.991204
45.730,6.506606,4.278832,2.857631,3.982645
45.740,6.474817,4.283697,2.838486,3.939061
45.750,6.491725,4.299804,2.829608,3.955691
45.760,6.497552,4.301932,2.865659,3.936948
45.770,6.503496,4.313738,2.859813,3.938094
45.780,6.514149,4.320140,2.877276,3.935964
45.790,6.496785,4.319648,2.878890,3.906514
45.800,6.549148,4.318012,2.866675,4.003535
45.810,6.832693,4.652290,3.071124,3.950960
45.820,7.025699,4.837186,3.146867,4.007407
45.830,7.074155,4.862396,3.172620,4.041690
45.840,7.082623,4.876858,3.160920,4.048257
45.850,7.159629,4.987616,3.157241,4.051642
45.860,7.174191,4.971466,3.162906,4.092624
45.870,7.208721,5.016350,3.183805,4.082313
45.880,7.208169,5.030920,3.138368,4.098560
45.890,7.259374,5.068830,3.176278,4.112995
45.900,7.257453,5.070061,3.179281,4.105761
45.910,7.334737,5.081471,3.215494,4.199718
45.920,7.347743,5.091873,3.225368,4.202280
45.930,7.389757,5.092953,3.223837,4.275186
45.940,7.380301,5.086530,3.212999,4.274657
45.950,7.376042,5.083043,3.212611,4.271744
45.960,7.363513,5.078709,3.226935,4.244399
45.970,7.439712,5.078096,3.188189,4.404283
45.980,7.445956,5.078331,3.181769,4.419181
45.990,7.458337,5.098152,3.215860,4.392480
46.000,7.521504,5.120451,3.234312,4.460183
46.010,7.524230,5.114359,3.236508,4.470166
46.020,7.616666,5.232956,3.232664,4.492179
46.030,7.612662,5.233151,3.226777,4.489395
46.040,7.815219,5.426721,3.253079,4.587572
46.050,6.640700,4.500911,2.800230,3.999925
46.060,5.956421,4.218004,2.697585,3.226518
46.070,5.791491,4.009433,2.666476,3.218030
46.080,5.727523,3.874256,2.635152,3.294029
46.090,5.654961,3.811979,2.564493,3.297085
46.100,5.684641,3.774241,2.598685,3.364087
46.110,5.794422,3.845716,2.775311,3.329182
46.120,5.861470,3.934939,2.795457,3.325433
46.130,5.939285,3.981527,2.790791,3.410870
46.140,6.068810,4.075041,2.807198,3.513423
46.150,6.136731,4.117787,2.807858,3.580396
46.160,6.119865,4.103337,2.789596,3.582392
46.170,6.113664,4.100678,2.795734,3.570041
46.180,6.103868,4.089213,2.850720,3.522633
46.190,6.106706,4.092503,2.850882,3.523600
46.200,6.121123,4.084265,2.884036,3.531185
46.210,6.556714,4.521234,2.910661,3.751932
46.220,7.267712,5.064634,3.469409,3.890029
46.230,7.497882,5.112166,3.829979,3.926226
46.240,7.580282,5.225079,3.834027,3.931852
46.250,7.679894,5.293742,3.949782,3.918710
46.260,7.742294,5.329467,4.023532,3.918045
46.270,7.748957,5.345184,4.022528,3.910833
46.280,7.903257,5.352795,4.021036,4.200038
46.290,7.907373,5.356822,4.025048,4.198810
46.300,7.850187,5.363808,4.050622,4.055547
46.310,7.640692,5.107596,3.888051,4.144357
46.320,7.487809,4.927249,3.791846,4.172697
46.330,7.450006,4.890024,3.777564,4.161763
46.340,7.443838,4.891634,3.780468,4.146166
46.350,7.366365,4.785230,3.766781,4.144426
46.360,7.365294,4.784873,3.767860,4.141953
46.370,7.320506,4.721433,3.752830,4.148993
46.380,7.677257,4.775694,4.219038,4.281675
46.390,7.685050,4.819132,4.195363,4.270233
46.400,7.816955,4.915167,4.207466,4.386700
46.410,7.722087,4.891382,4.167511,4.282157
46.420,7.838541,4.932627,4.259486,4.355307
46.430,7.828911,4.936322,4.267325,4.326028
46.440,7.822307,4.927785,4.266071,4.325051
46.450,7.838964,4.934473,4.269965,4.343700
46.460,7.831114,4.934258,4.259548,4.340010
46.470,7.746900,4.930674,4.259174,4.190746
46.480,7.735714,4.927371,4.259259,4.173847
46.490,7.712778,4.909971,4.241164,4.170331
46.500,7.640877,4.890517,4.208201,4.093517
46.510,7.684579,4.912622,4.233610,4.122553
46.520,7.657831,4.814889,4.323827,4.094354
46.530,7.656189,4.814780,4.317682,4.097894
46.540,7.462858,4.602395,4.302649,3.999928
46.550,7.452742,4.598648,4.298726,3.989580
46.560,7.405755,4.532076,4.294805,3.982480
46.570,7.399967,4.526694,4.293800,3.978924
46.580,7.356652,4.519495,4.297377,3.902183
46.590,7.339612,4.513181,4.275900,3.900997
46.600,7.299419,4.513257,4.260312,3.842106
46.610,7.190097,4.430961,4.161933,3.839583
46.620,7.107181,4.330177,4.125252,3.839778
46.630,7.028314,4.270511,4.125080,3.760803
46.640,6.904751,4.196871,4.103457,3.636414
46.650,6.841731,4.162318,4.104396,3.555043
46.660,6.839174,4.159722,4.104179,3.553411
46.670,6.828887,4.154564,4.100251,3.544184
46.680,6.806623,4.154664,4.063553,3.543505
46.690,6.802725,4.148900,4.064114,3.542129
46.700,6.769665,4.142963,4.024084,3.531426
46.710,6.345528,3.660325,4.002090,3.294090
46.720,5.457936,2.855425,3.530893,3.027937
46.730,5.096116,2.730385,3.093548,2.990879
46.740,4.976634,2.512675,3.090376,2.983778
46.750,4.801578,2.349477,2.942252,2.979641
46.760,4.656580,2.252007,2.780917,2.979714
46.770,4.612713,2.166341,2.779743,2.976090
46.780,4.336776,2.143997,2.775901,2.550544
46.790,4.317113,2.135540,2.759875,2.541658
46.800,4.268958,2.108980,2.709956,2.536206
46.810,4.167134,2.079964,2.709466,2.386954
46.820,4.008519,2.059075,2.673618,2.163378
46.830,3.993732,2.058550,2.673942,2.135954
46.840,3.952331,2.020194,2.659874,2.113009
46.850,3.952330,2.019662,2.660277,2.113008
46.860,3.909481,2.016306,2.651825,2.046064
46.870,3.894118,2.015652,2.643155,2.028554
46.880,2.995394,1.811580,1.692602,1.680970
46.890,2.870624,1.600415,1.689576,1.680621
46.900,2.440911,1.285668,1.599080,1.322137
46.910,2.321580,1.254729,1.442147,1.317422
46.920,1.944661,1.049686,1.241567,1.066948
46.930,1.834860,1.030699,1.231840,0.887097
46.940,1.724197,1.018771,1.076530,0.880934
46.950,1.644804,0.973672,1.073074,0.778368
46.960,1.633080,0.973666,1.056252,0.776697
46.970,1.621652,0.973059,1.052931,0.757791
46.980,1.614250,0.973125,1.052556,0.742264
46.990,1.603581,0.970298,1.040053,0.740462
47.000,1.570576,0.948418,1.035072,0.704158
47.010,1.204700,0.818977,0.771751,0.430090
47.020,0.504900,0.283583,0.283922,0.306420
47.030,0.450316,0.234674,0.282416,0.260679
47.040,0.335289,0.200728,0.222131,0.150947
47.050,0.321788,0.196384,0.216698,0.134250
47.060,0.305739,0.172621,0.213734,0.134151
47.070,0.265004,0.163896,0.166761,0.124723
47.080,0.257602,0.155632,0.165345,0.121650
47.090,0.246692,0.142067,0.160856,0.121652
47.100,0.232874,0.140330,0.151922,0.107039
47.110,0.218943,0.134514,0.141674,0.098845
47.120,0.210153,0.127556,0.141556,0.088633
47.130,0.174692,0.127344,0.106812,0.053779
47.140,0.170422,0.123291,0.104645,0.053781
47.150,0.152992,0.112654,0.096550,0.037334
47.160,0.146066,0.104812,0.096133,0.033287
47.170,0.140161,0.104281,0.087671,0.032927
47.180,0.134442,0.096840,0.087266,0.032885
47.190,0.129103,0.096158,0.079772,0.032522
47.200,0.121304,0.091421,0.073194,0.031615
47.210,0.120927,0.091284,0.073195,0.030547
47.220,0.120769,0.091169,0.073104,0.030482
47.230,0.117603,0.090369,0.068834,0.030428
47.240,0.114024,0.085755,0.068715,0.030426
47.250,0.109178,0.084056,0.063310,0.029091
47.260,0.107106,0.083770,0.060239,0.028731
47.270,0.105677,0.082601,0.060134,0.026992
47.280,0.105261,0.082100,0.060107,0.026957
47.290,0.104419,0.082029,0.058703,0.026989
47.300,0.102813,0.080109,0.058516,0.026998
47.310,0.102026,0.079868,0.058359,0.024993
47.320,0.093993,0.075427,0.050920,0.023506
47.330,0.091064,0.074349,0.047490,0.022576
47.340,0.081748,0.063373,0.047373,0.020549
47.350,0.072039,0.059641,0.036034,0.018279
47.361,0.070460,0.059327,0.033337,0.018265
47.370,0.057966,0.047614,0.027667,0.018095
47.380,0.048875,0.037551,0.027357,0.015175
47.390,0.045010,0.034123,0.026783,0.012006
47.400,0.042677,0.034113,0.022830,0.011680
47.410,0.041847,0.033280,0.022913,0.010890
47.420,0.035762,0.026065,0.022894,0.008687
47.430,0.035142,0.025390,0.022708,0.008642
47.440,0.032698,0.025502,0.018553,0.008637
47.450,0.032595,0.025470,0.018435,0.008594
47.460,0.026014,0.021577,0.011718,0.008592
47.470,0.025827,0.021365,0.011712,0.008567
47.480,0.025314,0.020765,0.011664,0.008578
47.490,0.023032,0.018330,0.011179,0.008338
47.500,0.022210,0.017780,0.010341,0.008380
47.510,0.022064,0.017722,0.010138,0.008364
47.520,0.021059,0.016619,0.009845,0.008388
47.530,0.020950,0.016627,0.009650,0.008328
47.540,0.019948,0.015629,0.009344,0.008146
47.550,0.019323,0.014940,0.009191,0.008104
47.560,0.019125,0.014850,0.008914,0.008111
47.570,0.018953,0.014750,0.008732,0.008086
47.580,0.018235,0.014338,0.008362,0.007553
47.590,0.018162,0.014336,0.008327,0.007417
47.600,0.018033,0.014374,0.007993,0.007395
47.610,0.017772,0.014371,0.007860,0.006893
47.620,0.017722,0.014287,0.007868,0.006933
47.630,0.017746,0.014339,0.007831,0.006929
47.640,0.017722,0.014299,0.007833,0.006947
47.650,0.017784,0.014438,0.007619,0.007053
47.660,0.017792,0.014431,0.007641,0.007065
47.670,0.017714,0.014418,0.007636,0.006900
47.680,0.017712,0.014421,0.007626,0.006898
47.690,0.017561,0.014213,0.007605,0.006969
47.700,0.017616,0.014316,0.007537,0.006970
47.710,0.017582,0.014233,0.007530,0.007061
47.720,0.017882,0.014471,0.007784,0.007055
47.730,0.018036,0.014561,0.007949,0.007077
47.740,0.017817,0.014449,0.007664,0.007068
47.750,0.017266,0.013939,0.007429,0.006974
47.760,0.017060,0.013883,0.007395,0.006606
47.770,0.016609,0.013625,0.006993,0.006427
47.780,0.016589,0.013633,0.006960,0.006396
47.790,0.016381,0.013436,0.006950,0.006286
47.800,0.015937,0.013040,0.006607,0.006349
47.810,0.015561,0.012761,0.006614,0.005964
47.820,0.015579,0.012791,0.006558,0.006009
47.830,0.015561,0.012779,0.006577,0.005964
47.840,0.015520,0.012694,0.006587,0.006029
47.850,0.014796,0.011943,0.006592,0.005729
47.860,0.014565,0.011906,0.006454,0.005360
47.870,0.014520,0.011866,0.006459,0.005321
47.880,0.014134,0.011537,0.006418,0.005049
47.890,0.013987,0.011566,0.006164,0.004885
47.900,0.014018,0.011547,0.006297,0.004849
47.910,0.013796,0.011550,0.005823,0.004797
47.920,0.013774,0.011547,0.005767,0.004810
47.930,0.013751,0.011454,0.005702,0.005038
47.940,0.013563,0.011255,0.005643,0.005043
47.950,0.013639,0.011297,0.005683,0.005110
47.960,0.013543,0.011215,0.005620,0.005103
47.970,0.013553,0.011234,0.005626,0.005083
47.980,0.013466,0.011128,0.005659,0.005046
47.990,0.013663,0.011202,0.005665,0.005395
48.000,0.013392,0.010960,0.005651,0.005223
48.010,0.012028,0.009220,0.005632,0.005287
48.020,0.011398,0.008526,0.005506,0.005186
48.030,0.011466,0.008631,0.005514,0.005155
48.040,0.011446,0.008568,0.005518,0.005209
48.050,0.011118,0.008300,0.005327,0.005132
48.060,0.011105,0.008305,0.005218,0.005209
48.070,0.010805,0.007832,0.005313,0.005213
48.080,0.010724,0.007729,0.005291,0.005223
48.090,0.010771,0.007754,0.005408,0.005162
48.100,0.010791,0.007692,0.005543,0.005154
48.110,0.010770,0.007702,0.005454,0.005189
48.120,0.010681,0.007656,0.005442,0.005086
48.130,0.010617,0.007528,0.005473,0.005107
48.140,0.010625,0.007560,0.005498,0.005050
48.150,0.010198,0.007086,0.005393,0.004970
48.160,0.010287,0.007148,0.005426,0.005028
48.170,0.010296,0.007234,0.005332,0.005024
48.180,0.010296,0.007228,0.005345,0.005019
48.190,0.010451,0.007178,0.005526,0.005210
48.200,0.010500,0.006938,0.005929,0.005193
48.210,0.010583,0.006928,0.006159,0.005107
48.220,0.009999,0.006449,0.005773,0.005006
48.230,0.009804,0.006157,0.005751,0.005014
48.240,0.009747,0.005909,0.005893,0.005036
48.250,0.009687,0.005854,0.005874,0.005007
48.260,0.009653,0.005855,0.005783,0.005045
48.270,0.009727,0.005792,0.005860,0.005169
48.280,0.009826,0.005792,0.005967,0.005236
48.290,0.009865,0.005777,0.005973,0.005318
48.300,0.009779,0.005770,0.006006,0.005125
48.310,0.009792,0.005779,0.006157,0.004958
48.320,0.009643,0.005551,0.006191,0.004884
48.330,0.009621,0.005513,0.006182,0.004894
48.340,0.009596,0.005570,0.006185,0.004774
48.350,0.009625,0.005668,0.006144,0.004771
48.361,0.009774,0.006022,0.006052,0.004758
48.370,0.009805,0.006063,0.006061,0.004757
48.380,0.009897,0.006108,0.006052,0.004901
48.390,0.009880,0.006128,0.006049,0.004845
48.400,0.009944,0.006195,0.005985,0.004969
48.410,0.010013,0.006177,0.006072,0.005023
48.420,0.010134,0.006240,0.006222,0.005006
48.430,0.010090,0.006209,0.006225,0.004949
48.440,0.010032,0.006008,0.006240,0.005060
48.450,0.010120,0.006163,0.006269,0.005015
48.460,0.010011,0.005898,0.006302,0.005073
48.470,0.010294,0.006273,0.006320,0.005163
48.480,0.010343,0.006366,0.006309,0.005162
48.490,0.010101,0.006253,0.006311,0.004805
48.500,0.010116,0.006144,0.006450,0.004794
48.510,0.010013,0.006118,0.006391,0.004689
48.520,0.010053,0.006133,0.006398,0.004745
48.530,0.010052,0.005993,0.006523,0.004752
48.540,0.010094,0.006103,0.006511,0.004718
48.550,0.010120,0.006103,0.006552,0.004716
48.560,0.010218,0.006388,0.006510,0.004607
48.570,0.010356,0.006544,0.006505,0.004702
48.580,0.010459,0.006631,0.006489,0.004829
48.590,0.010514,0.006771,0.006432,0.004830
48.600,0.010438,0.006737,0.006310,0.004874
48.608,0.010469,0.006836,0.006272,0.004851
48.619,0.010443,0.006832,0.006280,0.004790
48.629,0.010428,0.006822,0.006270,0.004785
48.639,0.010437,0.006807,0.006292,0.004797
48.649,0.010621,0.006766,0.006313,0.005214
48.659,0.010578,0.006702,0.006374,0.005134
48.669,0.010509,0.006604,0.006360,0.005136
48.679,0.010507,0.006619,0.006337,0.005140
48.689,0.010478,0.006701,0.006380,0.004918
48.699,0.010330,0.006808,0.006012,0.004921
48.709,0.010153,0.006756,0.005771,0.004912
48.719,0.009947,0.006527,0.005647,0.004945
48.729,0.009907,0.006517,0.005567,0.004969
48.739,0.009719,0.006344,0.005451,0.004950
48.749,0.009727,0.006339,0.005446,0.004976
48.759,0.009862,0.006332,0.005628,0.005048
48.769,0.010164,0.006789,0.005545,0.005146
48.779,0.010099,0.006768,0.005469,0.005126
48.789,0.009958,0.006504,0.005467,0.005193
48.799,0.010164,0.006621,0.005705,0.005189
48.809,0.009941,0.006458,0.005507,0.005176
48.819,0.009982,0.006455,0.005573,0.005188
48.829,0.010084,0.006524,0.005592,0.005278
48.839,0.010078,0.006523,0.005579,0.005281
48.849,0.010152,0.006523,0.005569,0.005431
48.859,0.010109,0.006311,0.005613,0.005555
48.869,0.010140,0.006368,0.005614,0.005546
48.879,0.010229,0.006590,0.005650,0.005411
48.889,0.010372,0.006680,0.005800,0.005415
48.899,0.010320,0.006665,0.005792,0.005341
48.909,0.010355,0.006738,0.005733,0.005381
48.919,0.010271,0.006731,0.005591,0.005379
48.929,0.010157,0.006731,0.005470,0.005285
48.939,0.010113,0.006765,0.005461,0.005166
48.949,0.010194,0.006838,0.005518,0.005169
48.959,0.010324,0.006836,0.005596,0.005341
48.969,0.010260,0.006534,0.005670,0.005516
48.979,0.010448,0.006850,0.005651,0.005506
48.989,0.010447,0.006849,0.005644,0.005511
48.999,0.010353,0.006747,0.005544,0.005560
49.009,0.010379,0.006745,0.005577,0.005578
49.019,0.010360,0.006797,0.005516,0.005541
49.029,0.010395,0.006820,0.005377,0.005713
49.039,0.010300,0.006658,0.005410,0.005700
49.049,0.010377,0.006796,0.005353,0.005729
49.059,0.010318,0.006618,0.005389,0.005798
49.069,0.010513,0.006787,0.005547,0.005805
49.079,0.010357,0.006658,0.005548,0.005671
49.089,0.010280,0.006586,0.005467,0.005693
49.099,0.010291,0.006557,0.005545,0.005671
49.109,0.010332,0.006483,0.005547,0.005826
49.119,0.010329,0.006455,0.005551,0.005849
49.129,0.010351,0.006461,0.005526,0.005904
49.139,0.010536,0.006477,0.005761,0.005989
49.149,0.010563,0.006808,0.005670,0.005753
49.159,0.010848,0.007297,0.005590,0.005761
49.169,0.010932,0.007317,0.005730,0.005756
49.179,0.010963,0.007322,0.005781,0.005759
49.189,0.010944,0.007388,0.005659,0.005759
49.199,0.010885,0.007289,0.005671,0.005761
49.209,0.010902,0.007303,0.005672,0.005775
49.219,0.011044,0.007365,0.005887,0.005751
49.229,0.011146,0.007418,0.006045,0.005716
49.239,0.011169,0.007431,0.006033,0.005756
49.249,0.011207,0.007487,0.006065,0.005725
49.259,0.011156,0.007508,0.005922,0.005746
49.269,0.010759,0.007054,0.006037,0.005435
49.279,0.010757,0.007045,0.006022,0.005460
49.289,0.010683,0.007025,0.006030,0.005332
49.299,0.010612,0.006918,0.005987,0.005376
49.309,0.010634,0.006923,0.006001,0.005399
49.319,0.010617,0.006935,0.005962,0.005392
49.329,0.010608,0.006802,0.006106,0.005383
49.339,0.010616,0.006809,0.006105,0.005391
49.349,0.010549,0.006828,0.006132,0.005203
49.360,0.010471,0.006828,0.006099,0.005081
49.369,0.010498,0.006840,0.006131,0.005083
49.379,0.010723,0.006760,0.006418,0.005300
49.389,0.010760,0.006628,0.006379,0.005581
49.399,0.010904,0.006666,0.006430,0.005756
49.409,0.010884,0.006541,0.006581,0.005688
49.419,0.010990,0.006511,0.006727,0.005756
49.429,0.011034,0.006620,0.006705,0.005742
49.439,0.011048,0.006649,0.006704,0.005737
49.449,0.010938,0.006514,0.006650,0.005744
49.459,0.010834,0.006505,0.006646,0.005558
49.469,0.010651,0.006491,0.006552,0.005327
49.479,0.010435,0.006056,0.006614,0.005336
49.489,0.010619,0.006055,0.006695,0.005593
49.499,0.010674,0.006094,0.006684,0.005667
49.509,0.010805,0.006106,0.006661,0.005924
49.519,0.010823,0.006137,0.006660,0.005926
49.529,0.010794,0.006275,0.006636,0.005753
49.539,0.010886,0.006306,0.006650,0.005876
49.549,0.010799,0.006140,0.006640,0.005901
49.559,0.010822,0.006055,0.006768,0.005886
49.569,0.010596,0.005754,0.006600,0.005967
49.579,0.010590,0.005745,0.006590,0.005975
49.589,0.010522,0.005653,0.006582,0.005953
49.599,0.010521,0.005779,0.006479,0.005944
49.609,0.010573,0.005824,0.006640,0.005813
49.619,0.010637,0.005895,0.006694,0.005795
49.630,0.010705,0.005910,0.006791,0.005793
49.639,0.010777,0.005982,0.006841,0.005794
49.649,0.010612,0.005697,0.006843,0.005773
49.659,0.010530,0.005362,0.006873,0.005907
49.669,0.010565,0.005468,0.006785,0.005973
49.679,0.010504,0.005446,0.006712,0.005968
49.689,0.010477,0.005339,0.006671,0.006063
49.699,0.010459,0.005337,0.006648,0.006058
49.709,0.010469,0.005346,0.006668,0.006046
49.719,0.010384,0.005247,0.006468,0.006202
49.729,0.010278,0.005252,0.006296,0.006199
49.739,0.010243,0.005257,0.006279,0.006152
49.749,0.010290,0.005171,0.006422,0.006156
49.759,0.010221,0.005131,0.006437,0.006059
49.769,0.010183,0.005136,0.006371,0.006059
49.779,0.010260,0.005226,0.006368,0.006117
49.790,0.010364,0.005227,0.006496,0.006156
49.799,0.010171,0.005227,0.006254,0.006083
49.809,0.010214,0.005297,0.006272,0.006078
49.819,0.010269,0.005304,0.006338,0.006095
49.829,0.010349,0.005248,0.006462,0.006148
49.839,0.010397,0.005227,0.006580,0.006122
49.849,0.010376,0.005163,0.006578,0.006142
49.859,0.010414,0.005165,0.006614,0.006166
49.869,0.010524,0.005495,0.006573,0.006112
49.879,0.010176,0.005389,0.006257,0.005946
49.889,0.009991,0.005384,0.006158,0.005736
49.899,0.009990,0.005327,0.006100,0.005849
49.909,0.009946,0.005415,0.005925,0.005873
49.919,0.009804,0.005412,0.005756,0.005806
49.929,0.009921,0.005630,0.005751,0.005801
49.939,0.009880,0.005530,0.005776,0.005803
49.949,0.009878,0.005515,0.005796,0.005793
49.959,0.010004,0.005735,0.005687,0.005904
49.969,0.010133,0.005725,0.005917,0.005907
49.979,0.010242,0.005817,0.006024,0.005897
49.989,0.010119,0.005946,0.005930,0.005647
49.999,0.010010,0.005901,0.005911,0.005518
50.009,0.010172,0.006029,0.006275,0.005268
50.019,0.010269,0.006150,0.006277,0.005313
50.029,0.010212,0.006014,0.006303,0.005328
50.039,0.010071,0.005953,0.006264,0.005172
50.049,0.010031,0.005873,0.006321,0.005116
50.059,0.009905,0.005871,0.006169,0.005058
50.069,0.009896,0.005852,0.006246,0.004967
50.079,0.009895,0.005858,0.006253,0.004948
50.089,0.009918,0.005859,0.006253,0.004995
50.099,0.009884,0.005797,0.006261,0.004989
50.110,0.009772,0.005776,0.006111,0.004978
50.119,0.009758,0.005754,0.006007,0.005102
50.129,0.009802,0.005855,0.005986,0.005097
50.139,0.009477,0.005645,0.005758,0.004979
50.150,0.009536,0.005793,0.005770,0.004908
50.159,0.009641,0.006038,0.005862,0.004705
50.169,0.009526,0.006017,0.005774,0.004604
50.179,0.009518,0.005988,0.005779,0.004621
50.190,0.009614,0.005992,0.005872,0.004693
50.199,0.009671,0.006053,0.005913,0.004683
50.210,0.009825,0.006092,0.005998,0.004842
50.219,0.009809,0.006245,0.005940,0.004683
50.229,0.010013,0.006311,0.006125,0.004786
50.239,0.010189,0.006568,0.006123,0.004816
50.250,0.010103,0.006608,0.005890,0.004868
50.259,0.010148,0.006607,0.005884,0.004971
50.270,0.010139,0.006667,0.005724,0.005059
50.280,0.010104,0.006681,0.005721,0.004972
50.290,0.010128,0.006727,0.005728,0.004952
50.299,0.010181,0.006720,0.005756,0.005036
50.310,0.010077,0.006652,0.005682,0.005000
50.319,0.010023,0.006620,0.005622,0.005004
50.330,0.009848,0.006610,0.005421,0.004890
50.339,0.009868,0.006660,0.005366,0.004923
50.350,0.009891,0.006676,0.005433,0.004872
50.360,0.009940,0.006814,0.005406,0.004811
50.370,0.009734,0.006450,0.005425,0.004869
50.380,0.009676,0.006476,0.005412,0.004732
50.390,0.010020,0.006896,0.005381,0.004888
50.400,0.009913,0.006896,0.005420,0.004618
50.410,0.009930,0.006932,0.005428,0.004593
50.420,0.009945,0.006937,0.005432,0.004611
50.430,0.009855,0.006771,0.005492,0.004595
50.440,0.009847,0.006770,0.005482,0.004591
50.450,0.009955,0.006950,0.005454,0.004589
50.460,0.009819,0.006769,0.005572,0.004422
50.470,0.009709,0.006772,0.005328,0.004475
50.479,0.009670,0.006709,0.005335,0.004475
50.490,0.009830,0.006831,0.005335,0.004638
50.499,0.009851,0.006823,0.005370,0.004655
50.510,0.009588,0.006792,0.004940,0.004626
50.520,0.009614,0.006810,0.004923,0.004672
50.530,0.009751,0.006913,0.004901,0.004824
50.539,0.009837,0.006929,0.005068,0.004803
50.549,0.009818,0.006929,0.004964,0.004872
50.559,0.009856,0.006950,0.004953,0.004929
50.570,0.009805,0.007010,0.004804,0.004890
50.579,0.009879,0.007047,0.004872,0.004919
50.589,0.009947,0.007175,0.004858,0.004887
50.599,0.010063,0.007217,0.005024,0.004894
50.609,0.010086,0.007302,0.004949,0.004890
50.619,0.010080,0.007318,0.004956,0.004847
50.629,0.009913,0.007217,0.004772,0.004837
50.639,0.010010,0.007249,0.004907,0.004856
50.650,0.009892,0.007066,0.004932,0.004857
50.659,0.009707,0.006795,0.004811,0.004991
50.669,0.009786,0.006764,0.005011,0.004990
50.679,0.009795,0.006781,0.005006,0.004990
50.690,0.009682,0.006777,0.004918,0.004861
50.699,0.009710,0.006831,0.004908,0.004852
50.710,0.009490,0.006724,0.004833,0.004636
50.719,0.009456,0.006647,0.004867,0.004642
50.730,0.009447,0.006556,0.005042,0.004565
50.740,0.009342,0.006361,0.005153,0.004500
50.750,0.009462,0.006390,0.005308,0.004530
50.759,0.009479,0.006415,0.005351,0.004480
50.770,0.009397,0.006270,0.005418,0.004431
50.780,0.009363,0.006242,0.005402,0.004419
50.790,0.009309,0.006224,0.005342,0.004404
50.799,0.009392,0.006310,0.005313,0.004489
50.810,0.009386,0.006272,0.005344,0.004495
50.819,0.009547,0.006297,0.005568,0.004526
50.830,0.009569,0.006312,0.005549,0.004575
50.839,0.009533,0.006284,0.005521,0.004571
50.850,0.009496,0.006277,0.005352,0.004703
50.859,0.009439,0.006080,0.005453,0.004732
50.870,0.009462,0.006161,0.005434,0.004696
50.879,0.009469,0.006165,0.005448,0.004688
50.890,0.009195,0.005822,0.005442,0.004585
50.899,0.009330,0.005776,0.005694,0.004613
50.910,0.009236,0.005625,0.005687,0.004616
50.919,0.009323,0.005641,0.005808,0.004623
50.930,0.009327,0.005683,0.005760,0.004638
50.939,0.009342,0.005703,0.005765,0.004638
50.950,0.009332,0.005557,0.005765,0.004793
50.959,0.009325,0.005643,0.005645,0.004821
50.970,0.009394,0.005813,0.005654,0.004743
50.979,0.009294,0.005793,0.005508,0.004742
50.990,0.009104,0.005512,0.005556,0.004650
51.000,0.009287,0.005837,0.005526,0.004652
51.010,0.009233,0.005791,0.005510,0.004622
51.019,0.009082,0.005612,0.005533,0.004514
51.030,0.009001,0.005502,0.005521,0.004501
51.039,0.008948,0.005563,0.005373,0.004500
51.050,0.008960,0.005586,0.005347,0.004526
51.060,0.008891,0.005548,0.005342,0.004443
51.070,0.008957,0.005463,0.005469,0.004524
51.079,0.008856,0.005379,0.005355,0.004561
51.090,0.008772,0.005251,0.005363,0.004540
51.100,0.008729,0.005214,0.005302,0.004571
51.110,0.008674,0.005066,0.005349,0.004579
51.119,0.008600,0.005054,0.005370,0.004425
51.130,0.008667,0.005081,0.005494,0.004372
51.140,0.008663,0.005061,0.005525,0.004349
51.150,0.008733,0.005106,0.005542,0.004413
51.160,0.008647,0.005159,0.005521,0.004204
51.170,0.008598,0.005143,0.005452,0.004212
51.179,0.008672,0.005118,0.005480,0.004357
51.190,0.008642,0.005124,0.005486,0.004282
51.200,0.008597,0.005061,0.005455,0.004306
51.210,0.008708,0.005049,0.005594,0.004365
51.220,0.008847,0.005000,0.005586,0.004697
51.230,0.008581,0.004974,0.005175,0.004703
51.240,0.008589,0.005038,0.005071,0.004763
51.250,0.008493,0.004939,0.005048,0.004718
51.260,0.008487,0.004909,0.005040,0.004747
51.270,0.008461,0.004903,0.004940,0.004811
51.280,0.008465,0.004909,0.004915,0.004839
51.290,0.008476,0.004891,0.004968,0.004822
51.300,0.008462,0.004919,0.004906,0.004831
51.310,0.008512,0.004945,0.004945,0.004853
51.320,0.008358,0.004925,0.004756,0.004795
51.330,0.008354,0.004919,0.004742,0.004808
51.340,0.008398,0.004930,0.004751,0.004863
51.350,0.008400,0.004987,0.004785,0.004774
51.360,0.008364,0.004995,0.004720,0.004767
51.370,0.008388,0.005005,0.004713,0.004807
51.380,0.008324,0.004874,0.004736,0.004806
51.390,0.008400,0.004864,0.004731,0.004952
51.400,0.008382,0.004870,0.004594,0.005044
51.410,0.008414,0.004873,0.004665,0.005028
51.420,0.008517,0.005044,0.004587,0.005104
51.430,0.008626,0.005125,0.004677,0.005124
51.440,0.008723,0.005251,0.004649,0.005188
51.450,0.008642,0.005260,0.004637,0.005052
51.460,0.008637,0.005165,0.004775,0.005012
51.470,0.008596,0.005002,0.004875,0.005009
51.480,0.008578,0.004990,0.004855,0.005011
51.490,0.008610,0.005042,0.004849,0.005020
51.500,0.008426,0.004684,0.004859,0.005045
51.510,0.008439,0.004670,0.004904,0.005035
51.520,0.008414,0.004573,0.004894,0.005092
51.530,0.008379,0.004674,0.004899,0.004936
51.540,0.008440,0.004687,0.004958,0.004969
51.550,0.008497,0.004719,0.005035,0.004956
51.560,0.008589,0.004776,0.005130,0.004965
51.570,0.008474,0.004772,0.005017,0.004885
51.580,0.008471,0.004773,0.005088,0.004805
51.590,0.008539,0.004787,0.005075,0.004924
51.600,0.008580,0.004777,0.004981,0.005098
51.610,0.008680,0.004651,0.005224,0.005140
51.620,0.008894,0.004957,0.005220,0.005224
51.630,0.008751,0.004930,0.004993,0.005229
51.640,0.008744,0.004920,0.004849,0.005360
51.650,0.008714,0.004854,0.004927,0.005300
51.660,0.008715,0.004873,0.004910,0.005301
51.670,0.008636,0.004880,0.004777,0.005286
51.680,0.008612,0.004995,0.004730,0.005181
51.690,0.008605,0.005010,0.004708,0.005175
51.700,0.008661,0.005064,0.004766,0.005163
51.710,0.008616,0.005082,0.004699,0.005132
51.720,0.008512,0.005023,0.004806,0.004913
51.730,0.008573,0.005021,0.004897,0.004931
51.740,0.008501,0.004972,0.004887,0.004864
51.750,0.008588,0.005212,0.004737,0.004913
51.760,0.008702,0.005209,0.004986,0.004871
51.770,0.008626,0.005209,0.005023,0.004696
51.780,0.008611,0.005240,0.004992,0.004666
51.790,0.008709,0.005387,0.005003,0.004668
51.800,0.008603,0.005319,0.005002,0.004550
51.810,0.008615,0.005312,0.005044,0.004534
51.820,0.008681,0.005367,0.005067,0.004569
51.830,0.008689,0.005373,0.005167,0.004465
51.840,0.008769,0.005363,0.005144,0.004655
51.850,0.008898,0.005517,0.005171,0.004691
51.860,0.008951,0.005598,0.005169,0.004699
51.870,0.008959,0.005598,0.005174,0.004707
51.880,0.008984,0.005602,0.005207,0.004713
51.890,0.008913,0.005615,0.005242,0.004520
51.900,0.008821,0.005640,0.005169,0.004392
51.910,0.008878,0.005684,0.005219,0.004390
51.920,0.008806,0.005660,0.005202,0.004295
51.930,0.008817,0.005557,0.005288,0.004346
51.940,0.008759,0.005424,0.005361,0.004309
51.950,0.008777,0.005446,0.005374,0.004300
51.960,0.008942,0.005530,0.005474,0.004405
51.970,0.008932,0.005544,0.005413,0.004445
51.980,0.008908,0.005499,0.005407,0.004459
51.990,0.008856,0.005459,0.005353,0.004469
52.000,0.008916,0.005556,0.005337,0.004488
52.010,0.008913,0.005556,0.005325,0.004497
52.020,0.008934,0.005595,0.005374,0.004431
52.030,0.008900,0.005544,0.005360,0.004444
52.040,0.009165,0.005465,0.005810,0.004514
52.050,0.009115,0.005542,0.005753,0.004390
52.060,0.009122,0.005544,0.005761,0.004392
52.070,0.009139,0.005559,0.005787,0.004374
52.080,0.009158,0.005652,0.005747,0.004349
52.090,0.009221,0.005846,0.005751,0.004216
52.100,0.009171,0.005902,0.005752,0.004026
52.110,0.009217,0.006157,0.005512,0.004081
52.120,0.009053,0.005897,0.005598,0.003981
52.130,0.009107,0.005883,0.005615,0.004100
52.140,0.009120,0.006021,0.005655,0.003867
52.150,0.009226,0.006044,0.005720,0.003984
52.160,0.009334,0.006051,0.005743,0.004186
52.170,0.009375,0.006052,0.005807,0.004189
52.180,0.009483,0.005946,0.005814,0.004557
52.190,0.009511,0.006063,0.005751,0.004543
52.200,0.009430,0.005991,0.005723,0.004503
52.210,0.009595,0.006071,0.005747,0.004708
52.220,0.009525,0.006051,0.005689,0.004663
52.230,0.009576,0.006121,0.005679,0.004689
52.240,0.009801,0.006074,0.006056,0.004744
52.250,0.009632,0.005809,0.006061,0.004723
52.260,0.009515,0.005817,0.005869,0.004717
52.270,0.009553,0.005805,0.005935,0.004726
52.280,0.009613,0.005909,0.005928,0.004728
52.290,0.009702,0.005999,0.005937,0.004783
52.300,0.009701,0.005981,0.005946,0.004793
52.310,0.009724,0.005979,0.005977,0.004804
52.320,0.009788,0.006140,0.005961,0.004751
52.330,0.010087,0.006129,0.006220,0.005049
52.340,0.010135,0.006143,0.006288,0.005044
52.350,0.010217,0.006194,0.006381,0.005031
52.360,0.010181,0.006073,0.006413,0.005065
52.370,0.010151,0.006018,0.006457,0.005013
52.380,0.010146,0.006027,0.006431,0.005026
52.390,0.010154,0.006068,0.006405,0.005025
52.400,0.010137,0.006077,0.006354,0.005046
52.410,0.010169,0.006067,0.006409,0.005051
52.420,0.010307,0.006086,0.006609,0.005052
52.430,0.010263,0.006153,0.006486,0.005039
52.440,0.010239,0.006142,0.006422,0.005086
52.450,0.010287,0.006156,0.006476,0.005099
52.460,0.010156,0.006132,0.006352,0.005019
52.470,0.010149,0.006099,0.006320,0.005086
52.480,0.010161,0.006104,0.006329,0.005092
52.490,0.010150,0.006096,0.006339,0.005067
52.500,0.010086,0.006066,0.006309,0.005012
52.510,0.010320,0.006201,0.006433,0.005164
52.520,0.010507,0.006272,0.006641,0.005191
52.530,0.010522,0.006246,0.006657,0.005232
52.540,0.010327,0.006399,0.006256,0.005155
52.550,0.010343,0.006334,0.006346,0.005155
52.560,0.010352,0.006301,0.006392,0.005158
52.570,0.010387,0.006339,0.006406,0.005164
52.580,0.010520,0.006256,0.006611,0.005275
52.590,0.010402,0.006016,0.006668,0.005247
52.600,0.010496,0.006041,0.006726,0.005333
52.610,0.010451,0.005779,0.006808,0.005428
52.620,0.010467,0.005901,0.006719,0.005440
52.630,0.010515,0.005893,0.006712,0.005548
52.640,0.010464,0.005781,0.006736,0.005540
52.650,0.010366,0.005824,0.006581,0.005497
52.660,0.010264,0.005762,0.006562,0.005394
52.670,0.010415,0.005750,0.006565,0.005684
52.680,0.010310,0.005866,0.006558,0.005375
52.690,0.010185,0.005629,0.006555,0.005393
52.700,0.010386,0.005975,0.006518,0.005448
52.710,0.010308,0.006050,0.006461,0.005283
52.720,0.010298,0.006056,0.006457,0.005260
52.730,0.010328,0.006171,0.006448,0.005196
52.740,0.010463,0.006297,0.006474,0.005282
52.750,0.010567,0.006342,0.006467,0.005443
52.760,0.010642,0.006374,0.006495,0.005517
52.770,0.010790,0.006645,0.006454,0.005534
52.780,0.010747,0.006564,0.006453,0.005546
52.790,0.010728,0.006510,0.006520,0.005495
52.800,0.010884,0.006635,0.006526,0.005643
52.810,0.010882,0.006714,0.006447,0.005636
52.820,0.010821,0.006610,0.006445,0.005645
52.830,0.010523,0.006605,0.006187,0.005370
52.840,0.010574,0.006594,0.006426,0.005198
52.850,0.010347,0.006333,0.006299,0.005222
52.860,0.010348,0.006330,0.006292,0.005237
52.870,0.010377,0.006393,0.006261,0.005255
52.880,0.010462,0.006452,0.006254,0.005358
52.890,0.010485,0.006431,0.006245,0.005439
52.900,0.010519,0.006426,0.006308,0.005438
52.910,0.010540,0.006429,0.006340,0.005437
52.920,0.010482,0.006316,0.006295,0.005510
52.930,0.010504,0.006348,0.006293,0.005516
52.940,0.010548,0.006407,0.006371,0.005442
52.950,0.010683,0.006363,0.006434,0.005678
52.960,0.010634,0.006372,0.006361,0.005657
52.970,0.010593,0.006358,0.006377,0.005579
52.980,0.010751,0.006602,0.006374,0.005600
52.990,0.010755,0.006668,0.006355,0.005552
53.000,0.010736,0.006605,0.006361,0.005583
53.010,0.010727,0.006659,0.006437,0.005412
53.020,0.010641,0.006565,0.006227,0.005599
53.030,0.010667,0.006570,0.006262,0.005605
53.040,0.010578,0.006431,0.006261,0.005597
53.050,0.010575,0.006427,0.006254,0.005605
53.060,0.010531,0.006423,0.006174,0.005615
53.070,0.010524,0.006367,0.006208,0.005628
53.080,0.010358,0.006368,0.006010,0.005534
53.090,0.010353,0.006442,0.005934,0.005520
53.100,0.010306,0.006359,0.005915,0.005548
53.110,0.010312,0.006549,0.005842,0.005413
53.120,0.010220,0.006414,0.005851,0.005393
53.130,0.010326,0.006566,0.005885,0.005375
53.140,0.010739,0.007176,0.005810,0.005483
53.150,0.010685,0.007152,0.005772,0.005450
53.160,0.010787,0.007176,0.005872,0.005512
53.170,0.010712,0.007251,0.005907,0.005222
53.180,0.010653,0.007156,0.005905,0.005235
53.190,0.010726,0.007218,0.005954,0.005245
53.200,0.010560,0.007011,0.005952,0.005191
53.210,0.010588,0.006968,0.005944,0.005313
53.220,0.010642,0.006975,0.006041,0.005300
53.230,0.010533,0.006811,0.006033,0.005307
53.240,0.010175,0.006858,0.005448,0.005178
53.250,0.010142,0.006841,0.005602,0.004967
53.260,0.010214,0.006947,0.005663,0.004899
53.270,0.010079,0.006720,0.005714,0.004875
53.280,0.010185,0.006699,0.005822,0.004996
53.290,0.010238,0.006682,0.005706,0.005254
53.300,0.010059,0.006540,0.005715,0.005075
53.310,0.009995,0.006445,0.005716,0.005069
53.320,0.009945,0.006367,0.005721,0.005063
53.330,0.010050,0.006379,0.005846,0.005112
53.340,0.009881,0.006381,0.005550,0.005109
53.350,0.009871,0.006374,0.005579,0.005069
53.360,0.009825,0.006376,0.005531,0.005029
53.370,0.009833,0.006322,0.005553,0.005086
53.380,0.009917,0.006535,0.005552,0.004983
53.390,0.009982,0.006586,0.005607,0.004983
53.400,0.010036,0.006583,0.005623,0.005076
53.410,0.009884,0.006547,0.005398,0.005067
53.420,0.009867,0.006548,0.005242,0.005196
53.430,0.009760,0.006404,0.005210,0.005205
53.440,0.009725,0.006356,0.005199,0.005211
53.450,0.009594,0.006379,0.005090,0.005044
53.460,0.009648,0.006305,0.005106,0.005222
53.470,0.009863,0.006393,0.005194,0.005423
53.480,0.009723,0.006187,0.005226,0.005381
53.490,0.009678,0.006097,0.005203,0.005425
53.500,0.009771,0.006220,0.005275,0.005381
53.511,0.009527,0.006062,0.005013,0.005375
53.520,0.009573,0.006260,0.005017,0.005224
53.530,0.009572,0.006347,0.004945,0.005186
53.540,0.009635,0.006373,0.004949,0.005265
53.550,0.009559,0.006366,0.004830,0.005246
53.560,0.009455,0.006366,0.004662,0.005209
53.570,0.009417,0.006370,0.004583,0.005206
53.581,0.009445,0.006375,0.004578,0.005256
53.590,0.009417,0.006315,0.004570,0.005284
53.600,0.009348,0.006315,0.004589,0.005143
53.610,0.009317,0.006260,0.004585,0.005157
53.620,0.009365,0.006260,0.004673,0.005166
53.630,0.009145,0.006104,0.004637,0.004988
53.640,0.008637,0.005454,0.004635,0.004834
53.650,0.008627,0.005444,0.004639,0.004824
53.660,0.008601,0.005427,0.004654,0.004782
53.670,0.008841,0.005632,0.004731,0.004905
53.680,0.008846,0.005634,0.004721,0.004921
53.690,0.008739,0.005527,0.004649,0.004921
53.700,0.008779,0.005484,0.004786,0.004907
53.710,0.008716,0.005332,0.004781,0.004967
53.720,0.009066,0.005971,0.004671,0.004972
53.730,0.009169,0.005983,0.004774,0.005049
53.740,0.009187,0.005944,0.004894,0.005011
53.750,0.009116,0.005913,0.004831,0.004981
53.760,0.009001,0.005785,0.004778,0.004972
53.770,0.009000,0.005733,0.004844,0.004966
53.780,0.008944,0.005774,0.004709,0.004948
53.790,0.008834,0.005701,0.004759,0.004785
53.800,0.008873,0.005710,0.004785,0.004820
53.810,0.008909,0.005709,0.004803,0.004870
53.820,0.009004,0.005741,0.004865,0.004943
53.830,0.009056,0.005749,0.004781,0.005110
53.840,0.009411,0.005995,0.005105,0.005155
53.850,0.009682,0.006372,0.005134,0.005175
53.860,0.009690,0.006370,0.005172,0.005153
53.870,0.009719,0.006367,0.005237,0.005147
53.880,0.009602,0.006210,0.005235,0.005122
53.890,0.009782,0.006239,0.005628,0.005008
53.900,0.009786,0.006264,0.005654,0.004955
53.910,0.009804,0.006288,0.005653,0.004962
53.920,0.009711,0.006289,0.005613,0.004822
53.930,0.009836,0.006431,0.005759,0.004715
53.940,0.009804,0.006403,0.005703,0.004755
53.950,0.009773,0.006398,0.005709,0.004689
53.960,0.009752,0.006491,0.005698,0.004527
53.970,0.009552,0.006444,0.005581,0.004309
53.980,0.009512,0.006445,0.005540,0.004272
53.990,0.009770,0.006681,0.005615,0.004393
54.000,0.009597,0.006536,0.005510,0.004362
54.010,0.009633,0.006586,0.005501,0.004379
54.020,0.009570,0.006451,0.005530,0.004404
54.030,0.009513,0.006370,0.005528,0.004400
54.040,0.009505,0.006381,0.005541,0.004350
54.050,0.009513,0.006372,0.005538,0.004384
54.060,0.009685,0.006374,0.005817,0.004397
54.070,0.009831,0.006430,0.005990,0.004407
54.080,0.009903,0.006552,0.006020,0.004349
54.090,0.009857,0.006512,0.006010,0.004316
54.100,0.009944,0.006570,0.006099,0.004303
54.110,0.009962,0.006397,0.006225,0.004425
54.120,0.010120,0.006399,0.006481,0.004413
54.130,0.010256,0.006541,0.006508,0.004477
54.140,0.010336,0.006546,0.006537,0.004609
54.150,0.010459,0.006555,0.006621,0.004752
54.160,0.010532,0.006565,0.006636,0.004878
54.170,0.010242,0.006318,0.006553,0.004695
54.180,0.010211,0.006305,0.006547,0.004654
54.190,0.010347,0.006340,0.006657,0.004747
54.200,0.010331,0.006324,0.006619,0.004788
54.210,0.010295,0.006317,0.006624,0.004712
54.220,0.009961,0.005708,0.006618,0.004779
54.230,0.009867,0.005662,0.006516,0.004779
54.240,0.010065,0.005740,0.006750,0.004773
54.250,0.010037,0.005735,0.006688,0.004808
54.260,0.010104,0.005713,0.006805,0.004812
54.270,0.010182,0.005936,0.006721,0.004823
54.280,0.010164,0.005908,0.006725,0.004814
54.290,0.010386,0.006151,0.006805,0.004872
54.300,0.010320,0.006123,0.006766,0.004820
54.310,0.010514,0.006123,0.007106,0.004749
54.321,0.010493,0.006092,0.007047,0.004830
54.330,0.010402,0.006086,0.006938,0.004798
54.340,0.010396,0.006060,0.007012,0.004710
54.350,0.010186,0.005713,0.006965,0.004754
54.360,0.010188,0.005725,0.006952,0.004765
54.370,0.010148,0.005744,0.006931,0.004685
54.380,0.010065,0.005590,0.006931,0.004692
54.390,0.009753,0.005472,0.006622,0.004618
54.400,0.009735,0.005454,0.006625,0.004597
54.410,0.009741,0.005453,0.006627,0.004608
54.420,0.009864,0.005539,0.006731,0.004617
54.430,0.009704,0.005370,0.006643,0.004605
54.440,0.009708,0.005455,0.006666,0.004479
54.450,0.009725,0.005572,0.006650,0.004395
54.460,0.009714,0.005471,0.006669,0.004467
54.470,0.009687,0.005438,0.006646,0.004482
54.480,0.009806,0.005557,0.006644,0.004598
54.490,0.009687,0.005508,0.006585,0.004489
54.500,0.009830,0.005530,0.006638,0.004689
54.510,0.009967,0.005654,0.006737,0.004688
54.520,0.010059,0.005623,0.006689,0.004983
54.530,0.010379,0.005754,0.006862,0.005247
54.540,0.010470,0.005881,0.006903,0.005234
54.550,0.010490,0.005902,0.006911,0.005238
54.560,0.010424,0.006012,0.006732,0.005216
54.570,0.010288,0.005964,0.006561,0.005217
54.580,0.010518,0.006136,0.006724,0.005271
54.590,0.010617,0.006146,0.006822,0.005330
54.600,0.010489,0.006090,0.006673,0.005330
54.610,0.010334,0.006068,0.006585,0.005158
54.620,0.010486,0.006441,0.006275,0.005394
54.630,0.010397,0.006330,0.006315,0.005305
54.640,0.010390,0.006329,0.006380,0.005214
54.650,0.010310,0.006340,0.006329,0.005105
54.660,0.010297,0.006432,0.006371,0.004905
54.670,0.010429,0.006434,0.006354,0.005196
54.680,0.010440,0.006438,0.006351,0.005217
54.690,0.010460,0.006678,0.006219,0.005112
54.700,0.010414,0.006714,0.006165,0.005036
54.710,0.010413,0.006730,0.006149,0.005032
54.720,0.010482,0.006783,0.006180,0.005067
54.730,0.010737,0.007000,0.006386,0.005049
54.740,0.010487,0.006848,0.006101,0.005085
54.750,0.010515,0.006850,0.006153,0.005078
54.760,0.010513,0.006998,0.005994,0.005062
54.770,0.010413,0.006823,0.005995,0.005093
54.780,0.010416,0.006796,0.006029,0.005096
54.790,0.010211,0.006574,0.006006,0.004998
54.800,0.010280,0.006581,0.006015,0.005119
54.810,0.010226,0.006650,0.005853,0.005109
54.820,0.010212,0.006637,0.005861,0.005087
54.830,0.010237,0.006609,0.005854,0.005182
54.840,0.009928,0.006485,0.005451,0.005176
54.850,0.009839,0.006422,0.005402,0.005136
54.860,0.009836,0.006431,0.005409,0.005113
54.870,0.009942,0.006444,0.005583,0.005114
54.880,0.009999,0.006506,0.005599,0.005129
54.890,0.010274,0.006922,0.005598,0.005129
54.900,0.010436,0.006957,0.005588,0.005412
54.910,0.010470,0.006975,0.005588,0.005454
54.920,0.010442,0.006993,0.005443,0.005523
54.930,0.010583,0.007163,0.005445,0.005572
54.940,0.010608,0.007110,0.005509,0.005623
54.950,0.010754,0.007285,0.005541,0.005646
54.960,0.010753,0.007329,0.005505,0.005622
54.970,0.010764,0.007354,0.005502,0.005614
54.980,0.010706,0.007288,0.005496,0.005595
54.990,0.010614,0.007110,0.005552,0.005593
55.000,0.010590,0.007090,0.005671,0.005452
55.010,0.010480,0.006997,0.005540,0.005493
55.020,0.010434,0.006991,0.005595,0.005357
55.030,0.010159,0.006854,0.005424,0.005176
55.040,0.010061,0.006728,0.005332,0.005248
55.050,0.010034,0.006701,0.005343,0.005219
55.060,0.009999,0.006652,0.005300,0.005257
55.070,0.010017,0.006675,0.005291,0.005272
55.080,0.009893,0.006451,0.005393,0.005213
55.090,0.009932,0.006548,0.005380,0.005180
55.100,0.010081,0.006611,0.005347,0.005416
55.110,0.010249,0.006609,0.005359,0.005714
55.120,0.009966,0.006271,0.005390,0.005563
55.130,0.009882,0.006181,0.005336,0.005566
55.140,0.010033,0.006254,0.005222,0.005854
55.150,0.009994,0.006224,0.005182,0.005856
55.160,0.009938,0.006164,0.005090,0.005905
55.170,0.009792,0.006160,0.005039,0.005706
55.180,0.009811,0.006226,0.005042,0.005663
55.190,0.009689,0.006008,0.005036,0.005694
55.200,0.009661,0.005949,0.005053,0.005694
55.210,0.009899,0.006082,0.005186,0.005840
55.220,0.009743,0.006036,0.005119,0.005683
55.230,0.009532,0.005868,0.004965,0.005637
55.240,0.009500,0.005831,0.004958,0.005627
55.250,0.009495,0.005830,0.004925,0.005649
55.260,0.009481,0.005774,0.004925,0.005683
55.270,0.009453,0.005765,0.004888,0.005678
55.280,0.009490,0.005818,0.004875,0.005695
55.290,0.009384,0.005818,0.004621,0.005733
55.300,0.009385,0.005871,0.004647,0.005659
55.310,0.009242,0.005778,0.004468,0.005663
55.320,0.009378,0.005970,0.004493,0.005667
55.330,0.009328,0.006003,0.004489,0.005552
55.340,0.009308,0.006050,0.004387,0.005548
55.350,0.009307,0.006049,0.004388,0.005548
55.361,0.009551,0.006418,0.004416,0.005525
55.370,0.009509,0.006432,0.004197,0.005607
55.380,0.009542,0.006483,0.004172,0.005624
55.390,0.009357,0.006125,0.004217,0.005678
55.400,0.009104,0.006076,0.004057,0.005431
55.410,0.009070,0.006054,0.004060,0.005396
55.420,0.009043,0.006067,0.004058,0.005339
55.430,0.009169,0.006027,0.004450,0.005285
55.440,0.009176,0.006069,0.004451,0.005250
55.450,0.008927,0.005643,0.004390,0.005346
55.460,0.008978,0.005809,0.004382,0.005258
55.470,0.008992,0.005857,0.004390,0.005223
55.480,0.009137,0.005859,0.004694,0.005208
55.490,0.009270,0.005858,0.004852,0.005299
55.500,0.009226,0.005892,0.004724,0.005299
55.510,0.009308,0.005842,0.004809,0.005421
55.520,0.009381,0.005955,0.004919,0.005324
55.530,0.009499,0.006063,0.005030,0.005309
55.540,0.009589,0.006065,0.005159,0.005343
55.550,0.009607,0.006077,0.005156,0.005365
55.560,0.009563,0.006060,0.005150,0.005311
55.570,0.009580,0.006079,0.005187,0.005284
55.580,0.009510,0.006021,0.005062,0.005345
55.590,0.009598,0.006148,0.005023,0.005394
55.600,0.009540,0.006198,0.005075,0.005181
55.610,0.009433,0.006197,0.005259,0.004788
55.620,0.009407,0.006248,0.005168,0.004769
55.630,0.009444,0.006302,0.005150,0.004790
55.640,0.009152,0.006179,0.005152,0.004363
55.651,0.009248,0.006224,0.005143,0.004510
55.660,0.009218,0.006197,0.005160,0.004466
55.670,0.009212,0.006211,0.005233,0.004349
55.680,0.009361,0.006355,0.005288,0.004391
55.690,0.009478,0.006334,0.005545,0.004354
55.700,0.009493,0.006354,0.005534,0.004373
55.710,0.009249,0.006227,0.005366,0.004240
55.720,0.009367,0.006384,0.005357,0.004275
55.730,0.009288,0.006279,0.005339,0.004283
55.740,0.009315,0.006291,0.005352,0.004308
55.750,0.009415,0.006301,0.005454,0.004382
55.760,0.009419,0.006174,0.005507,0.004502
55.770,0.009418,0.006181,0.005516,0.004481
55.780,0.009468,0.006181,0.005588,0.004497
55.790,0.009625,0.006195,0.005766,0.004583
55.800,0.009500,0.006152,0.005735,0.004418
55.810,0.009532,0.006145,0.005765,0.004456
55.820,0.009351,0.005936,0.005740,0.004388
55.830,0.009541,0.006244,0.005740,0.004370
55.840,0.009552,0.006178,0.005810,0.004396
55.850,0.009864,0.006188,0.006324,0.004361
55.860,0.009758,0.005938,0.006391,0.004372
55.870,0.009836,0.005937,0.006386,0.004552
55.880,0.010144,0.006182,0.006631,0.004551
55.890,0.010132,0.006175,0.006627,0.004539
55.900,0.010265,0.006186,0.006816,0.004543
55.910,0.010280,0.006154,0.006869,0.004542
55.920,0.010286,0.006140,0.006893,0.004537
55.930,0.010075,0.006007,0.006687,0.004551
55.940,0.010011,0.005979,0.006622,0.004541
55.950,0.009948,0.005968,0.006610,0.004433
55.960,0.009900,0.005803,0.006663,0.004466
55.970,0.009917,0.005750,0.006688,0.004533
55.980,0.009904,0.005938,0.006513,0.004518
55.990,0.009794,0.005963,0.006389,0.004422
56.000,0.009742,0.005931,0.006344,0.004413
56.010,0.009794,0.006150,0.006320,0.004260
56.020,0.009695,0.006186,0.006207,0.004146
56.030,0.009673,0.006155,0.006184,0.004177
56.040,0.009710,0.006199,0.006270,0.004069
56.050,0.009759,0.006229,0.006270,0.004139
56.060,0.009819,0.006293,0.006288,0.004156
56.070,0.009854,0.006200,0.006429,0.004163
56.080,0.009775,0.006230,0.006339,0.004068
56.090,0.009542,0.005995,0.006246,0.004012
56.100,0.009426,0.005880,0.006228,0.003934
56.110,0.009397,0.005963,0.006115,0.003917
56.120,0.009385,0.005902,0.006116,0.003981
56.130,0.009352,0.005818,0.006129,0.004006
56.140,0.009393,0.005911,0.006111,0.003994
56.150,0.009498,0.006148,0.006141,0.003834
56.160,0.009536,0.006147,0.006157,0.003904
56.170,0.009960,0.006370,0.006421,0.004170
56.180,0.009941,0.006411,0.006384,0.004118
56.190,0.009849,0.006477,0.006131,0.004177
56.200,0.009857,0.006473,0.006139,0.004191
56.210,0.009929,0.006486,0.006151,0.004322
56.220,0.009837,0.006373,0.006151,0.004278
56.230,0.010147,0.006717,0.006154,0.004469
56.240,0.010217,0.006721,0.006164,0.004607
56.250,0.010151,0.006720,0.006095,0.004554
56.260,0.010108,0.006783,0.006037,0.004441
56.270,0.010350,0.006827,0.006297,0.004567
56.280,0.010320,0.006836,0.006243,0.004561
56.290,0.010341,0.007072,0.006100,0.004440
56.300,0.010408,0.007127,0.006148,0.004443
56.310,0.010377,0.007127,0.006140,0.004382
56.320,0.010463,0.007132,0.006142,0.004569
56.330,0.010358,0.006823,0.006235,0.004674
56.340,0.010363,0.006826,0.006177,0.004758
56.350,0.010158,0.006872,0.005678,0.004869
56.360,0.010096,0.006826,0.005611,0.004884
56.370,0.010029,0.006851,0.005667,0.004639
56.380,0.009686,0.006497,0.005410,0.004727
56.390,0.009718,0.006502,0.005410,0.004786
56.400,0.009610,0.006501,0.005224,0.004775
56.410,0.009648,0.006593,0.005165,0.004791
56.420,0.009606,0.006544,0.005125,0.004815
56.430,0.009658,0.006511,0.005205,0.004876
56.440,0.009626,0.006505,0.005123,0.004910
56.450,0.009695,0.006616,0.005109,0.004910
56.460,0.009663,0.006618,0.005066,0.004889
56.470,0.009625,0.006625,0.005045,0.004827
56.480,0.009536,0.006485,0.005039,0.004846
56.490,0.009560,0.006489,0.005036,0.004891
56.500,0.009575,0.006479,0.005031,0.004939
56.510,0.009391,0.006243,0.004892,0.005029
56.520,0.009342,0.006083,0.004858,0.005164
56.530,0.009370,0.006030,0.005054,0.005088
56.540,0.009316,0.005990,0.004809,0.005271
56.550,0.009301,0.005970,0.004821,0.005255
56.560,0.009280,0.005917,0.004854,0.005249
56.570,0.009264,0.005919,0.004761,0.005303
56.580,0.009248,0.005900,0.004765,0.005294
56.590,0.009281,0.005902,0.004751,0.005360
56.600,0.009378,0.006059,0.004735,0.005368
56.610,0.009305,0.005958,0.004644,0.005432
56.620,0.009453,0.006179,0.004706,0.005387
56.630,0.009588,0.006351,0.004689,0.005441
56.640,0.009546,0.006272,0.004700,0.005449
56.650,0.009583,0.006339,0.004676,0.005458
56.660,0.009662,0.006523,0.004664,0.005390
56.670,0.009238,0.006368,0.004288,0.005138
56.680,0.009081,0.006160,0.004282,0.005118
56.690,0.009001,0.006090,0.004290,0.005052
56.700,0.009113,0.006216,0.004318,0.005076
56.710,0.009146,0.006250,0.004432,0.004995
56.720,0.009138,0.006202,0.004482,0.004996
56.730,0.008798,0.005875,0.004488,0.004770
56.740,0.008810,0.006006,0.004465,0.004649
56.750,0.008819,0.005987,0.004505,0.004653
56.760,0.008812,0.005990,0.004499,0.004641
56.770,0.008546,0.005898,0.004151,0.004584
56.780,0.008529,0.005804,0.004186,0.004641
56.790,0.008358,0.005550,0.004182,0.004642
56.800,0.008536,0.005525,0.004282,0.004899
56.810,0.008668,0.005525,0.004271,0.005135
56.820,0.008562,0.005512,0.004275,0.004965
56.830,0.008545,0.005512,0.004302,0.004912
56.840,0.008753,0.005710,0.004534,0.004842
56.850,0.008674,0.005659,0.004493,0.004799
56.860,0.008662,0.005544,0.004611,0.004799
56.870,0.008600,0.005499,0.004545,0.004802
56.880,0.008680,0.005599,0.004546,0.004829
56.890,0.008734,0.005598,0.004542,0.004932
56.900,0.008773,0.005610,0.004580,0.004951
56.910,0.008744,0.005517,0.004640,0.004949
56.920,0.008824,0.005541,0.004638,0.005066
56.930,0.008959,0.005781,0.004669,0.005005
56.940,0.009163,0.005783,0.004675,0.005355
56.950,0.009140,0.005686,0.004674,0.005419
56.960,0.009097,0.005655,0.004631,0.005416
56.970,0.009233,0.005729,0.004706,0.005503
56.980,0.009408,0.005912,0.004709,0.005602
56.990,0.009542,0.006142,0.004711,0.005579
57.000,0.009715,0.006407,0.004752,0.005545
57.010,0.009710,0.006398,0.004838,0.005471
57.020,0.009789,0.006439,0.004878,0.005529
57.030,0.009759,0.006443,0.004784,0.005554
57.040,0.009681,0.006477,0.004823,0.005340
57.050,0.009747,0.006427,0.005033,0.005326
57.060,0.009731,0.006428,0.004995,0.005331
57.070,0.009698,0.006433,0.004994,0.005265
57.080,0.009793,0.006490,0.005062,0.005307
57.090,0.009775,0.006490,0.005073,0.005262
57.100,0.009841,0.006386,0.005184,0.005403
57.110,0.009850,0.006419,0.005163,0.005400
57.120,0.009754,0.006249,0.005142,0.005445
57.130,0.009710,0.006147,0.005273,0.005357
57.140,0.009876,0.006149,0.005452,0.005478
57.150,0.009666,0.005721,0.005501,0.005518
57.160,0.009596,0.005497,0.005461,0.005661
57.170,0.009560,0.005461,0.005380,0.005712
57.180,0.009636,0.005529,0.005426,0.005731
57.190,0.009677,0.005620,0.005424,0.005713
57.200,0.009570,0.005456,0.005401,0.005713
57.210,0.009506,0.005460,0.005282,0.005716
57.220,0.009528,0.005458,0.005302,0.005735
57.230,0.009613,0.005459,0.005296,0.005880
57.240,0.009606,0.005304,0.005316,0.005991
57.250,0.009582,0.005304,0.005276,0.005986
57.260,0.009910,0.005692,0.005420,0.006036
57.270,0.009944,0.005761,0.005432,0.006015
57.280,0.009980,0.005831,0.005501,0.005946
57.290,0.010050,0.005871,0.005558,0.005970
57.300,0.009907,0.005890,0.005501,0.005762
57.310,0.009799,0.005891,0.005543,0.005531
57.320,0.009802,0.005893,0.005585,0.005492
57.330,0.009726,0.005900,0.005447,0.005488
57.340,0.009638,0.005861,0.005283,0.005535
57.350,0.009673,0.005863,0.005282,0.005594
57.360,0.009589,0.005861,0.005162,0.005562
57.370,0.009581,0.005772,0.005185,0.005621
57.380,0.009565,0.005765,0.005249,0.005542
57.390,0.009636,0.005941,0.005308,0.005421
57.400,0.009682,0.005950,0.005315,0.005485
57.410,0.009669,0.005909,0.005347,0.005476
57.420,0.009614,0.005897,0.005386,0.005351
57.430,0.009588,0.005650,0.005433,0.005522
57.440,0.009568,0.005626,0.005558,0.005386
57.450,0.009675,0.005881,0.005563,0.005299
57.460,0.009826,0.005972,0.005561,0.005473
57.470,0.009763,0.005900,0.005499,0.005500
57.480,0.009863,0.005923,0.005757,0.005390
57.490,0.009739,0.005720,0.005755,0.005385
57.500,0.009639,0.005486,0.005700,0.005507
57.510,0.009780,0.005713,0.005666,0.005558
57.520,0.009729,0.005781,0.005626,0.005438
57.530,0.009671,0.005857,0.005486,0.005397
57.540,0.009662,0.005902,0.005428,0.005390
57.550,0.009630,0.005934,0.005297,0.005427
57.560,0.009622,0.005934,0.005289,0.005421
57.570,0.009685,0.005971,0.005201,0.005577
57.580,0.009585,0.005913,0.005114,0.005546
57.590,0.009698,0.005923,0.005311,0.005547
57.598,0.009759,0.006204,0.005245,0.005407
57.609,0.009773,0.006239,0.005309,0.005328
57.619,0.010044,0.006518,0.005541,0.005262
57.629,0.009979,0.006526,0.005401,0.005275
57.639,0.010116,0.006796,0.005245,0.005350
57.649,0.010305,0.006857,0.005218,0.005654
57.659,0.010309,0.006885,0.005228,0.005616
57.669,0.010339,0.006902,0.005280,0.005602
57.679,0.010246,0.006845,0.005223,0.005554
57.689,0.010328,0.006766,0.005269,0.005757
57.699,0.010328,0.006753,0.005373,0.005674
57.709,0.010428,0.006753,0.005373,0.005855
57.719,0.010386,0.006760,0.005272,0.005864
57.729,0.010334,0.006760,0.005274,0.005769
57.739,0.010343,0.006766,0.005288,0.005764
57.749,0.010360,0.006793,0.005287,0.005764
57.759,0.010023,0.006412,0.005207,0.005678
57.769,0.010027,0.006466,0.005153,0.005673
57.779,0.010102,0.006383,0.005295,0.005768
57.789,0.010237,0.006340,0.005608,0.005759
57.799,0.010348,0.006332,0.005641,0.005930
57.809,0.010340,0.006325,0.005557,0.006002
57.819,0.010491,0.006394,0.005740,0.006019
57.829,0.010492,0.006393,0.005733,0.006029
57.839,0.010388,0.006269,0.005732,0.005980
57.849,0.010564,0.006339,0.006016,0.005935
57.859,0.010719,0.006460,0.006036,0.006061
57.869,0.010691,0.006495,0.005986,0.006024
57.879,0.010716,0.006517,0.006009,0.006021
57.889,0.010614,0.006374,0.005922,0.006079
57.899,0.010731,0.006349,0.006074,0.006160
57.909,0.010752,0.006379,0.006027,0.006213
57.919,0.010859,0.006530,0.006007,0.006261
57.929,0.010772,0.006602,0.005893,0.006142
57.939,0.010730,0.006905,0.005754,0.005861
57.949,0.010687,0.006687,0.005754,0.006032
57.959,0.010711,0.006714,0.005818,0.005983
57.969,0.010705,0.006705,0.005885,0.005916
57.979,0.010451,0.006534,0.005634,0.005898
57.989,0.010752,0.006544,0.005823,0.006235
57.999,0.010754,0.006439,0.005976,0.006203
58.009,0.010728,0.006420,0.006096,0.006060
58.019,0.010727,0.006403,0.006099,0.006072
58.029,0.010791,0.006493,0.006038,0.006149
58.039,0.010897,0.006465,0.006233,0.006172
58.049,0.010937,0.006408,0.006249,0.006286
58.059,0.010984,0.006446,0.006249,0.006328
58.069,0.010960,0.006557,0.006247,0.006173
58.079,0.010977,0.006581,0.006255,0.006169
58.089,0.010943,0.006656,0.006116,0.006168
58.099,0.010912,0.006512,0.006229,0.006153
58.109,0.010899,0.006495,0.006208,0.006169
58.119,0.010670,0.006295,0.006017,0.006166
58.129,0.010658,0.006280,0.005994,0.006183
58.139,0.010468,0.006078,0.006030,0.006022
58.149,0.010252,0.006027,0.006032,0.005691
58.159,0.010277,0.006006,0.006093,0.005695
58.169,0.010289,0.006080,0.006037,0.005697
58.179,0.010369,0.006126,0.006095,0.005730
58.189,0.010266,0.006123,0.006060,0.005583
58.199,0.010320,0.006278,0.005967,0.005611
58.209,0.010208,0.006253,0.005961,0.005437
58.219,0.010262,0.006277,0.006023,0.005445
58.229,0.010420,0.006301,0.006262,0.005445
58.239,0.010449,0.006286,0.006335,0.005434
58.249,0.010421,0.006231,0.006343,0.005434
58.259,0.010444,0.006179,0.006408,0.005462
58.269,0.010399,0.006099,0.006423,0.005447
58.279,0.010280,0.006069,0.006335,0.005358
58.289,0.010049,0.006032,0.005988,0.005361
58.299,0.009987,0.006031,0.006027,0.005200
58.309,0.010022,0.006145,0.006045,0.005114
58.319,0.009891,0.006082,0.005899,0.005104
58.329,0.009906,0.006049,0.005937,0.005128
58.339,0.009893,0.006071,0.005926,0.005089
58.349,0.009814,0.006201,0.005668,0.005073
58.360,0.009776,0.006264,0.005621,0.004973
58.369,0.010005,0.006225,0.006050,0.004973
58.379,0.009929,0.006139,0.006009,0.004979
58.389,0.009874,0.006139,0.006004,0.004875
58.399,0.009847,0.006353,0.005887,0.004684
58.409,0.009873,0.006360,0.005940,0.004662
58.419,0.009939,0.006464,0.005979,0.004610
58.429,0.010039,0.006417,0.006121,0.004705
58.439,0.009997,0.006242,0.006211,0.004732
58.449,0.010020,0.006239,0.006225,0.004768
58.459,0.009986,0.006274,0.006146,0.004752
58.469,0.009944,0.006272,0.006068,0.004768
58.479,0.009899,0.006259,0.006001,0.004774
58.489,0.009609,0.006237,0.005845,0.004391
58.499,0.009755,0.006228,0.006094,0.004388
58.509,0.009596,0.006025,0.006005,0.004442
58.519,0.009698,0.006035,0.006009,0.004640
58.529,0.009645,0.006034,0.006013,0.004524
58.539,0.009708,0.006121,0.005981,0.004582
58.549,0.009575,0.006089,0.005997,0.004317
58.559,0.009640,0.006206,0.006004,0.004285
58.569,0.009742,0.006071,0.006293,0.004296
58.579,0.009833,0.006060,0.006268,0.004548
58.589,0.009807,0.005982,0.006283,0.004574
58.599,0.009589,0.005753,0.006162,0.004570
58.609,0.009532,0.005659,0.006110,0.004638
58.619,0.009596,0.005675,0.006157,0.004686
58.629,0.009569,0.005659,0.006152,0.004658
58.639,0.009710,0.005934,0.006118,0.004653
58.649,0.009735,0.005943,0.006155,0.004644
58.659,0.009786,0.006206,0.006080,0.004505
58.669,0.009786,0.006170,0.006106,0.004518
58.679,0.009666,0.006115,0.006010,0.004463
58.689,0.009829,0.006165,0.006231,0.004447
58.699,0.009826,0.006210,0.006235,0.004371
58.709,0.009886,0.006199,0.006380,0.004315
58.719,0.009844,0.006171,0.006337,0.004321
58.729,0.009838,0.006305,0.006177,0.004345
58.739,0.009960,0.006392,0.006104,0.004591
58.749,0.010162,0.006387,0.006344,0.004713
58.759,0.010197,0.006482,0.006317,0.004696
58.769,0.010286,0.006550,0.006378,0.004714
58.779,0.010242,0.006550,0.006322,0.004694
58.789,0.010261,0.006528,0.006335,0.004747
58.799,0.010251,0.006564,0.006281,0.004749
58.809,0.010199,0.006501,0.006255,0.004757
58.819,0.010181,0.006464,0.006242,0.004786
58.829,0.010283,0.006495,0.006318,0.004862
58.839,0.010300,0.006510,0.006324,0.004870
58.849,0.010205,0.006349,0.006330,0.004875
58.859,0.010114,0.006249,0.006303,0.004850
58.869,0.009995,0.006264,0.005915,0.005068
58.879,0.010033,0.006262,0.005959,0.005092
58.889,0.010172,0.006311,0.006021,0.005235
58.899,0.010068,0.006190,0.005941,0.005270
58.909,0.010226,0.006295,0.005936,0.005449
58.919,0.010045,0.006044,0.005911,0.005426
58.929,0.010075,0.006061,0.005859,0.005518
58.939,0.010243,0.006255,0.005939,0.005524
58.949,0.010339,0.006478,0.005930,0.005455
58.959,0.010213,0.006309,0.005951,0.005393
58.969,0.010296,0.006353,0.006068,0.005368
58.979,0.010342,0.006328,0.006060,0.005496
58.989,0.010478,0.006424,0.006195,0.005490
58.999,0.010382,0.006603,0.005892,0.005428
59.009,0.010291,0.006596,0.005762,0.005402
59.019,0.010106,0.006511,0.005748,0.005168
59.029,0.010116,0.006465,0.005830,0.005151
59.039,0.009895,0.006360,0.005670,0.005031
59.049,0.009886,0.006410,0.005611,0.005015
59.059,0.009818,0.006294,0.005616,0.005024
59.069,0.009819,0.006395,0.005465,0.005064
59.079,0.009776,0.006400,0.005452,0.004988
59.089,0.009793,0.006404,0.005523,0.004938
59.099,0.009919,0.006463,0.005677,0.004937
59.109,0.009891,0.006460,0.005683,0.004880
59.119,0.009892,0.006422,0.005691,0.004922
59.129,0.009857,0.006370,0.005686,0.004924
59.139,0.009728,0.006153,0.005688,0.004942
59.149,0.009721,0.006182,0.005635,0.004951
59.159,0.009512,0.005866,0.005618,0.004951
59.169,0.009745,0.005837,0.005802,0.005219
59.179,0.009875,0.005832,0.006018,0.005224
59.189,0.009910,0.005987,0.005853,0.005301
59.199,0.009711,0.005684,0.005828,0.005295
59.209,0.009577,0.005675,0.005598,0.005308
59.219,0.009702,0.005759,0.005639,0.005401
59.229,0.009529,0.005689,0.005414,0.005396
59.239,0.009628,0.005827,0.005627,0.005205
59.249,0.009644,0.005980,0.005539,0.005153
59.259,0.009737,0.005881,0.005767,0.005192
59.269,0.009726,0.005842,0.005824,0.005153
59.279,0.009993,0.006207,0.005831,0.005228
59.289,0.010185,0.006284,0.005965,0.005354
59.299,0.010230,0.006231,0.006094,0.005357
59.309,0.010333,0.006388,0.006099,0.005364
59.319,0.010342,0.006374,0.006159,0.005329
59.329,0.010336,0.006499,0.006065,0.005273
59.339,0.010480,0.006502,0.006067,0.005544
59.349,0.010739,0.006515,0.006492,0.005545
59.360,0.010839,0.006478,0.006609,0.005642
59.369,0.010734,0.006462,0.006610,0.005456
59.379,0.010750,0.006472,0.006559,0.005536
59.389,0.010937,0.006799,0.006547,0.005525
59.399,0.011062,0.007115,0.006520,0.005407
59.409,0.011001,0.006988,0.006633,0.005311
59.419,0.011053,0.006974,0.006612,0.005460
59.429,0.010874,0.006953,0.006460,0.005307
59.439,0.010815,0.006737,0.006581,0.005316
59.449,0.010646,0.006534,0.006596,0.005210
59.459,0.010722,0.006676,0.006595,0.005186
59.469,0.010657,0.006694,0.006453,0.005208
59.479,0.010637,0.006678,0.006483,0.005149
59.489,0.010581,0.006656,0.006406,0.005159
59.499,0.010582,0.006627,0.006358,0.005258
59.509,0.010583,0.006635,0.006364,0.005241
59.519,0.010654,0.006630,0.006502,0.005222
59.529,0.010601,0.006562,0.006461,0.005250
59.539,0.010606,0.006560,0.006494,0.005223
59.549,0.010630,0.006579,0.006495,0.005247
59.559,0.010724,0.006710,0.006493,0.005275
59.569,0.010673,0.006732,0.006413,0.005241
59.579,0.010790,0.006728,0.006541,0.005326
59.589,0.010831,0.006774,0.006583,0.005299
59.599,0.010781,0.006763,0.006488,0.005328
59.609,0.010790,0.006739,0.006531,0.005325
59.619,0.010828,0.006845,0.006554,0.005237
59.629,0.010826,0.006829,0.006567,0.005238
59.639,0.010804,0.006849,0.006553,0.005184
59.649,0.010810,0.006835,0.006577,0.005186
59.659,0.010871,0.006806,0.006707,0.005185
59.669,0.010660,0.006797,0.006534,0.004975
59.679,0.010574,0.006852,0.006337,0.004971
59.689,0.010418,0.006725,0.006352,0.004793
59.699,0.010535,0.006716,0.006546,0.004801
59.709,0.010514,0.006736,0.006531,0.004745
59.719,0.010431,0.006661,0.006499,0.004711
59.729,0.010386,0.006603,0.006485,0.004712
59.739,0.010191,0.006409,0.006336,0.004757
59.749,0.010086,0.006334,0.006285,0.004701
59.759,0.009931,0.006346,0.006004,0.004723
59.769,0.009835,0.006330,0.005874,0.004708
59.779,0.009638,0.006037,0.005901,0.004650
59.789,0.009401,0.005947,0.005664,0.004575
59.799,0.009331,0.005935,0.005560,0.004575
59.809,0.009293,0.005837,0.005489,0.004708
59.819,0.009290,0.005804,0.005489,0.004742
59.829,0.009266,0.005778,0.005430,0.004795
59.839,0.009368,0.005925,0.005552,0.004673
59.849,0.009219,0.006007,0.005139,0.004743
59.859,0.009156,0.006086,0.004964,0.004705
59.869,0.009455,0.006134,0.005263,0.004905
59.879,0.009378,0.006142,0.005139,0.004880
59.889,0.009450,0.006015,0.005155,0.005153
59.899,0.009277,0.005556,0.005287,0.005219
59.909,0.009103,0.005608,0.005064,0.005077
59.919,0.009031,0.005667,0.005085,0.004856
59.929,0.009217,0.005906,0.005085,0.004920
59.939,0.009192,0.005986,0.004942,0.004924
59.949,0.009161,0.005900,0.004921,0.004989
59.959,0.009057,0.005755,0.004902,0.004989
59.969,0.008963,0.005653,0.004874,0.004962
59.979,0.008925,0.005633,0.004858,0.004932
59.989,0.009024,0.005608,0.005079,0.004919
59.999,0.009023,0.005536,0.005059,0.005017
60.009,0.009428,0.005807,0.005435,0.005062
60.019,0.009411,0.005834,0.005318,0.005123
60.029,0.009677,0.005877,0.005673,0.005190
60.039,0.009843,0.006021,0.005638,0.005370
60.049,0.009800,0.005978,0.005641,0.005337
60.059,0.009681,0.005857,0.005618,0.005278
60.069,0.009739,0.005767,0.005695,0.005399
60.079,0.009652,0.005811,0.005509,0.005388
60.090,0.009649,0.005808,0.005462,0.005433
60.099,0.009715,0.005821,0.005602,0.005396
60.109,0.009953,0.005824,0.005691,0.005722
60.119,0.009951,0.005697,0.005765,0.005774
60.129,0.009994,0.005689,0.005845,0.005774
60.139,0.010071,0.005673,0.005927,0.005840
60.150,0.010004,0.005649,0.005897,0.005778
60.159,0.010045,0.005674,0.005868,0.005855
60.169,0.010559,0.005896,0.006293,0.006093
60.179,0.010537,0.005849,0.006290,0.006103
60.190,0.010505,0.005873,0.006273,0.006043
60.199,0.010425,0.005899,0.006116,0.006040
60.209,0.010439,0.005893,0.006148,0.006037
60.219,0.010459,0.005951,0.006144,0.006019
60.230,0.010579,0.005919,0.006238,0.006162
60.239,0.010581,0.005926,0.006251,0.006145
60.250,0.010718,0.006124,0.006276,0.006163
60.259,0.010671,0.006052,0.006277,0.006153
60.270,0.010675,0.006039,0.006276,0.006172
60.279,0.010790,0.006054,0.006410,0.006220
60.289,0.010827,0.006092,0.006453,0.006202
60.299,0.010849,0.006113,0.006451,0.006221
60.310,0.010779,0.006075,0.006462,0.006126
60.319,0.010841,0.006123,0.006445,0.006204
60.330,0.010768,0.006000,0.006444,0.006198
60.339,0.010651,0.005899,0.006360,0.006180
60.350,0.010774,0.005785,0.006631,0.006217
60.360,0.010809,0.005743,0.006734,0.006205
60.370,0.010690,0.005771,0.006547,0.006173
60.379,0.010715,0.005800,0.006597,0.006136
60.390,0.010545,0.005846,0.006603,0.005781
60.399,0.010566,0.005888,0.006623,0.005753
60.409,0.010928,0.006274,0.006759,0.005864
60.419,0.010942,0.006297,0.006738,0.005889
60.430,0.010760,0.006079,0.006748,0.005770
60.439,0.010719,0.006049,0.006720,0.005758
60.450,0.010695,0.006035,0.006738,0.005705
60.459,0.010826,0.006007,0.006746,0.005967
60.470,0.010802,0.006000,0.006753,0.005924
60.479,0.010970,0.006299,0.006757,0.005917
60.490,0.010935,0.006308,0.006711,0.005895
60.500,0.010978,0.006363,0.006723,0.005901
60.510,0.010652,0.006103,0.006445,0.005888
60.519,0.010626,0.006091,0.006443,0.005857
60.530,0.010423,0.006117,0.006100,0.005831
60.539,0.010543,0.006331,0.006265,0.005642
60.550,0.010589,0.006325,0.006349,0.005639
60.560,0.010653,0.006414,0.006408,0.005594
60.570,0.010594,0.006408,0.006385,0.005515
60.579,0.010513,0.006365,0.006380,0.005413
60.590,0.010417,0.006296,0.006347,0.005346
60.599,0.010323,0.006253,0.006215,0.005370
60.610,0.010131,0.006279,0.006073,0.005132
60.620,0.010053,0.006258,0.005934,0.005164
60.630,0.010034,0.006303,0.005839,0.005183
60.639,0.010103,0.006361,0.005873,0.005208
60.650,0.010151,0.006352,0.005883,0.005299
60.660,0.010145,0.006496,0.005752,0.005257
60.670,0.009674,0.006304,0.005328,0.005045
60.680,0.009693,0.006255,0.005308,0.005163
60.690,0.009674,0.006227,0.005325,0.005145
60.700,0.009671,0.006234,0.005299,0.005155
60.710,0.009753,0.006291,0.005386,0.005152
60.719,0.009802,0.006286,0.005384,0.005252
