time_seconds,total_vibration,rms_x,rms_y,rms_z
15.051,1.868668,0.515037,0.675509,1.664435
15.061,1.882274,0.518051,0.676184,1.678497
15.071,1.907236,0.522345,0.677556,1.704588
15.081,1.926708,0.52202,0.689983,1.721517
15.091,1.933551,0.523274,0.707804,1.721574
15.101,1.937072,0.523402,0.715703,1.722227
15.111,1.929727,0.525971,0.718395,1.712048
15.121,1.919244,0.526179,0.723719,1.6979
15.131,1.904232,0.524401,0.725012,1.68091
15.141,1.881416,0.524386,0.713492,1.660023
15.151,1.86766,0.525723,0.7148,1.64342
15.161,1.838409,0.498614,0.715656,1.618323
15.171,1.837723,0.50412,0.712185,1.617368
15.181,1.796286,0.471542,0.716921,1.578074
15.191,1.779712,0.471242,0.714254,1.560496
15.201,1.745052,0.447632,0.713552,1.528291
15.211,1.740944,0.44785,0.7148,1.52295
15.221,1.719097,0.442565,0.707925,1.502755
15.231,1.710412,0.44338,0.743856,1.474992
15.241,1.660228,0.439313,0.729172,1.425366
15.251,1.719283,0.438667,0.778353,1.468902
15.261,1.679745,0.44078,0.777754,1.422096
15.271,1.668207,0.447914,0.748959,1.42174
15.281,1.633361,0.455755,0.75702,1.373709
15.291,1.629426,0.456669,0.771916,1.360378
15.301,1.611264,0.442972,0.784286,1.335981
15.311,1.602984,0.444221,0.797328,1.317761
15.321,1.571085,0.361616,0.775549,1.317599
15.331,1.584054,0.320181,0.775317,1.343724
15.341,1.589108,0.294912,0.776882,1.354527
15.351,1.586113,0.257291,0.776702,1.358782
15.361,1.585379,0.247339,0.777713,1.359196
15.371,1.595331,0.252426,0.771039,1.373631
15.381,1.611906,0.255403,0.770819,1.392426
15.391,1.620408,0.261454,0.767708,1.40285
15.401,1.60718,0.261913,0.749028,1.397636
15.411,1.595081,0.261455,0.745011,1.385959
15.421,1.619775,0.251591,0.726082,1.425895
15.431,1.622549,0.251369,0.733192,1.42545
15.441,1.616871,0.250558,0.744175,1.413399
15.451,1.607467,0.250198,0.745089,1.40221
15.461,1.593878,0.249765,0.748336,1.38494
15.471,1.576776,0.249575,0.747177,1.365892
15.481,1.563321,0.250963,0.763238,1.341066
15.491,1.535481,0.252507,0.760927,1.309554
15.501,1.532069,0.251172,0.75887,1.307006
15.511,1.487777,0.249717,0.755148,1.257328
15.521,1.459928,0.247298,0.753547,1.225724
15.531,1.439304,0.249549,0.754751,1.199863
15.541,1.400236,0.248875,0.758352,1.150488
15.551,1.326652,0.248601,0.74656,1.068106
15.561,1.300055,0.246742,0.747544,1.03462
15.571,1.264536,0.243925,0.766221,0.975939
15.581,1.205761,0.246644,0.754411,0.907684
15.591,1.208826,0.244954,0.739808,0.92409
15.601,1.182166,0.24462,0.738293,0.890282
15.611,1.179043,0.243303,0.739547,0.885448
15.621,1.22988,0.247472,0.75446,0.93923
15.631,1.225564,0.249423,0.75391,0.933496
15.641,1.249054,0.249803,0.759592,0.959559
15.652,1.263578,0.250693,0.77829,0.963352
15.661,1.268462,0.25115,0.783051,0.96579
15.671,1.278837,0.244934,0.808802,0.959829
15.681,1.28543,0.250564,0.811771,0.964664
15.691,1.283973,0.246513,0.811491,0.964001
15.701,1.297879,0.246809,0.837442,0.960347
15.711,1.30625,0.243538,0.8347,0.974811
15.721,1.299143,0.243647,0.830467,0.968882
15.731,1.285456,0.238602,0.806556,0.972077
15.741,1.27391,0.237694,0.790309,0.970443
15.751,1.232349,0.242914,0.756116,0.942319
15.761,1.239393,0.243893,0.771418,0.938896
15.771,1.205251,0.237839,0.768887,0.897148
15.781,1.185625,0.230522,0.749003,0.889698
15.791,1.173595,0.233346,0.734964,0.884705
15.801,1.184033,0.233873,0.739769,0.894416
15.811,1.175686,0.236348,0.728723,0.891818
15.821,1.176668,0.242058,0.726799,0.893151
15.831,1.167167,0.242696,0.725625,0.881389
15.841,1.167133,0.229489,0.730271,0.881044
15.851,1.171051,0.225113,0.73387,0.884374
15.861,1.171841,0.224254,0.731938,0.887236
15.871,1.165428,0.220263,0.734366,0.877732
15.881,1.149102,0.221028,0.728651,0.860611
15.891,1.160703,0.207991,0.742347,0.867694
15.901,1.158837,0.20871,0.746351,0.86157
15.911,1.174504,0.212482,0.770693,0.860432
15.921,1.129604,0.213101,0.774617,0.794079
15.931,1.113837,0.213438,0.759264,0.786508
15.941,1.09435,0.202853,0.769057,0.751667
15.951,1.090797,0.210316,0.771261,0.742133
15.961,1.082618,0.205112,0.778306,0.724038
15.971,1.082397,0.205015,0.778065,0.723995
15.981,1.068588,0.203961,0.765746,0.716877
15.991,1.07383,0.202341,0.772295,0.718143
16.001,1.068525,0.211661,0.773678,0.705952
16.011,1.064697,0.21192,0.78813,0.683754
16.021,1.058411,0.211722,0.786908,0.675413
16.031,1.059927,0.209644,0.787581,0.677651
16.041,1.072563,0.212272,0.791598,0.691885
16.051,1.078979,0.214297,0.791335,0.701471
16.061,1.100212,0.214221,0.794657,0.730134
16.071,1.086427,0.213461,0.776581,0.729164
16.081,1.085224,0.209472,0.777209,0.72786
16.091,1.099849,0.209606,0.781883,0.744574
16.101,1.080636,0.208121,0.773733,0.725119
16.111,1.068941,0.206551,0.764835,0.717634
16.121,1.035314,0.20276,0.756608,0.676984
16.131,1.017502,0.199722,0.756776,0.650163
16.141,1.00033,0.198826,0.745533,0.636639
16.151,0.96141,0.19593,0.720433,0.60572
16.161,0.950761,0.195435,0.706275,0.605745
16.171,0.931214,0.194959,0.67693,0.609029
16.181,0.924422,0.1936,0.663926,0.613416
16.191,0.933873,0.196192,0.664043,0.626637
16.201,0.917353,0.196084,0.641114,0.626148
16.211,0.914217,0.201953,0.645763,0.614816
16.221,0.923406,0.204032,0.656819,0.616148
16.231,0.920961,0.202391,0.657146,0.612672
16.241,0.915511,0.204172,0.646211,0.615537
16.251,0.911686,0.197421,0.63964,0.618917
16.261,0.88468,0.197054,0.60104,0.61853
16.271,0.885088,0.193172,0.603343,0.618096
16.281,0.883773,0.194023,0.606216,0.613116
16.291,0.883172,0.19117,0.609348,0.610034
16.301,0.874907,0.194677,0.606597,0.599669
16.311,0.869733,0.192219,0.600425,0.599147
16.321,0.869447,0.180154,0.604969,0.597908
16.331,0.86943,0.180818,0.607232,0.595384
16.341,0.870338,0.185024,0.611417,0.59112
16.351,0.860749,0.18434,0.600268,0.588715
16.361,0.862255,0.186021,0.604998,0.58554
16.371,0.865072,0.182056,0.608745,0.587056
16.381,0.866815,0.184824,0.612639,0.584707
16.391,0.850263,0.18483,0.610017,0.562731
16.401,0.845825,0.186323,0.601114,0.565125
16.411,0.837497,0.181133,0.575943,0.580416
16.421,0.832389,0.181285,0.564791,0.583969
16.431,0.863414,0.180716,0.570809,0.622096
16.441,0.889355,0.177167,0.555019,0.671951
16.451,0.896266,0.17153,0.541795,0.693058
16.461,0.895537,0.170622,0.533704,0.698595
16.471,0.947841,0.171519,0.530821,0.766298
16.481,1.007187,0.171209,0.532993,0.837276
16.491,1.025424,0.166349,0.528849,0.862637
16.501,1.04223,0.157924,0.520991,0.888747
16.512,1.05316,0.156613,0.508355,0.908951
16.521,1.111694,0.162417,0.502567,0.978218
16.531,1.150432,0.161933,0.504988,1.020911
16.541,1.149225,0.155497,0.496661,1.02463
16.551,1.168275,0.154822,0.491905,1.048296
16.561,1.172719,0.162059,0.494596,1.050896
16.571,1.212994,0.160902,0.491715,1.097124
16.581,1.249319,0.160887,0.500342,1.133389
16.592,1.258309,0.160073,0.497712,1.144553
16.602,1.275932,0.161087,0.499699,1.162908
16.612,1.291481,0.161487,0.493317,1.182575
16.622,1.279697,0.161727,0.471886,1.17847
16.632,1.307777,0.162069,0.473739,1.208133
16.642,1.30754,0.160964,0.473763,1.208015
16.652,1.329241,0.160752,0.479189,1.229397
16.662,1.33762,0.161117,0.477828,1.238931
16.672,1.338384,0.160954,0.46335,1.24526
16.682,1.345281,0.158861,0.460655,1.25393
16.691,1.311359,0.1543,0.458016,1.219047
16.701,1.307638,0.154471,0.474069,1.208849
16.711,1.294359,0.150548,0.466134,1.19809
16.721,1.267841,0.144549,0.44727,1.177487
16.731,1.270169,0.145845,0.448757,1.179269
16.741,1.261848,0.143343,0.443053,1.172782
16.751,1.273211,0.140873,0.439524,1.186608
16.761,1.288289,0.141466,0.435978,1.203993
16.771,1.291722,0.1409,0.426658,1.211055
16.781,1.323648,0.145791,0.422734,1.245827
16.792,1.327571,0.145435,0.41874,1.25138
16.801,1.375298,0.156762,0.434546,1.295392
16.811,1.385913,0.154664,0.438238,1.305673
16.821,1.41026,0.157594,0.439455,1.330743
16.831,1.431337,0.155469,0.434859,1.354788
16.841,1.452295,0.151842,0.43786,1.376366
16.851,1.471727,0.152597,0.430308,1.399117
16.861,1.495423,0.150994,0.426353,1.425382
16.871,1.51739,0.15341,0.417394,1.450766
16.881,1.534789,0.147779,0.414109,1.47046
16.891,1.547699,0.148069,0.401068,1.487479
16.901,1.567203,0.147005,0.399323,1.508329
16.911,1.58963,0.146688,0.398787,1.531788
16.921,1.605718,0.151826,0.395111,1.548925
16.931,1.614346,0.150943,0.390597,1.55909
16.941,1.640473,0.154143,0.39062,1.585815
16.951,1.645788,0.154205,0.385163,1.592636
16.961,1.659909,0.155011,0.387439,1.606599
16.971,1.649005,0.155073,0.392084,1.594189
16.981,1.648092,0.158287,0.398275,1.591392
16.991,1.647393,0.163015,0.41419,1.58612
17.001,1.646843,0.164118,0.421069,1.583622
17.011,1.646978,0.169353,0.421847,1.583004
17.021,1.612924,0.163484,0.427554,1.546608
17.031,1.585994,0.163918,0.425977,1.518898
17.041,1.573434,0.165193,0.42586,1.505672
17.051,1.551761,0.166557,0.424204,1.483332
17.062,1.5185,0.155956,0.42049,1.450761
17.071,1.475239,0.168186,0.420293,1.404065
17.081,1.446641,0.168815,0.450793,1.364206
17.091,1.385626,0.1731,0.450023,1.299028
17.102,1.392567,0.177284,0.527801,1.276417
17.112,1.361249,0.178724,0.529456,1.241262
17.121,1.339612,0.179796,0.529781,1.217196
17.131,1.267112,0.178189,0.530098,1.137021
17.141,1.236427,0.178204,0.57099,1.082112
17.151,1.179133,0.18034,0.572178,1.015109
17.161,1.131452,0.179919,0.571328,0.959895
17.171,1.0468,0.187527,0.576241,0.853563
17.181,0.974213,0.187451,0.573033,0.765236
17.191,0.970387,0.205081,0.57142,0.757015
17.201,0.955683,0.205413,0.572893,0.736838
17.211,0.992533,0.210348,0.597948,0.763762
17.222,0.972799,0.220674,0.59981,0.733395
17.231,0.972681,0.220477,0.602485,0.731103
17.241,0.973327,0.219945,0.601549,0.732891
17.251,1.008342,0.222089,0.608574,0.772701
17.262,1.007353,0.222026,0.609366,0.770803
17.271,1.009615,0.222473,0.609162,0.773789
17.282,1.002857,0.226183,0.60853,0.764366
17.292,1.030036,0.224053,0.605603,0.802508
17.302,1.018856,0.214676,0.589588,0.802725
17.312,1.018832,0.214483,0.581176,0.808857
17.322,1.048246,0.21366,0.619234,0.818363
17.332,1.04166,0.215061,0.619954,0.808988
17.342,1.036406,0.215238,0.616763,0.80462
17.352,1.02659,0.215351,0.616263,0.792295
17.362,1.040924,0.224835,0.633114,0.795071
17.372,1.039889,0.222117,0.650053,0.780682
17.382,1.052085,0.229721,0.656929,0.789022
17.392,1.048842,0.230222,0.657156,0.784355
17.401,1.051848,0.22971,0.658932,0.787036
17.411,1.047101,0.229489,0.660419,0.779488
17.421,1.04223,0.226497,0.661059,0.773268
17.431,1.065411,0.22624,0.668148,0.798433
17.441,1.05117,0.22281,0.66822,0.780254
17.451,1.057417,0.222813,0.67584,0.782129
17.461,1.066557,0.228399,0.691691,0.779065
17.471,1.070906,0.228394,0.698381,0.779063
17.481,1.052626,0.225538,0.693244,0.759321
17.491,1.051507,0.22623,0.688985,0.761438
17.502,1.053936,0.228517,0.693877,0.759669
17.512,1.077236,0.224363,0.711443,0.777141
17.522,1.098562,0.224898,0.710997,0.806685
17.532,1.108187,0.226391,0.716921,0.814156
17.542,1.11682,0.226556,0.729472,0.814758
17.552,1.113203,0.226234,0.728534,0.810726
17.562,1.113895,0.226294,0.727929,0.812202
17.572,1.135364,0.224776,0.761173,0.811876
17.582,1.121836,0.225023,0.742737,0.810076
17.592,1.120379,0.223834,0.73775,0.812941
17.601,1.057937,0.231536,0.669797,0.78549
17.611,1.053648,0.2309,0.673194,0.776962
17.621,1.055585,0.232688,0.672691,0.779488
17.631,1.066254,0.22848,0.691157,0.7791
17.641,1.062101,0.228224,0.671933,0.790239
17.651,1.0576,0.234885,0.674214,0.780244
17.661,1.029433,0.234361,0.675131,0.740949
17.671,1.026751,0.232198,0.671945,0.740805
17.681,1.027881,0.231692,0.675753,0.739064
17.691,1.016922,0.221168,0.677634,0.725277
17.702,0.984787,0.226799,0.658633,0.69611
17.712,0.970632,0.224631,0.657145,0.678106
17.722,0.964482,0.211316,0.655345,0.675348
17.732,0.988856,0.214862,0.689483,0.675488
17.742,0.983659,0.220772,0.695764,0.659362
17.752,0.97594,0.227043,0.698485,0.642673
17.762,0.976246,0.226363,0.700104,0.641616
17.772,0.989981,0.231708,0.708637,0.651312
17.782,0.990876,0.231848,0.708793,0.652453
17.792,0.982227,0.232424,0.712341,0.635073
17.802,0.968493,0.232659,0.712437,0.613418
17.812,0.985124,0.235478,0.722481,0.626929
17.822,0.960205,0.235736,0.691804,0.622759
17.832,0.958842,0.233198,0.687809,0.626032
17.842,0.954757,0.233527,0.688417,0.618958
17.852,0.959513,0.235696,0.694327,0.618888
17.862,0.948359,0.229725,0.680532,0.619264
17.872,0.938276,0.232679,0.672701,0.611307
17.882,0.94052,0.231121,0.677885,0.609618
17.892,0.948479,0.229892,0.689611,0.609261
17.902,0.945172,0.23168,0.687708,0.605583
17.912,0.945184,0.233535,0.687483,0.605145
17.922,0.946348,0.233566,0.686262,0.608331
17.932,0.929246,0.233628,0.681649,0.586747
17.942,0.922167,0.234256,0.681924,0.574887
17.952,0.920876,0.235978,0.680865,0.573367
17.962,0.912644,0.233859,0.671829,0.57173
17.972,0.923613,0.238196,0.677844,0.580388
17.982,0.936719,0.242583,0.685194,0.590851
17.992,0.941696,0.240395,0.685917,0.598765
17.998,0.933713,0.236443,0.675747,0.599399
18.012,0.898597,0.239315,0.653974,0.567911
18.018,0.870112,0.241843,0.652595,0.522232
18.031,0.858743,0.241217,0.649394,0.507485
18.041,0.846906,0.243433,0.634932,0.504828
18.051,0.852752,0.240642,0.637337,0.512912
18.061,0.857085,0.239533,0.641998,0.514836
18.071,0.839939,0.243198,0.616428,0.51611
18.081,0.827076,0.249903,0.598364,0.513385
18.091,0.823777,0.249679,0.597444,0.509244
18.101,0.822501,0.239957,0.589138,0.521387
18.11,0.823414,0.24414,0.584328,0.526277
18.12,0.809947,0.243608,0.583281,0.506411
18.13,0.814214,0.244095,0.574475,0.522819
18.141,0.843101,0.248718,0.58611,0.552661
18.15,0.834061,0.239441,0.583701,0.545544
18.161,0.827843,0.24279,0.579521,0.539011
18.17,0.83149,0.247438,0.57789,0.544237
18.181,0.83356,0.247505,0.580407,0.544694
18.191,0.865534,0.247811,0.603732,0.568547
18.201,0.867358,0.244886,0.599472,0.57704
18.211,0.863061,0.244292,0.591161,0.579416
18.221,0.862452,0.243021,0.577806,0.592373
18.231,0.84241,0.240192,0.545855,0.594983
18.241,0.840807,0.234426,0.546235,0.594667
18.251,0.841048,0.227097,0.544533,0.599394
18.261,0.847197,0.228709,0.544028,0.607839
18.271,0.840565,0.223827,0.543575,0.600814
18.281,0.844721,0.224208,0.553648,0.597292
18.291,0.845269,0.230024,0.552605,0.596822
18.301,0.846022,0.235632,0.560276,0.588491
18.311,0.840541,0.23207,0.55214,0.589741
18.321,0.844977,0.2318,0.552331,0.595975
18.331,0.859237,0.231934,0.553221,0.615176
18.341,0.879024,0.235342,0.552348,0.642035
18.351,0.874167,0.231316,0.547506,0.641014
18.361,0.889395,0.231401,0.563158,0.648328
18.371,0.887555,0.227102,0.552156,0.656737
18.381,0.883959,0.224984,0.54588,0.657861
18.391,0.893974,0.224858,0.533762,0.680974
18.401,0.898478,0.224484,0.544937,0.67817
18.411,0.902247,0.225777,0.549125,0.679365
18.421,0.903569,0.226643,0.55075,0.679518
18.431,0.925592,0.227904,0.550916,0.708005
18.441,0.976215,0.242101,0.564384,0.75885
18.451,0.974345,0.239074,0.557838,0.762239
18.461,0.976468,0.238067,0.547969,0.772362
18.471,0.97124,0.230728,0.531727,0.779319
18.481,0.96875,0.228126,0.533523,0.77575
18.491,0.996338,0.243299,0.557637,0.78901
18.501,0.998372,0.243071,0.56164,0.788812
18.511,1.024647,0.237244,0.563689,0.822114
18.521,1.057444,0.237813,0.563612,0.862539
18.531,1.060204,0.237848,0.569301,0.862182
18.541,1.088405,0.246713,0.616386,0.862453
18.551,1.08386,0.250355,0.613571,0.857674
18.561,1.122252,0.251801,0.631837,0.892651
18.571,1.121167,0.250948,0.610776,0.906087
18.581,1.131786,0.244799,0.608215,0.922545
18.591,1.149971,0.250082,0.611346,0.941355
18.601,1.151208,0.249998,0.624557,0.934189
18.611,1.16424,0.248794,0.645877,0.936162
18.621,1.164464,0.250825,0.646173,0.935694
18.631,1.16201,0.250969,0.636558,0.939188
18.641,1.140676,0.247812,0.628642,0.918988
18.651,1.140972,0.247614,0.635368,0.914774
18.661,1.142653,0.245688,0.633836,0.918447
18.671,1.150494,0.243401,0.632087,0.929978
18.681,1.167409,0.242823,0.62628,0.954807
18.691,1.154456,0.243837,0.621141,0.94207
18.701,1.151654,0.240546,0.627811,0.935039
18.711,1.15282,0.240762,0.627944,0.93633
18.721,1.152825,0.241985,0.627688,0.936192
18.731,1.154035,0.242723,0.629673,0.936159
18.741,1.155206,0.246007,0.622333,0.941638
18.751,1.158656,0.246022,0.63302,0.938745
18.761,1.162557,0.245444,0.638257,0.940173
18.771,1.160988,0.24279,0.635339,0.940899
18.781,1.162537,0.245338,0.638969,0.939691
18.791,1.160083,0.239519,0.637035,0.939472
18.801,1.156256,0.235599,0.639391,0.93413
18.811,1.145234,0.235852,0.634544,0.923736
18.821,1.165425,0.236822,0.637347,0.946531
18.831,1.148097,0.235784,0.635336,0.926758
18.841,1.137867,0.236446,0.635423,0.913823
18.851,1.143244,0.237326,0.639915,0.917165
18.861,1.125839,0.243865,0.621964,0.906204
18.871,1.123494,0.244191,0.622514,0.902821
18.881,1.116502,0.243796,0.616106,0.89864
18.891,1.105303,0.24229,0.616583,0.884768
18.901,1.101719,0.241921,0.610298,0.884757
18.911,1.093416,0.238593,0.605283,0.878786
18.921,1.094077,0.240659,0.60506,0.879199
18.931,1.070667,0.238495,0.611308,0.84602
18.941,1.04196,0.228996,0.609305,0.813627
18.951,1.037857,0.228973,0.609047,0.808567
18.961,1.030479,0.229088,0.604006,0.802859
18.971,1.023682,0.229792,0.607029,0.791604
18.981,1.015435,0.233931,0.594802,0.789047
18.991,0.99207,0.223225,0.57819,0.774642
19.001,0.989866,0.226168,0.573659,0.774337
19.011,0.968872,0.229142,0.57723,0.743648
19.021,0.930869,0.224966,0.58255,0.690321
19.031,0.934148,0.225311,0.583796,0.693577
19.041,0.929548,0.220241,0.554266,0.712981
19.051,0.933628,0.215959,0.552168,0.721203
19.061,0.896293,0.215077,0.530603,0.689596
19.071,0.879945,0.208156,0.530349,0.6706
19.081,0.880205,0.214864,0.539208,0.661701
19.091,0.854193,0.208791,0.538633,0.629227
19.101,0.843058,0.210156,0.518522,0.630648
19.111,0.824802,0.205647,0.496626,0.625596
19.121,0.846012,0.205319,0.506582,0.645721
19.131,0.840765,0.207083,0.512404,0.633597
19.141,0.866853,0.235521,0.552257,0.625282
19.151,0.861057,0.247952,0.542634,0.620877
19.161,0.868803,0.247457,0.557971,0.618266
19.171,0.856743,0.250518,0.568015,0.590431
19.181,0.840084,0.256671,0.567539,0.563702
19.191,0.839126,0.258033,0.565071,0.564134
19.201,0.854045,0.260676,0.576101,0.574063
19.211,0.867485,0.266099,0.575903,0.591656
19.221,0.86619,0.265366,0.575927,0.590063
19.231,0.871419,0.267819,0.573221,0.599218
19.241,0.866737,0.266268,0.572618,0.593669
19.251,0.870159,0.26816,0.557242,0.612167
19.261,0.860824,0.268673,0.549584,0.605633
19.271,0.866071,0.268253,0.55892,0.604753
19.281,0.879218,0.265235,0.548026,0.634303
19.291,0.887867,0.263145,0.548751,0.646479
19.301,0.881519,0.264278,0.538441,0.645999
19.311,0.89847,0.263197,0.53923,0.668735
19.321,0.911223,0.27077,0.56066,0.665335
19.331,0.910396,0.275879,0.560663,0.662095
19.341,0.918133,0.275488,0.56018,0.673255
19.351,0.938263,0.280334,0.556367,0.701574
19.361,0.942091,0.274985,0.559903,0.705994
19.371,0.947442,0.273456,0.569982,0.705683
19.381,0.950395,0.276316,0.569607,0.708835
19.391,0.972681,0.276455,0.572507,0.73615
19.401,0.991593,0.276967,0.588602,0.748394
19.411,0.990869,0.277064,0.587402,0.748342
19.421,0.988013,0.274571,0.585471,0.746997
19.431,0.987044,0.274584,0.575976,0.753067
19.441,1.001723,0.275134,0.575945,0.772034
19.451,1.003523,0.282161,0.575911,0.771862
19.461,1.002634,0.281202,0.575902,0.771062
19.471,0.998907,0.280642,0.576267,0.766141
19.481,0.997362,0.275702,0.577666,0.764866
19.491,1.000958,0.279604,0.580779,0.76579
19.501,1.009148,0.27793,0.59544,0.765889
19.511,1.005091,0.277713,0.585728,0.768119
19.521,1.000603,0.277518,0.582246,0.76497
19.531,0.990693,0.277504,0.565654,0.764526
19.541,0.974369,0.279456,0.553733,0.751451
19.551,0.972044,0.277595,0.556652,0.74696
19.561,0.970507,0.277598,0.552147,0.748303
19.571,0.970237,0.276605,0.555925,0.745518
19.581,0.963318,0.269601,0.551766,0.742193
19.591,0.997018,0.307412,0.562871,0.76336
19.601,1.002609,0.31681,0.564964,0.765292
19.611,1.000544,0.322567,0.561437,0.762776
19.621,0.986518,0.323651,0.547637,0.75403
19.631,0.990831,0.326263,0.555362,0.752909
19.641,0.995029,0.313441,0.501854,0.799987
19.651,1.012407,0.30168,0.504991,0.823978
19.661,1.004021,0.30812,0.479757,0.82641
19.671,1.010257,0.323775,0.487701,0.823369
19.681,1.009789,0.319313,0.486846,0.825042
19.691,1.01701,0.317788,0.485359,0.835312
19.701,1.035944,0.315184,0.471927,0.866674
19.711,1.028476,0.312341,0.471696,0.858899
19.721,1.029134,0.32,0.473767,0.855723
19.731,1.022088,0.318101,0.48061,0.84409
19.741,1.023059,0.322561,0.480342,0.843727
19.751,1.010547,0.327835,0.481931,0.825514
19.761,1.013682,0.330218,0.482257,0.828212
19.771,1.011747,0.330832,0.482287,0.82558
19.781,1.000344,0.335044,0.4895,0.805495
19.791,0.996973,0.33528,0.49208,0.799625
19.801,1.016627,0.335927,0.495425,0.821729
19.811,1.009062,0.342979,0.49426,0.81011
19.821,0.995729,0.335699,0.493898,0.796774
19.831,0.995289,0.338252,0.494151,0.794985
19.841,0.99535,0.337451,0.498585,0.792629
19.851,0.959271,0.332304,0.497025,0.750161
19.861,0.961164,0.335708,0.495252,0.752237
19.871,0.957526,0.33573,0.48601,0.753615
19.881,0.956373,0.332936,0.485232,0.753892
19.891,0.937397,0.333029,0.477923,0.734434
19.901,0.956666,0.344812,0.473455,0.75641
19.911,0.974926,0.345191,0.497226,0.764257
19.921,0.976194,0.348301,0.497651,0.764189
19.931,0.975048,0.34808,0.51716,0.749736
19.941,0.961852,0.35,0.50857,0.737574
19.951,0.957803,0.343375,0.507272,0.736313
19.961,0.982936,0.343285,0.507931,0.768326
19.971,1.014894,0.346632,0.513174,0.804057
19.981,1.025975,0.348143,0.520075,0.812984
19.991,1.016501,0.342407,0.512653,0.808219
20.001,1.009137,0.34355,0.497256,0.808126
20.011,1.023034,0.34231,0.496797,0.826205
20.021,1.04342,0.346205,0.52361,0.833486
20.031,1.053513,0.348259,0.53753,0.836461
20.041,1.059351,0.343654,0.537666,0.845602
20.051,1.053513,0.345479,0.537578,0.837583
20.061,1.06706,0.347628,0.553221,0.843633
20.071,1.06782,0.351023,0.552698,0.843533
20.081,1.085618,0.350004,0.550384,0.867837
20.091,1.067989,0.311203,0.533518,0.871271
20.101,1.059187,0.295962,0.536522,0.86396
20.111,1.058128,0.28379,0.530007,0.870742
20.121,1.091121,0.273449,0.530265,0.913559
20.131,1.11048,0.267061,0.544795,0.930076
20.141,1.078078,0.264531,0.535801,0.897325
20.151,1.05516,0.265921,0.535423,0.869465
20.161,1.076483,0.264204,0.536992,0.894792
20.171,1.072524,0.252243,0.523397,0.90152
20.181,1.084302,0.252384,0.554081,0.897223
20.191,1.083244,0.254274,0.554033,0.895437
20.201,1.069091,0.254851,0.55058,0.880266
20.211,1.056214,0.24775,0.55046,0.866719
20.221,1.054738,0.245824,0.541748,0.870949
20.231,1.099207,0.239935,0.550319,0.920781
20.241,1.098359,0.23829,0.541343,0.925504
20.251,1.104292,0.237548,0.551478,0.92677
20.261,1.115654,0.237869,0.555007,0.93812
20.271,1.119726,0.234006,0.552193,0.945574
20.281,1.127328,0.232257,0.565735,0.947032
20.291,1.133371,0.23252,0.566168,0.953897
20.301,1.124553,0.226849,0.572805,0.940772
20.311,1.116345,0.226139,0.579202,0.927153
20.321,1.123954,0.231626,0.575782,0.937069
20.331,1.134458,0.234029,0.575922,0.948967
20.341,1.154859,0.236858,0.597923,0.959211
20.351,1.161532,0.23577,0.609913,0.959988
20.361,1.161463,0.233568,0.609719,0.960565
20.371,1.195915,0.236624,0.616528,0.997054
20.381,1.214103,0.236993,0.625919,1.01297
20.391,1.203858,0.235636,0.62589,1.001006
20.401,1.203623,0.224569,0.617345,1.008545
20.411,1.194292,0.218685,0.607775,1.004549
20.421,1.19415,0.219258,0.606062,1.00529
20.431,1.189621,0.218812,0.597465,1.005164
20.441,1.193338,0.222192,0.596457,1.009419
20.451,1.198332,0.221965,0.595602,1.015869
20.461,1.184132,0.224799,0.603323,0.993799
20.471,1.156151,0.232473,0.592115,0.965423
20.481,1.155276,0.228434,0.591678,0.965607
20.491,1.161175,0.228279,0.593622,0.971509
20.501,1.165344,0.227268,0.593821,0.976602
20.511,1.169003,0.226762,0.593016,0.98157
20.521,1.15901,0.219838,0.582513,0.977575
20.531,1.153361,0.233392,0.569021,0.975697
20.541,1.144678,0.23686,0.567842,0.965267
20.551,1.144669,0.236151,0.560599,0.969654
20.561,1.137384,0.23286,0.554842,0.965179
20.571,1.131233,0.230026,0.543929,0.964841
20.581,1.101398,0.231497,0.541806,0.930556
20.591,1.100549,0.229679,0.541303,0.930294
20.601,1.110625,0.231003,0.560234,0.930733
20.611,1.116157,0.233744,0.575248,0.927503
20.621,1.081469,0.237442,0.577022,0.883313
20.631,1.083512,0.231863,0.59175,0.877537
20.641,1.094405,0.232699,0.593912,0.889292
20.652,1.110259,0.231558,0.595648,0.907888
20.661,1.079888,0.230278,0.588363,0.875761
20.671,1.077913,0.229594,0.587707,0.873947
20.681,1.067387,0.235433,0.565697,0.873998
20.691,1.060655,0.234019,0.565382,0.866353
20.701,1.048541,0.238315,0.565467,0.85023
20.711,1.05093,0.246441,0.565866,0.850597
20.721,1.042384,0.24409,0.571852,0.836642
20.731,1.005263,0.243124,0.567943,0.793022
20.741,0.998315,0.245738,0.567915,0.783401
20.751,0.990602,0.244589,0.555142,0.783127
20.761,0.970366,0.243353,0.5532,0.759183
20.771,0.971255,0.244224,0.558488,0.756163
20.781,0.958617,0.246869,0.534582,0.756455
20.791,0.957427,0.246604,0.547521,0.745703
20.801,0.942289,0.246403,0.540373,0.731568
20.811,0.932948,0.244033,0.521391,0.73416
20.821,0.918949,0.236492,0.525064,0.716133
20.831,0.914394,0.230449,0.519691,0.716192
20.841,0.893981,0.228418,0.498108,0.70634
20.851,0.893952,0.228445,0.490857,0.711352
20.861,0.901145,0.237454,0.497237,0.713046
20.871,0.861872,0.234713,0.518326,0.647357
20.881,0.845016,0.244045,0.511186,0.627044
20.891,0.872857,0.244927,0.563212,0.620229
20.901,0.850164,0.24459,0.563006,0.588201
20.911,0.855569,0.247851,0.574005,0.584026
20.921,0.859107,0.247452,0.573737,0.589626
20.931,0.866941,0.249833,0.576478,0.597364
20.941,0.853382,0.24471,0.575461,0.580709
20.951,0.847914,0.244716,0.575826,0.572273
20.961,0.839552,0.24383,0.567305,0.568823
20.971,0.850879,0.233217,0.572264,0.584909
20.981,0.866144,0.235158,0.566195,0.611825
20.991,0.872814,0.235778,0.565626,0.621514
21.001,0.883453,0.238067,0.569789,0.631786
21.011,0.850151,0.238217,0.570404,0.58365
21.021,0.869924,0.236008,0.570988,0.612406
21.031,0.876091,0.222991,0.556903,0.638491
21.041,0.877992,0.221161,0.556939,0.641697
21.051,0.883675,0.222812,0.569121,0.638229
21.061,0.879257,0.221012,0.562921,0.638253
21.071,0.893803,0.221669,0.564605,0.656481
21.081,0.89654,0.219135,0.566903,0.659078
21.091,0.884495,0.218216,0.569962,0.6402
21.101,0.889877,0.215144,0.558285,0.65872
21.111,0.884463,0.212955,0.535526,0.670922
21.121,0.873984,0.208185,0.531681,0.661681
21.131,0.845668,0.207192,0.489934,0.657412
21.141,0.838803,0.212072,0.49439,0.64358
21.151,0.820912,0.212399,0.484457,0.627762
21.161,0.822477,0.213271,0.490149,0.62509
21.171,0.819913,0.211026,0.488059,0.624118
21.181,0.829345,0.210436,0.491881,0.633705
21.191,0.829928,0.209888,0.4905,0.635718
21.201,0.833587,0.206384,0.491585,0.640794
21.211,0.829729,0.195234,0.490133,0.640393
21.221,0.83207,0.194982,0.491677,0.642322
21.231,0.84623,0.195018,0.478817,0.669931
21.241,0.843132,0.192702,0.474648,0.669662
21.251,0.889019,0.189234,0.473241,0.728415
21.261,0.891328,0.197123,0.470292,0.73105
21.271,0.922959,0.202129,0.480339,0.761756
21.281,0.951332,0.200627,0.489862,0.790453
21.291,1.026672,0.206686,0.49432,0.875777
21.301,1.03692,0.206786,0.494126,0.887853
21.311,1.062463,0.208445,0.494078,0.917205
21.321,1.100125,0.208286,0.473468,0.970938
21.331,1.113643,0.212136,0.469836,0.987144
21.341,1.115908,0.212023,0.456576,0.995909
21.351,1.105469,0.212397,0.455045,0.984827
21.361,1.110527,0.21023,0.457517,0.989823
21.371,1.114863,0.234579,0.45691,0.989508
21.381,1.113431,0.23549,0.455693,0.988239
21.391,1.101694,0.233457,0.435655,0.984597
21.401,1.086784,0.233273,0.426207,0.972127
21.411,1.113969,0.227137,0.466856,0.985587
21.421,1.125831,0.225421,0.487402,0.989505
21.431,1.113363,0.223663,0.490104,0.974346
21.441,1.121911,0.225232,0.490611,0.983492
21.451,1.162679,0.226633,0.506625,1.021661
21.461,1.167305,0.229176,0.507639,1.025857
21.471,1.16814,0.229238,0.512202,1.024525
21.481,1.139656,0.227756,0.525893,0.985078
21.491,1.14595,0.227434,0.54119,0.984169
21.501,1.20056,0.229446,0.545316,1.044667
21.511,1.215676,0.234128,0.555272,1.055806
21.521,1.224452,0.236306,0.565449,1.060052
21.531,1.201148,0.235984,0.567005,1.032266
21.541,1.224898,0.237452,0.591486,1.04601
21.551,1.22237,0.236528,0.58263,1.048229
21.561,1.239516,0.237264,0.616013,1.049111
21.571,1.271428,0.243634,0.620821,1.082475
21.581,1.269324,0.243635,0.622172,1.079226
21.591,1.287847,0.245274,0.619289,1.102212
21.601,1.286865,0.245152,0.623056,1.098965
21.611,1.281309,0.246493,0.625655,1.090665
21.621,1.281919,0.245079,0.626052,1.091472
21.631,1.298918,0.244847,0.641995,1.102306
21.641,1.29163,0.241747,0.640561,1.095238
21.651,1.322649,0.244592,0.663081,1.117989
21.661,1.319628,0.243285,0.658433,1.117451
21.671,1.322834,0.243203,0.657095,1.122038
21.681,1.32727,0.238184,0.654452,1.129871
21.691,1.334625,0.243479,0.654097,1.137585
21.701,1.338554,0.242872,0.663217,1.137051
21.711,1.348846,0.242105,0.658401,1.152076
21.721,1.35897,0.243846,0.678084,1.152189
21.731,1.354102,0.245246,0.68189,1.143885
21.741,1.361186,0.245285,0.692794,1.14573
21.751,1.339493,0.244405,0.699629,1.115808
21.761,1.340005,0.239164,0.699518,1.117626
21.771,1.322712,0.233346,0.689839,1.104191
21.781,1.311645,0.233138,0.69462,1.087916
21.791,1.265149,0.22791,0.719097,1.015657
21.801,1.259441,0.230771,0.729078,1.000691
21.811,1.24099,0.228165,0.750171,0.961895
21.821,1.187282,0.230747,0.751551,0.889699
21.831,1.14887,0.232288,0.75656,0.832803
21.841,1.130392,0.232267,0.756008,0.807645
21.851,1.130754,0.233276,0.776437,0.788246
21.861,1.115873,0.229758,0.777778,0.766451
21.871,1.084402,0.227578,0.767797,0.731179
21.881,1.086042,0.219845,0.769141,0.73456
21.891,1.06672,0.22295,0.745766,0.729396
21.901,1.05371,0.238899,0.731276,0.720047
21.911,1.048694,0.23796,0.718855,0.725522
21.921,1.032003,0.242588,0.684479,0.733259
21.931,1.026832,0.241418,0.685004,0.725859
21.941,1.02993,0.25433,0.682104,0.728565
21.951,1.018225,0.250091,0.684753,0.71088
21.961,1.025677,0.249181,0.694363,0.712589
21.971,1.03735,0.249013,0.713056,0.711083
21.981,1.056801,0.305857,0.71907,0.711491
21.991,1.069026,0.312759,0.730824,0.714769
22.001,1.05178,0.311765,0.768845,0.646468
22.011,1.071788,0.313458,0.796634,0.644862
22.021,1.065499,0.313877,0.789924,0.642487
22.031,1.064184,0.315154,0.803481,0.622562
22.041,1.084605,0.336796,0.818529,0.626855
22.051,1.091298,0.338572,0.820442,0.634961
22.061,1.082809,0.339482,0.80864,0.635081
22.071,1.078265,0.339575,0.825676,0.60465
22.081,1.083564,0.339651,0.828033,0.610825
22.091,1.09598,0.343276,0.856487,0.591408
22.101,1.098509,0.344164,0.868404,0.578055
22.111,1.111363,0.349934,0.883893,0.57568
22.121,1.10541,0.349603,0.886129,0.560789
22.131,1.104569,0.357489,0.881949,0.56075
22.141,1.115917,0.361921,0.892513,0.563653
22.151,1.095102,0.360698,0.881112,0.541098
22.161,1.122581,0.367098,0.913687,0.539077
22.171,1.131657,0.368227,0.92202,0.54308
22.181,1.111372,0.368324,0.918408,0.505976
22.191,1.122351,0.36561,0.924529,0.520815
22.201,1.135858,0.366832,0.922151,0.55249
22.211,1.135226,0.367121,0.921304,0.552414
22.221,1.137522,0.376351,0.918697,0.555259
22.231,1.134806,0.376546,0.915636,0.554625
22.241,1.148166,0.375869,0.910786,0.589471
22.251,1.155806,0.376,0.906075,0.611178
22.262,1.156874,0.375913,0.907915,0.610523
22.271,1.158968,0.378984,0.921131,0.592535
22.281,1.151847,0.378584,0.914492,0.589178
22.291,1.1607,0.374998,0.886165,0.649087
22.302,1.171319,0.377809,0.881454,0.672523
22.311,1.160857,0.377415,0.868146,0.671915
22.321,1.161706,0.377936,0.870592,0.669921
22.331,1.154671,0.370613,0.864351,0.669931
22.341,1.167529,0.374015,0.865299,0.688836
22.351,1.153688,0.374013,0.842095,0.694252
22.361,1.168116,0.373994,0.839286,0.721265
22.371,1.153751,0.347649,0.827274,0.72519
22.381,1.155209,0.348658,0.834287,0.718965
22.391,1.160212,0.35348,0.834239,0.7247
22.401,1.16979,0.351032,0.834387,0.740935
22.411,1.174668,0.348846,0.836304,0.747493
22.421,1.184128,0.351862,0.85421,0.740728
22.431,1.186529,0.351823,0.854397,0.744364
22.441,1.203247,0.353199,0.858216,0.765845
22.451,1.199889,0.350307,0.849929,0.771128
22.461,1.225608,0.350017,0.886378,0.770674
22.471,1.221638,0.35201,0.868993,0.78316
22.481,1.214349,0.275749,0.854228,0.817863
22.491,1.205659,0.24932,0.8379,0.830287
22.502,1.187464,0.248972,0.812182,0.829726
22.512,1.156159,0.229847,0.775173,0.826426
22.521,1.158991,0.236512,0.777173,0.826633
22.531,1.156115,0.246705,0.768501,0.827735
22.541,1.163895,0.239613,0.763906,0.844798
22.551,1.167666,0.246325,0.755729,0.85536
22.561,1.171438,0.245972,0.756518,0.85991
22.571,1.186452,0.249666,0.76652,0.870507
22.581,1.18382,0.244303,0.762225,0.872216
22.591,1.169535,0.244448,0.731852,0.878892
22.601,1.156911,0.237822,0.708623,0.883028
22.611,1.151936,0.239003,0.693434,0.888248
22.622,1.150772,0.237212,0.682393,0.895738
22.631,1.1567,0.237855,0.696076,0.892669
22.642,1.156482,0.236719,0.700511,0.889212
22.651,1.158217,0.2272,0.699371,0.894833
22.662,1.129695,0.225174,0.6518,0.894799
22.671,1.124558,0.225417,0.641508,0.895703
22.682,1.124664,0.22403,0.645426,0.893368
22.692,1.124251,0.228134,0.64861,0.889495
22.702,1.114848,0.23123,0.646845,0.878072
22.712,1.11949,0.231333,0.650256,0.881425
22.722,1.106434,0.225602,0.630752,0.880598
22.732,1.112501,0.225337,0.641942,0.880223
22.742,1.096165,0.231329,0.63493,0.863092
22.752,1.102849,0.244944,0.647288,0.85866
22.762,1.104471,0.244438,0.646628,0.861382
22.772,1.08673,0.24302,0.619404,0.859221
22.782,1.088681,0.244566,0.619432,0.861231
22.792,1.057253,0.244493,0.619622,0.82102
22.802,1.050646,0.246478,0.621584,0.810394
22.811,1.051711,0.25085,0.626436,0.80669
22.821,1.057786,0.252052,0.63166,0.810178
22.831,1.062548,0.25311,0.635328,0.813205
22.841,1.055773,0.250636,0.638238,0.802802
22.851,1.087393,0.250349,0.680476,0.81037
22.861,1.067649,0.250206,0.679643,0.784447
22.871,1.083769,0.252281,0.707172,0.781548
22.881,1.086641,0.245766,0.714276,0.781151
22.891,1.085952,0.232968,0.723867,0.775264
22.902,1.075816,0.229514,0.722855,0.76301
22.912,1.070258,0.229523,0.722426,0.755562
22.922,1.062426,0.22831,0.710253,0.756416
22.932,1.060315,0.224348,0.709523,0.755323
22.942,1.048819,0.220402,0.727968,0.722154
22.952,1.052214,0.220454,0.727249,0.72778
22.962,1.020482,0.220192,0.68366,0.72492
22.972,1.008605,0.21901,0.680026,0.711957
22.982,0.977194,0.218196,0.679841,0.667169
22.992,0.974109,0.219987,0.678444,0.663482
23.002,1.005249,0.219772,0.683816,0.703294
23.011,1.025652,0.220357,0.684671,0.731184
23.021,1.051822,0.212799,0.68558,0.768783
23.031,1.070491,0.205251,0.67034,0.808992
23.041,1.06425,0.200233,0.664029,0.807217
23.051,1.064875,0.197331,0.667925,0.805541
23.061,1.092231,0.197932,0.67773,0.833351
23.071,1.061514,0.196185,0.648251,0.81737
23.081,1.074675,0.196291,0.663699,0.822131
23.091,1.077543,0.195696,0.664623,0.825275
23.102,1.06952,0.192721,0.660923,0.818482
23.112,1.074177,0.18944,0.672451,0.815952
23.122,1.07613,0.19621,0.689582,0.802517
23.132,1.067729,0.19613,0.675949,0.802914
23.142,1.069875,0.197529,0.662732,0.816334
23.152,1.075491,0.19909,0.66844,0.818677
23.162,1.088182,0.204658,0.684912,0.820457
23.172,1.100187,0.219906,0.695253,0.823818
23.182,1.096587,0.222022,0.694964,0.818679
23.192,1.089162,0.218353,0.677863,0.824074
23.202,1.091007,0.214638,0.685841,0.820883
23.212,1.080712,0.217655,0.694514,0.798884
23.222,1.085801,0.236175,0.697658,0.797784
23.232,1.076081,0.236175,0.680047,0.799818
23.242,1.081013,0.231762,0.687937,0.80101
23.252,1.064968,0.21939,0.673437,0.795303
23.262,1.077693,0.219653,0.675978,0.810079
23.272,1.073424,0.22042,0.6692,0.809831
23.282,1.071644,0.221063,0.672278,0.804732
23.292,1.122228,0.221127,0.666048,0.875716
23.302,1.126839,0.217724,0.666873,0.881841
23.312,1.156079,0.2133,0.654051,0.929107
23.322,1.150236,0.213438,0.655608,0.920687
23.332,1.155721,0.21731,0.658046,0.924902
23.342,1.135355,0.21731,0.656551,0.900416
23.352,1.126873,0.217357,0.63298,0.906606
23.362,1.150569,0.231195,0.65097,0.920106
23.372,1.161048,0.238549,0.647898,0.933464
23.382,1.144165,0.238391,0.627515,0.926557
23.392,1.146688,0.238693,0.623742,0.93213
23.402,1.146804,0.236886,0.621598,0.934163
23.412,1.15387,0.239097,0.619723,0.9435
23.421,1.124764,0.240497,0.616335,0.909608
23.431,1.151854,0.240022,0.655664,0.916113
23.442,1.192635,0.257822,0.657641,0.960945
23.451,1.198077,0.256886,0.65759,0.967974
23.462,1.218419,0.259689,0.682026,0.975678
23.471,1.235325,0.259857,0.676749,1.000256
23.482,1.244776,0.262881,0.679474,1.009294
23.491,1.308319,0.263852,0.682527,1.084545
23.502,1.306154,0.262373,0.686123,1.080016
23.512,1.349633,0.262507,0.685294,1.132684
23.522,1.374847,0.26618,0.713524,1.144655
23.532,1.367386,0.270114,0.713665,1.134666
23.542,1.401597,0.271444,0.732809,1.163522
23.552,1.398496,0.269073,0.730647,1.1617
23.562,1.413721,0.268638,0.725887,1.183017
23.572,1.420189,0.273185,0.727612,1.18865
23.582,1.413617,0.273271,0.715746,1.187999
23.592,1.437104,0.284993,0.739203,1.19901
23.602,1.445287,0.285372,0.744376,1.205538
23.612,1.462644,0.284897,0.735906,1.231504
23.622,1.464508,0.285969,0.728477,1.237872
23.632,1.462997,0.285454,0.7256,1.237893
23.642,1.478318,0.285972,0.725687,1.255796
23.652,1.481266,0.286861,0.742724,1.249087
23.662,1.476176,0.285602,0.730953,1.250294
23.672,1.474676,0.276159,0.723845,1.254772
23.682,1.47343,0.273907,0.721478,1.255165
23.692,1.467705,0.275218,0.721925,1.247893
23.702,1.470335,0.279298,0.730639,1.245008
23.712,1.475687,0.290062,0.729934,1.249284
23.722,1.471364,0.278204,0.727044,1.248568
23.732,1.471023,0.278644,0.727331,1.247901
23.742,1.472347,0.2754,0.716247,1.256563
23.752,1.467441,0.279715,0.72889,1.242523
23.762,1.458407,0.281973,0.722659,1.234992
23.772,1.458231,0.282367,0.721874,1.235153
23.782,1.455164,0.281789,0.729482,1.227173
23.792,1.40139,0.281822,0.728288,1.163645
23.802,1.376378,0.281359,0.729003,1.133052
23.812,1.326026,0.280041,0.728739,1.07185
23.822,1.302407,0.282595,0.72598,1.043722
23.832,1.303155,0.28664,0.726372,1.043281
23.842,1.291573,0.286824,0.735491,1.022226
23.852,1.27839,0.286964,0.73729,1.00416
23.862,1.223141,0.280158,0.707787,0.957405
23.872,1.219153,0.274304,0.707626,0.954127
23.882,1.225118,0.275308,0.716574,0.954799
23.892,1.216445,0.279176,0.717981,0.941437
23.902,1.214015,0.279375,0.713483,0.94166
23.912,1.214276,0.278327,0.714063,0.941867
23.922,1.207627,0.276803,0.710972,0.936089
23.932,1.177047,0.276467,0.654739,0.938255
23.942,1.159391,0.263681,0.650257,0.922944
23.952,1.167585,0.263972,0.651805,0.932053
23.962,1.148084,0.259906,0.617494,0.932335
23.972,1.147218,0.264365,0.622524,0.926652
23.982,1.107042,0.264878,0.624056,0.875177
23.992,1.080328,0.270743,0.624131,0.839207
24.002,1.081061,0.276811,0.622471,0.839404
24.012,1.076858,0.304817,0.645616,0.806158
24.022,1.066858,0.304518,0.640604,0.79692
24.032,1.063047,0.300447,0.63598,0.797075
24.042,1.034831,0.299721,0.622027,0.770796
24.052,1.025657,0.308241,0.611534,0.763535
24.062,1.005958,0.309139,0.61178,0.736281
24.072,1.003066,0.303935,0.624197,0.723977
24.082,1.002592,0.302588,0.617337,0.729743
24.092,0.992323,0.29418,0.61573,0.720445
24.102,0.97179,0.293276,0.612447,0.695179
24.112,0.962732,0.303679,0.620625,0.670415
24.122,0.960022,0.306011,0.618961,0.666998
24.132,0.954517,0.30287,0.616908,0.662417
24.142,0.933364,0.305726,0.621021,0.626125
24.152,0.921276,0.305741,0.600581,0.628151
24.162,0.932965,0.299126,0.626274,0.62348
24.172,0.942977,0.300647,0.645033,0.618667
24.182,0.968407,0.305382,0.679552,0.618679
24.192,0.954598,0.308438,0.687577,0.585971
24.202,0.957634,0.304115,0.693416,0.586302
24.212,0.955824,0.299995,0.691114,0.588187
24.222,0.961852,0.305158,0.707525,0.575713
24.232,0.966372,0.315995,0.707875,0.577006
24.242,0.960843,0.315535,0.707943,0.567868
24.252,0.957814,0.315762,0.704238,0.567232
24.262,0.94851,0.310734,0.705398,0.552748
24.272,0.959956,0.310712,0.719956,0.553747
24.282,0.959273,0.316647,0.71663,0.553517
24.292,0.96673,0.316316,0.719331,0.563093
24.302,0.95688,0.316564,0.718998,0.546304
24.312,0.962322,0.31649,0.711034,0.565976
24.322,0.971141,0.314559,0.719425,0.571484
24.332,0.952023,0.306422,0.719591,0.542809
24.342,0.95413,0.307244,0.723119,0.541353
24.352,0.948806,0.307697,0.722105,0.53303
24.362,0.95382,0.303319,0.729698,0.534144
24.372,0.94787,0.302966,0.721061,0.535482
24.382,0.977324,0.301132,0.714313,0.59518
24.392,0.938263,0.298008,0.704572,0.543238
24.402,0.939451,0.303292,0.704682,0.542222
24.412,0.942249,0.303194,0.708164,0.542596
24.422,0.959764,0.30319,0.718793,0.559071
24.432,0.952765,0.302966,0.716144,0.550556
24.442,0.969255,0.306215,0.724327,0.566603
24.452,0.972005,0.303149,0.735357,0.558698
24.462,0.980777,0.305173,0.740738,0.565774
24.472,0.985002,0.303711,0.733251,0.58338
24.482,0.987338,0.295183,0.734461,0.590145
24.492,0.98258,0.292354,0.73383,0.584368
24.502,0.98736,0.288992,0.741198,0.584799
24.512,0.957687,0.270147,0.712541,0.58006
24.522,0.945965,0.265155,0.695707,0.583553
24.532,0.964109,0.265645,0.697984,0.609719
24.542,0.97047,0.265343,0.706048,0.610657
24.552,0.973833,0.270589,0.71008,0.60903
24.562,0.974871,0.271272,0.713717,0.60613
24.572,0.96967,0.271063,0.715674,0.595479
24.582,0.97571,0.270029,0.719387,0.601313
24.592,0.985796,0.282789,0.73254,0.595994
24.602,0.974109,0.28157,0.715625,0.597902
24.612,0.988891,0.263229,0.712359,0.633373
24.622,1.001907,0.262362,0.705763,0.66097
24.632,1.020404,0.263324,0.722786,0.670421
24.642,1.032167,0.273173,0.733533,0.672811
24.652,1.032513,0.274149,0.733793,0.672662
24.662,1.009314,0.27366,0.711868,0.661111
24.672,0.99988,0.278432,0.69451,0.663243
24.682,0.989369,0.268449,0.674158,0.672531
24.692,0.980236,0.269359,0.656221,0.676522
24.702,0.997256,0.272118,0.645966,0.709366
24.712,0.994178,0.270566,0.639587,0.711416
24.722,0.99595,0.257589,0.650042,0.709232
24.732,0.994586,0.250238,0.646295,0.713361
24.742,0.991593,0.247039,0.646871,0.709779
24.752,0.997049,0.246228,0.63988,0.723901
24.762,0.996251,0.246191,0.643478,0.719613
24.772,1.003556,0.248587,0.640858,0.731184
24.782,1.001948,0.245537,0.636768,0.733578
24.792,0.999944,0.244416,0.650968,0.718603
24.802,1.010584,0.245512,0.656542,0.72798
24.812,1.008534,0.246134,0.665372,0.716826
24.822,1.024014,0.248227,0.678153,0.726015
24.832,1.026628,0.257872,0.678192,0.726308
24.842,1.021546,0.260877,0.667907,0.727599
24.852,1.023319,0.261936,0.670109,0.727684
24.862,1.015455,0.26007,0.660264,0.726336
24.872,1.01584,0.260595,0.660353,0.726605
24.882,1.00499,0.26271,0.660359,0.710573
24.892,1.003846,0.263917,0.663509,0.705557
24.902,1.011689,0.264259,0.680893,0.700047
24.912,1.017143,0.276968,0.67918,0.704686
24.922,1.011214,0.272456,0.661772,0.714408
24.932,1.012748,0.27197,0.663408,0.715249
24.942,1.019353,0.276862,0.661972,0.724032
24.952,1.015296,0.277475,0.653166,0.726091
24.962,0.995566,0.275052,0.641836,0.709609
24.972,0.992601,0.276119,0.644896,0.702229
24.982,0.991973,0.28019,0.643696,0.700829
24.992,1.000938,0.279847,0.647038,0.710566
25.002,1.032937,0.272975,0.659824,0.746375
25.012,1.043774,0.27473,0.664795,0.75633
25.022,1.035205,0.276773,0.654766,0.752547
25.032,1.019869,0.271934,0.648131,0.738994
25.042,1.021224,0.274274,0.641655,0.745621
25.052,1.008955,0.265114,0.634997,0.737891
25.062,1.025534,0.264197,0.638459,0.75782
25.072,1.022625,0.272151,0.632928,0.755711
25.082,1.014691,0.274015,0.626427,0.749735
25.092,0.996878,0.261098,0.605882,0.747329
25.102,1.009388,0.261347,0.607389,0.762653
25.112,1.002479,0.261293,0.616576,0.746005
25.122,0.984029,0.260971,0.61665,0.721076
25.132,0.967727,0.260405,0.596006,0.716563
25.142,0.954311,0.251576,0.582711,0.712648
25.152,0.952977,0.251459,0.579791,0.713285
25.162,0.968713,0.251631,0.580285,0.733727
25.172,0.980523,0.249713,0.576253,0.752995
25.182,0.974963,0.253361,0.577985,0.743165
25.192,0.974648,0.251543,0.577878,0.743453
25.202,0.945858,0.24407,0.572023,0.712648
25.212,0.941809,0.245692,0.564737,0.712538
25.222,0.926981,0.244787,0.539928,0.712636
25.232,0.936981,0.25032,0.545463,0.719544
25.242,0.950416,0.253128,0.553467,0.729994
25.252,0.94449,0.255076,0.554987,0.720407
25.262,0.947037,0.255485,0.548958,0.728184
25.272,0.94431,0.254624,0.540911,0.730961
25.282,0.948645,0.254067,0.54233,0.7357
25.292,0.942737,0.253778,0.526899,0.739411
25.302,0.951305,0.254134,0.537046,0.742953
25.312,0.948492,0.253959,0.530829,0.743883
25.322,0.928715,0.25244,0.514216,0.731005
25.332,0.929966,0.247853,0.523438,0.727611
25.342,0.937992,0.255015,0.527064,0.732803
25.352,0.941776,0.254524,0.533351,0.733278
25.362,0.949766,0.255353,0.55305,0.728688
25.372,0.96898,0.265714,0.58108,0.728468
25.382,0.958826,0.263741,0.580966,0.715728
25.392,0.955771,0.262359,0.576982,0.715372
25.402,0.941568,0.257838,0.554458,0.715993
25.412,0.931347,0.246655,0.548892,0.710834
25.422,0.929987,0.245327,0.552563,0.706658
25.432,0.929752,0.251149,0.549375,0.706789
25.442,0.906116,0.2432,0.539726,0.686
25.452,0.908253,0.24282,0.539409,0.689203
25.462,0.908462,0.243193,0.539592,0.689203
25.472,0.908238,0.241934,0.534809,0.693069
25.482,0.90782,0.236216,0.535233,0.694164
25.492,0.899882,0.236219,0.536002,0.683148
25.502,0.860139,0.235897,0.515804,0.646636
25.512,0.840439,0.229654,0.50672,0.629946
25.522,0.843395,0.230333,0.50693,0.63347
25.532,0.841736,0.230161,0.512133,0.627108
25.542,0.86102,0.236895,0.541119,0.62644
25.552,0.865374,0.23766,0.540912,0.632301
25.562,0.843647,0.238767,0.535142,0.606922
25.572,0.841194,0.234293,0.534896,0.605476
25.582,0.846806,0.232148,0.54324,0.606695
25.592,0.856222,0.232254,0.546754,0.616631
25.602,0.849505,0.233621,0.546494,0.60698
25.612,0.841125,0.236103,0.549301,0.591621
25.622,0.842029,0.23518,0.550183,0.592454
25.632,0.837341,0.235381,0.548545,0.587225
25.642,0.850745,0.237054,0.551101,0.603208
25.653,0.85583,0.236372,0.55041,0.611247
25.662,0.838851,0.235969,0.551163,0.586693
25.672,0.817617,0.233129,0.553053,0.555232
25.682,0.816146,0.227537,0.549585,0.558818
25.692,0.815295,0.227437,0.549549,0.55765
25.702,0.816689,0.225985,0.549944,0.559887
25.712,0.814599,0.222432,0.549368,0.55883
25.722,0.819347,0.224263,0.548987,0.565375
25.732,0.817705,0.217913,0.555095,0.559487
25.742,0.800589,0.215022,0.548677,0.541907
25.752,0.871335,0.218666,0.645788,0.542557
25.762,0.892736,0.228537,0.649667,0.568051
25.772,0.905675,0.236591,0.653693,0.580479
25.782,0.915209,0.239354,0.662977,0.583762
25.792,0.91936,0.239855,0.674994,0.57626
25.802,0.906433,0.235466,0.664529,0.569717
25.812,0.919583,0.239246,0.66316,0.590435
25.822,0.923633,0.241689,0.66134,0.597758
25.832,0.927606,0.237588,0.664856,0.601641
25.842,0.922284,0.225408,0.655631,0.608233
25.852,0.91983,0.225138,0.645793,0.615102
25.862,0.910448,0.22351,0.632966,0.61507
25.872,0.893835,0.210856,0.608701,0.619648
25.882,0.902297,0.214953,0.62077,0.61853
25.892,0.911451,0.21821,0.635863,0.615472
25.902,0.913509,0.2241,0.634414,0.617897
25.912,0.930438,0.220783,0.639806,0.63845
25.922,0.928196,0.220861,0.63954,0.635419
25.932,0.929559,0.217135,0.639646,0.638581
25.942,0.955633,0.221421,0.6669,0.647651
25.952,0.951259,0.218962,0.666437,0.642504
25.962,0.969218,0.218382,0.66616,0.66927
25.972,1.001507,0.2158,0.667049,0.715187
25.982,1.019229,0.215887,0.667071,0.739754
25.992,1.019482,0.215616,0.659112,0.747277
26.002,1.014634,0.215073,0.658577,0.741284
26.012,1.021979,0.217028,0.663493,0.746403
26.022,1.037759,0.230281,0.685404,0.744403
26.032,1.036461,0.228139,0.682433,0.745982
26.042,1.028265,0.225338,0.667357,0.749123
26.052,1.026446,0.225152,0.667435,0.746611
26.062,1.029612,0.228389,0.674312,0.743803
26.072,1.033343,0.228842,0.679986,0.743671
26.082,1.036506,0.231852,0.684645,0.742866
26.092,1.028939,0.231661,0.681124,0.735607
26.102,1.020399,0.232006,0.679661,0.724879
26.112,1.013865,0.231337,0.6692,0.725657
26.122,1.023709,0.23048,0.675079,0.734252
26.132,1.041998,0.231651,0.675658,0.758673
26.142,1.043789,0.235052,0.679041,0.757067
26.152,1.042051,0.23528,0.680586,0.753203
26.162,1.047178,0.23585,0.683218,0.75774
26.172,1.05917,0.234798,0.675237,0.781516
26.182,1.089093,0.236199,0.677821,0.819081
26.192,1.096863,0.235704,0.67812,0.82928
26.202,1.094853,0.236276,0.676948,0.827416
26.212,1.100598,0.237488,0.688657,0.825025
26.222,1.099062,0.235699,0.691951,0.820723
26.232,1.091287,0.237802,0.682002,0.818066
26.242,1.090277,0.23725,0.680898,0.817799
26.252,1.028919,0.230843,0.570819,0.824349
26.262,1.017495,0.221815,0.569931,0.813186
26.272,0.985361,0.210631,0.555961,0.785797
26.282,0.988749,0.220972,0.562927,0.782246
26.292,0.989744,0.232971,0.559133,0.782743
26.302,0.990247,0.233426,0.559052,0.783302
26.312,0.989124,0.225145,0.551208,0.78984
26.322,1.001052,0.2195,0.546887,0.809222
26.332,0.986141,0.217895,0.525803,0.805312
26.342,0.983437,0.218047,0.532747,0.797361
26.352,0.992521,0.219194,0.536078,0.806022
26.362,0.998843,0.220112,0.537704,0.812473
26.372,1.001294,0.216927,0.548019,0.809449
26.382,1.01442,0.225227,0.566455,0.810832
26.392,1.003335,0.22484,0.54355,0.812823
26.402,1.02233,0.220822,0.544619,0.836532
26.412,1.041936,0.226875,0.543112,0.85976
26.422,1.04656,0.226132,0.558101,0.855965
26.432,1.062569,0.224727,0.580088,0.861422
26.442,1.045349,0.222251,0.559314,0.854709
26.452,1.0427,0.221032,0.553764,0.855403
26.462,1.025187,0.221912,0.554014,0.833566
26.472,0.991102,0.223668,0.555256,0.789903
26.482,0.984677,0.223501,0.555845,0.781455
26.492,0.988775,0.224583,0.560553,0.782956
26.502,1.005395,0.22756,0.583769,0.786289
26.512,1.029462,0.231849,0.592378,0.809399
26.522,1.025308,0.226875,0.582704,0.812552
26.532,1.024909,0.222783,0.574867,0.818739
26.542,1.028068,0.223897,0.57055,0.825389
26.552,1.035064,0.224523,0.578665,0.828308
26.562,1.042104,0.223521,0.582345,0.834802
26.572,1.036543,0.220643,0.571937,0.835839
26.582,1.032064,0.219218,0.563379,0.836483
26.592,1.034174,0.219734,0.562953,0.839235
26.602,1.031099,0.220813,0.562776,0.835279
26.612,1.042291,0.22218,0.564867,0.847309
26.622,1.046409,0.222392,0.560224,0.855373
26.632,1.036143,0.221384,0.580388,0.829295
26.642,1.044329,0.226835,0.598081,0.82551
26.652,1.049488,0.229171,0.611568,0.821517
26.662,1.050663,0.228717,0.612942,0.822121
26.672,1.039484,0.234727,0.621107,0.799785
26.682,1.013846,0.237147,0.624417,0.762725
26.692,1.003054,0.239166,0.623191,0.748699
26.702,1.006542,0.240098,0.627249,0.749692
26.712,1.001364,0.241893,0.616789,0.750859
26.722,1.002797,0.241425,0.618327,0.751656
26.732,1.00525,0.244038,0.615467,0.75642
26.742,1.026037,0.244067,0.615842,0.783532
26.752,1.029919,0.244172,0.615809,0.788601
26.762,1.028552,0.245483,0.625903,0.778398
26.772,1.02727,0.243617,0.621123,0.781116
26.782,1.015397,0.234552,0.608487,0.778306
26.792,1.008855,0.220094,0.605172,0.776604
26.802,1.010475,0.219814,0.608057,0.776537
26.812,0.993533,0.217296,0.607822,0.755276
26.822,0.985401,0.218766,0.615314,0.737933
26.832,0.997977,0.229608,0.624639,0.743683
26.842,0.995431,0.236322,0.62149,0.7408
26.852,0.988254,0.237026,0.62481,0.728064
26.862,0.99056,0.236559,0.623816,0.73219
26.872,0.979848,0.233522,0.609469,0.730833
26.882,0.961961,0.224323,0.586672,0.728604
26.892,0.962855,0.219251,0.592516,0.726597
26.902,0.955595,0.21925,0.60954,0.702533
26.912,0.918841,0.210857,0.610934,0.653122
26.922,0.913635,0.213818,0.601436,0.653671
26.932,0.891995,0.223344,0.575056,0.64427
26.942,0.896804,0.225644,0.579514,0.646147
26.952,0.923001,0.229159,0.583751,0.677239
26.962,0.929273,0.235172,0.585816,0.681955
26.972,0.927068,0.233522,0.583387,0.681603
26.982,0.915565,0.233637,0.583832,0.665442
26.992,0.907974,0.233089,0.58092,0.657737
26.999,0.925433,0.230149,0.560454,0.699535
27.011,0.891471,0.220045,0.537651,0.676189
27.021,0.893244,0.215178,0.548023,0.671754
27.031,0.896164,0.220812,0.552689,0.669991
27.041,0.889886,0.219164,0.567558,0.649416
27.051,0.900328,0.219842,0.568474,0.662644
27.061,0.891427,0.219744,0.565726,0.652924
27.071,0.916992,0.221596,0.582123,0.67298
27.081,0.970099,0.225804,0.606416,0.722748
27.091,0.967775,0.222825,0.608109,0.719125
27.101,0.971998,0.220707,0.613539,0.720859
27.111,0.967632,0.226398,0.622954,0.704971
27.121,0.960328,0.228229,0.621516,0.6956
27.131,0.9888,0.227424,0.607825,0.746024
27.141,0.964285,0.216113,0.583511,0.736652
27.151,0.963834,0.214249,0.575062,0.743221
27.161,0.983603,0.211993,0.569783,0.773227
27.171,0.979981,0.207555,0.5667,0.772098
27.181,0.977999,0.20282,0.563683,0.773051
27.191,0.977139,0.203704,0.56691,0.769362
27.201,0.980256,0.207416,0.559992,0.77736
27.211,0.979958,0.206683,0.559424,0.777589
27.221,0.974345,0.20625,0.55591,0.773158
27.231,0.977084,0.201616,0.557356,0.776788
27.241,0.947765,0.201573,0.560708,0.737043
27.251,0.944868,0.200357,0.562299,0.732429
27.261,0.932612,0.203038,0.560375,0.717301
27.271,0.931117,0.203051,0.555561,0.719098
27.281,0.93162,0.204478,0.555863,0.719111
27.291,0.928487,0.208285,0.551854,0.717051
27.301,0.932475,0.20892,0.550586,0.722992
27.311,0.933703,0.207682,0.549374,0.725849
27.321,0.927893,0.206958,0.542372,0.723869
27.331,0.912734,0.188845,0.525735,0.721819
27.341,0.908899,0.185703,0.520945,0.721269
27.351,0.897587,0.181326,0.506755,0.718318
27.361,0.895905,0.182317,0.510339,0.713414
27.371,0.898683,0.181979,0.517427,0.711888
27.381,0.892489,0.18139,0.513889,0.70679
27.391,0.891799,0.1824,0.511896,0.707106
27.401,0.879998,0.184814,0.505688,0.696074
27.411,0.87809,0.183049,0.502439,0.696484
27.421,0.874057,0.182583,0.504938,0.689694
27.431,0.876609,0.176349,0.509739,0.691021
27.441,0.864476,0.17788,0.501935,0.680983
27.451,0.852314,0.176256,0.499769,0.667536
27.461,0.838243,0.161574,0.501818,0.651709
27.471,0.840492,0.165794,0.505314,0.650843
27.481,0.847181,0.165847,0.516373,0.650823
27.491,0.837276,0.166637,0.516565,0.637514
27.501,0.82325,0.169437,0.51498,0.619537
27.512,0.813319,0.173034,0.519328,0.601536
27.521,0.797927,0.17109,0.493749,0.603016
27.531,0.804167,0.167841,0.496453,0.609957
27.541,0.799107,0.167833,0.486001,0.611725
27.551,0.826043,0.168933,0.482906,0.648545
27.561,0.831059,0.169066,0.477321,0.658969
27.571,0.797134,0.160564,0.459944,0.630947
27.581,0.790381,0.157867,0.444321,0.634317
27.591,0.815615,0.158832,0.44349,0.66582
27.601,0.831324,0.161375,0.43404,0.690411
27.611,0.878301,0.160815,0.425127,0.751544
27.621,0.936388,0.163785,0.442265,0.808949
27.631,0.940648,0.164699,0.441176,0.814283
27.641,0.97464,0.182041,0.439649,0.850584
27.651,0.999589,0.182428,0.437641,0.879982
27.661,1.028296,0.196415,0.450008,0.903497
27.671,1.072459,0.200231,0.449254,0.95302
27.681,1.113518,0.199223,0.462496,0.993141
27.691,1.139641,0.200028,0.456386,1.02493
27.701,1.165669,0.194849,0.456666,1.054645
27.711,1.192518,0.193992,0.455716,1.084799
27.721,1.226135,0.194005,0.459456,1.12012
27.731,1.245254,0.196023,0.457587,1.141424
27.741,1.283346,0.203174,0.452401,1.183651
27.751,1.295516,0.205798,0.45768,1.194378
27.761,1.293364,0.206071,0.447555,1.195835
27.771,1.295935,0.223347,0.445724,1.1962
27.782,1.306447,0.225894,0.468786,1.198338
27.791,1.305688,0.223899,0.46612,1.198926
27.802,1.277626,0.223442,0.466099,1.168398
27.811,1.275904,0.223481,0.460698,1.168651
27.821,1.254356,0.226182,0.462549,1.143809
27.831,1.257597,0.226783,0.490232,1.135691
27.841,1.243595,0.225698,0.496528,1.117608
27.851,1.235898,0.227536,0.50315,1.105673
27.862,1.252211,0.234446,0.502335,1.122821
27.871,1.237614,0.235258,0.486962,1.113198
27.882,1.22939,0.235204,0.48772,1.103725
27.891,1.229958,0.23484,0.494829,1.101268
27.902,1.243262,0.236687,0.512935,1.107509
27.912,1.242632,0.242474,0.531282,1.09685
27.922,1.27422,0.242037,0.547248,1.124977
27.931,1.255623,0.251239,0.534891,1.107862
27.942,1.274266,0.255517,0.540864,1.125137
27.951,1.280051,0.25673,0.549955,1.127018
27.962,1.276973,0.25739,0.556492,1.120146
27.971,1.294062,0.25462,0.556794,1.140064
27.982,1.300428,0.259354,0.556751,1.146245
27.992,1.296633,0.262788,0.554637,1.142181
28.002,1.285073,0.259719,0.563703,1.125255
28.012,1.360994,0.258726,0.571173,1.207943
28.022,1.348349,0.258902,0.589533,1.18468
28.032,1.349804,0.258569,0.585715,1.188298
28.042,1.346834,0.258548,0.597717,1.178919
28.052,1.348907,0.263468,0.597538,1.180289
28.062,1.40785,0.263701,0.589071,1.251199
28.072,1.417921,0.264774,0.586485,1.263499
28.082,1.426243,0.264816,0.606247,1.263529
28.092,1.469086,0.26534,0.604153,1.312557
28.102,1.468785,0.262602,0.60674,1.311577
28.112,1.484593,0.275078,0.620977,1.320127
28.121,1.475517,0.280779,0.617918,1.310149
28.131,1.478316,0.286641,0.640408,1.301205
28.141,1.47106,0.277055,0.640504,1.294996
28.151,1.459906,0.276701,0.63697,1.284146
28.161,1.454921,0.275553,0.636616,1.2789
28.171,1.457322,0.276837,0.645365,1.27697
28.181,1.433216,0.282621,0.636958,1.252405
28.191,1.421179,0.279993,0.651554,1.231596
28.201,1.39277,0.280466,0.651854,1.19843
28.211,1.374898,0.279843,0.654691,1.176185
28.222,1.351755,0.279923,0.654966,1.148871
28.232,1.322626,0.278465,0.663343,1.109852
28.242,1.28384,0.281476,0.680773,1.051459
28.252,1.276389,0.28103,0.695114,1.032961
28.262,1.266052,0.279447,0.697313,1.019093
28.272,1.241222,0.265276,0.6995,0.990434
28.282,1.212765,0.265165,0.690552,0.961054
28.292,1.194332,0.263118,0.689564,0.938989
28.302,1.19926,0.263297,0.691732,0.943613
28.312,1.202735,0.263591,0.694698,0.945773
28.322,1.193302,0.263347,0.691792,0.935971
28.332,1.194317,0.264295,0.675772,0.948617
28.342,1.195544,0.263743,0.677271,0.949246
28.352,1.19825,0.264486,0.690379,0.942988
28.362,1.194555,0.254995,0.688802,0.942067
28.372,1.201105,0.253073,0.688445,0.951131
28.382,1.22123,0.25615,0.686287,0.977139
28.392,1.218562,0.255922,0.677503,0.979993
28.402,1.214011,0.252149,0.666563,0.982821
28.412,1.207167,0.249537,0.651194,0.985359
28.422,1.189617,0.248973,0.641023,0.970716
28.432,1.188264,0.241142,0.641551,0.970687
28.442,1.178424,0.234866,0.63558,0.964136
28.452,1.169832,0.235337,0.619385,0.964099
28.462,1.17796,0.234103,0.615519,0.97669
28.472,1.158286,0.231915,0.599862,0.963332
28.482,1.16533,0.224509,0.59936,0.973837
28.492,1.156278,0.216803,0.594737,0.967607
28.502,1.155136,0.219836,0.591321,0.967652
28.512,1.100351,0.218076,0.580546,0.908945
28.522,1.083701,0.222761,0.567126,0.896189
28.532,1.086703,0.227146,0.563605,0.900932
28.542,1.086573,0.227957,0.552126,0.907653
28.552,1.094842,0.22202,0.565948,0.910543
28.562,1.061893,0.223794,0.593476,0.851657
28.572,1.057241,0.225822,0.610909,0.832798
28.582,1.050424,0.226008,0.59842,0.833189
28.592,1.014879,0.224528,0.595715,0.790373
28.602,1.014761,0.221943,0.592641,0.793258
28.612,0.997761,0.208756,0.580422,0.784256
28.622,1.003492,0.196732,0.585299,0.791024
28.632,0.987186,0.191008,0.567694,0.784713
28.642,1.002445,0.196618,0.592172,0.784582
28.652,0.998257,0.198432,0.589385,0.780875
28.662,0.978679,0.196532,0.585036,0.759552
28.672,0.948026,0.195772,0.574971,0.727897
28.682,0.970336,0.191297,0.605629,0.733601
28.692,0.964404,0.202518,0.592808,0.73324
28.702,0.985126,0.203444,0.616108,0.741279
28.712,0.983587,0.211102,0.627288,0.727591
28.722,1.000239,0.214858,0.671212,0.709781
28.732,1.003047,0.214034,0.678243,0.707304
28.742,0.988085,0.210301,0.664019,0.700831
28.752,0.9606,0.208175,0.660223,0.665973
28.762,0.973483,0.208151,0.680222,0.66456
28.772,0.976628,0.206537,0.678913,0.670985
28.782,1.006577,0.213836,0.718944,0.671262
28.792,1.019439,0.226413,0.733354,0.670958
28.802,1.029156,0.232045,0.753011,0.662036
28.812,1.032416,0.234445,0.770574,0.64586
28.822,1.051564,0.233404,0.800456,0.640764
28.831,1.029153,0.232189,0.802629,0.600857
28.842,1.048894,0.23226,0.817126,0.615255
28.851,1.041127,0.235499,0.80021,0.623017
28.862,1.041594,0.235141,0.802979,0.620364
28.871,1.043736,0.236246,0.802702,0.623894
28.882,1.033505,0.235775,0.803544,0.605689
28.891,1.026236,0.242176,0.804077,0.58989
28.902,1.025025,0.242486,0.802464,0.589856
28.912,1.032562,0.241271,0.809854,0.593387
28.922,1.029966,0.245936,0.809235,0.587779
28.932,1.037757,0.245882,0.821357,0.584683
28.942,1.06709,0.245569,0.857413,0.585849
28.952,1.077325,0.24323,0.868099,0.589807
28.962,1.073432,0.246641,0.865054,0.585752
28.972,1.089493,0.246221,0.865715,0.613927
28.982,1.092342,0.259722,0.864585,0.615019
28.992,1.096114,0.25894,0.862873,0.624392
29.002,1.099198,0.261793,0.872269,0.615507
29.012,1.099942,0.262024,0.872585,0.616287
29.022,1.096899,0.256026,0.870522,0.616304
29.032,1.106238,0.253889,0.876992,0.62465
29.042,1.101549,0.253035,0.877634,0.615745
29.052,1.087618,0.256762,0.866799,0.604686
29.062,1.078345,0.256053,0.855475,0.604506
29.072,1.054258,0.256433,0.838863,0.584817
29.082,1.05836,0.257713,0.842749,0.586076
29.092,1.093617,0.263945,0.843625,0.643916
29.102,1.095486,0.264403,0.843706,0.646792
29.112,1.092082,0.267303,0.844601,0.638625
29.122,1.08534,0.267249,0.84278,0.629495
29.132,1.078653,0.264176,0.838992,0.624336
29.142,1.073907,0.261422,0.828668,0.631066
29.152,1.07937,0.258681,0.826524,0.64419
29.162,1.07892,0.256513,0.823798,0.647786
29.172,1.078196,0.247709,0.825334,0.648052
29.182,1.065546,0.247918,0.799156,0.659753
29.192,1.076938,0.239304,0.818949,0.657154
29.202,1.0577,0.238691,0.792413,0.658662
29.212,1.04887,0.232787,0.768098,0.675251
29.222,1.062629,0.229757,0.701211,0.764653
29.232,1.098085,0.241367,0.735183,0.779126
29.242,1.122703,0.237792,0.766837,0.784778
29.252,1.144148,0.231641,0.801412,0.783043
29.262,1.158548,0.23594,0.804969,0.799119
29.272,1.161386,0.241141,0.81249,0.794059
29.282,1.144031,0.246154,0.789133,0.790876
29.292,1.129802,0.249614,0.767934,0.790204
29.302,1.130121,0.248188,0.76397,0.794937
29.312,1.107454,0.248884,0.733166,0.79182
29.322,1.102929,0.253003,0.719864,0.79639
29.332,1.112027,0.252381,0.717401,0.811322
29.342,1.095478,0.25302,0.698741,0.804869
29.352,1.093421,0.247079,0.695493,0.806729
29.362,1.078513,0.247008,0.698908,0.783393
29.372,1.079092,0.247097,0.699997,0.78319
29.382,1.08442,0.249963,0.703618,0.786389
29.392,1.098597,0.245694,0.722584,0.790204
29.402,1.103856,0.247784,0.7224,0.797019
29.412,1.112168,0.253057,0.720953,0.808151
29.422,1.107576,0.251195,0.72217,0.801308
29.432,1.096537,0.253857,0.711675,0.79465
29.442,1.072722,0.253435,0.673781,0.795313
29.452,1.055766,0.257187,0.661894,0.781276
29.462,1.057265,0.257106,0.660137,0.784809
29.472,1.056567,0.257136,0.677272,0.769102
29.482,1.047334,0.249306,0.687577,0.749662
29.492,1.044796,0.25108,0.704082,0.72995
29.502,1.042516,0.246894,0.700902,0.731177
29.512,1.046823,0.250274,0.706081,0.731199
29.522,1.047959,0.251501,0.707231,0.731294
29.532,1.042125,0.252114,0.704171,0.725677
29.542,1.043399,0.25147,0.702482,0.729358
29.552,1.061698,0.246815,0.72289,0.737371
29.562,1.08989,0.246819,0.756005,0.74525
29.572,1.086996,0.249228,0.759736,0.736373
29.582,1.088458,0.248331,0.75962,0.738952
29.592,1.104546,0.247525,0.806614,0.712831
29.602,1.150864,0.248456,0.822335,0.765847
29.612,1.156174,0.247654,0.82094,0.77554
29.622,1.190476,0.258228,0.840917,0.802128
29.632,1.250661,0.262334,0.887561,0.841171
29.642,1.252257,0.271779,0.887509,0.840602
29.652,1.262012,0.271113,0.901518,0.840498
29.662,1.282034,0.270715,0.902924,0.868937
29.672,1.301151,0.294052,0.908801,0.88352
29.682,1.292588,0.295443,0.903531,0.875859
29.692,1.275216,0.29257,0.877264,0.878059
29.702,1.301981,0.292615,0.872219,0.921284
29.712,1.362653,0.290249,0.878012,1.000836
29.722,1.336671,0.291628,0.878459,0.96434
29.732,1.309873,0.282883,0.859706,0.946915
29.742,1.306669,0.281173,0.852354,0.949641
29.752,1.293536,0.281603,0.818694,0.96108
29.762,1.275378,0.277841,0.809925,0.945207
29.772,1.27314,0.274203,0.80062,0.95116
29.782,1.290336,0.274095,0.814665,0.962372
29.792,1.292068,0.266644,0.816283,0.965412
29.802,1.287122,0.265958,0.812523,0.962161
29.812,1.289944,0.263855,0.810015,0.968613
29.822,1.318282,0.260983,0.808619,1.007914
29.832,1.333865,0.264065,0.803802,1.031197
29.842,1.327692,0.262424,0.803999,1.023468
29.852,1.337325,0.261269,0.824224,1.020211
29.862,1.33725,0.261198,0.820675,1.022988
29.872,1.346755,0.261835,0.819847,1.035877
29.882,1.337706,0.258315,0.817393,1.026937
29.892,1.340757,0.259171,0.808189,1.037926
29.902,1.341769,0.258307,0.805147,1.041806
29.912,1.332597,0.253024,0.800871,1.034601
29.922,1.330987,0.248897,0.802445,1.032308
29.932,1.345991,0.245845,0.802852,1.05199
29.942,1.357178,0.245883,0.8028,1.066296
29.952,1.358837,0.241089,0.806673,1.066579
29.962,1.373733,0.243554,0.825029,1.071051
29.972,1.36683,0.246412,0.814378,1.069717
29.982,1.36101,0.246823,0.805143,1.069192
29.992,1.354408,0.245095,0.787074,1.074645
30.002,1.368426,0.246573,0.780925,1.096333
30.012,1.371002,0.244928,0.77622,1.103241
30.022,1.37157,0.244585,0.779751,1.101531
30.032,1.372924,0.254694,0.777919,1.102221
30.042,1.386759,0.255116,0.779903,1.11793
30.052,1.366004,0.254866,0.754139,1.110082
30.062,1.351477,0.25497,0.724945,1.111727
30.072,1.355306,0.257287,0.721531,1.118056
30.082,1.348555,0.257364,0.710983,1.116632
30.092,1.321339,0.251934,0.640412,1.12798
30.102,1.292206,0.252157,0.630408,1.099454
30.112,1.284868,0.249476,0.62847,1.092553
30.122,1.254775,0.242924,0.60018,1.074818
30.132,1.21432,0.240883,0.54884,1.056089
30.142,1.212055,0.228231,0.54868,1.05638
30.152,1.210371,0.228465,0.542949,1.057359
30.162,1.193312,0.243567,0.539101,1.036358
30.172,1.181095,0.220486,0.533088,1.030625
30.182,1.184935,0.21848,0.53538,1.034265
30.192,1.191707,0.218399,0.535164,1.042145
30.202,1.141076,0.221039,0.532086,0.984926
30.212,1.077953,0.220919,0.540941,0.905847
30.222,1.0904,0.219995,0.59608,0.886151
30.232,1.083259,0.217547,0.584247,0.885877
30.242,1.076138,0.226225,0.573794,0.881847
30.252,1.074868,0.226843,0.578899,0.876789
30.262,1.076164,0.22808,0.578435,0.878363
30.272,1.072725,0.231933,0.568317,0.87975
30.282,1.06211,0.224672,0.569493,0.867915
30.292,1.056527,0.221386,0.565396,0.864619
30.302,1.05829,0.22174,0.56503,0.86692
30.312,1.048741,0.221413,0.565112,0.855268
30.322,1.025696,0.223072,0.56235,0.828283
30.332,1.003872,0.218291,0.568088,0.798363
30.342,1.003407,0.220273,0.566304,0.798502
30.352,0.994692,0.221122,0.54826,0.799956
30.362,1.019528,0.221782,0.577689,0.810263
30.372,1.014817,0.221682,0.578213,0.803978
30.382,1.026775,0.221664,0.598372,0.804414
30.392,1.017851,0.227627,0.594182,0.794453
30.402,0.999811,0.224778,0.58989,0.775323
30.412,1.005613,0.226347,0.596891,0.77701
30.422,1.003206,0.227593,0.599078,0.771835
30.432,1.000726,0.230993,0.613673,0.755976
30.442,0.980215,0.234131,0.613537,0.72772
30.452,0.990911,0.235381,0.630316,0.727463
30.462,0.983852,0.234321,0.617706,0.729039
30.472,1.003853,0.231827,0.632414,0.744332
30.482,1.005007,0.229533,0.635307,0.744136
30.492,1.000785,0.232924,0.64318,0.730504
30.502,1.002074,0.23452,0.670636,0.706681
30.512,1.002223,0.231476,0.678113,0.700738
30.522,1.003685,0.231151,0.680008,0.7011
30.532,0.999271,0.222144,0.681378,0.696361
30.542,0.995869,0.219864,0.679061,0.694472
30.552,1.002706,0.220306,0.680183,0.703019
30.562,1.001094,0.219676,0.674398,0.706484
30.572,0.991508,0.214539,0.666417,0.702104
30.582,0.995629,0.213681,0.671892,0.702979
30.592,0.985622,0.213192,0.672194,0.688589
30.602,0.967299,0.209777,0.672329,0.663049
30.612,0.969736,0.210792,0.670818,0.667801
30.622,0.964906,0.207195,0.653816,0.678703
30.632,0.960614,0.207077,0.65891,0.667634
30.642,0.967023,0.207397,0.658376,0.677246
30.653,0.958867,0.208547,0.654393,0.669107
30.662,0.946676,0.19289,0.655877,0.654839
30.672,0.945085,0.190842,0.653133,0.655883
30.682,0.94397,0.188934,0.657411,0.650534
30.692,0.950624,0.190099,0.67625,0.640496
30.702,0.948829,0.191059,0.673354,0.640599
30.712,0.96536,0.192954,0.698389,0.63792
30.722,0.91881,0.187644,0.631315,0.640657
30.732,0.965943,0.196803,0.667442,0.669952
30.742,0.963276,0.191456,0.647566,0.686952
30.752,0.978614,0.189793,0.653491,0.703287
30.762,0.978617,0.188136,0.654874,0.70245
30.772,0.963505,0.18283,0.652919,0.684551
30.782,1.003577,0.18545,0.65692,0.735684
30.792,1.055138,0.18518,0.660438,0.801776
30.802,1.088864,0.186276,0.656289,0.848652
30.812,1.125749,0.189472,0.690354,0.868806
30.822,1.113914,0.198669,0.69088,0.850894
30.832,1.116939,0.203679,0.706395,0.840877
30.842,1.15108,0.201715,0.720704,0.874575
30.852,1.161456,0.203679,0.711171,0.895394
30.862,1.155793,0.20914,0.718374,0.880941
30.872,1.144299,0.209086,0.711327,0.871618
30.882,1.137754,0.20949,0.705016,0.868073
30.892,1.140875,0.203267,0.717249,0.863616
30.902,1.141758,0.203144,0.71725,0.86481
30.912,1.16314,0.201506,0.718797,0.891975
30.922,1.215376,0.20213,0.729589,0.95078
30.932,1.230664,0.204651,0.727034,0.971634
30.942,1.241398,0.213942,0.738946,0.974299
30.952,1.238109,0.215335,0.728079,0.97798
30.962,1.22241,0.213641,0.707702,0.973552
30.972,1.21879,0.213113,0.707638,0.969165
30.982,1.218455,0.216544,0.707803,0.967862
30.992,1.208594,0.213978,0.695589,0.964919
31.002,1.213993,0.212131,0.704682,0.965507
31.012,1.225695,0.211559,0.713369,0.974
31.022,1.228712,0.209539,0.711133,0.979856
31.032,1.226529,0.210154,0.715147,0.97405
31.042,1.240313,0.210439,0.733246,0.977978
31.052,1.230901,0.209699,0.732693,0.966594
31.062,1.233405,0.210473,0.747774,0.958032
31.072,1.234306,0.214514,0.747614,0.95842
31.082,1.241,0.224742,0.753091,0.96043
31.092,1.240142,0.227316,0.752375,0.959277
31.102,1.250253,0.229747,0.77132,0.956773
31.112,1.25026,0.230499,0.778706,0.950598
31.122,1.267348,0.245093,0.797821,0.95372
31.132,1.267307,0.24256,0.797596,0.954501
31.142,1.264696,0.246714,0.79716,0.950328
31.152,1.26467,0.24576,0.79704,0.950642
31.162,1.266292,0.245691,0.795177,0.954371
31.172,1.262566,0.243687,0.793568,0.951283
31.182,1.265534,0.245762,0.7898,0.957806
31.192,1.254776,0.244082,0.771602,0.958914
31.202,1.254819,0.242956,0.772396,0.958618
31.212,1.231007,0.24118,0.73262,0.959416
31.222,1.231464,0.245626,0.735083,0.956988
31.232,1.180225,0.237876,0.676622,0.937298
31.242,1.169692,0.236182,0.678813,0.922828
31.252,1.148669,0.238295,0.664477,0.906161
31.262,1.136232,0.238859,0.646168,0.903569
31.272,1.145436,0.252698,0.660218,0.901266
31.282,1.110699,0.258845,0.655039,0.858823
31.292,1.070429,0.262509,0.664748,0.796879
31.302,1.02972,0.266246,0.662638,0.741854
31.312,1.047656,0.300557,0.696827,0.722275
31.322,1.049909,0.299659,0.706024,0.716967
31.332,1.044541,0.296042,0.700802,0.715752
31.342,1.026542,0.296478,0.694158,0.695725
31.352,1.029996,0.297809,0.696417,0.697999
31.362,1.027118,0.293807,0.693696,0.698165
31.372,1.036825,0.299213,0.699058,0.704837
31.382,1.037946,0.299395,0.70075,0.70473
31.392,1.046872,0.303851,0.69238,0.724034
31.402,1.047744,0.304536,0.692777,0.724627
31.412,1.050236,0.304657,0.697662,0.723497
31.422,1.009527,0.304633,0.686681,0.674399
31.432,0.983184,0.306375,0.690302,0.629498
31.442,0.974014,0.299746,0.681687,0.62782
31.452,0.997091,0.305569,0.688021,0.653792
31.462,1.004448,0.309903,0.693216,0.657516
31.472,1.061888,0.335595,0.707989,0.716752
31.482,1.07187,0.333534,0.715558,0.725009
31.492,1.108808,0.336964,0.752887,0.740994
31.502,1.096275,0.336567,0.734614,0.740867
31.512,1.113128,0.338732,0.731217,0.767877
31.522,1.105532,0.342539,0.730674,0.755635
31.532,1.106758,0.346098,0.726996,0.759346
31.542,1.09319,0.348122,0.716124,0.749028
31.552,1.097484,0.35316,0.72145,0.747835
31.562,1.088537,0.354073,0.704894,0.750114
31.572,1.102606,0.357642,0.708575,0.765344
31.582,1.097614,0.352946,0.70605,0.762678
31.592,1.102073,0.351825,0.706473,0.769208
31.602,1.101677,0.351372,0.689946,0.783713
31.612,1.099545,0.3519,0.68302,0.786542
31.622,1.073772,0.341251,0.656842,0.777876
31.632,1.077635,0.344221,0.666138,0.773996
31.642,1.098281,0.344206,0.697254,0.775617
31.652,1.115063,0.345008,0.706192,0.790967
31.662,1.119464,0.345025,0.704782,0.798398
31.672,1.12266,0.354601,0.706477,0.797191
31.682,1.122076,0.355139,0.711096,0.792006
31.692,1.117658,0.358215,0.711092,0.78434
31.702,1.152303,0.367452,0.739912,0.803314
31.712,1.168226,0.376645,0.753284,0.809601
31.722,1.176949,0.372858,0.752529,0.824552
31.732,1.218084,0.402537,0.801,0.824676
31.742,1.21867,0.402739,0.804611,0.821924
31.752,1.234716,0.448972,0.804614,0.821915
31.762,1.244362,0.471911,0.804677,0.823549
31.772,1.24131,0.476205,0.794391,0.826451
31.782,1.263524,0.47889,0.788821,0.863087
31.792,1.292381,0.476016,0.81269,0.884982
31.802,1.307282,0.477821,0.805985,0.911625
31.812,1.264551,0.454779,0.75545,0.906399
31.822,1.263039,0.474594,0.736782,0.909495
31.832,1.262304,0.475144,0.735729,0.909039
31.842,1.260617,0.475757,0.738121,0.904427
31.852,1.240311,0.470679,0.749765,0.868726
31.862,1.25321,0.470716,0.740089,0.895115
31.872,1.255283,0.470471,0.742153,0.896438
31.882,1.256802,0.471012,0.740805,0.899393
31.892,1.265993,0.473953,0.743843,0.908187
31.902,1.266246,0.475891,0.74459,0.906914
31.912,1.24122,0.485588,0.737805,0.872052
31.922,1.23781,0.487263,0.737436,0.866567
31.932,1.243113,0.498484,0.737583,0.867649
31.942,1.244883,0.495863,0.741697,0.868182
31.952,1.229047,0.487976,0.733965,0.856581
31.962,1.222115,0.490994,0.735488,0.843532
31.972,1.160588,0.47176,0.720171,0.778307
31.982,1.164023,0.470833,0.72682,0.777816
31.992,1.153101,0.4768,0.712292,0.771325
32.002,1.153998,0.478493,0.711566,0.772289
32.012,1.137751,0.47826,0.709533,0.749873
32.022,1.1499,0.476998,0.718065,0.761002
32.032,1.182675,0.479816,0.779692,0.748717
32.042,1.196717,0.47976,0.802492,0.746972
32.052,1.201712,0.476949,0.807425,0.751463
32.062,1.221784,0.478437,0.808494,0.781147
32.072,1.22257,0.479649,0.815348,0.774482
32.082,1.220244,0.481717,0.808452,0.776756
32.092,1.227386,0.481707,0.813889,0.782317
32.102,1.220571,0.481297,0.809575,0.77636
32.112,1.225947,0.483422,0.822968,0.769398
32.122,1.226525,0.484421,0.82528,0.767211
32.132,1.265742,0.481757,0.834433,0.820812
32.142,1.270628,0.487286,0.838319,0.821139
32.152,1.300066,0.486569,0.876947,0.827277
32.162,1.310121,0.488413,0.882159,0.83646
32.172,1.318104,0.491704,0.883191,0.845929
32.182,1.314899,0.49005,0.879278,0.84598
32.192,1.320851,0.487884,0.883681,0.851895
32.202,1.31542,0.484535,0.860486,0.868975
32.212,1.291164,0.474547,0.838633,0.859422
32.222,1.29609,0.474428,0.842257,0.863349
32.232,1.265233,0.454301,0.793768,0.874276
32.242,1.270999,0.455876,0.785134,0.889483
32.252,1.254028,0.402254,0.785475,0.890959
32.262,1.247612,0.358527,0.792632,0.894275
32.272,1.285954,0.324126,0.792731,0.95927
32.282,1.268381,0.290823,0.798649,0.941474
32.292,1.269945,0.292916,0.808397,0.934589
32.302,1.261216,0.294105,0.806239,0.9242
32.312,1.264001,0.29282,0.813442,0.9221
32.322,1.257515,0.271848,0.815627,0.917713
32.332,1.269221,0.270859,0.815618,0.933983
32.342,1.268485,0.271734,0.817895,0.930732
32.352,1.26877,0.270826,0.808861,0.939242
32.362,1.244541,0.263352,0.809362,0.907998
32.372,1.244618,0.261842,0.809446,0.908465
32.382,1.238709,0.261243,0.805802,0.90379
32.392,1.24849,0.261169,0.802217,0.920308
32.402,1.25945,0.262763,0.816032,0.922638
32.412,1.273089,0.26267,0.855266,0.905694
32.422,1.2995,0.263179,0.893698,0.905946
32.432,1.321883,0.263341,0.918848,0.913096
32.442,1.325514,0.274307,0.917252,0.916729
32.452,1.330528,0.273929,0.923891,0.917439
32.462,1.328482,0.284645,0.920664,0.91445
32.472,1.329172,0.283748,0.922536,0.913845
32.482,1.318029,0.279328,0.907675,0.913949
32.492,1.318885,0.277607,0.906446,0.916923
32.502,1.317005,0.280073,0.90553,0.914373
32.512,1.314792,0.282789,0.899108,0.916686
32.522,1.31088,0.280994,0.897877,0.912833
32.532,1.268991,0.2796,0.843751,0.905675
32.542,1.256443,0.280303,0.826437,0.903926
32.552,1.245413,0.279706,0.82133,0.893439
32.562,1.231038,0.281191,0.819752,0.874296
32.572,1.221735,0.277351,0.806463,0.874831
32.582,1.216238,0.276916,0.806279,0.867448
32.592,1.216864,0.276823,0.809344,0.8655
32.602,1.212866,0.275646,0.805983,0.863398
32.612,1.193672,0.274488,0.786086,0.855324
32.622,1.191904,0.274607,0.781159,0.857331
32.632,1.167216,0.273131,0.767706,0.835715
32.642,1.14258,0.266773,0.73221,0.835577
32.652,1.082178,0.265153,0.688888,0.791351
32.662,1.078593,0.266638,0.686332,0.788172
32.672,1.074343,0.256115,0.68794,0.784446
32.682,1.070973,0.255147,0.687464,0.780561
32.692,1.066044,0.251285,0.684994,0.777232
32.702,1.055232,0.246805,0.68532,0.763504
32.712,1.052156,0.246871,0.686673,0.758002
32.722,1.034557,0.250004,0.682767,0.73596
32.732,1.029329,0.232555,0.685393,0.731896
32.742,1.019163,0.228097,0.684666,0.719651
32.752,1.029796,0.211941,0.699413,0.725523
32.762,1.038282,0.215579,0.701439,0.734532
32.772,1.007308,0.208576,0.71814,0.674863
32.782,1.005972,0.20692,0.740046,0.649227
32.792,0.980868,0.206207,0.715335,0.638653
32.802,1.005226,0.20421,0.716545,0.67479
32.812,1.024207,0.212343,0.729287,0.68706
32.822,1.072819,0.209793,0.740348,0.747537
32.832,1.07866,0.213367,0.740993,0.754262
32.842,1.069926,0.211414,0.733003,0.750168
32.852,1.090378,0.211519,0.732484,0.77952
32.862,1.132561,0.219068,0.7523,0.817771
32.872,1.134752,0.219569,0.749707,0.823038
32.882,1.139553,0.219949,0.756706,0.823164
32.892,1.133197,0.222485,0.76006,0.810521
32.902,1.132558,0.222842,0.744849,0.823547
32.912,1.103777,0.219448,0.699544,0.825108
32.922,1.085879,0.22359,0.647223,0.84276
32.932,1.056194,0.219341,0.60838,0.835051
32.942,1.048292,0.215445,0.603852,0.829375
32.953,1.045253,0.212911,0.604526,0.825695
32.962,1.068692,0.19613,0.60997,0.855319
32.972,1.07383,0.201568,0.621023,0.852532
32.982,1.076061,0.205377,0.619035,0.855876
32.992,1.06455,0.203606,0.603469,0.853016
33.002,1.081873,0.200519,0.599112,0.87824
33.012,1.107858,0.200489,0.618801,0.896794
33.022,1.101039,0.204847,0.606563,0.89577
33.032,1.096554,0.204927,0.599323,0.895125
33.042,1.103986,0.204028,0.58788,0.911897
33.052,1.1275,0.205789,0.610473,0.925328
33.062,1.126565,0.211358,0.61169,0.922124
33.072,1.133643,0.211855,0.618116,0.926389
33.082,1.146216,0.211689,0.621614,0.939466
33.092,1.15197,0.212821,0.621702,0.946166
33.102,1.153757,0.216119,0.62422,0.945937
33.112,1.155408,0.215769,0.624347,0.947947
33.122,1.166165,0.216022,0.626602,0.959502
33.132,1.166619,0.217536,0.634754,0.954341
33.142,1.165214,0.217572,0.630621,0.955354
33.152,1.172068,0.216157,0.633023,0.962445
33.162,1.177485,0.214691,0.634108,0.968652
33.172,1.176281,0.216211,0.630327,0.969319
33.182,1.177342,0.219888,0.631038,0.969317
33.192,1.185423,0.221446,0.636018,0.975536
33.202,1.182175,0.220695,0.631342,0.974801
33.212,1.183145,0.221881,0.630195,0.976451
33.222,1.179898,0.218701,0.626866,0.975382
33.232,1.190179,0.223149,0.631926,0.983565
33.243,1.195899,0.223353,0.631104,0.990957
33.253,1.186506,0.225133,0.613351,0.99041
33.263,1.177776,0.220689,0.610821,0.982522
33.273,1.164748,0.223721,0.592278,0.977647
33.283,1.15825,0.222792,0.554054,0.992436
33.293,1.13952,0.221641,0.551324,0.972329
33.303,1.122007,0.221488,0.555165,0.949544
33.313,1.097346,0.214661,0.518928,0.942764
33.323,1.053943,0.217281,0.516273,0.892775
33.333,1.046568,0.21538,0.529392,0.876732
33.342,1.057268,0.227051,0.529208,0.88668
33.352,1.025885,0.227484,0.529627,0.848637
33.362,0.985795,0.218377,0.509308,0.815297
33.372,0.984719,0.2178,0.514601,0.810815
33.382,0.990417,0.217632,0.526428,0.810208
33.392,0.96885,0.216066,0.524557,0.785383
33.402,0.981222,0.215985,0.551167,0.782536
33.412,0.985873,0.215725,0.55862,0.783167
33.422,0.964489,0.21072,0.553071,0.761543
33.432,0.966578,0.204939,0.556283,0.763428
33.443,0.969087,0.195377,0.556241,0.769125
33.453,1.017635,0.19573,0.574649,0.816731
33.463,0.981916,0.19587,0.55645,0.784956
33.473,0.96915,0.193053,0.550348,0.774015
33.483,0.963511,0.189114,0.546126,0.770932
33.493,0.963684,0.191185,0.544838,0.771549
33.503,0.930311,0.191269,0.544733,0.729494
33.513,0.925845,0.186469,0.561377,0.712233
33.523,0.927814,0.183649,0.563365,0.713955
33.533,0.960806,0.192326,0.567639,0.750963
33.542,0.930638,0.192157,0.566085,0.713239
33.552,0.935841,0.191132,0.588059,0.702463
33.562,0.933857,0.183465,0.5867,0.703003
33.572,0.93223,0.185432,0.585107,0.701653
33.582,0.917409,0.189977,0.598441,0.668891
33.592,0.918206,0.186597,0.600691,0.668921
33.602,0.919659,0.18442,0.60402,0.668521
33.612,0.921655,0.192677,0.605536,0.66757
33.622,0.896192,0.19191,0.605327,0.632384
33.632,0.893881,0.190682,0.601554,0.633085
33.643,0.90153,0.194008,0.601068,0.6433
33.653,0.904568,0.196584,0.598075,0.649541
33.663,0.890286,0.194793,0.600058,0.628169
33.673,0.891778,0.194382,0.601549,0.628986
33.683,0.89264,0.196459,0.604705,0.626532
33.693,0.896045,0.199356,0.606769,0.62848
33.703,0.900646,0.201555,0.612711,0.628588
33.713,0.895384,0.202351,0.616547,0.616957
33.723,0.902994,0.203376,0.619207,0.624996
33.733,0.896011,0.200687,0.615533,0.619418
33.742,0.899924,0.200014,0.621988,0.61886
33.752,0.888311,0.209258,0.621156,0.59956
33.762,0.90129,0.211006,0.637423,0.601242
33.772,0.903129,0.209202,0.63943,0.602499
33.782,0.892663,0.214474,0.633572,0.59113
33.792,0.909968,0.216094,0.63383,0.61612
33.802,0.906748,0.217436,0.63248,0.612276
33.812,0.897542,0.217487,0.625783,0.605539
33.822,0.894529,0.219189,0.612123,0.614364
33.832,0.892679,0.216818,0.607586,0.617014
33.842,0.892487,0.207552,0.606353,0.621122
33.852,0.894423,0.220333,0.611297,0.614623
33.862,0.924518,0.224576,0.642276,0.625924
33.872,0.920021,0.24324,0.633408,0.621343
33.882,0.933377,0.243241,0.647912,0.626288
33.892,0.931291,0.242284,0.644967,0.626594
33.902,0.952667,0.252427,0.651683,0.64743
33.913,0.973016,0.264275,0.66257,0.661756
33.922,1.001071,0.276243,0.672636,0.688037
33.932,1.002622,0.274922,0.67551,0.688008
33.942,1.021813,0.276449,0.703439,0.687641
33.952,0.987,0.294468,0.697717,0.632968
33.962,1.032005,0.297865,0.694668,0.702671
33.972,1.075533,0.300031,0.738902,0.721648
33.982,1.071784,0.298056,0.739195,0.716572
33.992,1.077717,0.309817,0.731597,0.728185
34.003,1.08028,0.30972,0.735989,0.727598
34.013,1.093137,0.309523,0.732878,0.749689
34.022,1.118932,0.309294,0.739025,0.781145
34.033,1.107142,0.307957,0.76214,0.741666
34.042,1.113596,0.307681,0.767528,0.745875
34.052,1.102549,0.306444,0.749928,0.747873
34.062,1.104032,0.30695,0.75293,0.746836
34.073,1.121956,0.313113,0.767701,0.755898
34.082,1.117328,0.309517,0.758778,0.759523
34.093,1.115926,0.310998,0.752512,0.763084
34.102,1.121859,0.307976,0.754572,0.770934
34.113,1.165,0.308833,0.783267,0.805195
34.122,1.164572,0.311493,0.782,0.804783
34.133,1.164898,0.312422,0.782057,0.804839
34.143,1.157531,0.312047,0.781794,0.794545
34.153,1.171761,0.315458,0.795337,0.800593
34.163,1.170225,0.314712,0.794661,0.799311
34.173,1.170836,0.312987,0.796224,0.799327
34.183,1.176009,0.311496,0.791415,0.812176
34.193,1.18485,0.313844,0.788328,0.826989
34.203,1.191304,0.311198,0.800773,0.825302
34.213,1.197488,0.310871,0.79717,0.837768
34.223,1.203184,0.311812,0.798443,0.844341
34.233,1.202791,0.309565,0.802279,0.840966
34.243,1.214977,0.311282,0.819936,0.840819
34.253,1.216528,0.307407,0.824465,0.840059
34.263,1.215522,0.303915,0.81893,0.845271
34.273,1.225951,0.305017,0.827982,0.851097
34.283,1.221498,0.303909,0.827102,0.845932
34.293,1.210631,0.299946,0.823864,0.83481
34.303,1.211024,0.299905,0.820307,0.838888
34.313,1.22098,0.300868,0.828655,0.844749
34.323,1.223757,0.302265,0.833903,0.843103
34.333,1.219938,0.301555,0.832776,0.838925
34.343,1.229576,0.303034,0.830316,0.854752
34.353,1.237622,0.302062,0.828504,0.868359
34.363,1.218244,0.295063,0.809925,0.860858
34.373,1.224057,0.284588,0.814059,0.868695
34.383,1.190642,0.284946,0.760959,0.870274
34.393,1.201979,0.28755,0.770356,0.87671
34.403,1.135979,0.276437,0.698185,0.85239
34.413,1.133266,0.272462,0.714074,0.836752
34.423,1.106786,0.265445,0.696857,0.817866
34.433,1.107281,0.26527,0.697984,0.817632
34.443,1.14005,0.263508,0.679558,0.87663
34.453,1.143901,0.23613,0.684407,0.88563
34.463,1.111175,0.231956,0.683973,0.844446
34.473,1.118449,0.244373,0.657874,0.870868
34.483,1.119766,0.248809,0.651503,0.876078
34.493,1.107129,0.227012,0.644271,0.871272
34.503,1.122892,0.233535,0.66795,0.87189
34.513,1.103637,0.233879,0.669971,0.845253
34.523,1.082704,0.24161,0.65424,0.828156
34.533,1.071922,0.241038,0.64222,0.823694
34.543,1.064953,0.241207,0.639897,0.816379
34.553,1.066811,0.243455,0.641323,0.817019
34.563,1.070982,0.247871,0.65376,0.811271
34.573,1.087232,0.245801,0.672641,0.818051
34.583,1.098646,0.246953,0.697418,0.812185
34.593,1.12159,0.246406,0.711942,0.830895
34.603,1.115167,0.246342,0.709378,0.824437
34.613,1.070374,0.244295,0.683647,0.786541
34.623,1.075818,0.240638,0.69027,0.789307
34.633,1.079514,0.240661,0.69556,0.789702
34.643,1.086849,0.240696,0.694719,0.80042
34.653,1.095312,0.241937,0.684477,0.820163
34.663,1.094552,0.24494,0.683681,0.818918
34.673,1.119344,0.245123,0.68154,0.853433
34.683,1.112504,0.244493,0.685092,0.841746
34.693,1.103659,0.241048,0.691143,0.826003
34.703,1.102356,0.24229,0.687206,0.827184
34.713,1.105965,0.246063,0.708758,0.812572
34.723,1.099335,0.245038,0.706482,0.80584
34.733,1.096583,0.245122,0.697212,0.810126
34.743,1.082672,0.25246,0.673381,0.809322
34.753,1.103916,0.25244,0.674042,0.837001
34.763,1.092741,0.251972,0.662172,0.831939
34.773,1.085886,0.253548,0.649408,0.832544
34.783,1.086184,0.252244,0.650475,0.832497
34.793,1.094872,0.252753,0.650407,0.8437
34.803,1.095252,0.254682,0.650426,0.843599
34.813,1.092378,0.255253,0.647569,0.841897
34.823,1.095197,0.270153,0.639024,0.847421
34.833,1.109567,0.269298,0.664715,0.846624
34.843,1.105953,0.26882,0.682443,0.827731
34.853,1.106996,0.263551,0.695056,0.820292
34.863,1.103246,0.270103,0.678805,0.826693
34.873,1.109735,0.277575,0.671623,0.838681
34.883,1.118144,0.278926,0.672829,0.848378
34.893,1.15797,0.28092,0.685904,0.889671
34.903,1.162346,0.286752,0.688231,0.891717
34.913,1.209717,0.279631,0.663481,0.972118
34.923,1.247724,0.274533,0.660509,1.022338
34.933,1.266565,0.274602,0.657643,1.047037
34.943,1.297257,0.277366,0.661734,1.080764
34.953,1.307172,0.275233,0.660731,1.093791
34.963,1.348794,0.269452,0.655145,1.147792
34.973,1.356507,0.261948,0.653663,1.159404
34.983,1.382386,0.300478,0.650669,1.18209
34.993,1.392049,0.308879,0.654611,1.189066
35.003,1.406719,0.310569,0.648523,1.209059
35.013,1.407122,0.311137,0.643083,1.212283
35.023,1.408683,0.309658,0.644302,1.213827
35.033,1.418137,0.31194,0.655119,1.218452
35.043,1.427445,0.315943,0.678003,1.215768
35.053,1.45555,0.314347,0.675115,1.250612
35.063,1.448105,0.312552,0.661906,1.249479
35.073,1.433197,0.310325,0.648702,1.239732
35.083,1.437376,0.30761,0.641027,1.249204
35.093,1.423992,0.30741,0.62881,1.240101
35.103,1.438851,0.308126,0.625671,1.258525
35.113,1.453615,0.30786,0.625853,1.275354
35.123,1.455533,0.307098,0.620471,1.280345
35.133,1.469793,0.309019,0.62291,1.294906
35.143,1.472757,0.309519,0.621937,1.298617
35.153,1.460319,0.305553,0.619592,1.286574
35.163,1.464027,0.310088,0.619749,1.289624
35.173,1.461425,0.310104,0.626533,1.283377
35.183,1.468985,0.312846,0.620496,1.294229
35.193,1.487726,0.31838,0.614814,1.316802
35.203,1.480898,0.320149,0.595747,1.31744
35.213,1.494887,0.317657,0.583136,1.339304
35.223,1.502112,0.317597,0.594006,1.34262
35.233,1.508703,0.319912,0.592746,1.349997
35.243,1.516579,0.315933,0.592984,1.35962
35.253,1.493595,0.318075,0.590072,1.334717
35.263,1.499532,0.316632,0.589853,1.341795
35.273,1.49379,0.315252,0.589768,1.335739
35.283,1.505468,0.316308,0.60859,1.34015
35.293,1.514384,0.316088,0.62698,1.341768
35.303,1.514356,0.314212,0.640431,1.335812
35.313,1.524525,0.312369,0.629283,1.352999
35.323,1.515979,0.297738,0.630138,1.34628
35.333,1.513802,0.298445,0.60576,1.354837
35.343,1.502299,0.297816,0.577554,1.354488
35.353,1.525988,0.292864,0.639019,1.354446
35.363,1.525575,0.288415,0.639447,1.354733
35.373,1.521237,0.286187,0.651306,1.344641
35.383,1.516735,0.290158,0.652703,1.338011
35.393,1.504435,0.288781,0.639299,1.330874
35.403,1.503426,0.287325,0.63657,1.331358
35.413,1.469628,0.288789,0.653621,1.284207
35.423,1.444427,0.289535,0.687165,1.237071
35.433,1.419607,0.289219,0.687103,1.208108
35.443,1.388586,0.28609,0.696919,1.16646
35.453,1.390973,0.286559,0.696551,1.169404
35.463,1.34289,0.289016,0.722513,1.09444
35.473,1.314156,0.299174,0.760286,1.029304
35.483,1.261725,0.255952,0.760382,0.973785
35.493,1.267332,0.247206,0.79556,0.955042
35.503,1.233104,0.244053,0.782404,0.921319
35.513,1.227067,0.246905,0.797813,0.899014
35.523,1.235511,0.242178,0.798219,0.911419
35.533,1.212192,0.245122,0.798626,0.878363
35.543,1.195196,0.24197,0.784384,0.868727
35.553,1.198755,0.245003,0.801885,0.856719
35.563,1.199245,0.250171,0.798172,0.859374
35.573,1.204384,0.248533,0.804536,0.8611
35.583,1.217032,0.248355,0.802651,0.880476
35.593,1.225082,0.24947,0.813925,0.880976
35.603,1.23702,0.249044,0.828626,0.884067
35.613,1.232875,0.249024,0.831323,0.875711
35.623,1.236638,0.251004,0.833285,0.878583
35.633,1.236476,0.25431,0.82871,0.881725
35.643,1.238444,0.257394,0.837207,0.875544
35.655,1.233913,0.256161,0.838832,0.867919
35.663,1.240384,0.248134,0.850742,0.867883
35.673,1.229831,0.247924,0.851383,0.852154
35.683,1.229805,0.243809,0.857151,0.847509
35.693,1.216103,0.239919,0.857138,0.828649
35.703,1.223823,0.236668,0.868558,0.829058
35.713,1.211722,0.237224,0.86604,0.813615
35.723,1.205231,0.23677,0.860135,0.810363
35.733,1.201289,0.236853,0.861401,0.803109
35.743,1.207345,0.232439,0.876238,0.79741
35.753,1.212268,0.233981,0.882415,0.797616
35.763,1.208077,0.234733,0.882325,0.791108
35.773,1.216484,0.245458,0.891452,0.790504
35.783,1.220065,0.248115,0.898201,0.787548
35.793,1.209057,0.2484,0.885606,0.784742
35.803,1.202404,0.248026,0.876034,0.785382
35.813,1.19312,0.250092,0.87964,0.766304
35.823,1.202831,0.251615,0.885114,0.774639
35.833,1.198122,0.252456,0.875557,0.777921
35.843,1.203704,0.252326,0.877104,0.784807
35.853,1.175388,0.256083,0.815007,0.807293
35.863,1.191248,0.256053,0.815412,0.829825
35.873,1.195122,0.261922,0.798257,0.85
35.883,1.23936,0.257041,0.796273,0.914271
35.893,1.235939,0.252173,0.791973,0.914731
35.903,1.294554,0.247442,0.794502,0.991669
35.913,1.290091,0.246523,0.76962,1.005607
35.923,1.301893,0.245745,0.752266,1.033747
35.933,1.327996,0.253433,0.748676,1.06716
35.943,1.269552,0.258216,0.745493,0.99465
35.953,1.274699,0.262327,0.752672,0.99475
35.963,1.25337,0.257708,0.71933,0.993523
35.973,1.243139,0.247314,0.697928,0.998562
35.983,1.2378,0.24743,0.697899,0.9919
35.993,1.205928,0.249132,0.694713,0.953713
36.0,1.218779,0.259468,0.718124,0.949946
36.013,1.209533,0.256543,0.70804,0.946486
36.02,1.220806,0.265708,0.708796,0.957796
36.032,1.220504,0.27172,0.697828,0.96376
36.042,1.242529,0.282703,0.738418,0.958486
36.052,1.223075,0.283196,0.725065,0.943395
36.062,1.231455,0.30775,0.724964,0.946678
36.072,1.259061,0.321844,0.709897,0.988786
36.082,1.258742,0.32253,0.707508,0.989868
36.092,1.28663,0.323431,0.689624,1.036932
36.102,1.288639,0.326766,0.689466,1.038485
36.112,1.29009,0.326749,0.692036,1.038583
36.122,1.31133,0.325165,0.717775,1.048167
36.132,1.300568,0.321497,0.729838,1.027352
36.142,1.309887,0.323009,0.74404,1.02853
36.152,1.310141,0.330823,0.75381,1.019214
36.162,1.32406,0.360491,0.75046,1.029559
36.172,1.325422,0.360527,0.744317,1.035739
36.182,1.336351,0.374636,0.747189,1.042684
36.192,1.339343,0.37668,0.747268,1.045727
36.202,1.355974,0.381201,0.746518,1.065861
36.212,1.351824,0.381005,0.744745,1.061893
36.222,1.354615,0.381013,0.744762,1.06543
36.232,1.358382,0.379393,0.744379,1.071056
36.242,1.346178,0.384578,0.728071,1.064992
36.252,1.33913,0.380732,0.719027,1.063631
36.262,1.343992,0.388909,0.726725,1.061573
36.272,1.338943,0.38392,0.723103,1.05948
36.282,1.35019,0.39316,0.717068,1.074361
36.292,1.352715,0.393537,0.718331,1.076553
36.302,1.36742,0.393756,0.731961,1.085831
36.312,1.357521,0.39246,0.727054,1.07714
36.322,1.370625,0.392547,0.730329,1.091394
36.332,1.373735,0.39372,0.739637,1.088609
36.342,1.394048,0.395039,0.751511,1.105688
36.352,1.398716,0.395169,0.763212,1.10352
36.362,1.416923,0.40525,0.780558,1.110933
36.372,1.411974,0.402408,0.789264,1.099455
36.382,1.389348,0.407285,0.790827,1.06724
36.392,1.361355,0.408673,0.789851,1.030733
36.402,1.312109,0.411478,0.791236,0.962425
36.412,1.284438,0.410699,0.791161,0.924755
36.422,1.263111,0.411604,0.791306,0.894352
36.432,1.223641,0.41011,0.789335,0.840272
36.442,1.221287,0.406438,0.788398,0.83951
36.452,1.191739,0.403962,0.782781,0.80269
36.462,1.195885,0.40867,0.782747,0.806497
36.472,1.19698,0.439337,0.788006,0.786632
36.482,1.208517,0.449136,0.80563,0.780866
36.492,1.204574,0.448388,0.803903,0.776972
36.502,1.192709,0.451187,0.778478,0.782916
36.512,1.201043,0.459626,0.775043,0.794077
36.522,1.203982,0.454353,0.776348,0.800262
36.532,1.213164,0.488876,0.791144,0.779011
36.542,1.175789,0.481445,0.745175,0.771624
36.552,1.221075,0.548398,0.770306,0.772601
36.562,1.21526,0.532915,0.784527,0.759852
36.572,1.201282,0.528642,0.782641,0.742354
36.582,1.213248,0.529744,0.780697,0.762793
36.592,1.198671,0.53222,0.777731,0.740736
36.602,1.19806,0.529446,0.769564,0.750204
36.612,1.206496,0.53737,0.77333,0.754206
36.622,1.230356,0.539176,0.760186,0.803232
36.632,1.216464,0.538031,0.737203,0.804263
36.642,1.228489,0.537673,0.725897,0.832566
36.652,1.203649,0.529643,0.70277,0.821196
36.662,1.225185,0.518214,0.707497,0.855558
36.672,1.232764,0.520104,0.712162,0.861407
36.682,1.246521,0.512734,0.737698,0.86413
36.692,1.245436,0.508922,0.737444,0.865035
36.702,1.25202,0.506868,0.742545,0.871358
36.712,1.257084,0.508358,0.742741,0.877592
36.722,1.259061,0.512114,0.743299,0.877771
36.732,1.272341,0.513139,0.748053,0.892164
36.742,1.274335,0.515656,0.750335,0.891642
36.752,1.287434,0.51925,0.770409,0.891255
36.762,1.283687,0.51513,0.769507,0.889017
36.772,1.280365,0.518579,0.772458,0.879613
36.782,1.273039,0.510405,0.755785,0.888203
36.792,1.269102,0.51139,0.75074,0.886279
36.802,1.282608,0.511977,0.761282,0.896334
36.812,1.288695,0.518898,0.767994,0.895358
36.822,1.291841,0.517986,0.769818,0.898846
36.832,1.279042,0.521468,0.758905,0.88774
36.842,1.279031,0.520799,0.753175,0.892981
36.852,1.253591,0.526325,0.753786,0.852219
36.862,1.241126,0.517074,0.742328,0.849692
36.872,1.230472,0.52219,0.72972,0.841954
36.882,1.233609,0.516153,0.725129,0.854146
36.892,1.235766,0.520396,0.738072,0.843537
36.902,1.233919,0.516146,0.7395,0.842192
36.912,1.233323,0.518478,0.743642,0.836219
36.922,1.250149,0.518506,0.746787,0.858099
36.932,1.263791,0.518111,0.746123,0.878652
36.942,1.258965,0.516415,0.747343,0.871658
36.952,1.256767,0.521321,0.746594,0.86619
36.962,1.266196,0.514113,0.743351,0.886775
36.972,1.26284,0.496253,0.73566,0.8985
36.982,1.250905,0.490659,0.718494,0.898768
36.992,1.233572,0.49133,0.68336,0.90184
37.002,1.212794,0.488574,0.680655,0.876855
37.012,1.243636,0.475695,0.682107,0.924703
37.022,1.235802,0.474014,0.678466,0.917715
37.032,1.204379,0.41621,0.650048,0.924519
37.042,1.204051,0.41496,0.64916,0.925277
37.052,1.14724,0.282529,0.616599,0.92528
37.062,1.114692,0.25274,0.576958,0.919663
37.072,1.145707,0.241299,0.573534,0.962017
37.082,1.132048,0.222683,0.571419,0.951538
37.092,1.120271,0.22358,0.583187,0.930006
37.102,1.116253,0.196517,0.589678,0.92719
37.112,1.131149,0.194605,0.580523,0.951115
37.122,1.119202,0.194842,0.591341,0.930035
37.132,1.149911,0.194068,0.596605,0.963689
37.142,1.129939,0.191851,0.592987,0.942508
37.152,1.137274,0.187047,0.608893,0.942154
37.162,1.111612,0.187176,0.60726,0.912075
37.172,1.125018,0.190653,0.584327,0.942274
37.182,1.119584,0.179886,0.566148,0.948992
37.192,1.124008,0.180414,0.566181,0.954088
37.202,1.11264,0.179482,0.560963,0.943968
37.212,1.120647,0.185981,0.560304,0.952534
37.222,1.137898,0.193522,0.572582,0.964111
37.232,1.147149,0.194307,0.574331,0.973827
37.242,1.146698,0.199977,0.570794,0.974229
37.252,1.127839,0.202625,0.543447,0.96728
37.262,1.144257,0.206117,0.568166,0.97161
37.272,1.162426,0.205294,0.57163,0.991125
37.282,1.155044,0.226901,0.572712,0.977059
37.292,1.158069,0.22879,0.572663,0.980222
37.302,1.135671,0.229598,0.552607,0.965225
37.312,1.148503,0.224655,0.547283,0.984414
37.322,1.15789,0.238744,0.562652,0.983429
37.332,1.163791,0.2374,0.572381,0.985104
37.342,1.147361,0.239399,0.563303,0.970471
37.352,1.148548,0.232777,0.54564,0.983491
37.362,1.15476,0.243854,0.540228,0.99104
37.372,1.152181,0.236866,0.539103,0.990345
37.382,1.134615,0.237212,0.542085,0.968104
37.392,1.149647,0.239867,0.533371,0.989781
37.402,1.17807,0.238909,0.584084,0.994796
37.412,1.181476,0.236388,0.588683,0.996724
37.422,1.161851,0.23476,0.621598,0.953101
37.432,1.152981,0.234722,0.621542,0.942314
37.442,1.156075,0.235592,0.631491,0.939268
37.452,1.163054,0.228177,0.630388,0.95039
37.462,1.130256,0.228596,0.630199,0.909985
37.472,1.123151,0.227979,0.628303,0.902623
37.482,1.124032,0.228241,0.636288,0.898049
37.492,1.129414,0.228267,0.643955,0.899328
37.502,1.120533,0.225197,0.643343,0.889377
37.512,1.101679,0.226432,0.64553,0.863549
37.522,1.088772,0.226462,0.641596,0.849996
37.532,1.092847,0.229786,0.642836,0.853391
37.542,1.082829,0.224474,0.624528,0.855625
37.552,1.074425,0.220328,0.615232,0.852839
37.562,1.093128,0.215537,0.656639,0.846934
37.572,1.072299,0.214519,0.657995,0.819053
37.582,1.072126,0.217447,0.663053,0.813961
37.592,1.07443,0.217434,0.663335,0.816768
37.602,1.082526,0.217198,0.668016,0.823676
37.612,1.081173,0.217927,0.671954,0.818487
37.622,1.071969,0.217828,0.673007,0.805438
37.632,1.092914,0.218282,0.664828,0.839534
37.642,1.106797,0.2183,0.664631,0.857678
37.652,1.148635,0.218325,0.655067,0.917923
37.662,1.17834,0.216734,0.664083,0.94895
37.672,1.20894,0.218842,0.664682,0.98582
37.682,1.234089,0.219978,0.683462,1.003726
37.692,1.242593,0.226236,0.684089,1.012362
37.702,1.267802,0.226177,0.69413,1.036508
37.712,1.26999,0.225582,0.692298,1.040534
37.722,1.25501,0.225379,0.69648,1.019397
37.732,1.248169,0.220797,0.694077,1.013623
37.742,1.239896,0.218975,0.691337,1.005707
37.752,1.241834,0.226909,0.692933,1.005241
37.762,1.211412,0.226489,0.670021,0.98351
37.772,1.201743,0.222071,0.656889,0.981512
37.782,1.192242,0.208702,0.657308,0.972538
37.792,1.184067,0.204564,0.657066,0.963551
37.802,1.182909,0.205855,0.658273,0.961028
37.812,1.1907,0.203414,0.658246,0.971134
37.822,1.159194,0.196446,0.642942,0.944333
37.832,1.15332,0.191963,0.634502,0.943771
37.842,1.166647,0.197455,0.639819,0.955358
37.852,1.182337,0.196462,0.653363,0.96563
37.862,1.153073,0.188775,0.649364,0.933953
37.872,1.153109,0.186743,0.650005,0.93396
37.882,1.16425,0.188125,0.648308,0.94857
37.892,1.157404,0.182232,0.641195,0.946173
37.902,1.135198,0.183189,0.617164,0.935
37.912,1.12611,0.184314,0.600036,0.934938
37.922,1.124051,0.184706,0.547359,0.964247
37.932,1.138279,0.184387,0.546174,0.981517
37.942,1.140019,0.191156,0.545881,0.982403
37.952,1.125305,0.190696,0.552397,0.961667
37.962,1.126732,0.190488,0.553958,0.962482
37.972,1.184443,0.190354,0.567709,1.021948
37.982,1.178408,0.199239,0.563811,1.015414
37.992,1.16734,0.200508,0.544246,1.013052
38.002,1.160507,0.195635,0.539605,1.008628
38.012,1.186461,0.192783,0.544885,1.036159
38.022,1.191924,0.195405,0.558583,1.034642
38.032,1.189761,0.195428,0.57366,1.023843
38.042,1.183353,0.199223,0.571911,1.016638
38.052,1.203884,0.197316,0.593591,1.028617
38.062,1.187611,0.196202,0.559646,1.028941
38.072,1.183382,0.196937,0.556586,1.025583
38.082,1.19497,0.195722,0.577786,1.027526
38.092,1.196622,0.19702,0.578146,1.028997
38.102,1.196941,0.198298,0.578381,1.02899
38.112,1.191534,0.201338,0.571426,1.026007
38.122,1.187432,0.206879,0.570124,1.020859
38.132,1.165732,0.206665,0.581746,0.988833
38.142,1.156581,0.206571,0.581567,0.978156
38.152,1.11552,0.206915,0.581055,0.929487
38.162,1.102506,0.208176,0.593056,0.905797
38.172,1.06069,0.210277,0.594835,0.852653
38.182,1.006704,0.211363,0.587912,0.789391
38.192,0.994762,0.204229,0.590482,0.774062
38.202,0.956643,0.20444,0.585422,0.728458
38.212,0.950475,0.206448,0.585622,0.719603
38.222,0.916814,0.206109,0.573728,0.684765
38.232,0.923247,0.213031,0.579626,0.686321
38.242,0.925459,0.216073,0.580055,0.687985
38.252,0.916214,0.211006,0.581651,0.675726
38.262,0.923078,0.217162,0.590087,0.675804
38.272,0.939707,0.222287,0.611584,0.67794
38.282,0.944319,0.22803,0.619873,0.674906
38.292,0.943546,0.228451,0.62132,0.672346
38.302,0.953071,0.228178,0.621612,0.685476
38.312,0.951776,0.228284,0.622344,0.682974
38.322,0.96171,0.227218,0.637578,0.683192
38.332,0.965116,0.228163,0.638369,0.686932
38.342,0.961626,0.229057,0.643693,0.676695
38.353,0.94857,0.230167,0.626877,0.673671
38.362,0.953381,0.231806,0.632245,0.674883
38.372,0.963645,0.231016,0.636285,0.685846
38.382,0.962839,0.229859,0.640826,0.680857
38.392,0.974783,0.230908,0.644224,0.69416
38.402,0.94845,0.229072,0.599018,0.698757
38.412,0.948547,0.228732,0.596155,0.701443
38.422,0.939234,0.230075,0.607634,0.678239
38.432,0.964203,0.229869,0.605957,0.713908
38.442,0.968382,0.219406,0.60642,0.722413
38.452,0.973216,0.225236,0.615886,0.719098
38.462,1.001296,0.237632,0.658604,0.715798
38.473,0.957122,0.240225,0.660396,0.649809
38.482,0.962332,0.232184,0.669,0.651623
38.492,0.975221,0.232607,0.669808,0.669558
38.502,0.982908,0.240054,0.666555,0.681313
38.513,0.968399,0.240554,0.667371,0.659201
38.522,0.973849,0.239977,0.66533,0.669425
38.533,0.96048,0.236033,0.643092,0.673232
38.543,0.958332,0.233852,0.646496,0.667649
38.552,0.954464,0.235804,0.636699,0.670829
38.562,0.957618,0.235455,0.636758,0.675376
38.572,0.956432,0.236274,0.631304,0.678521
38.582,0.953246,0.235811,0.61197,0.691783
38.592,0.96199,0.234369,0.609662,0.706264
38.602,0.959299,0.232294,0.60556,0.706817
38.612,0.949514,0.230061,0.597769,0.700943
38.622,0.948092,0.22728,0.59759,0.700077
38.632,0.946814,0.227677,0.591576,0.703318
38.642,0.961002,0.227638,0.597086,0.71777
38.653,0.951263,0.22796,0.595524,0.705894
38.663,0.931748,0.230597,0.582154,0.689983
38.673,0.919831,0.227441,0.575138,0.680865
38.683,0.918719,0.224265,0.575176,0.680385
38.693,0.912979,0.2249,0.567463,0.678923
38.703,0.904485,0.222456,0.564227,0.67101
38.713,0.899887,0.222143,0.566506,0.662963
38.723,0.903333,0.218752,0.573235,0.662992
38.733,0.897984,0.214021,0.568785,0.6611
38.743,0.894319,0.210754,0.566744,0.65893
38.753,0.900813,0.215548,0.578772,0.655763
38.763,0.895617,0.208707,0.575733,0.653531
38.773,0.888725,0.213562,0.564894,0.65201
38.783,0.88746,0.207317,0.553386,0.662094
38.793,0.890346,0.21077,0.553089,0.66512
38.803,0.885681,0.210993,0.549646,0.661665
38.813,0.888074,0.210958,0.545528,0.66826
38.823,0.891084,0.209769,0.52856,0.686041
38.833,0.894582,0.210067,0.526377,0.692153
38.843,0.908371,0.205439,0.519324,0.716405
38.853,0.917668,0.204412,0.519986,0.727973
38.863,0.928826,0.205565,0.514239,0.745667
38.873,0.915966,0.205573,0.509286,0.73305
38.883,0.908679,0.204293,0.506219,0.726433
38.893,0.891772,0.203321,0.499097,0.710508
38.903,0.890205,0.203447,0.499081,0.708515
38.913,0.88152,0.203524,0.494571,0.700754
38.923,0.87668,0.201241,0.480608,0.705043
38.933,0.844316,0.201934,0.478734,0.665511
38.943,0.817275,0.203836,0.467493,0.638623
38.952,0.804612,0.198433,0.450998,0.636102
38.962,0.771654,0.180559,0.388718,0.641674
38.972,0.765509,0.177591,0.375828,0.642822
38.982,0.762046,0.170087,0.362691,0.648259
38.992,0.735816,0.169777,0.362218,0.617575
39.002,0.727771,0.154209,0.367591,0.60889
39.012,0.716929,0.156419,0.36683,0.595782
39.022,0.710937,0.163671,0.36255,0.589238
39.032,0.730434,0.165205,0.389447,0.59546
39.043,0.726191,0.166652,0.385566,0.592384
39.053,0.726952,0.160444,0.396003,0.588132
39.063,0.724448,0.160277,0.401242,0.581499
39.073,0.736773,0.157278,0.402426,0.596785
39.083,0.715824,0.160433,0.404605,0.568296
39.093,0.744863,0.159619,0.404978,0.604429
39.103,0.755445,0.159717,0.423468,0.604865
39.113,0.763872,0.171034,0.429802,0.60788
39.123,0.786633,0.171073,0.468573,0.608247
39.133,0.81198,0.1725,0.465613,0.642465
39.143,0.83088,0.179128,0.473593,0.658775
39.153,0.831169,0.179251,0.474449,0.658489
39.163,0.853707,0.177048,0.478058,0.684785
39.173,0.858156,0.184518,0.476989,0.689106
39.183,0.878847,0.183833,0.489112,0.706644
39.193,0.925058,0.188604,0.507092,0.750346
39.203,0.946615,0.188763,0.510698,0.774361
39.213,0.939551,0.187627,0.512672,0.76467
39.223,0.953457,0.193692,0.514219,0.779194
39.233,0.969442,0.191048,0.519343,0.79599
39.243,0.966651,0.191174,0.520719,0.791656
39.253,0.981458,0.187184,0.507326,0.819049
39.263,0.970215,0.187181,0.498788,0.810858
39.273,0.976773,0.178005,0.524392,0.80462
39.283,0.976368,0.177094,0.523886,0.804659
39.293,0.962458,0.178708,0.524457,0.786978
39.303,0.983187,0.177978,0.546949,0.797388
39.313,0.970624,0.180064,0.547567,0.780934
39.323,0.967205,0.17922,0.543515,0.779716
39.333,0.947951,0.177013,0.552188,0.749911
39.343,0.969382,0.177174,0.551716,0.777123
39.353,0.943167,0.176659,0.549777,0.745722
39.363,0.946015,0.17349,0.54928,0.750425
39.373,0.963184,0.176178,0.546706,0.773174
39.383,0.979627,0.181211,0.549747,0.790324
39.393,0.97924,0.181062,0.563803,0.779906
39.403,1.023712,0.185155,0.569922,0.829996
39.413,1.032759,0.184977,0.578254,0.835462
39.423,1.03761,0.184152,0.578583,0.841407
39.433,1.083226,0.183122,0.578597,0.897257
39.443,1.079795,0.179302,0.578312,0.894071
39.453,1.104826,0.179277,0.586912,0.918714
39.463,1.113887,0.182455,0.588433,0.928008
39.473,1.12685,0.182458,0.588697,0.943364
39.483,1.134542,0.181862,0.594393,0.949109
39.493,1.140774,0.190789,0.600817,0.95078
39.503,1.174549,0.195937,0.615974,0.980689
39.513,1.176914,0.199561,0.619346,0.980669
39.523,1.177079,0.190714,0.619295,0.982658
39.533,1.165277,0.190808,0.602058,0.979279
39.543,1.166326,0.186219,0.601934,0.981485
39.553,1.158785,0.185016,0.588052,0.981197
39.563,1.164131,0.185764,0.581129,0.991455
39.573,1.16112,0.184544,0.574262,0.992153
39.583,1.155934,0.178637,0.567966,0.990801
39.593,1.137908,0.17775,0.555588,0.977017
39.603,1.140732,0.178717,0.549534,0.983536
39.613,1.150724,0.174108,0.557182,0.991665
39.623,1.148388,0.172726,0.536287,1.000679
39.633,1.127228,0.174091,0.536315,0.976064
39.643,1.12216,0.161272,0.546541,0.966709
39.653,1.131857,0.160859,0.544575,0.979113
39.663,1.133087,0.161661,0.545173,0.98007
39.673,1.149937,0.159694,0.561574,0.9907
39.683,1.145014,0.159603,0.582561,0.972732
39.693,1.121494,0.161117,0.599482,0.934029
39.703,1.114743,0.170675,0.623209,0.908368
39.713,1.135827,0.169634,0.633815,0.92715
39.723,1.115226,0.169385,0.630702,0.90402
39.733,1.116748,0.200864,0.644432,0.889655
39.743,1.159363,0.2019,0.641073,0.944661
39.753,1.136918,0.201424,0.661137,0.902723
39.763,1.144435,0.200859,0.658271,0.914366
39.773,1.129115,0.210514,0.636286,0.908694
39.783,1.175729,0.216006,0.635481,0.965321
39.793,1.177833,0.223427,0.636818,0.965316
39.803,1.175245,0.222195,0.626853,0.968961
39.813,1.179164,0.224464,0.626337,0.973522
39.823,1.207031,0.224874,0.643811,0.995924
39.833,1.215625,0.226071,0.649361,1.002481
39.843,1.216034,0.226257,0.655751,0.998767
39.853,1.237774,0.22667,0.659083,1.022896
39.863,1.241458,0.228036,0.664902,1.023291
39.873,1.238582,0.247056,0.665235,1.01514
39.883,1.24595,0.247896,0.669786,1.020943
39.893,1.239767,0.249392,0.658848,1.020169
39.903,1.228329,0.251559,0.659849,1.005041
39.913,1.236471,0.263716,0.667592,1.006794
39.923,1.239413,0.2683,0.666745,1.009757
39.933,1.221226,0.275985,0.666681,0.985272
39.943,1.226211,0.276662,0.67564,0.98517
39.953,1.218844,0.277471,0.67144,0.978652
39.963,1.218927,0.277644,0.672556,0.977939
39.973,1.233258,0.278701,0.675598,0.993388
39.983,1.22889,0.278385,0.669781,0.992001
39.993,1.229194,0.27511,0.671489,0.992136
40.003,1.210528,0.273827,0.65938,0.977555
40.013,1.218804,0.273077,0.667445,0.982563
40.023,1.220171,0.275673,0.668764,0.982637
40.033,1.213254,0.279135,0.668125,0.973487
40.043,1.234617,0.28018,0.68571,0.987714
40.053,1.238001,0.280522,0.686716,0.991149
40.063,1.218963,0.280532,0.685831,0.967889
40.073,1.209991,0.281075,0.68657,0.955875
40.083,1.210105,0.279932,0.688772,0.95477
40.093,1.202457,0.282356,0.69826,0.937342
40.103,1.187269,0.281582,0.700654,0.91619
40.113,1.162418,0.282385,0.697535,0.885957
40.123,1.147578,0.287021,0.712478,0.852601
40.133,1.136925,0.286728,0.711634,0.839025
40.143,1.115639,0.286411,0.700908,0.819358
40.153,1.129531,0.286525,0.712791,0.828054
40.163,1.085045,0.285107,0.709889,0.769477
40.173,1.06852,0.284495,0.68462,0.769476
40.183,1.030187,0.284635,0.628083,0.765363
40.193,1.029977,0.28479,0.634366,0.759821
40.203,1.011238,0.279543,0.594872,0.768496
40.213,1.026204,0.288296,0.627025,0.759486
40.223,1.035003,0.30649,0.637619,0.755472
40.233,1.002872,0.291904,0.630714,0.723011
40.243,0.980306,0.307383,0.633116,0.682407
40.253,0.976677,0.314178,0.623646,0.682829
40.263,0.983701,0.32193,0.635932,0.677953
40.273,0.979699,0.321617,0.665173,0.643364
40.283,0.948238,0.321223,0.682154,0.575011
40.293,1.00584,0.324528,0.709152,0.635216
40.303,1.006385,0.324468,0.709122,0.636143
40.313,1.009282,0.322787,0.709344,0.641318
40.323,1.010003,0.330648,0.71941,0.627079
40.333,1.015193,0.336434,0.736853,0.611944
40.343,1.052919,0.343946,0.75049,0.653531
40.353,1.034922,0.343908,0.750327,0.62434
40.363,1.038403,0.342821,0.747698,0.633801
40.373,1.037563,0.327427,0.753066,0.634208
40.383,1.055737,0.325362,0.749662,0.668377
40.393,1.072625,0.326217,0.755985,0.687455
40.403,1.089448,0.322142,0.780483,0.688453
40.413,1.083627,0.308365,0.777461,0.688994
40.423,1.120215,0.308696,0.795917,0.72533
40.433,1.11935,0.298961,0.797336,0.726514
40.443,1.116498,0.29711,0.790617,0.730219
40.453,1.112437,0.297821,0.786358,0.728327
40.463,1.112824,0.298534,0.784279,0.730862
40.473,1.096175,0.298109,0.78212,0.707827
40.483,1.092919,0.301831,0.776541,0.707358
40.493,1.0962,0.303256,0.773974,0.714601
40.503,1.096622,0.300202,0.776109,0.714222
40.513,1.086553,0.302088,0.766528,0.708362
40.523,1.096999,0.304031,0.76513,0.724947
40.533,1.098331,0.301165,0.768226,0.724886
40.543,1.086131,0.304183,0.762775,0.710864
40.553,1.089005,0.304627,0.761249,0.716683
40.563,1.089222,0.306684,0.767887,0.709013
40.573,1.089507,0.309449,0.775185,0.700254
40.583,1.103857,0.325444,0.782955,0.706801
40.593,1.096195,0.324182,0.774334,0.704951
40.603,1.0995,0.330961,0.770737,0.710866
40.613,1.105714,0.330392,0.779825,0.710857
40.623,1.109844,0.332456,0.78514,0.710481
40.633,1.118102,0.332726,0.79765,0.709366
40.643,1.125881,0.35673,0.801509,0.705646
40.653,1.125352,0.360342,0.798843,0.705989
40.663,1.151465,0.376441,0.809195,0.727576
40.673,1.168994,0.378143,0.822654,0.739456
40.683,1.236174,0.380954,0.82204,0.840982
40.693,1.232489,0.380813,0.816319,0.841209
40.703,1.237198,0.388274,0.810577,0.850216
40.713,1.215149,0.384787,0.780157,0.848459
40.723,1.213942,0.382179,0.780139,0.847925
40.733,1.214379,0.374471,0.783935,0.848489
40.743,1.215451,0.36396,0.790731,0.848293
40.753,1.207223,0.354848,0.786714,0.844127
40.763,1.20675,0.347965,0.78757,0.845517
40.773,1.197042,0.34531,0.76719,0.851523
40.783,1.185246,0.348868,0.750788,0.848184
40.793,1.145745,0.344035,0.7314,0.81205
40.803,1.148551,0.349963,0.735296,0.80996
40.813,1.148584,0.353469,0.729659,0.813573
40.823,1.127066,0.35399,0.720135,0.791438
40.833,1.103287,0.348079,0.692206,0.785451
40.843,1.090053,0.342323,0.684061,0.776589
40.853,1.096202,0.344528,0.683815,0.784447
40.863,1.095747,0.347331,0.683652,0.782716
40.873,1.098584,0.350878,0.68585,0.783186
40.883,1.061322,0.350103,0.683009,0.733029
40.893,1.068883,0.34918,0.691267,0.736705
40.903,1.052415,0.353026,0.673476,0.727585
40.913,1.054747,0.355012,0.680145,0.723782
40.923,1.029049,0.355003,0.66377,0.701659
40.933,1.028696,0.354885,0.66316,0.701777
40.943,1.043068,0.356533,0.671897,0.713744
40.953,1.049575,0.356764,0.672119,0.722899
40.963,1.051935,0.365834,0.684171,0.710382
40.973,1.050955,0.366007,0.685772,0.707291
40.983,1.047715,0.365653,0.685921,0.702508
40.993,1.055812,0.366272,0.699372,0.701044
41.003,1.05549,0.36678,0.69226,0.707324
41.013,1.054212,0.365086,0.69292,0.705647
41.023,1.055708,0.364774,0.703722,0.697305
41.033,1.058653,0.362362,0.693786,0.712811
41.043,1.051407,0.362772,0.693755,0.701824
41.053,1.049025,0.360918,0.696062,0.696914
41.063,1.04177,0.35818,0.695813,0.687631
41.073,1.036235,0.356829,0.690567,0.685254
41.083,1.019778,0.338849,0.679725,0.680515
41.093,1.024647,0.344394,0.678364,0.68638
41.103,1.02078,0.333888,0.680486,0.683702
41.113,1.012635,0.333251,0.667947,0.684266
41.123,0.996329,0.324915,0.638708,0.69221
41.133,0.986447,0.322886,0.624571,0.691907
41.143,0.969218,0.283662,0.60286,0.703903
41.153,0.951851,0.27229,0.584842,0.699884
41.163,0.914392,0.227829,0.559241,0.686626
41.173,0.914461,0.214305,0.552659,0.696333
41.183,0.850975,0.195455,0.545262,0.623414
41.193,0.847722,0.19599,0.538484,0.624704
41.203,0.891643,0.191711,0.586647,0.643521
41.213,0.939197,0.191244,0.589849,0.705405
41.223,0.935176,0.179344,0.587217,0.705384
41.233,0.977069,0.177999,0.57086,0.772721
41.243,0.999859,0.17743,0.578065,0.79629
41.253,0.999379,0.169384,0.577905,0.797554
41.263,0.999415,0.169432,0.575444,0.799367
41.273,0.983982,0.162039,0.563776,0.790013
41.283,1.017254,0.164845,0.562472,0.831419
41.293,1.065241,0.169289,0.560692,0.889778
41.303,1.065621,0.167188,0.571262,0.883888
41.313,1.081056,0.169278,0.580374,0.896211
41.323,1.083426,0.167819,0.583848,0.89709
41.333,1.080825,0.169702,0.580353,0.895865
41.343,1.082294,0.168153,0.582728,0.896388
41.353,1.075363,0.16737,0.582713,0.888166
41.363,1.121617,0.168122,0.582867,0.943412
41.373,1.131215,0.165656,0.581818,0.955873
41.383,1.146894,0.172684,0.606355,0.958061
41.393,1.132327,0.173346,0.596647,0.94664
41.403,1.123241,0.171624,0.580864,0.945945
41.413,1.122216,0.170756,0.565282,0.954289
41.423,1.125385,0.170712,0.571135,0.954543
41.433,1.140671,0.170582,0.572225,0.9719
41.443,1.13339,0.170153,0.578351,0.959756
41.453,1.136105,0.171429,0.579356,0.96213
41.463,1.142052,0.163267,0.591442,0.963236
41.473,1.162303,0.163263,0.617889,0.970828
41.483,1.179298,0.160198,0.649592,0.971138
41.493,1.190539,0.157916,0.656096,0.980807
41.503,1.191118,0.158113,0.661132,0.978094
41.513,1.196834,0.157996,0.662739,0.983985
41.523,1.212723,0.158449,0.666964,1.000374
41.533,1.206208,0.165011,0.665689,0.992253
41.543,1.215345,0.161271,0.660137,1.007608
41.553,1.217373,0.166075,0.659704,1.009558
41.563,1.223786,0.171469,0.664012,1.013577
41.573,1.230102,0.174243,0.670335,1.016583
41.583,1.23651,0.174785,0.677228,1.019691
41.593,1.238537,0.162066,0.691265,1.014821
41.603,1.249858,0.163838,0.707603,1.017153
41.613,1.256487,0.1699,0.710334,1.022409
41.623,1.262502,0.16509,0.720786,1.023291
41.633,1.260685,0.167727,0.70861,1.02911
41.643,1.257599,0.170578,0.71137,1.022942
41.653,1.254052,0.166859,0.710725,1.019644
41.663,1.258879,0.172501,0.710211,1.024998
41.673,1.246531,0.172892,0.704969,1.013394
41.683,1.223882,0.172415,0.70205,0.987566
41.693,1.22893,0.172176,0.705291,0.99156
41.703,1.184866,0.173887,0.652766,0.973431
41.713,1.151604,0.172729,0.657034,0.929872
41.723,1.151962,0.170303,0.65807,0.93003
41.733,1.111519,0.169918,0.665409,0.873975
41.743,1.09296,0.169765,0.660378,0.85419
41.753,1.098058,0.170565,0.670356,0.852797
41.763,1.107915,0.169569,0.687009,0.852491
41.773,1.125621,0.169874,0.715674,0.852042
41.783,1.106557,0.167069,0.73439,0.810696
41.793,1.079616,0.166882,0.733784,0.774132
41.803,1.081192,0.168801,0.730609,0.778906
41.813,1.071406,0.163789,0.722301,0.774186
41.823,1.078124,0.165988,0.727309,0.778345
41.833,1.089792,0.242709,0.725755,0.775899
41.843,1.083507,0.245397,0.72441,0.767462
41.853,1.108805,0.306627,0.7252,0.780713
41.863,1.085398,0.314386,0.724493,0.744554
41.873,1.121815,0.316398,0.729411,0.791405
41.883,1.136073,0.314976,0.720581,0.819887
41.893,1.140152,0.326488,0.716729,0.82441
41.903,1.142667,0.335192,0.717256,0.82394
41.913,1.135318,0.342818,0.717603,0.810228
41.923,1.147025,0.347246,0.720028,0.822586
41.933,1.141547,0.347387,0.719585,0.815259
41.943,1.144477,0.348858,0.715305,0.822474
41.953,1.144805,0.347559,0.720019,0.819361
41.963,1.138177,0.350157,0.705979,0.821237
41.973,1.119083,0.351203,0.680321,0.81619
41.983,1.104581,0.351068,0.646193,0.824188
41.993,1.089479,0.367274,0.622751,0.815018
42.003,1.101801,0.377914,0.635745,0.816685
42.013,1.10933,0.407093,0.631775,0.815935
42.023,1.101689,0.409237,0.640229,0.797717
42.033,1.119955,0.413729,0.646689,0.815427
42.043,1.102778,0.413668,0.642687,0.794953
42.053,1.096292,0.412426,0.638868,0.78969
42.063,1.090685,0.410484,0.640674,0.781431
42.073,1.082194,0.416748,0.62045,0.782628
42.083,1.073385,0.416455,0.616189,0.773972
42.093,1.062341,0.416737,0.595464,0.774804
42.103,1.054605,0.418704,0.582341,0.773148
42.113,1.054847,0.415295,0.600233,0.761545
42.123,1.048116,0.415252,0.592074,0.758658
42.133,1.036773,0.413586,0.587436,0.747506
42.143,1.043855,0.41441,0.588141,0.756298
42.153,1.045386,0.414814,0.597539,0.750805
42.163,1.047695,0.416001,0.60724,0.745565
42.173,1.044769,0.415733,0.618423,0.732299
42.183,1.044511,0.416561,0.619142,0.730851
42.193,1.032004,0.416499,0.616704,0.715008
42.203,1.033507,0.41629,0.614682,0.71903
42.213,1.0348,0.416843,0.612861,0.722118
42.223,1.033712,0.417224,0.608958,0.723641
42.233,1.02875,0.417626,0.601481,0.72259
42.243,1.029759,0.417734,0.605464,0.720636
42.253,1.03657,0.426411,0.600927,0.729067
42.263,1.053219,0.426411,0.62696,0.731002
42.273,1.051076,0.427618,0.622694,0.73086
42.283,1.054797,0.428363,0.616948,0.740593
42.293,1.033415,0.4283,0.619362,0.70774
42.303,1.031431,0.426776,0.619374,0.705753
42.313,1.038798,0.429286,0.639881,0.696683
42.323,1.026843,0.430311,0.629969,0.687298
42.333,1.022826,0.393715,0.647183,0.687252
42.343,1.028111,0.392481,0.662781,0.68095
42.353,1.025487,0.354474,0.670447,0.69027
42.363,0.983479,0.346082,0.670938,0.630317
42.373,0.975519,0.345503,0.665259,0.624256
42.383,0.988695,0.347365,0.651618,0.657457
42.393,1.008644,0.345179,0.661108,0.679081
42.403,1.006779,0.33761,0.663973,0.677321
42.413,1.014434,0.331781,0.670662,0.684989
42.423,1.0099,0.336992,0.667254,0.679047
42.433,1.007571,0.336299,0.667238,0.675941
42.443,1.006982,0.334905,0.662121,0.680769
42.453,1.026868,0.334603,0.654514,0.717015
42.463,1.077184,0.331902,0.663526,0.780961
42.473,1.114939,0.33092,0.661683,0.83412
42.483,1.1149,0.331202,0.66218,0.833562
42.493,1.125144,0.312342,0.679444,0.840683
42.503,1.117397,0.298361,0.662878,0.848617
42.513,1.106574,0.255994,0.666881,0.845129
42.523,1.097552,0.244048,0.653201,0.847578
42.533,1.083935,0.226296,0.649418,0.837831
42.543,1.115111,0.225693,0.647488,0.879371
42.553,1.165107,0.226461,0.661752,0.931813
42.563,1.169005,0.227668,0.650771,0.944054
42.573,1.172159,0.226507,0.654513,0.945655
42.583,1.187451,0.228545,0.674013,0.950533
42.593,1.185118,0.235389,0.673851,0.946056
42.603,1.181519,0.226173,0.670497,0.946186
42.613,1.170731,0.226166,0.65162,0.945965
42.623,1.185069,0.224134,0.648176,0.966448
42.633,1.209532,0.222261,0.652554,0.993851
42.643,1.218182,0.225008,0.656618,1.001095
42.653,1.214255,0.225868,0.647226,1.002246
42.663,1.209532,0.224296,0.638605,1.002418
42.673,1.207058,0.224766,0.627329,1.006442
42.683,1.226641,0.224553,0.642454,1.020528
42.693,1.228282,0.224308,0.64568,1.02052
42.703,1.226224,0.224482,0.645474,1.018134
42.713,1.22798,0.224458,0.645248,1.020396
42.723,1.269014,0.225962,0.65781,1.061425
42.733,1.274302,0.227069,0.659432,1.066506
42.743,1.27407,0.23027,0.658031,1.066408
42.753,1.269179,0.219156,0.66022,1.061554
42.763,1.262274,0.219154,0.616402,1.079517
42.773,1.251456,0.217895,0.58755,1.083258
42.783,1.238835,0.223642,0.5729,1.075399
42.793,1.236256,0.225071,0.569966,1.073691
42.803,1.247225,0.226738,0.564195,1.088965
42.813,1.231061,0.219445,0.53138,1.088572
42.823,1.244169,0.250408,0.542565,1.091272
42.833,1.243466,0.250611,0.529549,1.096804
42.843,1.235957,0.262968,0.504006,1.097459
42.853,1.242548,0.251699,0.512307,1.103683
42.863,1.246573,0.256311,0.519917,1.103602
42.873,1.229802,0.259328,0.521764,1.083016
42.883,1.178581,0.259645,0.529371,1.020492
42.893,1.177674,0.276378,0.529395,1.015023
42.903,1.189081,0.279767,0.528439,1.027811
42.913,1.175581,0.277028,0.516252,1.019182
42.923,1.171125,0.269088,0.513324,1.017657
42.933,1.163274,0.270174,0.51718,1.006349
42.943,1.181798,0.274249,0.568671,0.999022
42.953,1.168002,0.274616,0.567858,0.983032
42.963,1.137778,0.306661,0.557974,0.942954
42.973,1.093297,0.307243,0.57347,0.878654
42.983,1.106897,0.325826,0.571752,0.890032
42.993,1.131379,0.352627,0.55716,0.919372
43.003,1.134767,0.398319,0.556143,0.905397
43.013,1.131591,0.396267,0.562402,0.898428
43.023,1.156364,0.417388,0.568929,0.916124
43.033,1.157255,0.416872,0.567574,0.918323
43.043,1.143715,0.419007,0.589407,0.886069
43.053,1.140207,0.42223,0.599399,0.873221
43.063,1.162152,0.425266,0.658656,0.857857
43.073,1.151436,0.421011,0.658579,0.845475
43.083,1.149398,0.421034,0.657638,0.843421
43.093,1.151802,0.415718,0.655515,0.850956
43.103,1.156202,0.416126,0.656149,0.856218
43.113,1.166298,0.416169,0.673962,0.856055
43.123,1.168243,0.418713,0.687308,0.846805
43.133,1.147257,0.423287,0.717977,0.788376
43.143,1.142731,0.423056,0.714984,0.784637
43.153,1.170408,0.423617,0.739306,0.80239
43.163,1.184154,0.430665,0.740772,0.817316
43.173,1.176976,0.431726,0.740572,0.806498
43.183,1.201471,0.50327,0.738238,0.803279
43.193,1.21622,0.513304,0.749303,0.808862
43.203,1.253142,0.572228,0.750329,0.824576
43.213,1.262533,0.588933,0.767547,0.811184
43.223,1.235075,0.589032,0.756533,0.77853
43.233,1.226507,0.588651,0.761369,0.760345
43.243,1.255064,0.588157,0.780571,0.78738
43.253,1.273247,0.596722,0.791591,0.79904
43.263,1.274472,0.612732,0.793829,0.786558
43.273,1.271629,0.616598,0.793238,0.7795
43.283,1.293445,0.613619,0.807703,0.80255
43.293,1.298841,0.617716,0.809868,0.805934
43.303,1.295425,0.616724,0.807201,0.803868
43.313,1.295715,0.618012,0.807359,0.803187
43.323,1.295009,0.603463,0.807537,0.812875
43.333,1.300112,0.608226,0.803477,0.821448
43.343,1.299741,0.600052,0.806681,0.82373
43.354,1.31385,0.600035,0.809184,0.843434
43.364,1.340768,0.599652,0.808151,0.885983
43.374,1.364241,0.601851,0.810791,0.917358
43.384,1.363147,0.604961,0.8092,0.91509
43.394,1.35877,0.601185,0.805398,0.914421
43.404,1.356343,0.596955,0.801716,0.916821
43.414,1.364182,0.59891,0.802221,0.926684
43.424,1.383461,0.600511,0.829614,0.930103
43.434,1.383005,0.598727,0.825024,0.934646
43.444,1.350985,0.598226,0.772795,0.932778
43.454,1.355095,0.597781,0.773734,0.93823
43.463,1.353835,0.588873,0.773062,0.942588
43.473,1.386293,0.594642,0.767031,0.989884
43.483,1.397052,0.594496,0.79088,0.986326
43.493,1.386427,0.583865,0.783516,0.983557
43.503,1.381427,0.554805,0.776521,0.998773
43.513,1.408058,0.556655,0.816365,1.003151
43.523,1.406264,0.541885,0.829209,0.998174
43.533,1.395844,0.540056,0.813383,0.997561
43.543,1.383384,0.538641,0.808212,0.985094
43.553,1.356628,0.538068,0.776205,0.973873
43.563,1.34661,0.535394,0.767376,0.968424
43.573,1.337416,0.534738,0.749224,0.970258
43.583,1.34858,0.534607,0.746481,0.98774
43.593,1.342543,0.534287,0.745533,0.980378
43.603,1.34796,0.536722,0.749364,0.983555
43.613,1.34014,0.539529,0.745534,0.974198
43.623,1.326987,0.537272,0.71658,0.979156
43.633,1.34674,0.546518,0.724883,0.994772
43.643,1.34382,0.551056,0.713987,0.996199
43.653,1.353491,0.596227,0.705457,0.989334
43.663,1.343222,0.607016,0.700285,0.972306
43.673,1.352209,0.621142,0.698802,0.976896
43.683,1.325851,0.5563,0.709428,0.972174
43.693,1.327766,0.541572,0.725968,0.970893
43.703,1.300654,0.470516,0.729887,0.968287
43.713,1.299961,0.473458,0.721736,0.972026
43.723,1.306054,0.475555,0.731696,0.971723
43.733,1.30016,0.483674,0.715524,0.971854
43.743,1.271164,0.48761,0.705514,0.938267
43.753,1.264669,0.485317,0.695366,0.938254
43.763,1.263318,0.473148,0.698169,0.940565
43.773,1.253838,0.471524,0.701332,0.926233
43.783,1.24178,0.472172,0.694983,0.914368
43.793,1.23592,0.479892,0.685157,0.909813
43.803,1.230813,0.482888,0.692396,0.895717
43.813,1.236414,0.484703,0.696755,0.899064
43.823,1.233758,0.497053,0.694863,0.890091
43.833,1.220593,0.494083,0.698138,0.870823
43.843,1.21732,0.496817,0.698733,0.864182
43.854,1.198534,0.499894,0.686128,0.846061
43.863,1.14989,0.497916,0.6858,0.777179
43.874,1.139701,0.497459,0.690209,0.758329
43.883,1.147813,0.4964,0.700171,0.762117
43.893,1.148186,0.497156,0.693172,0.768556
43.903,1.147724,0.498101,0.69632,0.764397
43.913,1.141866,0.502711,0.70944,0.740158
43.923,1.122629,0.501795,0.678684,0.740193
43.934,1.144371,0.503074,0.684194,0.767059
43.943,1.162162,0.513408,0.68321,0.787564
43.954,1.165126,0.514169,0.700349,0.776312
43.963,1.172451,0.511865,0.708179,0.781741
43.973,1.123974,0.513721,0.672526,0.739674
43.983,1.093866,0.50708,0.652786,0.716438
43.993,1.085655,0.515506,0.650467,0.699853
44.003,1.111503,0.515623,0.647333,0.741978
44.013,1.107652,0.512914,0.609564,0.769573
44.023,1.113697,0.514577,0.595717,0.787816
44.033,1.11985,0.534062,0.594429,0.784535
44.043,1.116476,0.545429,0.598918,0.768326
44.053,1.116095,0.555265,0.597625,0.761705
44.063,1.103695,0.565726,0.570974,0.756362
44.074,1.121501,0.571023,0.570429,0.778657
44.084,1.127791,0.570567,0.569895,0.788407
44.094,1.132326,0.571358,0.564445,0.798194
44.103,1.131902,0.573732,0.559821,0.799146
44.114,1.135471,0.585992,0.549632,0.802379
44.123,1.134971,0.586687,0.556255,0.796578
44.134,1.091894,0.583014,0.493038,0.780539
44.144,1.091581,0.577312,0.49286,0.784442
44.154,1.057749,0.512148,0.492721,0.783431
44.164,1.036099,0.467864,0.505727,0.773851
44.174,1.001368,0.421532,0.488925,0.765507
44.184,1.002198,0.409434,0.486577,0.774602
44.194,1.00361,0.405972,0.477295,0.78397
44.204,1.004703,0.408533,0.475767,0.784968
44.214,1.001405,0.407561,0.47768,0.780083
44.224,1.004835,0.407551,0.483613,0.780842
44.234,1.007114,0.416299,0.48065,0.780993
44.244,1.011347,0.415953,0.489692,0.78103
44.254,1.005099,0.415357,0.475019,0.782343
44.263,1.005932,0.410506,0.474649,0.786188
44.273,1.006884,0.404981,0.479183,0.787521
44.283,1.014456,0.411146,0.489767,0.787533
44.293,1.014397,0.411689,0.497062,0.782586
44.303,1.022084,0.413719,0.502614,0.787954
44.313,1.028824,0.413821,0.503798,0.795876
44.323,1.029116,0.414469,0.509383,0.792353
44.333,1.030961,0.415329,0.510795,0.793392
44.343,1.051334,0.415158,0.549652,0.794248
44.353,1.073459,0.415015,0.574004,0.806595
44.364,1.081567,0.416129,0.590437,0.80499
44.374,1.090988,0.416082,0.591878,0.816586
44.384,1.124608,0.417468,0.625626,0.836096
44.394,1.127977,0.419263,0.637038,0.831103
44.404,1.174253,0.420624,0.624609,0.901005
44.414,1.168357,0.419648,0.591945,0.915726
44.424,1.171053,0.41651,0.599125,0.915933
44.434,1.240707,0.416733,0.606092,0.999169
44.444,1.220344,0.413336,0.615678,0.969193
44.454,1.231392,0.400684,0.607288,0.993469
44.464,1.290557,0.401442,0.606115,1.066305
44.474,1.292973,0.38393,0.602756,1.077526
44.484,1.309867,0.368046,0.606828,1.100932
44.494,1.359385,0.346423,0.618207,1.16006
44.504,1.367485,0.344851,0.624438,1.166692
44.514,1.32906,0.351625,0.612418,1.125924
44.524,1.357313,0.351818,0.614206,1.158134
44.534,1.389705,0.34101,0.615726,1.198279
44.544,1.38398,0.3371,0.615789,1.192715
44.554,1.399472,0.33,0.614828,1.213098
44.563,1.422527,0.321925,0.613134,1.242584
44.573,1.450785,0.32265,0.616813,1.272877
44.583,1.423621,0.331593,0.619211,1.238274
44.593,1.431732,0.331757,0.620228,1.24704
44.603,1.415098,0.335205,0.594095,1.239835
44.613,1.415737,0.310751,0.591986,1.247918
44.623,1.420433,0.309499,0.594883,1.252179
44.633,1.416086,0.291477,0.589209,1.254262
44.643,1.387547,0.280035,0.588653,1.22489
44.654,1.386488,0.265644,0.630169,1.206097
44.664,1.37942,0.265122,0.624641,1.200972
44.674,1.388782,0.26267,0.643262,1.202469
44.684,1.410061,0.264774,0.724951,1.18009
44.694,1.448554,0.265145,0.741157,1.216015
44.704,1.428303,0.264866,0.748074,1.187553
44.714,1.418651,0.235633,0.742601,1.185576
44.724,1.478729,0.234053,0.740524,1.258365
44.734,1.562218,0.206985,0.746401,1.356675
44.744,1.566312,0.202386,0.744115,1.363329
44.754,1.551782,0.192452,0.744497,1.347855
44.764,1.55724,0.193066,0.744306,1.354152
44.774,1.636819,0.209098,0.745618,1.44205
44.784,1.70027,0.202517,0.766353,1.504197
44.794,1.690883,0.21444,0.761137,1.494581
44.804,1.704221,0.214305,0.758398,1.511052
44.814,1.726557,0.21378,0.757166,1.536879
44.824,1.782579,0.213773,0.751096,1.602419
44.834,1.791515,0.198817,0.75023,1.614667
44.844,1.779822,0.196596,0.723573,1.614174
44.854,1.793536,0.195576,0.702767,1.638487
44.864,1.816052,0.20196,0.68928,1.667978
44.874,1.844682,0.199578,0.691904,1.69832
44.884,1.831684,0.200043,0.654439,1.699046
44.894,1.8331,0.200689,0.638811,1.706429
44.904,1.82952,0.200736,0.634784,1.704083
44.914,1.85736,0.201229,0.633598,1.734314
44.924,1.860366,0.202107,0.622289,1.741513
44.934,1.820505,0.201877,0.619552,1.699894
44.944,1.816094,0.19942,0.606201,1.70028
44.954,1.819364,0.199428,0.606255,1.703752
44.964,1.78038,0.19904,0.608427,1.661311
44.974,1.770216,0.198928,0.608094,1.650549
44.984,1.770593,0.199703,0.600828,1.653518
44.994,1.715248,0.201267,0.590848,1.597644
45.004,1.68598,0.202199,0.575423,1.571793
45.014,1.679912,0.199681,0.578887,1.564328
45.024,1.650352,0.200566,0.580617,1.531769
45.034,1.597897,0.200512,0.575734,1.477024
45.04,1.593483,0.203062,0.589668,1.466371
45.053,1.561581,0.203563,0.588655,1.431985
45.063,1.508968,0.201871,0.590857,1.373725
45.073,1.44309,0.201337,0.583231,1.304536
45.083,1.406165,0.196483,0.581489,1.265134
45.093,1.371358,0.188671,0.586376,1.22523
45.103,1.311737,0.186506,0.588339,1.157465
45.113,1.264881,0.186534,0.583597,1.106591
45.123,1.206649,0.184771,0.586203,1.038378
45.133,1.182244,0.178687,0.600391,1.002647
45.143,1.144013,0.178522,0.585131,0.966704
45.153,1.110571,0.179033,0.557583,0.943619
45.163,1.100119,0.178707,0.556495,0.932009
45.173,1.090628,0.178261,0.544122,0.928236
45.183,1.06404,0.177159,0.450394,0.947598
45.193,1.055788,0.180002,0.43125,0.946737
45.203,1.044135,0.180482,0.424401,0.936765
45.213,1.044065,0.179216,0.429427,0.934636
45.223,1.02158,0.17968,0.429834,0.909167
45.233,0.974901,0.174011,0.436816,0.854016
45.243,0.975424,0.172431,0.431311,0.857724
45.253,0.9835,0.170932,0.430974,0.867362
45.263,0.979404,0.170381,0.428882,0.863865
45.273,0.930935,0.158246,0.415816,0.817738
45.283,0.877138,0.157946,0.372523,0.778235
45.293,0.886722,0.154921,0.414825,0.768242
45.303,0.894297,0.154505,0.430393,0.768543
45.313,0.907434,0.15051,0.501389,0.74121
45.323,0.858979,0.151236,0.502034,0.680393
45.333,0.861386,0.153825,0.501573,0.683189
45.343,0.86797,0.161807,0.508597,0.684485
45.353,0.908166,0.165849,0.540137,0.710993
45.363,0.887667,0.160553,0.535505,0.6895
45.373,0.902428,0.159806,0.561448,0.688197
45.383,0.911684,0.159626,0.559493,0.701893
45.393,0.916178,0.172357,0.560969,0.703554
45.403,0.912643,0.173167,0.560847,0.698843
45.413,0.896219,0.172645,0.574608,0.665753
45.423,0.910588,0.169685,0.600369,0.663275
45.433,0.937987,0.170622,0.618793,0.683961
45.443,0.965364,0.171035,0.660991,0.68247
45.453,0.952695,0.175885,0.65953,0.664615
45.463,0.948724,0.175712,0.658132,0.660352
45.473,0.957606,0.176381,0.667892,0.663188
45.483,0.938233,0.175881,0.672046,0.630635
45.493,0.938196,0.167589,0.672475,0.632379
45.503,0.938498,0.168941,0.673464,0.631413
45.513,0.963801,0.169271,0.69027,0.65099
45.523,0.949769,0.168895,0.691951,0.628283
45.533,0.967868,0.169283,0.715704,0.629189
45.543,0.962642,0.173908,0.707116,0.62962
45.553,0.949675,0.173634,0.705156,0.611955
45.563,0.955478,0.222419,0.709064,0.60058
45.573,0.956309,0.23395,0.707281,0.599623
45.583,0.984458,0.273293,0.723663,0.608917
45.593,0.987509,0.275903,0.724744,0.611391
45.603,1.015318,0.299664,0.748147,0.617534
45.613,1.053975,0.29946,0.814449,0.598213
45.623,1.050274,0.301445,0.81491,0.590023
45.633,1.056077,0.300802,0.807316,0.610784
45.643,1.055762,0.302131,0.807764,0.608989
45.653,1.080463,0.302573,0.819035,0.636421
45.663,1.094309,0.304924,0.826768,0.648835
45.673,1.104928,0.304949,0.828527,0.664392
45.683,1.099418,0.305119,0.828325,0.655362
45.693,1.107441,0.307407,0.8315,0.663728
45.703,1.117013,0.320289,0.835039,0.669211
45.713,1.117471,0.32018,0.83581,0.669065
45.723,1.126885,0.342021,0.837502,0.671925
45.733,1.135068,0.355537,0.833538,0.683512
45.743,1.15318,0.356249,0.842097,0.702696
45.753,1.165185,0.36374,0.845256,0.714767
45.763,1.165924,0.363724,0.848272,0.712403
45.773,1.167818,0.363069,0.848712,0.715309
45.783,1.179992,0.362607,0.8475,0.736642
45.793,1.173407,0.359802,0.819501,0.758845
45.803,1.163668,0.360933,0.810207,0.753269
45.813,1.120302,0.361373,0.750381,0.749277
45.823,1.116955,0.364861,0.749925,0.743019
45.833,1.118974,0.364265,0.748226,0.748044
45.843,1.113641,0.370476,0.732757,0.752337
45.853,1.109153,0.369729,0.74667,0.732124
45.863,1.128338,0.370737,0.747629,0.759441
45.873,1.123632,0.376731,0.742915,0.754121
45.883,1.133957,0.377984,0.756781,0.755162
45.893,1.139087,0.373229,0.766938,0.754999
45.903,1.18559,0.372722,0.837271,0.752117
45.913,1.189393,0.372713,0.837176,0.758206
45.923,1.183205,0.372432,0.828886,0.757771
45.933,1.160305,0.372072,0.810935,0.741792
45.943,1.145588,0.372225,0.785372,0.746332
45.953,1.146454,0.372201,0.784499,0.748589
45.963,1.15453,0.372685,0.792345,0.752486
45.973,1.153214,0.372873,0.791976,0.750761
45.983,1.152064,0.380705,0.794015,0.74287
45.993,1.162277,0.381568,0.807396,0.743912
46.003,1.168828,0.389589,0.807084,0.75033
46.013,1.16457,0.389596,0.798737,0.752635
46.023,1.160944,0.387823,0.792662,0.754368
46.033,1.154737,0.388997,0.783112,0.754212
46.043,1.156299,0.386988,0.78747,0.7531
46.053,1.164801,0.390353,0.797761,0.753634
46.063,1.15856,0.364829,0.797588,0.756977
46.073,1.158921,0.360226,0.800297,0.756875
46.083,1.133191,0.33218,0.789832,0.741581
46.093,1.13338,0.328972,0.791386,0.741644
46.103,1.1162,0.314292,0.775613,0.738612
46.113,1.067353,0.314088,0.703704,0.738506
46.123,1.06549,0.315835,0.703524,0.735236
46.133,1.053343,0.319338,0.704297,0.715207
46.143,1.051727,0.316988,0.703306,0.714849
46.153,1.028895,0.319808,0.688136,0.694849
46.163,1.015355,0.318842,0.682462,0.68083
46.173,1.004926,0.322529,0.685845,0.659899
46.183,1.011567,0.32676,0.690924,0.662661
46.193,1.00359,0.324435,0.687047,0.655669
46.203,0.990556,0.314837,0.684598,0.642966
46.213,0.99034,0.314996,0.682627,0.644649
46.223,0.977375,0.292937,0.677141,0.641038
46.233,0.972216,0.278764,0.690197,0.625398
46.243,0.957862,0.276679,0.6824,0.6126
46.253,0.945017,0.266092,0.685588,0.593482
46.263,0.950416,0.262772,0.682073,0.60747
46.273,0.948788,0.262623,0.682058,0.605
46.283,0.945612,0.264402,0.705478,0.571467
46.293,0.932844,0.265403,0.710088,0.54363
46.303,0.933647,0.268022,0.706187,0.548781
46.313,0.941933,0.268181,0.706119,0.562773
46.323,0.94162,0.260375,0.70509,0.567187
46.333,0.959412,0.264404,0.729294,0.564527
46.343,0.950694,0.245503,0.72967,0.557791
46.353,0.931687,0.233553,0.709543,0.556815
46.363,0.911787,0.228919,0.712842,0.520392
46.373,0.899534,0.211693,0.706946,0.514368
46.383,0.874421,0.204792,0.693809,0.491223
46.393,0.863223,0.196582,0.682731,0.490293
46.403,0.809294,0.196998,0.613016,0.490266
46.413,0.788246,0.194229,0.593121,0.481471
46.423,0.788066,0.192693,0.593481,0.48135
46.433,0.796321,0.188997,0.601149,0.486855
46.443,0.796607,0.186116,0.599348,0.490638
46.453,0.804038,0.18966,0.599907,0.500618
46.463,0.868916,0.19008,0.647479,0.547409
46.473,0.860503,0.183772,0.638355,0.546989
46.483,0.852343,0.177768,0.628483,0.547629
46.493,0.844338,0.178277,0.60872,0.557302
46.503,0.892311,0.18402,0.607835,0.626812
46.513,0.886038,0.184965,0.603644,0.621663
46.523,0.89149,0.18481,0.61631,0.617059
46.533,0.902147,0.185535,0.62354,0.625014
46.543,0.92396,0.182312,0.634412,0.646518
46.553,0.924994,0.18312,0.630926,0.651163
46.563,0.917608,0.180943,0.624698,0.647315
46.573,0.925732,0.180155,0.630576,0.653374
46.583,0.939926,0.178595,0.631945,0.672466
46.593,0.938441,0.182363,0.62732,0.67371
46.603,0.937284,0.173294,0.627359,0.674457
46.613,0.937714,0.181304,0.627395,0.672914
46.623,0.946668,0.182371,0.627694,0.684778
46.633,0.952494,0.18313,0.634254,0.686607
46.643,0.960098,0.184072,0.641991,0.689749
46.653,0.986356,0.183118,0.677113,0.693458
46.663,0.984393,0.185503,0.674027,0.693042
46.673,0.991908,0.18579,0.683441,0.694459
46.683,0.993977,0.183191,0.684092,0.697459
46.693,0.999182,0.192781,0.689476,0.697011
46.703,0.997001,0.19184,0.688149,0.695456
46.713,0.993796,0.192737,0.687293,0.691456
46.723,0.993206,0.193138,0.686691,0.691095
46.733,1.010932,0.189023,0.691511,0.712788
46.743,1.025313,0.192089,0.684703,0.738614
46.753,1.018589,0.189252,0.678978,0.73532
46.763,1.010527,0.189683,0.686332,0.717032
46.773,1.025367,0.190664,0.685892,0.737954
46.783,1.030297,0.188007,0.664357,0.764719
46.793,1.0271,0.186245,0.657008,0.767195
46.803,1.025168,0.184253,0.65659,0.765447
46.813,1.03924,0.184258,0.657303,0.783594
46.823,1.051265,0.184455,0.656673,0.799946
46.833,1.039402,0.176811,0.639284,0.800256
46.843,1.06305,0.185308,0.671695,0.802847
46.853,1.06471,0.185204,0.671068,0.80559
46.863,1.064535,0.186403,0.670481,0.80557
46.873,1.064848,0.192226,0.673462,0.802121
46.883,1.063488,0.196724,0.669997,0.802129
46.893,1.065194,0.199399,0.672369,0.801746
46.903,1.057634,0.199675,0.645167,0.813929
46.913,1.053919,0.199695,0.639114,0.813879
46.923,1.049142,0.200529,0.629139,0.815273
46.933,1.045576,0.205049,0.616925,0.818894
46.943,1.043813,0.206867,0.620241,0.813667
46.953,1.0516,0.231715,0.635368,0.805281
46.963,1.015631,0.233235,0.616762,0.772471
46.973,1.022905,0.2434,0.617385,0.778413
46.983,1.028127,0.248746,0.624546,0.77789
46.993,1.01866,0.251283,0.624052,0.764908
47.003,0.97989,0.272032,0.623574,0.705223
47.013,0.955721,0.269581,0.613319,0.681592
47.023,0.939452,0.269507,0.580086,0.688067
47.033,0.956169,0.26963,0.602612,0.691678
47.043,0.947108,0.264581,0.610646,0.673885
47.053,0.946375,0.258717,0.613089,0.672913
47.063,0.948899,0.253734,0.621062,0.671052
47.073,0.953335,0.254414,0.63109,0.667717
47.083,0.942242,0.255322,0.631968,0.650574
47.093,0.956015,0.254814,0.653778,0.649314
47.103,0.951238,0.254859,0.648365,0.647705
47.113,0.961702,0.257029,0.665183,0.645243
47.123,0.958274,0.253792,0.6707,0.635642
47.133,0.951967,0.254446,0.667933,0.628781
47.143,0.93548,0.252445,0.64981,0.623812
47.153,0.917042,0.252751,0.627363,0.619272
47.163,0.933133,0.247988,0.648373,0.623579
47.173,0.932532,0.250077,0.644405,0.625955
47.183,0.928941,0.251385,0.644587,0.619875
47.193,0.927244,0.25004,0.641997,0.620564
47.203,0.93403,0.277857,0.640029,0.620944
47.213,0.946281,0.283901,0.655674,0.620435
47.223,0.948253,0.283644,0.657434,0.6217
47.233,0.945625,0.284404,0.665308,0.60884
47.243,0.927781,0.307237,0.66368,0.570887
47.253,0.938173,0.308343,0.672439,0.576991
47.263,0.949512,0.327353,0.679327,0.576998
47.273,0.934772,0.327328,0.679982,0.551616
47.283,0.920374,0.328176,0.687277,0.516758
47.293,0.931699,0.328023,0.699392,0.520878
47.303,0.948549,0.329864,0.71459,0.529432
47.313,0.930738,0.333525,0.716998,0.490864
47.323,0.916606,0.333357,0.723711,0.453081
47.333,0.916897,0.333709,0.714665,0.46754
47.343,0.891549,0.331599,0.687302,0.460996
47.353,0.894524,0.331725,0.690397,0.462042
47.363,0.898532,0.331249,0.695737,0.46215
47.373,0.912625,0.326095,0.697287,0.490243
47.383,0.919103,0.328846,0.699523,0.497271
47.393,0.921746,0.328342,0.702794,0.497884
47.403,0.917417,0.328278,0.705689,0.485687
47.413,0.914737,0.328963,0.699904,0.488531
47.423,0.913124,0.330442,0.693852,0.493126
47.433,0.908665,0.326855,0.690389,0.49214
47.443,0.918012,0.325363,0.70461,0.490316
47.453,0.894333,0.306363,0.682676,0.489824
47.463,0.881574,0.307756,0.658694,0.498579
47.473,0.891763,0.302248,0.659922,0.518064
47.483,0.880245,0.301727,0.644004,0.518701
47.493,0.881582,0.302962,0.644446,0.519702
47.503,0.892305,0.276912,0.663842,0.528055
47.513,0.892768,0.284371,0.658518,0.531527
47.523,0.918575,0.290398,0.657499,0.571966
47.533,0.91868,0.290606,0.615265,0.617228
47.543,0.930011,0.308214,0.613354,0.627472
47.553,0.919198,0.308708,0.601632,0.622626
47.563,0.922528,0.31789,0.60045,0.624071
47.573,0.923944,0.317787,0.598747,0.627842
47.583,0.944762,0.329021,0.611944,0.640192
47.593,0.939752,0.329389,0.604606,0.639601
47.603,0.943262,0.330011,0.582479,0.664496
47.613,0.965369,0.32843,0.589014,0.690748
47.623,0.957098,0.328573,0.574969,0.691005
47.633,0.97065,0.32865,0.576227,0.708599
47.643,1.003173,0.354875,0.598776,0.722417
47.653,1.010302,0.356686,0.605171,0.726122
47.663,1.009931,0.370362,0.598159,0.724568
47.673,1.002109,0.369464,0.593087,0.718308
47.683,1.002366,0.367915,0.593688,0.718964
47.693,0.99817,0.368684,0.592287,0.713871
47.703,1.000796,0.349053,0.59235,0.727239
47.713,1.017373,0.342814,0.597896,0.748363
47.723,1.016273,0.349675,0.587094,0.752236
47.733,1.010566,0.349835,0.580384,0.749675
47.743,1.002436,0.322843,0.581932,0.74967
47.753,0.992465,0.322716,0.573659,0.742804
47.763,0.982114,0.2973,0.569478,0.742869
47.773,0.995945,0.304998,0.576657,0.752563
47.783,1.006804,0.302936,0.593079,0.755078
47.793,1.002812,0.302771,0.584281,0.756689
47.803,0.998221,0.308814,0.55445,0.770496
47.813,1.009724,0.307039,0.564955,0.778521
47.823,1.008932,0.312059,0.56068,0.778589
47.833,1.009833,0.312056,0.570259,0.772779
47.843,1.013383,0.324068,0.570673,0.772176
47.853,1.005751,0.324129,0.563564,0.767379
47.863,1.02451,0.328131,0.565459,0.788802
47.873,1.019351,0.332201,0.559561,0.784609
47.883,1.012726,0.328777,0.559215,0.777688
47.893,1.010441,0.331313,0.556192,0.775805
47.903,1.016617,0.331268,0.56398,0.778266
47.913,1.014801,0.332211,0.562525,0.776546
47.923,1.011048,0.329518,0.56251,0.772799
47.933,1.006376,0.329872,0.556522,0.770883
47.943,0.996149,0.328816,0.540413,0.769511
47.953,1.000761,0.327976,0.541928,0.774769
47.963,0.992952,0.324527,0.542812,0.765501
47.973,0.980179,0.323164,0.54018,0.751346
47.983,0.9793,0.320678,0.539272,0.751917
47.993,0.997452,0.320552,0.555003,0.764284
48.003,0.977851,0.321681,0.525029,0.759644
48.013,0.969741,0.316914,0.518547,0.755694
48.023,0.938904,0.312455,0.517684,0.718272
48.033,0.900586,0.312253,0.507967,0.674924
48.043,0.902516,0.298508,0.514833,0.678509
48.053,0.906945,0.314901,0.513225,0.678223
48.063,0.907437,0.308403,0.512849,0.68214
48.073,0.901384,0.308276,0.506836,0.678658
48.083,0.88498,0.293762,0.494133,0.67285
48.093,0.882547,0.294054,0.487475,0.67438
48.103,0.89635,0.299295,0.53591,0.653197
48.113,0.8788,0.296632,0.529411,0.635628
48.123,0.871995,0.305541,0.515618,0.63337
48.133,0.864214,0.305376,0.518317,0.62045
48.143,0.838153,0.273458,0.506421,0.609311
48.153,0.831509,0.272392,0.501135,0.60504
48.163,0.826984,0.247092,0.507524,0.604374
48.173,0.828143,0.245116,0.507528,0.606757
48.183,0.819441,0.245782,0.495899,0.604283
48.193,0.814878,0.245305,0.485664,0.606615
48.203,0.813978,0.2434,0.502556,0.592246
48.213,0.798768,0.243924,0.497996,0.574919
48.223,0.797748,0.238631,0.511105,0.564119
48.233,0.808743,0.240615,0.529519,0.561942
48.243,0.81588,0.246859,0.529735,0.569299
48.253,0.836279,0.246028,0.561015,0.569294
48.263,0.841046,0.24677,0.564953,0.572095
48.273,0.82958,0.240938,0.56836,0.554182
48.283,0.820616,0.238486,0.558863,0.55155
48.293,0.828659,0.23952,0.561824,0.560054
48.303,0.802292,0.237845,0.575989,0.50531
48.313,0.811334,0.238806,0.57507,0.520125
48.323,0.847801,0.234525,0.605414,0.545196
48.333,0.849456,0.238122,0.603808,0.547985
48.343,0.858224,0.225931,0.623436,0.544822
48.353,0.851229,0.225929,0.623844,0.53326
48.363,0.846265,0.221446,0.623458,0.52766
48.373,0.834154,0.219121,0.627437,0.504104
48.383,0.832839,0.219136,0.625535,0.504289
48.393,0.841622,0.21479,0.633092,0.51126
48.403,0.83994,0.219485,0.629408,0.511049
48.413,0.839712,0.217699,0.631231,0.509186
48.423,0.852831,0.217937,0.659659,0.494646
48.433,0.855087,0.22379,0.66017,0.495245
48.443,0.866669,0.224835,0.666869,0.505815
48.453,0.867606,0.226609,0.666993,0.506467
48.463,0.871672,0.231487,0.667468,0.5106
48.473,0.87672,0.231107,0.672815,0.512394
48.483,0.882198,0.231112,0.672466,0.522159
48.493,0.864913,0.229446,0.656896,0.513728
48.503,0.860596,0.2282,0.65313,0.511831
48.513,0.898192,0.231379,0.669854,0.551822
48.523,0.898652,0.232651,0.670129,0.551702
48.533,0.899385,0.232561,0.670998,0.551879
48.543,0.888863,0.230116,0.663438,0.544954
48.553,0.92022,0.209209,0.667329,0.598087
48.563,0.920886,0.203528,0.666483,0.602003
48.573,0.919072,0.204093,0.670666,0.594345
48.583,0.934704,0.203291,0.687329,0.599935
48.593,0.938611,0.201369,0.680035,0.614813
48.603,0.90167,0.195044,0.629394,0.615493
48.613,0.899329,0.194795,0.628812,0.612735
48.623,0.899351,0.185907,0.615985,0.628357
48.633,0.896712,0.189511,0.620881,0.618614
48.643,0.895144,0.190981,0.618928,0.617849
48.653,0.907996,0.245148,0.61251,0.623851
48.663,0.910137,0.24419,0.614412,0.625474
48.673,0.911398,0.245512,0.615372,0.62585
48.683,0.910262,0.244916,0.613775,0.625998
48.693,0.910147,0.245424,0.613454,0.625947
48.703,0.895838,0.250724,0.589356,0.626357
48.713,0.90006,0.259177,0.595501,0.623148
48.723,0.879073,0.259192,0.573835,0.613435
48.733,0.876891,0.265247,0.575282,0.606327
48.743,0.875062,0.26305,0.571045,0.608642
48.753,0.874522,0.265319,0.560088,0.617005
48.763,0.870646,0.265698,0.552222,0.61845
48.773,0.861196,0.264914,0.546137,0.610912
48.783,0.859579,0.265072,0.546627,0.608122
48.793,0.844928,0.265053,0.541642,0.59184
48.803,0.838742,0.262577,0.532781,0.592188
48.813,0.808236,0.262987,0.519828,0.560233
48.823,0.787416,0.262435,0.499408,0.549312
48.833,0.77835,0.263606,0.496265,0.538574
48.843,0.778533,0.266814,0.484939,0.547502
48.853,0.784357,0.268079,0.491336,0.549489
48.863,0.76325,0.268851,0.479457,0.52952
48.873,0.762604,0.268729,0.478206,0.529782
48.883,0.762085,0.269354,0.479276,0.527746
48.893,0.759916,0.269161,0.474088,0.529401
48.903,0.753848,0.264987,0.473887,0.522972
48.913,0.751974,0.267995,0.471351,0.52103
48.923,0.739691,0.26863,0.445095,0.526187
48.933,0.748248,0.264747,0.463158,0.524661
48.943,0.740237,0.264334,0.45196,0.523269
48.953,0.729024,0.263093,0.447595,0.511778
48.963,0.73107,0.261383,0.447775,0.515402
48.973,0.737866,0.261664,0.444481,0.52765
48.983,0.742123,0.270593,0.444526,0.529077
48.993,0.750968,0.272127,0.467616,0.520803
49.003,0.754252,0.271259,0.469188,0.524573
49.013,0.734851,0.272186,0.45118,0.512208
49.023,0.736126,0.270181,0.449764,0.51633
49.033,0.740763,0.270028,0.457707,0.516062
49.043,0.73007,0.27254,0.45773,0.499207
49.053,0.706297,0.270796,0.457575,0.464919
49.063,0.707928,0.269339,0.459586,0.466261
49.073,0.7004,0.26777,0.446862,0.46816
49.083,0.698997,0.270701,0.441525,0.46944
49.093,0.701866,0.272259,0.455839,0.459023
49.103,0.695209,0.272156,0.455052,0.449639
49.113,0.707168,0.272768,0.471627,0.450835
49.123,0.697625,0.272004,0.466753,0.441402
49.133,0.698072,0.267858,0.463408,0.448118
49.143,0.696921,0.264823,0.463357,0.448182
49.153,0.682476,0.207092,0.46936,0.450097
49.163,0.694958,0.20349,0.464598,0.475087
49.173,0.699115,0.199637,0.467125,0.480313
49.183,0.724293,0.194847,0.505722,0.4805
49.193,0.734775,0.191328,0.504731,0.498532
49.203,0.74972,0.190204,0.50461,0.520838
49.213,0.772566,0.184612,0.527192,0.533709
49.223,0.766763,0.184205,0.522181,0.530397
49.233,0.782789,0.181155,0.512045,0.563695
49.243,0.814828,0.181542,0.519528,0.600898
49.253,0.81241,0.179776,0.519154,0.598473
49.263,0.817314,0.187678,0.524894,0.597717
49.273,0.817457,0.188123,0.522862,0.599551
49.283,0.816182,0.186212,0.522445,0.598774
49.293,0.817387,0.186004,0.517568,0.604687
49.303,0.833373,0.186072,0.542022,0.605062
49.313,0.84146,0.185938,0.542962,0.615366
49.323,0.862923,0.186623,0.548758,0.639275
49.333,0.883994,0.183358,0.561913,0.657327
49.343,0.875573,0.179265,0.559858,0.648885
49.353,0.870763,0.175688,0.558153,0.644847
49.363,0.873017,0.177781,0.556159,0.649031
49.374,0.892599,0.179059,0.570735,0.662519
49.383,0.893862,0.178393,0.576728,0.659203
49.394,0.897823,0.179411,0.577131,0.663941
49.403,0.899873,0.179754,0.577982,0.66588
49.413,0.905514,0.178559,0.578839,0.673066
49.423,0.904096,0.178046,0.57948,0.67074
49.433,0.895656,0.177355,0.551834,0.682806
49.443,0.933952,0.177278,0.551704,0.732435
49.454,0.935275,0.176135,0.551723,0.734382
49.464,0.9328,0.173753,0.553984,0.730088
49.474,0.930029,0.173603,0.555014,0.725793
49.483,0.934475,0.158647,0.55615,0.73401
49.494,0.93135,0.153365,0.552048,0.734259
49.503,0.93167,0.155221,0.553584,0.733116
49.514,0.922263,0.149373,0.55435,0.72177
49.524,0.946973,0.150349,0.563448,0.74611
49.534,0.948954,0.149756,0.556272,0.754088
49.544,0.948834,0.148951,0.555755,0.754477
49.554,0.951907,0.147968,0.554498,0.759449
49.564,0.95179,0.148184,0.549347,0.762996
49.573,0.946418,0.148614,0.54633,0.758383
49.583,0.938634,0.141489,0.541224,0.753718
49.593,0.936886,0.143462,0.536177,0.754777
49.603,0.96537,0.144945,0.584442,0.754559
49.613,0.961499,0.144338,0.581394,0.752082
49.623,0.985007,0.146957,0.621128,0.750228
49.633,0.988971,0.147504,0.626865,0.750565
49.643,1.002081,0.1557,0.624532,0.768038
49.653,1.007708,0.157762,0.637218,0.764552
49.663,1.008588,0.160461,0.639746,0.763038
49.674,0.99799,0.157342,0.633196,0.755176
49.684,1.002723,0.157534,0.615892,0.775444
49.694,1.010717,0.15784,0.63273,0.772197
49.704,0.990543,0.170969,0.626777,0.747727
49.714,0.979317,0.173533,0.608773,0.747224
49.724,0.98282,0.170859,0.605298,0.755219
49.734,0.963074,0.171271,0.607676,0.72726
49.744,0.962954,0.171388,0.628836,0.708852
49.754,0.94962,0.165725,0.617702,0.701968
49.764,0.950805,0.161801,0.618779,0.703537
49.773,0.957495,0.159951,0.618227,0.713448
49.783,0.96315,0.161238,0.621199,0.718174
49.793,0.950127,0.16269,0.61593,0.704913
49.803,0.945284,0.162713,0.605392,0.707522
49.813,0.946107,0.1682,0.608736,0.704463
49.823,0.918874,0.169072,0.600063,0.675032
49.833,0.905293,0.169089,0.586756,0.668342
49.843,0.908522,0.171898,0.592152,0.667247
49.853,0.918268,0.174464,0.592031,0.67991
49.863,0.905218,0.169717,0.59014,0.665094
49.874,0.892803,0.168911,0.580295,0.657134
49.884,0.889878,0.169594,0.572812,0.659551
49.894,0.882082,0.170977,0.576936,0.644965
49.904,0.89037,0.173985,0.575298,0.656902
49.914,0.891545,0.174803,0.567269,0.665209
49.924,0.886896,0.172629,0.561885,0.66413
49.934,0.895344,0.170937,0.60054,0.641695
49.944,0.869118,0.173577,0.60456,0.599786
49.954,0.868223,0.173648,0.609255,0.593689
49.964,0.916439,0.182066,0.655557,0.61397
49.974,0.910194,0.181563,0.65226,0.608313
49.984,0.905363,0.181368,0.65558,0.597496
49.994,0.911202,0.192037,0.651761,0.60714
50.004,0.913924,0.193298,0.653809,0.608626
50.014,0.932935,0.203335,0.656805,0.63058
50.024,0.912448,0.205387,0.648447,0.608189
50.034,0.903084,0.215768,0.644711,0.594435
50.044,0.912083,0.215548,0.64515,0.607632
50.054,0.922338,0.215385,0.644666,0.623476
50.064,0.948561,0.224344,0.662526,0.6407
50.074,0.983832,0.224147,0.66355,0.690931
50.084,0.984595,0.226452,0.663392,0.691416
50.094,1.00755,0.226547,0.670815,0.716828
50.104,0.991872,0.230452,0.638381,0.723307
50.114,0.987072,0.229363,0.632286,0.722439
50.124,0.957969,0.228999,0.580645,0.726716
50.134,0.974889,0.239853,0.570033,0.753618
50.144,0.962299,0.235279,0.566031,0.741803
50.154,0.967955,0.233365,0.564915,0.750565
50.164,1.023527,0.230405,0.563808,0.822583
50.174,1.03069,0.233622,0.567109,0.82833
50.184,1.044084,0.233532,0.581011,0.835464
50.194,1.052255,0.232747,0.571699,0.852191
50.204,1.053837,0.225312,0.569309,0.857726
50.214,1.068077,0.228747,0.597091,0.855538
50.224,1.072269,0.228791,0.593098,0.863511
50.234,1.087438,0.234883,0.585534,0.885721
50.244,1.078299,0.235634,0.571448,0.883545
50.254,1.08062,0.23417,0.585053,0.877848
50.264,1.092784,0.235638,0.593605,0.886727
50.274,1.095303,0.242241,0.609237,0.877405
50.284,1.094214,0.240978,0.60849,0.876912
50.294,1.104805,0.241271,0.610617,0.888555
50.304,1.15587,0.241384,0.60361,0.955732
50.314,1.174876,0.247554,0.610286,0.972935
50.324,1.173309,0.247076,0.607944,0.972631
50.334,1.176079,0.247115,0.613667,0.972373
50.344,1.182113,0.248081,0.612795,0.979964
50.354,1.195966,0.246796,0.62212,0.991157
50.364,1.201638,0.247751,0.62128,0.998281
50.374,1.203154,0.247501,0.621746,0.999878
50.384,1.211706,0.247247,0.638217,0.999889
50.394,1.211457,0.245948,0.634348,1.002366
50.404,1.212052,0.245232,0.634184,1.003365
50.414,1.199536,0.244043,0.633852,0.988716
50.424,1.199726,0.24377,0.635016,0.988268
50.434,1.184699,0.244023,0.60373,0.989684
50.444,1.190449,0.242409,0.603042,0.99737
50.454,1.187105,0.243621,0.601764,0.993855
50.464,1.168796,0.236309,0.551575,1.002999
50.474,1.185798,0.242196,0.558409,1.017663
50.483,1.186477,0.243265,0.552159,1.021602
50.494,1.176954,0.234643,0.558385,1.009143
50.503,1.180597,0.238253,0.55503,1.01439
50.514,1.174556,0.227873,0.552411,1.011186
50.524,1.191529,0.254271,0.573882,1.012792
50.534,1.191713,0.248806,0.578094,1.011969
50.544,1.188809,0.25018,0.578006,1.008259
50.554,1.184233,0.257619,0.574955,1.00273
50.564,1.173982,0.243922,0.577967,0.992316
50.574,1.155151,0.24284,0.578379,0.96999
50.584,1.156333,0.237355,0.578435,0.972719
50.594,1.149448,0.233288,0.579633,0.964797
50.604,1.137082,0.23196,0.569037,0.956737
50.614,1.139221,0.236531,0.571516,0.956686
50.624,1.136108,0.234212,0.572209,0.953133
50.634,1.115316,0.229771,0.562554,0.935237
50.644,1.122409,0.230711,0.588083,0.927757
50.654,1.133735,0.227626,0.624218,0.918637
50.664,1.083087,0.229248,0.621046,0.857219
50.674,1.076664,0.228356,0.620548,0.849694
50.684,1.060232,0.228512,0.613663,0.833841
50.694,1.055673,0.228952,0.619659,0.823437
50.704,1.063895,0.228914,0.621353,0.832702
50.714,1.054162,0.230135,0.602997,0.83348
50.724,1.051909,0.238799,0.619632,0.815809
50.734,1.022758,0.23589,0.615241,0.78222
50.744,1.021673,0.235821,0.616767,0.779617
50.754,1.022646,0.243757,0.620849,0.7752
50.764,1.007173,0.239077,0.60709,0.767256
50.774,1.002664,0.236209,0.597574,0.769705
50.784,1.004039,0.235291,0.596438,0.772654
50.794,0.993073,0.235827,0.597117,0.757648
50.804,0.924776,0.23636,0.594809,0.667492
50.814,0.905448,0.232928,0.591609,0.644654
50.824,0.898106,0.235995,0.591606,0.63317
50.834,0.898648,0.235999,0.581594,0.643133
50.844,0.890405,0.235033,0.581518,0.631995
50.854,0.870744,0.237764,0.574792,0.609326
50.864,0.854305,0.236653,0.574494,0.586335
50.874,0.854004,0.23761,0.579123,0.580931
50.884,0.846432,0.236939,0.565965,0.583087
50.894,0.857952,0.238378,0.566813,0.598315
50.904,0.855421,0.238712,0.574399,0.58722
50.914,0.867401,0.237872,0.587609,0.592044
50.924,0.875397,0.240489,0.595009,0.595356
50.934,0.878144,0.240657,0.59602,0.598314
50.944,0.869415,0.240489,0.597383,0.584106
50.954,0.873452,0.239303,0.598379,0.589571
50.964,0.865074,0.238945,0.598579,0.577028
50.974,0.854877,0.235323,0.595007,0.566926
50.984,0.873362,0.237565,0.596856,0.591683
50.994,0.868031,0.236654,0.590892,0.590187
51.004,0.864721,0.227384,0.595101,0.584717
51.014,0.853256,0.226913,0.592161,0.570877
51.024,0.853632,0.189264,0.574044,0.602777
51.034,0.864783,0.191451,0.57672,0.615298
51.044,0.854823,0.18047,0.577244,0.604104
51.054,0.8448,0.161605,0.570532,0.601719
51.064,0.830383,0.161631,0.550739,0.600082
51.074,0.807015,0.160891,0.548594,0.569589
51.084,0.809984,0.156273,0.558007,0.565934
51.094,0.797051,0.155522,0.546426,0.559036
51.104,0.81105,0.154083,0.542983,0.582435
51.114,0.865065,0.151651,0.548082,0.651879
51.124,0.88324,0.150812,0.560337,0.665876
51.134,0.873373,0.150679,0.542697,0.6675
51.144,0.878034,0.151886,0.535235,0.679263
51.154,0.84068,0.149358,0.477892,0.675318
51.164,0.844367,0.15343,0.481482,0.676454
51.174,0.863127,0.146191,0.500659,0.687719
51.184,0.892645,0.146024,0.51843,0.711844
51.194,0.898775,0.149865,0.522461,0.715802
51.204,0.879983,0.147365,0.521327,0.693449
51.214,0.884648,0.15439,0.52707,0.693514
51.224,0.88676,0.156058,0.519892,0.701214
51.234,0.909489,0.157857,0.517969,0.730726
51.244,0.917574,0.157087,0.531064,0.731599
51.254,0.921084,0.157125,0.527532,0.738523
51.264,0.928084,0.172018,0.541642,0.733739
51.274,0.93485,0.172013,0.543584,0.740859
51.284,0.93607,0.17334,0.553994,0.734351
51.294,0.941732,0.175002,0.556381,0.739373
51.304,0.953507,0.187203,0.571956,0.739593
51.314,0.958887,0.185629,0.57161,0.747174
51.324,0.970602,0.187522,0.58255,0.753352
51.334,0.972827,0.193508,0.589985,0.748909
51.344,0.991231,0.200412,0.617342,0.749175
51.354,0.99286,0.199958,0.618272,0.750685
51.364,0.999312,0.204177,0.624476,0.752972
51.374,0.999088,0.205845,0.621974,0.754289
51.384,1.006269,0.211947,0.635032,0.751259
51.394,1.001836,0.211682,0.639496,0.74156
51.404,1.002414,0.216508,0.638462,0.741838
51.414,0.992751,0.217845,0.627502,0.737793
51.424,1.005739,0.21889,0.630474,0.752396
51.434,1.01042,0.220028,0.628452,0.759989
51.444,1.004609,0.223214,0.62476,0.75438
51.454,1.00261,0.223649,0.62147,0.75431
51.464,1.001191,0.224424,0.618652,0.75451
51.474,0.986099,0.222896,0.617486,0.735812
51.484,0.976328,0.220133,0.616621,0.724248
51.494,0.976314,0.22008,0.61609,0.724698
51.504,0.977256,0.22008,0.612841,0.72871
51.514,0.978141,0.222698,0.612425,0.729453
51.524,0.958454,0.222415,0.605178,0.709172
51.534,0.941861,0.222298,0.599583,0.69151
51.544,0.950631,0.22834,0.597899,0.702907
51.554,0.976883,0.227896,0.592138,0.74279
51.564,1.028257,0.227224,0.595785,0.806673
51.574,1.036036,0.226923,0.601101,0.812745
51.584,1.043023,0.22685,0.585206,0.833049
51.594,1.053136,0.228674,0.583915,0.846078
51.604,1.039806,0.232057,0.569905,0.838185
51.614,0.994013,0.237113,0.55781,0.787837
51.624,0.99357,0.237197,0.554382,0.78967
51.634,1.00548,0.23673,0.553986,0.805014
51.644,1.023268,0.236234,0.535938,0.839071
51.654,1.024849,0.237131,0.529528,0.844798
51.664,1.024223,0.233569,0.520064,0.850889
51.674,1.015939,0.233024,0.513947,0.844803
51.684,0.984464,0.232953,0.483278,0.825435
51.694,0.977909,0.232537,0.482024,0.818465
51.704,0.978241,0.232857,0.481879,0.818857
51.714,0.973071,0.225543,0.472712,0.820086
51.724,1.004061,0.224377,0.471641,0.857525
51.734,1.005103,0.223318,0.474542,0.857422
51.744,1.003986,0.22344,0.467506,0.859942
51.754,0.99036,0.22135,0.454036,0.851862
51.764,1.008665,0.21638,0.448701,0.877071
51.774,1.00502,0.219663,0.441602,0.875672
51.784,1.005184,0.217401,0.438709,0.877875
51.794,0.996541,0.216406,0.433019,0.871067
51.804,1.00538,0.208427,0.425688,0.886643
51.814,1.013197,0.209058,0.431971,0.892336
51.824,1.007409,0.208299,0.426246,0.888707
51.834,0.995155,0.202504,0.406882,0.885309
51.844,0.993888,0.196596,0.380107,0.897041
51.854,1.01561,0.203033,0.380169,0.919627
51.864,1.025099,0.19921,0.383161,0.929694
51.874,1.018252,0.197366,0.375336,0.925747
51.884,1.01932,0.192741,0.360561,0.933734
51.894,1.02171,0.193804,0.344738,0.942066
51.904,1.028577,0.187359,0.338828,0.952924
51.914,1.021371,0.18799,0.333077,0.947057
51.924,1.020261,0.187017,0.320203,0.950487
51.934,1.025962,0.188585,0.318844,0.956751
51.944,1.058313,0.183611,0.319615,0.992048
51.954,1.06283,0.183671,0.329235,0.993718
51.964,1.064995,0.180513,0.33849,0.993505
51.974,1.064822,0.185709,0.360318,0.984647
51.984,1.065792,0.18675,0.363967,0.984157
51.994,1.073543,0.186437,0.381876,0.985854
52.004,1.074588,0.186451,0.379691,0.987831
52.014,1.084362,0.190064,0.37794,0.998438
52.024,1.088,0.188501,0.38878,0.99853
52.034,1.097453,0.185741,0.412207,0.999995
52.044,1.093622,0.180618,0.40842,0.998288
52.054,1.060309,0.181882,0.411241,0.960236
52.064,1.031708,0.187264,0.410446,0.927841
52.074,1.02234,0.187726,0.407718,0.918534
52.084,1.021229,0.188709,0.407642,0.917129
52.094,0.999265,0.185409,0.410189,0.892132
52.104,0.996704,0.17927,0.410411,0.890417
52.114,0.995722,0.16849,0.412498,0.89046
52.124,0.992708,0.171152,0.414045,0.885857
52.134,0.973082,0.157901,0.424325,0.861338
52.144,0.950252,0.157044,0.423795,0.835891
52.154,0.937855,0.157454,0.433555,0.816584
52.164,0.938575,0.158746,0.434616,0.816598
52.174,0.944105,0.15768,0.455222,0.811938
52.184,0.937687,0.155636,0.454034,0.805536
52.194,0.945981,0.155685,0.463796,0.809652
52.204,0.964696,0.152555,0.474257,0.826103
52.214,0.957944,0.151333,0.465069,0.82369
52.224,0.930473,0.145313,0.46462,0.792964
52.234,0.910043,0.146325,0.463683,0.769264
52.244,0.91651,0.145522,0.460211,0.779115
52.254,0.913281,0.144637,0.459835,0.775702
52.264,0.906166,0.143869,0.461881,0.766227
52.274,0.907281,0.143436,0.476999,0.758326
52.284,0.917648,0.141987,0.485266,0.76579
52.294,0.928896,0.141907,0.48378,0.780171
52.304,0.930677,0.13936,0.498847,0.773234
52.314,0.912757,0.139028,0.494114,0.75475
52.324,0.908844,0.133532,0.491826,0.752512
52.334,0.915222,0.133922,0.500065,0.754739
52.344,0.906553,0.134142,0.4951,0.747476
52.354,0.884944,0.128616,0.492213,0.724092
52.364,0.87222,0.127567,0.483654,0.714544
52.374,0.878103,0.127547,0.490236,0.717262
52.384,0.874764,0.132159,0.489905,0.712558
52.394,0.863589,0.131859,0.492819,0.696799
52.404,0.860473,0.132795,0.491099,0.693975
52.414,0.872441,0.131837,0.502725,0.700742
52.424,0.875425,0.135234,0.505782,0.701616
52.434,0.865029,0.133894,0.520382,0.677901
52.444,0.827493,0.134001,0.520161,0.629461
52.454,0.834394,0.135014,0.518611,0.639553
52.464,0.828581,0.135107,0.510321,0.638644
52.474,0.819382,0.134299,0.490928,0.642137
52.484,0.813053,0.128972,0.481643,0.642216
52.494,0.809435,0.127173,0.455913,0.656625
52.504,0.822786,0.126614,0.458707,0.671217
52.514,0.832266,0.113512,0.458452,0.685276
52.524,0.832581,0.116681,0.453641,0.688322
52.534,0.831866,0.120425,0.448757,0.690012
52.544,0.834762,0.123331,0.453535,0.689872
52.554,0.828283,0.127662,0.460666,0.676419
52.564,0.835003,0.129539,0.460683,0.684267
52.574,0.841227,0.12947,0.457375,0.694052
52.584,0.84211,0.140989,0.461633,0.690048
52.594,0.855858,0.145856,0.46871,0.701093
52.604,0.862781,0.145521,0.468406,0.709797
52.614,0.859717,0.151847,0.461879,0.70903
52.624,0.887945,0.148878,0.461056,0.744117
52.634,0.902303,0.15909,0.45562,0.762399
52.644,0.917518,0.166695,0.451339,0.781246
52.654,0.906255,0.166315,0.431125,0.779596
52.664,0.911908,0.167231,0.441225,0.780339
52.674,0.896944,0.167918,0.428917,0.769638
52.684,0.903821,0.172549,0.429063,0.776547
52.694,0.934768,0.179027,0.424676,0.81326
52.704,0.922897,0.188017,0.420099,0.799941
52.714,0.932988,0.189114,0.433876,0.804024
52.724,0.938327,0.196146,0.435104,0.807879
52.734,0.936671,0.196055,0.45286,0.796136
52.744,0.938107,0.200044,0.460062,0.792699
52.754,0.942193,0.202201,0.46734,0.792739
52.764,0.925329,0.202387,0.465083,0.773932
52.774,0.921588,0.205166,0.456539,0.773824
52.784,0.910221,0.213969,0.448725,0.762473
52.794,0.902663,0.215057,0.449755,0.752511
52.804,0.886809,0.220263,0.431771,0.742622
52.814,0.887405,0.219987,0.435307,0.74135
52.824,0.889088,0.218902,0.434681,0.74405
52.834,0.898863,0.217581,0.425697,0.76118
52.844,0.895029,0.217773,0.425416,0.756752
52.854,0.894811,0.221621,0.427291,0.754317
52.864,0.892098,0.221675,0.432013,0.748375
52.874,0.894654,0.227218,0.432456,0.749506
52.884,0.908206,0.226165,0.440401,0.761404
52.894,0.907644,0.228274,0.442788,0.758714
52.904,0.915443,0.226485,0.443546,0.768119
52.914,0.924267,0.226071,0.442783,0.77917
52.924,0.912035,0.225145,0.441062,0.765886
52.934,0.904299,0.224418,0.421507,0.767936
52.944,0.905016,0.22597,0.42325,0.767366
52.954,0.905298,0.224492,0.431233,0.763679
52.964,0.912498,0.225488,0.441813,0.765904
52.974,0.911125,0.221799,0.438839,0.767055
52.984,0.909595,0.221325,0.439675,0.764895
52.994,0.904571,0.225288,0.441817,0.7565
53.004,0.881283,0.225743,0.441066,0.728807
53.014,0.867876,0.225954,0.444804,0.710143
53.024,0.861715,0.225669,0.445429,0.702296
53.034,0.857573,0.226356,0.442184,0.699048
53.044,0.852238,0.22247,0.43126,0.700594
53.054,0.850641,0.225547,0.430389,0.6982
53.064,0.848661,0.221636,0.440967,0.6904
53.074,0.844133,0.221702,0.444476,0.682531
53.084,0.834442,0.208677,0.440738,0.677125
53.094,0.822595,0.21429,0.440471,0.660854
53.104,0.824522,0.213486,0.441889,0.662567
53.114,0.819304,0.215814,0.443594,0.654147
53.124,0.799137,0.215589,0.442594,0.629486
53.134,0.790594,0.212874,0.431722,0.627168
53.144,0.781982,0.199127,0.429887,0.622126
53.154,0.779621,0.19912,0.427329,0.620927
53.164,0.778565,0.206292,0.422087,0.620846
53.174,0.791732,0.25027,0.422796,0.620845
53.184,0.785273,0.258473,0.422558,0.609336
53.194,0.764446,0.264093,0.424047,0.578634
53.204,0.744962,0.26237,0.421717,0.555234
53.214,0.741129,0.262379,0.414045,0.555875
53.224,0.741873,0.257884,0.415984,0.55752
53.234,0.7309,0.258038,0.406952,0.549566
53.244,0.745706,0.264493,0.426409,0.55163
53.254,0.753966,0.264232,0.42776,0.561842
53.264,0.767144,0.269942,0.44585,0.562902
53.274,0.767395,0.268987,0.441825,0.566862
53.284,0.775538,0.265775,0.44061,0.580246
53.294,0.790657,0.26555,0.439318,0.601349
53.304,0.800809,0.263687,0.437707,0.616585
53.314,0.800503,0.265132,0.435857,0.616879
53.324,0.800236,0.264817,0.441402,0.612711
53.334,0.791259,0.268813,0.440756,0.599637
53.344,0.799538,0.269829,0.447166,0.605388
53.354,0.807126,0.272083,0.45539,0.608312
53.364,0.816765,0.272542,0.462092,0.615871
53.374,0.822378,0.269295,0.462217,0.624613
53.384,0.810391,0.269352,0.455185,0.613994
53.394,0.806374,0.268662,0.450377,0.612552
53.404,0.805525,0.268531,0.450091,0.611701
53.414,0.815056,0.268558,0.435574,0.634404
53.424,0.821648,0.268145,0.434192,0.643957
53.434,0.824222,0.268814,0.439725,0.643213
53.444,0.818635,0.268634,0.440401,0.635646
53.454,0.814574,0.269541,0.430187,0.637038
53.464,0.81268,0.269731,0.43328,0.632425
53.474,0.819574,0.269275,0.446384,0.632404
53.484,0.842008,0.269438,0.461758,0.650508
53.494,0.843628,0.267464,0.46081,0.654084
53.504,0.845863,0.266536,0.460877,0.657293
53.514,0.856512,0.26653,0.459455,0.671919
53.524,0.875214,0.266442,0.458849,0.696036
53.534,0.876051,0.267461,0.458841,0.696703
53.544,0.884487,0.268529,0.468401,0.700578
53.554,0.887188,0.267079,0.467226,0.705315
53.564,0.881042,0.263813,0.46046,0.703288
53.574,0.898713,0.265368,0.458522,0.725963
53.584,0.940016,0.269539,0.459326,0.774595
53.594,0.957542,0.26699,0.457972,0.797411
53.604,0.956045,0.266156,0.459677,0.794909
53.614,0.960448,0.265512,0.469712,0.794566
53.624,0.958813,0.264786,0.475893,0.789137
53.634,0.94897,0.266035,0.488049,0.76914
53.644,0.951282,0.267508,0.490019,0.770233
53.654,0.957544,0.270231,0.495514,0.773519
53.664,0.96116,0.268769,0.495748,0.778348
53.674,0.958842,0.218618,0.494425,0.791914
53.684,0.958421,0.204429,0.49754,0.793242
53.694,0.950929,0.189327,0.504476,0.783534
53.704,0.956113,0.189935,0.513386,0.783909
53.714,0.957999,0.196257,0.51777,0.781767
53.724,0.965122,0.199718,0.514986,0.791431
53.734,0.971942,0.213542,0.51127,0.798545
53.744,0.960554,0.205212,0.489976,0.800298
53.754,0.954494,0.205181,0.490872,0.792467
53.764,0.950437,0.204396,0.477393,0.796021
53.774,0.957895,0.204231,0.484154,0.800905
53.784,0.948199,0.201249,0.48751,0.787981
53.794,0.93555,0.201208,0.487163,0.772943
53.804,0.927075,0.201082,0.48794,0.7622
53.814,0.928345,0.211291,0.486111,0.762153
53.824,0.932221,0.214733,0.492201,0.762014
53.834,0.93463,0.214798,0.503965,0.757241
53.844,0.930166,0.215638,0.501223,0.753315
53.854,0.922059,0.213381,0.493806,0.748877
53.864,0.90989,0.211566,0.487012,0.73889
53.874,0.899324,0.212989,0.480451,0.729785
53.884,0.902331,0.212129,0.484188,0.731276
53.894,0.906772,0.220122,0.486248,0.733038
53.904,0.899405,0.220243,0.487776,0.722839
53.914,0.874774,0.220778,0.491364,0.689237
53.924,0.864538,0.220924,0.491618,0.675966
53.934,0.859079,0.221927,0.489629,0.670096
53.944,0.857219,0.220687,0.487029,0.670018
53.954,0.853978,0.219196,0.479655,0.671686
53.964,0.844393,0.218992,0.461155,0.672591
53.974,0.83524,0.219779,0.442106,0.673695
53.984,0.810354,0.219854,0.422738,0.655462
53.994,0.806662,0.219462,0.423233,0.650703
54.004,0.806632,0.219884,0.42308,0.650623
54.014,0.797981,0.219859,0.430558,0.634867
54.024,0.780284,0.222805,0.439088,0.605312
54.034,0.788549,0.223443,0.453516,0.60515
54.041,0.794036,0.223077,0.454055,0.612016
54.053,0.79318,0.218899,0.457686,0.609706
54.063,0.787363,0.217546,0.451713,0.6071
54.073,0.762442,0.217492,0.448602,0.576863
54.083,0.717723,0.212851,0.449189,0.517735
54.093,0.695564,0.211976,0.465033,0.471826
54.103,0.699524,0.212606,0.469222,0.473246
54.113,0.714289,0.213417,0.460036,0.503019
54.123,0.721347,0.211492,0.454994,0.51826
54.133,0.711998,0.210332,0.442773,0.516386
54.143,0.702564,0.206998,0.441481,0.505809
54.153,0.698682,0.205582,0.438338,0.503739
54.163,0.721816,0.215174,0.458595,0.514207
54.173,0.711479,0.215325,0.458595,0.499529
54.183,0.715302,0.222594,0.45764,0.502668
54.193,0.734383,0.220531,0.448537,0.538051
54.203,0.735201,0.22539,0.438103,0.545698
54.213,0.723576,0.216607,0.431322,0.539077
54.223,0.714406,0.213805,0.435194,0.524661
54.233,0.700489,0.195446,0.440677,0.508221
54.243,0.713565,0.193572,0.454214,0.515164
54.253,0.714383,0.194385,0.449587,0.520028
54.263,0.704096,0.187983,0.448195,0.509445
54.273,0.69641,0.18833,0.440533,0.50542
54.283,0.696643,0.189194,0.436984,0.50849
54.293,0.707572,0.188652,0.455421,0.507602
54.303,0.707449,0.19152,0.456975,0.504954
54.313,0.705809,0.179478,0.460575,0.50381
54.323,0.698715,0.186916,0.447255,0.503217
54.333,0.692476,0.178901,0.438198,0.505471
54.343,0.687892,0.179101,0.434353,0.502449
54.353,0.688939,0.175107,0.433149,0.506317
54.363,0.688555,0.174474,0.432167,0.506851
54.373,0.698153,0.18073,0.444975,0.506706
54.384,0.693919,0.180341,0.442371,0.503298
54.394,0.703885,0.176616,0.452499,0.509417
54.404,0.703541,0.176623,0.452081,0.50931
54.414,0.708618,0.18704,0.456255,0.508907
54.424,0.709319,0.187563,0.457125,0.508911
54.434,0.713681,0.187581,0.456766,0.515286
54.444,0.719526,0.192541,0.45937,0.519255
54.454,0.717956,0.192667,0.46357,0.513267
54.464,0.745931,0.195985,0.484764,0.531985
54.474,0.756542,0.195967,0.489499,0.542534
54.483,0.760388,0.1955,0.489501,0.548049
54.493,0.780898,0.198004,0.519894,0.548003
54.503,0.784464,0.199402,0.527033,0.545764
54.513,0.78228,0.19926,0.522109,0.547412
54.523,0.78006,0.199379,0.511532,0.554145
54.533,0.792292,0.201193,0.503351,0.577828
54.543,0.775134,0.201539,0.491294,0.564664
54.553,0.770872,0.200822,0.489644,0.560502
54.563,0.771991,0.200948,0.491005,0.560806
54.573,0.780033,0.200474,0.493725,0.569646
54.583,0.782322,0.202621,0.497179,0.569022
54.593,0.77348,0.202949,0.480968,0.570747
54.603,0.785908,0.210329,0.477763,0.587499
54.613,0.762163,0.209086,0.474661,0.558456
54.623,0.761068,0.209404,0.475061,0.556499
54.633,0.772498,0.2093,0.476607,0.570782
54.643,0.782369,0.220528,0.474847,0.581369
54.653,0.802493,0.221024,0.502791,0.585102
54.663,0.786419,0.210919,0.494448,0.574011
54.673,0.811019,0.217783,0.503432,0.597393
54.683,0.799151,0.20833,0.501449,0.586335
54.693,0.803379,0.208985,0.505514,0.588387
54.703,0.820597,0.199277,0.513384,0.608362
54.713,0.826445,0.198378,0.513391,0.616512
54.723,0.832998,0.201872,0.532685,0.607768
54.734,0.838049,0.204288,0.526523,0.619165
54.743,0.835328,0.207721,0.518371,0.621221
54.753,0.825994,0.205723,0.514074,0.612921
54.763,0.836856,0.206848,0.519148,0.622918
54.773,0.835951,0.211117,0.527781,0.612937
54.783,0.835085,0.215236,0.525295,0.612459
54.793,0.840767,0.217024,0.528485,0.616841
54.803,0.839249,0.213469,0.52709,0.617208
54.813,0.844009,0.213537,0.526408,0.624218
54.823,0.853399,0.201742,0.535319,0.633264
54.833,0.851861,0.204019,0.532227,0.63307
54.843,0.854355,0.204271,0.535175,0.633864
54.853,0.855073,0.202548,0.544198,0.627671
54.863,0.854226,0.201134,0.541759,0.629082
54.873,0.855422,0.20015,0.543932,0.629147
54.884,0.85873,0.201676,0.549148,0.628634
54.894,0.856461,0.203625,0.540214,0.632638
54.903,0.880937,0.20507,0.556129,0.651704
54.914,0.876773,0.200929,0.550148,0.652454
54.923,0.876904,0.200924,0.551428,0.65155
54.934,0.887855,0.200353,0.564352,0.655479
54.944,0.898705,0.197989,0.561233,0.673417
54.954,0.898711,0.195302,0.557089,0.677635
54.963,0.884139,0.19454,0.539567,0.672847
54.974,0.878789,0.193957,0.534318,0.67019
54.983,0.913546,0.196987,0.545415,0.705893
54.994,0.907703,0.195348,0.525517,0.71386
55.003,0.904794,0.194889,0.518963,0.715086
55.014,0.905401,0.194872,0.516212,0.717844
55.024,0.915325,0.202425,0.545346,0.706711
55.034,0.909294,0.204792,0.546192,0.697531
55.044,0.912423,0.204604,0.548778,0.699639
55.054,0.936771,0.204716,0.549154,0.730795
55.064,0.968692,0.204759,0.548637,0.771644
55.074,0.988461,0.208873,0.567551,0.781865
55.084,0.984735,0.207928,0.561515,0.781773
55.094,0.984808,0.209214,0.559638,0.782868
55.104,1.002285,0.202245,0.562364,0.804623
55.114,1.057026,0.206097,0.562713,0.870736
55.124,1.067005,0.205936,0.561939,0.883354
55.134,1.058422,0.206159,0.562181,0.872758
55.144,1.05528,0.194583,0.573636,0.864115
55.154,1.056897,0.192554,0.546066,0.884175
55.164,1.06403,0.189487,0.535614,0.899651
55.174,1.048968,0.183527,0.527692,0.887802
55.184,1.066855,0.184932,0.538062,0.902479
55.194,1.057295,0.186268,0.545352,0.886436
55.204,1.041453,0.199573,0.54647,0.863808
55.214,1.038148,0.201275,0.546367,0.859491
55.224,1.036646,0.19847,0.524523,0.871849
55.234,1.051287,0.196891,0.535237,0.883153
55.244,1.062316,0.194876,0.551604,0.88672
55.254,1.062886,0.194707,0.552621,0.886807
55.264,1.059166,0.192578,0.542775,0.888899
55.274,1.092527,0.18863,0.536652,0.932758
55.284,1.100692,0.181105,0.536389,0.943933
55.294,1.105743,0.181084,0.543443,0.945805
55.304,1.10162,0.178996,0.539709,0.943526
55.314,1.097332,0.179776,0.539707,0.938368
55.324,1.093613,0.180914,0.540513,0.933331
55.334,1.109597,0.179953,0.539867,0.952557
55.344,1.11322,0.175879,0.532543,0.961626
55.354,1.108752,0.174085,0.527006,0.959838
55.364,1.111249,0.173362,0.531929,0.960142
55.374,1.122556,0.173224,0.526044,0.976424
55.384,1.122808,0.168212,0.516928,0.98244
55.394,1.114787,0.170858,0.532476,0.964379
55.404,1.118485,0.173982,0.538315,0.964861
55.414,1.115971,0.17874,0.534931,0.96296
55.424,1.117958,0.180675,0.529888,0.967681
55.434,1.126535,0.181808,0.521615,0.981807
55.444,1.123178,0.181669,0.529402,0.973786
55.454,1.131714,0.184761,0.546231,0.973793
55.464,1.132125,0.188216,0.546662,0.973366
55.474,1.122691,0.199098,0.551425,0.957457
55.483,1.103759,0.198348,0.54456,0.93936
55.493,1.094017,0.212945,0.530628,0.932717
55.503,1.097097,0.213372,0.537021,0.932579
55.514,1.103914,0.220608,0.537145,0.938846
55.523,1.084665,0.208514,0.497878,0.940817
55.533,1.080911,0.20677,0.499816,0.935841
55.543,1.082021,0.203983,0.503672,0.935668
55.553,1.073217,0.210866,0.508785,0.921123
55.563,1.035115,0.211776,0.506236,0.87769
55.574,1.021811,0.208526,0.492904,0.870437
55.584,1.020505,0.208306,0.489012,0.871153
55.594,1.02652,0.20818,0.492056,0.876519
55.604,0.989372,0.208136,0.480744,0.839298
55.614,0.958458,0.21366,0.481886,0.800485
55.624,0.947862,0.217998,0.47932,0.788144
55.634,0.957154,0.21803,0.475314,0.801675
55.644,0.954197,0.219283,0.471492,0.800064
55.654,0.941268,0.2201,0.473172,0.783358
55.664,0.915179,0.218869,0.47738,0.749504
55.674,0.92487,0.222368,0.482754,0.756893
55.683,0.919776,0.223496,0.469301,0.758811
55.693,0.914744,0.224565,0.459079,0.758666
55.703,0.911846,0.217258,0.45539,0.759527
55.713,0.914449,0.218666,0.459904,0.759533
55.723,0.904711,0.217298,0.455256,0.751017
55.733,0.876151,0.219234,0.451018,0.718443
55.743,0.862788,0.216259,0.433987,0.713646
55.753,0.868915,0.219175,0.443185,0.714536
55.763,0.870571,0.220742,0.44214,0.716714
55.774,0.820887,0.220709,0.444301,0.654018
55.784,0.830495,0.223636,0.47374,0.644422
55.794,0.82488,0.222318,0.465537,0.643643
55.804,0.826465,0.223788,0.462433,0.647394
55.814,0.829953,0.222855,0.47077,0.646168
55.824,0.847883,0.225048,0.466057,0.671602
55.834,0.848252,0.228359,0.49306,0.651365
55.844,0.835883,0.227923,0.498084,0.631399
55.854,0.847955,0.228497,0.500278,0.645398
55.864,0.84608,0.227816,0.502785,0.641216
55.874,0.841925,0.228816,0.507081,0.631942
55.884,0.833289,0.227722,0.510032,0.618369
55.894,0.824144,0.230154,0.49944,0.613842
55.904,0.811219,0.228049,0.478704,0.613932
55.914,0.810501,0.226751,0.478514,0.613612
55.924,0.810574,0.22887,0.484321,0.608344
55.934,0.782938,0.22701,0.483123,0.572758
55.944,0.808775,0.228863,0.488362,0.602695
55.954,0.795819,0.225487,0.466854,0.603764
55.963,0.799336,0.224083,0.466844,0.608918
55.974,0.801267,0.212723,0.470096,0.613016
55.984,0.799503,0.21275,0.471859,0.609337
55.994,0.798533,0.193106,0.475062,0.612112
56.004,0.793965,0.195741,0.46626,0.612101
56.014,0.799889,0.181743,0.481605,0.612249
56.024,0.795515,0.181197,0.478324,0.609276
56.034,0.806075,0.179187,0.486951,0.61687
56.044,0.805877,0.176145,0.486799,0.617606
56.054,0.799258,0.156148,0.474703,0.62377
56.064,0.801152,0.158041,0.482505,0.619723
56.074,0.806877,0.159265,0.477648,0.630505
56.084,0.80998,0.159539,0.482413,0.630787
56.094,0.807829,0.164504,0.49396,0.617681
56.104,0.807854,0.164408,0.496486,0.615711
56.114,0.79068,0.161018,0.496924,0.593561
56.124,0.78054,0.160473,0.497232,0.579872
56.134,0.761817,0.165439,0.497409,0.552793
56.144,0.762549,0.165353,0.498614,0.552741
56.154,0.770204,0.165238,0.498427,0.563454
56.164,0.759688,0.16559,0.496927,0.550244
56.174,0.759327,0.165021,0.499443,0.547633
56.184,0.739846,0.159966,0.501389,0.519992
56.194,0.740361,0.158853,0.502176,0.520307
56.204,0.735757,0.161975,0.500823,0.514081
56.214,0.737217,0.164976,0.49143,0.524184
56.224,0.738341,0.166442,0.491501,0.525234
56.234,0.737526,0.167954,0.487525,0.527309
56.244,0.735869,0.170971,0.485077,0.526281
56.254,0.741703,0.169346,0.484828,0.535151
56.264,0.745097,0.169184,0.485803,0.53902
56.274,0.767407,0.175643,0.482078,0.57067
56.284,0.764232,0.179147,0.468568,0.576542
56.294,0.748808,0.186266,0.45065,0.568272
56.304,0.749459,0.184718,0.450659,0.569627
56.314,0.732885,0.183395,0.450289,0.548385
56.324,0.727257,0.179265,0.458956,0.534907
56.334,0.71751,0.178595,0.450686,0.528967
56.344,0.711855,0.178589,0.437779,0.532159
56.354,0.736212,0.180754,0.438617,0.562985
56.364,0.751282,0.181236,0.434173,0.585723
56.374,0.763608,0.185914,0.431687,0.601813
56.384,0.764136,0.19595,0.430456,0.600179
56.394,0.763705,0.195575,0.43046,0.59975
56.404,0.760344,0.192197,0.429871,0.596988
56.414,0.763972,0.19031,0.438475,0.595965
56.424,0.761364,0.188,0.437013,0.594434
56.434,0.765527,0.191281,0.434692,0.600404
56.444,0.774212,0.191435,0.440452,0.607255
56.454,0.774376,0.190979,0.44186,0.606585
56.464,0.778605,0.203486,0.444564,0.605956
56.474,0.794147,0.20036,0.436663,0.632337
56.484,0.808579,0.200031,0.433244,0.652754
56.494,0.828493,0.207226,0.439663,0.670936
56.504,0.824349,0.20553,0.434378,0.669795
56.514,0.814062,0.205476,0.421483,0.665454
56.524,0.811124,0.206361,0.420873,0.661969
56.534,0.811881,0.208041,0.421223,0.662148
56.544,0.807446,0.207091,0.413575,0.661845
56.554,0.821086,0.206829,0.413955,0.678267
56.564,0.855938,0.211468,0.428845,0.709932
56.574,0.855613,0.209008,0.435481,0.706219
56.584,0.855012,0.212592,0.43096,0.707194
56.594,0.861413,0.21011,0.431207,0.715505
56.604,0.85803,0.209595,0.424969,0.715322
56.614,0.857892,0.209312,0.425045,0.715195
56.624,0.860624,0.208663,0.426405,0.717853
56.634,0.877598,0.210458,0.42875,0.736246
56.644,0.88379,0.211041,0.427395,0.744231
56.654,0.885685,0.216084,0.439747,0.737814
56.664,0.879846,0.215984,0.427947,0.737795
56.674,0.881795,0.220163,0.42989,0.737757
56.684,0.874202,0.217858,0.418287,0.736073
56.694,0.87881,0.217935,0.418974,0.741129
56.704,0.89789,0.212883,0.430212,0.758818
56.714,0.895225,0.211303,0.430548,0.755914
56.724,0.895724,0.21155,0.430391,0.756526
56.734,0.896087,0.208675,0.429166,0.758448
56.744,0.906978,0.210117,0.428509,0.771259
56.754,0.902301,0.210543,0.425681,0.767211
56.764,0.888597,0.211131,0.426202,0.750586
56.774,0.865989,0.204536,0.417957,0.730351
56.784,0.884141,0.203767,0.428111,0.746261
56.794,0.892141,0.196914,0.435853,0.753109
56.804,0.894217,0.201084,0.441546,0.75115
56.814,0.897253,0.206055,0.442869,0.752643
56.824,0.904702,0.217461,0.436395,0.762073
56.834,0.897094,0.213464,0.418767,0.764097
56.844,0.886368,0.213545,0.415426,0.753305
56.854,0.884257,0.212485,0.425291,0.745579
56.864,0.887739,0.219773,0.451287,0.732203
56.874,0.884571,0.217262,0.458995,0.724284
56.884,0.87958,0.203181,0.456453,0.723898
56.894,0.886447,0.203776,0.459681,0.730039
56.904,0.895346,0.209588,0.461558,0.738026
56.914,0.896895,0.214384,0.462377,0.738017
56.924,0.899309,0.212908,0.457821,0.744195
56.934,0.901401,0.213126,0.457832,0.746653
56.944,0.88894,0.215035,0.449993,0.735854
56.954,0.876138,0.21155,0.44941,0.721731
56.964,0.898446,0.208707,0.460242,0.742848
56.974,0.887322,0.210443,0.461961,0.727768
56.984,0.867908,0.208956,0.460843,0.705143
56.994,0.858972,0.204364,0.459799,0.69617
57.004,0.860286,0.205732,0.457307,0.699026
57.014,0.86405,0.211469,0.460914,0.699587
57.024,0.874536,0.211455,0.462746,0.711313
57.034,0.871185,0.211005,0.457325,0.710841
57.044,0.879855,0.225771,0.464564,0.712287
57.054,0.865869,0.226442,0.464519,0.694749
57.064,0.834944,0.223774,0.449506,0.667085
57.074,0.829076,0.224561,0.442136,0.664421
57.084,0.85036,0.222187,0.444686,0.689928
57.094,0.844504,0.222175,0.437274,0.687472
57.104,0.843155,0.222092,0.434348,0.687697
57.114,0.848923,0.222074,0.435043,0.694328
57.124,0.852512,0.223865,0.448805,0.689373
57.134,0.844402,0.225826,0.452298,0.676346
57.144,0.844309,0.232455,0.45652,0.671127
57.154,0.844805,0.229549,0.44781,0.678579
57.164,0.859848,0.229771,0.475639,0.678463
57.174,0.860571,0.22859,0.478419,0.677823
57.184,0.866442,0.228473,0.481112,0.683412
57.194,0.859309,0.231153,0.481169,0.673392
57.204,0.85651,0.233178,0.48692,0.664941
57.214,0.850264,0.234098,0.48782,0.655881
57.224,0.853539,0.235815,0.493015,0.655634
57.234,0.848303,0.242898,0.493867,0.645533
57.244,0.850616,0.24289,0.50632,0.638899
57.254,0.858332,0.242303,0.502857,0.652042
57.264,0.860475,0.24208,0.507155,0.65162
57.274,0.850917,0.24017,0.508647,0.63848
57.284,0.83863,0.239358,0.507871,0.622957
57.294,0.835414,0.236599,0.51457,0.614129
57.304,0.834307,0.233909,0.510198,0.617295
57.314,0.825026,0.227187,0.504231,0.612212
57.324,0.824705,0.22945,0.505938,0.609523
57.334,0.855945,0.231103,0.557915,0.606601
57.344,0.856659,0.231638,0.558044,0.607285
57.354,0.835967,0.227469,0.552008,0.585138
57.364,0.811055,0.222237,0.526935,0.575118
57.374,0.809907,0.226861,0.522796,0.575471
57.384,0.814281,0.229868,0.526714,0.576877
57.394,0.806324,0.228505,0.529117,0.563897
57.404,0.799791,0.223541,0.526622,0.558896
57.414,0.820568,0.219779,0.556306,0.561741
57.424,0.817892,0.222126,0.556953,0.556248
57.434,0.806729,0.220122,0.557356,0.540103
57.444,0.808202,0.219097,0.560254,0.539725
57.454,0.800835,0.220055,0.556745,0.531927
57.464,0.781017,0.216447,0.550454,0.510038
57.474,0.788242,0.214109,0.554299,0.517914
57.484,0.79402,0.214315,0.556521,0.524234
57.494,0.789363,0.214561,0.55507,0.518609
57.504,0.80375,0.2177,0.567814,0.525555
57.514,0.800613,0.212238,0.568549,0.522196
57.524,0.792335,0.210106,0.570127,0.508534
57.534,0.791506,0.21067,0.568833,0.508457
57.544,0.800397,0.194136,0.568316,0.529116
57.554,0.817057,0.196164,0.567872,0.553735
57.564,0.832256,0.203374,0.565253,0.576002
57.574,0.829033,0.202536,0.563554,0.573309
57.584,0.81045,0.202815,0.558915,0.550736
57.594,0.827985,0.202688,0.559239,0.575959
57.604,0.850513,0.209184,0.561536,0.603565
57.614,0.843928,0.212665,0.559409,0.595021
57.624,0.832234,0.209495,0.542604,0.595236
57.634,0.842546,0.205731,0.559017,0.595868
57.644,0.85166,0.197492,0.547209,0.622
57.654,0.858351,0.198129,0.551069,0.627562
57.664,0.84671,0.194686,0.532503,0.628853
57.674,0.851039,0.20096,0.534026,0.631426
57.684,0.862135,0.202514,0.552919,0.629719
57.694,0.864808,0.200397,0.55297,0.634002
57.704,0.856863,0.200337,0.54258,0.632207
57.714,0.859613,0.201292,0.548336,0.630669
57.724,0.862838,0.199905,0.550665,0.633479
57.734,0.871105,0.194321,0.54779,0.648837
57.744,0.876692,0.192952,0.540132,0.663035
57.754,0.861398,0.195166,0.540824,0.641424
57.764,0.865137,0.193571,0.549449,0.639608
57.774,0.869729,0.199554,0.555592,0.63869
57.784,0.874939,0.200233,0.554219,0.646735
57.794,0.864082,0.199204,0.537814,0.646306
57.804,0.862357,0.199147,0.540639,0.641646
57.814,0.858933,0.202758,0.538668,0.637568
57.824,0.851704,0.18824,0.531729,0.638145
57.834,0.82977,0.187178,0.489137,0.643605
57.844,0.842372,0.189364,0.509364,0.643645
57.854,0.846596,0.189086,0.510088,0.648676
57.864,0.852128,0.188407,0.515634,0.651726
57.874,0.8614,0.185139,0.513962,0.666015
57.884,0.865193,0.183821,0.510191,0.674147
57.894,0.881085,0.183413,0.518577,0.688294
57.904,0.896052,0.182148,0.513801,0.711154
57.914,0.891692,0.181399,0.486952,0.724628
57.924,0.895463,0.178392,0.492872,0.726022
57.934,0.900098,0.181106,0.495208,0.729484
57.944,0.901935,0.181442,0.494542,0.732116
57.954,0.914182,0.180633,0.493145,0.748271
57.964,0.923133,0.1807,0.500156,0.754563
57.974,0.927331,0.181446,0.495447,0.762596
57.984,0.935605,0.182073,0.494389,0.773165
57.994,0.947309,0.184723,0.501143,0.782386
58.004,0.936148,0.182298,0.481468,0.781876
58.014,0.937883,0.179853,0.482001,0.784189
58.024,0.942166,0.17953,0.473546,0.794481
58.034,0.972303,0.178848,0.479814,0.826538
58.044,0.98399,0.193594,0.492252,0.829727
58.054,0.962143,0.187015,0.492014,0.805399
58.064,0.96243,0.18347,0.493021,0.805941
58.074,0.98769,0.184136,0.49165,0.836605
58.084,1.001781,0.186983,0.491992,0.852377
58.094,0.992426,0.187823,0.496686,0.838412
58.104,0.985936,0.185084,0.494373,0.832713
58.114,1.020755,0.179341,0.519041,0.860449
58.124,1.028207,0.179945,0.519918,0.868628
58.134,1.016411,0.182856,0.49486,0.868774
58.144,1.003668,0.184037,0.500591,0.850228
58.154,1.006473,0.187343,0.50788,0.848498
58.164,1.015159,0.190268,0.509928,0.856925
58.174,1.004648,0.189415,0.485692,0.858803
58.184,1.000745,0.18705,0.475279,0.860588
58.194,1.020549,0.18749,0.489736,0.875515
58.204,1.021258,0.185034,0.493938,0.874502
58.214,1.021611,0.18572,0.489342,0.877349
58.224,1.019281,0.182842,0.488545,0.875687
58.234,1.018898,0.183292,0.488631,0.875099
58.244,1.018813,0.187364,0.494793,0.870664
58.254,1.02899,0.189575,0.507816,0.874645
58.264,1.035234,0.191116,0.514373,0.877841
58.274,1.045448,0.188176,0.508965,0.893591
58.284,1.054178,0.192298,0.509155,0.902814
58.294,1.069894,0.200278,0.514314,0.916539
58.304,1.071601,0.204962,0.514012,0.917666
58.314,1.078346,0.204941,0.515894,0.924491
58.324,1.079939,0.206625,0.520276,0.923519
58.334,1.085925,0.213703,0.523468,0.927116
58.344,1.086317,0.213972,0.516126,0.93162
58.354,1.097859,0.218855,0.512466,0.945926
58.364,1.097442,0.218509,0.510945,0.946344
58.374,1.101293,0.224989,0.51394,0.947678
58.384,1.098578,0.227055,0.518105,0.941747
58.394,1.095037,0.227146,0.511919,0.940983
58.404,1.083371,0.228244,0.50787,0.929335
58.414,1.085468,0.228251,0.49894,0.93659
58.424,1.092916,0.227831,0.496719,0.946482
58.434,1.098993,0.226443,0.491013,0.956774
58.444,1.097035,0.22669,0.490905,0.95452
58.454,1.097938,0.231335,0.490439,0.954684
58.464,1.090907,0.23127,0.482462,0.950696
58.474,1.090055,0.230704,0.480605,0.950796
58.484,1.085031,0.230187,0.483887,0.943482
58.494,1.086802,0.230985,0.486112,0.944182
58.504,1.08735,0.230128,0.488331,0.943878
58.514,1.088255,0.231209,0.486533,0.945583
58.524,1.079612,0.231265,0.491258,0.933137
58.534,1.069435,0.236284,0.498992,0.915897
58.544,1.048892,0.228204,0.473851,0.907503
58.554,1.048255,0.228676,0.474643,0.906234
58.564,1.036882,0.231112,0.475819,0.891801
58.574,1.026839,0.231322,0.48118,0.877129
58.584,1.017139,0.228309,0.482884,0.865603
58.594,1.019338,0.22709,0.478835,0.870745
58.604,1.014231,0.227973,0.475708,0.866253
58.614,0.992958,0.22662,0.452159,0.854495
58.624,0.987283,0.225019,0.449954,0.849492
58.634,0.987681,0.222928,0.455855,0.847356
58.644,0.991489,0.228694,0.466409,0.844519
58.654,0.98106,0.225444,0.459972,0.836707
58.664,0.971343,0.226001,0.460493,0.82485
58.674,0.97395,0.222261,0.459358,0.82956
58.684,0.978427,0.221579,0.456441,0.836591
58.694,0.968592,0.221141,0.439678,0.834237
58.704,0.970574,0.220633,0.429025,0.842183
58.714,0.970881,0.219372,0.41883,0.847979
58.724,0.973807,0.219426,0.418844,0.851307
58.734,0.969032,0.217524,0.425762,0.842872
58.744,0.960588,0.21477,0.429852,0.831763
58.754,0.957767,0.218373,0.427368,0.828847
58.764,0.947321,0.218291,0.412001,0.824634
58.774,0.936649,0.217083,0.400255,0.818524
58.784,0.930713,0.212748,0.400741,0.812633
58.794,0.920866,0.204705,0.393416,0.80704
58.804,0.916608,0.202035,0.391019,0.804025
58.814,0.909433,0.198442,0.39107,0.796715
58.824,0.908103,0.198063,0.386822,0.797365
58.834,0.904343,0.188008,0.379087,0.799238
58.844,0.905391,0.186759,0.389315,0.795794
58.854,0.89335,0.17932,0.391841,0.782546
58.864,0.880731,0.179492,0.393396,0.767274
58.874,0.866529,0.168647,0.387014,0.756737
58.884,0.870695,0.172987,0.382679,0.762721
58.894,0.867834,0.169785,0.382304,0.760363
58.904,0.857482,0.169187,0.389593,0.744895
58.914,0.851706,0.169253,0.408696,0.727821
58.924,0.840677,0.170408,0.414084,0.711501
58.934,0.826519,0.168998,0.413319,0.695514
58.944,0.828244,0.169385,0.426518,0.689477
58.954,0.82344,0.156661,0.432914,0.682712
58.964,0.819677,0.156176,0.433864,0.677674
58.974,0.816931,0.158634,0.43635,0.672169
58.984,0.810332,0.161084,0.450665,0.653904
58.994,0.801249,0.157699,0.447461,0.645686
59.004,0.796316,0.161184,0.444102,0.641024
59.014,0.793362,0.162545,0.441819,0.638591
59.024,0.799657,0.166757,0.451585,0.638526
59.034,0.789073,0.160844,0.439447,0.635335
59.044,0.779161,0.156483,0.437934,0.625156
59.054,0.781586,0.156595,0.438664,0.627637
59.064,0.781254,0.149989,0.441567,0.6268
59.074,0.793917,0.151349,0.460408,0.628826
59.084,0.781168,0.15058,0.457464,0.615041
59.094,0.772784,0.149435,0.457362,0.604718
59.104,0.768228,0.149034,0.468823,0.590058
59.114,0.760247,0.152723,0.469334,0.578252
59.124,0.769943,0.153538,0.47911,0.582832
59.134,0.764666,0.153926,0.467772,0.584988
59.144,0.758929,0.14734,0.460447,0.585023
59.154,0.775172,0.148875,0.480661,0.589655
59.164,0.774986,0.150316,0.47909,0.590323
59.174,0.767284,0.152442,0.479701,0.579114
59.184,0.758959,0.152376,0.485186,0.563378
59.194,0.742022,0.152546,0.485416,0.540091
59.204,0.726815,0.151695,0.486188,0.518527
59.214,0.724697,0.151671,0.486177,0.515572
59.224,0.724273,0.151613,0.486186,0.514983
59.234,0.72063,0.150754,0.483051,0.513071
59.244,0.717236,0.150723,0.468538,0.521711
59.254,0.712177,0.141832,0.455763,0.528545
59.264,0.708381,0.140101,0.450069,0.528784
59.274,0.699362,0.140945,0.450522,0.516015
59.284,0.681043,0.141834,0.450583,0.49059
59.294,0.679843,0.14064,0.458471,0.481883
59.304,0.684824,0.139344,0.465736,0.482344
59.314,0.690589,0.139612,0.468226,0.488043
59.324,0.674622,0.138016,0.468305,0.465571
59.334,0.663243,0.137966,0.460729,0.456711
59.344,0.656463,0.137802,0.454116,0.453577
59.354,0.662563,0.140519,0.457808,0.457882
59.364,0.671406,0.14519,0.460825,0.466204
59.374,0.670856,0.144368,0.461255,0.465242
59.384,0.671946,0.136538,0.472609,0.457722
59.394,0.666054,0.135918,0.470122,0.451818
59.404,0.657686,0.136886,0.458344,0.451369
59.414,0.651562,0.136235,0.448245,0.452823
59.424,0.648742,0.137664,0.444135,0.452393
59.434,0.655223,0.142254,0.448539,0.455954
59.444,0.645787,0.141872,0.445058,0.44591
59.454,0.63455,0.141553,0.433363,0.441377
59.464,0.637813,0.141991,0.439421,0.439946
59.474,0.639229,0.136952,0.447579,0.435351
59.484,0.625816,0.129564,0.424911,0.440805
59.494,0.629454,0.134728,0.42811,0.441342
59.504,0.639791,0.132359,0.425697,0.458907
59.514,0.640374,0.131575,0.425442,0.46018
59.524,0.638308,0.125248,0.420778,0.463352
59.534,0.653288,0.132109,0.434851,0.469294
59.544,0.650096,0.131803,0.431688,0.467866
59.554,0.663564,0.131606,0.43726,0.481458
59.564,0.654344,0.130149,0.424256,0.480868
59.575,0.637499,0.127189,0.411209,0.47025
59.585,0.630386,0.1265,0.415311,0.457058
59.594,0.644068,0.127329,0.435539,0.457073
59.604,0.64033,0.131602,0.430389,0.455488
59.614,0.636787,0.132324,0.428601,0.451984
59.624,0.625326,0.129163,0.423015,0.442049
59.634,0.629194,0.129322,0.426332,0.444299
59.644,0.622395,0.130033,0.419317,0.44118
59.654,0.614082,0.130157,0.410497,0.437777
59.664,0.62343,0.128063,0.419612,0.442934
59.674,0.62391,0.126975,0.42144,0.442187
59.684,0.627064,0.130062,0.426178,0.44121
59.694,0.637729,0.139554,0.432642,0.447263
59.704,0.643033,0.143045,0.438239,0.448303
59.714,0.642071,0.145221,0.446174,0.438286
59.724,0.640847,0.149289,0.449439,0.431743
59.734,0.680355,0.152302,0.476783,0.46083
59.744,0.687095,0.152362,0.484545,0.462711
59.754,0.684648,0.152134,0.485453,0.458186
59.764,0.68678,0.157773,0.486006,0.458882
59.774,0.692203,0.157586,0.485763,0.467276
59.784,0.724899,0.158183,0.485901,0.514156
59.794,0.800364,0.159335,0.501081,0.603417
59.804,0.807819,0.162161,0.492977,0.619071
59.814,0.801278,0.161274,0.483519,0.618261
59.824,0.806678,0.161439,0.489586,0.620461
59.834,0.83625,0.161811,0.492027,0.656538
59.844,0.858759,0.163137,0.491768,0.684848
59.854,0.850071,0.158543,0.483164,0.681203
59.864,0.846106,0.155873,0.481662,0.677938
59.874,0.866482,0.156242,0.482008,0.702885
59.884,0.870811,0.158005,0.469143,0.716415
59.894,0.866236,0.158047,0.467779,0.711736
59.904,0.883238,0.16102,0.488137,0.718265
59.914,0.885748,0.163592,0.489979,0.719519
59.924,0.883865,0.168171,0.484395,0.719928
59.934,0.884271,0.180338,0.482115,0.719012
59.944,0.888082,0.1791,0.477283,0.727196
59.954,0.905999,0.179452,0.485672,0.743474
59.964,0.911323,0.18009,0.477935,0.754755
59.974,0.91632,0.17982,0.487423,0.754801
59.985,0.913244,0.18217,0.484885,0.752141
59.994,0.931812,0.187032,0.514877,0.753787
60.004,0.92837,0.187043,0.521275,0.745089
60.014,0.953786,0.191418,0.542046,0.761086
60.024,0.956808,0.190778,0.536862,0.768677
60.034,0.956268,0.194078,0.539862,0.765069
60.044,0.952089,0.193243,0.531109,0.766195
60.054,0.953562,0.193642,0.52981,0.768821
60.064,0.955467,0.193306,0.529832,0.771251
60.074,0.95588,0.19348,0.530042,0.771575
60.084,0.965467,0.195967,0.527637,0.784425
60.094,0.962541,0.195183,0.51818,0.787324
60.104,0.969919,0.19281,0.512485,0.800578
60.114,0.984946,0.191977,0.512873,0.818672
60.124,1.001813,0.19261,0.512244,0.839128
60.134,1.000943,0.193719,0.519475,0.833369
60.144,1.000395,0.192937,0.511864,0.837592
60.154,1.006223,0.192856,0.517026,0.841413
60.164,1.004568,0.193412,0.515909,0.839992
60.174,1.029165,0.198297,0.533294,0.857587
60.184,1.023206,0.19673,0.521409,0.858126
60.194,1.022409,0.196272,0.520141,0.858051
60.204,1.014747,0.193088,0.508862,0.856439
60.214,1.014868,0.192545,0.50853,0.856902
60.224,1.023275,0.188602,0.510563,0.866514
60.234,1.011974,0.198671,0.496474,0.859148
60.244,0.999259,0.19907,0.481746,0.852532
60.254,1.005228,0.215753,0.486761,0.852641
60.264,1.013124,0.209663,0.487181,0.863201
60.274,1.016294,0.222404,0.490187,0.862036
60.285,0.987567,0.225148,0.489553,0.827608
60.294,0.940568,0.226359,0.478878,0.777242
60.305,0.933639,0.228068,0.478426,0.768619
60.315,0.957635,0.229928,0.478443,0.797051
60.325,0.954167,0.229916,0.479424,0.792292
60.334,0.938394,0.237077,0.481144,0.769986
60.345,0.911874,0.235899,0.479853,0.738652
60.354,0.911956,0.236679,0.479779,0.738552
60.365,0.912067,0.238637,0.485624,0.734225
60.374,0.90498,0.23861,0.487025,0.724472
60.385,0.893135,0.236287,0.487045,0.710384
60.394,0.8996,0.237622,0.490246,0.715874
60.404,0.896503,0.236401,0.489035,0.713217
60.414,0.89706,0.240824,0.493987,0.709011
60.424,0.907079,0.236493,0.49441,0.722787
60.434,0.905177,0.224375,0.49176,0.726067
60.444,0.901965,0.224403,0.49272,0.721395
60.454,0.874001,0.225006,0.479241,0.695397
60.464,0.867862,0.223737,0.477235,0.689473
60.474,0.861906,0.225218,0.46795,0.687882
60.485,0.85488,0.221575,0.452566,0.690585
60.495,0.849959,0.220309,0.426875,0.701193
60.505,0.841421,0.220186,0.41364,0.698863
60.515,0.8204,0.218716,0.396556,0.684078
60.525,0.805824,0.217121,0.399585,0.665239
60.535,0.809769,0.21244,0.407204,0.666919
60.545,0.808398,0.214294,0.411369,0.662088
60.555,0.814934,0.217645,0.414319,0.667149
60.565,0.824978,0.218682,0.415554,0.678294
60.575,0.829412,0.218047,0.419433,0.68151
60.585,0.8295,0.216074,0.427963,0.676927
60.594,0.825796,0.216369,0.436988,0.666457
60.604,0.826712,0.215049,0.439628,0.666284
60.614,0.802609,0.215496,0.445327,0.632002
60.624,0.796169,0.215507,0.453125,0.618158
60.634,0.807158,0.215874,0.449013,0.635051
60.645,0.820497,0.216564,0.445071,0.654391
60.654,0.812938,0.214454,0.438411,0.650133
60.664,0.805717,0.216082,0.424362,0.649927
60.674,0.780974,0.211255,0.404023,0.63408
60.684,0.776167,0.210376,0.402184,0.629623
60.694,0.797771,0.204856,0.40235,0.657713
60.704,0.811107,0.204293,0.413199,0.667402
60.714,0.826029,0.204191,0.441969,0.667303
60.724,0.819349,0.204447,0.443989,0.657577
60.734,0.846084,0.192932,0.479036,0.670195
60.744,0.871842,0.208344,0.477099,0.699341
60.754,0.870222,0.185877,0.474833,0.705173
60.764,0.860398,0.190653,0.470617,0.69459
60.774,0.853653,0.169609,0.466218,0.694692
60.785,0.862514,0.185713,0.482781,0.690191
60.795,0.862691,0.189897,0.482933,0.689166
60.805,0.856851,0.190141,0.483645,0.68127
60.815,0.836539,0.191693,0.483615,0.655109
60.825,0.836212,0.191179,0.486481,0.652715
60.835,0.834837,0.187524,0.485203,0.652966
60.845,0.840142,0.189947,0.495581,0.651274
60.855,0.843635,0.193921,0.503485,0.648551
60.865,0.841376,0.196966,0.499044,0.648131
60.875,0.844838,0.19777,0.512125,0.642158
60.885,0.837673,0.198586,0.51317,0.631598
60.894,0.835738,0.20579,0.509261,0.629891
60.904,0.833063,0.205765,0.495323,0.637425
60.914,0.828871,0.200174,0.48854,0.638972
60.924,0.824172,0.200194,0.487863,0.633381
60.934,0.828282,0.199892,0.489573,0.637506
60.944,0.841073,0.206361,0.492724,0.649647
60.954,0.852833,0.206204,0.492791,0.664801
60.964,0.863315,0.208983,0.508378,0.665727
60.974,0.863154,0.208573,0.50735,0.666429
60.985,0.868268,0.214151,0.508082,0.670732
60.995,0.860714,0.213428,0.512211,0.657965
61.005,0.864366,0.213429,0.520932,0.655902
61.015,0.871044,0.213179,0.524131,0.662238
61.025,0.86775,0.213251,0.516371,0.663984
61.035,0.861597,0.212331,0.506801,0.663639
61.045,0.859394,0.212081,0.503831,0.663124
61.055,0.843315,0.210631,0.504012,0.642485
61.065,0.828753,0.210696,0.503537,0.62361
61.075,0.820654,0.214961,0.498506,0.615432
61.085,0.817136,0.215169,0.489429,0.617958
61.094,0.825029,0.217446,0.491515,0.625942
61.105,0.821162,0.219622,0.489928,0.621325
61.114,0.833174,0.220011,0.487691,0.638696
61.125,0.833297,0.219768,0.478848,0.645593
61.134,0.839361,0.221761,0.480962,0.651171
61.145,0.841109,0.221025,0.494094,0.643803
61.154,0.837405,0.22112,0.493654,0.639264
61.165,0.839578,0.218799,0.497662,0.639805
61.174,0.847079,0.21974,0.498441,0.648702
61.185,0.854527,0.221586,0.509401,0.649327
61.194,0.83463,0.224058,0.509509,0.621938
61.205,0.820856,0.224751,0.504101,0.607597
61.215,0.802223,0.224926,0.473015,0.607641
61.225,0.801965,0.224071,0.466968,0.612275
61.234,0.76212,0.222739,0.431115,0.587668
61.245,0.736035,0.205371,0.436167,0.556173
61.254,0.723076,0.20579,0.428996,0.544474
61.265,0.751011,0.200456,0.430118,0.582094
61.274,0.764066,0.200454,0.446053,0.587071
61.285,0.767073,0.178951,0.445669,0.598128
61.294,0.763669,0.174817,0.441683,0.597951
61.305,0.760081,0.17008,0.442135,0.594402
61.314,0.762334,0.169701,0.441932,0.597538
61.325,0.761976,0.168913,0.430208,0.605803
61.335,0.762119,0.169341,0.429927,0.606063
61.345,0.751782,0.165884,0.408711,0.60878
61.354,0.7882,0.163491,0.405201,0.656005
61.365,0.78882,0.16245,0.402782,0.658493
61.375,0.786896,0.162016,0.397303,0.659626
61.385,0.793493,0.159976,0.401651,0.665368
61.395,0.789274,0.152619,0.402628,0.661477
61.405,0.808508,0.152878,0.407516,0.681355
61.415,0.814027,0.153876,0.417258,0.681805
61.425,0.807118,0.154625,0.414659,0.674973
61.435,0.807371,0.154772,0.414422,0.675388
61.445,0.794684,0.147695,0.405681,0.667182
61.455,0.780277,0.148315,0.405711,0.649795
61.465,0.764577,0.145834,0.371857,0.651945
61.475,0.764974,0.144753,0.371912,0.652621
61.485,0.775706,0.137816,0.373672,0.665654
61.495,0.784751,0.134406,0.376057,0.675537
61.505,0.788996,0.134519,0.383777,0.676117
61.515,0.790051,0.134298,0.382694,0.678004
61.525,0.792619,0.135431,0.390944,0.676067
61.535,0.808069,0.139733,0.391167,0.693137
61.545,0.814333,0.137352,0.393545,0.699568
61.555,0.816183,0.135967,0.389517,0.704233
61.565,0.820022,0.134547,0.389562,0.708925
61.575,0.81966,0.127376,0.390831,0.709133
61.585,0.83066,0.126319,0.388354,0.72334
61.595,0.830326,0.124139,0.38142,0.727014
61.605,0.827579,0.128272,0.394428,0.716143
61.615,0.818932,0.126865,0.393699,0.706793
61.625,0.820817,0.126661,0.397705,0.706772
61.635,0.827804,0.122381,0.394976,0.717131
61.645,0.810983,0.125068,0.382337,0.704181
61.655,0.812707,0.131301,0.382664,0.704855
61.665,0.806058,0.13144,0.37739,0.700021
61.675,0.805184,0.129746,0.374728,0.700761
61.685,0.802395,0.127675,0.36983,0.700544
61.695,0.804553,0.124868,0.374666,0.700956
61.705,0.805785,0.12424,0.372899,0.703421
61.715,0.81159,0.122674,0.384296,0.704235
61.725,0.812753,0.12421,0.385614,0.704586
61.735,0.820825,0.124088,0.394353,0.709113
61.745,0.824734,0.130614,0.389234,0.715278
61.755,0.832409,0.130379,0.387205,0.725243
61.765,0.817903,0.128913,0.386727,0.709077
61.775,0.807796,0.129308,0.365801,0.708522
61.785,0.795936,0.127557,0.362919,0.696802
61.795,0.802923,0.128923,0.365586,0.703144
61.805,0.807905,0.128599,0.367436,0.707929
61.815,0.805547,0.128674,0.365274,0.706345
61.825,0.801439,0.126032,0.36504,0.702258
61.835,0.799822,0.127773,0.364803,0.700219
61.845,0.804709,0.127515,0.362662,0.706946
61.855,0.768661,0.1277,0.360607,0.666705
61.865,0.761614,0.126721,0.354428,0.662102
61.875,0.759648,0.126566,0.353195,0.660529
61.885,0.758628,0.126845,0.341965,0.665197
61.895,0.775109,0.129162,0.337236,0.685845
61.905,0.758886,0.129875,0.337638,0.667114
61.915,0.749541,0.134024,0.332334,0.658334
61.925,0.750159,0.133867,0.333274,0.658594
61.935,0.749659,0.135658,0.333554,0.657516
61.945,0.75205,0.135669,0.331685,0.661179
61.955,0.762355,0.137503,0.357628,0.659075
61.965,0.765053,0.140935,0.358023,0.661259
61.975,0.77603,0.143329,0.357857,0.673511
61.985,0.770491,0.141672,0.351109,0.67105
61.995,0.771556,0.141649,0.363694,0.665553
62.005,0.768938,0.144856,0.35796,0.664942
62.015,0.769047,0.149123,0.358451,0.663858
62.025,0.772862,0.149205,0.353512,0.670881
62.035,0.761867,0.146459,0.351457,0.6599
62.045,0.767197,0.146997,0.356734,0.663117
62.055,0.765109,0.146545,0.363691,0.656998
62.065,0.782469,0.147573,0.366334,0.675484
62.075,0.791908,0.147523,0.366306,0.686422
62.085,0.790584,0.147223,0.376503,0.679407
62.095,0.805211,0.147178,0.382804,0.692939
62.105,0.811318,0.140424,0.394889,0.69468
62.115,0.833152,0.149799,0.406695,0.711548
62.125,0.832364,0.150718,0.406857,0.710338
62.135,0.825864,0.152011,0.404873,0.703577
62.145,0.833412,0.153758,0.40288,0.713178
62.155,0.830953,0.146535,0.403758,0.71133
62.165,0.834939,0.146911,0.405276,0.715047
62.175,0.842874,0.147272,0.405142,0.724298
62.185,0.851122,0.147383,0.404335,0.734302
62.195,0.855771,0.146219,0.40291,0.740694
62.205,0.860714,0.150137,0.41522,0.738837
62.215,0.860367,0.151278,0.410466,0.740853
62.225,0.861944,0.150254,0.401671,0.747684
62.235,0.862582,0.148908,0.385832,0.756973
62.245,0.860634,0.145959,0.38409,0.756216
62.255,0.853177,0.14808,0.388843,0.744839
62.265,0.849036,0.148785,0.387159,0.740833
62.275,0.846384,0.149214,0.378194,0.742341
62.285,0.85452,0.149637,0.375023,0.753108
62.295,0.860228,0.14941,0.383939,0.755156
62.305,0.860201,0.151726,0.382524,0.755381
62.315,0.862688,0.158478,0.384948,0.7556
62.325,0.869447,0.157781,0.393425,0.759118
62.335,0.868814,0.158025,0.392931,0.758598
62.345,0.86088,0.158375,0.395174,0.748244
62.355,0.86666,0.15859,0.396484,0.754155
62.365,0.868063,0.156098,0.397443,0.755782
62.375,0.872533,0.15875,0.402257,0.757827
62.385,0.86996,0.158267,0.407478,0.752159
62.395,0.852826,0.161709,0.411278,0.729392
62.405,0.853382,0.160832,0.410019,0.730944
62.415,0.855307,0.155946,0.409884,0.73432
62.425,0.860431,0.155468,0.412685,0.738825
62.435,0.857457,0.155078,0.413724,0.734858
62.445,0.857051,0.155521,0.419769,0.730851
62.455,0.848478,0.153684,0.398701,0.73303
62.465,0.848537,0.148155,0.398818,0.734172
62.475,0.845655,0.146701,0.398683,0.731207
62.485,0.841738,0.147643,0.398774,0.726432
62.495,0.836795,0.147632,0.386558,0.727327
62.505,0.835867,0.144598,0.385531,0.727413
62.515,0.834368,0.146207,0.385306,0.725488
62.525,0.83201,0.146396,0.385282,0.722749
62.535,0.837238,0.146114,0.381624,0.73074
62.545,0.83654,0.14672,0.376474,0.732489
62.555,0.838805,0.144786,0.371103,0.738183
62.565,0.820849,0.143649,0.368156,0.719458
62.575,0.811557,0.147484,0.368033,0.708114
62.585,0.796548,0.151762,0.359202,0.694572
62.595,0.778772,0.157713,0.342722,0.681288
62.605,0.770299,0.155489,0.32198,0.682285
62.615,0.750544,0.144961,0.308089,0.668868
62.625,0.736902,0.144825,0.306597,0.654254
62.635,0.716401,0.14212,0.306061,0.631948
62.645,0.705179,0.140515,0.302342,0.621387
62.655,0.71056,0.141781,0.299373,0.628625
62.665,0.709714,0.142116,0.295399,0.629472
62.675,0.700583,0.144221,0.299523,0.616687
62.685,0.690079,0.148034,0.303945,0.601592
62.695,0.681478,0.147868,0.304774,0.59132
62.705,0.683889,0.147851,0.304413,0.594287
62.715,0.677441,0.144984,0.297135,0.591284
62.725,0.680568,0.145392,0.297837,0.594413
62.735,0.679296,0.144899,0.300686,0.591637
62.745,0.672588,0.144595,0.298652,0.585041
62.755,0.674877,0.144077,0.300438,0.586887
62.765,0.678621,0.142464,0.311493,0.585834
62.775,0.692449,0.141844,0.344764,0.583527
62.785,0.677709,0.141717,0.339352,0.569251
62.795,0.688846,0.140107,0.319974,0.593713
62.805,0.69729,0.139663,0.319782,0.603694
62.815,0.728603,0.128802,0.312366,0.645523
62.825,0.758767,0.132364,0.321288,0.674523
62.835,0.758827,0.130327,0.323479,0.67394
62.845,0.788041,0.131835,0.340075,0.698553
62.855,0.823875,0.131897,0.340864,0.738366
62.865,0.834104,0.131019,0.339191,0.750675
62.875,0.858453,0.13172,0.344248,0.775297
62.885,0.922783,0.13228,0.332307,0.850649
62.895,0.939598,0.12948,0.341872,0.865566
62.905,0.969207,0.13045,0.346686,0.89563
62.915,1.014797,0.128927,0.348801,0.944208
62.925,1.03379,0.132933,0.348361,0.964207
62.935,1.060896,0.131758,0.345193,0.994476
62.945,1.082655,0.132456,0.341489,1.018814
62.955,1.108751,0.130573,0.351461,1.043434
62.965,1.158369,0.128825,0.352976,1.095733
62.975,1.145797,0.128355,0.361485,1.079678
62.985,1.145546,0.133976,0.365076,1.077518
62.995,1.158246,0.135306,0.371942,1.088525
63.005,1.15591,0.134448,0.375596,1.084887
63.015,1.155916,0.125354,0.385874,1.082373
63.025,1.135529,0.12574,0.385479,1.060671
63.035,1.148863,0.129191,0.3946,1.071208
63.042,1.123389,0.128626,0.394488,1.043953
63.055,1.143258,0.129594,0.412679,1.058273
63.062,1.139641,0.130627,0.413949,1.053738
63.074,1.137283,0.131417,0.414334,1.050938
63.084,1.157025,0.132296,0.414298,1.072176
63.094,1.143999,0.127002,0.414241,1.058777
63.104,1.173177,0.133832,0.414268,1.08941
63.114,1.180889,0.134811,0.413275,1.097966
63.124,1.194232,0.134662,0.413394,1.112278
63.134,1.224303,0.134611,0.415741,1.143659
63.144,1.219124,0.135584,0.415586,1.138055
63.154,1.237134,0.134313,0.416485,1.157153
63.164,1.255856,0.133964,0.41607,1.177334
63.174,1.269017,0.134422,0.448129,1.179625
63.184,1.283908,0.132418,0.469941,1.187452
63.194,1.304827,0.136894,0.471708,1.208853
63.204,1.31125,0.132751,0.473647,1.215488
63.214,1.311076,0.135567,0.473629,1.214997
63.224,1.338996,0.135022,0.473001,1.245372
63.234,1.335475,0.135051,0.487139,1.236103
63.244,1.345076,0.135718,0.486331,1.246712
63.254,1.360169,0.13492,0.486895,1.262849
63.264,1.360267,0.138291,0.477417,1.266205
63.274,1.360581,0.136343,0.453381,1.275553
63.284,1.363318,0.136038,0.454201,1.278214
63.294,1.361203,0.138892,0.452734,1.276172
63.304,1.3567,0.134833,0.452745,1.271801
63.314,1.353362,0.134361,0.469867,1.262047
63.324,1.352135,0.129444,0.46163,1.264283
63.334,1.35124,0.126272,0.458334,1.264846
63.344,1.340627,0.127282,0.453117,1.255295
63.354,1.318448,0.125857,0.454941,1.231054
63.364,1.32007,0.119958,0.453551,1.233891
63.374,1.302326,0.119921,0.451083,1.215811
63.384,1.253158,0.1174,0.454202,1.162034
63.394,1.238746,0.114991,0.448064,1.149133
63.404,1.201541,0.115048,0.443217,1.110866
63.414,1.150679,0.115439,0.443713,1.055393
63.424,1.109791,0.116867,0.444382,1.010199
63.434,1.068353,0.116334,0.444745,0.964389
63.444,1.027068,0.116591,0.444183,0.918682
63.454,0.95801,0.116874,0.436479,0.844754
63.464,0.850924,0.115282,0.435264,0.72203
63.474,0.810947,0.114681,0.429591,0.678185
63.484,0.796306,0.113633,0.427246,0.662308
63.494,0.708614,0.114645,0.423719,0.556285
63.504,0.690468,0.113237,0.421511,0.535025
63.514,0.679508,0.113225,0.412214,0.528196
63.524,0.673211,0.108516,0.413228,0.520269
63.534,0.66872,0.109529,0.403681,0.521758
63.544,0.670917,0.109354,0.404581,0.523913
63.554,0.660909,0.109389,0.382306,0.527899
63.564,0.664534,0.114712,0.383948,0.530123
63.574,0.670081,0.114692,0.381691,0.538671
63.584,0.668891,0.122393,0.381482,0.535636
63.594,0.673676,0.122917,0.38569,0.538492
63.604,0.670968,0.122057,0.383983,0.536524
63.614,0.667814,0.124241,0.381503,0.533849
63.624,0.678796,0.127437,0.381802,0.546581
63.634,0.666347,0.128759,0.382352,0.530327
63.644,0.665923,0.129399,0.382131,0.529798
63.654,0.665758,0.128953,0.381161,0.530397
63.664,0.650474,0.128127,0.39003,0.504555
63.674,0.62131,0.127257,0.338773,0.505039
63.684,0.605279,0.127548,0.287887,0.516929
63.694,0.57934,0.129955,0.260717,0.500773
63.704,0.577524,0.128572,0.252737,0.503117
63.714,0.581799,0.127621,0.253098,0.508079
63.724,0.556252,0.127973,0.263521,0.47286
63.734,0.547052,0.128776,0.245348,0.471686
63.744,0.550913,0.135358,0.254972,0.469226
63.754,0.530025,0.135536,0.259418,0.441881
63.764,0.532531,0.134704,0.260256,0.444647
63.774,0.526522,0.136137,0.259258,0.437581
63.784,0.526844,0.135984,0.26366,0.435381
63.794,0.523236,0.139672,0.263619,0.429852
63.804,0.514897,0.142667,0.265425,0.41751
63.814,0.50923,0.144145,0.244485,0.422806
63.824,0.496422,0.145308,0.249596,0.40376
63.834,0.508304,0.145825,0.25418,0.415332
63.844,0.512716,0.145842,0.251006,0.422615
63.854,0.52171,0.147173,0.267821,0.42284
63.864,0.507897,0.148017,0.264383,0.407618
63.874,0.510767,0.148505,0.26557,0.410246
63.884,0.513857,0.151021,0.2623,0.415259
63.894,0.513146,0.154288,0.263547,0.412381
63.904,0.514105,0.156484,0.264638,0.412047
63.914,0.513907,0.155783,0.263953,0.412505
63.924,0.524543,0.16443,0.266406,0.420875
63.934,0.53456,0.164219,0.263014,0.435442
63.944,0.539364,0.180049,0.270149,0.430714
63.954,0.541183,0.182031,0.275271,0.428917
63.964,0.547641,0.191735,0.284099,0.427125
63.974,0.553548,0.191598,0.281426,0.436468
63.984,0.567079,0.204679,0.27894,0.449308
63.994,0.577272,0.206533,0.284792,0.45769
64.004,0.577476,0.213087,0.279667,0.458103
64.014,0.579654,0.214364,0.280317,0.459858
64.024,0.600625,0.214782,0.279824,0.486125
64.034,0.625148,0.217297,0.280339,0.514783
64.044,0.632751,0.215054,0.281036,0.524542
64.054,0.633358,0.217734,0.280967,0.524205
64.064,0.639425,0.211453,0.273743,0.537788
64.074,0.642402,0.216994,0.281491,0.535123
64.084,0.646417,0.210905,0.284871,0.540576
64.094,0.643129,0.206525,0.273058,0.544428
64.104,0.638511,0.205011,0.27249,0.53983
64.114,0.631729,0.204944,0.27181,0.532164
64.124,0.620219,0.199902,0.268063,0.522353
64.134,0.626963,0.199852,0.28011,0.5241
64.144,0.625249,0.199209,0.278152,0.523339
64.154,0.618369,0.199421,0.271748,0.518425
64.164,0.6154,0.198693,0.269071,0.516565
64.174,0.61504,0.199178,0.273672,0.513524
64.184,0.605755,0.205412,0.270442,0.501604
64.194,0.623554,0.205429,0.27914,0.518362
64.204,0.641649,0.207978,0.278197,0.539505
64.214,0.640025,0.213248,0.271338,0.539011
64.224,0.638794,0.214375,0.270605,0.53747
64.234,0.638039,0.215141,0.268638,0.537254
64.244,0.648606,0.208248,0.270633,0.551434
64.254,0.656192,0.211386,0.269708,0.559609
64.264,0.653256,0.209895,0.268673,0.557227
64.274,0.651945,0.210648,0.268528,0.555475
64.284,0.658083,0.211049,0.268567,0.562498
64.294,0.65827,0.210071,0.262423,0.565972
64.304,0.66376,0.209119,0.264306,0.571829
64.314,0.662226,0.208883,0.268485,0.568179
64.324,0.661157,0.21035,0.268975,0.566157
64.334,0.671539,0.211735,0.268366,0.578025
64.344,0.683408,0.212778,0.294858,0.578645
64.354,0.682263,0.217117,0.285982,0.580135
64.364,0.708266,0.221244,0.291125,0.60658
64.374,0.728498,0.225257,0.304743,0.622173
64.384,0.737686,0.231157,0.305503,0.630408
64.394,0.740533,0.240046,0.304949,0.630692
64.404,0.744747,0.239763,0.311555,0.63253
64.414,0.74607,0.241099,0.31283,0.632953
64.424,0.756662,0.232104,0.321768,0.644306
64.434,0.744897,0.23301,0.321141,0.630433
64.444,0.736817,0.221818,0.322585,0.624207
64.454,0.732229,0.218702,0.313972,0.6243
64.464,0.733692,0.205593,0.324255,0.625215
64.474,0.730327,0.205173,0.32767,0.619608
64.484,0.731447,0.19243,0.343146,0.616634
64.494,0.729175,0.187249,0.348155,0.612718
64.504,0.74726,0.173824,0.369347,0.625912
64.514,0.747513,0.171359,0.373765,0.624269
64.524,0.73633,0.174026,0.376372,0.608475
64.534,0.714353,0.168737,0.378172,0.582077
64.544,0.72173,0.16567,0.379699,0.590996
64.554,0.729531,0.169362,0.37886,0.599998
64.564,0.725489,0.169579,0.381175,0.593535
64.574,0.727797,0.169269,0.377817,0.598574
64.584,0.739714,0.176662,0.373346,0.613662
64.594,0.73552,0.177014,0.373495,0.608406
64.604,0.75605,0.179331,0.377391,0.630101
64.614,0.771884,0.180259,0.386211,0.643547
64.624,0.774789,0.189836,0.388645,0.642819
64.634,0.779808,0.188097,0.390536,0.648229
64.644,0.786876,0.190618,0.391267,0.655552
64.654,0.789471,0.191579,0.39597,0.655568
64.664,0.789502,0.189183,0.395688,0.656471
64.674,0.797396,0.189554,0.388994,0.669771
64.684,0.797836,0.187784,0.389561,0.670463
64.694,0.784093,0.187756,0.381677,0.65869
64.704,0.78237,0.198402,0.387852,0.649854
64.714,0.78189,0.196423,0.39551,0.645246
64.724,0.797994,0.196609,0.392579,0.66635
64.734,0.82506,0.198403,0.39297,0.697807
64.744,0.815973,0.199224,0.393935,0.686249
64.754,0.81153,0.204676,0.39776,0.677109
64.764,0.818102,0.204846,0.395192,0.686406
64.774,0.82667,0.204852,0.396244,0.695996
64.784,0.866136,0.206175,0.438776,0.717746
64.794,0.875039,0.206425,0.458187,0.716342
64.804,0.880216,0.208564,0.472307,0.712887
64.814,0.882241,0.212672,0.470751,0.715202
64.824,0.919475,0.212116,0.494013,0.745918
64.834,0.906403,0.212281,0.496138,0.728251
64.844,0.904132,0.21352,0.471229,0.74149
64.854,0.919398,0.215581,0.473397,0.758098
64.864,0.898607,0.213241,0.472558,0.733969
64.874,0.890092,0.217452,0.470222,0.723789
64.884,0.885494,0.209548,0.478831,0.71478
64.894,0.889433,0.196333,0.48962,0.716112
64.904,0.884288,0.194339,0.487819,0.711498
64.914,0.882278,0.191983,0.485788,0.711032
64.924,0.879222,0.192517,0.484852,0.707733
64.934,0.892339,0.196115,0.488581,0.720483
64.944,0.899078,0.192929,0.488656,0.729613
64.954,0.897508,0.192644,0.486232,0.729374
64.964,0.894929,0.194607,0.480662,0.729376
64.974,0.894039,0.193637,0.476309,0.731396
64.984,0.887683,0.190185,0.469067,0.729237
64.994,0.901752,0.266445,0.460655,0.727984
65.004,0.895345,0.280138,0.448119,0.722741
65.014,0.903626,0.314,0.450666,0.717526
65.024,0.904971,0.32108,0.449749,0.716663
65.034,0.905765,0.337816,0.446738,0.711839
65.044,0.957575,0.337013,0.445674,0.777655
65.054,0.95789,0.329793,0.446962,0.780394
65.064,0.975068,0.338606,0.451903,0.794913
65.074,1.000813,0.344297,0.457187,0.821016
65.084,1.015483,0.353043,0.460696,0.833262
65.094,1.020439,0.350808,0.472377,0.83372
65.104,1.002376,0.357069,0.473804,0.807941
65.114,0.996839,0.35709,0.470305,0.803112
65.124,0.996733,0.355851,0.472781,0.802075
65.134,1.003635,0.355738,0.485106,0.803372
65.144,0.995398,0.356204,0.485029,0.792895
65.154,1.015839,0.370556,0.501418,0.801996
65.164,1.026708,0.375738,0.502632,0.812596
65.174,1.026294,0.380232,0.501908,0.810426
65.184,1.033198,0.385617,0.517847,0.806618
65.194,1.024663,0.38585,0.516957,0.796122
65.204,1.032113,0.385153,0.534074,0.794783
65.214,1.029714,0.385132,0.529237,0.794917
65.224,1.025073,0.385976,0.531353,0.787058
65.234,0.997066,0.387308,0.533148,0.748255
65.244,1.018802,0.386519,0.555441,0.761608
65.254,1.017735,0.386318,0.557195,0.758997
65.264,1.020777,0.395106,0.559472,0.75688
65.274,1.021537,0.398485,0.558872,0.756578
65.284,0.992346,0.406355,0.525438,0.737252
65.294,0.991187,0.409796,0.521106,0.736864
65.304,0.998852,0.409407,0.511094,0.754238
65.314,1.002541,0.408024,0.513352,0.758336
65.324,0.981188,0.411387,0.493219,0.741771
65.334,0.99848,0.41101,0.496887,0.762324
65.344,0.99077,0.411614,0.498224,0.75098
65.354,0.976418,0.411697,0.497463,0.732413
65.364,0.986412,0.425432,0.490256,0.742742
65.374,1.011404,0.422215,0.51486,0.761309
65.384,1.023564,0.431345,0.513998,0.772936
65.394,1.040807,0.431115,0.505703,0.801052
65.405,1.050956,0.433519,0.52103,0.80318
65.414,1.058658,0.436087,0.52384,0.810048
65.424,1.055754,0.437135,0.522025,0.806858
65.434,1.042176,0.437846,0.520276,0.78977
65.444,1.052432,0.445311,0.519643,0.799551
65.454,1.056859,0.44858,0.519711,0.80351
65.464,1.07413,0.452595,0.520327,0.823512
65.474,1.075005,0.457611,0.522016,0.820808
65.484,1.083284,0.462577,0.519017,0.830752
65.494,1.07075,0.415621,0.526052,0.834885
65.504,1.064654,0.398632,0.524776,0.836176
65.514,1.059065,0.346627,0.52053,0.854703
65.524,1.050641,0.32406,0.520434,0.853218
65.534,1.050887,0.266229,0.516956,0.875353
65.544,0.987364,0.257941,0.516878,0.800743
65.554,0.992308,0.24602,0.511789,0.81377
65.564,0.965291,0.246511,0.496394,0.790323
65.574,0.956478,0.246655,0.486094,0.785955
65.584,0.93323,0.273203,0.474348,0.755825
65.594,0.92169,0.276735,0.44651,0.757336
65.604,0.937162,0.296117,0.454935,0.763951
65.614,0.937434,0.294717,0.458524,0.76268
65.624,0.963263,0.30588,0.470313,0.78302
65.634,0.954587,0.296498,0.467515,0.77766
65.645,0.943328,0.290352,0.456876,0.772546
65.654,0.94003,0.289926,0.454319,0.770191
65.664,0.918752,0.293409,0.446735,0.747292
65.674,0.922508,0.296806,0.446541,0.750685
65.684,0.904384,0.300237,0.407848,0.749285
65.694,0.910592,0.29661,0.409016,0.757566
65.704,0.885763,0.295225,0.352807,0.756931
65.714,0.887999,0.290147,0.349594,0.762981
65.724,0.876421,0.286155,0.328154,0.760621
65.734,0.876898,0.283638,0.331294,0.760752
65.744,0.872862,0.278768,0.326466,0.759997
65.754,0.875815,0.279016,0.350004,0.752794
65.764,0.878422,0.281706,0.352932,0.753463
65.774,0.869808,0.283857,0.359471,0.73944
65.784,0.874077,0.290958,0.365578,0.73872
65.794,0.869075,0.293521,0.360267,0.734401
65.805,0.860982,0.294014,0.347335,0.730893
65.814,0.841513,0.277274,0.347635,0.714432
65.825,0.849746,0.282223,0.36072,0.715751
65.834,0.839868,0.276784,0.359596,0.706725
65.845,0.83868,0.276852,0.360031,0.705063
65.854,0.831855,0.283882,0.369137,0.689297
65.865,0.829894,0.283776,0.369012,0.687041
65.874,0.814193,0.284756,0.346996,0.679278
65.885,0.787482,0.287103,0.355694,0.641234
65.895,0.774162,0.289203,0.352823,0.625463
65.904,0.761355,0.292037,0.338925,0.61604
65.914,0.757782,0.294958,0.32987,0.615158
65.924,0.758464,0.296198,0.331087,0.614749
65.934,0.759878,0.29787,0.331974,0.615208
65.944,0.755345,0.299821,0.331444,0.608932
65.954,0.761082,0.303302,0.332194,0.613922
65.964,0.762806,0.300614,0.332995,0.616943
65.974,0.760541,0.3022,0.332148,0.61382
65.984,0.756045,0.301709,0.32915,0.610111
65.994,0.748313,0.296794,0.324177,0.605636
66.005,0.74077,0.296554,0.328421,0.594084
66.015,0.73858,0.300547,0.335662,0.585238
66.025,0.735665,0.307432,0.340604,0.575046
66.035,0.720251,0.309209,0.33973,0.554739
66.045,0.715673,0.320588,0.341708,0.540968
66.055,0.704046,0.329259,0.341819,0.520028
66.065,0.70609,0.329359,0.353934,0.514603
66.075,0.694281,0.335795,0.35507,0.493147
66.085,0.682705,0.310566,0.358793,0.490818
66.095,0.677114,0.293603,0.360307,0.492401
66.104,0.655549,0.263275,0.348739,0.488684
66.114,0.651112,0.243407,0.34399,0.496357
66.124,0.609313,0.201484,0.321962,0.476452
66.134,0.599297,0.193227,0.325946,0.464305
66.144,0.596822,0.18677,0.325118,0.46434
66.154,0.593152,0.179174,0.322394,0.46453
66.164,0.592439,0.17925,0.323141,0.46307
66.174,0.592468,0.186706,0.322901,0.46032
66.184,0.597059,0.192179,0.328256,0.460211
66.194,0.588552,0.189867,0.324689,0.452682
66.205,0.582769,0.182634,0.327689,0.445965
66.215,0.571721,0.181799,0.327613,0.431838
66.225,0.555974,0.178116,0.328464,0.411695
66.235,0.551991,0.172366,0.327801,0.409305
66.245,0.545817,0.164969,0.327367,0.404392
66.255,0.537285,0.169101,0.310736,0.404379
66.265,0.541718,0.168492,0.318109,0.404815
66.275,0.538417,0.171677,0.311309,0.404359
66.285,0.545368,0.173687,0.306726,0.416147
66.295,0.541676,0.17334,0.302136,0.414826
66.304,0.541283,0.174714,0.30218,0.413703
66.314,0.535561,0.166628,0.302387,0.409417
66.324,0.534305,0.170824,0.293508,0.412497
66.334,0.537975,0.16731,0.293547,0.418634
66.344,0.540684,0.163863,0.301318,0.417966
66.354,0.536536,0.165278,0.295515,0.416204
66.364,0.537295,0.165312,0.296614,0.416386
66.374,0.546619,0.162454,0.295502,0.430208
66.384,0.544272,0.162694,0.285629,0.433796
66.394,0.548869,0.162676,0.290677,0.436234
66.405,0.543176,0.161617,0.291116,0.429152
66.415,0.546991,0.160688,0.29049,0.434735
66.425,0.545675,0.159226,0.287545,0.435576
66.435,0.545128,0.160562,0.286609,0.435017
66.445,0.55531,0.160408,0.294286,0.442758
66.455,0.541125,0.164587,0.294276,0.423236
66.465,0.526232,0.16209,0.302858,0.398652
66.475,0.5367,0.165112,0.320225,0.397795
66.485,0.537762,0.163953,0.321815,0.398426
66.495,0.538808,0.162649,0.325113,0.397694
66.504,0.54108,0.160926,0.323436,0.402815
66.515,0.57174,0.161506,0.371239,0.403713
66.525,0.610802,0.163638,0.393661,0.437417
66.534,0.651934,0.163686,0.429481,0.462354
66.545,0.679334,0.160044,0.447126,0.485756
66.554,0.689908,0.15875,0.451944,0.496506
66.564,0.689726,0.158216,0.452076,0.496303
66.574,0.694145,0.156135,0.454997,0.500436
66.584,0.6935,0.156831,0.455288,0.499058
66.594,0.703274,0.159572,0.457065,0.51012
66.605,0.721777,0.160519,0.464231,0.528853
66.614,0.718192,0.161459,0.45661,0.53032
66.624,0.719956,0.174693,0.465207,0.520962
66.634,0.734508,0.174589,0.463102,0.542731
66.644,0.740208,0.174694,0.462102,0.551228
66.654,0.75178,0.176474,0.46695,0.562127
66.665,0.751743,0.176135,0.467162,0.562009
66.674,0.754054,0.173625,0.469256,0.564137
66.685,0.761151,0.161046,0.483453,0.56541
66.694,0.755776,0.163369,0.480468,0.560052
66.705,0.75467,0.158156,0.480089,0.560381
66.715,0.777163,0.158192,0.485018,0.586273
66.725,0.782889,0.144672,0.4849,0.597376
